v 13.729827 2.401827 -28.335768
v 13.967670 2.663352 -28.367130
v 13.952739 2.401848 -28.365046
v 13.838462 2.414662 -28.334583
v 13.838306 2.501789 -28.334553
v 13.716925 2.407896 -28.318768
v 13.952791 2.668873 -28.365089
v 13.729947 2.668773 -28.335724
v 13.708973 2.647059 -28.333012
v 13.708960 2.423023 -28.333015
v 13.973680 2.423539 -28.367834
v 13.973677 2.649381 -28.367832
v 13.967656 2.408122 -28.366913
v 13.715006 2.407939 -28.333679
v 13.715031 2.662492 -28.333683
v 13.846123 3.217947 -28.118631
v 13.855803 3.217913 -28.101700
v 13.896642 3.217873 -28.118534
v 13.874698 3.217947 -28.096701
v 13.891634 3.217904 -28.106384
v 13.851122 3.217913 -28.137522
v 13.891582 3.217906 -28.137554
v 13.881216 3.217944 -28.145496
v 13.854652 2.569474 -28.282566
v 13.848442 2.655318 -28.329212
v 13.839927 2.655335 -28.328064
v 13.845976 2.569500 -28.281359
v 13.954723 2.401836 -28.350090
v 13.969666 2.408077 -28.352001
v 13.848149 2.414660 -28.335867
v 13.816432 2.530914 -28.277454
v 13.816463 2.539670 -28.277569
v 13.725195 2.539618 -28.312973
v 13.725204 2.531023 -28.313002
v 13.723702 2.540213 -28.319504
v 13.838328 2.568841 -28.334583
v 13.716948 2.662535 -28.318766
v 13.848149 2.414660 -28.335867
v 13.969666 2.408077 -28.352001
v 13.876560 2.530255 -28.339581
v 13.838306 2.501789 -28.334553
v 13.848291 2.501776 -28.335941
v 13.810124 2.530250 -28.330750
v 13.716925 2.407896 -28.318768
v 13.838306 2.501789 -28.334553
v 13.723701 2.530447 -28.319517
v 13.848338 2.568839 -28.335871
v 13.876547 2.540376 -28.339493
v 13.962938 2.540183 -28.350977
v 13.848149 2.414660 -28.335867
v 13.876560 2.530255 -28.339581
v 13.810145 2.540406 -28.330688
v 13.723701 2.530447 -28.319517
v 13.838502 2.655865 -28.334381
v 13.839861 2.655367 -28.328041
v 13.848527 2.655383 -28.329174
v 13.848207 2.655884 -28.335649
v 13.839676 2.415270 -28.328045
v 13.846005 2.501158 -28.281523
v 13.838375 2.501625 -28.334305
v 13.838853 2.414906 -28.334419
v 13.884105 2.530952 -28.286489
v 13.884131 2.539666 -28.286497
v 13.876657 2.540211 -28.339359
v 13.876658 2.530418 -28.339359
v 13.816449 2.539673 -28.277632
v 13.809953 2.540336 -28.330566
v 13.723968 2.539900 -28.319298
v 13.725171 2.539861 -28.312969
v 13.838328 2.568841 -28.334583
v 13.723702 2.540213 -28.319504
v 13.845991 2.569394 -28.281475
v 13.838498 2.568906 -28.334339
v 13.848197 2.568924 -28.335619
v 13.854637 2.569409 -28.282616
v 13.847895 2.655725 -28.335598
v 13.848699 2.655357 -28.329218
v 13.854634 2.569468 -28.282656
v 13.848334 2.569004 -28.335617
v 13.839676 2.655358 -28.328045
v 13.838581 2.655740 -28.334343
v 13.838357 2.569000 -28.334320
v 13.846004 2.569469 -28.281521
v 13.884237 2.539714 -28.286373
v 13.884176 2.530958 -28.286476
v 13.963182 2.531010 -28.344278
v 13.963166 2.539606 -28.344303
v 13.963206 2.530767 -28.344280
v 13.884174 2.530987 -28.286551
v 13.876760 2.530298 -28.339355
v 13.962729 2.530780 -28.350716
v 13.816528 2.530951 -28.277599
v 13.810050 2.530417 -28.330597
v 13.810032 2.540201 -28.330597
v 13.816512 2.539671 -28.277599
v 13.723825 2.540203 -28.319294
v 13.723829 2.530427 -28.319298
v 13.725138 2.530939 -28.312943
v 13.725163 2.539681 -28.312954
v 13.839927 2.415293 -28.328064
v 13.848442 2.415310 -28.329212
v 13.854652 2.501155 -28.282566
v 13.845976 2.501128 -28.281359
v 13.963206 2.539864 -28.344296
v 13.962751 2.540129 -28.350677
v 13.876752 2.540353 -28.339371
v 13.884174 2.539658 -28.286543
v 13.838501 2.414763 -28.334381
v 13.848207 2.414745 -28.335649
v 13.848527 2.415245 -28.329174
v 13.839861 2.415261 -28.328041
v 13.962938 2.540183 -28.350977
v 13.848175 2.655960 -28.335882
v 13.848338 2.568839 -28.335871
v 13.969666 2.408077 -28.352001
v 13.962936 2.530415 -28.350971
v 13.876560 2.530255 -28.339581
v 13.838490 2.655967 -28.334600
v 13.716948 2.662535 -28.318766
v 13.838328 2.568841 -28.334583
v 13.963245 2.530939 -28.344261
v 13.962866 2.530427 -28.350740
v 13.962892 2.540215 -28.350735
v 13.963209 2.539677 -28.344269
v 13.854642 2.501235 -28.282614
v 13.848208 2.501723 -28.335617
v 13.838509 2.501704 -28.334343
v 13.845996 2.501220 -28.281479
v 13.725168 2.530764 -28.312984
v 13.723957 2.530500 -28.319265
v 13.809956 2.530274 -28.330585
v 13.816448 2.530970 -28.277634
v 13.848127 2.414888 -28.335600
v 13.848350 2.501628 -28.335636
v 13.854652 2.501162 -28.282650
v 13.848701 2.415269 -28.329233
v 13.838462 2.414662 -28.334583
v 13.969674 2.663412 -28.352383
v 13.967763 2.663343 -28.366714
v 13.950531 2.669648 -28.364471
v 13.952358 2.669648 -28.350113
v 13.976386 2.647343 -28.353285
v 13.974471 2.647467 -28.367636
v 13.967786 2.663405 -28.366760
v 13.969605 2.663375 -28.352400
v 13.976413 2.425755 -28.353266
v 13.969603 2.408046 -28.352406
v 13.967785 2.408019 -28.366753
v 13.974524 2.425929 -28.367622
v 13.969670 2.408014 -28.352377
v 13.952467 2.401128 -28.350178
v 13.950519 2.400984 -28.364471
v 13.967754 2.408083 -28.366720
v 13.710933 2.647050 -28.318024
v 13.723702 2.540213 -28.319504
v 13.716948 2.662535 -28.318766
v 13.710054 2.644818 -28.318207
v 13.716903 2.662568 -28.319164
v 13.714948 2.662595 -28.333494
v 13.708241 2.644798 -28.332602
v 13.716845 2.662599 -28.319120
v 13.733447 2.669363 -28.321323
v 13.731525 2.669396 -28.335672
v 13.714986 2.662530 -28.333469
v 13.732790 2.401515 -28.321037
v 13.716925 2.407896 -28.318768
v 13.716819 2.407832 -28.319117
v 13.714959 2.407901 -28.333466
v 13.731422 2.401246 -28.335651
v 13.733703 2.400971 -28.321266
v 13.710206 2.425141 -28.318308
v 13.708202 2.425328 -28.332594
v 13.714923 2.407836 -28.333492
v 13.716878 2.407864 -28.319160
v 13.930974 2.401068 -28.361853
v 13.751711 2.401067 -28.338270
v 13.976344 2.628014 -28.353317
v 13.975629 2.649360 -28.352928
v 13.975657 2.423535 -28.352844
v 13.751816 2.669561 -28.338285
v 13.930982 2.669561 -28.361853
v 13.848175 2.655960 -28.335882
v 13.962938 2.540183 -28.350977
v 13.969653 2.663348 -28.352022
v 13.731893 2.668789 -28.320778
v 13.838490 2.655967 -28.334600
v 13.848175 2.655960 -28.335882
v 13.932841 2.401067 -28.347593
v 13.710144 2.445056 -28.318300
v 13.710930 2.423033 -28.318085
v 13.723701 2.530447 -28.319517
v 13.976344 2.445805 -28.353317
v 13.974469 2.445798 -28.367573
v 13.974469 2.628010 -28.367573
v 13.708269 2.445070 -28.332556
v 13.708269 2.624771 -28.332556
v 13.710144 2.624774 -28.318300
v 13.932871 2.669561 -28.347597
v 13.954698 2.668870 -28.350183
v 13.753691 2.669561 -28.324028
v 13.962938 2.540183 -28.350977
v 13.962936 2.530415 -28.350971
v 13.969653 2.663348 -28.352022
v 13.969653 2.663348 -28.352022
v 13.716925 2.407896 -28.318768
v 13.716948 2.662535 -28.318766
v 13.969666 2.408077 -28.352001
v 13.888326 2.529698 -28.286362
v 13.887297 2.519916 -28.273609
v 13.878633 2.519851 -28.338701
v 13.881213 2.529055 -28.338982
v 13.890162 2.531104 -28.273987
v 13.888638 2.535225 -28.286312
v 13.874800 2.557836 -28.337948
v 13.885382 2.554595 -28.273365
v 13.879101 2.549267 -28.338745
v 13.890027 2.541463 -28.273951
v 13.888329 2.540927 -28.286358
v 13.881143 2.541630 -28.338943
v 13.877167 2.529717 -28.338467
v 13.883554 2.522557 -28.273159
v 13.884091 2.530214 -28.285799
v 13.877123 2.540882 -28.338470
v 13.884095 2.540418 -28.285809
v 13.883170 2.549036 -28.273117
v 13.873487 2.519072 -28.337988
v 13.879185 2.514137 -28.272537
v 13.886093 2.532789 -28.273508
v 13.885587 2.540903 -28.273445
v 13.889661 2.542238 -28.273918
v 13.883258 2.548880 -28.273119
v 13.885576 2.540930 -28.273418
v 13.889984 2.530063 -28.273945
v 13.886068 2.535613 -28.273478
v 13.885659 2.530029 -28.273432
v 13.887566 2.520848 -28.273613
v 13.890348 2.536067 -28.274008
v 13.888207 2.540998 -28.286383
v 13.884040 2.540386 -28.285789
v 13.877113 2.540858 -28.338451
v 13.881120 2.541739 -28.338877
v 13.883262 2.557781 -28.273050
v 13.886679 2.551902 -28.273521
v 13.888227 2.529610 -28.286318
v 13.884175 2.530209 -28.285770
v 13.884504 2.534678 -28.285732
v 13.888589 2.535314 -28.286270
v 13.879845 2.555472 -28.272604
v 13.881274 2.541674 -28.339010
v 13.877115 2.540851 -28.338486
v 13.878394 2.551185 -28.338715
v 13.881169 2.529042 -28.338993
v 13.877118 2.529769 -28.338436
v 13.884052 2.530219 -28.285782
v 13.888204 2.529624 -28.286377
v 13.884180 2.540412 -28.285770
v 13.888228 2.541016 -28.286320
v 13.883181 2.521566 -28.273106
v 13.881276 2.528985 -28.339043
v 13.874719 2.521845 -28.338207
v 13.877118 2.529781 -28.338478
v 13.878793 2.520287 -28.338770
v 13.879594 2.514764 -28.272566
v 13.874769 2.548693 -28.338224
v 13.873819 2.550984 -28.338058
v 13.884450 2.535866 -28.285761
v 13.849661 2.573413 -28.334837
v 13.858486 2.573424 -28.269802
v 13.859301 2.570487 -28.336153
v 13.855965 2.573564 -28.282089
v 13.843266 2.572841 -28.267818
v 13.851301 2.573991 -28.268879
v 13.844854 2.573580 -28.280632
v 13.850599 2.573843 -28.281307
v 13.821419 2.567048 -28.330952
v 13.833773 2.569390 -28.266575
v 13.837234 2.573541 -28.333187
v 13.867126 2.570817 -28.270960
v 13.874768 2.566623 -28.271954
v 13.866212 2.566575 -28.336777
v 13.858655 2.566127 -28.336060
v 13.865503 2.566866 -28.270798
v 13.848986 2.569241 -28.334766
v 13.845345 2.569292 -28.280706
v 13.849986 2.569645 -28.281216
v 13.854136 2.569710 -28.269299
v 13.840626 2.567664 -28.267521
v 13.837912 2.569318 -28.333313
v 13.855465 2.569294 -28.282030
v 13.854941 2.573874 -28.269341
v 13.856174 2.569499 -28.269569
v 13.867648 2.570566 -28.271004
v 13.844765 2.573447 -28.280668
v 13.845378 2.569237 -28.280703
v 13.837983 2.569240 -28.333305
v 13.837124 2.573268 -28.333092
v 13.856060 2.573462 -28.282095
v 13.855470 2.569369 -28.281998
v 13.850423 2.569697 -28.281250
v 13.851248 2.573783 -28.281364
v 13.837185 2.573435 -28.333242
v 13.837985 2.569240 -28.333336
v 13.830775 2.567117 -28.332401
v 13.838365 2.571339 -28.267178
v 13.832733 2.568685 -28.266417
v 13.839362 2.567148 -28.267342
v 13.847406 2.573707 -28.268335
v 13.847959 2.569425 -28.268476
v 13.849696 2.573330 -28.334854
v 13.848978 2.569241 -28.334736
v 13.855460 2.569249 -28.282021
v 13.856045 2.573442 -28.282146
v 13.845362 2.569370 -28.280674
v 13.844761 2.573495 -28.280611
v 13.865685 2.566743 -28.270828
v 13.873395 2.567445 -28.271770
v 13.849753 2.573449 -28.334894
v 13.858037 2.566409 -28.336018
v 13.848962 2.569242 -28.334774
v 13.858559 2.570850 -28.336103
v 13.871889 2.563428 -28.271564
v 13.828778 2.570975 -28.332188
v 13.823792 2.563579 -28.331287
v 13.860952 2.572718 -28.270159
v 13.825046 2.564606 -28.331467
v 13.805706 2.541549 -28.329054
v 13.816600 2.550117 -28.264292
v 13.808597 2.551269 -28.329483
v 13.812492 2.540923 -28.276363
v 13.814024 2.540287 -28.263983
v 13.812201 2.535431 -28.276268
v 13.808371 2.519755 -28.329462
v 13.818759 2.515985 -28.264572
v 13.815982 2.522511 -28.264225
v 13.813823 2.531500 -28.263947
v 13.812474 2.529713 -28.276371
v 13.805826 2.529000 -28.329029
v 13.812517 2.558211 -28.329712
v 13.812365 2.549188 -28.329956
v 13.820755 2.548919 -28.264912
v 13.809834 2.540883 -28.329603
v 13.820479 2.522607 -28.264866
v 13.816711 2.530207 -28.276928
v 13.818295 2.530765 -28.264595
v 13.813066 2.519200 -28.330002
v 13.825242 2.513627 -28.265419
v 13.809842 2.529763 -28.329628
v 13.816720 2.540414 -28.276937
v 13.812270 2.535314 -28.276237
v 13.816339 2.535956 -28.276768
v 13.816641 2.530211 -28.276878
v 13.816331 2.556534 -28.330189
v 13.816384 2.535312 -28.276794
v 13.813748 2.532099 -28.263924
v 13.816001 2.522547 -28.264217
v 13.818140 2.531723 -28.264542
v 13.818184 2.539218 -28.264555
v 13.814176 2.541178 -28.263981
v 13.812594 2.529629 -28.276436
v 13.816772 2.530243 -28.276939
v 13.809843 2.529771 -28.329603
v 13.805863 2.528890 -28.328979
v 13.812573 2.541012 -28.276377
v 13.816648 2.540412 -28.276896
v 13.818405 2.516793 -28.264538
v 13.824231 2.515152 -28.265293
v 13.820464 2.522561 -28.264853
v 13.820412 2.547910 -28.264854
v 13.812337 2.558028 -28.329727
v 13.812217 2.548781 -28.329983
v 13.807948 2.549578 -28.329399
v 13.805785 2.541587 -28.329079
v 13.809843 2.540859 -28.329588
v 13.816763 2.540409 -28.276930
v 13.812598 2.541005 -28.276432
v 13.812577 2.529613 -28.276367
v 13.816849 2.550518 -28.264332
v 13.809833 2.540847 -28.329628
v 13.805676 2.541650 -28.329082
v 13.808101 2.520653 -28.329435
v 13.812415 2.521240 -28.330032
v 13.811851 2.513405 -28.329704
v 13.824549 2.555988 -28.265316
v 13.805682 2.528964 -28.329079
v 13.809834 2.529777 -28.329634
v 13.818007 2.538136 -28.264551
v 13.855463 2.501337 -28.282045
v 13.853015 2.500853 -28.269154
v 13.864918 2.503576 -28.270704
v 13.837293 2.497223 -28.333210
v 13.839164 2.498988 -28.267273
v 13.827631 2.500105 -28.331984
v 13.844820 2.497080 -28.280651
v 13.846992 2.497017 -28.268312
v 13.849902 2.496757 -28.281225
v 13.855959 2.497051 -28.282095
v 13.867966 2.500004 -28.271080
v 13.855011 2.496675 -28.269365
v 13.859650 2.500268 -28.336214
v 13.849745 2.497324 -28.334820
v 13.829252 2.503920 -28.265987
v 13.837954 2.501376 -28.333305
v 13.839359 2.503412 -28.267347
v 13.845352 2.501347 -28.280716
v 13.828081 2.504615 -28.332029
v 13.848980 2.501389 -28.334778
v 13.858727 2.504540 -28.336081
v 13.851249 2.496845 -28.281364
v 13.850706 2.500923 -28.281288
v 13.856068 2.497172 -28.282080
v 13.859389 2.497418 -28.269924
v 13.856483 2.501287 -28.269596
v 13.852400 2.496670 -28.269005
v 13.865314 2.503681 -28.270752
v 13.850548 2.500986 -28.268805
v 13.846230 2.497128 -28.268202
v 13.836974 2.499811 -28.266970
v 13.840985 2.502869 -28.267559
v 13.856036 2.497182 -28.282150
v 13.855434 2.501390 -28.282026
v 13.848975 2.501388 -28.334751
v 13.849861 2.497361 -28.334766
v 13.845346 2.501257 -28.280657
v 13.844764 2.497135 -28.280617
v 13.849784 2.497191 -28.334869
v 13.848965 2.501383 -28.334782
v 13.858659 2.499884 -28.336113
v 13.837258 2.497297 -28.333218
v 13.837982 2.501387 -28.333290
v 13.845356 2.501380 -28.280691
v 13.844759 2.497185 -28.280663
v 13.855456 2.501261 -28.282001
v 13.837183 2.497168 -28.333229
v 13.830299 2.503712 -28.332365
v 13.837989 2.501387 -28.333328
v 13.827906 2.500013 -28.332058
v 13.831818 2.507399 -28.266293
v 13.868798 2.500576 -28.271172
v 13.856734 2.503745 -28.335854
v 13.814865 2.554095 -28.330137
v 13.850630 2.500970 -28.281307
v 13.821024 2.558221 -28.264900
v 13.821218 2.558496 -28.264919
v 13.824969 2.556437 -28.265392
v 13.831163 2.562739 -28.266205
v 13.820923 2.504027 -28.330835
v 13.823429 2.507290 -28.331182
v 13.862599 2.506692 -28.336365
v 13.867017 2.504566 -28.336887
v 13.831098 2.508009 -28.266201
v 13.822531 2.507981 -28.331003
v 13.820847 2.504106 -28.330795
v 13.829999 2.503608 -28.266064
v 13.874356 2.508914 -28.271868
v 13.865210 2.508471 -28.336622
v 13.865832 2.566772 -28.336754
v 13.864851 2.562410 -28.336563
v 13.866561 2.504323 -28.336823
v 13.876634 2.505524 -28.272192
v 13.875331 2.504503 -28.272011
v 13.874129 2.508714 -28.271866
v 13.872981 2.562616 -28.271709
v 13.864496 2.562647 -28.336525
v 13.879917 2.555272 -28.272638
v 13.820002 2.566062 -28.330702
v 13.818246 2.558804 -28.330467
v 13.824893 2.556499 -28.265388
v 13.816372 2.556512 -28.330206
v 13.827490 2.565116 -28.265720
v 13.830704 2.562503 -28.266121
v 13.827082 2.564772 -28.265684
v 13.812312 2.558389 -28.329666
v 13.820958 2.558278 -28.264868
v 13.872079 2.554213 -28.337637
v 13.874521 2.558095 -28.337889
v 13.870359 2.562987 -28.337341
v 13.868773 2.558820 -28.337103
v 13.874181 2.512007 -28.337826
v 13.868646 2.558985 -28.337072
v 13.872964 2.562592 -28.271715
v 13.864477 2.562622 -28.336542
v 13.876321 2.559862 -28.272171
v 13.879209 2.562726 -28.272537
v 13.876086 2.560053 -28.272141
v 13.879911 2.561987 -28.272638
v 13.866371 2.566764 -28.336786
v 13.874744 2.566582 -28.271944
v 13.882419 2.511497 -28.272982
v 13.883004 2.512436 -28.273041
v 13.874454 2.512453 -28.337849
v 13.874600 2.512333 -28.337858
v 13.883092 2.512365 -28.273071
v 13.871725 2.515791 -28.337557
v 13.867553 2.510534 -28.336962
v 13.870625 2.514142 -28.337328
v 13.870658 2.514111 -28.337351
v 13.879086 2.514205 -28.272518
v 13.813336 2.511179 -28.329796
v 13.822538 2.510488 -28.265091
v 13.829276 2.503974 -28.265985
v 13.820836 2.504095 -28.330803
v 13.823279 2.509561 -28.265179
v 13.827514 2.511096 -28.265738
v 13.822422 2.507847 -28.330999
v 13.831079 2.507989 -28.266212
v 13.817306 2.512817 -28.330330
v 13.816062 2.508242 -28.330196
v 13.847120 2.503686 -28.239376
v 13.840540 2.507767 -28.226824
v 13.823280 2.508441 -28.332672
v 13.843292 2.501608 -28.335306
v 13.860447 2.502617 -28.240822
v 13.833441 2.512924 -28.227192
v 13.825013 2.523344 -28.233387
v 13.810089 2.526878 -28.330936
v 13.825169 2.538643 -28.214184
v 13.825402 2.549975 -28.230213
v 13.812476 2.549860 -28.331249
v 13.835060 2.563335 -28.235626
v 13.826103 2.565621 -28.333044
v 13.847433 2.569209 -28.237473
v 13.855132 2.569974 -28.245359
v 13.843292 2.569699 -28.335306
v 13.864897 2.569139 -28.239712
v 13.873087 2.565868 -28.239895
v 13.860479 2.565621 -28.337568
v 13.843292 2.569699 -28.335306
v 13.856604 2.570810 -28.234222
v 13.883062 2.557535 -28.240181
v 13.874109 2.549859 -28.339363
v 13.889573 2.546062 -28.233549
v 13.893293 2.540259 -28.214138
v 13.876495 2.526879 -28.339676
v 13.888389 2.524573 -28.236649
v 13.880959 2.513111 -28.233784
v 13.873279 2.507380 -28.238813
v 13.863302 2.508439 -28.337940
v 13.855498 2.507914 -28.208677
v 13.842115 2.571263 -28.214424
v 13.858192 2.574387 -28.222095
v 13.873343 2.510952 -28.208818
v 13.832932 2.530600 -28.189632
v 13.830815 2.543183 -28.180075
v 13.890438 2.529059 -28.201412
v 13.859292 2.518841 -28.179848
v 13.845664 2.519821 -28.186844
v 13.840196 2.530548 -28.174780
v 13.830827 2.564471 -28.180296
v 13.833368 2.569915 -28.187218
v 13.837255 2.572527 -28.198107
v 13.851710 2.580215 -28.204048
v 13.869137 2.580268 -28.206245
v 13.877445 2.577358 -28.205664
v 13.884673 2.572740 -28.203960
v 13.892833 2.563952 -28.199005
v 13.887749 2.530242 -28.181597
v 13.877051 2.522210 -28.180647
v 13.862130 2.590095 -28.192173
v 13.860822 2.583616 -28.202137
v 13.896735 2.550221 -28.173815
v 13.871469 2.534716 -28.155142
v 13.853432 2.534909 -28.156490
v 13.836177 2.593872 -28.131977
v 13.846087 2.589476 -28.184063
v 13.838559 2.559242 -28.146996
v 13.883132 2.550403 -28.141827
v 13.865664 2.555137 -28.131439
v 13.853380 2.563497 -28.127617
v 13.845701 2.564407 -28.133177
v 13.840797 2.594078 -28.170963
v 13.855185 2.601708 -28.177525
v 13.872643 2.601785 -28.179754
v 13.881269 2.601337 -28.176647
v 13.863349 2.599117 -28.182922
v 13.892008 2.594813 -28.172520
v 13.899134 2.590670 -28.160809
v 13.902470 2.591622 -28.144518
v 13.898336 2.573667 -28.141392
v 13.893569 2.566562 -28.137356
v 13.835823 2.601080 -28.150410
v 13.868089 2.579337 -28.113029
v 13.842583 2.600527 -28.116333
v 13.852354 2.617797 -28.163946
v 13.865384 2.619378 -28.167465
v 13.865623 2.622769 -28.165661
v 13.885294 2.580365 -28.117437
v 13.852209 2.600540 -28.107054
v 13.837453 2.629180 -28.120968
v 13.843391 2.623108 -28.151571
v 13.879081 2.624250 -28.164494
v 13.890777 2.623517 -28.157612
v 13.869903 2.606817 -28.099237
v 13.839337 2.628211 -28.141491
v 13.897686 2.639622 -28.144945
v 13.902237 2.639781 -28.137100
v 13.904536 2.635047 -28.128834
v 13.904515 2.634767 -28.119987
v 13.899126 2.604281 -28.118353
v 13.886736 2.614126 -28.100641
v 13.850006 2.625653 -28.100689
v 13.837660 2.641755 -28.128246
v 13.858087 2.649299 -28.154234
v 13.875487 2.649364 -28.156616
v 13.870822 2.643834 -28.089487
v 13.860717 2.630919 -28.093550
v 13.841644 2.647996 -28.106066
v 13.850505 2.651386 -28.149561
v 13.866854 2.652238 -28.156292
v 13.866871 2.654199 -28.156134
v 13.888258 2.651727 -28.152445
v 13.902389 2.643583 -28.110241
v 13.895206 2.635880 -28.100969
v 13.853746 2.660525 -28.093155
v 13.841852 2.656942 -28.139786
v 13.880530 2.659279 -28.089661
v 13.895681 2.668760 -28.098240
v 13.862562 3.283817 -28.089272
v 13.875751 3.283817 -28.088707
v 13.850891 3.283824 -28.095257
v 13.842088 3.283816 -28.104984
v 13.838132 3.283817 -28.117577
v 13.838696 3.283817 -28.130766
v 13.844680 3.283824 -28.142437
v 13.854407 3.283816 -28.151239
v 13.867002 3.283815 -28.155197
v 13.880185 3.283817 -28.154633
v 13.866996 3.283815 -28.155197
v 13.891861 3.283824 -28.148645
v 13.900664 3.283816 -28.138920
v 13.904620 3.283817 -28.126326
v 13.904057 3.283816 -28.113140
v 13.898070 3.283824 -28.101467
v 13.888343 3.283816 -28.092663
v 13.897900 3.284360 -28.101315
v 13.904423 3.283849 -28.117512
v 13.904689 3.284562 -28.126303
v 13.902148 3.283850 -28.134792
v 13.892015 3.284360 -28.148476
v 13.850736 3.284360 -28.095428
v 13.866935 3.283850 -28.088903
v 13.875734 3.284571 -28.088636
v 13.875816 3.283850 -28.155001
v 13.867019 3.284562 -28.155266
v 13.858532 3.283850 -28.152725
v 13.844849 3.284360 -28.142590
v 13.838327 3.283850 -28.126392
v 13.838062 3.284562 -28.117596
v 13.840602 3.283850 -28.109112
v 13.884223 3.283880 -28.091167
v 13.858510 3.283762 -28.091169
v 13.897780 3.283762 -28.142345
v 13.891768 3.283762 -28.095547
v 13.850983 3.283762 -28.148357
v 13.902158 3.283762 -28.109087
v 13.844970 3.283762 -28.101559
v 13.884241 3.283762 -28.152735
v 13.840592 3.283762 -28.134817
v 13.874808 3.283762 -28.095867
v 13.867871 3.283762 -28.095873
v 13.861212 3.283762 -28.097633
v 13.847057 3.283762 -28.132116
v 13.850449 3.283762 -28.138012
v 13.855265 3.283762 -28.142813
v 13.892235 3.283762 -28.138062
v 13.895659 3.283762 -28.132086
v 13.897459 3.283762 -28.125385
v 13.887486 3.283762 -28.101091
v 13.881509 3.283762 -28.097668
v 13.855316 3.283762 -28.101025
v 13.850515 3.283762 -28.105843
v 13.861241 3.283762 -28.146236
v 13.867942 3.283762 -28.148037
v 13.897454 3.283762 -28.118448
v 13.895694 3.283762 -28.111790
v 13.847091 3.283762 -28.111820
v 13.845291 3.283762 -28.118519
v 13.874879 3.283762 -28.148031
v 13.881539 3.283762 -28.146271
v 13.892302 3.283762 -28.105894
v 13.845297 3.283762 -28.125458
v 13.887434 3.283762 -28.142879
v 13.861571 3.218244 -28.098495
v 13.867995 3.218244 -28.096798
v 13.874838 3.283821 -28.096115
v 13.874804 3.218212 -28.096678
v 13.864717 3.218216 -28.097097
v 13.864402 3.283825 -28.096592
v 13.848612 3.283825 -28.135204
v 13.849020 3.218216 -28.134769
v 13.858277 3.218217 -28.144102
v 13.858138 3.283825 -28.144680
v 13.894104 3.283824 -28.135189
v 13.893529 3.218216 -28.135046
v 13.896649 3.218212 -28.125381
v 13.897212 3.283821 -28.125414
v 13.896535 3.218244 -28.125263
v 13.894799 3.218244 -28.131727
v 13.884614 3.283824 -28.099224
v 13.884475 3.218216 -28.099802
v 13.855512 3.283821 -28.101181
v 13.855885 3.218212 -28.101604
v 13.849227 3.218217 -28.108852
v 13.848646 3.283825 -28.108715
v 13.881150 3.218244 -28.098528
v 13.886915 3.218244 -28.101831
v 13.867947 3.218212 -28.147226
v 13.867912 3.283821 -28.147789
v 13.868041 3.218058 -28.147169
v 13.861600 3.218244 -28.145376
v 13.855836 3.218244 -28.142073
v 13.896230 3.218216 -28.115294
v 13.896736 3.283825 -28.114979
v 13.845483 3.218207 -28.125343
v 13.844981 3.283832 -28.125418
v 13.847952 3.218244 -28.112179
v 13.851254 3.218244 -28.106413
v 13.874756 3.218244 -28.147108
v 13.878037 3.218216 -28.146807
v 13.878350 3.283825 -28.147312
v 13.892147 3.283821 -28.106089
v 13.891724 3.218212 -28.106462
v 13.894832 3.218244 -28.112148
v 13.845549 3.283823 -28.125422
v 13.846123 3.218221 -28.125341
v 13.847919 3.218244 -28.131756
v 13.846220 3.218244 -28.125332
v 13.887239 3.283821 -28.142725
v 13.886865 3.218212 -28.142302
v 13.886865 3.218244 -28.142138
v 11.610684 2.909866 -28.056955
v 11.625582 2.904352 -28.059048
v 11.387850 2.909801 -28.027727
v 11.387738 2.642828 -28.027685
v 11.610649 2.642848 -28.056963
v 11.506251 2.809837 -28.027782
v 11.627573 2.904355 -28.043911
v 11.506088 2.896963 -28.027790
v 11.366882 2.888048 -28.024921
v 11.366872 2.664012 -28.024937
v 11.631588 2.664537 -28.059746
v 11.631589 2.890379 -28.059755
v 11.625567 2.649123 -28.058830
v 11.372916 2.648940 -28.025597
v 11.372941 2.903492 -28.025600
v 11.627576 2.649077 -28.043919
v 11.534472 2.771255 -28.031498
v 11.506065 2.655656 -28.027771
v 11.504033 3.458948 -27.810551
v 11.513715 3.458913 -27.793617
v 11.509020 3.458862 -27.829449
v 11.554539 3.458948 -27.817192
v 11.544855 3.458913 -27.834124
v 11.532608 3.458948 -27.788616
v 11.549541 3.458913 -27.798300
v 11.525965 3.458948 -27.839123
v 11.612612 2.909880 -28.042070
v 11.389808 2.909790 -28.012697
v 11.506088 2.896963 -28.027790
v 11.512563 2.810474 -27.974483
v 11.506352 2.896319 -28.021130
v 11.497838 2.896335 -28.019981
v 11.503886 2.810501 -27.973276
v 11.612606 2.642850 -28.042078
v 11.627576 2.649077 -28.043919
v 11.506065 2.655656 -28.027771
v 11.412146 2.641965 -28.015717
v 11.474343 2.771914 -27.969372
v 11.474373 2.780670 -27.969486
v 11.383106 2.780619 -28.004890
v 11.383116 2.772023 -28.004919
v 11.506251 2.809837 -28.027782
v 11.620854 2.781186 -28.042885
v 11.627573 2.904355 -28.043911
v 11.381612 2.781215 -28.011412
v 11.496239 2.809841 -28.026501
v 11.374858 2.903535 -28.010685
v 11.496215 2.742798 -28.026438
v 11.506202 2.742776 -28.027859
v 11.468035 2.771250 -28.022667
v 11.381611 2.771447 -28.011433
v 11.496372 2.655669 -28.026524
v 11.506251 2.809837 -28.027782
v 11.534457 2.781377 -28.031410
v 11.620854 2.781186 -28.042885
v 11.506065 2.655656 -28.027771
v 11.534472 2.771255 -28.031498
v 11.468057 2.781406 -28.022604
v 11.496411 2.896866 -28.026299
v 11.497771 2.896368 -28.019958
v 11.506437 2.896384 -28.021091
v 11.506117 2.896884 -28.027567
v 11.497586 2.656271 -28.019962
v 11.503916 2.742159 -27.973438
v 11.496286 2.742625 -28.026222
v 11.496764 2.655906 -28.026337
v 11.542016 2.771952 -27.978407
v 11.542042 2.780666 -27.978415
v 11.534567 2.781211 -28.031275
v 11.534569 2.771418 -28.031277
v 11.474360 2.780674 -27.969549
v 11.467864 2.781336 -28.022484
v 11.381880 2.780900 -28.011215
v 11.383082 2.780862 -28.004887
v 11.496239 2.809841 -28.026501
v 11.381612 2.781215 -28.011412
v 11.503901 2.810394 -27.973392
v 11.496408 2.809906 -28.026257
v 11.506108 2.809924 -28.027536
v 11.512547 2.810409 -27.974533
v 11.505805 2.896725 -28.027515
v 11.506609 2.896358 -28.021135
v 11.512545 2.810468 -27.974573
v 11.506246 2.810004 -28.027533
v 11.497586 2.896358 -28.019962
v 11.496491 2.896740 -28.026260
v 11.496267 2.810000 -28.026237
v 11.503914 2.810470 -27.973438
v 11.542148 2.780715 -27.978291
v 11.542088 2.771959 -27.978394
v 11.621095 2.772010 -28.036196
v 11.621078 2.780606 -28.036221
v 11.621119 2.771767 -28.036198
v 11.542085 2.771987 -27.978468
v 11.534670 2.771298 -28.031273
v 11.620641 2.771780 -28.042633
v 11.474440 2.771952 -27.969517
v 11.467959 2.771418 -28.022514
v 11.467942 2.781201 -28.022514
v 11.474423 2.780672 -27.969517
v 11.381738 2.781203 -28.011211
v 11.381742 2.771427 -28.011215
v 11.383050 2.771939 -28.004860
v 11.383075 2.780681 -28.004869
v 11.497838 2.656294 -28.019981
v 11.506352 2.656310 -28.021130
v 11.512563 2.742155 -27.974483
v 11.503886 2.742128 -27.973276
v 11.621118 2.780864 -28.036213
v 11.620663 2.781129 -28.042595
v 11.534662 2.781354 -28.031288
v 11.542085 2.780659 -27.978460
v 11.496412 2.655764 -28.026299
v 11.506117 2.655745 -28.027567
v 11.506437 2.656246 -28.021091
v 11.497771 2.656261 -28.019958
v 11.627576 2.649077 -28.043919
v 11.620844 2.771416 -28.042894
v 11.534472 2.771255 -28.031498
v 11.496402 2.896964 -28.026527
v 11.374858 2.903535 -28.010685
v 11.496239 2.809841 -28.026501
v 11.374834 2.648896 -28.010681
v 11.496372 2.655669 -28.026524
v 11.381611 2.771447 -28.011433
v 11.621157 2.771939 -28.036180
v 11.620777 2.771428 -28.042658
v 11.620802 2.781215 -28.042652
v 11.621120 2.780677 -28.036186
v 11.512553 2.742235 -27.974531
v 11.506120 2.742723 -28.027534
v 11.496419 2.742705 -28.026260
v 11.503906 2.742220 -27.973396
v 11.383080 2.771764 -28.004902
v 11.381868 2.771500 -28.011183
v 11.467867 2.771275 -28.022501
v 11.474359 2.771970 -27.969551
v 11.506038 2.655888 -28.027517
v 11.506260 2.742629 -28.027554
v 11.512564 2.742162 -27.974567
v 11.506611 2.656270 -28.021151
v 11.632380 2.869011 -28.059490
v 11.496372 2.655669 -28.026524
v 11.627584 2.904413 -28.044300
v 11.625675 2.904343 -28.058632
v 11.608441 2.910648 -28.056389
v 11.610268 2.910648 -28.042030
v 11.634281 2.888337 -28.045208
v 11.632426 2.888310 -28.059551
v 11.625698 2.904405 -28.058678
v 11.627515 2.904375 -28.044315
v 11.634336 2.666674 -28.045162
v 11.627513 2.649046 -28.044323
v 11.625696 2.649019 -28.058670
v 11.632410 2.666867 -28.059534
v 11.627581 2.649014 -28.044294
v 11.610376 2.642128 -28.042095
v 11.608433 2.641983 -28.056391
v 11.625667 2.649084 -28.058638
v 11.368838 2.888030 -28.009975
v 11.381612 2.781215 -28.011412
v 11.374858 2.903535 -28.010685
v 11.368014 2.885735 -28.010178
v 11.374813 2.903569 -28.011082
v 11.372858 2.903595 -28.025412
v 11.366156 2.885694 -28.024498
v 11.374755 2.903600 -28.011036
v 11.391357 2.910363 -28.013241
v 11.389437 2.910397 -28.027590
v 11.372896 2.903530 -28.025387
v 11.389739 2.642832 -28.012775
v 11.374834 2.648896 -28.010681
v 11.374729 2.648832 -28.011034
v 11.372869 2.648901 -28.025383
v 11.389539 2.642211 -28.027575
v 11.391613 2.641971 -28.013184
v 11.368020 2.665985 -28.010122
v 11.366102 2.666161 -28.024544
v 11.372832 2.648836 -28.025410
v 11.374788 2.648865 -28.011076
v 11.588888 2.642068 -28.053770
v 11.409618 2.642068 -28.030188
v 11.409726 2.910561 -28.030203
v 11.588893 2.910561 -28.053770
v 11.590784 2.910561 -28.039515
v 11.496402 2.896964 -28.026527
v 11.411599 2.910561 -28.015945
v 11.368054 2.865774 -28.010218
v 11.367993 2.686795 -28.009937
v 11.634397 2.868287 -28.044960
v 11.633557 2.664554 -28.044804
v 11.634255 2.686806 -28.045235
v 11.381611 2.771447 -28.011433
v 11.632380 2.686798 -28.059490
v 11.366179 2.686071 -28.024475
v 11.366179 2.865771 -28.024473
v 11.590756 2.642068 -28.039513
v 11.620854 2.781186 -28.042885
v 11.620844 2.771416 -28.042894
v 11.627573 2.904355 -28.043911
v 11.627573 2.904355 -28.043911
v 11.633540 2.890360 -28.044846
v 11.368837 2.664033 -28.009989
v 11.374834 2.648896 -28.010681
v 11.374858 2.903535 -28.010685
v 11.627576 2.649077 -28.043919
v 11.539169 2.770083 -28.030910
v 11.545217 2.760985 -27.965534
v 11.536027 2.759765 -28.030548
v 11.546236 2.770699 -27.978279
v 11.546241 2.781927 -27.978275
v 11.545289 2.791428 -27.965544
v 11.548225 2.779566 -27.965923
v 11.546548 2.776307 -27.978230
v 11.547951 2.771381 -27.965893
v 11.536619 2.791563 -28.030651
v 11.531677 2.792326 -28.029932
v 11.541548 2.788835 -27.965094
v 11.537503 2.796860 -27.964500
v 11.535033 2.781883 -28.030388
v 11.542007 2.781419 -27.977715
v 11.531343 2.759989 -28.029900
v 11.541524 2.763690 -27.965088
v 11.535094 2.770709 -28.030384
v 11.542006 2.771212 -27.977716
v 11.546499 2.776314 -27.978186
v 11.542089 2.781417 -27.977680
v 11.546137 2.782021 -27.978228
v 11.537095 2.755137 -27.964455
v 11.546459 2.787801 -27.965673
v 11.543484 2.781929 -27.965332
v 11.548263 2.777972 -27.965923
v 11.547899 2.771057 -27.965858
v 11.543977 2.776613 -27.965391
v 11.543571 2.771037 -27.965349
v 11.541102 2.762602 -27.965021
v 11.546117 2.781999 -27.978300
v 11.541950 2.781387 -27.977707
v 11.535025 2.781858 -28.030369
v 11.539030 2.782740 -28.030796
v 11.546139 2.770610 -27.978235
v 11.542416 2.776951 -27.977646
v 11.542090 2.771208 -27.977686
v 11.537757 2.796474 -27.964527
v 11.541170 2.789887 -27.965042
v 11.539179 2.782657 -28.030958
v 11.535028 2.781853 -28.030399
v 11.532449 2.790372 -28.030104
v 11.539080 2.770042 -28.030910
v 11.535029 2.770770 -28.030355
v 11.541963 2.771219 -27.977699
v 11.546114 2.770624 -27.978294
v 11.536417 2.760795 -28.030634
v 11.535047 2.770779 -28.030401
v 11.539211 2.769957 -28.030937
v 11.545914 2.763282 -27.965591
v 11.531972 2.761236 -28.030027
v 11.537522 2.755769 -27.964508
v 11.536550 2.791661 -28.030663
v 11.538988 2.782638 -28.030842
v 11.543983 2.778994 -27.965424
v 11.542364 2.776015 -27.977671
v 11.543670 2.771770 -27.965384
v 11.507572 2.814414 -28.026752
v 11.523717 2.812350 -27.962698
v 11.517211 2.811488 -28.028070
v 11.513814 2.814615 -27.973961
v 11.514403 2.814730 -27.961483
v 11.495720 2.812227 -27.959032
v 11.506420 2.814832 -27.960434
v 11.502799 2.814597 -27.972523
v 11.485990 2.806788 -27.957710
v 11.485622 2.811509 -28.023922
v 11.478351 2.807352 -28.022671
v 11.495131 2.814316 -28.025093
v 11.532712 2.807671 -27.963867
v 11.524123 2.807575 -28.028694
v 11.516568 2.807127 -28.027977
v 11.523287 2.807805 -27.962687
v 11.513371 2.810288 -27.973953
v 11.506896 2.810242 -28.026684
v 11.503256 2.810292 -27.972624
v 11.506894 2.810644 -27.960545
v 11.496931 2.807959 -27.959221
v 11.508217 2.810655 -27.973179
v 11.482947 2.805596 -28.023384
v 11.489032 2.803748 -27.958130
v 11.495806 2.810347 -28.025219
v 11.507892 2.814782 -27.973114
v 11.513412 2.810408 -27.973881
v 11.503284 2.810430 -27.972607
v 11.530944 2.803696 -27.963646
v 11.518662 2.813830 -27.962002
v 11.515150 2.810246 -27.961620
v 11.524201 2.807507 -27.962811
v 11.502676 2.814447 -27.972586
v 11.503288 2.810237 -27.972620
v 11.495893 2.810240 -28.025223
v 11.495033 2.814269 -28.025009
v 11.513968 2.814489 -27.974010
v 11.495100 2.814429 -28.025164
v 11.495890 2.810277 -28.025253
v 11.485368 2.806712 -28.023886
v 11.507607 2.814331 -28.026772
v 11.506889 2.810241 -28.026653
v 11.513371 2.810250 -27.973938
v 11.513955 2.814442 -27.974064
v 11.505869 2.814806 -27.960331
v 11.506379 2.810598 -27.960442
v 11.502668 2.814476 -27.972525
v 11.526204 2.811272 -27.963020
v 11.507669 2.814455 -28.026808
v 11.514954 2.807734 -28.027798
v 11.506875 2.810257 -28.026690
v 11.521462 2.809258 -28.028536
v 11.532277 2.807803 -27.963816
v 11.490631 2.809714 -27.958323
v 11.494635 2.807092 -27.958942
v 11.486626 2.811981 -28.024103
v 11.496767 2.812488 -27.959164
v 11.515324 2.812181 -28.027802
v 11.513103 2.814801 -27.961319
v 11.515196 2.810236 -27.961639
v 11.463616 2.782549 -28.020971
v 11.474165 2.790307 -27.956173
v 11.466507 2.792271 -28.021400
v 11.470396 2.781921 -27.968285
v 11.471633 2.778570 -27.955847
v 11.472447 2.768152 -27.955965
v 11.470395 2.770689 -27.968315
v 11.466517 2.760333 -28.021410
v 11.476949 2.756485 -27.956539
v 11.470109 2.775682 -27.968176
v 11.463716 2.769999 -28.020960
v 11.470427 2.799212 -28.021629
v 11.467741 2.781885 -28.021521
v 11.478414 2.789016 -27.956781
v 11.474638 2.781411 -27.968863
v 11.470308 2.790249 -28.021881
v 11.467674 2.770701 -28.021526
v 11.474623 2.771209 -27.968847
v 11.478036 2.764423 -27.956726
v 11.470182 2.776314 -27.968151
v 11.474260 2.776314 -27.968685
v 11.474551 2.771212 -27.968796
v 11.474241 2.797534 -28.022106
v 11.482800 2.797494 -27.957306
v 11.475781 2.778120 -27.956453
v 11.473912 2.763535 -27.956127
v 11.476327 2.770991 -27.956501
v 11.471671 2.773091 -27.955864
v 11.479063 2.761814 -27.956871
v 11.472152 2.782695 -27.955891
v 11.470504 2.770630 -27.968353
v 11.474683 2.771243 -27.968857
v 11.467753 2.770771 -28.021521
v 11.463774 2.769891 -28.020895
v 11.470488 2.782017 -27.968285
v 11.474552 2.781426 -27.968794
v 11.481172 2.750573 -27.957081
v 11.463696 2.782587 -28.020996
v 11.467753 2.781859 -28.021505
v 11.474673 2.781410 -27.968847
v 11.470509 2.782006 -27.968349
v 11.475932 2.779191 -27.956448
v 11.470489 2.770613 -27.968285
v 11.478326 2.788919 -27.956772
v 11.475266 2.792722 -27.956322
v 11.467010 2.793563 -28.021481
v 11.470118 2.789772 -28.021889
v 11.467743 2.781848 -28.021545
v 11.463575 2.782662 -28.020990
v 11.478745 2.798821 -27.956770
v 11.482287 2.796726 -27.957228
v 11.463607 2.769976 -28.021004
v 11.467745 2.770779 -28.021555
v 11.470317 2.762244 -28.021935
v 11.466020 2.761438 -28.021385
v 11.476327 2.757805 -27.956486
v 11.471838 2.758799 -28.021969
v 11.474288 2.776354 -27.968704
v 11.495203 2.738224 -28.025127
v 11.494688 2.740792 -27.958870
v 11.486043 2.740929 -28.023968
v 11.502730 2.738080 -27.972569
v 11.504283 2.738096 -27.960148
v 11.507713 2.737768 -27.973122
v 11.513870 2.738054 -27.974010
v 11.524014 2.740364 -27.962738
v 11.512921 2.737676 -27.961283
v 11.533787 2.745768 -27.964046
v 11.519618 2.742175 -28.028353
v 11.507653 2.738312 -28.026739
v 11.478720 2.745054 -28.022720
v 11.485991 2.745615 -28.023947
v 11.495779 2.745061 -27.959059
v 11.503263 2.742347 -27.972631
v 11.495864 2.742376 -28.025221
v 11.523146 2.744691 -27.962666
v 11.513377 2.742331 -27.973959
v 11.514477 2.742298 -27.961544
v 11.516652 2.745569 -28.028004
v 11.530424 2.748638 -27.963581
v 11.506903 2.742383 -28.026684
v 11.507234 2.741987 -27.960590
v 11.512250 2.737726 -27.961184
v 11.517943 2.738647 -27.961914
v 11.515204 2.742402 -27.961620
v 11.523405 2.744825 -27.962700
v 11.513947 2.738183 -27.974068
v 11.513345 2.742391 -27.973944
v 11.506886 2.742388 -28.026669
v 11.507771 2.738362 -28.026684
v 11.507093 2.742021 -27.960535
v 11.502664 2.738170 -27.972517
v 11.503255 2.742253 -27.972570
v 11.508954 2.741938 -27.973249
v 11.507508 2.737845 -27.973064
v 11.507672 2.738215 -28.026794
v 11.514833 2.744823 -28.027782
v 11.514993 2.740299 -28.027786
v 11.526078 2.741246 -27.963001
v 11.529943 2.748270 -27.963501
v 11.503835 2.738117 -27.960081
v 11.492997 2.741651 -27.958652
v 11.506872 2.742361 -28.026703
v 11.480312 2.743961 -28.023062
v 11.485430 2.745881 -28.023878
v 11.487916 2.740249 -28.024214
v 11.495169 2.738298 -28.025135
v 11.495893 2.742388 -28.025208
v 11.503266 2.742380 -27.972610
v 11.502669 2.738186 -27.972580
v 11.513368 2.742261 -27.973919
v 11.513967 2.738140 -27.974007
v 11.496466 2.744737 -27.959164
v 11.495108 2.738200 -28.025143
v 11.495895 2.742361 -28.025246
v 11.489067 2.748884 -27.958151
v 11.522478 2.743952 -28.028622
v 11.473867 2.796952 -28.022093
v 11.508536 2.741970 -27.973225
v 11.523041 2.749425 -28.028534
v 11.478945 2.799213 -27.956825
v 11.489017 2.749022 -27.958130
v 11.480441 2.748981 -28.022921
v 11.486992 2.745301 -27.957846
v 11.534503 2.746438 -27.964113
v 11.487255 2.745058 -27.957899
v 11.521177 2.748095 -28.028351
v 11.520423 2.804984 -28.028278
v 11.532555 2.802478 -27.963840
v 11.522408 2.803648 -28.028442
v 11.478540 2.807432 -28.022705
v 11.478446 2.802065 -28.022686
v 11.472326 2.801609 -28.021893
v 11.532085 2.799626 -28.029749
v 11.482832 2.797481 -27.957294
v 11.474282 2.797513 -28.022121
v 11.483742 2.804697 -27.957432
v 11.487062 2.802171 -27.957872
v 11.470387 2.799251 -28.021610
v 11.478943 2.799219 -27.956820
v 11.528925 2.796912 -28.029348
v 11.525215 2.801312 -28.028849
v 11.526491 2.805656 -28.029009
v 11.532743 2.753933 -28.029858
v 11.522627 2.803916 -28.028477
v 11.530975 2.803721 -27.963638
v 11.531806 2.800088 -28.029690
v 11.539374 2.801402 -27.964758
v 11.538395 2.802410 -27.964600
v 11.543039 2.795776 -27.965261
v 11.524144 2.807595 -28.028694
v 11.532644 2.807567 -27.963869
v 11.537124 2.755106 -27.964424
v 11.541954 2.754838 -27.965109
v 11.533937 2.751556 -27.964039
v 11.540920 2.753433 -27.964956
v 11.532364 2.753453 -28.029766
v 11.527559 2.747912 -28.029131
v 11.540976 2.753392 -27.964943
v 11.532365 2.753449 -28.029779
v 11.527143 2.753234 -28.029072
v 11.527944 2.748303 -28.029217
v 11.470566 2.753233 -28.021662
v 11.528523 2.755150 -28.029245
v 11.528588 2.755097 -28.029266
v 11.470524 2.753328 -28.021637
v 11.482020 2.749668 -27.957214
v 11.478585 2.744892 -28.022709
v 11.487259 2.745066 -27.957901
v 11.482436 2.755770 -27.957260
v 11.483751 2.753829 -27.957443
v 11.480333 2.748848 -28.022917
v 11.488900 2.748874 -27.958075
v 11.474352 2.755043 -28.022144
v 11.478403 2.750606 -28.022682
v 11.475545 2.747733 -28.022312
v 11.509637 2.743445 -27.933073
v 11.498450 2.748767 -27.918739
v 11.474387 2.754381 -28.023693
v 11.501203 2.742609 -28.027224
v 11.487523 2.756273 -27.926304
v 11.483699 2.769977 -27.910410
v 11.483468 2.780135 -27.903145
v 11.467999 2.785981 -28.022854
v 11.482936 2.790608 -27.924351
v 11.490803 2.801886 -27.923832
v 11.499955 2.808619 -27.935593
v 11.484015 2.806622 -28.024961
v 11.513366 2.811089 -27.934820
v 11.501203 2.810699 -28.027224
v 11.526569 2.809109 -27.932634
v 11.518393 2.806621 -28.029486
v 11.501203 2.810699 -28.027224
v 11.514515 2.811810 -27.926142
v 11.540973 2.798536 -27.932098
v 11.532021 2.790859 -28.031281
v 11.547953 2.782280 -27.930647
v 11.534406 2.767879 -28.031593
v 11.548259 2.769967 -27.919765
v 11.544898 2.761793 -27.920238
v 11.534480 2.750436 -27.935490
v 11.521214 2.749440 -28.029858
v 11.522666 2.744798 -27.933405
v 11.522166 2.748885 -27.901857
v 11.508007 2.748186 -27.907797
v 11.491539 2.764452 -27.891548
v 11.500025 2.812263 -27.906342
v 11.507972 2.815424 -27.908508
v 11.533090 2.811005 -27.915081
v 11.538178 2.755308 -27.906071
v 11.489042 2.802658 -27.895737
v 11.517229 2.818396 -27.905460
v 11.525962 2.759793 -27.873016
v 11.507472 2.758831 -27.878365
v 11.487431 2.799922 -27.882105
v 11.495736 2.816031 -27.885706
v 11.527048 2.821268 -27.898165
v 11.539508 2.814837 -27.899570
v 11.550852 2.804526 -27.890993
v 11.556338 2.802657 -27.867115
v 11.541821 2.765711 -27.878382
v 11.495731 2.778625 -27.861565
v 11.491200 2.797599 -27.853327
v 11.518732 2.824615 -27.894056
v 11.556049 2.798416 -27.860468
v 11.551174 2.781047 -27.871794
v 11.526598 2.784862 -27.834286
v 11.510940 2.773389 -27.852030
v 11.507571 2.832172 -27.877819
v 11.549117 2.789833 -27.847034
v 11.537892 2.777509 -27.849714
v 11.503291 2.802622 -27.827339
v 11.497421 2.807478 -27.831593
v 11.493795 2.835914 -27.825031
v 11.492476 2.829148 -27.850998
v 11.520693 2.835799 -27.879152
v 11.542006 2.834240 -27.873909
v 11.552136 2.830618 -27.864162
v 11.513972 2.792446 -27.828991
v 11.500086 2.846437 -27.853127
v 11.530353 2.841157 -27.873281
v 11.521261 2.840117 -27.874840
v 11.557961 2.840782 -27.845695
v 11.557888 2.814001 -27.839130
v 11.540811 2.797540 -27.827541
v 11.547755 2.851110 -27.856621
v 11.531466 2.833457 -27.797329
v 11.516498 2.815426 -27.809813
v 11.506981 2.857743 -27.853502
v 11.495988 2.849204 -27.842896
v 11.514696 2.859452 -27.857426
v 11.523295 2.860378 -27.859383
v 11.523535 2.863770 -27.857578
v 11.553648 2.831259 -27.812841
v 11.543205 2.821363 -27.809357
v 11.507340 2.852530 -27.796532
v 11.501287 2.855225 -27.802208
v 11.532674 2.867894 -27.855474
v 11.541164 2.866590 -27.853477
v 11.555116 2.867428 -27.841513
v 11.562387 2.873117 -27.821201
v 11.559307 2.854179 -27.810289
v 11.518439 2.841766 -27.795053
v 11.495525 2.880062 -27.820518
v 11.544647 2.855129 -27.792557
v 11.499164 2.890135 -27.798552
v 11.495584 2.881837 -27.811193
v 11.497890 2.887728 -27.828110
v 11.502214 2.888562 -27.835716
v 11.549562 2.888791 -27.842125
v 11.562298 2.885672 -27.807102
v 11.538114 2.884104 -27.782742
v 11.519754 2.871922 -27.785025
v 11.508415 2.892387 -27.841478
v 11.516030 2.892470 -27.845959
v 11.524764 2.893238 -27.848209
v 11.524782 2.895200 -27.848051
v 11.558910 2.888280 -27.831615
v 11.553118 2.876882 -27.792887
v 11.511657 2.901530 -27.785070
v 11.538217 2.897905 -27.847324
v 11.553593 2.909764 -27.790157
v 11.520474 3.524817 -27.781189
v 11.528758 2.907133 -27.780144
v 11.533663 3.524817 -27.780624
v 11.508801 3.524825 -27.787174
v 11.499998 3.524817 -27.796902
v 11.496041 3.524817 -27.809492
v 11.496605 3.524817 -27.822681
v 11.502590 3.524824 -27.834352
v 11.512318 3.524817 -27.843157
v 11.524912 3.524815 -27.847115
v 11.538099 3.524817 -27.846550
v 11.524906 3.524815 -27.847115
v 11.549771 3.524825 -27.840565
v 11.558574 3.524817 -27.830837
v 11.562531 3.524817 -27.818241
v 11.561967 3.524817 -27.805058
v 11.555981 3.524825 -27.793385
v 11.546253 3.524817 -27.784580
v 11.556077 3.525301 -27.793602
v 11.562335 3.524850 -27.809429
v 11.562599 3.525563 -27.818220
v 11.560060 3.524850 -27.826710
v 11.549927 3.525361 -27.840393
v 11.533727 3.524850 -27.846918
v 11.524928 3.525563 -27.847183
v 11.516444 3.524850 -27.844643
v 11.502761 3.525361 -27.834507
v 11.496238 3.524850 -27.818310
v 11.496010 3.525490 -27.809389
v 11.498513 3.524850 -27.801029
v 11.502544 3.525471 -27.793476
v 11.508937 3.524850 -27.787350
v 11.524910 3.525374 -27.780628
v 11.542133 3.524881 -27.783085
v 11.555692 3.524762 -27.834263
v 11.533632 3.524762 -27.780851
v 11.549679 3.524762 -27.787464
v 11.516421 3.524762 -27.783087
v 11.508894 3.524762 -27.840275
v 11.560068 3.524762 -27.801004
v 11.542151 3.524762 -27.844652
v 11.498503 3.524762 -27.826735
v 11.532714 3.524873 -27.787830
v 11.525782 3.524762 -27.787790
v 11.519123 3.524762 -27.789551
v 11.504968 3.524762 -27.824032
v 11.508359 3.524762 -27.829929
v 11.513176 3.524762 -27.834730
v 11.550146 3.524762 -27.829979
v 11.553571 3.524762 -27.824003
v 11.555370 3.524762 -27.817303
v 11.545396 3.524762 -27.793009
v 11.539419 3.524762 -27.789585
v 11.513227 3.524762 -27.792942
v 11.508427 3.524762 -27.797760
v 11.519153 3.524762 -27.838154
v 11.525852 3.524762 -27.839954
v 11.555367 3.524762 -27.810366
v 11.553605 3.524762 -27.803707
v 11.553421 3.525168 -27.800596
v 11.505045 3.524872 -27.803753
v 11.503201 3.524762 -27.810436
v 11.532789 3.524762 -27.839949
v 11.539450 3.524762 -27.838188
v 11.550213 3.524762 -27.797810
v 11.503207 3.524762 -27.817373
v 11.545345 3.524762 -27.834797
v 11.519483 3.459244 -27.790413
v 11.525906 3.459244 -27.788715
v 11.532748 3.524821 -27.788033
v 11.532715 3.459212 -27.788595
v 11.522629 3.459217 -27.789015
v 11.522312 3.524825 -27.788509
v 11.506523 3.524825 -27.827122
v 11.506932 3.459217 -27.826689
v 11.516191 3.459217 -27.836021
v 11.516049 3.524825 -27.836597
v 11.552015 3.524825 -27.827106
v 11.551440 3.459217 -27.826962
v 11.554562 3.459212 -27.817299
v 11.555123 3.524821 -27.817331
v 11.552711 3.459244 -27.823645
v 11.549407 3.459244 -27.829409
v 11.542525 3.524825 -27.791142
v 11.542382 3.459217 -27.791718
v 11.513423 3.524822 -27.793098
v 11.513796 3.459212 -27.793522
v 11.507136 3.459217 -27.800770
v 11.506557 3.524825 -27.800632
v 11.539061 3.459244 -27.790445
v 11.544826 3.459244 -27.793749
v 11.525858 3.459213 -27.839144
v 11.525824 3.524821 -27.839706
v 11.519512 3.459244 -27.837294
v 11.513747 3.459244 -27.833990
v 11.552743 3.459244 -27.804066
v 11.554442 3.459244 -27.810490
v 11.554143 3.459217 -27.807213
v 11.554647 3.524825 -27.806896
v 11.503394 3.459208 -27.817261
v 11.502892 3.524832 -27.817335
v 11.505862 3.459244 -27.804096
v 11.509165 3.459244 -27.798330
v 11.539089 3.459244 -27.837326
v 11.532666 3.459244 -27.839025
v 11.535945 3.459217 -27.838726
v 11.536261 3.524825 -27.839231
v 11.550059 3.524822 -27.798006
v 11.549635 3.459212 -27.798380
v 11.503459 3.524823 -27.817339
v 11.504033 3.459221 -27.817257
v 11.505830 3.459244 -27.823673
v 11.504130 3.459244 -27.817249
v 11.545150 3.524822 -27.834641
v 11.544775 3.459212 -27.834217
v -2.296381 5.565458 -27.561028
v -2.051487 5.587606 -27.559214
v -2.296385 5.341420 -27.561028
v -2.275319 5.320229 -27.560869
v -2.050505 5.320250 -27.559183
v -2.029399 5.341942 -27.559021
v -2.029398 5.567783 -27.559021
v -2.035489 5.326529 -27.558941
v -2.290309 5.326346 -27.560854
v -2.275243 5.587190 -27.560871
v -2.290284 5.580898 -27.560854
v -2.164434 6.136312 -27.355074
v -2.186596 6.136312 -27.342587
v -2.164803 6.136259 -27.304092
v -2.186785 6.136312 -27.316921
v -2.142649 6.136312 -27.316595
v -2.142459 6.136313 -27.342260
v -2.297254 5.343646 -27.546272
v -2.297321 5.563552 -27.546165
v -2.297225 5.343773 -27.560726
v -2.159043 5.487880 -27.490976
v -2.158763 5.573725 -27.538034
v -2.167355 5.573741 -27.538071
v -2.167804 5.487908 -27.490978
v -2.197603 5.449321 -27.491182
v -2.197556 5.458077 -27.491293
v -2.283072 5.458025 -27.538942
v -2.283057 5.449429 -27.538969
v -2.042351 5.458597 -27.543779
v -2.158112 5.574356 -27.544708
v -2.157942 5.487237 -27.544613
v -2.168071 5.420205 -27.544689
v -2.157984 5.420183 -27.544720
v -2.196502 5.448657 -27.544838
v -2.196490 5.458813 -27.544775
v -2.168047 5.487240 -27.544720
v -2.283641 5.458616 -27.545639
v -2.283662 5.448845 -27.545591
v -2.167899 5.333086 -27.544785
v -2.167873 5.574369 -27.544756
v -2.042374 5.448827 -27.543839
v -2.129490 5.448656 -27.544399
v -2.158130 5.333062 -27.544649
v -2.129509 5.458784 -27.544342
v -2.167896 5.574273 -27.544523
v -2.167423 5.573774 -27.538055
v -2.158685 5.573791 -27.537985
v -2.158108 5.574290 -27.544441
v -2.167606 5.333677 -27.538088
v -2.167752 5.419565 -27.491135
v -2.168031 5.420032 -27.544466
v -2.167542 5.333313 -27.544514
v -2.129330 5.449358 -27.490803
v -2.129303 5.458073 -27.490807
v -2.129419 5.458618 -27.544193
v -2.129417 5.448825 -27.544193
v -2.197562 5.458081 -27.491358
v -2.196697 5.458743 -27.544682
v -2.283415 5.458306 -27.545374
v -2.283096 5.458269 -27.538940
v -2.167771 5.487801 -27.491091
v -2.167904 5.487312 -27.544483
v -2.158122 5.487330 -27.544413
v -2.159052 5.487816 -27.491028
v -2.158423 5.574131 -27.544434
v -2.158509 5.573764 -27.538006
v -2.159049 5.487875 -27.491070
v -2.157987 5.487411 -27.544392
v -2.167606 5.573765 -27.538088
v -2.167823 5.574146 -27.544476
v -2.168047 5.487406 -27.544483
v -2.167753 5.487876 -27.491135
v -2.129217 5.458121 -27.490669
v -2.129262 5.449365 -27.490780
v -2.043041 5.449417 -27.537138
v -2.043054 5.458013 -27.537165
v -2.043017 5.449173 -27.537136
v -2.129253 5.449394 -27.490854
v -2.129318 5.448705 -27.544178
v -2.042603 5.449187 -27.543575
v -2.197488 5.449358 -27.491314
v -2.196599 5.448825 -27.544699
v -2.196617 5.458607 -27.544703
v -2.197503 5.458078 -27.491318
v -2.283556 5.458610 -27.545391
v -2.283551 5.448834 -27.545393
v -2.283132 5.449346 -27.538918
v -2.283106 5.458088 -27.538925
v -2.167355 5.333701 -27.538071
v -2.158763 5.333717 -27.538036
v -2.159043 5.419562 -27.490976
v -2.167804 5.419534 -27.490978
v -2.043015 5.458271 -27.537151
v -2.042586 5.458536 -27.543535
v -2.129323 5.458761 -27.544193
v -2.129254 5.458066 -27.490845
v -2.167896 5.333170 -27.544523
v -2.158108 5.333152 -27.544441
v -2.158685 5.333652 -27.537987
v -2.167423 5.333668 -27.538055
v -2.273879 5.319391 -27.545921
v -2.273075 5.319400 -27.560543
v -2.052600 5.319478 -27.558876
v -2.042981 5.449346 -27.537113
v -2.042464 5.448834 -27.543583
v -2.042440 5.458622 -27.543571
v -2.043016 5.458084 -27.537125
v -2.159046 5.419642 -27.491026
v -2.158112 5.420130 -27.544409
v -2.167894 5.420112 -27.544487
v -2.167766 5.419627 -27.491093
v -2.283097 5.449171 -27.538956
v -2.283430 5.448906 -27.545345
v -2.196692 5.448682 -27.544699
v -2.197563 5.449377 -27.491360
v -2.158193 5.333295 -27.544403
v -2.157969 5.420035 -27.544409
v -2.159031 5.419569 -27.491060
v -2.158506 5.333677 -27.538019
v -2.028651 5.546422 -27.558655
v -2.028651 5.364207 -27.558655
v -2.252697 5.319382 -27.545704
v -2.035493 5.581819 -27.544270
v -2.035410 5.581750 -27.558729
v -2.052533 5.588074 -27.558937
v -2.052877 5.588072 -27.544386
v -2.028712 5.565898 -27.544201
v -2.028606 5.565675 -27.558695
v -2.035382 5.581812 -27.558769
v -2.035560 5.581781 -27.544296
v -2.035507 5.581694 -27.558859
v -2.028712 5.344249 -27.544239
v -2.035562 5.326453 -27.544302
v -2.035384 5.326426 -27.558764
v -2.028605 5.344215 -27.558708
v -2.035498 5.326421 -27.544264
v -2.052857 5.319531 -27.544460
v -2.035418 5.326490 -27.558735
v -2.296502 5.565457 -27.545910
v -2.290428 5.580928 -27.545876
v -2.290432 5.580975 -27.546215
v -2.290392 5.581002 -27.560680
v -2.297023 5.563384 -27.560678
v -2.290495 5.581006 -27.546181
v -2.273174 5.587891 -27.546114
v -2.273088 5.587917 -27.560493
v -2.290358 5.580936 -27.560650
v -2.275412 5.320227 -27.545799
v -2.290452 5.326315 -27.545877
v -2.290522 5.326239 -27.546183
v -2.290385 5.326308 -27.560650
v -2.290417 5.326243 -27.560680
v -2.290457 5.326271 -27.546215
v -2.253216 5.587968 -27.560341
v -2.072528 5.319474 -27.558983
v -2.253325 5.319474 -27.560343
v -2.028759 5.546422 -27.544275
v -2.029510 5.567766 -27.543953
v -2.029506 5.341944 -27.543905
v -2.072636 5.319474 -27.544605
v -2.050636 5.320249 -27.544109
v -2.072625 5.587968 -27.544605
v -2.275357 5.587197 -27.545750
v -2.050631 5.587287 -27.544127
v -2.035574 5.581744 -27.543964
v -2.035571 5.326499 -27.543964
v -2.253324 5.587968 -27.545963
v -2.297245 5.363472 -27.546293
v -2.296501 5.341440 -27.545958
v -2.297245 5.543180 -27.546293
v -2.028759 5.364207 -27.544275
v -2.297136 5.363472 -27.560671
v -2.297136 5.543181 -27.560671
v -2.124912 5.447489 -27.543196
v -2.128137 5.437822 -27.477604
v -2.127993 5.437386 -27.543272
v -2.125181 5.448090 -27.490107
v -2.124968 5.449872 -27.477583
v -2.124869 5.453090 -27.490004
v -2.125109 5.459317 -27.490116
v -2.128212 5.469699 -27.477623
v -2.125151 5.458461 -27.477598
v -2.127582 5.469278 -27.543287
v -2.125085 5.460042 -27.543152
v -2.129086 5.448164 -27.543247
v -2.131374 5.441824 -27.477673
v -2.129448 5.448625 -27.490131
v -2.132255 5.438316 -27.543289
v -2.131312 5.466769 -27.543280
v -2.132125 5.467518 -27.477682
v -2.135318 5.474644 -27.543049
v -2.129093 5.459278 -27.543243
v -2.129437 5.458824 -27.490124
v -2.136128 5.432543 -27.477661
v -2.124842 5.452898 -27.477573
v -2.125304 5.459249 -27.477579
v -2.129348 5.457356 -27.477650
v -2.127730 5.468338 -27.477583
v -2.131796 5.466978 -27.477680
v -2.125283 5.459406 -27.490131
v -2.129492 5.458793 -27.490118
v -2.129090 5.459264 -27.543234
v -2.125064 5.460145 -27.543102
v -2.129394 5.449156 -27.477661
v -2.125267 5.448021 -27.490074
v -2.129361 5.448619 -27.490084
v -2.129025 5.454008 -27.489998
v -2.124947 5.452895 -27.489975
v -2.124922 5.460056 -27.543226
v -2.131567 5.467448 -27.543335
v -2.127346 5.468652 -27.543314
v -2.137120 5.476257 -27.477627
v -2.125643 5.446442 -27.477570
v -2.131987 5.440321 -27.477669
v -2.129083 5.459260 -27.543261
v -2.125000 5.447449 -27.543211
v -2.129089 5.448176 -27.543217
v -2.129481 5.448626 -27.490108
v -2.125287 5.448030 -27.490128
v -2.128684 5.436860 -27.477617
v -2.129362 5.458811 -27.490089
v -2.125242 5.459418 -27.490067
v -2.124863 5.447365 -27.543221
v -2.131921 5.439025 -27.543329
v -2.129086 5.448186 -27.543253
v -2.127665 5.438243 -27.543295
v -2.134769 5.427640 -27.477644
v -2.129275 5.450918 -27.477671
v -2.129076 5.453687 -27.490026
v -2.129390 5.458107 -27.477680
v -2.156778 5.491816 -27.543436
v -2.148388 5.489363 -27.477757
v -2.147295 5.489000 -27.543411
v -2.157807 5.491964 -27.490318
v -2.160991 5.492436 -27.477863
v -2.185104 5.485607 -27.543495
v -2.182417 5.487480 -27.478008
v -2.173707 5.490931 -27.477953
v -2.169317 5.491910 -27.543510
v -2.169013 5.491995 -27.490421
v -2.163827 5.492274 -27.490313
v -2.140120 5.484982 -27.543076
v -2.157458 5.487650 -27.543461
v -2.157494 5.487444 -27.477886
v -2.158315 5.487696 -27.490341
v -2.147603 5.484480 -27.543404
v -2.168518 5.487699 -27.490417
v -2.163533 5.488062 -27.490284
v -2.166135 5.488190 -27.477955
v -2.179017 5.484467 -27.543587
v -2.177183 5.485142 -27.478018
v -2.185770 5.480362 -27.478027
v -2.168572 5.487644 -27.543539
v -2.149171 5.484903 -27.477814
v -2.169124 5.491843 -27.490379
v -2.158352 5.487865 -27.490322
v -2.168519 5.487795 -27.490366
v -2.147341 5.488847 -27.477718
v -2.158455 5.492114 -27.477825
v -2.161554 5.488105 -27.477882
v -2.167921 5.492149 -27.477900
v -2.170039 5.487392 -27.478008
v -2.169098 5.491853 -27.490459
v -2.168486 5.487644 -27.490410
v -2.168558 5.487647 -27.543530
v -2.169440 5.491674 -27.543436
v -2.157722 5.491899 -27.490324
v -2.164610 5.492189 -27.490269
v -2.169354 5.491822 -27.543560
v -2.177732 5.484804 -27.543688
v -2.177902 5.489383 -27.543699
v -2.182978 5.487089 -27.478008
v -2.184641 5.481104 -27.478012
v -2.178045 5.484817 -27.478022
v -2.177290 5.489752 -27.477976
v -2.151570 5.485821 -27.477814
v -2.168554 5.487654 -27.543556
v -2.156743 5.491737 -27.543449
v -2.157470 5.487648 -27.543430
v -2.158319 5.487655 -27.490326
v -2.157723 5.491849 -27.490370
v -2.156688 5.491832 -27.543470
v -2.148479 5.484900 -27.543455
v -2.157480 5.487646 -27.543465
v -2.141773 5.486124 -27.543259
v -2.143523 5.481940 -27.477751
v -2.149700 5.489878 -27.543413
v -2.201113 5.459956 -27.543770
v -2.199148 5.468841 -27.478138
v -2.198184 5.469693 -27.543797
v -2.201663 5.459326 -27.490654
v -2.201750 5.459145 -27.478165
v -2.201656 5.448096 -27.490679
v -2.199341 5.439211 -27.478144
v -2.202156 5.450744 -27.478178
v -2.193807 5.429814 -27.543491
v -2.201204 5.447420 -27.543749
v -2.193872 5.429379 -27.478085
v -2.201957 5.453131 -27.490580
v -2.194277 5.476618 -27.543484
v -2.178585 5.418057 -27.477982
v -2.169020 5.415473 -27.490406
v -2.167685 5.415262 -27.477917
v -2.196943 5.459278 -27.543756
v -2.196071 5.464387 -27.478165
v -2.197380 5.458817 -27.490643
v -2.193774 5.469132 -27.543751
v -2.197391 5.448618 -27.490633
v -2.197938 5.452003 -27.478186
v -2.195162 5.440532 -27.478149
v -2.196937 5.448164 -27.543753
v -2.193891 5.438522 -27.543770
v -2.190892 5.474902 -27.478058
v -2.199063 5.438466 -27.478138
v -2.197576 5.449587 -27.478157
v -2.201979 5.449601 -27.478157
v -2.201841 5.459047 -27.478151
v -2.197779 5.456627 -27.478165
v -2.195607 5.465673 -27.478148
v -2.201545 5.448038 -27.490704
v -2.197336 5.448650 -27.490627
v -2.196940 5.448178 -27.543743
v -2.200968 5.447298 -27.543673
v -2.194106 5.429920 -27.478073
v -2.195223 5.440472 -27.478157
v -2.201561 5.459421 -27.490646
v -2.197468 5.458823 -27.490595
v -2.197805 5.453434 -27.490515
v -2.201911 5.453718 -27.490547
v -2.201142 5.447362 -27.543793
v -2.194461 5.439994 -27.543808
v -2.198242 5.437853 -27.543846
v -2.190878 5.432541 -27.478083
v -2.196947 5.448182 -27.543770
v -2.193965 5.477149 -27.543499
v -2.194615 5.467009 -27.543795
v -2.198908 5.467906 -27.543798
v -2.201030 5.459993 -27.543781
v -2.196941 5.459266 -27.543728
v -2.197348 5.458816 -27.490620
v -2.201541 5.459412 -27.490700
v -2.198341 5.470629 -27.478100
v -2.197467 5.448631 -27.490601
v -2.201559 5.448020 -27.490639
v -2.201126 5.460048 -27.543804
v -2.196943 5.459255 -27.543764
v -2.192101 5.473005 -27.478092
v -2.197754 5.453756 -27.490541
v -2.158309 5.419737 -27.490335
v -2.161266 5.419355 -27.477911
v -2.150676 5.421927 -27.477819
v -2.177914 5.418072 -27.543648
v -2.169275 5.415663 -27.543526
v -2.162905 5.415171 -27.490290
v -2.157788 5.415478 -27.490349
v -2.148998 5.417887 -27.477764
v -2.159093 5.415294 -27.477848
v -2.141635 5.421748 -27.477703
v -2.144606 5.419592 -27.543360
v -2.156700 5.415719 -27.543411
v -2.185913 5.422461 -27.543419
v -2.178425 5.422961 -27.543634
v -2.176927 5.422211 -27.478018
v -2.168510 5.419753 -27.490425
v -2.168572 5.419792 -27.543543
v -2.147622 5.422926 -27.543427
v -2.141922 5.426631 -27.477695
v -2.157459 5.419798 -27.543455
v -2.184686 5.426340 -27.478027
v -2.169021 5.419855 -27.477974
v -2.160293 5.415102 -27.477840
v -2.159865 5.419557 -27.477884
v -2.168324 5.419631 -27.477955
v -2.149720 5.417688 -27.477762
v -2.168783 5.415448 -27.477890
v -2.157730 5.415589 -27.490376
v -2.158343 5.419798 -27.490334
v -2.157472 5.419796 -27.543446
v -2.156592 5.415769 -27.543339
v -2.169114 5.415573 -27.490402
v -2.168517 5.419666 -27.490377
v -2.163414 5.419338 -27.490257
v -2.164244 5.415252 -27.490271
v -2.142242 5.421360 -27.477699
v -2.142634 5.426169 -27.477699
v -2.150275 5.422006 -27.477814
v -2.178136 5.422683 -27.478024
v -2.156664 5.415603 -27.543463
v -2.157476 5.419788 -27.543474
v -2.148296 5.422637 -27.543465
v -2.178376 5.418213 -27.543690
v -2.180979 5.424359 -27.543558
v -2.175261 5.421745 -27.543623
v -2.169287 5.415705 -27.543543
v -2.168560 5.419794 -27.543514
v -2.168509 5.419786 -27.490402
v -2.169105 5.415593 -27.490456
v -2.158320 5.419666 -27.490301
v -2.157718 5.415547 -27.490313
v -2.169346 5.415604 -27.543564
v -2.168551 5.419795 -27.543547
v -2.177975 5.417906 -27.477974
v -2.148354 5.418046 -27.543440
v -2.140558 5.422134 -27.543129
v -2.191037 5.473986 -27.543484
v -2.163450 5.419382 -27.490284
v -2.194762 5.476613 -27.478104
v -2.190349 5.474885 -27.543427
v -2.186602 5.423018 -27.543421
v -2.140623 5.427276 -27.543056
v -2.184181 5.426388 -27.543381
v -2.185488 5.426931 -27.477999
v -2.187004 5.422853 -27.478058
v -2.186400 5.422466 -27.478039
v -2.140025 5.427761 -27.543049
v -2.140317 5.479930 -27.543051
v -2.131797 5.430851 -27.543005
v -2.140617 5.484975 -27.477695
v -2.142386 5.481023 -27.477697
v -2.141853 5.481054 -27.543062
v -2.136231 5.474982 -27.477650
v -2.185988 5.479712 -27.543407
v -2.186362 5.484663 -27.543425
v -2.190484 5.474993 -27.543438
v -2.190799 5.474840 -27.478067
v -2.188269 5.483522 -27.478039
v -2.189009 5.477136 -27.478054
v -2.193536 5.478149 -27.478109
v -2.188297 5.483512 -27.478056
v -2.194485 5.476796 -27.543465
v -2.194839 5.476675 -27.478119
v -2.135486 5.474704 -27.543041
v -2.131910 5.476768 -27.543028
v -2.136590 5.482017 -27.543060
v -2.131425 5.431333 -27.543043
v -2.142338 5.481083 -27.477692
v -2.141839 5.481071 -27.543076
v -2.132043 5.476313 -27.477633
v -2.138761 5.483606 -27.477692
v -2.132731 5.477944 -27.542992
v -2.133315 5.478039 -27.477638
v -2.140538 5.485074 -27.477699
v -2.140106 5.484993 -27.543085
v -2.135126 5.434074 -27.477655
v -2.138512 5.429744 -27.477695
v -2.132285 5.430851 -27.477634
v -2.131784 5.430840 -27.543015
v -2.132285 5.430850 -27.477631
v -2.135596 5.426797 -27.477667
v -2.137007 5.425019 -27.543037
v -2.136381 5.431592 -27.543028
v -2.135358 5.426655 -27.543058
v -2.135685 5.432557 -27.543016
v -2.136184 5.432577 -27.477655
v -2.135680 5.432551 -27.543034
v -2.186398 5.422471 -27.478052
v -2.185878 5.422514 -27.543415
v -2.191180 5.433061 -27.478073
v -2.189881 5.431867 -27.543428
v -2.184732 5.426300 -27.477978
v -2.184222 5.426338 -27.543396
v -2.190546 5.432736 -27.543455
v -2.193357 5.429536 -27.543488
v -2.186216 5.428003 -27.543428
v -2.172460 5.422732 -27.437798
v -2.180685 5.425895 -27.441408
v -2.190069 5.431787 -27.544981
v -2.163023 5.420015 -27.544781
v -2.159019 5.420879 -27.452961
v -2.190639 5.433733 -27.449936
v -2.196414 5.446688 -27.437874
v -2.197763 5.459304 -27.415390
v -2.196512 5.463388 -27.545029
v -2.195207 5.468298 -27.444504
v -2.187593 5.479061 -27.446262
v -2.176811 5.486151 -27.452297
v -2.180359 5.484028 -27.544909
v -2.163697 5.488380 -27.454063
v -2.163023 5.488106 -27.544781
v -2.154805 5.487546 -27.447119
v -2.146667 5.484275 -27.446171
v -2.145688 5.484028 -27.544651
v -2.163023 5.488106 -27.544781
v -2.163710 5.488493 -27.451916
v -2.136748 5.475942 -27.445080
v -2.129534 5.463388 -27.544531
v -2.131237 5.464794 -27.434828
v -2.130182 5.458080 -27.420851
v -2.132528 5.441821 -27.439865
v -2.135978 5.431787 -27.544579
v -2.139713 5.431519 -27.439032
v -2.146609 5.426044 -27.441357
v -2.159487 5.424427 -27.425335
v -2.185522 5.436226 -27.409603
v -2.193320 5.446370 -27.408409
v -2.180854 5.489670 -27.425213
v -2.163872 5.492783 -27.430628
v -2.131439 5.455554 -27.405848
v -2.172718 5.494570 -27.421942
v -2.163930 5.495534 -27.422592
v -2.150864 5.434798 -27.399626
v -2.168554 5.434021 -27.395626
v -2.196802 5.465810 -27.387419
v -2.195481 5.481434 -27.404568
v -2.187916 5.490935 -27.409721
v -2.155218 5.498675 -27.413387
v -2.147069 5.495766 -27.411665
v -2.140145 5.491148 -27.408981
v -2.134841 5.485099 -27.405460
v -2.134894 5.454670 -27.389860
v -2.140182 5.448649 -27.386410
v -2.185106 5.450563 -27.378454
v -2.164025 5.502499 -27.410019
v -2.131767 5.499516 -27.370701
v -2.151066 5.448791 -27.372696
v -2.168755 5.448765 -27.368666
v -2.193635 5.473032 -27.364029
v -2.181100 5.509348 -27.392735
v -2.181628 5.476305 -27.342621
v -2.188512 5.480028 -27.346516
v -2.172946 5.515033 -27.391514
v -2.164171 5.517844 -27.390490
v -2.164141 5.514196 -27.394194
v -2.130602 5.489500 -27.364326
v -2.151244 5.467352 -27.349022
v -2.168932 5.468070 -27.345081
v -2.197146 5.508446 -27.342712
v -2.198329 5.532630 -27.336670
v -2.195733 5.509095 -27.370617
v -2.188152 5.514255 -27.380589
v -2.155424 5.521855 -27.385065
v -2.147283 5.519746 -27.382401
v -2.140370 5.516393 -27.378223
v -2.135083 5.512015 -27.372749
v -2.135212 5.489316 -27.347185
v -2.140516 5.484968 -27.341791
v -2.151390 5.489912 -27.329178
v -2.169077 5.491365 -27.325436
v -2.193890 5.512796 -27.331263
v -2.181267 5.539352 -27.369659
v -2.164302 5.543277 -27.372463
v -2.185544 5.514458 -27.319618
v -2.191447 5.538449 -27.361183
v -2.173090 5.545197 -27.370514
v -2.164313 5.546044 -27.371346
v -2.130822 5.547574 -27.332796
v -2.132038 5.543788 -27.324699
v -2.151504 5.515900 -27.313725
v -2.169190 5.518074 -27.310307
v -2.197137 5.554756 -27.341242
v -2.151124 5.544744 -27.369724
v -2.137362 5.540280 -27.360008
v -2.137633 5.522687 -27.322201
v -2.185631 5.543295 -27.308445
v -2.188424 5.565970 -27.354963
v -2.131964 5.560858 -27.339989
v -2.151564 5.546053 -27.302874
v -2.169268 5.548656 -27.300014
v -2.192567 5.565624 -27.311123
v -2.197295 5.563243 -27.322481
v -2.193760 5.567680 -27.347797
v -2.177591 5.573191 -27.361818
v -2.155732 5.569937 -27.363148
v -2.147565 5.569924 -27.359697
v -2.137430 5.568220 -27.351273
v -2.135520 5.562001 -27.313713
v -2.140905 5.560057 -27.307068
v -2.178868 5.577753 -27.299168
v -2.164368 5.575957 -27.363903
v -2.164371 5.575477 -27.363905
v -2.147945 5.575735 -27.300735
v -2.160825 5.582825 -27.296125
v -2.177857 6.202223 -27.298437
v -2.164871 6.202224 -27.296061
v -2.188591 6.202231 -27.305977
v -2.195970 6.202223 -27.316822
v -2.198152 6.202224 -27.329840
v -2.195776 6.202223 -27.342825
v -2.188238 6.202231 -27.353561
v -2.177392 6.202223 -27.360939
v -2.164370 6.202222 -27.363121
v -2.151387 6.202223 -27.360744
v -2.164376 6.202222 -27.363121
v -2.140654 6.202231 -27.353207
v -2.133275 6.202223 -27.342361
v -2.131092 6.202224 -27.329342
v -2.133468 6.202223 -27.316357
v -2.141007 6.202231 -27.305622
v -2.151854 6.202223 -27.298244
v -2.141197 6.202768 -27.305492
v -2.132501 6.202257 -27.320639
v -2.131027 6.202970 -27.329311
v -2.132372 6.202257 -27.338068
v -2.140523 6.202767 -27.353018
v -2.188722 6.202767 -27.306168
v -2.173576 6.202257 -27.297470
v -2.164897 6.202979 -27.295992
v -2.155667 6.202257 -27.361712
v -2.164345 6.202970 -27.363188
v -2.173097 6.202257 -27.361841
v -2.188048 6.202767 -27.353691
v -2.196743 6.202257 -27.338547
v -2.198218 6.202970 -27.329868
v -2.196872 6.202257 -27.321117
v -2.156142 6.202288 -27.297329
v -2.181608 6.202168 -27.300877
v -2.135658 6.202168 -27.346149
v -2.148065 6.202168 -27.300627
v -2.181180 6.202168 -27.358557
v -2.135907 6.202168 -27.312605
v -2.193587 6.202168 -27.313034
v -2.147636 6.202168 -27.358307
v -2.193337 6.202168 -27.346577
v -2.164818 6.202169 -27.303284
v -2.171688 6.202168 -27.304245
v -2.178041 6.202168 -27.306908
v -2.187307 6.202168 -27.343010
v -2.183136 6.202168 -27.348381
v -2.177703 6.202168 -27.352474
v -2.141740 6.202168 -27.342672
v -2.139173 6.202168 -27.336281
v -2.138314 6.202168 -27.329395
v -2.151542 6.202168 -27.306709
v -2.157933 6.202168 -27.304142
v -2.183413 6.202168 -27.311077
v -2.187504 6.202168 -27.316511
v -2.171311 6.202168 -27.355042
v -2.164427 6.202168 -27.355900
v -2.139275 6.202168 -27.322525
v -2.141937 6.202168 -27.316174
v -2.190071 6.202168 -27.322903
v -2.190931 6.202168 -27.329786
v -2.157556 6.202168 -27.354939
v -2.151203 6.202168 -27.352276
v -2.146109 6.202168 -27.310801
v -2.189969 6.202168 -27.336658
v -2.145832 6.202168 -27.348104
v -2.182786 6.136466 -27.311691
v -2.177566 6.136651 -27.307711
v -2.171438 6.136651 -27.305141
v -2.164755 6.202229 -27.303524
v -2.164712 6.136619 -27.304085
v -2.174643 6.136623 -27.305891
v -2.175025 6.202231 -27.305433
v -2.185343 6.202232 -27.345854
v -2.184996 6.136623 -27.345369
v -2.174537 6.136623 -27.353338
v -2.174600 6.202231 -27.353928
v -2.171091 6.136466 -27.354195
v -2.177239 6.136651 -27.351662
v -2.182480 6.136651 -27.347717
v -2.140285 6.202231 -27.339569
v -2.140877 6.136623 -27.339508
v -2.139117 6.136619 -27.329502
v -2.138555 6.202228 -27.329460
v -2.140116 6.136465 -27.322765
v -2.139246 6.136651 -27.329403
v -2.140074 6.136651 -27.336044
v -2.154646 6.202231 -27.305254
v -2.154706 6.136623 -27.305847
v -2.183197 6.202228 -27.311205
v -2.182769 6.136619 -27.311573
v -2.188368 6.136623 -27.319675
v -2.188959 6.202231 -27.319614
v -2.164534 6.136619 -27.355097
v -2.164489 6.202228 -27.355659
v -2.140922 6.136623 -27.319572
v -2.140464 6.202231 -27.319189
v -2.189800 6.136614 -27.336519
v -2.190288 6.202239 -27.336662
v -2.189128 6.136465 -27.336420
v -2.189999 6.136651 -27.329781
v -2.189170 6.136651 -27.323139
v -2.146459 6.136466 -27.347492
v -2.151679 6.136651 -27.351473
v -2.157806 6.136651 -27.354040
v -2.154601 6.136623 -27.353292
v -2.154220 6.202232 -27.353750
v -2.146236 6.202228 -27.311016
v -2.146604 6.136619 -27.311445
v -2.158154 6.136465 -27.304989
v -2.152005 6.136651 -27.307520
v -2.146765 6.136651 -27.311466
v -2.189723 6.202229 -27.336588
v -2.189167 6.136628 -27.336430
v -2.146047 6.202228 -27.347979
v -2.146476 6.136619 -27.347610
v 12.014869 2.349817 24.545620
v 12.049484 2.611342 24.783012
v 12.047194 2.349838 24.768112
v 12.015170 2.362652 24.654263
v 12.015139 2.449780 24.654108
v 11.997694 2.355886 24.532951
v 12.047240 2.616863 24.768162
v 12.014825 2.616764 24.545742
v 12.011826 2.595049 24.524807
v 12.011831 2.371013 24.524792
v 12.050270 2.371530 24.789013
v 12.050267 2.597371 24.789009
v 12.049267 2.356112 24.783001
v 12.012577 2.355930 24.530830
v 12.012581 2.610482 24.530853
v 11.799345 3.165938 24.664879
v 11.782546 3.165903 24.674789
v 11.799940 3.165863 24.715393
v 11.777806 3.165938 24.693750
v 11.787720 3.165894 24.710552
v 11.818302 3.165903 24.669617
v 11.818888 3.165896 24.710073
v 11.826686 3.165934 24.699600
v 11.963379 2.517464 24.671162
v 12.009937 2.603309 24.664314
v 12.008672 2.603325 24.655817
v 11.962055 2.517491 24.662504
v 12.032267 2.349827 24.770298
v 12.034384 2.356067 24.785213
v 12.016587 2.362650 24.663931
v 11.957745 2.478904 24.633015
v 11.957860 2.487660 24.633045
v 11.992013 2.487608 24.541302
v 11.992041 2.479013 24.541311
v 11.998522 2.488203 24.539721
v 12.015170 2.516831 24.654129
v 11.997690 2.610526 24.532974
v 12.016587 2.362650 24.663931
v 12.034384 2.356067 24.785213
v 12.020690 2.478245 24.692287
v 12.015139 2.449780 24.654108
v 12.016664 2.449766 24.664070
v 12.010949 2.478240 24.625980
v 11.997694 2.355886 24.532951
v 12.015139 2.449780 24.654108
v 11.998536 2.478438 24.539719
v 12.016593 2.516829 24.664120
v 12.020602 2.488367 24.692276
v 12.033266 2.488173 24.778503
v 12.016587 2.362650 24.663931
v 12.020690 2.478245 24.692287
v 12.010887 2.488396 24.626001
v 11.998536 2.478438 24.539719
v 12.014969 2.603855 24.654305
v 12.008648 2.603357 24.655750
v 12.009901 2.603373 24.664398
v 12.016370 2.603874 24.663990
v 12.008651 2.363260 24.655567
v 11.962217 2.449149 24.662533
v 12.014892 2.449615 24.654179
v 12.015013 2.362896 24.654655
v 11.967706 2.478942 24.700560
v 11.967714 2.487656 24.700584
v 12.020468 2.488201 24.692389
v 12.020469 2.478408 24.692390
v 11.957924 2.487664 24.633030
v 12.010765 2.488326 24.625811
v 11.998319 2.487890 24.539989
v 11.992008 2.487851 24.541279
v 12.015170 2.516831 24.654129
v 11.998522 2.488203 24.539721
v 11.962172 2.517384 24.662518
v 12.014927 2.516896 24.654301
v 12.016339 2.516914 24.663982
v 11.963430 2.517399 24.671146
v 12.016315 2.603715 24.663681
v 12.009946 2.603348 24.664570
v 11.963470 2.517458 24.671143
v 12.016338 2.516994 24.664120
v 12.008651 2.603348 24.655567
v 12.014933 2.603730 24.654385
v 12.014906 2.516990 24.654160
v 11.962217 2.517460 24.662529
v 11.967591 2.487704 24.700691
v 11.967693 2.478948 24.700630
v 12.026573 2.479000 24.778839
v 12.026597 2.487596 24.778820
v 12.026575 2.478757 24.778862
v 11.967768 2.478977 24.700626
v 12.020468 2.478288 24.692490
v 12.033002 2.478770 24.778297
v 11.957892 2.478942 24.633110
v 12.010796 2.478408 24.625908
v 12.010797 2.488191 24.625889
v 11.957893 2.487662 24.633095
v 11.998315 2.488193 24.539846
v 11.998318 2.478417 24.539850
v 11.991980 2.478929 24.541245
v 11.991991 2.487671 24.541271
v 12.008673 2.363284 24.655817
v 12.009937 2.363300 24.664314
v 11.963379 2.449145 24.671162
v 11.962055 2.449118 24.662504
v 12.026590 2.487854 24.778862
v 12.032965 2.488119 24.778320
v 12.020483 2.488343 24.692482
v 11.967760 2.487648 24.700626
v 12.014969 2.362753 24.654305
v 12.016370 2.362735 24.663990
v 12.009901 2.363235 24.664398
v 12.008648 2.363251 24.655750
v 12.033266 2.488173 24.778503
v 12.016602 2.603950 24.663956
v 12.016593 2.516829 24.664120
v 12.034384 2.356067 24.785213
v 12.033260 2.478405 24.778500
v 12.020690 2.478245 24.692287
v 12.015188 2.603957 24.654289
v 11.997690 2.610526 24.532974
v 12.015170 2.516831 24.654129
v 12.026557 2.478929 24.778902
v 12.033030 2.478417 24.778435
v 12.033023 2.488205 24.778460
v 12.026563 2.487667 24.778866
v 11.963428 2.449225 24.671150
v 12.016336 2.449713 24.663994
v 12.014933 2.449694 24.654312
v 11.962174 2.449210 24.662521
v 11.992023 2.478754 24.541275
v 11.998287 2.478490 24.539978
v 12.010782 2.478265 24.625813
v 11.957924 2.478960 24.633030
v 12.016319 2.362878 24.663912
v 12.016357 2.449619 24.664133
v 11.963464 2.449152 24.671162
v 12.009961 2.363260 24.664574
v 12.015170 2.362652 24.654263
v 12.034765 2.611402 24.785217
v 12.049069 2.611333 24.783112
v 12.046591 2.617638 24.765911
v 12.032257 2.617638 24.767933
v 12.035757 2.595333 24.791918
v 12.050082 2.595458 24.789806
v 12.049114 2.611395 24.783134
v 12.034781 2.611365 24.785149
v 12.035739 2.373745 24.791945
v 12.034786 2.356036 24.785147
v 12.049109 2.356009 24.783133
v 12.050070 2.373919 24.789860
v 12.034760 2.356004 24.785213
v 12.032325 2.349118 24.768044
v 12.046591 2.348974 24.765900
v 12.049074 2.356074 24.783104
v 11.996866 2.595041 24.526970
v 11.998522 2.488203 24.539721
v 11.997690 2.610526 24.532974
v 11.997039 2.592808 24.526091
v 11.998089 2.610558 24.532925
v 12.012392 2.610585 24.530773
v 12.011406 2.592788 24.524082
v 11.998045 2.610589 24.532867
v 12.000475 2.617353 24.549438
v 12.014796 2.617387 24.547321
v 12.012367 2.610520 24.530811
v 12.000179 2.349505 24.548786
v 11.997694 2.355886 24.532951
v 11.998041 2.355822 24.532841
v 12.012362 2.355891 24.530785
v 12.014773 2.349236 24.547218
v 12.000421 2.348961 24.549694
v 11.997141 2.373131 24.526241
v 12.011398 2.373318 24.524042
v 12.012390 2.355826 24.530750
v 11.998085 2.355854 24.532900
v 12.043703 2.349058 24.746391
v 12.017672 2.349058 24.567467
v 12.035789 2.576005 24.791874
v 12.035391 2.597351 24.791164
v 12.035307 2.371525 24.791195
v 12.017687 2.617551 24.567574
v 12.043705 2.617551 24.746399
v 12.016602 2.603950 24.663956
v 12.033266 2.488173 24.778503
v 12.034404 2.611338 24.785202
v 11.999908 2.616779 24.547892
v 12.015188 2.603957 24.654289
v 12.016602 2.603950 24.663956
v 12.029472 2.349058 24.748455
v 11.997133 2.393046 24.526178
v 11.996929 2.371023 24.526966
v 11.998536 2.478438 24.539719
v 12.035789 2.393795 24.791874
v 12.050019 2.393788 24.789804
v 12.050019 2.576000 24.789804
v 12.011362 2.393060 24.524109
v 12.011362 2.572761 24.524109
v 11.997133 2.572764 24.526178
v 12.029476 2.617551 24.748486
v 12.032360 2.616861 24.770273
v 12.003458 2.617551 24.569643
v 12.033266 2.488173 24.778503
v 12.033260 2.478405 24.778500
v 12.034404 2.611338 24.785202
v 12.034404 2.611338 24.785202
v 11.997694 2.355886 24.532951
v 11.997690 2.610526 24.532974
v 12.034384 2.356067 24.785213
v 11.967636 2.477689 24.704781
v 11.954872 2.467906 24.703926
v 12.019838 2.467841 24.694374
v 12.020153 2.477045 24.696949
v 11.955288 2.479094 24.706787
v 11.967591 2.483216 24.705095
v 12.019032 2.505826 24.690552
v 11.954601 2.502585 24.702015
v 12.019889 2.497257 24.694839
v 11.955250 2.489454 24.706654
v 11.967632 2.488917 24.704784
v 12.020115 2.489620 24.696878
v 12.019585 2.477708 24.692909
v 11.954370 2.470547 24.700191
v 11.967015 2.478204 24.700554
v 12.019587 2.488872 24.692865
v 11.967025 2.488408 24.700558
v 11.954323 2.497026 24.699806
v 12.019055 2.467062 24.689236
v 11.953688 2.462127 24.695831
v 11.954754 2.480779 24.702724
v 11.954683 2.488894 24.702219
v 11.955212 2.490228 24.706287
v 11.954326 2.496870 24.699894
v 11.954657 2.488920 24.702209
v 11.955244 2.478053 24.706612
v 11.954722 2.483603 24.702702
v 11.954672 2.478019 24.702291
v 11.954880 2.468838 24.704197
v 11.955311 2.484057 24.706974
v 11.967655 2.488988 24.704662
v 11.967005 2.488376 24.700504
v 12.019567 2.488848 24.692858
v 12.020048 2.489729 24.696857
v 11.954256 2.505772 24.699900
v 11.954775 2.499892 24.703310
v 11.967591 2.477600 24.704685
v 11.966988 2.478199 24.700638
v 11.966953 2.482669 24.700970
v 11.967548 2.483304 24.705046
v 11.953764 2.503462 24.696489
v 12.020184 2.489664 24.697010
v 12.019602 2.488841 24.692858
v 12.019849 2.499175 24.694134
v 12.020166 2.477032 24.696905
v 12.019554 2.477759 24.692863
v 11.966998 2.478209 24.700516
v 11.967650 2.477614 24.704659
v 11.966988 2.488402 24.700644
v 11.967592 2.489006 24.704685
v 11.954311 2.469556 24.699818
v 12.020216 2.476975 24.697012
v 12.019291 2.469835 24.690466
v 12.019595 2.477771 24.692860
v 12.019910 2.468277 24.694530
v 11.953723 2.462754 24.696239
v 12.019310 2.496683 24.690516
v 12.019131 2.498974 24.689568
v 11.966982 2.483857 24.700912
v 12.015577 2.521403 24.665455
v 11.950670 2.521414 24.675171
v 12.017026 2.518478 24.675077
v 11.962921 2.521554 24.672482
v 11.948479 2.520831 24.659979
v 11.949648 2.521981 24.667999
v 11.961312 2.521570 24.661392
v 11.962067 2.521833 24.667126
v 12.011306 2.515038 24.637270
v 11.947104 2.517380 24.650505
v 12.013758 2.521531 24.653053
v 11.951946 2.518807 24.683796
v 11.953045 2.514613 24.691422
v 12.017743 2.514565 24.681980
v 12.016923 2.514117 24.674435
v 11.951763 2.514856 24.682175
v 12.015497 2.517231 24.664782
v 11.961393 2.517282 24.661882
v 11.961967 2.517636 24.666515
v 11.950108 2.517700 24.670826
v 11.948143 2.515654 24.657345
v 12.013891 2.517308 24.653728
v 11.962854 2.517284 24.671982
v 11.950160 2.521864 24.671631
v 11.950407 2.517489 24.672863
v 11.951998 2.518557 24.684315
v 11.961348 2.521437 24.661303
v 11.961390 2.517227 24.661915
v 12.013885 2.517230 24.653801
v 12.013660 2.521259 24.652945
v 11.962929 2.521452 24.672577
v 11.962822 2.517359 24.671988
v 11.962007 2.517687 24.666950
v 11.962133 2.521773 24.667774
v 12.013813 2.521425 24.653004
v 12.013918 2.517230 24.653803
v 12.012882 2.515107 24.646606
v 11.947769 2.519329 24.655087
v 11.946932 2.516675 24.649467
v 11.947948 2.515138 24.656082
v 11.949053 2.521697 24.664112
v 11.949200 2.517415 24.664661
v 12.015595 2.521321 24.665491
v 12.015468 2.517231 24.664776
v 11.962847 2.517239 24.671978
v 11.962980 2.521432 24.672560
v 11.961360 2.517360 24.661900
v 11.961290 2.521485 24.661301
v 11.951794 2.514734 24.682356
v 11.952843 2.515435 24.690052
v 12.015636 2.521439 24.665546
v 12.016873 2.514399 24.673817
v 12.015504 2.517232 24.664757
v 12.016966 2.518840 24.674335
v 11.952616 2.511419 24.688549
v 12.012644 2.518965 24.644611
v 12.011675 2.511569 24.639641
v 11.951060 2.520708 24.677631
v 12.011871 2.512596 24.640890
v 12.009193 2.489539 24.621586
v 11.944587 2.498107 24.633364
v 12.009663 2.499259 24.624470
v 11.956602 2.488913 24.629093
v 11.944242 2.488277 24.630793
v 11.956501 2.483421 24.628801
v 12.009638 2.467745 24.624243
v 11.944898 2.463976 24.635519
v 11.944511 2.470501 24.632748
v 11.944204 2.479490 24.630592
v 11.956609 2.477703 24.629074
v 12.009171 2.476990 24.621704
v 12.009945 2.506201 24.628386
v 12.010187 2.497179 24.628231
v 11.945263 2.496909 24.637508
v 12.009800 2.488873 24.625704
v 11.945213 2.470597 24.637236
v 11.957223 2.478198 24.633303
v 11.944912 2.478755 24.635056
v 12.010242 2.467190 24.628929
v 11.945833 2.461617 24.641991
v 12.009823 2.477753 24.625713
v 11.957233 2.488405 24.633312
v 11.956470 2.483304 24.628872
v 11.957057 2.483946 24.632931
v 11.957171 2.478202 24.633232
v 12.010475 2.504524 24.632193
v 11.957085 2.483303 24.632977
v 11.944180 2.480089 24.630516
v 11.944504 2.470537 24.632767
v 11.944859 2.479713 24.634899
v 11.944872 2.487209 24.634945
v 11.944242 2.489169 24.630943
v 11.956675 2.477620 24.629192
v 11.957235 2.478233 24.633364
v 12.009800 2.477761 24.625713
v 12.009121 2.476881 24.621742
v 11.956615 2.489002 24.629173
v 11.957191 2.488402 24.633240
v 11.944858 2.464783 24.635166
v 11.945694 2.463142 24.640982
v 11.945201 2.470551 24.637220
v 11.945202 2.495901 24.637169
v 12.009957 2.506018 24.628204
v 12.010212 2.496771 24.628082
v 12.009570 2.497568 24.623821
v 12.009218 2.489577 24.621664
v 12.009784 2.488849 24.625713
v 11.957226 2.488399 24.633354
v 11.956671 2.488996 24.629196
v 11.956606 2.477603 24.629177
v 11.944630 2.498508 24.633612
v 12.009824 2.488837 24.625702
v 12.009220 2.489640 24.621555
v 12.009607 2.468644 24.623974
v 12.010263 2.469230 24.628281
v 12.009928 2.461395 24.627720
v 11.945721 2.503978 24.641300
v 12.009218 2.476954 24.621561
v 12.009830 2.477767 24.625704
v 11.944866 2.486126 24.634768
v 11.962872 2.449327 24.671980
v 11.949947 2.448843 24.669708
v 11.951660 2.451566 24.681591
v 12.013781 2.445213 24.653111
v 11.947876 2.446979 24.655886
v 12.012424 2.448095 24.643467
v 11.961330 2.445070 24.661358
v 11.949023 2.445007 24.663698
v 11.961974 2.444747 24.666431
v 11.962927 2.445041 24.672474
v 11.952078 2.447994 24.684631
v 11.950186 2.444666 24.671701
v 12.017092 2.448258 24.675426
v 12.015562 2.445314 24.665539
v 11.946456 2.451910 24.645992
v 12.013885 2.449366 24.653770
v 11.947954 2.451402 24.656080
v 11.961402 2.449337 24.661888
v 12.012476 2.452605 24.643917
v 12.015509 2.449379 24.664776
v 12.016945 2.452530 24.674505
v 11.962132 2.444836 24.667774
v 11.962048 2.448913 24.667233
v 11.962913 2.445162 24.672585
v 11.950805 2.445408 24.676071
v 11.950438 2.449277 24.673170
v 11.949790 2.444660 24.669094
v 11.951714 2.451671 24.681986
v 11.949563 2.448977 24.667248
v 11.948902 2.445118 24.662937
v 11.947544 2.447801 24.653700
v 11.948188 2.450859 24.657703
v 11.962984 2.445172 24.672550
v 11.962851 2.449381 24.671951
v 12.015482 2.449378 24.664772
v 12.015510 2.445352 24.665657
v 11.961344 2.449248 24.661884
v 11.961296 2.445125 24.661303
v 12.015612 2.445181 24.665577
v 12.015512 2.449373 24.664761
v 12.016977 2.447874 24.674437
v 12.013789 2.445287 24.653076
v 12.013870 2.449377 24.653801
v 11.961378 2.449370 24.661892
v 11.961342 2.445176 24.661297
v 11.962828 2.449251 24.671974
v 12.013800 2.445158 24.653002
v 12.012840 2.451702 24.646130
v 12.013910 2.449377 24.653807
v 12.012501 2.448003 24.643742
v 11.946796 2.455389 24.648554
v 11.952181 2.448566 24.685463
v 12.016691 2.451735 24.672516
v 12.010402 2.502085 24.630728
v 11.962067 2.448960 24.667156
v 11.945255 2.506211 24.637779
v 11.945277 2.506486 24.637974
v 11.945803 2.504427 24.641718
v 11.946699 2.510729 24.647900
v 12.011183 2.452018 24.636776
v 12.011565 2.455280 24.639278
v 12.017282 2.454683 24.678373
v 12.017865 2.452556 24.682781
v 11.946693 2.456000 24.647835
v 12.011373 2.455971 24.638380
v 12.011143 2.452096 24.636700
v 11.946543 2.451598 24.646738
v 11.952953 2.456904 24.691011
v 12.017575 2.456462 24.680981
v 12.017715 2.514762 24.681601
v 12.017512 2.510400 24.680622
v 12.017796 2.452313 24.682327
v 11.953308 2.453514 24.693285
v 11.953110 2.452493 24.691984
v 11.952948 2.456704 24.690784
v 11.952775 2.510606 24.689640
v 12.017467 2.510638 24.680267
v 11.953800 2.503262 24.696560
v 12.011038 2.514052 24.635857
v 12.010778 2.506794 24.634104
v 11.945796 2.504489 24.641642
v 12.010490 2.504502 24.632233
v 11.946165 2.513106 24.644234
v 11.946609 2.510493 24.647442
v 11.946123 2.512762 24.643826
v 12.009895 2.506380 24.628181
v 11.945223 2.506268 24.637714
v 12.018684 2.502203 24.687834
v 12.018970 2.506085 24.690273
v 12.018366 2.510978 24.686119
v 12.018105 2.506810 24.684536
v 12.018902 2.459997 24.689934
v 12.018072 2.506975 24.684410
v 11.952781 2.510582 24.689621
v 12.017485 2.510612 24.680248
v 11.953284 2.507852 24.692972
v 11.953690 2.510717 24.695854
v 11.953249 2.508043 24.692738
v 11.953800 2.509977 24.696556
v 12.017756 2.514754 24.682138
v 11.953035 2.514572 24.691399
v 11.954178 2.459487 24.699059
v 11.954245 2.460426 24.699642
v 12.018929 2.460443 24.690205
v 12.018940 2.460324 24.690353
v 11.954275 2.460356 24.699730
v 12.018600 2.463782 24.687481
v 12.017948 2.458524 24.683319
v 12.018354 2.462132 24.686384
v 12.018379 2.462101 24.686417
v 11.953667 2.462196 24.695732
v 12.010040 2.459170 24.629204
v 11.945468 2.458478 24.639292
v 11.946453 2.451965 24.646015
v 12.011150 2.452085 24.636688
v 11.945564 2.457551 24.640032
v 11.946182 2.459086 24.644257
v 12.011368 2.455837 24.638271
v 11.946705 2.455979 24.647816
v 12.010630 2.460807 24.633165
v 12.010477 2.456233 24.631924
v 11.920092 2.451676 24.664223
v 11.907450 2.455757 24.657814
v 12.013052 2.456431 24.639109
v 12.015960 2.449599 24.659082
v 11.921721 2.450607 24.677528
v 11.907721 2.460914 24.650711
v 11.913800 2.471334 24.642200
v 12.011135 2.474868 24.625942
v 11.894600 2.486634 24.642620
v 11.910631 2.497965 24.642632
v 12.011482 2.497850 24.628323
v 11.916177 2.511325 24.652214
v 12.013462 2.513611 24.641926
v 11.918194 2.517199 24.664562
v 11.926184 2.517964 24.672150
v 12.015960 2.517689 24.659082
v 11.920671 2.517129 24.681992
v 11.920965 2.513858 24.690180
v 12.018457 2.513611 24.676237
v 12.015960 2.517689 24.659082
v 11.915069 2.518800 24.673775
v 11.921389 2.505525 24.700150
v 12.020437 2.497849 24.689842
v 11.914846 2.494053 24.706753
v 11.895487 2.488249 24.710739
v 12.020784 2.474869 24.692223
v 11.917929 2.472563 24.705524
v 11.914961 2.461101 24.698135
v 11.919888 2.455371 24.690388
v 12.018867 2.456429 24.679054
v 11.889510 2.455904 24.673019
v 11.895073 2.519253 24.659561
v 11.902965 2.522377 24.675529
v 11.889894 2.458942 24.690861
v 11.870159 2.478590 24.650717
v 11.860572 2.491173 24.648731
v 11.882723 2.477049 24.708057
v 11.860736 2.466831 24.677208
v 11.867543 2.467811 24.663486
v 11.855406 2.478538 24.658184
v 11.860793 2.512462 24.648739
v 11.867750 2.517905 24.651188
v 11.878691 2.520517 24.654924
v 11.884830 2.528205 24.669296
v 11.887264 2.528259 24.686691
v 11.886797 2.525348 24.695007
v 11.885193 2.520730 24.702257
v 11.880348 2.511942 24.710484
v 11.862873 2.478233 24.705639
v 11.861776 2.470200 24.694954
v 11.873098 2.538085 24.679878
v 11.883043 2.531607 24.678432
v 11.855215 2.498211 24.714729
v 11.836197 2.482707 24.689722
v 11.837300 2.482900 24.671667
v 11.812552 2.541862 24.654751
v 11.864769 2.537466 24.663948
v 11.827602 2.507233 24.656927
v 11.823044 2.498393 24.701565
v 11.812419 2.503127 24.684242
v 11.808428 2.511487 24.672012
v 11.813882 2.512397 24.664257
v 11.851598 2.542068 24.658836
v 11.858356 2.549699 24.673132
v 11.860825 2.549775 24.690559
v 11.857836 2.549327 24.699226
v 11.863865 2.547107 24.681223
v 11.853855 2.542803 24.710022
v 11.842243 2.538660 24.717308
v 11.826000 2.539613 24.720865
v 11.822817 2.521657 24.716774
v 11.818718 2.514552 24.712065
v 11.830978 2.549071 24.654144
v 11.794043 2.527327 24.686918
v 11.796998 2.548517 24.661369
v 11.844740 2.565787 24.670488
v 11.848436 2.567368 24.683468
v 11.846636 2.570759 24.683733
v 11.798687 2.528355 24.704062
v 11.787851 2.548530 24.671122
v 11.801562 2.577170 24.656178
v 11.832243 2.571098 24.661697
v 11.845654 2.572241 24.697205
v 11.838932 2.571507 24.708996
v 11.780277 2.554807 24.688923
v 11.822109 2.576201 24.657782
v 11.826363 2.587612 24.716076
v 11.818581 2.587771 24.720734
v 11.810344 2.583037 24.723145
v 11.801499 2.582757 24.723248
v 11.799791 2.552271 24.717880
v 11.781910 2.562117 24.705734
v 11.781457 2.573643 24.669006
v 11.808842 2.589745 24.656284
v 11.835108 2.597290 24.676353
v 11.837727 2.597355 24.693720
v 11.770541 2.591824 24.689974
v 11.774464 2.578909 24.679813
v 11.786718 2.595986 24.660572
v 11.830330 2.599377 24.668835
v 11.837284 2.600228 24.685091
v 11.837128 2.602190 24.685112
v 11.833731 2.599717 24.706547
v 11.791723 2.591573 24.721252
v 11.782355 2.583870 24.714199
v 11.773973 2.608515 24.672848
v 11.820438 2.604932 24.660318
v 11.770847 2.607269 24.699678
v 11.779633 2.616750 24.714712
v 11.770212 3.231807 24.681717
v 11.769829 3.231807 24.694914
v 11.776038 3.231815 24.669964
v 11.785643 3.231807 24.661030
v 11.798180 3.231807 24.656902
v 11.811377 3.231807 24.657286
v 11.823128 3.231814 24.663109
v 11.832063 3.231807 24.672714
v 11.836192 3.231805 24.685253
v 11.835810 3.231807 24.698444
v 11.836191 3.231805 24.685249
v 11.829981 3.231814 24.710201
v 11.820378 3.231807 24.719135
v 11.807838 3.231807 24.723265
v 11.794647 3.231807 24.722881
v 11.782892 3.231815 24.717056
v 11.773956 3.231807 24.707449
v 11.782737 3.232350 24.716888
v 11.799023 3.231840 24.723188
v 11.807816 3.232552 24.723333
v 11.816271 3.231840 24.720676
v 11.829814 3.232350 24.710358
v 11.776207 3.232350 24.669807
v 11.769905 3.231840 24.686096
v 11.769756 3.232562 24.694897
v 11.836116 3.231840 24.694071
v 11.836262 3.232552 24.685270
v 11.833605 3.231840 24.676819
v 11.823284 3.232350 24.663277
v 11.806997 3.231840 24.656979
v 11.798199 3.232552 24.656834
v 11.789750 3.231840 24.659489
v 11.772404 3.231871 24.703350
v 11.772055 3.231752 24.677639
v 11.823763 3.231752 24.716206
v 11.776887 3.231752 24.710835
v 11.829134 3.231752 24.669331
v 11.790567 3.231752 24.721039
v 11.782258 3.231752 24.663960
v 11.833966 3.231752 24.702526
v 11.815453 3.231752 24.659126
v 11.776976 3.231752 24.693872
v 11.776886 3.231752 24.686935
v 11.778555 3.231752 24.680252
v 11.812840 3.231752 24.665627
v 11.818781 3.231752 24.668938
v 11.823648 3.231752 24.673687
v 11.819405 3.231752 24.710720
v 11.813475 3.231752 24.714226
v 11.806801 3.231752 24.716118
v 11.782372 3.231752 24.706478
v 11.778867 3.231752 24.700546
v 11.781865 3.231752 24.674313
v 11.786616 3.231752 24.669445
v 11.827154 3.231752 24.679619
v 11.829044 3.231752 24.686293
v 11.799864 3.231752 24.716208
v 11.793180 3.231752 24.714539
v 11.792545 3.231752 24.665939
v 11.799221 3.231752 24.664047
v 11.829135 3.231752 24.693230
v 11.827465 3.231752 24.699913
v 11.787239 3.231752 24.711227
v 11.806157 3.231752 24.663960
v 11.824156 3.231752 24.705853
v 11.779422 3.166234 24.680601
v 11.777811 3.166234 24.687048
v 11.777224 3.231811 24.693899
v 11.777785 3.166203 24.693857
v 11.778066 3.166206 24.683765
v 11.777555 3.231815 24.683456
v 11.815949 3.231815 24.667139
v 11.815520 3.166207 24.667553
v 11.824980 3.166207 24.676683
v 11.825556 3.231815 24.676537
v 11.816556 3.231815 24.712629
v 11.816406 3.166207 24.712055
v 11.806786 3.166202 24.715309
v 11.806826 3.231811 24.715870
v 11.806666 3.166234 24.715195
v 11.813105 3.166234 24.713371
v 11.780464 3.231815 24.703632
v 11.781042 3.166207 24.703484
v 11.782022 3.231812 24.674505
v 11.782454 3.166202 24.674873
v 11.789608 3.166207 24.668114
v 11.789464 3.231815 24.667536
v 11.779722 3.166234 24.700176
v 11.783104 3.166234 24.705896
v 11.828236 3.166203 24.686310
v 11.828797 3.231811 24.686266
v 11.828178 3.166048 24.686403
v 11.826298 3.166234 24.679989
v 11.822917 3.166234 24.674271
v 11.796692 3.166207 24.715027
v 11.796384 3.231815 24.715538
v 11.806046 3.166197 24.664146
v 11.806114 3.231822 24.663643
v 11.792916 3.166234 24.666794
v 11.787197 3.166234 24.670176
v 11.828211 3.166234 24.693119
v 11.827954 3.166207 24.696404
v 11.828465 3.231815 24.696709
v 11.787433 3.231811 24.711071
v 11.787800 3.166202 24.710642
v 11.793530 3.166234 24.713673
v 11.806126 3.231813 24.664211
v 11.806053 3.166211 24.664787
v 11.812492 3.166234 24.666492
v 11.806046 3.166234 24.664883
v 11.823998 3.231811 24.705660
v 11.823570 3.166202 24.705292
v 11.823406 3.166234 24.705296
v 11.707075 2.857856 22.430492
v 11.709373 2.852342 22.445358
v 11.674801 2.857791 22.208078
v 11.674757 2.590818 22.207968
v 11.707083 2.590838 22.430458
v 11.676476 2.757828 22.326469
v 11.694265 2.852345 22.447559
v 11.676481 2.844953 22.326305
v 11.671708 2.836038 22.187153
v 11.671724 2.612002 22.187141
v 11.710154 2.612528 22.451355
v 11.710161 2.838369 22.451357
v 11.709155 2.597113 22.445347
v 11.672466 2.596930 22.193176
v 11.672469 2.851482 22.193201
v 11.694271 2.597067 22.447561
v 11.680578 2.719246 22.354635
v 11.676462 2.603646 22.326283
v 11.459234 3.406938 22.327225
v 11.442434 3.406903 22.337137
v 11.478199 3.406852 22.331951
v 11.466566 3.406938 22.377634
v 11.483364 3.406903 22.367720
v 11.437695 3.406938 22.356096
v 11.447609 3.406903 22.372894
v 11.488104 3.406938 22.348763
v 11.692219 2.857871 22.432625
v 11.659800 2.857780 22.210243
v 11.676481 2.844953 22.326305
v 11.623268 2.758464 22.333509
v 11.669827 2.844309 22.326660
v 11.668560 2.844325 22.318163
v 11.621943 2.758491 22.324850
v 11.692226 2.590840 22.432617
v 11.694271 2.597067 22.447561
v 11.676462 2.603646 22.326283
v 11.663122 2.589955 22.232536
v 11.617634 2.719905 22.295362
v 11.617748 2.728661 22.295391
v 11.651902 2.728609 22.203648
v 11.651930 2.720013 22.203657
v 11.676476 2.757828 22.326469
v 11.693146 2.729176 22.440853
v 11.694265 2.852345 22.447559
v 11.658401 2.729205 22.202065
v 11.675058 2.757832 22.316475
v 11.657581 2.851526 22.195320
v 11.674994 2.690789 22.316452
v 11.676552 2.690766 22.326420
v 11.670837 2.719241 22.288326
v 11.658422 2.719437 22.202065
v 11.675082 2.603660 22.316608
v 11.676476 2.757828 22.326469
v 11.680490 2.729367 22.354622
v 11.693146 2.729176 22.440853
v 11.676462 2.603646 22.326283
v 11.680578 2.719246 22.354635
v 11.670776 2.729396 22.288349
v 11.674857 2.844856 22.316650
v 11.668536 2.844358 22.318096
v 11.669789 2.844374 22.326748
v 11.676258 2.844874 22.326338
v 11.668539 2.604261 22.317913
v 11.622107 2.690149 22.324879
v 11.674780 2.690615 22.316526
v 11.674902 2.603896 22.317001
v 11.627594 2.719942 22.362906
v 11.627604 2.728657 22.362930
v 11.680357 2.729202 22.354733
v 11.680357 2.719409 22.354736
v 11.617813 2.728664 22.295376
v 11.670653 2.729326 22.288157
v 11.658207 2.728890 22.202335
v 11.651896 2.728852 22.203625
v 11.675058 2.757832 22.316475
v 11.658401 2.729205 22.202065
v 11.622060 2.758384 22.324863
v 11.674816 2.757896 22.316648
v 11.676228 2.757915 22.326328
v 11.623319 2.758399 22.333494
v 11.676203 2.844715 22.326027
v 11.669834 2.844348 22.326918
v 11.623358 2.758459 22.333488
v 11.676228 2.757995 22.326466
v 11.668539 2.844348 22.317913
v 11.674822 2.844730 22.316730
v 11.674795 2.757990 22.316507
v 11.622107 2.758460 22.324875
v 11.627481 2.728705 22.363039
v 11.627583 2.719949 22.362976
v 11.686461 2.720000 22.441185
v 11.686485 2.728596 22.441168
v 11.686464 2.719757 22.441208
v 11.627657 2.719978 22.362974
v 11.680356 2.719288 22.354836
v 11.692890 2.719770 22.440643
v 11.617781 2.719942 22.295456
v 11.670685 2.719408 22.288252
v 11.670685 2.729191 22.288235
v 11.617782 2.728662 22.295441
v 11.658203 2.729193 22.202194
v 11.658206 2.719418 22.202198
v 11.651869 2.719929 22.203592
v 11.651880 2.728672 22.203617
v 11.668560 2.604284 22.318163
v 11.669827 2.604300 22.326660
v 11.623268 2.690145 22.333509
v 11.621943 2.690118 22.324850
v 11.686480 2.728855 22.441208
v 11.692853 2.729119 22.440666
v 11.680371 2.729344 22.354828
v 11.627649 2.728649 22.362974
v 11.674857 2.603754 22.316650
v 11.676258 2.603735 22.326338
v 11.669789 2.604236 22.326748
v 11.668536 2.604252 22.318096
v 11.694271 2.597067 22.447561
v 11.693155 2.719406 22.440844
v 11.680578 2.719246 22.354635
v 11.675087 2.844954 22.316639
v 11.657581 2.851526 22.195320
v 11.675058 2.757832 22.316475
v 11.657578 2.596886 22.195297
v 11.675082 2.603660 22.316608
v 11.658422 2.719437 22.202065
v 11.686446 2.719929 22.441246
v 11.692918 2.719418 22.440779
v 11.692911 2.729205 22.440804
v 11.686451 2.728667 22.441212
v 11.623316 2.690225 22.333500
v 11.676226 2.690714 22.326340
v 11.674821 2.690695 22.316658
v 11.622063 2.690210 22.324867
v 11.651911 2.719754 22.203621
v 11.658176 2.719490 22.202324
v 11.670671 2.719265 22.288158
v 11.617813 2.719960 22.295376
v 11.676208 2.603878 22.326260
v 11.676247 2.690619 22.326481
v 11.623352 2.690152 22.333508
v 11.669849 2.604260 22.326920
v 11.709908 2.817001 22.452152
v 11.675082 2.603660 22.316608
v 11.694654 2.852403 22.447563
v 11.708958 2.852333 22.445457
v 11.706480 2.858639 22.428257
v 11.692146 2.858638 22.430281
v 11.695654 2.836328 22.454248
v 11.709969 2.836300 22.452198
v 11.709003 2.852396 22.445480
v 11.694669 2.852365 22.447495
v 11.695608 2.614664 22.454304
v 11.694674 2.597036 22.447493
v 11.708997 2.597009 22.445478
v 11.709952 2.614857 22.452181
v 11.694647 2.597005 22.447559
v 11.692213 2.590118 22.430389
v 11.706482 2.589973 22.428249
v 11.708963 2.597074 22.445450
v 11.656791 2.836020 22.189312
v 11.658401 2.729205 22.202065
v 11.657581 2.851526 22.195320
v 11.656981 2.833725 22.188484
v 11.657978 2.851559 22.195271
v 11.672280 2.851585 22.193119
v 11.671276 2.833684 22.186432
v 11.657932 2.851590 22.195213
v 11.660364 2.858354 22.211784
v 11.674685 2.858387 22.209667
v 11.672256 2.851520 22.193157
v 11.659876 2.590822 22.210173
v 11.657578 2.596886 22.195297
v 11.657930 2.596822 22.195187
v 11.672251 2.596891 22.193130
v 11.674671 2.590202 22.209770
v 11.660310 2.589962 22.212040
v 11.656925 2.613975 22.188492
v 11.671320 2.614151 22.186377
v 11.672278 2.596827 22.193094
v 11.657972 2.596855 22.195248
v 11.703592 2.590058 22.408741
v 11.677559 2.590058 22.229813
v 11.677575 2.858552 22.229919
v 11.703593 2.858551 22.408747
v 11.689363 2.858551 22.410831
v 11.675087 2.844954 22.316639
v 11.663345 2.858552 22.231987
v 11.657022 2.813764 22.188526
v 11.656740 2.634785 22.188467
v 11.695406 2.816277 22.454369
v 11.695240 2.612544 22.453529
v 11.695679 2.634796 22.454222
v 11.658422 2.719437 22.202065
v 11.709908 2.634789 22.452152
v 11.671251 2.634061 22.186455
v 11.671251 2.813761 22.186455
v 11.689362 2.590058 22.410805
v 11.693146 2.729176 22.440853
v 11.693155 2.719406 22.440844
v 11.694265 2.852345 22.447559
v 11.694265 2.852345 22.447559
v 11.695280 2.838351 22.453512
v 11.656803 2.612024 22.189312
v 11.657578 2.596886 22.195297
v 11.657581 2.851526 22.195320
v 11.694271 2.597067 22.447561
v 11.680054 2.718074 22.359341
v 11.614768 2.708975 22.366283
v 11.679649 2.707755 22.356205
v 11.627525 2.718689 22.367126
v 11.627522 2.729917 22.367132
v 11.614777 2.739419 22.366354
v 11.615197 2.727556 22.369286
v 11.627480 2.724297 22.367439
v 11.615162 2.719371 22.369011
v 11.679760 2.739553 22.356794
v 11.678973 2.740317 22.351864
v 11.614277 2.736825 22.362619
v 11.613626 2.744850 22.358583
v 11.679476 2.729873 22.355213
v 11.626902 2.729409 22.362907
v 11.678936 2.707979 22.351528
v 11.614271 2.711680 22.362595
v 11.679472 2.718699 22.355274
v 11.626905 2.719202 22.362906
v 11.627436 2.724304 22.367392
v 11.626869 2.729407 22.362989
v 11.627472 2.730011 22.367027
v 11.613577 2.703128 22.358177
v 11.614923 2.735791 22.367523
v 11.614540 2.729920 22.364552
v 11.615198 2.725962 22.369324
v 11.615128 2.719047 22.368961
v 11.614608 2.724603 22.365044
v 11.614559 2.719028 22.364639
v 11.614197 2.710593 22.362175
v 11.627544 2.729989 22.367008
v 11.626893 2.729377 22.362850
v 11.679457 2.729848 22.355204
v 11.679937 2.730730 22.359203
v 11.627480 2.718600 22.367031
v 11.626841 2.724941 22.363316
v 11.626875 2.719198 22.362991
v 11.613657 2.744464 22.358837
v 11.614220 2.737877 22.362244
v 11.680102 2.730647 22.359348
v 11.679486 2.729843 22.355207
v 11.679155 2.738362 22.352633
v 11.680055 2.718032 22.359251
v 11.679442 2.718760 22.355209
v 11.626886 2.719209 22.362862
v 11.627539 2.718614 22.367004
v 11.679741 2.708785 22.356592
v 11.679489 2.718770 22.355225
v 11.680082 2.717947 22.359383
v 11.614834 2.711272 22.366978
v 11.679073 2.709226 22.352156
v 11.613634 2.703759 22.358603
v 11.679770 2.739651 22.356724
v 11.679985 2.730628 22.359161
v 11.614640 2.726984 22.365051
v 11.626863 2.724005 22.363264
v 11.614595 2.719761 22.364738
v 11.675466 2.762404 22.327805
v 11.611637 2.760340 22.344822
v 11.676914 2.759479 22.337423
v 11.622764 2.762605 22.334766
v 11.610294 2.762720 22.335527
v 11.607588 2.760217 22.316879
v 11.609137 2.762822 22.327560
v 11.621174 2.762588 22.323772
v 11.606134 2.754778 22.307167
v 11.672335 2.759500 22.305893
v 11.670983 2.755342 22.298641
v 11.673634 2.762306 22.315386
v 11.612929 2.755661 22.353802
v 11.677631 2.755565 22.344326
v 11.676811 2.755117 22.336781
v 11.611620 2.755795 22.344393
v 11.622751 2.758279 22.334324
v 11.675385 2.758232 22.327129
v 11.621283 2.758282 22.324228
v 11.609253 2.758635 22.328032
v 11.607794 2.755949 22.318089
v 11.621904 2.758646 22.329182
v 11.671759 2.753587 22.303226
v 11.606595 2.751738 22.310204
v 11.673771 2.758337 22.316059
v 11.621836 2.762772 22.328857
v 11.622679 2.758398 22.334368
v 11.621265 2.758420 22.324257
v 11.612682 2.751686 22.352036
v 11.610871 2.761820 22.339779
v 11.610443 2.758237 22.336273
v 11.611755 2.755497 22.345306
v 11.621235 2.762437 22.323650
v 11.621279 2.758228 22.324261
v 11.673775 2.758230 22.316147
v 11.673550 2.762259 22.315290
v 11.622814 2.762480 22.334921
v 11.673706 2.762419 22.315355
v 11.673805 2.758267 22.316143
v 11.672295 2.754703 22.305639
v 11.675484 2.762321 22.327839
v 11.675356 2.758232 22.327122
v 11.622734 2.758240 22.334324
v 11.622869 2.762433 22.334908
v 11.609026 2.762796 22.327011
v 11.609144 2.758588 22.327518
v 11.621174 2.762466 22.323643
v 11.611994 2.759262 22.347305
v 11.675521 2.762445 22.327900
v 11.676611 2.755724 22.335171
v 11.675392 2.758247 22.327106
v 11.677439 2.757248 22.341667
v 11.612871 2.755793 22.353367
v 11.606810 2.757704 22.311802
v 11.607483 2.755083 22.315796
v 11.672529 2.759971 22.306896
v 11.607736 2.760478 22.317924
v 11.676620 2.760171 22.335541
v 11.610114 2.762791 22.334230
v 11.610462 2.758226 22.336319
v 11.669083 2.730539 22.283932
v 11.604436 2.738297 22.295364
v 11.669552 2.740261 22.286816
v 11.616495 2.729911 22.291431
v 11.604074 2.726560 22.292839
v 11.604202 2.716143 22.293652
v 11.616525 2.718679 22.291430
v 11.669560 2.708323 22.286825
v 11.604839 2.704475 22.298143
v 11.616381 2.723673 22.291145
v 11.669072 2.717989 22.284031
v 11.669834 2.747202 22.290731
v 11.669687 2.729876 22.288048
v 11.605102 2.737006 22.299604
v 11.617130 2.729401 22.295664
v 11.670082 2.738239 22.290609
v 11.669693 2.718692 22.287981
v 11.617113 2.719199 22.295650
v 11.605042 2.712413 22.299229
v 11.616358 2.724304 22.291218
v 11.616947 2.724305 22.295288
v 11.617060 2.719202 22.295578
v 11.670363 2.745525 22.294540
v 11.605684 2.745484 22.303986
v 11.604736 2.726110 22.296978
v 11.604386 2.711525 22.295113
v 11.604793 2.718981 22.297523
v 11.604093 2.721081 22.292875
v 11.605200 2.709805 22.300255
v 11.604124 2.730685 22.293356
v 11.616564 2.718620 22.291538
v 11.617125 2.719234 22.295710
v 11.669688 2.718761 22.288059
v 11.669009 2.717881 22.284090
v 11.616495 2.730007 22.291523
v 11.617060 2.729416 22.295580
v 11.605439 2.698563 22.302359
v 11.669107 2.730577 22.284012
v 11.669672 2.729850 22.288059
v 11.617115 2.729400 22.295700
v 11.616560 2.729996 22.291542
v 11.604733 2.727182 22.297129
v 11.616494 2.718604 22.291523
v 11.605089 2.736909 22.299519
v 11.604599 2.740712 22.296463
v 11.669638 2.741553 22.287317
v 11.670089 2.737762 22.290419
v 11.669712 2.729838 22.288048
v 11.669100 2.730652 22.283890
v 11.605094 2.746811 22.299936
v 11.605601 2.744716 22.303473
v 11.669115 2.717966 22.283920
v 11.669722 2.718769 22.288052
v 11.670136 2.710234 22.290619
v 11.669531 2.709428 22.286327
v 11.604778 2.705796 22.297523
v 11.670192 2.706789 22.292137
v 11.616966 2.724344 22.295317
v 11.673670 2.686214 22.315458
v 11.607412 2.688782 22.315849
v 11.672384 2.688919 22.306314
v 11.621220 2.686070 22.323704
v 11.608822 2.686086 22.325426
v 11.621841 2.685758 22.328678
v 11.622813 2.686044 22.334824
v 11.611682 2.688354 22.345119
v 11.610074 2.685666 22.334049
v 11.613123 2.693758 22.354874
v 11.677230 2.690165 22.339825
v 11.675453 2.686302 22.327885
v 11.671038 2.693044 22.299007
v 11.672364 2.693606 22.306263
v 11.607616 2.693051 22.316938
v 11.621290 2.690337 22.324234
v 11.673774 2.690367 22.316116
v 11.611596 2.692681 22.344252
v 11.622755 2.690321 22.334332
v 11.610357 2.690288 22.335602
v 11.676840 2.693559 22.336864
v 11.612610 2.696628 22.351519
v 11.675387 2.690374 22.327135
v 11.609303 2.689977 22.328371
v 11.609965 2.685716 22.333378
v 11.610775 2.686637 22.339062
v 11.610443 2.690392 22.336327
v 11.611633 2.692815 22.344511
v 11.622872 2.686173 22.334900
v 11.622740 2.690381 22.334297
v 11.675371 2.690378 22.327118
v 11.675398 2.686352 22.328003
v 11.609247 2.690012 22.328232
v 11.621166 2.686160 22.323639
v 11.621229 2.690243 22.324230
v 11.621984 2.689928 22.329918
v 11.621782 2.685835 22.328474
v 11.675507 2.686205 22.327904
v 11.676595 2.692813 22.335051
v 11.676600 2.688290 22.335209
v 11.611971 2.689236 22.347181
v 11.612524 2.696260 22.351036
v 11.608747 2.686108 22.324980
v 11.607172 2.689641 22.314163
v 11.675406 2.690351 22.327105
v 11.671401 2.691951 22.300596
v 11.672288 2.693871 22.305702
v 11.672658 2.688240 22.308184
v 11.673677 2.686288 22.315424
v 11.673759 2.690378 22.316147
v 11.621267 2.690371 22.324240
v 11.621230 2.686176 22.323643
v 11.622715 2.690251 22.334322
v 11.622812 2.686131 22.334919
v 11.607730 2.692728 22.317623
v 11.673685 2.686190 22.315363
v 11.673800 2.690351 22.316149
v 11.606615 2.696874 22.310238
v 11.677538 2.691942 22.342682
v 11.670343 2.744942 22.294167
v 11.621955 2.689960 22.329500
v 11.677456 2.697415 22.343246
v 11.605152 2.747203 22.300137
v 11.606594 2.697012 22.310188
v 11.671261 2.696971 22.300728
v 11.606283 2.693291 22.308168
v 11.613199 2.694428 22.355589
v 11.606339 2.693048 22.308430
v 11.677250 2.696085 22.341385
v 11.677166 2.752974 22.340631
v 11.612900 2.750468 22.353645
v 11.677357 2.751638 22.342613
v 11.671020 2.755422 22.298828
v 11.671000 2.750055 22.298737
v 11.670122 2.749599 22.292627
v 11.678796 2.747617 22.352272
v 11.605675 2.745471 22.304016
v 11.670380 2.745503 22.294579
v 11.605825 2.752687 22.304924
v 11.606311 2.750162 22.308237
v 11.669814 2.747241 22.290691
v 11.605146 2.747209 22.300133
v 11.678352 2.744902 22.349119
v 11.677802 2.749302 22.345417
v 11.677980 2.753646 22.346691
v 11.678915 2.701923 22.352928
v 11.677396 2.751906 22.342833
v 11.612677 2.751711 22.352068
v 11.678734 2.748078 22.351995
v 11.613911 2.749392 22.360451
v 11.613739 2.750400 22.359474
v 11.614465 2.743766 22.364109
v 11.677633 2.755585 22.344345
v 11.612929 2.755558 22.353733
v 11.613546 2.703096 22.358206
v 11.614296 2.702828 22.363026
v 11.613117 2.699546 22.355024
v 11.614130 2.701423 22.361994
v 11.678817 2.701443 22.352551
v 11.678116 2.695902 22.347755
v 11.614119 2.701383 22.362049
v 11.678831 2.701439 22.352552
v 11.678052 2.701224 22.347340
v 11.678207 2.696293 22.348141
v 11.669868 2.701223 22.290871
v 11.678244 2.703140 22.348721
v 11.678266 2.703088 22.348783
v 11.669844 2.701318 22.290829
v 11.605583 2.697659 22.303205
v 11.671024 2.692882 22.298874
v 11.606342 2.693056 22.308434
v 11.605635 2.703760 22.303619
v 11.605836 2.701820 22.304934
v 11.671257 2.696838 22.300619
v 11.606538 2.696865 22.310074
v 11.670403 2.703033 22.294649
v 11.670996 2.698596 22.298693
v 11.670586 2.695723 22.295839
v 11.581821 2.691435 22.331150
v 11.567337 2.696757 22.320162
v 11.671952 2.702371 22.294662
v 11.675848 2.690599 22.321428
v 11.574751 2.704263 22.309132
v 11.558806 2.717967 22.305523
v 11.551539 2.728126 22.305393
v 11.671024 2.733971 22.288288
v 11.572735 2.738598 22.304571
v 11.572325 2.749876 22.312445
v 11.584209 2.756610 22.321434
v 11.673351 2.754612 22.304274
v 11.583621 2.759079 22.334854
v 11.675848 2.758689 22.321428
v 11.581615 2.757099 22.348087
v 11.678347 2.754611 22.338585
v 11.675848 2.758689 22.321428
v 11.574958 2.759800 22.336124
v 11.581276 2.746526 22.362495
v 11.680326 2.738849 22.352188
v 11.579921 2.730270 22.369495
v 11.680673 2.715869 22.354568
v 11.569044 2.717957 22.369949
v 11.569473 2.709783 22.366585
v 11.584580 2.698426 22.355957
v 11.678757 2.697430 22.341400
v 11.582334 2.692788 22.344173
v 11.550781 2.696875 22.344105
v 11.556526 2.696176 22.329868
v 11.540054 2.712442 22.313623
v 11.554960 2.760253 22.321907
v 11.557238 2.763415 22.329823
v 11.564152 2.758996 22.354847
v 11.555212 2.703298 22.360058
v 11.544209 2.750648 22.311069
v 11.554316 2.766386 22.339119
v 11.521996 2.707783 22.348297
v 11.527088 2.706821 22.329735
v 11.530556 2.747912 22.309643
v 11.534269 2.764021 22.317900
v 11.547155 2.769258 22.349037
v 11.548732 2.762827 22.361477
v 11.540310 2.752516 22.372936
v 11.516510 2.750647 22.378750
v 11.527576 2.713701 22.364079
v 11.510130 2.726615 22.318226
v 11.501831 2.745589 22.313808
v 11.542933 2.772606 22.340778
v 11.509859 2.746406 22.378551
v 11.521118 2.729037 22.373524
v 11.483276 2.732852 22.349463
v 11.500805 2.721379 22.333563
v 11.526545 2.780163 22.329842
v 11.496332 2.737823 22.371803
v 11.498857 2.725499 22.360544
v 11.476010 2.750612 22.326252
v 11.480183 2.755469 22.320326
v 11.473575 2.783904 22.316788
v 11.499520 2.777138 22.315113
v 11.528058 2.783789 22.342943
v 11.523108 2.782230 22.364326
v 11.513500 2.778608 22.374588
v 11.477810 2.740436 22.336910
v 11.501754 2.794428 22.322695
v 11.522320 2.789147 22.352682
v 11.523754 2.788107 22.343571
v 11.495113 2.788772 22.380667
v 11.488550 2.761991 22.380684
v 11.476727 2.745530 22.363766
v 11.505899 2.799101 22.370312
v 11.446390 2.781447 22.354836
v 11.458668 2.763417 22.339697
v 11.502223 2.805733 22.329582
v 11.491465 2.797194 22.318737
v 11.506250 2.807442 22.337246
v 11.508326 2.808368 22.345816
v 11.506524 2.811760 22.346079
v 11.462204 2.779249 22.376802
v 11.458577 2.769353 22.366409
v 11.445263 2.800520 22.330723
v 11.450855 2.803216 22.324593
v 11.504547 2.815884 22.355247
v 11.502666 2.814581 22.363766
v 11.490893 2.815418 22.377878
v 11.470683 2.821107 22.385429
v 11.459730 2.802169 22.382498
v 11.443936 2.789757 22.341839
v 11.469085 2.828052 22.318581
v 11.441799 2.803119 22.368080
v 11.447170 2.838125 22.322521
v 11.459763 2.829827 22.318768
v 11.476708 2.835719 22.320843
v 11.484373 2.836552 22.325062
v 11.491428 2.836782 22.372318
v 11.456583 2.833662 22.385532
v 11.431894 2.832094 22.361683
v 11.433927 2.819912 22.343292
v 11.490219 2.840377 22.331182
v 11.494802 2.840461 22.338734
v 11.497173 2.841228 22.347439
v 11.497015 2.843190 22.347458
v 11.481049 2.836271 22.381809
v 11.442244 2.824872 22.376545
v 11.433862 2.849520 22.335196
v 11.496472 2.845896 22.360901
v 11.439522 2.857754 22.377058
v 11.430100 3.472807 22.344065
v 11.429169 2.855124 22.352364
v 11.429718 3.472808 22.357262
v 11.435926 3.472815 22.332314
v 11.445532 3.472807 22.323376
v 11.458067 3.472808 22.319248
v 11.471263 3.472807 22.319632
v 11.483015 3.472815 22.325457
v 11.491951 3.472807 22.335062
v 11.496080 3.472806 22.347601
v 11.495697 3.472807 22.360794
v 11.496080 3.472806 22.347595
v 11.489871 3.472815 22.372547
v 11.480267 3.472807 22.381483
v 11.467726 3.472808 22.385612
v 11.454535 3.472807 22.385227
v 11.442780 3.472815 22.379402
v 11.433846 3.472807 22.369797
v 11.443001 3.473291 22.379494
v 11.458912 3.472840 22.385536
v 11.467705 3.473553 22.385681
v 11.476160 3.472841 22.383024
v 11.489702 3.473351 22.372704
v 11.496004 3.472840 22.356419
v 11.496149 3.473553 22.347616
v 11.493494 3.472840 22.339167
v 11.483173 3.473351 22.325624
v 11.466887 3.472840 22.319324
v 11.457964 3.473480 22.319218
v 11.449638 3.472840 22.321835
v 11.442142 3.473462 22.325970
v 11.436104 3.472841 22.332445
v 11.429600 3.473365 22.348507
v 11.432293 3.472871 22.365696
v 11.483651 3.472752 22.378553
v 11.429944 3.472752 22.357227
v 11.436775 3.472752 22.373180
v 11.431944 3.472752 22.339987
v 11.489022 3.472752 22.331676
v 11.450457 3.472752 22.383385
v 11.493855 3.472752 22.364872
v 11.475342 3.472752 22.321472
v 11.436910 3.472863 22.356213
v 11.436773 3.472752 22.349281
v 11.438444 3.472752 22.342600
v 11.472729 3.472752 22.327974
v 11.478670 3.472752 22.331284
v 11.483537 3.472752 22.336037
v 11.479294 3.472752 22.373066
v 11.473364 3.472752 22.376572
v 11.466689 3.472752 22.378464
v 11.442261 3.472752 22.368824
v 11.438755 3.472752 22.362894
v 11.441753 3.472752 22.336658
v 11.446505 3.472752 22.331791
v 11.487042 3.472752 22.341965
v 11.488934 3.472752 22.348639
v 11.459752 3.472752 22.378555
v 11.453070 3.472752 22.376884
v 11.449958 3.473158 22.376743
v 11.452452 3.472862 22.328329
v 11.459109 3.472752 22.326393
v 11.489023 3.472752 22.355576
v 11.487354 3.472752 22.362259
v 11.447128 3.472752 22.373573
v 11.466045 3.472752 22.326305
v 11.484044 3.472752 22.368200
v 11.439310 3.407234 22.342947
v 11.437700 3.407234 22.349394
v 11.437111 3.472811 22.356245
v 11.437674 3.407202 22.356203
v 11.437954 3.407207 22.346111
v 11.437445 3.472815 22.345802
v 11.475839 3.472816 22.329487
v 11.475410 3.407207 22.329903
v 11.484869 3.407207 22.339031
v 11.485445 3.472815 22.338882
v 11.476445 3.472815 22.374975
v 11.476294 3.407207 22.374401
v 11.466673 3.407202 22.377655
v 11.466715 3.472811 22.378216
v 11.472993 3.407234 22.375717
v 11.478712 3.407234 22.372335
v 11.440353 3.472815 22.365978
v 11.440929 3.407207 22.365828
v 11.441912 3.472812 22.336853
v 11.442341 3.407202 22.337219
v 11.449499 3.407207 22.330462
v 11.449352 3.472815 22.329884
v 11.439611 3.407234 22.362522
v 11.442992 3.407234 22.368242
v 11.488123 3.407203 22.348656
v 11.488686 3.472811 22.348614
v 11.486187 3.407234 22.342335
v 11.482805 3.407234 22.336617
v 11.453419 3.407234 22.376019
v 11.459864 3.407234 22.377628
v 11.456585 3.407207 22.377375
v 11.456272 3.472815 22.377884
v 11.465935 3.407198 22.326492
v 11.466002 3.472822 22.325991
v 11.452805 3.407234 22.329142
v 11.447086 3.407234 22.332523
v 11.486488 3.407234 22.361912
v 11.488098 3.407234 22.355465
v 11.487843 3.407207 22.358747
v 11.488354 3.472815 22.359055
v 11.447321 3.472812 22.373417
v 11.447689 3.407202 22.372988
v 11.466015 3.472813 22.326557
v 11.465941 3.407211 22.327133
v 11.472380 3.407234 22.328842
v 11.465935 3.407234 22.327229
v 11.483887 3.472812 22.368008
v 11.483458 3.407202 22.367638
v 11.020840 5.513448 8.531514
v 11.022379 5.535596 8.776410
v 11.020841 5.289410 8.531511
v 11.020970 5.268219 8.552577
v 11.022362 5.268240 8.777393
v 11.022489 5.289932 8.798499
v 11.022488 5.515773 8.798500
v 11.022324 5.274519 8.792411
v 11.020751 5.274336 8.537588
v 11.020973 5.535180 8.552652
v 11.020751 5.528888 8.537613
v 10.816713 6.084302 8.666268
v 10.803924 6.084302 8.644279
v 10.765732 6.084249 8.666596
v 10.778257 6.084302 8.644442
v 10.778536 6.084302 8.688578
v 10.804201 6.084303 8.688417
v 11.006075 5.291636 8.530844
v 11.005967 5.511542 8.530779
v 11.020527 5.291763 8.530675
v 10.952677 5.435870 8.669798
v 10.999734 5.521715 8.669436
v 10.999652 5.521731 8.660843
v 10.952557 5.435898 8.661039
v 10.952354 5.397311 8.631239
v 10.952465 5.406067 8.631285
v 10.998940 5.406015 8.545125
v 10.998966 5.397419 8.545139
v 11.007071 5.406587 8.785757
v 11.006414 5.522346 8.669994
v 11.006323 5.435227 8.670166
v 11.006260 5.368195 8.660036
v 11.006429 5.368173 8.670122
v 11.006021 5.396647 8.631605
v 11.005957 5.406803 8.631618
v 11.006290 5.435230 8.660060
v 11.005629 5.406606 8.544464
v 11.005581 5.396835 8.544443
v 11.006357 5.281076 8.660208
v 11.006330 5.522359 8.660233
v 11.007130 5.396817 8.785733
v 11.006498 5.396646 8.698617
v 11.006356 5.281052 8.669976
v 11.006441 5.406774 8.698599
v 11.006096 5.522263 8.660213
v 10.999637 5.521764 8.660775
v 10.999685 5.521780 8.669514
v 11.006149 5.522280 8.670002
v 10.999666 5.281667 8.660592
v 10.952716 5.367555 8.661089
v 11.006038 5.368021 8.660079
v 11.006092 5.281303 8.660568
v 10.952909 5.397348 8.699511
v 10.952913 5.406063 8.699538
v 11.006293 5.406608 8.698691
v 11.006294 5.396815 8.698693
v 10.952530 5.406071 8.631279
v 11.005861 5.406733 8.631413
v 11.005365 5.406296 8.544694
v 10.998938 5.406259 8.545101
v 10.952671 5.435791 8.661070
v 11.006056 5.435302 8.660206
v 11.006121 5.435320 8.669989
v 10.952728 5.435806 8.669789
v 11.006138 5.522121 8.669687
v 10.999707 5.521754 8.669689
v 10.952768 5.435865 8.669791
v 11.006100 5.435401 8.670124
v 10.999666 5.521755 8.660592
v 11.006050 5.522136 8.660288
v 11.006056 5.435396 8.660063
v 10.952715 5.435866 8.661087
v 10.952777 5.406111 8.699626
v 10.952887 5.397355 8.699579
v 11.000422 5.397407 8.785158
v 11.000448 5.406003 8.785145
v 11.000421 5.397163 8.785182
v 10.952961 5.397384 8.699588
v 11.006279 5.396695 8.698793
v 11.006865 5.397177 8.785508
v 10.952488 5.397348 8.631353
v 11.005879 5.396815 8.631512
v 11.005882 5.406597 8.631493
v 10.952490 5.406068 8.631338
v 11.005383 5.406600 8.544553
v 11.005384 5.396824 8.544557
v 10.998915 5.397336 8.545065
v 10.998922 5.406078 8.545091
v 10.999652 5.281691 8.660843
v 10.999735 5.281707 8.669435
v 10.952677 5.367552 8.669798
v 10.952557 5.367524 8.661039
v 11.000435 5.406261 8.785184
v 11.006824 5.406526 8.785525
v 11.006294 5.406751 8.698788
v 10.952953 5.406055 8.699587
v 11.006096 5.281160 8.660213
v 11.006149 5.281142 8.670002
v 10.999685 5.281642 8.669514
v 10.999637 5.281658 8.660775
v 11.006044 5.267381 8.554221
v 11.020674 5.267390 8.554825
v 11.022025 5.267468 8.775302
v 11.000397 5.397336 8.785218
v 11.006872 5.396824 8.785646
v 11.006863 5.406611 8.785671
v 11.000408 5.406074 8.785183
v 10.952724 5.367632 8.669794
v 11.006117 5.368120 8.669998
v 11.006060 5.368102 8.660216
v 10.952674 5.367617 8.661075
v 10.998953 5.397161 8.545100
v 11.005337 5.396896 8.544680
v 11.005878 5.396672 8.631417
v 10.952531 5.397367 8.631277
v 11.006109 5.281285 8.669917
v 11.006118 5.368025 8.670141
v 10.952761 5.367559 8.669809
v 10.999722 5.281667 8.669692
v 11.022132 5.494412 8.799253
v 11.022132 5.312197 8.799253
v 11.006116 5.267372 8.575404
v 11.007656 5.529809 8.792607
v 11.022114 5.529740 8.792493
v 11.022087 5.536064 8.775369
v 11.007533 5.536062 8.775223
v 11.007679 5.513888 8.799389
v 11.022173 5.513665 8.799296
v 11.022156 5.529802 8.792521
v 11.007681 5.529771 8.792540
v 11.022243 5.529684 8.792394
v 11.007717 5.292239 8.799388
v 11.007687 5.274443 8.792539
v 11.022149 5.274416 8.792518
v 11.022187 5.292205 8.799297
v 11.007650 5.274411 8.792603
v 11.007608 5.267521 8.775243
v 11.022120 5.274480 8.792484
v 11.005724 5.513447 8.531601
v 11.005773 5.528918 8.537674
v 11.006111 5.528965 8.537665
v 11.020575 5.528992 8.537508
v 11.020483 5.511374 8.530878
v 11.006076 5.528996 8.537602
v 11.006247 5.535881 8.554923
v 11.020626 5.535907 8.554813
v 11.020545 5.528926 8.537542
v 11.005901 5.268217 8.552691
v 11.005773 5.274305 8.537650
v 11.006077 5.274229 8.537577
v 11.020544 5.274298 8.537516
v 11.020576 5.274233 8.537482
v 11.006111 5.274261 8.537641
v 11.020745 5.535958 8.574685
v 11.021861 5.267464 8.755375
v 11.020744 5.267464 8.574575
v 11.007753 5.494412 8.799341
v 11.007421 5.515756 8.798594
v 11.007372 5.289934 8.798599
v 11.007483 5.267464 8.755464
v 11.007288 5.268239 8.777469
v 11.007483 5.535958 8.755475
v 11.005852 5.535187 8.552746
v 11.007305 5.535277 8.777473
v 11.007349 5.529734 8.792531
v 11.007349 5.274489 8.792534
v 11.006367 5.535958 8.574774
v 11.006096 5.311461 8.530853
v 11.005771 5.289430 8.531601
v 11.006096 5.491170 8.530853
v 11.007753 5.312197 8.799341
v 11.020473 5.311461 8.530765
v 11.020473 5.491171 8.530765
v 11.005358 5.395479 8.703212
v 10.939728 5.385812 8.700885
v 11.005392 5.385375 8.700130
v 10.952270 5.396080 8.703670
v 10.939751 5.397862 8.704054
v 10.952171 5.401080 8.703982
v 10.952279 5.407307 8.703741
v 10.939745 5.417689 8.700809
v 10.939763 5.406451 8.703871
v 11.005412 5.417268 8.700541
v 11.005311 5.408031 8.703039
v 11.005352 5.396154 8.699037
v 10.939753 5.389814 8.697647
v 10.952237 5.396615 8.699402
v 11.005350 5.386306 8.695868
v 11.005354 5.414759 8.696812
v 10.939752 5.415508 8.696896
v 11.005068 5.422634 8.692809
v 11.005347 5.407268 8.699030
v 10.952228 5.406814 8.699413
v 10.939676 5.380533 8.692894
v 10.939743 5.400887 8.704180
v 10.939742 5.407239 8.703718
v 10.939758 5.405346 8.699674
v 10.939713 5.416328 8.701292
v 10.939754 5.414968 8.697226
v 10.952293 5.407396 8.703568
v 10.952222 5.406783 8.699359
v 11.005339 5.407254 8.699034
v 11.005262 5.408135 8.703060
v 10.939768 5.397146 8.699627
v 10.952235 5.396011 8.703584
v 10.952188 5.396609 8.699491
v 10.952108 5.401998 8.699827
v 10.952141 5.400885 8.703905
v 11.005388 5.408046 8.703201
v 11.005406 5.415438 8.696555
v 11.005442 5.416642 8.700777
v 10.939628 5.424247 8.691903
v 10.939728 5.394432 8.703380
v 10.939740 5.388311 8.697035
v 11.005365 5.407250 8.699040
v 11.005371 5.395439 8.703123
v 11.005322 5.396166 8.699036
v 10.952213 5.396616 8.699369
v 10.952289 5.396020 8.703564
v 10.939734 5.384850 8.700338
v 10.952195 5.406801 8.699490
v 10.952230 5.407408 8.703609
v 11.005384 5.395355 8.703260
v 11.005394 5.387015 8.696201
v 11.005358 5.396176 8.699038
v 11.005419 5.386233 8.700459
v 10.939678 5.375630 8.694253
v 10.939779 5.398908 8.699746
v 10.952135 5.401677 8.699776
v 10.939787 5.406097 8.699631
v 11.005162 5.439806 8.671345
v 10.939602 5.437353 8.680634
v 11.005267 5.436990 8.680828
v 10.952035 5.439954 8.671043
v 10.939537 5.440426 8.668030
v 11.004831 5.433597 8.643022
v 10.939388 5.435470 8.646605
v 10.939453 5.438921 8.655314
v 11.005064 5.439900 8.658807
v 10.951983 5.439985 8.659838
v 10.951946 5.440264 8.665024
v 11.005030 5.432971 8.688006
v 11.005177 5.435640 8.670666
v 10.939609 5.435434 8.671526
v 10.952051 5.435686 8.670536
v 11.005255 5.432470 8.680519
v 10.951987 5.435689 8.660333
v 10.951922 5.436052 8.665318
v 10.939560 5.436180 8.662886
v 11.005009 5.432457 8.649106
v 10.939470 5.433132 8.651837
v 10.939363 5.428352 8.643251
v 11.005104 5.435634 8.659552
v 10.939650 5.432893 8.679850
v 10.951941 5.439833 8.659727
v 10.952031 5.435855 8.670498
v 10.951936 5.435785 8.660332
v 10.939579 5.436837 8.681681
v 10.939533 5.440104 8.670567
v 10.939548 5.436095 8.667467
v 10.939480 5.440139 8.661100
v 10.939558 5.435382 8.658981
v 10.952023 5.439843 8.659752
v 10.951981 5.435634 8.660364
v 11.005095 5.435637 8.659565
v 11.004988 5.439664 8.658686
v 10.952042 5.439889 8.671128
v 10.951893 5.440179 8.664242
v 11.005114 5.439812 8.658769
v 11.005127 5.432794 8.650391
v 11.005136 5.437373 8.650221
v 10.939381 5.435079 8.646044
v 10.939362 5.429094 8.644381
v 10.939462 5.432806 8.650975
v 10.939426 5.437742 8.651731
v 10.939615 5.433811 8.677451
v 11.005121 5.435644 8.659569
v 11.005176 5.439727 8.671380
v 11.005147 5.435638 8.670653
v 10.952036 5.435645 8.670531
v 10.952087 5.439839 8.671126
v 11.005197 5.439822 8.671435
v 11.005295 5.432889 8.679644
v 11.005180 5.435636 8.670643
v 11.005190 5.434114 8.686352
v 10.939664 5.429930 8.685498
v 11.005236 5.437868 8.678423
v 11.004889 5.407946 8.627009
v 10.939289 5.416831 8.629873
v 11.004955 5.417683 8.629938
v 10.951769 5.407316 8.627188
v 10.939281 5.407135 8.627272
v 10.951796 5.396086 8.627193
v 10.939293 5.387201 8.629681
v 10.939289 5.398734 8.626864
v 11.004710 5.377804 8.634319
v 11.004867 5.395410 8.626920
v 10.939308 5.377369 8.635150
v 10.951691 5.401121 8.626894
v 11.004696 5.424608 8.633850
v 10.939414 5.366047 8.650436
v 10.951970 5.363463 8.659830
v 10.939499 5.363252 8.661336
v 11.004932 5.407268 8.631180
v 10.939358 5.412377 8.632950
v 10.951818 5.406806 8.631470
v 11.004970 5.417122 8.634349
v 10.951808 5.396608 8.631459
v 10.939355 5.399993 8.631083
v 10.939357 5.388522 8.633859
v 11.004929 5.396154 8.631186
v 11.004988 5.386512 8.634232
v 10.939323 5.422892 8.638129
v 10.939292 5.386456 8.629958
v 10.939330 5.397577 8.631445
v 10.939270 5.397591 8.627043
v 10.939266 5.407037 8.627180
v 10.939335 5.404617 8.631242
v 10.939348 5.413663 8.633413
v 10.951822 5.396028 8.627304
v 10.951803 5.396640 8.631515
v 11.004919 5.396168 8.631184
v 11.004793 5.395288 8.627156
v 10.939295 5.377910 8.634915
v 10.939363 5.388462 8.633798
v 10.951765 5.407411 8.627289
v 10.951769 5.406813 8.631382
v 10.951684 5.401424 8.631046
v 10.951660 5.401708 8.626941
v 11.004911 5.395352 8.626981
v 11.005018 5.387984 8.633660
v 11.005005 5.385843 8.629879
v 10.939348 5.380531 8.638144
v 11.004946 5.396172 8.631176
v 11.004717 5.425139 8.634161
v 11.005002 5.414999 8.633508
v 11.004948 5.415895 8.629214
v 11.004902 5.407983 8.627092
v 11.004904 5.407256 8.631182
v 10.951795 5.406806 8.631502
v 10.951818 5.407402 8.627309
v 10.939262 5.418619 8.630680
v 10.951775 5.396621 8.631384
v 10.951756 5.396009 8.627292
v 11.004924 5.408038 8.626997
v 11.004940 5.407245 8.631180
v 10.939341 5.420995 8.636920
v 10.951712 5.401746 8.631098
v 10.952045 5.367727 8.670542
v 10.939582 5.367345 8.667754
v 10.939635 5.369917 8.678345
v 11.005083 5.366062 8.650208
v 11.005079 5.363653 8.658849
v 10.951937 5.363161 8.665946
v 10.952066 5.363468 8.671062
v 10.939603 5.365877 8.680023
v 10.939548 5.363284 8.669929
v 10.939642 5.369738 8.687387
v 11.005251 5.367582 8.683517
v 11.005138 5.363708 8.671424
v 11.004747 5.370451 8.642213
v 11.005064 5.370951 8.649698
v 10.939474 5.370201 8.652093
v 10.951995 5.367743 8.660340
v 11.005108 5.367782 8.659552
v 11.005277 5.370916 8.680501
v 10.939631 5.374621 8.687100
v 11.005172 5.367788 8.670665
v 10.939377 5.374330 8.644336
v 10.939539 5.367845 8.660000
v 10.939524 5.363092 8.668729
v 10.939573 5.367547 8.669155
v 10.939528 5.367621 8.660697
v 10.939590 5.365678 8.679301
v 10.939458 5.363438 8.660238
v 10.952092 5.363579 8.671120
v 10.952044 5.367788 8.670507
v 11.005163 5.367785 8.670651
v 11.005068 5.363759 8.671533
v 10.951965 5.363563 8.659737
v 10.951946 5.367656 8.660335
v 10.951897 5.367328 8.665438
v 10.951899 5.363242 8.664608
v 10.939630 5.369350 8.686780
v 10.939625 5.374159 8.686388
v 10.939634 5.369996 8.678746
v 10.939463 5.370673 8.650885
v 11.005190 5.363593 8.671459
v 11.005190 5.367778 8.670647
v 11.005306 5.370627 8.679827
v 11.005119 5.366203 8.649746
v 11.004952 5.372349 8.647144
v 11.005096 5.369735 8.652862
v 11.005098 5.363695 8.658836
v 11.005079 5.367784 8.659563
v 10.951973 5.367776 8.660341
v 10.952018 5.363583 8.659745
v 10.952011 5.367656 8.670530
v 10.952030 5.363537 8.671133
v 11.005116 5.363594 8.658777
v 11.005112 5.367785 8.659573
v 10.939415 5.365896 8.651047
v 11.005280 5.366036 8.679770
v 11.005077 5.370124 8.687569
v 11.004740 5.421976 8.637089
v 10.951923 5.367372 8.665401
v 10.939315 5.424603 8.634259
v 11.004693 5.422875 8.637777
v 11.004738 5.371007 8.641524
v 11.005003 5.375266 8.687504
v 11.004731 5.374378 8.643946
v 10.939338 5.374921 8.643534
v 10.939376 5.370842 8.642017
v 10.939366 5.370456 8.642622
v 11.005005 5.375751 8.688103
v 11.005001 5.427920 8.687810
v 11.005072 5.378841 8.696331
v 10.939650 5.432965 8.688405
v 10.939627 5.429013 8.686636
v 11.004992 5.429044 8.686274
v 10.939663 5.422972 8.692791
v 11.004732 5.427701 8.642138
v 11.004745 5.432653 8.641765
v 11.004703 5.422983 8.637643
v 10.939333 5.422830 8.638223
v 10.939339 5.431512 8.640753
v 10.939346 5.425126 8.640012
v 10.939339 5.426139 8.635486
v 10.939357 5.431502 8.640724
v 11.004675 5.424786 8.633641
v 10.939329 5.424665 8.634182
v 11.005058 5.422694 8.692641
v 11.005095 5.424758 8.696217
v 11.005063 5.430007 8.691536
v 11.005116 5.379323 8.696702
v 10.939621 5.429073 8.686685
v 11.005007 5.429060 8.686288
v 10.939703 5.424303 8.696980
v 10.939671 5.431596 8.690261
v 11.005047 5.425934 8.695396
v 10.939690 5.426029 8.695707
v 10.939653 5.433064 8.688483
v 11.005039 5.432983 8.688021
v 10.939684 5.382064 8.693896
v 10.939678 5.377734 8.690510
v 10.939701 5.378840 8.696736
v 11.005081 5.378829 8.696342
v 10.939699 5.378840 8.696737
v 10.939688 5.374787 8.693426
v 11.005034 5.373009 8.691120
v 11.005033 5.379581 8.691746
v 11.005077 5.374645 8.692769
v 11.005030 5.380547 8.692442
v 10.939669 5.380567 8.692839
v 11.005048 5.380541 8.692447
v 10.939379 5.370461 8.642623
v 11.004742 5.370504 8.642248
v 10.939334 5.381051 8.637841
v 11.004702 5.379857 8.638246
v 10.939327 5.374290 8.644290
v 11.004747 5.374328 8.643906
v 11.004719 5.380726 8.637581
v 11.004713 5.377526 8.634769
v 11.004751 5.375993 8.641910
v 10.899317 5.370722 8.657111
v 10.902816 5.373885 8.648837
v 11.006250 5.379777 8.638037
v 11.006420 5.368005 8.665082
v 10.914663 5.368869 8.670343
v 10.911207 5.381723 8.638767
v 10.899067 5.394678 8.633159
v 10.876566 5.407294 8.632116
v 11.006210 5.411378 8.631594
v 10.905712 5.416288 8.634274
v 10.907577 5.427051 8.641864
v 10.913758 5.434141 8.652562
v 11.006311 5.432018 8.647747
v 10.915704 5.436370 8.665649
v 11.006420 5.436096 8.665082
v 10.908880 5.435536 8.674637
v 10.908045 5.432265 8.682787
v 11.006529 5.432018 8.682418
v 11.006420 5.436096 8.665082
v 10.913556 5.436483 8.665667
v 10.907089 5.423932 8.692719
v 11.006630 5.411378 8.698572
v 10.896914 5.412784 8.698371
v 10.882952 5.406070 8.699617
v 10.901932 5.389811 8.697011
v 11.006588 5.379777 8.692128
v 10.901001 5.379509 8.689837
v 10.903232 5.374034 8.682911
v 10.887035 5.372416 8.670254
v 10.870949 5.384216 8.644436
v 10.869648 5.394360 8.636655
v 10.886621 5.437660 8.648890
v 10.892267 5.440773 8.665796
v 10.867933 5.403544 8.698565
v 10.883461 5.442560 8.657069
v 10.884232 5.443524 8.665848
v 10.861446 5.382788 8.679228
v 10.857204 5.382011 8.661593
v 10.848611 5.413800 8.633461
v 10.865778 5.429424 8.634547
v 10.871033 5.438925 8.642040
v 10.875148 5.446665 8.674685
v 10.873537 5.443756 8.682857
v 10.870949 5.439137 8.689817
v 10.867499 5.433089 8.695168
v 10.851900 5.402660 8.695330
v 10.848377 5.396639 8.690088
v 10.839808 5.398553 8.645278
v 10.871658 5.450489 8.665925
v 10.832787 5.447505 8.698718
v 10.834516 5.396780 8.679394
v 10.830244 5.396755 8.661761
v 10.825268 5.421022 8.636948
v 10.854141 5.457338 8.649089
v 10.804026 5.424294 8.649246
v 10.807825 5.428018 8.642310
v 10.853032 5.463023 8.657258
v 10.852128 5.465834 8.666047
v 10.855832 5.462186 8.666025
v 10.826428 5.437490 8.699970
v 10.810843 5.415342 8.679540
v 10.806660 5.416060 8.661907
v 10.803904 5.456436 8.633728
v 10.797846 5.480620 8.632628
v 10.831827 5.457085 8.634760
v 10.841902 5.462245 8.642203
v 10.846824 5.469845 8.674867
v 10.844271 5.467736 8.683043
v 10.840189 5.464383 8.690013
v 10.834787 5.460005 8.695374
v 10.809225 5.437306 8.695596
v 10.803758 5.432958 8.690366
v 10.790997 5.437901 8.679666
v 10.787012 5.439355 8.662031
v 10.792500 5.460786 8.637140
v 10.831067 5.487342 8.649238
v 10.834103 5.491267 8.666162
v 10.780972 5.462448 8.645645
v 10.822453 5.486439 8.639174
v 10.832033 5.493186 8.657402
v 10.832985 5.494034 8.666166
v 10.794897 5.495564 8.700182
v 10.786784 5.491778 8.699077
v 10.775545 5.463890 8.679763
v 10.771885 5.466064 8.662126
v 10.802434 5.502746 8.633759
v 10.831543 5.492734 8.679377
v 10.822017 5.488270 8.693271
v 10.784209 5.470677 8.693517
v 10.769797 5.491285 8.645712
v 10.816274 5.513960 8.642282
v 10.802074 5.508848 8.698942
v 10.764693 5.494043 8.679852
v 10.761593 5.496645 8.662189
v 10.772381 5.513614 8.638739
v 10.783672 5.511233 8.633857
v 10.809034 5.515670 8.637045
v 10.823276 5.521181 8.653021
v 10.824905 5.517927 8.674859
v 10.821567 5.517914 8.683072
v 10.813282 5.516210 8.693322
v 10.775751 5.509991 8.695745
v 10.769032 5.508047 8.690453
v 10.760613 5.525743 8.652601
v 10.825541 5.523947 8.666214
v 10.825543 5.523467 8.666210
v 10.762606 5.523725 8.683499
v 10.757818 5.530815 8.670685
v 10.759897 6.150213 8.653622
v 10.757699 6.150214 8.666638
v 10.767288 6.150221 8.642786
v 10.778033 6.150213 8.635259
v 10.791019 6.150214 8.632898
v 10.804035 6.150213 8.635097
v 10.814873 6.150221 8.642488
v 10.822399 6.150213 8.653232
v 10.824760 6.150212 8.666222
v 10.822561 6.150213 8.679235
v 10.824760 6.150212 8.666216
v 10.815172 6.150221 8.690072
v 10.804428 6.150213 8.697598
v 10.791440 6.150214 8.699959
v 10.778423 6.150213 8.697762
v 10.767586 6.150221 8.690370
v 10.760059 6.150213 8.679626
v 10.767454 6.150758 8.690182
v 10.782717 6.150247 8.698669
v 10.791410 6.150959 8.700026
v 10.800148 6.150247 8.698560
v 10.814983 6.150757 8.690205
v 10.767478 6.150757 8.642652
v 10.758990 6.150247 8.657915
v 10.757629 6.150969 8.666614
v 10.823469 6.150247 8.674943
v 10.824827 6.150959 8.666246
v 10.823360 6.150247 8.657514
v 10.815006 6.150757 8.642675
v 10.799745 6.150247 8.634190
v 10.791048 6.150959 8.632833
v 10.782314 6.150247 8.634297
v 10.759087 6.150278 8.675349
v 10.762285 6.150158 8.649837
v 10.808182 6.150158 8.695164
v 10.762495 6.150158 8.683381
v 10.819965 6.150158 8.649477
v 10.774639 6.150158 8.695374
v 10.774278 6.150158 8.637693
v 10.820175 6.150158 8.683021
v 10.807821 6.150158 8.637484
v 10.764921 6.150159 8.666594
v 10.765789 6.150158 8.659710
v 10.768364 6.150158 8.653322
v 10.804337 6.150158 8.643562
v 10.809765 6.150158 8.647660
v 10.813931 6.150158 8.653036
v 10.804623 6.150158 8.689130
v 10.798266 6.150158 8.691784
v 10.791395 6.150158 8.692738
v 10.768529 6.150158 8.679821
v 10.765875 6.150158 8.673466
v 10.772461 6.150158 8.647894
v 10.777838 6.150158 8.643728
v 10.816586 6.150158 8.659392
v 10.817539 6.150158 8.666264
v 10.784512 6.150158 8.691871
v 10.778124 6.150158 8.689296
v 10.784194 6.150158 8.641073
v 10.791065 6.150158 8.640121
v 10.816671 6.150158 8.673147
v 10.814096 6.150158 8.679536
v 10.772695 6.150158 8.685198
v 10.797949 6.150158 8.640987
v 10.809999 6.150158 8.684964
v 10.773083 6.084455 8.648512
v 10.769174 6.084641 8.653786
v 10.766690 6.084641 8.659948
v 10.765163 6.150218 8.666653
v 10.765726 6.084609 8.666688
v 10.767395 6.084613 8.656734
v 10.766932 6.150221 8.656358
v 10.807207 6.150222 8.645488
v 10.806728 6.084613 8.645842
v 10.814838 6.084613 8.656190
v 10.815428 6.150221 8.656118
v 10.815742 6.084455 8.659624
v 10.813127 6.084641 8.653511
v 10.809109 6.084641 8.648325
v 10.801538 6.150221 8.690627
v 10.801472 6.084613 8.690036
v 10.791491 6.084609 8.691933
v 10.791454 6.150218 8.692495
v 10.784739 6.084455 8.691027
v 10.791389 6.084641 8.691806
v 10.798018 6.084641 8.690886
v 10.767032 6.150221 8.676738
v 10.767622 6.084613 8.676670
v 10.772591 6.150218 8.648107
v 10.772964 6.084609 8.648531
v 10.780989 6.084613 8.642821
v 10.780920 6.150221 8.642231
v 10.816734 6.084609 8.666168
v 10.817297 6.150218 8.666205
v 10.781536 6.084613 8.690264
v 10.781159 6.150221 8.690727
v 10.797812 6.084604 8.641158
v 10.797949 6.150229 8.640669
v 10.797722 6.084455 8.641831
v 10.791071 6.084641 8.641052
v 10.784443 6.084641 8.641972
v 10.809378 6.084455 8.684346
v 10.813287 6.084641 8.679071
v 10.815770 6.084641 8.672910
v 10.815065 6.084613 8.676125
v 10.815529 6.150222 8.676500
v 10.772907 6.150218 8.685068
v 10.773333 6.084609 8.684694
v 10.766718 6.084455 8.673233
v 10.769333 6.084641 8.679346
v 10.773352 6.084641 8.684533
v 10.797882 6.150219 8.641233
v 10.797730 6.084618 8.641792
v 10.809870 6.150218 8.684751
v 10.809496 6.084609 8.684326
v 10.990444 5.268227 -7.041409
v 10.992048 5.529749 -6.801543
v 10.991889 5.268236 -6.816596
v 10.992005 5.289921 -6.795496
v 10.991982 5.515764 -6.795495
v 10.975818 5.281060 -6.933793
v 10.975897 5.369586 -6.935393
v 10.975207 5.274289 -7.056360
v 10.990335 5.513445 -7.062476
v 10.990360 5.289407 -7.062485
v 10.991833 5.274519 -6.801582
v 10.990259 5.274336 -7.056404
v 10.990480 5.535177 -7.041348
v 10.990259 5.528888 -7.056380
v 10.991864 5.535281 -6.816599
v 10.786221 6.084302 -6.927725
v 10.773433 6.084302 -6.949714
v 10.735239 6.084249 -6.927399
v 10.747768 6.084302 -6.949553
v 10.748045 6.084302 -6.905415
v 10.773712 6.084302 -6.905578
v 10.922185 5.435870 -6.924195
v 10.969242 5.521715 -6.924558
v 10.969160 5.521732 -6.933150
v 10.922066 5.435898 -6.932954
v 10.921864 5.397311 -6.962754
v 10.921974 5.406067 -6.962708
v 10.968449 5.406015 -7.048868
v 10.968474 5.397419 -7.048854
v 10.975975 5.433847 -6.922404
v 10.976606 5.406580 -6.808244
v 10.976831 5.515755 -6.795367
v 10.975892 5.281060 -6.924024
v 10.976777 5.274471 -6.801440
v 10.976135 5.395219 -6.896760
v 10.975694 5.407995 -6.961190
v 10.975891 5.433743 -6.935396
v 10.975117 5.406610 -7.049536
v 10.976831 5.515755 -6.795367
v 10.975853 5.522370 -6.923988
v 10.975975 5.433847 -6.922404
v 10.975897 5.369586 -6.935393
v 10.975109 5.396840 -7.049543
v 10.975207 5.274289 -7.056360
v 10.975803 5.522371 -6.933769
v 10.975174 5.513431 -7.062419
v 10.976091 5.408021 -6.896719
v 10.976606 5.406580 -6.808244
v 10.975892 5.281060 -6.924024
v 10.976135 5.395219 -6.896760
v 10.975976 5.369914 -6.922485
v 10.975695 5.395398 -6.961063
v 10.975897 5.369586 -6.935393
v 10.975109 5.396840 -7.049543
v 10.975605 5.522263 -6.933780
v 10.969145 5.521764 -6.933218
v 10.969194 5.521780 -6.924480
v 10.975658 5.522280 -6.923992
v 10.975718 5.407118 -6.892282
v 10.969175 5.281667 -6.933402
v 10.922224 5.367555 -6.932904
v 10.975546 5.368021 -6.933915
v 10.975601 5.281302 -6.933426
v 10.976552 5.396804 -6.808230
v 10.975718 5.396304 -6.892282
v 10.975266 5.396304 -6.965499
v 10.975266 5.407118 -6.965499
v 10.975526 5.365101 -6.923483
v 10.975863 5.406609 -6.895460
v 10.975839 5.396808 -6.895466
v 10.922418 5.397348 -6.894483
v 10.922422 5.406063 -6.894455
v 10.975801 5.406608 -6.895302
v 10.975801 5.396815 -6.895300
v 10.975451 5.396814 -6.962323
v 10.975426 5.406614 -6.962316
v 10.922039 5.406070 -6.962715
v 10.975369 5.406733 -6.962580
v 10.974874 5.406296 -7.049299
v 10.968447 5.406258 -7.048892
v 10.975525 5.438321 -6.923483
v 10.975662 5.435136 -6.923989
v 10.975626 5.435143 -6.933789
v 10.975458 5.438321 -6.934298
v 10.975818 5.281060 -6.933793
v 10.975459 5.365101 -6.934298
v 10.975687 5.368279 -6.923995
v 10.975602 5.368286 -6.933794
v 10.922180 5.435791 -6.932924
v 10.975565 5.435302 -6.933787
v 10.975629 5.435320 -6.924006
v 10.922237 5.435806 -6.924204
v 10.975646 5.522121 -6.924307
v 10.969215 5.521754 -6.924304
v 10.922277 5.435865 -6.924201
v 10.975609 5.435401 -6.923870
v 10.969175 5.521755 -6.933402
v 10.975559 5.522136 -6.933705
v 10.975563 5.435397 -6.933930
v 10.922224 5.435866 -6.932906
v 10.922285 5.406111 -6.894367
v 10.922396 5.397355 -6.894413
v 10.969931 5.397407 -6.808835
v 10.969955 5.406003 -6.808848
v 10.969929 5.397163 -6.808811
v 10.922470 5.397384 -6.894405
v 10.975787 5.396695 -6.895200
v 10.976372 5.397177 -6.808485
v 10.921997 5.397348 -6.962640
v 10.975388 5.396815 -6.962481
v 10.975391 5.406597 -6.962500
v 10.921999 5.406068 -6.962656
v 10.974890 5.406600 -7.049440
v 10.974893 5.396824 -7.049436
v 10.968424 5.397336 -7.048928
v 10.968431 5.406078 -7.048902
v 10.969160 5.281691 -6.933150
v 10.969243 5.281707 -6.924558
v 10.922186 5.367552 -6.924195
v 10.922066 5.367524 -6.932954
v 10.969944 5.406261 -6.808809
v 10.976332 5.406526 -6.808468
v 10.975803 5.406750 -6.895206
v 10.922462 5.406055 -6.894407
v 10.976552 5.396804 -6.808230
v 10.976135 5.395219 -6.896760
v 10.976777 5.274471 -6.801440
v 10.975605 5.281160 -6.933780
v 10.975658 5.281142 -6.923992
v 10.969194 5.281642 -6.924480
v 10.969145 5.281658 -6.933218
v 10.969906 5.397336 -6.808774
v 10.976381 5.396824 -6.808347
v 10.976372 5.406612 -6.808321
v 10.969916 5.406074 -6.808810
v 10.922234 5.367631 -6.924199
v 10.975626 5.368120 -6.923995
v 10.975569 5.368102 -6.933777
v 10.922183 5.367617 -6.932919
v 10.968462 5.397161 -7.048893
v 10.974845 5.396897 -7.049314
v 10.975387 5.396672 -6.962575
v 10.922040 5.397367 -6.962716
v 10.975618 5.281285 -6.924076
v 10.975626 5.368025 -6.923852
v 10.922269 5.367559 -6.924183
v 10.969231 5.281667 -6.924301
v 10.976753 5.268234 -6.816508
v 10.975892 5.281060 -6.924024
v 10.975818 5.281060 -6.933793
v 10.977165 5.529809 -6.801386
v 10.991623 5.529740 -6.801501
v 10.991680 5.536048 -6.818118
v 10.977071 5.535330 -6.816566
v 10.977198 5.515818 -6.795365
v 10.991693 5.515722 -6.795440
v 10.991665 5.529802 -6.801473
v 10.977189 5.529772 -6.801454
v 10.991686 5.311927 -6.794615
v 10.977221 5.312368 -6.794534
v 10.977188 5.289937 -6.795328
v 10.991679 5.289938 -6.795488
v 10.977210 5.494406 -6.794499
v 10.991691 5.494052 -6.794602
v 10.977195 5.274443 -6.801455
v 10.991657 5.274415 -6.801475
v 10.977159 5.274411 -6.801391
v 10.977071 5.268191 -6.816562
v 10.991566 5.268208 -6.816550
v 10.991629 5.274480 -6.801508
v 10.990028 5.491415 -7.063358
v 10.975555 5.490805 -7.063279
v 10.975538 5.513442 -7.062462
v 10.990030 5.513442 -7.062480
v 10.976980 5.267427 -6.838093
v 10.991421 5.267322 -6.838508
v 10.975620 5.528965 -7.056328
v 10.990084 5.528992 -7.056486
v 10.975584 5.528996 -7.056390
v 10.975683 5.535230 -7.041195
v 10.990178 5.535214 -7.041386
v 10.990053 5.528927 -7.056451
v 10.975683 5.268168 -7.041267
v 10.990177 5.268184 -7.041461
v 10.990297 5.267338 -7.019678
v 10.975822 5.267280 -7.018328
v 10.975855 5.536012 -7.019537
v 10.990265 5.536001 -7.020270
v 10.975399 5.268213 -7.041303
v 10.975207 5.274289 -7.056360
v 10.975586 5.274229 -7.056417
v 10.990053 5.274298 -7.056478
v 10.975550 5.289362 -7.062425
v 10.990044 5.289468 -7.062531
v 10.990086 5.274233 -7.056511
v 10.975619 5.274261 -7.056353
v 10.975559 5.311204 -7.063266
v 10.990028 5.311792 -7.063364
v 10.976934 5.536114 -6.839091
v 10.991370 5.535958 -6.838607
v 10.977262 5.494409 -6.794652
v 10.976831 5.515755 -6.795367
v 10.976985 5.312929 -6.794550
v 10.991641 5.312194 -6.794741
v 10.991641 5.494409 -6.794741
v 10.975875 5.267464 -7.019329
v 10.976992 5.267464 -6.838530
v 10.976708 5.536058 -6.839396
v 10.991370 5.267464 -6.838618
v 10.990253 5.267464 -7.019417
v 10.975277 5.289426 -7.062391
v 10.975323 5.490417 -7.063240
v 10.975605 5.311471 -7.063140
v 10.975404 5.535182 -7.041232
v 10.975876 5.535958 -7.019219
v 10.976788 5.535285 -6.816522
v 10.975109 5.396840 -7.049543
v 10.976552 5.396804 -6.808230
v 10.976777 5.274471 -6.801440
v 10.989983 5.311471 -7.063229
v 10.989983 5.491171 -7.063229
v 10.990254 5.535958 -7.019308
v 10.976606 5.406580 -6.808244
v 10.976922 5.289951 -6.795397
v 10.975207 5.274289 -7.056360
v 10.975401 5.528893 -7.056293
v 10.976777 5.274471 -6.801440
v 10.976974 5.529707 -6.801488
v 10.974868 5.395476 -6.890786
v 10.909232 5.387003 -6.892681
v 10.974897 5.385554 -6.893780
v 10.921780 5.396081 -6.890321
v 10.909267 5.397312 -6.890066
v 10.921755 5.407312 -6.890297
v 10.909238 5.416393 -6.892696
v 10.909258 5.405682 -6.889963
v 10.921682 5.401186 -6.890005
v 10.974920 5.416925 -6.893340
v 10.974819 5.408031 -6.890954
v 10.974852 5.396105 -6.894890
v 10.909251 5.388765 -6.896778
v 10.909292 5.395842 -6.894737
v 10.921726 5.406818 -6.894572
v 10.909281 5.401714 -6.894070
v 10.909281 5.408340 -6.894926
v 10.974872 5.407263 -6.894960
v 10.909263 5.415490 -6.897096
v 10.974874 5.417072 -6.898107
v 10.974838 5.385389 -6.898677
v 10.921738 5.396612 -6.894586
v 10.921642 5.401711 -6.890060
v 10.921618 5.401711 -6.894191
v 10.921686 5.406814 -6.894495
v 10.909185 5.380534 -6.901099
v 10.909258 5.406958 -6.890222
v 10.909286 5.406488 -6.894429
v 10.909243 5.400523 -6.889829
v 10.909237 5.414481 -6.892138
v 10.909256 5.416223 -6.897344
v 10.909260 5.395228 -6.894885
v 10.909239 5.394771 -6.890547
v 10.921802 5.407395 -6.890426
v 10.921730 5.406782 -6.894635
v 10.974847 5.407254 -6.894960
v 10.974771 5.408135 -6.890932
v 10.921736 5.396007 -6.890413
v 10.921686 5.396600 -6.894496
v 10.974907 5.408044 -6.890786
v 10.974874 5.407249 -6.894953
v 10.974882 5.414699 -6.897163
v 10.974880 5.395439 -6.890869
v 10.974832 5.396166 -6.894958
v 10.921722 5.396616 -6.894624
v 10.921797 5.396020 -6.890429
v 10.909285 5.399543 -6.894190
v 10.909250 5.388480 -6.896863
v 10.909207 5.386466 -6.892988
v 10.921736 5.407413 -6.890413
v 10.974901 5.395371 -6.890751
v 10.974871 5.388838 -6.897124
v 10.974869 5.396177 -6.894958
v 10.974928 5.386833 -6.893267
v 10.974776 5.383714 -6.899588
v 10.909187 5.381854 -6.900244
v 10.909216 5.420231 -6.894554
v 10.974794 5.422056 -6.895968
v 10.974671 5.421235 -6.900411
v 10.974911 5.414585 -6.892587
v 10.974525 5.371111 -6.904872
v 10.909126 5.366043 -6.913503
v 10.974762 5.366001 -6.914341
v 10.921635 5.401664 -6.894225
v 10.974670 5.439806 -6.922648
v 10.909090 5.438209 -6.916097
v 10.974775 5.436989 -6.913162
v 10.921544 5.439954 -6.922950
v 10.909058 5.439931 -6.922927
v 10.974590 5.436713 -6.945263
v 10.908890 5.434853 -6.948584
v 10.908962 5.438927 -6.938645
v 10.974243 5.432059 -6.953193
v 10.974569 5.439713 -6.935200
v 10.921492 5.439985 -6.934155
v 10.909035 5.440380 -6.928704
v 10.921455 5.440264 -6.928969
v 10.909136 5.435671 -6.909977
v 10.974539 5.432971 -6.905987
v 10.974676 5.435707 -6.923279
v 10.909130 5.433973 -6.917008
v 10.921556 5.435687 -6.923458
v 10.921490 5.435690 -6.933661
v 10.921423 5.436042 -6.928789
v 10.909085 5.436114 -6.927661
v 10.909042 5.435379 -6.934782
v 10.974612 5.435634 -6.934442
v 10.908983 5.433096 -6.942255
v 10.974595 5.432508 -6.944273
v 10.974750 5.431915 -6.912539
v 10.921407 5.440178 -6.928999
v 10.921405 5.436094 -6.928557
v 10.921451 5.435770 -6.933655
v 10.921459 5.439868 -6.934261
v 10.909132 5.429098 -6.907302
v 10.908997 5.440323 -6.930012
v 10.909088 5.435846 -6.924507
v 10.909052 5.439983 -6.922895
v 10.908968 5.439706 -6.935079
v 10.909016 5.435359 -6.934823
v 10.909044 5.435997 -6.930075
v 10.921531 5.439843 -6.934241
v 10.921490 5.435634 -6.933629
v 10.974603 5.435637 -6.934428
v 10.974497 5.439664 -6.935308
v 10.921541 5.439886 -6.922861
v 10.921511 5.435768 -6.923449
v 10.974609 5.439823 -6.935236
v 10.974631 5.435644 -6.934423
v 10.974607 5.433434 -6.941873
v 10.974630 5.437075 -6.944463
v 10.974718 5.434975 -6.909193
v 10.974789 5.432562 -6.913804
v 10.974761 5.437960 -6.915881
v 10.974684 5.439727 -6.922613
v 10.974655 5.435638 -6.923340
v 10.921543 5.435646 -6.923462
v 10.921597 5.439839 -6.922866
v 10.909134 5.433501 -6.915589
v 10.909088 5.437084 -6.912979
v 10.909145 5.430218 -6.909106
v 10.974697 5.435664 -6.923349
v 10.974700 5.439826 -6.922554
v 10.908916 5.437548 -6.942775
v 10.908974 5.432946 -6.942737
v 10.974531 5.431347 -6.946233
v 10.974398 5.407948 -6.966978
v 10.908791 5.413894 -6.965040
v 10.974461 5.417440 -6.964160
v 10.921278 5.407317 -6.966805
v 10.908793 5.406624 -6.966804
v 10.908785 5.400983 -6.967135
v 10.908762 5.394174 -6.966375
v 10.921309 5.396087 -6.966805
v 10.908812 5.379610 -6.960321
v 10.908815 5.385976 -6.963748
v 10.974473 5.386998 -6.964604
v 10.974190 5.377367 -6.959227
v 10.921204 5.401075 -6.967103
v 10.974350 5.395391 -6.966815
v 10.908812 5.420217 -6.962437
v 10.974203 5.424608 -6.960144
v 10.974483 5.416935 -6.959746
v 10.908872 5.415413 -6.959876
v 10.921322 5.406807 -6.962525
v 10.974424 5.407277 -6.962816
v 10.974453 5.396159 -6.962809
v 10.908866 5.394835 -6.961969
v 10.908871 5.387538 -6.959711
v 10.974495 5.386352 -6.959664
v 10.921307 5.396605 -6.962542
v 10.921169 5.400875 -6.967023
v 10.921194 5.401711 -6.962920
v 10.921266 5.396608 -6.962618
v 10.921256 5.396005 -6.966698
v 10.908852 5.422886 -6.955853
v 10.908859 5.401653 -6.962898
v 10.908779 5.388945 -6.964829
v 10.908855 5.390199 -6.960697
v 10.908845 5.397625 -6.962580
v 10.908790 5.397591 -6.966943
v 10.908783 5.411918 -6.965555
v 10.908770 5.405972 -6.966912
v 10.908865 5.404953 -6.962727
v 10.921330 5.396027 -6.966688
v 10.921310 5.396640 -6.962479
v 10.974428 5.396168 -6.962810
v 10.974302 5.395287 -6.966836
v 10.921270 5.407408 -6.966732
v 10.921265 5.406823 -6.962617
v 10.908811 5.382244 -6.961915
v 10.908860 5.383218 -6.957575
v 10.908854 5.414087 -6.960446
v 10.974427 5.395367 -6.966995
v 10.974457 5.396173 -6.962817
v 10.974485 5.389636 -6.960909
v 10.974520 5.386351 -6.964361
v 10.974410 5.407983 -6.966901
v 10.974413 5.407256 -6.962811
v 10.921303 5.406806 -6.962491
v 10.921326 5.407402 -6.966684
v 10.908775 5.417502 -6.963717
v 10.974447 5.408036 -6.967008
v 10.974474 5.413957 -6.960866
v 10.974448 5.407245 -6.962808
v 10.974438 5.420642 -6.962562
v 10.974461 5.418963 -6.958582
v 10.908848 5.420909 -6.957096
v 10.974482 5.384894 -6.958835
v 10.974442 5.414402 -6.965235
v 10.908878 5.408817 -6.961964
v 10.921211 5.401771 -6.962887
v 10.921549 5.367725 -6.923450
v 10.909110 5.367674 -6.924006
v 10.909144 5.370075 -6.915189
v 10.921479 5.363463 -6.934163
v 10.908926 5.366077 -6.943612
v 10.974596 5.363602 -6.935113
v 10.909002 5.363249 -6.932746
v 10.921446 5.363161 -6.928048
v 10.921576 5.363468 -6.922931
v 10.909058 5.363284 -6.924064
v 10.909156 5.370105 -6.906048
v 10.974647 5.363708 -6.922569
v 10.974576 5.366642 -6.945061
v 10.974255 5.370451 -6.951780
v 10.974607 5.367716 -6.934491
v 10.908998 5.369367 -6.939449
v 10.921513 5.367743 -6.933653
v 10.974783 5.370940 -6.913401
v 10.909153 5.374748 -6.906740
v 10.974680 5.367788 -6.923329
v 10.974548 5.371508 -6.945232
v 10.908951 5.371794 -6.945316
v 10.921403 5.363243 -6.929387
v 10.921404 5.367339 -6.928895
v 10.921508 5.367649 -6.923454
v 10.921530 5.363540 -6.922856
v 10.909027 5.363491 -6.922954
v 10.909160 5.370264 -6.914758
v 10.909063 5.367375 -6.927014
v 10.909122 5.368230 -6.921416
v 10.908957 5.363552 -6.934321
v 10.909037 5.367773 -6.933712
v 10.908978 5.370415 -6.942584
v 10.921600 5.363579 -6.922873
v 10.921552 5.367788 -6.923486
v 10.974670 5.367785 -6.923342
v 10.974576 5.363759 -6.922460
v 10.921465 5.363566 -6.934261
v 10.921448 5.367654 -6.933664
v 10.974697 5.363612 -6.922545
v 10.974699 5.367778 -6.923347
v 10.974796 5.370139 -6.915504
v 10.974775 5.365696 -6.915152
v 10.974557 5.367680 -6.947119
v 10.974472 5.372346 -6.946829
v 10.974604 5.365355 -6.941591
v 10.974606 5.363695 -6.935157
v 10.974587 5.367784 -6.934429
v 10.921481 5.367776 -6.933652
v 10.921526 5.363583 -6.934247
v 10.908910 5.367682 -6.946864
v 10.908895 5.373958 -6.949067
v 10.974628 5.363599 -6.935212
v 10.974596 5.369729 -6.941130
v 10.974625 5.367788 -6.934418
v 10.909113 5.365940 -6.913881
v 10.974636 5.369586 -6.907243
v 10.908955 5.365076 -6.940202
v 10.909035 5.363066 -6.928843
v 10.974233 5.426597 -6.958610
v 10.974197 5.423532 -6.955760
v 10.909055 5.367411 -6.931305
v 10.921425 5.367373 -6.929131
v 10.908825 5.424581 -6.959702
v 10.974201 5.422875 -6.956216
v 10.908867 5.428986 -6.949750
v 10.974279 5.370451 -6.951669
v 10.974628 5.372860 -6.910053
v 10.908886 5.374421 -6.949596
v 10.974239 5.374378 -6.950047
v 10.908827 5.372239 -6.953628
v 10.908875 5.370456 -6.951371
v 10.974506 5.428781 -6.907307
v 10.909232 5.378816 -6.897220
v 10.974581 5.378841 -6.897663
v 10.909147 5.369382 -6.907279
v 10.909159 5.432933 -6.905611
v 10.909160 5.430322 -6.902357
v 10.909168 5.434055 -6.907329
v 10.909166 5.427266 -6.905076
v 10.908878 5.433854 -6.950109
v 10.908884 5.429088 -6.949637
v 10.974501 5.429044 -6.907719
v 10.909189 5.421862 -6.900487
v 10.974518 5.425074 -6.903137
v 10.974252 5.432637 -6.952190
v 10.974239 5.428127 -6.951352
v 10.974579 5.427747 -6.900213
v 10.974254 5.428718 -6.950500
v 10.974205 5.422974 -6.956340
v 10.908855 5.422895 -6.955853
v 10.908845 5.428787 -6.956153
v 10.908807 5.423629 -6.960385
v 10.908863 5.424832 -6.954268
v 10.909178 5.422793 -6.901085
v 10.908849 5.430159 -6.954794
v 10.908852 5.424621 -6.959754
v 10.974194 5.424581 -6.960100
v 10.974560 5.425692 -6.903920
v 10.974623 5.379324 -6.897292
v 10.909152 5.426445 -6.904278
v 10.909138 5.428984 -6.907381
v 10.974522 5.429019 -6.907737
v 10.909225 5.425487 -6.897967
v 10.974566 5.425659 -6.898363
v 10.909222 5.423613 -6.896551
v 10.909193 5.428766 -6.900724
v 10.974542 5.432986 -6.905971
v 10.909141 5.432979 -6.905577
v 10.974529 5.432021 -6.904866
v 10.909189 5.376219 -6.899375
v 10.909123 5.374171 -6.907495
v 10.909195 5.378287 -6.902992
v 10.909170 5.372563 -6.903011
v 10.909224 5.380166 -6.896363
v 10.974597 5.378831 -6.897653
v 10.909176 5.378770 -6.897163
v 10.909187 5.373941 -6.901474
v 10.974564 5.379615 -6.902265
v 10.974581 5.374038 -6.901803
v 10.974540 5.375989 -6.905678
v 10.974537 5.380538 -6.901539
v 10.974528 5.376680 -6.904838
v 10.909187 5.380556 -6.901138
v 10.974558 5.380558 -6.901568
v 10.908853 5.374486 -6.956042
v 10.908876 5.370462 -6.951369
v 10.974256 5.370511 -6.951740
v 10.908846 5.379697 -6.955204
v 10.974200 5.378352 -6.954633
v 10.908845 5.376575 -6.957891
v 10.908859 5.377753 -6.953513
v 10.908882 5.374380 -6.949628
v 10.974260 5.374403 -6.950030
v 10.974224 5.380214 -6.955980
v 10.974205 5.378406 -6.959812
v 10.974262 5.376225 -6.952361
v 10.974257 5.373477 -6.955356
v 10.884370 5.369953 -6.937094
v 10.868625 5.374165 -6.945127
v 10.975801 5.374836 -6.949093
v 10.975929 5.368005 -6.928910
v 10.879993 5.368974 -6.928097
v 10.880764 5.378709 -6.952210
v 10.870230 5.386344 -6.957463
v 10.975735 5.388396 -6.959992
v 10.865385 5.395001 -6.960816
v 10.872963 5.403264 -6.962039
v 10.975719 5.411378 -6.962399
v 10.880824 5.411582 -6.960909
v 10.875723 5.420220 -6.957477
v 10.877088 5.427051 -6.952129
v 10.877474 5.432383 -6.945156
v 10.975821 5.432017 -6.946247
v 10.883004 5.435303 -6.937055
v 10.885207 5.436371 -6.928344
v 10.975928 5.436096 -6.928911
v 10.878389 5.435536 -6.919356
v 10.884937 5.431835 -6.911280
v 10.976037 5.432018 -6.911574
v 10.975928 5.436096 -6.928911
v 10.888300 5.436275 -6.928361
v 10.884911 5.426497 -6.904364
v 10.873074 5.420361 -6.898998
v 10.976138 5.411378 -6.895422
v 10.880532 5.411578 -6.895707
v 10.867382 5.403841 -6.894466
v 10.873009 5.394403 -6.895651
v 10.877955 5.385954 -6.899013
v 10.976124 5.388396 -6.897829
v 10.881355 5.378802 -6.904316
v 10.872740 5.374034 -6.911082
v 10.976055 5.374837 -6.908728
v 10.884254 5.370033 -6.919363
v 10.848841 5.374290 -6.928116
v 10.856583 5.373583 -6.937004
v 10.851013 5.383868 -6.952085
v 10.859571 5.441398 -6.928184
v 10.860695 5.436400 -6.911210
v 10.864643 5.439762 -6.928214
v 10.859020 5.431375 -6.904262
v 10.844779 5.385521 -6.904115
v 10.856844 5.373549 -6.919327
v 10.844017 5.420341 -6.960680
v 10.852969 5.442561 -6.936924
v 10.837748 5.422982 -6.895458
v 10.833956 5.396599 -6.898741
v 10.835839 5.383274 -6.911011
v 10.819759 5.385208 -6.927934
v 10.827123 5.383091 -6.936817
v 10.828319 5.386219 -6.945010
v 10.823680 5.394184 -6.951914
v 10.820173 5.403138 -6.957218
v 10.812462 5.426444 -6.961657
v 10.837312 5.432722 -6.957261
v 10.840542 5.438926 -6.951952
v 10.843045 5.443639 -6.945024
v 10.844657 5.446665 -6.919308
v 10.832390 5.435775 -6.898795
v 10.825642 5.409692 -6.895361
v 10.827375 5.383030 -6.919142
v 10.809851 5.419061 -6.960483
v 10.837808 5.452436 -6.928046
v 10.838088 5.444547 -6.907214
v 10.808318 5.430776 -6.894092
v 10.811773 5.400857 -6.903930
v 10.808874 5.396376 -6.910844
v 10.793583 5.401140 -6.927770
v 10.800360 5.397733 -6.936650
v 10.802119 5.400570 -6.944844
v 10.790419 5.415627 -6.951740
v 10.833576 5.455434 -6.928021
v 10.800594 5.397649 -6.918975
v 10.806108 5.445537 -6.960443
v 10.822540 5.463023 -6.936736
v 10.818646 5.462528 -6.910958
v 10.814810 5.458899 -6.903995
v 10.790739 5.424976 -6.898483
v 10.778059 5.427559 -6.903657
v 10.785034 5.414067 -6.910695
v 10.775379 5.417054 -6.922730
v 10.776943 5.416903 -6.936503
v 10.779190 5.419364 -6.944700
v 10.777731 5.438058 -6.956950
v 10.806265 5.457515 -6.957076
v 10.811409 5.462246 -6.951790
v 10.815372 5.465834 -6.944874
v 10.819157 5.468814 -6.927929
v 10.816332 5.469845 -6.919126
v 10.802729 5.462138 -6.898600
v 10.797794 5.454954 -6.895201
v 10.789808 5.437718 -6.895141
v 10.776183 5.454133 -6.960266
v 10.815832 5.472753 -6.927909
v 10.764891 5.435776 -6.910568
v 10.757437 5.440040 -6.936382
v 10.760099 5.442031 -6.944582
v 10.756574 5.439306 -6.927538
v 10.764351 5.445160 -6.951542
v 10.759560 5.466041 -6.898275
v 10.757633 5.439915 -6.918707
v 10.763979 5.495576 -6.961346
v 10.779861 5.482817 -6.960278
v 10.786325 5.489011 -6.956948
v 10.796235 5.485002 -6.951718
v 10.796377 5.496710 -6.944694
v 10.801542 5.493186 -6.936591
v 10.804937 5.489869 -6.927841
v 10.798563 5.491989 -6.910854
v 10.803924 5.491271 -6.927834
v 10.793711 5.489914 -6.903882
v 10.764404 5.495570 -6.893811
v 10.764106 5.475487 -6.894975
v 10.753828 5.463253 -6.903565
v 10.748991 5.460956 -6.910469
v 10.742418 5.466562 -6.936287
v 10.745401 5.468019 -6.944490
v 10.741436 5.466012 -6.927444
v 10.752800 5.471964 -6.954558
v 10.754246 5.501988 -6.960156
v 10.802074 5.493282 -6.919002
v 10.787857 5.487147 -6.898496
v 10.772340 5.503468 -6.895069
v 10.742594 5.466420 -6.918612
v 10.785782 5.513961 -6.951710
v 10.798023 5.507773 -6.927798
v 10.742756 5.491473 -6.903493
v 10.737562 5.490145 -6.910394
v 10.732204 5.496932 -6.936227
v 10.735413 5.497789 -6.944434
v 10.731133 5.496595 -6.927380
v 10.738447 5.508402 -6.951557
v 10.745035 5.510518 -6.956801
v 10.795214 5.520604 -6.927784
v 10.794415 5.517926 -6.919134
v 10.779030 5.516041 -6.898495
v 10.744982 5.513599 -6.898251
v 10.732347 5.496791 -6.918543
v 10.770147 5.519960 -6.960232
v 10.778145 5.521808 -6.956951
v 10.790209 5.527629 -6.944834
v 10.793877 5.523082 -6.936726
v 10.794874 5.528133 -6.927779
v 10.790714 5.523458 -6.910875
v 10.785589 5.522297 -6.903865
v 10.753044 5.517817 -6.894921
v 10.737573 5.522803 -6.903544
v 10.732115 5.523728 -6.910495
v 10.727327 5.530812 -6.923309
v 10.729740 5.530954 -6.940910
v 10.728285 6.150221 -6.936133
v 10.727208 6.150214 -6.927356
v 10.731595 6.150214 -6.944269
v 10.736795 6.150221 -6.951208
v 10.743670 6.150214 -6.956497
v 10.751764 6.150221 -6.959908
v 10.760529 6.150214 -6.961094
v 10.769307 6.150221 -6.960017
v 10.777442 6.150214 -6.956708
v 10.784383 6.150221 -6.951505
v 10.789671 6.150214 -6.944631
v 10.793082 6.150221 -6.936539
v 10.794270 6.150212 -6.927772
v 10.793192 6.150221 -6.918995
v 10.794270 6.150212 -6.927777
v 10.789883 6.150214 -6.910861
v 10.784679 6.150221 -6.903921
v 10.777805 6.150214 -6.898632
v 10.769712 6.150221 -6.895221
v 10.760948 6.150214 -6.894033
v 10.752170 6.150221 -6.895111
v 10.744035 6.150214 -6.898420
v 10.737095 6.150221 -6.903623
v 10.731806 6.150214 -6.910496
v 10.728395 6.150221 -6.918589
v 10.737138 6.150561 -6.903710
v 10.752224 6.150247 -6.895324
v 10.760756 6.150706 -6.894048
v 10.769653 6.150247 -6.895433
v 10.784593 6.150561 -6.903964
v 10.736885 6.150560 -6.951166
v 10.728498 6.150247 -6.936078
v 10.727221 6.150709 -6.927547
v 10.792978 6.150247 -6.919052
v 10.794255 6.150706 -6.927581
v 10.792870 6.150247 -6.936481
v 10.784340 6.150561 -6.951418
v 10.769252 6.150247 -6.959805
v 10.760721 6.150706 -6.961081
v 10.751822 6.150247 -6.959695
v 10.728596 6.150278 -6.918644
v 10.731793 6.150158 -6.944155
v 10.777691 6.150158 -6.898829
v 10.732004 6.150158 -6.910612
v 10.789474 6.150158 -6.944516
v 10.744147 6.150158 -6.898619
v 10.743786 6.150158 -6.956300
v 10.789684 6.150158 -6.910973
v 10.777330 6.150158 -6.956510
v 10.734430 6.150159 -6.927400
v 10.735296 6.150158 -6.934283
v 10.733400 6.150565 -6.930329
v 10.737872 6.150158 -6.940671
v 10.738443 6.150565 -6.943737
v 10.773846 6.150158 -6.950431
v 10.779274 6.150158 -6.946333
v 10.776910 6.150564 -6.949860
v 10.783440 6.150158 -6.940957
v 10.774131 6.150158 -6.904864
v 10.767775 6.150158 -6.902209
v 10.760902 6.150158 -6.901256
v 10.757978 6.150564 -6.900226
v 10.738037 6.150158 -6.914172
v 10.735383 6.150158 -6.920528
v 10.741970 6.150158 -6.946099
v 10.747347 6.150158 -6.950265
v 10.786094 6.150158 -6.934601
v 10.787046 6.150158 -6.927729
v 10.788076 6.150564 -6.924803
v 10.754021 6.150158 -6.902123
v 10.747632 6.150158 -6.904698
v 10.744570 6.150565 -6.905268
v 10.753702 6.150158 -6.952920
v 10.760574 6.150158 -6.953873
v 10.763499 6.150564 -6.954903
v 10.786180 6.150158 -6.920846
v 10.783606 6.150158 -6.914457
v 10.783034 6.150564 -6.911393
v 10.742203 6.150158 -6.908795
v 10.767458 6.150158 -6.953006
v 10.779508 6.150158 -6.909029
v 10.742592 6.084455 -6.945482
v 10.738682 6.084641 -6.940207
v 10.736198 6.084641 -6.934045
v 10.734672 6.150218 -6.927340
v 10.735234 6.084609 -6.927305
v 10.736903 6.084613 -6.937258
v 10.736440 6.150221 -6.937635
v 10.776716 6.150222 -6.948506
v 10.776237 6.084613 -6.948152
v 10.784348 6.084613 -6.937803
v 10.784937 6.150221 -6.937874
v 10.785252 6.084455 -6.934370
v 10.782635 6.084641 -6.940482
v 10.778618 6.084641 -6.945668
v 10.771048 6.150221 -6.903366
v 10.770979 6.084613 -6.903957
v 10.760998 6.084609 -6.902060
v 10.760962 6.150218 -6.901497
v 10.754246 6.084455 -6.902967
v 10.760897 6.084641 -6.902188
v 10.767526 6.084641 -6.903107
v 10.736540 6.150221 -6.917255
v 10.737131 6.084613 -6.917323
v 10.742100 6.150218 -6.945887
v 10.742474 6.084609 -6.945463
v 10.750500 6.084613 -6.951172
v 10.750428 6.150221 -6.951762
v 10.786242 6.084609 -6.927824
v 10.786806 6.150218 -6.927788
v 10.751043 6.084613 -6.903729
v 10.750669 6.150221 -6.903265
v 10.760479 6.084609 -6.953069
v 10.760514 6.150218 -6.953631
v 10.767231 6.084455 -6.952162
v 10.760580 6.084641 -6.952941
v 10.753952 6.084641 -6.952022
v 10.778885 6.084455 -6.909646
v 10.782795 6.084641 -6.914922
v 10.785278 6.084641 -6.921084
v 10.784575 6.084613 -6.917869
v 10.785038 6.150221 -6.917494
v 10.742416 6.150218 -6.908925
v 10.742840 6.084609 -6.909299
v 10.736227 6.084455 -6.920758
v 10.738842 6.084641 -6.914646
v 10.742860 6.084641 -6.909461
v 10.767391 6.150219 -6.952759
v 10.767240 6.084618 -6.952200
v 10.767256 6.084603 -6.952256
v 10.767396 6.150212 -6.952786
v 10.779378 6.150218 -6.909242
v 10.779003 6.084609 -6.909665
v 11.031834 9.163090 -0.338123
v 11.031786 9.408438 -0.359193
v 11.031888 9.388930 -0.338112
v 11.030361 9.141368 -0.584043
v 11.031727 9.141395 -0.359224
v 11.030206 9.386595 -0.605097
v 11.030231 9.162561 -0.605106
v 11.031704 9.147671 -0.344203
v 11.030130 9.147487 -0.599025
v 11.030365 9.408334 -0.583965
v 11.030130 9.402040 -0.599000
v 10.800452 9.957496 -0.495655
v 10.782443 9.957452 -0.488153
v 10.775963 9.957421 -0.476715
v 10.787920 9.957492 -0.448047
v 10.818771 9.957461 -0.452218
v 10.778623 9.957455 -0.457213
v 10.818576 9.957461 -0.488348
v 10.826078 9.957496 -0.470341
v 10.962057 9.309021 -0.466816
v 11.009113 9.394867 -0.467179
v 11.009031 9.394883 -0.475772
v 10.961937 9.309049 -0.475576
v 10.961735 9.270462 -0.505375
v 10.961845 9.279219 -0.505330
v 11.008320 9.279167 -0.591490
v 11.008347 9.270570 -0.591475
v 11.015846 9.306998 -0.465025
v 11.016478 9.279731 -0.350865
v 11.016703 9.388908 -0.337990
v 11.015762 9.154212 -0.466645
v 11.016648 9.147623 -0.344060
v 11.016006 9.268370 -0.439382
v 11.015565 9.281147 -0.503810
v 11.015762 9.306894 -0.478018
v 11.014988 9.279760 -0.592157
v 11.016703 9.388908 -0.337990
v 11.015724 9.395521 -0.466610
v 11.015846 9.306998 -0.465025
v 11.015768 9.242738 -0.478015
v 11.014980 9.269992 -0.592165
v 11.015072 9.147438 -0.598981
v 11.015675 9.154207 -0.476416
v 11.015768 9.242738 -0.478015
v 11.015072 9.147438 -0.598981
v 11.015675 9.395522 -0.476390
v 11.015049 9.386586 -0.605038
v 11.015963 9.281173 -0.439341
v 11.016478 9.279731 -0.350865
v 11.015762 9.154212 -0.466645
v 11.016006 9.268370 -0.439382
v 11.015847 9.243066 -0.465107
v 11.015566 9.268549 -0.503683
v 11.014980 9.269992 -0.592165
v 11.015476 9.395414 -0.476401
v 11.009016 9.394916 -0.475840
v 11.009066 9.394932 -0.467101
v 11.015530 9.395432 -0.466613
v 11.015589 9.280270 -0.434903
v 11.009047 9.154819 -0.476022
v 10.962095 9.240706 -0.475526
v 11.015417 9.241173 -0.476535
v 11.015472 9.154454 -0.476047
v 11.016423 9.269957 -0.350851
v 11.015589 9.269455 -0.434903
v 11.015137 9.269455 -0.508121
v 11.015137 9.280270 -0.508121
v 11.015397 9.238253 -0.466105
v 11.015735 9.279758 -0.438081
v 11.015710 9.269960 -0.438087
v 10.962289 9.270499 -0.437104
v 10.962294 9.279215 -0.437077
v 11.015673 9.279759 -0.437923
v 11.015673 9.269966 -0.437922
v 11.015322 9.269966 -0.504945
v 11.015297 9.279764 -0.504938
v 10.961910 9.279222 -0.505336
v 11.015241 9.279883 -0.505201
v 11.014746 9.279447 -0.591922
v 11.008318 9.279409 -0.591514
v 11.015396 9.311472 -0.466105
v 11.015533 9.308289 -0.466611
v 11.015497 9.308295 -0.476410
v 11.015329 9.311472 -0.476919
v 11.015330 9.238253 -0.476919
v 11.015558 9.241429 -0.466617
v 11.015473 9.241436 -0.476415
v 10.962051 9.308942 -0.475545
v 11.015436 9.308455 -0.476409
v 11.015500 9.308473 -0.466627
v 10.962109 9.308957 -0.466825
v 11.015517 9.395273 -0.466928
v 11.009087 9.394905 -0.466926
v 10.962149 9.309016 -0.466823
v 11.015480 9.308552 -0.466490
v 11.009047 9.394906 -0.476022
v 11.015430 9.395288 -0.476325
v 11.015434 9.308548 -0.476552
v 10.962095 9.309017 -0.475527
v 10.962156 9.279263 -0.436989
v 10.962267 9.270506 -0.437036
v 11.009802 9.270557 -0.351456
v 11.009827 9.279155 -0.351469
v 11.009800 9.270315 -0.351432
v 10.962341 9.270535 -0.437027
v 11.015657 9.269846 -0.437821
v 11.016243 9.270329 -0.351107
v 10.961868 9.270499 -0.505260
v 11.015259 9.269966 -0.505103
v 11.015262 9.279749 -0.505121
v 10.961870 9.279221 -0.505277
v 11.014762 9.279751 -0.592062
v 11.014765 9.269976 -0.592057
v 11.008295 9.270487 -0.591549
v 11.008303 9.279229 -0.591524
v 11.009031 9.154841 -0.475772
v 11.009114 9.154858 -0.467179
v 10.962057 9.240704 -0.466816
v 10.961938 9.240676 -0.475576
v 11.009815 9.279412 -0.351430
v 11.016203 9.279677 -0.351089
v 11.015675 9.279902 -0.437828
v 10.962333 9.279207 -0.437028
v 11.016423 9.269957 -0.350851
v 11.016006 9.268370 -0.439382
v 11.016648 9.147623 -0.344060
v 11.015476 9.154310 -0.476401
v 11.015530 9.154294 -0.466614
v 11.009066 9.154793 -0.467101
v 11.009016 9.154809 -0.475840
v 11.009777 9.270487 -0.351396
v 11.016253 9.269975 -0.350966
v 11.016243 9.279763 -0.350943
v 11.009788 9.279225 -0.351431
v 10.962105 9.240783 -0.466820
v 11.015497 9.241271 -0.466617
v 11.015440 9.241252 -0.476398
v 10.962054 9.240768 -0.475541
v 11.008333 9.270313 -0.591515
v 11.014715 9.270048 -0.591935
v 11.015258 9.269823 -0.505198
v 10.961911 9.270518 -0.505337
v 11.015490 9.154436 -0.466697
v 11.015497 9.241177 -0.466474
v 10.962140 9.240710 -0.466805
v 11.009102 9.154818 -0.466922
v 11.031512 9.185357 -0.337362
v 11.016611 9.140526 -0.381870
v 11.015762 9.154212 -0.466645
v 11.017036 9.402960 -0.344007
v 11.031494 9.402891 -0.344121
v 11.031436 9.408464 -0.359163
v 11.016932 9.409113 -0.361180
v 11.017069 9.388971 -0.337988
v 11.031566 9.388875 -0.338060
v 11.031536 9.402952 -0.344093
v 11.017061 9.402923 -0.344073
v 11.031568 9.185361 -0.337208
v 11.017076 9.186331 -0.337090
v 11.017059 9.163089 -0.337949
v 11.031551 9.163089 -0.338109
v 11.017113 9.368386 -0.337214
v 11.031555 9.367368 -0.337243
v 11.031624 9.402835 -0.344219
v 11.017067 9.147593 -0.344075
v 11.031528 9.147567 -0.344095
v 11.017030 9.147563 -0.344011
v 11.016941 9.141342 -0.359184
v 11.031437 9.141358 -0.359172
v 11.031500 9.147632 -0.344130
v 11.030039 9.385066 -0.605889
v 11.015443 9.364367 -0.605853
v 11.015409 9.386592 -0.605084
v 11.016834 9.140532 -0.381063
v 11.031278 9.140522 -0.380708
v 11.015491 9.402117 -0.598948
v 11.029955 9.402143 -0.599106
v 11.015455 9.402147 -0.599011
v 11.015554 9.408381 -0.583819
v 11.030178 9.409105 -0.582580
v 11.029924 9.402079 -0.599072
v 11.015703 9.409238 -0.561588
v 11.015270 9.141364 -0.583927
v 11.015457 9.147380 -0.599038
v 11.029923 9.147449 -0.599098
v 11.030186 9.140576 -0.582600
v 11.015431 9.140566 -0.582452
v 11.015421 9.162517 -0.605048
v 11.029915 9.162621 -0.605153
v 11.029956 9.147385 -0.599131
v 11.015491 9.147412 -0.598973
v 11.015422 9.184603 -0.605913
v 11.029886 9.184567 -0.605941
v 11.031282 9.409219 -0.380785
v 11.030126 9.409109 -0.561940
v 11.031241 9.409109 -0.381241
v 11.017134 9.367548 -0.337274
v 11.016703 9.388908 -0.337990
v 11.016750 9.163083 -0.338016
v 11.031513 9.367548 -0.337362
v 11.016863 9.409109 -0.381152
v 11.015502 9.409200 -0.561136
v 11.016659 9.408436 -0.359141
v 11.016665 9.141390 -0.359144
v 11.015675 9.395522 -0.476390
v 11.015747 9.140615 -0.561933
v 11.030125 9.140615 -0.562021
v 11.015476 9.364333 -0.605762
v 11.015476 9.184604 -0.605762
v 11.015103 9.162569 -0.605021
v 11.017134 9.185357 -0.337274
v 11.014980 9.269992 -0.592165
v 11.016423 9.269957 -0.350851
v 11.016648 9.147623 -0.344060
v 11.029854 9.184604 -0.605850
v 11.029854 9.364333 -0.605850
v 11.031241 9.140615 -0.381240
v 11.016478 9.279731 -0.350865
v 11.015675 9.395522 -0.476390
v 11.015502 9.409200 -0.561136
v 11.015265 9.408337 -0.583858
v 11.015072 9.147438 -0.598981
v 11.015265 9.408337 -0.583858
v 11.015272 9.402044 -0.598913
v 11.016648 9.147623 -0.344060
v 11.016846 9.402858 -0.344107
v 11.014738 9.268627 -0.433409
v 10.949096 9.260098 -0.435369
v 11.014769 9.258876 -0.436343
v 10.961657 9.269235 -0.432937
v 10.949126 9.268606 -0.432976
v 10.961554 9.274266 -0.432628
v 10.949142 9.277809 -0.432445
v 10.961627 9.280462 -0.432917
v 10.949119 9.288407 -0.434968
v 11.014779 9.290416 -0.436102
v 10.949095 9.295041 -0.438058
v 11.014697 9.281178 -0.433523
v 10.949080 9.251936 -0.439796
v 11.014461 9.251966 -0.440246
v 11.014735 9.259643 -0.440644
v 10.949142 9.262489 -0.439167
v 11.014715 9.269297 -0.437576
v 11.014752 9.290053 -0.440643
v 10.949129 9.287706 -0.439334
v 10.949065 9.295152 -0.443171
v 11.014727 9.280422 -0.437579
v 10.961616 9.279965 -0.437201
v 10.961605 9.269762 -0.437202
v 10.961515 9.274130 -0.432690
v 10.961489 9.274524 -0.436807
v 10.961557 9.279965 -0.437117
v 10.949041 9.253680 -0.443716
v 10.949162 9.272136 -0.436774
v 10.949162 9.279413 -0.437085
v 10.949118 9.280103 -0.432835
v 10.949137 9.279224 -0.437071
v 10.949142 9.273309 -0.436768
v 10.961673 9.280546 -0.433048
v 10.961601 9.279934 -0.437256
v 11.014718 9.280406 -0.437582
v 11.014643 9.281285 -0.433552
v 10.949109 9.272673 -0.432458
v 10.961607 9.269157 -0.433045
v 10.961561 9.269754 -0.437122
v 10.949106 9.286582 -0.434452
v 10.949108 9.291761 -0.436364
v 10.949150 9.286345 -0.438840
v 10.949091 9.258444 -0.436115
v 11.014756 9.281215 -0.433394
v 11.014746 9.280401 -0.437575
v 11.014753 9.287848 -0.439784
v 11.014793 9.289844 -0.435942
v 11.014671 9.254586 -0.438577
v 11.014696 9.257612 -0.441806
v 11.014776 9.260523 -0.435738
v 11.014751 9.268591 -0.433491
v 11.014702 9.269318 -0.437579
v 10.961594 9.269768 -0.437244
v 10.961668 9.269173 -0.433052
v 10.961607 9.280563 -0.433022
v 10.949114 9.261404 -0.439590
v 10.949161 9.267988 -0.437567
v 11.014740 9.262623 -0.439523
v 11.014739 9.269328 -0.437583
v 11.014766 9.268516 -0.433367
v 10.949059 9.255032 -0.442848
v 11.014584 9.293397 -0.442473
v 11.014511 9.297249 -0.439909
v 10.949139 9.265872 -0.433698
v 10.961516 9.275399 -0.436846
v 10.961388 9.313169 -0.465644
v 10.948967 9.310593 -0.456327
v 11.014544 9.312967 -0.465275
v 10.948940 9.312977 -0.464912
v 10.948883 9.313553 -0.473297
v 10.948818 9.311134 -0.484293
v 10.961323 9.313143 -0.476748
v 11.014454 9.309875 -0.488058
v 10.948763 9.308073 -0.490946
v 11.014423 9.312846 -0.477820
v 11.014645 9.310066 -0.455633
v 10.949028 9.306168 -0.448175
v 11.014410 9.306123 -0.448608
v 11.014547 9.308807 -0.465930
v 10.949022 9.306467 -0.457849
v 10.961447 9.308829 -0.466084
v 11.014452 9.305523 -0.487094
v 10.948851 9.306294 -0.484726
v 10.948765 9.302770 -0.491419
v 11.014492 9.308795 -0.477072
v 10.961359 9.308844 -0.476283
v 11.014629 9.305438 -0.455770
v 10.961278 9.313340 -0.471179
v 10.961353 9.308956 -0.466048
v 10.961349 9.308977 -0.476255
v 10.961331 9.313020 -0.476883
v 10.949022 9.302235 -0.449924
v 10.948795 9.311208 -0.483884
v 10.948860 9.306151 -0.485269
v 10.948917 9.309139 -0.472971
v 10.948860 9.313394 -0.474939
v 10.948921 9.308545 -0.477436
v 10.961403 9.312994 -0.476863
v 10.961361 9.308785 -0.476250
v 11.014475 9.308788 -0.477049
v 11.014368 9.312815 -0.477929
v 10.948906 9.313251 -0.466575
v 10.961409 9.313020 -0.465476
v 10.948740 9.306108 -0.493942
v 10.948952 9.308995 -0.467172
v 10.948987 9.309840 -0.454679
v 11.014482 9.312974 -0.477859
v 11.014502 9.308812 -0.477048
v 11.014494 9.305845 -0.486339
v 11.014502 9.310228 -0.487081
v 11.014498 9.306679 -0.449414
v 11.014622 9.304562 -0.454258
v 11.014630 9.310757 -0.457336
v 11.014555 9.312878 -0.465234
v 11.014526 9.308790 -0.465961
v 10.961415 9.308797 -0.466084
v 10.961468 9.312990 -0.465488
v 10.949011 9.306758 -0.458523
v 10.949015 9.305689 -0.447631
v 11.014617 9.306847 -0.459266
v 11.014565 9.308785 -0.465973
v 11.014574 9.312972 -0.465179
v 10.948957 9.311932 -0.460896
v 10.948795 9.309174 -0.488796
v 10.948981 9.308948 -0.466503
v 10.961311 9.309191 -0.470554
v 10.948927 9.309026 -0.475371
v 11.014269 9.281099 -0.509600
v 10.948647 9.282041 -0.509077
v 11.014332 9.290567 -0.506791
v 10.961151 9.280468 -0.509427
v 10.948662 9.274611 -0.509768
v 10.961082 9.274366 -0.509735
v 10.961180 9.269238 -0.509427
v 10.948666 9.259459 -0.506647
v 10.948661 9.269152 -0.509279
v 11.014244 9.268547 -0.509507
v 10.948679 9.290646 -0.506346
v 10.948692 9.297790 -0.502407
v 11.014074 9.297759 -0.502764
v 11.014354 9.290090 -0.502366
v 10.948733 9.288224 -0.502683
v 10.961206 9.279959 -0.505146
v 11.014296 9.280428 -0.505436
v 11.014360 9.259200 -0.502118
v 10.948727 9.263163 -0.503297
v 10.948733 9.255972 -0.499857
v 11.014316 9.269295 -0.505442
v 10.961178 9.269755 -0.505163
v 10.961036 9.274862 -0.509673
v 10.961064 9.275507 -0.505553
v 10.961137 9.269759 -0.505239
v 10.961128 9.269156 -0.509319
v 10.948740 9.296029 -0.498467
v 10.948738 9.272561 -0.505371
v 10.948639 9.266738 -0.508750
v 10.948708 9.272284 -0.505413
v 10.948612 9.278488 -0.509648
v 10.948736 9.262597 -0.503117
v 10.961203 9.269178 -0.509310
v 10.961182 9.269792 -0.505099
v 11.014299 9.269320 -0.505431
v 11.014174 9.268439 -0.509459
v 10.948727 9.280095 -0.505034
v 10.961136 9.280566 -0.509322
v 10.961155 9.279960 -0.505230
v 10.948650 9.286205 -0.507871
v 10.948732 9.288345 -0.502611
v 11.014280 9.268489 -0.509643
v 11.014326 9.269321 -0.505456
v 11.014395 9.260032 -0.502490
v 11.014379 9.258665 -0.506571
v 11.014281 9.281135 -0.509521
v 11.014283 9.280408 -0.505433
v 10.961174 9.279958 -0.505111
v 10.961197 9.280553 -0.509306
v 11.014300 9.281208 -0.509650
v 11.014384 9.289284 -0.502650
v 11.014322 9.280397 -0.505446
v 11.014374 9.290940 -0.506665
v 10.948664 9.291281 -0.506027
v 10.948677 9.258604 -0.506166
v 10.948674 9.271495 -0.509562
v 11.014343 9.258508 -0.506533
v 10.948738 9.278748 -0.505244
v 10.961088 9.275454 -0.505514
v 10.961386 9.236620 -0.476807
v 10.948809 9.238932 -0.485339
v 11.014467 9.236753 -0.477736
v 11.014658 9.239430 -0.456005
v 10.949017 9.241690 -0.451079
v 10.948968 9.238500 -0.458284
v 11.014500 9.236896 -0.465190
v 10.948919 9.236323 -0.467276
v 10.961303 9.236322 -0.471770
v 10.961422 9.236606 -0.465576
v 10.948868 9.236480 -0.475764
v 11.014617 9.243147 -0.458470
v 10.949010 9.243113 -0.458253
v 11.014482 9.245925 -0.452706
v 11.014447 9.239801 -0.487702
v 10.948744 9.243556 -0.494026
v 11.014126 9.243603 -0.494401
v 11.014479 9.240867 -0.477111
v 10.948852 9.243687 -0.485581
v 10.961371 9.240893 -0.476275
v 10.961426 9.240882 -0.466074
v 10.948964 9.240547 -0.468287
v 10.949017 9.247399 -0.450042
v 11.014553 9.240943 -0.465951
v 11.014420 9.244658 -0.487853
v 10.961270 9.236374 -0.471898
v 10.961273 9.240486 -0.471823
v 10.961379 9.240800 -0.466075
v 10.961397 9.236709 -0.465473
v 10.948843 9.236554 -0.476447
v 10.948921 9.236600 -0.465861
v 10.948946 9.240768 -0.467002
v 10.948952 9.238215 -0.459371
v 10.948902 9.240646 -0.474526
v 10.948792 9.238922 -0.484998
v 10.961473 9.236731 -0.465495
v 10.961423 9.240939 -0.466106
v 11.014543 9.240937 -0.465962
v 11.014448 9.236909 -0.465083
v 10.961336 9.236729 -0.476883
v 10.961333 9.240809 -0.476275
v 10.948963 9.240117 -0.454163
v 10.949006 9.247664 -0.449689
v 10.949012 9.243226 -0.457708
v 10.948855 9.242966 -0.483677
v 11.014555 9.236725 -0.465133
v 11.014570 9.240929 -0.465968
v 11.014678 9.243532 -0.457447
v 11.014694 9.239794 -0.455318
v 11.014277 9.242282 -0.492359
v 11.014497 9.243438 -0.485355
v 11.014467 9.239092 -0.485848
v 11.014477 9.236846 -0.477777
v 11.014460 9.240934 -0.477051
v 10.961352 9.240928 -0.476273
v 10.961398 9.236734 -0.476869
v 10.948751 9.241907 -0.491413
v 11.014497 9.236718 -0.477854
v 11.014497 9.240939 -0.477039
v 10.948731 9.247128 -0.491774
v 10.948689 9.297094 -0.502802
v 10.948729 9.294078 -0.499716
v 10.948904 9.236258 -0.470409
v 11.014082 9.298175 -0.502400
v 11.014076 9.296822 -0.498332
v 10.948927 9.240892 -0.476177
v 10.961304 9.240531 -0.470949
v 11.014073 9.296027 -0.498837
v 11.014111 9.248029 -0.493450
v 11.014391 9.247769 -0.449924
v 11.014456 9.243218 -0.449273
v 10.948757 9.247571 -0.492212
v 11.014111 9.247530 -0.492669
v 11.014400 9.244326 -0.447495
v 11.014381 9.301275 -0.449073
v 10.948984 9.302594 -0.450429
v 10.948755 9.302599 -0.491697
v 11.014372 9.302196 -0.450340
v 11.014149 9.306142 -0.494290
v 11.014109 9.301725 -0.493374
v 11.014125 9.302521 -0.498575
v 11.014132 9.302232 -0.492655
v 10.948734 9.299256 -0.495625
v 11.014076 9.296125 -0.498960
v 10.948713 9.295979 -0.498394
v 10.948714 9.302232 -0.498470
v 10.948731 9.298558 -0.496403
v 10.949082 9.297051 -0.439429
v 10.949087 9.293386 -0.442027
v 11.014095 9.303840 -0.497309
v 10.948721 9.303416 -0.497390
v 10.948703 9.297742 -0.502337
v 11.014075 9.297719 -0.502704
v 11.014452 9.302545 -0.444432
v 11.014418 9.297490 -0.445304
v 11.014454 9.250858 -0.441172
v 11.014431 9.296013 -0.444135
v 10.949039 9.299553 -0.446861
v 11.014378 9.302320 -0.450241
v 10.949020 9.302167 -0.449968
v 10.949060 9.300995 -0.442547
v 10.949059 9.298318 -0.445621
v 10.949075 9.252031 -0.439848
v 11.014451 9.297884 -0.440388
v 10.949066 9.300355 -0.441908
v 11.014416 9.306286 -0.448473
v 10.949016 9.306186 -0.448155
v 10.949050 9.251393 -0.445665
v 10.949047 9.246862 -0.444337
v 10.948700 9.251399 -0.501913
v 10.948738 9.252078 -0.497207
v 10.949045 9.243199 -0.448924
v 10.949083 9.251939 -0.439807
v 10.949050 9.246264 -0.444966
v 11.014452 9.251987 -0.440281
v 11.014416 9.252435 -0.445098
v 11.014444 9.246569 -0.445077
v 11.014078 9.251556 -0.502433
v 11.014410 9.253697 -0.444172
v 11.014437 9.253527 -0.443966
v 10.949039 9.253690 -0.443742
v 11.014067 9.251842 -0.502621
v 10.948704 9.251250 -0.501835
v 11.014132 9.243440 -0.494536
v 10.948729 9.246295 -0.497264
v 10.948747 9.243638 -0.493970
v 10.948706 9.246306 -0.497248
v 10.948750 9.256419 -0.500174
v 11.014092 9.253667 -0.498837
v 10.948713 9.252056 -0.497096
v 11.014114 9.247406 -0.492767
v 10.948757 9.247522 -0.492250
v 11.014082 9.252995 -0.498366
v 11.014127 9.245919 -0.497232
v 10.924248 9.243104 -0.479715
v 10.908499 9.247315 -0.487748
v 11.015673 9.247986 -0.491712
v 11.015800 9.241157 -0.471532
v 10.924040 9.242021 -0.466269
v 10.920632 9.251863 -0.494832
v 10.916982 9.259024 -0.500132
v 11.015591 9.266426 -0.505021
v 10.905262 9.268151 -0.503436
v 10.912844 9.276415 -0.504660
v 10.901080 9.286707 -0.503376
v 10.923773 9.292834 -0.500179
v 11.015614 9.292813 -0.501224
v 10.924688 9.299718 -0.494860
v 10.924709 9.305047 -0.487907
v 11.015713 9.306562 -0.485459
v 10.925394 9.308340 -0.479717
v 10.925110 9.309520 -0.470965
v 11.015800 9.309247 -0.471533
v 10.918261 9.308688 -0.461978
v 10.924812 9.304986 -0.453902
v 11.015887 9.306562 -0.457606
v 11.015800 9.309247 -0.471533
v 10.918296 9.309940 -0.470917
v 10.917030 9.300067 -0.446920
v 10.915575 9.293273 -0.441633
v 11.015985 9.292814 -0.441841
v 10.911879 9.285330 -0.438275
v 10.904263 9.277348 -0.437070
v 11.016009 9.266426 -0.438044
v 10.903326 9.268517 -0.438197
v 10.917833 9.259105 -0.441633
v 10.925161 9.251803 -0.446982
v 10.908927 9.247495 -0.453627
v 11.015926 9.247988 -0.451350
v 10.896456 9.246734 -0.479624
v 10.896326 9.245574 -0.470785
v 10.883777 9.258858 -0.494680
v 10.891852 9.299210 -0.499971
v 10.898987 9.304397 -0.494720
v 10.900578 9.309479 -0.487791
v 10.901598 9.312692 -0.479629
v 10.906102 9.312778 -0.470846
v 10.900562 9.309554 -0.453832
v 10.895285 9.255835 -0.446813
v 10.896719 9.246699 -0.461947
v 10.872547 9.270147 -0.499917
v 10.873825 9.269752 -0.441361
v 10.866989 9.256245 -0.479439
v 10.868198 9.259367 -0.487632
v 10.866651 9.255138 -0.470599
v 10.857697 9.296543 -0.504312
v 10.882851 9.322223 -0.470701
v 10.884529 9.319817 -0.461929
v 10.887432 9.319718 -0.470728
v 10.880335 9.312284 -0.446796
v 10.879284 9.305112 -0.441452
v 10.872773 9.299442 -0.438040
v 10.864342 9.267096 -0.446628
v 10.868713 9.259237 -0.453588
v 10.867235 9.256186 -0.461764
v 10.850876 9.274294 -0.494454
v 10.855310 9.288864 -0.503135
v 10.876181 9.314996 -0.494591
v 10.876890 9.320739 -0.487654
v 10.872879 9.327212 -0.479424
v 10.872885 9.323337 -0.453671
v 10.851019 9.302609 -0.436731
v 10.848946 9.293324 -0.437880
v 10.840232 9.270884 -0.479271
v 10.841981 9.273729 -0.487468
v 10.839691 9.269872 -0.470429
v 10.854635 9.311397 -0.503121
v 10.855427 9.321169 -0.499747
v 10.828230 9.290606 -0.446343
v 10.842468 9.273542 -0.453426
v 10.840473 9.270796 -0.461596
v 10.819815 9.298670 -0.494295
v 10.832176 9.296567 -0.499643
v 10.854675 9.331746 -0.494431
v 10.865307 9.335530 -0.470590
v 10.843900 9.332982 -0.441267
v 10.837349 9.327900 -0.437826
v 10.835911 9.293792 -0.441150
v 10.816809 9.290062 -0.479126
v 10.819053 9.292523 -0.487323
v 10.816093 9.289174 -0.470282
v 10.813286 9.329579 -0.502885
v 10.853598 9.340698 -0.487463
v 10.858461 9.342296 -0.470549
v 10.857805 9.341334 -0.461741
v 10.849573 9.337529 -0.446601
v 10.811523 9.300052 -0.453184
v 10.817022 9.289959 -0.461450
v 10.828000 9.340759 -0.502951
v 10.848011 9.354042 -0.479264
v 10.847870 9.348433 -0.453535
v 10.813444 9.331217 -0.437657
v 10.806318 9.327136 -0.440939
v 10.797304 9.313197 -0.479003
v 10.799965 9.315191 -0.487205
v 10.796446 9.312457 -0.470159
v 10.801881 9.333939 -0.499474
v 10.805033 9.362776 -0.503973
v 10.829515 9.354715 -0.499583
v 10.848147 9.356381 -0.470482
v 10.805452 9.362782 -0.436438
v 10.800840 9.323862 -0.446231
v 10.797505 9.313066 -0.461328
v 10.796553 9.330526 -0.494113
v 10.833479 9.362655 -0.494269
v 10.841598 9.369306 -0.470444
v 10.843931 9.362275 -0.461635
v 10.788866 9.334102 -0.453089
v 10.782290 9.339713 -0.478909
v 10.785276 9.341162 -0.487110
v 10.781307 9.339162 -0.470063
v 10.838787 9.364913 -0.487423
v 10.834084 9.363012 -0.446463
v 10.823272 9.371204 -0.441096
v 10.811806 9.379322 -0.437681
v 10.784538 9.357502 -0.446092
v 10.782465 9.339571 -0.461233
v 10.784595 9.357352 -0.494042
v 10.810740 9.383987 -0.502856
v 10.834292 9.388851 -0.479358
v 10.838082 9.380261 -0.470419
v 10.834494 9.388912 -0.461798
v 10.835347 9.374203 -0.453405
v 10.793774 9.380451 -0.437546
v 10.785440 9.379812 -0.440865
v 10.777435 9.363291 -0.453015
v 10.772076 9.370084 -0.478849
v 10.775284 9.370936 -0.487054
v 10.771004 9.369747 -0.470000
v 10.784910 9.383663 -0.499422
v 10.793053 9.384380 -0.502757
v 10.818214 9.391558 -0.499572
v 10.830599 9.390937 -0.487461
v 10.825878 9.389698 -0.446521
v 10.772219 9.369942 -0.461164
v 10.777657 9.390046 -0.494124
v 10.825027 9.395137 -0.494347
v 10.834920 9.397105 -0.470402
v 10.834748 9.400744 -0.470403
v 10.830585 9.396610 -0.453496
v 10.818263 9.400374 -0.441084
v 10.777445 9.395949 -0.446164
v 10.771984 9.396888 -0.453116
v 10.767199 9.403963 -0.465931
v 10.769611 9.404105 -0.483529
v 10.768156 10.023372 -0.478754
v 10.767079 10.023365 -0.469976
v 10.771467 10.023365 -0.486890
v 10.776669 10.023373 -0.493829
v 10.783541 10.023365 -0.499117
v 10.791635 10.023372 -0.502529
v 10.800400 10.023365 -0.503715
v 10.809179 10.023373 -0.502638
v 10.817314 10.023365 -0.499329
v 10.824251 10.023373 -0.494128
v 10.829542 10.023365 -0.487251
v 10.832953 10.023373 -0.479159
v 10.834141 10.023363 -0.470393
v 10.833063 10.023373 -0.461617
v 10.834141 10.023363 -0.470399
v 10.829754 10.023365 -0.453481
v 10.824552 10.023373 -0.446541
v 10.817677 10.023366 -0.441253
v 10.809586 10.023373 -0.437841
v 10.800817 10.023365 -0.436655
v 10.792042 10.023373 -0.437732
v 10.783904 10.023365 -0.441041
v 10.776967 10.023373 -0.446242
v 10.771677 10.023365 -0.453118
v 10.768267 10.023373 -0.461210
v 10.777011 10.023712 -0.446329
v 10.792097 10.023398 -0.437946
v 10.800625 10.023857 -0.436669
v 10.809528 10.023398 -0.438056
v 10.824464 10.023712 -0.446585
v 10.832850 10.023397 -0.461673
v 10.834126 10.023857 -0.470202
v 10.832741 10.023398 -0.479103
v 10.824209 10.023712 -0.494041
v 10.809124 10.023397 -0.502425
v 10.791690 10.023713 -0.502449
v 10.776825 10.023397 -0.493672
v 10.768253 10.023710 -0.478762
v 10.768467 10.023429 -0.461267
v 10.817562 10.023310 -0.441450
v 10.767307 10.023310 -0.469977
v 10.771875 10.023310 -0.453234
v 10.783657 10.023310 -0.498920
v 10.771665 10.023310 -0.486777
v 10.829345 10.023310 -0.487138
v 10.784019 10.023310 -0.441240
v 10.829556 10.023310 -0.453594
v 10.817202 10.023310 -0.499130
v 10.800402 10.023310 -0.503488
v 10.774347 10.023420 -0.470021
v 10.775167 10.023310 -0.476904
v 10.774952 10.023716 -0.480082
v 10.777743 10.023310 -0.483293
v 10.813717 10.023310 -0.493052
v 10.819145 10.023310 -0.488955
v 10.816781 10.023716 -0.492480
v 10.823311 10.023310 -0.483578
v 10.814002 10.023310 -0.447484
v 10.807646 10.023310 -0.444830
v 10.800774 10.023310 -0.443876
v 10.797850 10.023716 -0.442846
v 10.775570 10.023716 -0.458794
v 10.777908 10.023310 -0.456793
v 10.775254 10.023310 -0.463149
v 10.781874 10.023420 -0.488690
v 10.787218 10.023310 -0.492887
v 10.789223 10.023716 -0.495226
v 10.825965 10.023310 -0.477222
v 10.826918 10.023310 -0.470350
v 10.827948 10.023716 -0.467422
v 10.793892 10.023310 -0.444743
v 10.787502 10.023310 -0.447319
v 10.784439 10.023716 -0.447890
v 10.793573 10.023310 -0.495541
v 10.800446 10.023310 -0.496493
v 10.803369 10.023716 -0.497522
v 10.826052 10.023310 -0.463467
v 10.823477 10.023310 -0.457078
v 10.822905 10.023716 -0.454012
v 10.782074 10.023310 -0.451417
v 10.807329 10.023310 -0.495626
v 10.819379 10.023310 -0.451650
v 10.774544 10.023369 -0.469962
v 10.775105 9.957761 -0.469927
v 10.776779 9.957765 -0.479893
v 10.776310 10.023373 -0.480254
v 10.816586 10.023373 -0.491128
v 10.816097 9.957765 -0.490781
v 10.824213 9.957765 -0.480436
v 10.824808 10.023373 -0.480495
v 10.810922 10.023373 -0.445987
v 10.810860 9.957765 -0.446581
v 10.800871 9.957761 -0.444680
v 10.800837 10.023369 -0.444118
v 10.800785 9.957606 -0.444750
v 10.807397 9.957791 -0.445727
v 10.813528 9.957792 -0.448289
v 10.776411 10.023373 -0.459876
v 10.777008 9.957765 -0.459931
v 10.781971 10.023370 -0.488509
v 10.782345 9.957760 -0.488084
v 10.790359 9.957766 -0.493789
v 10.790300 10.023373 -0.494383
v 10.775232 9.957792 -0.470027
v 10.776153 9.957791 -0.463399
v 10.778553 9.957792 -0.482828
v 10.826114 9.957761 -0.470445
v 10.826677 10.023369 -0.470409
v 10.825068 9.957791 -0.476973
v 10.822506 9.957792 -0.483104
v 10.794130 9.957791 -0.445645
v 10.790903 9.957765 -0.446354
v 10.790539 10.023373 -0.445886
v 10.800348 9.957762 -0.495689
v 10.800385 10.023370 -0.496251
v 10.793823 9.957791 -0.494642
v 10.787692 9.957792 -0.492082
v 10.822666 9.957792 -0.457543
v 10.825150 9.957791 -0.463705
v 10.824440 9.957765 -0.460479
v 10.824907 10.023373 -0.460113
v 10.782288 10.023369 -0.451546
v 10.782711 9.957760 -0.451921
v 10.782731 9.957791 -0.452082
v 10.807262 10.023371 -0.495379
v 10.807111 9.957769 -0.494822
v 10.813253 9.957792 -0.492241
v 10.807091 9.957791 -0.494725
v 10.807127 9.957755 -0.494877
v 10.807267 10.023364 -0.495407
v 10.819248 10.023370 -0.451861
v 10.818875 9.957760 -0.452287
v 24.795218 2.812129 -19.345844
v 24.549309 2.833968 -19.344282
v 24.795218 2.588092 -19.345860
v 24.666529 2.579743 -19.360378
v 24.668129 2.668266 -19.360304
v 24.789097 2.572969 -19.360992
v 24.774158 2.566899 -19.345715
v 24.549343 2.566921 -19.344339
v 24.528236 2.588608 -19.344212
v 24.528225 2.814448 -19.344193
v 24.534319 2.573200 -19.344368
v 24.789143 2.573017 -19.345942
v 24.774078 2.833860 -19.345718
v 24.789116 2.827569 -19.345942
v 24.685770 3.383024 -19.575619
v 24.678268 3.382981 -19.593628
v 24.666830 3.382950 -19.600109
v 24.638165 3.383021 -19.588154
v 24.642336 3.382990 -19.557299
v 24.647329 3.382983 -19.597450
v 24.678463 3.382990 -19.557495
v 24.660458 3.383024 -19.549994
v 24.656933 2.734550 -19.414017
v 24.657295 2.820395 -19.366959
v 24.665888 2.820412 -19.367041
v 24.665691 2.734578 -19.414135
v 24.549261 2.566923 -19.359390
v 24.656761 2.579741 -19.360308
v 24.751356 2.566047 -19.360596
v 24.695492 2.695991 -19.414337
v 24.695446 2.704747 -19.414227
v 24.781605 2.704695 -19.367752
v 24.781591 2.696100 -19.367725
v 24.655142 2.732527 -19.360226
v 24.540981 2.705260 -19.359594
v 24.534185 2.828429 -19.359409
v 24.656761 2.579741 -19.360308
v 24.534180 2.573155 -19.359409
v 24.629498 2.693900 -19.360065
v 24.668129 2.668266 -19.360304
v 24.655222 2.668593 -19.360224
v 24.693802 2.694077 -19.360506
v 24.693928 2.706675 -19.360506
v 24.668137 2.732425 -19.360310
v 24.782278 2.705292 -19.361099
v 24.668129 2.668266 -19.360304
v 24.782280 2.695520 -19.361092
v 24.789097 2.572969 -19.360992
v 24.666502 2.821046 -19.360382
v 24.795166 2.812097 -19.361038
v 24.655142 2.732527 -19.360226
v 24.629456 2.706703 -19.360109
v 24.540981 2.705260 -19.359594
v 24.656761 2.579741 -19.360308
v 24.629498 2.693900 -19.360065
v 24.782280 2.695520 -19.361092
v 24.666517 2.820942 -19.360596
v 24.665955 2.820444 -19.367056
v 24.657217 2.820461 -19.367006
v 24.656729 2.820961 -19.360542
v 24.625019 2.705799 -19.360481
v 24.666140 2.580347 -19.367027
v 24.665642 2.666235 -19.413977
v 24.666653 2.666702 -19.360653
v 24.666162 2.579983 -19.360600
v 24.540981 2.695491 -19.359606
v 24.625019 2.694984 -19.360481
v 24.698236 2.694984 -19.360935
v 24.698236 2.705799 -19.360935
v 24.656219 2.663782 -19.360674
v 24.628197 2.705289 -19.360336
v 24.628204 2.695488 -19.360363
v 24.627220 2.696029 -19.413784
v 24.627193 2.704743 -19.413778
v 24.628040 2.705288 -19.360397
v 24.628038 2.695495 -19.360397
v 24.695061 2.695494 -19.360750
v 24.695053 2.705294 -19.360775
v 24.695452 2.704751 -19.414162
v 24.695318 2.705413 -19.360830
v 24.782036 2.704976 -19.361326
v 24.781630 2.704939 -19.367754
v 24.656219 2.737001 -19.360676
v 24.656725 2.733817 -19.360538
v 24.666527 2.733823 -19.360575
v 24.667034 2.737001 -19.360741
v 24.666529 2.579743 -19.360378
v 24.667034 2.663782 -19.360741
v 24.656733 2.666959 -19.360514
v 24.666531 2.666966 -19.360600
v 24.665661 2.734471 -19.414021
v 24.666525 2.733983 -19.360636
v 24.656742 2.734001 -19.360573
v 24.656940 2.734486 -19.413963
v 24.657043 2.820802 -19.360554
v 24.657042 2.820434 -19.366985
v 24.656940 2.734545 -19.413923
v 24.656607 2.734081 -19.360592
v 24.666140 2.820436 -19.367027
v 24.666443 2.820817 -19.360641
v 24.666668 2.734077 -19.360638
v 24.665644 2.734547 -19.413977
v 24.656731 2.821041 -19.360321
v 24.627106 2.704791 -19.413916
v 24.627151 2.696035 -19.413805
v 24.541573 2.696087 -19.366270
v 24.541586 2.704683 -19.366243
v 24.541548 2.695843 -19.366272
v 24.627144 2.696064 -19.413731
v 24.627937 2.695375 -19.360413
v 24.541222 2.695857 -19.359829
v 24.695377 2.696029 -19.414204
v 24.695219 2.695495 -19.360813
v 24.695238 2.705277 -19.360809
v 24.695393 2.704749 -19.414202
v 24.782177 2.705280 -19.361309
v 24.782173 2.695504 -19.361307
v 24.781666 2.696016 -19.367777
v 24.781639 2.704758 -19.367769
v 24.665888 2.580371 -19.367041
v 24.657295 2.580387 -19.366959
v 24.656933 2.666232 -19.414015
v 24.665691 2.666204 -19.414135
v 24.541546 2.704943 -19.366257
v 24.541206 2.705206 -19.359869
v 24.627945 2.705431 -19.360397
v 24.627144 2.704736 -19.413738
v 24.540981 2.695491 -19.359606
v 24.629498 2.693900 -19.360065
v 24.534180 2.573155 -19.359409
v 24.666517 2.579840 -19.360596
v 24.656729 2.579822 -19.360542
v 24.657217 2.580322 -19.367006
v 24.665955 2.580338 -19.367056
v 24.541512 2.696016 -19.366295
v 24.541084 2.695505 -19.359819
v 24.541059 2.705292 -19.359829
v 24.541548 2.704754 -19.366283
v 24.656937 2.666312 -19.413967
v 24.656733 2.666800 -19.360575
v 24.666513 2.666782 -19.360632
v 24.665655 2.666297 -19.414019
v 24.781631 2.695842 -19.367739
v 24.782051 2.695577 -19.361355
v 24.695312 2.695352 -19.360813
v 24.695454 2.696047 -19.414162
v 24.656815 2.579965 -19.360582
v 24.656590 2.666706 -19.360575
v 24.656921 2.666239 -19.413933
v 24.657040 2.580347 -19.366970
v 24.666529 2.579743 -19.360378
v 24.534122 2.828489 -19.359035
v 24.534237 2.828420 -19.344578
v 24.549282 2.833993 -19.344635
v 24.551079 2.834528 -19.359116
v 24.528103 2.814500 -19.359003
v 24.528177 2.814403 -19.344507
v 24.534210 2.828482 -19.344536
v 24.534191 2.828452 -19.359013
v 24.527332 2.610791 -19.344507
v 24.527233 2.611460 -19.358990
v 24.528065 2.588618 -19.359013
v 24.528225 2.588619 -19.344521
v 24.527267 2.793378 -19.358980
v 24.527365 2.792943 -19.344519
v 24.534336 2.828364 -19.344448
v 24.534191 2.573123 -19.359005
v 24.534212 2.573096 -19.344543
v 24.534128 2.573092 -19.359043
v 24.549301 2.566871 -19.359131
v 24.549290 2.566888 -19.344635
v 24.534246 2.573160 -19.344572
v 24.796118 2.789870 -19.346165
v 24.795963 2.789927 -19.360628
v 24.795200 2.812121 -19.360662
v 24.795218 2.812121 -19.346170
v 24.571371 2.566035 -19.359249
v 24.571833 2.565959 -19.344772
v 24.789064 2.827645 -19.360580
v 24.789223 2.827672 -19.346117
v 24.789127 2.827676 -19.360617
v 24.773933 2.833910 -19.360518
v 24.774124 2.833894 -19.346024
v 24.789188 2.827607 -19.346148
v 24.774006 2.566848 -19.360518
v 24.774199 2.566864 -19.346024
v 24.752613 2.566041 -19.345913
v 24.751453 2.565983 -19.360376
v 24.751652 2.834772 -19.360371
v 24.752882 2.834698 -19.345930
v 24.774040 2.566897 -19.360790
v 24.789097 2.572969 -19.360992
v 24.789154 2.572909 -19.360615
v 24.789215 2.572978 -19.346148
v 24.795162 2.588044 -19.360651
v 24.795269 2.588148 -19.346157
v 24.789249 2.572913 -19.346115
v 24.789089 2.572941 -19.360580
v 24.796066 2.610744 -19.360657
v 24.796085 2.610336 -19.346176
v 24.571518 2.834804 -19.344774
v 24.752045 2.834638 -19.345947
v 24.571344 2.834638 -19.344830
v 24.527390 2.610874 -19.358938
v 24.528137 2.814437 -19.359272
v 24.528131 2.588614 -19.359320
v 24.540981 2.705260 -19.359594
v 24.527477 2.610874 -19.344561
v 24.527477 2.793089 -19.344559
v 24.571266 2.566144 -19.359209
v 24.571255 2.834638 -19.359209
v 24.773987 2.833867 -19.360842
v 24.549257 2.833951 -19.359367
v 24.751957 2.834638 -19.360325
v 24.656731 2.821041 -19.360321
v 24.795877 2.610138 -19.360596
v 24.795132 2.588085 -19.360970
v 24.795877 2.789851 -19.360596
v 24.571352 2.566145 -19.344831
v 24.752151 2.566144 -19.345947
v 24.782280 2.695520 -19.361092
v 24.795967 2.610138 -19.346218
v 24.795967 2.789851 -19.346218
v 24.527390 2.793089 -19.358938
v 24.540981 2.695491 -19.359606
v 24.656731 2.821041 -19.360321
v 24.655142 2.732527 -19.360226
v 24.534185 2.828429 -19.359409
v 24.534185 2.828429 -19.359409
v 24.789097 2.572969 -19.360992
v 24.789030 2.827574 -19.360800
v 24.534180 2.573155 -19.359409
v 24.534185 2.828429 -19.359409
v 24.534180 2.573155 -19.359409
v 24.623053 2.694784 -19.414455
v 24.625504 2.685537 -19.426949
v 24.626158 2.684931 -19.361296
v 24.623566 2.694132 -19.361340
v 24.622911 2.695273 -19.426941
v 24.622751 2.700272 -19.414513
v 24.623035 2.705992 -19.414448
v 24.624855 2.713203 -19.426958
v 24.622622 2.703702 -19.426924
v 24.626724 2.717108 -19.361290
v 24.627708 2.719753 -19.426966
v 24.623634 2.706708 -19.361361
v 24.629913 2.677465 -19.427017
v 24.630863 2.684985 -19.361341
v 24.629707 2.686974 -19.426941
v 24.627321 2.695292 -19.414461
v 24.627693 2.694834 -19.361340
v 24.627316 2.705495 -19.414467
v 24.626863 2.702759 -19.426912
v 24.629475 2.713283 -19.426950
v 24.631435 2.716751 -19.361351
v 24.633003 2.720195 -19.427002
v 24.627621 2.706004 -19.361338
v 24.633835 2.679215 -19.427015
v 24.627312 2.695011 -19.426907
v 24.623016 2.705918 -19.426945
v 24.627041 2.703980 -19.426924
v 24.622574 2.700768 -19.426954
v 24.625443 2.715000 -19.426968
v 24.625839 2.684923 -19.426979
v 24.623068 2.694283 -19.426950
v 24.627026 2.696858 -19.426924
v 24.623163 2.706076 -19.414398
v 24.627373 2.705463 -19.414471
v 24.627697 2.705935 -19.361355
v 24.623671 2.706815 -19.361429
v 24.622797 2.700391 -19.414557
v 24.627234 2.695280 -19.414515
v 24.626919 2.701019 -19.414583
v 24.623146 2.694691 -19.414455
v 24.629124 2.688425 -19.426949
v 24.623528 2.706732 -19.361311
v 24.627697 2.705928 -19.361322
v 24.625608 2.714132 -19.361284
v 24.625996 2.685636 -19.361294
v 24.632626 2.681715 -19.361500
v 24.629644 2.688141 -19.361330
v 24.629507 2.678794 -19.361515
v 24.623608 2.694119 -19.361320
v 24.627697 2.694846 -19.361370
v 24.627361 2.695297 -19.414478
v 24.623167 2.694701 -19.414404
v 24.627241 2.705482 -19.414497
v 24.623150 2.706093 -19.414465
v 24.627701 2.694859 -19.361330
v 24.623480 2.694045 -19.361301
v 24.629192 2.712583 -19.426954
v 24.632631 2.719691 -19.426991
v 24.632668 2.719124 -19.361483
v 24.628393 2.720070 -19.361393
v 24.629681 2.712763 -19.361322
v 24.626966 2.700381 -19.414547
v 24.655392 2.738496 -19.361530
v 24.646084 2.736024 -19.427088
v 24.645447 2.735472 -19.361418
v 24.655666 2.738633 -19.414616
v 24.662712 2.739009 -19.427181
v 24.660713 2.738933 -19.414761
v 24.666893 2.738660 -19.414713
v 24.656403 2.738753 -19.427141
v 24.667938 2.738394 -19.361631
v 24.668791 2.738220 -19.427231
v 24.638723 2.731652 -19.361662
v 24.646214 2.731152 -19.361437
v 24.647884 2.731936 -19.427055
v 24.656197 2.734365 -19.414640
v 24.656065 2.734321 -19.361515
v 24.666397 2.734370 -19.414705
v 24.664122 2.734686 -19.427139
v 24.674110 2.732133 -19.427225
v 24.678009 2.730574 -19.361641
v 24.681198 2.728498 -19.427303
v 24.667236 2.734395 -19.361582
v 24.667004 2.738514 -19.414751
v 24.656166 2.734485 -19.414719
v 24.666372 2.734506 -19.414722
v 24.640041 2.727774 -19.427053
v 24.656410 2.734414 -19.427086
v 24.669659 2.738000 -19.427238
v 24.673786 2.732313 -19.427217
v 24.664070 2.734676 -19.427166
v 24.662754 2.739003 -19.427204
v 24.655941 2.734328 -19.427114
v 24.656452 2.738749 -19.427151
v 24.650084 2.737205 -19.427122
v 24.666979 2.738523 -19.414669
v 24.666367 2.734314 -19.414711
v 24.667166 2.734317 -19.361597
v 24.668045 2.738344 -19.361704
v 24.655602 2.738570 -19.414650
v 24.662485 2.738859 -19.414799
v 24.678123 2.735135 -19.427294
v 24.680464 2.728972 -19.427301
v 24.646843 2.731550 -19.427055
v 24.667963 2.738488 -19.361586
v 24.667160 2.734322 -19.361565
v 24.675798 2.736264 -19.361597
v 24.655350 2.738408 -19.361517
v 24.656078 2.734318 -19.361546
v 24.656200 2.734325 -19.414656
v 24.655605 2.738519 -19.414604
v 24.644482 2.735205 -19.427078
v 24.646708 2.736011 -19.361380
v 24.647652 2.731684 -19.361416
v 24.655285 2.738533 -19.361485
v 24.656088 2.734343 -19.361502
v 24.638073 2.731432 -19.427048
v 24.641094 2.728441 -19.427040
v 24.678944 2.730040 -19.361666
v 24.683199 2.732521 -19.361828
v 24.674610 2.732116 -19.361597
v 24.679928 2.734561 -19.361668
v 24.676603 2.735822 -19.427269
v 24.661282 2.734720 -19.414759
v 24.699726 2.706623 -19.361805
v 24.697399 2.713809 -19.427406
v 24.696699 2.716576 -19.361732
v 24.699535 2.706020 -19.414886
v 24.699852 2.703568 -19.427416
v 24.699554 2.694790 -19.414919
v 24.697090 2.686026 -19.427395
v 24.699474 2.695105 -19.427404
v 24.699835 2.700980 -19.415001
v 24.699623 2.694076 -19.361828
v 24.694675 2.719767 -19.427391
v 24.692881 2.723289 -19.361996
v 24.692383 2.715799 -19.361723
v 24.693569 2.711334 -19.427332
v 24.695551 2.705949 -19.361759
v 24.691811 2.684035 -19.361725
v 24.692406 2.686132 -19.427328
v 24.689075 2.680031 -19.427353
v 24.695625 2.694778 -19.361757
v 24.694969 2.694447 -19.427338
v 24.691137 2.717222 -19.427330
v 24.695290 2.695280 -19.414902
v 24.695269 2.705491 -19.414881
v 24.699762 2.701227 -19.415026
v 24.695665 2.700734 -19.415007
v 24.695354 2.695288 -19.414934
v 24.695580 2.703011 -19.427336
v 24.699163 2.693459 -19.427418
v 24.695488 2.697325 -19.427362
v 24.699814 2.698651 -19.427441
v 24.695267 2.704783 -19.427353
v 24.698696 2.709279 -19.427431
v 24.699425 2.694707 -19.414869
v 24.695217 2.695319 -19.414890
v 24.695547 2.694848 -19.361773
v 24.699574 2.693967 -19.361898
v 24.695351 2.705500 -19.414932
v 24.699442 2.706092 -19.414928
v 24.696287 2.684133 -19.427401
v 24.689293 2.680341 -19.427362
v 24.692854 2.686972 -19.427328
v 24.692862 2.713732 -19.427341
v 24.693430 2.722571 -19.361887
v 24.691319 2.717657 -19.361752
v 24.693600 2.712644 -19.361725
v 24.699638 2.706664 -19.361790
v 24.695549 2.705936 -19.361790
v 24.695229 2.705486 -19.414898
v 24.699421 2.706082 -19.414875
v 24.699467 2.694694 -19.414932
v 24.696035 2.717159 -19.427425
v 24.699762 2.706730 -19.361763
v 24.695545 2.705924 -19.361750
v 24.688593 2.721537 -19.427364
v 24.697037 2.685122 -19.361713
v 24.693563 2.688092 -19.361719
v 24.691406 2.683224 -19.361740
v 24.693539 2.678481 -19.361929
v 24.699776 2.694021 -19.361767
v 24.695568 2.694858 -19.361736
v 24.697346 2.714876 -19.361761
v 24.699707 2.703586 -19.427406
v 24.697357 2.685927 -19.361752
v 24.695631 2.700392 -19.414978
v 24.667854 2.662287 -19.361607
v 24.668016 2.662348 -19.427238
v 24.677803 2.665313 -19.361616
v 24.666901 2.662148 -19.414726
v 24.660761 2.661845 -19.414759
v 24.655670 2.662142 -19.414619
v 24.646246 2.664693 -19.427101
v 24.656565 2.662003 -19.427145
v 24.662666 2.661793 -19.427176
v 24.645050 2.665426 -19.361408
v 24.655306 2.662402 -19.361557
v 24.677288 2.665211 -19.427280
v 24.684517 2.669131 -19.361946
v 24.667179 2.666462 -19.361584
v 24.666302 2.666421 -19.427151
v 24.666393 2.666417 -19.414703
v 24.677032 2.669631 -19.361628
v 24.656010 2.666388 -19.361513
v 24.655376 2.666612 -19.427094
v 24.645884 2.669626 -19.427032
v 24.674726 2.668924 -19.427219
v 24.656183 2.666396 -19.414660
v 24.661293 2.661894 -19.414795
v 24.661289 2.666026 -19.414795
v 24.656191 2.666329 -19.414692
v 24.682396 2.673011 -19.427315
v 24.660793 2.666045 -19.427116
v 24.655975 2.662127 -19.427153
v 24.647947 2.668681 -19.427048
v 24.657593 2.666226 -19.427120
v 24.647434 2.664358 -19.427097
v 24.674751 2.664288 -19.427265
v 24.666452 2.662109 -19.427238
v 24.665424 2.666258 -19.427174
v 24.655609 2.662259 -19.414600
v 24.656223 2.666468 -19.414648
v 24.656078 2.666466 -19.361530
v 24.655197 2.662439 -19.361624
v 24.666405 2.666330 -19.414757
v 24.666994 2.662243 -19.414728
v 24.675133 2.669014 -19.427233
v 24.655283 2.662294 -19.361507
v 24.656086 2.666466 -19.361498
v 24.647007 2.664639 -19.361374
v 24.667894 2.662375 -19.361595
v 24.667168 2.666464 -19.361614
v 24.666389 2.666457 -19.414719
v 24.666985 2.662263 -19.414673
v 24.655592 2.662246 -19.414665
v 24.682396 2.667971 -19.427324
v 24.682901 2.668035 -19.361797
v 24.675472 2.668958 -19.361588
v 24.667961 2.662250 -19.361565
v 24.667154 2.666470 -19.361572
v 24.641748 2.667017 -19.427076
v 24.649252 2.668448 -19.361443
v 24.642475 2.671656 -19.361580
v 24.675684 2.664525 -19.361626
v 24.661196 2.661767 -19.427172
v 24.645231 2.670211 -19.361439
v 24.687826 2.723091 -19.361990
v 24.661285 2.666057 -19.414762
v 24.692440 2.723261 -19.427376
v 24.688507 2.721509 -19.427353
v 24.688953 2.721556 -19.362000
v 24.682575 2.672879 -19.361931
v 24.682785 2.673058 -19.361961
v 24.682362 2.673015 -19.427328
v 24.684109 2.669136 -19.427326
v 24.639744 2.673543 -19.361691
v 24.639517 2.668628 -19.361620
v 24.639507 2.732153 -19.361622
v 24.641354 2.728410 -19.361654
v 24.638844 2.668769 -19.427040
v 24.638355 2.669401 -19.361670
v 24.638325 2.731646 -19.427044
v 24.640457 2.727725 -19.361698
v 24.683167 2.727474 -19.361942
v 24.688368 2.728406 -19.361952
v 24.683477 2.727254 -19.361959
v 24.685381 2.725153 -19.427330
v 24.689003 2.721596 -19.361984
v 24.688520 2.721521 -19.427372
v 24.683058 2.732294 -19.427326
v 24.687019 2.729265 -19.427353
v 24.684326 2.726182 -19.427330
v 24.692026 2.723840 -19.427353
v 24.682831 2.732556 -19.427326
v 24.687866 2.728926 -19.361973
v 24.687714 2.728642 -19.427347
v 24.692509 2.723313 -19.427374
v 24.692827 2.723253 -19.362001
v 24.635483 2.728921 -19.361622
v 24.636612 2.724348 -19.361637
v 24.635212 2.722864 -19.361668
v 24.636391 2.724498 -19.427040
v 24.640442 2.727741 -19.361685
v 24.640102 2.727685 -19.427059
v 24.628885 2.721592 -19.426991
v 24.636684 2.724908 -19.427036
v 24.632614 2.726507 -19.427010
v 24.633009 2.680459 -19.427025
v 24.629717 2.677848 -19.426987
v 24.631348 2.724627 -19.361647
v 24.632751 2.726743 -19.427002
v 24.638710 2.731663 -19.361652
v 24.638313 2.731659 -19.427059
v 24.631430 2.724623 -19.361626
v 24.635796 2.671119 -19.427034
v 24.636997 2.675622 -19.427029
v 24.640879 2.672486 -19.427053
v 24.692255 2.677243 -19.427382
v 24.630413 2.677531 -19.361622
v 24.630299 2.677439 -19.361620
v 24.629950 2.677488 -19.426989
v 24.634270 2.672571 -19.427013
v 24.636871 2.676147 -19.361641
v 24.633898 2.673328 -19.361624
v 24.634289 2.679227 -19.361660
v 24.638317 2.674461 -19.427059
v 24.633877 2.679238 -19.427002
v 24.634239 2.679188 -19.361645
v 24.693848 2.679571 -19.427391
v 24.692553 2.676894 -19.361990
v 24.690527 2.675069 -19.427361
v 24.684187 2.669036 -19.427341
v 24.684538 2.669111 -19.361948
v 24.687977 2.672418 -19.427361
v 24.686724 2.676973 -19.427336
v 24.687944 2.677800 -19.361998
v 24.685715 2.675957 -19.427334
v 24.682791 2.673054 -19.361944
v 24.682329 2.673108 -19.427326
v 24.687359 2.677173 -19.361956
v 24.688692 2.672673 -19.361959
v 24.669832 2.668633 -19.451828
v 24.677864 2.672844 -19.467575
v 24.681831 2.673517 -19.360397
v 24.661648 2.666686 -19.360271
v 24.656387 2.667549 -19.452028
v 24.684860 2.678001 -19.466326
v 24.690248 2.684551 -19.459087
v 24.692730 2.687078 -19.360466
v 24.693592 2.693084 -19.464426
v 24.694721 2.702877 -19.472235
v 24.695137 2.710057 -19.360481
v 24.693607 2.710624 -19.461092
v 24.690214 2.718901 -19.460480
v 24.684866 2.725731 -19.459112
v 24.678024 2.730577 -19.451363
v 24.678984 2.730698 -19.360380
v 24.669701 2.734286 -19.457861
v 24.661098 2.734956 -19.448242
v 24.661648 2.734776 -19.360271
v 24.652094 2.734216 -19.457811
v 24.644016 2.730515 -19.451265
v 24.647718 2.732090 -19.360184
v 24.661648 2.734776 -19.360271
v 24.661018 2.735660 -19.459993
v 24.637100 2.725177 -19.451294
v 24.631809 2.718313 -19.452309
v 24.631958 2.718342 -19.360086
v 24.628334 2.712247 -19.475323
v 24.627186 2.702877 -19.471813
v 24.628159 2.691955 -19.360062
v 24.628458 2.692514 -19.453320
v 24.631638 2.685481 -19.468489
v 24.637005 2.677670 -19.458538
v 24.643742 2.673024 -19.467146
v 24.641466 2.673516 -19.360146
v 24.669743 2.672263 -19.479618
v 24.660900 2.671101 -19.479740
v 24.677841 2.736340 -19.480070
v 24.660950 2.738636 -19.472210
v 24.643959 2.736429 -19.480091
v 24.636999 2.730055 -19.477180
v 24.631657 2.725011 -19.484575
v 24.628166 2.702224 -19.498756
v 24.652065 2.672230 -19.479357
v 24.690035 2.695678 -19.503532
v 24.636871 2.684488 -19.491426
v 24.669556 2.681772 -19.509079
v 24.677748 2.684899 -19.507881
v 24.660715 2.680663 -19.509415
v 24.684692 2.689823 -19.505924
v 24.693306 2.709168 -19.512421
v 24.693352 2.723999 -19.502554
v 24.689999 2.731401 -19.498888
v 24.684690 2.737607 -19.495661
v 24.669611 2.745292 -19.491558
v 24.660831 2.746421 -19.490622
v 24.652046 2.745345 -19.491543
v 24.631363 2.704789 -19.520813
v 24.643705 2.684767 -19.507364
v 24.651880 2.681709 -19.508823
v 24.694321 2.735358 -19.535475
v 24.660780 2.751483 -19.498936
v 24.636843 2.740718 -19.499907
v 24.626831 2.729873 -19.527580
v 24.636705 2.695940 -19.518173
v 24.669388 2.696413 -19.535841
v 24.677584 2.699253 -19.534084
v 24.660547 2.695400 -19.536381
v 24.684532 2.703720 -19.531248
v 24.677643 2.756018 -19.512550
v 24.643738 2.754708 -19.510658
v 24.631430 2.745554 -19.518764
v 24.627975 2.748822 -19.535290
v 24.643543 2.699072 -19.533604
v 24.651712 2.696328 -19.535604
v 24.689751 2.724317 -19.546530
v 24.660694 2.762524 -19.512432
v 24.636738 2.759312 -19.523201
v 24.627872 2.736154 -19.546625
v 24.636425 2.721069 -19.553108
v 24.669239 2.715584 -19.559258
v 24.677439 2.718045 -19.557013
v 24.660398 2.714700 -19.559975
v 24.684391 2.732116 -19.563639
v 24.693026 2.749684 -19.559053
v 24.693146 2.750498 -19.535896
v 24.689793 2.758112 -19.531786
v 24.684498 2.762734 -19.526524
v 24.669434 2.768442 -19.519909
v 24.660637 2.773055 -19.522058
v 24.651865 2.768525 -19.519869
v 24.631134 2.738747 -19.559526
v 24.643398 2.717818 -19.556568
v 24.651566 2.715479 -19.559040
v 24.669119 2.738720 -19.578766
v 24.677320 2.740716 -19.576105
v 24.660276 2.737988 -19.579628
v 24.689569 2.765604 -19.577457
v 24.677494 2.786022 -19.535625
v 24.660583 2.785902 -19.530207
v 24.643620 2.782032 -19.533274
v 24.631281 2.776203 -19.544022
v 24.626551 2.791286 -19.571236
v 24.643278 2.740447 -19.575703
v 24.651445 2.738594 -19.578566
v 24.692970 2.798689 -19.563789
v 24.636593 2.784014 -19.539835
v 24.627693 2.780847 -19.574959
v 24.636326 2.755569 -19.578943
v 24.669024 2.765241 -19.593782
v 24.677229 2.766703 -19.590799
v 24.660183 2.764693 -19.594765
v 24.684191 2.768975 -19.586039
v 24.694078 2.800133 -19.573183
v 24.687527 2.787230 -19.545139
v 24.669380 2.791878 -19.534199
v 24.660542 2.801977 -19.537029
v 24.651739 2.791961 -19.534126
v 24.627796 2.804852 -19.564266
v 24.631025 2.771181 -19.579084
v 24.643185 2.766404 -19.590452
v 24.651350 2.765103 -19.593609
v 24.692879 2.806794 -19.582716
v 24.636669 2.812867 -19.549948
v 24.636248 2.782333 -19.590992
v 24.668964 2.795613 -19.603996
v 24.677172 2.796472 -19.600788
v 24.660116 2.795272 -19.605066
v 24.684294 2.807083 -19.597754
v 24.689526 2.812877 -19.591452
v 24.689686 2.814348 -19.557655
v 24.684454 2.815006 -19.550646
v 24.677584 2.818905 -19.545647
v 24.669468 2.816547 -19.541975
v 24.651873 2.816608 -19.541786
v 24.643658 2.816592 -19.545124
v 24.660522 2.816973 -19.540821
v 24.631233 2.814724 -19.557171
v 24.630985 2.808672 -19.590942
v 24.643116 2.796166 -19.600508
v 24.651279 2.795470 -19.603853
v 24.660515 2.826812 -19.541325
v 24.627655 2.822257 -19.583458
v 24.636292 2.815096 -19.598297
v 24.646889 2.829167 -19.606411
v 24.660208 2.830060 -19.608902
v 24.673649 2.829632 -19.606459
v 24.668871 3.448901 -19.607916
v 24.660091 3.448894 -19.608992
v 24.677006 3.448894 -19.604607
v 24.683945 3.448902 -19.599403
v 24.689236 3.448895 -19.592529
v 24.692646 3.448901 -19.584436
v 24.693832 3.448894 -19.575672
v 24.692755 3.448901 -19.566893
v 24.689445 3.448895 -19.558758
v 24.684242 3.448901 -19.551819
v 24.677370 3.448895 -19.546530
v 24.669275 3.448901 -19.543118
v 24.660509 3.448892 -19.541931
v 24.651731 3.448901 -19.543009
v 24.660515 3.448892 -19.541931
v 24.643599 3.448894 -19.546318
v 24.636658 3.448901 -19.551521
v 24.631369 3.448894 -19.558395
v 24.627958 3.448901 -19.566486
v 24.626772 3.448894 -19.575253
v 24.627848 3.448901 -19.584030
v 24.631157 3.448894 -19.592165
v 24.636360 3.448901 -19.599106
v 24.643234 3.448894 -19.604395
v 24.651327 3.448901 -19.607805
v 24.636448 3.449241 -19.599062
v 24.628061 3.448927 -19.583975
v 24.626785 3.449386 -19.575445
v 24.628170 3.448927 -19.566544
v 24.636702 3.449241 -19.551607
v 24.683903 3.449241 -19.599316
v 24.668816 3.448927 -19.607702
v 24.660282 3.449390 -19.608980
v 24.651787 3.448927 -19.543222
v 24.660320 3.449386 -19.541946
v 24.669216 3.448927 -19.543331
v 24.684155 3.449241 -19.551861
v 24.692541 3.448927 -19.566948
v 24.693817 3.449386 -19.575481
v 24.692432 3.448927 -19.584377
v 24.651382 3.448958 -19.607605
v 24.676893 3.448839 -19.604408
v 24.631567 3.448839 -19.558510
v 24.643349 3.448839 -19.604197
v 24.677254 3.448839 -19.546726
v 24.631355 3.448839 -19.592052
v 24.689037 3.448839 -19.592415
v 24.643711 3.448839 -19.546516
v 24.689247 3.448839 -19.558870
v 24.660137 3.448839 -19.601770
v 24.667021 3.448839 -19.600903
v 24.663067 3.449245 -19.602800
v 24.673409 3.448839 -19.598328
v 24.676476 3.449245 -19.597757
v 24.683168 3.448839 -19.562355
v 24.679070 3.448839 -19.556927
v 24.682598 3.449245 -19.559290
v 24.673695 3.448839 -19.552761
v 24.637600 3.448839 -19.562069
v 24.634945 3.448839 -19.568424
v 24.633993 3.448839 -19.575298
v 24.632961 3.449245 -19.578224
v 24.646910 3.448839 -19.598164
v 24.653265 3.448839 -19.600819
v 24.678837 3.448839 -19.594231
v 24.683002 3.448839 -19.588854
v 24.667337 3.448839 -19.550106
v 24.660465 3.448839 -19.549152
v 24.657539 3.449245 -19.548122
v 24.634861 3.448839 -19.582180
v 24.637436 3.448839 -19.588570
v 24.638006 3.449245 -19.591635
v 24.685658 3.448839 -19.582499
v 24.686611 3.448839 -19.575626
v 24.687641 3.449245 -19.572701
v 24.653584 3.448839 -19.550020
v 24.647194 3.448839 -19.552595
v 24.644131 3.449245 -19.553165
v 24.641533 3.448839 -19.593998
v 24.685743 3.448839 -19.568743
v 24.641766 3.448839 -19.556694
v 24.660078 3.448898 -19.601528
v 24.660040 3.383289 -19.600967
v 24.669998 3.383293 -19.599297
v 24.670372 3.448902 -19.599760
v 24.681244 3.448902 -19.559484
v 24.680889 3.383293 -19.559963
v 24.670542 3.383293 -19.551853
v 24.670612 3.448902 -19.551264
v 24.636103 3.448902 -19.565155
v 24.636694 3.383294 -19.565222
v 24.634796 3.383289 -19.575203
v 24.634235 3.448898 -19.575237
v 24.634867 3.383135 -19.575287
v 24.635845 3.383321 -19.568676
v 24.638405 3.383321 -19.562544
v 24.649992 3.448902 -19.599661
v 24.650061 3.383293 -19.599070
v 24.678625 3.448899 -19.594101
v 24.678200 3.383289 -19.593727
v 24.683910 3.383293 -19.585701
v 24.684500 3.448902 -19.585773
v 24.660143 3.383321 -19.600838
v 24.653515 3.383321 -19.599918
v 24.672945 3.383321 -19.597519
v 24.660561 3.383289 -19.549957
v 24.660524 3.448898 -19.549395
v 24.667088 3.383321 -19.551004
v 24.673220 3.383321 -19.553566
v 24.635761 3.383321 -19.581942
v 24.636467 3.383293 -19.585157
v 24.636002 3.448902 -19.585531
v 24.685806 3.383289 -19.575722
v 24.686369 3.448898 -19.575686
v 24.684759 3.383321 -19.582249
v 24.682198 3.383321 -19.588379
v 24.647659 3.383321 -19.553406
v 24.653822 3.383321 -19.550922
v 24.650606 3.383293 -19.551626
v 24.650230 3.448902 -19.551163
v 24.641663 3.448898 -19.593784
v 24.642036 3.383289 -19.593361
v 24.642199 3.383321 -19.593340
v 24.685497 3.448900 -19.568810
v 24.684937 3.383298 -19.568962
v 24.682358 3.383321 -19.562819
v 24.684841 3.383321 -19.568981
v 24.684994 3.383283 -19.568945
v 24.685524 3.448893 -19.568804
v 24.641979 3.448899 -19.556822
v 24.642405 3.383289 -19.557196
v 25.415646 8.605318 -19.349674
v 25.169737 8.627153 -19.348114
v 25.415646 8.381276 -19.349691
v 25.275572 8.525714 -19.364056
v 25.148537 8.607621 -19.363190
v 25.277157 8.614230 -19.364159
v 25.394581 8.360084 -19.349550
v 25.169762 8.360110 -19.348164
v 25.148663 8.381797 -19.348036
v 25.148659 8.607636 -19.348034
v 25.154749 8.366386 -19.348198
v 25.409571 8.366203 -19.349771
v 25.394508 8.627048 -19.349548
v 25.409546 8.620755 -19.349771
v 25.306200 9.176211 -19.579447
v 25.298698 9.176176 -19.597454
v 25.256084 9.176137 -19.585821
v 25.280575 9.176211 -19.604763
v 25.262562 9.176167 -19.597258
v 25.298893 9.176177 -19.561327
v 25.258743 9.176169 -19.566322
v 25.268044 9.176208 -19.557154
v 25.277363 8.527737 -19.417847
v 25.277725 8.613583 -19.370789
v 25.286316 8.613599 -19.370871
v 25.286121 8.527764 -19.417965
v 25.315918 8.489178 -19.418167
v 25.315874 8.497934 -19.418058
v 25.402035 8.497883 -19.371584
v 25.402021 8.489285 -19.371557
v 25.275572 8.525714 -19.364056
v 25.161411 8.498446 -19.363424
v 25.148537 8.607621 -19.363190
v 25.161411 8.488678 -19.363438
v 25.249916 8.487100 -19.363899
v 25.277195 8.372933 -19.364120
v 25.288559 8.461452 -19.364134
v 25.275650 8.461781 -19.364056
v 25.314232 8.487264 -19.364336
v 25.314356 8.499862 -19.364338
v 25.288567 8.525611 -19.364140
v 25.402708 8.498478 -19.364929
v 25.288559 8.461452 -19.364134
v 25.402710 8.488708 -19.364922
v 25.409523 8.366158 -19.364817
v 25.286932 8.614232 -19.364214
v 25.415592 8.605285 -19.364868
v 25.286959 8.372932 -19.364201
v 25.288559 8.461452 -19.364134
v 25.409523 8.366158 -19.364817
v 25.275572 8.525714 -19.364056
v 25.249886 8.499890 -19.363941
v 25.161411 8.498446 -19.363424
v 25.402710 8.488708 -19.364922
v 25.286945 8.614130 -19.364428
v 25.286385 8.613631 -19.370886
v 25.277645 8.613647 -19.370838
v 25.277159 8.614147 -19.364372
v 25.245449 8.498985 -19.364313
v 25.286568 8.373533 -19.370857
v 25.286070 8.459422 -19.417807
v 25.287081 8.459888 -19.364485
v 25.286591 8.373169 -19.364429
v 25.245449 8.488171 -19.364313
v 25.318665 8.488171 -19.364765
v 25.318665 8.498985 -19.364765
v 25.276649 8.456968 -19.364506
v 25.248627 8.498475 -19.364168
v 25.248634 8.488675 -19.364193
v 25.247650 8.489215 -19.417614
v 25.247622 8.497931 -19.417610
v 25.248468 8.498475 -19.364229
v 25.248466 8.488681 -19.364229
v 25.315489 8.488681 -19.364580
v 25.315483 8.498481 -19.364605
v 25.315880 8.497938 -19.417992
v 25.315746 8.498599 -19.364662
v 25.402466 8.498162 -19.365156
v 25.402058 8.498127 -19.371586
v 25.276649 8.530188 -19.364506
v 25.277153 8.527004 -19.364368
v 25.286957 8.527011 -19.364405
v 25.287464 8.530188 -19.364573
v 25.286959 8.372932 -19.364201
v 25.287464 8.456968 -19.364573
v 25.277161 8.460145 -19.364344
v 25.286961 8.460152 -19.364429
v 25.286091 8.527658 -19.417852
v 25.286953 8.527169 -19.364468
v 25.277172 8.527188 -19.364403
v 25.277370 8.527673 -19.417795
v 25.277473 8.613989 -19.364384
v 25.277472 8.613621 -19.370815
v 25.277369 8.527732 -19.417755
v 25.277039 8.527267 -19.364422
v 25.286568 8.613623 -19.370857
v 25.286873 8.614004 -19.364471
v 25.287098 8.527264 -19.364468
v 25.286072 8.527733 -19.417807
v 25.277157 8.614230 -19.364159
v 25.247532 8.497978 -19.417746
v 25.247580 8.489222 -19.417637
v 25.162003 8.489273 -19.370102
v 25.162016 8.497870 -19.370075
v 25.161978 8.489031 -19.370102
v 25.247574 8.489251 -19.417561
v 25.248367 8.488562 -19.364244
v 25.161652 8.489044 -19.363659
v 25.315805 8.489215 -19.418036
v 25.315649 8.488682 -19.364643
v 25.315666 8.498465 -19.364639
v 25.315823 8.497935 -19.418032
v 25.402607 8.498466 -19.365141
v 25.402603 8.488690 -19.365139
v 25.402096 8.489202 -19.371609
v 25.402069 8.497946 -19.371601
v 25.286316 8.373557 -19.370871
v 25.277725 8.373573 -19.370789
v 25.277363 8.459419 -19.417847
v 25.286121 8.459392 -19.417965
v 25.161976 8.498129 -19.370087
v 25.161634 8.498393 -19.363701
v 25.248371 8.498617 -19.364227
v 25.247574 8.497923 -19.417570
v 25.161411 8.488678 -19.363438
v 25.277195 8.372933 -19.364120
v 25.154610 8.366342 -19.363241
v 25.286945 8.373026 -19.364426
v 25.277159 8.373010 -19.364372
v 25.277647 8.373508 -19.370838
v 25.286385 8.373525 -19.370886
v 25.161942 8.489202 -19.370125
v 25.161514 8.488691 -19.363649
v 25.161488 8.498479 -19.363659
v 25.161978 8.497941 -19.370115
v 25.277367 8.459499 -19.417797
v 25.277161 8.459987 -19.364407
v 25.286943 8.459968 -19.364464
v 25.286085 8.459484 -19.417850
v 25.402060 8.489027 -19.371571
v 25.402481 8.488764 -19.365187
v 25.315742 8.488539 -19.364643
v 25.315882 8.489234 -19.417992
v 25.277245 8.373152 -19.364412
v 25.277020 8.459892 -19.364405
v 25.277351 8.459426 -19.417763
v 25.277468 8.373533 -19.370800
v 25.147907 8.586276 -19.348391
v 25.147907 8.404060 -19.348391
v 25.371737 8.359240 -19.364407
v 25.277195 8.372933 -19.364120
v 25.286959 8.372932 -19.364201
v 25.154552 8.621676 -19.362867
v 25.154667 8.621607 -19.348408
v 25.169710 8.627180 -19.348467
v 25.171833 8.627872 -19.362976
v 25.148533 8.607685 -19.362833
v 25.148607 8.607589 -19.348337
v 25.154640 8.621668 -19.348366
v 25.154619 8.621638 -19.362843
v 25.147772 8.403878 -19.348343
v 25.147690 8.404318 -19.362812
v 25.148495 8.381804 -19.362843
v 25.148655 8.381805 -19.348352
v 25.147680 8.586419 -19.362816
v 25.147779 8.586012 -19.348345
v 25.154766 8.621551 -19.348280
v 25.154621 8.366309 -19.362837
v 25.154642 8.366282 -19.348373
v 25.154556 8.366279 -19.362873
v 25.169729 8.360058 -19.362961
v 25.169718 8.360074 -19.348465
v 25.154675 8.366347 -19.348404
v 25.416542 8.583112 -19.349998
v 25.416447 8.582661 -19.364475
v 25.415630 8.605309 -19.364494
v 25.415648 8.605309 -19.350000
v 25.192383 8.359164 -19.363100
v 25.191376 8.359223 -19.348621
v 25.409494 8.620832 -19.364410
v 25.409653 8.620859 -19.349947
v 25.409557 8.620863 -19.364449
v 25.394363 8.627097 -19.364347
v 25.394554 8.627081 -19.349854
v 25.409618 8.620793 -19.349977
v 25.394436 8.360035 -19.364349
v 25.394630 8.360051 -19.349855
v 25.372463 8.359169 -19.349720
v 25.372353 8.359220 -19.364195
v 25.372204 8.627945 -19.364197
v 25.372589 8.627967 -19.349728
v 25.394472 8.360084 -19.364620
v 25.409523 8.366158 -19.364817
v 25.409584 8.366096 -19.364445
v 25.409645 8.366165 -19.349979
v 25.415592 8.381228 -19.364483
v 25.415699 8.381333 -19.349987
v 25.409678 8.366100 -19.349947
v 25.409519 8.366128 -19.364412
v 25.416431 8.403075 -19.364471
v 25.416519 8.403554 -19.350006
v 25.191494 8.627952 -19.348614
v 25.372486 8.627825 -19.349777
v 25.191788 8.627825 -19.348661
v 25.147820 8.404060 -19.362770
v 25.148537 8.607621 -19.363190
v 25.148560 8.381800 -19.363152
v 25.191710 8.359331 -19.363041
v 25.169691 8.360106 -19.363235
v 25.191698 8.627825 -19.363041
v 25.394415 8.627054 -19.364674
v 25.169685 8.627137 -19.363197
v 25.277157 8.614230 -19.364159
v 25.372396 8.627825 -19.364155
v 25.416395 8.403343 -19.350048
v 25.416395 8.583025 -19.350048
v 25.415560 8.381269 -19.364799
v 25.402710 8.488708 -19.364922
v 25.416306 8.583025 -19.364428
v 25.416306 8.403343 -19.364428
v 25.191797 8.359331 -19.348661
v 25.372566 8.359331 -19.349777
v 25.147820 8.586276 -19.362770
v 25.161411 8.498446 -19.363424
v 25.161411 8.488678 -19.363438
v 25.148537 8.607621 -19.363190
v 25.409523 8.366158 -19.364817
v 25.409458 8.620760 -19.364632
v 25.154610 8.366342 -19.363241
v 25.154610 8.366342 -19.363241
v 25.154654 8.621573 -19.363056
v 25.243956 8.487342 -19.365164
v 25.243666 8.486206 -19.430794
v 25.246954 8.477407 -19.365133
v 25.245333 8.506598 -19.430796
v 25.243536 8.499673 -19.430758
v 25.243473 8.499188 -19.418268
v 25.242996 8.493988 -19.430767
v 25.243196 8.493539 -19.418371
v 25.250164 8.515666 -19.365356
v 25.247871 8.512421 -19.430807
v 25.245773 8.506557 -19.365139
v 25.244118 8.499896 -19.365221
v 25.246992 8.476496 -19.430779
v 25.243496 8.487959 -19.418280
v 25.251289 8.478176 -19.365173
v 25.247976 8.487373 -19.430748
v 25.248123 8.488021 -19.365171
v 25.251869 8.509963 -19.365185
v 25.249920 8.506544 -19.430777
v 25.253769 8.513935 -19.430841
v 25.248051 8.499191 -19.365168
v 25.247747 8.498680 -19.418295
v 25.250179 8.480069 -19.430775
v 25.247755 8.488481 -19.418287
v 25.243227 8.493578 -19.418386
v 25.247341 8.493578 -19.418415
v 25.247667 8.498678 -19.418341
v 25.254267 8.472399 -19.430847
v 25.243549 8.499775 -19.430771
v 25.247869 8.499569 -19.430756
v 25.243000 8.493962 -19.430790
v 25.246317 8.509238 -19.430801
v 25.246155 8.478285 -19.430807
v 25.243425 8.487932 -19.430790
v 25.247913 8.487638 -19.430767
v 25.243593 8.499262 -19.418230
v 25.247803 8.498651 -19.418301
v 25.248127 8.499122 -19.365185
v 25.244099 8.500002 -19.365261
v 25.247667 8.488469 -19.418343
v 25.243576 8.487878 -19.418287
v 25.250179 8.516134 -19.430832
v 25.253922 8.514184 -19.430855
v 25.250551 8.508114 -19.430779
v 25.250233 8.479695 -19.430759
v 25.243961 8.499913 -19.365139
v 25.248133 8.499115 -19.365152
v 25.246080 8.507502 -19.365120
v 25.246696 8.478108 -19.365101
v 25.252356 8.476310 -19.365217
v 25.250072 8.481337 -19.365158
v 25.244038 8.487306 -19.365152
v 25.248125 8.488033 -19.365200
v 25.247791 8.488483 -19.418308
v 25.243595 8.487886 -19.418234
v 25.247288 8.492869 -19.430759
v 25.243580 8.499280 -19.418295
v 25.248131 8.488045 -19.365162
v 25.243904 8.487220 -19.365147
v 25.251583 8.509304 -19.365149
v 25.250120 8.515489 -19.365345
v 25.249737 8.504868 -19.365158
v 25.258587 8.462633 -19.365486
v 25.263966 8.459151 -19.430901
v 25.267799 8.457749 -19.365271
v 25.247211 8.495180 -19.430744
v 25.247383 8.493543 -19.418388
v 25.286827 8.527558 -19.418537
v 25.285385 8.527754 -19.430983
v 25.294704 8.525258 -19.431049
v 25.275455 8.531692 -19.430962
v 25.276123 8.531868 -19.418453
v 25.283844 8.532269 -19.431019
v 25.296040 8.529495 -19.431101
v 25.287323 8.531852 -19.418541
v 25.297819 8.528836 -19.365437
v 25.304932 8.524848 -19.365768
v 25.266449 8.529094 -19.430914
v 25.288368 8.531569 -19.365463
v 25.275824 8.531688 -19.365360
v 25.265881 8.528649 -19.365255
v 25.282131 8.532131 -19.418575
v 25.258720 8.524885 -19.430876
v 25.259153 8.524838 -19.365494
v 25.276482 8.527515 -19.365358
v 25.271797 8.526273 -19.430908
v 25.276628 8.527545 -19.418465
v 25.298412 8.523767 -19.365471
v 25.301620 8.521689 -19.431133
v 25.287664 8.527582 -19.365414
v 25.266598 8.524302 -19.365265
v 25.264622 8.523407 -19.430868
v 25.296238 8.529357 -19.431107
v 25.286476 8.527534 -19.430990
v 25.285480 8.532106 -19.431038
v 25.277121 8.531967 -19.430998
v 25.276810 8.527537 -19.430943
v 25.268513 8.525287 -19.430899
v 25.287409 8.531710 -19.418501
v 25.286797 8.527502 -19.418543
v 25.287596 8.527504 -19.365429
v 25.288475 8.531530 -19.365534
v 25.281723 8.532094 -19.418633
v 25.276619 8.527663 -19.418516
v 25.286831 8.527704 -19.418598
v 25.276024 8.531714 -19.418488
v 25.303585 8.525473 -19.431168
v 25.300566 8.522382 -19.431105
v 25.293846 8.525598 -19.431061
v 25.265867 8.528823 -19.430943
v 25.288404 8.531690 -19.365421
v 25.287586 8.527523 -19.365391
v 25.296280 8.529397 -19.365429
v 25.267017 8.529211 -19.365198
v 25.262566 8.522045 -19.365427
v 25.268782 8.525203 -19.365269
v 25.275780 8.531593 -19.365347
v 25.276508 8.527506 -19.365376
v 25.276630 8.527513 -19.418488
v 25.276035 8.531706 -19.418434
v 25.282059 8.527959 -19.430946
v 25.287434 8.531700 -19.418583
v 25.261204 8.521432 -19.430893
v 25.275723 8.531707 -19.365311
v 25.276520 8.527505 -19.365335
v 25.296303 8.524814 -19.365402
v 25.302225 8.526563 -19.365543
v 25.271441 8.530647 -19.430946
v 25.278660 8.527809 -19.430929
v 25.281664 8.527914 -19.418594
v 25.320156 8.499810 -19.365635
v 25.319031 8.502919 -19.431244
v 25.317133 8.509750 -19.365564
v 25.319965 8.499186 -19.418758
v 25.320190 8.496566 -19.431244
v 25.320271 8.493061 -19.418829
v 25.319965 8.487952 -19.418728
v 25.318447 8.482252 -19.431242
v 25.320093 8.489337 -19.431244
v 25.320053 8.487262 -19.365658
v 25.316368 8.510571 -19.431217
v 25.313309 8.516476 -19.365828
v 25.312939 8.508816 -19.365561
v 25.313528 8.506122 -19.431166
v 25.315990 8.499149 -19.365602
v 25.315981 8.488016 -19.365593
v 25.315704 8.488474 -19.418718
v 25.312811 8.479180 -19.431152
v 25.315702 8.498680 -19.418716
v 25.309029 8.514754 -19.431183
v 25.319756 8.487382 -19.431259
v 25.313271 8.480150 -19.431168
v 25.315918 8.490509 -19.431190
v 25.319805 8.499391 -19.431269
v 25.315643 8.498441 -19.431181
v 25.313019 8.507495 -19.431175
v 25.319855 8.487894 -19.418701
v 25.315645 8.488505 -19.418720
v 25.315975 8.488035 -19.365604
v 25.320004 8.487156 -19.365728
v 25.320219 8.493578 -19.418863
v 25.315784 8.498690 -19.418766
v 25.316097 8.492929 -19.418839
v 25.319870 8.499277 -19.418758
v 25.315884 8.511490 -19.431252
v 25.320143 8.487243 -19.365608
v 25.315977 8.488041 -19.365572
v 25.318356 8.480717 -19.365564
v 25.320068 8.499850 -19.365622
v 25.315979 8.499124 -19.365620
v 25.315659 8.498673 -19.418728
v 25.319851 8.499268 -19.418705
v 25.315777 8.488487 -19.418747
v 25.319868 8.487876 -19.418766
v 25.314995 8.513817 -19.365646
v 25.313587 8.507033 -19.365536
v 25.320190 8.499917 -19.365593
v 25.315983 8.499111 -19.365578
v 25.312218 8.517346 -19.431210
v 25.317513 8.479432 -19.431252
v 25.311695 8.476250 -19.365572
v 25.316320 8.475829 -19.365549
v 25.313850 8.480767 -19.365543
v 25.317921 8.507631 -19.365593
v 25.318106 8.505900 -19.431227
v 25.320293 8.493951 -19.431236
v 25.317043 8.477182 -19.365557
v 25.316364 8.476532 -19.431219
v 25.312853 8.478260 -19.365534
v 25.315742 8.497695 -19.431160
v 25.316051 8.493589 -19.418800
v 25.315903 8.489910 -19.431162
v 25.287350 8.455336 -19.418518
v 25.292919 8.456760 -19.431082
v 25.288280 8.455469 -19.365437
v 25.276123 8.455321 -19.418482
v 25.269951 8.456887 -19.430943
v 25.277859 8.455040 -19.430981
v 25.275732 8.455603 -19.365389
v 25.282316 8.455038 -19.418600
v 25.286308 8.455195 -19.431036
v 25.298244 8.458516 -19.365456
v 25.299459 8.459224 -19.431126
v 25.304947 8.462317 -19.365776
v 25.287615 8.459649 -19.365435
v 25.294445 8.461792 -19.431053
v 25.286819 8.459611 -19.418526
v 25.297188 8.462667 -19.365450
v 25.276619 8.459598 -19.418476
v 25.278065 8.459351 -19.430923
v 25.268562 8.461917 -19.430893
v 25.265741 8.463347 -19.365271
v 25.260937 8.465898 -19.430880
v 25.276451 8.459594 -19.365339
v 25.302816 8.466202 -19.431141
v 25.275799 8.455435 -19.430990
v 25.267433 8.462297 -19.430882
v 25.277550 8.459421 -19.430948
v 25.267864 8.457545 -19.430927
v 25.287800 8.455459 -19.431057
v 25.285606 8.459444 -19.430996
v 25.296854 8.458082 -19.431122
v 25.281246 8.454926 -19.431004
v 25.276039 8.455446 -19.418430
v 25.276653 8.459655 -19.418480
v 25.276508 8.459652 -19.365360
v 25.275627 8.455625 -19.365454
v 25.282904 8.455110 -19.418629
v 25.286825 8.459520 -19.418573
v 25.282589 8.459197 -19.418636
v 25.287424 8.455441 -19.418558
v 25.294262 8.461701 -19.431053
v 25.275700 8.455461 -19.365334
v 25.276520 8.459632 -19.365322
v 25.267817 8.457761 -19.365250
v 25.303329 8.461223 -19.365629
v 25.300121 8.464340 -19.365553
v 25.287603 8.459628 -19.365444
v 25.295326 8.461941 -19.365456
v 25.288324 8.455563 -19.365425
v 25.287598 8.459650 -19.365444
v 25.286819 8.459643 -19.418550
v 25.287415 8.455450 -19.418505
v 25.276627 8.459517 -19.418516
v 25.276028 8.455403 -19.418493
v 25.288382 8.455449 -19.365391
v 25.260395 8.461203 -19.430899
v 25.268843 8.461962 -19.365242
v 25.260780 8.461230 -19.365368
v 25.295631 8.457522 -19.365454
v 25.310526 8.513070 -19.365742
v 25.285435 8.459425 -19.430975
v 25.281776 8.459242 -19.418596
v 25.258717 8.467838 -19.365528
v 25.312901 8.516469 -19.431217
v 25.309395 8.514750 -19.365833
v 25.309368 8.514210 -19.431179
v 25.306076 8.463537 -19.431168
v 25.304752 8.467374 -19.365799
v 25.303215 8.466245 -19.365791
v 25.301788 8.465507 -19.431143
v 25.301960 8.460733 -19.431129
v 25.304516 8.462356 -19.431156
v 25.263931 8.464321 -19.365360
v 25.258745 8.524514 -19.365490
v 25.257639 8.463171 -19.430870
v 25.250374 8.470674 -19.430840
v 25.250830 8.470708 -19.365452
v 25.261387 8.465635 -19.430880
v 25.260532 8.520860 -19.430889
v 25.260887 8.520911 -19.365530
v 25.303310 8.520885 -19.365761
v 25.307356 8.522911 -19.365772
v 25.307285 8.517280 -19.365780
v 25.254517 8.514557 -19.365463
v 25.304523 8.519985 -19.365801
v 25.306330 8.517845 -19.431177
v 25.309399 8.514757 -19.365816
v 25.308922 8.514679 -19.431190
v 25.308100 8.521828 -19.431190
v 25.305309 8.518903 -19.431170
v 25.305523 8.524198 -19.431147
v 25.313431 8.516579 -19.365845
v 25.312963 8.516520 -19.431221
v 25.312134 8.517898 -19.365833
v 25.253803 8.520030 -19.365440
v 25.258360 8.518826 -19.365480
v 25.249641 8.472539 -19.365328
v 25.255844 8.516292 -19.365503
v 25.257479 8.518330 -19.430868
v 25.260880 8.520916 -19.365513
v 25.260515 8.520883 -19.430882
v 25.257145 8.518055 -19.430859
v 25.253994 8.520658 -19.430859
v 25.259109 8.525067 -19.430853
v 25.251966 8.518539 -19.430836
v 25.254622 8.520905 -19.365475
v 25.258717 8.524881 -19.430861
v 25.259190 8.524785 -19.365499
v 25.253912 8.472978 -19.430849
v 25.254517 8.465931 -19.430874
v 25.257694 8.468541 -19.430872
v 25.250174 8.471055 -19.430809
v 25.250746 8.470641 -19.365438
v 25.250427 8.470709 -19.430820
v 25.253250 8.467222 -19.430834
v 25.252457 8.468634 -19.365471
v 25.256561 8.464463 -19.365450
v 25.255192 8.471748 -19.365486
v 25.259117 8.467610 -19.365482
v 25.309132 8.472033 -19.365807
v 25.313332 8.470791 -19.365803
v 25.254717 8.472413 -19.365492
v 25.254370 8.472469 -19.430851
v 25.254738 8.472426 -19.365473
v 25.256418 8.469928 -19.430870
v 25.312309 8.469219 -19.365839
v 25.311230 8.468421 -19.431202
v 25.304550 8.462310 -19.431154
v 25.304920 8.462359 -19.365778
v 25.314774 8.473618 -19.431215
v 25.309368 8.472967 -19.431198
v 25.310795 8.468102 -19.431206
v 25.306150 8.469103 -19.431160
v 25.309120 8.472706 -19.431194
v 25.309580 8.472661 -19.365808
v 25.305729 8.468725 -19.431171
v 25.303322 8.466111 -19.365782
v 25.302746 8.466307 -19.431154
v 25.308807 8.465570 -19.365784
v 25.290262 8.461820 -19.455654
v 25.298294 8.466031 -19.471405
v 25.302258 8.466702 -19.364229
v 25.282078 8.459873 -19.364103
v 25.276817 8.460736 -19.455862
v 25.305378 8.470579 -19.459274
v 25.310631 8.478211 -19.469805
v 25.315567 8.485142 -19.364311
v 25.314062 8.485849 -19.461729
v 25.315207 8.495130 -19.467060
v 25.314037 8.503811 -19.464916
v 25.310612 8.512341 -19.466930
v 25.311768 8.511529 -19.364288
v 25.305374 8.518563 -19.457903
v 25.298452 8.523764 -19.455193
v 25.296005 8.525278 -19.364189
v 25.290264 8.527056 -19.454510
v 25.281494 8.528354 -19.457306
v 25.282078 8.527963 -19.364103
v 25.272522 8.527404 -19.461643
v 25.264362 8.524342 -19.464828
v 25.268152 8.525278 -19.364016
v 25.282078 8.527963 -19.364103
v 25.281509 8.528236 -19.454487
v 25.257467 8.518784 -19.462872
v 25.252178 8.511989 -19.464329
v 25.252388 8.511531 -19.363918
v 25.248894 8.503309 -19.456450
v 25.247650 8.495397 -19.469643
v 25.248589 8.485144 -19.363894
v 25.248817 8.486271 -19.467022
v 25.252144 8.478055 -19.465523
v 25.257435 8.470858 -19.462370
v 25.264172 8.466210 -19.470976
v 25.261894 8.466704 -19.363976
v 25.290171 8.465449 -19.483448
v 25.281330 8.464290 -19.483578
v 25.305252 8.475739 -19.489029
v 25.298271 8.529526 -19.483898
v 25.290174 8.531407 -19.478304
v 25.281353 8.533042 -19.479822
v 25.248657 8.512409 -19.497047
v 25.272495 8.465416 -19.483185
v 25.313808 8.496518 -19.504452
v 25.305176 8.526398 -19.490421
v 25.281322 8.534894 -19.484753
v 25.251869 8.491355 -19.512430
v 25.257273 8.478701 -19.498726
v 25.289986 8.474961 -19.512917
v 25.298176 8.478084 -19.511707
v 25.281145 8.473854 -19.513252
v 25.305080 8.486052 -19.516352
v 25.310383 8.495008 -19.519865
v 25.314774 8.523286 -19.535545
v 25.313763 8.518399 -19.508947
v 25.310398 8.527246 -19.507359
v 25.272476 8.538532 -19.495375
v 25.264267 8.536912 -19.499020
v 25.257343 8.531003 -19.499571
v 25.251991 8.524957 -19.503025
v 25.247290 8.518841 -19.526840
v 25.248550 8.500216 -19.511429
v 25.264133 8.477954 -19.511192
v 25.272312 8.474901 -19.512667
v 25.289970 8.545927 -19.507023
v 25.257095 8.492723 -19.528255
v 25.289818 8.489597 -19.539669
v 25.298014 8.492444 -19.537922
v 25.280977 8.488586 -19.540211
v 25.304907 8.505301 -19.546753
v 25.298105 8.547739 -19.514519
v 25.281178 8.548759 -19.508198
v 25.281200 8.545695 -19.504082
v 25.263971 8.492258 -19.537434
v 25.272141 8.489512 -19.539433
v 25.313566 8.521598 -19.542521
v 25.305000 8.546971 -19.521671
v 25.248402 8.540550 -19.536419
v 25.248268 8.533931 -19.555134
v 25.251621 8.521658 -19.554213
v 25.256901 8.514512 -19.556711
v 25.289671 8.508776 -19.563093
v 25.297869 8.511235 -19.560846
v 25.280827 8.507891 -19.563808
v 25.310120 8.527419 -19.559914
v 25.313538 8.550128 -19.545307
v 25.310253 8.549541 -19.533604
v 25.281105 8.559045 -19.519279
v 25.272289 8.560049 -19.522097
v 25.264118 8.559600 -19.526249
v 25.257147 8.556245 -19.530331
v 25.251797 8.548038 -19.532021
v 25.263826 8.511005 -19.560398
v 25.271997 8.508673 -19.562878
v 25.304741 8.542834 -19.580242
v 25.289871 8.567219 -19.527718
v 25.281086 8.562920 -19.522705
v 25.289549 8.531913 -19.582600
v 25.297749 8.533907 -19.579939
v 25.280704 8.531172 -19.583456
v 25.313391 8.556976 -19.571079
v 25.304916 8.568201 -19.538860
v 25.297935 8.575010 -19.537197
v 25.281029 8.575205 -19.531576
v 25.246981 8.584459 -19.575062
v 25.256777 8.542570 -19.579058
v 25.263706 8.533638 -19.579536
v 25.271873 8.531780 -19.582397
v 25.309963 8.572493 -19.587385
v 25.310110 8.578371 -19.552763
v 25.281013 8.579733 -19.534145
v 25.272182 8.580995 -19.535975
v 25.251680 8.579086 -19.552727
v 25.248257 8.576056 -19.560383
v 25.251419 8.564342 -19.583569
v 25.289455 8.558431 -19.597614
v 25.297657 8.559880 -19.594627
v 25.280611 8.557879 -19.598595
v 25.314507 8.596233 -19.577415
v 25.313404 8.597349 -19.568504
v 25.304821 8.591474 -19.550137
v 25.289810 8.585069 -19.538033
v 25.260124 8.582774 -19.542927
v 25.248093 8.593025 -19.585358
v 25.256638 8.576221 -19.595367
v 25.263615 8.559588 -19.594282
v 25.271778 8.558288 -19.597439
v 25.304577 8.583908 -19.597733
v 25.280964 8.599671 -19.542015
v 25.280975 8.593966 -19.540237
v 25.272343 8.607628 -19.545410
v 25.289394 8.588799 -19.607826
v 25.297600 8.589654 -19.604620
v 25.280546 8.588461 -19.608898
v 25.313303 8.603089 -19.586849
v 25.298008 8.609652 -19.549305
v 25.289896 8.609736 -19.545807
v 25.264088 8.609780 -19.548956
v 25.257067 8.608414 -19.554024
v 25.263544 8.589353 -19.604338
v 25.271709 8.588658 -19.607685
v 25.307817 8.615940 -19.599464
v 25.310116 8.613681 -19.561886
v 25.304874 8.618305 -19.555075
v 25.280945 8.619998 -19.545156
v 25.280949 8.615330 -19.544979
v 25.251644 8.614219 -19.561415
v 25.248199 8.612840 -19.569473
v 25.251423 8.609957 -19.595333
v 25.256710 8.614664 -19.602459
v 25.267315 8.622358 -19.610241
v 25.280638 8.623248 -19.612732
v 25.294077 8.622818 -19.610291
v 25.289299 9.242088 -19.611746
v 25.280521 9.242081 -19.612823
v 25.297436 9.242081 -19.608437
v 25.304375 9.242088 -19.603235
v 25.309664 9.242081 -19.596359
v 25.313076 9.242087 -19.588266
v 25.314262 9.242081 -19.579506
v 25.313185 9.242088 -19.570723
v 25.309875 9.242081 -19.562590
v 25.304672 9.242088 -19.555649
v 25.297800 9.242081 -19.550362
v 25.289705 9.242088 -19.546949
v 25.280937 9.242079 -19.545761
v 25.272161 9.242088 -19.546841
v 25.280945 9.242079 -19.545761
v 25.264027 9.242081 -19.550150
v 25.257088 9.242088 -19.555351
v 25.251799 9.242081 -19.562225
v 25.248386 9.242087 -19.570320
v 25.247200 9.242081 -19.579081
v 25.248278 9.242088 -19.587862
v 25.251587 9.242081 -19.595997
v 25.256790 9.242088 -19.602938
v 25.263664 9.242081 -19.608227
v 25.271755 9.242087 -19.611637
v 25.256878 9.242428 -19.602894
v 25.248491 9.242114 -19.587807
v 25.247215 9.242573 -19.579273
v 25.248600 9.242113 -19.570377
v 25.257130 9.242428 -19.555439
v 25.304331 9.242428 -19.603148
v 25.289246 9.242114 -19.611532
v 25.280712 9.242577 -19.612810
v 25.272217 9.242114 -19.547054
v 25.280750 9.242573 -19.545776
v 25.289646 9.242114 -19.547161
v 25.304585 9.242428 -19.555691
v 25.312969 9.242114 -19.570780
v 25.314247 9.242573 -19.579311
v 25.312862 9.242114 -19.588207
v 25.271809 9.242145 -19.611435
v 25.297321 9.242025 -19.608238
v 25.251995 9.242025 -19.562340
v 25.263779 9.242025 -19.608028
v 25.297684 9.242025 -19.550558
v 25.251785 9.242025 -19.595884
v 25.309465 9.242025 -19.596245
v 25.264141 9.242025 -19.550348
v 25.309675 9.242025 -19.562702
v 25.280567 9.242025 -19.605602
v 25.287449 9.242025 -19.604734
v 25.283491 9.242432 -19.606632
v 25.293839 9.242025 -19.602160
v 25.296906 9.242432 -19.601585
v 25.303596 9.242025 -19.566185
v 25.299500 9.242025 -19.560757
v 25.303024 9.242432 -19.563122
v 25.294123 9.242025 -19.556591
v 25.258030 9.242025 -19.565901
v 25.255375 9.242025 -19.572256
v 25.254421 9.242025 -19.579128
v 25.253391 9.242432 -19.582054
v 25.267338 9.242025 -19.601994
v 25.273693 9.242025 -19.604649
v 25.299267 9.242025 -19.598063
v 25.303432 9.242025 -19.592686
v 25.287767 9.242025 -19.553938
v 25.280895 9.242025 -19.552984
v 25.277969 9.242432 -19.551954
v 25.255287 9.242025 -19.586010
v 25.257864 9.242025 -19.592400
v 25.258434 9.242432 -19.595463
v 25.306086 9.242025 -19.586329
v 25.307039 9.242025 -19.579458
v 25.308069 9.242432 -19.576534
v 25.274012 9.242025 -19.553852
v 25.267624 9.242025 -19.556427
v 25.264559 9.242432 -19.556999
v 25.261963 9.242025 -19.597828
v 25.306171 9.242025 -19.572575
v 25.262196 9.242025 -19.560524
v 25.293373 9.176508 -19.601349
v 25.287212 9.176507 -19.603832
v 25.280506 9.242085 -19.605360
v 25.280472 9.176476 -19.604797
v 25.290438 9.176480 -19.603123
v 25.290800 9.242088 -19.603592
v 25.301674 9.242088 -19.563316
v 25.301327 9.176480 -19.563805
v 25.290981 9.176480 -19.555689
v 25.291040 9.242088 -19.555094
v 25.256535 9.242088 -19.568983
v 25.257128 9.176480 -19.569042
v 25.255226 9.176476 -19.579037
v 25.254663 9.242085 -19.579071
v 25.255354 9.176508 -19.579134
v 25.256273 9.176507 -19.572506
v 25.270422 9.242088 -19.603493
v 25.270477 9.176480 -19.602894
v 25.299053 9.242085 -19.597933
v 25.298630 9.176476 -19.597557
v 25.304333 9.176480 -19.589544
v 25.304928 9.242088 -19.589603
v 25.273945 9.176507 -19.603750
v 25.267815 9.176508 -19.601189
v 25.280989 9.176476 -19.553789
v 25.280954 9.242085 -19.553226
v 25.280903 9.176322 -19.553858
v 25.287518 9.176507 -19.554836
v 25.293648 9.176508 -19.557396
v 25.256901 9.176480 -19.588999
v 25.256432 9.242088 -19.589363
v 25.306236 9.176476 -19.579552
v 25.306797 9.242085 -19.579517
v 25.305187 9.176507 -19.586079
v 25.302628 9.176508 -19.592211
v 25.274250 9.176507 -19.554752
v 25.271027 9.176480 -19.555462
v 25.270660 9.242088 -19.554995
v 25.262093 9.242085 -19.597616
v 25.262465 9.176476 -19.597189
v 25.258675 9.176508 -19.591936
v 25.305925 9.242086 -19.572639
v 25.305367 9.176484 -19.572792
v 25.302788 9.176508 -19.566650
v 25.305271 9.176507 -19.572811
v 25.305424 9.176470 -19.572775
v 25.305952 9.242079 -19.572636
v 25.262409 9.242085 -19.560652
v 25.262833 9.176476 -19.561028
v 25.262852 9.176507 -19.561188
v 26.149082 9.140084 -19.354206
v 25.909208 9.401616 -19.352642
v 25.924265 9.140110 -19.352825
v 25.924248 9.407143 -19.352823
v 26.149004 9.407047 -19.354216
v 26.170141 9.385323 -19.354343
v 26.170155 9.161289 -19.354336
v 25.903160 9.161802 -19.352692
v 25.903162 9.387646 -19.352694
v 25.909248 9.146387 -19.352856
v 26.164070 9.146203 -19.354431
v 26.164045 9.400756 -19.354431
v 26.057220 9.956169 -19.596922
v 26.035076 9.956190 -19.609426
v 26.009731 9.956117 -19.583784
v 26.017073 9.956190 -19.601915
v 26.057377 9.956177 -19.571255
v 26.022533 9.956177 -19.561806
v 26.042034 9.956229 -19.559408
v 26.031860 9.307737 -19.422504
v 26.032225 9.393583 -19.375446
v 26.040817 9.393600 -19.375530
v 26.040621 9.307765 -19.422623
v 26.070419 9.269178 -19.422827
v 26.070374 9.277935 -19.422716
v 26.156534 9.277884 -19.376242
v 26.156521 9.269286 -19.376215
v 25.915901 9.278454 -19.368109
v 26.031666 9.394213 -19.368763
v 26.030079 9.305724 -19.368717
v 26.043051 9.241445 -19.368793
v 26.030151 9.241779 -19.368713
v 26.068729 9.267262 -19.368996
v 26.068855 9.279864 -19.368996
v 26.043072 9.305605 -19.368797
v 26.157194 9.278473 -19.369547
v 26.157211 9.268708 -19.369579
v 26.041452 9.152943 -19.368828
v 25.915928 9.268686 -19.368048
v 26.004421 9.267094 -19.368557
v 26.031683 9.152920 -19.368824
v 26.157194 9.278473 -19.369547
v 26.043072 9.305605 -19.368797
v 26.041424 9.394225 -19.368845
v 26.004387 9.279893 -19.368599
v 26.041447 9.394131 -19.369085
v 26.040884 9.393632 -19.375546
v 26.032146 9.393648 -19.375496
v 26.031658 9.394148 -19.369032
v 25.999947 9.278986 -19.368971
v 26.041067 9.153534 -19.375515
v 26.040569 9.239423 -19.422464
v 26.041580 9.239889 -19.369143
v 26.041092 9.153171 -19.369089
v 25.999947 9.268171 -19.368971
v 26.073166 9.268171 -19.369423
v 26.073166 9.278986 -19.369423
v 26.031149 9.236969 -19.369164
v 26.003124 9.278475 -19.368826
v 26.003132 9.268677 -19.368851
v 26.002148 9.269216 -19.422272
v 26.002121 9.277931 -19.422268
v 26.002968 9.278476 -19.368887
v 26.002968 9.268682 -19.368887
v 26.069988 9.268682 -19.369240
v 26.069983 9.278481 -19.369263
v 26.070381 9.277939 -19.422649
v 26.070246 9.278601 -19.369320
v 26.156967 9.278163 -19.369816
v 26.156559 9.278126 -19.376244
v 26.031149 9.310188 -19.369164
v 26.031654 9.307005 -19.369026
v 26.041454 9.307012 -19.369062
v 26.041964 9.310188 -19.369230
v 26.041964 9.236969 -19.369230
v 26.031662 9.240146 -19.369003
v 26.041458 9.240152 -19.369087
v 26.041424 9.394225 -19.368845
v 26.040590 9.307658 -19.422510
v 26.041454 9.307171 -19.369125
v 26.031672 9.307190 -19.369061
v 26.031870 9.307673 -19.422453
v 26.031975 9.393990 -19.369043
v 26.031971 9.393621 -19.375473
v 26.031868 9.307733 -19.422413
v 26.031536 9.307268 -19.369080
v 26.041067 9.393623 -19.375515
v 26.041372 9.394004 -19.369131
v 26.041595 9.307264 -19.369125
v 26.040573 9.307734 -19.422466
v 26.002033 9.277979 -19.422403
v 26.002079 9.269222 -19.422295
v 25.916500 9.269274 -19.374760
v 25.916515 9.277871 -19.374733
v 25.916477 9.269032 -19.374760
v 26.002071 9.269252 -19.422220
v 26.002867 9.268562 -19.368902
v 25.916151 9.269045 -19.368317
v 26.070305 9.269216 -19.422693
v 26.070148 9.268682 -19.369301
v 26.070168 9.278464 -19.369299
v 26.070320 9.277936 -19.422691
v 26.157106 9.278467 -19.369799
v 26.157103 9.268692 -19.369797
v 26.156593 9.269203 -19.376266
v 26.156569 9.277946 -19.376259
v 26.040817 9.153558 -19.375528
v 26.032225 9.153574 -19.375446
v 26.031860 9.239420 -19.422504
v 26.040621 9.239392 -19.422623
v 25.916473 9.278129 -19.374746
v 25.916134 9.278394 -19.368359
v 26.002872 9.278618 -19.368887
v 26.002071 9.277924 -19.422228
v 26.041447 9.153028 -19.369083
v 26.031658 9.153010 -19.369032
v 26.032146 9.153509 -19.375496
v 26.040884 9.153526 -19.375546
v 25.902317 9.184073 -19.367428
v 25.903067 9.387641 -19.367786
v 25.903065 9.161819 -19.367765
v 25.916441 9.269203 -19.374783
v 25.916012 9.268691 -19.368309
v 25.915989 9.278480 -19.368319
v 25.916477 9.277942 -19.374773
v 26.031864 9.239499 -19.422455
v 26.031662 9.239987 -19.369064
v 26.041443 9.239968 -19.369122
v 26.040585 9.239485 -19.422506
v 26.156559 9.269030 -19.376228
v 26.156981 9.268764 -19.369844
v 26.070242 9.268539 -19.369303
v 26.070381 9.269235 -19.422649
v 26.031742 9.153152 -19.369072
v 26.031519 9.239893 -19.369064
v 26.031849 9.239427 -19.422421
v 26.031967 9.153534 -19.375458
v 25.924175 9.140102 -19.367937
v 25.909052 9.401676 -19.367525
v 25.909168 9.401608 -19.353065
v 25.924210 9.407181 -19.353125
v 25.924232 9.407198 -19.367619
v 25.902496 9.386221 -19.367476
v 25.902618 9.385933 -19.353065
v 25.909142 9.401669 -19.353025
v 25.909119 9.401639 -19.367500
v 25.902264 9.184012 -19.352997
v 25.902185 9.184402 -19.367474
v 25.902994 9.161804 -19.367502
v 25.903156 9.161805 -19.353010
v 25.909122 9.146311 -19.367495
v 25.909142 9.146283 -19.353033
v 25.909058 9.146279 -19.367531
v 25.924229 9.140059 -19.367619
v 25.924217 9.140075 -19.353123
v 25.909176 9.146348 -19.353062
v 26.171041 9.363125 -19.354656
v 26.170958 9.362547 -19.369137
v 26.170128 9.385308 -19.369152
v 26.170147 9.385308 -19.354660
v 25.946276 9.139227 -19.367737
v 25.946152 9.139194 -19.353270
v 26.170044 9.385294 -19.369377
v 26.157194 9.278473 -19.369547
v 26.163986 9.400786 -19.369408
v 26.163994 9.400833 -19.369068
v 26.164154 9.400860 -19.354607
v 26.164057 9.400864 -19.369106
v 26.148863 9.407098 -19.369007
v 26.149054 9.407082 -19.354511
v 26.164118 9.400795 -19.354635
v 26.148935 9.140036 -19.369007
v 26.149128 9.140052 -19.354513
v 26.127296 9.139202 -19.354391
v 26.126232 9.139161 -19.368866
v 26.126747 9.407940 -19.368855
v 26.127277 9.407948 -19.354393
v 26.148972 9.140084 -19.369280
v 26.164009 9.146173 -19.369408
v 26.164083 9.146096 -19.369104
v 26.164145 9.146165 -19.354637
v 26.170094 9.161233 -19.369141
v 26.170198 9.161338 -19.354645
v 26.164177 9.146101 -19.354605
v 26.164021 9.146129 -19.369072
v 26.170925 9.182983 -19.369127
v 26.171009 9.183475 -19.354668
v 25.946129 9.407965 -19.353270
v 25.946625 9.407969 -19.367752
v 25.902317 9.366264 -19.367428
v 25.946285 9.407825 -19.353319
v 26.126984 9.407825 -19.354435
v 25.909128 9.401601 -19.367832
v 25.909124 9.146357 -19.367832
v 26.041424 9.394225 -19.368845
v 26.126976 9.139332 -19.368814
v 25.946207 9.139332 -19.367699
v 25.947109 9.407914 -19.367947
v 26.127066 9.139332 -19.354437
v 25.946297 9.139332 -19.353321
v 26.170807 9.183320 -19.369085
v 26.170059 9.161299 -19.369411
v 26.170906 9.362323 -19.369371
v 26.148899 9.407044 -19.369267
v 25.924185 9.407148 -19.367891
v 26.126896 9.407825 -19.368814
v 25.902407 9.366264 -19.353050
v 25.902407 9.184073 -19.353050
v 26.170895 9.363050 -19.354706
v 26.170895 9.183332 -19.354706
v 25.998323 9.265669 -19.435438
v 25.997997 9.267946 -19.422916
v 25.997482 9.276497 -19.435421
v 25.997967 9.279180 -19.422939
v 26.000191 9.287747 -19.435457
v 26.003685 9.294676 -19.435463
v 26.001118 9.289076 -19.369780
v 25.998585 9.279896 -19.369865
v 25.997684 9.272978 -19.423018
v 26.001553 9.257214 -19.369797
v 26.002041 9.255309 -19.435452
v 25.998444 9.267349 -19.369822
v 26.002245 9.278682 -19.422958
v 26.002092 9.278013 -19.435394
v 26.004520 9.286810 -19.435432
v 26.002625 9.279139 -19.369835
v 26.002556 9.267972 -19.369839
v 26.003864 9.262394 -19.435423
v 26.002253 9.268480 -19.422937
v 26.006344 9.257242 -19.369854
v 26.006413 9.256423 -19.435457
v 25.999805 9.286370 -19.435459
v 26.001831 9.276158 -19.435427
v 25.997478 9.273993 -19.435450
v 25.998131 9.266831 -19.435434
v 26.002224 9.268291 -19.435413
v 26.001160 9.257162 -19.435471
v 26.004982 9.259147 -19.435436
v 25.998093 9.279263 -19.422888
v 26.002300 9.278650 -19.422960
v 26.002628 9.279122 -19.369843
v 25.998598 9.280004 -19.369919
v 26.001820 9.291281 -19.435474
v 26.006447 9.290928 -19.435450
v 25.998091 9.267874 -19.422955
v 26.002167 9.268471 -19.423000
v 26.001831 9.273863 -19.423073
v 25.997734 9.272846 -19.423046
v 26.001186 9.289172 -19.369734
v 26.002604 9.279119 -19.369814
v 26.004719 9.286153 -19.369808
v 25.998442 9.279931 -19.369806
v 26.003868 9.252894 -19.369904
v 26.006851 9.256326 -19.369867
v 26.004566 9.261342 -19.369820
v 25.998415 9.267246 -19.369774
v 25.998535 9.267306 -19.369810
v 26.002625 9.268034 -19.369858
v 26.002289 9.268484 -19.422968
v 25.998096 9.267887 -19.422894
v 26.002171 9.278669 -19.422985
v 25.998066 9.279280 -19.422955
v 26.002628 9.268045 -19.369820
v 26.004887 9.250751 -19.435493
v 26.008343 9.253094 -19.435492
v 26.003834 9.284867 -19.435419
v 26.006603 9.290396 -19.369839
v 26.000736 9.259327 -19.369812
v 25.998018 9.279436 -19.435429
v 26.005693 9.288777 -19.369808
v 26.001852 9.270688 -19.435406
v 26.001888 9.273024 -19.423048
v 26.030319 9.311684 -19.370020
v 26.021866 9.309501 -19.435579
v 26.020374 9.308659 -19.369907
v 26.030651 9.311849 -19.423168
v 26.032429 9.312111 -19.435642
v 26.041759 9.311892 -19.423248
v 26.051554 9.309125 -19.435772
v 26.040836 9.311961 -19.435688
v 26.052116 9.308979 -19.370098
v 26.042866 9.311563 -19.370136
v 26.049595 9.305292 -19.370106
v 26.049871 9.304982 -19.435707
v 26.055103 9.302644 -19.370296
v 26.013222 9.304883 -19.435532
v 26.013653 9.304839 -19.370152
v 26.041332 9.307569 -19.423206
v 26.035324 9.307981 -19.435604
v 26.042440 9.307248 -19.435648
v 26.056511 9.301453 -19.435797
v 26.042107 9.307498 -19.370077
v 26.020210 9.303785 -19.369940
v 26.020340 9.304006 -19.435522
v 26.026901 9.306450 -19.435575
v 26.030945 9.307573 -19.370014
v 26.031120 9.307559 -19.423138
v 26.048904 9.309926 -19.435757
v 26.040764 9.307602 -19.435650
v 26.039974 9.312110 -19.435699
v 26.031609 9.311971 -19.435661
v 26.030888 9.307505 -19.435593
v 26.022766 9.305140 -19.435541
v 26.041908 9.311710 -19.423159
v 26.041294 9.307502 -19.423201
v 26.042095 9.307505 -19.370087
v 26.042973 9.311531 -19.370192
v 26.055614 9.307018 -19.435799
v 26.056736 9.301326 -19.435799
v 26.049725 9.305140 -19.435707
v 26.030518 9.311711 -19.423155
v 26.031118 9.307634 -19.423174
v 26.035923 9.307970 -19.423283
v 26.035511 9.312068 -19.423279
v 26.042902 9.311697 -19.370068
v 26.042091 9.307528 -19.370058
v 26.050369 9.304952 -19.370060
v 26.019730 9.308508 -19.435581
v 26.030281 9.311595 -19.370007
v 26.031006 9.307506 -19.370033
v 26.031128 9.307513 -19.423145
v 26.030533 9.311707 -19.423092
v 26.036163 9.307927 -19.435610
v 26.041315 9.307634 -19.423227
v 26.041924 9.311740 -19.423218
v 26.030228 9.311702 -19.369968
v 26.022701 9.305003 -19.369892
v 26.031017 9.307502 -19.369995
v 26.021740 9.309304 -19.369869
v 26.013918 9.305283 -19.435535
v 26.015213 9.301149 -19.435577
v 26.052143 9.308945 -19.370049
v 26.024837 9.310341 -19.435587
v 26.035885 9.307894 -19.423258
v 26.074469 9.279185 -19.423412
v 26.071892 9.288301 -19.435905
v 26.074657 9.279809 -19.370291
v 26.074661 9.277989 -19.435907
v 26.074776 9.273836 -19.423470
v 26.072163 9.258644 -19.370222
v 26.069092 9.253165 -19.435873
v 26.072290 9.260128 -19.435888
v 26.067739 9.250581 -19.370485
v 26.074501 9.268665 -19.435902
v 26.074528 9.267982 -19.423374
v 26.074533 9.267264 -19.370333
v 26.071766 9.289425 -19.370232
v 26.067453 9.296506 -19.435869
v 26.067810 9.296476 -19.370485
v 26.070564 9.279198 -19.370253
v 26.067593 9.287165 -19.435820
v 26.070190 9.278675 -19.423365
v 26.067430 9.258398 -19.370192
v 26.067381 9.259428 -19.435820
v 26.063921 9.253073 -19.435837
v 26.070473 9.268022 -19.370253
v 26.070202 9.268475 -19.423374
v 26.066631 9.290158 -19.370237
v 26.063522 9.294750 -19.435837
v 26.074354 9.267929 -19.435907
v 26.068169 9.261352 -19.435829
v 26.070457 9.271014 -19.435854
v 26.071714 9.258510 -19.435898
v 26.074497 9.278346 -19.435930
v 26.070061 9.278850 -19.435843
v 26.067707 9.286962 -19.435818
v 26.074356 9.267896 -19.423359
v 26.070145 9.268507 -19.423378
v 26.070477 9.268036 -19.370262
v 26.074503 9.267156 -19.370388
v 26.074368 9.279283 -19.423424
v 26.070282 9.278690 -19.423424
v 26.070599 9.272935 -19.423496
v 26.074718 9.273579 -19.423523
v 26.074669 9.267228 -19.370266
v 26.070499 9.268039 -19.370234
v 26.067923 9.259758 -19.370169
v 26.068256 9.252009 -19.435877
v 26.064678 9.254214 -19.435848
v 26.071392 9.289351 -19.435913
v 26.068138 9.296041 -19.370441
v 26.065815 9.291588 -19.370266
v 26.072376 9.287855 -19.370228
v 26.067997 9.287251 -19.370209
v 26.074566 9.279851 -19.370279
v 26.070477 9.279124 -19.370277
v 26.070156 9.278674 -19.423388
v 26.074350 9.279269 -19.423363
v 26.070276 9.268488 -19.423405
v 26.074368 9.267877 -19.423424
v 26.074684 9.279912 -19.370251
v 26.070503 9.279104 -19.370232
v 26.064762 9.292782 -19.435839
v 26.071918 9.257992 -19.370171
v 26.073215 9.283784 -19.435896
v 26.074760 9.273217 -19.435900
v 26.070076 9.278853 -19.435818
v 26.070452 9.269992 -19.435818
v 26.070560 9.273609 -19.423470
v 26.042786 9.235479 -19.370096
v 26.050562 9.237696 -19.435760
v 26.052540 9.238416 -19.370108
v 26.041851 9.235340 -19.423180
v 26.041412 9.235312 -19.435699
v 26.030621 9.235322 -19.423140
v 26.020916 9.237980 -19.435575
v 26.033169 9.234930 -19.435635
v 26.036812 9.235040 -19.423260
v 26.030235 9.235577 -19.370043
v 26.059446 9.242318 -19.370434
v 26.051865 9.242766 -19.370113
v 26.048607 9.241689 -19.435698
v 26.041319 9.239611 -19.423185
v 26.042107 9.239652 -19.370073
v 26.031120 9.239601 -19.423132
v 26.032528 9.239391 -19.435591
v 26.022642 9.242054 -19.435553
v 26.021067 9.242807 -19.369907
v 26.014404 9.246616 -19.435535
v 26.030994 9.239656 -19.370008
v 26.057323 9.246189 -19.435831
v 26.024441 9.236921 -19.435616
v 26.031588 9.239577 -19.435612
v 26.039762 9.235032 -19.435728
v 26.022757 9.241943 -19.435553
v 26.030540 9.235447 -19.423088
v 26.031153 9.239656 -19.423138
v 26.031010 9.239654 -19.370018
v 26.030128 9.235625 -19.370113
v 26.041420 9.239652 -19.435656
v 26.036070 9.239229 -19.435608
v 26.041927 9.235445 -19.423225
v 26.041328 9.239523 -19.423237
v 26.036863 9.239202 -19.423290
v 26.036942 9.235089 -19.423286
v 26.030178 9.235435 -19.369997
v 26.031013 9.239646 -19.369989
v 26.024464 9.241559 -19.369932
v 26.049597 9.242067 -19.435728
v 26.052547 9.238639 -19.435789
v 26.059183 9.242125 -19.370394
v 26.053802 9.243879 -19.370155
v 26.051163 9.237867 -19.370102
v 26.048790 9.241594 -19.370094
v 26.042824 9.235563 -19.370083
v 26.042095 9.239651 -19.370102
v 26.041317 9.239644 -19.423208
v 26.041914 9.235451 -19.423164
v 26.031124 9.239518 -19.423174
v 26.030521 9.235421 -19.423155
v 26.042885 9.235446 -19.370052
v 26.042084 9.239655 -19.370064
v 26.057697 9.241454 -19.435810
v 26.055340 9.244954 -19.435778
v 26.013981 9.241871 -19.435560
v 26.020363 9.238511 -19.369867
v 26.019382 9.243802 -19.369930
v 26.019253 9.238849 -19.435547
v 26.047449 9.236815 -19.435726
v 26.031443 9.235227 -19.435621
v 26.020199 9.238550 -19.369900
v 26.062977 9.295990 -19.370478
v 26.039909 9.239400 -19.435629
v 26.036257 9.239240 -19.423258
v 26.063881 9.294744 -19.370487
v 26.058966 9.247149 -19.370461
v 26.014244 9.247082 -19.370188
v 26.013760 9.242299 -19.370127
v 26.057714 9.246246 -19.370449
v 26.059057 9.242294 -19.435804
v 26.012543 9.243042 -19.370161
v 26.012474 9.242858 -19.435532
v 26.013504 9.304692 -19.370140
v 26.014606 9.300415 -19.370178
v 26.005329 9.250710 -19.370110
v 26.015537 9.245849 -19.435549
v 26.015015 9.300885 -19.435572
v 26.015385 9.300912 -19.370188
v 26.008266 9.293900 -19.435505
v 26.057514 9.301151 -19.370405
v 26.059334 9.304860 -19.370411
v 26.063612 9.301239 -19.370443
v 26.064117 9.294938 -19.370472
v 26.060898 9.297750 -19.435827
v 26.063456 9.294706 -19.435839
v 26.061623 9.302723 -19.435837
v 26.061451 9.297268 -19.435835
v 26.065258 9.299063 -19.435860
v 26.068256 9.295122 -19.435856
v 26.059570 9.304696 -19.370443
v 26.059757 9.304315 -19.435814
v 26.067970 9.296611 -19.370481
v 26.064716 9.299739 -19.435848
v 26.067371 9.296451 -19.435867
v 26.009888 9.295675 -19.370144
v 26.005270 9.296364 -19.370077
v 26.008888 9.300640 -19.370106
v 26.007759 9.247625 -19.370117
v 26.009180 9.294729 -19.370131
v 26.011734 9.298086 -19.435524
v 26.015285 9.301036 -19.370184
v 26.015026 9.300869 -19.435549
v 26.008152 9.300350 -19.435511
v 26.009842 9.296094 -19.435511
v 26.004480 9.295759 -19.435463
v 26.005920 9.297392 -19.370127
v 26.008301 9.300566 -19.435505
v 26.013649 9.304835 -19.370152
v 26.013268 9.304813 -19.435524
v 26.011393 9.249344 -19.435516
v 26.009377 9.245594 -19.435507
v 26.004917 9.250704 -19.435486
v 26.005325 9.250704 -19.370110
v 26.004940 9.250721 -19.435471
v 26.007250 9.247775 -19.435493
v 26.010139 9.251157 -19.370142
v 26.009216 9.252414 -19.370150
v 26.008858 9.252461 -19.435505
v 26.009142 9.252354 -19.370132
v 26.008808 9.252421 -19.435503
v 26.014212 9.247142 -19.370169
v 26.064083 9.246728 -19.435837
v 26.059536 9.242213 -19.370443
v 26.059048 9.242313 -19.435822
v 26.063557 9.246170 -19.435848
v 26.059002 9.247577 -19.435810
v 26.062138 9.250727 -19.435814
v 26.063915 9.252425 -19.370468
v 26.060465 9.248971 -19.435822
v 26.057812 9.246122 -19.370447
v 26.057253 9.246296 -19.435818
v 26.065548 9.254999 -19.370358
v 26.067829 9.250798 -19.370466
v 26.062962 9.251217 -19.370440
v 26.064209 9.246515 -19.370445
v 26.044762 9.241820 -19.460316
v 26.052794 9.246032 -19.476061
v 26.056759 9.246703 -19.368889
v 26.036575 9.239874 -19.368761
v 26.031315 9.240737 -19.460518
v 26.059877 9.250578 -19.463928
v 26.065111 9.258526 -19.477865
v 26.070065 9.265142 -19.368971
v 26.068466 9.267241 -19.482487
v 26.069670 9.275710 -19.477734
v 26.068493 9.284328 -19.475168
v 26.065035 9.292982 -19.476786
v 26.066269 9.291530 -19.368946
v 26.059797 9.298918 -19.467604
v 26.052822 9.304251 -19.467211
v 26.050503 9.305279 -19.368849
v 26.044630 9.307474 -19.466347
v 26.036011 9.308237 -19.459450
v 26.036577 9.307963 -19.368761
v 26.027023 9.307405 -19.466301
v 26.018948 9.303702 -19.459745
v 26.019239 9.303885 -19.368652
v 26.036577 9.307963 -19.368761
v 26.036009 9.308239 -19.459177
v 26.012032 9.298365 -19.459782
v 26.006655 9.292512 -19.474234
v 26.005495 9.288122 -19.368567
v 26.003304 9.284325 -19.475473
v 26.002132 9.275708 -19.477291
v 26.003088 9.265144 -19.368551
v 26.003365 9.265854 -19.465183
v 26.006607 9.258336 -19.473587
v 26.011936 9.250858 -19.467030
v 26.018669 9.246212 -19.475636
v 26.016394 9.246705 -19.368635
v 26.044670 9.245450 -19.488106
v 26.035831 9.244289 -19.488235
v 26.059729 9.257577 -19.500788
v 26.035892 9.311495 -19.478458
v 26.035866 9.312435 -19.482277
v 26.018875 9.308269 -19.483994
v 26.011929 9.303244 -19.485674
v 26.026995 9.245417 -19.487846
v 26.003101 9.275862 -19.507175
v 26.011803 9.257672 -19.499912
v 26.044483 9.254961 -19.517572
v 26.052677 9.258084 -19.516365
v 26.035645 9.253854 -19.517910
v 26.064896 9.272364 -19.518147
v 26.059620 9.310791 -19.504145
v 26.052689 9.315504 -19.501640
v 26.044540 9.318480 -19.500048
v 26.035746 9.320939 -19.501711
v 26.026976 9.318533 -19.500032
v 26.006329 9.274530 -19.523285
v 26.018633 9.257953 -19.515844
v 26.026812 9.254901 -19.517323
v 26.059502 9.273009 -19.533680
v 26.068161 9.289529 -19.531891
v 26.069294 9.302642 -19.536791
v 26.068253 9.300311 -19.515923
v 26.064787 9.316169 -19.525257
v 26.035736 9.322050 -19.503019
v 26.018715 9.319577 -19.507648
v 26.011772 9.313908 -19.508396
v 26.006439 9.309192 -19.514500
v 26.003054 9.301041 -19.516716
v 26.001711 9.308063 -19.543982
v 26.011635 9.269128 -19.526661
v 26.044317 9.269598 -19.544327
v 26.052511 9.272445 -19.542580
v 26.035475 9.268588 -19.544870
v 26.064711 9.292887 -19.549911
v 26.018469 9.272259 -19.542089
v 26.026642 9.269512 -19.544090
v 26.059341 9.297383 -19.564745
v 26.035635 9.334246 -19.519253
v 26.011662 9.330770 -19.529884
v 26.002865 9.300546 -19.545599
v 26.011398 9.291894 -19.558872
v 26.044170 9.288778 -19.567753
v 26.052368 9.291240 -19.565508
v 26.031408 9.286971 -19.567524
v 26.067959 9.320560 -19.564991
v 26.068047 9.327796 -19.548336
v 26.059456 9.334109 -19.533278
v 26.052540 9.337704 -19.529320
v 26.044388 9.339971 -19.526794
v 26.035593 9.341011 -19.526098
v 26.026787 9.338423 -19.525135
v 26.018616 9.339602 -19.530909
v 26.006279 9.330067 -19.538361
v 26.002857 9.328938 -19.548849
v 26.006092 9.306695 -19.563564
v 26.018326 9.291010 -19.565062
v 26.026402 9.305666 -19.582575
v 26.044048 9.311912 -19.587257
v 26.052248 9.313907 -19.584597
v 26.035206 9.311172 -19.588116
v 26.064518 9.332654 -19.582682
v 26.064629 9.353435 -19.555044
v 26.035526 9.355097 -19.536413
v 26.002693 9.332792 -19.572678
v 26.011276 9.322574 -19.583717
v 26.018208 9.313641 -19.584198
v 26.059160 9.329242 -19.588005
v 26.069012 9.367456 -19.580715
v 26.059385 9.356865 -19.548452
v 26.052361 9.368574 -19.548313
v 26.044323 9.360905 -19.540697
v 26.035488 9.368025 -19.542965
v 26.026699 9.365158 -19.543089
v 26.011547 9.361782 -19.550978
v 26.006180 9.359091 -19.557388
v 26.005886 9.351450 -19.591238
v 26.026300 9.331380 -19.598791
v 26.043955 9.338430 -19.602272
v 26.052156 9.339883 -19.599285
v 26.035110 9.337879 -19.603252
v 26.067823 9.373867 -19.590446
v 26.067902 9.377338 -19.573160
v 26.018471 9.363821 -19.545647
v 26.002726 9.378043 -19.572756
v 26.001471 9.376208 -19.581642
v 26.011139 9.356216 -19.600023
v 26.018112 9.339585 -19.598938
v 26.059088 9.356065 -19.599966
v 26.059378 9.385832 -19.558908
v 26.044403 9.387566 -19.550268
v 26.035463 9.378976 -19.546478
v 26.002592 9.379165 -19.590792
v 26.026226 9.361183 -19.610443
v 26.043896 9.368802 -19.612486
v 26.052099 9.369652 -19.609278
v 26.035046 9.368461 -19.613556
v 26.064468 9.382380 -19.599651
v 26.064617 9.390274 -19.566347
v 26.018587 9.389782 -19.553614
v 26.018045 9.369355 -19.608997
v 26.059170 9.388766 -19.606905
v 26.052498 9.399497 -19.554480
v 26.035446 9.395822 -19.549641
v 26.035448 9.399458 -19.549812
v 26.026756 9.395027 -19.550634
v 26.011534 9.394158 -19.559097
v 26.006144 9.394217 -19.566072
v 26.005913 9.396172 -19.600275
v 26.014084 9.398457 -19.610264
v 26.026360 9.394197 -19.615820
v 26.035137 9.403246 -19.617390
v 26.048576 9.402821 -19.614948
v 26.043800 10.022089 -19.616405
v 26.035023 10.022081 -19.617481
v 26.051935 10.022081 -19.613094
v 26.058876 10.022089 -19.607893
v 26.064163 10.022081 -19.601019
v 26.067574 10.022088 -19.592926
v 26.068760 10.022081 -19.584160
v 26.067684 10.022089 -19.575380
v 26.064373 10.022081 -19.567245
v 26.059174 10.022089 -19.560308
v 26.052298 10.022081 -19.555019
v 26.044205 10.022089 -19.551607
v 26.035439 10.022079 -19.550421
v 26.026663 10.022089 -19.551498
v 26.035442 10.022079 -19.550421
v 26.018526 10.022081 -19.554808
v 26.011589 10.022089 -19.560009
v 26.006298 10.022081 -19.566883
v 26.002888 10.022088 -19.574978
v 26.001701 10.022081 -19.583740
v 26.002777 10.022089 -19.592522
v 26.006088 10.022081 -19.600657
v 26.011290 10.022089 -19.607594
v 26.018164 10.022081 -19.612885
v 26.026255 10.022089 -19.616295
v 26.011375 10.022429 -19.607550
v 26.002991 10.022115 -19.592464
v 26.001715 10.022573 -19.583935
v 26.003101 10.022115 -19.575033
v 26.011631 10.022429 -19.560097
v 26.058830 10.022429 -19.607805
v 26.043743 10.022115 -19.616192
v 26.035213 10.022577 -19.617470
v 26.026718 10.022114 -19.551710
v 26.035248 10.022573 -19.550434
v 26.044147 10.022115 -19.551821
v 26.059088 10.022429 -19.560352
v 26.067471 10.022115 -19.575438
v 26.068747 10.022573 -19.583967
v 26.067360 10.022115 -19.592869
v 26.026310 10.022145 -19.616095
v 26.051823 10.022026 -19.612896
v 26.006496 10.022026 -19.566999
v 26.018278 10.022026 -19.612686
v 26.052183 10.022026 -19.555216
v 26.006287 10.022026 -19.600542
v 26.063965 10.022026 -19.600903
v 26.018639 10.022026 -19.555006
v 26.064175 10.022026 -19.567360
v 26.035065 10.022026 -19.610260
v 26.041948 10.022026 -19.609392
v 26.037994 10.022432 -19.611292
v 26.048336 10.022026 -19.606817
v 26.051407 10.022432 -19.606249
v 26.058098 10.022026 -19.570843
v 26.054001 10.022026 -19.565416
v 26.057529 10.022432 -19.567780
v 26.048622 10.022026 -19.561251
v 26.012529 10.022026 -19.570559
v 26.009876 10.022026 -19.576914
v 26.008923 10.022026 -19.583786
v 26.007889 10.022432 -19.586710
v 26.021837 10.022026 -19.606651
v 26.028194 10.022026 -19.609306
v 26.053766 10.022026 -19.602720
v 26.057932 10.022026 -19.597343
v 26.042267 10.022026 -19.558596
v 26.035395 10.022026 -19.557642
v 26.032467 10.022432 -19.556610
v 26.009789 10.022026 -19.590670
v 26.012363 10.022026 -19.597057
v 26.012932 10.022432 -19.600122
v 26.060585 10.022026 -19.590988
v 26.061539 10.022026 -19.584116
v 26.062572 10.022432 -19.581192
v 26.028511 10.022026 -19.558510
v 26.022121 10.022026 -19.561085
v 26.019058 10.022432 -19.561653
v 26.016460 10.022026 -19.602486
v 26.060673 10.022026 -19.577232
v 26.016695 10.022026 -19.565182
v 26.053150 9.956324 -19.602097
v 26.047873 9.956509 -19.606007
v 26.041710 9.956508 -19.608492
v 26.035007 10.022085 -19.610018
v 26.034973 9.956477 -19.609455
v 26.044937 9.956481 -19.607782
v 26.045300 10.022089 -19.608252
v 26.056173 10.022089 -19.567974
v 26.055828 9.956481 -19.568464
v 26.045481 9.956481 -19.560349
v 26.045540 10.022089 -19.559753
v 26.048149 9.956509 -19.562054
v 26.053333 9.956508 -19.566072
v 26.011034 10.022089 -19.573643
v 26.011627 9.956481 -19.573700
v 26.009726 9.956477 -19.583691
v 26.009163 10.022085 -19.583725
v 26.010717 9.956323 -19.577148
v 26.024921 10.022089 -19.608150
v 26.024977 9.956481 -19.607552
v 26.053555 10.022086 -19.602589
v 26.053129 9.956476 -19.602217
v 26.058834 9.956481 -19.594202
v 26.059429 10.022089 -19.594261
v 26.028442 9.956508 -19.608408
v 26.022312 9.956509 -19.605848
v 26.035488 9.956477 -19.558447
v 26.035454 10.022085 -19.557884
v 26.013172 9.956509 -19.596594
v 26.010691 9.956508 -19.590431
v 26.011400 9.956481 -19.593658
v 26.010933 10.022089 -19.594021
v 26.060736 9.956477 -19.584211
v 26.061298 10.022085 -19.584177
v 26.060646 9.956388 -19.584116
v 26.059689 9.956508 -19.590738
v 26.035393 9.956388 -19.558537
v 26.028749 9.956508 -19.559410
v 26.025524 9.956481 -19.560120
v 26.025158 10.022089 -19.559652
v 26.016590 10.022086 -19.602272
v 26.016964 9.956476 -19.601849
v 26.060425 10.022087 -19.577299
v 26.059868 9.956486 -19.577450
v 26.059772 9.956508 -19.577471
v 26.059923 9.956470 -19.577433
v 26.060453 10.022079 -19.577293
v 26.016907 10.022086 -19.565311
v 26.017330 9.956476 -19.565685
v 26.013334 9.956509 -19.571033
v 26.017351 9.956508 -19.565847
v 12.847248 9.146773 -16.222172
v 12.758032 9.228685 -16.131733
v 12.848295 9.235288 -16.223364
v 12.941633 8.981139 -16.296064
v 12.773149 9.242672 -16.125341
v 12.783662 8.981169 -16.136099
v 12.783633 9.248189 -16.136116
v 12.941608 9.248116 -16.295984
v 12.956474 9.226362 -16.311049
v 12.956446 9.002329 -16.311062
v 12.768836 9.002878 -16.121088
v 12.768838 9.228713 -16.121109
v 12.773026 8.987442 -16.125523
v 12.952099 8.987259 -16.306822
v 12.952082 9.241811 -16.306803
v 12.848339 8.993986 -16.223370
v 12.762302 8.987400 -16.136053
v 12.766965 9.109735 -16.141006
v 12.941408 9.241857 -16.317413
v 12.856392 9.146650 -16.231428
v 12.855167 9.235290 -16.230314
v 12.716599 9.797268 -16.396133
v 12.698561 9.797234 -16.403559
v 12.711512 9.797194 -16.355970
v 12.680799 9.797268 -16.359894
v 12.698843 9.797225 -16.352463
v 12.680580 9.797268 -16.395912
v 12.673154 9.797234 -16.377872
v 12.723419 9.797227 -16.371635
v 12.810476 9.148793 -16.261471
v 12.844009 9.234638 -16.228453
v 12.850025 9.234654 -16.234587
v 12.816586 9.148820 -16.267750
v 12.837515 9.110235 -16.288963
v 12.837561 9.118990 -16.288855
v 12.931347 9.118938 -16.316916
v 12.931355 9.110343 -16.316887
v 12.847248 9.146773 -16.222172
v 12.766963 9.119506 -16.141003
v 12.758032 9.228685 -16.131733
v 12.936533 9.119534 -16.312677
v 12.856392 9.146650 -16.231428
v 12.941408 9.241857 -16.317413
v 12.856374 9.082509 -16.231407
v 12.847305 9.082837 -16.222227
v 12.874386 9.108320 -16.249704
v 12.874473 9.120918 -16.249794
v 12.856392 9.146650 -16.231428
v 12.936533 9.119534 -16.312677
v 12.856374 9.082509 -16.231407
v 12.936539 9.109765 -16.312675
v 12.941439 8.987218 -16.317411
v 12.847248 9.146773 -16.222172
v 12.829166 9.120947 -16.203924
v 12.766963 9.119506 -16.141003
v 12.848339 8.993986 -16.223370
v 12.829226 9.108143 -16.203924
v 12.936539 9.109765 -16.312675
v 12.855028 9.235187 -16.230476
v 12.850063 9.234688 -16.234646
v 12.843920 9.234704 -16.228432
v 12.848145 9.235204 -16.223515
v 12.825766 9.120042 -16.201050
v 12.850214 8.994591 -16.234755
v 12.816664 9.080480 -16.267601
v 12.855082 9.080945 -16.230610
v 12.854774 8.994226 -16.230228
v 12.766965 9.109735 -16.141006
v 12.825766 9.109227 -16.201050
v 12.877218 9.109227 -16.253143
v 12.877218 9.120042 -16.253143
v 12.847692 9.078025 -16.223249
v 12.828115 9.119533 -16.203196
v 12.828102 9.109731 -16.203217
v 12.789631 9.110272 -16.240297
v 12.789616 9.118986 -16.240274
v 12.827959 9.119531 -16.203127
v 12.827959 9.109738 -16.203125
v 12.875103 9.109736 -16.250767
v 12.875080 9.119538 -16.250780
v 12.837611 9.118994 -16.288811
v 12.875227 9.119656 -16.251005
v 12.936196 9.119219 -16.312675
v 12.931364 9.119182 -16.316933
v 12.847692 9.151244 -16.223249
v 12.848145 9.148060 -16.223511
v 12.855049 9.148067 -16.230465
v 12.855291 9.151244 -16.230944
v 12.855196 8.993988 -16.230324
v 12.855291 9.078025 -16.230944
v 12.848167 9.081203 -16.223497
v 12.855036 9.081209 -16.230486
v 12.855167 9.235290 -16.230314
v 12.816645 9.148713 -16.267647
v 12.855005 9.148227 -16.230509
v 12.848133 9.148244 -16.223545
v 12.810520 9.148729 -16.261440
v 12.848358 9.235044 -16.223747
v 12.843809 9.234677 -16.228292
v 12.810547 9.148787 -16.261412
v 12.848023 9.148325 -16.223465
v 12.850214 9.234678 -16.234755
v 12.854942 9.235060 -16.230455
v 12.855104 9.148320 -16.230610
v 12.816664 9.148789 -16.267603
v 12.848295 9.235288 -16.223364
v 12.789456 9.119035 -16.240309
v 12.789566 9.110279 -16.240265
v 12.762666 9.110331 -16.146137
v 12.762694 9.118926 -16.146130
v 12.762649 9.110087 -16.146122
v 12.789614 9.110308 -16.240206
v 12.827877 9.109618 -16.203066
v 12.766974 9.110101 -16.141335
v 12.837528 9.110272 -16.288790
v 12.875170 9.109738 -16.250923
v 12.875185 9.119520 -16.250935
v 12.837541 9.118992 -16.288797
v 12.936308 9.119523 -16.312763
v 12.936306 9.109748 -16.312759
v 12.931372 9.110259 -16.316975
v 12.931358 9.119001 -16.316952
v 12.850025 8.994615 -16.234587
v 12.844009 8.994631 -16.228453
v 12.810476 9.080476 -16.261471
v 12.816586 9.080449 -16.267750
v 12.762657 9.119184 -16.146111
v 12.766933 9.119450 -16.141352
v 12.827893 9.119675 -16.203060
v 12.789610 9.118979 -16.240211
v 12.766965 9.109735 -16.141006
v 12.829226 9.108143 -16.203924
v 12.848339 8.993986 -16.223370
v 12.855028 8.994083 -16.230474
v 12.848145 8.994065 -16.223515
v 12.843920 8.994565 -16.228432
v 12.850063 8.994582 -16.234646
v 12.757822 9.025123 -16.130924
v 12.757553 9.206602 -16.131048
v 12.758122 9.002877 -16.131683
v 12.941439 8.987218 -16.317411
v 12.855196 8.993988 -16.230324
v 12.856374 9.082509 -16.231407
v 12.762607 9.110259 -16.146112
v 12.766883 9.109748 -16.141232
v 12.766857 9.119534 -16.141220
v 12.762639 9.118997 -16.146130
v 12.810514 9.080556 -16.261440
v 12.848124 9.081044 -16.223541
v 12.855000 9.081026 -16.230499
v 12.816644 9.080541 -16.267641
v 12.931375 9.110085 -16.316923
v 12.936186 9.109820 -16.312708
v 12.875237 9.109595 -16.250990
v 12.837612 9.110291 -16.288813
v 12.848176 8.994208 -16.223604
v 12.848024 9.080949 -16.223440
v 12.810528 9.080483 -16.261404
v 12.843818 8.994590 -16.228279
v 12.772914 8.981156 -16.146742
v 12.848339 8.993986 -16.223370
v 12.855196 8.993988 -16.230324
v 12.762514 9.242732 -16.135756
v 12.772820 9.242663 -16.125612
v 12.783417 9.248238 -16.136292
v 12.774733 9.248839 -16.148050
v 12.758280 9.228742 -16.131475
v 12.768583 9.228646 -16.121277
v 12.772829 9.242725 -16.125565
v 12.762579 9.242695 -16.135786
v 12.768139 9.004925 -16.120899
v 12.757685 9.025530 -16.130857
v 12.758245 9.002864 -16.131454
v 12.757713 9.207711 -16.130873
v 12.767988 9.206937 -16.120684
v 12.762585 8.987366 -16.135782
v 12.772826 8.987339 -16.125570
v 12.762514 8.987334 -16.135763
v 12.773181 8.981114 -16.146553
v 12.783421 8.981131 -16.136295
v 12.772829 8.987404 -16.125614
v 12.956844 9.204405 -16.311897
v 12.946560 9.203801 -16.322075
v 12.945974 9.226363 -16.321514
v 12.956234 9.226366 -16.311279
v 12.788585 8.980302 -16.162113
v 12.799462 8.980194 -16.152536
v 12.945745 9.226350 -16.321632
v 12.936533 9.119534 -16.312677
v 12.941408 9.241857 -16.317413
v 12.941694 9.241888 -16.317118
v 12.952032 9.241915 -16.307003
v 12.941712 9.241920 -16.317188
v 12.931038 9.248154 -16.306376
v 12.941422 9.248137 -16.296261
v 12.951987 9.241850 -16.306999
v 12.931089 8.981091 -16.306425
v 12.941475 8.981108 -16.296314
v 12.926653 8.980349 -16.281370
v 12.915277 8.980230 -16.290413
v 12.914919 9.249063 -16.290058
v 12.926552 9.248927 -16.281263
v 12.930932 8.981144 -16.306633
v 12.941439 8.987218 -16.317411
v 12.941731 8.987152 -16.317205
v 12.952005 8.987221 -16.307018
v 12.945955 9.002287 -16.321480
v 12.956279 9.002391 -16.311306
v 12.952051 8.987156 -16.307020
v 12.941710 8.987184 -16.317137
v 12.946559 9.024168 -16.322073
v 12.956868 9.024827 -16.311911
v 12.799492 9.249073 -16.152569
v 12.925867 9.248881 -16.280594
v 12.798869 9.248881 -16.152020
v 12.925951 8.980388 -16.280680
v 12.758032 9.228685 -16.131733
v 12.766963 9.119506 -16.141003
v 12.788637 9.248881 -16.162125
v 12.914941 9.248987 -16.290417
v 12.772983 9.248195 -16.146692
v 12.855167 9.235290 -16.230314
v 12.848295 9.235288 -16.223364
v 12.915715 8.980388 -16.290781
v 12.788648 8.980388 -16.162134
v 12.956730 9.024392 -16.311842
v 12.956730 9.204098 -16.311842
v 12.768052 9.025109 -16.120819
v 12.946500 9.024382 -16.321947
v 12.945747 9.002352 -16.321634
v 12.946371 9.203356 -16.322216
v 12.798878 8.980388 -16.152029
v 12.936539 9.109765 -16.312675
v 12.768052 9.207331 -16.120821
v 12.766965 9.109735 -16.141006
v 12.758032 9.228685 -16.131733
v 12.930891 9.248095 -16.306574
v 12.941439 8.987218 -16.317411
v 12.941408 9.241857 -16.317413
v 12.762302 8.987400 -16.136053
v 12.762302 8.987400 -16.136053
v 12.762451 9.242630 -16.135962
v 12.824105 9.108400 -16.200596
v 12.777589 9.106747 -16.246889
v 12.826242 9.098486 -16.202688
v 12.786207 9.109030 -16.237816
v 12.786226 9.120256 -16.237778
v 12.778666 9.127525 -16.247961
v 12.777054 9.117581 -16.246302
v 12.826410 9.131366 -16.202843
v 12.780368 9.133245 -16.249687
v 12.824160 9.120952 -16.200684
v 12.785948 9.115211 -16.237661
v 12.780159 9.096580 -16.249470
v 12.826996 9.109029 -16.203508
v 12.781848 9.102009 -16.251125
v 12.789223 9.109535 -16.240849
v 12.828997 9.129045 -16.205482
v 12.782140 9.128279 -16.251423
v 12.784464 9.134649 -16.253830
v 12.831720 9.136446 -16.208679
v 12.827061 9.120185 -16.203547
v 12.789214 9.119738 -16.240847
v 12.829659 9.098317 -16.206192
v 12.785980 9.113808 -16.237732
v 12.788860 9.114635 -16.240656
v 12.789124 9.119737 -16.240824
v 12.784952 9.093459 -16.254332
v 12.779758 9.131530 -16.249096
v 12.782138 9.128428 -16.251419
v 12.780544 9.120722 -16.249819
v 12.777246 9.119593 -16.246555
v 12.777238 9.109873 -16.246521
v 12.780104 9.115910 -16.249348
v 12.780377 9.109330 -16.249626
v 12.778820 9.101098 -16.248127
v 12.786327 9.120319 -16.237864
v 12.789251 9.119708 -16.240891
v 12.827042 9.120178 -16.203562
v 12.824141 9.121058 -16.200766
v 12.786271 9.108931 -16.237902
v 12.789124 9.109524 -16.240824
v 12.824125 9.120975 -16.200577
v 12.827065 9.120170 -16.203535
v 12.825955 9.129786 -16.202320
v 12.782686 9.138417 -16.252048
v 12.782337 9.100226 -16.251631
v 12.828207 9.092993 -16.204914
v 12.830452 9.096000 -16.207125
v 12.825632 9.100813 -16.202076
v 12.824173 9.108362 -16.200645
v 12.827030 9.109090 -16.203571
v 12.789240 9.109539 -16.240889
v 12.786327 9.108945 -16.237869
v 12.786253 9.120331 -16.237879
v 12.783590 9.089226 -16.252983
v 12.824110 9.108298 -16.200556
v 12.828433 9.102392 -16.204920
v 12.827060 9.109101 -16.203548
v 12.784581 9.094310 -16.253946
v 12.828613 9.127620 -16.205095
v 12.830912 9.134515 -16.207697
v 12.780745 9.095214 -16.250055
v 12.777088 9.114974 -16.246336
v 12.778455 9.126342 -16.247736
v 12.780234 9.110924 -16.249464
v 12.788912 9.114623 -16.240656
v 12.780231 9.118820 -16.249451
v 12.816692 9.148614 -16.268642
v 12.806534 9.148886 -16.276093
v 12.813339 9.146349 -16.283010
v 12.846498 9.152734 -16.223267
v 12.799263 9.152664 -16.268820
v 12.839410 9.149661 -16.216021
v 12.809170 9.152935 -16.261116
v 12.806280 9.153286 -16.275915
v 12.816982 9.152918 -16.269011
v 12.814333 9.150518 -16.284079
v 12.860957 9.150488 -16.237839
v 12.866566 9.146145 -16.243866
v 12.855295 9.152574 -16.232224
v 12.792568 9.149570 -16.262043
v 12.862513 9.144742 -16.239439
v 12.818238 9.142743 -16.288025
v 12.854846 9.148667 -16.231697
v 12.839406 9.144841 -16.216063
v 12.795921 9.146791 -16.265388
v 12.846947 9.148630 -16.223707
v 12.809525 9.148604 -16.261383
v 12.789312 9.142015 -16.258745
v 12.813013 9.148981 -16.265057
v 12.808306 9.152766 -16.278002
v 12.807751 9.148628 -16.277338
v 12.804797 9.153280 -16.274429
v 12.817118 9.152767 -16.269037
v 12.816656 9.148557 -16.268633
v 12.854778 9.148561 -16.231642
v 12.855325 9.152589 -16.232338
v 12.800497 9.152908 -16.270088
v 12.800503 9.148531 -16.270010
v 12.809069 9.152779 -16.260981
v 12.809479 9.148689 -16.261419
v 12.812800 9.149026 -16.264894
v 12.812432 9.153104 -16.264513
v 12.789883 9.147512 -16.259361
v 12.794441 9.146008 -16.263885
v 12.855352 9.152739 -16.232203
v 12.854795 9.148561 -16.231617
v 12.859908 9.146441 -16.236774
v 12.860365 9.150731 -16.237219
v 12.840096 9.150063 -16.216667
v 12.837528 9.143506 -16.214386
v 12.841866 9.146394 -16.218510
v 12.846481 9.152651 -16.223230
v 12.846975 9.148561 -16.223764
v 12.809505 9.148569 -16.261406
v 12.809122 9.152762 -16.260948
v 12.803819 9.148977 -16.273338
v 12.816650 9.148690 -16.268667
v 12.817085 9.152816 -16.269085
v 12.846455 9.152775 -16.223164
v 12.847012 9.148561 -16.223745
v 12.816587 9.149016 -16.286364
v 12.818336 9.142734 -16.288116
v 12.813808 9.146115 -16.283464
v 12.864693 9.147897 -16.241728
v 12.863070 9.144275 -16.240034
v 12.812570 9.151230 -16.282267
v 12.794338 9.150579 -16.263823
v 12.788115 9.145892 -16.257517
v 12.834639 9.145844 -16.211611
v 12.802008 9.148822 -16.271505
v 12.877657 9.120866 -16.254812
v 12.829325 9.129437 -16.299231
v 12.875567 9.130814 -16.252623
v 12.839965 9.120240 -16.292242
v 12.831139 9.119530 -16.301073
v 12.840125 9.114125 -16.292507
v 12.839984 9.109009 -16.292219
v 12.829556 9.100877 -16.299482
v 12.831333 9.111419 -16.301285
v 12.877575 9.108319 -16.254761
v 12.872679 9.137531 -16.250107
v 12.872595 9.129861 -16.249630
v 12.826615 9.127213 -16.296446
v 12.836972 9.119731 -16.289181
v 12.874725 9.120200 -16.251841
v 12.836974 9.109529 -16.289202
v 12.828436 9.116229 -16.298269
v 12.827923 9.108584 -16.297747
v 12.872786 9.100114 -16.249819
v 12.826353 9.101104 -16.296175
v 12.823940 9.094636 -16.293800
v 12.874741 9.109083 -16.251816
v 12.823427 9.135806 -16.293299
v 12.831196 9.118889 -16.301167
v 12.828243 9.118123 -16.298109
v 12.830252 9.124806 -16.300203
v 12.828172 9.110065 -16.298031
v 12.839920 9.108951 -16.292122
v 12.836931 9.109562 -16.289162
v 12.874723 9.109092 -16.251835
v 12.877481 9.108211 -16.254770
v 12.831242 9.110778 -16.301197
v 12.840048 9.113809 -16.292471
v 12.836994 9.119742 -16.289284
v 12.837177 9.114353 -16.289574
v 12.839917 9.120327 -16.292192
v 12.830124 9.103807 -16.300083
v 12.828520 9.097348 -16.298410
v 12.823202 9.093009 -16.293045
v 12.826124 9.100121 -16.295931
v 12.877709 9.108277 -16.254807
v 12.874750 9.109097 -16.251816
v 12.873419 9.102557 -16.250452
v 12.877604 9.120907 -16.254740
v 12.874714 9.120180 -16.251846
v 12.836933 9.119730 -16.289173
v 12.839914 9.120325 -16.292122
v 12.825779 9.130022 -16.295609
v 12.828959 9.130384 -16.298883
v 12.837003 9.109545 -16.289272
v 12.839883 9.108932 -16.292179
v 12.877705 9.120981 -16.254818
v 12.873018 9.128482 -16.250006
v 12.874736 9.120170 -16.251822
v 12.827158 9.124863 -16.296976
v 12.874352 9.134139 -16.251427
v 12.826921 9.135816 -16.296839
v 12.823695 9.135211 -16.293543
v 12.875826 9.099374 -16.252869
v 12.871381 9.096357 -16.248545
v 12.872828 9.091994 -16.250210
v 12.876030 9.128966 -16.253120
v 12.875410 9.097931 -16.252455
v 12.837160 9.114670 -16.289518
v 12.809494 9.080641 -16.261395
v 12.801556 9.080485 -16.271053
v 12.795671 9.082648 -16.265114
v 12.817066 9.076394 -16.269011
v 12.814824 9.079000 -16.284569
v 12.855257 9.076525 -16.232132
v 12.807964 9.076382 -16.277609
v 12.802525 9.075961 -16.272118
v 12.813276 9.076087 -16.265341
v 12.796254 9.077809 -16.265774
v 12.809147 9.076393 -16.261030
v 12.839273 9.079670 -16.215868
v 12.846421 9.076645 -16.223227
v 12.862263 9.079557 -16.239164
v 12.866802 9.083374 -16.244156
v 12.861471 9.083641 -16.238375
v 12.816681 9.080661 -16.268646
v 12.854788 9.080706 -16.231661
v 12.813601 9.083093 -16.283270
v 12.839817 9.084058 -16.216438
v 12.790673 9.086064 -16.260096
v 12.846985 9.080702 -16.223726
v 12.813011 9.076138 -16.265104
v 12.813010 9.080252 -16.265108
v 12.809479 9.080577 -16.261425
v 12.819077 9.087255 -16.288881
v 12.807148 9.080468 -16.276707
v 12.799994 9.076529 -16.269575
v 12.801184 9.080579 -16.270704
v 12.803364 9.075981 -16.272987
v 12.805182 9.080318 -16.274754
v 12.794808 9.083002 -16.264254
v 12.808449 9.080916 -16.278063
v 12.807888 9.076373 -16.277544
v 12.812418 9.077984 -16.282143
v 12.814032 9.083260 -16.283703
v 12.809130 9.076503 -16.260948
v 12.809527 9.080711 -16.261417
v 12.846987 9.080709 -16.223755
v 12.846299 9.076680 -16.223198
v 12.816652 9.080578 -16.268688
v 12.817089 9.076487 -16.269089
v 12.846427 9.076507 -16.223160
v 12.841915 9.082836 -16.218550
v 12.840001 9.079298 -16.216562
v 12.791801 9.080253 -16.261267
v 12.789709 9.086906 -16.259157
v 12.795833 9.078027 -16.265348
v 12.847012 9.080708 -16.223738
v 12.861624 9.079103 -16.238462
v 12.864511 9.086169 -16.241781
v 12.860236 9.083044 -16.237114
v 12.855295 9.076618 -16.232155
v 12.854769 9.080708 -16.231653
v 12.816668 9.080700 -16.268656
v 12.817120 9.076507 -16.269045
v 12.809071 9.076489 -16.260983
v 12.815977 9.079855 -16.285776
v 12.854790 9.080694 -16.231617
v 12.855349 9.076516 -16.232193
v 12.837048 9.086165 -16.213902
v 12.792274 9.079912 -16.261713
v 12.872244 9.138275 -16.249659
v 12.870050 9.135585 -16.247442
v 12.813061 9.080309 -16.265100
v 12.826168 9.137547 -16.296082
v 12.869902 9.135799 -16.247332
v 12.866906 9.083521 -16.244255
v 12.865566 9.087302 -16.242943
v 12.819420 9.087659 -16.289284
v 12.822082 9.085474 -16.291939
v 12.819311 9.082516 -16.289085
v 12.820282 9.083378 -16.290102
v 12.835491 9.087634 -16.212481
v 12.835069 9.083015 -16.211971
v 12.834528 9.145752 -16.211468
v 12.787631 9.083841 -16.257059
v 12.833828 9.084095 -16.210796
v 12.828766 9.091764 -16.205660
v 12.787704 9.083856 -16.257116
v 12.788939 9.141641 -16.258383
v 12.821344 9.144736 -16.291191
v 12.835819 9.141968 -16.212828
v 12.866682 9.140842 -16.244053
v 12.868715 9.143706 -16.246090
v 12.867404 9.139943 -16.244804
v 12.821533 9.138902 -16.291382
v 12.869902 9.135788 -16.247307
v 12.823353 9.135732 -16.293222
v 12.824841 9.139815 -16.294746
v 12.821583 9.138881 -16.291414
v 12.819265 9.146869 -16.289068
v 12.823452 9.142122 -16.293310
v 12.870010 9.141920 -16.247419
v 12.872638 9.137491 -16.250065
v 12.826138 9.137495 -16.296007
v 12.828856 9.137672 -16.205727
v 12.834032 9.139869 -16.210976
v 12.831499 9.141994 -16.208385
v 12.787052 9.139194 -16.256460
v 12.835819 9.141984 -16.212809
v 12.789353 9.141935 -16.258778
v 12.784964 9.135860 -16.254383
v 12.786537 9.144111 -16.255949
v 12.829192 9.138517 -16.206108
v 12.783068 9.139085 -16.252419
v 12.788047 9.145999 -16.257465
v 12.834625 9.145874 -16.211588
v 12.786805 9.090394 -16.256212
v 12.782255 9.091764 -16.251598
v 12.828764 9.091759 -16.205658
v 12.782273 9.091774 -16.251598
v 12.784126 9.088441 -16.253494
v 12.833307 9.090404 -16.210243
v 12.831482 9.087239 -16.208376
v 12.831446 9.093439 -16.208416
v 12.831436 9.093397 -16.208359
v 12.788177 9.088634 -16.257591
v 12.784971 9.093478 -16.254366
v 12.827137 9.093819 -16.297041
v 12.872532 9.091500 -16.249964
v 12.823927 9.087882 -16.293785
v 12.866901 9.083211 -16.244249
v 12.820280 9.083398 -16.290085
v 12.870258 9.094096 -16.247650
v 12.825309 9.090212 -16.295200
v 12.821419 9.090233 -16.291267
v 12.865662 9.087155 -16.243015
v 12.819033 9.087347 -16.288837
v 12.868120 9.090405 -16.245487
v 12.869946 9.087254 -16.247301
v 12.792863 9.082876 -16.297327
v 12.795431 9.086406 -16.306280
v 12.865995 9.087760 -16.241163
v 12.851814 9.080929 -16.226803
v 12.780581 9.082083 -16.296759
v 12.798351 9.091790 -16.313168
v 12.804703 9.098626 -16.314402
v 12.873655 9.101319 -16.248919
v 12.807814 9.106754 -16.316071
v 12.800295 9.116455 -16.325148
v 12.875347 9.124300 -16.250631
v 12.793217 9.126477 -16.330437
v 12.806992 9.132607 -16.312138
v 12.796571 9.140206 -16.314816
v 12.797153 9.144952 -16.304567
v 12.863997 9.144941 -16.239138
v 12.793674 9.148112 -16.296518
v 12.785493 9.149410 -16.292299
v 12.851814 9.149019 -16.226803
v 12.776089 9.148459 -16.289017
v 12.773176 9.144872 -16.280464
v 12.842028 9.146333 -16.216892
v 12.851814 9.149019 -16.226803
v 12.787500 9.149293 -16.290312
v 12.770096 9.139420 -16.273806
v 12.763626 9.132685 -16.272760
v 12.830951 9.132586 -16.205677
v 12.760889 9.124500 -16.270771
v 12.754980 9.116185 -16.274977
v 12.828282 9.106198 -16.202974
v 12.762550 9.106758 -16.269129
v 12.754076 9.099724 -16.282099
v 12.767550 9.091726 -16.276285
v 12.763582 9.087268 -16.289713
v 12.837633 9.087759 -16.212444
v 12.777290 9.083117 -16.287704
v 12.770432 9.087256 -16.319607
v 12.774075 9.091639 -16.327499
v 12.779934 9.105306 -16.338917
v 12.779358 9.115071 -16.344189
v 12.780665 9.140641 -16.338085
v 12.776785 9.152465 -16.313282
v 12.771038 9.153494 -16.306574
v 12.748311 9.145730 -16.295452
v 12.734645 9.114484 -16.296684
v 12.746582 9.096649 -16.297058
v 12.755445 9.088326 -16.309549
v 12.753408 9.090539 -16.323988
v 12.774846 9.098900 -16.336481
v 12.775373 9.152378 -16.326107
v 12.764433 9.156715 -16.313099
v 12.751404 9.152477 -16.302156
v 12.739157 9.141284 -16.296999
v 12.734241 9.133845 -16.297106
v 12.747219 9.099219 -16.342518
v 12.753963 9.102283 -16.347359
v 12.759601 9.139896 -16.365330
v 12.769279 9.154349 -16.341887
v 12.752201 9.159589 -16.312836
v 12.710022 9.140974 -16.319370
v 12.726183 9.109471 -16.312866
v 12.735118 9.099010 -16.318125
v 12.734901 9.099150 -16.329840
v 12.731094 9.105510 -16.346022
v 12.757936 9.114085 -16.357569
v 12.761898 9.162236 -16.327999
v 12.757671 9.162028 -16.319775
v 12.728737 9.115046 -16.360769
v 12.735863 9.117803 -16.365236
v 12.740685 9.151012 -16.382406
v 12.757000 9.154580 -16.366247
v 12.724045 9.166534 -16.319407
v 12.702806 9.141305 -16.328129
v 12.701077 9.135432 -16.334517
v 12.703400 9.128150 -16.339657
v 12.716448 9.113315 -16.336563
v 12.716403 9.114957 -16.348110
v 12.713667 9.123724 -16.363232
v 12.732976 9.133369 -16.377878
v 12.734730 9.145804 -16.383581
v 12.754335 9.166554 -16.364145
v 12.754271 9.171963 -16.346981
v 12.747808 9.177668 -16.341885
v 12.743098 9.177054 -16.334169
v 12.730304 9.172125 -16.322956
v 12.745899 9.173678 -16.331400
v 12.715574 9.163353 -16.320271
v 12.707491 9.159474 -16.323523
v 12.712730 9.135264 -16.376577
v 12.720198 9.137611 -16.380705
v 12.750567 9.177123 -16.360409
v 12.732044 9.182769 -16.332737
v 12.700109 9.132060 -16.352699
v 12.700385 9.135153 -16.363930
v 12.698946 9.146067 -16.377769
v 12.699614 9.159295 -16.389532
v 12.707357 9.161164 -16.393387
v 12.715387 9.164084 -16.395201
v 12.725279 9.205530 -16.399214
v 12.734922 9.196074 -16.388035
v 12.739025 9.200267 -16.362001
v 12.715136 9.200483 -16.337969
v 12.732506 9.196196 -16.344627
v 12.706691 9.187616 -16.332127
v 12.677545 9.188791 -16.353060
v 12.677156 9.178962 -16.358135
v 12.684765 9.157639 -16.358107
v 12.686491 9.154691 -16.366146
v 12.687251 9.159167 -16.376898
v 12.687334 9.171971 -16.389238
v 12.713647 9.193548 -16.404406
v 12.738234 9.199430 -16.380028
v 12.740878 9.197927 -16.369993
v 12.733934 9.206111 -16.355545
v 12.728407 9.206967 -16.348677
v 12.689106 9.197113 -16.341679
v 12.677065 9.211436 -16.351910
v 12.687384 9.194928 -16.401628
v 12.697744 9.187901 -16.402882
v 12.703839 9.197913 -16.406635
v 12.717155 9.214911 -16.405651
v 12.721872 9.206208 -16.342731
v 12.702626 9.212990 -16.340521
v 12.694157 9.210968 -16.341419
v 12.674608 9.182719 -16.368137
v 12.676000 9.180640 -16.376507
v 12.677406 9.186443 -16.386620
v 12.678994 9.201999 -16.397478
v 12.733481 9.226885 -16.377378
v 12.725355 9.220066 -16.351688
v 12.690960 9.225243 -16.409912
v 12.732003 9.233147 -16.369150
v 12.716551 9.230850 -16.348240
v 12.708233 9.233288 -16.344902
v 12.666830 9.226522 -16.368427
v 12.666017 9.220969 -16.376722
v 12.669676 9.209927 -16.386627
v 12.675222 9.236503 -16.401463
v 12.682377 9.235395 -16.406799
v 12.703590 9.236999 -16.411430
v 12.728271 9.237954 -16.394636
v 12.731788 9.234723 -16.386484
v 12.728610 9.236003 -16.361057
v 12.723113 9.236885 -16.353905
v 12.722993 9.240520 -16.354027
v 12.694732 9.239593 -16.343834
v 12.682642 9.233902 -16.348066
v 12.669958 9.236521 -16.360586
v 12.669893 9.235252 -16.394276
v 12.666197 9.244301 -16.386318
v 12.681810 9.863145 -16.407021
v 12.674843 9.863137 -16.401575
v 12.689903 9.863137 -16.410433
v 12.698488 9.863145 -16.411661
v 12.707090 9.863137 -16.410540
v 12.715223 9.863145 -16.407230
v 12.722261 9.863137 -16.401871
v 12.727707 9.863144 -16.394903
v 12.731119 9.863137 -16.386810
v 12.732347 9.863145 -16.378223
v 12.731226 9.863137 -16.369623
v 12.727916 9.863145 -16.361488
v 12.722556 9.863135 -16.354450
v 12.715588 9.863144 -16.349007
v 12.722560 9.863135 -16.354454
v 12.707497 9.863137 -16.345594
v 12.698911 9.863145 -16.344366
v 12.690310 9.863137 -16.345486
v 12.682176 9.863145 -16.348797
v 12.675138 9.863137 -16.354156
v 12.669692 9.863145 -16.361124
v 12.666281 9.863137 -16.369217
v 12.665052 9.863145 -16.377804
v 12.666172 9.863137 -16.386404
v 12.669483 9.863145 -16.394537
v 12.665144 9.863484 -16.377834
v 12.669883 9.863171 -16.361237
v 12.675012 9.863629 -16.354301
v 12.682285 9.863171 -16.348988
v 12.698879 9.863484 -16.344458
v 12.698521 9.863484 -16.411570
v 12.681921 9.863171 -16.406830
v 12.674987 9.863633 -16.401703
v 12.715477 9.863171 -16.349195
v 12.722412 9.863629 -16.354324
v 12.727724 9.863171 -16.361599
v 12.732254 9.863484 -16.378191
v 12.727516 9.863171 -16.394791
v 12.722387 9.863629 -16.401726
v 12.715115 9.863171 -16.407038
v 12.669664 9.863201 -16.394434
v 12.689964 9.863082 -16.410212
v 12.690369 9.863082 -16.345707
v 12.666394 9.863082 -16.386345
v 12.731006 9.863082 -16.369680
v 12.666501 9.863082 -16.369278
v 12.707031 9.863082 -16.410318
v 12.707436 9.863082 -16.345814
v 12.730899 9.863082 -16.386749
v 12.679979 9.863082 -16.396500
v 12.685461 9.863082 -16.400753
v 12.681320 9.863488 -16.399298
v 12.691799 9.863082 -16.403450
v 12.694370 9.863488 -16.405214
v 12.724137 9.863082 -16.384914
v 12.725079 9.863082 -16.378178
v 12.725901 9.863488 -16.382343
v 12.724221 9.863082 -16.371431
v 12.692118 9.863082 -16.352491
v 12.685746 9.863082 -16.355108
v 12.680213 9.863082 -16.359293
v 12.677415 9.863488 -16.360634
v 12.673178 9.863082 -16.384596
v 12.675796 9.863082 -16.390966
v 12.698535 9.863082 -16.404392
v 12.705282 9.863082 -16.403534
v 12.721604 9.863082 -16.365059
v 12.717419 9.863082 -16.359528
v 12.716079 9.863488 -16.356730
v 12.675960 9.863082 -16.364775
v 12.673263 9.863082 -16.371113
v 12.671499 9.863488 -16.373684
v 12.711654 9.863082 -16.400917
v 12.717186 9.863082 -16.396732
v 12.719984 9.863488 -16.395393
v 12.711939 9.863082 -16.355272
v 12.705601 9.863082 -16.352575
v 12.703030 9.863488 -16.350813
v 12.672321 9.863082 -16.377848
v 12.721441 9.863082 -16.391253
v 12.698865 9.863082 -16.351635
v 12.692043 9.797564 -16.402550
v 12.685930 9.797564 -16.399948
v 12.680108 9.863141 -16.396286
v 12.680481 9.797532 -16.395863
v 12.688705 9.797536 -16.401726
v 12.688639 9.863145 -16.402317
v 12.724806 9.863145 -16.381523
v 12.724214 9.797536 -16.381626
v 12.722638 9.797536 -16.368570
v 12.723101 9.863145 -16.368193
v 12.688878 9.863145 -16.353613
v 12.689252 9.797536 -16.354076
v 12.680849 9.797532 -16.359795
v 12.680426 9.863141 -16.359423
v 12.686205 9.797564 -16.355921
v 12.692350 9.797564 -16.353395
v 12.674299 9.863145 -16.387835
v 12.674761 9.797536 -16.387455
v 12.698476 9.863142 -16.404148
v 12.698437 9.797531 -16.403585
v 12.708144 9.797537 -16.401951
v 12.708521 9.863145 -16.402414
v 12.676607 9.797564 -16.390509
v 12.674083 9.797565 -16.384361
v 12.716918 9.797532 -16.360163
v 12.717291 9.863141 -16.359739
v 12.716756 9.797565 -16.360182
v 12.720793 9.797564 -16.365519
v 12.674164 9.797565 -16.371357
v 12.676765 9.797564 -16.365244
v 12.674986 9.797536 -16.368027
v 12.674397 9.863145 -16.367952
v 12.716551 9.797532 -16.396231
v 12.716974 9.863141 -16.396603
v 12.711195 9.797564 -16.400106
v 12.705049 9.797565 -16.402630
v 12.708687 9.797536 -16.354300
v 12.708759 9.863145 -16.353710
v 12.672565 9.863142 -16.377790
v 12.673128 9.797531 -16.377752
v 12.721219 9.863143 -16.391125
v 12.720716 9.797541 -16.390837
v 12.724201 9.797379 -16.378178
v 12.723236 9.797565 -16.384670
v 12.720634 9.797564 -16.390783
v 12.720768 9.797526 -16.390865
v 12.721243 9.863135 -16.391140
v 12.698925 9.863142 -16.351877
v 12.698956 9.797531 -16.352442
v 12.705357 9.797565 -16.353477
vt 0.000000 1.000000
vt 0.312791 0.816784
vt 0.346662 0.850929
vt 0.433145 0.784958
vt 0.394802 0.850919
vt 0.429130 0.817069
vt 0.312777 0.768647
vt 0.409126 0.742711
vt 0.379390 0.730512
vt 0.000000 1.000000
vt 0.000000 1.000000
vt 0.153279 0.802476
vt 0.154444 0.795867
vt 0.113198 0.831630
vt 0.121355 0.840035
vt 0.157654 0.806750
vt 0.151589 0.793049
vt 0.145251 0.790255
vt 0.104704 0.822442
vt 0.149204 0.778055
vt 0.139388 0.777160
vt 0.096092 0.812852
vt 0.132145 0.771387
vt 0.088284 0.804014
vt 0.127360 0.763590
vt 0.120674 0.762164
vt 0.081646 0.796471
vt 0.197903 0.834286
vt 0.193930 0.830614
vt 0.157300 0.873274
vt 0.164824 0.879941
vt 0.203929 0.835804
vt 0.187957 0.825825
vt 0.148486 0.865431
vt 0.184052 0.818872
vt 0.186461 0.809093
vt 0.138924 0.856782
vt 0.173309 0.814136
vt 0.168379 0.810084
vt 0.163353 0.809610
vt 0.129762 0.848253
vt 0.164741 0.794179
vt 0.141162 0.758838
vt 0.131812 0.752269
vt 0.171041 0.798352
vt 0.162599 0.777711
vt 0.164351 0.770393
vt 0.182473 0.800461
vt 0.173941 0.785097
vt 0.167828 0.783308
vt 0.169749 0.776266
vt 0.162196 0.760217
vt 0.157900 0.757586
vt 0.151290 0.756846
vt 0.144012 0.748785
vt 0.212792 0.817621
vt 0.208736 0.813823
vt 0.204867 0.810182
vt 0.200683 0.804573
vt 0.185119 0.792055
vt 0.180000 0.789155
vt 0.147738 0.737529
vt 0.218785 0.819495
vt 0.195402 0.790806
vt 0.185230 0.778875
vt 0.179278 0.774840
vt 0.187505 0.747436
vt 0.157393 0.743867
vt 0.179262 0.761713
vt 0.194609 0.775747
vt 0.191395 0.767751
vt 0.189782 0.761723
vt 0.186172 0.760187
vt 0.166324 0.742601
vt 0.159836 0.733763
vt 0.227836 0.801815
vt 0.224948 0.796861
vt 0.229693 0.807997
vt 0.218358 0.792048
vt 0.215502 0.784917
vt 0.211903 0.776151
vt 0.205999 0.776246
vt 0.202324 0.774585
vt 0.178470 0.741910
vt 0.200016 0.759149
vt 0.195355 0.745531
vt 0.172292 0.726254
vt 0.165237 0.720359
vt 0.242923 0.794778
vt 0.205019 0.764265
vt 0.200684 0.748549
vt 0.197055 0.731283
vt 0.180858 0.727860
vt 0.238257 0.787565
vt 0.233924 0.780682
vt 0.208772 0.750378
vt 0.187745 0.727865
vt 0.238755 0.769590
vt 0.236414 0.765281
vt 0.232482 0.762705
vt 0.230215 0.758898
vt 0.216654 0.763113
vt 0.215157 0.753221
vt 0.207005 0.738927
vt 0.197183 0.724421
vt 0.183296 0.709819
vt 0.251787 0.778456
vt 0.220451 0.739099
vt 0.212770 0.740246
vt 0.208503 0.728602
vt 0.188281 0.712260
vt 0.180556 0.704843
vt 0.257581 0.780391
vt 0.248939 0.771089
vt 0.231081 0.752548
vt 0.224721 0.750037
vt 0.218961 0.728302
vt 0.196415 0.713838
vt 0.228500 0.737439
vt 0.235945 0.740201
vt 0.413861 0.538877
vt 0.418620 0.543684
vt 0.409083 0.534052
vt 0.404279 0.529251
vt 0.399493 0.524478
vt 0.394739 0.519683
vt 0.389981 0.514870
vt 0.385242 0.510068
vt 0.380597 0.505201
vt 0.452133 0.577167
vt 0.456985 0.581826
vt 0.447345 0.572412
vt 0.442545 0.567638
vt 0.437767 0.562871
vt 0.433008 0.558069
vt 0.428222 0.553250
vt 0.423411 0.548456
vt 0.382441 0.709384
vt 0.338762 0.715165
vt 0.319148 0.725669
vt 0.303547 0.742179
vt 0.286834 0.782148
vt 0.455264 0.804851
vt 0.449557 0.761217
vt 0.439048 0.741602
vt 0.292545 0.825768
vt 0.303056 0.845369
vt 0.319588 0.860953
vt 0.359643 0.877641
vt 0.403339 0.871872
vt 0.422957 0.861347
vt 0.438545 0.844817
vt 0.422500 0.726034
vt 0.455364 0.782635
vt 0.292393 0.761362
vt 0.403274 0.714912
vt 0.338808 0.872092
vt 0.360194 0.709330
vt 0.449696 0.825636
vt 0.286735 0.804359
vt 0.381898 0.877711
vt 0.423932 0.752937
vt 0.432725 0.768143
vt 0.437301 0.784954
vt 0.379557 0.859617
vt 0.362336 0.859673
vt 0.345708 0.855208
vt 0.309239 0.768278
vt 0.318015 0.753225
vt 0.330450 0.740803
vt 0.396391 0.731797
vt 0.411482 0.740536
vt 0.437334 0.802134
vt 0.432850 0.818719
vt 0.330618 0.846455
vt 0.318169 0.834045
vt 0.345697 0.732020
vt 0.362542 0.727420
vt 0.424069 0.833768
vt 0.411631 0.846217
vt 0.309373 0.818839
vt 0.304792 0.802038
vt 0.379762 0.727350
vt 0.396397 0.855022
vt 0.304757 0.784861
vt 0.362375 0.855340
vt 0.378858 0.855316
vt 0.198724 0.550963
vt 0.258688 0.617067
vt 0.268881 0.607921
vt 0.209347 0.541359
vt 0.093972 0.650983
vt 0.156896 0.714004
vt 0.169577 0.701335
vt 0.107031 0.637828
vt 0.147310 0.598733
vt 0.208671 0.663485
vt 0.218667 0.654016
vt 0.157504 0.589091
vt 0.429055 0.768794
vt 0.420748 0.754404
vt 0.188336 0.560421
vt 0.248517 0.626375
vt 0.219616 0.532164
vt 0.278996 0.598910
vt 0.289063 0.589995
vt 0.230193 0.522873
vt 0.409304 0.842732
vt 0.420994 0.831112
vt 0.179384 0.691676
vt 0.117037 0.627967
vt 0.346788 0.734683
vt 0.332420 0.742960
vt 0.320729 0.754581
vt 0.228686 0.644688
vt 0.167930 0.579294
vt 0.306483 0.575128
vt 0.248218 0.507721
vt 0.320976 0.831288
vt 0.332596 0.842978
vt 0.362865 0.730377
vt 0.189207 0.682151
vt 0.127275 0.617974
vt 0.178001 0.569914
vt 0.238627 0.635491
vt 0.433355 0.801333
vt 0.084267 0.661235
vt 0.147527 0.723732
vt 0.308368 0.784360
vt 0.308392 0.800843
vt 0.137161 0.608412
vt 0.198956 0.672778
vt 0.395061 0.734550
vt 0.312793 0.816783
vt 0.346662 0.850928
vt 0.312784 0.768650
vt 0.428934 0.768907
vt 0.395061 0.734762
vt 0.394802 0.850919
vt 0.428949 0.817046
vt 0.346925 0.734777
vt 0.154358 0.804651
vt 0.154444 0.795867
vt 0.110136 0.828336
vt 0.121355 0.840035
vt 0.147605 0.794302
vt 0.149753 0.783507
vt 0.150332 0.777049
vt 0.098044 0.815039
vt 0.138195 0.778805
vt 0.135187 0.770856
vt 0.125834 0.768521
vt 0.088284 0.804014
vt 0.121818 0.761161
vt 0.195743 0.834209
vt 0.157300 0.873273
vt 0.203929 0.835804
vt 0.187958 0.825824
vt 0.148486 0.865431
vt 0.180313 0.819670
vt 0.138923 0.856782
vt 0.177753 0.812140
vt 0.173711 0.810254
vt 0.163678 0.812407
vt 0.129762 0.848253
vt 0.159118 0.808190
vt 0.167354 0.796848
vt 0.160993 0.795119
vt 0.159830 0.782908
vt 0.141162 0.758838
vt 0.137517 0.754687
vt 0.200812 0.822573
vt 0.172826 0.802229
vt 0.150184 0.764690
vt 0.136082 0.748373
vt 0.176460 0.787666
vt 0.169085 0.784627
vt 0.157819 0.764325
vt 0.153478 0.754831
vt 0.212791 0.817622
vt 0.205189 0.812130
vt 0.199454 0.804844
vt 0.201421 0.792836
vt 0.181691 0.792908
vt 0.170745 0.772687
vt 0.172213 0.762952
vt 0.218784 0.819496
vt 0.199144 0.788911
vt 0.190003 0.792497
vt 0.188302 0.773316
vt 0.178017 0.775887
vt 0.155526 0.741888
vt 0.194816 0.782127
vt 0.187802 0.781480
vt 0.185096 0.761253
vt 0.182495 0.758512
vt 0.187131 0.746886
vt 0.173194 0.747700
vt 0.150891 0.734558
vt 0.219310 0.800131
vt 0.215628 0.791591
vt 0.186697 0.767291
vt 0.172569 0.736338
vt 0.226811 0.802847
vt 0.229693 0.807997
vt 0.219782 0.780721
vt 0.205570 0.777545
vt 0.196403 0.772855
vt 0.227507 0.786875
vt 0.205663 0.755999
vt 0.195308 0.758714
vt 0.172982 0.728425
vt 0.179211 0.736798
vt 0.169074 0.724520
vt 0.165237 0.720359
vt 0.242923 0.794778
vt 0.211001 0.765999
vt 0.205018 0.764266
vt 0.202659 0.743448
vt 0.199956 0.740727
vt 0.241292 0.788496
vt 0.237506 0.784515
vt 0.233003 0.774689
vt 0.231393 0.763716
vt 0.220551 0.762089
vt 0.203976 0.749985
vt 0.196209 0.725487
vt 0.215158 0.753220
vt 0.208816 0.727404
vt 0.200930 0.727050
vt 0.194786 0.719958
vt 0.190934 0.716915
vt 0.244782 0.770748
vt 0.233003 0.754461
vt 0.222321 0.741360
vt 0.213182 0.740536
vt 0.188281 0.712261
vt 0.184212 0.708860
vt 0.180556 0.704843
vt 0.257581 0.780391
vt 0.240349 0.762422
vt 0.224722 0.750037
vt 0.218962 0.728301
vt 0.253363 0.773188
vt 0.235946 0.740200
vt 0.413861 0.538877
vt 0.226708 0.731307
vt 0.418620 0.543684
vt 0.409083 0.534052
vt 0.404279 0.529251
vt 0.399493 0.524478
vt 0.394740 0.519684
vt 0.389981 0.514870
vt 0.385242 0.510068
vt 0.380597 0.505201
vt 0.452132 0.577166
vt 0.456985 0.581826
vt 0.447345 0.572412
vt 0.442545 0.567638
vt 0.437767 0.562871
vt 0.433008 0.558069
vt 0.428222 0.553251
vt 0.423411 0.548456
vt 0.381801 0.709263
vt 0.338762 0.715163
vt 0.319148 0.725670
vt 0.286829 0.782148
vt 0.303056 0.845372
vt 0.319589 0.860953
vt 0.359642 0.877641
vt 0.403339 0.871874
vt 0.423114 0.860877
vt 0.450027 0.826085
vt 0.455392 0.804514
vt 0.449399 0.761323
vt 0.422500 0.726035
vt 0.438367 0.741832
vt 0.423932 0.752936
vt 0.369585 0.724710
vt 0.424069 0.833768
vt 0.198725 0.550964
vt 0.258688 0.617067
vt 0.268880 0.607922
vt 0.209347 0.541358
vt 0.093973 0.650983
vt 0.156899 0.714001
vt 0.169580 0.701332
vt 0.107031 0.637828
vt 0.147310 0.598732
vt 0.208671 0.663485
vt 0.218667 0.654016
vt 0.157504 0.589091
vt 0.409127 0.742714
vt 0.188336 0.560421
vt 0.248521 0.626372
vt 0.219616 0.532164
vt 0.278996 0.598910
vt 0.289066 0.589993
vt 0.230193 0.522874
vt 0.179384 0.691676
vt 0.117037 0.627967
vt 0.433331 0.784850
vt 0.228684 0.644690
vt 0.167930 0.579295
vt 0.306483 0.575128
vt 0.248218 0.507721
vt 0.379348 0.730353
vt 0.189204 0.682153
vt 0.127275 0.617975
vt 0.178001 0.569914
vt 0.238627 0.635491
vt 0.084267 0.661235
vt 0.137161 0.608412
vt 0.198957 0.672778
vt 0.346800 0.734652
vt 0.308361 0.784370
vt 0.394942 0.851042
vt 0.332601 0.842989
vt 0.433361 0.801325
vt 0.409124 0.742707
vt 0.156944 0.798977
vt 0.153234 0.796986
vt 0.110136 0.828336
vt 0.156376 0.808105
vt 0.146656 0.794721
vt 0.147422 0.785541
vt 0.153607 0.774080
vt 0.098044 0.815039
vt 0.138772 0.777618
vt 0.134079 0.771782
vt 0.126335 0.767905
vt 0.088284 0.804014
vt 0.120672 0.762166
vt 0.197903 0.834285
vt 0.193931 0.830613
vt 0.157300 0.873274
vt 0.200162 0.840021
vt 0.187957 0.825825
vt 0.146305 0.863471
vt 0.185029 0.817737
vt 0.185497 0.810152
vt 0.171619 0.813776
vt 0.133047 0.851328
vt 0.168380 0.810083
vt 0.164484 0.808384
vt 0.165003 0.799230
vt 0.162524 0.785183
vt 0.160271 0.779864
vt 0.141162 0.758838
vt 0.131796 0.752283
vt 0.186406 0.802351
vt 0.139695 0.752725
vt 0.212852 0.825930
vt 0.175732 0.793597
vt 0.171688 0.787328
vt 0.166717 0.768230
vt 0.156216 0.762453
vt 0.151291 0.756846
vt 0.212792 0.817621
vt 0.208736 0.813822
vt 0.204868 0.810181
vt 0.201197 0.806680
vt 0.187836 0.794781
vt 0.185119 0.792055
vt 0.173303 0.775419
vt 0.142499 0.742480
vt 0.211350 0.789196
vt 0.184527 0.784633
vt 0.180575 0.778520
vt 0.177095 0.763840
vt 0.158442 0.742849
vt 0.187623 0.763872
vt 0.185096 0.761253
vt 0.156712 0.736801
vt 0.153984 0.731556
vt 0.227693 0.810083
vt 0.206080 0.784819
vt 0.193156 0.775950
vt 0.189240 0.769897
vt 0.187269 0.748009
vt 0.191908 0.736690
vt 0.173507 0.745903
vt 0.167371 0.741560
vt 0.228863 0.800787
vt 0.224950 0.796860
vt 0.221231 0.793097
vt 0.217716 0.789488
vt 0.204931 0.777318
vt 0.202323 0.774585
vt 0.201749 0.767356
vt 0.197856 0.761308
vt 0.193214 0.747729
vt 0.175025 0.726334
vt 0.244006 0.793714
vt 0.199253 0.749621
vt 0.181790 0.730821
vt 0.173187 0.720327
vt 0.169352 0.716200
vt 0.230316 0.764714
vt 0.226977 0.761890
vt 0.210469 0.758718
vt 0.206559 0.752599
vt 0.195293 0.726503
vt 0.239269 0.786538
vt 0.232108 0.778921
vt 0.216654 0.763112
vt 0.208333 0.740238
vt 0.190934 0.716914
vt 0.237476 0.764325
vt 0.219876 0.749488
vt 0.215867 0.743226
vt 0.211379 0.729838
vt 0.206015 0.727906
vt 0.195711 0.718917
vt 0.187858 0.708927
vt 0.252749 0.777544
vt 0.249391 0.773443
vt 0.244288 0.767827
vt 0.231085 0.752544
vt 0.228165 0.749826
vt 0.221546 0.730940
vt 0.182845 0.702523
vt 0.258848 0.779153
vt 0.230915 0.742053
vt 0.229019 0.735339
vt 0.413861 0.538877
vt 0.418619 0.543684
vt 0.409083 0.534052
vt 0.404279 0.529251
vt 0.399493 0.524478
vt 0.394740 0.519684
vt 0.389981 0.514870
vt 0.385242 0.510068
vt 0.380597 0.505201
vt 0.452132 0.577166
vt 0.456985 0.581826
vt 0.447345 0.572412
vt 0.442546 0.567639
vt 0.437767 0.562871
vt 0.433008 0.558069
vt 0.428222 0.553250
vt 0.423411 0.548457
vt 0.382442 0.709383
vt 0.338762 0.715165
vt 0.319144 0.725669
vt 0.303546 0.742179
vt 0.286830 0.782149
vt 0.455263 0.804850
vt 0.449557 0.761217
vt 0.439048 0.741602
vt 0.292546 0.825767
vt 0.303055 0.845372
vt 0.319590 0.860952
vt 0.359642 0.877640
vt 0.403339 0.871874
vt 0.422959 0.861346
vt 0.438546 0.844818
vt 0.422500 0.726035
vt 0.346672 0.851141
vt 0.198724 0.550963
vt 0.268881 0.607921
vt 0.209347 0.541358
vt 0.093971 0.650985
vt 0.156899 0.714001
vt 0.169582 0.701331
vt 0.107031 0.637828
vt 0.332417 0.742969
vt 0.312565 0.768647
vt 0.147309 0.598734
vt 0.208669 0.663487
vt 0.218667 0.654016
vt 0.157504 0.589091
vt 0.433322 0.784840
vt 0.188337 0.560420
vt 0.248520 0.626373
vt 0.219617 0.532164
vt 0.278996 0.598910
vt 0.289068 0.589990
vt 0.230191 0.522875
vt 0.179384 0.691676
vt 0.117037 0.627967
vt 0.228685 0.644689
vt 0.167928 0.579296
vt 0.306482 0.575128
vt 0.248218 0.507721
vt 0.308400 0.800851
vt 0.312668 0.816899
vt 0.395050 0.734552
vt 0.189202 0.682155
vt 0.127273 0.617976
vt 0.238627 0.635491
vt 0.409306 0.842725
vt 0.429159 0.817046
vt 0.084267 0.661235
vt 0.147527 0.723732
vt 0.137162 0.608413
vt 0.198957 0.672778
vt 0.000000 1.000000
vt 0.312791 0.816784
vt 0.346662 0.850929
vt 0.433145 0.784958
vt 0.394802 0.850919
vt 0.429130 0.817069
vt 0.312777 0.768647
vt 0.409126 0.742711
vt 0.379390 0.730512
vt 0.000000 1.000000
vt 0.000000 1.000000
vt 0.153279 0.802476
vt 0.154444 0.795867
vt 0.113198 0.831630
vt 0.121355 0.840035
vt 0.157654 0.806750
vt 0.151589 0.793049
vt 0.145251 0.790255
vt 0.104704 0.822442
vt 0.149204 0.778055
vt 0.139388 0.777160
vt 0.096092 0.812852
vt 0.132145 0.771387
vt 0.088284 0.804014
vt 0.127360 0.763590
vt 0.120674 0.762164
vt 0.081646 0.796471
vt 0.197903 0.834286
vt 0.193930 0.830614
vt 0.157300 0.873274
vt 0.164824 0.879941
vt 0.203929 0.835804
vt 0.187957 0.825825
vt 0.148486 0.865431
vt 0.184052 0.818872
vt 0.186461 0.809093
vt 0.138924 0.856782
vt 0.173309 0.814136
vt 0.168379 0.810084
vt 0.163353 0.809610
vt 0.129762 0.848253
vt 0.164741 0.794179
vt 0.141162 0.758838
vt 0.131812 0.752269
vt 0.171041 0.798352
vt 0.162599 0.777711
vt 0.164351 0.770393
vt 0.182473 0.800461
vt 0.173941 0.785097
vt 0.167828 0.783308
vt 0.169749 0.776266
vt 0.162196 0.760217
vt 0.157900 0.757586
vt 0.151290 0.756846
vt 0.144012 0.748785
vt 0.212792 0.817621
vt 0.208736 0.813823
vt 0.204867 0.810182
vt 0.200683 0.804573
vt 0.185119 0.792055
vt 0.180000 0.789155
vt 0.147738 0.737529
vt 0.218785 0.819495
vt 0.195402 0.790806
vt 0.185230 0.778875
vt 0.179278 0.774840
vt 0.187505 0.747436
vt 0.157393 0.743867
vt 0.179262 0.761713
vt 0.194609 0.775747
vt 0.191395 0.767751
vt 0.189782 0.761723
vt 0.186172 0.760187
vt 0.166324 0.742601
vt 0.159836 0.733763
vt 0.227836 0.801815
vt 0.224948 0.796861
vt 0.229693 0.807997
vt 0.218358 0.792048
vt 0.215502 0.784917
vt 0.211903 0.776151
vt 0.205999 0.776246
vt 0.202324 0.774585
vt 0.178470 0.741910
vt 0.200016 0.759149
vt 0.195355 0.745531
vt 0.172292 0.726254
vt 0.165237 0.720359
vt 0.242923 0.794778
vt 0.205019 0.764265
vt 0.200684 0.748549
vt 0.197055 0.731283
vt 0.180858 0.727860
vt 0.238257 0.787565
vt 0.233924 0.780682
vt 0.208772 0.750378
vt 0.187745 0.727865
vt 0.238755 0.769590
vt 0.236414 0.765281
vt 0.232482 0.762705
vt 0.230215 0.758898
vt 0.216654 0.763113
vt 0.215157 0.753221
vt 0.207005 0.738927
vt 0.197183 0.724421
vt 0.183296 0.709819
vt 0.251787 0.778456
vt 0.220451 0.739099
vt 0.212770 0.740246
vt 0.208503 0.728602
vt 0.188281 0.712260
vt 0.180556 0.704843
vt 0.257581 0.780391
vt 0.248939 0.771089
vt 0.231081 0.752548
vt 0.224721 0.750037
vt 0.218961 0.728302
vt 0.196415 0.713838
vt 0.228500 0.737439
vt 0.235945 0.740201
vt 0.413861 0.538877
vt 0.418620 0.543684
vt 0.409083 0.534052
vt 0.404279 0.529251
vt 0.399493 0.524478
vt 0.394739 0.519683
vt 0.389981 0.514870
vt 0.385242 0.510068
vt 0.380597 0.505201
vt 0.452133 0.577167
vt 0.456985 0.581826
vt 0.447345 0.572412
vt 0.442545 0.567638
vt 0.437767 0.562871
vt 0.433008 0.558069
vt 0.428222 0.553250
vt 0.423411 0.548456
vt 0.382441 0.709384
vt 0.338762 0.715165
vt 0.319148 0.725669
vt 0.303547 0.742179
vt 0.286834 0.782148
vt 0.455264 0.804851
vt 0.449557 0.761217
vt 0.439048 0.741602
vt 0.292545 0.825768
vt 0.303056 0.845369
vt 0.319588 0.860953
vt 0.359643 0.877641
vt 0.403339 0.871872
vt 0.422957 0.861347
vt 0.438545 0.844817
vt 0.422500 0.726034
vt 0.455364 0.782635
vt 0.292393 0.761362
vt 0.403274 0.714912
vt 0.338808 0.872092
vt 0.360194 0.709330
vt 0.449696 0.825636
vt 0.286735 0.804359
vt 0.381898 0.877711
vt 0.423932 0.752937
vt 0.432725 0.768143
vt 0.437301 0.784954
vt 0.379557 0.859617
vt 0.362336 0.859673
vt 0.345708 0.855208
vt 0.309239 0.768278
vt 0.318015 0.753225
vt 0.330450 0.740803
vt 0.396391 0.731797
vt 0.411482 0.740536
vt 0.437334 0.802134
vt 0.432850 0.818719
vt 0.330618 0.846455
vt 0.318169 0.834045
vt 0.345697 0.732020
vt 0.362542 0.727420
vt 0.424069 0.833768
vt 0.411631 0.846217
vt 0.309373 0.818839
vt 0.304792 0.802038
vt 0.379762 0.727350
vt 0.396397 0.855022
vt 0.304757 0.784861
vt 0.362375 0.855340
vt 0.378858 0.855316
vt 0.198724 0.550963
vt 0.258688 0.617067
vt 0.268881 0.607921
vt 0.209347 0.541359
vt 0.093972 0.650983
vt 0.156896 0.714004
vt 0.169577 0.701335
vt 0.107031 0.637828
vt 0.147310 0.598733
vt 0.208671 0.663485
vt 0.218667 0.654016
vt 0.157504 0.589091
vt 0.429055 0.768794
vt 0.420748 0.754404
vt 0.188336 0.560421
vt 0.248517 0.626375
vt 0.219616 0.532164
vt 0.278996 0.598910
vt 0.289063 0.589995
vt 0.230193 0.522873
vt 0.409304 0.842732
vt 0.420994 0.831112
vt 0.179384 0.691676
vt 0.117037 0.627967
vt 0.346788 0.734683
vt 0.332420 0.742960
vt 0.320729 0.754581
vt 0.228686 0.644688
vt 0.167930 0.579294
vt 0.306483 0.575128
vt 0.248218 0.507721
vt 0.320976 0.831288
vt 0.332596 0.842978
vt 0.362865 0.730377
vt 0.189207 0.682151
vt 0.127275 0.617974
vt 0.178001 0.569914
vt 0.238627 0.635491
vt 0.433355 0.801333
vt 0.084267 0.661235
vt 0.147527 0.723732
vt 0.308368 0.784360
vt 0.308392 0.800843
vt 0.137161 0.608412
vt 0.198956 0.672778
vt 0.395061 0.734550
vt 0.312793 0.816783
vt 0.346662 0.850928
vt 0.312784 0.768650
vt 0.428934 0.768907
vt 0.395061 0.734762
vt 0.394802 0.850919
vt 0.428949 0.817046
vt 0.346925 0.734777
vt 0.154358 0.804651
vt 0.154444 0.795867
vt 0.110136 0.828336
vt 0.121355 0.840035
vt 0.147605 0.794302
vt 0.149753 0.783507
vt 0.150332 0.777049
vt 0.098044 0.815039
vt 0.138195 0.778805
vt 0.135187 0.770856
vt 0.125834 0.768521
vt 0.088284 0.804014
vt 0.121818 0.761161
vt 0.195743 0.834209
vt 0.157300 0.873273
vt 0.203929 0.835804
vt 0.187958 0.825824
vt 0.148486 0.865431
vt 0.180313 0.819670
vt 0.138923 0.856782
vt 0.177753 0.812140
vt 0.173711 0.810254
vt 0.163678 0.812407
vt 0.129762 0.848253
vt 0.159118 0.808190
vt 0.167354 0.796848
vt 0.160993 0.795119
vt 0.159830 0.782908
vt 0.141162 0.758838
vt 0.137517 0.754687
vt 0.200812 0.822573
vt 0.172826 0.802229
vt 0.150184 0.764690
vt 0.136082 0.748373
vt 0.176460 0.787666
vt 0.169085 0.784627
vt 0.157819 0.764325
vt 0.153478 0.754831
vt 0.212791 0.817622
vt 0.205189 0.812130
vt 0.199454 0.804844
vt 0.201421 0.792836
vt 0.181691 0.792908
vt 0.170745 0.772687
vt 0.172213 0.762952
vt 0.218784 0.819496
vt 0.199144 0.788911
vt 0.190003 0.792497
vt 0.188302 0.773316
vt 0.178017 0.775887
vt 0.155526 0.741888
vt 0.194816 0.782127
vt 0.187802 0.781480
vt 0.185096 0.761253
vt 0.182495 0.758512
vt 0.187131 0.746886
vt 0.173194 0.747700
vt 0.150891 0.734558
vt 0.219310 0.800131
vt 0.215628 0.791591
vt 0.186697 0.767291
vt 0.172569 0.736338
vt 0.226811 0.802847
vt 0.229693 0.807997
vt 0.219782 0.780721
vt 0.205570 0.777545
vt 0.196403 0.772855
vt 0.227507 0.786875
vt 0.205663 0.755999
vt 0.195308 0.758714
vt 0.172982 0.728425
vt 0.179211 0.736798
vt 0.169074 0.724520
vt 0.165237 0.720359
vt 0.242923 0.794778
vt 0.211001 0.765999
vt 0.205018 0.764266
vt 0.202659 0.743448
vt 0.199956 0.740727
vt 0.241292 0.788496
vt 0.237506 0.784515
vt 0.233003 0.774689
vt 0.231393 0.763716
vt 0.220551 0.762089
vt 0.203976 0.749985
vt 0.196209 0.725487
vt 0.215158 0.753220
vt 0.208816 0.727404
vt 0.200930 0.727050
vt 0.194786 0.719958
vt 0.190934 0.716915
vt 0.244782 0.770748
vt 0.233003 0.754461
vt 0.222321 0.741360
vt 0.213182 0.740536
vt 0.188281 0.712261
vt 0.184212 0.708860
vt 0.180556 0.704843
vt 0.257581 0.780391
vt 0.240349 0.762422
vt 0.224722 0.750037
vt 0.218962 0.728301
vt 0.253363 0.773188
vt 0.235946 0.740200
vt 0.413861 0.538877
vt 0.226708 0.731307
vt 0.418620 0.543684
vt 0.409083 0.534052
vt 0.404279 0.529251
vt 0.399493 0.524478
vt 0.394740 0.519684
vt 0.389981 0.514870
vt 0.385242 0.510068
vt 0.380597 0.505201
vt 0.452132 0.577166
vt 0.456985 0.581826
vt 0.447345 0.572412
vt 0.442545 0.567638
vt 0.437767 0.562871
vt 0.433008 0.558069
vt 0.428222 0.553251
vt 0.423411 0.548456
vt 0.381801 0.709263
vt 0.338762 0.715163
vt 0.319148 0.725670
vt 0.286829 0.782148
vt 0.303056 0.845372
vt 0.319589 0.860953
vt 0.359642 0.877641
vt 0.403339 0.871874
vt 0.423114 0.860877
vt 0.450027 0.826085
vt 0.455392 0.804514
vt 0.449399 0.761323
vt 0.422500 0.726035
vt 0.438367 0.741832
vt 0.423932 0.752936
vt 0.369585 0.724710
vt 0.424069 0.833768
vt 0.198725 0.550964
vt 0.258688 0.617067
vt 0.268880 0.607922
vt 0.209347 0.541358
vt 0.093973 0.650983
vt 0.156899 0.714001
vt 0.169580 0.701332
vt 0.107031 0.637828
vt 0.147310 0.598732
vt 0.208671 0.663485
vt 0.218667 0.654016
vt 0.157504 0.589091
vt 0.409127 0.742714
vt 0.188336 0.560421
vt 0.248521 0.626372
vt 0.219616 0.532164
vt 0.278996 0.598910
vt 0.289066 0.589993
vt 0.230193 0.522874
vt 0.179384 0.691676
vt 0.117037 0.627967
vt 0.433331 0.784850
vt 0.228684 0.644690
vt 0.167930 0.579295
vt 0.306483 0.575128
vt 0.248218 0.507721
vt 0.379348 0.730353
vt 0.189204 0.682153
vt 0.127275 0.617975
vt 0.178001 0.569914
vt 0.238627 0.635491
vt 0.084267 0.661235
vt 0.137161 0.608412
vt 0.198957 0.672778
vt 0.346800 0.734652
vt 0.308361 0.784370
vt 0.394942 0.851042
vt 0.332601 0.842989
vt 0.433361 0.801325
vt 0.409124 0.742707
vt 0.156944 0.798977
vt 0.153234 0.796986
vt 0.110136 0.828336
vt 0.156376 0.808105
vt 0.146656 0.794721
vt 0.147422 0.785541
vt 0.153607 0.774080
vt 0.098044 0.815039
vt 0.138772 0.777618
vt 0.134079 0.771782
vt 0.126335 0.767905
vt 0.088284 0.804014
vt 0.120672 0.762166
vt 0.197903 0.834285
vt 0.193931 0.830613
vt 0.157300 0.873274
vt 0.200162 0.840021
vt 0.187957 0.825825
vt 0.146305 0.863471
vt 0.185029 0.817737
vt 0.185497 0.810152
vt 0.171619 0.813776
vt 0.133047 0.851328
vt 0.168380 0.810083
vt 0.164484 0.808384
vt 0.165003 0.799230
vt 0.162524 0.785183
vt 0.160271 0.779864
vt 0.141162 0.758838
vt 0.131796 0.752283
vt 0.186406 0.802351
vt 0.139695 0.752725
vt 0.212852 0.825930
vt 0.175732 0.793597
vt 0.171688 0.787328
vt 0.166717 0.768230
vt 0.156216 0.762453
vt 0.151291 0.756846
vt 0.212792 0.817621
vt 0.208736 0.813822
vt 0.204868 0.810181
vt 0.201197 0.806680
vt 0.187836 0.794781
vt 0.185119 0.792055
vt 0.173303 0.775419
vt 0.142499 0.742480
vt 0.211350 0.789196
vt 0.184527 0.784633
vt 0.180575 0.778520
vt 0.177095 0.763840
vt 0.158442 0.742849
vt 0.187623 0.763872
vt 0.185096 0.761253
vt 0.156712 0.736801
vt 0.153984 0.731556
vt 0.227693 0.810083
vt 0.206080 0.784819
vt 0.193156 0.775950
vt 0.189240 0.769897
vt 0.187269 0.748009
vt 0.191908 0.736690
vt 0.173507 0.745903
vt 0.167371 0.741560
vt 0.228863 0.800787
vt 0.224950 0.796860
vt 0.221231 0.793097
vt 0.217716 0.789488
vt 0.204931 0.777318
vt 0.202323 0.774585
vt 0.201749 0.767356
vt 0.197856 0.761308
vt 0.193214 0.747729
vt 0.175025 0.726334
vt 0.244006 0.793714
vt 0.199253 0.749621
vt 0.181790 0.730821
vt 0.173187 0.720327
vt 0.169352 0.716200
vt 0.230316 0.764714
vt 0.226977 0.761890
vt 0.210469 0.758718
vt 0.206559 0.752599
vt 0.195293 0.726503
vt 0.239269 0.786538
vt 0.232108 0.778921
vt 0.216654 0.763112
vt 0.208333 0.740238
vt 0.190934 0.716914
vt 0.237476 0.764325
vt 0.219876 0.749488
vt 0.215867 0.743226
vt 0.211379 0.729838
vt 0.206015 0.727906
vt 0.195711 0.718917
vt 0.187858 0.708927
vt 0.252749 0.777544
vt 0.249391 0.773443
vt 0.244288 0.767827
vt 0.231085 0.752544
vt 0.228165 0.749826
vt 0.221546 0.730940
vt 0.182845 0.702523
vt 0.258848 0.779153
vt 0.230915 0.742053
vt 0.229019 0.735339
vt 0.413861 0.538877
vt 0.418619 0.543684
vt 0.409083 0.534052
vt 0.404279 0.529251
vt 0.399493 0.524478
vt 0.394740 0.519684
vt 0.389981 0.514870
vt 0.385242 0.510068
vt 0.380597 0.505201
vt 0.452132 0.577166
vt 0.456985 0.581826
vt 0.447345 0.572412
vt 0.442546 0.567639
vt 0.437767 0.562871
vt 0.433008 0.558069
vt 0.428222 0.553250
vt 0.423411 0.548457
vt 0.382442 0.709383
vt 0.338762 0.715165
vt 0.319144 0.725669
vt 0.303546 0.742179
vt 0.286830 0.782149
vt 0.455263 0.804850
vt 0.449557 0.761217
vt 0.439048 0.741602
vt 0.292546 0.825767
vt 0.303055 0.845372
vt 0.319590 0.860952
vt 0.359642 0.877640
vt 0.403339 0.871874
vt 0.422959 0.861346
vt 0.438546 0.844818
vt 0.422500 0.726035
vt 0.346672 0.851141
vt 0.198724 0.550963
vt 0.268881 0.607921
vt 0.209347 0.541358
vt 0.093971 0.650985
vt 0.156899 0.714001
vt 0.169582 0.701331
vt 0.107031 0.637828
vt 0.332417 0.742969
vt 0.312565 0.768647
vt 0.147309 0.598734
vt 0.208669 0.663487
vt 0.218667 0.654016
vt 0.157504 0.589091
vt 0.433322 0.784840
vt 0.188337 0.560420
vt 0.248520 0.626373
vt 0.219617 0.532164
vt 0.278996 0.598910
vt 0.289068 0.589990
vt 0.230191 0.522875
vt 0.179384 0.691676
vt 0.117037 0.627967
vt 0.228685 0.644689
vt 0.167928 0.579296
vt 0.306482 0.575128
vt 0.248218 0.507721
vt 0.308400 0.800851
vt 0.312668 0.816899
vt 0.395050 0.734552
vt 0.189202 0.682155
vt 0.127273 0.617976
vt 0.238627 0.635491
vt 0.409306 0.842725
vt 0.429159 0.817046
vt 0.084267 0.661235
vt 0.147527 0.723732
vt 0.137162 0.608413
vt 0.198957 0.672778
vt 0.000000 1.000000
vt 0.000000 1.000000
vt 0.346800 0.734652
vt 0.308361 0.784369
vt 0.394937 0.851042
vt 0.332598 0.842983
vt 0.433363 0.801322
vt 0.409122 0.742703
vt 0.000000 1.000000
vt 0.151922 0.803760
vt 0.154445 0.795866
vt 0.113199 0.831631
vt 0.121355 0.840035
vt 0.156207 0.805327
vt 0.147837 0.796358
vt 0.149142 0.789740
vt 0.106661 0.824598
vt 0.148582 0.784537
vt 0.143452 0.783015
vt 0.098044 0.815039
vt 0.137753 0.781558
vt 0.137371 0.775591
vt 0.134078 0.771783
vt 0.130987 0.767594
vt 0.088284 0.804014
vt 0.125171 0.765471
vt 0.120674 0.762164
vt 0.081646 0.796471
vt 0.197903 0.834285
vt 0.191062 0.834045
vt 0.157300 0.873273
vt 0.164824 0.879941
vt 0.198034 0.842436
vt 0.186902 0.830988
vt 0.186980 0.822959
vt 0.146305 0.863471
vt 0.180162 0.823559
vt 0.180462 0.815827
vt 0.174700 0.815651
vt 0.169503 0.815068
vt 0.136773 0.854817
vt 0.165064 0.813826
vt 0.164484 0.808384
vt 0.129762 0.848253
vt 0.157836 0.809536
vt 0.166041 0.795520
vt 0.160993 0.795119
vt 0.158205 0.787168
vt 0.132862 0.751311
vt 0.200810 0.822575
vt 0.207936 0.831322
vt 0.196863 0.819046
vt 0.176403 0.801214
vt 0.166382 0.800617
vt 0.153305 0.768432
vt 0.139695 0.752725
vt 0.195677 0.805543
vt 0.183535 0.799338
vt 0.175941 0.796166
vt 0.175197 0.786385
vt 0.170383 0.785987
vt 0.167829 0.783307
vt 0.167558 0.778396
vt 0.167157 0.773425
vt 0.167724 0.761216
vt 0.154656 0.760638
vt 0.151291 0.756846
vt 0.147741 0.752898
vt 0.212792 0.817622
vt 0.203239 0.804481
vt 0.190684 0.797712
vt 0.175540 0.791247
vt 0.170014 0.765072
vt 0.220748 0.817392
vt 0.208801 0.809777
vt 0.202478 0.791679
vt 0.187332 0.789741
vt 0.184728 0.787128
vt 0.183990 0.777616
vt 0.179296 0.777212
vt 0.176777 0.774604
vt 0.179688 0.766603
vt 0.146713 0.738530
vt 0.184342 0.782352
vt 0.170909 0.751889
vt 0.156712 0.736800
vt 0.221864 0.799979
vt 0.218118 0.796235
vt 0.199586 0.782685
vt 0.200174 0.776735
vt 0.193352 0.778415
vt 0.192353 0.772117
vt 0.187968 0.768601
vt 0.185462 0.766026
vt 0.184645 0.756375
vt 0.170851 0.745207
vt 0.167372 0.741560
vt 0.163695 0.737751
vt 0.231697 0.805951
vt 0.228863 0.800787
vt 0.218752 0.788440
vt 0.214428 0.785974
vt 0.205517 0.782395
vt 0.186184 0.749164
vt 0.158082 0.727545
vt 0.201932 0.769827
vt 0.196585 0.760016
vt 0.194068 0.757455
vt 0.199086 0.762559
vt 0.191522 0.754851
vt 0.215790 0.766635
vt 0.201583 0.765107
vt 0.197013 0.731315
vt 0.187788 0.734809
vt 0.185460 0.730305
vt 0.178767 0.730070
vt 0.179370 0.721824
vt 0.173187 0.720327
vt 0.167218 0.718364
vt 0.237507 0.784514
vt 0.243956 0.793758
vt 0.233925 0.780682
vt 0.230319 0.764712
vt 0.220725 0.767494
vt 0.213149 0.763873
vt 0.210627 0.761222
vt 0.205273 0.751293
vt 0.202718 0.748717
vt 0.207804 0.753865
vt 0.198791 0.744767
vt 0.203083 0.731159
vt 0.241204 0.788563
vt 0.230406 0.777071
vt 0.235393 0.766197
vt 0.210324 0.756445
vt 0.190934 0.716914
vt 0.175757 0.709703
vt 0.222548 0.754877
vt 0.220009 0.752131
vt 0.214532 0.741878
vt 0.211869 0.739239
vt 0.217160 0.744531
vt 0.211993 0.733404
vt 0.209338 0.730410
vt 0.257585 0.780387
vt 0.252748 0.777544
vt 0.242855 0.765915
vt 0.232320 0.751455
vt 0.219763 0.747208
vt 0.201229 0.719765
vt 0.197914 0.716358
vt 0.192171 0.707950
vt 0.186395 0.706553
vt 0.184628 0.700723
vt 0.251833 0.771238
vt 0.248282 0.767664
vt 0.236147 0.753671
vt 0.233102 0.745439
vt 0.230916 0.742052
vt 0.229018 0.735339
vt 0.223250 0.729640
vt 0.415441 0.540467
vt 0.418620 0.543684
vt 0.412250 0.537256
vt 0.409083 0.534052
vt 0.405898 0.530865
vt 0.402693 0.527670
vt 0.399493 0.524478
vt 0.396311 0.521272
vt 0.393136 0.518064
vt 0.389981 0.514870
vt 0.386827 0.511688
vt 0.383688 0.508480
vt 0.380597 0.505201
vt 0.453715 0.578725
vt 0.456985 0.581826
vt 0.450517 0.575576
vt 0.447345 0.572412
vt 0.444161 0.569247
vt 0.440962 0.566062
vt 0.437767 0.562871
vt 0.434584 0.559660
vt 0.431399 0.556446
vt 0.428222 0.553250
vt 0.425028 0.550073
vt 0.421827 0.546873
vt 0.382190 0.709683
vt 0.338762 0.715164
vt 0.319480 0.725864
vt 0.303546 0.742179
vt 0.287130 0.782400
vt 0.454967 0.804598
vt 0.449557 0.761217
vt 0.438848 0.741948
vt 0.292545 0.825768
vt 0.303251 0.845032
vt 0.319589 0.860953
vt 0.359893 0.877341
vt 0.403340 0.871875
vt 0.422620 0.861150
vt 0.438546 0.844818
vt 0.422499 0.726036
vt 0.455364 0.782635
vt 0.292393 0.761362
vt 0.403274 0.714912
vt 0.338808 0.872092
vt 0.360194 0.709330
vt 0.449696 0.825636
vt 0.286735 0.804359
vt 0.381898 0.877711
vt 0.423932 0.752937
vt 0.432725 0.768143
vt 0.429773 0.757677
vt 0.437301 0.784954
vt 0.439990 0.791994
vt 0.379557 0.859617
vt 0.362336 0.859673
vt 0.372507 0.862321
vt 0.345708 0.855208
vt 0.309239 0.768278
vt 0.318015 0.753225
vt 0.330450 0.740803
vt 0.335199 0.734966
vt 0.396391 0.731797
vt 0.411482 0.740536
vt 0.437334 0.802134
vt 0.432850 0.818719
vt 0.330618 0.846455
vt 0.318169 0.834045
vt 0.312331 0.829313
vt 0.345697 0.732020
vt 0.362542 0.727420
vt 0.369586 0.724710
vt 0.424069 0.833768
vt 0.411631 0.846217
vt 0.406890 0.852061
vt 0.309373 0.818839
vt 0.304792 0.802038
vt 0.302103 0.795002
vt 0.379762 0.727350
vt 0.396397 0.855022
vt 0.304757 0.784861
vt 0.346672 0.851141
vt 0.362375 0.855340
vt 0.378858 0.855316
vt 0.198724 0.550963
vt 0.258688 0.617067
vt 0.268880 0.607922
vt 0.209347 0.541359
vt 0.093971 0.650986
vt 0.156899 0.714000
vt 0.169581 0.701331
vt 0.107031 0.637828
vt 0.332416 0.742972
vt 0.320729 0.754581
vt 0.312565 0.768647
vt 0.147310 0.598733
vt 0.208670 0.663486
vt 0.218667 0.654016
vt 0.157504 0.589091
vt 0.433325 0.784843
vt 0.429055 0.768794
vt 0.420748 0.754404
vt 0.188337 0.560420
vt 0.248520 0.626372
vt 0.219616 0.532164
vt 0.278996 0.598910
vt 0.289070 0.589989
vt 0.230191 0.522875
vt 0.179384 0.691676
vt 0.117037 0.627967
vt 0.228686 0.644689
vt 0.167928 0.579297
vt 0.299461 0.580945
vt 0.240901 0.513676
vt 0.308399 0.800851
vt 0.312668 0.816899
vt 0.320976 0.831288
vt 0.395054 0.734551
vt 0.379348 0.730353
vt 0.362865 0.730377
vt 0.189203 0.682154
vt 0.127272 0.617977
vt 0.178001 0.569914
vt 0.238627 0.635491
vt 0.409308 0.842720
vt 0.420994 0.831112
vt 0.429159 0.817046
vt 0.084267 0.661235
vt 0.147527 0.723731
vt 0.306487 0.575124
vt 0.248223 0.507717
vt 0.137161 0.608412
vt 0.198957 0.672778
vt 0.312789 0.816786
vt 0.346638 0.851113
vt 0.378753 0.855132
vt 0.433198 0.801375
vt 0.395061 0.734760
vt 0.421004 0.831107
vt 0.312772 0.768647
vt 0.346927 0.734779
vt 0.000000 1.000000
vt 0.151920 0.803762
vt 0.154444 0.795867
vt 0.113200 0.831632
vt 0.121355 0.840035
vt 0.156377 0.808104
vt 0.147838 0.796358
vt 0.146678 0.791861
vt 0.104704 0.822441
vt 0.148580 0.784539
vt 0.143448 0.783018
vt 0.145820 0.774792
vt 0.133766 0.778482
vt 0.094763 0.811350
vt 0.130553 0.774643
vt 0.127553 0.770446
vt 0.086950 0.802500
vt 0.123995 0.766467
vt 0.120659 0.762177
vt 0.197903 0.834285
vt 0.191060 0.834047
vt 0.158810 0.874614
vt 0.202080 0.837864
vt 0.189779 0.827467
vt 0.186032 0.824095
vt 0.149984 0.866766
vt 0.183086 0.820011
vt 0.181474 0.814665
vt 0.138923 0.856782
vt 0.177748 0.812143
vt 0.169501 0.815071
vt 0.163851 0.815230
vt 0.165605 0.807178
vt 0.129762 0.848253
vt 0.160993 0.795119
vt 0.163669 0.797885
vt 0.160569 0.784964
vt 0.147914 0.766704
vt 0.142422 0.764812
vt 0.138980 0.760794
vt 0.135363 0.756632
vt 0.129638 0.754240
vt 0.200812 0.822573
vt 0.173081 0.804798
vt 0.166381 0.800618
vt 0.162598 0.777712
vt 0.183543 0.799330
vt 0.170385 0.785985
vt 0.167826 0.783310
vt 0.172954 0.788623
vt 0.165599 0.763276
vt 0.141427 0.743460
vt 0.215811 0.822708
vt 0.204865 0.810184
vt 0.200178 0.807771
vt 0.197749 0.803229
vt 0.183008 0.794216
vt 0.178160 0.793865
vt 0.175543 0.791243
vt 0.172041 0.774084
vt 0.167844 0.767168
vt 0.153546 0.754803
vt 0.151021 0.749896
vt 0.150416 0.742820
vt 0.213753 0.808427
vt 0.201444 0.792701
vt 0.197035 0.791061
vt 0.179295 0.777212
vt 0.176781 0.774601
vt 0.181814 0.779786
vt 0.166642 0.756041
vt 0.165528 0.750395
vt 0.195885 0.781052
vt 0.186894 0.784928
vt 0.184340 0.782355
vt 0.184017 0.762328
vt 0.178185 0.762778
vt 0.165266 0.743627
vt 0.227709 0.810046
vt 0.217736 0.789498
vt 0.214448 0.785982
vt 0.197468 0.784823
vt 0.187971 0.768599
vt 0.185466 0.766023
vt 0.190474 0.771151
vt 0.187269 0.748009
vt 0.164727 0.736721
vt 0.156025 0.729559
vt 0.227837 0.801814
vt 0.221229 0.793099
vt 0.198713 0.773047
vt 0.192981 0.773698
vt 0.181490 0.741331
vt 0.167030 0.726586
vt 0.229085 0.792728
vt 0.214098 0.773892
vt 0.211404 0.770906
vt 0.196587 0.760014
vt 0.194070 0.757452
vt 0.199086 0.762559
vt 0.193214 0.747729
vt 0.195030 0.733433
vt 0.182320 0.733580
vt 0.239824 0.797834
vt 0.228231 0.766659
vt 0.208779 0.768158
vt 0.201583 0.765107
vt 0.195821 0.750514
vt 0.180857 0.727860
vt 0.170357 0.715183
vt 0.239123 0.790590
vt 0.210625 0.761223
vt 0.205273 0.751293
vt 0.202715 0.748720
vt 0.207804 0.753865
vt 0.177054 0.724270
vt 0.233806 0.780755
vt 0.235201 0.772618
vt 0.236411 0.765283
vt 0.220253 0.757061
vt 0.210324 0.756445
vt 0.204564 0.741506
vt 0.198109 0.723385
vt 0.183297 0.709818
vt 0.251547 0.786309
vt 0.251787 0.778456
vt 0.241724 0.780460
vt 0.232367 0.756947
vt 0.229972 0.753547
vt 0.220007 0.752132
vt 0.214532 0.741878
vt 0.211868 0.739241
vt 0.217160 0.744531
vt 0.209336 0.730412
vt 0.206013 0.727908
vt 0.196695 0.717789
vt 0.188281 0.712260
vt 0.245794 0.769838
vt 0.219762 0.747209
vt 0.214528 0.730589
vt 0.193996 0.713465
vt 0.182848 0.702520
vt 0.260626 0.777404
vt 0.251833 0.771238
vt 0.247543 0.761967
vt 0.233100 0.745441
vt 0.230919 0.742049
vt 0.229018 0.735339
vt 0.223250 0.729641
vt 0.415441 0.540467
vt 0.418620 0.543684
vt 0.412250 0.537256
vt 0.409083 0.534052
vt 0.405897 0.530865
vt 0.402693 0.527670
vt 0.399493 0.524478
vt 0.396311 0.521272
vt 0.393136 0.518064
vt 0.386827 0.511688
vt 0.383688 0.508480
vt 0.380597 0.505201
vt 0.453715 0.578725
vt 0.456985 0.581826
vt 0.450517 0.575576
vt 0.447345 0.572412
vt 0.444161 0.569247
vt 0.440962 0.566062
vt 0.437767 0.562871
vt 0.431399 0.556446
vt 0.428222 0.553250
vt 0.425028 0.550074
vt 0.421828 0.546873
vt 0.382189 0.709681
vt 0.338763 0.715165
vt 0.319482 0.725865
vt 0.303547 0.742180
vt 0.287129 0.782401
vt 0.292544 0.825768
vt 0.303252 0.845032
vt 0.319589 0.860953
vt 0.359894 0.877344
vt 0.403340 0.871875
vt 0.438131 0.844686
vt 0.455393 0.804514
vt 0.449220 0.761515
vt 0.422499 0.726035
vt 0.438367 0.741832
vt 0.422736 0.860669
vt 0.423933 0.752936
vt 0.437212 0.774430
vt 0.372506 0.862321
vt 0.335199 0.734966
vt 0.403747 0.732960
vt 0.437336 0.802134
vt 0.431660 0.826074
vt 0.312329 0.829310
vt 0.369591 0.724710
vt 0.406894 0.852059
vt 0.302103 0.794996
vt 0.198725 0.550964
vt 0.258688 0.617067
vt 0.268893 0.607910
vt 0.209344 0.541362
vt 0.093969 0.650987
vt 0.156886 0.714014
vt 0.169570 0.701342
vt 0.107032 0.637827
vt 0.147307 0.598736
vt 0.208658 0.663497
vt 0.218667 0.654016
vt 0.157504 0.589091
vt 0.429022 0.768770
vt 0.409127 0.742714
vt 0.188338 0.560420
vt 0.248506 0.626385
vt 0.219616 0.532164
vt 0.278996 0.598910
vt 0.289056 0.590000
vt 0.230191 0.522875
vt 0.394914 0.851040
vt 0.409304 0.842732
vt 0.117037 0.627967
vt 0.332420 0.742960
vt 0.433331 0.784850
vt 0.228697 0.644678
vt 0.167928 0.579297
vt 0.299460 0.580944
vt 0.240901 0.513676
vt 0.332596 0.842978
vt 0.189214 0.682143
vt 0.127274 0.617975
vt 0.178001 0.569914
vt 0.238627 0.635491
vt 0.084267 0.661235
vt 0.147526 0.723731
vt 0.308368 0.784360
vt 0.308392 0.800843
vt 0.306487 0.575123
vt 0.248223 0.507717
vt 0.137161 0.608412
vt 0.198956 0.672778
vt 0.312794 0.816781
vt 0.346638 0.851114
vt 0.378753 0.855135
vt 0.433192 0.801376
vt 0.395061 0.734758
vt 0.421002 0.831108
vt 0.312775 0.768647
vt 0.346926 0.734779
vt 0.151922 0.803761
vt 0.154445 0.795866
vt 0.113199 0.831631
vt 0.121355 0.840035
vt 0.156376 0.808105
vt 0.151590 0.793049
vt 0.146677 0.791862
vt 0.106661 0.824597
vt 0.146243 0.786549
vt 0.146944 0.780039
vt 0.098044 0.815039
vt 0.140154 0.779619
vt 0.137372 0.775590
vt 0.134078 0.771783
vt 0.127553 0.770446
vt 0.088284 0.804014
vt 0.127360 0.763590
vt 0.119402 0.763276
vt 0.197903 0.834285
vt 0.191062 0.834044
vt 0.158809 0.874612
vt 0.203000 0.836836
vt 0.186903 0.830986
vt 0.183126 0.827688
vt 0.149983 0.866766
vt 0.186989 0.815499
vt 0.181475 0.814663
vt 0.138923 0.856782
vt 0.171583 0.819405
vt 0.172673 0.811421
vt 0.166195 0.812534
vt 0.165605 0.807177
vt 0.129761 0.848253
vt 0.160993 0.795119
vt 0.163668 0.797887
vt 0.141162 0.758838
vt 0.130689 0.753274
vt 0.202777 0.820391
vt 0.196864 0.819046
vt 0.195109 0.813401
vt 0.186405 0.802352
vt 0.166382 0.800617
vt 0.162600 0.777710
vt 0.176433 0.801160
vt 0.170383 0.785987
vt 0.167829 0.783307
vt 0.172952 0.788626
vt 0.165276 0.780566
vt 0.164481 0.770343
vt 0.157820 0.764324
vt 0.154655 0.760638
vt 0.151292 0.756845
vt 0.144011 0.748785
vt 0.216802 0.821632
vt 0.212792 0.817622
vt 0.189978 0.792543
vt 0.178162 0.793863
vt 0.175539 0.791247
vt 0.173259 0.755892
vt 0.144609 0.740504
vt 0.206888 0.807957
vt 0.202502 0.791622
vt 0.185176 0.791965
vt 0.179295 0.777212
vt 0.176778 0.774603
vt 0.181813 0.779786
vt 0.174248 0.771942
vt 0.158441 0.742849
vt 0.217788 0.804184
vt 0.210430 0.796898
vt 0.212340 0.788132
vt 0.186895 0.784927
vt 0.184342 0.782353
vt 0.179260 0.761715
vt 0.228694 0.809037
vt 0.219157 0.795191
vt 0.205516 0.782411
vt 0.198029 0.778890
vt 0.187968 0.768601
vt 0.185463 0.766025
vt 0.190473 0.771152
vt 0.187250 0.759108
vt 0.185134 0.750170
vt 0.174118 0.748746
vt 0.171898 0.744159
vt 0.168412 0.740519
vt 0.160864 0.732740
vt 0.159112 0.726498
vt 0.228863 0.800787
vt 0.205996 0.776249
vt 0.195496 0.776264
vt 0.192978 0.773701
vt 0.196586 0.760015
vt 0.194069 0.757453
vt 0.199087 0.762558
vt 0.195355 0.745531
vt 0.175025 0.726334
vt 0.241903 0.795780
vt 0.233256 0.788628
vt 0.226182 0.781156
vt 0.229278 0.765672
vt 0.204086 0.767681
vt 0.201582 0.765108
vt 0.194259 0.727600
vt 0.231676 0.782796
vt 0.223193 0.765171
vt 0.210955 0.766018
vt 0.205273 0.751293
vt 0.202719 0.748716
vt 0.207804 0.753864
vt 0.200126 0.746116
vt 0.199027 0.729154
vt 0.182597 0.729700
vt 0.173129 0.720404
vt 0.173710 0.711780
vt 0.241204 0.788564
vt 0.236411 0.765282
vt 0.217952 0.764511
vt 0.212842 0.759055
vt 0.210325 0.756444
vt 0.205036 0.729007
vt 0.244781 0.770748
vt 0.219972 0.757305
vt 0.214532 0.741878
vt 0.211869 0.739239
vt 0.217159 0.744532
vt 0.211993 0.733404
vt 0.210454 0.729148
vt 0.195710 0.718919
vt 0.191845 0.715907
vt 0.189256 0.711196
vt 0.184212 0.708860
vt 0.252749 0.777543
vt 0.249390 0.773444
vt 0.256578 0.781376
vt 0.242856 0.765914
vt 0.231086 0.752544
vt 0.222341 0.749927
vt 0.219762 0.747209
vt 0.184627 0.700724
vt 0.238279 0.751903
vt 0.230937 0.747338
vt 0.231935 0.738495
vt 0.227930 0.733791
vt 0.223249 0.729641
vt 0.415441 0.540467
vt 0.418620 0.543684
vt 0.412250 0.537256
vt 0.409083 0.534052
vt 0.405898 0.530865
vt 0.402693 0.527670
vt 0.399493 0.524478
vt 0.396311 0.521272
vt 0.393136 0.518064
vt 0.389981 0.514870
vt 0.386827 0.511688
vt 0.383688 0.508480
vt 0.456985 0.581826
vt 0.450517 0.575576
vt 0.447345 0.572412
vt 0.444161 0.569247
vt 0.440962 0.566062
vt 0.437767 0.562871
vt 0.431399 0.556446
vt 0.428222 0.553251
vt 0.425028 0.550074
vt 0.382190 0.709683
vt 0.338762 0.715164
vt 0.319481 0.725864
vt 0.303545 0.742178
vt 0.287127 0.782401
vt 0.454965 0.804598
vt 0.449557 0.761217
vt 0.438849 0.741947
vt 0.292546 0.825767
vt 0.303250 0.845033
vt 0.319590 0.860952
vt 0.359893 0.877342
vt 0.403339 0.871874
vt 0.422621 0.861149
vt 0.438546 0.844817
vt 0.422500 0.726035
vt 0.429772 0.757676
vt 0.439990 0.791998
vt 0.372507 0.862321
vt 0.335203 0.734964
vt 0.312331 0.829312
vt 0.369593 0.724710
vt 0.406889 0.852062
vt 0.302103 0.795003
vt 0.198725 0.550964
vt 0.258688 0.617067
vt 0.268881 0.607921
vt 0.209346 0.541359
vt 0.093970 0.650986
vt 0.156899 0.714000
vt 0.169581 0.701331
vt 0.107031 0.637828
vt 0.147310 0.598733
vt 0.208669 0.663488
vt 0.157504 0.589091
vt 0.429023 0.768771
vt 0.188338 0.560420
vt 0.248520 0.626373
vt 0.219616 0.532164
vt 0.278996 0.598910
vt 0.289070 0.589989
vt 0.230191 0.522875
vt 0.179384 0.691676
vt 0.117037 0.627967
vt 0.228685 0.644689
vt 0.167928 0.579297
vt 0.299461 0.580945
vt 0.240901 0.513676
vt 0.189203 0.682155
vt 0.127273 0.617976
vt 0.178001 0.569914
vt 0.238627 0.635491
vt 0.084267 0.661235
vt 0.147527 0.723731
vt 0.306487 0.575124
vt 0.248223 0.507717
vt 0.137161 0.608412
vt 0.198956 0.672778
vt 0.312798 0.816778
vt 0.346662 0.850934
vt 0.433149 0.784955
vt 0.394798 0.850918
vt 0.429133 0.817066
vt 0.312776 0.768647
vt 0.409125 0.742710
vt 0.379389 0.730508
vt 0.151920 0.803763
vt 0.154445 0.795867
vt 0.113200 0.831632
vt 0.121355 0.840035
vt 0.156376 0.808104
vt 0.147840 0.796356
vt 0.149142 0.789739
vt 0.104704 0.822442
vt 0.143784 0.788609
vt 0.143448 0.783018
vt 0.140151 0.779621
vt 0.138508 0.774647
vt 0.094763 0.811350
vt 0.131781 0.773663
vt 0.127552 0.770447
vt 0.123995 0.766467
vt 0.121821 0.761158
vt 0.197903 0.834285
vt 0.194858 0.829529
vt 0.158810 0.874614
vt 0.199152 0.841165
vt 0.189779 0.827467
vt 0.186033 0.824094
vt 0.149984 0.866767
vt 0.179141 0.824849
vt 0.179464 0.816991
vt 0.138924 0.856783
vt 0.174701 0.815651
vt 0.170568 0.813827
vt 0.166195 0.812533
vt 0.165605 0.807178
vt 0.129762 0.848253
vt 0.160993 0.795119
vt 0.163669 0.797885
vt 0.158209 0.787164
vt 0.141160 0.758840
vt 0.135363 0.756633
vt 0.209907 0.829148
vt 0.193615 0.807813
vt 0.166382 0.800617
vt 0.159929 0.774574
vt 0.146868 0.760852
vt 0.135009 0.749359
vt 0.185689 0.797045
vt 0.177518 0.800010
vt 0.170385 0.785985
vt 0.167827 0.783309
vt 0.172954 0.788623
vt 0.167558 0.778396
vt 0.167159 0.773423
vt 0.170939 0.758058
vt 0.158903 0.763307
vt 0.156861 0.758602
vt 0.212792 0.817621
vt 0.209740 0.812724
vt 0.204866 0.810182
vt 0.201198 0.806680
vt 0.200371 0.793864
vt 0.189636 0.798812
vt 0.178161 0.793864
vt 0.175543 0.791243
vt 0.150409 0.742827
vt 0.187331 0.789742
vt 0.179294 0.777213
vt 0.176780 0.774601
vt 0.181813 0.779786
vt 0.178608 0.767669
vt 0.157393 0.743868
vt 0.147770 0.737540
vt 0.221759 0.816306
vt 0.186894 0.784928
vt 0.184340 0.782354
vt 0.175491 0.759791
vt 0.163158 0.745677
vt 0.211263 0.789147
vt 0.207653 0.780289
vt 0.201724 0.780527
vt 0.198033 0.778877
vt 0.187970 0.768599
vt 0.185464 0.766024
vt 0.190475 0.771150
vt 0.183574 0.757448
vt 0.177269 0.745595
vt 0.170865 0.745213
vt 0.230677 0.806981
vt 0.227836 0.801815
vt 0.224948 0.796862
vt 0.221228 0.793099
vt 0.215611 0.791586
vt 0.195496 0.776264
vt 0.192980 0.773699
vt 0.193708 0.752629
vt 0.163954 0.729696
vt 0.157062 0.728561
vt 0.196587 0.760014
vt 0.194070 0.757452
vt 0.199086 0.762559
vt 0.190450 0.744799
vt 0.174657 0.734285
vt 0.172984 0.728423
vt 0.239824 0.797827
vt 0.229251 0.765699
vt 0.208776 0.768160
vt 0.204088 0.767680
vt 0.201582 0.765108
vt 0.199957 0.740726
vt 0.184425 0.731379
vt 0.166226 0.719367
vt 0.239125 0.790588
vt 0.230542 0.776990
vt 0.227378 0.773379
vt 0.218067 0.764446
vt 0.205274 0.751293
vt 0.202716 0.748719
vt 0.207804 0.753865
vt 0.199988 0.728100
vt 0.196218 0.725478
vt 0.185196 0.723297
vt 0.173131 0.720402
vt 0.235592 0.782658
vt 0.230213 0.758900
vt 0.220254 0.757061
vt 0.212841 0.759056
vt 0.210324 0.756445
vt 0.207002 0.738929
vt 0.175772 0.709689
vt 0.249189 0.788618
vt 0.251787 0.778456
vt 0.211868 0.739240
vt 0.217160 0.744532
vt 0.206011 0.727910
vt 0.188281 0.712260
vt 0.184213 0.708859
vt 0.249390 0.773443
vt 0.222341 0.749927
vt 0.219763 0.747208
vt 0.215047 0.726815
vt 0.197916 0.716356
vt 0.195642 0.711547
vt 0.184627 0.700724
vt 0.258846 0.779155
vt 0.245495 0.763665
vt 0.242284 0.760192
vt 0.233892 0.750096
vt 0.233100 0.745441
vt 0.231938 0.738494
vt 0.227930 0.733790
vt 0.223249 0.729641
vt 0.415441 0.540466
vt 0.418620 0.543684
vt 0.409083 0.534052
vt 0.405897 0.530865
vt 0.402693 0.527670
vt 0.396311 0.521272
vt 0.393136 0.518064
vt 0.386827 0.511688
vt 0.383688 0.508480
vt 0.380597 0.505201
vt 0.453715 0.578725
vt 0.450517 0.575576
vt 0.447345 0.572412
vt 0.444161 0.569247
vt 0.440962 0.566062
vt 0.437767 0.562871
vt 0.434584 0.559660
vt 0.431399 0.556446
vt 0.428222 0.553250
vt 0.425028 0.550074
vt 0.421827 0.546873
vt 0.382190 0.709683
vt 0.338762 0.715165
vt 0.319479 0.725864
vt 0.303544 0.742177
vt 0.287128 0.782401
vt 0.454966 0.804598
vt 0.449557 0.761217
vt 0.438850 0.741947
vt 0.292546 0.825767
vt 0.303252 0.845033
vt 0.319590 0.860952
vt 0.359894 0.877341
vt 0.403339 0.871874
vt 0.422622 0.861152
vt 0.438546 0.844818
vt 0.422500 0.726035
vt 0.429766 0.757666
vt 0.439990 0.792004
vt 0.372505 0.862321
vt 0.335201 0.734965
vt 0.312331 0.829312
vt 0.369589 0.724710
vt 0.406894 0.852059
vt 0.302103 0.795000
vt 0.198725 0.550964
vt 0.268893 0.607910
vt 0.209344 0.541361
vt 0.093969 0.650987
vt 0.156886 0.714013
vt 0.169570 0.701342
vt 0.107032 0.637828
vt 0.147309 0.598734
vt 0.208658 0.663497
vt 0.218667 0.654016
vt 0.157505 0.589091
vt 0.188338 0.560420
vt 0.248506 0.626386
vt 0.219617 0.532164
vt 0.278996 0.598909
vt 0.289057 0.590001
vt 0.230192 0.522875
vt 0.117037 0.627967
vt 0.346789 0.734682
vt 0.228697 0.644678
vt 0.167928 0.579296
vt 0.299461 0.580945
vt 0.240902 0.513676
vt 0.189214 0.682143
vt 0.127274 0.617975
vt 0.178000 0.569913
vt 0.433355 0.801333
vt 0.084267 0.661235
vt 0.147527 0.723732
vt 0.306487 0.575124
vt 0.248224 0.507718
vt 0.137161 0.608412
vt 0.198956 0.672778
vt 0.395061 0.734550
vt 0.332599 0.842985
vt 0.394789 0.850908
vt 0.429058 0.768765
vt 0.428948 0.817045
vt 0.308535 0.784317
vt 0.379392 0.730528
vt 0.332423 0.742951
vt 0.151921 0.803762
vt 0.154444 0.795867
vt 0.113199 0.831632
vt 0.121356 0.840036
vt 0.156375 0.808105
vt 0.147838 0.796358
vt 0.150340 0.788687
vt 0.104704 0.822442
vt 0.149751 0.783508
vt 0.145790 0.781036
vt 0.142444 0.777706
vt 0.140761 0.772738
vt 0.134079 0.771782
vt 0.130984 0.767596
vt 0.127360 0.763591
vt 0.120659 0.762177
vt 0.197904 0.834285
vt 0.191059 0.834048
vt 0.157300 0.873273
vt 0.199166 0.841149
vt 0.186903 0.830987
vt 0.187928 0.821840
vt 0.148485 0.865430
vt 0.184036 0.818888
vt 0.180467 0.815823
vt 0.138924 0.856783
vt 0.172643 0.818106
vt 0.171626 0.812610
vt 0.166195 0.812533
vt 0.165606 0.807177
vt 0.160993 0.795119
vt 0.163669 0.797885
vt 0.160570 0.784963
vt 0.129639 0.754239
vt 0.208934 0.830212
vt 0.200810 0.822575
vt 0.196865 0.819044
vt 0.166382 0.800617
vt 0.186441 0.802267
vt 0.176431 0.801162
vt 0.167827 0.783309
vt 0.172954 0.788624
vt 0.164958 0.775544
vt 0.151289 0.756847
vt 0.147738 0.752900
vt 0.144012 0.748784
vt 0.141427 0.743459
vt 0.212792 0.817621
vt 0.187838 0.794779
vt 0.178160 0.793866
vt 0.175542 0.791244
vt 0.172040 0.774085
vt 0.168959 0.766111
vt 0.169985 0.759086
vt 0.160083 0.762249
vt 0.163359 0.752449
vt 0.218798 0.819472
vt 0.211741 0.810552
vt 0.206889 0.807956
vt 0.204264 0.803374
vt 0.199816 0.801019
vt 0.205714 0.788417
vt 0.185176 0.791965
vt 0.179294 0.777213
vt 0.176781 0.774601
vt 0.177098 0.763837
vt 0.186894 0.784928
vt 0.184340 0.782354
vt 0.184016 0.762329
vt 0.227709 0.810046
vt 0.218120 0.796233
vt 0.201283 0.786683
vt 0.196956 0.779966
vt 0.187971 0.768599
vt 0.185466 0.766023
vt 0.191075 0.772668
vt 0.184058 0.751289
vt 0.176221 0.746631
vt 0.167370 0.741562
vt 0.163696 0.737749
vt 0.159835 0.733764
vt 0.156025 0.729559
vt 0.226812 0.802846
vt 0.224948 0.796861
vt 0.216642 0.790535
vt 0.215497 0.784922
vt 0.203857 0.778385
vt 0.195498 0.776262
vt 0.199428 0.767257
vt 0.196587 0.760014
vt 0.194070 0.757452
vt 0.199086 0.762559
vt 0.193214 0.747729
vt 0.182321 0.733579
vt 0.239824 0.797834
vt 0.215168 0.772836
vt 0.208777 0.768160
vt 0.204089 0.767679
vt 0.195821 0.750515
vt 0.197017 0.731310
vt 0.178765 0.730072
vt 0.179369 0.721825
vt 0.171093 0.722485
vt 0.170358 0.715182
vt 0.241292 0.788496
vt 0.233925 0.780682
vt 0.230544 0.776988
vt 0.220554 0.762087
vt 0.208116 0.758624
vt 0.205273 0.751293
vt 0.202716 0.748719
vt 0.207804 0.753865
vt 0.203087 0.731155
vt 0.196214 0.725482
vt 0.237403 0.784585
vt 0.236413 0.765281
vt 0.233532 0.761753
vt 0.220253 0.757062
vt 0.212840 0.759058
vt 0.204563 0.741507
vt 0.190936 0.716913
vt 0.183297 0.709819
vt 0.251546 0.786310
vt 0.232366 0.756948
vt 0.217456 0.749446
vt 0.214533 0.741877
vt 0.211867 0.739241
vt 0.217159 0.744532
vt 0.209336 0.730412
vt 0.196695 0.717789
vt 0.249391 0.773443
vt 0.222341 0.749926
vt 0.214530 0.730587
vt 0.192171 0.707950
vt 0.182848 0.702520
vt 0.260625 0.777405
vt 0.255069 0.775362
vt 0.248279 0.767667
vt 0.245494 0.763665
vt 0.236092 0.748230
vt 0.233265 0.742836
vt 0.227824 0.739499
vt 0.227930 0.733791
vt 0.223250 0.729641
vt 0.415441 0.540467
vt 0.412250 0.537256
vt 0.405897 0.530865
vt 0.402693 0.527670
vt 0.399493 0.524478
vt 0.393136 0.518064
vt 0.386827 0.511688
vt 0.380597 0.505201
vt 0.450517 0.575576
vt 0.447345 0.572412
vt 0.444161 0.569247
vt 0.440962 0.566062
vt 0.437767 0.562871
vt 0.434584 0.559660
vt 0.431399 0.556446
vt 0.428222 0.553250
vt 0.425028 0.550074
vt 0.382189 0.709683
vt 0.319482 0.725866
vt 0.287128 0.782401
vt 0.454967 0.804598
vt 0.449556 0.761218
vt 0.438849 0.741948
vt 0.303252 0.845032
vt 0.359894 0.877345
vt 0.403339 0.871874
vt 0.422619 0.861149
vt 0.438544 0.844817
vt 0.429772 0.757676
vt 0.439990 0.791997
vt 0.372509 0.862321
vt 0.335196 0.734968
vt 0.312330 0.829311
vt 0.369586 0.724710
vt 0.406893 0.852059
vt 0.302103 0.795004
vt 0.346669 0.851142
vt 0.198725 0.550964
vt 0.268893 0.607910
vt 0.209343 0.541362
vt 0.093969 0.650986
vt 0.156886 0.714013
vt 0.169570 0.701342
vt 0.107033 0.637827
vt 0.147308 0.598734
vt 0.208658 0.663497
vt 0.157505 0.589092
vt 0.420743 0.754403
vt 0.188339 0.560419
vt 0.248507 0.626384
vt 0.219616 0.532164
vt 0.289056 0.590001
vt 0.230191 0.522875
vt 0.179384 0.691676
vt 0.117037 0.627967
vt 0.228698 0.644678
vt 0.167928 0.579298
vt 0.240902 0.513677
vt 0.312668 0.816899
vt 0.346809 0.734653
vt 0.127274 0.617976
vt 0.178001 0.569913
vt 0.084267 0.661235
vt 0.147526 0.723730
vt 0.306487 0.575124
vt 0.248223 0.507717
vt 0.137161 0.608412
vt 0.312792 0.816783
vt 0.346662 0.850934
vt 0.362969 0.730557
vt 0.428929 0.768913
vt 0.395083 0.734577
vt 0.394799 0.850915
vt 0.428957 0.817046
vt 0.320725 0.754582
vt 0.151921 0.803762
vt 0.150727 0.799275
vt 0.113199 0.831631
vt 0.121355 0.840035
vt 0.157438 0.804099
vt 0.149132 0.795230
vt 0.145375 0.792955
vt 0.106661 0.824598
vt 0.142481 0.789670
vt 0.144623 0.782031
vt 0.098044 0.815039
vt 0.145832 0.774779
vt 0.133770 0.778479
vt 0.135186 0.770857
vt 0.128739 0.769473
vt 0.088284 0.804014
vt 0.123996 0.766467
vt 0.121823 0.761156
vt 0.197903 0.834286
vt 0.192041 0.832858
vt 0.158809 0.874613
vt 0.199152 0.841165
vt 0.186902 0.830988
vt 0.184111 0.826446
vt 0.149984 0.866766
vt 0.180158 0.823565
vt 0.178485 0.818152
vt 0.138923 0.856782
vt 0.171583 0.819405
vt 0.172671 0.811422
vt 0.165063 0.813826
vt 0.165606 0.807177
vt 0.129761 0.848253
vt 0.159119 0.808189
vt 0.162187 0.793962
vt 0.160794 0.790012
vt 0.157971 0.782001
vt 0.157611 0.776688
vt 0.150114 0.764709
vt 0.135364 0.756632
vt 0.208937 0.830208
vt 0.198851 0.816831
vt 0.184319 0.804591
vt 0.174208 0.803558
vt 0.168716 0.798215
vt 0.169514 0.792055
vt 0.160607 0.784949
vt 0.143372 0.756865
vt 0.136081 0.748374
vt 0.204757 0.818184
vt 0.197131 0.811138
vt 0.193627 0.807750
vt 0.172646 0.783767
vt 0.170104 0.781112
vt 0.167807 0.761176
vt 0.153476 0.754833
vt 0.212792 0.817621
vt 0.201421 0.792837
vt 0.184373 0.795571
vt 0.178162 0.793864
vt 0.177764 0.788989
vt 0.179626 0.781969
vt 0.169661 0.774229
vt 0.146205 0.746788
vt 0.217827 0.820513
vt 0.181477 0.775051
vt 0.178966 0.772450
vt 0.179756 0.755531
vt 0.168763 0.753976
vt 0.215037 0.799410
vt 0.201268 0.786714
vt 0.198518 0.783774
vt 0.194819 0.782124
vt 0.186894 0.784928
vt 0.186510 0.780176
vt 0.188318 0.773300
vt 0.181854 0.764468
vt 0.182498 0.758510
vt 0.168736 0.747288
vt 0.159509 0.741833
vt 0.157763 0.735791
vt 0.152944 0.732554
vt 0.219825 0.802072
vt 0.226698 0.811107
vt 0.212498 0.794767
vt 0.210222 0.790215
vt 0.190124 0.766457
vt 0.187615 0.763889
vt 0.168421 0.740532
vt 0.228863 0.800787
vt 0.195495 0.776265
vt 0.195127 0.771553
vt 0.196931 0.764710
vt 0.198743 0.757857
vt 0.196222 0.755293
vt 0.193667 0.752694
vt 0.196025 0.732377
vt 0.187969 0.734570
vt 0.175025 0.726334
vt 0.235350 0.786593
vt 0.239850 0.797808
vt 0.225723 0.785079
vt 0.220975 0.767301
vt 0.215789 0.766636
vt 0.206613 0.770299
vt 0.204087 0.767681
vt 0.203747 0.762954
vt 0.205605 0.756058
vt 0.199957 0.740726
vt 0.184426 0.731378
vt 0.178768 0.730069
vt 0.173188 0.720327
vt 0.169357 0.716195
vt 0.227378 0.773379
vt 0.231374 0.763743
vt 0.210072 0.746427
vt 0.204906 0.746480
vt 0.204838 0.741194
vt 0.203083 0.731159
vt 0.241206 0.788562
vt 0.238512 0.776346
vt 0.235197 0.772622
vt 0.215365 0.761722
vt 0.212840 0.759058
vt 0.212558 0.754244
vt 0.214884 0.746801
vt 0.190935 0.716914
vt 0.251562 0.786294
vt 0.216267 0.734484
vt 0.189255 0.711197
vt 0.252748 0.777544
vt 0.250466 0.772465
vt 0.232320 0.751455
vt 0.228164 0.749826
vt 0.221359 0.749000
vt 0.225486 0.736227
vt 0.222264 0.733836
vt 0.215047 0.726814
vt 0.202917 0.717717
vt 0.197911 0.716362
vt 0.186394 0.706554
vt 0.182851 0.702517
vt 0.260627 0.777403
vt 0.248836 0.763924
vt 0.242286 0.760190
vt 0.238287 0.751897
vt 0.227824 0.739499
vt 0.233459 0.739743
vt 0.405897 0.530865
vt 0.402694 0.527670
vt 0.396311 0.521272
vt 0.386827 0.511688
vt 0.383688 0.508480
vt 0.380597 0.505201
vt 0.453715 0.578725
vt 0.450517 0.575576
vt 0.447345 0.572412
vt 0.444161 0.569247
vt 0.440963 0.566062
vt 0.434584 0.559660
vt 0.428222 0.553250
vt 0.425028 0.550074
vt 0.421827 0.546873
vt 0.382190 0.709683
vt 0.338762 0.715165
vt 0.319481 0.725866
vt 0.303546 0.742179
vt 0.287128 0.782401
vt 0.454965 0.804597
vt 0.449557 0.761217
vt 0.438849 0.741948
vt 0.292546 0.825767
vt 0.303251 0.845032
vt 0.319590 0.860952
vt 0.359893 0.877342
vt 0.403339 0.871874
vt 0.422620 0.861149
vt 0.438546 0.844818
vt 0.422499 0.726035
vt 0.429768 0.757669
vt 0.439990 0.791992
vt 0.372503 0.862321
vt 0.335201 0.734965
vt 0.312331 0.829313
vt 0.369593 0.724710
vt 0.406889 0.852062
vt 0.302103 0.795001
vt 0.198725 0.550964
vt 0.258689 0.617068
vt 0.268883 0.607919
vt 0.209346 0.541359
vt 0.093971 0.650984
vt 0.156887 0.714014
vt 0.169570 0.701343
vt 0.107031 0.637828
vt 0.147309 0.598733
vt 0.208667 0.663489
vt 0.218668 0.654017
vt 0.157505 0.589092
vt 0.188337 0.560420
vt 0.248509 0.626384
vt 0.219616 0.532164
vt 0.278997 0.598911
vt 0.289058 0.590000
vt 0.230192 0.522875
vt 0.179385 0.691677
vt 0.117037 0.627967
vt 0.346809 0.734653
vt 0.228698 0.644679
vt 0.167929 0.579296
vt 0.299461 0.580945
vt 0.240902 0.513677
vt 0.189215 0.682144
vt 0.127274 0.617975
vt 0.178001 0.569914
vt 0.238628 0.635492
vt 0.084267 0.661235
vt 0.147527 0.723731
vt 0.312568 0.768660
vt 0.306487 0.575124
vt 0.248224 0.507718
vt 0.137161 0.608412
vt 0.198957 0.672779
vn -0.1350 -0.0020 -0.9908
vn -0.1282 0.0020 -0.9917
vn -0.1277 -0.0060 -0.9918
vn 0.1290 -0.0001 0.9916
vn -0.1306 0.0199 -0.9912
vn -0.1312 -0.0049 -0.9913
vn -0.1367 0.0034 -0.9906
vn -0.1326 -0.0044 -0.9912
vn -0.1426 -0.0008 -0.9898
vn -0.1100 -0.0000 -0.9939
vn -0.1280 -0.0008 -0.9918
vn -0.1310 -0.0002 -0.9914
vn -0.1313 0.0052 -0.9913
vn 0.0320 0.9995 -0.0043
vn 0.0211 0.9995 -0.0255
vn -0.0349 0.9994 -0.0027
vn -0.0043 0.9994 -0.0339
vn -0.1325 0.9861 -0.1003
vn 0.0249 0.9995 0.0207
vn -0.1387 0.9863 0.0897
vn -0.0106 0.9994 0.0316
vn 0.1125 0.4970 0.8604
vn 0.3791 0.6493 0.6593
vn -0.1933 0.6532 0.7321
vn 0.1217 0.4986 0.8583
vn 0.1310 -0.0164 0.9912
vn 0.1311 -0.0101 0.9913
vn 0.1303 -0.0079 0.9914
vn -0.3806 0.0132 0.9247
vn -0.3785 0.0051 0.9256
vn -0.5549 0.2869 0.7809
vn -0.5553 -0.2924 0.7786
vn 0.1301 0.0012 0.9915
vn 0.1316 -0.0005 0.9913
vn 0.1370 0.0035 0.9906
vn 0.1326 0.0042 0.9912
vn 0.1359 -0.0103 0.9907
vn 0.1298 -0.0011 0.9915
vn 0.1281 -0.0014 0.9918
vn 0.1227 0.0027 0.9924
vn 0.1107 0.0070 0.9938
vn 0.1274 0.0221 0.9916
vn 0.1335 -0.0065 0.9910
vn 0.1392 0.0055 0.9902
vn 0.1501 -0.0065 0.9887
vn 0.0092 0.9969 0.0780
vn 0.0089 0.9971 0.0752
vn 0.0061 0.9971 0.0755
vn 0.0067 0.9970 0.0771
vn -0.7907 -0.4556 0.4090
vn -0.9901 -0.0061 0.1406
vn -0.9888 -0.0183 0.1479
vn -0.8688 -0.3636 -0.3360
vn -0.9905 0.0049 0.1371
vn -0.9904 0.0005 0.1379
vn -0.9895 -0.0025 0.1445
vn -0.9894 0.0005 0.1451
vn -0.0046 0.9999 0.0101
vn -0.0164 0.9997 0.0204
vn -0.4151 0.8262 -0.3810
vn -0.4061 0.8408 0.3579
vn 0.1310 -0.0001 0.9914
vn 0.1303 0.0088 0.9914
vn 0.0054 -1.0000 0.0063
vn 0.0087 -0.9999 0.0097
vn -0.0009 -0.9999 0.0129
vn 0.0006 -1.0000 0.0061
vn 0.7626 0.3620 -0.5361
vn 0.8731 0.4494 0.1892
vn 0.9926 0.0058 -0.1211
vn 0.9945 0.0110 -0.1045
vn -0.7802 0.4509 0.4336
vn -0.8874 0.3592 -0.2890
vn -0.9873 0.0104 0.1584
vn -0.9900 0.0062 0.1409
vn 0.6067 -0.0134 0.7948
vn 0.6050 -0.0053 0.7962
vn 0.7380 -0.2867 0.6109
vn 0.7377 0.2927 0.6084
vn 0.4941 -0.8349 0.2425
vn 0.0082 -0.9999 0.0100
vn 0.0202 -0.9997 0.0152
vn 0.3023 -0.8178 -0.4897
vn 0.9922 0.0025 -0.1248
vn 0.9930 0.0062 -0.1177
vn 0.9933 0.0012 -0.1157
vn 0.9925 -0.0016 -0.1220
vn -0.9787 -0.0004 0.2051
vn -0.9791 -0.0003 0.2034
vn -0.9794 0.0011 0.2020
vn -0.9787 0.0019 0.2051
vn -0.1933 -0.6533 0.7320
vn 0.3792 -0.6494 0.6592
vn 0.1123 -0.4971 0.8604
vn 0.1291 -0.4969 0.8582
vn 0.4898 0.8301 0.2665
vn 0.3037 0.8421 -0.4457
vn 0.0210 0.9996 0.0176
vn 0.0075 0.9999 0.0097
vn 0.0101 -0.9970 0.0770
vn 0.0068 -0.9970 0.0769
vn 0.0070 -0.9972 0.0744
vn 0.0089 -0.9971 0.0752
vn 0.1308 0.0004 0.9914
vn 0.1307 -0.0012 0.9914
vn 0.1292 -0.0001 0.9916
vn 0.9985 0.0013 -0.0549
vn 0.9984 -0.0020 -0.0567
vn 0.9987 0.0007 -0.0514
vn 0.9988 0.0017 -0.0496
vn -0.0036 1.0000 0.0076
vn -0.0059 0.9999 0.0117
vn 0.0007 0.9999 0.0148
vn 0.0029 1.0000 0.0081
vn -0.4043 -0.8301 0.3841
vn -0.4085 -0.8421 -0.3520
vn -0.0156 -0.9996 0.0224
vn -0.0044 -0.9999 0.0109
vn 0.7728 -0.3724 -0.5139
vn 0.9941 -0.0135 -0.1074
vn 0.9928 -0.0045 -0.1193
vn 0.8593 -0.4620 0.2195
vn 0.1290 -0.0217 0.9914
vn 0.5835 0.7933 0.1738
vn 0.5184 0.7911 -0.3246
vn 0.1700 0.9852 -0.0230
vn 0.1683 0.9855 -0.0214
vn 0.9718 0.1984 -0.1271
vn 0.9714 0.2000 -0.1279
vn 0.7245 0.5987 -0.3415
vn 0.7870 0.5984 0.1502
vn 0.9747 -0.1830 -0.1284
vn 0.8064 -0.5724 0.1483
vn 0.7435 -0.5712 -0.3478
vn 0.9752 -0.1790 -0.1305
vn 0.6110 -0.7731 0.1701
vn 0.1887 -0.9819 -0.0159
vn 0.1885 -0.9819 -0.0192
vn 0.5481 -0.7706 -0.3254
vn 0.1146 0.0006 0.9934
vn 0.1043 -0.0000 0.9945
vn 0.1207 0.0007 0.9927
vn -0.9753 0.1822 0.1252
vn -0.7400 0.5736 0.3513
vn -0.8075 0.5721 -0.1441
vn -0.9759 0.1807 0.1227
vn -0.5498 0.7713 0.3207
vn -0.1892 0.9815 0.0276
vn -0.1911 0.9812 0.0260
vn -0.6157 0.7689 -0.1723
vn 0.1305 -0.0283 0.9910
vn 0.1305 -0.0279 0.9911
vn -0.5472 -0.7752 0.3157
vn -0.6090 -0.7739 -0.1739
vn -0.1940 -0.9809 0.0126
vn -0.1873 -0.9822 0.0115
vn -0.9733 -0.1862 0.1345
vn -0.9740 -0.1826 0.1339
vn -0.8065 -0.5744 -0.1403
vn -0.7400 -0.5732 0.3520
vn -0.0785 -0.7471 -0.6601
vn -0.0895 -0.7812 -0.6179
vn 0.8081 0.0084 0.5890
vn 0.1553 0.0004 0.9879
vn 0.1469 -0.0006 0.9892
vn -0.0967 0.7364 -0.6696
vn -0.0706 0.8012 -0.5943
vn 0.1316 0.0012 0.9913
vn 0.1297 0.0156 0.9914
vn 0.1321 0.0227 0.9910
vn 0.1315 0.0190 0.9911
vn 0.0894 -0.7790 0.6206
vn -0.6493 -0.0080 0.7605
vn 0.1077 -0.0002 0.9942
vn 0.1134 -0.0003 0.9935
vn 0.8598 -0.0079 0.5106
vn 0.6888 -0.0079 -0.7249
vn 0.6862 0.0083 -0.7274
vn -0.8549 -0.0079 -0.5188
vn -0.8494 0.0080 -0.5277
vn -0.6978 0.0078 0.7163
vn 0.0943 0.7380 0.6682
vn 0.1303 0.0271 0.9911
vn 0.0759 0.7800 0.6212
vn 0.1487 -0.0011 0.9889
vn 0.1502 -0.0011 0.9887
vn 0.1303 0.0228 0.9912
vn 0.1501 0.0004 0.9887
vn 0.1127 -0.0002 0.9936
vn 0.1297 0.0092 0.9915
vn 0.1408 -0.0006 0.9900
vn 0.9718 -0.1984 -0.1273
vn 0.9163 -0.3825 -0.1183
vn 0.9144 -0.3866 -0.1202
vn 0.9539 -0.2729 -0.1249
vn 0.9853 -0.1196 -0.1218
vn 0.9910 -0.0000 -0.1342
vn 0.8090 0.5770 -0.1117
vn 0.8743 0.4727 -0.1104
vn 0.9253 0.3580 -0.1255
vn 0.9763 0.1778 -0.1235
vn 0.9906 0.0154 -0.1361
vn 0.9572 0.2588 -0.1295
vn -0.9375 0.3237 0.1280
vn -0.9258 0.3609 0.1127
vn -0.9696 0.2075 0.1300
vn -0.9424 -0.3093 0.1270
vn -0.9693 -0.2129 0.1227
vn -0.9187 -0.3768 0.1185
vn -0.8988 0.4214 0.1205
vn -0.8774 0.4667 0.1116
vn -0.9891 0.0877 0.1180
vn -0.9761 -0.1788 0.1239
vn 0.1214 -0.0017 0.9926
vn 0.1232 -0.0050 0.9924
vn 0.1220 -0.0011 0.9925
vn 0.1190 0.0026 0.9929
vn 0.1219 0.0009 0.9925
vn 0.1176 0.0023 0.9931
vn 0.1198 0.0061 0.9928
vn 0.1225 0.0012 0.9925
vn 0.1374 -0.9899 -0.0347
vn 0.1417 -0.9891 -0.0399
vn 0.2156 -0.9758 -0.0359
vn 0.2077 -0.9776 -0.0351
vn 0.1286 -0.0028 0.9917
vn 0.1220 -0.0061 0.9925
vn -0.1324 0.0175 -0.9910
vn -0.1317 0.0182 -0.9911
vn -0.1308 0.0033 -0.9914
vn -0.1314 -0.0007 -0.9913
vn 0.1308 -0.0021 0.9914
vn -0.1237 -0.0066 -0.9923
vn -0.1253 -0.0065 -0.9921
vn -0.1428 0.0144 -0.9896
vn 0.1640 0.9861 -0.0279
vn 0.1828 0.9827 -0.0298
vn 0.1391 0.9894 -0.0418
vn 0.1320 0.9905 -0.0382
vn -0.1306 -0.0155 -0.9913
vn -0.1319 -0.0167 -0.9911
vn 0.1171 0.0114 0.9931
vn -0.1335 0.0067 -0.9910
vn -0.1418 -0.0118 -0.9898
vn -0.1332 0.0065 -0.9911
vn -0.1409 -0.0111 -0.9900
vn 0.1340 -0.0051 0.9910
vn -0.1404 0.0102 -0.9900
vn -0.8932 -0.4332 0.1206
vn -0.9914 -0.0189 0.1297
vn 0.2851 0.9578 -0.0375
vn 0.1837 0.9827 -0.0234
vn 0.3869 0.9207 -0.0519
vn 0.1273 0.9917 -0.0185
vn -0.2462 0.9685 0.0384
vn -0.0261 0.9996 0.0088
vn -0.1613 0.9866 0.0246
vn 0.0051 0.9999 -0.0111
vn -0.5374 0.8409 0.0630
vn -0.4499 0.8911 0.0587
vn -0.3664 0.9296 0.0388
vn 0.3803 0.9235 -0.0503
vn 0.4752 0.8777 -0.0616
vn 0.4872 0.8709 -0.0650
vn -0.4063 -0.9121 0.0543
vn -0.3740 -0.9266 0.0389
vn -0.2976 -0.9537 0.0436
vn 0.1767 -0.9835 -0.0395
vn 0.0160 -0.9999 0.0013
vn -0.0572 -0.9981 -0.0212
vn 0.3141 -0.9472 -0.0641
vn 0.3320 -0.9426 -0.0365
vn -0.2069 -0.9779 0.0295
vn 0.1302 -0.0136 0.9914
vn 0.1281 -0.0162 0.9916
vn 0.1248 -0.0159 0.9921
vn 0.9793 0.1409 -0.1454
vn 0.9779 0.1459 -0.1499
vn 0.9667 0.2178 -0.1347
vn 0.9684 0.2099 -0.1350
vn -0.1479 -0.0005 -0.9890
vn -0.1464 -0.0027 -0.9892
vn -0.1286 -0.0029 -0.9917
vn -0.1342 -0.0002 -0.9910
vn -0.1262 -0.0043 -0.9920
vn -0.1285 -0.0021 -0.9917
vn -0.1344 -0.0138 -0.9908
vn 0.1343 -0.0083 0.9909
vn 0.1366 -0.0074 0.9906
vn 0.1345 -0.0053 0.9909
vn 0.1318 -0.0155 0.9912
vn 0.1320 -0.0143 0.9912
vn -0.9779 0.1677 0.1250
vn -0.9751 0.1803 0.1291
vn -0.9839 0.1440 0.1059
vn -0.9847 0.1365 0.1087
vn -0.1146 -0.0031 -0.9934
vn -0.1154 -0.0020 -0.9933
vn 0.1241 -0.0141 0.9922
vn 0.1261 -0.0008 0.9920
vn -0.1368 -0.0029 -0.9906
vn -0.1113 -0.0084 -0.9937
vn -0.1369 -0.0028 -0.9906
vn -0.1191 -0.0058 -0.9929
vn 0.1271 0.0019 0.9919
vn -0.1371 -0.0140 -0.9905
vn -0.1544 -0.0074 -0.9880
vn 0.1490 0.0743 0.9860
vn 0.5166 -0.8538 -0.0649
vn -0.9502 0.2862 0.1233
vn -0.9198 0.3730 0.1216
vn -0.9124 0.3916 0.1190
vn -0.9724 0.1943 0.1291
vn -0.9811 0.1406 0.1328
vn -0.9922 0.0063 0.1247
vn -0.9145 -0.3872 0.1172
vn -0.8668 -0.4848 0.1165
vn -0.9395 -0.3180 0.1276
vn -0.9853 -0.1045 0.1351
vn -0.9734 -0.1923 0.1248
vn -0.9552 -0.2690 0.1237
vn -0.8637 0.4909 0.1146
vn 0.9150 -0.3854 -0.1192
vn 0.9170 -0.3780 -0.1278
vn 0.9488 -0.2915 -0.1218
vn 0.9212 0.3671 -0.1288
vn 0.9700 0.2070 -0.1276
vn 0.9789 0.1512 -0.1376
vn 0.8752 0.4711 -0.1094
vn 0.7881 0.6059 -0.1086
vn 0.9490 0.2907 -0.1223
vn 0.9697 -0.2097 -0.1250
vn -0.1282 -0.0004 -0.9917
vn -0.1294 -0.0047 -0.9916
vn -0.1287 0.0144 -0.9916
vn 0.8719 -0.4761 -0.1146
vn 0.9921 0.0035 -0.1251
vn 0.1399 0.0014 0.9902
vn 0.1410 0.0028 0.9900
vn 0.1398 0.0018 0.9902
vn 0.1412 -0.0009 0.9900
vn 0.1416 -0.0017 0.9899
vn -0.1420 0.9899 0.0021
vn -0.1476 0.9890 -0.0019
vn -0.2172 0.9759 0.0212
vn -0.2094 0.9776 0.0199
vn -0.1282 -0.0187 -0.9916
vn -0.1297 -0.0197 -0.9914
vn 0.1327 0.0044 0.9911
vn 0.1297 0.0008 0.9915
vn 0.1387 0.0040 0.9903
vn 0.1397 -0.0073 0.9902
vn -0.1246 0.0189 -0.9920
vn -0.1309 0.0148 -0.9913
vn -0.1327 0.0109 -0.9911
vn -0.1669 -0.9858 0.0182
vn -0.1787 -0.9836 0.0243
vn -0.1456 -0.9893 -0.0044
vn -0.1378 -0.9905 -0.0026
vn -0.1269 0.0159 -0.9918
vn 0.1368 -0.0061 0.9906
vn -0.1322 -0.0027 -0.9912
vn -0.1305 -0.0023 -0.9914
vn -0.1355 -0.0119 -0.9907
vn -0.1316 -0.0177 -0.9911
vn -0.1196 -0.0237 -0.9925
vn 0.1248 0.0033 0.9922
vn -0.1347 0.0048 -0.9909
vn -0.1336 0.0057 -0.9910
vn 0.9844 -0.1029 -0.1426
vn -0.2084 0.9777 0.0250
vn -0.0278 0.9992 -0.0281
vn -0.3654 0.9303 0.0336
vn -0.2799 -0.9594 0.0349
vn -0.3415 -0.9386 0.0485
vn -0.3918 -0.9188 0.0486
vn -0.1871 -0.9820 0.0272
vn -0.1410 -0.9898 0.0221
vn -0.0142 -0.9999 -0.0063
vn 0.2026 -0.9789 -0.0279
vn 0.3968 -0.9168 -0.0455
vn 0.0979 -0.9952 -0.0051
vn 0.3926 -0.9181 -0.0537
vn 0.2798 -0.9593 -0.0386
vn -0.4428 -0.8944 0.0626
vn 0.3022 0.9526 -0.0350
vn 0.3445 0.9366 -0.0647
vn 0.1919 0.9808 -0.0344
vn 0.4104 0.9104 -0.0523
vn -0.2985 0.9535 0.0427
vn -0.4103 0.9103 0.0548
vn -0.1325 0.0014 -0.9912
vn -0.1308 0.0006 -0.9914
vn -0.1477 -0.0024 -0.9890
vn 0.1278 0.0116 0.9917
vn 0.1289 0.0118 0.9916
vn 0.1305 0.0106 0.9914
vn 0.1260 0.0079 0.9920
vn 0.1315 0.0096 0.9913
vn 0.1325 0.0063 0.9912
vn 0.1358 0.0073 0.9907
vn 0.1349 0.0140 0.9908
vn -0.9836 -0.1410 0.1128
vn -0.9834 -0.1460 0.1080
vn -0.9685 -0.2182 0.1199
vn -0.9702 -0.2103 0.1200
vn -0.1150 0.0053 -0.9934
vn -0.1142 0.0065 -0.9934
vn -0.1370 -0.0062 -0.9906
vn -0.1368 -0.0049 -0.9906
vn -0.1181 0.0072 -0.9930
vn 0.9769 -0.1677 -0.1323
vn 0.9753 -0.1803 -0.1276
vn 0.9779 -0.1435 -0.1521
vn 0.9793 -0.1360 -0.1497
vn -0.1484 -0.0035 -0.9889
vn -0.1248 -0.0001 -0.9922
vn -0.1408 0.0087 -0.9900
vn -0.1244 0.0003 -0.9922
vn -0.1451 0.0116 -0.9894
vn 0.1293 -0.0000 0.9916
vn 0.1254 0.0057 0.9921
vn -0.1191 0.0082 -0.9928
vn -0.1206 0.0256 -0.9924
vn 0.0014 0.9999 0.0104
vn -0.8684 0.4825 0.1139
vn 0.1232 0.0053 0.9924
vn 0.8631 -0.4915 -0.1158
vn 0.5857 -0.8068 -0.0780
vn -0.1469 0.0101 -0.9891
vn -0.1495 0.0093 -0.9887
vn -0.1072 0.0205 -0.9940
vn -0.1157 0.0064 -0.9933
vn 0.4801 0.8747 -0.0671
vn 0.5082 0.8586 -0.0676
vn -0.4987 -0.8645 0.0622
vn 0.1283 -0.0011 0.9917
vn -0.6202 0.7805 0.0783
vn -0.6145 0.7847 0.0814
vn -0.1107 -0.0152 -0.9937
vn -0.1257 -0.0139 -0.9920
vn 0.6015 -0.7947 -0.0815
vn 0.6292 -0.7730 -0.0813
vn 0.1284 0.0027 0.9917
vn 0.1302 0.0014 0.9915
vn -0.4888 -0.8702 0.0613
vn -0.5068 -0.8595 0.0659
vn -0.8310 -0.5459 0.1071
vn -0.1491 -0.0031 -0.9888
vn -0.1297 0.0049 -0.9915
vn 0.6945 -0.7144 -0.0860
vn 0.6726 -0.7347 -0.0886
vn 0.1291 0.0034 0.9916
vn 0.1295 0.0082 0.9915
vn -0.6427 0.7611 0.0872
vn -0.6836 0.7248 0.0855
vn -0.7180 0.6893 0.0970
vn -0.1464 0.0236 -0.9889
vn -0.1315 0.0182 -0.9911
vn -0.1352 -0.0015 -0.9908
vn -0.1494 -0.0010 -0.9888
vn -0.1327 -0.0167 -0.9910
vn -0.7453 -0.6592 0.0998
vn -0.6233 -0.7774 0.0841
vn -0.6489 -0.7561 0.0846
vn -0.7034 -0.7047 0.0927
vn 0.1285 -0.0011 0.9917
vn 0.1289 -0.0023 0.9917
vn 0.7292 0.6780 -0.0925
vn 0.7131 0.6941 -0.0988
vn 0.6561 0.7502 -0.0826
vn 0.1357 -0.0064 0.9907
vn 0.8580 -0.5008 -0.1137
vn 0.8593 -0.4987 -0.1135
vn 0.6984 -0.7093 -0.0952
vn 0.7181 -0.6896 -0.0938
vn -0.1434 -0.0212 -0.9894
vn -0.1364 -0.0002 -0.9907
vn -0.8528 0.5099 0.1127
vn -0.7115 0.6961 0.0954
vn -0.7365 0.6697 0.0948
vn -0.7768 -0.6219 0.0990
vn -0.7534 -0.6499 0.1002
vn -0.6853 -0.7227 0.0896
vn -0.6779 -0.7300 0.0869
vn 0.1306 -0.0009 0.9914
vn 0.1307 -0.0008 0.9914
vn 0.7589 0.6450 -0.0895
vn 0.6853 0.7223 -0.0931
vn -0.1203 -0.0073 -0.9927
vn -0.1221 0.0040 -0.9925
vn -0.2380 -0.9670 0.0911
vn -0.4386 -0.8764 0.1987
vn -0.5909 -0.8035 0.0724
vn -0.0000 -1.0000 -0.0066
vn 0.1449 -0.9877 0.0590
vn -0.7001 -0.6864 0.1965
vn -0.9055 -0.3953 0.1545
vn -0.9585 -0.2576 0.1224
vn -0.9889 -0.0542 0.1384
vn -0.9321 0.3584 0.0524
vn -0.9114 0.3963 0.1111
vn -0.6457 0.7631 -0.0271
vn -0.5139 0.8562 0.0529
vn -0.3151 0.9439 -0.0986
vn -0.0118 0.9984 -0.0556
vn -0.0922 0.9957 -0.0027
vn 0.2393 0.9569 -0.1648
vn 0.5044 0.8387 -0.2052
vn 0.5082 0.8571 -0.0843
vn 0.0934 0.9952 -0.0276
vn -0.0510 0.9765 -0.2095
vn 0.7873 0.5857 -0.1927
vn 0.9081 0.3965 -0.1347
vn 0.9543 0.2420 -0.1753
vn 0.9918 -0.0897 -0.0911
vn 0.9566 -0.2594 -0.1328
vn 0.9252 -0.3720 -0.0753
vn 0.7168 -0.6972 0.0132
vn 0.4800 -0.8772 0.0133
vn 0.5887 -0.8042 -0.0819
vn -0.0851 -0.9550 0.2841
vn -0.4888 0.8425 -0.2265
vn 0.0245 0.9470 -0.3202
vn 0.4195 -0.8809 0.2190
vn -0.8064 -0.5115 0.2968
vn -0.9215 -0.2619 0.2867
vn 0.8676 -0.4928 0.0660
vn -0.0485 -0.8973 0.4388
vn -0.4578 -0.8035 0.3804
vn -0.6405 -0.6237 0.4480
vn -0.9485 0.3056 -0.0838
vn -0.9018 0.4104 -0.1355
vn -0.7524 0.6248 -0.2085
vn -0.3142 0.8474 -0.4281
vn 0.2125 0.8493 -0.4833
vn 0.4470 0.7549 -0.4799
vn 0.6747 0.6045 -0.4235
vn 0.8836 0.3337 -0.3286
vn 0.7334 -0.6260 0.2651
vn 0.4052 -0.8369 0.3679
vn -0.0137 0.7798 -0.6259
vn -0.0573 0.8428 -0.5352
vn 0.9452 -0.3071 0.1110
vn 0.2018 -0.7992 0.5662
vn -0.3270 -0.7330 0.5964
vn -0.9561 -0.1037 0.2740
vn -0.5704 0.6646 -0.4827
vn -0.8071 -0.3828 0.4495
vn 0.4876 -0.6600 0.5715
vn 0.0071 -0.6776 0.7354
vn -0.3847 -0.5620 0.7322
vn -0.6462 -0.4704 0.6010
vn -0.7682 0.4869 -0.4157
vn -0.3259 0.6321 -0.7030
vn 0.1733 0.6447 -0.7446
vn 0.4415 0.5467 -0.7115
vn -0.0912 0.7212 -0.6867
vn 0.7375 0.4020 -0.5427
vn 0.9376 0.1551 -0.3112
vn 0.9963 -0.0852 0.0083
vn 0.9197 -0.2986 0.2549
vn 0.7487 -0.4764 0.4610
vn -0.9719 0.1878 -0.1421
vn -0.0122 -0.5200 0.8541
vn -0.7886 -0.2341 0.5685
vn -0.4833 0.4541 -0.7485
vn -0.1859 0.4742 -0.8606
vn -0.0776 0.4586 -0.8852
vn 0.4759 -0.4871 0.7323
vn -0.4745 -0.3525 0.8066
vn -0.9799 -0.0237 0.1983
vn -0.7968 0.2685 -0.5413
vn 0.2737 0.3942 -0.8773
vn 0.5064 0.3537 -0.7864
vn 0.0005 -0.3742 0.9273
vn -0.9081 0.1813 -0.3774
vn 0.7968 0.1285 -0.5904
vn 0.9300 0.0477 -0.3644
vn 0.9940 -0.0003 -0.1096
vn 0.9828 -0.0758 0.1684
vn 0.8497 -0.2645 0.4561
vn 0.4618 -0.3078 0.8319
vn -0.6243 -0.1830 0.7595
vn -0.9917 0.0437 -0.1213
vn -0.3788 0.1989 -0.9038
vn 0.1584 0.1906 -0.9688
vn 0.0115 -0.1333 0.9910
vn -0.2974 -0.2042 0.9327
vn -0.8543 -0.0454 0.5178
vn -0.6164 0.1409 -0.7747
vn -0.1496 0.1357 -0.9794
vn -0.1210 0.1039 -0.9872
vn 0.5013 0.0918 -0.8604
vn 0.9116 -0.0646 0.4060
vn 0.6713 -0.1544 0.7249
vn -0.4942 -0.0279 0.8689
vn -0.8661 0.0484 -0.4975
vn 0.2868 -0.0521 0.9566
vn 0.7058 -0.0196 0.7081
vn -0.2546 -0.0005 0.9671
vn 0.1296 -0.0005 0.9916
vn -0.6092 0.0001 0.7930
vn -0.8678 -0.0006 0.4969
vn -0.9914 0.0003 0.1311
vn -0.9669 0.0017 -0.2552
vn -0.7934 0.0022 -0.6087
vn -0.4969 0.0020 -0.8678
vn -0.2090 0.0942 -0.9734
vn 0.2551 0.0022 -0.9669
vn -0.0500 0.0939 -0.9943
vn 0.6088 0.0028 -0.7934
vn 0.8681 0.0020 -0.4964
vn 0.9915 0.0004 -0.1300
vn 0.9668 -0.0003 0.2554
vn 0.7936 0.0005 0.6084
vn 0.4968 0.0011 0.8679
vn -0.0158 0.9997 -0.0192
vn 0.2886 0.9536 0.0862
vn -0.0519 0.9986 0.0084
vn 0.3222 0.8705 -0.3720
vn -0.0191 0.9997 0.0161
vn 0.0190 0.9997 -0.0161
vn -0.0872 0.9528 0.2909
vn -0.0091 0.9985 -0.0534
vn 0.0861 0.9536 -0.2884
vn 0.0084 0.9986 0.0519
vn -0.3722 0.8704 -0.3224
vn 0.0161 0.9997 0.0191
vn -0.2884 0.9536 -0.0861
vn 0.0519 0.9986 -0.0084
vn -0.3225 0.8703 0.3722
vn 0.3680 0.8754 0.3135
vn -0.2454 0.7043 0.6661
vn 0.5955 0.6868 -0.4166
vn 0.4246 0.6755 0.6028
vn -0.4165 0.6866 -0.5959
vn 0.6662 0.7042 0.2454
vn -0.5957 0.6865 0.4168
vn 0.2452 0.7046 -0.6659
vn -0.6661 0.7044 -0.2453
vn -0.0686 0.8509 -0.5208
vn 0.0767 0.8366 -0.5424
vn 0.1924 0.8490 -0.4921
vn 0.4921 0.8490 0.1924
vn 0.3945 0.8610 0.3212
vn 0.6626 0.2183 0.7165
vn -0.7175 0.2117 0.6636
vn -0.5097 0.8309 0.2230
vn -0.5198 0.8515 0.0685
vn -0.6625 0.2208 -0.7157
vn -0.2237 0.8300 -0.5109
vn 0.3212 0.8610 -0.3944
vn 0.7163 0.2183 -0.6627
vn 0.2230 0.8311 0.5095
vn 0.0685 0.8515 0.5199
vn -0.5414 0.8373 -0.0768
vn -0.4921 0.8490 -0.1925
vn 0.5097 0.8310 -0.2228
vn 0.5198 0.8515 -0.0685
vn -0.0768 0.8372 0.5414
vn -0.1924 0.8490 0.4921
vn -0.3944 0.8609 -0.3214
vn 0.5414 0.8372 0.0768
vn -0.3213 0.8610 0.3944
vn 0.2323 0.7405 -0.6307
vn 0.1064 0.7537 -0.6486
vn -0.1309 0.0083 -0.9914
vn -0.1349 0.0089 -0.9908
vn 0.2537 0.0090 -0.9672
vn 0.2583 0.0084 -0.9660
vn 0.8547 0.0082 0.5190
vn 0.8579 0.0091 0.5138
vn 0.5235 0.0092 0.8520
vn 0.5185 0.0083 0.8550
vn -0.8662 0.0083 0.4997
vn -0.8639 0.0090 0.5036
vn -0.9908 0.0089 0.1348
vn -0.9914 0.0083 0.1309
vn -0.6789 0.7250 0.1163
vn -0.6358 0.7351 0.2354
vn -0.4997 0.0084 -0.8661
vn -0.5037 0.0090 -0.8638
vn 0.6084 0.0083 -0.7936
vn 0.6051 0.0089 -0.7961
vn 0.8854 0.0091 -0.4647
vn 0.8881 0.0080 -0.4596
vn -0.2718 0.7470 -0.6068
vn -0.3948 0.7305 -0.5573
vn 0.1349 0.0089 0.9908
vn 0.1309 0.0083 0.9914
vn 0.0086 0.9989 0.0469
vn 0.2500 0.7766 0.5783
vn 0.3928 0.7339 0.5542
vn -0.9672 0.0090 -0.2538
vn -0.9660 0.0084 -0.2582
vn 0.9754 0.0088 -0.2203
vn 0.9767 0.0072 -0.2143
vn 0.6053 0.7483 -0.2715
vn 0.5537 0.7341 -0.3932
vn -0.0885 0.6691 0.7379
vn -0.2538 0.0090 0.9672
vn -0.2583 0.0084 0.9660
vn -0.7936 0.0083 -0.6084
vn -0.7960 0.0089 -0.6052
vn -0.7683 0.5559 -0.3174
vn 0.9743 -0.0825 0.2095
vn 0.9743 0.1037 0.2000
vn 0.6306 0.7405 0.2324
vn 0.6489 0.7534 0.1065
vn -0.6084 0.0083 0.7936
vn -0.6052 0.0089 0.7961
vn -0.4869 0.5966 0.6380
vn -0.1300 0.0301 -0.9911
vn -0.1282 0.0033 -0.9917
vn -0.1311 -0.0172 -0.9912
vn 0.1315 0.0003 0.9913
vn -0.1366 0.0033 -0.9906
vn -0.1324 -0.0046 -0.9912
vn -0.1422 -0.0008 -0.9898
vn -0.1106 -0.0000 -0.9939
vn -0.1278 -0.0008 -0.9918
vn -0.1309 -0.0003 -0.9914
vn -0.1313 0.0026 -0.9913
vn 0.1317 -0.0004 0.9913
vn 0.0384 0.9992 -0.0059
vn 0.0199 0.9995 -0.0264
vn 0.0280 0.9994 0.0221
vn -0.0324 0.9995 0.0044
vn -0.0212 0.9995 0.0252
vn -0.0040 0.9995 -0.0325
vn -0.0263 0.9994 -0.0206
vn 0.0040 0.9992 0.0389
vn 0.1302 0.0269 0.9911
vn 0.1298 0.0154 0.9914
vn 0.1315 0.0180 0.9912
vn 0.1126 0.4969 0.8605
vn 0.3792 0.6493 0.6593
vn -0.1932 0.6532 0.7321
vn 0.1305 -0.0258 0.9911
vn 0.1305 -0.0210 0.9912
vn 0.1293 -0.0214 0.9914
vn 0.1296 -0.0153 0.9914
vn -0.3805 0.0132 0.9247
vn -0.3786 0.0051 0.9256
vn -0.5549 0.2870 0.7809
vn 0.1309 0.0011 0.9914
vn 0.1302 0.0013 0.9915
vn 0.1350 0.0044 0.9908
vn 0.1328 0.0047 0.9911
vn 0.1360 -0.0096 0.9907
vn 0.1409 -0.0042 0.9900
vn 0.1296 -0.0007 0.9916
vn 0.1278 -0.0016 0.9918
vn 0.1228 0.0025 0.9924
vn 0.1105 0.0067 0.9938
vn 0.1272 0.0223 0.9916
vn 0.1333 -0.0064 0.9911
vn 0.0092 0.9969 0.0781
vn 0.0089 0.9971 0.0750
vn 0.0061 0.9971 0.0753
vn 0.0068 0.9970 0.0770
vn -0.9906 0.0047 0.1371
vn -0.9904 0.0003 0.1380
vn -0.9895 -0.0025 0.1444
vn -0.9894 0.0006 0.1451
vn -0.0045 0.9999 0.0102
vn -0.0165 0.9997 0.0204
vn -0.4151 0.8261 -0.3811
vn -0.4061 0.8410 0.3576
vn 0.1308 -0.0003 0.9914
vn 0.1306 0.0087 0.9914
vn 0.0005 -1.0000 0.0060
vn 0.7627 0.3618 -0.5361
vn 0.8732 0.4492 0.1891
vn -0.8874 0.3592 -0.2889
vn -0.9873 0.0103 0.1584
vn -0.9900 0.0062 0.1408
vn 0.6067 -0.0133 0.7948
vn 0.6050 -0.0051 0.7962
vn 0.7380 -0.2868 0.6108
vn 0.7376 0.2927 0.6085
vn 0.0081 -0.9999 0.0101
vn 0.9922 0.0027 -0.1247
vn 0.9930 0.0061 -0.1179
vn 0.9933 0.0011 -0.1158
vn 0.9925 -0.0015 -0.1220
vn -0.9787 -0.0002 0.2051
vn -0.9791 -0.0000 0.2035
vn -0.9794 0.0012 0.2020
vn -0.9787 0.0020 0.2053
vn -0.1932 -0.6533 0.7320
vn 0.3792 -0.6493 0.6593
vn 0.1125 -0.4970 0.8604
vn 0.1293 -0.4968 0.8582
vn 0.4898 0.8301 0.2664
vn 0.3037 0.8421 -0.4458
vn 0.0209 0.9996 0.0176
vn 0.0075 0.9999 0.0095
vn 0.0100 -0.9970 0.0770
vn 0.0069 -0.9970 0.0770
vn 0.0069 -0.9972 0.0744
vn 0.0090 -0.9971 0.0750
vn 0.1308 -0.0011 0.9914
vn 0.1293 0.0001 0.9916
vn 0.1293 -0.0011 0.9916
vn 0.9985 0.0015 -0.0549
vn 0.9984 -0.0016 -0.0565
vn 0.9987 0.0008 -0.0513
vn 0.9988 0.0018 -0.0496
vn 0.0030 1.0000 0.0081
vn -0.4085 -0.8422 -0.3519
vn -0.0157 -0.9996 0.0224
vn -0.0043 -0.9999 0.0110
vn 0.7727 -0.3725 -0.5140
vn 0.9928 -0.0045 -0.1195
vn 0.8592 -0.4621 0.2195
vn 0.6902 0.0083 -0.7236
vn 0.1268 -0.0030 0.9919
vn 0.5835 0.7933 0.1739
vn 0.5184 0.7912 -0.3246
vn 0.1683 0.9855 -0.0213
vn 0.9719 0.1993 -0.1252
vn 0.9720 0.1980 -0.1262
vn 0.7251 0.5979 -0.3417
vn 0.7875 0.5977 0.1503
vn 0.9743 -0.1835 -0.1304
vn 0.8052 -0.5741 0.1483
vn 0.7423 -0.5721 -0.3489
vn 0.9748 -0.1790 -0.1331
vn 0.6111 -0.7730 0.1702
vn 0.1887 -0.9819 -0.0157
vn 0.1886 -0.9819 -0.0190
vn 0.5482 -0.7705 -0.3254
vn 0.1103 0.0005 0.9939
vn 0.1100 0.0001 0.9939
vn 0.1157 0.0005 0.9933
vn -0.9751 0.1812 0.1277
vn -0.7425 0.5699 0.3519
vn -0.8097 0.5693 -0.1426
vn -0.9756 0.1794 0.1265
vn -0.5498 0.7713 0.3206
vn 0.1304 -0.0212 0.9912
vn 0.1304 -0.0216 0.9912
vn -0.5463 -0.7764 0.3142
vn -0.6071 -0.7753 -0.1744
vn -0.1918 -0.9814 0.0125
vn -0.1890 -0.9819 0.0114
vn -0.9736 -0.1882 0.1290
vn -0.9746 -0.1842 0.1273
vn -0.8022 -0.5796 -0.1435
vn -0.7349 -0.5804 0.3508
vn -0.0896 -0.7808 -0.6183
vn -0.0873 0.7943 -0.6012
vn -0.0771 0.7625 -0.6424
vn 0.0917 0.7613 0.6419
vn 0.1304 0.0057 0.9914
vn 0.0741 0.7764 0.6259
vn -0.6994 0.0091 0.7147
vn 0.1002 0.0014 0.9950
vn 0.1524 -0.0000 0.9883
vn 0.1521 -0.0002 0.9884
vn 0.8583 -0.0092 0.5131
vn 0.1221 -0.0011 0.9925
vn 0.6840 -0.0079 -0.7295
vn -0.8563 -0.0079 -0.5164
vn -0.8462 0.0080 -0.5328
vn 0.0954 -0.7519 0.6524
vn 0.1590 -0.0025 0.9873
vn 0.1501 -0.0010 0.9887
vn 0.1302 0.0222 0.9912
vn 0.1539 0.0004 0.9881
vn 0.1563 0.0010 0.9877
vn 0.1134 -0.0001 0.9936
vn 0.1142 -0.0002 0.9935
vn 0.1297 0.0091 0.9915
vn 0.1469 -0.0002 0.9892
vn 0.9483 -0.2910 -0.1269
vn 0.9164 -0.3820 -0.1192
vn 0.9069 -0.4035 -0.1214
vn 0.9731 -0.1938 -0.1247
vn 0.9709 0.2009 -0.1301
vn 0.9157 0.3852 -0.1145
vn 0.9871 0.0985 -0.1263
vn 0.9911 -0.0106 -0.1326
vn 0.9815 -0.1418 -0.1287
vn 0.9166 0.3810 -0.1213
vn -0.8749 -0.4689 0.1210
vn -0.9288 -0.3533 0.1118
vn -0.8080 -0.5802 0.1022
vn -0.9438 -0.3049 0.1278
vn -0.9702 -0.2054 0.1290
vn -0.8976 0.4240 0.1206
vn -0.9236 0.3655 0.1158
vn -0.9361 0.3273 0.1289
vn -0.9721 0.1999 0.1230
vn -0.1304 0.0019 -0.9915
vn -0.1326 -0.0161 -0.9910
vn -0.1319 -0.0156 -0.9911
vn -0.8776 0.4661 0.1117
vn 0.1202 -0.0039 0.9927
vn 0.1203 -0.0021 0.9927
vn 0.1221 0.0005 0.9925
vn 0.1181 0.0023 0.9930
vn 0.1215 0.0010 0.9926
vn 0.1166 0.0021 0.9932
vn 0.1162 0.0107 0.9932
vn 0.1374 -0.9899 -0.0346
vn 0.2156 -0.9758 -0.0358
vn 0.2077 -0.9776 -0.0349
vn -0.1306 0.0153 -0.9913
vn -0.1320 -0.0022 -0.9913
vn -0.1321 0.0144 -0.9911
vn 0.1273 -0.0034 0.9919
vn 0.1123 -0.0156 0.9936
vn -0.1326 -0.0059 -0.9911
vn -0.1325 -0.0057 -0.9912
vn -0.1403 0.0145 -0.9900
vn 0.1641 0.9860 -0.0279
vn 0.1393 0.9894 -0.0419
vn 0.1322 0.9905 -0.0382
vn -0.1360 -0.0122 -0.9906
vn -0.1290 0.0055 -0.9916
vn -0.1268 0.0058 -0.9919
vn 0.1192 0.0047 0.9929
vn -0.1359 -0.0202 -0.9905
vn 0.1317 -0.0023 0.9913
vn -0.1390 0.0115 -0.9902
vn 0.9576 0.2582 -0.1282
vn -0.9882 -0.0944 0.1210
vn -0.9916 0.0138 0.1289
vn -0.9808 0.1501 0.1247
vn 0.2838 0.9581 -0.0393
vn 0.3548 0.9340 -0.0426
vn 0.3880 0.9201 -0.0534
vn 0.1768 0.9839 -0.0245
vn 0.1244 0.9921 -0.0159
vn -0.3630 0.9303 0.0530
vn -0.1007 0.9948 0.0131
vn -0.1800 0.9834 0.0240
vn -0.6092 0.7888 0.0811
vn -0.3861 0.9212 0.0493
vn -0.5990 0.7970 0.0774
vn -0.2786 0.9598 0.0337
vn 0.4574 0.8874 -0.0577
vn 0.4871 0.8709 -0.0658
vn -0.4047 -0.9129 0.0533
vn -0.3762 -0.9254 0.0467
vn -0.2111 -0.9772 0.0243
vn -0.3010 -0.9528 0.0392
vn 0.2103 -0.9773 -0.0239
vn 0.1014 -0.9946 -0.0223
vn 0.3623 -0.9303 -0.0567
vn -0.0094 -1.0000 -0.0003
vn 0.5162 -0.8541 -0.0633
vn 0.5905 -0.8029 -0.0813
vn 0.3352 -0.9413 -0.0389
vn -0.1264 0.0078 -0.9920
vn -0.1379 -0.0005 -0.9905
vn -0.1179 0.0091 -0.9930
vn -0.4691 -0.8813 0.0578
vn 0.1279 -0.0139 0.9917
vn 0.1299 -0.0220 0.9913
vn 0.1261 -0.0105 0.9920
vn 0.9794 0.1404 -0.1453
vn 0.9779 0.1454 -0.1499
vn 0.9667 0.2178 -0.1346
vn -0.1461 -0.0113 -0.9892
vn -0.1259 -0.0056 -0.9920
vn -0.1277 -0.0032 -0.9918
vn -0.1565 -0.0029 -0.9877
vn -0.9780 0.1672 0.1250
vn -0.9752 0.1798 0.1291
vn 0.1310 -0.0064 0.9914
vn 0.1317 -0.0125 0.9912
vn -0.1125 0.0033 -0.9936
vn 0.1266 -0.0118 0.9919
vn -0.1319 0.0008 -0.9913
vn -0.1173 0.0050 -0.9931
vn -0.1365 -0.0021 -0.9906
vn -0.1130 -0.0235 -0.9933
vn 0.1251 -0.0004 0.9921
vn 0.1382 -0.0174 0.9902
vn 0.1361 -0.0223 0.9904
vn -0.1348 -0.0088 -0.9908
vn 0.1149 0.0459 0.9923
vn -0.1447 -0.0555 -0.9879
vn 0.1502 0.3507 0.9244
vn -0.1691 -0.9854 0.0195
vn -0.9506 0.2855 0.1220
vn -0.9260 0.3551 0.1283
vn -0.9121 0.3924 0.1189
vn -0.9742 0.1854 0.1285
vn -0.9876 0.0652 0.1427
vn -0.9645 -0.2265 0.1360
vn -0.9820 -0.1354 0.1320
vn -0.9130 -0.3910 0.1162
vn -0.8657 -0.4866 0.1179
vn -0.9919 -0.0131 0.1260
vn -0.9524 -0.2799 0.1207
vn -0.8640 0.4900 0.1160
vn 0.9480 -0.2938 -0.1225
vn 0.9243 -0.3587 -0.1304
vn 0.9696 -0.2103 -0.1254
vn 0.9141 -0.3870 -0.1211
vn 0.9382 0.3256 -0.1174
vn 0.9718 0.1889 -0.1409
vn 0.9342 0.3259 -0.1453
vn -0.1293 -0.0007 -0.9916
vn -0.1291 -0.0008 -0.9916
vn -0.1281 0.0152 -0.9916
vn 0.8731 -0.4733 -0.1175
vn 0.8792 -0.4621 -0.1164
vn 0.9865 -0.0454 -0.1574
vn 0.1406 0.0036 0.9901
vn 0.1384 0.0021 0.9904
vn 0.1347 -0.0012 0.9909
vn 0.1435 0.0068 0.9896
vn 0.1426 -0.0020 0.9898
vn -0.1477 0.9890 -0.0019
vn -0.2173 0.9759 0.0212
vn -0.2095 0.9776 0.0199
vn -0.1277 -0.0149 -0.9917
vn -0.1259 -0.0138 -0.9919
vn 0.1329 0.0042 0.9911
vn -0.1667 -0.9858 0.0182
vn -0.1786 -0.9836 0.0243
vn -0.1455 -0.9894 -0.0044
vn -0.1377 -0.9905 -0.0027
vn 0.1456 -0.0003 0.9893
vn -0.1270 0.0161 -0.9918
vn 0.1396 -0.0032 0.9902
vn 0.1393 -0.0045 0.9902
vn -0.1112 0.0126 -0.9937
vn -0.1227 0.0068 -0.9924
vn -0.1328 -0.0028 -0.9911
vn -0.1325 -0.0028 -0.9912
vn 0.1294 -0.0021 0.9916
vn 0.1283 -0.0013 0.9917
vn -0.1311 0.0053 -0.9914
vn -0.1324 0.0041 -0.9912
vn -0.1227 -0.0162 -0.9923
vn -0.1246 -0.0096 -0.9922
vn 0.0805 -0.0287 0.9963
vn 0.8599 0.4990 -0.1077
vn 0.9927 0.0044 -0.1208
vn -0.2782 -0.9598 0.0363
vn -0.3812 -0.9232 0.0497
vn -0.3819 -0.9229 0.0488
vn -0.1975 -0.9799 0.0282
vn -0.1595 -0.9869 0.0228
vn -0.0158 -0.9999 -0.0047
vn 0.1938 -0.9806 -0.0280
vn 0.3607 -0.9318 -0.0397
vn 0.0895 -0.9960 -0.0049
vn 0.6064 -0.7916 -0.0754
vn 0.4445 -0.8935 -0.0643
vn 0.2989 -0.9532 -0.0449
vn -0.4824 -0.8737 0.0623
vn 0.4080 0.9113 -0.0545
vn 0.3838 0.9216 -0.0575
vn 0.2170 0.9758 -0.0262
vn 0.3061 0.9511 -0.0411
vn -0.3693 0.9283 0.0442
vn -0.2044 0.9786 0.0227
vn -0.1515 0.9883 0.0152
vn -0.4102 0.9103 0.0559
vn -0.5837 0.8087 0.0735
vn -0.3011 0.9526 0.0434
vn 0.1006 0.9946 -0.0236
vn 0.1297 0.0100 0.9915
vn 0.1262 0.0139 0.9919
vn 0.1275 0.0128 0.9918
vn 0.1240 0.0099 0.9922
vn -0.9836 -0.1405 0.1129
vn -0.9835 -0.1454 0.1080
vn -0.9685 -0.2183 0.1199
vn -0.9702 -0.2104 0.1199
vn 0.1313 0.0076 0.9913
vn -0.1160 0.0005 -0.9933
vn -0.1182 0.0041 -0.9930
vn -0.1367 0.0052 -0.9906
vn -0.1263 -0.0011 -0.9920
vn -0.1333 -0.0041 -0.9911
vn -0.1182 0.0026 -0.9930
vn -0.1241 -0.0038 -0.9923
vn 0.1253 0.0071 0.9921
vn 0.1302 -0.0001 0.9915
vn 0.1316 0.0056 0.9913
vn 0.1362 0.0086 0.9906
vn -0.1332 -0.0041 -0.9911
vn -0.1556 0.0059 -0.9878
vn -0.1499 -0.0012 -0.9887
vn -0.1336 0.0001 -0.9910
vn 0.9768 -0.1682 -0.1323
vn 0.9752 -0.1808 -0.1276
vn 0.9779 -0.1432 -0.1521
vn 0.9794 -0.1356 -0.1497
vn -0.1465 0.0032 -0.9892
vn -0.1445 0.0001 -0.9895
vn 0.1347 0.0126 0.9908
vn -0.1289 0.0007 -0.9917
vn -0.1295 -0.0000 -0.9916
vn 0.1368 0.0054 0.9906
vn -0.1155 0.0222 -0.9931
vn -0.1064 0.0104 -0.9943
vn -0.0135 0.9999 -0.0014
vn -0.6125 0.7863 0.0810
vn -0.8718 0.4763 0.1146
vn 0.4979 0.8646 -0.0676
vn 0.5081 0.8586 -0.0678
vn 0.1359 0.0050 0.9907
vn 0.1327 -0.0006 0.9912
vn -0.4904 -0.8691 0.0646
vn -0.1184 0.0245 -0.9927
vn -0.1123 -0.0261 -0.9933
vn 0.1274 0.0011 0.9918
vn -0.5066 -0.8595 0.0674
vn -0.1589 -0.0005 -0.9873
vn -0.1405 -0.0006 -0.9901
vn -0.1179 0.0034 -0.9930
vn -0.1391 0.0168 -0.9901
vn 0.7016 -0.7065 -0.0929
vn 0.6758 -0.7323 -0.0844
vn 0.1363 -0.0020 0.9907
vn -0.1478 0.0122 -0.9889
vn -0.7063 0.7022 0.0896
vn -0.7230 0.6842 0.0958
vn -0.1418 0.0190 -0.9897
vn -0.1258 0.0008 -0.9920
vn -0.1222 -0.0080 -0.9925
vn -0.1372 -0.0261 -0.9902
vn -0.7711 -0.6271 0.1101
vn -0.7157 -0.6925 0.0901
vn 0.7842 0.6116 -0.1052
vn 0.7668 0.6342 -0.0996
vn 0.1307 0.0002 0.9914
vn 0.1755 0.0244 0.9842
vn 0.6882 0.7194 -0.0943
vn 0.6666 0.7403 -0.0871
vn -0.6878 0.7207 0.0872
vn 0.1332 -0.0044 0.9911
vn 0.1328 -0.0004 0.9911
vn 0.8594 -0.4988 -0.1122
vn 0.8533 -0.5091 -0.1128
vn 0.6668 -0.7397 -0.0912
vn 0.7211 -0.6867 -0.0921
vn 0.7457 -0.6587 -0.0996
vn -0.1346 -0.0043 -0.9909
vn -0.1310 0.0114 -0.9913
vn -0.1200 -0.0177 -0.9926
vn -0.8519 0.5115 0.1128
vn -0.7058 0.7023 0.0928
vn -0.7952 -0.5981 0.0998
vn -0.7258 -0.6808 0.0983
vn -0.7104 -0.6982 0.0882
vn -0.6509 -0.7539 0.0891
vn 0.8078 0.5791 -0.1096
vn 0.1327 0.0052 0.9911
vn 0.7500 0.6548 -0.0931
vn 0.7205 0.6869 -0.0955
vn -0.1202 -0.0134 -0.9927
vn -0.1401 0.0075 -0.9901
vn -0.1360 0.0076 -0.9907
vn -0.1283 -0.9892 0.0706
vn -0.4716 -0.8620 0.1861
vn -0.7699 -0.6322 0.0874
vn -0.0428 -0.9991 -0.0026
vn -0.7730 -0.6164 0.1501
vn -0.9365 -0.3006 0.1806
vn -0.9887 -0.0345 0.1458
vn -0.9676 0.2290 0.1061
vn -0.9200 0.3833 0.0814
vn -0.7363 0.6761 -0.0274
vn -0.3854 0.9225 -0.0228
vn -0.5333 0.8442 0.0539
vn -0.0589 0.9910 -0.1202
vn -0.0954 0.9954 0.0021
vn 0.3871 0.9062 -0.1702
vn 0.5080 0.8573 -0.0834
vn 0.0943 0.9952 -0.0266
vn -0.0105 0.9767 -0.2144
vn 0.7815 0.5904 -0.2015
vn 0.9068 0.3984 -0.1374
vn 0.9804 0.1251 -0.1525
vn 0.9556 -0.2624 -0.1341
vn 0.9669 -0.2471 -0.0640
vn 0.8469 -0.5317 -0.0113
vn 0.6233 -0.7814 -0.0301
vn 0.5903 -0.8030 -0.0821
vn 0.2760 -0.9600 0.0475
vn 0.1735 -0.9523 0.2509
vn -0.2119 -0.9421 0.2598
vn -0.7505 -0.5814 0.3142
vn -0.4938 0.8322 -0.2523
vn -0.2995 0.9078 -0.2937
vn 0.4951 0.8018 -0.3346
vn 0.6099 -0.7786 0.1477
vn -0.8807 0.4694 -0.0633
vn -0.0634 0.9088 -0.4125
vn 0.1779 -0.8927 0.4140
vn -0.3305 -0.8490 0.4123
vn -0.9690 0.2444 -0.0370
vn -0.7342 0.6164 -0.2846
vn 0.2421 0.8387 -0.4879
vn 0.5847 0.6951 -0.4183
vn 0.8871 0.3565 -0.2932
vn 0.9929 -0.0305 -0.1154
vn 0.6399 -0.7256 0.2531
vn -0.7364 -0.5335 0.4161
vn -0.9279 -0.2286 0.2944
vn -0.0575 0.8429 -0.5350
vn 0.9648 -0.2517 0.0769
vn 0.8856 -0.4434 0.1383
vn 0.0894 -0.7405 0.6660
vn -0.3038 -0.7723 0.5579
vn -0.4432 0.7028 -0.5565
vn 0.7589 -0.5357 0.3702
vn 0.4371 -0.7581 0.4840
vn -0.6031 -0.4902 0.6292
vn -0.8189 -0.3171 0.4784
vn -0.9592 -0.0891 0.2683
vn -0.9616 0.2469 -0.1202
vn -0.1426 0.7266 -0.6721
vn 0.5487 0.5536 -0.6265
vn 0.7352 0.4259 -0.5274
vn -0.2917 -0.6553 0.6968
vn -0.8042 0.3767 -0.4598
vn 0.1810 0.6374 -0.7490
vn -0.0849 0.7114 -0.6976
vn 0.9003 0.1800 -0.3962
vn 0.9445 -0.2619 0.1985
vn 0.4641 -0.6028 0.6491
vn 0.6322 0.3781 -0.6762
vn 0.1234 -0.4553 0.8817
vn -0.2634 -0.5343 0.8032
vn -0.5773 0.4064 -0.7081
vn -0.8547 0.2799 -0.4371
vn -0.3643 0.4778 -0.7994
vn -0.1258 0.4821 -0.8670
vn -0.1187 0.4774 -0.8706
vn 0.7732 -0.3555 0.5251
vn 0.4410 -0.5301 0.7242
vn -0.5865 -0.2607 0.7668
vn -0.8119 -0.1702 0.5585
vn 0.1468 0.3782 -0.9140
vn 0.3520 0.3523 -0.8672
vn 0.7602 0.1926 -0.6205
vn 0.9971 -0.0286 -0.0700
vn 0.9124 -0.1857 0.3647
vn -0.2680 -0.3739 0.8879
vn -0.9942 0.0532 -0.0933
vn 0.4532 -0.3022 0.8386
vn -0.8509 -0.0530 0.5226
vn -0.9862 -0.0140 0.1647
vn -0.9298 0.0727 -0.3609
vn -0.8036 0.1407 -0.5783
vn 0.6406 0.1257 -0.7576
vn 0.9606 -0.0501 0.2735
vn 0.2586 -0.1389 0.9560
vn -0.2418 -0.2073 0.9479
vn -0.6178 0.1255 -0.7763
vn -0.3868 0.1666 -0.9070
vn -0.1405 0.1593 -0.9772
vn -0.0906 0.1554 -0.9837
vn 0.8787 0.0476 -0.4750
vn 0.7058 -0.1426 0.6939
vn -0.5146 -0.0445 0.8563
vn 0.2590 0.0933 -0.9614
vn 0.6982 -0.0153 0.7158
vn -0.2555 0.0010 0.9668
vn -0.0107 -0.0255 0.9996
vn 0.1313 -0.0003 0.9913
vn -0.8677 -0.0004 0.4971
vn -0.9914 0.0004 0.1308
vn -0.9669 0.0015 -0.2551
vn -0.7933 0.0022 -0.6088
vn -0.2091 0.0942 -0.9734
vn 0.2556 0.0014 -0.9668
vn 0.6088 0.0012 -0.7933
vn 0.8678 0.0012 -0.4969
vn 0.9668 -0.0007 0.2557
vn 0.7938 0.0001 0.6082
vn 0.4961 -0.0002 0.8683
vn -0.0163 0.9999 0.0011
vn 0.2863 0.9543 0.0860
vn -0.0504 0.9987 0.0058
vn 0.3222 0.8705 -0.3719
vn 0.0861 0.9536 -0.2886
vn -0.3722 0.8702 -0.3228
vn 0.0160 0.9997 0.0195
vn -0.2649 0.9613 -0.0764
vn 0.0443 0.9990 -0.0101
vn -0.5469 0.8062 0.2255
vn 0.0366 0.9991 -0.0226
vn -0.0767 0.8883 0.4527
vn 0.0016 0.9995 -0.0303
vn 0.2065 0.9713 0.1178
vn 0.5958 0.6865 -0.4168
vn 0.1224 0.6808 0.7222
vn 0.4078 0.7133 0.5700
vn -0.2982 0.6967 0.6524
vn -0.4164 0.6870 -0.5955
vn 0.6629 0.7082 0.2429
vn 0.2453 0.7048 -0.6656
vn -0.6658 0.7047 -0.2452
vn -0.1740 0.9666 -0.1880
vn 0.0566 0.8645 -0.4994
vn 0.2152 0.8448 -0.4900
vn 0.4923 0.8489 0.1924
vn 0.6615 0.2213 0.7166
vn -0.7162 0.2145 0.6641
vn -0.5097 0.8310 0.2230
vn -0.5199 0.8515 0.0685
vn -0.3083 0.8546 -0.4177
vn -0.2764 0.0404 -0.9602
vn 0.3226 0.8389 -0.4383
vn 0.4125 0.8585 -0.3046
vn 0.2230 0.8310 0.5096
vn -0.5818 0.8056 -0.1116
vn -0.7806 0.5657 -0.2657
vn -0.1510 0.9870 -0.0557
vn 0.1224 0.9758 -0.1813
vn 0.5094 0.8572 -0.0755
vn -0.1925 0.8490 0.4921
vn -0.4222 0.8592 -0.2889
vn 0.5350 0.8413 0.0771
vn -0.3213 0.8609 0.3945
vn 0.2323 0.7404 -0.6308
vn 0.1065 0.7532 -0.6491
vn 0.2582 0.0084 -0.9661
vn 0.8578 0.0091 0.5139
vn 0.5234 0.0092 0.8520
vn -0.8662 0.0084 0.4997
vn -0.9908 0.0089 0.1349
vn -0.6052 0.7484 0.2714
vn -0.5535 0.7345 0.3927
vn -0.4997 0.0084 -0.8662
vn 0.6052 0.0089 -0.7960
vn 0.8855 0.0091 -0.4646
vn 0.8880 0.0080 -0.4597
vn -0.2713 0.7484 -0.6052
vn -0.3927 0.7345 -0.5535
vn 0.2737 0.7407 0.6136
vn 0.4042 0.7122 0.5739
vn -0.6306 0.7406 -0.2323
vn -0.6487 0.7535 -0.1064
vn -0.9672 0.0090 -0.2537
vn -0.9661 0.0083 -0.2582
vn 0.9754 0.0088 -0.2202
vn 0.6052 0.7484 -0.2714
vn 0.5536 0.7345 -0.3926
vn -0.2324 0.7405 0.6306
vn -0.1065 0.7537 0.6485
vn -0.2537 0.0090 0.9672
vn -0.2582 0.0084 0.9660
vn -0.7961 0.0089 -0.6051
vn 0.9743 -0.0826 0.2095
vn 0.9743 0.1037 0.2001
vn 0.6460 0.7266 0.2340
vn 0.6488 0.7535 0.1065
vn -0.6052 0.0089 0.7960
vn 0.0013 0.0034 -1.0000
vn 0.0110 0.0040 -0.9999
vn 0.0058 -0.0043 -1.0000
vn 0.0033 -0.0024 -1.0000
vn 0.0112 -0.0060 -0.9999
vn -0.0026 -0.0015 -1.0000
vn 0.0183 0.0039 -0.9998
vn 0.0115 -0.0003 -0.9999
vn 0.0071 -0.0002 -1.0000
vn 0.0074 -0.0142 -0.9999
vn 0.0068 0.0040 -1.0000
vn -0.0041 0.9997 0.0245
vn 0.0193 0.9997 0.0156
vn 0.0035 0.9996 -0.0268
vn 0.0245 0.9997 -0.0092
vn -0.0209 0.9997 -0.0162
vn -0.0228 0.9997 0.0093
vn -0.9826 -0.1859 -0.0029
vn -0.9829 0.1835 -0.0174
vn -0.9831 -0.1832 -0.0040
vn -0.0071 0.4970 0.8677
vn 0.2846 0.6493 0.7053
vn -0.2924 0.6532 0.6985
vn 0.0021 0.4986 0.8668
vn -0.5044 0.0133 0.8634
vn -0.5025 0.0052 0.8646
vn -0.6572 0.2868 0.6970
vn -0.6572 -0.2926 0.6946
vn 0.0063 -0.0031 1.0000
vn -0.0069 0.0102 0.9999
vn -0.0079 -0.0004 1.0000
vn -0.0028 0.0046 1.0000
vn -0.0056 0.0048 1.0000
vn -0.0017 -0.0094 1.0000
vn 0.0011 0.0050 1.0000
vn -0.0090 -0.0006 1.0000
vn 0.0100 0.0042 0.9999
vn -0.0235 0.0005 0.9997
vn -0.0118 0.0105 0.9999
vn -0.0060 0.0248 0.9997
vn -0.0298 -0.0042 0.9995
vn -0.0072 -0.0033 1.0000
vn -0.0097 -0.0179 0.9998
vn -0.0157 0.0022 0.9999
vn -0.0017 0.9969 0.0784
vn -0.0016 0.9971 0.0756
vn -0.0043 0.9971 0.0755
vn -0.0039 0.9970 0.0771
vn -0.8395 -0.4556 0.2960
vn -1.0000 -0.0060 0.0028
vn -0.9998 -0.0183 0.0101
vn -0.8142 -0.3636 -0.4526
vn -1.0000 0.0048 -0.0008
vn -1.0000 0.0004 0.0001
vn -1.0000 -0.0026 0.0067
vn -1.0000 0.0004 0.0072
vn -0.0059 0.9999 0.0093
vn -0.0191 0.9997 0.0179
vn -0.3585 0.8262 -0.4346
vn -0.4515 0.8409 0.2983
vn 0.0046 -1.0000 0.0070
vn 0.0072 -0.9999 0.0108
vn -0.0027 -0.9999 0.0127
vn -0.0003 -1.0000 0.0061
vn 0.8294 0.3619 -0.4257
vn 0.8386 0.4493 0.3080
vn 0.9998 0.0058 0.0169
vn 0.9994 0.0109 0.0337
vn -0.8325 0.4509 0.3218
vn -0.8391 0.3592 -0.4085
vn -0.9997 0.0103 0.0207
vn -1.0000 0.0063 0.0029
vn 0.4914 -0.0133 0.8708
vn 0.4895 -0.0051 0.8720
vn 0.6467 -0.2869 0.7067
vn 0.6467 0.2926 0.7044
vn 0.4560 -0.8349 0.3083
vn 0.0067 -0.9999 0.0110
vn 0.0179 -0.9997 0.0178
vn 0.3669 -0.8178 -0.4434
vn 0.9999 0.0024 0.0131
vn 0.9998 0.0062 0.0202
vn 0.9997 0.0011 0.0223
vn 0.9999 -0.0018 0.0159
vn -0.9977 -0.0003 0.0683
vn -0.9978 -0.0002 0.0669
vn -0.9979 0.0011 0.0651
vn -0.9977 0.0020 0.0682
vn -0.2922 -0.6532 0.6985
vn 0.2847 -0.6493 0.7053
vn -0.0072 -0.4970 0.8677
vn 0.0098 -0.4969 0.8678
vn 0.4484 0.8301 0.3316
vn 0.3622 0.8422 -0.3993
vn 0.0183 0.9996 0.0202
vn 0.0061 0.9999 0.0104
vn -0.0006 -0.9970 0.0777
vn -0.0039 -0.9970 0.0773
vn -0.0033 -0.9972 0.0748
vn -0.0016 -0.9971 0.0756
vn -0.1988 -0.9800 -0.0114
vn -0.1858 -0.9826 -0.0081
vn 0.1911 -0.9816 0.0043
vn 0.9965 0.0016 0.0833
vn 0.9967 -0.0018 0.0814
vn 0.9962 0.0009 0.0869
vn 0.9961 0.0019 0.0885
vn -0.0046 1.0000 0.0070
vn -0.0074 0.9999 0.0106
vn -0.0013 0.9999 0.0148
vn 0.0019 1.0000 0.0084
vn -0.4533 -0.8301 0.3247
vn -0.3562 -0.8422 -0.4048
vn -0.0186 -0.9996 0.0200
vn -0.0058 -0.9999 0.0102
vn 0.8362 -0.3726 -0.4023
vn 0.9994 -0.0135 0.0307
vn 0.9998 -0.0045 0.0187
vn 0.8206 -0.4621 0.3362
vn 0.7819 0.0083 -0.6233
vn 0.7800 -0.0080 -0.6257
vn -0.0056 -0.0330 0.9994
vn 0.5574 0.7903 0.2545
vn 0.5631 0.7878 -0.2496
vn 0.1747 0.9846 0.0019
vn 0.1696 0.9855 0.0042
vn 0.9795 0.2013 0.0067
vn 0.9807 0.1957 0.0042
vn 0.7631 0.5992 -0.2421
vn 0.7564 0.6015 0.2570
vn 0.0315 0.0255 -0.9992
vn 0.9834 -0.1814 0.0086
vn 0.7797 -0.5704 0.2582
vn 0.7854 -0.5707 -0.2398
vn 0.9834 -0.1813 0.0077
vn 0.5816 -0.7733 0.2526
vn 0.1871 -0.9823 0.0069
vn 0.5875 -0.7707 -0.2468
vn -0.0157 0.0014 0.9999
vn -0.0091 0.0014 1.0000
vn -0.7783 0.5779 0.2456
vn -0.7777 0.5729 -0.2589
vn -0.9837 0.1785 -0.0223
vn -0.5840 0.7749 0.2417
vn -0.1885 0.9821 0.0007
vn -0.1898 0.9818 -0.0010
vn -0.5809 0.7727 -0.2558
vn -0.0083 -0.0096 0.9999
vn -0.0102 -0.0030 0.9999
vn -0.5876 -0.7752 0.2320
vn -0.5782 -0.7746 -0.2563
vn -0.7785 -0.5754 -0.2507
vn -0.7804 -0.5746 0.2465
vn -0.0039 0.7845 -0.6202
vn 0.0131 -0.7708 -0.6369
vn -0.0033 -0.7755 -0.6314
vn 0.7470 0.0082 0.6648
vn 0.0074 0.0014 1.0000
vn -0.0000 -0.0013 1.0000
vn 0.0045 -0.7685 0.6399
vn -0.0061 -0.0143 0.9999
vn 0.0024 0.7628 0.6466
vn -0.0090 0.0081 0.9999
vn -0.0067 0.0161 0.9998
vn -0.0048 0.0034 1.0000
vn -0.0059 -0.0027 1.0000
vn -0.0129 0.7773 0.6290
vn -0.7587 -0.0079 0.6514
vn -0.0226 -0.0013 0.9997
vn -0.7893 0.0079 0.6139
vn 0.7804 -0.0079 0.6253
vn -0.7730 -0.0081 -0.6343
vn -0.7710 0.0080 -0.6368
vn 0.9570 -0.2901 0.0057
vn 0.9208 -0.3899 0.0096
vn 0.9168 -0.3993 0.0050
vn 0.9790 -0.2038 0.0068
vn 0.9932 -0.1160 0.0120
vn 1.0000 -0.0079 0.0025
vn 0.9796 0.2008 0.0099
vn 0.9166 0.3997 0.0109
vn 0.9901 0.1398 0.0148
vn 0.9210 0.3894 0.0054
vn 0.9650 0.2621 0.0052
vn -0.9534 0.3018 -0.0031
vn -0.9376 0.3474 -0.0174
vn -0.9805 0.1966 -0.0073
vn -0.9117 0.4109 -0.0051
vn -0.9294 -0.3689 -0.0067
vn -0.9239 -0.3824 -0.0108
vn -0.8079 -0.5893 -0.0058
vn -0.9591 -0.2829 -0.0076
vn -0.9764 -0.2157 -0.0057
vn -0.8881 0.4595 -0.0120
vn -0.0188 0.0002 0.9998
vn -0.0168 -0.0025 0.9999
vn -0.0179 -0.0019 0.9998
vn -0.0173 -0.0065 0.9998
vn -0.0206 -0.0099 0.9997
vn 0.1410 -0.9899 -0.0153
vn 0.1461 -0.9891 -0.0200
vn 0.2183 -0.9759 -0.0058
vn 0.2104 -0.9776 -0.0060
vn -0.0203 0.0029 0.9998
vn 0.0075 0.0172 -0.9998
vn 0.0048 0.0155 -0.9999
vn 0.0037 -0.0037 -1.0000
vn 0.0082 0.0045 -1.0000
vn 0.0087 -0.0068 -0.9999
vn 0.0006 0.0166 -0.9999
vn 0.0003 0.0116 -0.9999
vn -0.0010 0.0156 0.9999
vn -0.0201 0.0037 0.9998
vn -0.0139 0.0022 0.9999
vn 0.0094 -0.0063 -0.9999
vn 0.1664 0.9860 -0.0049
vn 0.1852 0.9827 -0.0044
vn 0.1437 0.9894 -0.0222
vn 0.1362 0.9905 -0.0196
vn -0.0128 0.0027 0.9999
vn 0.0051 -0.0156 -0.9999
vn 0.0076 -0.0139 -0.9999
vn 0.0086 0.0056 -0.9999
vn 0.0039 -0.0186 -0.9998
vn 0.0084 0.0057 -0.9999
vn 0.0057 -0.0128 -0.9999
vn -0.0069 0.0014 1.0000
vn -0.9944 0.1029 -0.0220
vn -1.0000 0.0007 -0.0031
vn -0.9884 -0.1508 -0.0159
vn 0.2834 0.9590 0.0010
vn 0.3735 0.9276 0.0090
vn 0.3878 0.9217 0.0014
vn 0.1982 0.9802 0.0003
vn 0.0575 0.9983 0.0107
vn -0.5371 0.8434 -0.0104
vn -0.4632 0.8863 -0.0063
vn -0.2536 0.9673 0.0031
vn -0.3646 0.9311 -0.0098
vn -0.1528 0.9878 0.0300
vn -0.0258 0.9996 0.0127
vn 0.4889 0.8724 0.0034
vn -0.3045 -0.9525 -0.0024
vn -0.1955 -0.9807 -0.0088
vn -0.1866 -0.9824 -0.0032
vn -0.4101 -0.9120 -0.0039
vn 0.2192 -0.9756 0.0088
vn -0.0077 -0.9999 0.0102
vn 0.0911 -0.9958 -0.0097
vn 0.4685 -0.8834 0.0088
vn 0.3793 -0.9253 -0.0066
vn 0.6224 -0.7827 -0.0000
vn 0.2894 -0.9572 0.0026
vn -0.3960 -0.9183 -0.0040
vn 0.0091 0.0104 -0.9999
vn -0.0013 0.0060 -1.0000
vn 0.0044 -0.0025 -1.0000
vn -0.0119 -0.0118 0.9999
vn -0.0114 -0.0068 0.9999
vn -0.0134 -0.0046 0.9999
vn -0.0063 -0.0198 0.9998
vn -0.0041 -0.0170 0.9998
vn 0.9900 0.1408 -0.0090
vn 0.9892 0.1458 -0.0137
vn 0.9759 0.2181 -0.0001
vn 0.9777 0.2102 -0.0003
vn -0.0081 0.0006 -1.0000
vn 0.0154 0.0345 -0.9993
vn 0.0146 0.0008 -0.9999
vn -0.0133 -0.0026 -0.9999
vn -0.0008 -0.0032 -1.0000
vn -0.0009 -0.0029 1.0000
vn -0.0054 -0.0005 1.0000
vn 0.0005 -0.0070 1.0000
vn -0.0003 -0.0116 0.9999
vn -0.0116 -0.0151 0.9998
vn 0.0138 0.0019 -0.9999
vn -0.9858 0.1676 -0.0111
vn -0.9836 0.1802 -0.0066
vn -0.9892 0.1436 -0.0307
vn -0.9903 0.1361 -0.0280
vn 0.0054 0.0014 -1.0000
vn 0.0236 0.0121 -0.9996
vn 0.0006 -0.0013 -1.0000
vn 0.0266 -0.0182 -0.9995
vn -0.0096 -0.0060 0.9999
vn -0.0085 -0.0583 -0.9983
vn -0.9580 0.2865 -0.0087
vn -0.9250 0.3798 -0.0065
vn -0.9201 0.3916 -0.0084
vn -0.9814 0.1919 -0.0054
vn -0.9879 0.1547 -0.0050
vn -0.9799 -0.1992 -0.0077
vn -0.9296 -0.3685 -0.0018
vn -0.9959 -0.0899 -0.0028
vn -0.8160 -0.5778 -0.0135
vn -0.9261 -0.3767 -0.0201
vn -0.7856 -0.6187 -0.0049
vn -0.9999 0.0017 -0.0159
vn -0.8708 0.4917 -0.0064
vn -0.3768 -0.9263 0.0003
vn -0.1940 -0.9810 -0.0017
vn -0.1226 -0.9924 0.0047
vn 0.9534 -0.3015 0.0117
vn 0.9505 -0.3104 -0.0133
vn 0.9829 -0.1839 -0.0019
vn 0.9117 -0.4108 0.0091
vn 0.9773 0.2115 0.0068
vn 0.9987 0.0482 -0.0192
vn 0.9323 0.3617 -0.0047
vn 0.9545 0.2979 0.0100
vn 0.9118 0.4107 0.0083
vn 0.8948 -0.4464 -0.0000
vn 0.0019 0.0049 1.0000
vn 0.0004 0.0013 1.0000
vn 0.0004 0.0010 1.0000
vn 0.0029 -0.0023 1.0000
vn 0.0020 -0.0010 1.0000
vn 0.0044 -0.0063 1.0000
vn -0.1407 0.9899 -0.0174
vn -0.1457 0.9891 -0.0222
vn -0.2180 0.9759 -0.0090
vn -0.2101 0.9776 -0.0092
vn -0.0048 0.0058 1.0000
vn 0.0023 0.0043 1.0000
vn 0.0090 -0.0164 -0.9998
vn 0.0105 -0.0154 -0.9998
vn 0.0088 0.0016 -1.0000
vn 0.0074 -0.0010 -1.0000
vn 0.0048 0.0063 -1.0000
vn 0.0163 -0.0115 -0.9998
vn 0.0195 -0.0122 -0.9997
vn -0.0043 0.0088 1.0000
vn 0.0042 0.0059 -1.0000
vn 0.0172 0.0131 -0.9998
vn 0.0089 0.0149 -0.9999
vn 0.0037 0.0129 -0.9999
vn -0.1677 -0.9858 -0.0050
vn -0.1803 -0.9836 -0.0006
vn -0.1434 -0.9894 -0.0244
vn -0.1359 -0.9905 -0.0216
vn 0.0014 -0.0063 1.0000
vn 0.0064 0.0163 -0.9998
vn 0.0062 -0.0042 -1.0000
vn 0.0086 -0.0065 -0.9999
vn 0.0031 -0.0109 0.9999
vn 0.9999 -0.0072 0.0150
vn -0.2086 0.9780 -0.0003
vn -0.0813 0.9966 -0.0139
vn -0.3619 0.9321 -0.0139
vn -0.3761 -0.9266 -0.0027
vn -0.2702 -0.9628 -0.0015
vn 0.0061 -1.0000 -0.0061
vn 0.1991 -0.9800 0.0004
vn 0.3598 -0.9330 0.0063
vn 0.1258 -0.9920 0.0070
vn 0.5566 -0.8307 0.0073
vn 0.4481 -0.8940 -0.0016
vn 0.3024 -0.9532 -0.0030
vn -0.4820 -0.8762 -0.0050
vn 0.4095 0.9123 0.0031
vn 0.3788 0.9255 0.0013
vn 0.2142 0.9768 -0.0005
vn 0.3057 0.9521 0.0017
vn -0.4222 0.9065 -0.0007
vn -0.6042 0.7968 -0.0085
vn -0.2995 0.9541 0.0013
vn 0.4726 0.8813 -0.0003
vn 0.1790 0.9838 -0.0012
vn -0.0085 0.0117 0.9999
vn -0.0092 0.0108 0.9999
vn -0.0041 0.0149 0.9999
vn -0.0115 0.0105 0.9999
vn -0.0044 0.0150 0.9999
vn -0.9897 -0.1408 -0.0238
vn -0.9889 -0.1458 -0.0285
vn -0.9758 -0.2181 -0.0147
vn -0.9775 -0.2102 -0.0150
vn 0.0252 0.0006 -0.9997
vn 0.0237 0.0029 -0.9997
vn 0.0061 0.0028 -1.0000
vn 0.0118 0.0002 -0.9999
vn -0.0118 0.0011 0.9999
vn -0.0103 0.0004 0.9999
vn -0.0122 0.0084 0.9999
vn 0.0040 0.0111 0.9999
vn 0.0026 -0.0032 -1.0000
vn 0.0019 -0.0024 -1.0000
vn 0.0285 -0.0017 -0.9996
vn -0.0007 0.0122 -0.9999
vn -0.0208 0.0096 -0.9997
vn 0.0081 0.0106 -0.9999
vn 0.9858 -0.1676 0.0037
vn 0.9836 -0.1802 0.0082
vn 0.9895 -0.1437 -0.0158
vn 0.9906 -0.1362 -0.0132
vn -0.0073 0.0028 -1.0000
vn -0.0064 0.0017 -1.0000
vn 0.0131 0.0029 -0.9999
vn 0.0117 0.0017 -0.9999
vn -0.0038 0.0078 1.0000
vn 0.0183 -0.0056 -0.9998
vn 0.0311 0.0108 -0.9995
vn 0.0241 0.0167 -0.9996
vn 0.0098 1.0000 0.0013
vn -0.8709 0.4915 -0.0064
vn 0.8591 -0.5117 0.0073
vn -0.0153 0.0021 -0.9999
vn 0.0140 0.0123 -0.9998
vn 0.5116 0.8592 0.0046
vn -0.0097 -0.0048 0.9999
vn -0.0134 -0.0095 0.9999
vn -0.4913 -0.8710 -0.0036
vn -0.6443 0.7647 -0.0036
vn 0.0127 -0.0186 -0.9997
vn 0.8639 -0.5036 0.0053
vn 0.4916 0.8708 0.0038
vn -0.4973 -0.8676 -0.0062
vn -0.5116 -0.8592 -0.0046
vn -0.7988 -0.6016 -0.0081
vn -0.0012 -0.0025 -1.0000
vn -0.0160 -0.0052 -0.9999
vn 0.6448 -0.7642 0.0163
vn 0.7394 -0.6733 0.0020
vn -0.0081 0.0005 1.0000
vn -0.0035 -0.0031 1.0000
vn -0.0437 0.0289 0.9986
vn -0.6447 0.7644 -0.0022
vn -0.6881 0.7255 -0.0094
vn -0.7225 0.6914 -0.0026
vn -0.0040 0.0135 -0.9999
vn -0.0047 0.0139 -0.9999
vn 0.0061 -0.0137 -0.9999
vn -0.0032 -0.0237 -0.9997
vn -0.7063 -0.7079 -0.0061
vn -0.7019 -0.7123 -0.0052
vn -0.0005 0.0083 1.0000
vn -0.0108 -0.0048 0.9999
vn 0.7834 0.6216 0.0045
vn 0.7812 0.6242 0.0061
vn 0.6970 0.7170 0.0050
vn 0.6909 0.7229 0.0037
vn -0.0020 0.0025 1.0000
vn -0.0210 0.0271 -0.9994
vn 0.8594 -0.5113 0.0064
vn 0.7458 -0.6661 0.0023
vn 0.7744 -0.6327 0.0060
vn 0.7115 -0.7026 0.0064
vn 0.6662 -0.7458 0.0015
vn -0.0025 -0.0080 -1.0000
vn -0.0005 0.0084 -1.0000
vn -0.8593 0.5114 -0.0057
vn -0.7209 0.6930 -0.0087
vn -0.7407 0.6718 -0.0060
vn -0.6786 -0.7345 -0.0056
vn -0.6772 -0.7357 -0.0059
vn 0.8102 0.5861 0.0024
vn 0.7848 0.6198 0.0066
vn 0.7217 0.6922 0.0021
vn 0.6988 0.7153 0.0059
vn 0.0238 -0.0136 -0.9996
vn 0.0205 -0.0091 -0.9997
vn -0.0021 -0.0006 -1.0000
vn -0.2333 -0.9626 0.1380
vn -0.5157 -0.8525 0.0856
vn -0.7741 -0.6327 -0.0212
vn -0.0008 -0.9999 -0.0101
vn 0.1433 -0.9891 0.0340
vn -0.7886 -0.6136 0.0402
vn -0.9574 -0.2867 0.0340
vn -0.9965 -0.0804 0.0236
vn -0.9728 0.2300 -0.0292
vn -0.9155 0.3990 -0.0526
vn -0.7188 0.6855 -0.1162
vn -0.3851 0.9181 -0.0934
vn -0.5361 0.8439 -0.0202
vn -0.0523 0.9948 -0.0875
vn -0.0934 0.9956 -0.0117
vn 0.2757 0.9494 -0.1504
vn 0.5279 0.8387 -0.1337
vn 0.5357 0.8442 -0.0166
vn 0.0919 0.9957 -0.0140
vn 0.0242 0.9961 -0.0853
vn 0.8058 0.5873 -0.0764
vn 0.9737 0.2274 -0.0160
vn 0.9649 0.2598 -0.0389
vn 0.9981 -0.0595 0.0127
vn 0.9216 -0.3830 0.0629
vn 0.7754 -0.6314 -0.0098
vn 0.7070 -0.6956 0.1272
vn 0.4664 -0.8780 0.1078
vn 0.1342 -0.9631 0.2333
vn -0.5865 -0.7689 0.2544
vn -0.8649 -0.4693 0.1780
vn -0.4746 0.8306 -0.2911
vn -0.0008 0.9571 -0.2899
vn 0.9491 -0.2905 0.1220
vn -0.2522 0.8790 -0.4045
vn -0.0404 0.9307 -0.3635
vn 0.3857 -0.8581 0.3389
vn -0.1393 -0.9075 0.3962
vn -0.9569 -0.2480 0.1510
vn -0.9265 0.3199 -0.1983
vn -0.7468 0.5785 -0.3280
vn 0.2827 0.8354 -0.4714
vn 0.5099 0.7537 -0.4146
vn 0.7143 0.6157 -0.3326
vn 0.8003 0.5295 -0.2814
vn 0.8682 -0.4285 0.2503
vn 0.6801 -0.6417 0.3545
vn -0.6047 -0.6811 0.4128
vn 0.0690 0.8380 -0.5413
vn 0.9805 0.1408 -0.1372
vn 0.3632 -0.7739 0.5189
vn -0.1352 -0.8185 0.5583
vn -0.8622 -0.3918 0.3212
vn -0.4752 0.6689 -0.5716
vn -0.4677 -0.6011 0.6480
vn -0.7346 -0.4569 0.5016
vn -0.2463 0.6782 -0.6923
vn -0.0055 0.6650 -0.7468
vn -0.0407 0.7482 -0.6622
vn 0.9873 -0.1121 0.1121
vn 0.3790 -0.6831 0.6243
vn -0.1039 -0.7176 0.6886
vn -0.9585 -0.1731 0.2267
vn -0.9894 -0.0530 0.1352
vn -0.8965 0.2946 -0.3310
vn -0.7394 0.4410 -0.5087
vn 0.2969 0.6138 -0.7315
vn 0.5146 0.5659 -0.6441
vn 0.7140 0.4617 -0.5263
vn 0.8924 0.2921 -0.3439
vn 0.8759 -0.3126 0.3676
vn 0.6756 -0.4798 0.5598
vn 0.3611 -0.5353 0.7636
vn -0.1375 -0.5577 0.8186
vn -0.8559 -0.2422 0.4570
vn -0.5211 0.3991 -0.7544
vn 0.0467 0.4349 -0.8993
vn -0.5864 -0.3646 0.7233
vn -0.7657 0.2849 -0.5766
vn -0.2299 0.3872 -0.8929
vn -0.0157 0.4167 -0.9089
vn 0.9992 -0.0008 0.0389
vn 0.9391 -0.0998 0.3289
vn 0.3739 -0.3993 0.8371
vn -0.1338 -0.4010 0.9062
vn -0.9582 0.0420 -0.2831
vn 0.3992 0.3727 -0.8377
vn 0.7651 0.2747 -0.5825
vn 0.7701 -0.2711 0.5775
vn -0.6064 -0.2237 0.7631
vn -0.6990 0.1451 -0.7002
vn 0.9657 0.0461 -0.2556
vn 0.3633 -0.2390 0.9005
vn -0.1330 -0.2177 0.9669
vn -0.7980 -0.0723 0.5983
vn -0.9643 -0.0533 0.2593
vn -0.8602 0.0479 -0.5077
vn -0.3854 0.1162 -0.9154
vn 0.2837 0.1652 -0.9446
vn 0.5313 0.1274 -0.8375
vn 0.8079 0.0812 -0.5837
vn 0.8711 -0.0523 0.4882
vn 0.6712 -0.1178 0.7319
vn -0.4149 -0.0459 0.9087
vn -0.0526 0.1083 -0.9927
vn 0.0170 0.0863 -0.9961
vn 0.4834 -0.0460 0.8742
vn 0.0872 -0.0395 0.9954
vn -0.3860 -0.0007 0.9225
vn -0.0082 -0.0002 1.0000
vn -0.7123 0.0003 0.7019
vn -0.9283 -0.0004 0.3719
vn -1.0000 0.0003 -0.0063
vn -0.9223 0.0020 -0.3864
vn -0.7017 0.0016 -0.7125
vn -0.3725 0.0013 -0.9280
vn -0.0727 0.0937 -0.9929
vn 0.3861 0.0017 -0.9225
vn 0.0875 0.0937 -0.9918
vn 0.7123 0.0023 -0.7019
vn 0.9281 0.0019 -0.3722
vn 1.0000 0.0004 0.0080
vn 0.9224 -0.0004 0.3863
vn 0.7019 -0.0000 0.7123
vn 0.3727 0.0006 0.9279
vn -0.0130 0.9997 -0.0213
vn 0.2740 0.9535 0.1252
vn -0.0526 0.9986 0.0011
vn 0.3708 0.8703 -0.3242
vn -0.0212 0.9997 0.0134
vn 0.0211 0.9997 -0.0133
vn -0.1264 0.9527 0.2762
vn -0.0016 0.9985 -0.0541
vn 0.1251 0.9537 -0.2737
vn 0.0011 0.9986 0.0526
vn -0.3243 0.8702 -0.3710
vn 0.0133 0.9997 0.0212
vn -0.2739 0.9536 -0.1251
vn 0.0526 0.9986 -0.0011
vn -0.3709 0.8703 0.3241
vn 0.3214 0.8753 0.3614
vn -0.3349 0.7045 0.6257
vn 0.6474 0.6867 -0.3307
vn 0.3376 0.6754 0.6557
vn -0.3303 0.6871 -0.6471
vn 0.6260 0.7043 0.3348
vn -0.6474 0.6867 0.3308
vn 0.3348 0.7043 -0.6260
vn -0.6259 0.7044 -0.3348
vn 0.0039 0.8510 -0.5252
vn 0.1508 0.8366 -0.5266
vn 0.2585 0.8490 -0.4609
vn 0.4610 0.8489 0.2585
vn 0.3464 0.8610 0.3725
vn 0.5586 0.2205 0.7996
vn -0.8009 0.2191 0.5573
vn -0.5356 0.8309 0.1507
vn -0.5244 0.8515 -0.0039
vn -0.5576 0.2166 -0.8013
vn -0.1511 0.8302 -0.5366
vn 0.3725 0.8610 -0.3464
vn 0.8008 0.2199 -0.5571
vn 0.1505 0.8309 0.5356
vn -0.0038 0.8515 0.5243
vn -0.5258 0.8372 -0.1507
vn -0.4609 0.8489 -0.2585
vn 0.5356 0.8309 -0.1507
vn 0.5244 0.8515 0.0040
vn -0.1506 0.8372 0.5257
vn -0.2585 0.8488 0.4612
vn -0.3464 0.8608 -0.3728
vn 0.5257 0.8372 0.1507
vn -0.3725 0.8610 0.3464
vn 0.0400 0.9972 -0.0631
vn 0.3157 0.7652 -0.5611
vn 0.2121 0.7135 -0.6678
vn 0.0070 0.0083 -0.9999
vn 0.0030 0.0089 -1.0000
vn 0.3846 0.0090 -0.9230
vn 0.3889 0.0084 -0.9212
vn 0.7751 0.0082 0.6318
vn 0.7788 0.0091 0.6272
vn 0.4009 0.0092 0.9161
vn 0.3958 0.0083 0.9183
vn 0.0331 0.9976 0.0603
vn 0.3212 0.7732 0.5468
vn 0.4567 0.7366 0.4989
vn -0.9268 0.0084 0.3755
vn -0.9250 0.0090 0.3798
vn -1.0000 0.0089 -0.0030
vn -0.9999 0.0083 -0.0070
vn -0.0689 0.9976 -0.0011
vn -0.6342 0.7732 0.0063
vn -0.6620 0.7352 0.1456
vn -0.3755 0.0084 -0.9268
vn -0.3797 0.0090 -0.9250
vn 0.7120 0.0083 -0.7021
vn 0.7091 0.0089 -0.7050
vn 0.9411 0.0091 -0.3381
vn 0.9429 0.0080 -0.3329
vn -0.0031 0.0089 1.0000
vn -0.0069 0.0083 0.9999
vn -0.9230 0.0090 -0.3846
vn -0.9212 0.0084 -0.3889
vn 0.9965 0.0088 -0.0836
vn 0.9970 0.0072 -0.0777
vn 0.0690 0.9976 0.0013
vn 0.6343 0.7731 -0.0064
vn 0.6621 0.7351 -0.1458
vn -0.0351 0.9976 0.0590
vn -0.3103 0.7725 0.5541
vn -0.2026 0.7364 0.6455
vn -0.3847 0.0090 0.9230
vn -0.3889 0.0084 0.9213
vn -0.7021 0.0083 -0.7120
vn -0.7050 0.0089 -0.7091
vn -0.0447 0.9964 -0.0717
vn -0.3213 0.7730 -0.5470
vn -0.4568 0.7366 -0.4988
vn 0.9362 -0.0825 0.3418
vn 0.9374 0.1037 0.3325
vn -0.7120 0.0083 0.7021
vn -0.7091 0.0089 0.7050
vn 0.9889 -0.0020 -0.1485
vn 0.9899 0.0020 -0.1418
vn 0.9900 -0.0060 -0.1413
vn -0.9898 -0.0001 0.1426
vn 0.9893 0.0199 -0.1442
vn 0.9895 -0.0049 -0.1448
vn 0.9886 0.0034 -0.1502
vn 0.9893 -0.0044 -0.1461
vn 0.9877 -0.0008 -0.1562
vn 0.9923 -0.0000 -0.1236
vn 0.9899 -0.0008 -0.1415
vn 0.9895 -0.0002 -0.1446
vn 0.9894 0.0052 -0.1448
vn 0.0047 0.9995 0.0319
vn 0.0258 0.9995 0.0207
vn 0.0022 0.9994 -0.0349
vn 0.0338 0.9994 -0.0048
vn 0.0985 0.9861 -0.1339
vn -0.0203 0.9995 0.0251
vn -0.0916 0.9863 -0.1374
vn -0.0318 0.9994 -0.0101
vn -0.8588 0.4970 0.1243
vn -0.6540 0.6493 0.3881
vn -0.7347 0.6532 -0.1833
vn -0.8565 0.4986 0.1334
vn -0.9894 -0.0164 0.1445
vn -0.9894 -0.0101 0.1446
vn -0.9896 -0.0079 0.1438
vn -0.9298 0.0132 -0.3679
vn -0.9307 0.0051 -0.3658
vn -0.7884 0.2869 -0.5442
vn -0.7861 -0.2924 -0.5445
vn -0.9896 0.0012 0.1437
vn -0.9894 -0.0005 0.1452
vn -0.9886 0.0035 0.1505
vn -0.9893 0.0042 0.1461
vn -0.9887 -0.0103 0.1494
vn -0.9897 -0.0011 0.1434
vn -0.9899 -0.0014 0.1417
vn -0.9907 0.0027 0.1363
vn -0.9922 0.0070 0.1243
vn -0.9898 0.0221 0.1409
vn -0.9891 -0.0065 0.1470
vn -0.9882 0.0055 0.1528
vn -0.9865 -0.0065 0.1636
vn -0.0779 0.9969 0.0102
vn -0.0751 0.9971 0.0099
vn -0.0754 0.9971 0.0072
vn -0.0770 0.9970 0.0077
vn -0.4197 -0.4556 -0.7850
vn -0.1541 -0.0061 -0.9880
vn -0.1614 -0.0183 -0.9867
vn 0.3241 -0.3636 -0.8733
vn -0.1506 0.0049 -0.9886
vn -0.1515 0.0005 -0.9885
vn -0.1580 -0.0025 -0.9874
vn -0.1586 0.0005 -0.9873
vn -0.0101 0.9999 -0.0044
vn -0.0206 0.9997 -0.0162
vn 0.3752 0.8262 -0.4203
vn -0.3634 0.8408 -0.4012
vn -0.9895 -0.0001 0.1446
vn -0.9896 0.0088 0.1439
vn -0.0063 -1.0000 0.0055
vn -0.0095 -0.9999 0.0089
vn -0.0129 -0.9999 -0.0007
vn -0.0061 -1.0000 0.0007
vn 0.5465 0.3620 0.7552
vn -0.1772 0.4494 0.8756
vn 0.1347 0.0058 0.9909
vn 0.1181 0.0110 0.9929
vn -0.4442 0.4509 -0.7742
vn 0.2769 0.3592 -0.8913
vn -0.1719 0.0104 -0.9851
vn -0.1544 0.0062 -0.9880
vn -0.7864 -0.0134 0.6176
vn -0.7878 -0.0053 0.6159
vn -0.6007 -0.2867 0.7463
vn -0.5983 0.2927 0.7459
vn -0.2357 -0.8349 0.4974
vn -0.0099 -0.9999 0.0084
vn -0.0150 -0.9997 0.0204
vn 0.4938 -0.8178 0.2956
vn 0.1383 0.0025 0.9904
vn 0.1313 0.0062 0.9913
vn 0.1293 0.0012 0.9916
vn 0.1356 -0.0016 0.9908
vn -0.2185 -0.0004 -0.9758
vn -0.2168 -0.0003 -0.9762
vn -0.2154 0.0011 -0.9765
vn -0.2185 0.0019 -0.9758
vn -0.7346 -0.6533 -0.1832
vn -0.6539 -0.6494 0.3881
vn -0.8588 -0.4971 0.1241
vn -0.8563 -0.4969 0.1409
vn -0.2598 0.8301 0.4934
vn 0.4498 0.8421 0.2975
vn -0.0173 0.9996 0.0212
vn -0.0096 0.9999 0.0076
vn -0.0768 -0.9970 0.0111
vn -0.0768 -0.9970 0.0079
vn -0.0743 -0.9972 0.0080
vn -0.0750 -0.9971 0.0099
vn -0.9895 0.0004 0.1443
vn -0.9895 -0.0012 0.1443
vn -0.9898 -0.0001 0.1428
vn 0.0686 0.0013 0.9976
vn 0.0704 -0.0020 0.9975
vn 0.0651 0.0007 0.9979
vn 0.0633 0.0017 0.9980
vn -0.0076 1.0000 -0.0035
vn -0.0117 0.9999 -0.0058
vn -0.0148 0.9999 0.0009
vn -0.0081 1.0000 0.0031
vn -0.3896 -0.8301 -0.3990
vn 0.3464 -0.8421 -0.4133
vn -0.0226 -0.9996 -0.0153
vn -0.0109 -0.9999 -0.0042
vn 0.5245 -0.3724 0.7657
vn 0.1210 -0.0135 0.9926
vn 0.1329 -0.0045 0.9911
vn -0.2077 -0.4620 0.8622
vn -0.9896 -0.0217 0.1425
vn -0.1658 0.7933 0.5859
vn 0.3317 0.7911 0.5139
vn 0.0254 0.9852 0.1696
vn 0.0237 0.9855 0.1680
vn 0.1404 0.1984 0.9700
vn 0.1412 0.2000 0.9696
vn 0.3514 0.5987 0.7198
vn -0.1394 0.5984 0.7890
vn 0.1417 -0.1830 0.9728
vn -0.1373 -0.5724 0.8084
vn 0.3580 -0.5712 0.7386
vn 0.1438 -0.1790 0.9733
vn -0.1617 -0.7731 0.6133
vn 0.0184 -0.9819 0.1884
vn 0.0218 -0.9819 0.1882
vn 0.3328 -0.7706 0.5436
vn -0.9918 0.0006 0.1281
vn -0.9930 -0.0000 0.1179
vn -0.9909 0.0007 0.1343
vn -0.1385 0.1822 -0.9735
vn -0.3614 0.5736 -0.7351
vn 0.1330 0.5721 -0.8094
vn -0.1360 0.1807 -0.9741
vn -0.3281 0.7713 -0.5453
vn -0.0302 0.9815 -0.1888
vn -0.0286 0.9812 -0.1908
vn 0.1639 0.7689 -0.6180
vn -0.9892 -0.0283 0.1440
vn -0.9892 -0.0279 0.1441
vn -0.3231 -0.7752 -0.5428
vn 0.1656 -0.7739 -0.6113
vn -0.0152 -0.9809 -0.1938
vn -0.0141 -0.9822 -0.1872
vn -0.1478 -0.1862 -0.9713
vn -0.1472 -0.1826 -0.9721
vn 0.1293 -0.5744 -0.8083
vn -0.3621 -0.5732 -0.7351
vn 0.6590 -0.7471 -0.0875
vn 0.6166 -0.7812 -0.0979
vn -0.5779 0.0084 0.8161
vn -0.9857 0.0004 0.1688
vn -0.9871 -0.0006 0.1604
vn 0.6682 0.7364 -0.1058
vn 0.5932 0.8012 -0.0788
vn -0.9894 0.0012 0.1452
vn -0.9896 0.0156 0.1433
vn -0.9891 0.0227 0.1457
vn -0.9892 0.0190 0.1450
vn -0.6193 -0.7790 0.0978
vn -0.7693 -0.0080 -0.6389
vn -0.9926 -0.0002 0.1213
vn -0.9919 -0.0003 0.1270
vn -0.4988 -0.0079 0.8667
vn 0.7342 -0.0079 0.6789
vn 0.7367 0.0083 0.6761
vn 0.5070 -0.0079 -0.8619
vn 0.5161 0.0080 -0.8565
vn -0.7258 0.0078 -0.6879
vn -0.6668 0.7380 0.1034
vn -0.9892 0.0271 0.1439
vn -0.6201 0.7800 0.0844
vn -0.9868 -0.0011 0.1622
vn -0.9865 -0.0011 0.1637
vn -0.9893 0.0228 0.1439
vn -0.9865 0.0004 0.1636
vn -0.9920 -0.0002 0.1262
vn -0.9896 0.0092 0.1432
vn -0.9880 -0.0006 0.1543
vn 0.1406 -0.1984 0.9700
vn 0.1308 -0.3825 0.9146
vn 0.1327 -0.3866 0.9127
vn 0.1380 -0.2729 0.9521
vn 0.1353 -0.1196 0.9836
vn 0.1478 -0.0000 0.9890
vn 0.1228 0.5770 0.8074
vn 0.1224 0.4727 0.8727
vn 0.1382 0.3580 0.9235
vn 0.1369 0.1778 0.9745
vn 0.1496 0.0154 0.9886
vn 0.1426 0.2588 0.9554
vn -0.1408 0.3237 -0.9356
vn -0.1254 0.3609 -0.9242
vn -0.1433 0.2075 -0.9677
vn -0.1399 -0.3093 -0.9406
vn -0.1360 -0.2129 -0.9676
vn -0.1311 -0.3768 -0.9170
vn -0.1328 0.4214 -0.8971
vn -0.1236 0.4667 -0.8758
vn -0.1315 0.0877 -0.9874
vn -0.1373 -0.1788 -0.9743
vn -0.9908 -0.0017 0.1350
vn -0.9906 -0.0050 0.1368
vn -0.9908 -0.0011 0.1356
vn -0.9912 0.0026 0.1326
vn -0.9908 0.0009 0.1354
vn -0.9914 0.0023 0.1312
vn -0.9911 0.0061 0.1333
vn -0.9907 0.0012 0.1361
vn 0.0365 -0.9899 0.1369
vn 0.0419 -0.9891 0.1411
vn 0.0388 -0.9758 0.2151
vn 0.0379 -0.9776 0.2072
vn -0.9898 -0.0028 0.1422
vn -0.9907 -0.0061 0.1356
vn 0.9891 0.0175 -0.1459
vn 0.9892 0.0182 -0.1452
vn 0.9895 0.0033 -0.1444
vn 0.9894 -0.0007 -0.1449
vn -0.9895 -0.0021 0.1443
vn 0.9905 -0.0066 -0.1373
vn 0.9903 -0.0065 -0.1388
vn 0.9876 0.0144 -0.1563
vn 0.0301 0.9861 0.1636
vn 0.0323 0.9827 0.1824
vn 0.0437 0.9894 0.1385
vn 0.0400 0.9905 0.1315
vn 0.9894 -0.0155 -0.1442
vn 0.9892 -0.0167 -0.1455
vn -0.9914 0.0114 0.1307
vn 0.9891 0.0067 -0.1470
vn 0.9878 -0.0118 -0.1553
vn 0.9891 0.0065 -0.1468
vn 0.9879 -0.0111 -0.1544
vn -0.9890 -0.0051 0.1475
vn 0.9880 0.0102 -0.1539
vn -0.1328 -0.4332 -0.8915
vn -0.1433 -0.0189 -0.9895
vn 0.0414 0.9578 0.2845
vn 0.0259 0.9827 0.1833
vn 0.0572 0.9207 0.3862
vn 0.0203 0.9917 0.1270
vn -0.0418 0.9685 -0.2456
vn -0.0092 0.9996 -0.0259
vn -0.0268 0.9866 -0.1609
vn 0.0111 0.9999 0.0049
vn -0.0703 0.8409 -0.5365
vn -0.0648 0.8911 -0.4491
vn -0.0438 0.9296 -0.3659
vn 0.0555 0.9235 0.3795
vn 0.0681 0.8777 0.4743
vn 0.0716 0.8709 0.4863
vn -0.0599 -0.9121 -0.4055
vn -0.0440 -0.9266 -0.3734
vn -0.0476 -0.9537 -0.2970
vn 0.0419 -0.9835 0.1762
vn -0.0011 -0.9999 0.0160
vn 0.0204 -0.9981 -0.0575
vn 0.0684 -0.9472 0.3132
vn 0.0410 -0.9426 0.3314
vn -0.0324 -0.9779 -0.2065
vn -0.9895 -0.0136 0.1438
vn -0.9898 -0.0162 0.1416
vn -0.9903 -0.0159 0.1383
vn 0.1587 0.1409 0.9772
vn 0.1633 0.1459 0.9757
vn 0.1479 0.2178 0.9647
vn 0.1483 0.2099 0.9664
vn 0.9869 -0.0005 -0.1614
vn 0.9871 -0.0027 -0.1600
vn 0.9898 -0.0029 -0.1422
vn 0.9890 -0.0002 -0.1477
vn 0.9902 -0.0043 -0.1398
vn 0.9899 -0.0021 -0.1421
vn 0.9889 -0.0138 -0.1479
vn -0.9890 -0.0083 0.1479
vn -0.9886 -0.0074 0.1502
vn -0.9890 -0.0053 0.1481
vn -0.9893 -0.0155 0.1453
vn -0.9893 -0.0143 0.1455
vn -0.1383 0.1677 -0.9761
vn -0.1424 0.1803 -0.9733
vn -0.1194 0.1440 -0.9824
vn -0.1222 0.1365 -0.9831
vn 0.9917 -0.0031 -0.1282
vn 0.9916 -0.0020 -0.1290
vn -0.9904 -0.0141 0.1377
vn -0.9902 -0.0008 0.1397
vn 0.9886 -0.0029 -0.1504
vn 0.9921 -0.0084 -0.1249
vn 0.9886 -0.0028 -0.1504
vn 0.9911 -0.0058 -0.1327
vn -0.9901 0.0019 0.1407
vn 0.9885 -0.0140 -0.1506
vn 0.9858 -0.0074 -0.1679
vn -0.9839 0.0743 0.1624
vn 0.0719 -0.8538 0.5157
vn -0.1363 0.2862 -0.9484
vn -0.1341 0.3730 -0.9181
vn -0.1314 0.3916 -0.9107
vn -0.1424 0.1943 -0.9706
vn -0.1462 0.1406 -0.9792
vn -0.1382 0.0063 -0.9904
vn -0.1297 -0.3872 -0.9128
vn -0.1284 -0.4848 -0.8651
vn -0.1405 -0.3180 -0.9376
vn -0.1486 -0.1045 -0.9834
vn -0.1381 -0.1923 -0.9716
vn -0.1368 -0.2690 -0.9534
vn -0.1264 0.4909 -0.8620
vn 0.1317 -0.3854 0.9133
vn 0.1403 -0.3780 0.9151
vn 0.1348 -0.2915 0.9470
vn 0.1414 0.3671 0.9194
vn 0.1409 0.2070 0.9681
vn 0.1510 0.1512 0.9769
vn 0.1214 0.4711 0.8737
vn 0.1193 0.6059 0.7865
vn 0.1353 0.2907 0.9472
vn 0.1382 -0.2097 0.9679
vn 0.9899 -0.0004 -0.1418
vn 0.9897 -0.0047 -0.1430
vn 0.9897 0.0144 -0.1423
vn 0.1266 -0.4761 0.8702
vn 0.1387 0.0035 0.9903
vn -0.9882 0.0014 0.1535
vn -0.9880 0.0028 0.1546
vn -0.9882 0.0018 0.1534
vn -0.9880 -0.0009 0.1547
vn -0.9879 -0.0017 0.1552
vn -0.0041 0.9899 -0.1420
vn -0.0001 0.9890 -0.1476
vn -0.0241 0.9759 -0.2169
vn -0.0228 0.9776 -0.2091
vn 0.9897 -0.0187 -0.1417
vn 0.9895 -0.0197 -0.1432
vn -0.9892 0.0044 0.1462
vn -0.9897 0.0008 0.1433
vn -0.9883 0.0040 0.1522
vn -0.9882 -0.0073 0.1532
vn 0.9902 0.0189 -0.1382
vn 0.9894 0.0148 -0.1445
vn 0.9892 0.0109 -0.1462
vn -0.0205 -0.9858 -0.1666
vn -0.0267 -0.9836 -0.1783
vn 0.0024 -0.9893 -0.1456
vn 0.0007 -0.9905 -0.1378
vn 0.9900 0.0159 -0.1405
vn -0.9886 -0.0061 0.1503
vn 0.9893 -0.0027 -0.1458
vn 0.9896 -0.0023 -0.1441
vn 0.9888 -0.0119 -0.1490
vn 0.9893 -0.0177 -0.1451
vn 0.9908 -0.0237 -0.1331
vn -0.9904 0.0033 0.1384
vn 0.9889 0.0048 -0.1483
vn 0.9891 0.0057 -0.1472
vn 0.1561 -0.1029 0.9824
vn -0.0278 0.9777 -0.2081
vn 0.0277 0.9992 -0.0282
vn -0.0386 0.9303 -0.3649
vn -0.0387 -0.9594 -0.2794
vn -0.0532 -0.9386 -0.3409
vn -0.0540 -0.9188 -0.3911
vn -0.0297 -0.9820 -0.1867
vn -0.0240 -0.9898 -0.1406
vn 0.0061 -0.9999 -0.0143
vn 0.0306 -0.9789 0.2022
vn 0.0509 -0.9168 0.3961
vn 0.0064 -0.9952 0.0979
vn 0.0591 -0.9181 0.3918
vn 0.0424 -0.9593 0.2792
vn -0.0686 -0.8944 -0.4419
vn 0.0391 0.9526 0.3017
vn 0.0694 0.9366 0.3436
vn 0.0370 0.9808 0.1914
vn 0.0579 0.9104 0.4097
vn -0.0468 0.9535 -0.2978
vn -0.0604 0.9103 -0.4095
vn 0.9893 0.0014 -0.1460
vn 0.9895 0.0006 -0.1444
vn 0.9869 -0.0024 -0.1612
vn -0.9899 0.0116 0.1413
vn -0.9897 0.0118 0.1425
vn -0.9895 0.0106 0.1440
vn -0.9902 0.0079 0.1396
vn -0.9894 0.0096 0.1451
vn -0.9893 0.0063 0.1460
vn -0.9888 0.0073 0.1493
vn -0.9888 0.0140 0.1484
vn -0.1263 -0.1410 -0.9819
vn -0.1215 -0.1460 -0.9818
vn -0.1332 -0.2182 -0.9668
vn -0.1333 -0.2103 -0.9685
vn 0.9917 0.0053 -0.1286
vn 0.9918 0.0065 -0.1278
vn 0.9886 -0.0062 -0.1505
vn 0.9886 -0.0049 -0.1503
vn 0.9913 0.0072 -0.1316
vn 0.1456 -0.1677 0.9750
vn 0.1409 -0.1803 0.9735
vn 0.1655 -0.1435 0.9757
vn 0.1630 -0.1360 0.9772
vn 0.9868 -0.0035 -0.1619
vn 0.9904 -0.0001 -0.1384
vn 0.9880 0.0087 -0.1544
vn 0.9904 0.0003 -0.1379
vn 0.9873 0.0116 -0.1586
vn -0.9897 -0.0000 0.1429
vn -0.9903 0.0057 0.1389
vn 0.9911 0.0082 -0.1327
vn 0.9906 0.0256 -0.1341
vn -0.0104 0.9999 0.0016
vn -0.1258 0.4825 -0.8668
vn -0.9906 0.0053 0.1368
vn 0.1276 -0.4915 0.8615
vn 0.0860 -0.8068 0.5846
vn 0.9870 0.0101 -0.1604
vn 0.9866 0.0093 -0.1630
vn 0.9925 0.0205 -0.1208
vn 0.9916 0.0064 -0.1293
vn 0.0737 0.8747 0.4791
vn 0.0745 0.8586 0.5072
vn -0.0690 -0.8645 -0.4978
vn -0.9899 -0.0011 0.1418
vn -0.0868 0.7805 -0.6191
vn -0.0898 0.7847 -0.6133
vn 0.9921 -0.0152 -0.1243
vn 0.9902 -0.0139 -0.1393
vn 0.0897 -0.7947 0.6003
vn 0.0899 -0.7730 0.6280
vn -0.9899 0.0027 0.1420
vn -0.9896 0.0014 0.1437
vn -0.0680 -0.8702 -0.4879
vn -0.0728 -0.8595 -0.5059
vn -0.1185 -0.5459 -0.8294
vn 0.9867 -0.0031 -0.1627
vn 0.9897 0.0049 -0.1432
vn 0.0955 -0.7144 0.6932
vn 0.0978 -0.7347 0.6713
vn -0.9898 0.0034 0.1427
vn -0.9897 0.0082 0.1431
vn -0.0960 0.7611 -0.6415
vn -0.0949 0.7248 -0.6824
vn -0.1068 0.6893 -0.7166
vn 0.9869 0.0236 -0.1599
vn 0.9893 0.0182 -0.1451
vn 0.9889 -0.0015 -0.1488
vn 0.9866 -0.0010 -0.1629
vn 0.9891 -0.0167 -0.1462
vn -0.1100 -0.6592 -0.7439
vn -0.0926 -0.7774 -0.6221
vn -0.0935 -0.7561 -0.6477
vn -0.1023 -0.7047 -0.7021
vn -0.9899 -0.0011 0.1421
vn -0.9898 -0.0023 0.1425
vn 0.1024 0.6780 0.7279
vn 0.1086 0.6941 0.7117
vn 0.0916 0.7502 0.6549
vn -0.9888 -0.0064 0.1492
vn 0.1254 -0.5008 0.8564
vn 0.1253 -0.4987 0.8577
vn 0.1047 -0.7093 0.6971
vn 0.1036 -0.6896 0.7167
vn 0.9874 -0.0212 -0.1570
vn 0.9887 -0.0002 -0.1499
vn -0.1244 0.5099 -0.8512
vn -0.1051 0.6961 -0.7102
vn -0.1048 0.6697 -0.7352
vn -0.1096 -0.6219 -0.7754
vn -0.1105 -0.6499 -0.7519
vn -0.0989 -0.7227 -0.6840
vn -0.0962 -0.7300 -0.6766
vn -0.9896 -0.0009 0.1442
vn -0.9895 -0.0008 0.1443
vn 0.0999 0.6450 0.7576
vn 0.1025 0.7223 0.6839
vn 0.9910 -0.0073 -0.1339
vn 0.9907 0.0040 -0.1356
vn -0.0943 -0.9670 -0.2368
vn -0.2047 -0.8764 -0.4359
vn -0.0805 -0.8035 -0.5899
vn 0.0066 -1.0000 -0.0001
vn -0.0570 -0.9877 0.1457
vn -0.2061 -0.6864 -0.6974
vn -0.1669 -0.3953 -0.9033
vn -0.1355 -0.2576 -0.9567
vn -0.1520 -0.0542 -0.9869
vn -0.0652 0.3584 -0.9313
vn -0.1236 0.3963 -0.9098
vn 0.0182 0.7631 -0.6460
vn -0.0599 0.8562 -0.5131
vn 0.0942 0.9439 -0.3164
vn 0.0554 0.9984 -0.0126
vn 0.0014 0.9957 -0.0922
vn 0.1681 0.9569 0.2370
vn 0.2121 0.8387 0.5016
vn 0.0912 0.8571 0.5070
vn 0.0289 0.9952 0.0931
vn 0.2088 0.9765 -0.0538
vn 0.2034 0.5857 0.7846
vn 0.1471 0.3965 0.9062
vn 0.1884 0.2420 0.9518
vn 0.1046 -0.0897 0.9905
vn 0.1458 -0.2594 0.9547
vn 0.0879 -0.3720 0.9240
vn -0.0034 -0.6972 0.7169
vn -0.0067 -0.8772 0.4801
vn 0.0900 -0.8042 0.5875
vn -0.2852 -0.9550 -0.0812
vn 0.2198 0.8425 -0.4919
vn 0.3205 0.9470 0.0201
vn -0.2132 -0.8809 0.4225
vn -0.3078 -0.5115 -0.8022
vn -0.2993 -0.2619 -0.9175
vn -0.0541 -0.4928 0.8684
vn -0.4394 -0.8973 -0.0425
vn -0.3867 -0.8035 -0.4526
vn -0.4568 -0.6237 -0.6344
vn 0.0708 0.3056 -0.9495
vn 0.1231 0.4104 -0.9036
vn 0.1981 0.6248 -0.7552
vn 0.4237 0.8474 -0.3200
vn 0.4862 0.8493 0.2059
vn 0.4860 0.7549 0.4404
vn 0.4327 0.6045 0.6689
vn 0.3407 0.3337 0.8790
vn -0.2550 -0.6260 0.7370
vn -0.3623 -0.8369 0.4102
vn 0.6257 0.7798 -0.0223
vn 0.5343 0.8428 -0.0647
vn -0.0981 -0.3071 0.9466
vn -0.5633 -0.7992 0.2096
vn -0.6009 -0.7330 -0.3188
vn -0.2871 -0.1037 -0.9523
vn 0.4748 0.6646 -0.5769
vn -0.4605 -0.3828 -0.8008
vn -0.5648 -0.6600 0.4954
vn -0.7352 -0.6776 0.0172
vn -0.7374 -0.5620 -0.3746
vn -0.6098 -0.4704 -0.6379
vn 0.4051 0.4869 -0.7738
vn 0.6985 0.6321 -0.3355
vn 0.7469 0.6447 0.1631
vn 0.7175 0.5467 0.4317
vn 0.6853 0.7212 -0.1006
vn 0.5527 0.4020 0.7300
vn 0.3240 0.1551 0.9333
vn 0.0053 -0.0852 0.9963
vn -0.2423 -0.2986 0.9231
vn -0.4507 -0.4764 0.7549
vn 0.1288 0.1878 -0.9737
vn -0.8542 -0.5200 -0.0005
vn -0.5793 -0.2341 -0.7808
vn 0.7418 0.4541 -0.4935
vn 0.8579 0.4742 -0.1977
vn 0.8841 0.4586 -0.0897
vn -0.7257 -0.4871 0.4859
vn -0.8130 -0.3525 -0.4635
vn -0.2117 -0.0237 -0.9770
vn 0.5304 0.2685 -0.8041
vn 0.8810 0.3942 0.2617
vn 0.7933 0.3537 0.4956
vn -0.9272 -0.3742 0.0132
vn 0.3649 0.1813 -0.9132
vn 0.6013 0.1285 0.7886
vn 0.3771 0.0477 0.9249
vn 0.1232 -0.0003 0.9924
vn -0.1549 -0.0758 0.9850
vn -0.4444 -0.2645 0.8559
vn -0.8255 -0.3078 0.4731
vn -0.7679 -0.1830 -0.6138
vn 0.1077 0.0437 -0.9932
vn 0.8986 0.1989 -0.3912
vn 0.9709 0.1906 0.1451
vn -0.9908 -0.1333 0.0251
vn -0.9367 -0.2042 -0.2846
vn -0.5294 -0.0454 -0.8471
vn 0.7662 0.1409 -0.6270
vn 0.9773 0.1357 -0.1630
vn 0.9855 0.1039 -0.1345
vn 0.8672 0.0918 0.4895
vn -0.3935 -0.0646 0.9171
vn -0.7156 -0.1544 0.6812
vn -0.8756 -0.0279 -0.4823
vn 0.4856 0.0484 -0.8729
vn -0.9525 -0.0521 0.2999
vn -0.6984 -0.0196 0.7155
vn -0.9705 -0.0005 -0.2413
vn -0.9897 -0.0005 0.1432
vn -0.8013 0.0001 -0.5983
vn -0.5088 -0.0006 -0.8609
vn -0.1446 0.0003 -0.9895
vn 0.2419 0.0017 -0.9703
vn 0.5978 0.0022 -0.8016
vn 0.8609 0.0020 -0.5087
vn 0.9704 0.0942 -0.2223
vn 0.9703 0.0022 0.2418
vn 0.9935 0.0939 -0.0636
vn 0.8016 0.0028 0.5978
vn 0.5082 0.0020 0.8612
vn 0.1436 0.0004 0.9896
vn -0.2422 -0.0003 0.9702
vn -0.5975 0.0005 0.8019
vn -0.8610 0.0011 0.5086
vn 0.0190 0.9997 -0.0160
vn -0.0822 0.9536 0.2898
vn -0.0091 0.9986 -0.0518
vn 0.3764 0.8705 0.3171
vn -0.0163 0.9997 -0.0189
vn 0.0163 0.9997 0.0188
vn -0.2921 0.9528 -0.0832
vn 0.0533 0.9985 -0.0098
vn 0.2896 0.9536 0.0822
vn -0.0518 0.9986 0.0091
vn 0.3173 0.8704 -0.3766
vn -0.0189 0.9997 0.0164
vn 0.0821 0.9536 -0.2896
vn 0.0091 0.9986 0.0518
vn -0.3766 0.8703 -0.3174
vn -0.3084 0.8754 0.3723
vn -0.6694 0.7043 -0.2362
vn 0.4248 0.6868 0.5898
vn -0.5969 0.6755 0.4328
vn 0.5901 0.6866 -0.4247
vn -0.2362 0.7042 0.6695
vn -0.4250 0.6865 -0.5900
vn 0.6692 0.7046 0.2361
vn 0.2362 0.7044 -0.6694
vn 0.5198 0.8509 -0.0757
vn 0.5434 0.8366 0.0692
vn 0.4947 0.8490 0.1856
vn -0.1856 0.8490 0.4947
vn -0.3157 0.8610 0.3988
vn -0.7073 0.2183 0.6723
vn -0.6734 0.2117 -0.7084
vn -0.2299 0.8309 -0.5066
vn -0.0756 0.8515 -0.5188
vn 0.7066 0.2208 -0.6723
vn 0.5078 0.8300 -0.2306
vn 0.3987 0.8610 0.3158
vn 0.6725 0.2183 0.7072
vn -0.5064 0.8311 0.2299
vn -0.5189 0.8515 0.0756
vn 0.0694 0.8373 -0.5424
vn 0.1857 0.8490 -0.4947
vn 0.2298 0.8310 0.5066
vn 0.0756 0.8515 0.5188
vn -0.5424 0.8372 -0.0694
vn -0.4947 0.8490 -0.1856
vn 0.3159 0.8609 -0.3987
vn -0.0694 0.8372 0.5424
vn -0.3987 0.8610 -0.3158
vn 0.6338 0.7405 0.2237
vn 0.6500 0.7537 0.0976
vn 0.9895 0.0083 -0.1444
vn 0.9889 0.0089 -0.1485
vn 0.9706 0.0090 0.2405
vn 0.9695 0.0084 0.2450
vn -0.5073 0.0082 0.8618
vn -0.5020 0.0091 0.8648
vn -0.8447 0.0092 0.5351
vn -0.8478 0.0083 0.5302
vn -0.5115 0.0083 -0.8592
vn -0.5154 0.0090 -0.8569
vn -0.1484 0.0089 -0.9889
vn -0.1444 0.0083 -0.9895
vn -0.1256 0.7250 -0.6772
vn -0.2441 0.7351 -0.6325
vn 0.8592 0.0084 -0.5115
vn 0.8568 0.0090 -0.5155
vn 0.8018 0.0083 0.5975
vn 0.8043 0.0089 0.5942
vn 0.4768 0.0091 0.8790
vn 0.4717 0.0080 0.8817
vn 0.6030 0.7470 -0.2801
vn 0.5518 0.7305 -0.4024
vn -0.9889 0.0089 0.1485
vn -0.9895 0.0083 0.1445
vn -0.0467 0.9989 0.0093
vn -0.5748 0.7766 0.2579
vn -0.5487 0.7339 0.4003
vn 0.2405 0.0090 -0.9706
vn 0.2450 0.0084 -0.9695
vn 0.2336 0.0088 0.9723
vn 0.2277 0.0072 0.9737
vn 0.2798 0.7483 0.6015
vn 0.4007 0.7341 0.5482
vn -0.7390 0.6691 -0.0784
vn -0.9706 0.0090 -0.2405
vn -0.9695 0.0084 -0.2450
vn 0.5974 0.0083 -0.8019
vn 0.5942 0.0089 -0.8042
vn 0.3068 0.5559 -0.7725
vn -0.1962 -0.0825 0.9771
vn -0.1866 0.1037 0.9770
vn -0.2238 0.7405 0.6337
vn -0.0977 0.7534 0.6503
vn -0.8018 0.0083 -0.5975
vn -0.8043 0.0089 -0.5942
vn -0.6446 0.5966 -0.4781
vn 0.9892 0.0301 -0.1436
vn 0.9899 0.0033 -0.1418
vn 0.9893 -0.0172 -0.1447
vn 0.9889 -0.0020 -0.1486
vn 0.9900 -0.0060 -0.1412
vn -0.9894 0.0003 0.1451
vn 0.9887 0.0033 -0.1502
vn 0.9893 -0.0046 -0.1460
vn 0.9878 -0.0008 -0.1557
vn 0.9923 -0.0000 -0.1242
vn 0.9900 -0.0008 -0.1413
vn 0.9895 -0.0003 -0.1445
vn 0.9895 0.0026 -0.1448
vn -0.9894 -0.0004 0.1453
vn 0.0064 0.9992 0.0384
vn 0.0267 0.9995 0.0196
vn -0.0218 0.9994 0.0283
vn -0.0049 0.9995 -0.0324
vn -0.0255 0.9995 -0.0209
vn 0.0324 0.9995 -0.0045
vn 0.0203 0.9994 -0.0266
vn -0.0388 0.9992 0.0045
vn -0.9892 0.0269 0.1438
vn -0.9896 0.0154 0.1433
vn -0.9893 0.0180 0.1450
vn -0.8588 0.4969 0.1244
vn -0.6540 0.6493 0.3882
vn -0.7347 0.6532 -0.1832
vn -0.9892 -0.0258 0.1441
vn -0.9893 -0.0210 0.1441
vn -0.9895 -0.0214 0.1429
vn -0.9896 -0.0153 0.1432
vn -0.7884 0.2870 -0.5442
vn -0.7861 -0.2924 -0.5446
vn -0.9895 0.0011 0.1445
vn -0.9896 0.0013 0.1438
vn -0.9889 0.0044 0.1485
vn -0.9892 0.0047 0.1464
vn -0.9887 -0.0096 0.1495
vn -0.9880 -0.0042 0.1544
vn -0.9897 -0.0007 0.1432
vn -0.9900 -0.0016 0.1414
vn -0.9907 0.0025 0.1363
vn -0.9922 0.0067 0.1241
vn -0.9898 0.0223 0.1407
vn -0.9891 -0.0064 0.1468
vn -0.0779 0.9969 0.0103
vn -0.0749 0.9971 0.0099
vn -0.0753 0.9971 0.0072
vn -0.0769 0.9970 0.0079
vn -0.4198 -0.4556 -0.7850
vn 0.3241 -0.3636 -0.8734
vn -0.1506 0.0047 -0.9886
vn -0.1515 0.0003 -0.9885
vn -0.1586 0.0006 -0.9873
vn -0.0102 0.9999 -0.0043
vn 0.3754 0.8261 -0.4203
vn -0.3631 0.8410 -0.4012
vn -0.9895 -0.0003 0.1443
vn -0.9895 0.0087 0.1441
vn -0.0095 -0.9999 0.0088
vn -0.0060 -1.0000 0.0005
vn 0.5465 0.3618 0.7553
vn -0.1771 0.4492 0.8757
vn 0.2767 0.3592 -0.8913
vn -0.1719 0.0103 -0.9851
vn -0.1543 0.0062 -0.9880
vn -0.7864 -0.0133 0.6176
vn -0.7878 -0.0051 0.6159
vn -0.6007 -0.2868 0.7463
vn -0.0100 -0.9999 0.0083
vn 0.1383 0.0027 0.9904
vn 0.1314 0.0061 0.9913
vn 0.1293 0.0011 0.9916
vn 0.1356 -0.0015 0.9908
vn -0.2185 -0.0002 -0.9758
vn -0.2168 -0.0000 -0.9762
vn -0.2154 0.0012 -0.9765
vn -0.2186 0.0020 -0.9758
vn -0.6540 -0.6493 0.3882
vn -0.8588 -0.4970 0.1243
vn -0.8563 -0.4968 0.1411
vn -0.2597 0.8301 0.4934
vn 0.4499 0.8421 0.2975
vn -0.0094 0.9999 0.0077
vn -0.0769 -0.9970 0.0080
vn -0.0749 -0.9971 0.0100
vn -0.9895 -0.0011 0.1444
vn -0.9897 0.0001 0.1428
vn -0.9897 -0.0011 0.1429
vn 0.0686 0.0015 0.9976
vn 0.0702 -0.0016 0.9975
vn 0.0650 0.0008 0.9979
vn 0.0632 0.0018 0.9980
vn 0.3463 -0.8422 -0.4133
vn -0.0226 -0.9996 -0.0154
vn -0.0110 -0.9999 -0.0041
vn 0.5246 -0.3725 0.7656
vn 0.1330 -0.0045 0.9911
vn -0.2077 -0.4621 0.8622
vn 0.7329 0.0083 0.6803
vn -0.9901 -0.0030 0.1404
vn -0.1659 0.7933 0.5858
vn 0.3317 0.7912 0.5139
vn 0.0253 0.9852 0.1696
vn 0.0236 0.9855 0.1680
vn 0.1384 0.1993 0.9701
vn 0.1395 0.1980 0.9702
vn 0.3516 0.5979 0.7204
vn -0.1395 0.5977 0.7895
vn 0.1437 -0.1835 0.9725
vn -0.1373 -0.5741 0.8072
vn 0.3591 -0.5721 0.7374
vn 0.1464 -0.1790 0.9729
vn -0.1618 -0.7730 0.6134
vn 0.0182 -0.9819 0.1885
vn 0.0216 -0.9819 0.1883
vn 0.3329 -0.7705 0.5437
vn -0.9923 0.0005 0.1239
vn -0.9923 0.0001 0.1236
vn -0.9916 0.0005 0.1293
vn -0.1410 0.1812 -0.9733
vn -0.3620 0.5699 -0.7376
vn 0.1315 0.5693 -0.8116
vn -0.1398 0.1794 -0.9738
vn -0.9894 -0.0212 0.1439
vn -0.9893 -0.0216 0.1440
vn -0.3216 -0.7764 -0.5419
vn 0.1660 -0.7753 -0.6094
vn -0.0151 -0.9814 -0.1916
vn -0.0140 -0.9819 -0.1888
vn -0.1423 -0.1882 -0.9718
vn -0.1406 -0.1842 -0.9728
vn 0.1325 -0.5796 -0.8041
vn -0.3608 -0.5804 -0.7301
vn 0.6170 -0.7808 -0.0980
vn 0.6000 0.7943 -0.0955
vn 0.6413 0.7625 -0.0858
vn -0.6406 0.7613 0.1005
vn -0.9896 0.0057 0.1439
vn -0.6248 0.7764 0.0827
vn -0.7242 0.0091 -0.6895
vn -0.9935 0.0014 0.1138
vn -0.9861 -0.0000 0.1659
vn -0.9862 -0.0002 0.1656
vn -0.5013 -0.0092 0.8652
vn 0.7388 -0.0079 0.6739
vn 0.5046 -0.0079 -0.8633
vn 0.5212 0.0080 -0.8534
vn -0.6510 -0.7519 0.1043
vn -0.9850 -0.0025 0.1725
vn -0.9865 -0.0010 0.1636
vn -0.9894 0.0222 0.1438
vn -0.9859 0.0004 0.1674
vn -0.9855 0.0010 0.1699
vn -0.9919 -0.0001 0.1270
vn -0.9918 -0.0002 0.1277
vn -0.9896 0.0091 0.1433
vn -0.9871 -0.0002 0.1604
vn 0.1398 -0.2910 0.9464
vn 0.1317 -0.3820 0.9147
vn 0.1338 -0.4035 0.9051
vn 0.1380 -0.1938 0.9713
vn 0.1434 0.2009 0.9691
vn 0.1270 0.3852 0.9140
vn 0.1398 0.0985 0.9853
vn 0.1461 -0.0106 0.9892
vn 0.1421 -0.1418 0.9796
vn 0.1338 0.3810 0.9148
vn -0.1330 -0.4689 -0.8732
vn -0.1245 -0.3533 -0.9272
vn -0.1132 -0.5802 -0.8066
vn -0.1408 -0.3049 -0.9419
vn -0.1422 -0.2054 -0.9683
vn -0.1329 0.4240 -0.8959
vn -0.1284 0.3655 -0.9219
vn -0.1417 0.3273 -0.9342
vn -0.1363 0.1999 -0.9703
vn 0.9896 0.0019 -0.1439
vn 0.9891 -0.0161 -0.1461
vn 0.9892 -0.0156 -0.1454
vn -0.1237 0.4661 -0.8760
vn -0.9910 -0.0039 0.1338
vn -0.9910 -0.0021 0.1338
vn -0.9908 0.0005 0.1357
vn -0.9913 0.0023 0.1317
vn -0.9908 0.0010 0.1351
vn -0.9915 0.0021 0.1302
vn -0.9915 0.0107 0.1298
vn 0.0387 -0.9758 0.2151
vn 0.0378 -0.9776 0.2072
vn 0.9894 0.0153 -0.1442
vn 0.9894 -0.0022 -0.1455
vn 0.9892 0.0144 -0.1457
vn -0.9900 -0.0034 0.1409
vn -0.9919 -0.0156 0.1259
vn 0.9892 -0.0059 -0.1462
vn 0.9893 -0.0057 -0.1460
vn 0.9880 0.0145 -0.1538
vn 0.0301 0.9860 0.1637
vn 0.0438 0.9894 0.1387
vn 0.0400 0.9905 0.1317
vn 0.9887 -0.0122 -0.1495
vn 0.9898 0.0055 -0.1425
vn 0.9901 0.0058 -0.1403
vn -0.9911 0.0047 0.1328
vn 0.9886 -0.0202 -0.1494
vn -0.9894 -0.0023 0.1453
vn 0.9882 0.0115 -0.1526
vn 0.1413 0.2582 0.9557
vn -0.1345 -0.0944 -0.9864
vn -0.1424 0.0138 -0.9897
vn -0.1381 0.1501 -0.9790
vn 0.0432 0.9581 0.2832
vn 0.0474 0.9340 0.3541
vn 0.0587 0.9201 0.3872
vn 0.0269 0.9839 0.1764
vn 0.0176 0.9921 0.1242
vn -0.0580 0.9303 -0.3622
vn -0.0144 0.9948 -0.1005
vn -0.0265 0.9834 -0.1796
vn -0.0895 0.7888 -0.6080
vn -0.0546 0.9212 -0.3853
vn -0.0856 0.7970 -0.5979
vn -0.0376 0.9598 -0.2781
vn 0.0639 0.8874 0.4566
vn 0.0725 0.8709 0.4861
vn -0.0588 -0.9129 -0.4039
vn -0.0518 -0.9254 -0.3755
vn -0.0272 -0.9772 -0.2108
vn -0.0433 -0.9528 -0.3005
vn 0.0268 -0.9773 0.2099
vn 0.0236 -0.9946 0.1011
vn 0.0616 -0.9303 0.3615
vn 0.0002 -1.0000 -0.0094
vn 0.0704 -0.8541 0.5153
vn 0.0893 -0.8029 0.5893
vn 0.0435 -0.9413 0.3346
vn 0.9901 0.0078 -0.1399
vn 0.9885 -0.0005 -0.1514
vn 0.9913 0.0091 -0.1315
vn -0.0642 -0.8813 -0.4682
vn -0.9898 -0.0139 0.1415
vn -0.9894 -0.0220 0.1435
vn -0.9901 -0.0105 0.1396
vn 0.1587 0.1404 0.9773
vn 0.1633 0.1454 0.9758
vn 0.9871 -0.0113 -0.1596
vn 0.9902 -0.0056 -0.1394
vn 0.9900 -0.0032 -0.1413
vn 0.9854 -0.0029 -0.1700
vn -0.1383 0.1672 -0.9762
vn -0.1424 0.1798 -0.9733
vn -0.9895 -0.0064 0.1446
vn -0.9893 -0.0125 0.1452
vn 0.9920 0.0033 -0.1261
vn -0.9901 -0.0118 0.1401
vn 0.9894 0.0008 -0.1455
vn 0.9914 0.0050 -0.1309
vn 0.9887 -0.0021 -0.1500
vn 0.9917 -0.0235 -0.1266
vn -0.9903 -0.0004 0.1386
vn -0.9883 -0.0174 0.1518
vn -0.9885 -0.0223 0.1497
vn 0.9889 -0.0088 -0.1484
vn -0.9907 0.0459 0.1285
vn 0.9858 -0.0555 -0.1582
vn -0.9222 0.3507 0.1629
vn -0.0219 -0.9854 -0.1689
vn -0.1350 0.2855 -0.9488
vn -0.1409 0.3551 -0.9241
vn -0.1314 0.3924 -0.9104
vn -0.1418 0.1854 -0.9724
vn -0.1562 0.0652 -0.9856
vn -0.1492 -0.2265 -0.9625
vn -0.1455 -0.1354 -0.9801
vn -0.1287 -0.3910 -0.9113
vn -0.1297 -0.4866 -0.8640
vn -0.1396 -0.0131 -0.9901
vn -0.1338 -0.2799 -0.9507
vn -0.1278 0.4900 -0.8623
vn 0.1354 -0.2938 0.9462
vn 0.1430 -0.3587 0.9224
vn 0.1387 -0.2103 0.9678
vn 0.1336 -0.3870 0.9124
vn 0.1302 0.3256 0.9365
vn 0.1542 0.1889 0.9698
vn 0.1581 0.3259 0.9321
vn 0.9897 -0.0007 -0.1429
vn 0.9898 -0.0008 -0.1426
vn 0.9898 0.0152 -0.1417
vn 0.1294 -0.4733 0.8714
vn 0.1284 -0.4621 0.8775
vn 0.1709 -0.0454 0.9843
vn -0.9880 0.0036 0.1541
vn -0.9884 0.0021 0.1520
vn -0.9889 -0.0012 0.1483
vn -0.9876 0.0068 0.1570
vn -0.9877 -0.0020 0.1562
vn -0.0001 0.9890 -0.1477
vn -0.0241 0.9759 -0.2170
vn -0.0228 0.9776 -0.2092
vn 0.9899 -0.0149 -0.1413
vn 0.9901 -0.0138 -0.1395
vn -0.9892 0.0042 0.1465
vn -0.0205 -0.9858 -0.1664
vn -0.0267 -0.9836 -0.1782
vn 0.0024 -0.9894 -0.1455
vn 0.0008 -0.9905 -0.1377
vn -0.9873 -0.0003 0.1591
vn 0.9899 0.0161 -0.1406
vn -0.9882 -0.0032 0.1531
vn -0.9882 -0.0045 0.1528
vn 0.9921 0.0126 -0.1247
vn 0.9906 0.0068 -0.1363
vn 0.9892 -0.0028 -0.1464
vn 0.9893 -0.0028 -0.1461
vn -0.9897 -0.0021 0.1429
vn -0.9899 -0.0013 0.1419
vn 0.9895 0.0053 -0.1446
vn 0.9893 0.0041 -0.1460
vn 0.9905 -0.0162 -0.1363
vn 0.9904 -0.0096 -0.1382
vn -0.9951 -0.0287 0.0941
vn 0.1195 0.4990 0.8583
vn 0.1344 0.0044 0.9909
vn -0.0401 -0.9598 -0.2777
vn -0.0549 -0.9232 -0.3805
vn -0.0540 -0.9229 -0.3812
vn -0.0309 -0.9799 -0.1971
vn -0.0250 -0.9869 -0.1591
vn 0.0045 -0.9999 -0.0158
vn 0.0306 -0.9806 0.1934
vn 0.0447 -0.9318 0.3602
vn 0.0061 -0.9960 0.0894
vn 0.0837 -0.7916 0.6053
vn 0.0703 -0.8935 0.4436
vn 0.0490 -0.9532 0.2983
vn -0.0689 -0.8737 -0.4815
vn 0.0601 0.9113 0.4072
vn 0.0628 0.9216 0.3830
vn 0.0292 0.9758 0.2167
vn 0.0453 0.9511 0.3055
vn -0.0493 0.9283 -0.3686
vn -0.0255 0.9786 -0.2041
vn -0.0173 0.9883 -0.1512
vn -0.0615 0.9103 -0.4094
vn -0.0815 0.8087 -0.5826
vn -0.0475 0.9526 -0.3004
vn 0.0250 0.9946 0.1002
vn -0.9896 0.0100 0.1432
vn -0.9901 0.0139 0.1398
vn -0.9899 0.0128 0.1410
vn -0.9904 0.0099 0.1376
vn -0.1263 -0.1405 -0.9820
vn -0.1214 -0.1454 -0.9819
vn -0.1332 -0.2183 -0.9668
vn -0.1332 -0.2104 -0.9685
vn -0.9894 0.0076 0.1448
vn 0.9916 0.0005 -0.1296
vn 0.9913 0.0041 -0.1318
vn 0.9886 0.0052 -0.1502
vn 0.9902 -0.0011 -0.1399
vn 0.9892 -0.0041 -0.1468
vn 0.9913 0.0026 -0.1317
vn 0.9905 -0.0038 -0.1377
vn -0.9903 0.0071 0.1389
vn -0.9896 -0.0001 0.1438
vn -0.9894 0.0056 0.1452
vn -0.9887 0.0086 0.1498
vn 0.9856 0.0059 -0.1691
vn 0.9866 -0.0012 -0.1634
vn 0.9891 0.0001 -0.1472
vn 0.1456 -0.1682 0.9749
vn 0.1409 -0.1808 0.9734
vn 0.1655 -0.1432 0.9758
vn 0.1631 -0.1356 0.9773
vn 0.9871 0.0032 -0.1601
vn 0.9874 0.0001 -0.1580
vn -0.9889 0.0126 0.1482
vn 0.9898 0.0007 -0.1424
vn 0.9897 -0.0000 -0.1430
vn -0.9886 0.0054 0.1504
vn 0.9914 0.0222 -0.1291
vn 0.9927 0.0104 -0.1200
vn 0.0012 0.9999 -0.0135
vn -0.0894 0.7863 -0.6113
vn -0.1265 0.4763 -0.8702
vn 0.0744 0.8646 0.4970
vn 0.0747 0.8586 0.5071
vn -0.9888 0.0050 0.1495
vn -0.9893 -0.0006 0.1462
vn -0.0713 -0.8691 -0.4894
vn 0.9910 0.0245 -0.1319
vn 0.9917 -0.0261 -0.1259
vn -0.9900 0.0011 0.1410
vn -0.0743 -0.8595 -0.5056
vn 0.9850 -0.0005 -0.1724
vn 0.9881 -0.0006 -0.1540
vn 0.9913 0.0034 -0.1315
vn 0.9881 0.0168 -0.1526
vn 0.1025 -0.7065 0.7002
vn 0.0936 -0.7323 0.6746
vn -0.9887 -0.0020 0.1498
vn 0.9868 0.0122 -0.1613
vn -0.0993 0.7022 -0.7050
vn -0.1057 0.6842 -0.7216
vn 0.9877 0.0190 -0.1553
vn 0.9902 0.0008 -0.1394
vn 0.9907 -0.0080 -0.1358
vn 0.9882 -0.0261 -0.1507
vn -0.1207 -0.6271 -0.7695
vn -0.0998 -0.6925 -0.7144
vn 0.1160 0.6116 0.7827
vn 0.1101 0.6342 0.7653
vn -0.9895 0.0002 0.1443
vn -0.9817 0.0244 0.1890
vn 0.1037 0.7194 0.6869
vn 0.0962 0.7403 0.6653
vn -0.0966 0.7207 -0.6865
vn -0.9892 -0.0044 0.1467
vn -0.9892 -0.0004 0.1463
vn 0.1240 -0.4988 0.8578
vn 0.1245 -0.5091 0.8517
vn 0.1003 -0.7397 0.6654
vn 0.1019 -0.6867 0.7198
vn 0.1098 -0.6587 0.7443
vn 0.9889 -0.0043 -0.1482
vn 0.9894 0.0114 -0.1446
vn 0.9909 -0.0177 -0.1336
vn -0.1244 0.5115 -0.8502
vn -0.1025 0.7023 -0.7045
vn -0.1107 -0.5981 -0.7937
vn -0.1082 -0.6808 -0.7244
vn -0.0979 -0.6982 -0.7092
vn -0.0980 -0.7539 -0.6496
vn 0.1207 0.5791 0.8062
vn -0.9892 0.0052 0.1462
vn 0.1033 0.6548 0.7487
vn 0.1053 0.6869 0.7191
vn 0.9909 -0.0134 -0.1338
vn 0.9881 0.0075 -0.1536
vn 0.9887 0.0076 -0.1496
vn -0.0723 -0.9892 -0.1273
vn -0.1926 -0.8620 -0.4690
vn -0.0979 -0.6322 -0.7686
vn 0.0020 -0.9991 -0.0428
vn -0.1606 -0.6164 -0.7709
vn -0.1934 -0.3006 -0.9340
vn -0.1593 -0.0345 -0.9866
vn -0.1194 0.2290 -0.9661
vn -0.0940 0.3833 -0.9188
vn 0.0173 0.6761 -0.7366
vn 0.0175 0.9225 -0.3856
vn -0.0612 0.8442 -0.5325
vn 0.1194 0.9910 -0.0606
vn -0.0034 0.9954 -0.0953
vn 0.1755 0.9062 0.3848
vn 0.0903 0.8573 0.5068
vn 0.0279 0.9952 0.0940
vn 0.2142 0.9767 -0.0134
vn 0.2122 0.5904 0.7787
vn 0.1498 0.3984 0.9049
vn 0.1659 0.1251 0.9782
vn 0.1471 -0.2624 0.9537
vn 0.0772 -0.2471 0.9659
vn 0.0229 -0.5317 0.8466
vn 0.0386 -0.7814 0.6228
vn 0.0902 -0.8030 0.5891
vn -0.0437 -0.9600 0.2766
vn -0.2485 -0.9523 0.1769
vn -0.2627 -0.9421 -0.2083
vn -0.3245 -0.5814 -0.7461
vn 0.2455 0.8322 -0.4972
vn 0.2896 0.9078 -0.3035
vn 0.3414 0.8018 0.4904
vn -0.1393 -0.7786 0.6119
vn 0.0513 0.4694 -0.8815
vn 0.4116 0.9088 -0.0691
vn -0.4116 -0.8927 0.1836
vn -0.4168 -0.8490 -0.3248
vn 0.0237 0.2444 -0.9694
vn 0.2745 0.6164 -0.7380
vn 0.4912 0.8387 0.2354
vn 0.4263 0.6951 0.5789
vn 0.3053 0.3565 0.8830
vn 0.1289 -0.0305 0.9912
vn -0.2443 -0.7256 0.6433
vn -0.4262 -0.5335 -0.7306
vn -0.3071 -0.2286 -0.9238
vn 0.5342 0.8429 -0.0648
vn -0.0637 -0.2517 0.9657
vn -0.1262 -0.4434 0.8874
vn -0.6647 -0.7405 0.0985
vn -0.5621 -0.7723 -0.2961
vn 0.5504 0.7028 -0.4507
vn -0.3598 -0.5357 0.7639
vn -0.4780 -0.7581 0.4437
vn -0.6374 -0.4902 -0.5945
vn -0.4895 -0.3171 -0.8123
vn -0.2814 -0.0891 -0.9554
vn 0.1071 0.2469 -0.9631
vn 0.6701 0.7266 -0.1518
vn 0.6340 0.5536 0.5400
vn 0.5374 0.4259 0.7279
vn -0.7007 -0.6553 -0.2821
vn 0.4487 0.3767 -0.8104
vn 0.7514 0.6374 0.1707
vn 0.6964 0.7114 -0.0945
vn 0.4085 0.1800 0.8948
vn -0.1856 -0.2619 0.9471
vn -0.6427 -0.6028 0.4729
vn 0.6848 0.3781 0.6229
vn -0.8799 -0.4553 0.1355
vn -0.8068 -0.5343 -0.2523
vn 0.7002 0.4064 -0.5870
vn 0.4254 0.2799 -0.8606
vn 0.7943 0.4778 -0.3753
vn 0.8652 0.4821 -0.1377
vn 0.8689 0.4774 -0.1306
vn -0.5145 -0.3555 0.7803
vn -0.7181 -0.5301 0.4509
vn -0.7748 -0.2607 -0.5760
vn -0.5696 -0.1702 -0.8041
vn 0.9159 0.3782 0.1343
vn 0.8719 0.3523 0.3401
vn 0.6309 0.1926 0.7516
vn 0.0837 -0.0286 0.9961
vn -0.3522 -0.1857 0.9173
vn -0.8915 -0.3739 -0.2558
vn 0.0796 0.0532 -0.9954
vn -0.8323 -0.3022 0.4647
vn -0.5342 -0.0530 -0.8437
vn -0.1782 -0.0140 -0.9839
vn 0.3481 0.0727 -0.9346
vn 0.5672 0.1407 -0.8115
vn 0.7663 0.1257 0.6301
vn -0.2603 -0.0501 0.9642
vn -0.9523 -0.1389 0.2716
vn -0.9512 -0.2073 -0.2288
vn 0.7678 0.1255 -0.6283
vn 0.9016 0.1666 -0.3992
vn 0.9752 0.1593 -0.1538
vn 0.9824 0.1554 -0.1040
vn 0.4870 0.0476 0.8721
vn -0.6842 -0.1426 0.7152
vn -0.8632 -0.0445 -0.5028
vn 0.9648 0.0933 0.2458
vn -0.7061 -0.0153 0.7079
vn -0.9702 0.0010 -0.2423
vn -0.9997 -0.0255 0.0030
vn -0.9894 -0.0003 0.1449
vn -0.5090 -0.0004 -0.8608
vn -0.1444 0.0004 -0.9895
vn 0.2418 0.0015 -0.9703
vn 0.9704 0.0942 -0.2224
vn 0.9702 0.0014 0.2424
vn 0.8016 0.0012 0.5979
vn 0.5087 0.0012 0.8609
vn 0.1435 0.0004 0.9896
vn -0.2424 -0.0007 0.9702
vn -0.5973 0.0001 0.8020
vn -0.8614 -0.0002 0.5080
vn -0.0013 0.9999 -0.0163
vn -0.0821 0.9543 0.2874
vn -0.0065 0.9987 -0.0503
vn 0.3763 0.8705 0.3171
vn -0.0164 0.9997 -0.0189
vn 0.2898 0.9536 0.0822
vn 0.3177 0.8702 -0.3766
vn -0.0193 0.9997 0.0163
vn 0.0727 0.9613 -0.2659
vn 0.0108 0.9990 0.0442
vn -0.2330 0.8062 -0.5438
vn 0.0231 0.9991 0.0363
vn -0.4537 0.8883 -0.0705
vn 0.0303 0.9995 0.0012
vn -0.1149 0.9713 0.2081
vn 0.4249 0.6865 0.5901
vn -0.7204 0.6808 0.1323
vn -0.5644 0.7133 0.4156
vn -0.6564 0.6967 -0.2892
vn 0.5897 0.6870 -0.4245
vn -0.2338 0.7082 0.6662
vn 0.6689 0.7048 0.2361
vn 0.2361 0.7047 -0.6691
vn 0.1856 0.9666 -0.1765
vn 0.5001 0.8645 0.0497
vn 0.4929 0.8448 0.2085
vn -0.1857 0.8489 0.4949
vn -0.7074 0.2213 0.6712
vn -0.6738 0.2145 -0.7071
vn -0.2299 0.8310 -0.5066
vn -0.0756 0.8515 -0.5189
vn 0.4135 0.8546 -0.3140
vn 0.9563 0.0404 -0.2895
vn 0.4427 0.8389 0.3166
vn 0.3102 0.8585 0.4083
vn -0.5065 0.8310 0.2299
vn 0.1036 0.8056 -0.5833
vn 0.2550 0.5657 -0.7842
vn 0.0536 0.9870 -0.1518
vn 0.1829 0.9758 0.1199
vn 0.0824 0.8572 0.5083
vn -0.4947 0.8490 -0.1858
vn 0.2831 0.8592 -0.4262
vn -0.0698 0.8413 0.5360
vn -0.3988 0.8609 -0.3159
vn 0.6339 0.7404 0.2237
vn 0.6505 0.7532 0.0976
vn 0.9895 0.0083 -0.1445
vn 0.9889 0.0089 -0.1484
vn 0.9695 0.0084 0.2449
vn -0.5021 0.0091 0.8647
vn -0.8448 0.0092 0.5350
vn -0.8479 0.0083 0.5302
vn -0.5115 0.0084 -0.8592
vn -0.2796 0.7484 -0.6015
vn -0.4002 0.7345 -0.5480
vn 0.8019 0.0083 0.5975
vn 0.4767 0.0091 0.8790
vn 0.4718 0.0080 0.8817
vn 0.6014 0.7484 -0.2796
vn 0.5481 0.7345 -0.4002
vn -0.9895 0.0083 0.1444
vn -0.6098 0.7407 0.2821
vn -0.5684 0.7122 0.4120
vn 0.2237 0.7406 -0.6337
vn 0.0976 0.7535 -0.6501
vn 0.2404 0.0090 -0.9706
vn 0.2450 0.0083 -0.9695
vn 0.2335 0.0088 0.9723
vn 0.2796 0.7484 0.6014
vn 0.4001 0.7345 0.5481
vn -0.6337 0.7405 -0.2238
vn -0.6499 0.7537 -0.0976
vn -0.9706 0.0090 -0.2404
vn 0.5942 0.0089 -0.8043
vn -0.1962 -0.0826 0.9771
vn -0.1868 0.1037 0.9769
vn -0.2252 0.7266 0.6491
vn -0.0976 0.7535 0.6502
vn 0.9999 0.0034 -0.0124
vn 1.0000 0.0040 -0.0027
vn 1.0000 -0.0043 -0.0079
vn 0.9999 -0.0024 -0.0104
vn 1.0000 -0.0060 -0.0025
vn 0.9999 -0.0015 -0.0162
vn 1.0000 0.0039 0.0046
vn 1.0000 -0.0003 -0.0022
vn 1.0000 -0.0002 -0.0066
vn 0.9999 -0.0142 -0.0063
vn 1.0000 0.0040 -0.0069
vn -0.0246 0.9997 -0.0037
vn -0.0153 0.9997 0.0195
vn 0.0268 0.9996 0.0032
vn 0.0095 0.9997 0.0243
vn 0.0159 0.9997 -0.0212
vn -0.0096 0.9997 -0.0227
vn -0.0105 -0.1859 -0.9825
vn 0.0039 0.1835 -0.9830
vn -0.0094 -0.1832 -0.9830
vn -0.8677 0.4970 0.0048
vn -0.7013 0.6493 0.2942
vn -0.7024 0.6532 -0.2828
vn -0.8667 0.4986 0.0140
vn -0.8702 0.0133 -0.4926
vn -0.8714 0.0052 -0.4906
vn -0.7059 0.2868 -0.6476
vn -0.7035 -0.2926 -0.6476
vn -0.9998 -0.0031 0.0200
vn -0.9999 0.0102 0.0068
vn -1.0000 -0.0004 0.0058
vn -0.9999 0.0046 0.0109
vn -1.0000 0.0048 0.0081
vn -0.9999 -0.0094 0.0120
vn -0.9999 0.0050 0.0148
vn -1.0000 -0.0006 0.0047
vn -0.9997 0.0042 0.0237
vn -1.0000 0.0005 -0.0098
vn -0.9999 0.0105 0.0019
vn -0.9997 0.0248 0.0077
vn -0.9999 -0.0042 -0.0161
vn -1.0000 -0.0033 0.0065
vn -0.9998 -0.0179 0.0040
vn -1.0000 0.0022 -0.0020
vn -0.0785 0.9969 -0.0006
vn -0.0756 0.9971 -0.0005
vn -0.0755 0.9971 -0.0033
vn -0.0771 0.9970 -0.0028
vn -0.3074 -0.4556 -0.8354
vn -0.0165 -0.0060 -0.9998
vn -0.0238 -0.0183 -0.9996
vn 0.4414 -0.3636 -0.8203
vn -0.0129 0.0048 -0.9999
vn -0.0138 0.0004 -0.9999
vn -0.0204 -0.0026 -0.9998
vn -0.0208 0.0004 -0.9998
vn -0.0094 0.9999 -0.0057
vn -0.0181 0.9997 -0.0189
vn 0.4296 0.8262 -0.3645
vn -0.3044 0.8409 -0.4474
vn -0.0070 -1.0000 0.0047
vn -0.0107 -0.9999 0.0074
vn -0.0127 -0.9999 -0.0025
vn -0.0061 -1.0000 -0.0003
vn 0.4370 0.3619 0.8234
vn -0.2965 0.4493 0.8427
vn -0.0032 0.0058 1.0000
vn -0.0200 0.0109 0.9997
vn -0.3332 0.4509 -0.8281
vn 0.3970 0.3592 -0.8446
vn -0.0344 0.0103 -0.9994
vn -0.0165 0.0063 -0.9998
vn -0.8640 -0.0133 0.5033
vn -0.8652 -0.0051 0.5013
vn -0.6978 -0.2869 0.6563
vn -0.6955 0.2926 0.6563
vn -0.3020 -0.8349 0.4602
vn -0.0109 -0.9999 0.0069
vn -0.0176 -0.9997 0.0182
vn 0.4484 -0.8178 0.3608
vn 0.0006 0.0024 1.0000
vn -0.0065 0.0062 1.0000
vn -0.0087 0.0011 1.0000
vn -0.0022 -0.0018 1.0000
vn -0.0820 -0.0003 -0.9966
vn -0.0805 -0.0002 -0.9968
vn -0.0787 0.0011 -0.9969
vn -0.0819 0.0020 -0.9966
vn -0.7025 -0.6532 -0.2826
vn -0.7013 -0.6493 0.2943
vn -0.8677 -0.4970 0.0047
vn -0.8675 -0.4969 0.0217
vn -0.3254 0.8301 0.4529
vn 0.4042 0.8422 0.3567
vn -0.0200 0.9996 0.0186
vn -0.0104 0.9999 0.0063
vn -0.0777 -0.9970 0.0004
vn -0.0773 -0.9970 -0.0028
vn -0.0748 -0.9972 -0.0022
vn -0.0756 -0.9971 -0.0005
vn 0.0087 -0.9800 -0.1989
vn 0.0055 -0.9826 -0.1859
vn -0.0016 -0.9816 0.1912
vn -0.0696 0.0016 0.9976
vn -0.0678 -0.0018 0.9977
vn -0.0733 0.0009 0.9973
vn -0.0748 0.0019 0.9972
vn -0.0070 1.0000 -0.0045
vn -0.0107 0.9999 -0.0072
vn -0.0148 0.9999 -0.0011
vn -0.0084 1.0000 0.0020
vn -0.3309 -0.8301 -0.4488
vn 0.3999 -0.8422 -0.3617
vn -0.0202 -0.9996 -0.0184
vn -0.0103 -0.9999 -0.0056
vn 0.4137 -0.3726 0.8307
vn -0.0170 -0.0135 0.9998
vn -0.0050 -0.0045 1.0000
vn -0.3249 -0.4621 0.8252
vn 0.6339 0.0083 0.7733
vn 0.6363 -0.0080 0.7714
vn -0.9994 -0.0330 0.0080
vn -0.2468 0.7903 0.5608
vn 0.2572 0.7878 0.5596
vn 0.0005 0.9846 0.1747
vn -0.0019 0.9855 0.1697
vn 0.0067 0.2013 0.9795
vn 0.0093 0.1957 0.9806
vn 0.2526 0.5992 0.7597
vn -0.2466 0.6015 0.7599
vn 0.9995 0.0255 0.0179
vn 0.0048 -0.1814 0.9834
vn -0.2475 -0.5704 0.7832
vn 0.2505 -0.5707 0.7820
vn 0.0058 -0.1813 0.9834
vn -0.2447 -0.7733 0.5850
vn -0.0044 -0.9823 0.1872
vn 0.2548 -0.7707 0.5840
vn -1.0000 0.0014 -0.0021
vn -1.0000 0.0014 0.0046
vn -0.2563 0.5779 -0.7748
vn 0.2483 0.5729 -0.7811
vn 0.0088 0.1785 -0.9839
vn -0.2497 0.7749 -0.5806
vn -0.0033 0.9821 -0.1885
vn -0.0016 0.9818 -0.1898
vn 0.2479 0.7727 -0.5843
vn -0.9999 -0.0096 0.0054
vn -1.0000 -0.0030 0.0034
vn -0.2400 -0.7752 -0.5843
vn 0.2484 -0.7746 -0.5816
vn 0.2400 -0.5754 -0.7819
vn -0.2572 -0.5746 -0.7770
vn 0.6200 0.7845 -0.0124
vn 0.6371 -0.7708 0.0044
vn 0.6312 -0.7755 -0.0120
vn -0.6545 0.0082 0.7560
vn -0.9998 0.0014 0.0211
vn -0.9999 -0.0013 0.0137
vn -0.6397 -0.7685 0.0132
vn -0.9999 -0.0143 0.0076
vn -0.6466 0.7628 0.0112
vn -1.0000 0.0081 0.0047
vn -0.9998 0.0161 0.0069
vn -1.0000 0.0034 0.0089
vn -1.0000 -0.0027 0.0078
vn -0.6291 0.7773 -0.0043
vn -0.6618 -0.0079 -0.7497
vn -1.0000 -0.0013 -0.0089
vn -0.6246 0.0079 -0.7809
vn -0.6145 -0.0079 0.7889
vn 0.6237 -0.0081 -0.7816
vn 0.6262 0.0080 -0.7796
vn 0.0074 -0.2901 0.9570
vn 0.0030 -0.3899 0.9209
vn 0.0076 -0.3993 0.9168
vn 0.0066 -0.2038 0.9790
vn 0.0016 -0.1160 0.9932
vn 0.0112 -0.0079 0.9999
vn 0.0035 0.2008 0.9796
vn 0.0016 0.3997 0.9166
vn -0.0013 0.1398 0.9902
vn 0.0073 0.3894 0.9210
vn 0.0081 0.2621 0.9650
vn -0.0099 0.3018 -0.9533
vn 0.0045 0.3474 -0.9377
vn -0.0062 0.1966 -0.9805
vn -0.0074 0.4109 -0.9117
vn -0.0060 -0.3689 -0.9294
vn -0.0018 -0.3824 -0.9240
vn -0.0052 -0.5893 -0.8079
vn -0.0055 -0.2829 -0.9591
vn -0.0077 -0.2157 -0.9764
vn -0.0002 0.4595 -0.8882
vn -1.0000 0.0002 -0.0051
vn -1.0000 -0.0025 -0.0031
vn -1.0000 -0.0019 -0.0042
vn -1.0000 -0.0065 -0.0036
vn -0.9999 -0.0099 -0.0069
vn 0.0172 -0.9899 0.1408
vn 0.0220 -0.9891 0.1459
vn 0.0088 -0.9759 0.2182
vn 0.0089 -0.9776 0.2103
vn -1.0000 0.0029 -0.0066
vn 0.9998 0.0172 -0.0061
vn 0.9998 0.0155 -0.0089
vn 0.9999 -0.0037 -0.0100
vn 1.0000 0.0045 -0.0055
vn 1.0000 -0.0068 -0.0050
vn 0.9998 0.0166 -0.0131
vn 0.9998 0.0116 -0.0134
vn -0.9998 0.0156 0.0127
vn -1.0000 0.0037 -0.0064
vn -1.0000 0.0022 -0.0002
vn 1.0000 -0.0063 -0.0043
vn 0.0072 0.9860 0.1664
vn 0.0069 0.9827 0.1851
vn 0.0242 0.9894 0.1433
vn 0.0214 0.9905 0.1359
vn -1.0000 0.0027 0.0009
vn 0.9998 -0.0156 -0.0086
vn 0.9999 -0.0139 -0.0061
vn 1.0000 0.0056 -0.0051
vn 0.9998 -0.0186 -0.0098
vn 1.0000 0.0057 -0.0053
vn 0.9999 -0.0128 -0.0080
vn -1.0000 0.0014 0.0068
vn 0.0084 0.1029 -0.9947
vn -0.0106 0.0007 -0.9999
vn 0.0023 -0.1508 -0.9886
vn 0.0029 0.9590 0.2834
vn -0.0038 0.9276 0.3735
vn 0.0039 0.9217 0.3878
vn 0.0024 0.9802 0.1982
vn -0.0099 0.9983 0.0577
vn 0.0030 0.8434 -0.5372
vn -0.0000 0.8863 -0.4632
vn -0.0065 0.9673 -0.2536
vn 0.0048 0.9311 -0.3647
vn -0.0321 0.9878 -0.1524
vn -0.0130 0.9996 -0.0256
vn 0.0033 0.8724 0.4889
vn -0.0018 -0.9525 -0.3046
vn 0.0061 -0.9807 -0.1956
vn 0.0007 -0.9824 -0.1866
vn -0.0017 -0.9120 -0.4101
vn -0.0058 -0.9756 0.2193
vn -0.0103 -0.9999 -0.0076
vn 0.0109 -0.9958 0.0909
vn -0.0024 -0.8834 0.4686
vn 0.0118 -0.9253 0.3791
vn 0.0085 -0.7827 0.6223
vn 0.0014 -0.9572 0.2894
vn -0.0014 -0.9183 -0.3960
vn 0.9999 0.0104 -0.0046
vn 0.9999 0.0060 -0.0150
vn 1.0000 -0.0025 -0.0093
vn -0.9999 -0.0118 0.0018
vn -1.0000 -0.0068 0.0023
vn -1.0000 -0.0046 0.0003
vn -0.9998 -0.0198 0.0073
vn -0.9998 -0.0170 0.0096
vn 0.0225 0.1408 0.9898
vn 0.0272 0.1458 0.9889
vn 0.0134 0.2181 0.9758
vn 0.0137 0.2102 0.9776
vn 0.9998 0.0006 -0.0218
vn 0.9994 0.0345 0.0017
vn 1.0000 0.0008 0.0009
vn 0.9996 -0.0026 -0.0270
vn 0.9999 -0.0032 -0.0145
vn -0.9999 -0.0029 0.0128
vn -1.0000 -0.0005 0.0083
vn -0.9999 -0.0070 0.0142
vn -0.9998 -0.0116 0.0134
vn -0.9999 -0.0151 0.0021
vn 1.0000 0.0019 0.0001
vn -0.0024 0.1676 -0.9858
vn -0.0069 0.1802 -0.9836
vn 0.0172 0.1436 -0.9895
vn 0.0145 0.1361 -0.9906
vn 1.0000 0.0014 -0.0083
vn 0.9999 0.0121 0.0099
vn 0.9999 -0.0013 -0.0131
vn 0.9998 -0.0182 0.0129
vn -1.0000 -0.0060 0.0040
vn 0.9981 -0.0583 -0.0221
vn -0.0044 0.2865 -0.9581
vn -0.0062 0.3798 -0.9250
vn -0.0042 0.3916 -0.9201
vn -0.0081 0.1919 -0.9814
vn -0.0085 0.1547 -0.9879
vn -0.0057 -0.1992 -0.9799
vn -0.0110 -0.3685 -0.9296
vn -0.0108 -0.0899 -0.9959
vn 0.0023 -0.5778 -0.8161
vn 0.0074 -0.3767 -0.9263
vn -0.0059 -0.6187 -0.7856
vn 0.0022 0.0017 -1.0000
vn -0.0055 0.4917 -0.8708
vn -0.0054 -0.9263 -0.3767
vn -0.0009 -0.9810 -0.1940
vn -0.0063 -0.9924 -0.1225
vn 0.0013 -0.3015 0.9535
vn 0.0263 -0.3104 0.9502
vn 0.0154 -0.1839 0.9828
vn 0.0033 -0.4108 0.9117
vn 0.0066 0.2115 0.9773
vn 0.0329 0.0482 0.9983
vn 0.0174 0.3617 0.9321
vn 0.0031 0.2979 0.9546
vn 0.0042 0.4107 0.9118
vn 0.0123 -0.4464 0.8947
vn -0.9999 0.0049 0.0156
vn -0.9999 0.0013 0.0141
vn -0.9999 0.0010 0.0141
vn -0.9999 -0.0023 0.0166
vn -0.9999 -0.0010 0.0157
vn -0.9998 -0.0063 0.0181
vn 0.0155 0.9899 -0.1409
vn 0.0202 0.9891 -0.1460
vn 0.0061 0.9759 -0.2181
vn 0.0063 0.9776 -0.2103
vn -0.9999 0.0058 0.0088
vn -0.9999 0.0043 0.0160
vn 0.9999 -0.0164 -0.0047
vn 0.9999 -0.0154 -0.0032
vn 1.0000 0.0016 -0.0049
vn 1.0000 -0.0010 -0.0063
vn 0.9999 0.0063 -0.0089
vn 0.9999 -0.0115 0.0026
vn 0.9999 -0.0122 0.0058
vn -0.9999 0.0088 0.0094
vn 0.9999 0.0059 -0.0095
vn 0.9999 0.0131 0.0036
vn 0.9999 0.0149 -0.0048
vn 0.9999 0.0129 -0.0100
vn 0.0027 -0.9858 -0.1677
vn -0.0019 -0.9836 -0.1803
vn 0.0224 -0.9894 -0.1437
vn 0.0198 -0.9905 -0.1362
vn -0.9999 -0.0063 0.0151
vn 0.9998 0.0172 -0.0062
vn 0.9998 0.0163 -0.0072
vn 1.0000 -0.0042 -0.0074
vn 1.0000 -0.0065 -0.0051
vn -0.9998 -0.0109 0.0168
vn -0.0013 -0.0072 1.0000
vn -0.0025 0.9780 -0.2086
vn 0.0128 0.9966 -0.0815
vn 0.0089 0.9321 -0.3620
vn -0.0024 -0.9266 -0.3761
vn -0.0022 -0.9628 -0.2702
vn 0.0062 -1.0000 0.0060
vn 0.0023 -0.9800 0.1990
vn -0.0013 -0.9330 0.3598
vn -0.0053 -0.9920 0.1259
vn 0.0004 -0.8307 0.5567
vn 0.0077 -0.8940 0.4481
vn 0.0072 -0.9532 0.3024
vn -0.0016 -0.8762 -0.4820
vn 0.0025 0.9123 0.4095
vn 0.0039 0.9255 0.3788
vn 0.0034 0.9768 0.2141
vn 0.0025 0.9521 0.3057
vn -0.0051 0.9065 -0.4222
vn 0.0002 0.7968 -0.6043
vn -0.0054 0.9541 -0.2994
vn 0.0068 0.8813 0.4725
vn 0.0036 0.9838 0.1790
vn -0.9999 0.0117 0.0052
vn -0.9999 0.0108 0.0045
vn -0.9998 0.0149 0.0095
vn -0.9999 0.0105 0.0021
vn -0.9998 0.0150 0.0093
vn 0.0103 -0.1408 -0.9900
vn 0.0150 -0.1458 -0.9892
vn 0.0014 -0.2181 -0.9759
vn 0.0016 -0.2102 -0.9777
vn 0.9999 0.0006 0.0115
vn 0.9999 0.0029 0.0100
vn 1.0000 0.0028 -0.0076
vn 1.0000 0.0002 -0.0019
vn -1.0000 0.0011 0.0019
vn -1.0000 0.0004 0.0034
vn -1.0000 0.0084 0.0015
vn -0.9998 0.0111 0.0177
vn 0.9999 -0.0032 -0.0111
vn 0.9999 -0.0024 -0.0118
vn 0.9999 -0.0017 0.0148
vn 0.9998 0.0122 -0.0143
vn 0.9994 0.0096 -0.0345
vn 0.9999 0.0106 -0.0056
vn 0.0098 -0.1676 0.9858
vn 0.0053 -0.1802 0.9836
vn 0.0294 -0.1437 0.9892
vn 0.0267 -0.1362 0.9903
vn 0.9998 0.0028 -0.0210
vn 0.9998 0.0017 -0.0201
vn 1.0000 0.0029 -0.0006
vn 1.0000 0.0017 -0.0020
vn -0.9999 0.0078 0.0099
vn 1.0000 -0.0056 0.0047
vn 0.9998 0.0108 0.0174
vn 0.9998 0.0167 0.0104
vn -0.0011 1.0000 0.0098
vn -0.0055 0.4915 -0.8709
vn 0.0045 -0.5117 0.8591
vn 0.9996 0.0021 -0.0290
vn 0.9999 0.0123 0.0003
vn 0.0024 0.8592 0.5116
vn -1.0000 -0.0048 0.0040
vn -1.0000 -0.0095 0.0003
vn -0.0031 -0.8710 -0.4913
vn -0.0052 0.7647 -0.6443
vn 0.9998 -0.0186 -0.0009
vn 0.0065 -0.5036 0.8639
vn 0.0029 0.8708 0.4916
vn -0.0007 -0.8676 -0.4973
vn -0.0024 -0.8592 -0.5116
vn -0.0029 -0.6016 -0.7988
vn 0.9999 -0.0025 -0.0149
vn 0.9995 -0.0052 -0.0296
vn -0.0074 -0.7642 0.6449
vn 0.0081 -0.6733 0.7393
vn -1.0000 0.0005 0.0056
vn -0.9999 -0.0031 0.0101
vn -0.9991 0.0289 -0.0300
vn -0.0066 0.7644 -0.6447
vn -0.0000 0.7255 -0.6882
vn -0.0072 0.6914 -0.7225
vn 0.9998 0.0135 -0.0177
vn 0.9997 0.0139 -0.0184
vn 0.9999 -0.0137 -0.0076
vn 0.9996 -0.0237 -0.0169
vn -0.0035 -0.7079 -0.7063
vn -0.0044 -0.7123 -0.7019
vn -0.9999 0.0083 0.0132
vn -1.0000 -0.0048 0.0029
vn 0.0062 0.6216 0.7833
vn 0.0046 0.6242 0.7812
vn 0.0045 0.7170 0.6970
vn 0.0058 0.7229 0.6909
vn -0.9999 0.0025 0.0117
vn 0.9990 0.0271 -0.0346
vn 0.0053 -0.5113 0.8594
vn 0.0079 -0.6661 0.7458
vn 0.0046 -0.6327 0.7744
vn 0.0033 -0.7026 0.7115
vn 0.0076 -0.7458 0.6661
vn 0.9998 -0.0080 -0.0162
vn 0.9999 0.0084 -0.0142
vn -0.0060 0.5114 -0.8593
vn -0.0012 0.6930 -0.7209
vn -0.0042 0.6718 -0.7407
vn -0.0037 -0.7345 -0.6787
vn -0.0034 -0.7357 -0.6773
vn 0.0087 0.5861 0.8102
vn 0.0041 0.6198 0.7848
vn 0.0078 0.6922 0.7217
vn 0.0037 0.7153 0.6988
vn 0.9999 -0.0136 0.0101
vn 0.9999 -0.0091 0.0068
vn 0.9999 -0.0006 -0.0157
vn -0.1412 -0.9626 -0.2314
vn -0.0926 -0.8525 -0.5144
vn 0.0106 -0.6327 -0.7743
vn 0.0101 -0.9999 -0.0010
vn -0.0321 -0.9891 0.1437
vn -0.0510 -0.6136 -0.7880
vn -0.0471 -0.2867 -0.9569
vn -0.0372 -0.0804 -0.9961
vn 0.0159 0.2300 -0.9731
vn 0.0400 0.3990 -0.9161
vn 0.1064 0.6855 -0.7203
vn 0.0881 0.9181 -0.3864
vn 0.0129 0.8439 -0.5363
vn 0.0868 0.9948 -0.0534
vn 0.0104 0.9956 -0.0936
vn 0.1542 0.9494 0.2736
vn 0.1409 0.8387 0.5260
vn 0.0239 0.8442 0.5355
vn 0.0153 0.9957 0.0917
vn 0.0856 0.9961 0.0230
vn 0.0875 0.5873 0.8046
vn 0.0293 0.2274 0.9733
vn 0.0521 0.2598 0.9643
vn 0.0010 -0.0595 0.9982
vn -0.0502 -0.3830 0.9224
vn 0.0204 -0.6314 0.7752
vn -0.1175 -0.6956 0.7087
vn -0.1014 -0.8780 0.4678
vn -0.2314 -0.9631 0.1374
vn -0.2624 -0.7689 -0.5830
vn -0.1898 -0.4693 -0.8624
vn 0.2846 0.8307 -0.4786
vn 0.2899 0.9571 -0.0048
vn -0.1090 -0.2905 0.9506
vn 0.4011 0.8790 -0.2578
vn 0.3629 0.9307 -0.0454
vn -0.3336 -0.8581 0.3903
vn -0.3981 -0.9075 -0.1339
vn -0.1641 -0.2480 -0.9548
vn 0.1856 0.3199 -0.9291
vn 0.3178 0.5785 -0.7512
vn 0.4752 0.8354 0.2762
vn 0.4215 0.7537 0.5042
vn 0.3424 0.6157 0.7097
vn 0.2923 0.5295 0.7964
vn -0.2384 -0.4285 0.8715
vn -0.3451 -0.6417 0.6849
vn -0.4210 -0.6811 -0.5990
vn 0.5422 0.8380 0.0616
vn 0.1506 0.1408 0.9785
vn -0.5139 -0.7739 0.3702
vn -0.5601 -0.8185 -0.1275
vn -0.3330 -0.3918 -0.8577
vn 0.5650 0.6689 -0.4830
vn -0.6544 -0.6011 -0.4588
vn -0.5116 -0.4569 -0.7276
vn 0.6889 0.6782 -0.2558
vn 0.7466 0.6650 -0.0157
vn 0.6616 0.7482 -0.0497
vn -0.0986 -0.1121 0.9888
vn -0.6190 -0.6831 0.3876
vn -0.6900 -0.7176 -0.0945
vn -0.2398 -0.1731 -0.9553
vn -0.1487 -0.0530 -0.9875
vn 0.3187 0.2946 -0.9009
vn 0.4985 0.4410 -0.7463
vn 0.7355 0.6138 0.2869
vn 0.6511 0.5659 0.5058
vn 0.5361 0.4617 0.7068
vn 0.3561 0.2921 0.8876
vn -0.3556 -0.3126 0.8808
vn -0.5505 -0.4798 0.6832
vn -0.7586 -0.5353 0.3715
vn -0.8204 -0.5577 -0.1263
vn -0.4687 -0.2422 -0.8495
vn 0.7472 0.3991 -0.5314
vn 0.8998 0.4349 0.0344
vn -0.7312 -0.3646 -0.5765
vn 0.5661 0.2849 -0.7735
vn 0.8896 0.3872 -0.2421
vn 0.9086 0.4167 -0.0281
vn -0.0253 -0.0008 0.9997
vn -0.3161 -0.0998 0.9435
vn -0.8319 -0.3993 0.3854
vn -0.9080 -0.4010 -0.1214
vn 0.2699 0.0420 -0.9620
vn 0.8431 0.3727 0.3877
vn 0.5929 0.2747 0.7570
vn -0.5669 -0.2711 0.7779
vn -0.7713 -0.2237 -0.5959
vn 0.6906 0.1451 -0.7085
vn 0.2688 0.0461 0.9621
vn -0.8954 -0.2390 0.3756
vn -0.9686 -0.2177 -0.1198
vn -0.6092 -0.0723 -0.7897
vn -0.2725 -0.0533 -0.9607
vn 0.4959 0.0479 -0.8671
vn 0.9101 0.1162 -0.3979
vn 0.9484 0.1652 0.2707
vn 0.8447 0.1274 0.5198
vn 0.5947 0.0812 0.7998
vn -0.4763 -0.0523 0.8777
vn -0.7226 -0.1178 0.6811
vn -0.9143 -0.0459 -0.4024
vn 0.9919 0.1083 -0.0662
vn 0.9963 0.0863 0.0034
vn -0.8675 -0.0460 0.4953
vn -0.9941 -0.0395 0.1008
vn -0.9277 -0.0007 -0.3733
vn -1.0000 -0.0002 0.0055
vn -0.7116 0.0003 -0.7026
vn -0.3846 -0.0004 -0.9231
vn -0.0073 0.0003 -1.0000
vn 0.3737 0.0020 -0.9275
vn 0.7028 0.0016 -0.7114
vn 0.9229 0.0013 -0.3852
vn 0.9919 0.0937 -0.0862
vn 0.9277 0.0017 0.3734
vn 0.9929 0.0937 0.0739
vn 0.7116 0.0023 0.7026
vn 0.3849 0.0019 0.9230
vn 0.0057 0.0004 1.0000
vn -0.3736 -0.0004 0.9276
vn -0.7026 -0.0000 0.7116
vn -0.9228 0.0006 0.3854
vn 0.0212 0.9997 -0.0133
vn -0.1214 0.9535 0.2757
vn -0.0019 0.9986 -0.0525
vn 0.3292 0.8703 0.3663
vn -0.0136 0.9997 -0.0210
vn 0.0136 0.9997 0.0209
vn -0.2779 0.9527 -0.1226
vn 0.0541 0.9985 -0.0024
vn 0.2753 0.9537 0.1214
vn -0.0526 0.9986 0.0019
vn 0.3666 0.8702 -0.3293
vn -0.0210 0.9997 0.0136
vn 0.1213 0.9536 -0.2756
vn 0.0019 0.9986 0.0525
vn -0.3291 0.8703 -0.3665
vn -0.3570 0.8753 0.3263
vn -0.6302 0.7045 -0.3263
vn 0.3395 0.6867 0.6428
vn -0.6510 0.6754 0.3465
vn 0.6425 0.6871 -0.3392
vn -0.3262 0.7043 0.6305
vn -0.3396 0.6867 -0.6428
vn 0.6305 0.7043 0.3262
vn 0.3262 0.7044 -0.6304
vn 0.5252 0.8510 -0.0033
vn 0.5287 0.8366 0.1436
vn 0.4644 0.8490 0.2521
vn -0.2521 0.8489 0.4645
vn -0.3677 0.8610 0.3515
vn -0.7918 0.2205 0.5695
vn -0.5682 0.2191 -0.7932
vn -0.1580 0.8309 -0.5335
vn -0.0033 0.8515 -0.5244
vn 0.7936 0.2166 -0.5685
vn 0.5344 0.8302 -0.1584
vn 0.3514 0.8610 0.3677
vn 0.5680 0.2199 0.7931
vn -0.5335 0.8309 0.1579
vn -0.5243 0.8515 0.0033
vn 0.1434 0.8372 -0.5278
vn 0.2522 0.8489 -0.4644
vn 0.1580 0.8309 0.5334
vn 0.0032 0.8515 0.5244
vn -0.5277 0.8372 -0.1434
vn -0.4647 0.8488 -0.2521
vn 0.3680 0.8608 -0.3515
vn -0.1434 0.8372 0.5278
vn -0.3515 0.8610 -0.3677
vn 0.0636 0.9972 0.0391
vn 0.5653 0.7652 0.3080
vn 0.6706 0.7135 0.2030
vn 0.9999 0.0083 -0.0067
vn 0.9999 0.0089 -0.0107
vn 0.9282 0.0090 0.3719
vn 0.9265 0.0084 0.3763
vn -0.6211 0.0082 0.7836
vn -0.6165 0.0091 0.7873
vn -0.9105 0.0092 0.4134
vn -0.9128 0.0083 0.4083
vn -0.0598 0.9976 0.0340
vn -0.5424 0.7732 0.3287
vn -0.4926 0.7366 0.4635
vn -0.3882 0.0084 -0.9215
vn -0.3924 0.0090 -0.9198
vn -0.0107 0.0089 -0.9999
vn -0.0067 0.0083 -0.9999
vn 0.0002 0.9976 -0.0689
vn -0.0150 0.7732 -0.6340
vn -0.1546 0.7352 -0.6600
vn 0.9215 0.0084 -0.3882
vn 0.9198 0.0090 -0.3924
vn 0.7118 0.0083 0.7023
vn 0.7147 0.0089 0.6994
vn 0.3509 0.0091 0.9364
vn 0.3458 0.0080 0.9383
vn -0.9999 0.0089 0.0106
vn -0.9999 0.0083 0.0068
vn 0.3719 0.0090 -0.9282
vn 0.3763 0.0084 -0.9265
vn 0.0973 0.0088 0.9952
vn 0.0913 0.0072 0.9958
vn -0.0004 0.9976 0.0690
vn 0.0151 0.7731 0.6341
vn 0.1548 0.7351 0.6601
vn -0.0595 0.9976 -0.0343
vn -0.5583 0.7725 -0.3026
vn -0.6482 0.7364 -0.1938
vn -0.9282 0.0090 -0.3720
vn -0.9265 0.0084 -0.3762
vn 0.7023 0.0083 -0.7118
vn 0.6994 0.0089 -0.7147
vn 0.0711 0.9964 -0.0457
vn 0.5426 0.7730 -0.3288
vn 0.4925 0.7366 -0.4636
vn -0.3289 -0.0825 0.9407
vn -0.3196 0.1037 0.9419
vn -0.7118 0.0083 -0.7023
vn -0.7147 0.0089 -0.6994
vn 1.0000 -0.0029 -0.0094
vn 1.0000 0.0022 -0.0035
vn 1.0000 -0.0066 -0.0022
vn 0.9998 -0.0008 -0.0197
vn 0.9999 0.0001 0.0169
vn -1.0000 0.0010 0.0049
vn 0.9999 0.0032 -0.0124
vn 1.0000 -0.0047 -0.0081
vn 1.0000 -0.0008 -0.0008
vn 1.0000 -0.0015 -0.0055
vn 0.9999 -0.0121 -0.0069
vn 1.0000 0.0032 -0.0070
vn 0.9997 0.0220 -0.0062
vn -0.0243 0.9997 -0.0034
vn -0.0153 0.9997 0.0195
vn 0.0267 0.9996 0.0031
vn 0.0099 0.9996 0.0250
vn 0.0159 0.9996 -0.0213
vn -0.0096 0.9997 -0.0227
vn -0.8678 0.4970 0.0050
vn -0.7014 0.6492 0.2942
vn -0.7024 0.6532 -0.2827
vn -0.8667 0.4986 0.0143
vn -0.8702 0.0133 -0.4925
vn -0.8714 0.0053 -0.4906
vn -0.7058 0.2871 -0.6477
vn -0.7035 -0.2924 -0.6477
vn -1.0000 0.0014 0.0058
vn -1.0000 0.0004 0.0072
vn -0.9993 0.0249 0.0288
vn -0.9996 -0.0245 -0.0150
vn -1.0000 0.0041 -0.0017
vn -0.9999 0.0065 0.0105
vn -0.9998 0.0176 0.0120
vn -0.9986 -0.0406 0.0346
vn -1.0000 -0.0012 0.0066
vn -0.9979 0.0639 -0.0126
vn -1.0000 0.0044 0.0003
vn -0.9992 0.0235 -0.0324
vn -0.9871 0.0409 -0.1548
vn -0.9860 0.1621 0.0387
vn -0.9988 -0.0345 -0.0361
vn -0.9990 0.0350 0.0291
vn -0.9994 -0.0199 0.0276
vn -0.9989 0.0384 -0.0286
vn -0.9852 -0.0372 0.1675
vn -0.0787 0.9969 -0.0006
vn -0.0759 0.9971 -0.0007
vn -0.0755 0.9971 -0.0033
vn -0.0771 0.9970 -0.0028
vn -0.6206 0.7839 -0.0187
vn -0.3075 -0.4556 -0.8354
vn -0.0165 -0.0060 -0.9998
vn -0.0238 -0.0183 -0.9996
vn 0.4414 -0.3636 -0.8203
vn -0.9087 -0.4170 0.0185
vn -0.6470 -0.7623 -0.0196
vn -0.6210 -0.7834 0.0264
vn -0.6104 0.7917 0.0251
vn -0.6161 0.0227 0.7874
vn -0.8429 0.3202 -0.4325
vn -0.8165 -0.3397 -0.4668
vn -0.0129 0.0047 -0.9999
vn -0.0138 0.0002 -0.9999
vn -0.0204 -0.0025 -0.9998
vn -0.0210 0.0005 -0.9998
vn -0.8376 -0.3202 0.4425
vn -0.8121 0.3387 0.4751
vn -0.0094 0.9999 -0.0057
vn -0.0181 0.9997 -0.0189
vn 0.4297 0.8261 -0.3645
vn -0.3045 0.8409 -0.4475
vn -0.6415 -0.0235 0.7667
vn -0.8113 -0.4724 0.3444
vn -0.8393 -0.4416 -0.3170
vn -0.6572 -0.0246 -0.7534
vn -0.9272 0.0006 -0.3746
vn -0.6517 0.0233 -0.7581
vn -0.8416 0.4284 0.3290
vn -0.8165 0.4694 -0.3360
vn -0.0070 -1.0000 0.0047
vn -0.0107 -0.9999 0.0074
vn -0.0127 -0.9999 -0.0024
vn -0.0061 -1.0000 -0.0003
vn 0.4371 0.3619 0.8234
vn -0.2964 0.4493 0.8428
vn -0.0032 0.0058 1.0000
vn -0.0200 0.0110 0.9997
vn -0.3333 0.4509 -0.8280
vn 0.3970 0.3592 -0.8446
vn -0.0344 0.0103 -0.9994
vn -0.0166 0.0062 -0.9998
vn -0.8640 -0.0133 0.5033
vn -0.8652 -0.0052 0.5014
vn -0.6978 -0.2870 0.6563
vn -0.6955 0.2925 0.6564
vn -0.3018 -0.8349 0.4602
vn -0.0110 -0.9999 0.0070
vn -0.0176 -0.9997 0.0182
vn 0.4486 -0.8177 0.3608
vn 0.0005 0.0025 1.0000
vn -0.0065 0.0062 1.0000
vn -0.0085 0.0011 1.0000
vn -0.0022 -0.0018 1.0000
vn -0.0820 -0.0003 -0.9966
vn -0.0803 -0.0001 -0.9968
vn -0.0787 0.0012 -0.9969
vn -0.0819 0.0020 -0.9966
vn -0.7025 -0.6531 -0.2828
vn -0.7014 -0.6492 0.2942
vn -0.8677 -0.4970 0.0049
vn -0.8675 -0.4969 0.0220
vn -0.3254 0.8301 0.4529
vn 0.4043 0.8422 0.3567
vn -0.0200 0.9996 0.0186
vn -0.0104 0.9999 0.0063
vn -1.0000 -0.0016 0.0047
vn -0.0777 -0.9970 0.0003
vn -0.0773 -0.9970 -0.0027
vn -0.0747 -0.9972 -0.0022
vn -0.0756 -0.9971 -0.0004
vn -0.0695 0.0015 0.9976
vn -0.0677 -0.0019 0.9977
vn -0.0732 0.0009 0.9973
vn -0.0749 0.0019 0.9972
vn -0.0070 1.0000 -0.0045
vn -0.0107 0.9999 -0.0072
vn -0.0147 0.9999 -0.0011
vn -0.0084 1.0000 0.0019
vn -0.3309 -0.8301 -0.4489
vn 0.3999 -0.8422 -0.3617
vn -0.0202 -0.9996 -0.0184
vn -0.0102 -0.9999 -0.0056
vn 0.4138 -0.3725 0.8307
vn -0.0170 -0.0135 0.9998
vn -0.0051 -0.0045 1.0000
vn -0.3248 -0.4621 0.8252
vn -0.9998 -0.0182 0.0065
vn -1.0000 -0.0041 0.0064
vn -0.9998 -0.0174 0.0052
vn -0.2499 0.7857 0.5660
vn 0.2567 0.7825 0.5673
vn -0.0157 0.9842 0.1762
vn -0.0268 0.9792 0.2012
vn 0.0048 0.2230 0.9748
vn 0.0070 0.2198 0.9755
vn 0.2506 0.6034 0.7571
vn -0.2467 0.6047 0.7573
vn 0.0062 -0.0189 0.9998
vn 0.0051 -0.0174 0.9998
vn 0.0074 -0.2034 0.9791
vn 0.0108 -0.2026 0.9792
vn 0.0071 0.0199 0.9998
vn 0.0075 0.0189 0.9998
vn -0.2473 -0.5777 0.7779
vn 0.2533 -0.5757 0.7774
vn -0.2421 -0.7686 0.5921
vn -0.0004 -0.9774 0.2115
vn 0.0025 -0.9766 0.2151
vn 0.2547 -0.7661 0.5901
vn -0.0052 0.0192 -0.9998
vn -0.0063 0.0176 -0.9998
vn -0.0045 0.2035 -0.9791
vn -0.0012 0.2026 -0.9793
vn -0.0067 -0.9998 0.0184
vn -0.0051 -0.9998 0.0188
vn -0.2567 0.5775 -0.7750
vn 0.2434 0.5756 -0.7807
vn -0.2494 0.7684 -0.5893
vn -0.0020 0.9775 -0.2108
vn -0.0001 0.9769 -0.2138
vn 0.2474 0.7660 -0.5934
vn -0.0017 -0.9783 -0.2074
vn -0.0001 -0.9776 -0.2102
vn 0.0022 -0.9998 -0.0205
vn 0.0021 -0.9998 -0.0183
vn -0.0002 0.9998 -0.0178
vn 0.0002 0.9998 -0.0191
vn -0.9997 -0.0223 0.0059
vn -0.9998 -0.0168 0.0059
vn -0.2500 -0.7730 -0.5830
vn 0.2483 -0.7706 -0.5870
vn -0.0072 -0.2080 -0.9781
vn -0.0053 -0.2050 -0.9788
vn 0.2420 -0.5814 -0.7768
vn -0.2568 -0.5823 -0.7714
vn -0.0063 -0.0194 -0.9998
vn -0.0060 -0.0182 -0.9998
vn -0.0050 1.0000 0.0066
vn 0.6049 0.7963 0.0036
vn -0.5268 0.0096 0.8500
vn -0.9893 -0.0002 0.1458
vn -0.9995 -0.0000 0.0308
vn 0.6314 -0.0080 0.7754
vn 0.6497 0.0083 0.7601
vn -0.6505 -0.7595 -0.0040
vn -0.6332 -0.7739 0.0120
vn -0.9994 0.0341 0.0047
vn 0.6254 -0.7803 0.0043
vn 0.6630 -0.7485 -0.0122
vn -0.9999 -0.0001 -0.0170
vn -0.9990 -0.0046 -0.0434
vn -0.6300 -0.0093 -0.7765
vn -0.9999 0.0139 0.0029
vn -0.6340 0.7733 -0.0056
vn -0.9999 0.0096 0.0093
vn -0.9999 0.0007 -0.0144
vn -0.9976 0.0033 0.0685
vn -0.9997 0.0019 0.0258
vn 0.6174 -0.0079 -0.7866
vn 0.6399 0.0079 -0.7684
vn 0.6387 0.7694 -0.0098
vn -0.9997 -0.0017 0.0255
vn -0.9998 0.0020 0.0192
vn -0.9999 -0.0001 -0.0118
vn -0.9998 0.0175 -0.0072
vn -0.9999 -0.0121 0.0066
vn -0.9996 0.0187 0.0193
vn 0.0081 -0.2870 0.9579
vn 0.0030 -0.3708 0.9287
vn 0.0071 -0.3973 0.9177
vn 0.0049 -0.1954 0.9807
vn 0.0008 -0.1280 0.9918
vn 0.0077 0.1957 0.9806
vn 0.0044 0.3657 0.9307
vn 0.0013 0.1158 0.9933
vn 0.0128 -0.0092 0.9999
vn 0.0056 0.3828 0.9238
vn 0.0073 0.2602 0.9655
vn -0.0110 0.3280 -0.9446
vn -0.0029 0.3730 -0.9278
vn 0.0020 0.1987 -0.9801
vn -0.0077 -0.1981 -0.9802
vn 0.0052 -0.0055 -1.0000
vn 0.0041 -0.2149 -0.9766
vn -0.0083 -0.3025 -0.9531
vn -0.0035 -0.3808 -0.9246
vn -0.0076 -0.4206 -0.9072
vn -0.0078 0.4226 -0.9063
vn -0.0051 0.1852 -0.9827
vn 1.0000 0.0008 -0.0068
vn 1.0000 0.0009 -0.0068
vn 0.9998 -0.0156 -0.0082
vn -0.0019 0.4671 -0.8842
vn -1.0000 -0.0011 -0.0066
vn -1.0000 -0.0012 -0.0071
vn -1.0000 0.0022 -0.0060
vn -1.0000 -0.0051 -0.0056
vn -1.0000 -0.0073 -0.0033
vn -1.0000 0.0023 -0.0061
vn -1.0000 0.0025 -0.0051
vn 0.0173 -0.9899 0.1408
vn 0.0221 -0.9891 0.1458
vn 0.0087 -0.9759 0.2182
vn 0.0089 -0.9776 0.2102
vn 0.9999 0.0151 -0.0084
vn 0.9999 0.0139 -0.0101
vn 1.0000 -0.0029 -0.0067
vn 1.0000 -0.0031 -0.0069
vn 0.9999 0.0078 -0.0108
vn 0.0073 0.9861 0.1661
vn 0.0069 0.9827 0.1850
vn 0.0242 0.9894 0.1434
vn 0.0215 0.9905 0.1360
vn 0.9996 -0.0012 -0.0290
vn -0.9999 0.0084 -0.0060
vn -1.0000 0.0065 -0.0040
vn 0.9998 -0.0168 -0.0097
vn 1.0000 0.0039 -0.0086
vn 0.9999 -0.0013 -0.0145
vn 1.0000 0.0025 -0.0073
vn 0.9999 -0.0078 -0.0127
vn 0.9994 -0.0334 -0.0112
vn -1.0000 0.0037 0.0013
vn -1.0000 -0.0062 0.0013
vn 0.9996 0.0155 -0.0256
vn 0.9995 0.0157 -0.0270
vn 1.0000 0.0034 -0.0061
vn 0.0058 -0.7925 0.6099
vn 0.0014 -0.9286 0.3711
vn 0.0038 -0.9279 0.3729
vn -0.0140 0.0012 -0.9999
vn 0.0037 0.9591 0.2830
vn 0.0012 0.9491 0.3149
vn 0.0055 0.9216 0.3881
vn 0.0020 0.9828 0.1849
vn -0.0003 0.9869 0.1611
vn 0.0019 0.9173 -0.3983
vn -0.0074 0.8687 -0.4953
vn -0.0063 0.9648 -0.2629
vn -0.0014 0.7792 -0.6267
vn 0.0025 0.9587 -0.2844
vn -0.0299 0.9870 -0.1576
vn 0.0047 0.9993 -0.0376
vn -0.0128 0.9997 -0.0199
vn 0.0015 0.8883 0.4592
vn 0.0060 0.8712 0.4908
vn -0.0070 -0.9450 -0.3269
vn 0.0132 -0.9422 -0.3348
vn -0.0030 -0.9806 -0.1962
vn 0.0012 -0.9773 0.2119
vn -0.0067 -1.0000 0.0070
vn 0.0181 -0.9990 -0.0409
vn 0.0075 -0.9790 0.2038
vn -0.0000 -0.9538 0.3004
vn 0.0043 -0.9225 0.3860
vn 0.0018 -0.9107 0.4132
vn -0.0051 -0.9056 -0.4242
vn 1.0000 -0.0013 -0.0053
vn 1.0000 -0.0016 -0.0074
vn 1.0000 -0.0001 0.0096
vn 0.9999 -0.0006 0.0101
vn 0.0022 -0.8919 -0.4523
vn -0.9999 -0.0113 0.0071
vn -0.9999 -0.0108 0.0053
vn -0.9999 -0.0111 0.0042
vn -0.9999 -0.0107 0.0082
vn -0.9999 -0.0108 0.0086
vn -0.9999 -0.0110 0.0073
vn 0.0225 0.1407 0.9898
vn 0.0272 0.1457 0.9890
vn 0.0134 0.2183 0.9758
vn 0.0137 0.2104 0.9775
vn 0.9998 -0.0038 -0.0215
vn 0.9998 -0.0046 -0.0210
vn 1.0000 0.0015 -0.0020
vn 1.0000 0.0042 -0.0048
vn 1.0000 -0.0071 -0.0036
vn 0.9999 -0.0068 -0.0141
vn 0.9998 -0.0090 0.0174
vn 0.9999 -0.0028 0.0105
vn 1.0000 0.0035 -0.0040
vn -0.0024 0.1677 -0.9858
vn -0.0069 0.1803 -0.9836
vn 0.0172 0.1434 -0.9895
vn 0.0145 0.1359 -0.9906
vn -0.9999 -0.0113 -0.0011
vn -1.0000 -0.0085 0.0003
vn -1.0000 -0.0090 -0.0011
vn 1.0000 0.0012 -0.0089
vn 1.0000 0.0009 -0.0088
vn -0.9999 -0.0121 0.0100
vn -0.9999 -0.0101 0.0108
vn 0.9992 -0.0076 -0.0396
vn -0.0040 0.2830 -0.9591
vn -0.0084 0.3105 -0.9505
vn -0.0026 0.3876 -0.9218
vn -0.0057 0.1830 -0.9831
vn -0.0068 0.1454 -0.9894
vn -0.0064 -0.0217 -0.9997
vn -0.0102 -0.2124 -0.9771
vn -0.0007 -0.1745 -0.9847
vn -0.0065 -0.5589 -0.8292
vn -0.0059 -0.3917 -0.9201
vn -0.0036 -0.3739 -0.9275
vn -0.0028 -0.6200 -0.7846
vn 0.0026 -0.0046 -1.0000
vn -0.0047 -0.2560 -0.9667
vn -0.0069 0.4580 -0.8889
vn -0.0024 0.4910 -0.8711
vn 0.0057 -0.4071 0.9133
vn 0.0051 -0.3864 0.9223
vn 0.0051 -0.2161 0.9764
vn 0.0066 -0.3024 0.9532
vn 0.0037 0.3027 0.9531
vn 0.0168 0.2213 0.9751
vn 0.0077 0.3981 0.9173
vn 0.0044 0.4208 0.9071
vn 0.0069 0.1968 0.9804
vn 1.0000 0.0018 -0.0052
vn 1.0000 -0.0024 -0.0049
vn 0.9999 0.0156 -0.0066
vn 0.9998 0.0173 -0.0050
vn 0.0090 -0.4764 0.8792
vn 0.0200 0.0021 0.9998
vn -0.9999 0.0039 0.0152
vn -0.9998 0.0048 0.0167
vn -0.9999 0.0017 0.0148
vn -0.9999 0.0006 0.0126
vn -0.9998 -0.0052 0.0172
vn -0.9998 -0.0009 0.0210
vn -0.9998 -0.0000 0.0218
vn 0.0155 0.9899 -0.1409
vn 0.0203 0.9891 -0.1460
vn 0.0060 0.9759 -0.2183
vn 0.0063 0.9776 -0.2103
vn 0.9999 -0.0145 -0.0015
vn 0.9999 -0.0140 -0.0006
vn -1.0000 0.0019 0.0096
vn -0.9999 0.0049 0.0110
vn -0.9998 -0.0070 0.0159
vn 1.0000 0.0051 -0.0048
vn 1.0000 0.0023 -0.0075
vn 1.0000 0.0060 0.0016
vn 1.0000 -0.0074 0.0035
vn 0.0027 -0.9858 -0.1677
vn -0.0019 -0.9836 -0.1803
vn 0.0224 -0.9894 -0.1437
vn 0.0198 -0.9905 -0.1362
vn -0.9999 -0.0063 0.0151
vn 1.0000 -0.0012 -0.0031
vn 1.0000 0.0025 -0.0058
vn 1.0000 -0.0036 -0.0009
vn 0.9999 0.0164 0.0011
vn 0.9998 0.0182 0.0080
vn -0.9999 -0.0039 0.0114
vn 0.9991 -0.0433 -0.0044
vn 1.0000 0.0013 -0.0012
vn 0.0092 -0.2254 0.9742
vn -0.0021 -0.0020 1.0000
vn -0.0016 0.9787 -0.2054
vn 0.0087 0.9887 -0.1499
vn 0.0037 0.9263 -0.3767
vn -0.0012 -0.9806 -0.1958
vn -0.0051 -0.9258 -0.3781
vn 0.0001 -0.9569 -0.2904
vn -0.0065 -0.9922 -0.1246
vn 0.0061 -1.0000 0.0063
vn 0.0021 -0.9795 0.2017
vn -0.0054 -0.9918 0.1279
vn 0.0026 -0.8272 0.5618
vn 0.0020 -0.9630 0.2694
vn -0.0013 -0.9187 -0.3950
vn -0.0034 -0.8701 -0.4929
vn -0.0021 0.9446 0.3282
vn 0.0090 0.9493 0.3142
vn 0.0002 0.9790 0.2037
vn -0.0059 0.9017 -0.4324
vn 0.0006 0.7934 -0.6087
vn -0.0052 0.9542 -0.2990
vn 0.0014 0.9055 0.4243
vn 0.0033 0.8907 0.4546
vn 1.0000 0.0002 -0.0022
vn 1.0000 0.0013 -0.0051
vn 0.9998 0.0024 -0.0193
vn 0.9998 0.0026 -0.0193
vn -0.9999 0.0115 0.0051
vn -0.9999 0.0098 0.0025
vn -0.9999 0.0154 0.0044
vn 0.9994 0.0307 -0.0153
vn -0.9999 0.0124 0.0079
vn -0.9998 0.0173 0.0089
vn -0.9999 0.0099 0.0103
vn 0.0103 -0.1412 -0.9899
vn 0.0150 -0.1462 -0.9891
vn 0.0014 -0.2181 -0.9759
vn 0.0016 -0.2102 -0.9777
vn 0.9999 0.0008 0.0108
vn 1.0000 0.0029 0.0094
vn 0.9999 -0.0038 -0.0108
vn 0.9999 -0.0030 -0.0116
vn 1.0000 -0.0001 0.0079
vn 1.0000 -0.0047 0.0023
vn 0.9997 0.0193 -0.0180
vn 0.9996 0.0107 -0.0272
vn 1.0000 0.0054 -0.0070
vn 0.0098 -0.1677 0.9858
vn 0.0053 -0.1803 0.9836
vn 0.0294 -0.1436 0.9892
vn 0.0267 -0.1361 0.9903
vn -0.9999 0.0046 0.0117
vn -0.9999 0.0035 0.0136
vn 1.0000 0.0017 -0.0037
vn 0.9999 0.0030 -0.0128
vn 1.0000 0.0015 -0.0039
vn -0.9999 0.0121 0.0034
vn 0.9998 0.0125 0.0122
vn -0.9988 -0.0473 -0.0118
vn -0.9952 -0.0973 0.0056
vn 0.9999 0.0096 0.0131
vn 0.9996 0.0112 0.0242
vn 0.0134 0.9952 0.0974
vn -0.0054 1.0000 0.0058
vn -0.0060 0.5311 -0.8473
vn 0.0047 -0.5107 0.8598
vn 0.0064 -0.7998 0.6003
vn 0.9993 -0.0127 -0.0348
vn 0.9997 0.0168 0.0173
vn 0.0031 0.8527 0.5224
vn 0.0041 0.8591 0.5118
vn -0.9999 0.0036 0.0107
vn -0.0031 -0.8709 -0.4915
vn 0.9979 -0.0474 -0.0445
vn 0.0041 -0.4861 0.8739
vn 0.0061 -0.5008 0.8656
vn -1.0000 0.0087 -0.0006
vn 0.0026 0.8472 0.5313
vn -1.0000 -0.0005 0.0054
vn -0.9328 0.3008 0.1983
vn -1.0000 -0.0041 0.0012
vn -0.9999 -0.0025 0.0102
vn -1.0000 -0.0002 0.0087
vn -0.0040 -0.8590 -0.5119
vn -0.0014 -0.5562 -0.8311
vn -0.0062 -0.6527 -0.7576
vn 0.9995 -0.0067 -0.0315
vn 0.9998 -0.0073 -0.0175
vn 1.0000 0.0075 -0.0060
vn 0.0038 -0.7895 0.6138
vn 0.0052 -0.7125 0.7016
vn 0.0061 -0.7078 0.7064
vn -1.0000 0.0019 0.0059
vn -1.0000 -0.0016 0.0098
vn 1.0000 -0.0021 -0.0025
vn -1.0000 -0.0036 0.0036
vn -0.0047 0.7342 -0.6789
vn -0.0014 0.6682 -0.7439
vn -0.0035 0.6786 -0.7345
vn 0.9999 -0.0063 -0.0106
vn 0.9996 -0.0268 -0.0106
vn -0.0016 -0.7099 -0.7044
vn -0.0030 -0.7739 -0.6332
vn -0.0045 -0.7597 -0.6502
vn -0.9975 0.0393 0.0588
vn 0.0069 0.6131 0.7900
vn 0.0059 0.5507 0.8347
vn 0.0032 0.6956 0.7184
vn 0.0089 0.7225 0.6914
vn 0.0039 0.7551 0.6556
vn 0.7760 0.4866 0.4012
vn -1.0000 -0.0012 0.0082
vn -0.9999 -0.0113 0.0046
vn 0.9802 -0.1373 0.1430
vn -1.0000 -0.0046 0.0068
vn -0.9984 -0.0297 0.0476
vn 0.0061 -0.6830 0.7304
vn 0.0096 -0.6676 0.7445
vn 0.0053 -0.7158 0.6983
vn 0.9999 -0.0119 -0.0120
vn 0.9999 0.0075 -0.0077
vn 0.9999 0.0099 -0.0024
vn -0.0058 0.5085 -0.8610
vn -0.0065 0.7447 -0.6674
vn 0.0002 0.6918 -0.7220
vn -0.0051 0.6447 -0.7644
vn -0.0036 -0.7040 -0.7102
vn 0.0011 -0.7557 -0.6549
vn -0.0033 -0.7375 -0.6754
vn 0.0085 0.6172 0.7868
vn 0.0039 0.6523 0.7580
vn -0.9987 -0.0326 -0.0387
vn -0.9999 0.0057 0.0091
vn 0.0086 0.7258 0.6879
vn 0.0037 0.7590 0.6511
vn 0.9999 -0.0157 -0.0011
vn 0.9999 -0.0169 0.0034
vn 0.9998 0.0140 -0.0148
vn 0.9999 0.0039 -0.0152
vn -0.0409 -0.9597 -0.2781
vn -0.1325 -0.8655 -0.4831
vn 0.0033 -0.8186 -0.5743
vn 0.0097 -1.0000 -0.0000
vn -0.0906 -0.9959 0.0053
vn -0.0354 -0.7128 -0.7004
vn -0.0813 -0.5228 -0.8485
vn -0.0001 -0.3816 -0.9243
vn -0.0735 -0.2775 -0.9579
vn 0.0006 -0.0232 -0.9997
vn 0.0079 0.2721 -0.9622
vn 0.0060 0.2516 -0.9678
vn 0.0806 0.4936 -0.8660
vn 0.1087 0.6905 -0.7151
vn 0.1379 0.8482 -0.5115
vn 0.0137 0.8437 -0.5367
vn 0.0934 0.9605 -0.2621
vn 0.0845 0.9963 -0.0154
vn 0.0120 0.9956 -0.0926
vn 0.1433 0.9546 0.2610
vn 0.0648 0.8615 0.5035
vn 0.0208 0.8432 0.5372
vn 0.0151 0.9958 0.0902
vn 0.0364 0.9993 -0.0065
vn 0.0591 0.6973 0.7144
vn 0.0999 0.4871 0.8676
vn 0.0203 0.2727 0.9619
vn 0.0153 0.2524 0.9675
vn -0.0007 -0.0273 0.9996
vn -0.0356 -0.2713 0.9618
vn -0.0513 -0.5081 0.8598
vn 0.0124 -0.3819 0.9241
vn -0.0383 -0.7077 0.7055
vn -0.1109 -0.8605 0.4973
vn 0.0107 -0.8187 0.5742
vn -0.0387 -0.9602 0.2765
vn -0.2748 -0.9615 0.0019
vn -0.2265 -0.9353 -0.2719
vn -0.2067 -0.6812 -0.7023
vn 0.3043 0.9526 0.0053
vn 0.2665 0.8066 0.5276
vn 0.2976 0.9520 -0.0715
vn 0.2416 0.6891 0.6832
vn -0.1951 -0.6849 0.7020
vn -0.2065 -0.9406 0.2695
vn 0.0901 0.2466 -0.9649
vn 0.3765 0.8930 -0.2464
vn 0.1172 0.2416 0.9633
vn -0.1984 -0.4777 0.8558
vn -0.3041 -0.8146 0.4938
vn -0.4501 -0.8930 0.0030
vn -0.3732 -0.8934 -0.2503
vn -0.3361 -0.8017 -0.4942
vn -0.3177 -0.6464 -0.6937
vn -0.2500 -0.4453 -0.8598
vn -0.0317 -0.0317 -0.9990
vn 0.2441 0.4391 -0.8647
vn 0.3284 0.6147 -0.7172
vn 0.4166 0.7428 -0.5241
vn 0.4547 0.8416 0.2915
vn 0.2895 0.4327 0.8538
vn -0.1379 -0.2463 0.9593
vn -0.3790 -0.8890 0.2568
vn -0.2000 -0.2578 -0.9453
vn 0.5869 0.8088 -0.0377
vn 0.4213 0.6646 0.6171
vn -0.0248 -0.0392 0.9989
vn -0.3636 -0.5835 0.7261
vn -0.4470 -0.7448 0.4955
vn -0.6048 -0.7964 0.0011
vn -0.5370 -0.8068 -0.2464
vn -0.4792 -0.7139 -0.5106
vn -0.4562 -0.5320 -0.7133
vn 0.5759 0.8153 0.0602
vn -0.5376 -0.8027 0.2583
vn 0.1845 0.1804 -0.9661
vn 0.6671 0.6989 -0.2580
vn 0.6123 0.6063 0.5074
vn 0.5132 0.5031 0.6954
vn -0.3294 -0.3854 0.8620
vn -0.5267 -0.4804 0.7013
vn -0.5552 -0.6571 0.5099
vn -0.7047 -0.6939 0.1481
vn -0.6860 -0.6889 -0.2342
vn -0.6200 -0.5983 -0.5076
vn -0.3998 -0.3423 -0.8503
vn 0.3729 0.3226 -0.8700
vn 0.5158 0.4710 -0.7156
vn 0.6455 0.5605 -0.5189
vn 0.7337 0.6788 0.0293
vn 0.7513 0.6135 0.2431
vn 0.3809 0.2886 0.8784
vn 0.2299 0.1773 0.9569
vn -0.2035 -0.1735 0.9636
vn -0.2334 -0.1422 -0.9619
vn 0.7995 0.5981 0.0557
vn -0.6845 -0.5240 0.5068
vn -0.7951 -0.5520 -0.2512
vn -0.7132 -0.4980 -0.4933
vn -0.8228 -0.5683 0.0017
vn -0.5875 -0.4024 -0.7021
vn -0.4486 -0.2422 0.8603
vn -0.7951 -0.5431 0.2700
vn -0.0474 -0.0191 -0.9987
vn 0.2310 0.1277 -0.9645
vn 0.4373 0.1803 -0.8811
vn 0.6083 0.3487 -0.7130
vn 0.8145 0.3050 -0.4935
vn 0.8727 0.4129 -0.2607
vn 0.8786 0.4765 -0.0316
vn 0.7876 0.3527 0.5053
vn 0.9000 0.4357 -0.0133
vn 0.6482 0.2866 0.7054
vn -0.0494 -0.0123 0.9987
vn -0.2415 -0.1056 0.9646
vn -0.6386 -0.3321 0.6942
vn -0.7718 -0.3999 0.4944
vn -0.8843 -0.3941 -0.2505
vn -0.7887 -0.3478 -0.5070
vn -0.9129 -0.4081 0.0058
vn -0.5569 -0.2420 -0.7946
vn -0.2933 -0.0701 -0.9534
vn 0.8822 0.3878 0.2670
vn 0.4919 0.2297 0.8398
vn 0.2310 0.0500 0.9717
vn -0.8815 -0.3888 0.2678
vn 0.6825 0.1302 -0.7192
vn 0.9669 0.2517 0.0407
vn -0.6583 -0.1867 0.7293
vn -0.8358 -0.2390 0.4943
vn -0.9469 -0.2079 -0.2454
vn -0.8408 -0.2061 -0.5005
vn -0.9764 -0.2160 0.0014
vn -0.7284 -0.1039 -0.6772
vn -0.4983 -0.0551 -0.8653
vn 0.9928 0.1193 0.0043
vn 0.9571 0.1684 0.2357
vn 0.4970 0.0584 0.8658
vn -0.5093 -0.0757 0.8573
vn -0.9398 -0.2039 0.2743
vn 0.2602 0.0249 -0.9652
vn 0.4782 0.0416 -0.8773
vn 0.8715 0.0456 -0.4883
vn 0.9589 0.1223 -0.2562
vn 0.9985 0.0533 -0.0125
vn 0.8672 0.0853 0.4906
vn 0.7018 0.0738 0.7085
vn -0.2474 -0.0216 0.9687
vn -0.7044 -0.0480 0.7082
vn -0.8775 -0.0642 0.4752
vn -0.9938 -0.0426 0.1024
vn -0.9216 -0.0333 -0.3866
vn -0.9680 -0.0001 -0.2509
vn -1.0000 -0.0002 0.0057
vn -0.8701 -0.0001 -0.4928
vn -0.7115 -0.0009 -0.7027
vn -0.5034 -0.0007 -0.8641
vn -0.2636 -0.0004 -0.9646
vn -0.0067 0.0003 -1.0000
vn 0.2516 0.0009 -0.9678
vn 0.4923 0.0009 -0.8704
vn 0.7027 0.0009 -0.7115
vn 0.8642 0.0009 -0.5032
vn 0.9646 0.0010 -0.2636
vn 0.9948 0.0934 -0.0414
vn 0.9678 0.0014 0.2517
vn 0.9952 0.0939 0.0291
vn 0.8704 0.0011 0.4924
vn 0.7116 0.0012 0.7026
vn 0.5031 0.0012 0.8642
vn 0.2637 0.0010 0.9646
vn 0.0059 0.0004 1.0000
vn -0.2515 -0.0003 0.9679
vn -0.4925 -0.0005 0.8703
vn -0.7026 -0.0005 0.7116
vn -0.8641 -0.0004 0.5033
vn -0.9645 0.0001 0.2640
vn -0.0236 0.9994 0.0266
vn -0.0803 0.9801 0.1814
vn 0.0063 1.0000 -0.0057
vn 0.2860 0.9202 0.2674
vn 0.0263 0.9994 0.0237
vn -0.0264 0.9994 -0.0238
vn -0.1823 0.9799 -0.0809
vn 0.0071 1.0000 0.0058
vn 0.1814 0.9801 0.0804
vn -0.0058 1.0000 -0.0063
vn 0.2672 0.9202 -0.2860
vn 0.0237 0.9994 -0.0263
vn 0.0805 0.9801 -0.1814
vn -0.0063 1.0000 0.0057
vn -0.2859 0.9202 -0.2673
vn -0.2560 0.9246 0.2820
vn -0.5723 0.7622 -0.3026
vn 0.3104 0.7604 0.5705
vn -0.5794 0.7505 0.3178
vn 0.5709 0.7602 -0.3102
vn -0.3027 0.7618 0.5727
vn -0.3105 0.7603 -0.5706
vn 0.5728 0.7618 0.3025
vn 0.3026 0.7619 -0.5727
vn 0.8218 0.5669 -0.0567
vn 0.8815 0.3720 0.2910
vn 0.1492 0.9885 0.0250
vn 0.7425 0.5643 0.3610
vn 0.1111 0.9903 0.0833
vn -0.3608 0.5634 0.7432
vn -0.7400 0.2485 0.6251
vn -0.0833 0.9903 0.1113
vn -0.7914 0.2224 0.5694
vn -0.5712 0.2208 -0.7906
vn -0.1383 0.8546 -0.5005
vn -0.0566 0.5654 -0.8229
vn 0.0250 0.9885 -0.1491
vn 0.7920 0.2175 -0.5705
vn 0.5008 0.8544 -0.1386
vn 0.6251 0.2493 0.7397
vn 0.5681 0.2171 0.7938
vn -0.5005 0.8546 0.1383
vn -0.8224 0.5661 0.0566
vn -0.1490 0.9885 -0.0250
vn 0.2911 0.3710 -0.8818
vn 0.3605 0.5648 -0.7423
vn 0.0833 0.9903 -0.1113
vn 0.1384 0.8546 0.5005
vn 0.0565 0.5657 0.8227
vn -0.0250 0.9885 0.1491
vn -0.8814 0.3720 -0.2912
vn -0.7423 0.5645 -0.3609
vn -0.1111 0.9903 -0.0833
vn 0.7397 0.2475 -0.6258
vn -0.2909 0.3722 0.8814
vn -0.6248 0.2499 -0.7397
vn 0.0635 0.9972 0.0390
vn 0.5653 0.7652 0.3080
vn 0.6706 0.7135 0.2029
vn 0.9999 0.0083 -0.0068
vn 0.9999 0.0089 -0.0106
vn 0.9282 0.0090 0.3720
vn 0.9265 0.0084 0.3762
vn -0.6211 0.0082 0.7837
vn -0.6165 0.0091 0.7873
vn -0.9105 0.0092 0.4134
vn -0.9128 0.0083 0.4082
vn -0.0597 0.9976 0.0341
vn -0.5422 0.7733 0.3288
vn -0.4926 0.7366 0.4635
vn -0.3881 0.0084 -0.9216
vn -0.3924 0.0090 -0.9198
vn -0.0107 0.0089 -0.9999
vn -0.0067 0.0083 -0.9999
vn 0.0003 0.9976 -0.0689
vn -0.0151 0.7731 -0.6341
vn -0.1547 0.7351 -0.6601
vn 0.9215 0.0084 -0.3882
vn 0.9198 0.0090 -0.3924
vn 0.7118 0.0083 0.7023
vn 0.7147 0.0089 0.6994
vn 0.3924 0.0090 0.9198
vn 0.3882 0.0084 0.9215
vn -0.9999 0.0089 0.0107
vn -0.9999 0.0083 0.0066
vn 0.3720 0.0090 -0.9282
vn 0.3763 0.0084 -0.9265
vn 0.0340 0.0089 0.9994
vn 0.0306 0.0084 0.9995
vn -0.0004 0.9976 0.0690
vn 0.0150 0.7731 0.6341
vn 0.1549 0.7348 0.6603
vn -0.0596 0.9976 -0.0345
vn -0.5582 0.7726 -0.3026
vn -0.6482 0.7364 -0.1938
vn -0.9282 0.0090 -0.3719
vn -0.9265 0.0084 -0.3763
vn 0.7023 0.0083 -0.7118
vn 0.6994 0.0089 -0.7147
vn 0.0711 0.9964 -0.0457
vn 0.5425 0.7730 -0.3289
vn 0.4932 0.7361 -0.4636
vn -0.3289 -0.0826 0.9407
vn -0.3195 0.1038 0.9419
vn -0.2122 0.1035 0.9717
vn -0.2110 -0.0823 0.9740
vn -0.7118 0.0083 -0.7023
vn -0.7147 0.0089 -0.6994
vn 0.9999 -0.0013 -0.0121
vn 0.9999 0.0103 -0.0021
vn 1.0000 0.0040 0.0052
vn 0.9999 -0.0022 -0.0108
vn 1.0000 -0.0060 -0.0028
vn 0.9999 0.0031 -0.0123
vn 1.0000 -0.0046 -0.0077
vn 1.0000 -0.0004 -0.0020
vn 1.0000 -0.0002 -0.0067
vn 0.9999 -0.0156 -0.0063
vn 1.0000 0.0030 -0.0070
vn 0.0002 0.9994 0.0344
vn 0.0749 0.9862 0.1478
vn 0.0345 0.9994 0.0067
vn 0.0149 0.9994 -0.0305
vn -0.0220 0.9995 -0.0235
vn 0.1596 0.9872 0.0033
vn -0.0237 0.9995 0.0224
vn -0.0324 0.9995 -0.0001
vn -0.8677 0.4970 0.0049
vn -0.7014 0.6492 0.2941
vn -0.7025 0.6531 -0.2828
vn -0.8667 0.4987 0.0141
vn -0.8702 0.0133 -0.4926
vn -0.8713 0.0052 -0.4907
vn -0.7059 0.2868 -0.6477
vn -0.7035 -0.2927 -0.6476
vn -1.0000 0.0014 0.0059
vn -0.9993 0.0248 0.0288
vn -1.0000 0.0035 0.0008
vn -0.9998 0.0127 0.0124
vn -0.9986 -0.0406 0.0347
vn -1.0000 -0.0011 0.0066
vn -0.9999 -0.0128 -0.0001
vn -0.9992 0.0291 -0.0288
vn -1.0000 -0.0068 0.0053
vn -0.9972 -0.0507 -0.0549
vn -1.0000 0.0045 -0.0044
vn -0.9992 0.0235 -0.0321
vn -0.9871 0.0410 -0.1548
vn -0.9987 -0.0346 -0.0362
vn -0.9990 0.0349 0.0291
vn -0.9994 -0.0199 0.0277
vn -0.9852 -0.0372 0.1674
vn -0.0785 0.9969 -0.0005
vn -0.0758 0.9971 -0.0006
vn -0.0755 0.9971 -0.0032
vn -0.0770 0.9970 -0.0029
vn -0.6198 0.7845 -0.0187
vn -0.3076 -0.4557 -0.8353
vn -0.0164 -0.0061 -0.9998
vn -0.9086 -0.4172 0.0185
vn -0.6468 -0.7624 -0.0197
vn -0.6211 -0.7833 0.0265
vn -0.6108 0.7914 0.0252
vn -0.6158 0.0227 0.7876
vn -0.8435 0.3198 -0.4316
vn -0.8165 -0.3396 -0.4670
vn -0.0129 0.0051 -0.9999
vn -0.0138 0.0008 -0.9999
vn -0.0203 -0.0028 -0.9998
vn -0.0209 0.0002 -0.9998
vn -0.8378 -0.3199 0.4424
vn -0.8122 0.3384 0.4752
vn -0.0093 0.9999 -0.0057
vn 0.4296 0.8261 -0.3646
vn -0.3044 0.8409 -0.4474
vn -0.6415 -0.0236 0.7668
vn -0.8112 -0.4724 0.3446
vn -0.8395 -0.4415 -0.3168
vn -0.6566 -0.0246 -0.7539
vn -0.6523 0.0235 -0.7576
vn -0.8417 0.4283 0.3287
vn -0.8166 0.4694 -0.3359
vn -0.0071 -1.0000 0.0045
vn -0.0106 -0.9999 0.0073
vn -0.0127 -0.9999 -0.0025
vn 0.4370 0.3619 0.8234
vn -0.2965 0.4493 0.8427
vn -0.3332 0.4509 -0.8281
vn 0.3971 0.3593 -0.8446
vn -0.0344 0.0104 -0.9994
vn -0.0167 0.0062 -0.9998
vn -0.8641 -0.0133 0.5032
vn -0.8652 -0.0051 0.5013
vn -0.6978 -0.2869 0.6563
vn -0.6955 0.2925 0.6563
vn -0.3020 -0.8349 0.4602
vn -0.0177 -0.9997 0.0182
vn 0.4483 -0.8178 0.3609
vn 0.0004 0.0025 1.0000
vn -0.0065 0.0065 1.0000
vn -0.0086 0.0014 1.0000
vn -0.0818 -0.0004 -0.9966
vn -0.0802 -0.0005 -0.9968
vn -0.0786 0.0010 -0.9969
vn -0.0819 0.0021 -0.9966
vn -0.8677 -0.4970 0.0048
vn -0.8675 -0.4969 0.0218
vn -0.3251 0.8302 0.4529
vn 0.4048 0.8420 0.3567
vn -0.0776 -0.9970 0.0005
vn -0.0769 -0.9970 -0.0026
vn -0.0745 -0.9972 -0.0021
vn -0.0757 -0.9971 -0.0005
vn -0.0696 0.0018 0.9976
vn -0.0680 -0.0014 0.9977
vn -0.0733 0.0009 0.9973
vn -0.0750 0.0017 0.9972
vn -0.0070 1.0000 -0.0044
vn -0.0107 0.9999 -0.0073
vn -0.0148 0.9999 -0.0012
vn -0.0083 1.0000 0.0020
vn -0.3310 -0.8301 -0.4488
vn 0.3998 -0.8422 -0.3617
vn 0.4138 -0.3726 0.8306
vn -0.0050 -0.0045 1.0000
vn -0.3248 -0.4622 0.8251
vn 0.6615 -0.0082 0.7499
vn -0.9993 -0.0382 0.0040
vn -0.9999 -0.0065 0.0082
vn -0.2479 0.7902 0.5605
vn 0.2577 0.7873 0.5601
vn 0.0185 0.9786 0.2050
vn 0.0104 0.9859 0.1670
vn 0.0047 0.2218 0.9751
vn 0.0063 0.2189 0.9757
vn 0.2506 0.6035 0.7570
vn -0.2467 0.6047 0.7572
vn 0.0079 -0.0198 0.9998
vn 0.0068 -0.0175 0.9998
vn 0.0076 -0.2039 0.9790
vn 0.0109 -0.2030 0.9791
vn 0.0036 0.0201 0.9998
vn 0.0035 0.0185 0.9998
vn 0.9994 0.0285 0.0215
vn -0.2472 -0.5778 0.7778
vn 0.2533 -0.5758 0.7774
vn -0.2421 -0.7685 0.5922
vn 0.0004 -0.9774 0.2113
vn 0.0025 -0.9767 0.2144
vn -0.0243 0.1860 -0.9823
vn -0.0125 0.0070 -0.9999
vn -0.0307 0.2162 -0.9759
vn -0.0011 -0.9998 0.0181
vn -0.0006 -0.9998 0.0191
vn 0.2370 0.5801 -0.7793
vn -0.2537 0.7645 -0.5926
vn -0.0293 0.9744 -0.2228
vn -0.0171 0.9803 -0.1966
vn 0.2465 0.7613 -0.5997
vn -0.0027 1.0000 -0.0079
vn -0.9997 -0.0234 0.0059
vn -0.2487 -0.7676 -0.5907
vn 0.2473 -0.7655 -0.5940
vn 0.0001 -0.9808 -0.1948
vn -0.0013 -0.9812 -0.1929
vn -0.0072 -0.2083 -0.9780
vn -0.0048 -0.2050 -0.9788
vn 0.2419 -0.5814 -0.7768
vn -0.2569 -0.5823 -0.7714
vn -0.0029 -0.0184 -0.9998
vn -0.0020 -0.0178 -0.9998
vn 0.0034 1.0000 0.0075
vn 0.6216 0.7833 -0.0124
vn 0.5505 0.8348 0.0042
vn -0.5675 0.0080 0.8234
vn -0.9894 -0.0002 0.1454
vn -0.9997 -0.0007 0.0252
vn 0.6170 0.0084 0.7869
vn -0.5881 0.8087 0.0120
vn -0.9994 0.0345 0.0058
vn -0.9999 0.0140 0.0094
vn -0.9998 -0.0189 0.0061
vn -0.9997 0.0216 0.0059
vn -0.6232 -0.7821 -0.0052
vn 0.6252 -0.7804 -0.0119
vn -0.5679 0.0079 -0.8231
vn -0.6179 -0.0081 -0.7862
vn -0.9999 -0.0004 -0.0122
vn -0.6143 -0.0078 0.7890
vn -0.9999 0.0020 -0.0164
vn -0.9972 0.0034 0.0741
vn -0.9998 0.0015 0.0194
vn 0.6164 -0.0079 -0.7874
vn 0.6398 0.0080 -0.7685
vn 0.6477 -0.7619 0.0020
vn -0.9998 -0.0014 0.0216
vn -0.9991 0.0421 0.0089
vn -1.0000 -0.0004 -0.0061
vn -1.0000 0.0074 0.0026
vn -0.9998 0.0175 -0.0077
vn -0.9998 -0.0177 0.0063
vn 0.0072 -0.2867 0.9580
vn 0.0071 -0.3738 0.9275
vn 0.0075 -0.3921 0.9199
vn 0.0026 -0.1960 0.9806
vn 0.0055 -0.1692 0.9856
vn 0.0106 -0.0158 0.9998
vn -0.0009 0.0844 0.9964
vn 0.0094 0.1956 0.9806
vn -0.0001 0.3320 0.9433
vn 0.0082 0.3856 0.9226
vn 0.0033 0.5072 0.8618
vn 0.0075 0.2693 0.9630
vn 0.0043 -0.4779 0.8784
vn 0.0062 -0.4922 0.8705
vn -0.0070 0.4085 -0.9127
vn 0.0039 0.3563 -0.9343
vn -0.0101 0.2997 -0.9540
vn -0.0069 -0.4061 -0.9138
vn 0.0001 -0.3626 -0.9320
vn -0.0023 -0.5546 -0.8321
vn -0.0091 -0.2999 -0.9539
vn -0.0007 -0.2041 -0.9789
vn -0.0094 0.2046 -0.9788
vn 1.0000 0.0034 -0.0063
vn 1.0000 0.0013 -0.0070
vn 0.9999 -0.0141 -0.0090
vn -0.0005 0.4624 -0.8867
vn 0.0028 0.0950 -0.9955
vn -0.0015 -0.1511 -0.9885
vn -1.0000 -0.0016 -0.0045
vn -1.0000 -0.0015 -0.0050
vn -1.0000 0.0019 -0.0083
vn 0.0173 -0.9899 0.1406
vn 0.0220 -0.9891 0.1457
vn 0.0087 -0.9760 0.2176
vn 0.0089 -0.9777 0.2097
vn -1.0000 0.0015 -0.0053
vn 0.9998 0.0171 -0.0069
vn 0.9998 0.0157 -0.0090
vn -1.0000 -0.0021 -0.0089
vn -1.0000 -0.0056 -0.0044
vn -1.0000 -0.0029 -0.0072
vn -1.0000 0.0041 0.0010
vn 1.0000 -0.0032 -0.0036
vn 1.0000 -0.0017 -0.0019
vn 0.9999 0.0068 -0.0127
vn 0.9999 0.0097 -0.0134
vn 0.9994 -0.0283 -0.0189
vn 0.9996 -0.0222 -0.0160
vn 1.0000 -0.0032 -0.0084
vn 0.0072 0.9861 0.1661
vn 0.0242 0.9894 0.1432
vn 0.0214 0.9905 0.1358
vn 0.9998 -0.0147 -0.0099
vn -1.0000 0.0056 -0.0034
vn 0.9976 0.0134 -0.0683
vn 1.0000 -0.0002 -0.0097
vn 1.0000 0.0028 -0.0067
vn 1.0000 0.0029 -0.0061
vn -1.0000 0.0011 0.0039
vn 0.9996 0.0227 -0.0157
vn 0.9997 0.0212 -0.0104
vn -0.9971 -0.0181 0.0739
vn -0.0020 -0.0199 -0.9998
vn 0.0048 0.9827 0.1853
vn 0.0025 0.9271 0.3749
vn 0.0032 0.9579 0.2871
vn -0.0035 0.9849 0.1730
vn -0.0043 0.9977 -0.0677
vn -0.0103 0.9462 -0.3234
vn 0.0009 0.9835 -0.1810
vn 0.0015 0.9093 -0.4162
vn -0.0052 0.8630 -0.5052
vn 0.0015 0.9605 -0.2782
vn 0.0039 0.9206 0.3906
vn 0.0021 0.8783 0.4780
vn 0.0039 0.8719 0.4896
vn -0.0052 -0.9506 -0.3104
vn 0.0011 -0.9269 -0.3754
vn -0.0028 -0.9770 -0.2130
vn 0.0015 -0.9115 0.4112
vn 0.0066 -0.9274 0.3740
vn 0.0060 -0.8304 0.5571
vn -0.0006 -0.9516 0.3073
vn -0.0012 -0.9766 0.2150
vn -0.0044 -0.9097 -0.4153
vn 1.0000 0.0086 -0.0033
vn 0.9999 0.0010 -0.0139
vn 0.9999 0.0104 0.0050
vn 0.9999 0.0059 0.0087
vn 0.0008 -0.8807 -0.4737
vn -0.9999 -0.0127 0.0092
vn -0.9998 -0.0141 0.0124
vn -0.9999 -0.0131 0.0073
vn -0.9999 -0.0099 0.0078
vn 0.9823 0.1821 -0.0427
vn 0.0225 0.1410 0.9898
vn 0.0272 0.1460 0.9889
vn -0.9999 -0.0104 0.0048
vn 0.9997 -0.0101 -0.0234
vn -1.0000 0.0002 0.0091
vn -0.9999 -0.0115 0.0046
vn -1.0000 -0.0081 0.0013
vn 1.0000 0.0026 -0.0007
vn 1.0000 0.0042 -0.0019
vn 0.9997 -0.0068 -0.0251
vn 0.9999 -0.0049 -0.0163
vn 0.9998 -0.0115 0.0182
vn 0.9998 -0.0017 0.0204
vn 1.0000 0.0012 0.0005
vn -0.0024 0.1683 -0.9857
vn -0.0068 0.1809 -0.9835
vn 0.0172 0.1437 -0.9895
vn 0.0145 0.1362 -0.9906
vn -1.0000 -0.0088 0.0025
vn -1.0000 0.0002 0.0060
vn 1.0000 -0.0006 -0.0052
vn 1.0000 -0.0005 -0.0074
vn 1.0000 -0.0009 -0.0074
vn -0.9991 0.0399 0.0173
vn -0.9980 0.0581 -0.0230
vn 0.0071 -0.9889 -0.1486
vn -0.0043 -0.9999 -0.0109
vn 0.0095 -0.9901 0.1403
vn -0.0049 0.2837 -0.9589
vn -0.0090 0.2019 -0.9794
vn -0.0042 0.3882 -0.9216
vn -0.0058 0.1347 -0.9909
vn -0.0088 0.0007 -1.0000
vn 0.0016 -0.0057 -1.0000
vn -0.0048 -0.2018 -0.9794
vn -0.0062 -0.3877 -0.9218
vn -0.0091 -0.1766 -0.9842
vn -0.0035 -0.2837 -0.9589
vn -0.0058 0.3946 -0.9189
vn -0.0053 0.4832 -0.8755
vn -0.0045 0.4886 -0.8725
vn 0.0059 -0.4073 0.9133
vn 0.0112 -0.3731 0.9277
vn 0.0043 -0.2161 0.9764
vn 0.0065 -0.3025 0.9531
vn 0.0032 0.4136 0.9104
vn 0.0174 0.3311 0.9434
vn 0.0086 0.5061 0.8624
vn 0.0009 0.3079 0.9514
vn 0.0080 0.1939 0.9810
vn 1.0000 -0.0003 -0.0058
vn 1.0000 -0.0046 -0.0071
vn 0.9999 0.0143 -0.0064
vn 0.9999 0.0158 -0.0047
vn 0.0090 -0.4775 0.8786
vn 0.0212 0.0933 0.9954
vn -0.9999 0.0006 0.0152
vn -0.9998 0.0002 0.0212
vn -0.9998 -0.0000 0.0212
vn -0.9999 0.0034 0.0163
vn 0.0155 0.9899 -0.1411
vn 0.0203 0.9891 -0.1461
vn 0.0061 0.9759 -0.2181
vn -0.9997 -0.0008 0.0232
vn 0.9998 -0.0186 -0.0060
vn 0.9998 -0.0197 -0.0078
vn -0.9998 -0.0034 0.0191
vn -0.9999 -0.0055 0.0159
vn 0.9999 0.0048 -0.0104
vn 0.9999 0.0036 -0.0119
vn 0.9999 -0.0172 0.0015
vn 0.9999 -0.0129 0.0006
vn 0.0027 -0.9858 -0.1676
vn -0.0018 -0.9836 -0.1802
vn 0.0224 -0.9894 -0.1436
vn 0.0198 -0.9905 -0.1361
vn 1.0000 -0.0052 -0.0059
vn 0.9999 0.0143 0.0025
vn 1.0000 -0.0049 -0.0062
vn 0.9999 0.0139 0.0032
vn -0.9999 -0.0047 0.0145
vn -0.9999 0.0038 0.0130
vn -0.9287 -0.0340 -0.3692
vn -0.0044 -0.3982 -0.9173
vn 0.0171 -0.1406 0.9899
vn 0.0006 -0.0102 0.9999
vn -0.0014 -0.9809 -0.1943
vn -0.0055 -0.9315 -0.3636
vn 0.0005 -0.9569 -0.2903
vn 0.0055 -0.9232 0.3844
vn -0.0004 -0.8631 0.5051
vn -0.0022 -0.9464 0.3230
vn 0.0033 -0.9639 0.2663
vn -0.0043 -0.9943 0.1069
vn 0.0070 -0.9999 -0.0106
vn 0.0047 -0.9815 0.1914
vn -0.0053 -0.9909 -0.1342
vn -0.0020 0.9333 -0.3591
vn 0.0063 0.9323 -0.3615
vn -0.0056 0.8370 -0.5472
vn -0.0002 -0.9186 -0.3952
vn -0.0050 -0.8818 -0.4716
vn -0.0022 -0.8698 -0.4935
vn -0.0023 0.9450 0.3272
vn 0.0040 0.9173 0.3982
vn 0.0021 0.9773 0.2119
vn -0.0030 0.9771 -0.2127
vn 0.0123 0.9948 -0.1008
vn -0.0003 0.8060 -0.5919
vn -0.0016 0.9596 -0.2814
vn 0.0009 0.9053 0.4247
vn 1.0000 -0.0001 -0.0028
vn 1.0000 -0.0007 -0.0027
vn 0.9998 0.0010 -0.0193
vn 0.9998 0.0017 -0.0198
vn -0.9999 0.0092 0.0078
vn -1.0000 0.0060 0.0050
vn -0.9999 0.0086 0.0054
vn -0.9999 0.0106 0.0020
vn -0.9999 0.0115 0.0069
vn -0.9999 0.0120 0.0101
vn 0.0103 -0.1400 -0.9901
vn 0.0151 -0.1449 -0.9893
vn 0.9999 -0.0011 0.0133
vn 0.9999 -0.0014 0.0133
vn -1.0000 0.0073 -0.0009
vn -0.9999 -0.0002 0.0103
vn -0.9999 0.0108 -0.0016
vn -0.9999 0.0097 0.0105
vn 0.9999 -0.0049 -0.0115
vn 0.9999 -0.0056 -0.0108
vn 1.0000 0.0070 0.0067
vn 0.9999 0.0099 0.0083
vn 0.9994 0.0180 -0.0281
vn 0.9998 0.0014 -0.0205
vn 0.9999 -0.0050 -0.0160
vn 0.0054 -0.1803 0.9836
vn 0.0294 -0.1433 0.9892
vn 0.0267 -0.1358 0.9904
vn -0.9999 -0.0002 0.0109
vn 1.0000 -0.0018 -0.0016
vn 1.0000 -0.0000 -0.0000
vn -1.0000 -0.0010 0.0074
vn -1.0000 -0.0026 0.0090
vn -0.9999 -0.0043 0.0101
vn -0.9987 -0.0511 0.0077
vn 0.9998 0.0167 0.0069
vn 1.0000 0.0084 0.0048
vn 0.0057 0.9854 0.1700
vn -0.0053 1.0000 0.0027
vn 0.0048 -0.5109 0.8597
vn 0.9997 0.0180 -0.0133
vn 0.9999 0.0145 -0.0005
vn 0.9998 0.0154 0.0148
vn 0.0047 0.8628 0.5056
vn 0.0041 0.8590 0.5120
vn 0.0066 -0.7848 0.6197
vn 0.9999 -0.0146 -0.0005
vn -1.0000 0.0039 0.0070
vn -1.0000 0.0020 0.0097
vn -0.0038 -0.8586 -0.5127
vn 0.9996 -0.0132 -0.0268
vn 0.9998 -0.0128 -0.0154
vn 1.0000 -0.0085 0.0007
vn 0.0019 -0.7965 0.6046
vn 0.0067 -0.7094 0.7048
vn 0.0014 -0.7155 0.6986
vn 0.0081 -0.6454 0.7638
vn -1.0000 -0.0009 0.0064
vn -1.0000 -0.0019 0.0067
vn -1.0000 -0.0044 0.0028
vn -1.0000 -0.0050 0.0052
vn -0.0016 0.7562 -0.6544
vn -0.0039 0.7381 -0.6746
vn -0.0034 0.6575 -0.7535
vn -0.0040 0.6611 -0.7503
vn 0.9999 -0.0084 -0.0132
vn -0.9673 0.1464 0.2070
vn 0.9996 -0.0208 -0.0194
vn -0.0068 -0.6030 -0.7977
vn -0.0021 -0.7063 -0.7079
vn -0.0074 -0.6985 -0.7156
vn 0.0096 -0.7717 -0.6360
vn -1.0000 -0.0038 0.0041
vn -1.0000 -0.0034 0.0058
vn -1.0000 0.0001 0.0046
vn 0.0092 0.5990 0.8007
vn 0.0032 0.6620 0.7495
vn 0.0088 0.6966 0.7174
vn 0.0022 0.7310 0.6824
vn -1.0000 0.0012 0.0053
vn -1.0000 0.0005 0.0070
vn -1.0000 0.0027 0.0074
vn -1.0000 0.0051 0.0077
vn -0.9329 -0.2930 0.2092
vn 0.0084 -0.6741 0.7386
vn 0.0042 -0.7382 0.6745
vn 0.0058 -0.6856 0.7280
vn 0.9998 -0.0121 -0.0151
vn 1.0000 0.0047 -0.0026
vn 0.9998 -0.0202 0.0062
vn -0.0061 0.5104 -0.8599
vn -0.0089 0.7507 -0.6606
vn -0.0007 0.7076 -0.7067
vn -0.0041 -0.6020 -0.7984
vn -0.0026 -0.5969 -0.8023
vn -0.0024 -0.6961 -0.7179
vn -0.0032 -0.7281 -0.6855
vn -0.0078 -0.7782 -0.6279
vn -1.0000 0.0031 0.0050
vn 0.9743 -0.1106 -0.1963
vn 0.0034 0.6054 0.7959
vn 0.0070 0.6567 0.7542
vn 0.0023 0.6983 0.7158
vn 0.0067 0.7304 0.6830
vn 0.9999 -0.0137 0.0039
vn 0.9999 0.0154 -0.0045
vn -0.0470 -0.9657 -0.2554
vn -0.1342 -0.8620 -0.4888
vn 0.0047 -0.8040 -0.5946
vn 0.0083 -1.0000 0.0010
vn -0.0496 -0.9877 0.1484
vn -0.0415 -0.7157 -0.6972
vn -0.0589 -0.5103 -0.8580
vn 0.0059 -0.2417 -0.9703
vn -0.0745 -0.2967 -0.9520
vn -0.0064 -0.0007 -1.0000
vn 0.0625 0.2437 -0.9678
vn 0.0252 0.5337 -0.8453
vn 0.0107 0.4784 -0.8781
vn 0.0609 0.7037 -0.7079
vn 0.0789 0.8616 -0.5015
vn 0.0089 0.8997 -0.4365
vn 0.0837 0.9628 -0.2568
vn 0.0934 0.9956 0.0002
vn 0.0078 0.9984 -0.0553
vn 0.1501 0.9563 0.2510
vn 0.0500 0.8619 0.5046
vn 0.0170 0.8995 0.4366
vn 0.0117 0.9984 0.0557
vn 0.1575 0.9874 0.0143
vn 0.1106 0.6847 0.7203
vn 0.0754 0.4771 0.8756
vn 0.0230 0.4779 0.8781
vn 0.0489 0.2294 0.9721
vn 0.0011 -0.0162 0.9999
vn 0.0188 -0.2412 0.9703
vn -0.0660 -0.3077 0.9492
vn -0.0432 -0.5070 0.8609
vn -0.0168 -0.7151 0.6989
vn -0.1154 -0.8622 0.4932
vn 0.0112 -0.8048 0.5934
vn -0.2350 -0.9308 -0.2801
vn -0.2220 -0.9750 -0.0019
vn -0.2133 -0.6941 -0.6876
vn 0.1891 0.4592 -0.8680
vn 0.1944 0.6751 -0.7117
vn 0.2616 0.8221 -0.5056
vn 0.2995 0.9152 -0.2698
vn 0.2447 0.9696 -0.0070
vn 0.2752 0.8258 0.4922
vn -0.1766 -0.6877 0.7042
vn -0.2280 -0.9342 0.2744
vn -0.2130 -0.4672 -0.8581
vn -0.1908 -0.4603 0.8670
vn -0.3792 -0.8889 -0.2571
vn -0.3440 -0.7925 -0.5036
vn -0.3949 -0.9187 0.0024
vn -0.0292 -0.0279 -0.9992
vn 0.4839 0.8744 0.0346
vn 0.4620 0.8549 0.2361
vn 0.4260 0.9047 0.0104
vn 0.3419 0.6070 0.7174
vn 0.2254 0.4395 0.8695
vn 0.1339 0.2286 0.9643
vn -0.3278 -0.6309 0.7032
vn -0.3298 -0.7987 0.5033
vn -0.3798 -0.8882 0.2585
vn -0.3682 -0.5924 -0.7165
vn -0.1724 -0.2570 -0.9509
vn 0.3709 0.6276 -0.6845
vn 0.4527 0.7333 -0.5074
vn 0.5862 0.7642 -0.2690
vn 0.5306 0.6937 0.4872
vn -0.0103 -0.0182 0.9998
vn -0.1577 -0.2389 0.9581
vn -0.5421 -0.8014 -0.2528
vn -0.4942 -0.7098 -0.5019
vn -0.5588 -0.8293 0.0035
vn 0.1498 0.1935 -0.9696
vn 0.3234 0.3656 -0.8728
vn -0.4823 -0.5497 0.6820
vn -0.4767 -0.7096 0.5189
vn -0.5413 -0.7987 0.2628
vn -0.5207 -0.4814 -0.7050
vn -0.3301 -0.3713 -0.8679
vn 0.5119 0.4863 -0.7082
vn 0.6594 0.7510 -0.0347
vn 0.3714 0.3106 0.8750
vn 0.2384 0.1854 0.9533
vn -0.3087 -0.3745 0.8744
vn -0.6801 -0.6884 -0.2519
vn -0.6116 -0.6294 -0.4793
vn -0.7017 -0.7125 0.0044
vn -0.2391 -0.1677 -0.9564
vn 0.6568 0.5494 -0.5165
vn 0.7414 0.6680 0.0645
vn 0.7175 0.6538 0.2403
vn 0.5121 0.4513 0.7308
vn -0.6512 -0.5676 0.5037
vn -0.6551 -0.7005 0.2831
vn 0.2310 0.1716 -0.9577
vn 0.8161 0.5085 -0.2746
vn 0.7204 0.4846 0.4962
vn -0.2095 -0.1384 0.9680
vn -0.4330 -0.2766 0.8579
vn -0.7058 -0.4925 -0.5092
vn -0.8206 -0.5715 0.0052
vn -0.4556 -0.2390 -0.8575
vn -0.1043 -0.0355 -0.9939
vn 0.4440 0.2261 -0.8670
vn 0.8534 0.5208 -0.0215
vn -0.0779 -0.0319 0.9965
vn -0.6195 -0.4018 0.6744
vn -0.7888 -0.5436 0.2867
vn -0.6390 -0.3647 -0.6773
vn 0.6394 0.2763 -0.7175
vn 0.9242 0.3754 0.0701
vn 0.8739 0.4215 0.2419
vn -0.7629 -0.3965 0.5107
vn -0.8843 -0.3940 -0.2506
vn -0.7926 -0.3520 -0.4979
vn -0.9129 -0.4081 0.0057
vn 0.7655 0.3356 -0.5489
vn 0.6515 0.3087 0.6930
vn 0.4733 0.1778 0.8628
vn 0.2495 0.0393 0.9676
vn -0.6505 -0.2313 0.7234
vn -0.6636 -0.2209 -0.7148
vn 0.2500 0.0368 -0.9675
vn 0.9394 0.1812 -0.2910
vn 0.9535 0.3012 -0.0061
vn 0.9530 0.1694 0.2511
vn 0.8219 0.2811 0.4954
vn -0.2517 -0.0462 0.9667
vn -0.5374 -0.0971 0.8377
vn -0.8367 -0.2259 0.4989
vn -0.8416 -0.1878 -0.5064
vn -0.5155 -0.0871 -0.8525
vn -0.2584 -0.0416 -0.9652
vn 0.4744 0.0590 -0.8783
vn 0.8612 0.1312 -0.4911
vn 0.7085 0.1128 0.6966
vn -0.9398 -0.2039 0.2742
vn -0.7294 -0.0602 -0.6815
vn 0.6932 0.0654 -0.7177
vn 0.9979 0.0648 -0.0026
vn 0.9981 0.0346 -0.0511
vn 0.8673 0.0529 0.4949
vn 0.5207 0.0165 0.8536
vn -0.6931 -0.0457 0.7194
vn -0.8776 -0.0642 0.4751
vn -0.9276 -0.0357 -0.3719
vn -1.0000 -0.0002 0.0058
vn -0.5034 -0.0007 -0.8640
vn -0.2635 -0.0005 -0.9646
vn -0.0068 0.0003 -1.0000
vn 0.2516 0.0011 -0.9678
vn 0.4923 0.0010 -0.8704
vn 0.7025 0.0014 -0.7116
vn 0.8641 0.0016 -0.5032
vn 0.9647 0.0015 -0.2634
vn 0.9947 0.0937 -0.0414
vn 0.9679 0.0011 0.2514
vn 0.9952 0.0934 0.0290
vn 0.8704 0.0011 0.4923
vn 0.7114 0.0009 0.7027
vn 0.5032 0.0007 0.8642
vn 0.2638 0.0010 0.9646
vn 0.0056 0.0004 1.0000
vn -0.2515 -0.0006 0.9679
vn -0.4926 -0.0009 0.8703
vn -0.7025 -0.0008 0.7117
vn -0.0232 0.9995 0.0215
vn -0.0802 0.9801 0.1814
vn 0.2858 0.9203 0.2672
vn 0.0265 0.9994 0.0237
vn 0.1819 0.9800 0.0805
vn -0.0057 1.0000 -0.0063
vn 0.2666 0.9204 -0.2859
vn 0.0223 0.9994 -0.0270
vn -0.1008 0.9781 -0.1823
vn -0.0089 0.9996 -0.0274
vn -0.2077 0.9782 -0.0030
vn -0.0176 0.9998 0.0007
vn -0.1023 0.9790 0.1766
vn 0.3108 0.7602 0.5705
vn -0.6551 0.7553 0.0204
vn -0.5804 0.7498 0.3177
vn -0.3414 0.7628 -0.5491
vn -0.5535 0.7626 -0.3347
vn 0.5722 0.7592 -0.3102
vn -0.3035 0.7613 0.5730
vn 0.5722 0.7623 0.3025
vn 0.3022 0.7618 -0.5730
vn 0.0148 0.7628 -0.6465
vn 0.1548 0.9805 -0.1207
vn 0.8458 0.5125 0.1483
vn 0.1260 0.9904 0.0561
vn 0.8042 0.1581 0.5730
vn -0.3608 0.5644 0.7424
vn -0.7396 0.2490 0.6253
vn -0.0836 0.9903 0.1114
vn -0.7922 0.2171 0.5703
vn -0.5692 0.2214 -0.7918
vn -0.0569 0.5644 -0.8235
vn 0.0251 0.9885 -0.1492
vn 0.1263 0.9904 -0.0560
vn 0.6835 0.5685 -0.4579
vn 0.9761 0.1449 -0.1621
vn 0.5471 0.7794 0.3054
vn 0.4887 0.5209 0.6999
vn 0.0288 0.9928 0.1162
vn -0.5006 0.8545 0.1383
vn -0.8229 0.5653 0.0567
vn -0.1494 0.9885 -0.0250
vn 0.2911 0.3695 -0.8824
vn 0.3606 0.5656 -0.7417
vn 0.0825 0.9903 -0.1121
vn 0.1859 0.3740 0.9086
vn 0.0567 0.5656 0.8227
vn -0.0151 0.9903 0.1383
vn -0.8826 0.3692 -0.2909
vn -0.7423 0.5642 -0.3614
vn -0.1112 0.9903 -0.0834
vn 0.6911 0.3829 -0.6129
vn -0.2911 0.3694 0.8825
vn -0.6256 0.2490 -0.7393
vn 0.9999 0.0083 -0.0067
vn 0.9281 0.0090 0.3723
vn -0.6211 0.0081 0.7837
vn -0.6162 0.0092 0.7875
vn -0.9104 0.0093 0.4137
vn -0.9128 0.0083 0.4083
vn -0.3882 0.0084 -0.9215
vn -0.3926 0.0090 -0.9196
vn -0.0028 0.9989 -0.0475
vn -0.1759 0.7769 -0.6045
vn -0.3206 0.7339 -0.5988
vn 0.9216 0.0084 -0.3881
vn 0.9196 0.0090 -0.3927
vn 0.7147 0.0089 0.6993
vn 0.3926 0.0090 0.9196
vn 0.3881 0.0083 0.9216
vn 0.6891 0.7240 -0.0311
vn 0.6587 0.7363 -0.1546
vn 0.7233 0.5552 0.4106
vn -0.9999 0.0089 0.0106
vn -0.6342 0.7484 0.1940
vn -0.5984 0.7341 0.3210
vn 0.1798 0.6696 -0.7206
vn 0.3722 0.0090 -0.9281
vn 0.3762 0.0084 -0.9265
vn 0.0341 0.0089 0.9994
vn 0.1942 0.7472 0.6356
vn 0.3226 0.7299 0.6026
vn -0.5967 0.7406 -0.3089
vn -0.6319 0.7524 -0.1860
vn -0.9281 0.0089 -0.3722
vn 0.5609 0.5984 -0.5721
vn -0.3287 -0.0826 0.9408
vn -0.3193 0.1038 0.9419
vn -0.3089 0.7404 0.5970
vn -0.1867 0.7541 0.6297
vn -0.2109 -0.0823 0.9740
vn -0.7147 0.0089 -0.6993
vn 0.0125 0.0036 0.9999
vn 0.0019 0.0103 0.9999
vn 0.0082 -0.0040 1.0000
vn -0.0050 0.0009 -1.0000
vn 0.0107 -0.0023 0.9999
vn 0.0027 -0.0060 1.0000
vn 0.0152 -0.0015 0.9999
vn -0.0057 0.0041 1.0000
vn 0.0024 -0.0005 1.0000
vn 0.0070 0.0001 1.0000
vn 0.0064 -0.0138 0.9999
vn 0.0070 0.0045 1.0000
vn -0.0344 0.9994 0.0002
vn -0.1478 0.9862 0.0748
vn -0.0072 0.9994 0.0343
vn 0.0306 0.9994 0.0150
vn 0.0237 0.9995 -0.0220
vn -0.0033 0.9872 0.1596
vn -0.0224 0.9995 -0.0237
vn 0.0001 0.9995 -0.0324
vn -0.0049 0.4969 -0.8678
vn -0.2944 0.6493 -0.7012
vn 0.2828 0.6532 -0.7024
vn -0.0142 0.4985 -0.8668
vn -0.0063 -0.0235 -0.9997
vn -0.0053 -0.0213 -0.9998
vn -0.0074 -0.0303 -0.9995
vn 0.4925 0.0131 -0.8702
vn 0.4907 0.0051 -0.8713
vn 0.6476 0.2870 -0.7058
vn 0.6477 -0.2925 -0.7035
vn -0.0058 0.0012 -1.0000
vn -0.0073 0.0004 -1.0000
vn 0.0281 0.0394 -0.9988
vn -0.0347 0.0235 -0.9991
vn -0.0290 -0.0186 -0.9994
vn -0.0290 0.0249 -0.9993
vn 0.0147 -0.0254 -0.9996
vn 0.0004 0.0062 -1.0000
vn -0.0066 -0.0012 -1.0000
vn 0.0273 0.0815 -0.9963
vn 0.0043 0.0041 -1.0000
vn -0.0443 -0.0516 -0.9977
vn 0.0323 0.0235 -0.9992
vn 0.1548 0.0410 -0.9871
vn -0.0387 0.1621 -0.9860
vn 0.0362 -0.0346 -0.9987
vn -0.1674 -0.0372 -0.9852
vn 0.0005 0.9969 -0.0787
vn 0.0004 0.9971 -0.0756
vn 0.0033 0.9971 -0.0755
vn 0.0029 0.9970 -0.0772
vn 0.0186 0.7842 -0.6202
vn 0.8354 -0.4556 -0.3074
vn 0.9998 -0.0061 -0.0164
vn 0.9995 -0.0183 -0.0238
vn 0.8202 -0.3636 0.4416
vn -0.0190 -0.4181 -0.9082
vn 0.0192 -0.7631 -0.6460
vn -0.0264 -0.7838 -0.6204
vn -0.0252 0.7918 -0.6103
vn -0.7874 0.0227 -0.6161
vn 0.4320 0.3202 -0.8431
vn 0.4669 -0.3401 -0.8163
vn 0.9999 0.0047 -0.0129
vn 0.9999 0.0003 -0.0138
vn 0.9998 -0.0026 -0.0204
vn 0.9998 0.0005 -0.0210
vn -0.4427 -0.3201 -0.8376
vn -0.4755 0.3389 -0.8118
vn 0.0058 0.9999 -0.0094
vn 0.0189 0.9997 -0.0181
vn 0.3645 0.8262 0.4297
vn 0.4473 0.8410 -0.3043
vn -0.7681 -0.0231 -0.6400
vn -0.3446 -0.4722 -0.8113
vn 0.3168 -0.4414 -0.8395
vn 0.7538 -0.0244 -0.6567
vn 0.3752 0.0005 -0.9269
vn 0.7585 0.0232 -0.6512
vn -0.3287 0.4280 -0.8419
vn 0.3360 0.4694 -0.8166
vn -0.0046 -1.0000 -0.0070
vn -0.0074 -0.9999 -0.0107
vn 0.0024 -0.9999 -0.0127
vn 0.0002 -1.0000 -0.0061
vn -0.8235 0.3619 0.4369
vn -0.8427 0.4493 -0.2966
vn -1.0000 0.0058 -0.0031
vn -0.9997 0.0110 -0.0200
vn 0.8280 0.4509 -0.3332
vn 0.8446 0.3592 0.3970
vn 0.9994 0.0103 -0.0345
vn 0.9998 0.0062 -0.0167
vn -0.4010 0.0264 -0.9157
vn -0.5032 -0.0131 -0.8640
vn -0.5013 -0.0050 -0.8652
vn -0.6563 -0.2870 -0.6978
vn -0.6563 0.2925 -0.6955
vn -0.4602 -0.8349 -0.3019
vn -0.0068 -0.9999 -0.0110
vn -0.0181 -0.9997 -0.0176
vn -0.3608 -0.8177 0.4485
vn -1.0000 0.0024 0.0005
vn -1.0000 0.0063 -0.0065
vn -1.0000 0.0012 -0.0085
vn -1.0000 -0.0019 -0.0022
vn 0.9967 -0.0002 -0.0818
vn 0.9968 -0.0002 -0.0802
vn 0.9969 0.0012 -0.0784
vn 0.9966 0.0021 -0.0820
vn 0.2827 -0.6533 -0.7024
vn -0.2944 -0.6493 -0.7012
vn -0.0049 -0.4970 -0.8677
vn -0.0219 -0.4968 -0.8676
vn -0.4529 0.8301 -0.3253
vn -0.3567 0.8421 0.4046
vn -0.0186 0.9996 -0.0200
vn -0.0062 0.9999 -0.0105
vn -0.0052 -0.0013 -1.0000
vn -0.0005 -0.9970 -0.0777
vn 0.0029 -0.9970 -0.0772
vn 0.0023 -0.9972 -0.0746
vn 0.0006 -0.9971 -0.0758
vn -0.9976 0.0016 -0.0694
vn -0.9977 -0.0017 -0.0678
vn -0.9973 0.0009 -0.0730
vn -0.9972 0.0019 -0.0748
vn 0.0045 1.0000 -0.0071
vn 0.0073 0.9999 -0.0107
vn 0.0011 0.9999 -0.0148
vn -0.0019 1.0000 -0.0084
vn 0.4489 -0.8301 -0.3309
vn 0.3617 -0.8421 0.4000
vn 0.0184 -0.9996 -0.0202
vn 0.0056 -0.9999 -0.0102
vn -0.8307 -0.3726 0.4137
vn -0.9998 -0.0135 -0.0170
vn -1.0000 -0.0045 -0.0051
vn -0.8251 -0.4622 -0.3249
vn -0.0064 -0.0276 -0.9996
vn -0.5596 0.7904 -0.2491
vn -0.5602 0.7873 0.2576
vn -0.2037 0.9789 0.0146
vn -0.1686 0.9857 0.0046
vn -0.9749 0.2227 0.0048
vn -0.9756 0.2194 0.0069
vn -0.7570 0.6034 0.2506
vn -0.7573 0.6047 -0.2466
vn -0.9998 -0.0194 0.0072
vn -0.9998 -0.0176 0.0062
vn -0.9790 -0.2038 0.0076
vn -0.9791 -0.2029 0.0108
vn -0.9998 0.0197 0.0069
vn -0.9998 0.0187 0.0073
vn -0.0215 0.0278 0.9994
vn -0.7779 -0.5777 -0.2472
vn -0.7774 -0.5758 0.2533
vn -0.5922 -0.7686 -0.2421
vn -0.2122 -0.9772 -0.0000
vn -0.2155 -0.9765 0.0025
vn -0.5900 -0.7661 0.2547
vn 0.9998 0.0185 -0.0087
vn 0.9998 0.0175 -0.0106
vn 0.9791 0.2034 -0.0051
vn 0.9792 0.2029 -0.0012
vn -0.0194 -0.9998 -0.0046
vn -0.0194 -0.9998 -0.0035
vn 0.7750 0.5775 -0.2565
vn 0.7807 0.5756 0.2434
vn 0.5894 0.7684 -0.2493
vn 0.2114 0.9774 -0.0015
vn 0.2141 0.9768 -0.0001
vn 0.5934 0.7659 0.2475
vn 0.2071 -0.9783 -0.0016
vn 0.2099 -0.9777 -0.0001
vn 0.0203 -0.9998 0.0023
vn 0.0185 -0.9998 0.0023
vn 0.0186 0.9998 0.0030
vn 0.0204 0.9998 0.0032
vn -0.0061 -0.0190 -0.9998
vn -0.0060 -0.0183 -0.9998
vn 0.5830 -0.7730 -0.2502
vn 0.5870 -0.7705 0.2483
vn 0.9780 -0.2086 -0.0072
vn 0.9787 -0.2053 -0.0048
vn 0.7768 -0.5814 0.2420
vn 0.7714 -0.5823 -0.2568
vn 0.9998 -0.0187 -0.0029
vn 0.9998 -0.0188 -0.0018
vn -0.0081 0.9999 -0.0070
vn 0.0125 0.7757 0.6310
vn -0.0042 0.8373 0.5468
vn -0.7843 -0.0076 -0.6203
vn -0.0288 0.0002 -0.9996
vn -0.0228 -0.0006 -0.9997
vn -0.0238 -0.0007 -0.9997
vn -0.7664 -0.0080 0.6423
vn -0.7811 0.0083 0.6244
vn -0.0134 -0.7589 -0.6510
vn -0.0114 0.7465 -0.6653
vn -0.0026 0.0132 -0.9999
vn -0.0060 0.0284 -0.9996
vn 0.0043 0.7793 -0.6266
vn -0.0072 0.0194 -0.9998
vn 0.7815 -0.0079 -0.6238
vn 0.0110 -0.0007 -0.9999
vn 0.8301 0.0065 -0.5576
vn -0.0043 -0.7659 0.6429
vn 0.0121 -0.7797 0.6261
vn 0.0037 0.0006 -1.0000
vn 0.7750 -0.0080 0.6319
vn 0.7839 0.0080 0.6208
vn -0.7550 0.0056 -0.6557
vn -0.0324 -0.0003 -0.9995
vn -0.0075 -0.0010 -1.0000
vn -0.0060 0.0240 -0.9997
vn 0.0051 -0.0005 -1.0000
vn 0.0111 0.0198 -0.9997
vn -0.0063 -0.0186 -0.9998
vn -0.0234 0.0002 -0.9997
vn -0.0167 -0.0007 -0.9999
vn -0.9806 -0.1960 0.0045
vn -0.9283 -0.3719 0.0045
vn -0.9225 -0.3860 0.0057
vn -0.9621 -0.2727 0.0054
vn -0.9892 -0.1463 0.0037
vn -0.9999 -0.0075 0.0130
vn -0.9812 0.1930 0.0089
vn -0.9481 0.3180 0.0004
vn -0.9956 0.0935 0.0002
vn -0.9131 0.4076 0.0089
vn -0.8689 0.4950 0.0022
vn -0.9588 0.2841 0.0093
vn -0.8767 -0.4809 0.0045
vn 0.9125 0.4091 -0.0055
vn 0.9253 0.3791 -0.0040
vn 0.9770 0.2133 -0.0047
vn 0.9521 0.3057 -0.0055
vn 0.9779 -0.2088 -0.0054
vn 0.9962 -0.0874 0.0064
vn 0.9347 -0.3555 0.0041
vn 0.9017 -0.4322 -0.0087
vn 0.8422 -0.5392 -0.0021
vn 0.9443 -0.3289 -0.0107
vn 0.8814 0.4725 -0.0016
vn 0.9844 0.1759 -0.0041
vn 0.0044 -0.0016 -1.0000
vn 0.0050 -0.0011 -1.0000
vn 0.0066 0.0003 -1.0000
vn 0.0008 -0.0042 -1.0000
vn -0.0002 0.0053 -1.0000
vn 0.0050 0.0026 -1.0000
vn 0.0059 0.0014 -1.0000
vn -0.1408 -0.9899 0.0173
vn -0.1458 -0.9891 0.0220
vn -0.2182 -0.9759 0.0087
vn -0.2104 -0.9776 0.0089
vn 0.0074 -0.0002 1.0000
vn 0.0088 0.0159 0.9998
vn 0.0074 -0.0057 1.0000
vn 0.0116 0.0184 0.9998
vn 0.0030 0.0061 -1.0000
vn 0.0018 -0.0042 1.0000
vn 0.0040 -0.0037 1.0000
vn 0.0120 0.0054 0.9999
vn 0.0146 -0.0097 0.9998
vn 0.0152 -0.0196 0.9997
vn 0.0138 -0.0056 0.9999
vn 0.0143 -0.0185 0.9997
vn -0.1664 0.9860 0.0073
vn -0.1851 0.9827 0.0069
vn -0.1434 0.9894 0.0242
vn -0.1360 0.9905 0.0214
vn 0.0069 -0.0179 0.9998
vn 0.0052 -0.0163 0.9999
vn 0.0067 0.0028 1.0000
vn 0.0061 0.0029 1.0000
vn 0.0010 -0.0047 -1.0000
vn -0.0023 -0.0045 -1.0000
vn 0.0227 0.0090 0.9997
vn 0.0167 0.0126 0.9998
vn 0.0120 0.0080 0.9999
vn 0.9999 0.0084 -0.0076
vn -0.2892 0.9573 0.0036
vn -0.3791 0.9254 0.0008
vn -0.3943 0.9190 0.0038
vn -0.1979 0.9802 0.0007
vn 0.0399 0.9992 -0.0033
vn -0.0109 0.9999 0.0077
vn 0.1706 0.9853 0.0012
vn -0.1477 0.9890 -0.0009
vn 0.3040 0.9527 0.0006
vn 0.2180 0.9759 -0.0036
vn -0.4939 0.8695 0.0026
vn 0.4095 -0.9123 -0.0027
vn 0.3764 -0.9264 0.0007
vn 0.2150 -0.9766 -0.0031
vn 0.3056 -0.9521 -0.0014
vn -0.2094 -0.9778 0.0018
vn -0.1049 -0.9944 0.0132
vn -0.3583 -0.9335 0.0107
vn -0.4285 -0.9035 -0.0001
vn -0.5433 -0.8395 0.0063
vn -0.3287 -0.9444 -0.0026
vn -0.0020 0.0140 0.9999
vn 0.0133 -0.0029 0.9999
vn 0.0005 0.0073 1.0000
vn 0.4715 -0.8818 0.0010
vn 0.1604 -0.9870 0.0062
vn -0.0079 -0.0097 -0.9999
vn -0.0111 -0.0085 -0.9999
vn -0.0065 -0.0102 -0.9999
vn -0.0066 -0.0099 -0.9999
vn -0.0048 -0.0087 -1.0000
vn -0.0059 -0.0076 -1.0000
vn -0.0035 -0.0093 -1.0000
vn -0.9898 0.1408 0.0225
vn -0.9889 0.1458 0.0272
vn -0.9758 0.2182 0.0134
vn -0.9775 0.2103 0.0136
vn 0.0222 -0.0137 0.9997
vn -0.0024 0.0223 0.9997
vn -0.0118 -0.0058 -0.9999
vn -0.0092 -0.0020 -1.0000
vn -0.0026 -0.0079 -1.0000
vn 0.0026 0.0041 1.0000
vn 0.0030 0.0025 1.0000
vn 0.0128 0.0007 0.9999
vn 0.9858 0.1677 -0.0024
vn 0.9836 0.1803 -0.0067
vn 0.9895 0.1436 0.0172
vn 0.9906 0.1361 0.0145
vn -0.0025 -0.0081 -1.0000
vn -0.0039 -0.0097 0.9999
vn -0.0089 -0.0106 0.9999
vn 0.0117 -0.0028 0.9999
vn 0.0107 -0.0018 0.9999
vn -0.0017 -0.0046 -1.0000
vn -0.0019 -0.0025 -1.0000
vn 0.0363 -0.0052 0.9993
vn 0.0318 -0.0128 0.9994
vn 0.0092 -0.0026 1.0000
vn 0.4458 0.8951 0.0006
vn 0.3780 0.9258 -0.0009
vn 0.0032 -1.0000 -0.0054
vn 0.9573 0.2890 -0.0036
vn 0.9440 0.3299 -0.0110
vn 0.9190 0.3942 -0.0029
vn 0.9810 0.1941 -0.0044
vn 0.9958 0.0913 -0.0098
vn 0.9812 -0.1929 -0.0071
vn 0.9344 -0.3562 -0.0042
vn 0.9889 -0.1484 -0.0087
vn 1.0000 0.0015 0.0014
vn 0.9632 -0.2687 -0.0051
vn 0.8778 0.4791 -0.0067
vn 0.8682 0.4962 -0.0029
vn -0.9117 -0.4109 0.0045
vn -0.9494 -0.3136 0.0146
vn -0.9530 -0.3030 0.0018
vn -0.9016 0.4325 0.0029
vn -0.9212 0.3889 0.0077
vn -0.8284 0.5600 0.0078
vn -0.9442 0.3294 0.0017
vn -0.9822 0.1874 0.0153
vn -0.8904 -0.4551 0.0070
vn -0.9830 0.1836 0.0098
vn -0.9787 -0.2051 0.0018
vn 0.0035 -0.0031 1.0000
vn 0.0046 -0.0002 1.0000
vn 0.0021 0.0138 0.9999
vn -0.9965 -0.0818 0.0193
vn -0.0158 -0.0000 -0.9999
vn -0.0167 -0.0004 -0.9999
vn -0.0157 -0.0006 -0.9999
vn -0.0196 -0.0016 -0.9998
vn -0.0170 -0.0032 -0.9998
vn 0.1408 0.9899 0.0155
vn 0.1458 0.9891 0.0202
vn 0.2184 0.9758 0.0061
vn 0.2105 0.9776 0.0063
vn 0.0039 -0.0179 0.9998
vn 0.0020 -0.0198 0.9998
vn -0.0132 0.0065 -0.9999
vn -0.0079 0.0028 -1.0000
vn -0.0150 0.0065 -0.9999
vn -0.0177 -0.0074 -0.9998
vn -0.0078 0.0176 0.9998
vn 0.0140 0.0222 0.9997
vn 0.0197 0.0138 0.9997
vn 0.1676 -0.9858 0.0027
vn 0.1802 -0.9836 -0.0018
vn 0.1438 -0.9893 0.0224
vn 0.1364 -0.9905 0.0197
vn 0.0016 0.0142 0.9999
vn -0.0141 -0.0063 -0.9999
vn 0.0039 0.0017 1.0000
vn 0.0036 -0.0026 1.0000
vn -0.0091 -0.0017 -1.0000
vn 0.0018 -0.0084 1.0000
vn 0.0010 0.0012 1.0000
vn 0.0035 -0.0284 0.9996
vn 0.0030 -0.0292 0.9996
vn 0.0058 0.0019 1.0000
vn 0.0073 0.0004 1.0000
vn -0.0788 -0.0240 0.9966
vn 0.0727 0.0085 -0.9973
vn 0.9288 -0.3706 -0.0048
vn -0.9999 0.0087 0.0056
vn 0.2902 -0.9570 -0.0014
vn 0.1948 -0.9808 0.0057
vn 0.3935 -0.9193 -0.0014
vn 0.1268 -0.9919 -0.0053
vn 0.0002 -1.0000 0.0012
vn -0.1995 -0.9799 0.0018
vn -0.3711 -0.9286 -0.0002
vn -0.1409 -0.9900 -0.0019
vn 0.0417 -0.9991 0.0117
vn -0.3994 -0.9168 0.0049
vn -0.2823 -0.9593 0.0045
vn 0.3994 -0.9168 -0.0020
vn 0.4945 -0.8692 -0.0026
vn -0.3049 0.9524 0.0027
vn -0.1790 0.9838 0.0011
vn -0.1287 0.9917 0.0011
vn -0.4095 0.9123 0.0030
vn 0.3295 0.9441 -0.0055
vn 0.2067 0.9784 0.0064
vn 0.4237 0.9058 0.0001
vn -0.3780 0.9258 0.0038
vn 0.1881 0.9821 -0.0013
vn 0.0059 0.0019 1.0000
vn 0.0063 -0.0000 1.0000
vn 0.0217 0.0020 0.9998
vn -0.4729 0.8811 0.0067
vn 0.0145 0.9999 0.0058
vn -0.0060 0.0092 -0.9999
vn -0.0013 0.0103 -0.9999
vn -0.0065 0.0112 -0.9999
vn -0.0013 0.0119 -0.9999
vn -0.0092 0.0086 -0.9999
vn -0.0070 0.0119 -0.9999
vn -0.0070 0.0132 -0.9999
vn 0.9900 -0.1410 0.0103
vn 0.9892 -0.1459 0.0150
vn 0.9759 -0.2182 0.0014
vn 0.9776 -0.2103 0.0016
vn -0.0102 0.0033 0.9999
vn -0.0120 0.0054 0.9999
vn -0.0106 0.0060 -0.9999
vn 0.0147 -0.0051 0.9999
vn 0.0137 -0.0002 0.9999
vn -0.0023 0.0137 0.9999
vn -0.9858 -0.1677 0.0098
vn -0.9836 -0.1803 0.0054
vn -0.9892 -0.1436 0.0294
vn -0.9903 -0.1361 0.0267
vn 0.0229 0.0033 0.9997
vn -0.0104 0.0010 -0.9999
vn 0.0205 0.0218 0.9996
vn 0.0231 -0.0107 0.9997
vn 0.0061 0.0002 1.0000
vn 0.0013 0.0020 1.0000
vn 0.0013 0.0121 -0.9999
vn 0.0022 0.0172 0.9998
vn -0.0144 0.0082 0.9999
vn -0.0165 0.0833 0.9964
vn -0.0082 -0.0647 -0.9979
vn 0.4287 0.9034 -0.0038
vn -0.0115 0.0045 0.9999
vn -0.0020 1.0000 -0.0010
vn 0.8422 0.5391 -0.0059
vn -0.8528 -0.5222 0.0049
vn -0.8592 -0.5116 0.0062
vn 0.0137 0.0223 0.9997
vn -0.5117 0.8592 0.0024
vn -0.0079 0.0005 -1.0000
vn 0.4988 -0.8667 -0.0032
vn 0.6212 0.7836 -0.0029
vn -0.0148 0.0015 0.9999
vn -0.0117 -0.0137 0.9998
vn -0.0092 -0.0119 0.9999
vn -0.5635 -0.8261 0.0020
vn -0.6109 -0.7917 0.0070
vn -0.4915 0.8709 0.0029
vn 0.5117 -0.8592 -0.0039
vn 0.0196 -0.0186 0.9996
vn -0.0020 -0.0111 0.9999
vn -0.6204 -0.7843 0.0019
vn -0.6938 -0.7201 0.0065
vn -0.7173 -0.6968 0.0018
vn -0.7565 -0.6540 0.0063
vn -0.0076 -0.0017 -1.0000
vn -0.0064 0.0006 -1.0000
vn -0.0079 -0.0002 -1.0000
vn 0.0336 0.0312 -0.9989
vn 0.5481 0.8364 -0.0054
vn 0.6703 0.7421 -0.0014
vn 0.6868 0.7268 -0.0048
vn 0.7441 0.6681 -0.0045
vn 0.7528 0.6583 -0.0031
vn 0.0071 0.0042 1.0000
vn 0.0236 0.0026 0.9997
vn 0.7741 -0.6331 -0.0065
vn 0.7215 -0.6924 -0.0022
vn 0.6806 -0.7327 -0.0058
vn 0.6516 -0.7585 -0.0028
vn -0.0030 -0.0027 -1.0000
vn -0.0047 0.0020 -1.0000
vn -0.0051 0.0002 -1.0000
vn -0.0069 -0.0008 -1.0000
vn -0.0095 -0.0029 -1.0000
vn -0.7788 0.6273 0.0083
vn -0.7403 0.6723 0.0030
vn -0.6889 0.7248 0.0082
vn -0.6622 0.7493 0.0040
vn -0.1813 0.1704 0.9686
vn -0.0018 0.0024 -1.0000
vn -0.0006 0.0003 -1.0000
vn -0.1646 -0.2531 0.9533
vn -0.0058 0.0006 -1.0000
vn -0.8667 -0.4987 0.0071
vn -0.7091 -0.7050 0.0094
vn -0.7512 -0.6600 0.0035
vn -0.6974 -0.7167 0.0035
vn 0.0048 -0.0006 1.0000
vn 0.0049 -0.0022 1.0000
vn 0.8593 0.5114 -0.0060
vn 0.6420 0.7667 -0.0032
vn 0.7311 0.6822 -0.0062
vn 0.7160 0.6981 -0.0034
vn 0.8536 -0.5210 -0.0044
vn 0.8003 -0.5996 -0.0036
vn 0.7485 -0.6631 -0.0047
vn 0.6902 -0.7236 -0.0013
vn 0.6967 -0.7174 -0.0029
vn -0.0066 0.0018 -1.0000
vn -0.0104 0.0026 -0.9999
vn -0.7717 0.6360 0.0030
vn -0.7099 0.7043 0.0067
vn -0.6759 0.7369 0.0025
vn -0.6440 0.7650 0.0052
vn 0.0005 -0.0093 1.0000
vn 0.0018 0.0064 1.0000
vn 0.2554 -0.9657 -0.0470
vn 0.4641 -0.8754 -0.1354
vn 0.5755 -0.8178 0.0011
vn -0.0009 -1.0000 0.0083
vn -0.1485 -0.9877 -0.0496
vn 0.7117 -0.6934 -0.1129
vn 0.8604 -0.5077 -0.0439
vn 0.9237 -0.3831 -0.0014
vn 0.9606 -0.2737 -0.0489
vn 0.9993 -0.0326 -0.0156
vn 0.9622 0.2724 0.0085
vn 0.9674 0.2525 0.0200
vn 0.8706 0.4859 0.0771
vn 0.7235 0.6819 0.1076
vn 0.4971 0.8666 0.0433
vn 0.5372 0.8433 0.0145
vn 0.2545 0.9564 0.1430
vn -0.0095 0.9992 0.0382
vn 0.0904 0.9958 0.0140
vn -0.2401 0.9599 0.1449
vn -0.5030 0.8611 0.0738
vn -0.4373 0.8992 0.0160
vn -0.0569 0.9983 0.0120
vn 0.0040 0.9820 0.1891
vn -0.7120 0.6987 0.0701
vn -0.8443 0.5348 0.0348
vn -0.8779 0.4784 0.0218
vn -0.9725 0.2211 0.0730
vn -0.9996 -0.0283 0.0007
vn -0.9701 -0.2420 0.0176
vn -0.9632 -0.2684 -0.0118
vn -0.8595 -0.5035 -0.0878
vn -0.7131 -0.7002 -0.0347
vn -0.4899 -0.8630 -0.1234
vn -0.5940 -0.8044 0.0100
vn 0.2802 -0.9307 -0.2351
vn 0.0018 -0.9751 -0.2219
vn 0.4927 0.8209 0.2887
vn -0.0744 0.9509 0.3004
vn -0.5241 0.7971 0.2999
vn -0.7119 0.6749 0.1943
vn -0.8563 0.4679 0.2188
vn -0.9471 -0.3000 -0.1138
vn -0.2743 -0.9342 -0.2280
vn 0.8620 -0.4667 -0.1977
vn -0.7100 -0.6712 -0.2130
vn 0.2571 -0.8889 -0.3792
vn 0.4930 -0.8019 -0.3374
vn -0.0024 -0.9187 -0.3949
vn 0.6858 -0.6702 -0.2838
vn 0.9577 -0.2432 -0.1536
vn 0.9591 0.2530 0.1272
vn 0.8759 0.4262 0.2262
vn 0.7349 0.5939 0.3276
vn 0.2387 0.8505 0.4687
vn -0.0316 0.8850 0.4644
vn -0.2266 0.8510 0.4737
vn -0.8628 -0.4275 -0.2698
vn -0.5052 -0.7954 -0.3348
vn -0.2585 -0.8883 -0.3797
vn 0.9970 -0.0555 -0.0535
vn -0.0285 0.8045 0.5933
vn -0.7034 0.6052 0.3728
vn -0.9989 -0.0391 -0.0246
vn -0.6924 -0.6385 -0.3360
vn 0.2528 -0.8014 -0.5420
vn 0.4923 -0.7200 -0.4892
vn -0.0035 -0.8294 -0.5587
vn 0.7257 -0.5670 -0.3897
vn 0.4949 0.6613 0.5636
vn -0.5152 0.6566 0.5509
vn -0.8506 0.4175 0.3198
vn -0.9621 0.1715 0.2121
vn -0.5203 -0.7073 -0.4785
vn -0.2596 -0.8019 -0.5381
vn 0.8588 -0.3784 -0.3453
vn 0.0417 0.7400 0.6713
vn -0.7023 0.4672 0.5371
vn -0.9609 -0.1978 -0.1937
vn -0.7181 -0.5042 -0.4797
vn 0.2519 -0.6885 -0.6801
vn 0.5067 -0.6214 -0.5976
vn -0.0044 -0.7125 -0.7016
vn 0.7019 -0.4494 -0.5526
vn 0.9449 -0.1895 -0.2670
vn 0.9690 0.1607 0.1875
vn 0.8726 0.3121 0.3757
vn 0.7349 0.4374 0.5183
vn 0.2254 0.6344 0.7394
vn 0.0146 0.5898 0.8074
vn -0.2340 0.6236 0.7459
vn -0.8543 -0.3177 -0.4114
vn -0.4735 -0.6295 -0.6160
vn -0.2604 -0.6891 -0.6763
vn 0.2512 -0.5521 -0.7951
vn 0.5196 -0.4685 -0.7145
vn -0.0051 -0.5715 -0.8206
vn 0.8593 -0.2280 -0.4578
vn 0.5294 0.3899 0.7534
vn 0.0200 0.4782 0.8780
vn -0.5001 0.4243 0.7549
vn -0.8291 0.2651 0.4923
vn -0.9988 -0.0099 -0.0488
vn -0.5216 -0.4945 -0.6952
vn -0.2611 -0.5528 -0.7914
vn 0.9717 0.0696 0.2258
vn -0.7073 0.2903 0.6445
vn -0.9584 -0.1085 -0.2640
vn -0.7097 -0.3554 -0.6083
vn 0.2506 -0.3941 -0.8843
vn 0.4936 -0.3574 -0.7928
vn -0.0057 -0.4081 -0.9129
vn 0.6956 -0.2845 -0.6597
vn 0.9991 -0.0171 -0.0389
vn 0.7898 0.2630 0.5541
vn 0.2894 0.3880 0.8751
vn -0.0023 0.3156 0.9489
vn -0.2290 0.3551 0.9063
vn -0.9694 0.0455 0.2411
vn -0.8624 -0.2181 -0.4568
vn -0.5077 -0.3541 -0.7854
vn -0.2617 -0.3948 -0.8807
vn 0.9566 -0.0573 -0.2857
vn -0.7067 0.1413 0.6933
vn -0.7093 -0.2242 -0.6683
vn 0.2475 -0.2112 -0.9456
vn 0.4974 -0.2042 -0.8432
vn -0.0087 -0.2128 -0.9771
vn 0.6887 -0.1113 -0.7164
vn 0.8617 -0.0462 -0.5053
vn 0.8622 0.0516 0.5039
vn 0.7251 0.1205 0.6780
vn 0.5112 0.1004 0.8536
vn 0.2780 0.1601 0.9472
vn -0.2449 0.1568 0.9568
vn -0.4975 0.1261 0.8582
vn -0.0027 0.1521 0.9884
vn -0.8638 0.0551 0.5009
vn -0.8616 -0.0859 -0.5002
vn -0.5167 -0.1906 -0.8347
vn -0.2568 -0.2086 -0.9437
vn -0.0088 0.0414 0.9991
vn -0.9677 -0.0086 -0.2519
vn -0.6844 -0.0615 -0.7265
vn -0.3919 -0.0406 -0.9191
vn -0.0035 -0.0506 -0.9987
vn 0.4049 -0.0349 -0.9137
vn 0.2512 0.0003 -0.9679
vn -0.0063 -0.0001 -1.0000
vn 0.4928 -0.0001 -0.8701
vn 0.7026 -0.0008 -0.7116
vn 0.8640 -0.0005 -0.5034
vn 0.9646 -0.0002 -0.2637
vn 1.0000 0.0004 -0.0066
vn 0.9679 0.0009 0.2515
vn 0.8704 0.0012 0.4923
vn 0.7115 0.0013 0.7027
vn 0.5033 0.0014 0.8641
vn 0.2634 0.0012 0.9647
vn 0.0414 0.0934 0.9948
vn -0.2516 0.0017 0.9678
vn -0.0290 0.0942 0.9951
vn -0.4925 0.0016 0.8703
vn -0.7027 0.0014 0.7115
vn -0.8642 0.0012 0.5031
vn -0.9646 0.0011 0.2636
vn -1.0000 0.0004 0.0057
vn -0.9678 -0.0004 -0.2516
vn -0.8703 -0.0007 -0.4925
vn -0.7115 -0.0010 -0.7027
vn -0.5037 -0.0002 -0.8639
vn -0.2633 0.0003 -0.9647
vn -0.0266 0.9994 -0.0237
vn -0.1815 0.9801 -0.0804
vn 0.0057 1.0000 0.0063
vn -0.2674 0.9202 0.2859
vn -0.0237 0.9994 0.0264
vn 0.0238 0.9994 -0.0264
vn 0.0809 0.9799 -0.1824
vn -0.0058 1.0000 0.0071
vn 0.0264 0.9994 0.0237
vn 0.1813 0.9801 0.0804
vn 0.2671 0.9202 -0.2860
vn -0.2822 0.9244 -0.2566
vn 0.3025 0.7619 -0.5727
vn -0.5707 0.7603 0.3102
vn -0.3178 0.7504 -0.5795
vn 0.3102 0.7604 0.5705
vn -0.5727 0.7619 -0.3025
vn 0.5708 0.7602 -0.3102
vn -0.3024 0.7620 0.5727
vn 0.5726 0.7620 0.3025
vn 0.0567 0.5649 0.8232
vn -0.2909 0.3730 0.8811
vn -0.0250 0.9885 0.1492
vn -0.3604 0.5656 0.7417
vn -0.0833 0.9903 0.1112
vn -0.7422 0.5647 -0.3609
vn -0.6253 0.2491 -0.7396
vn -0.5677 0.2243 -0.7921
vn 0.7922 0.2216 -0.5686
vn 0.5005 0.8546 -0.1383
vn 0.8224 0.5661 -0.0567
vn 0.1490 0.9885 0.0250
vn 0.5692 0.2212 0.7919
vn 0.1387 0.8542 0.5011
vn -0.7392 0.2515 0.6248
vn -0.7919 0.2198 0.5698
vn -0.1382 0.8547 -0.5004
vn -0.0567 0.5658 -0.8226
vn 0.0250 0.9885 -0.1490
vn 0.8812 0.3726 0.2908
vn 0.7422 0.5647 0.3611
vn 0.1111 0.9903 0.0834
vn -0.5004 0.8547 0.1383
vn 0.2909 0.3729 -0.8811
vn 0.3607 0.5643 -0.7426
vn 0.6252 0.2489 0.7398
vn -0.8812 0.3726 -0.2908
vn 0.7395 0.2491 -0.6253
vn 0.0067 0.0083 0.9999
vn 0.0107 0.0089 0.9999
vn -0.3720 0.0090 0.9282
vn -0.3763 0.0084 0.9265
vn -0.7836 0.0082 -0.6212
vn -0.7873 0.0091 -0.6165
vn -0.4134 0.0092 -0.9105
vn -0.4083 0.0083 -0.9128
vn 0.9999 0.0089 -0.0107
vn 0.0476 0.9989 -0.0028
vn 0.6050 0.7765 -0.1761
vn 0.5977 0.7347 -0.3208
vn -0.7023 0.0083 0.7118
vn -0.6995 0.0089 0.7146
vn -0.9198 0.0090 0.3923
vn -0.9215 0.0084 0.3882
vn 0.0311 0.7249 0.6881
vn 0.1547 0.7352 0.6600
vn -0.4107 0.5562 0.7225
vn -0.0106 0.0089 -0.9999
vn -0.1941 0.7483 -0.6343
vn -0.3209 0.7343 -0.5982
vn 0.7211 0.6691 0.1796
vn -0.9994 0.0089 0.0340
vn -0.9995 0.0084 0.0307
vn -0.6358 0.7470 0.1943
vn -0.6014 0.7310 0.3224
vn 0.3090 0.7405 -0.5968
vn 0.1863 0.7535 -0.6305
vn 0.7119 0.0083 0.7023
vn 0.5725 0.5965 0.5626
vn -0.9407 -0.0826 -0.3289
vn -0.9419 0.1038 -0.3195
vn -0.5968 0.7405 -0.3089
vn -0.6307 0.7534 -0.1863
vn -0.9717 0.1035 -0.2123
vn -0.9741 -0.0823 -0.2109
vn 0.0018 0.0102 0.9999
vn 0.0081 -0.0040 1.0000
vn 0.0105 -0.0024 0.9999
vn 0.0025 -0.0061 1.0000
vn 0.0162 -0.0016 0.9999
vn -0.0060 0.0040 1.0000
vn 0.0022 -0.0005 1.0000
vn 0.0069 -0.0000 1.0000
vn -0.0323 0.9995 0.0002
vn -0.0239 0.9995 0.0227
vn 0.0345 0.9994 0.0073
vn -0.0000 0.9994 0.0346
vn 0.1192 0.9861 0.1159
vn -0.0222 0.9995 -0.0234
vn 0.1488 0.9863 -0.0718
vn 0.0151 0.9994 -0.0303
vn -0.0050 0.4970 -0.8677
vn -0.2942 0.6493 -0.7013
vn 0.2829 0.6532 -0.7024
vn -0.0142 0.4986 -0.8667
vn 0.4925 0.0133 -0.8702
vn 0.4906 0.0052 -0.8714
vn 0.6477 0.2869 -0.7058
vn 0.6478 -0.2925 -0.7035
vn -0.0059 0.0014 -1.0000
vn 0.0050 -0.0073 -1.0000
vn 0.0181 -0.0269 -0.9995
vn -0.0544 0.1001 -0.9935
vn 0.0282 0.0393 -0.9988
vn -0.0347 0.0236 -0.9991
vn -0.0289 0.0247 -0.9993
vn 0.0147 -0.0255 -0.9996
vn 0.0005 0.0062 -1.0000
vn 0.0277 0.0775 -0.9966
vn -0.0050 0.0008 -1.0000
vn 0.0322 0.0235 -0.9992
vn 0.0007 0.9969 -0.0787
vn 0.0008 0.9971 -0.0759
vn 0.0034 0.9971 -0.0757
vn 0.0028 0.9970 -0.0772
vn 0.0187 0.7842 -0.6202
vn 0.8354 -0.4556 -0.3075
vn 0.9998 -0.0060 -0.0165
vn 0.9995 -0.0183 -0.0239
vn 0.8203 -0.3636 0.4414
vn 0.0191 -0.7654 -0.6433
vn -0.0264 -0.7837 -0.6206
vn -0.0252 0.7916 -0.6105
vn -0.7877 0.0225 -0.6156
vn 0.4319 0.3200 -0.8432
vn 0.4670 -0.3393 -0.8166
vn 0.9999 0.0048 -0.0129
vn 0.9999 0.0004 -0.0138
vn 0.9998 -0.0025 -0.0203
vn 0.9998 0.0005 -0.0209
vn -0.4753 0.3384 -0.8121
vn 0.0057 0.9999 -0.0093
vn 0.3645 0.8261 0.4299
vn 0.4473 0.8411 -0.3042
vn -0.7682 -0.0232 -0.6398
vn -0.3447 -0.4721 -0.8114
vn 0.3166 -0.4414 -0.8396
vn 0.7534 -0.0244 -0.6571
vn 0.3751 0.0004 -0.9270
vn 0.7585 0.0232 -0.6513
vn -0.3287 0.4283 -0.8418
vn 0.3360 0.4691 -0.8168
vn -0.0073 -0.9999 -0.0106
vn 0.0025 -0.9999 -0.0127
vn -0.8235 0.3618 0.4369
vn -0.8428 0.4492 -0.2966
vn -1.0000 0.0058 -0.0032
vn 0.8280 0.4509 -0.3333
vn 0.8447 0.3592 0.3968
vn 0.9994 0.0104 -0.0344
vn -0.4012 0.0263 -0.9156
vn -0.5033 -0.0133 -0.8640
vn -0.5014 -0.0051 -0.8652
vn -0.6563 -0.2869 -0.6978
vn -0.6564 0.2926 -0.6954
vn -0.0070 -0.9999 -0.0110
vn -0.0182 -0.9997 -0.0176
vn -0.3609 -0.8177 0.4484
vn -1.0000 0.0025 0.0005
vn -1.0000 0.0062 -0.0065
vn -1.0000 0.0011 -0.0086
vn -1.0000 -0.0018 -0.0023
vn 0.9967 -0.0001 -0.0817
vn 0.9968 -0.0002 -0.0805
vn 0.9967 0.0021 -0.0816
vn 0.2828 -0.6532 -0.7024
vn -0.2942 -0.6493 -0.7013
vn -0.0219 -0.4969 -0.8675
vn -0.3567 0.8421 0.4044
vn -0.0063 0.9999 -0.0105
vn -0.0071 -0.0012 -1.0000
vn -0.0003 -0.9970 -0.0777
vn 0.0028 -0.9970 -0.0770
vn 0.0023 -0.9972 -0.0747
vn 0.0007 -0.9971 -0.0757
vn -0.9976 0.0015 -0.0695
vn -0.9977 -0.0017 -0.0679
vn -0.9973 0.0009 -0.0733
vn -0.9972 0.0019 -0.0749
vn 0.0046 1.0000 -0.0070
vn 0.0072 0.9999 -0.0107
vn -0.0018 1.0000 -0.0084
vn 0.4489 -0.8301 -0.3308
vn 0.3616 -0.8421 0.4002
vn -0.8306 -0.3726 0.4139
vn -0.9998 -0.0135 -0.0169
vn -1.0000 -0.0045 -0.0050
vn -0.8252 -0.4621 -0.3247
vn -0.7732 0.0083 0.6341
vn -0.7715 -0.0080 0.6362
vn -0.0080 -0.0353 -0.9993
vn -0.0054 -0.0205 -0.9998
vn -0.0070 -0.0334 -0.9994
vn -0.5607 0.7901 -0.2477
vn -0.5601 0.7873 0.2577
vn -0.2061 0.9783 0.0197
vn -0.1665 0.9860 0.0118
vn -0.9748 0.2229 0.0048
vn -0.9756 0.2196 0.0070
vn -0.7573 0.6047 -0.2467
vn -0.9998 -0.0190 0.0064
vn -0.9998 -0.0175 0.0051
vn -0.9790 -0.2035 0.0074
vn -0.9792 -0.2027 0.0109
vn -0.9998 0.0198 0.0069
vn -0.9998 0.0188 0.0074
vn -0.0212 0.0269 0.9994
vn -0.7779 -0.5777 -0.2473
vn -0.2118 -0.9773 0.0010
vn -0.2146 -0.9767 0.0025
vn -0.5901 -0.7661 0.2547
vn 0.9998 0.0191 -0.0059
vn 0.9998 0.0176 -0.0071
vn 0.9790 0.2036 -0.0046
vn 0.9792 0.2028 -0.0012
vn -0.0189 -0.9998 0.0026
vn -0.0207 -0.9998 0.0026
vn 0.7750 0.5775 -0.2567
vn 0.7807 0.5755 0.2433
vn 0.5893 0.7684 -0.2494
vn 0.2121 0.9773 -0.0023
vn 0.2152 0.9766 -0.0001
vn 0.5933 0.7660 0.2474
vn 0.2074 -0.9782 -0.0025
vn 0.2107 -0.9775 -0.0001
vn 0.0191 -0.9998 -0.0026
vn 0.0186 -0.9998 -0.0036
vn 0.0188 0.9998 -0.0021
vn 0.0197 0.9998 -0.0015
vn -0.0061 -0.0185 -0.9998
vn -0.0060 -0.0175 -0.9998
vn 0.5832 -0.7729 -0.2501
vn 0.5872 -0.7704 0.2484
vn 0.9781 -0.2080 -0.0073
vn 0.9788 -0.2049 -0.0052
vn 0.7714 -0.5822 -0.2568
vn 0.9998 -0.0192 -0.0058
vn 0.9998 -0.0181 -0.0053
vn -0.0074 1.0000 0.0048
vn 0.0125 0.7759 0.6307
vn -0.0042 0.8365 0.5479
vn -0.7925 -0.0080 -0.6098
vn -0.1434 -0.0001 -0.9897
vn -0.0227 -0.0006 -0.9997
vn -0.0132 -0.7682 -0.6401
vn -0.0063 -0.0215 -0.9997
vn -0.0089 0.0146 -0.9999
vn -0.0078 0.0190 -0.9998
vn 0.0043 0.7786 -0.6275
vn 0.7746 -0.0080 0.6324
vn 0.0106 -0.0006 -0.9999
vn 0.0038 0.0004 -1.0000
vn 0.8298 0.0064 -0.5580
vn 0.7805 -0.0079 -0.6250
vn -0.0043 -0.7687 0.6396
vn 0.0120 -0.7787 0.6273
vn -0.8231 0.0057 -0.5678
vn -0.0205 -0.0015 -0.9998
vn -0.0323 -0.0005 -0.9995
vn -0.0107 0.0112 -0.9999
vn 0.0044 -0.0006 -1.0000
vn 0.0111 0.0197 -0.9997
vn -0.0063 -0.0162 -0.9998
vn -0.0166 -0.0007 -0.9999
vn -0.0154 0.0163 -0.9997
vn -0.9581 -0.2863 0.0075
vn -0.9781 -0.2079 0.0030
vn -0.9179 -0.3967 0.0073
vn -0.9443 0.3288 0.0104
vn -0.9843 0.1762 0.0042
vn -0.9812 0.1928 0.0103
vn -1.0000 0.0044 0.0047
vn -0.9999 -0.0045 0.0149
vn -0.8390 0.5441 0.0069
vn -0.8789 0.4770 0.0071
vn -0.9406 0.3394 0.0054
vn -0.9699 0.2434 0.0057
vn -0.9093 -0.4162 0.0053
vn -0.9932 -0.1159 0.0071
vn 0.9124 0.4092 -0.0058
vn 0.9798 0.2002 0.0014
vn 0.9524 0.3047 -0.0070
vn 0.9003 -0.4352 -0.0089
vn 0.9343 -0.3563 0.0061
vn 0.8305 -0.5570 -0.0019
vn 0.9444 -0.3286 -0.0107
vn 0.9782 -0.2077 -0.0037
vn 0.9249 0.3801 -0.0041
vn 0.9826 0.1856 -0.0033
vn 0.0080 0.0002 1.0000
vn 0.0066 -0.0001 1.0000
vn 0.0080 -0.0159 0.9998
vn 0.8811 0.4730 -0.0017
vn 0.0034 -0.0004 -1.0000
vn 0.0043 -0.0013 -1.0000
vn 0.0056 0.0010 -1.0000
vn 0.0040 -0.0051 -1.0000
vn 0.0050 0.0064 -1.0000
vn 0.0054 0.0018 -1.0000
vn 0.0064 0.0021 -1.0000
vn -0.1401 -0.9900 0.0173
vn -0.1451 -0.9892 0.0220
vn -0.2102 -0.9776 0.0089
vn 0.0090 0.0166 0.9998
vn 0.0106 0.0179 0.9998
vn -0.0046 -0.0037 -1.0000
vn -0.0071 -0.0016 -1.0000
vn 0.0018 -0.0054 -1.0000
vn 0.0083 0.0097 -0.9999
vn 0.0028 -0.0031 1.0000
vn 0.0048 -0.0026 1.0000
vn 0.0035 0.0056 1.0000
vn 0.0125 -0.0087 0.9999
vn 0.0163 -0.0308 0.9994
vn 0.0150 0.0015 0.9999
vn -0.1665 0.9860 0.0073
vn -0.1855 0.9826 0.0069
vn -0.1433 0.9894 0.0242
vn -0.1358 0.9905 0.0214
vn 0.0064 -0.0008 1.0000
vn 0.0089 -0.0166 0.9998
vn 0.0051 0.0053 1.0000
vn 0.0026 0.0057 1.0000
vn 0.0074 0.0232 0.9997
vn 0.0228 0.0220 0.9995
vn 0.0082 -0.0030 1.0000
vn -0.5977 -0.8017 0.0085
vn -0.4472 -0.8944 0.0012
vn -0.3661 -0.9306 0.0053
vn 0.9979 -0.0636 0.0108
vn 0.9999 0.0065 -0.0143
vn -0.2104 -0.9776 0.0017
vn -0.1336 -0.9910 0.0121
vn -0.3634 -0.9316 0.0085
vn -0.1777 0.9841 -0.0026
vn -0.2018 0.9794 -0.0003
vn 0.0725 0.9973 -0.0105
vn 0.3649 0.9310 -0.0098
vn 0.1947 0.9809 -0.0048
vn 0.3871 0.9220 -0.0015
vn 0.5957 0.8032 -0.0027
vn -0.3805 0.9248 0.0026
vn 0.2777 0.9607 0.0011
vn -0.2908 0.9568 0.0023
vn -0.0014 0.9999 0.0107
vn -0.4793 0.8777 0.0020
vn -0.4930 0.8700 0.0039
vn 0.3052 -0.9523 -0.0046
vn 0.3004 -0.9538 0.0072
vn 0.1975 -0.9803 -0.0073
vn -0.4322 -0.9018 -0.0005
vn -0.5484 -0.8362 0.0066
vn -0.3291 -0.9443 -0.0026
vn 0.4114 -0.9114 -0.0033
vn 0.4533 -0.8913 -0.0015
vn -0.0109 -0.0064 -0.9999
vn -0.0079 -0.0131 -0.9999
vn -0.0065 -0.0119 -0.9999
vn -0.0039 -0.0106 -0.9999
vn -0.0032 -0.0137 -0.9999
vn 0.0009 -0.0113 -0.9999
vn -0.9759 0.2179 0.0134
vn -0.9776 0.2100 0.0135
vn 0.0082 0.0083 0.9999
vn 0.0184 0.0049 0.9998
vn -0.0020 0.0054 1.0000
vn 0.0257 -0.0035 0.9997
vn -0.0119 -0.0052 -0.9999
vn -0.0135 -0.0071 -0.9999
vn -0.0110 -0.0058 -0.9999
vn -0.0011 -0.0069 -1.0000
vn 0.0028 0.0067 1.0000
vn 0.0029 0.0064 1.0000
vn 0.0102 0.0060 0.9999
vn -0.0011 -0.0158 0.9999
vn -0.0201 -0.0102 0.9997
vn 0.0007 -0.0161 0.9999
vn 0.9858 0.1679 -0.0024
vn 0.9836 0.1805 -0.0068
vn 0.9895 0.1435 0.0172
vn 0.9906 0.1360 0.0145
vn 0.0049 -0.0536 0.9986
vn -0.0090 -0.0028 1.0000
vn -0.0028 -0.0054 -1.0000
vn 0.0118 -0.0061 0.9999
vn 0.0098 -0.0039 0.9999
vn 0.0177 -0.0031 0.9998
vn 0.0273 -0.0232 0.9994
vn -0.0300 0.0839 -0.9960
vn 0.1029 -0.9946 0.0119
vn 0.0007 -1.0000 -0.0063
vn 0.9572 0.2893 -0.0041
vn 0.9659 0.2586 -0.0098
vn 0.9193 0.3936 -0.0035
vn 0.9859 0.1674 -0.0053
vn 0.9967 0.0808 -0.0100
vn 1.0000 -0.0064 0.0023
vn 0.9820 -0.1886 -0.0042
vn 0.9579 -0.2871 -0.0080
vn 0.9930 -0.1178 -0.0097
vn 0.9585 -0.2850 -0.0026
vn 0.9074 0.4202 -0.0061
vn 0.8689 0.4949 -0.0041
vn -0.9127 -0.4087 0.0046
vn -0.9321 -0.3619 0.0133
vn -0.9549 -0.2969 0.0028
vn -0.9531 0.3027 0.0041
vn -0.9757 0.2192 0.0031
vn -0.9209 0.3897 0.0107
vn -0.9789 -0.2045 0.0046
vn -0.8850 -0.4655 0.0106
vn -0.0157 0.0015 -0.9999
vn -0.0154 0.0044 -0.9999
vn -0.0184 0.0004 -0.9998
vn -0.0160 -0.0020 -0.9999
vn -0.0208 -0.0023 -0.9998
vn -0.0179 -0.0049 -0.9998
vn 0.1402 0.9900 0.0155
vn 0.1452 0.9892 0.0202
vn 0.2180 0.9759 0.0061
vn 0.2101 0.9777 0.0062
vn 0.0048 0.0002 1.0000
vn 0.0034 -0.0159 0.9999
vn 0.0048 0.0058 1.0000
vn 0.0006 -0.0184 0.9998
vn -0.0171 -0.0044 -0.9998
vn 0.0096 0.0041 0.9999
vn 0.0078 0.0035 1.0000
vn 0.0039 0.0011 1.0000
vn 0.1675 -0.9859 0.0027
vn 0.1801 -0.9837 -0.0018
vn 0.1435 -0.9894 0.0224
vn 0.1360 -0.9905 0.0197
vn 0.0056 0.0180 0.9998
vn 0.0070 0.0164 0.9998
vn -0.0073 0.0151 0.9999
vn 0.0097 0.0115 0.9999
vn 0.0063 -0.0002 1.0000
vn 0.0045 -0.0038 1.0000
vn -0.0094 -0.0036 -0.9999
vn -0.0190 0.0037 -0.9998
vn -0.0061 -0.0317 0.9995
vn -0.0071 -0.0137 0.9999
vn 0.0046 -0.0043 1.0000
vn -0.0505 -0.0149 0.9986
vn 0.0795 0.0277 -0.9965
vn 0.0550 -0.0010 -0.9985
vn 0.9158 -0.4017 -0.0033
vn 0.8977 -0.4406 -0.0068
vn -0.9136 0.4065 0.0057
vn -0.9903 -0.1379 0.0179
vn -1.0000 -0.0025 -0.0000
vn -0.9913 0.1303 0.0157
vn 0.1841 -0.9829 -0.0008
vn 0.2943 -0.9557 -0.0038
vn 0.2903 -0.9569 0.0004
vn -0.1884 -0.9821 0.0048
vn -0.2937 -0.9559 -0.0013
vn -0.1031 -0.9947 -0.0041
vn -0.2617 -0.9651 0.0030
vn 0.0105 -0.9999 0.0069
vn 0.1258 -0.9920 -0.0045
vn 0.3940 -0.9191 0.0001
vn 0.4417 -0.8971 -0.0036
vn 0.4954 -0.8687 -0.0005
vn -0.2973 0.9548 -0.0007
vn -0.3649 0.9310 0.0093
vn -0.2014 0.9795 0.0065
vn -0.4073 0.9133 0.0009
vn 0.2107 0.9775 -0.0022
vn 0.1202 0.9927 0.0042
vn 0.3662 0.9305 0.0039
vn 0.4367 0.8996 -0.0063
vn 0.5685 0.8227 0.0002
vn 0.3255 0.9455 -0.0067
vn -0.4690 0.8832 0.0073
vn -0.0028 0.0113 -0.9999
vn -0.0008 0.0089 -1.0000
vn -0.0038 0.0108 -0.9999
vn -0.0031 0.0095 -0.9999
vn -0.0088 0.0101 -0.9999
vn -0.0074 0.0118 -0.9999
vn -0.0101 0.0097 -0.9999
vn -0.0067 0.0068 -1.0000
vn 0.9900 -0.1407 0.0103
vn 0.9892 -0.1457 0.0150
vn 0.9759 -0.2181 0.0014
vn 0.9777 -0.2102 0.0016
vn 0.0017 0.0023 1.0000
vn -0.0152 0.0013 0.9999
vn 0.0035 0.0025 1.0000
vn -0.0156 0.0016 0.9999
vn -0.0102 0.0095 -0.9999
vn 0.0093 -0.0049 0.9999
vn 0.0093 -0.0047 0.9999
vn -0.0022 -0.0016 1.0000
vn 0.0207 0.0121 0.9997
vn 0.0259 -0.0027 0.9997
vn 0.0123 0.0074 0.9999
vn 0.1648 -0.4388 -0.8833
vn -0.9858 -0.1679 0.0098
vn -0.9836 -0.1805 0.0053
vn -0.9892 -0.1435 0.0294
vn -0.9904 -0.1359 0.0267
vn 0.0200 0.0030 0.9998
vn 0.0090 0.0183 0.9998
vn 0.0008 0.0055 -1.0000
vn -0.0046 0.0011 1.0000
vn -0.0139 0.0122 0.9998
vn -0.0122 0.0724 0.9973
vn -0.0215 0.0037 0.9998
vn -0.1263 0.9920 0.0003
vn -0.0143 0.9998 0.0123
vn 0.6538 0.7566 -0.0052
vn 0.8620 0.5069 -0.0055
vn -0.8586 -0.5126 0.0047
vn -0.0067 -0.0032 -1.0000
vn -0.0069 -0.0020 -1.0000
vn 0.0119 0.0161 0.9998
vn -0.5102 0.8600 0.0025
vn -0.0082 -0.0038 -1.0000
vn 0.0212 -0.0459 -0.9987
vn 0.5264 -0.8502 -0.0040
vn -0.0170 0.0137 0.9998
vn -0.0130 -0.0046 0.9999
vn -0.6103 -0.7921 0.0023
vn -0.8647 -0.5022 0.0065
vn -0.8655 -0.5009 0.0063
vn 0.0004 0.0038 -1.0000
vn 0.5277 -0.8494 -0.0042
vn 0.5106 -0.8598 -0.0021
vn 0.0177 -0.0220 0.9996
vn 0.0093 -0.0090 0.9999
vn -0.0128 -0.0019 0.9999
vn 0.0256 0.0146 0.9996
vn -0.6329 -0.7742 0.0018
vn -0.7073 -0.7069 0.0070
vn -0.7331 -0.6801 0.0023
vn -0.7738 -0.6334 0.0064
vn -0.0060 -0.0019 -1.0000
vn -0.0075 -0.0023 -1.0000
vn 0.6094 0.7929 -0.0048
vn 0.6996 0.7145 -0.0014
vn 0.7180 0.6960 -0.0058
vn 0.2198 0.1978 0.9553
vn 0.0135 -0.0010 0.9999
vn 0.0026 -0.0000 1.0000
vn 0.0125 -0.0304 0.9995
vn 0.7691 -0.6391 -0.0068
vn 0.7057 -0.7085 -0.0022
vn 0.6748 -0.7379 -0.0059
vn 0.6356 -0.7720 0.0072
vn -0.0038 -0.0032 -1.0000
vn -0.0047 -0.0024 -1.0000
vn -0.0394 0.0464 -0.9981
vn -0.7627 0.6468 0.0017
vn -0.7068 0.7074 0.0064
vn -0.6826 0.7308 0.0017
vn -0.6475 0.7620 0.0058
vn -0.0017 0.0051 -1.0000
vn -0.0030 0.0023 -1.0000
vn -0.0013 0.0025 -1.0000
vn -0.0415 -0.0227 -0.9989
vn -0.7172 -0.6968 0.0089
vn -0.7769 -0.6296 0.0031
vn -0.7292 -0.6843 0.0038
vn -0.1552 -0.1485 0.9767
vn -0.0003 0.0037 1.0000
vn 0.0298 0.0126 0.9995
vn 0.0041 0.0097 0.9999
vn -0.0050 -0.0165 0.9999
vn -0.0087 -0.0244 0.9997
vn 0.8593 0.5115 -0.0060
vn 0.7772 0.6292 -0.0071
vn 0.7556 0.6551 -0.0038
vn 0.7261 0.6876 -0.0035
vn 0.7787 -0.6273 -0.0037
vn 0.7657 -0.6432 -0.0048
vn 0.6755 -0.7373 -0.0023
vn 0.6803 -0.7329 -0.0033
vn -0.0072 0.0041 -1.0000
vn -0.0055 0.0016 -1.0000
vn -0.0072 0.0003 -1.0000
vn -0.0092 0.0036 -1.0000
vn -0.8182 0.5750 0.0066
vn -0.8006 0.5992 0.0039
vn -0.6989 0.7152 0.0066
vn -0.7197 0.6943 0.0013
vn -0.6297 0.7768 0.0079
vn 0.0017 0.0127 0.9999
vn 0.4831 -0.8655 -0.1325
vn 0.5946 -0.8040 0.0047
vn -0.0010 -1.0000 0.0084
vn 0.7037 -0.7098 -0.0327
vn 0.8552 -0.5106 -0.0896
vn 0.9703 -0.2418 0.0060
vn 0.9634 -0.2662 -0.0319
vn 0.9998 -0.0165 -0.0070
vn 0.9696 0.2424 0.0341
vn 0.8764 0.4737 0.0867
vn 0.8781 0.4783 0.0113
vn 0.7092 0.7024 0.0609
vn 0.5067 0.8586 0.0779
vn 0.4364 0.8997 0.0091
vn 0.2509 0.9647 0.0797
vn 0.0018 0.9931 0.1175
vn 0.0562 0.9984 0.0079
vn -0.2785 0.9507 0.1364
vn -0.5063 0.8451 0.1716
vn -0.4366 0.8995 0.0173
vn -0.0531 0.9985 0.0115
vn -0.0097 0.9984 0.0566
vn -0.7115 0.6945 0.1069
vn -0.8647 0.4943 0.0898
vn -0.8779 0.4782 0.0234
vn -0.9712 0.2371 0.0248
vn -0.9998 -0.0189 0.0005
vn -0.9700 -0.2422 0.0182
vn -0.9619 -0.2700 -0.0425
vn -0.8591 -0.5078 -0.0641
vn -0.7065 -0.7064 -0.0436
vn -0.4921 -0.8616 -0.1245
vn 0.0019 -0.9751 -0.2220
vn 0.7024 -0.6811 -0.2067
vn 0.5115 0.8072 0.2945
vn 0.2673 0.9249 0.2705
vn 0.0768 0.9448 0.3185
vn -0.9642 0.2432 0.1056
vn 0.9581 -0.2657 -0.1068
vn 0.6862 0.6699 0.2835
vn -0.0269 0.9169 0.3982
vn -0.8527 -0.4728 -0.2220
vn -0.7025 -0.6797 -0.2110
vn 0.4943 -0.8017 -0.3360
vn 0.6936 -0.6470 -0.3168
vn 0.8556 -0.4459 -0.2629
vn 0.9973 -0.0559 -0.0483
vn 0.9503 0.2860 0.1229
vn 0.8841 0.3966 0.2473
vn -0.2672 0.8495 0.4549
vn -0.4981 0.7386 0.4543
vn -0.7167 0.6111 0.3359
vn -0.8643 0.4307 0.2598
vn -0.9984 -0.0471 -0.0301
vn -0.9659 -0.2289 -0.1208
vn -0.5060 -0.7927 -0.3400
vn -0.2584 -0.8882 -0.3798
vn 0.2508 0.7911 0.5579
vn -0.7171 -0.5934 -0.3656
vn 0.2528 -0.8015 -0.5420
vn 0.5053 -0.7169 -0.4803
vn -0.0035 -0.8293 -0.5588
vn 0.7126 -0.5386 -0.4496
vn 0.5019 0.6610 0.5578
vn 0.0403 0.7796 0.6250
vn 0.0462 0.8010 0.5969
vn -0.5061 -0.7130 -0.4853
vn -0.2595 -0.8019 -0.5381
vn 0.9466 -0.2383 -0.2169
vn 0.7076 0.5177 0.4809
vn -0.9585 0.1861 0.2158
vn -0.9593 -0.1763 -0.2205
vn -0.8685 -0.3550 -0.3459
vn -0.7013 -0.5163 -0.4916
vn 0.2519 -0.6884 -0.6802
vn 0.5189 -0.5973 -0.6115
vn 0.8389 -0.3564 -0.4114
vn 0.9616 0.1589 0.2237
vn 0.8691 0.3396 0.3597
vn -0.0225 0.6950 0.7187
vn -0.2602 0.6522 0.7120
vn -0.4978 0.5606 0.6617
vn -0.7028 0.4530 0.5485
vn -0.8720 0.3331 0.3587
vn -0.4887 -0.6236 -0.6101
vn 0.7098 -0.3682 -0.6005
vn 0.2394 0.5904 0.7708
vn -0.0129 0.6608 0.7505
vn 0.2512 -0.5520 -0.7951
vn 0.4841 -0.5108 -0.7104
vn -0.0052 -0.5715 -0.8206
vn 0.9539 -0.1497 -0.2600
vn 0.6985 0.4008 0.5929
vn 0.5047 0.4251 0.7514
vn 0.0191 0.5240 0.8515
vn -0.9983 -0.0303 -0.0501
vn -0.7258 -0.3709 -0.5794
vn -0.5072 -0.5013 -0.7011
vn -0.2612 -0.5528 -0.7913
vn 0.8454 -0.1923 -0.4984
vn 0.8542 0.2230 0.4697
vn 0.0058 0.4731 0.8810
vn -0.2690 0.4363 0.8587
vn -0.8637 0.2034 0.4611
vn -0.9671 0.1092 0.2298
vn -0.8658 -0.2169 -0.4509
vn 0.2506 -0.3940 -0.8843
vn 0.5158 -0.3433 -0.7850
vn 0.9993 -0.0107 -0.0345
vn 0.9760 0.0522 0.2115
vn 0.7227 0.2080 0.6591
vn 0.2446 0.3711 0.8958
vn -0.6176 0.3225 0.7173
vn -0.9474 -0.0709 -0.3123
vn -0.7078 -0.2143 -0.6731
vn -0.5147 -0.3580 -0.7791
vn -0.2617 -0.3949 -0.8807
vn 0.7024 -0.1853 -0.6872
vn -0.0000 0.2792 0.9602
vn 0.0299 0.3302 0.9434
vn -0.2689 0.1689 0.9483
vn 0.2476 -0.2112 -0.9456
vn 0.5027 -0.1777 -0.8460
vn -0.0087 -0.2127 -0.9771
vn 0.9516 -0.0434 -0.3043
vn 0.4903 0.1356 0.8609
vn 0.2836 0.1482 0.9474
vn -0.4854 0.1159 0.8666
vn -0.6924 0.1242 0.7107
vn -0.5213 -0.1820 -0.8337
vn 0.7804 -0.0385 -0.6241
vn 0.8661 0.0424 0.4980
vn 0.7207 0.0377 0.6923
vn -0.0140 0.0371 0.9992
vn 0.0224 0.0611 0.9979
vn -0.8665 0.0462 0.4970
vn -0.9581 0.0242 0.2855
vn -0.8678 -0.0509 -0.4943
vn -0.6878 -0.0515 -0.7241
vn -0.3850 -0.0438 -0.9219
vn 0.4017 -0.0413 -0.9148
vn 0.4928 -0.0001 -0.8702
vn 0.7023 -0.0001 -0.7119
vn 0.8644 -0.0001 -0.5028
vn 0.9646 -0.0004 -0.2637
vn 1.0000 0.0004 -0.0067
vn 0.9679 0.0008 0.2514
vn 0.8704 0.0009 0.4924
vn 0.7117 0.0013 0.7025
vn 0.5033 0.0016 0.8641
vn 0.2634 0.0013 0.9647
vn -0.2514 0.0015 0.9679
vn -0.0289 0.0937 0.9952
vn -0.7028 0.0012 0.7114
vn -0.8642 0.0009 0.5031
vn -0.9646 0.0009 0.2638
vn -0.9678 -0.0003 -0.2516
vn -0.8703 -0.0003 -0.4924
vn -0.7114 -0.0007 -0.7028
vn -0.5038 -0.0002 -0.8638
vn -0.0267 0.9994 -0.0237
vn -0.1808 0.9802 -0.0803
vn 0.0056 1.0000 0.0063
vn -0.2679 0.9200 0.2861
vn -0.0238 0.9994 0.0264
vn 0.0237 0.9994 -0.0264
vn 0.0806 0.9800 -0.1822
vn -0.0804 0.9802 0.1812
vn 0.2858 0.9202 0.2673
vn 0.1812 0.9802 0.0804
vn 0.2670 0.9203 -0.2860
vn -0.2822 0.9245 -0.2565
vn 0.3035 0.7613 -0.5730
vn -0.5708 0.7603 0.3101
vn -0.3187 0.7498 -0.5799
vn 0.3112 0.7599 0.5707
vn -0.5741 0.7608 -0.3025
vn 0.5715 0.7597 -0.3103
vn -0.3027 0.7617 0.5729
vn 0.5727 0.7620 0.3024
vn 0.0565 0.5656 0.8227
vn -0.2914 0.3713 0.8816
vn -0.0248 0.9885 0.1495
vn -0.3613 0.5636 0.7428
vn -0.0834 0.9903 0.1113
vn -0.7420 0.5648 -0.3611
vn -0.6246 0.2496 -0.7400
vn -0.5692 0.2215 -0.7918
vn 0.7932 0.2183 -0.5685
vn 0.5004 0.8547 -0.1383
vn 0.8231 0.5650 -0.0566
vn 0.1489 0.9885 0.0250
vn 0.5692 0.2211 0.7919
vn 0.1385 0.8542 0.5012
vn -0.7386 0.2508 0.6257
vn -0.7924 0.2234 0.5676
vn -0.1383 0.8547 -0.5004
vn -0.0566 0.5646 -0.8234
vn 0.0249 0.9885 -0.1493
vn 0.8819 0.3710 0.2910
vn 0.7424 0.5645 0.3609
vn 0.1114 0.9903 0.0834
vn -0.8221 0.5666 0.0565
vn -0.1492 0.9885 -0.0250
vn 0.2916 0.3705 -0.8819
vn 0.3614 0.5634 -0.7429
vn 0.0837 0.9902 -0.1114
vn 0.6255 0.2471 0.7400
vn -0.8819 0.3709 -0.2911
vn 0.7400 0.2475 -0.6254
vn -0.3092 0.7402 0.5971
vn -0.1865 0.7538 0.6301
vn -0.3722 0.0089 0.9281
vn -0.3762 0.0084 0.9265
vn -0.7837 0.0081 -0.6211
vn -0.7875 0.0091 -0.6162
vn -0.4138 0.0093 -0.9103
vn 0.9197 0.0090 -0.3926
vn 0.6881 0.7249 -0.0311
vn 0.6607 0.7346 -0.1545
vn 0.3927 0.0090 0.9196
vn -0.6993 0.0089 0.7147
vn -0.9196 0.0090 0.3927
vn -0.9216 0.0084 0.3880
vn 0.1943 0.7471 0.6356
vn 0.3228 0.7301 0.6023
vn -0.0066 0.0083 -0.9999
vn -0.0027 0.9989 -0.0475
vn -0.3211 0.7340 -0.5984
vn 0.9281 0.0089 0.3722
vn -0.9994 0.0089 0.0341
vn -0.9995 0.0084 0.0306
vn -0.6345 0.7482 0.1939
vn -0.5986 0.7337 0.3214
vn 0.1796 0.6696 -0.7207
vn 0.3723 0.0090 -0.9281
vn 0.7238 0.5547 0.4103
vn -0.9419 0.1038 -0.3194
vn -0.5965 0.7408 -0.3090
vn -0.6313 0.7529 -0.1861
vn -0.9717 0.1035 -0.2122
vn -0.9741 -0.0824 -0.2108
vn 0.5624 0.5970 -0.5721
vn 0.0107 -0.0022 0.9999
vn 0.0039 0.0021 1.0000
vn 0.0027 -0.0064 1.0000
vn 0.0062 0.0213 0.9998
vn 0.0069 -0.0111 0.9999
vn 0.0125 0.0034 0.9999
vn 0.0083 -0.0044 1.0000
vn 0.0187 -0.0008 0.9998
vn -0.0144 -0.0000 0.9999
vn 0.0019 -0.0008 1.0000
vn 0.0066 -0.0004 1.0000
vn 0.0070 0.0041 1.0000
vn -0.0222 0.9997 0.0102
vn -0.0009 0.9994 0.0338
vn 0.0262 0.9997 0.0022
vn 0.0260 0.9993 0.0283
vn -0.0293 0.9994 -0.0177
vn 0.0166 0.9994 -0.0291
vn -0.0087 0.9996 -0.0251
vn -0.2943 0.6494 -0.7012
vn 0.2828 0.6533 -0.7023
vn 0.4925 0.0134 -0.8702
vn 0.4907 0.0053 -0.8713
vn 0.6477 0.2867 -0.7058
vn 0.6478 -0.2927 -0.7034
vn -0.0991 -0.0353 -0.9944
vn -0.0107 0.0022 -0.9999
vn -0.0289 -0.0340 -0.9990
vn 0.0248 0.0390 -0.9989
vn -0.0345 0.0237 -0.9991
vn -0.0289 -0.0184 -0.9994
vn -0.0287 0.0249 -0.9993
vn 0.0229 -0.0414 -0.9989
vn -0.0169 0.0234 -0.9996
vn 0.0537 0.0042 -0.9985
vn -0.0022 -0.0080 -1.0000
vn -0.0137 -0.0026 -0.9999
vn 0.0177 -0.0266 -0.9995
vn 0.0005 -0.0995 -0.9950
vn -0.0067 -0.0007 -1.0000
vn 0.0323 0.0233 -0.9992
vn 0.0006 0.9969 -0.0787
vn 0.0006 0.9971 -0.0758
vn 0.0033 0.9971 -0.0757
vn 0.0191 0.7820 -0.6229
vn 0.0188 -0.7649 -0.6439
vn -0.0265 -0.7824 -0.6222
vn -0.0250 0.7919 -0.6101
vn -0.7870 0.0230 -0.6165
vn 0.4320 0.3200 -0.8432
vn 0.4666 -0.3393 -0.8168
vn 0.9999 0.0048 -0.0130
vn 0.9999 0.0004 -0.0139
vn -0.4423 -0.3196 -0.8380
vn -0.4752 0.3380 -0.8123
vn 0.0057 0.9999 -0.0094
vn 0.3646 0.8261 0.4297
vn 0.4474 0.8409 -0.3044
vn -0.7695 -0.0228 -0.6383
vn -0.3441 -0.4721 -0.8116
vn 0.3165 -0.4413 -0.8397
vn 0.7533 -0.0243 -0.6573
vn 0.7600 0.0229 -0.6496
vn 0.3358 0.4695 -0.8166
vn 0.4007 0.3045 -0.8641
vn -0.0047 -1.0000 -0.0070
vn 0.0002 -1.0000 -0.0060
vn -0.8234 0.3620 0.4370
vn -0.8428 0.4492 -0.2964
vn 0.8281 0.4509 -0.3330
vn 0.8445 0.3592 0.3973
vn 0.9994 0.0103 -0.0344
vn 0.9998 0.0062 -0.0166
vn -0.5033 -0.0134 -0.8640
vn -0.5014 -0.0053 -0.8652
vn -0.4602 -0.8349 -0.3020
vn -0.0069 -0.9999 -0.0110
vn -0.3609 -0.8177 0.4485
vn -1.0000 0.0012 -0.0086
vn 0.9966 -0.0001 -0.0820
vn 0.9966 0.0021 -0.0821
vn 0.2827 -0.6533 -0.7023
vn -0.2943 -0.6494 -0.7012
vn -0.0049 -0.4969 -0.8678
vn -0.3567 0.8422 0.4043
vn -0.0063 0.9999 -0.0104
vn -0.0004 -0.9970 -0.0777
vn 0.0029 -0.9970 -0.0770
vn 0.0003 -0.9971 -0.0758
vn -0.7578 -0.0078 -0.6524
vn -0.0179 0.0015 -0.9998
vn -0.0192 -0.0010 -0.9998
vn -0.9976 0.0017 -0.0697
vn -0.9977 -0.0016 -0.0680
vn -0.9973 0.0009 -0.0734
vn -0.9972 0.0019 -0.0753
vn 0.0043 1.0000 -0.0071
vn 0.0075 0.9999 -0.0108
vn 0.0012 0.9999 -0.0148
vn -0.0020 1.0000 -0.0084
vn 0.3617 -0.8422 0.3999
vn 0.0057 -0.9999 -0.0102
vn -0.8308 -0.3726 0.4136
vn -0.8250 -0.4622 -0.3252
vn -0.0078 -0.0090 -0.9999
vn -0.5623 0.7897 -0.2454
vn -0.5601 0.7874 0.2575
vn -0.1932 0.9812 0.0024
vn -0.1901 0.9818 0.0005
vn -0.9795 0.2011 0.0088
vn -0.9809 0.1940 0.0123
vn -0.7611 0.5965 0.2549
vn -0.7608 0.6003 -0.2468
vn -0.9998 -0.0182 0.0062
vn -0.9998 -0.0168 0.0049
vn -0.9790 -0.2037 0.0074
vn -0.9792 -0.2028 0.0108
vn -0.7778 -0.5778 -0.2473
vn -0.7774 -0.5758 0.2532
vn -0.2119 -0.9773 0.0002
vn -0.2150 -0.9766 0.0025
vn -0.5901 -0.7661 0.2546
vn 0.9998 0.0193 -0.0053
vn 0.9998 0.0176 -0.0064
vn 0.9790 0.2037 -0.0046
vn 0.9792 0.2028 -0.0011
vn -0.0187 -0.9998 -0.0023
vn -0.0195 -0.9998 -0.0018
vn 0.0072 0.0007 -1.0000
vn -0.0066 0.0031 -1.0000
vn -0.0026 0.0030 -1.0000
vn 0.5894 0.7684 -0.2494
vn 0.2118 0.9773 -0.0022
vn 0.2150 0.9766 -0.0001
vn 0.5934 0.7660 0.2474
vn 0.2073 -0.9783 -0.0018
vn 0.2103 -0.9776 -0.0001
vn 0.0200 -0.9998 0.0014
vn 0.0182 -0.9998 0.0015
vn 0.0187 0.9998 -0.0013
vn 0.0198 0.9998 -0.0008
vn -0.0052 -0.0139 -0.9999
vn -0.0035 -0.0028 -1.0000
vn 0.5871 -0.7705 0.2482
vn 0.9781 -0.2079 -0.0071
vn 0.9788 -0.2048 -0.0051
vn 0.7769 -0.5813 0.2421
vn 0.7715 -0.5822 -0.2568
vn 0.9998 -0.0191 -0.0057
vn 0.9998 -0.0180 -0.0053
vn -0.0178 0.9998 -0.0000
vn -0.0167 0.9999 -0.0003
vn -0.7699 0.0082 -0.6381
vn -0.0036 0.7961 0.6052
vn 0.0123 0.7633 0.6460
vn -0.0082 0.0030 -1.0000
vn -0.0090 -0.0014 -1.0000
vn -0.0068 0.0165 -0.9998
vn 0.0038 -0.7511 -0.6602
vn -0.0121 -0.7746 -0.6324
vn -0.0038 0.0368 -0.9993
vn 0.0120 -0.7796 0.6262
vn -0.0043 -0.7673 0.6413
vn 0.7759 -0.0092 -0.6307
vn 0.0085 -0.0012 -1.0000
vn 0.0124 0.0002 -0.9999
vn -0.0052 0.0159 -0.9999
vn -0.0069 0.0101 -0.9999
vn 0.0053 0.7556 -0.6551
vn -0.7716 0.0083 0.6360
vn -0.7732 -0.0080 0.6341
vn 0.7781 0.0081 0.6281
vn 0.7869 -0.0057 0.6170
vn -0.9767 -0.2148 -0.0023
vn -0.9907 -0.1359 0.0013
vn -0.9969 0.0789 -0.0036
vn -0.9805 0.1964 0.0096
vn -0.9376 0.3478 0.0004
vn -0.8445 0.5356 0.0027
vn -0.9229 0.3850 0.0084
vn -0.9638 0.2665 0.0071
vn -0.9998 -0.0192 0.0113
vn -0.9168 -0.3994 0.0081
vn -0.8993 -0.4372 0.0043
vn -0.9569 -0.2904 0.0075
vn 0.9783 -0.2069 -0.0059
vn 0.9886 -0.1506 0.0029
vn 0.9292 -0.3696 -0.0006
vn 0.9538 -0.3002 -0.0086
vn 0.9447 0.3279 -0.0096
vn 0.9475 0.3198 0.0014
vn 0.9790 0.2039 -0.0054
vn 0.9057 0.4239 -0.0074
vn 0.8876 0.4606 -0.0042
vn 0.0029 -0.0027 -1.0000
vn 0.0067 -0.0021 -1.0000
vn 0.0044 -0.0012 -1.0000
vn 0.0044 0.0019 -1.0000
vn 0.0051 0.0013 -1.0000
vn 0.0058 0.0056 -1.0000
vn 0.0047 0.0056 -1.0000
vn -0.1403 -0.9900 0.0172
vn -0.1453 -0.9891 0.0221
vn -0.2182 -0.9759 0.0088
vn 0.0032 -0.0046 -1.0000
vn 0.0036 -0.0059 -1.0000
vn 0.0060 0.0158 0.9999
vn 0.0089 0.0139 0.9999
vn 0.0086 -0.0038 1.0000
vn 0.0047 0.0035 1.0000
vn 0.0141 0.0097 0.9999
vn 0.0044 -0.0073 1.0000
vn 0.0175 -0.0042 0.9998
vn 0.0003 -0.0078 1.0000
vn 0.0127 -0.0197 0.9997
vn 0.0101 -0.0158 0.9998
vn 0.0003 -0.0076 1.0000
vn 0.0088 -0.0004 1.0000
vn -0.1854 0.9826 0.0069
vn -0.1436 0.9893 0.0242
vn -0.1361 0.9905 0.0215
vn 0.0075 -0.0159 0.9998
vn 0.0055 -0.0144 0.9999
vn 0.0106 0.0030 0.9999
vn -0.0019 0.0045 -1.0000
vn -0.0035 0.0056 -1.0000
vn 0.0287 -0.0074 0.9996
vn 0.0105 0.0377 0.9992
vn 0.0483 0.0098 0.9988
vn -0.0516 0.0093 -0.9986
vn 0.9137 -0.4062 -0.0067
vn 0.9948 0.1013 0.0059
vn 0.9999 0.0049 -0.0119
vn -0.2889 0.9574 0.0041
vn -0.3619 0.9322 -0.0024
vn -0.3942 0.9190 0.0046
vn -0.1804 0.9836 0.0024
vn -0.1069 0.9943 0.0011
vn 0.1864 0.9825 0.0018
vn 0.3867 0.9222 -0.0052
vn 0.1318 0.9913 -0.0020
vn 0.3863 0.9224 -0.0015
vn 0.2706 0.9627 -0.0010
vn -0.3585 -0.9335 0.0020
vn -0.3803 -0.9249 0.0039
vn -0.5439 -0.8391 0.0013
vn -0.4731 0.8810 0.0008
vn -0.4940 0.8695 0.0038
vn -0.2115 -0.9774 -0.0000
vn 0.0336 -0.9993 0.0165
vn -0.2036 -0.9790 0.0085
vn -0.5626 -0.8267 0.0024
vn -0.2813 -0.9596 0.0018
vn 0.4239 -0.9057 -0.0034
vn 0.4291 -0.9032 -0.0021
vn 0.2742 -0.9616 0.0103
vn 0.3287 -0.9444 -0.0059
vn 0.1919 -0.9814 -0.0044
vn -0.0104 -0.0123 -0.9999
vn -0.0076 -0.0140 -0.9999
vn -0.0064 -0.0124 -0.9999
vn -0.0045 -0.0125 -0.9999
vn -0.0035 -0.0159 -0.9999
vn -0.0017 -0.0104 -0.9999
vn -0.9898 0.1407 0.0224
vn -0.9890 0.1457 0.0272
vn -0.9776 0.2100 0.0136
vn -0.0121 -0.0048 -0.9999
vn -0.0092 -0.0013 -1.0000
vn -0.0118 -0.0100 -0.9999
vn 0.0236 -0.0002 0.9997
vn 0.0227 -0.0015 0.9997
vn 0.0058 -0.0010 1.0000
vn 0.0084 -0.0001 1.0000
vn -0.0001 0.0012 1.0000
vn 0.0010 0.0024 1.0000
vn 0.0182 -0.0102 0.9998
vn -0.0020 -0.0112 -0.9999
vn 0.9859 0.1675 -0.0024
vn 0.9836 0.1801 -0.0068
vn 0.0046 0.2016 0.9795
vn -0.0097 -0.0014 1.0000
vn -0.0093 -0.0011 1.0000
vn 0.0133 -0.0036 0.9999
vn -0.0093 -0.0077 0.9999
vn 0.0136 -0.0040 0.9999
vn -0.0048 -0.0070 1.0000
vn -0.0049 0.0027 -1.0000
vn -0.0099 0.0066 -0.9999
vn 0.0178 -0.0109 0.9998
vn -0.0310 0.0871 -0.9957
vn 0.0024 -1.0000 -0.0074
vn 0.9798 0.1999 -0.0047
vn 0.9286 0.3710 -0.0066
vn 0.9581 0.2865 -0.0046
vn 0.9922 0.1241 -0.0075
vn 1.0000 0.0040 -0.0025
vn 0.9272 -0.3746 -0.0030
vn 0.8548 -0.5190 -0.0075
vn 0.9414 -0.3371 -0.0086
vn 0.8040 -0.5946 -0.0001
vn 0.9908 -0.1344 -0.0128
vn 0.9808 -0.1951 -0.0063
vn 0.9638 -0.2665 -0.0042
vn 0.9206 0.3905 -0.0039
vn 0.8790 0.4767 -0.0063
vn 0.8722 0.4892 -0.0045
vn -0.9432 -0.3323 0.0012
vn -0.9244 -0.3814 0.0081
vn -0.9781 -0.2077 0.0123
vn -0.9141 0.4055 0.0054
vn -0.9244 0.3813 0.0105
vn -0.8252 0.5648 0.0072
vn -0.9541 0.2993 0.0046
vn -0.9754 0.2206 0.0015
vn -0.9040 -0.4274 0.0033
vn -0.8800 -0.4750 0.0085
vn -0.0128 0.0002 -0.9999
vn -0.0138 0.0036 -0.9999
vn -0.0153 -0.0007 -0.9999
vn -0.0154 0.0043 -0.9999
vn -0.0160 -0.0011 -0.9999
vn -0.0199 -0.0013 -0.9998
vn -0.0204 -0.0081 -0.9998
vn 0.1407 0.9899 0.0155
vn 0.1457 0.9891 0.0202
vn 0.2179 0.9759 0.0061
vn 0.2099 0.9777 0.0063
vn 0.0047 -0.0142 0.9999
vn 0.0019 -0.0125 0.9999
vn 0.0044 0.0044 1.0000
vn 0.0071 -0.0008 1.0000
vn 0.0074 0.0063 1.0000
vn 0.0087 0.0052 0.9999
vn -0.0039 -0.0119 0.9999
vn -0.0078 0.0030 -1.0000
vn -0.0072 0.0037 -1.0000
vn -0.0159 -0.0058 -0.9999
vn -0.0005 0.0252 0.9997
vn 0.0045 0.0328 0.9995
vn 0.0057 0.0087 0.9999
vn 0.0033 0.0074 1.0000
vn 0.0060 0.0182 0.9998
vn 0.0071 0.0169 0.9998
vn 0.0045 -0.0013 1.0000
vn 0.0045 -0.0012 1.0000
vn -0.0120 -0.0045 -0.9999
vn -0.0050 -0.0120 0.9999
vn 0.1029 0.0307 -0.9942
vn 0.0576 -0.0030 -0.9983
vn -0.9859 -0.1674 0.0080
vn -0.9930 0.1173 0.0132
vn -0.9998 -0.0139 0.0116
vn 0.2866 -0.9581 0.0001
vn 0.3687 -0.9295 -0.0031
vn 0.3927 -0.9197 -0.0018
vn 0.1909 -0.9816 -0.0046
vn 0.1479 -0.9890 -0.0017
vn -0.2003 -0.9797 0.0034
vn -0.3787 -0.9255 -0.0030
vn -0.0922 -0.9957 -0.0042
vn 0.0178 -0.9998 0.0039
vn -0.2834 -0.9590 0.0042
vn 0.4903 -0.8715 -0.0050
vn -0.4082 0.9129 0.0023
vn -0.3609 0.9326 0.0081
vn -0.2114 0.9774 -0.0022
vn -0.3034 0.9529 0.0024
vn 0.2124 0.9772 -0.0017
vn 0.1299 0.9915 0.0119
vn 0.3774 0.9260 0.0051
vn 0.4207 0.9072 -0.0042
vn 0.6099 0.7925 -0.0010
vn 0.2996 0.9541 -0.0043
vn -0.4623 0.8867 0.0078
vn -0.0043 0.0071 -1.0000
vn -0.0051 0.0169 -0.9998
vn -0.0071 0.0126 -0.9999
vn -0.0006 0.0105 -0.9999
vn 0.9892 -0.1460 0.0150
vn 0.9777 -0.2101 0.0016
vn -0.0114 0.0214 -0.9997
vn 0.0039 0.0644 0.9979
vn -0.0121 0.0008 0.9999
vn -0.0118 0.0010 0.9999
vn 0.0041 0.0007 1.0000
vn 0.0039 0.0009 1.0000
vn 0.0100 -0.0014 0.9999
vn 0.0078 -0.0033 1.0000
vn 0.0104 0.0048 0.9999
vn -0.0093 0.0105 -0.9999
vn -0.0081 0.0077 -0.9999
vn 0.0314 0.0081 0.9995
vn 0.0365 0.0006 0.9993
vn 0.0153 -0.0002 0.9999
vn 0.0074 0.0028 1.0000
vn -0.9892 -0.1437 0.0294
vn -0.9903 -0.1362 0.0267
vn 0.0205 0.0016 0.9998
vn 0.0208 0.0022 0.9998
vn 0.0042 0.0025 1.0000
vn 0.0034 0.0033 1.0000
vn -0.0094 0.0043 -0.9999
vn -0.0095 0.0025 -1.0000
vn -0.0037 0.0031 -1.0000
vn -0.0040 0.0072 1.0000
vn -0.0252 0.0101 0.9996
vn -0.0405 -0.0754 -0.9963
vn 0.0243 -0.1053 -0.9941
vn -0.0142 -0.0537 -0.9985
vn -0.3982 -0.9173 0.0041
vn -0.0035 0.0083 1.0000
vn -0.1292 0.9915 0.0123
vn -0.0002 1.0000 -0.0058
vn -0.8578 -0.5139 0.0047
vn 0.0135 0.0098 0.9999
vn 0.0009 0.0129 0.9999
vn -0.0208 0.0107 0.9997
vn -0.5111 0.8595 0.0023
vn 0.4759 -0.8795 -0.0025
vn -0.6210 -0.7838 0.0059
vn -0.5966 -0.8026 0.0024
vn -0.0114 -0.0118 0.9999
vn -0.0022 -0.0096 1.0000
vn -0.8638 -0.5038 0.0080
vn -0.0037 0.0032 -1.0000
vn 0.5058 -0.8626 -0.0019
vn 0.5121 -0.8589 -0.0025
vn 0.8311 -0.5561 -0.0024
vn 0.0214 -0.0108 0.9997
vn 0.0247 -0.0109 0.9996
vn 0.0025 -0.0056 1.0000
vn -0.6542 -0.7563 0.0002
vn -0.7053 -0.7089 0.0043
vn -0.7718 -0.6356 0.0205
vn -0.0071 -0.0004 -1.0000
vn -0.0062 -0.0013 -1.0000
vn -0.0056 -0.0005 -1.0000
vn 0.0514 0.0382 -0.9979
vn 0.5988 0.8009 -0.0023
vn 0.5969 0.8023 -0.0013
vn 0.6961 0.7179 -0.0022
vn 0.7280 0.6855 -0.0034
vn 0.7781 0.6281 -0.0087
vn 0.0144 0.0113 0.9998
vn 0.0177 0.0221 0.9996
vn 0.0130 -0.0055 0.9999
vn 0.0178 -0.0079 0.9998
vn 0.7978 -0.6029 -0.0066
vn 0.7108 -0.7034 -0.0019
vn 0.7155 -0.6986 -0.0074
vn 0.6455 -0.7638 -0.0006
vn -0.0050 -0.0018 -1.0000
vn -0.0101 -0.0026 -0.9999
vn -0.0599 0.0370 -0.9975
vn -0.7886 0.6149 0.0091
vn -0.7215 0.6924 0.0028
vn -0.6907 0.7230 0.0093
vn -0.6501 0.7599 0.0035
vn -0.0049 0.0012 -1.0000
vn -0.0058 0.0016 -1.0000
vn -0.8482 -0.5297 0.0054
vn -0.7338 -0.6793 0.0064
vn -0.7929 -0.6093 -0.0050
vn -0.7384 -0.6744 0.0039
vn 0.0312 -0.0116 0.9994
vn 0.8589 0.5122 -0.0054
vn 0.8508 0.5255 -0.0043
vn 0.7169 0.6972 -0.0035
vn 0.7199 0.6940 -0.0030
vn 0.6296 0.7769 -0.0044
vn 0.7272 -0.6864 -0.0066
vn 0.7106 -0.7036 0.0009
vn 0.6591 -0.7520 -0.0061
vn -0.0082 0.0012 -1.0000
vn -0.0093 0.0011 -1.0000
vn 0.1758 -0.1454 0.9736
vn -0.7974 0.6035 0.0032
vn -0.7053 0.7089 0.0067
vn -0.7153 0.6988 0.0014
vn -0.6399 0.7684 0.0075
vn -0.0079 -0.0307 0.9995
vn -0.0018 -0.0195 0.9998
vn 0.0019 -0.0082 1.0000
vn -0.0001 0.0031 1.0000
vn 0.4887 -0.8621 -0.1342
vn 0.5947 -0.8040 0.0047
vn -0.0010 -1.0000 0.0083
vn 0.7084 -0.7050 -0.0339
vn 0.8365 -0.5402 -0.0916
vn 0.9703 -0.2417 0.0057
vn 0.9575 -0.2773 -0.0796
vn 0.9999 -0.0109 -0.0054
vn 0.9701 0.2393 0.0396
vn 0.8806 0.4616 0.1074
vn 0.8784 0.4778 0.0121
vn 0.7065 0.7029 0.0823
vn 0.5029 0.8530 0.1399
vn 0.4368 0.8995 0.0118
vn 0.2623 0.9540 0.1450
vn 0.0005 0.9987 0.0518
vn 0.0529 0.9985 0.0109
vn -0.2595 0.9545 0.1468
vn -0.5036 0.8615 0.0648
vn -0.5161 0.8564 0.0180
vn -0.0909 0.9957 0.0152
vn -0.0080 0.9985 0.0545
vn -0.7041 0.7081 0.0539
vn -0.8812 0.4626 0.0975
vn -0.9172 0.3979 0.0187
vn -0.9711 0.2320 0.0556
vn -0.9997 -0.0245 0.0020
vn -0.9659 -0.2585 0.0143
vn -0.9646 -0.2633 -0.0174
vn -0.8614 -0.5017 -0.0791
vn -0.7088 -0.7044 -0.0374
vn -0.4900 -0.8630 -0.1234
vn -0.5941 -0.8043 0.0100
vn 0.2801 -0.9307 -0.2351
vn 0.6900 -0.6878 -0.2255
vn -0.0576 0.9548 0.2917
vn 0.0764 0.9488 0.3065
vn -0.5304 0.8051 0.2655
vn -0.6883 0.6830 0.2445
vn -0.9591 -0.2666 -0.0949
vn -0.7086 -0.6746 -0.2069
vn 0.5036 -0.7925 -0.3439
vn -0.0025 -0.9187 -0.3949
vn 0.8654 -0.4500 -0.2202
vn 0.6542 0.6733 0.3445
vn 0.5074 0.7588 0.4082
vn 0.2628 0.8489 0.4586
vn 0.0161 0.8472 0.5311
vn -0.2518 0.8517 0.4596
vn -0.8639 -0.4417 -0.2423
vn -0.5051 -0.7955 -0.3348
vn -0.2586 -0.8882 -0.3797
vn 0.7076 -0.6017 -0.3704
vn 0.9599 -0.2343 -0.1543
vn 0.9988 -0.0323 -0.0363
vn 0.9661 0.2342 0.1088
vn 0.8702 0.3847 0.3078
vn -0.0258 0.8420 0.5389
vn -0.5001 0.7163 0.4866
vn -0.7151 0.6004 0.3578
vn -0.8704 0.4102 0.2724
vn -0.9606 0.2409 0.1387
vn -0.9989 -0.0359 -0.0316
vn -0.6833 -0.6403 -0.3508
vn 0.2509 -0.8005 -0.5444
vn 0.5019 -0.7099 -0.4942
vn 0.0020 -0.8301 -0.5575
vn 0.8560 -0.3915 -0.3377
vn -0.5166 -0.7101 -0.4783
vn -0.2628 -0.8034 -0.5343
vn 0.7095 -0.4777 -0.5181
vn 0.0264 0.7466 0.6648
vn -0.7067 0.4971 0.5034
vn -0.9514 -0.2405 -0.1921
vn -0.7156 -0.5210 -0.4653
vn 0.2348 -0.6917 -0.6830
vn 0.4794 -0.6295 -0.6115
vn -0.1167 -0.7181 -0.6861
vn 0.9545 -0.1808 -0.2370
vn 0.9632 0.1639 0.2131
vn 0.6770 0.4858 0.5529
vn 0.5124 0.5745 0.6383
vn 0.2592 0.6461 0.7179
vn 0.0228 0.6647 0.7468
vn -0.2669 0.6597 0.7026
vn -0.4903 0.5411 0.6832
vn -0.8719 0.3205 0.3703
vn -0.9586 0.1545 0.2392
vn -0.8598 -0.3342 -0.3861
vn -0.4704 -0.6273 -0.6206
vn -0.2624 -0.5963 -0.7587
vn 0.5092 -0.4924 -0.7059
vn -0.0111 -0.5664 -0.8241
vn 0.8657 -0.2403 -0.4391
vn 0.8482 0.2419 0.4712
vn 0.0502 0.5353 0.8432
vn -0.9573 -0.1526 -0.2455
vn -0.7284 -0.3637 -0.5807
vn -0.5038 -0.4981 -0.7058
vn 0.6773 -0.3647 -0.6390
vn 0.9987 -0.0184 -0.0480
vn 0.7358 0.3194 0.5971
vn 0.5044 0.3152 0.8039
vn 0.2329 0.4815 0.8449
vn -0.0103 0.3799 0.9250
vn -0.2603 0.3896 0.8834
vn -0.7167 0.2819 0.6378
vn -0.8406 0.2227 0.4937
vn -0.8671 -0.1908 -0.4601
vn -0.2598 -0.4484 -0.8552
vn 0.4979 -0.3520 -0.7926
vn -0.0133 -0.4019 -0.9156
vn 0.9510 -0.0749 -0.3000
vn 0.9753 0.0448 0.2163
vn -0.4970 0.3572 0.7909
vn -0.9723 0.0537 0.2273
vn -0.9998 -0.0073 -0.0182
vn -0.6949 -0.2139 -0.6866
vn -0.5082 -0.3529 -0.7856
vn 0.7148 -0.2209 -0.6636
vn 0.7253 0.1336 0.6753
vn 0.2519 0.1757 0.9517
vn 0.0468 0.2580 0.9650
vn -0.9518 -0.0552 -0.3017
vn -0.2600 -0.2722 -0.9264
vn 0.2476 -0.2111 -0.9456
vn 0.5064 -0.1878 -0.8416
vn -0.0171 -0.2076 -0.9781
vn 0.8543 -0.0731 -0.5146
vn 0.8683 0.0405 0.4944
vn -0.4912 0.1472 0.8585
vn -0.5123 -0.1696 -0.8419
vn 0.6814 -0.0602 -0.7294
vn 0.5041 0.0335 0.8630
vn 0.0025 0.0648 0.9979
vn 0.0042 0.0581 0.9983
vn -0.2578 0.0978 0.9612
vn -0.6997 0.0754 0.7104
vn -0.8567 0.0415 0.5142
vn -0.8614 -0.0381 -0.5065
vn -0.6110 -0.0449 -0.7904
vn -0.2630 -0.0771 -0.9617
vn 0.0123 -0.0381 -0.9992
vn 0.3903 -0.0372 -0.9200
vn 0.4929 -0.0001 -0.8701
vn 0.7028 -0.0009 -0.7114
vn 0.8641 -0.0007 -0.5034
vn 0.9646 -0.0004 -0.2636
vn 1.0000 0.0003 -0.0067
vn 0.9679 0.0010 0.2515
vn 0.8704 0.0010 0.4924
vn 0.7114 0.0010 0.7028
vn 0.5033 0.0009 0.8641
vn 0.2637 0.0011 0.9646
vn 0.0413 0.0937 0.9947
vn -0.2513 0.0014 0.9679
vn -0.0289 0.0934 0.9952
vn -0.7027 0.0012 0.7115
vn -0.8641 0.0009 0.5033
vn -0.9646 0.0008 0.2635
vn -1.0000 0.0004 0.0060
vn -0.9679 -0.0000 -0.2514
vn -0.8703 -0.0001 -0.4924
vn -0.7117 0.0003 -0.7025
vn -0.5028 -0.0003 -0.8644
vn -0.2639 -0.0008 -0.9645
vn -0.1809 0.9802 -0.0804
vn 0.0058 1.0000 0.0063
vn -0.2665 0.9204 0.2859
vn 0.0809 0.9799 -0.1823
vn -0.0805 0.9801 0.1817
vn 0.2860 0.9202 0.2672
vn 0.1808 0.9802 0.0804
vn -0.2821 0.9245 -0.2565
vn 0.3031 0.7616 -0.5728
vn -0.5721 0.7592 0.3103
vn -0.3182 0.7501 -0.5797
vn 0.3106 0.7600 0.5709
vn -0.5747 0.7604 -0.3025
vn -0.3027 0.7619 0.5726
vn 0.5742 0.7608 0.3025
vn 0.0563 0.5662 0.8223
vn -0.2908 0.3749 0.8803
vn -0.0251 0.9885 0.1492
vn -0.3600 0.5661 0.7415
vn -0.0830 0.9903 0.1110
vn -0.7405 0.5669 -0.3608
vn -0.6251 0.2533 -0.7383
vn -0.1111 0.9903 -0.0832
vn -0.5677 0.2197 -0.7934
vn 0.7918 0.2197 -0.5699
vn 0.5009 0.8544 -0.1383
vn 0.8214 0.5675 -0.0565
vn 0.5725 0.2128 0.7918
vn -0.7386 0.2537 0.6246
vn -0.7923 0.2172 0.5702
vn -0.1386 0.8547 -0.5004
vn -0.0562 0.5673 -0.8216
vn 0.0250 0.9885 -0.1489
vn 0.8805 0.3743 0.2909
vn 0.7409 0.5666 0.3606
vn 0.1111 0.9903 0.0832
vn -0.5007 0.8545 0.1383
vn -0.8211 0.5680 0.0565
vn 0.2910 0.3740 -0.8806
vn 0.3603 0.5652 -0.7421
vn 0.0831 0.9903 -0.1111
vn 0.6250 0.2515 0.7390
vn -0.8810 0.3739 -0.2900
vn 0.7392 0.2514 -0.6248
vn -0.0328 0.9977 0.0598
vn -0.3005 0.7753 0.5556
vn -0.1902 0.7447 0.6397
vn -0.3722 0.0090 0.9281
vn -0.7836 0.0081 -0.6212
vn -0.4082 0.0083 -0.9129
vn -0.3493 0.7502 -0.5614
vn -0.4621 0.7392 -0.4900
vn 0.9215 0.0083 -0.3884
vn 0.9197 0.0090 -0.3925
vn 0.0713 0.9965 -0.0438
vn 0.3926 0.0090 0.9197
vn -0.6994 0.0089 0.7147
vn -0.9197 0.0090 0.3926
vn -0.9215 0.0083 0.3882
vn 0.1969 0.7447 0.6377
vn 0.3199 0.7389 0.5930
vn 0.6048 0.7304 0.3174
vn 0.6720 0.7123 0.2026
vn 0.9281 0.0089 0.3723
vn -0.9994 0.0089 0.0342
vn -0.2292 0.9683 -0.0995
vn -0.7115 0.6797 0.1780
vn 0.0132 0.9936 -0.1120
vn 0.1698 0.6850 -0.7085
vn 0.7120 0.0083 0.7022
vn 0.7146 0.0089 0.6995
vn -0.9408 -0.0826 -0.3288
vn -0.9420 0.1037 -0.3192
vn -0.7096 0.6839 -0.1694
vn -0.9740 -0.0823 -0.2111
vn 0.7023 0.0083 -0.7119
vn 0.6995 0.0089 -0.7146
vn 0.5417 0.7737 -0.3286
vn 0.4911 0.7391 -0.4611
vn -0.7124 -0.0010 -0.7018
vn 0.7142 -0.0025 0.7000
vn 0.7098 0.0028 0.7044
vn 0.7088 -0.0065 0.7053
vn 0.7111 0.0261 0.7026
vn 0.7119 -0.0154 0.7021
vn 0.7160 0.0038 0.6981
vn 0.7132 -0.0039 0.7009
vn 0.7210 -0.0008 0.6930
vn 0.6964 0.0001 0.7177
vn 0.7082 -0.0008 0.7060
vn 0.7118 -0.0004 0.7024
vn 0.7121 0.0042 0.7021
vn -0.7123 -0.0013 -0.7019
vn -0.7106 -0.0010 -0.7036
vn -0.0235 0.9995 0.0226
vn -0.0003 0.9995 0.0331
vn -0.0195 0.9994 -0.0291
vn 0.0242 0.9994 -0.0246
vn 0.1156 0.9877 -0.1050
vn 0.0230 0.9995 0.0228
vn 0.0332 0.9994 0.0005
vn -0.0232 0.9997 -0.0080
vn -0.6171 0.4969 -0.6102
vn -0.7040 0.6493 -0.2878
vn -0.2967 0.6532 -0.6966
vn -0.6229 0.4986 -0.6029
vn -0.2671 0.0133 -0.9636
vn -0.2692 0.0052 -0.9631
vn -0.0411 0.2868 -0.9571
vn -0.0394 -0.2927 -0.9554
vn -0.7112 0.0015 -0.7030
vn -0.7117 0.0012 -0.7024
vn -0.6864 0.0394 -0.7262
vn -0.7311 0.0237 -0.6819
vn -0.7271 -0.0186 -0.6863
vn -0.7271 0.0250 -0.6861
vn -0.6901 -0.0416 -0.7226
vn -0.7190 0.0231 -0.6946
vn -0.7117 -0.0013 -0.7025
vn -0.7368 -0.0517 -0.6742
vn -0.6837 0.0234 -0.7294
vn -0.5885 0.0408 -0.8075
vn -0.7247 0.1620 -0.6698
vn -0.6807 -0.0347 -0.7317
vn -0.8150 -0.0373 -0.5783
vn -0.0554 0.9969 -0.0561
vn -0.0534 0.9971 -0.0541
vn -0.0512 0.9971 -0.0558
vn -0.0525 0.9970 -0.0564
vn -0.4259 0.7834 -0.4526
vn 0.3734 -0.4556 -0.8081
vn 0.6954 -0.0060 -0.7186
vn 0.6900 -0.0183 -0.7236
vn 0.8922 -0.3637 -0.2677
vn -0.6556 -0.4188 -0.6284
vn -0.4430 -0.7635 -0.4699
vn -0.4571 -0.7837 -0.4205
vn -0.4486 0.7918 -0.4145
vn -0.9921 0.0225 0.1232
vn -0.2909 0.3200 -0.9016
vn -0.2475 -0.3398 -0.9074
vn 0.6980 0.0047 -0.7161
vn 0.6974 0.0003 -0.7167
vn 0.6926 -0.0026 -0.7214
vn 0.6922 0.0005 -0.7217
vn -0.9050 -0.3201 -0.2800
vn -0.9103 0.3387 -0.2381
vn -0.0026 0.9999 -0.0107
vn 0.0005 0.9997 -0.0262
vn 0.5616 0.8261 0.0461
vn 0.1012 0.8409 -0.5317
vn -0.9956 -0.0232 0.0904
vn -0.8175 -0.4724 -0.3295
vn -0.3694 -0.4419 -0.8175
vn 0.0653 -0.0246 -0.9976
vn -0.3892 0.0004 -0.9212
vn 0.0767 0.0232 -0.9968
vn -0.8278 0.4285 -0.3622
vn -0.3401 0.4693 -0.8149
vn -0.3302 0.3040 -0.8936
vn -0.0084 -1.0000 -0.0017
vn -0.0126 -0.9999 -0.0024
vn -0.0072 -0.9999 -0.0108
vn -0.0043 -1.0000 -0.0044
vn -0.2732 0.3618 0.8913
vn -0.8055 0.4493 0.3864
vn -0.7094 0.0058 0.7048
vn -0.7211 0.0110 0.6927
vn 0.3500 0.4509 -0.8211
vn 0.8780 0.3592 -0.3163
vn 0.6823 0.0103 -0.7310
vn 0.6952 0.0062 -0.7188
vn -0.9310 0.0263 -0.3642
vn -0.9668 -0.0132 -0.2551
vn -0.9663 -0.0051 -0.2572
vn -0.9575 -0.2869 -0.0293
vn -0.9558 0.2926 -0.0276
vn -0.5388 -0.8349 0.1118
vn -0.0126 -0.9999 -0.0028
vn -0.0253 -0.9997 0.0004
vn 0.0620 -0.8177 0.5723
vn -0.7067 0.0024 0.7075
vn -0.7117 0.0063 0.7025
vn -0.7132 0.0012 0.7010
vn -0.7087 -0.0019 0.7055
vn 0.6469 -0.0003 -0.7626
vn 0.6481 -0.0003 -0.7616
vn 0.6494 0.0011 -0.7604
vn 0.6468 0.0021 -0.7627
vn -0.2968 -0.6532 -0.6966
vn -0.7040 -0.6493 -0.2878
vn -0.6170 -0.4970 -0.6102
vn -0.6289 -0.4968 -0.5980
vn -0.5503 0.8301 0.0902
vn 0.0337 0.8422 0.5381
vn -0.0274 0.9996 -0.0009
vn -0.0119 0.9999 -0.0029
vn -0.7108 0.0008 -0.7034
vn -0.0551 -0.9970 -0.0547
vn -0.0527 -0.9970 -0.0564
vn -0.0511 -0.9972 -0.0545
vn -0.0530 -0.9971 -0.0541
vn -0.9949 -0.0091 0.1004
vn -0.7453 -0.0043 -0.6667
vn -0.7267 -0.0004 -0.6869
vn -0.7105 0.0008 -0.7037
vn -0.7546 0.0015 0.6562
vn -0.7534 -0.0018 0.6575
vn -0.7569 0.0009 0.6535
vn -0.7580 0.0019 0.6523
vn -0.0018 1.0000 -0.0082
vn -0.0025 0.9999 -0.0128
vn -0.0097 0.9999 -0.0112
vn -0.0072 1.0000 -0.0045
vn 0.0834 -0.8301 -0.5513
vn 0.5386 -0.8421 0.0271
vn -0.0014 -0.9996 -0.0273
vn -0.0033 -0.9999 -0.0113
vn -0.2948 -0.3725 0.8800
vn -0.7189 -0.0135 0.6950
vn -0.7106 -0.0045 0.7036
vn -0.8132 -0.4621 0.3539
vn -0.7118 -0.0142 -0.7022
vn -0.7116 -0.0081 -0.7025
vn -0.7106 -0.0175 -0.7034
vn -0.5723 0.7907 0.2172
vn -0.2139 0.7874 0.5782
vn -0.1346 0.9786 0.1554
vn -0.1128 0.9863 0.1202
vn -0.6860 0.2225 0.6927
vn -0.6851 0.2195 0.6946
vn -0.3581 0.6034 0.7125
vn -0.7100 0.6047 0.3610
vn -0.6934 -0.1755 0.6989
vn -0.6983 -0.0080 0.7157
vn -0.6948 -0.2150 0.6863
vn -0.7033 0.0202 0.7106
vn -0.7029 0.0187 0.7110
vn -0.7249 -0.5777 0.3753
vn -0.3679 -0.5726 0.7327
vn -0.5900 -0.7685 0.2475
vn -0.1501 -0.9773 0.1497
vn -0.1505 -0.9765 0.1541
vn -0.2371 -0.7661 0.5974
vn 0.7034 0.0192 -0.7105
vn 0.7027 0.0175 -0.7113
vn 0.6891 0.2034 -0.6955
vn 0.6916 0.2025 -0.6933
vn -0.0182 -0.9998 0.0094
vn -0.0167 -0.9998 0.0099
vn -0.6971 -0.0000 -0.7170
vn -0.6943 0.0005 -0.7197
vn -0.6973 -0.0000 -0.7168
vn 0.3666 0.5775 -0.7294
vn 0.7242 0.5755 -0.3799
vn 0.2405 0.7684 -0.5930
vn 0.1488 0.9774 -0.1502
vn 0.1512 0.9769 -0.1513
vn 0.5946 0.7659 -0.2446
vn 0.1452 -0.9785 -0.1467
vn 0.1476 -0.9779 -0.1478
vn 0.0181 -0.9998 -0.0108
vn 0.0170 -0.9998 -0.0089
vn 0.0175 0.9998 -0.0087
vn 0.0192 0.9998 -0.0111
vn -0.7110 -0.0223 -0.7028
vn -0.7111 -0.0173 -0.7029
vn 0.2354 -0.7730 -0.5891
vn 0.5906 -0.7706 -0.2396
vn 0.6865 -0.2080 -0.6967
vn 0.6883 -0.2051 -0.6959
vn 0.7203 -0.5814 -0.3783
vn 0.3638 -0.5823 -0.7271
vn 0.7023 -0.0195 -0.7116
vn 0.7025 -0.0183 -0.7114
vn -0.0086 1.0000 0.0028
vn 0.4448 0.7868 0.4279
vn 0.4405 0.7795 0.4454
vn 0.4627 -0.7664 0.4457
vn -0.7459 -0.0045 -0.6661
vn -0.7265 -0.0010 -0.6871
vn -0.4565 0.7746 -0.4378
vn -0.7111 0.0191 -0.7028
vn -0.7133 0.0147 -0.7007
vn -0.7118 0.0171 -0.7022
vn -0.7121 0.0214 -0.7017
vn -0.4729 -0.7393 -0.4794
vn -0.4534 -0.7769 -0.4368
vn 0.9953 -0.0081 -0.0969
vn 0.9916 0.0080 -0.1290
vn -0.1092 -0.0079 0.9940
vn 0.0842 -0.0092 -0.9964
vn -0.6958 -0.0003 -0.7183
vn -0.6935 -0.0011 -0.7205
vn 0.4458 -0.7727 0.4519
vn -0.6966 0.0010 -0.7174
vn -0.0890 0.0083 0.9960
vn -0.7263 -0.0008 -0.6874
vn -0.7146 0.0113 -0.6994
vn -0.7112 0.0216 -0.7026
vn -0.6994 -0.0003 -0.7147
vn -0.7112 0.0218 -0.7026
vn -0.7119 -0.0079 -0.7022
vn -0.7232 -0.0004 -0.6906
vn -0.7178 0.0165 -0.6960
vn -0.6715 -0.2869 0.6832
vn -0.6932 -0.2110 0.6892
vn -0.6436 -0.3960 0.6549
vn -0.6985 -0.1320 0.7033
vn -0.6868 0.1973 0.6996
vn -0.6714 0.3135 0.6716
vn -0.7078 0.0769 0.7022
vn -0.6413 0.4033 0.6528
vn -0.6210 0.4719 0.6258
vn -0.6708 0.2858 0.6844
vn -0.6972 -0.0036 0.7169
vn -0.6336 -0.4355 0.6394
vn 0.6606 0.3269 -0.6758
vn 0.6602 0.3626 -0.6578
vn 0.6872 0.2061 -0.6966
vn 0.6454 -0.3948 -0.6539
vn 0.6546 -0.3733 -0.6574
vn 0.5892 -0.5499 -0.5920
vn 0.5538 -0.6133 -0.5632
vn 0.6713 -0.2937 -0.6805
vn 0.6842 -0.2158 -0.6967
vn 0.6364 0.4196 -0.6472
vn 0.7120 0.0038 0.7022
vn 0.7131 -0.0008 0.7010
vn 0.7144 -0.0141 0.6996
vn 0.6249 0.4649 -0.6272
vn -0.7035 -0.0046 -0.7107
vn -0.7033 -0.0042 -0.7108
vn -0.7022 -0.0043 -0.7120
vn -0.7046 -0.0033 -0.7095
vn -0.7039 0.0013 -0.7103
vn -0.7012 -0.0024 -0.7130
vn -0.7032 0.0025 -0.7110
vn -0.7057 0.0042 -0.7085
vn -0.0870 -0.9899 0.1115
vn -0.0872 -0.9891 0.1184
vn -0.1481 -0.9759 0.1603
vn -0.1424 -0.9776 0.1548
vn 0.7122 0.0156 0.7018
vn 0.7139 0.0140 0.7001
vn 0.7082 -0.0074 0.7059
vn 0.7117 -0.0066 0.7025
vn 0.7215 0.0092 0.6923
vn -0.7138 -0.0008 -0.7003
vn -0.7057 0.0059 -0.7085
vn 0.7164 -0.0181 0.6974
vn 0.7157 -0.0199 0.6981
vn 0.7138 -0.0068 0.7003
vn -0.1120 0.9861 0.1228
vn -0.1257 0.9827 0.1359
vn -0.0839 0.9894 0.1183
vn -0.0805 0.9905 0.1111
vn 0.7146 -0.0142 0.6994
vn -0.7101 0.0032 -0.7041
vn 0.7118 0.0021 0.7024
vn 0.7142 -0.0059 0.6999
vn 0.7118 0.0020 0.7024
vn -0.7105 0.0053 -0.7037
vn 0.7243 0.0048 0.6895
vn 0.7158 0.0256 0.6978
vn -0.7354 -0.0191 -0.6774
vn -0.9311 0.0003 -0.3648
vn -0.7711 0.0264 -0.6361
vn 0.7060 0.1268 -0.6968
vn 0.6990 0.0008 -0.7151
vn 0.7014 -0.1409 -0.6987
vn -0.1476 -0.9779 0.1479
vn -0.0767 -0.9926 0.0942
vn -0.2483 -0.9326 0.2619
vn -0.2023 0.9573 0.2066
vn -0.1383 0.9815 0.1324
vn -0.2800 0.9165 0.2858
vn -0.0892 0.9914 0.0956
vn 0.0557 0.9965 -0.0626
vn 0.1313 0.9831 -0.1276
vn 0.2474 0.9344 -0.2563
vn 0.2555 0.9319 -0.2572
vn 0.3948 0.8282 -0.3977
vn 0.1798 0.9671 -0.1799
vn -0.2865 0.9132 0.2898
vn -0.3175 -0.8941 0.3158
vn -0.3830 -0.8364 0.3920
vn -0.2375 -0.9429 0.2337
vn 0.2964 -0.9055 -0.3036
vn 0.2517 -0.9372 -0.2414
vn 0.2254 -0.9450 -0.2370
vn 0.1363 -0.9801 -0.1440
vn 0.3247 -0.8893 -0.3221
vn -0.0020 -1.0000 -0.0058
vn -0.7139 -0.0145 -0.7001
vn -0.7136 -0.0162 -0.7004
vn -0.7111 -0.0118 -0.7030
vn -0.6839 0.1408 0.7158
vn -0.6800 0.1458 0.7186
vn -0.6807 0.2177 0.6995
vn -0.6818 0.2098 0.7008
vn -0.7095 -0.0116 -0.7046
vn -0.7089 -0.0151 -0.7052
vn 0.7234 -0.0005 0.6904
vn 0.7229 -0.0014 0.6910
vn 0.7108 -0.0021 0.7034
vn 0.7132 -0.0009 0.7010
vn -0.7081 -0.0047 -0.7061
vn -0.7067 -0.0139 -0.7074
vn 0.7094 0.0015 0.7048
vn 0.7107 0.0035 0.7035
vn 0.7146 -0.0014 0.6995
vn 0.7125 -0.0035 0.7017
vn 0.7039 -0.0149 0.7101
vn 0.6967 -0.0125 0.7173
vn 0.7076 -0.0128 0.7065
vn 0.6955 0.1676 -0.6987
vn 0.6908 0.1802 -0.7002
vn 0.7118 0.1434 -0.6876
vn 0.7107 0.1358 -0.6903
vn 0.6932 0.1990 0.6927
vn 0.7004 -0.0024 0.7137
vn 0.7008 -0.0016 0.7133
vn 0.7142 -0.0034 0.6999
vn 0.7133 -0.0023 0.7008
vn -0.7139 -0.0035 -0.7003
vn -0.7143 -0.0042 -0.6998
vn 0.7032 -0.0342 0.7102
vn 0.7261 -0.0100 0.6875
vn 0.7283 -0.0057 0.6852
vn -0.6944 0.0719 -0.7160
vn -0.7195 0.0358 -0.6935
vn -0.3523 0.8651 0.3570
vn -0.3556 0.8620 0.3613
vn 0.0920 -0.9930 -0.0741
vn 0.6740 0.2892 -0.6797
vn 0.6513 0.3723 -0.6612
vn 0.6463 0.3947 -0.6530
vn 0.6876 0.1925 -0.7001
vn 0.6929 0.1436 -0.7066
vn 0.7090 -0.0004 -0.7052
vn 0.6906 -0.1976 -0.6958
vn 0.6572 -0.3407 -0.6723
vn 0.6964 -0.0954 -0.7113
vn 0.6753 -0.2895 -0.6783
vn 0.6103 0.4931 -0.6200
vn -0.6420 -0.4071 0.6497
vn -0.6490 -0.3546 0.6731
vn -0.6879 -0.2126 0.6940
vn -0.6694 -0.3024 0.6786
vn -0.6871 0.2014 0.6981
vn -0.6897 -0.0635 0.7213
vn -0.6829 0.1947 0.7041
vn -0.6468 0.3913 0.6546
vn -0.6499 0.3753 0.6609
vn -0.5855 0.5500 0.5956
vn -0.6725 0.2953 0.6786
vn -0.6186 -0.4654 0.6331
vn -0.7191 -0.0012 -0.6949
vn -0.7198 -0.0014 -0.6942
vn -0.7181 -0.0022 -0.6959
vn -0.7190 0.0015 -0.6950
vn 0.1104 0.9899 -0.0885
vn 0.1172 0.9891 -0.0887
vn 0.1587 0.9759 -0.1501
vn 0.1533 0.9776 -0.1444
vn -0.7181 0.0008 -0.6959
vn 0.7104 0.0030 0.7038
vn 0.7077 -0.0153 0.7063
vn 0.7105 0.0010 0.7037
vn 0.7070 -0.0162 0.7071
vn -0.7196 0.0031 -0.6944
vn -0.7078 -0.0055 -0.7063
vn -0.7122 0.0037 -0.7020
vn -0.7285 0.0183 -0.6849
vn 0.7098 -0.0003 0.7044
vn 0.7112 0.0017 0.7030
vn 0.7288 -0.0260 0.6842
vn 0.1203 -0.9859 -0.1166
vn 0.1259 -0.9837 -0.1287
vn 0.1176 -0.9894 -0.0857
vn 0.1104 -0.9905 -0.0823
vn -0.7175 -0.0053 -0.6965
vn -0.7174 -0.0034 -0.6967
vn 0.7124 0.0181 0.7016
vn 0.7124 0.0181 0.7015
vn 0.7134 -0.0036 0.7007
vn 0.7102 0.0091 0.7040
vn 0.7113 -0.0067 0.7029
vn 0.6749 -0.0149 0.7378
vn 0.6850 0.0212 0.7282
vn -0.7148 -0.0065 -0.6993
vn -0.7141 -0.0061 -0.7000
vn 0.6971 0.0008 0.7170
vn 0.7097 -0.0264 0.7040
vn 0.7105 -0.0245 0.7032
vn 0.7072 -0.0019 0.7070
vn 0.6462 -0.4019 -0.6488
vn -0.7088 0.0046 0.7054
vn 0.1443 0.9784 -0.1477
vn 0.0992 0.9918 -0.0806
vn 0.2489 0.9381 -0.2408
vn 0.1353 -0.9806 -0.1417
vn 0.2658 -0.9252 -0.2708
vn 0.2053 -0.9569 -0.2053
vn 0.1097 -0.9876 -0.1128
vn -0.0509 -0.9976 0.0468
vn 0.0130 -0.9999 -0.0028
vn -0.2007 -0.9599 0.1956
vn -0.1286 -0.9822 0.1370
vn -0.2801 -0.9163 0.2864
vn -0.1956 -0.9595 0.2029
vn 0.2782 -0.9188 -0.2800
vn 0.3457 -0.8704 -0.3506
vn -0.2845 0.9143 0.2883
vn -0.1544 0.9765 0.1507
vn -0.2057 0.9557 0.2107
vn -0.2601 0.9270 0.2701
vn 0.2926 0.9080 -0.2998
vn 0.3636 0.8577 -0.3636
vn 0.2133 0.9514 -0.2219
vn 0.7112 0.0019 0.7030
vn 0.7114 0.0006 0.7028
vn 0.7225 0.0018 0.6914
vn -0.3287 0.8815 0.3389
vn -0.0913 0.9902 0.1058
vn -0.7098 0.0116 -0.7043
vn -0.7100 0.0120 -0.7041
vn -0.7109 0.0113 -0.7032
vn -0.7121 0.0124 -0.7020
vn -0.7084 0.0072 -0.7058
vn -0.7125 0.0092 -0.7016
vn -0.7114 0.0075 -0.7027
vn -0.7145 0.0111 -0.6996
vn -0.7185 0.0108 -0.6955
vn 0.7070 -0.1409 -0.6930
vn 0.7098 -0.1459 -0.6891
vn 0.6911 -0.2178 -0.6892
vn 0.6925 -0.2098 -0.6903
vn 0.6996 0.0030 0.7145
vn 0.6987 0.0046 0.7154
vn 0.7143 -0.0007 0.6998
vn 0.7091 0.0109 0.7050
vn 0.7047 0.0136 0.7094
vn -0.7082 0.0038 -0.7060
vn -0.7102 -0.0004 -0.7040
vn -0.7105 0.0083 -0.7037
vn 0.7129 -0.0028 0.7013
vn 0.7195 0.0139 0.6943
vn 0.7231 0.0123 0.6906
vn 0.7186 0.0150 0.6952
vn -0.6902 -0.1677 0.7040
vn -0.6918 -0.1802 0.6992
vn -0.6785 -0.1437 0.7204
vn -0.6812 -0.1362 0.7193
vn 0.7230 0.0026 0.6908
vn -0.7173 0.0064 -0.6967
vn 0.7078 0.0001 0.7064
vn 0.7075 -0.0029 0.7067
vn 0.6968 0.0092 0.7172
vn -0.3042 -0.9018 0.3070
vn 0.6980 0.0137 0.7159
vn 0.7012 0.0156 0.7128
vn -0.0032 1.0000 -0.0035
vn 0.6161 0.4817 -0.6232
vn -0.6047 -0.5107 0.6111
vn 0.7203 0.0038 0.6937
vn -0.3609 0.8584 0.3645
vn -0.7094 -0.0008 -0.7048
vn -0.7072 -0.0031 -0.7070
vn -0.5038 -0.3272 -0.7995
vn 0.3450 -0.8712 -0.3492
vn 0.4323 0.7872 -0.4398
vn 0.6968 0.0028 0.7173
vn 0.6989 0.0041 0.7152
vn -0.4207 -0.8016 0.4247
vn -0.4364 -0.7820 0.4450
vn -0.6058 -0.5022 0.6171
vn -0.7116 -0.0024 -0.7026
vn -0.7100 -0.0011 -0.7042
vn -0.7139 -0.0023 -0.7003
vn 0.3594 -0.8589 -0.3648
vn 0.7196 -0.0114 0.6943
vn 0.7164 -0.0125 0.6976
vn -0.4673 -0.7485 0.4705
vn -0.4957 -0.7065 0.5052
vn -0.5357 -0.6474 0.5421
vn -0.5436 -0.6324 0.5519
vn -0.7142 -0.0044 -0.6999
vn -0.7144 -0.0038 -0.6997
vn 0.3823 0.8393 -0.3866
vn 0.4928 0.7123 -0.4998
vn 0.4997 0.7047 -0.5038
vn 0.5392 0.6393 -0.5482
vn 0.5403 0.6278 -0.5603
vn 0.7137 0.0216 0.7001
vn 0.7090 -0.0081 0.7052
vn 0.7100 -0.0040 0.7041
vn 0.5024 -0.7020 -0.5048
vn 0.4811 -0.7262 -0.4911
vn 0.4547 -0.7724 -0.4435
vn -0.7158 -0.0008 -0.6983
vn -0.7120 0.0004 -0.7021
vn -0.5484 0.6230 0.5578
vn -0.5422 0.6371 0.5479
vn -0.4895 0.7167 0.4967
vn -0.4834 0.7237 0.4925
vn -0.7093 0.0047 -0.7049
vn -0.5971 -0.5272 0.6046
vn -0.5143 -0.6790 0.5239
vn -0.5612 -0.6150 0.5540
vn -0.5151 -0.6810 0.5205
vn 0.7131 -0.0012 0.7011
vn 0.7124 -0.0006 0.7018
vn 0.6076 0.5027 -0.6149
vn 0.4961 0.7068 -0.5043
vn 0.4662 0.7498 -0.4695
vn 0.5134 0.6846 -0.5175
vn 0.5955 -0.5269 -0.6064
vn 0.5629 -0.6042 -0.5640
vn 0.5090 -0.6868 -0.5189
vn 0.5057 -0.6997 -0.5047
vn 0.4566 -0.7570 -0.4674
vn -0.5705 0.5863 0.5752
vn -0.7128 0.0040 -0.7014
vn -0.5006 0.6992 0.5105
vn -0.5121 0.6886 0.5134
vn -0.4514 0.7630 0.4627
vn 0.7107 -0.0016 0.7035
vn 0.7102 0.0024 0.7040
vn 0.1472 -0.9661 -0.2119
vn 0.2850 -0.8738 -0.3940
vn 0.4084 -0.8184 -0.4043
vn 0.0058 -1.0000 0.0066
vn -0.0792 -0.9935 -0.0817
vn 0.4361 -0.7077 -0.5559
vn 0.5778 -0.5008 -0.6444
vn 0.6539 -0.3827 -0.6527
vn 0.6658 -0.2544 -0.7014
vn 0.6951 -0.0260 -0.7184
vn 0.6871 0.2726 -0.6734
vn 0.7276 0.2364 -0.6440
vn 0.6143 0.5310 -0.5837
vn 0.5859 0.7003 -0.4078
vn 0.4061 0.8630 -0.3005
vn 0.3887 0.8439 -0.3697
vn 0.2300 0.9642 -0.1321
vn 0.0869 0.9929 0.0807
vn 0.0744 0.9955 -0.0584
vn -0.0745 0.9538 0.2911
vn -0.2821 0.8634 0.4184
vn -0.2978 0.8992 0.3206
vn -0.0293 0.9985 0.0457
vn 0.0326 0.9985 0.0439
vn -0.4589 0.7015 0.5453
vn -0.5721 0.4827 0.6631
vn -0.6051 0.4787 0.6362
vn -0.6603 0.2383 0.7122
vn -0.7042 -0.0199 0.7098
vn -0.6730 -0.2418 0.6990
vn -0.6893 -0.2696 0.6725
vn -0.6633 -0.5075 0.5501
vn -0.5192 -0.7016 0.4881
vn -0.4383 -0.8615 0.2561
vn -0.4119 -0.8044 0.4281
vn -0.2344 -0.9588 0.1607
vn 0.0030 -0.9471 -0.3211
vn 0.1897 -0.8329 -0.5198
vn 0.5024 -0.4850 -0.7158
vn 0.6008 -0.2487 -0.7598
vn 0.7572 0.4630 -0.4607
vn 0.3714 0.9285 0.0030
vn 0.2717 0.9489 0.1604
vn -0.3348 0.6620 0.6706
vn -0.7465 -0.2703 0.6081
vn -0.6269 -0.6981 0.3458
vn -0.3605 -0.9327 0.0139
vn -0.2333 -0.9423 -0.2402
vn 0.3264 -0.6863 -0.6500
vn 0.5698 0.8167 -0.0910
vn 0.2858 0.9130 0.2910
vn -0.1149 0.7861 0.6074
vn -0.4726 0.4375 0.7650
vn -0.5975 0.2550 0.7602
vn -0.1351 -0.8745 -0.4658
vn 0.0915 -0.7718 -0.6292
vn 0.6735 -0.0585 -0.7369
vn 0.7664 0.6015 -0.2254
vn 0.1725 0.8439 0.5080
vn -0.7240 -0.0502 0.6879
vn -0.7541 -0.5417 0.3713
vn -0.5909 -0.7970 0.1250
vn -0.4749 -0.8705 -0.1293
vn -0.3691 -0.8549 -0.3645
vn 0.3456 -0.5152 -0.7843
vn 0.5539 0.8125 0.1819
vn 0.3241 0.8599 0.3944
vn -0.2409 -0.7783 -0.5799
vn 0.0009 -0.6918 -0.7221
vn 0.5279 -0.1848 -0.8290
vn 0.8013 0.1800 -0.5706
vn -0.1737 0.5267 0.8321
vn -0.8090 -0.2014 0.5522
vn -0.8511 -0.3703 0.3721
vn -0.8133 -0.5605 0.1565
vn -0.6917 -0.7213 0.0362
vn -0.5889 -0.7740 -0.2325
vn -0.4754 -0.7441 -0.4694
vn 0.1445 -0.5299 -0.8356
vn 0.3033 -0.3579 -0.8831
vn 0.8666 0.3394 -0.3658
vn 0.7573 0.6486 0.0769
vn 0.6881 0.6476 0.3273
vn 0.5161 0.7054 0.4859
vn 0.0479 0.6192 0.7838
vn 0.5138 0.7558 0.4059
vn -0.3821 0.3588 0.8516
vn -0.5418 0.1795 0.8211
vn -0.3354 -0.6588 -0.6734
vn -0.0987 -0.5693 -0.8162
vn 0.8910 0.4361 -0.1262
vn 0.3553 0.6193 0.7002
vn -0.7857 -0.6139 -0.0761
vn -0.6829 -0.6541 -0.3252
vn -0.5644 -0.6090 -0.5574
vn -0.4133 -0.5116 -0.7533
vn -0.1753 -0.4618 -0.8695
vn 0.1037 -0.3656 -0.9250
vn 0.6577 -0.0342 -0.7525
vn 0.8406 0.1197 -0.5283
vn 0.8983 0.4001 0.1815
vn 0.1760 0.3860 0.9055
vn 0.6286 0.5145 0.5832
vn -0.2140 0.3338 0.9180
vn -0.8577 -0.1094 0.5023
vn -0.9245 -0.2473 0.2901
vn -0.9073 -0.4004 0.1283
vn -0.8501 -0.5045 -0.1513
vn -0.7598 -0.5116 -0.4012
vn -0.6258 -0.4479 -0.6385
vn 0.2868 -0.1949 -0.9380
vn 0.9255 0.1929 -0.3260
vn 0.9422 0.3301 -0.0569
vn 0.8097 0.3871 0.4411
vn 0.6580 0.4090 0.6322
vn -0.4915 0.1268 0.8616
vn -0.7419 -0.0118 0.6704
vn -0.4693 -0.2986 -0.8310
vn -0.2301 -0.3489 -0.9085
vn -0.0175 -0.2081 -0.9779
vn 0.4483 -0.0570 -0.8921
vn 0.4384 0.3741 0.8172
vn -0.0401 0.2087 0.9772
vn -0.2727 0.1415 0.9516
vn -0.9612 -0.2733 0.0370
vn -0.9097 -0.3601 -0.2068
vn -0.8137 -0.3522 -0.4624
vn -0.6937 -0.2341 -0.6811
vn 0.9898 0.1420 -0.0133
vn 0.6867 0.2855 0.6685
vn -0.2674 -0.1214 -0.9559
vn 0.9664 0.1039 0.2350
vn 0.4958 0.1592 0.8537
vn 0.2497 0.1147 0.9615
vn -0.9607 -0.0600 0.2712
vn -0.9926 -0.1204 -0.0182
vn -0.9166 -0.2061 -0.3426
vn -0.7040 -0.0757 -0.7061
vn -0.4983 -0.0677 -0.8643
vn 0.1383 -0.0271 -0.9900
vn 0.8763 0.0163 -0.4814
vn 0.9604 0.0502 -0.2740
vn 0.8712 0.1117 0.4780
vn 0.7135 0.1160 0.6910
vn 0.7280 0.0396 0.6844
vn -0.1344 0.0443 0.9899
vn -0.4763 0.0276 0.8789
vn -0.8618 -0.0118 0.5071
vn -0.8669 -0.0813 -0.4918
vn -0.9734 -0.0182 -0.2283
vn -0.5063 -0.0010 -0.8624
vn -0.7115 -0.0006 -0.7027
vn -0.2674 -0.0012 -0.9636
vn -0.0068 -0.0002 -1.0000
vn 0.2556 -0.0001 -0.9668
vn 0.4956 -0.0006 -0.8685
vn 0.7023 0.0003 -0.7119
vn 0.8623 0.0010 -0.5064
vn 0.9636 0.0009 -0.2673
vn 1.0000 0.0012 -0.0064
vn 0.9669 0.0014 0.2551
vn 0.8685 0.0013 0.4958
vn 0.7326 0.0937 0.6742
vn 0.5067 0.0012 0.8622
vn 0.6832 0.0934 0.7242
vn 0.2672 0.0014 0.9636
vn 0.0064 0.0015 1.0000
vn -0.2558 0.0007 0.9667
vn -0.4954 0.0004 0.8687
vn -0.7029 0.0004 0.7113
vn -0.8622 -0.0003 0.5065
vn -0.9636 -0.0005 0.2672
vn -1.0000 -0.0004 0.0065
vn -0.9669 -0.0001 -0.2552
vn -0.8684 -0.0003 -0.4959
vn -0.0356 0.9994 0.0021
vn -0.1853 0.9801 0.0713
vn 0.0084 1.0000 0.0004
vn 0.0132 0.9203 0.3911
vn 0.0019 0.9994 0.0354
vn -0.0018 0.9994 -0.0354
vn -0.0718 0.9799 -0.1861
vn 0.0009 1.0000 0.0091
vn 0.0714 0.9802 0.1850
vn 0.0005 1.0000 -0.0085
vn 0.3911 0.9203 -0.0132
vn 0.0355 0.9994 -0.0019
vn 0.1850 0.9801 -0.0713
vn -0.0084 1.0000 -0.0004
vn -0.0131 0.9202 -0.3912
vn -0.3808 0.9245 0.0181
vn -0.1906 0.7617 -0.6192
vn -0.1836 0.7604 0.6230
vn -0.6335 0.7512 -0.1853
vn 0.6227 0.7605 0.1841
vn -0.6174 0.7630 0.1912
vn 0.1840 0.7602 -0.6230
vn 0.1907 0.7618 0.6191
vn 0.6185 0.7622 -0.1911
vn 0.6215 0.5660 0.5417
vn 0.4173 0.3727 0.8288
vn 0.0881 0.9884 0.1233
vn 0.2697 0.5638 0.7806
vn 0.0197 0.9903 0.1376
vn -0.7795 0.5651 0.2701
vn -0.9653 0.2482 -0.0807
vn -0.1375 0.9903 0.0198
vn -0.9615 0.2244 -0.1587
vn 0.1572 0.2217 -0.9624
vn 0.2561 0.8546 -0.4517
vn 0.5407 0.5664 -0.6220
vn 0.1230 0.9885 -0.0877
vn 0.9633 0.2175 0.1576
vn 0.4523 0.8542 0.2564
vn -0.0810 0.2492 0.9651
vn -0.1572 0.2217 0.9624
vn -0.4518 0.8546 -0.2560
vn -0.6215 0.5658 -0.5418
vn -0.0879 0.9885 -0.1231
vn 0.8297 0.3711 -0.4169
vn 0.7799 0.5647 -0.2700
vn 0.1376 0.9903 -0.0197
vn -0.2561 0.8546 0.4517
vn -0.5417 0.5658 0.6216
vn -0.1233 0.9885 0.0878
vn -0.4174 0.3718 -0.8292
vn -0.2694 0.5644 -0.7803
vn -0.0198 0.9903 -0.1377
vn 0.9653 0.2484 0.0809
vn -0.8287 0.3723 0.4179
vn 0.0810 0.2485 -0.9652
vn 0.2034 0.7409 0.6401
vn 0.3143 0.7536 0.5774
vn 0.3932 0.0090 0.9194
vn 0.3891 0.0084 0.9212
vn -0.9933 0.0081 0.1149
vn -0.9926 0.0092 0.1211
vn -0.9363 0.0093 -0.3512
vn -0.9341 0.0083 -0.3568
vn 0.3772 0.0084 -0.9261
vn 0.3728 0.0090 -0.9279
vn 0.6995 0.0089 -0.7145
vn 0.7024 0.0083 -0.7118
vn 0.3118 0.7475 -0.5866
vn 0.1977 0.7311 -0.6530
vn 0.9261 0.0084 0.3771
vn 0.9279 0.0090 0.3726
vn 0.0109 0.0089 0.9999
vn -0.3727 0.0090 0.9279
vn -0.3772 0.0084 0.9261
vn 0.5857 0.7484 0.3112
vn 0.6505 0.7338 0.1960
vn -0.7146 0.0089 -0.6995
vn -0.7118 0.0083 -0.7024
vn -0.5085 0.7250 -0.4646
vn -0.5752 0.7360 -0.3568
vn 0.6408 0.7403 -0.2036
vn 0.5763 0.7546 -0.3139
vn 0.9195 0.0090 -0.3931
vn 0.9212 0.0084 -0.3891
vn -0.6825 0.0089 0.7308
vn -0.6851 0.0084 0.7284
vn -0.3111 0.7487 0.5854
vn -0.1957 0.7343 0.6500
vn -0.3930 0.0090 -0.9195
vn -0.3891 0.0084 -0.9212
vn 0.9999 0.0089 -0.0109
vn -0.8978 -0.0826 0.4326
vn -0.8919 0.1038 0.4402
vn -0.0613 0.9980 0.0177
vn -0.6019 0.7780 0.1799
vn -0.5762 0.7546 0.3139
vn -0.8371 0.1035 0.5371
vn -0.8380 -0.0823 0.5395
vn -0.2208 0.5560 -0.8013
f 1/1/1 2/1/2 3/1/3
f 4/1/4 5/1/4 6/1/4
f 7/1/5 2/1/2 8/1/6
f 9/1/7 2/1/2 10/1/8
f 11/1/9 2/1/2 12/1/10
f 13/1/11 2/1/2 11/1/9
f 3/1/3 2/1/2 13/1/11
f 10/1/8 2/1/2 14/1/12
f 14/1/12 2/1/2 1/1/1
f 8/1/6 2/1/2 15/1/13
f 15/1/13 2/1/2 9/1/7
f 16/2/14 17/3/15 18/4/16
f 19/5/17 20/6/18 18/4/16
f 21/7/19 16/2/14 18/4/16
f 22/8/20 23/9/21 18/4/16
f 23/9/21 21/7/19 18/4/16
f 17/3/15 19/5/17 18/4/16
f 24/1/22 25/1/23 26/1/24
f 24/1/22 26/1/24 27/1/25
f 28/1/26 29/1/27 30/1/28
f 31/1/29 32/1/30 33/1/31
f 31/1/29 33/1/31 34/1/32
f 35/1/33 36/1/33 37/1/33
f 38/1/34 39/1/34 40/1/34
f 41/1/35 42/1/36 43/1/37
f 44/1/38 45/1/38 46/1/38
f 47/1/39 48/1/40 49/1/41
f 50/1/42 51/1/43 42/1/36
f 52/1/44 43/1/37 42/1/36
f 53/1/45 41/1/35 43/1/37
f 54/1/46 55/1/47 56/1/48
f 54/1/46 56/1/48 57/1/49
f 58/1/50 59/1/51 60/1/52
f 58/1/50 60/1/52 61/1/53
f 62/1/54 63/1/55 64/1/56
f 62/1/54 64/1/56 65/1/57
f 66/1/58 67/1/59 68/1/60
f 66/1/58 68/1/60 69/1/61
f 47/1/39 42/1/36 48/1/40
f 52/1/44 42/1/36 70/1/62
f 42/1/36 47/1/39 70/1/62
f 71/1/63 52/1/44 70/1/62
f 72/1/64 73/1/65 74/1/66
f 72/1/64 74/1/66 75/1/67
f 76/1/68 77/1/69 78/1/70
f 76/1/68 78/1/70 79/1/71
f 80/1/72 81/1/73 82/1/74
f 80/1/72 82/1/74 83/1/75
f 84/1/76 85/1/77 86/1/78
f 84/1/76 86/1/78 87/1/79
f 88/1/80 89/1/81 90/1/82
f 88/1/80 90/1/82 91/1/83
f 92/1/84 93/1/85 94/1/86
f 92/1/84 94/1/86 95/1/87
f 96/1/88 97/1/89 98/1/90
f 96/1/88 98/1/90 99/1/91
f 100/1/92 101/1/93 102/1/94
f 100/1/92 102/1/94 103/1/95
f 104/1/96 105/1/97 106/1/98
f 104/1/96 106/1/98 107/1/99
f 108/1/100 109/1/101 110/1/102
f 108/1/100 110/1/102 111/1/103
f 48/1/40 42/1/36 51/1/43
f 112/1/104 113/1/104 114/1/104
f 115/1/105 116/1/105 117/1/105
f 118/10/106 119/1/106 120/1/106
f 121/1/107 122/1/108 123/1/109
f 121/1/107 123/1/109 124/1/110
f 125/1/111 126/1/112 127/1/113
f 125/1/111 127/1/113 128/1/114
f 129/1/115 130/1/116 131/1/117
f 129/1/115 131/1/117 132/1/118
f 133/1/119 134/1/120 135/1/121
f 133/1/119 135/1/121 136/1/122
f 28/1/26 30/1/28 137/1/123
f 138/1/124 139/1/125 140/1/126
f 138/1/124 140/1/126 141/1/127
f 142/1/128 143/1/129 144/1/130
f 142/1/128 144/1/130 145/1/131
f 146/1/132 147/1/133 148/1/134
f 146/1/132 148/1/134 149/1/135
f 150/1/136 151/1/137 152/1/138
f 150/1/136 152/1/138 153/1/139
f 154/1/140 155/1/141 156/1/142
f 157/1/143 158/1/144 159/1/145
f 157/1/143 159/1/145 160/1/146
f 161/1/147 162/1/148 163/1/149
f 161/1/147 163/1/149 164/1/150
f 165/1/151 137/1/123 166/1/152
f 167/1/153 168/1/154 169/1/155
f 167/1/153 169/1/155 170/1/156
f 171/1/157 172/10/158 173/1/159
f 171/1/157 173/1/159 174/1/160
f 175/1/161 176/1/162 1/1/1
f 177/1/163 178/1/164 179/1/165
f 180/1/166 181/1/167 7/1/5
f 180/1/166 7/1/5 8/1/6
f 182/1/168 183/1/168 184/1/168
f 185/1/169 186/10/170 187/1/171
f 188/1/172 28/1/26 165/1/151
f 189/1/173 190/1/174 154/1/140
f 175/1/161 1/1/1 3/1/3
f 152/1/138 170/1/156 169/1/155
f 142/1/128 149/1/135 143/1/129
f 142/1/128 146/1/132 149/1/135
f 154/1/140 191/1/175 155/1/141
f 179/1/165 192/1/176 177/1/163
f 193/1/177 11/1/9 194/1/178
f 11/1/9 12/1/10 194/1/178
f 195/1/179 9/1/7 10/1/8
f 9/1/7 195/1/179 196/1/180
f 157/1/143 160/1/146 172/10/158
f 154/1/140 197/10/181 189/1/173
f 198/1/182 185/1/169 199/1/183
f 198/1/182 200/1/184 185/1/169
f 28/1/26 137/1/123 165/1/151
f 172/10/158 171/1/157 157/1/143
f 152/1/138 151/1/137 170/1/156
f 163/1/149 162/1/148 141/1/127
f 163/1/149 141/1/127 140/1/126
f 179/1/165 201/1/185 202/1/186
f 203/1/187 199/1/183 187/1/171
f 204/1/188 179/1/165 178/1/164
f 187/1/171 199/1/183 185/1/169
f 205/1/189 191/1/175 190/1/174
f 206/1/190 186/10/170 185/1/169
f 207/1/191 179/1/165 202/1/186
f 204/1/188 201/1/185 179/1/165
f 191/1/175 154/1/140 190/1/174
f 208/1/192 209/1/193 210/1/194
f 208/1/192 210/1/194 211/1/195
f 209/1/193 208/1/192 212/1/196
f 212/1/196 208/1/192 213/1/197
f 214/1/198 215/11/199 216/1/200
f 217/1/201 213/1/197 218/1/202
f 217/1/201 212/1/196 213/1/197
f 216/1/200 217/1/201 219/1/203
f 219/1/203 217/1/201 218/1/202
f 220/1/204 221/1/205 222/1/206
f 223/1/207 224/1/208 225/1/209
f 226/1/210 221/1/205 220/1/204
f 226/1/210 227/1/211 221/1/205
f 224/1/208 228/1/212 229/1/213
f 230/1/214 231/1/215 232/1/216
f 233/1/217 234/1/218 235/1/219
f 236/1/220 233/1/217 235/1/219
f 237/1/221 232/1/216 234/1/218
f 238/1/222 239/1/223 240/1/224
f 238/1/222 240/1/224 241/1/225
f 233/1/217 237/1/221 234/1/218
f 242/1/226 231/1/215 243/1/227
f 244/1/228 245/1/229 246/1/230
f 244/1/228 246/1/230 247/1/231
f 242/1/226 248/1/232 231/1/215
f 249/1/233 250/1/234 251/1/235
f 252/11/236 253/1/237 254/1/238
f 252/11/236 254/1/238 255/1/239
f 247/1/231 246/1/230 256/1/240
f 247/1/231 256/1/240 257/1/241
f 236/1/220 235/1/219 258/1/242
f 259/1/243 260/1/244 261/1/245
f 262/1/246 260/1/244 259/1/243
f 236/1/220 258/1/242 263/1/247
f 243/1/227 231/1/215 230/1/214
f 251/1/235 250/1/234 264/1/248
f 216/1/200 215/11/199 217/1/201
f 223/1/207 225/1/209 265/1/249
f 222/1/206 228/1/212 266/1/250
f 266/1/250 228/1/212 224/1/208
f 222/1/206 221/1/205 228/1/212
f 224/1/208 229/1/213 225/1/209
f 267/1/251 268/1/252 269/1/253
f 270/1/254 268/1/252 267/1/251
f 271/1/255 272/1/256 273/1/257
f 272/1/256 274/1/258 273/1/257
f 275/1/259 276/1/260 277/1/261
f 277/1/261 271/1/255 273/1/257
f 269/1/253 268/1/252 278/1/262
f 272/1/256 268/1/252 270/1/254
f 272/1/256 270/1/254 274/1/258
f 269/1/253 278/1/262 279/1/263
f 269/1/253 279/1/263 280/1/264
f 281/1/265 282/1/266 283/1/267
f 284/1/268 285/1/269 286/1/270
f 284/1/268 286/1/270 287/1/271
f 288/1/272 284/1/268 287/1/271
f 282/1/266 289/1/273 283/1/267
f 290/1/274 291/1/275 292/1/276
f 293/1/277 294/1/278 295/1/279
f 293/1/277 295/1/279 296/1/280
f 297/1/281 298/1/282 299/1/283
f 297/1/281 299/1/283 300/1/284
f 301/1/285 302/1/286 303/1/287
f 304/1/288 305/1/289 306/1/290
f 307/1/291 308/1/292 290/1/274
f 309/1/293 310/1/294 311/1/295
f 309/1/293 311/1/295 312/1/296
f 290/1/274 308/1/292 291/1/275
f 300/1/284 299/1/283 313/1/297
f 300/1/284 313/1/297 314/1/298
f 292/1/276 291/1/275 315/1/299
f 292/1/276 315/1/299 316/1/300
f 317/1/301 318/1/302 319/1/303
f 320/1/304 318/1/302 317/1/301
f 316/1/300 315/1/299 321/1/305
f 304/1/288 306/1/290 308/1/292
f 304/1/288 308/1/292 307/1/291
f 322/1/306 303/1/287 323/1/307
f 301/1/285 303/1/287 322/1/306
f 324/1/308 290/1/274 292/1/276
f 277/1/261 276/1/260 271/1/255
f 288/1/272 287/1/271 325/1/309
f 289/1/273 286/1/270 285/1/269
f 286/1/270 289/1/273 282/1/266
f 326/1/310 327/1/311 328/1/312
f 329/1/313 327/1/311 326/1/310
f 330/1/314 329/1/313 331/1/315
f 332/1/316 333/1/317 334/1/318
f 335/1/319 331/1/315 336/1/320
f 327/1/311 329/1/313 330/1/314
f 330/1/314 331/1/315 335/1/319
f 332/1/316 334/1/318 337/1/321
f 337/1/321 334/1/318 336/1/320
f 328/1/312 327/1/311 338/1/322
f 334/1/318 335/1/319 336/1/320
f 339/1/323 340/1/324 341/1/325
f 342/1/326 343/1/327 344/1/328
f 345/1/329 342/1/326 346/1/330
f 347/1/331 342/1/326 345/1/329
f 347/1/331 343/1/327 342/1/326
f 340/1/324 348/1/332 341/1/325
f 349/1/333 350/1/334 351/1/335
f 352/1/336 340/1/324 339/1/323
f 343/1/327 353/1/337 344/1/328
f 354/1/338 355/1/339 356/1/340
f 354/1/338 357/1/341 358/1/342
f 359/1/343 360/1/344 361/1/345
f 359/1/343 361/1/345 362/10/346
f 354/1/338 356/1/340 357/1/341
f 363/1/347 364/1/348 350/1/334
f 363/1/347 350/1/334 349/1/333
f 365/1/349 366/1/350 367/1/351
f 355/1/339 365/1/349 367/1/351
f 358/1/342 357/1/341 368/1/352
f 369/1/353 370/1/354 371/1/355
f 372/10/356 373/1/357 374/1/358
f 372/10/356 374/1/358 375/1/359
f 349/1/333 351/1/335 376/1/360
f 358/1/342 368/1/352 377/1/361
f 371/1/355 378/1/362 379/1/363
f 371/1/355 370/1/354 378/1/362
f 380/1/364 381/1/365 382/1/366
f 377/1/361 368/1/352 383/1/367
f 355/1/339 367/1/351 356/1/340
f 384/1/368 385/1/369 381/1/365
f 384/1/368 381/1/365 380/1/364
f 348/1/332 386/1/370 353/1/337
f 353/1/337 386/1/370 344/1/328
f 348/1/332 340/1/324 386/1/370
f 387/1/371 388/1/372 389/1/373
f 390/1/374 391/1/375 392/1/376
f 393/1/377 391/1/375 390/1/374
f 391/1/375 393/1/377 394/1/378
f 394/1/378 393/1/377 395/1/379
f 396/1/380 397/1/381 398/1/382
f 398/1/382 395/1/379 396/1/380
f 399/1/383 397/1/381 400/1/384
f 400/1/384 397/1/381 396/1/380
f 398/1/382 394/1/378 395/1/379
f 392/1/376 391/1/375 401/11/385
f 402/1/386 403/1/387 404/1/388
f 405/1/389 403/1/387 402/1/386
f 406/1/390 387/1/371 389/1/373
f 406/1/390 389/1/373 407/1/391
f 408/1/392 409/1/393 410/1/394
f 411/1/395 412/1/396 413/1/397
f 411/1/395 414/1/398 412/1/396
f 413/1/397 415/1/399 416/1/400
f 417/1/401 416/1/400 415/1/399
f 417/1/401 415/1/399 418/1/402
f 419/1/403 420/1/404 421/1/405
f 419/1/403 421/1/405 422/1/406
f 408/1/392 423/1/407 409/1/393
f 424/1/408 423/1/407 408/1/392
f 413/1/397 412/1/396 415/1/399
f 425/1/409 426/1/410 427/1/411
f 428/1/412 429/1/413 430/1/414
f 428/1/412 430/1/414 431/1/415
f 410/1/394 409/1/393 432/1/416
f 433/1/417 434/1/418 435/1/419
f 436/1/420 434/1/418 433/1/417
f 417/1/401 418/1/402 437/1/421
f 438/1/422 414/1/398 411/1/395
f 427/1/411 426/1/410 439/1/423
f 370/1/354 369/1/353 440/1/424
f 404/1/388 388/1/372 441/1/425
f 441/1/425 388/1/372 387/1/371
f 388/1/372 404/1/388 403/1/387
f 442/1/426 338/1/322 327/1/311
f 443/1/427 377/1/361 383/1/367
f 444/1/428 340/1/324 352/1/336
f 445/1/429 325/1/309 287/1/271
f 434/1/418 436/1/420 446/1/430
f 434/1/418 446/1/430 447/1/431
f 448/1/432 449/1/433 439/1/423
f 450/1/434 403/1/387 405/1/389
f 450/1/434 405/1/389 451/1/435
f 401/11/385 452/1/436 392/1/376
f 437/1/421 453/1/437 417/1/401
f 407/1/391 389/1/373 454/1/438
f 407/1/391 454/1/438 455/1/439
f 439/1/423 449/1/433 427/1/411
f 318/1/302 320/1/304 456/1/440
f 318/1/302 456/1/440 457/1/441
f 458/1/442 397/1/381 399/1/383
f 459/1/443 397/1/381 458/1/442
f 438/1/422 460/1/444 461/1/445
f 438/1/422 461/1/445 414/1/398
f 462/1/446 282/1/266 281/1/265
f 462/1/446 281/1/265 463/1/447
f 464/1/448 265/1/249 225/1/209
f 323/1/307 465/1/449 322/1/306
f 466/1/450 465/1/449 323/1/307
f 440/1/424 369/1/353 466/1/450
f 466/1/450 369/1/353 465/1/449
f 467/1/451 325/1/309 445/1/429
f 467/1/451 468/1/452 325/1/309
f 306/1/290 305/1/289 469/1/453
f 306/1/290 469/1/453 470/1/454
f 470/1/454 469/1/453 443/1/427
f 470/1/454 443/1/427 383/1/367
f 471/1/455 276/1/260 275/1/259
f 471/1/455 275/1/259 472/1/456
f 471/1/455 472/1/456 473/1/457
f 474/1/458 475/1/459 251/1/235
f 474/1/458 251/1/235 264/1/248
f 474/1/458 476/1/460 475/1/459
f 477/1/461 476/1/460 474/1/458
f 457/1/441 456/1/440 477/1/461
f 477/1/461 456/1/440 476/1/460
f 260/1/244 262/1/246 478/1/462
f 464/1/448 479/10/463 265/1/249
f 480/1/464 481/1/465 479/10/463
f 479/10/463 464/1/448 482/1/466
f 482/1/466 480/1/464 479/10/463
f 242/1/226 483/1/467 484/1/468
f 242/1/226 484/1/468 248/1/232
f 484/1/468 483/1/467 321/1/305
f 321/1/305 483/1/467 316/1/300
f 215/11/199 214/1/198 485/1/469
f 485/1/469 214/1/198 486/1/470
f 485/1/469 486/1/470 487/1/471
f 263/1/247 488/1/472 236/1/220
f 461/1/445 488/1/472 263/1/247
f 461/1/445 460/1/444 488/1/472
f 210/1/194 209/1/193 489/1/473
f 210/1/194 489/1/473 490/1/474
f 491/1/475 492/1/476 459/1/443
f 459/1/443 458/1/442 491/1/475
f 260/1/244 478/1/462 493/1/477
f 493/1/477 478/1/462 449/1/433
f 493/1/477 449/1/433 494/1/478
f 494/1/478 449/1/433 448/1/432
f 495/1/479 227/1/211 226/1/210
f 455/1/439 454/1/438 496/1/480
f 496/1/480 454/1/438 497/1/481
f 333/1/317 332/1/316 498/1/482
f 333/1/317 498/1/482 499/1/483
f 500/1/484 499/1/483 498/1/482
f 500/1/484 498/1/482 501/1/485
f 365/1/349 502/1/486 366/1/350
f 502/1/486 503/1/487 366/1/350
f 502/1/486 453/1/437 503/1/487
f 453/1/437 437/1/421 503/1/487
f 230/1/214 232/1/216 237/1/221
f 346/1/330 504/1/488 345/1/329
f 505/1/489 504/1/488 346/1/330
f 506/1/490 382/1/366 381/1/365
f 506/1/490 507/1/491 382/1/366
f 447/1/431 446/1/430 506/1/490
f 506/1/490 446/1/430 507/1/491
f 508/12/492 509/13/493 510/14/494
f 508/12/492 510/14/494 511/15/495
f 508/12/492 511/15/495 512/16/496
f 513/17/497 514/18/498 515/19/499
f 513/17/497 515/19/499 510/14/494
f 513/17/497 510/14/494 509/13/493
f 514/18/498 516/20/500 515/19/499
f 517/21/501 518/22/502 515/19/499
f 517/21/501 515/19/499 516/20/500
f 519/23/503 520/24/504 518/22/502
f 519/23/503 518/22/502 517/21/501
f 521/25/505 522/26/506 523/27/507
f 521/25/505 523/27/507 520/24/504
f 521/25/505 520/24/504 519/23/503
f 524/28/508 525/29/509 526/30/510
f 524/28/508 526/30/510 527/31/511
f 524/28/508 527/31/511 528/32/512
f 529/33/513 530/34/514 526/30/510
f 529/33/513 526/30/510 525/29/509
f 531/35/515 532/36/516 533/37/517
f 531/35/515 533/37/517 530/34/514
f 531/35/515 530/34/514 529/33/513
f 534/38/518 533/37/517 532/36/516
f 535/39/519 536/40/520 537/41/521
f 535/39/519 537/41/521 533/37/517
f 535/39/519 533/37/517 534/38/518
f 512/16/496 511/15/495 537/41/521
f 512/16/496 537/41/521 536/40/520
f 538/42/522 508/12/492 512/16/496
f 538/42/522 509/13/493 508/12/492
f 539/43/523 521/25/505 519/23/503
f 521/25/505 540/44/524 522/26/506
f 536/40/520 541/45/525 512/16/496
f 541/45/525 538/42/522 512/16/496
f 513/17/497 542/46/526 514/18/498
f 543/47/527 516/20/500 514/18/498
f 542/46/526 543/47/527 514/18/498
f 535/39/519 541/45/525 536/40/520
f 544/48/528 535/39/519 534/38/518
f 545/49/529 546/50/530 538/42/522
f 538/42/522 546/50/530 509/13/493
f 547/51/531 542/46/526 513/17/497
f 546/50/530 547/51/531 513/17/497
f 546/50/530 513/17/497 509/13/493
f 516/20/500 548/52/532 517/21/501
f 548/52/532 549/53/533 517/21/501
f 550/54/534 539/43/523 519/23/503
f 549/53/533 550/54/534 519/23/503
f 549/53/533 519/23/503 517/21/501
f 551/55/535 540/44/524 521/25/505
f 539/43/523 551/55/535 521/25/505
f 552/56/536 553/57/537 525/29/509
f 552/56/536 525/29/509 524/28/508
f 528/32/512 552/56/536 524/28/508
f 554/58/538 555/59/539 529/33/513
f 553/57/537 554/58/538 529/33/513
f 553/57/537 529/33/513 525/29/509
f 555/59/539 531/35/515 529/33/513
f 556/60/540 541/45/525 535/39/519
f 544/48/528 556/60/540 535/39/519
f 557/61/541 545/49/529 538/42/522
f 557/61/541 538/42/522 541/45/525
f 551/55/535 558/62/542 540/44/524
f 559/63/543 552/56/536 528/32/512
f 555/59/539 532/36/516 531/35/515
f 560/64/544 544/48/528 534/38/518
f 532/36/516 560/64/544 534/38/518
f 556/60/540 557/61/541 541/45/525
f 561/65/545 562/66/546 545/49/529
f 545/49/529 562/66/546 546/50/530
f 562/66/546 547/51/531 546/50/530
f 543/47/527 563/67/547 516/20/500
f 563/67/547 548/52/532 516/20/500
f 550/54/534 564/68/548 539/43/523
f 564/68/548 551/55/535 539/43/523
f 560/64/544 556/60/540 544/48/528
f 561/65/545 545/49/529 557/61/541
f 547/51/531 565/69/549 542/46/526
f 565/69/549 543/47/527 542/46/526
f 556/60/540 566/70/550 557/61/541
f 566/70/550 561/65/545 557/61/541
f 567/71/551 562/66/546 561/65/545
f 567/71/551 568/72/552 562/66/546
f 569/73/553 565/69/549 547/51/531
f 568/72/552 569/73/553 547/51/531
f 568/72/552 547/51/531 562/66/546
f 570/74/554 564/68/548 550/54/534
f 549/53/533 570/74/554 550/54/534
f 571/75/555 558/62/542 551/55/535
f 564/68/548 571/75/555 551/55/535
f 572/76/556 573/77/557 553/57/537
f 572/76/556 553/57/537 552/56/536
f 574/78/558 572/76/556 552/56/536
f 574/78/558 552/56/536 559/63/543
f 575/79/559 555/59/539 554/58/538
f 573/77/557 575/79/559 554/58/538
f 573/77/557 554/58/538 553/57/537
f 576/80/560 577/81/561 532/36/516
f 576/80/560 532/36/516 555/59/539
f 575/79/559 576/80/560 555/59/539
f 577/81/561 560/64/544 532/36/516
f 578/82/562 579/83/563 560/64/544
f 579/83/563 566/70/550 556/60/540
f 560/64/544 579/83/563 556/60/540
f 566/70/550 567/71/551 561/65/545
f 565/69/549 563/67/547 543/47/527
f 563/67/547 580/84/564 548/52/532
f 580/84/564 549/53/533 548/52/532
f 580/84/564 570/74/554 549/53/533
f 577/81/561 578/82/562 560/64/544
f 581/85/565 568/72/552 567/71/551
f 569/73/553 582/86/566 565/69/549
f 582/86/566 563/67/547 565/69/549
f 570/74/554 583/87/567 564/68/548
f 571/75/555 584/88/568 558/62/542
f 583/87/567 571/75/555 564/68/548
f 585/89/569 572/76/556 574/78/558
f 579/83/563 586/90/570 566/70/550
f 586/90/570 581/85/565 567/71/551
f 586/90/570 567/71/551 566/70/550
f 568/72/552 587/91/571 569/73/553
f 587/91/571 582/86/566 569/73/553
f 588/92/572 580/84/564 563/67/547
f 589/93/573 583/87/567 570/74/554
f 580/84/564 589/93/573 570/74/554
f 583/87/567 584/88/568 571/75/555
f 585/89/569 590/94/574 572/76/556
f 590/94/574 573/77/557 572/76/556
f 573/77/557 591/95/575 575/79/559
f 592/96/576 587/91/571 581/85/565
f 581/85/565 587/91/571 568/72/552
f 593/97/577 589/93/573 580/84/564
f 591/95/575 594/98/578 575/79/559
f 590/94/574 591/95/575 573/77/557
f 594/98/578 595/99/579 576/80/560
f 595/99/579 596/100/580 576/80/560
f 576/80/560 596/100/580 577/81/561
f 594/98/578 576/80/560 575/79/559
f 596/100/580 597/101/581 577/81/561
f 597/101/581 598/102/582 577/81/561
f 577/81/561 598/102/582 578/82/562
f 598/102/582 599/103/583 586/90/570
f 598/102/582 586/90/570 579/83/563
f 598/102/582 579/83/563 578/82/562
f 599/103/583 592/96/576 581/85/565
f 599/103/583 581/85/565 586/90/570
f 600/104/584 582/86/566 587/91/571
f 601/105/585 593/97/577 580/84/564
f 588/92/572 601/105/585 580/84/564
f 602/106/586 584/88/568 583/87/567
f 585/89/569 603/107/587 590/94/574
f 604/108/588 605/109/589 592/96/576
f 592/96/576 605/109/589 587/91/571
f 600/104/584 606/110/590 582/86/566
f 605/109/589 600/104/584 587/91/571
f 606/110/590 588/92/572 563/67/547
f 582/86/566 606/110/590 563/67/547
f 589/93/573 607/111/591 583/87/567
f 602/106/586 608/112/592 584/88/568
f 607/111/591 602/106/586 583/87/567
f 609/113/593 603/107/587 585/89/569
f 603/107/587 610/114/594 590/94/574
f 610/114/594 591/95/575 590/94/574
f 597/101/581 611/115/595 598/102/582
f 612/116/596 599/103/583 598/102/582
f 611/115/595 612/116/596 598/102/582
f 599/103/583 604/108/588 592/96/576
f 605/109/589 613/117/597 600/104/584
f 613/117/597 606/110/590 600/104/584
f 601/105/585 614/118/598 593/97/577
f 614/118/598 607/111/591 589/93/573
f 593/97/577 614/118/598 589/93/573
f 610/114/594 594/98/578 591/95/575
f 612/116/596 615/119/599 599/103/583
f 615/119/599 604/108/588 599/103/583
f 611/115/595 616/120/600 612/116/596
f 616/120/600 615/119/599 612/116/596
f 617/121/601 604/108/588 615/119/599
f 617/121/601 615/119/599 618/122/602
f 617/121/601 613/117/597 604/108/588
f 619/123/603 613/117/597 617/121/601
f 619/123/603 620/124/604 606/110/590
f 619/123/603 606/110/590 613/117/597
f 620/124/604 621/125/605 588/92/572
f 620/124/604 588/92/572 606/110/590
f 622/126/606 601/105/585 588/92/572
f 622/126/606 588/92/572 621/125/605
f 622/126/606 614/118/598 601/105/585
f 623/127/607 614/118/598 622/126/606
f 623/127/607 624/128/608 607/111/591
f 623/127/607 607/111/591 614/118/598
f 624/128/608 602/106/586 607/111/591
f 624/128/608 625/129/609 608/112/592
f 624/128/608 608/112/592 602/106/586
f 626/130/610 603/107/587 609/113/593
f 626/130/610 609/113/593 627/131/611
f 626/130/610 610/114/594 603/107/587
f 628/132/612 610/114/594 626/130/610
f 628/132/612 629/133/613 594/98/578
f 628/132/612 594/98/578 610/114/594
f 629/133/613 595/99/579 594/98/578
f 629/133/613 630/134/614 596/100/580
f 629/133/613 596/100/580 595/99/579
f 631/135/615 597/101/581 596/100/580
f 631/135/615 596/100/580 630/134/614
f 631/135/615 611/115/595 597/101/581
f 632/136/616 616/120/600 611/115/595
f 632/136/616 611/115/595 631/135/615
f 632/136/616 633/137/617 616/120/600
f 633/137/617 615/119/599 616/120/600
f 604/108/588 613/117/597 605/109/589
f 634/138/618 635/139/619 636/140/620
f 636/140/620 637/141/621 638/142/622
f 639/143/623 640/144/624 641/145/625
f 638/142/622 642/146/626 643/147/627
f 643/147/627 644/148/628 645/149/629
f 645/149/629 646/150/630 647/151/631
f 647/151/631 648/152/632 639/143/623
f 649/153/633 634/138/618 641/145/625
f 633/137/617 618/122/602 615/119/599
f 640/144/624 639/143/623 650/154/634
f 638/142/622 637/141/621 651/155/635
f 649/153/633 652/156/636 634/138/618
f 645/149/629 644/148/628 653/157/637
f 635/139/619 634/138/618 654/158/638
f 639/143/623 648/152/632 655/159/639
f 642/146/626 638/142/622 656/160/640
f 646/150/630 645/149/629 657/161/641
f 658/162/642 659/163/643 641/145/625
f 659/163/643 660/164/644 639/143/623
f 659/163/643 639/143/623 641/145/625
f 661/165/645 662/166/646 645/149/629
f 662/166/646 663/167/647 643/147/627
f 662/166/646 643/147/627 645/149/629
f 664/168/648 665/169/649 636/140/620
f 665/169/649 666/170/650 636/140/620
f 641/145/625 667/171/651 668/172/652
f 641/145/625 668/172/652 658/162/642
f 660/164/644 669/173/653 639/143/623
f 669/173/653 670/174/654 647/151/631
f 669/173/653 647/151/631 639/143/623
f 663/167/647 671/175/655 643/147/627
f 671/175/655 672/176/656 643/147/627
f 666/170/650 673/177/657 636/140/620
f 673/177/657 674/178/658 634/138/618
f 673/177/657 634/138/618 636/140/620
f 670/174/654 675/179/659 647/151/631
f 675/179/659 676/180/660 647/151/631
f 672/176/656 677/181/661 643/147/627
f 677/181/661 678/182/662 638/142/622
f 677/181/661 638/142/622 643/147/627
f 674/178/658 679/183/663 634/138/618
f 679/183/663 667/171/651 641/145/625
f 679/183/663 641/145/625 634/138/618
f 676/180/660 680/184/664 647/151/631
f 680/184/664 661/165/645 645/149/629
f 680/184/664 645/149/629 647/151/631
f 678/182/662 681/185/665 638/142/622
f 681/185/665 664/168/648 636/140/620
f 681/185/665 636/140/620 638/142/622
f 19/5/17 17/3/15 682/186/666
f 19/5/17 682/186/666 683/187/667
f 684/188/668 685/189/669 686/190/670
f 684/188/668 686/190/670 687/191/671
f 688/192/672 689/193/673 690/194/674
f 688/192/672 690/194/674 691/195/675
f 692/196/676 693/197/677 694/198/678
f 692/196/676 694/198/678 695/199/679
f 22/8/20 18/4/16 696/200/680
f 22/8/20 696/200/680 697/201/681
f 698/202/682 699/203/683 685/189/669
f 698/202/682 685/189/669 684/188/668
f 700/204/684 701/205/685 702/206/686
f 700/204/684 702/206/686 703/207/687
f 704/208/688 705/209/689 20/6/18
f 704/208/688 20/6/18 19/5/17
f 701/205/685 700/204/684 687/191/671
f 701/205/685 687/191/671 686/190/670
f 691/195/675 690/194/674 706/210/690
f 691/195/675 706/210/690 707/211/691
f 21/7/19 23/9/21 708/212/692
f 21/7/19 708/212/692 709/213/693
f 21/7/19 709/213/693 710/214/694
f 711/215/695 712/216/696 695/199/679
f 711/215/695 695/199/679 694/198/678
f 703/207/687 702/206/686 713/217/697
f 703/207/687 713/217/697 714/218/698
f 17/3/15 16/2/14 715/219/699
f 17/3/15 715/219/699 716/220/700
f 708/212/692 23/9/21 717/221/701
f 718/222/702 719/223/703 707/211/691
f 718/222/702 707/211/691 706/210/690
f 720/224/704 721/225/705 699/203/683
f 720/224/704 699/203/683 698/202/682
f 18/4/16 20/6/18 722/226/706
f 721/225/705 720/224/704 712/216/696
f 721/225/705 712/216/696 711/215/695
f 723/227/707 724/228/708 689/193/673
f 723/227/707 689/193/673 688/192/672
f 16/2/14 21/7/19 725/229/709
f 16/2/14 725/229/709 726/230/710
f 727/231/711 728/232/712 693/197/677
f 727/231/711 693/197/677 692/196/676
f 23/9/21 22/8/20 729/233/713
f 728/232/712 727/231/711 719/223/703
f 728/232/712 719/223/703 718/222/702
f 730/1/714 731/1/715 732/1/716
f 733/1/1 731/1/715 734/1/3
f 735/1/717 736/1/717 737/1/717
f 738/1/718 731/1/715 739/1/719
f 740/1/720 731/1/715 741/1/721
f 742/1/722 731/1/715 740/1/720
f 734/1/3 731/1/715 742/1/722
f 739/1/719 731/1/715 743/1/723
f 743/1/723 731/1/715 733/1/1
f 732/1/716 731/1/715 744/1/724
f 744/1/724 731/1/715 738/1/718
f 745/1/725 746/1/725 747/1/725
f 748/234/726 749/235/727 750/236/728
f 751/237/729 752/238/730 750/236/728
f 753/239/731 754/240/732 750/236/728
f 754/240/732 751/237/729 750/236/728
f 752/238/730 755/241/733 750/236/728
f 749/235/727 753/239/731 750/236/728
f 756/1/734 757/1/735 758/1/736
f 759/1/737 760/1/738 761/1/739
f 759/1/737 761/1/739 762/1/25
f 763/1/740 764/1/741 765/1/742
f 763/1/740 765/1/742 766/1/743
f 767/1/744 768/1/745 769/1/746
f 767/1/744 769/1/746 770/1/32
f 771/1/747 772/1/747 773/1/747
f 774/1/748 775/1/748 776/1/748
f 777/10/749 778/1/750 779/1/751
f 780/1/752 781/1/753 777/10/749
f 782/1/754 783/1/755 784/1/756
f 785/1/757 786/1/758 778/1/750
f 787/1/44 779/1/751 778/1/750
f 780/1/752 777/10/749 779/1/751
f 788/1/759 789/1/760 790/1/761
f 788/1/759 790/1/761 791/1/762
f 792/1/50 793/1/51 794/1/52
f 792/1/50 794/1/52 795/1/53
f 796/1/763 797/1/764 798/1/765
f 796/1/763 798/1/765 799/1/766
f 800/1/767 801/1/768 802/1/769
f 800/1/767 802/1/769 803/1/770
f 782/1/754 778/1/750 783/1/755
f 787/1/44 778/1/750 804/1/771
f 778/1/750 782/1/754 804/1/771
f 805/1/772 787/1/44 804/1/771
f 806/1/64 807/1/65 808/1/66
f 806/1/64 808/1/66 809/1/773
f 810/1/774 811/1/775 812/11/70
f 810/1/774 812/11/70 813/1/71
f 814/1/72 815/1/776 816/1/777
f 814/1/72 816/1/777 817/1/778
f 818/1/779 819/1/780 820/1/781
f 818/1/779 820/1/781 821/1/782
f 822/1/80 823/1/783 824/1/82
f 822/1/80 824/1/82 825/1/83
f 826/1/784 827/1/785 828/1/786
f 826/1/784 828/1/786 829/1/787
f 830/1/788 831/1/789 832/1/790
f 830/1/788 832/1/790 833/1/791
f 834/1/792 835/1/793 836/1/794
f 834/1/792 836/1/794 837/1/795
f 838/1/796 839/1/797 840/1/798
f 838/1/796 840/1/798 841/1/799
f 842/1/800 843/1/801 844/1/802
f 842/1/800 844/1/802 845/1/803
f 783/1/755 778/1/750 786/1/758
f 846/1/804 847/1/804 848/1/804
f 849/1/805 850/1/805 851/1/805
f 852/1/806 853/1/806 854/1/806
f 855/1/807 856/1/808 857/1/809
f 855/1/807 857/1/809 858/1/810
f 859/1/111 860/1/112 861/1/113
f 859/1/111 861/1/113 862/1/811
f 863/1/115 864/1/812 865/1/813
f 863/1/115 865/1/813 866/1/814
f 867/1/815 868/1/120 869/1/816
f 867/1/815 869/1/816 870/1/817
f 740/1/720 741/1/721 871/1/818
f 766/1/743 765/1/742 872/1/819
f 873/1/820 874/1/821 875/1/126
f 873/1/820 875/1/126 876/1/822
f 877/1/823 878/1/824 879/1/825
f 877/1/823 879/1/825 880/1/826
f 881/1/827 882/1/828 883/1/829
f 881/1/827 883/1/829 884/1/830
f 885/1/831 886/1/832 887/1/833
f 885/1/831 887/1/833 888/1/834
f 889/1/835 890/1/836 891/1/837
f 892/1/838 893/1/839 894/1/840
f 892/1/838 894/1/840 895/1/841
f 896/1/842 897/1/148 898/1/149
f 896/1/842 898/1/149 899/1/150
f 900/1/843 872/1/819 901/1/844
f 902/1/845 903/1/846 904/1/847
f 902/1/845 904/1/847 905/1/848
f 906/1/849 907/1/850 908/1/851
f 906/1/849 908/1/851 909/1/852
f 910/11/161 911/10/853 733/1/1
f 912/1/854 913/1/855 730/1/714
f 912/1/854 730/1/714 732/1/716
f 914/10/856 757/1/735 756/1/734
f 757/1/735 915/1/857 758/1/736
f 914/10/856 916/1/858 757/1/735
f 917/1/859 918/1/860 889/1/835
f 919/1/861 920/1/862 921/1/863
f 910/11/161 733/1/1 734/1/3
f 887/1/833 905/1/848 904/1/847
f 877/1/823 881/1/827 878/1/824
f 918/1/860 922/1/864 890/1/836
f 881/1/827 884/1/830 878/1/824
f 740/1/720 871/1/818 923/1/865
f 892/1/838 895/1/841 907/1/850
f 738/1/718 739/1/719 924/1/866
f 738/1/718 924/1/866 925/1/867
f 926/1/868 763/1/740 766/1/743
f 766/1/743 872/1/819 900/1/843
f 887/1/833 886/1/832 905/1/848
f 898/1/149 897/1/148 876/1/822
f 898/1/149 876/1/822 875/1/126
f 907/1/850 906/1/849 892/1/838
f 919/1/861 927/1/869 928/1/870
f 929/1/871 756/1/734 758/1/736
f 930/1/872 919/1/861 931/1/873
f 922/1/864 918/1/860 932/1/874
f 890/1/836 889/1/835 918/1/860
f 928/1/870 920/1/862 919/1/861
f 933/1/875 922/1/864 932/1/874
f 934/1/876 915/1/857 757/1/735
f 935/1/877 920/1/862 928/1/870
f 930/1/872 927/1/869 919/1/861
f 936/10/878 937/1/879 938/1/880
f 939/1/881 937/1/879 936/10/878
f 940/1/882 941/1/883 942/1/884
f 942/1/884 943/1/885 940/1/882
f 937/1/879 939/1/881 944/1/886
f 945/1/887 941/1/883 940/1/882
f 942/1/884 944/1/886 939/1/881
f 942/1/884 939/1/881 943/1/885
f 946/1/888 947/1/889 948/1/890
f 949/1/891 950/1/892 947/1/889
f 951/1/893 952/1/894 953/1/895
f 953/1/895 952/1/894 954/1/896
f 955/1/897 956/1/898 957/1/899
f 951/1/893 958/1/900 952/1/894
f 959/1/901 960/1/902 961/1/903
f 962/1/904 963/1/905 964/1/906
f 962/1/904 964/1/906 965/1/907
f 961/1/903 963/1/905 962/1/904
f 966/1/908 967/1/223 968/1/909
f 966/1/908 968/1/909 969/1/910
f 961/1/903 960/1/902 963/1/905
f 970/1/911 971/1/912 955/1/897
f 970/1/911 972/1/913 971/1/912
f 959/1/901 973/1/914 974/1/915
f 975/1/916 976/1/917 977/1/918
f 978/11/919 979/1/237 980/1/920
f 978/11/919 980/1/920 981/1/921
f 955/1/897 971/1/912 956/1/898
f 982/1/922 983/1/923 984/1/924
f 962/1/904 965/1/907 985/1/925
f 982/1/922 986/1/926 983/1/923
f 985/1/925 965/1/907 987/1/927
f 959/1/901 974/1/915 960/1/902
f 975/1/916 977/1/918 988/1/928
f 945/1/887 940/1/882 989/1/929
f 949/1/891 947/1/889 946/1/888
f 954/1/896 990/1/930 991/1/931
f 991/1/931 990/1/930 950/1/892
f 954/1/896 992/1/932 990/1/930
f 992/1/932 954/1/896 952/1/894
f 993/10/933 994/1/934 995/1/935
f 996/1/936 994/1/934 993/10/933
f 994/1/934 996/1/936 997/1/937
f 998/1/938 999/1/939 1000/1/940
f 999/1/939 996/1/936 1000/1/940
f 1001/1/941 998/1/938 1002/1/942
f 1001/1/941 1002/1/942 1003/1/943
f 1004/1/944 998/1/938 1000/1/940
f 995/1/935 994/1/934 1005/1/945
f 997/1/937 996/1/936 999/1/939
f 995/1/935 1005/1/945 1006/1/946
f 1007/1/947 1008/1/948 1009/1/949
f 1007/1/947 1009/1/949 1010/1/950
f 1011/1/951 1012/1/952 1013/1/953
f 1011/1/951 1014/1/954 1012/1/952
f 1015/1/955 1013/1/953 1016/1/956
f 1017/1/957 1013/1/953 1015/1/955
f 1017/1/957 1011/1/951 1013/1/953
f 1018/1/958 1019/1/959 1020/1/960
f 1007/1/947 1021/1/961 1008/1/948
f 1022/1/962 1023/1/963 1024/1/964
f 1025/1/965 1026/1/966 1027/1/967
f 1025/1/965 1027/1/967 1028/1/280
f 1029/1/968 1019/1/959 1018/1/958
f 1030/1/969 1031/11/970 1032/1/971
f 1033/1/972 1034/1/973 1035/1/295
f 1033/1/972 1035/1/295 1036/1/296
f 1037/1/974 1038/1/975 1022/1/962
f 1022/1/962 1038/1/975 1023/1/963
f 1018/1/958 1020/1/960 1039/1/976
f 1022/1/962 1024/1/964 1040/1/977
f 1041/1/978 1042/1/979 1043/1/980
f 1044/1/981 1042/1/979 1041/1/978
f 1045/1/982 1040/1/977 1024/1/964
f 1046/1/983 1047/1/984 1038/1/975
f 1046/1/983 1038/1/975 1037/1/974
f 1030/1/969 1032/1/971 1048/1/985
f 1049/1/986 1046/1/983 1037/1/974
f 1050/1/987 1044/1/981 1041/1/978
f 1051/1/988 1037/1/974 1022/1/962
f 1002/1/942 998/1/938 1004/1/944
f 1008/1/948 1052/1/989 1009/1/949
f 1009/1/949 1012/1/952 1014/1/954
f 1009/1/949 1052/1/989 1012/1/952
f 1053/1/990 1054/1/991 1055/1/992
f 1056/1/993 1054/1/991 1053/1/990
f 1054/1/991 1056/1/993 1057/1/994
f 1058/1/995 1057/1/994 1059/1/996
f 1060/1/997 1061/1/998 1058/1/995
f 1057/1/994 1062/1/999 1059/1/996
f 1063/1/1000 1058/1/995 1059/1/996
f 1057/1/994 1056/1/993 1062/1/999
f 1055/1/992 1054/1/991 1064/1/1001
f 1065/1/1002 1066/1/1003 1067/1/1004
f 1068/1/1005 1066/1/1003 1065/1/1002
f 1069/1/1006 1070/1/1007 1071/1/1008
f 1072/1/1009 1073/1/1010 1074/1/1011
f 1075/1/1012 1076/1/1013 1066/1/1003
f 1075/1/1012 1066/1/1003 1068/1/1005
f 1071/1/1008 1070/1/1007 1077/1/1014
f 1078/1/1015 1079/1/1016 1080/1/1017
f 1078/1/1015 1081/1/1018 1079/1/1016
f 1080/1/1017 1079/1/1016 1082/1/1019
f 1083/1/343 1084/1/1020 1085/1/1021
f 1083/1/343 1085/1/1021 1086/1/1022
f 1087/1/1023 1088/1/1024 1073/1/1010
f 1087/1/1023 1073/1/1010 1072/1/1009
f 1089/1/1025 1081/1/1018 1078/1/1015
f 1090/1/1026 1091/1/1027 1092/1/1028
f 1090/1/1026 1092/1/1028 1093/1/1029
f 1082/1/1019 1079/1/1016 1094/1/1030
f 1072/1/1009 1074/1/1011 1095/1/1031
f 1082/1/1019 1094/1/1030 1096/1/1032
f 1082/1/1019 1096/1/1032 1097/1/1033
f 1098/1/1034 1099/1/1035 1100/10/1036
f 1098/1/1034 1100/10/1036 1101/1/1037
f 1102/1/1038 1097/1/1033 1096/1/1032
f 1102/1/1038 1096/1/1032 1103/1/1039
f 1104/1/1040 1105/1/1041 1106/1/1042
f 1104/1/1040 1106/1/1042 1107/1/1043
f 1108/1/1044 1089/1/1025 1078/1/1015
f 1060/1/997 1058/1/995 1063/1/1000
f 1069/1/1006 1071/1/1008 1109/1/1045
f 1110/1/1046 1077/1/1014 1070/1/1007
f 1110/1/1046 1067/1/1004 1077/1/1014
f 1067/1/1004 1066/1/1003 1077/1/1014
f 1111/1/1047 1112/1/1048 1113/1/1049
f 1114/1/1050 1112/1/1048 1111/1/1047
f 1115/1/1051 1114/1/1050 1116/1/1052
f 1117/1/1053 1118/1/1054 1119/1/1055
f 1120/1/1056 1118/1/1054 1121/1/1057
f 1119/1/1055 1116/1/1052 1117/1/1053
f 1115/1/1051 1112/1/1048 1114/1/1050
f 1122/1/1058 1118/1/1054 1117/1/1053
f 1119/1/1055 1115/1/1051 1116/1/1052
f 1113/1/1049 1112/1/1048 1123/1/1059
f 1124/1/1060 1125/1/1061 1126/1/1062
f 1124/1/1060 1126/1/1062 1127/1/1063
f 1128/1/1064 1129/1/1065 1130/1/1066
f 1131/1/1067 1128/1/1064 1132/1/1068
f 1133/1/1069 1129/1/1065 1128/1/1064
f 1129/1/1065 1134/1/1070 1130/1/1066
f 1135/1/1071 1136/1/1072 1137/1/1073
f 1136/1/1072 1138/1/1074 1137/1/1073
f 1139/1/1075 1140/1/1076 1141/1/1077
f 1139/1/1075 1141/1/1077 1142/1/1078
f 1135/1/1071 1137/1/1073 1143/1/1079
f 1144/1/1080 1145/1/1081 1146/1/1082
f 1144/1/1080 1146/1/1082 1147/1/1083
f 1148/1/1084 1149/1/1085 1150/1/1086
f 1151/1/1087 1152/1/1088 1138/1/1074
f 1153/1/1089 1143/1/1079 1154/1/1090
f 1148/1/1084 1155/1/1091 1149/1/1085
f 1156/1/1092 1157/1/1093 1158/1/1094
f 1159/1/1095 1160/1/1096 1161/1/1097
f 1159/1/1095 1161/1/1097 1162/1/1098
f 1135/1/1071 1143/1/1079 1153/1/1089
f 1147/1/1083 1146/1/1082 1163/1/1099
f 1147/1/1083 1163/1/1099 1164/1/1100
f 1154/1/1090 1143/1/1079 1165/1/1101
f 1166/1/1102 1157/1/1093 1167/1/1103
f 1158/1/1094 1157/1/1093 1166/1/1102
f 1154/1/1090 1165/1/1101 1168/1/1104
f 1151/1/1087 1138/1/1074 1136/1/1072
f 1150/1/1086 1149/1/1085 1169/1/1105
f 1121/1/1057 1118/1/1054 1122/1/1058
f 1133/1/1069 1128/1/1064 1131/1/1067
f 1099/1/1035 1098/1/1034 1170/1/1106
f 1126/1/1062 1134/1/1070 1171/10/1107
f 1171/10/1107 1134/1/1070 1129/1/1065
f 1134/1/1070 1126/1/1062 1125/1/1061
f 1131/1/1067 1132/1/1068 1172/1/1108
f 1173/1/1109 1064/1/1001 1054/1/991
f 1174/1/1110 1125/1/1061 1124/1/1060
f 1174/1/1110 1124/1/1060 1175/1/1111
f 1168/1/1104 1176/1/1112 1154/1/1090
f 1151/1/1087 1177/1/1113 1152/1/1088
f 1178/1/1114 1123/1/1059 1112/1/1048
f 1179/1/1115 1169/1/1105 1149/1/1085
f 1042/1/979 1044/1/981 1180/1/1116
f 1045/1/982 1024/1/964 1181/1/1117
f 1021/1/961 1007/1/947 1182/1/1118
f 1032/1/971 1183/1/1119 1048/1/985
f 1184/1/1120 1183/1/1119 1032/1/971
f 1184/1/1120 1185/1/1121 1183/1/1119
f 1170/1/1106 1185/1/1121 1184/1/1120
f 1170/1/1106 1098/1/1034 1185/1/1121
f 977/1/918 1186/1/1122 988/1/928
f 1016/1/956 1187/1/1123 1188/1/1124
f 1016/1/956 1188/1/1124 1015/1/955
f 1047/1/984 1046/1/983 1189/1/1125
f 1189/1/1125 1103/1/1039 1047/1/984
f 1190/1/1126 1047/1/984 1103/1/1039
f 1103/1/1039 1189/1/1125 1102/1/1038
f 1001/1/941 1191/1/1127 1192/11/1128
f 1001/1/941 1003/1/943 1191/1/1127
f 1193/1/1129 1186/1/1122 977/1/918
f 1194/1/1130 1195/1/1131 1186/1/1122
f 1194/1/1130 1186/1/1122 1193/1/1129
f 1180/1/1116 1044/1/981 1195/1/1131
f 1180/1/1116 1195/1/1131 1194/1/1130
f 986/1/926 982/1/922 1196/1/1132
f 948/1/890 1197/1/1133 946/1/888
f 1198/1/1134 1197/1/1133 948/1/890
f 941/1/883 1199/1/1135 1200/1/1136
f 959/1/901 1201/1/1137 973/1/914
f 973/1/914 1201/1/1137 1181/1/1117
f 1181/1/1117 1201/1/1137 1045/1/982
f 959/1/901 1202/1/1138 1201/1/1137
f 941/1/883 945/1/887 1199/1/1135
f 1200/1/1136 1199/1/1135 1203/1/1139
f 1200/1/1136 1203/1/1139 1204/1/1140
f 1172/1/1108 1132/1/1068 1205/1/1141
f 987/1/927 1206/1/1142 985/1/925
f 1207/1/1143 1177/1/1113 1206/1/1142
f 1207/1/1143 1206/1/1142 987/1/927
f 1152/1/1088 1177/1/1113 1207/1/1143
f 938/1/880 937/1/879 1208/1/1144
f 938/1/880 1208/1/1144 1209/1/1145
f 1210/1/1146 1211/1/1147 1120/1/1056
f 1211/1/1147 1210/1/1146 1212/1/1148
f 1210/1/1146 1120/1/1056 1121/1/1057
f 986/1/926 1196/1/1132 1213/1/1149
f 1213/1/1149 1196/1/1132 1214/1/1150
f 1213/1/1149 1214/1/1150 1179/1/1115
f 1169/1/1105 1179/1/1115 1214/1/1150
f 1106/1/1042 1215/1/1151 1107/1/1043
f 1216/10/1152 958/1/900 951/1/893
f 1172/1/1108 1205/1/1141 1217/1/1153
f 1061/1/998 1060/1/997 1218/1/1154
f 1061/1/998 1218/1/1154 1219/1/1155
f 1219/1/1155 1218/1/1154 1220/1/1156
f 1219/1/1155 1220/1/1156 1221/1/1157
f 1222/1/1158 1109/1/1045 1071/1/1008
f 1089/1/1025 1223/1/1159 1081/1/1018
f 1089/1/1025 1176/1/1112 1223/1/1159
f 1176/1/1112 1168/1/1104 1223/1/1159
f 950/1/892 990/1/930 947/1/889
f 1222/1/1158 1224/1/1160 1109/1/1045
f 1225/11/1161 1224/1/1160 1222/1/1158
f 1226/1/1162 1215/1/1151 1106/1/1042
f 1227/1/1163 1215/1/1151 1226/1/1162
f 1227/1/1163 1228/1/1164 1215/1/1151
f 1157/1/1093 1156/1/1092 1227/1/1163
f 1227/1/1163 1156/1/1092 1228/1/1164
f 1229/242/1165 1230/243/1166 1231/244/1167
f 1229/242/1165 1231/244/1167 1232/245/1168
f 1233/246/1169 1231/244/1167 1230/243/1166
f 1234/247/1170 1235/248/1171 1236/249/1172
f 1234/247/1170 1236/249/1172 1231/244/1167
f 1234/247/1170 1231/244/1167 1233/246/1169
f 1237/250/1173 1236/249/1172 1235/248/1171
f 1238/251/1174 1239/252/1175 1240/253/1176
f 1238/251/1174 1240/253/1176 1236/249/1172
f 1238/251/1174 1236/249/1172 1237/250/1173
f 1239/252/1175 1241/254/1177 1242/27/1178
f 1239/252/1175 1242/27/1178 1240/253/1176
f 1243/255/1179 1244/256/1180 1245/31/1181
f 1243/255/1179 1245/31/1181 1246/257/1182
f 1247/258/1183 1248/259/1184 1244/256/1180
f 1247/258/1183 1244/256/1180 1243/255/1179
f 1249/260/1185 1250/261/1186 1248/259/1184
f 1249/260/1185 1248/259/1184 1247/258/1183
f 1251/262/1187 1252/263/1188 1250/261/1186
f 1251/262/1187 1250/261/1186 1249/260/1185
f 1253/264/1189 1254/265/1190 1250/261/1186
f 1253/264/1189 1250/261/1186 1252/263/1188
f 1229/242/1165 1232/245/1168 1255/266/1191
f 1255/266/1191 1232/245/1168 1254/265/1190
f 1255/266/1191 1254/265/1190 1253/264/1189
f 1256/267/1192 1257/268/1193 1229/242/1165
f 1257/268/1193 1230/243/1166 1229/242/1165
f 1258/269/1194 1234/247/1170 1233/246/1169
f 1238/251/1174 1259/270/1195 1239/252/1175
f 1259/270/1195 1260/271/1196 1239/252/1175
f 1260/271/1196 1241/254/1177 1239/252/1175
f 1261/272/1197 1247/258/1183 1243/255/1179
f 1252/263/1188 1262/273/1198 1253/264/1189
f 1262/273/1198 1256/267/1192 1255/266/1191
f 1262/273/1198 1255/266/1191 1253/264/1189
f 1256/267/1192 1229/242/1165 1255/266/1191
f 1230/243/1166 1258/269/1194 1233/246/1169
f 1263/274/1199 1238/251/1174 1237/250/1173
f 1260/271/1196 1264/275/1200 1241/254/1177
f 1265/276/1201 1266/277/1202 1256/267/1192
f 1266/277/1202 1230/243/1166 1257/268/1193
f 1256/267/1192 1266/277/1202 1257/268/1193
f 1266/277/1202 1258/269/1194 1230/243/1166
f 1267/278/1203 1263/274/1199 1237/250/1173
f 1235/248/1171 1267/278/1203 1237/250/1173
f 1263/274/1199 1268/279/1204 1238/251/1174
f 1268/279/1204 1259/270/1195 1238/251/1174
f 1269/280/1205 1261/272/1197 1243/255/1179
f 1246/257/1182 1269/280/1205 1243/255/1179
f 1270/281/1206 1271/282/1207 1247/258/1183
f 1261/272/1197 1270/281/1206 1247/258/1183
f 1271/282/1207 1272/283/1208 1249/260/1185
f 1271/282/1207 1249/260/1185 1247/258/1183
f 1272/283/1208 1251/262/1187 1249/260/1185
f 1252/263/1188 1273/284/1209 1262/273/1198
f 1273/284/1209 1265/276/1201 1256/267/1192
f 1273/284/1209 1256/267/1192 1262/273/1198
f 1266/277/1202 1274/285/1210 1258/269/1194
f 1274/285/1210 1275/286/1211 1234/247/1170
f 1274/285/1210 1234/247/1170 1258/269/1194
f 1275/286/1211 1235/248/1171 1234/247/1170
f 1269/280/1205 1270/281/1206 1261/272/1197
f 1276/287/1212 1269/280/1205 1246/257/1182
f 1272/283/1208 1277/288/1213 1251/262/1187
f 1277/288/1213 1278/289/1214 1251/262/1187
f 1251/262/1187 1278/289/1214 1252/263/1188
f 1278/289/1214 1273/284/1209 1252/263/1188
f 1279/290/1215 1280/291/1216 1265/276/1201
f 1265/276/1201 1280/291/1216 1266/277/1202
f 1280/291/1216 1274/285/1210 1266/277/1202
f 1268/279/1204 1281/292/1217 1259/270/1195
f 1281/292/1217 1260/271/1196 1259/270/1195
f 1281/292/1217 1264/275/1200 1260/271/1196
f 1278/289/1214 1282/293/1218 1273/284/1209
f 1282/293/1218 1283/294/1219 1273/284/1209
f 1283/294/1219 1265/276/1201 1273/284/1209
f 1283/294/1219 1279/290/1215 1265/276/1201
f 1280/291/1216 1284/295/1220 1274/285/1210
f 1284/295/1220 1285/296/1221 1274/285/1210
f 1285/296/1221 1275/286/1211 1274/285/1210
f 1275/286/1211 1286/297/1222 1235/248/1171
f 1267/278/1203 1287/298/1223 1263/274/1199
f 1286/297/1222 1267/278/1203 1235/248/1171
f 1287/298/1223 1268/279/1204 1263/274/1199
f 1281/292/1217 1288/299/1224 1264/275/1200
f 1269/280/1205 1289/300/1225 1270/281/1206
f 1289/300/1225 1290/301/1226 1271/282/1207
f 1289/300/1225 1271/282/1207 1270/281/1206
f 1279/290/1215 1291/302/1227 1280/291/1216
f 1291/302/1227 1284/295/1220 1280/291/1216
f 1286/297/1222 1287/298/1223 1267/278/1203
f 1287/298/1223 1292/303/1228 1268/279/1204
f 1292/303/1228 1281/292/1217 1268/279/1204
f 1293/304/1229 1289/300/1225 1269/280/1205
f 1294/305/1230 1293/304/1229 1269/280/1205
f 1294/305/1230 1269/280/1205 1276/287/1212
f 1290/301/1226 1295/306/1231 1271/282/1207
f 1295/306/1231 1272/283/1208 1271/282/1207
f 1277/288/1213 1296/307/1232 1278/289/1214
f 1282/293/1218 1297/308/1233 1283/294/1219
f 1296/307/1232 1282/293/1218 1278/289/1214
f 1297/308/1233 1279/290/1215 1283/294/1219
f 1298/309/1234 1290/301/1226 1289/300/1225
f 1299/310/1235 1300/311/1236 1279/290/1215
f 1279/290/1215 1300/311/1236 1291/302/1227
f 1300/311/1236 1284/295/1220 1291/302/1227
f 1285/296/1221 1286/297/1222 1275/286/1211
f 1292/303/1228 1301/312/1237 1281/292/1217
f 1302/313/1238 1292/303/1228 1287/298/1223
f 1303/314/1239 1304/315/1240 1288/299/1224
f 1303/314/1239 1288/299/1224 1281/292/1217
f 1301/312/1237 1303/314/1239 1281/292/1217
f 1305/316/1241 1293/304/1229 1294/305/1230
f 1272/283/1208 1296/307/1232 1277/288/1213
f 1306/317/1242 1307/318/1243 1297/308/1233
f 1306/317/1242 1297/308/1233 1282/293/1218
f 1296/307/1232 1306/317/1242 1282/293/1218
f 1307/318/1243 1299/310/1235 1279/290/1215
f 1307/318/1243 1279/290/1215 1297/308/1233
f 1300/311/1236 1308/319/1244 1284/295/1220
f 1308/319/1244 1309/320/1245 1285/296/1221
f 1308/319/1244 1285/296/1221 1284/295/1220
f 1309/320/1245 1286/297/1222 1285/296/1221
f 1310/321/1246 1311/322/1247 1289/300/1225
f 1310/321/1246 1289/300/1225 1293/304/1229
f 1305/316/1241 1310/321/1246 1293/304/1229
f 1298/309/1234 1312/323/1248 1290/301/1226
f 1311/322/1247 1298/309/1234 1289/300/1225
f 1312/323/1248 1295/306/1231 1290/301/1226
f 1295/306/1231 1313/324/1249 1272/283/1208
f 1313/324/1249 1296/307/1232 1272/283/1208
f 1314/325/1250 1306/317/1242 1296/307/1232
f 1299/310/1235 1315/326/1251 1300/311/1236
f 1315/326/1251 1308/319/1244 1300/311/1236
f 1286/297/1222 1316/327/1252 1287/298/1223
f 1316/327/1252 1302/313/1238 1287/298/1223
f 1306/317/1242 1317/328/1253 1307/318/1243
f 1317/328/1253 1299/310/1235 1307/318/1243
f 1309/320/1245 1318/329/1254 1286/297/1222
f 1318/329/1254 1319/330/1255 1286/297/1222
f 1316/327/1252 1320/331/1256 1302/313/1238
f 1319/330/1255 1316/327/1252 1286/297/1222
f 1320/331/1256 1321/332/1257 1292/303/1228
f 1320/331/1256 1292/303/1228 1302/313/1238
f 1321/332/1257 1301/312/1237 1292/303/1228
f 1311/322/1247 1322/333/1258 1298/309/1234
f 1322/333/1258 1312/323/1248 1298/309/1234
f 1323/334/1259 1314/325/1250 1296/307/1232
f 1313/324/1249 1323/334/1259 1296/307/1232
f 1324/335/1260 1325/336/1261 1299/310/1235
f 1299/310/1235 1325/336/1261 1315/326/1251
f 1325/336/1261 1308/319/1244 1315/326/1251
f 1321/332/1257 1326/337/1262 1301/312/1237
f 1327/338/1263 1328/339/1264 1304/315/1240
f 1327/338/1263 1304/315/1240 1303/314/1239
f 1326/337/1262 1327/338/1263 1303/314/1239
f 1326/337/1262 1303/314/1239 1301/312/1237
f 1329/340/1265 1310/321/1246 1305/316/1241
f 1330/341/1266 1313/324/1249 1295/306/1231
f 1312/323/1248 1330/341/1266 1295/306/1231
f 1331/342/1267 1317/328/1253 1306/317/1242
f 1314/325/1250 1331/342/1267 1306/317/1242
f 1317/328/1253 1324/335/1260 1299/310/1235
f 1325/336/1261 1332/343/1268 1308/319/1244
f 1332/343/1268 1318/329/1254 1309/320/1245
f 1332/343/1268 1309/320/1245 1308/319/1244
f 1333/344/1269 1311/322/1247 1310/321/1246
f 1329/340/1265 1333/344/1269 1310/321/1246
f 1322/333/1258 1330/341/1266 1312/323/1248
f 1333/344/1269 1322/333/1258 1311/322/1247
f 1323/334/1259 1331/342/1267 1314/325/1250
f 1331/342/1267 1324/335/1260 1317/328/1253
f 1323/334/1259 1334/345/1270 1331/342/1267
f 1334/345/1270 1324/335/1260 1331/342/1267
f 1335/346/1271 1336/347/1272 1337/348/1273
f 1335/346/1271 1332/343/1268 1336/347/1272
f 1338/349/603 1332/343/1268 1335/346/1271
f 1338/349/603 1339/350/1274 1318/329/1254
f 1338/349/603 1318/329/1254 1332/343/1268
f 1339/350/1274 1340/351/1275 1319/330/1255
f 1339/350/1274 1319/330/1255 1318/329/1254
f 1341/352/1276 1316/327/1252 1319/330/1255
f 1341/352/1276 1319/330/1255 1340/351/1275
f 1341/352/1276 1320/331/1256 1316/327/1252
f 1342/353/1277 1321/332/1257 1320/331/1256
f 1342/353/1277 1320/331/1256 1341/352/1276
f 1342/353/1277 1343/354/608 1326/337/1262
f 1342/353/1277 1326/337/1262 1321/332/1257
f 1343/354/608 1327/338/1263 1326/337/1262
f 1343/354/608 1344/355/1278 1328/339/1264
f 1343/354/608 1328/339/1264 1327/338/1263
f 1345/356/1279 1333/344/1269 1329/340/1265
f 1345/356/1279 1329/340/1265 1346/357/611
f 1347/358/1280 1322/333/1258 1333/344/1269
f 1347/358/1280 1333/344/1269 1345/356/1279
f 1347/358/1280 1348/359/1281 1330/341/1266
f 1347/358/1280 1330/341/1266 1322/333/1258
f 1348/359/1281 1349/360/614 1313/324/1249
f 1348/359/1281 1313/324/1249 1330/341/1266
f 1350/361/1282 1323/334/1259 1313/324/1249
f 1350/361/1282 1313/324/1249 1349/360/614
f 1351/362/1283 1334/345/1270 1323/334/1259
f 1351/362/1283 1323/334/1259 1350/361/1282
f 1351/362/1283 1352/363/1284 1334/345/1270
f 1352/363/1284 1324/335/1260 1334/345/1270
f 1336/347/1272 1332/343/1268 1325/336/1261
f 1324/335/1260 1336/347/1272 1325/336/1261
f 1353/364/1285 1354/365/1286 1355/366/1287
f 1355/366/1287 1356/141/1288 1357/367/622
f 1357/367/622 1358/146/1289 1359/368/627
f 1359/368/627 1360/369/1290 1361/370/1291
f 1361/370/1291 1362/371/1292 1363/372/1293
f 1363/372/1293 1364/152/1294 1365/373/1295
f 1365/373/1295 1366/374/1296 1367/375/1297
f 1368/376/1298 1353/364/1285 1367/375/1297
f 1352/363/1284 1337/348/1273 1336/347/1272
f 1352/363/1284 1336/347/1272 1324/335/1260
f 1357/367/622 1356/141/1288 1369/155/1299
f 1370/377/1300 1368/376/1298 1367/375/1297
f 1368/376/1298 1371/156/1301 1353/364/1285
f 1367/375/1297 1366/374/1296 1372/154/1302
f 1361/370/1291 1360/369/1290 1373/157/1303
f 1354/365/1286 1353/364/1285 1374/158/1304
f 1358/146/1289 1357/367/622 1375/160/1305
f 1362/371/1292 1361/370/1291 1376/161/1306
f 1377/378/1307 1378/163/1308 1367/375/1297
f 1378/163/1308 1379/164/1309 1367/375/1297
f 1380/165/1310 1381/166/646 1361/370/1291
f 1381/166/646 1382/167/1311 1359/368/627
f 1381/166/646 1359/368/627 1361/370/1291
f 1383/168/1312 1384/169/1313 1355/366/1287
f 1384/169/1313 1385/170/1314 1355/366/1287
f 1367/375/1297 1353/364/1285 1377/378/1307
f 1353/364/1285 1386/171/1315 1387/172/1316
f 1377/378/1307 1353/364/1285 1387/172/1316
f 1379/164/1309 1388/173/1317 1365/373/1295
f 1379/164/1309 1365/373/1295 1367/375/1297
f 1388/173/1317 1389/174/1318 1365/373/1295
f 1382/167/1311 1390/175/1319 1359/368/627
f 1390/175/1319 1391/176/656 1359/368/627
f 1385/170/1314 1392/177/1320 1355/366/1287
f 1392/177/1320 1393/178/1321 1394/379/1322
f 1392/177/1320 1394/379/1322 1355/366/1287
f 1355/366/1287 1394/379/1322 1353/364/1285
f 1389/174/1318 1395/380/1323 1365/373/1295
f 1395/380/1323 1396/180/1324 1363/372/1293
f 1365/373/1295 1395/380/1323 1363/372/1293
f 1391/176/656 1397/181/661 1359/368/627
f 1397/181/661 1398/182/1325 1357/367/622
f 1397/181/661 1357/367/622 1359/368/627
f 1393/178/1321 1399/183/1326 1394/379/1322
f 1399/183/1326 1386/171/1315 1353/364/1285
f 1399/183/1326 1353/364/1285 1394/379/1322
f 1396/180/1324 1400/184/1327 1363/372/1293
f 1400/184/1327 1380/165/1310 1361/370/1291
f 1400/184/1327 1361/370/1291 1363/372/1293
f 1398/182/1325 1401/185/1328 1357/367/622
f 1401/185/1328 1383/168/1312 1355/366/1287
f 1401/185/1328 1355/366/1287 1357/367/622
f 753/239/731 749/235/727 1402/186/1329
f 753/239/731 1402/186/1329 1403/187/1330
f 1404/381/668 1405/382/669 1406/383/670
f 1404/381/668 1406/383/670 1407/384/1331
f 1408/385/672 1409/386/1332 1410/387/1333
f 1408/385/672 1410/387/1333 1411/388/675
f 1412/389/1334 1413/390/677 1414/391/1335
f 1412/389/1334 1414/391/1335 1415/392/679
f 752/238/730 751/237/729 1416/201/1336
f 752/238/730 1416/201/1336 1417/393/1337
f 1418/394/1338 1419/395/683 1405/382/669
f 1418/394/1338 1405/382/669 1404/381/668
f 1420/396/684 1421/397/1339 1422/398/1340
f 1420/396/684 1422/398/1340 1423/399/1341
f 1424/208/1342 1425/209/1343 754/240/732
f 1424/208/1342 754/240/732 753/239/731
f 1421/397/1339 1420/396/684 1407/384/1331
f 1421/397/1339 1407/384/1331 1406/383/670
f 1411/388/675 1410/387/1333 1426/400/690
f 1411/388/675 1426/400/690 1427/401/691
f 750/236/728 755/241/733 1428/213/1344
f 750/236/728 1428/213/1344 1429/214/1345
f 751/237/729 754/240/732 1430/226/1346
f 751/237/729 1430/226/1346 1431/402/1347
f 1432/403/1348 1433/404/1349 1415/392/679
f 1432/403/1348 1415/392/679 1414/391/1335
f 1423/399/1341 1422/398/1340 1434/405/1350
f 1423/399/1341 1434/405/1350 1435/406/698
f 749/235/727 748/234/726 1436/219/1351
f 749/235/727 1436/219/1351 1437/220/1352
f 755/241/733 752/238/730 1438/407/1353
f 755/241/733 1438/407/1353 1439/221/1354
f 1440/408/1355 1441/409/1356 1427/401/691
f 1440/408/1355 1427/401/691 1426/400/690
f 1442/410/704 1443/411/1357 1419/395/683
f 1442/410/704 1419/395/683 1418/394/1338
f 1443/411/1357 1442/410/704 1433/404/1349
f 1443/411/1357 1433/404/1349 1432/403/1348
f 1444/412/1358 1445/228/1359 1409/386/1332
f 1444/412/1358 1409/386/1332 1408/385/672
f 748/234/726 750/236/728 1446/229/1360
f 748/234/726 1446/229/1360 1447/230/1361
f 1448/413/711 1449/414/1362 1413/390/677
f 1448/413/711 1413/390/677 1412/389/1334
f 1449/414/1362 1448/413/711 1441/409/1356
f 1449/414/1362 1441/409/1356 1440/408/1355
f 1450/1/1363 1451/1/1364 1452/1/1365
f 1453/1/1366 1451/1/1364 1454/1/1367
f 1455/1/1368 1451/1/1364 1456/1/1369
f 1457/1/1370 1451/1/1364 1455/1/1368
f 1454/1/1367 1451/1/1364 1457/1/1370
f 1452/1/1365 1451/1/1364 1458/1/1371
f 1458/1/1371 1451/1/1364 1453/1/1366
f 1459/1/1372 1451/1/1364 1460/1/1373
f 1460/1/1373 1451/1/1364 1450/1/1363
f 1461/415/1374 1462/416/1375 1463/417/1376
f 1462/416/1375 1464/418/1377 1463/417/1376
f 1465/419/1378 1466/420/1379 1463/417/1376
f 1466/420/1379 1461/415/1374 1463/417/1376
f 1467/1/1380 1468/1/1381 1469/1/1382
f 1470/1/1383 1471/1/1384 1472/1/1385
f 1470/1/1383 1472/1/1385 1473/1/1386
f 1474/1/1387 1475/1/1388 1476/1/1389
f 1474/1/1387 1476/1/1389 1477/1/1390
f 1478/1/1391 1479/1/1392 1480/1/1393
f 1481/10/1394 1482/1/1395 1483/1/1396
f 1484/1/1397 1485/1/1398 1486/1/1399
f 1487/1/1400 1488/1/1401 1481/10/1394
f 1489/1/1402 1486/1/1399 1485/1/1398
f 1490/1/1403 1491/1/1404 1492/1/1405
f 1480/1/1393 1493/1/1406 1478/1/1391
f 1492/1/1405 1491/1/1404 1482/1/1395
f 1484/1/1397 1483/1/1396 1482/1/1395
f 1487/1/1400 1481/10/1394 1483/1/1396
f 1494/1/1407 1495/1/1408 1496/1/1409
f 1494/1/1407 1496/1/1409 1497/1/1410
f 1498/1/1411 1499/1/1412 1500/1/1413
f 1498/1/1411 1500/1/1413 1501/1/1414
f 1502/1/1415 1503/1/1416 1504/1/1417
f 1502/1/1415 1504/1/1417 1505/1/1418
f 1506/1/1419 1507/1/1420 1508/1/1421
f 1506/1/1419 1508/1/1421 1509/1/1422
f 1480/1/1393 1482/1/1395 1493/1/1406
f 1484/1/1397 1482/1/1395 1485/1/1398
f 1482/1/1395 1480/1/1393 1485/1/1398
f 1510/1/1423 1511/1/1424 1512/1/1425
f 1510/1/1423 1512/1/1425 1513/1/1426
f 1514/1/1427 1515/1/1428 1516/11/1429
f 1514/1/1427 1516/11/1429 1517/1/1430
f 1518/1/1431 1519/1/1432 1520/1/1433
f 1518/1/1431 1520/1/1433 1521/1/1434
f 1522/1/1435 1523/1/1436 1524/1/1437
f 1522/1/1435 1524/1/1437 1525/1/1438
f 1526/1/1439 1527/1/1440 1528/1/1441
f 1526/1/1439 1528/1/1441 1529/1/1442
f 1530/1/1443 1531/1/1444 1532/1/1445
f 1530/1/1443 1532/1/1445 1533/1/1446
f 1534/1/1447 1535/1/1448 1536/1/1449
f 1534/1/1447 1536/1/1449 1537/1/1450
f 1538/1/1451 1539/1/1452 1540/1/1453
f 1538/1/1451 1540/1/1453 1541/1/1454
f 1542/1/1455 1543/1/1456 1544/1/1457
f 1542/1/1455 1544/1/1457 1545/11/1458
f 1546/1/1459 1547/1/1460 1548/1/1461
f 1546/1/1459 1548/1/1461 1549/1/1462
f 1550/1/1463 1551/1/1464 1552/1/1465
f 1493/1/1406 1482/1/1395 1491/1/1404
f 1553/1/1466 1554/1/1467 1555/1/1468
f 1553/1/1466 1555/1/1468 1556/1/1469
f 1557/1/1470 1558/1/1471 1559/1/1472
f 1557/1/1470 1559/1/1472 1560/1/1473
f 1561/1/1474 1562/1/1475 1563/1/1476
f 1561/1/1474 1563/1/1476 1564/1/1477
f 1565/1/1478 1566/1/1479 1567/1/1480
f 1565/1/1478 1567/1/1480 1568/1/1481
f 1455/1/1368 1456/1/1369 1569/1/1482
f 1455/1/1368 1569/1/1482 1570/1/1483
f 1571/1/1484 1492/1/1405 1488/1/1401
f 1572/1/1485 1573/1/1486 1574/1/1487
f 1572/1/1485 1574/1/1487 1575/10/1488
f 1576/1/1489 1577/1/1490 1578/1/1491
f 1576/1/1489 1578/1/1491 1579/1/1492
f 1456/1/1369 1451/1/1364 1580/1/1493
f 1581/1/1494 1582/1/1495 1583/1/1496
f 1581/1/1494 1583/1/1496 1584/1/1497
f 1585/1/1498 1586/1/1499 1552/1/1465
f 1585/1/1498 1552/1/1465 1587/1/1500
f 1588/1/1501 1486/1/1399 1589/1/1502
f 1468/1/1381 1590/1/1503 1591/1/1504
f 1468/1/1381 1591/1/1504 1592/1/1505
f 1593/1/1506 1594/1/1507 1595/1/1508
f 1593/1/1506 1595/1/1508 1596/1/1509
f 1597/1/1510 1488/1/1401 1598/1/1511
f 1599/1/1512 1600/1/1513 1551/1/1464
f 1599/1/1512 1551/1/1464 1550/1/1463
f 1467/1/1380 1469/1/1382 1601/1/1514
f 1467/1/1380 1601/1/1514 1602/1/1515
f 1451/1/1364 1459/1/1372 1603/1/1516
f 1604/1/1517 1605/1/1518 1453/1/1366
f 1606/1/1519 1607/1/1520 1608/1/1521
f 1607/1/1520 1478/1/1391 1608/1/1521
f 1609/1/1522 1610/1/1523 1571/1/1484
f 1611/1/1524 1612/1/1525 1613/1/1526
f 1610/1/1523 1492/1/1405 1571/1/1484
f 1614/1/1527 1479/1/1392 1478/1/1391
f 1490/1/1403 1492/1/1405 1615/1/1528
f 1589/1/1502 1486/1/1399 1489/1/1402
f 1598/1/1511 1488/1/1401 1487/1/1400
f 1612/1/1525 1489/1/1402 1479/1/1392
f 1597/1/1510 1571/1/1484 1488/1/1401
f 1611/1/1524 1616/1/1529 1612/1/1525
f 1453/1/1366 1454/1/1367 1604/1/1517
f 1617/1/1530 1618/1/1531 1588/1/1501
f 1588/1/1501 1487/1/1400 1486/1/1399
f 1588/1/1501 1619/1/1532 1617/1/1530
f 1608/1/1521 1620/1/1533 1606/1/1519
f 1452/1/1365 1621/1/1534 1622/1/1535
f 1450/1/1363 1452/1/1365 1622/1/1535
f 1577/1/1490 1576/1/1489 1581/1/1494
f 1577/1/1490 1581/1/1494 1584/1/1497
f 1469/1/1382 1468/1/1381 1592/1/1505
f 1552/1/1465 1586/1/1499 1550/1/1463
f 1595/1/1508 1594/1/1507 1575/10/1488
f 1595/1/1508 1575/10/1488 1574/1/1487
f 1608/1/1521 1478/1/1391 1490/1/1403
f 1614/1/1527 1613/1/1526 1479/1/1392
f 1487/1/1400 1588/1/1501 1618/1/1531
f 1598/1/1511 1487/1/1400 1618/1/1531
f 1589/1/1502 1489/1/1402 1612/1/1525
f 1492/1/1405 1610/1/1523 1615/1/1528
f 1478/1/1391 1607/1/1520 1614/1/1527
f 1615/1/1528 1608/1/1521 1490/1/1403
f 1479/1/1392 1613/1/1526 1612/1/1525
f 1623/11/1536 1624/1/1537 1625/1/1538
f 1626/1/1539 1624/1/1537 1623/11/1536
f 1627/1/1540 1626/1/1539 1628/1/1541
f 1629/1/1542 1630/1/1543 1631/1/1544
f 1627/1/1540 1628/1/1541 1631/1/1544
f 1631/1/1544 1628/1/1541 1629/1/1542
f 1624/1/1537 1626/1/1539 1627/1/1540
f 1632/1/1545 1629/1/1542 1633/1/1546
f 1634/1/1547 1635/1/1548 1636/1/1549
f 1637/1/1550 1635/1/1548 1634/1/1547
f 1638/1/1551 1639/1/1552 1640/1/1553
f 1641/1/1554 1642/1/1555 1639/1/1552
f 1641/1/1554 1639/1/1552 1638/1/1551
f 1637/1/1550 1643/1/1556 1635/1/1548
f 1644/1/1557 1645/1/1558 1646/1/1559
f 1647/1/1560 1648/1/1561 1646/1/1559
f 1647/1/1560 1646/1/1559 1645/1/1558
f 1649/1/1562 1650/1/1563 1651/1/1564
f 1649/1/1562 1651/1/1564 1652/1/1565
f 1644/1/1557 1646/1/1559 1653/1/1566
f 1654/1/1567 1655/1/1568 1656/1/1569
f 1654/1/1567 1656/1/1569 1657/1/1570
f 1658/1/1571 1659/1/1572 1660/1/1573
f 1647/1/1560 1661/1/1574 1648/1/1561
f 1662/1/1575 1653/1/1566 1663/1/1576
f 1644/1/1557 1653/1/1566 1662/1/1575
f 1658/1/1571 1664/1/1577 1659/1/1572
f 1665/1/1578 1666/1/1579 1667/1/1580
f 1665/1/1578 1667/1/1580 1668/1/1581
f 1662/1/1575 1663/1/1576 1669/1/1582
f 1657/1/1570 1656/1/1569 1670/1/1583
f 1657/1/1570 1670/1/1583 1671/1/1584
f 1672/1/1585 1673/1/1586 1674/1/1587
f 1675/1/1588 1673/1/1586 1672/1/1585
f 1676/1/1589 1669/1/1582 1663/1/1576
f 1632/1/1545 1630/1/1543 1629/1/1542
f 1636/1/1549 1677/1/1590 1678/1/1591
f 1678/1/1591 1679/1/1592 1642/1/1555
f 1678/1/1591 1677/1/1590 1679/1/1592
f 1677/1/1590 1636/1/1549 1635/1/1548
f 1642/1/1555 1679/1/1592 1639/1/1552
f 1680/1/1593 1681/1/1594 1682/1/1595
f 1683/1/1596 1681/1/1594 1680/1/1593
f 1681/1/1594 1683/1/1596 1684/1/1597
f 1685/1/1598 1686/1/1599 1687/1/1600
f 1685/1/1598 1687/1/1600 1688/1/1601
f 1688/1/1601 1687/1/1600 1689/1/1602
f 1684/1/1597 1683/1/1596 1690/1/1603
f 1682/1/1595 1681/1/1594 1691/1/1604
f 1692/1/1605 1693/1/1606 1694/1/1607
f 1695/1/1608 1693/1/1606 1692/1/1605
f 1696/1/1609 1697/1/1610 1698/1/1611
f 1699/1/1612 1700/1/1613 1701/1/1614
f 1702/1/1615 1696/1/1609 1700/1/1613
f 1702/1/1615 1700/1/1613 1699/1/1612
f 1695/1/1608 1703/1/1616 1693/1/1606
f 1704/1/1617 1705/1/1618 1706/1/1619
f 1707/1/1620 1708/1/1621 1709/1/1622
f 1710/1/1623 1711/1/1624 1708/1/1621
f 1712/1/1625 1713/1/1626 1714/1/1627
f 1712/1/1625 1714/1/1627 1715/1/1628
f 1708/1/1621 1711/1/1624 1709/1/1622
f 1716/1/1629 1705/1/1618 1717/1/1630
f 1718/1/1631 1719/1/1632 1720/1/1633
f 1721/1/1634 1722/1/1635 1723/1/1636
f 1724/1/1637 1721/1/1634 1723/1/1636
f 1707/1/1620 1709/1/1622 1725/1/1638
f 1718/1/1631 1726/10/1639 1719/1/1632
f 1727/10/1640 1728/1/1641 1729/1/1642
f 1727/10/1640 1729/1/1642 1730/1/1643
f 1717/1/1630 1705/1/1618 1704/1/1617
f 1731/1/1644 1732/1/1645 1733/1/1646
f 1734/1/1647 1732/1/1645 1731/1/1644
f 1707/1/1620 1725/1/1638 1735/1/1648
f 1724/1/1637 1723/1/1636 1711/1/1624
f 1724/1/1637 1711/1/1624 1710/1/1623
f 1736/1/1649 1734/1/1647 1731/1/1644
f 1687/1/1600 1684/1/1597 1690/1/1603
f 1687/1/1600 1690/1/1603 1689/1/1602
f 1694/1/1607 1698/1/1611 1697/1/1610
f 1698/1/1611 1694/1/1607 1693/1/1606
f 1696/1/1609 1698/1/1611 1700/1/1613
f 1737/1/1650 1738/1/1651 1739/1/1652
f 1740/1/1653 1738/1/1651 1737/1/1650
f 1738/1/1651 1740/1/1653 1741/1/1654
f 1742/1/1655 1743/1/1656 1744/1/1657
f 1745/1/1658 1743/1/1656 1746/1/1659
f 1747/1/1660 1743/1/1656 1745/1/1658
f 1744/1/1657 1748/1/1661 1742/1/1655
f 1746/1/1659 1743/1/1656 1742/1/1655
f 1744/1/1657 1741/1/1654 1740/1/1653
f 1744/1/1657 1740/1/1653 1748/1/1661
f 1739/1/1652 1738/1/1651 1749/1/1662
f 1750/1/1663 1751/1/1664 1752/1/1665
f 1753/1/1666 1754/1/1667 1755/1/1668
f 1756/1/1669 1754/1/1667 1753/1/1666
f 1757/1/1670 1758/1/1671 1759/1/1672
f 1760/1/1673 1757/1/1670 1759/1/1672
f 1760/1/1673 1759/1/1672 1761/1/1674
f 1756/1/1669 1762/1/1675 1754/1/1667
f 1763/1/1676 1764/1/1677 1765/1/1678
f 1766/1/1679 1767/1/1680 1768/1/1681
f 1769/1/1682 1770/1/1683 1771/1/1684
f 1769/1/1682 1771/1/1684 1772/1/1685
f 1765/1/1678 1764/1/1677 1767/1/1680
f 1773/1/1686 1774/1/1687 1763/1/1676
f 1775/1/1688 1776/1/1689 1777/1/1690
f 1775/1/1688 1777/1/1690 1778/1/1691
f 1779/1/1692 1780/1/1693 1781/1/1694
f 1773/1/1686 1782/1/1695 1774/1/1687
f 1779/1/1692 1783/1/1696 1780/1/1693
f 1784/1/1697 1785/1/1698 1786/1/1699
f 1787/1/1700 1788/1/1701 1789/1/1702
f 1787/1/1700 1789/1/1702 1790/1/1703
f 1765/1/1678 1767/1/1680 1766/1/1679
f 1766/1/1679 1768/1/1681 1791/1/1704
f 1778/1/1691 1777/1/1690 1792/1/1567
f 1778/1/1691 1792/1/1567 1793/1/1705
f 1794/1/1706 1785/1/1698 1795/1/1707
f 1786/1/1699 1785/1/1698 1794/1/1706
f 1791/1/1704 1768/1/1681 1796/1/1708
f 1763/1/1676 1774/1/1687 1764/1/1677
f 1755/1/1668 1758/1/1671 1797/1/1709
f 1797/1/1709 1758/1/1671 1757/1/1670
f 1758/1/1671 1755/1/1668 1754/1/1667
f 1798/1/1710 1799/1/1711 1800/1/1712
f 1751/1/1664 1750/1/1663 1801/1/1713
f 1751/1/1664 1801/1/1713 1802/1/1714
f 1752/1/1665 1751/1/1664 1803/1/1715
f 1804/1/1716 1805/1/1717 1806/1/1718
f 1807/1/1719 1805/1/1717 1808/1/1720
f 1806/1/1718 1803/1/1715 1804/1/1716
f 1806/1/1718 1752/1/1665 1803/1/1715
f 1809/1/1721 1805/1/1717 1804/1/1716
f 1801/1/1713 1750/1/1663 1810/1/1722
f 1811/1/1723 1812/1/1724 1813/1/1725
f 1811/1/1723 1813/1/1725 1814/1/1726
f 1815/1/1727 1800/1/1712 1816/1/1728
f 1817/1/1729 1800/1/1712 1815/1/1727
f 1817/1/1729 1798/1/1710 1800/1/1712
f 1811/1/1723 1818/1/1730 1812/1/1724
f 1813/1/1725 1812/1/1724 1819/1/1731
f 1820/1/1732 1821/1/1733 1822/1/1734
f 1823/1/1735 1821/1/1733 1820/1/1732
f 1820/1/1732 1822/1/1734 1824/1/1736
f 1825/1/1737 1826/1/1738 1827/1/1739
f 1825/1/1737 1827/1/1739 1828/10/1740
f 1829/1/1741 1830/1/1742 1831/1/1743
f 1829/1/1741 1831/1/1743 1832/1/1744
f 1833/1/1745 1834/1/1746 1835/1/1747
f 1824/1/1736 1822/1/1734 1836/1/1748
f 1837/1/1749 1838/1/1750 1839/1/1751
f 1840/1/1752 1841/1/1753 1842/1/1754
f 1843/1/1755 1844/1/1756 1845/1/1757
f 1843/1/1755 1845/1/1757 1846/1/1758
f 1832/1/1744 1831/1/1743 1847/1/1759
f 1832/1/1744 1847/1/1759 1848/1/1760
f 1849/1/1761 1842/1/1754 1850/1/1762
f 1824/1/1736 1836/1/1748 1851/1/1763
f 1840/1/1752 1842/1/1754 1849/1/1761
f 1852/1/1764 1839/1/1751 1853/1/1765
f 1823/1/1735 1835/1/1747 1821/1/1733
f 1833/1/1745 1835/1/1747 1823/1/1735
f 1837/1/1749 1839/1/1751 1852/1/1764
f 1808/1/1720 1805/1/1717 1809/1/1721
f 1785/1/1698 1784/1/1697 1854/1/1766
f 1813/1/1725 1799/1/1711 1855/1/1767
f 1855/1/1767 1799/1/1711 1798/1/1710
f 1813/1/1725 1819/1/1731 1799/1/1711
f 1856/1/1768 1749/1/1662 1738/1/1651
f 1762/1/1675 1756/1/1669 1857/1/1769
f 1841/1/1753 1840/1/1752 1858/1/1770
f 1859/1/1771 1853/1/1765 1839/1/1751
f 1818/1/1730 1811/1/1723 1860/1/1772
f 1861/1/1773 1862/1/1774 1851/1/1763
f 1861/1/1773 1851/1/1763 1836/1/1748
f 1863/1/1775 1810/1/1722 1750/1/1663
f 1815/1/1727 1816/1/1728 1864/1/1776
f 1732/1/1645 1734/1/1647 1865/1/1777
f 1625/1/1538 1624/1/1537 1866/1/1778
f 1867/10/1779 1691/1/1604 1681/1/1594
f 1868/1/1780 1703/1/1616 1695/1/1608
f 1868/1/1780 1695/1/1608 1869/1/1781
f 1870/1/1782 1640/1/1553 1639/1/1552
f 1871/1/1783 1872/1/1784 1720/1/1633
f 1871/1/1783 1720/1/1633 1719/1/1632
f 1871/1/1783 1784/1/1697 1872/1/1784
f 1854/1/1766 1784/1/1697 1871/1/1783
f 1701/1/1614 1873/1/1785 1699/1/1612
f 1701/1/1614 1874/1/1786 1873/1/1785
f 1721/1/1634 1875/1/1787 1722/1/1635
f 1722/1/1635 1875/1/1787 1876/1/1788
f 1876/1/1788 1875/1/1787 1791/1/1704
f 1791/1/1704 1796/1/1708 1876/1/1788
f 1875/1/1787 1877/1/1789 1791/1/1704
f 1878/1/1790 1686/1/1599 1685/1/1598
f 1878/1/1790 1685/1/1598 1879/1/1791
f 1880/1/1792 1878/1/1790 1879/1/1791
f 1881/1/1793 1882/1/1794 1660/1/1573
f 1881/1/1793 1660/1/1573 1659/1/1572
f 1865/1/1777 1883/1/1795 1881/1/1793
f 1881/1/1793 1883/1/1795 1882/1/1794
f 1865/1/1777 1734/1/1647 1883/1/1795
f 1673/1/1586 1675/1/1588 1884/1/1796
f 1885/1/1797 1886/1/1798 1640/1/1553
f 1870/1/1782 1885/1/1797 1640/1/1553
f 1647/1/1560 1887/1/1799 1661/1/1574
f 1661/1/1574 1887/1/1799 1735/1/1648
f 1735/1/1648 1887/1/1799 1888/1/1800
f 1735/1/1648 1888/1/1800 1707/1/1620
f 1630/1/1543 1632/1/1545 1889/1/1801
f 1630/1/1543 1889/1/1801 1890/1/1802
f 1890/1/1802 1889/1/1801 1891/1/1803
f 1891/1/1803 1889/1/1801 1892/1/1804
f 1676/1/1589 1663/1/1576 1893/1/1805
f 1834/1/1746 1676/1/1589 1893/1/1805
f 1894/1/1806 1834/1/1746 1893/1/1805
f 1833/1/1745 1676/1/1589 1834/1/1746
f 1866/1/1778 1624/1/1537 1895/1/1807
f 1896/1/1808 1897/1/1809 1898/1/1810
f 1896/1/1808 1898/1/1810 1899/1/1811
f 1899/1/1811 1807/1/1719 1808/1/1720
f 1898/1/1810 1807/1/1719 1899/1/1811
f 1673/1/1586 1884/1/1796 1900/1/1812
f 1900/1/1812 1884/1/1796 1901/1/1813
f 1900/1/1812 1901/1/1813 1859/1/1771
f 1853/1/1765 1859/1/1771 1901/1/1813
f 1902/1/1814 1643/1/1556 1637/1/1550
f 1864/1/1776 1903/1/1815 1904/1/1816
f 1864/1/1776 1816/1/1728 1903/1/1815
f 1747/1/1660 1745/1/1658 1905/1/1817
f 1905/1/1817 1745/1/1658 1906/1/1818
f 1907/1/1819 1761/1/1674 1759/1/1672
f 1773/1/1686 1861/1/1773 1782/1/1695
f 1773/1/1686 1862/1/1774 1861/1/1773
f 1907/1/1819 1908/1/1820 1761/1/1674
f 1909/1/1821 1908/1/1820 1907/1/1819
f 1909/1/1821 1910/11/1822 1908/1/1820
f 1911/1/1823 1912/1/1824 1781/1/1694
f 1911/1/1823 1781/1/1694 1780/1/1693
f 1913/1/1825 1912/1/1824 1911/1/1823
f 1841/1/1753 1858/1/1770 1913/1/1825
f 1913/1/1825 1858/1/1770 1912/1/1824
f 1914/421/1826 1915/422/1827 1916/423/1828
f 1914/421/1826 1916/423/1828 1917/245/1829
f 1914/421/1826 1917/245/1829 1918/424/1830
f 1919/425/1831 1916/423/1828 1915/422/1827
f 1920/426/1832 1921/427/1833 1922/428/1834
f 1920/426/1832 1922/428/1834 1916/423/1828
f 1920/426/1832 1916/423/1828 1919/425/1831
f 1923/429/1835 1922/428/1834 1921/427/1833
f 1924/430/1836 1925/431/1837 1926/432/1838
f 1924/430/1836 1926/432/1838 1922/428/1834
f 1924/430/1836 1922/428/1834 1923/429/1835
f 1925/431/1837 1927/433/1839 1928/27/1840
f 1925/431/1837 1928/27/1840 1926/432/1838
f 1929/434/1841 1930/435/1842 1931/436/1843
f 1929/434/1841 1931/436/1843 1932/31/1844
f 1929/434/1841 1932/31/1844 1933/437/1845
f 1934/438/1846 1935/439/1847 1931/436/1843
f 1934/438/1846 1931/436/1843 1930/435/1842
f 1936/440/1848 1937/441/1849 1935/439/1847
f 1936/440/1848 1935/439/1847 1934/438/1846
f 1938/442/1850 1939/443/1851 1935/439/1847
f 1938/442/1850 1935/439/1847 1937/441/1849
f 1940/444/1852 1941/445/1853 1939/443/1851
f 1940/444/1852 1939/443/1851 1938/442/1850
f 1918/424/1830 1917/245/1829 1939/443/1851
f 1918/424/1830 1939/443/1851 1941/445/1853
f 1942/446/1854 1914/421/1826 1918/424/1830
f 1915/422/1827 1943/447/1855 1919/425/1831
f 1943/447/1855 1944/448/1856 1919/425/1831
f 1944/448/1856 1920/426/1832 1919/425/1831
f 1924/430/1836 1945/449/1857 1925/431/1837
f 1925/431/1837 1946/450/1858 1927/433/1839
f 1937/441/1849 1947/451/1859 1938/442/1850
f 1941/445/1853 1942/446/1854 1918/424/1830
f 1914/421/1826 1943/447/1855 1915/422/1827
f 1948/452/1860 1946/450/1858 1925/431/1837
f 1945/449/1857 1948/452/1860 1925/431/1837
f 1949/453/1861 1929/434/1841 1933/437/1845
f 1940/444/1852 1950/454/1862 1941/445/1853
f 1950/454/1862 1942/446/1854 1941/445/1853
f 1951/455/1863 1943/447/1855 1914/421/1826
f 1951/455/1863 1914/421/1826 1942/446/1854
f 1944/448/1856 1952/456/1864 1920/426/1832
f 1952/456/1864 1921/427/1833 1920/426/1832
f 1921/427/1833 1953/457/1865 1923/429/1835
f 1954/458/1866 1945/449/1857 1924/430/1836
f 1953/457/1865 1954/458/1866 1924/430/1836
f 1953/457/1865 1924/430/1836 1923/429/1835
f 1955/459/1867 1956/460/1868 1930/435/1842
f 1955/459/1867 1930/435/1842 1929/434/1841
f 1949/453/1861 1955/459/1867 1929/434/1841
f 1957/461/1869 1958/462/1870 1934/438/1846
f 1956/460/1868 1957/461/1869 1934/438/1846
f 1956/460/1868 1934/438/1846 1930/435/1842
f 1958/462/1870 1936/440/1848 1934/438/1846
f 1947/451/1859 1959/463/1871 1938/442/1850
f 1960/464/1872 1950/454/1862 1940/444/1852
f 1959/463/1871 1960/464/1872 1940/444/1852
f 1959/463/1871 1940/444/1852 1938/442/1850
f 1950/454/1862 1951/455/1863 1942/446/1854
f 1951/455/1863 1961/465/1873 1943/447/1855
f 1961/465/1873 1944/448/1856 1943/447/1855
f 1948/452/1860 1962/466/1874 1946/450/1858
f 1958/462/1870 1963/467/1875 1936/440/1848
f 1963/467/1875 1937/441/1849 1936/440/1848
f 1960/464/1872 1964/468/1876 1950/454/1862
f 1965/469/1877 1961/465/1873 1951/455/1863
f 1961/465/1873 1966/470/1878 1944/448/1856
f 1966/470/1878 1952/456/1864 1944/448/1856
f 1954/458/1866 1967/471/1879 1945/449/1857
f 1967/471/1879 1948/452/1860 1945/449/1857
f 1964/468/1876 1965/469/1877 1951/455/1863
f 1964/468/1876 1951/455/1863 1950/454/1862
f 1965/469/1877 1968/472/1880 1961/465/1873
f 1968/472/1880 1969/473/1881 1961/465/1873
f 1969/473/1881 1966/470/1878 1961/465/1873
f 1970/474/1882 1971/475/1883 1962/466/1874
f 1970/474/1882 1962/466/1874 1948/452/1860
f 1967/471/1879 1970/474/1882 1948/452/1860
f 1972/476/1884 1955/459/1867 1949/453/1861
f 1963/467/1875 1973/477/1885 1937/441/1849
f 1973/477/1885 1947/451/1859 1937/441/1849
f 1973/477/1885 1959/463/1871 1947/451/1859
f 1960/464/1872 1974/478/1886 1964/468/1876
f 1975/479/1887 1968/472/1880 1965/469/1877
f 1966/470/1878 1976/480/1888 1952/456/1864
f 1976/480/1888 1977/481/1889 1921/427/1833
f 1976/480/1888 1921/427/1833 1952/456/1864
f 1977/481/1889 1978/482/1890 1921/427/1833
f 1921/427/1833 1978/482/1890 1953/457/1865
f 1979/483/1891 1967/471/1879 1954/458/1866
f 1978/482/1890 1979/483/1891 1954/458/1866
f 1978/482/1890 1954/458/1866 1953/457/1865
f 1980/484/1892 1981/485/1893 1956/460/1868
f 1980/484/1892 1956/460/1868 1955/459/1867
f 1972/476/1884 1980/484/1892 1955/459/1867
f 1982/486/1894 1983/487/1895 1958/462/1870
f 1982/486/1894 1958/462/1870 1957/461/1869
f 1981/485/1893 1982/486/1894 1957/461/1869
f 1981/485/1893 1957/461/1869 1956/460/1868
f 1983/487/1895 1963/467/1875 1958/462/1870
f 1973/477/1885 1984/488/1896 1959/463/1871
f 1985/489/1897 1974/478/1886 1960/464/1872
f 1984/488/1896 1985/489/1897 1960/464/1872
f 1984/488/1896 1960/464/1872 1959/463/1871
f 1974/478/1886 1975/479/1887 1965/469/1877
f 1974/478/1886 1965/469/1877 1964/468/1876
f 1985/489/1897 1986/490/1898 1974/478/1886
f 1987/491/1899 1968/472/1880 1975/479/1887
f 1969/473/1881 1988/492/1900 1966/470/1878
f 1988/492/1900 1976/480/1888 1966/470/1878
f 1979/483/1891 1989/493/1901 1967/471/1879
f 1989/493/1901 1970/474/1882 1967/471/1879
f 1990/494/1902 1980/484/1892 1972/476/1884
f 1986/490/1898 1987/491/1899 1975/479/1887
f 1986/490/1898 1975/479/1887 1974/478/1886
f 1987/491/1899 1991/495/1903 1968/472/1880
f 1991/495/1903 1969/473/1881 1968/472/1880
f 1991/495/1903 1988/492/1900 1969/473/1881
f 1978/482/1890 1992/496/1904 1979/483/1891
f 1992/496/1904 1989/493/1901 1979/483/1891
f 1993/497/1905 1994/498/1906 1971/475/1883
f 1993/497/1905 1971/475/1883 1970/474/1882
f 1989/493/1901 1993/497/1905 1970/474/1882
f 1963/467/1875 1995/499/1907 1973/477/1885
f 1996/500/1908 1984/488/1896 1973/477/1885
f 1995/499/1907 1996/500/1908 1973/477/1885
f 1985/489/1897 1997/501/1909 1986/490/1898
f 1998/502/1910 1991/495/1903 1987/491/1899
f 1999/503/1911 1992/496/1904 1978/482/1890
f 1977/481/1889 1999/503/1911 1978/482/1890
f 2000/504/1912 1981/485/1893 1980/484/1892
f 1990/494/1902 2000/504/1912 1980/484/1892
f 2001/505/1913 1983/487/1895 1982/486/1894
f 2000/504/1912 2001/505/1913 1982/486/1894
f 2000/504/1912 1982/486/1894 1981/485/1893
f 2001/505/1913 1963/467/1875 1983/487/1895
f 1996/500/1908 2002/506/1914 1984/488/1896
f 2002/506/1914 1997/501/1909 1985/489/1897
f 2002/506/1914 1985/489/1897 1984/488/1896
f 1997/501/1909 1998/502/1910 1987/491/1899
f 1997/501/1909 1987/491/1899 1986/490/1898
f 1998/502/1910 2003/507/1915 1991/495/1903
f 2003/507/1915 1988/492/1900 1991/495/1903
f 2004/508/1916 1989/493/1901 1992/496/1904
f 2005/509/1917 1995/499/1907 1963/467/1875
f 2001/505/1913 2005/509/1917 1963/467/1875
f 2002/506/1914 2006/510/1918 1997/501/1909
f 2007/511/1919 2003/507/1915 1998/502/1910
f 2003/507/1915 2008/512/1920 1988/492/1900
f 2009/513/1921 1977/481/1889 1976/480/1888
f 2008/512/1920 2009/513/1921 1976/480/1888
f 2008/512/1920 1976/480/1888 1988/492/1900
f 1999/503/1911 2010/514/1922 1992/496/1904
f 2004/508/1916 2011/515/1923 1989/493/1901
f 2010/514/1922 2004/508/1916 1992/496/1904
f 2011/515/1923 1993/497/1905 1989/493/1901
f 2012/516/1924 2013/517/1925 2000/504/1912
f 1990/494/1902 2012/516/1924 2000/504/1912
f 2013/517/1925 2014/518/1926 2001/505/1913
f 2013/517/1925 2001/505/1913 2000/504/1912
f 2014/518/1926 2005/509/1917 2001/505/1913
f 1996/500/1908 2015/519/1927 2002/506/1914
f 2016/520/1928 2006/510/1918 2002/506/1914
f 2015/519/1927 2016/520/1928 2002/506/1914
f 2006/510/1918 2007/511/1919 1998/502/1910
f 2006/510/1918 1998/502/1910 1997/501/1909
f 2007/511/1919 2017/521/1929 2003/507/1915
f 2017/521/1929 2008/512/1920 2003/507/1915
f 2011/515/1923 2018/522/1930 1994/498/1906
f 2011/515/1923 1994/498/1906 1993/497/1905
f 2019/523/1931 2012/516/1924 1990/494/1902
f 2016/520/1928 2020/524/1932 2006/510/1918
f 2021/525/1933 2007/511/1919 2006/510/1918
f 2020/524/1932 2021/525/1933 2006/510/1918
f 2022/526/1934 2017/521/1929 2021/525/1933
f 2022/526/1934 2021/525/1933 2023/527/1935
f 2024/528/1936 2008/512/1920 2017/521/1929
f 2024/528/1936 2017/521/1929 2022/526/1934
f 2024/528/1936 2025/529/1937 2008/512/1920
f 2025/529/1937 2009/513/1921 2008/512/1920
f 2025/529/1937 2026/530/1938 1977/481/1889
f 2025/529/1937 1977/481/1889 2009/513/1921
f 2027/531/1939 1999/503/1911 1977/481/1889
f 2027/531/1939 1977/481/1889 2026/530/1938
f 2027/531/1939 2010/514/1922 1999/503/1911
f 2028/532/1940 2004/508/1916 2010/514/1922
f 2028/532/1940 2010/514/1922 2027/531/1939
f 2028/532/1940 2029/533/1941 2011/515/1923
f 2028/532/1940 2011/515/1923 2004/508/1916
f 2029/533/1941 2030/534/1942 2018/522/1930
f 2029/533/1941 2018/522/1930 2011/515/1923
f 2031/535/1943 2012/516/1924 2019/523/1931
f 2031/535/1943 2019/523/1931 2032/536/1944
f 2031/535/1943 2013/517/1925 2012/516/1924
f 2033/537/1945 2014/518/1926 2013/517/1925
f 2033/537/1945 2013/517/1925 2031/535/1943
f 2033/537/1945 2034/538/1946 2014/518/1926
f 2034/538/1946 2005/509/1917 2014/518/1926
f 2034/538/1946 2035/539/1947 1995/499/1907
f 2034/538/1946 1995/499/1907 2005/509/1917
f 2036/540/1948 1996/500/1908 1995/499/1907
f 2036/540/1948 1995/499/1907 2035/539/1947
f 2036/540/1948 2015/519/1927 1996/500/1908
f 2037/541/1949 2016/520/1928 2015/519/1927
f 2037/541/1949 2015/519/1927 2036/540/1948
f 2037/541/1949 2038/542/1950 2020/524/1932
f 2037/541/1949 2020/524/1932 2016/520/1928
f 2038/542/1950 2021/525/1933 2020/524/1932
f 2021/525/1933 2017/521/1929 2007/511/1919
f 2039/543/1951 2040/544/1952 2041/545/1953
f 2041/545/1953 2042/546/1954 2043/547/1955
f 2044/548/1956 2045/549/1957 2046/550/1958
f 2043/547/1955 2047/551/1959 2048/552/1960
f 2048/552/1960 2049/553/1961 2050/554/1962
f 2050/554/1962 2051/555/1963 2052/556/1964
f 2052/556/1964 2053/557/1965 2044/548/1956
f 2054/558/1966 2039/543/1951 2046/550/1958
f 2038/542/1950 2023/527/1935 2021/525/1933
f 2045/549/1957 2044/548/1956 2055/154/1967
f 2043/547/1955 2042/546/1954 2056/155/1968
f 2054/558/1966 2057/156/1969 2039/543/1951
f 2050/554/1962 2049/553/1961 2058/157/1970
f 2040/544/1952 2039/543/1951 2059/158/1971
f 2044/548/1956 2053/557/1965 2060/159/1972
f 2047/551/1959 2043/547/1955 2061/160/1973
f 2051/555/1963 2050/554/1962 2062/161/1974
f 2063/162/1975 2064/163/1976 2046/550/1958
f 2064/163/1976 2065/164/1977 2044/548/1956
f 2064/163/1976 2044/548/1956 2046/550/1958
f 2066/165/1978 2067/166/1979 2050/554/1962
f 2067/166/1979 2068/167/1980 2048/552/1960
f 2067/166/1979 2048/552/1960 2050/554/1962
f 2069/168/1981 2070/169/1982 2041/545/1953
f 2070/169/1982 2071/170/1983 2041/545/1953
f 2046/550/1958 2072/171/1984 2073/172/1985
f 2046/550/1958 2073/172/1985 2063/162/1975
f 2065/164/1977 2074/173/1986 2044/548/1956
f 2074/173/1986 2075/174/1987 2052/556/1964
f 2074/173/1986 2052/556/1964 2044/548/1956
f 2068/167/1980 2076/175/1988 2048/552/1960
f 2076/175/1988 2077/176/1989 2048/552/1960
f 2071/170/1983 2078/177/1990 2041/545/1953
f 2078/177/1990 2079/178/1991 2039/543/1951
f 2078/177/1990 2039/543/1951 2041/545/1953
f 2075/174/1987 2080/179/1992 2052/556/1964
f 2080/179/1992 2081/180/1993 2052/556/1964
f 2077/176/1989 2082/181/1994 2048/552/1960
f 2082/181/1994 2083/182/1995 2043/547/1955
f 2082/181/1994 2043/547/1955 2048/552/1960
f 2079/178/1991 2084/183/1996 2039/543/1951
f 2084/183/1996 2072/171/1984 2046/550/1958
f 2084/183/1996 2046/550/1958 2039/543/1951
f 2081/180/1993 2085/184/1997 2052/556/1964
f 2085/184/1997 2066/165/1978 2050/554/1962
f 2085/184/1997 2050/554/1962 2052/556/1964
f 2083/182/1995 2086/185/1998 2043/547/1955
f 2086/185/1998 2069/168/1981 2041/545/1953
f 2086/185/1998 2041/545/1953 2043/547/1955
f 1463/417/1376 1464/418/1377 2087/559/1999
f 1463/417/1376 2087/559/1999 2088/186/2000
f 1463/417/1376 2088/186/2000 2089/187/2001
f 2090/560/2002 2091/189/2003 2092/561/2004
f 2090/560/2002 2092/561/2004 2093/562/2005
f 2094/563/2006 2095/564/2007 2096/565/2008
f 2094/563/2006 2096/565/2008 2097/566/2009
f 1462/416/1375 1461/415/1374 2098/567/2010
f 1462/416/1375 2098/567/2010 2099/214/2011
f 1462/416/1375 2099/214/2011 2100/568/2012
f 2101/569/2013 2102/570/2014 2103/571/2015
f 2101/569/2013 2103/571/2015 2104/572/2016
f 1466/420/1379 1465/419/1378 2105/573/2017
f 1466/420/1379 2105/573/2017 2106/200/2018
f 1466/420/1379 2106/200/2018 2107/201/2019
f 2108/574/2020 2109/575/2021 2091/189/2003
f 2108/574/2020 2091/189/2003 2090/560/2002
f 2110/576/2022 2111/577/2023 2112/578/2024
f 2110/576/2022 2112/578/2024 2113/579/2025
f 2111/577/2023 2110/576/2022 2093/562/2005
f 2111/577/2023 2093/562/2005 2092/561/2004
f 2097/566/2009 2096/565/2008 2114/580/2026
f 2097/566/2009 2114/580/2026 2115/581/2027
f 2116/582/2028 2117/583/2029 2104/572/2016
f 2116/582/2028 2104/572/2016 2103/571/2015
f 2113/579/2025 2112/578/2024 2118/584/2030
f 2113/579/2025 2118/584/2030 2119/585/2031
f 1464/418/1377 1462/416/1375 2120/586/2032
f 1464/418/1377 2120/586/2032 2121/587/2033
f 1464/418/1377 2121/587/2033 2122/219/2034
f 1461/415/1374 1466/420/1379 2123/588/2035
f 1461/415/1374 2123/588/2035 2124/407/2036
f 1461/415/1374 2124/407/2036 2125/221/2037
f 2126/589/2038 2127/590/2039 2115/581/2027
f 2126/589/2038 2115/581/2027 2114/580/2026
f 2128/224/2040 2129/591/2041 2109/575/2021
f 2128/224/2040 2109/575/2021 2108/574/2020
f 1465/419/1378 1463/417/1376 2130/592/2042
f 1465/419/1378 2130/592/2042 2131/209/2043
f 1465/419/1378 2131/209/2043 2132/593/2044
f 2129/591/2041 2128/224/2040 2117/583/2029
f 2129/591/2041 2117/583/2029 2116/582/2028
f 2133/594/2045 2134/595/2046 2095/564/2007
f 2133/594/2045 2095/564/2007 2094/563/2006
f 2135/596/2047 2136/597/2048 2102/570/2014
f 2135/596/2047 2102/570/2014 2101/569/2013
f 2136/597/2048 2135/596/2047 2127/590/2039
f 2136/597/2048 2127/590/2039 2126/589/2038
f 2137/598/2049 2138/598/2050 2139/598/2051
f 2140/598/2052 2141/598/2052 2142/598/2052
f 2143/598/2053 2138/598/2050 2144/598/2054
f 2145/598/2055 2138/598/2050 2146/598/2056
f 2147/598/2057 2138/598/2050 2148/598/2058
f 2149/598/2059 2138/598/2050 2147/598/2057
f 2139/598/2051 2138/598/2050 2149/598/2059
f 2146/598/2056 2138/598/2050 2150/598/2060
f 2150/598/2060 2138/598/2050 2137/598/2049
f 2144/598/2054 2138/598/2050 2151/598/2061
f 2151/598/2061 2138/598/2050 2145/598/2055
f 2152/599/2062 2153/600/2063 2154/601/2064
f 2155/602/2065 2156/603/2066 2154/601/2064
f 2157/604/2067 2152/599/2062 2154/601/2064
f 2158/605/2068 2159/606/2069 2154/601/2064
f 2159/606/2069 2157/604/2067 2154/601/2064
f 2153/600/2063 2155/602/2065 2154/601/2064
f 2160/598/2070 2161/598/2071 2162/598/2072
f 2160/598/2070 2162/598/2072 2163/598/2073
f 2164/598/2074 2165/598/2075 2166/598/2076
f 2167/598/2077 2168/598/2078 2169/598/2079
f 2167/598/2077 2169/598/2079 2170/598/2080
f 2171/598/2081 2172/598/2081 2173/598/2081
f 2174/598/2082 2175/598/2082 2176/598/2082
f 2177/598/2083 2178/598/2084 2179/598/2085
f 2180/598/2086 2181/598/2086 2182/598/2086
f 2183/598/2087 2184/598/2088 2185/598/2089
f 2186/598/2090 2187/598/2091 2178/598/2084
f 2188/598/2092 2179/598/2085 2178/598/2084
f 2189/598/2093 2177/598/2083 2179/598/2085
f 2190/598/2094 2191/598/2095 2192/598/2096
f 2190/598/2094 2192/598/2096 2193/598/2097
f 2194/598/2098 2195/598/2099 2196/598/2100
f 2194/598/2098 2196/598/2100 2197/598/2101
f 2198/598/2102 2199/598/2103 2200/598/2104
f 2198/598/2102 2200/598/2104 2201/598/2105
f 2202/598/2106 2203/598/2107 2204/598/2108
f 2202/598/2106 2204/598/2108 2205/598/2109
f 2183/598/2087 2178/598/2084 2184/598/2088
f 2188/598/2092 2178/598/2084 2206/598/2110
f 2178/598/2084 2183/598/2087 2206/598/2110
f 2207/598/2111 2188/598/2092 2206/598/2110
f 2208/598/2112 2209/598/2113 2210/598/2114
f 2208/598/2112 2210/598/2114 2211/598/2115
f 2212/598/2116 2213/598/2117 2214/598/2118
f 2212/598/2116 2214/598/2118 2215/598/2119
f 2216/598/2120 2217/598/2121 2218/598/2122
f 2216/598/2120 2218/598/2122 2219/598/2123
f 2220/598/2124 2221/598/2125 2222/598/2126
f 2220/598/2124 2222/598/2126 2223/598/2127
f 2224/598/2128 2225/598/2129 2226/598/2130
f 2224/598/2128 2226/598/2130 2227/598/2131
f 2228/598/2132 2229/598/2133 2230/598/2134
f 2228/598/2132 2230/598/2134 2231/598/2135
f 2232/598/2136 2233/598/2137 2234/598/2138
f 2232/598/2136 2234/598/2138 2235/598/2139
f 2236/598/2140 2237/598/2141 2238/598/2142
f 2236/598/2140 2238/598/2142 2239/598/2143
f 2240/598/2144 2241/598/2145 2242/598/2146
f 2240/598/2144 2242/598/2146 2243/598/2147
f 2244/598/2148 2245/598/2149 2246/598/2150
f 2244/598/2148 2246/598/2150 2247/598/2151
f 2184/598/2088 2178/598/2084 2187/598/2091
f 2248/598/2152 2249/598/2152 2250/598/2152
f 2251/598/2153 2252/598/2153 2253/598/2153
f 2254/607/2154 2255/598/2154 2256/598/2154
f 2257/598/2155 2258/598/2156 2259/598/2157
f 2257/598/2155 2259/598/2157 2260/598/2158
f 2261/598/2159 2262/598/2160 2263/598/2161
f 2261/598/2159 2263/598/2161 2264/598/2162
f 2265/598/2163 2266/598/2164 2267/598/2165
f 2265/598/2163 2267/598/2165 2268/598/2166
f 2269/598/2167 2270/598/2168 2271/598/2169
f 2269/598/2167 2271/598/2169 2272/598/2170
f 2164/598/2074 2166/598/2076 2273/598/2171
f 2274/598/2172 2275/598/2173 2276/598/2174
f 2274/598/2172 2276/598/2174 2277/598/2175
f 2278/598/2176 2279/598/2177 2280/598/2178
f 2278/598/2176 2280/598/2178 2281/598/2179
f 2282/598/2180 2283/598/2181 2284/598/2182
f 2282/598/2180 2284/598/2182 2285/598/2183
f 2286/598/2184 2287/598/2185 2288/598/2186
f 2286/598/2184 2288/598/2186 2289/598/2187
f 2290/598/2188 2291/598/2189 2292/598/2190
f 2293/598/2191 2294/598/2192 2295/598/2193
f 2293/598/2191 2295/598/2193 2296/598/2194
f 2297/598/2195 2298/598/2196 2299/598/2197
f 2297/598/2195 2299/598/2197 2300/598/2198
f 2301/598/2199 2273/598/2171 2302/598/2200
f 2303/598/2201 2304/598/2202 2305/598/2203
f 2303/598/2201 2305/598/2203 2306/598/2204
f 2307/598/2205 2308/607/2206 2309/598/2207
f 2307/598/2205 2309/598/2207 2310/598/2208
f 2311/598/2209 2312/598/2210 2137/598/2049
f 2313/598/2211 2314/598/2212 2315/598/2213
f 2316/598/2214 2317/598/2215 2143/598/2053
f 2316/598/2214 2143/598/2053 2144/598/2054
f 2318/598/2216 2319/598/2216 2320/598/2216
f 2321/598/2217 2322/607/2218 2323/598/2219
f 2324/598/2220 2164/598/2074 2301/598/2199
f 2325/598/2221 2326/598/2222 2290/598/2188
f 2311/598/2209 2137/598/2049 2139/598/2051
f 2288/598/2186 2306/598/2204 2305/598/2203
f 2278/598/2176 2285/598/2183 2279/598/2177
f 2278/598/2176 2282/598/2180 2285/598/2183
f 2290/598/2188 2327/598/2223 2291/598/2189
f 2315/598/2213 2328/598/2224 2313/598/2211
f 2329/598/2225 2147/598/2057 2330/598/2226
f 2147/598/2057 2148/598/2058 2330/598/2226
f 2331/598/2227 2145/598/2055 2146/598/2056
f 2145/598/2055 2331/598/2227 2332/598/2228
f 2293/598/2191 2296/598/2194 2308/607/2206
f 2290/598/2188 2333/607/2229 2325/598/2221
f 2334/598/2230 2321/598/2217 2335/598/2231
f 2334/598/2230 2336/598/2232 2321/598/2217
f 2164/598/2074 2273/598/2171 2301/598/2199
f 2308/607/2206 2307/598/2205 2293/598/2191
f 2288/598/2186 2287/598/2185 2306/598/2204
f 2299/598/2197 2298/598/2196 2277/598/2175
f 2299/598/2197 2277/598/2175 2276/598/2174
f 2315/598/2213 2337/598/2233 2338/598/2234
f 2339/598/2235 2335/598/2231 2323/598/2219
f 2340/598/2236 2315/598/2213 2314/598/2212
f 2323/598/2219 2335/598/2231 2321/598/2217
f 2341/598/2237 2327/598/2223 2326/598/2222
f 2342/598/2238 2322/607/2218 2321/598/2217
f 2343/598/2239 2315/598/2213 2338/598/2234
f 2340/598/2236 2337/598/2233 2315/598/2213
f 2327/598/2223 2290/598/2188 2326/598/2222
f 2344/598/2240 2345/598/2241 2346/598/2242
f 2344/598/2240 2346/598/2242 2347/598/2243
f 2345/598/2241 2344/598/2240 2348/598/2244
f 2348/598/2244 2344/598/2240 2349/598/2245
f 2350/598/2246 2351/608/2247 2352/598/2248
f 2353/598/2249 2349/598/2245 2354/598/2250
f 2353/598/2249 2348/598/2244 2349/598/2245
f 2352/598/2248 2353/598/2249 2355/598/2251
f 2355/598/2251 2353/598/2249 2354/598/2250
f 2356/598/2252 2357/598/2253 2358/598/2254
f 2359/598/2255 2360/598/2256 2361/598/2257
f 2362/598/2258 2357/598/2253 2356/598/2252
f 2362/598/2258 2363/598/2259 2357/598/2253
f 2360/598/2256 2364/598/2260 2365/598/2261
f 2366/598/2262 2367/598/2263 2368/598/2264
f 2369/598/2265 2370/598/2266 2371/598/2267
f 2372/598/2268 2369/598/2265 2371/598/2267
f 2373/598/2269 2368/598/2264 2370/598/2266
f 2374/598/2270 2375/598/2271 2376/598/2272
f 2374/598/2270 2376/598/2272 2377/598/2273
f 2369/598/2265 2373/598/2269 2370/598/2266
f 2378/598/2274 2367/598/2263 2379/598/2275
f 2380/598/2276 2381/598/2277 2382/598/2278
f 2380/598/2276 2382/598/2278 2383/598/2279
f 2378/598/2274 2384/598/2280 2367/598/2263
f 2385/598/2281 2386/598/2282 2387/598/2283
f 2388/608/2284 2389/598/2285 2390/598/2286
f 2388/608/2284 2390/598/2286 2391/598/2287
f 2383/598/2279 2382/598/2278 2392/598/2288
f 2383/598/2279 2392/598/2288 2393/598/2289
f 2372/598/2268 2371/598/2267 2394/598/2290
f 2395/598/2291 2396/598/2292 2397/598/2293
f 2398/598/2294 2396/598/2292 2395/598/2291
f 2372/598/2268 2394/598/2290 2399/598/2295
f 2379/598/2275 2367/598/2263 2366/598/2262
f 2387/598/2283 2386/598/2282 2400/598/2296
f 2352/598/2248 2351/608/2247 2353/598/2249
f 2359/598/2255 2361/598/2257 2401/598/2297
f 2358/598/2254 2364/598/2260 2402/598/2298
f 2402/598/2298 2364/598/2260 2360/598/2256
f 2358/598/2254 2357/598/2253 2364/598/2260
f 2360/598/2256 2365/598/2261 2361/598/2257
f 2403/598/2299 2404/598/2300 2405/598/2301
f 2406/598/2302 2404/598/2300 2403/598/2299
f 2407/598/2303 2408/598/2304 2409/598/2305
f 2408/598/2304 2410/598/2306 2409/598/2305
f 2411/598/2307 2412/598/2308 2413/598/2309
f 2413/598/2309 2407/598/2303 2409/598/2305
f 2405/598/2301 2404/598/2300 2414/598/2310
f 2408/598/2304 2404/598/2300 2406/598/2302
f 2408/598/2304 2406/598/2302 2410/598/2306
f 2405/598/2301 2414/598/2310 2415/598/2311
f 2405/598/2301 2415/598/2311 2416/598/2312
f 2417/598/2313 2418/598/2314 2419/598/2315
f 2420/598/2316 2421/598/2317 2422/598/2318
f 2420/598/2316 2422/598/2318 2423/598/2319
f 2424/598/2320 2420/598/2316 2423/598/2319
f 2418/598/2314 2425/598/2321 2419/598/2315
f 2426/598/2322 2427/598/2323 2428/598/2324
f 2429/598/2325 2430/598/2326 2431/598/2327
f 2429/598/2325 2431/598/2327 2432/598/2328
f 2433/598/2329 2434/598/2330 2435/598/2331
f 2433/598/2329 2435/598/2331 2436/598/2332
f 2437/598/2333 2438/598/2334 2439/598/2335
f 2440/598/2336 2441/598/2337 2442/598/2338
f 2443/598/2339 2444/598/2340 2426/598/2322
f 2445/598/2341 2446/598/2342 2447/598/2343
f 2445/598/2341 2447/598/2343 2448/598/2344
f 2426/598/2322 2444/598/2340 2427/598/2323
f 2436/598/2332 2435/598/2331 2449/598/2345
f 2436/598/2332 2449/598/2345 2450/598/2346
f 2428/598/2324 2427/598/2323 2451/598/2347
f 2428/598/2324 2451/598/2347 2452/598/2348
f 2453/598/2349 2454/598/2350 2455/598/2351
f 2456/598/2352 2454/598/2350 2453/598/2349
f 2452/598/2348 2451/598/2347 2457/598/2353
f 2440/598/2336 2442/598/2338 2444/598/2340
f 2440/598/2336 2444/598/2340 2443/598/2339
f 2458/598/2354 2439/598/2335 2459/598/2355
f 2437/598/2333 2439/598/2335 2458/598/2354
f 2460/598/2356 2426/598/2322 2428/598/2324
f 2413/598/2309 2412/598/2308 2407/598/2303
f 2424/598/2320 2423/598/2319 2461/598/2357
f 2425/598/2321 2422/598/2318 2421/598/2317
f 2422/598/2318 2425/598/2321 2418/598/2314
f 2462/598/2358 2463/598/2359 2464/598/2360
f 2465/598/2361 2463/598/2359 2462/598/2358
f 2466/598/2362 2465/598/2361 2467/598/2363
f 2468/598/2364 2469/598/2365 2470/598/2366
f 2471/598/2367 2467/598/2363 2472/598/2368
f 2463/598/2359 2465/598/2361 2466/598/2362
f 2466/598/2362 2467/598/2363 2471/598/2367
f 2468/598/2364 2470/598/2366 2473/598/2369
f 2473/598/2369 2470/598/2366 2472/598/2368
f 2464/598/2360 2463/598/2359 2474/598/2370
f 2470/598/2366 2471/598/2367 2472/598/2368
f 2475/598/2371 2476/598/2372 2477/598/2373
f 2478/598/2374 2479/598/2375 2480/598/2376
f 2481/598/2377 2478/598/2374 2482/598/2378
f 2483/598/2379 2478/598/2374 2481/598/2377
f 2483/598/2379 2479/598/2375 2478/598/2374
f 2476/598/2372 2484/598/2380 2477/598/2373
f 2485/598/2381 2486/598/2382 2487/598/2383
f 2488/598/2384 2476/598/2372 2475/598/2371
f 2479/598/2375 2489/598/2385 2480/598/2376
f 2490/598/2386 2491/598/2387 2492/598/2388
f 2490/598/2386 2493/598/2389 2494/598/2390
f 2495/598/2391 2496/598/2392 2497/598/2393
f 2495/598/2391 2497/598/2393 2498/607/2394
f 2490/598/2386 2492/598/2388 2493/598/2389
f 2499/598/2395 2500/598/2396 2486/598/2382
f 2499/598/2395 2486/598/2382 2485/598/2381
f 2501/598/2397 2502/598/2398 2503/598/2399
f 2491/598/2387 2501/598/2397 2503/598/2399
f 2494/598/2390 2493/598/2389 2504/598/2400
f 2505/598/2401 2506/598/2402 2507/598/2403
f 2508/607/2404 2509/598/2405 2510/598/2406
f 2508/607/2404 2510/598/2406 2511/598/2407
f 2485/598/2381 2487/598/2383 2512/598/2408
f 2494/598/2390 2504/598/2400 2513/598/2409
f 2507/598/2403 2514/598/2410 2515/598/2411
f 2507/598/2403 2506/598/2402 2514/598/2410
f 2516/598/2412 2517/598/2413 2518/598/2414
f 2513/598/2409 2504/598/2400 2519/598/2415
f 2491/598/2387 2503/598/2399 2492/598/2388
f 2520/598/2416 2521/598/2417 2517/598/2413
f 2520/598/2416 2517/598/2413 2516/598/2412
f 2484/598/2380 2522/598/2418 2489/598/2385
f 2489/598/2385 2522/598/2418 2480/598/2376
f 2484/598/2380 2476/598/2372 2522/598/2418
f 2523/598/2419 2524/598/2420 2525/598/2421
f 2526/598/2422 2527/598/2423 2528/598/2424
f 2529/598/2425 2527/598/2423 2526/598/2422
f 2527/598/2423 2529/598/2425 2530/598/2426
f 2530/598/2426 2529/598/2425 2531/598/2427
f 2532/598/2428 2533/598/2429 2534/598/2430
f 2534/598/2430 2531/598/2427 2532/598/2428
f 2535/598/2431 2533/598/2429 2536/598/2432
f 2536/598/2432 2533/598/2429 2532/598/2428
f 2534/598/2430 2530/598/2426 2531/598/2427
f 2528/598/2424 2527/598/2423 2537/608/2433
f 2538/598/2434 2539/598/2435 2540/598/2436
f 2541/598/2437 2539/598/2435 2538/598/2434
f 2542/598/2438 2523/598/2419 2525/598/2421
f 2542/598/2438 2525/598/2421 2543/598/2439
f 2544/598/2440 2545/598/2441 2546/598/2442
f 2547/598/2443 2548/598/2444 2549/598/2445
f 2547/598/2443 2550/598/2446 2548/598/2444
f 2549/598/2445 2551/598/2447 2552/598/2448
f 2553/598/2449 2552/598/2448 2551/598/2447
f 2553/598/2449 2551/598/2447 2554/598/2450
f 2555/598/2451 2556/598/2452 2557/598/2453
f 2555/598/2451 2557/598/2453 2558/598/2454
f 2544/598/2440 2559/598/2455 2545/598/2441
f 2560/598/2456 2559/598/2455 2544/598/2440
f 2549/598/2445 2548/598/2444 2551/598/2447
f 2561/598/2457 2562/598/2458 2563/598/2459
f 2564/598/2460 2565/598/2461 2566/598/2462
f 2564/598/2460 2566/598/2462 2567/598/2463
f 2546/598/2442 2545/598/2441 2568/598/2464
f 2569/598/2465 2570/598/2466 2571/598/2467
f 2572/598/2468 2570/598/2466 2569/598/2465
f 2553/598/2449 2554/598/2450 2573/598/2469
f 2574/598/2470 2550/598/2446 2547/598/2443
f 2563/598/2459 2562/598/2458 2575/598/2471
f 2506/598/2402 2505/598/2401 2576/598/2472
f 2540/598/2436 2524/598/2420 2577/598/2473
f 2577/598/2473 2524/598/2420 2523/598/2419
f 2524/598/2420 2540/598/2436 2539/598/2435
f 2578/598/2474 2474/598/2370 2463/598/2359
f 2579/598/2475 2513/598/2409 2519/598/2415
f 2580/598/2476 2476/598/2372 2488/598/2384
f 2581/598/2477 2461/598/2357 2423/598/2319
f 2570/598/2466 2572/598/2468 2582/598/2478
f 2570/598/2466 2582/598/2478 2583/598/2479
f 2584/598/2480 2585/598/2481 2575/598/2471
f 2586/598/2482 2539/598/2435 2541/598/2437
f 2586/598/2482 2541/598/2437 2587/598/2483
f 2537/608/2433 2588/598/2484 2528/598/2424
f 2573/598/2469 2589/598/2485 2553/598/2449
f 2543/598/2439 2525/598/2421 2590/598/2486
f 2543/598/2439 2590/598/2486 2591/598/2487
f 2575/598/2471 2585/598/2481 2563/598/2459
f 2454/598/2350 2456/598/2352 2592/598/2488
f 2454/598/2350 2592/598/2488 2593/598/2489
f 2594/598/2490 2533/598/2429 2535/598/2431
f 2595/598/2491 2533/598/2429 2594/598/2490
f 2574/598/2470 2596/598/2492 2597/598/2493
f 2574/598/2470 2597/598/2493 2550/598/2446
f 2598/598/2494 2418/598/2314 2417/598/2313
f 2598/598/2494 2417/598/2313 2599/598/2495
f 2600/598/2496 2401/598/2297 2361/598/2257
f 2459/598/2355 2601/598/2497 2458/598/2354
f 2602/598/2498 2601/598/2497 2459/598/2355
f 2576/598/2472 2505/598/2401 2602/598/2498
f 2602/598/2498 2505/598/2401 2601/598/2497
f 2603/598/2499 2461/598/2357 2581/598/2477
f 2603/598/2499 2604/598/2500 2461/598/2357
f 2442/598/2338 2441/598/2337 2605/598/2501
f 2442/598/2338 2605/598/2501 2606/598/2502
f 2606/598/2502 2605/598/2501 2579/598/2475
f 2606/598/2502 2579/598/2475 2519/598/2415
f 2607/598/2503 2412/598/2308 2411/598/2307
f 2607/598/2503 2411/598/2307 2608/598/2504
f 2607/598/2503 2608/598/2504 2609/598/2505
f 2610/598/2506 2611/598/2507 2387/598/2283
f 2610/598/2506 2387/598/2283 2400/598/2296
f 2610/598/2506 2612/598/2508 2611/598/2507
f 2613/598/2509 2612/598/2508 2610/598/2506
f 2593/598/2489 2592/598/2488 2613/598/2509
f 2613/598/2509 2592/598/2488 2612/598/2508
f 2396/598/2292 2398/598/2294 2614/598/2510
f 2600/598/2496 2615/607/2511 2401/598/2297
f 2616/598/2512 2617/598/2513 2615/607/2511
f 2615/607/2511 2600/598/2496 2618/598/2514
f 2618/598/2514 2616/598/2512 2615/607/2511
f 2378/598/2274 2619/598/2515 2620/598/2516
f 2378/598/2274 2620/598/2516 2384/598/2280
f 2620/598/2516 2619/598/2515 2457/598/2353
f 2457/598/2353 2619/598/2515 2452/598/2348
f 2351/608/2247 2350/598/2246 2621/598/2517
f 2621/598/2517 2350/598/2246 2622/598/2518
f 2621/598/2517 2622/598/2518 2623/598/2519
f 2399/598/2295 2624/598/2520 2372/598/2268
f 2597/598/2493 2624/598/2520 2399/598/2295
f 2597/598/2493 2596/598/2492 2624/598/2520
f 2346/598/2242 2345/598/2241 2625/598/2521
f 2346/598/2242 2625/598/2521 2626/598/2522
f 2627/598/2523 2628/598/2524 2595/598/2491
f 2595/598/2491 2594/598/2490 2627/598/2523
f 2396/598/2292 2614/598/2510 2629/598/2525
f 2629/598/2525 2614/598/2510 2585/598/2481
f 2629/598/2525 2585/598/2481 2630/598/2526
f 2630/598/2526 2585/598/2481 2584/598/2480
f 2631/598/2527 2363/598/2259 2362/598/2258
f 2591/598/2487 2590/598/2486 2632/598/2528
f 2632/598/2528 2590/598/2486 2633/598/2529
f 2469/598/2365 2468/598/2364 2634/598/2530
f 2469/598/2365 2634/598/2530 2635/598/2531
f 2636/598/2532 2635/598/2531 2634/598/2530
f 2636/598/2532 2634/598/2530 2637/598/2533
f 2501/598/2397 2638/598/2534 2502/598/2398
f 2638/598/2534 2639/598/2535 2502/598/2398
f 2638/598/2534 2589/598/2485 2639/598/2535
f 2589/598/2485 2573/598/2469 2639/598/2535
f 2366/598/2262 2368/598/2264 2373/598/2269
f 2482/598/2378 2640/598/2536 2481/598/2377
f 2641/598/2537 2640/598/2536 2482/598/2378
f 2642/598/2538 2518/598/2414 2517/598/2413
f 2642/598/2538 2643/598/2539 2518/598/2414
f 2583/598/2479 2582/598/2478 2642/598/2538
f 2642/598/2538 2582/598/2478 2643/598/2539
f 2644/609/2540 2645/610/2541 2646/611/2542
f 2644/609/2540 2646/611/2542 2647/612/2543
f 2644/609/2540 2647/612/2543 2648/613/2544
f 2649/614/2545 2650/615/2546 2651/616/2547
f 2649/614/2545 2651/616/2547 2646/611/2542
f 2649/614/2545 2646/611/2542 2645/610/2541
f 2650/615/2546 2652/617/2548 2651/616/2547
f 2653/618/2549 2654/619/2550 2651/616/2547
f 2653/618/2549 2651/616/2547 2652/617/2548
f 2655/620/2551 2656/621/2552 2654/619/2550
f 2655/620/2551 2654/619/2550 2653/618/2549
f 2657/622/2553 2658/623/2554 2659/624/2555
f 2657/622/2553 2659/624/2555 2656/621/2552
f 2657/622/2553 2656/621/2552 2655/620/2551
f 2660/625/2556 2661/626/2557 2662/627/2558
f 2660/625/2556 2662/627/2558 2663/628/2559
f 2660/625/2556 2663/628/2559 2664/629/2560
f 2665/630/2561 2666/631/2562 2662/627/2558
f 2665/630/2561 2662/627/2558 2661/626/2557
f 2667/632/2563 2668/633/2564 2669/634/2565
f 2667/632/2563 2669/634/2565 2666/631/2562
f 2667/632/2563 2666/631/2562 2665/630/2561
f 2670/635/2566 2669/634/2565 2668/633/2564
f 2671/636/2567 2672/637/2568 2673/638/2569
f 2671/636/2567 2673/638/2569 2669/634/2565
f 2671/636/2567 2669/634/2565 2670/635/2566
f 2648/613/2544 2647/612/2543 2673/638/2569
f 2648/613/2544 2673/638/2569 2672/637/2568
f 2674/639/2570 2644/609/2540 2648/613/2544
f 2674/639/2570 2645/610/2541 2644/609/2540
f 2675/640/2571 2657/622/2553 2655/620/2551
f 2657/622/2553 2676/641/2572 2658/623/2554
f 2672/637/2568 2677/642/2573 2648/613/2544
f 2677/642/2573 2674/639/2570 2648/613/2544
f 2649/614/2545 2678/643/2574 2650/615/2546
f 2679/644/2575 2652/617/2548 2650/615/2546
f 2678/643/2574 2679/644/2575 2650/615/2546
f 2671/636/2567 2677/642/2573 2672/637/2568
f 2680/645/2576 2671/636/2567 2670/635/2566
f 2681/646/2577 2682/647/2578 2674/639/2570
f 2674/639/2570 2682/647/2578 2645/610/2541
f 2683/648/2579 2678/643/2574 2649/614/2545
f 2682/647/2578 2683/648/2579 2649/614/2545
f 2682/647/2578 2649/614/2545 2645/610/2541
f 2652/617/2548 2684/649/2580 2653/618/2549
f 2684/649/2580 2685/650/2581 2653/618/2549
f 2686/651/2582 2675/640/2571 2655/620/2551
f 2685/650/2581 2686/651/2582 2655/620/2551
f 2685/650/2581 2655/620/2551 2653/618/2549
f 2687/652/2583 2676/641/2572 2657/622/2553
f 2675/640/2571 2687/652/2583 2657/622/2553
f 2688/653/2584 2689/654/2585 2661/626/2557
f 2688/653/2584 2661/626/2557 2660/625/2556
f 2664/629/2560 2688/653/2584 2660/625/2556
f 2690/655/2586 2691/656/2587 2665/630/2561
f 2689/654/2585 2690/655/2586 2665/630/2561
f 2689/654/2585 2665/630/2561 2661/626/2557
f 2691/656/2587 2667/632/2563 2665/630/2561
f 2692/657/2588 2677/642/2573 2671/636/2567
f 2680/645/2576 2692/657/2588 2671/636/2567
f 2693/658/2589 2681/646/2577 2674/639/2570
f 2693/658/2589 2674/639/2570 2677/642/2573
f 2687/652/2583 2694/659/2590 2676/641/2572
f 2695/660/2591 2688/653/2584 2664/629/2560
f 2691/656/2587 2668/633/2564 2667/632/2563
f 2696/661/2592 2680/645/2576 2670/635/2566
f 2668/633/2564 2696/661/2592 2670/635/2566
f 2692/657/2588 2693/658/2589 2677/642/2573
f 2697/662/2593 2698/663/2594 2681/646/2577
f 2681/646/2577 2698/663/2594 2682/647/2578
f 2698/663/2594 2683/648/2579 2682/647/2578
f 2679/644/2575 2699/664/2595 2652/617/2548
f 2699/664/2595 2684/649/2580 2652/617/2548
f 2686/651/2582 2700/665/2596 2675/640/2571
f 2700/665/2596 2687/652/2583 2675/640/2571
f 2696/661/2592 2692/657/2588 2680/645/2576
f 2697/662/2593 2681/646/2577 2693/658/2589
f 2683/648/2579 2701/666/2597 2678/643/2574
f 2701/666/2597 2679/644/2575 2678/643/2574
f 2692/657/2588 2702/667/2598 2693/658/2589
f 2702/667/2598 2697/662/2593 2693/658/2589
f 2703/668/2599 2698/663/2594 2697/662/2593
f 2703/668/2599 2704/669/2600 2698/663/2594
f 2705/670/2601 2701/666/2597 2683/648/2579
f 2704/669/2600 2705/670/2601 2683/648/2579
f 2704/669/2600 2683/648/2579 2698/663/2594
f 2706/671/2602 2700/665/2596 2686/651/2582
f 2685/650/2581 2706/671/2602 2686/651/2582
f 2707/672/2603 2694/659/2590 2687/652/2583
f 2700/665/2596 2707/672/2603 2687/652/2583
f 2708/673/2604 2709/674/2605 2689/654/2585
f 2708/673/2604 2689/654/2585 2688/653/2584
f 2710/675/2606 2708/673/2604 2688/653/2584
f 2710/675/2606 2688/653/2584 2695/660/2591
f 2711/676/2607 2691/656/2587 2690/655/2586
f 2709/674/2605 2711/676/2607 2690/655/2586
f 2709/674/2605 2690/655/2586 2689/654/2585
f 2712/677/2608 2713/678/2609 2668/633/2564
f 2712/677/2608 2668/633/2564 2691/656/2587
f 2711/676/2607 2712/677/2608 2691/656/2587
f 2713/678/2609 2696/661/2592 2668/633/2564
f 2714/679/2610 2715/680/2611 2696/661/2592
f 2715/680/2611 2702/667/2598 2692/657/2588
f 2696/661/2592 2715/680/2611 2692/657/2588
f 2702/667/2598 2703/668/2599 2697/662/2593
f 2701/666/2597 2699/664/2595 2679/644/2575
f 2699/664/2595 2716/681/2612 2684/649/2580
f 2716/681/2612 2685/650/2581 2684/649/2580
f 2716/681/2612 2706/671/2602 2685/650/2581
f 2713/678/2609 2714/679/2610 2696/661/2592
f 2717/682/2613 2704/669/2600 2703/668/2599
f 2705/670/2601 2718/683/2614 2701/666/2597
f 2718/683/2614 2699/664/2595 2701/666/2597
f 2706/671/2602 2719/684/2615 2700/665/2596
f 2707/672/2603 2720/685/2616 2694/659/2590
f 2719/684/2615 2707/672/2603 2700/665/2596
f 2721/686/2617 2708/673/2604 2710/675/2606
f 2715/680/2611 2722/687/2618 2702/667/2598
f 2722/687/2618 2717/682/2613 2703/668/2599
f 2722/687/2618 2703/668/2599 2702/667/2598
f 2704/669/2600 2723/688/2619 2705/670/2601
f 2723/688/2619 2718/683/2614 2705/670/2601
f 2724/689/2620 2716/681/2612 2699/664/2595
f 2725/690/2621 2719/684/2615 2706/671/2602
f 2716/681/2612 2725/690/2621 2706/671/2602
f 2719/684/2615 2720/685/2616 2707/672/2603
f 2721/686/2617 2726/691/2622 2708/673/2604
f 2726/691/2622 2709/674/2605 2708/673/2604
f 2709/674/2605 2727/692/2623 2711/676/2607
f 2728/693/2624 2723/688/2619 2717/682/2613
f 2717/682/2613 2723/688/2619 2704/669/2600
f 2729/694/2625 2725/690/2621 2716/681/2612
f 2727/692/2623 2730/695/2626 2711/676/2607
f 2726/691/2622 2727/692/2623 2709/674/2605
f 2730/695/2626 2731/696/2627 2712/677/2608
f 2731/696/2627 2732/697/2628 2712/677/2608
f 2712/677/2608 2732/697/2628 2713/678/2609
f 2730/695/2626 2712/677/2608 2711/676/2607
f 2732/697/2628 2733/698/2629 2713/678/2609
f 2733/698/2629 2734/699/2630 2713/678/2609
f 2713/678/2609 2734/699/2630 2714/679/2610
f 2734/699/2630 2735/700/2631 2722/687/2618
f 2734/699/2630 2722/687/2618 2715/680/2611
f 2734/699/2630 2715/680/2611 2714/679/2610
f 2735/700/2631 2728/693/2624 2717/682/2613
f 2735/700/2631 2717/682/2613 2722/687/2618
f 2736/701/2632 2718/683/2614 2723/688/2619
f 2737/702/2633 2729/694/2625 2716/681/2612
f 2724/689/2620 2737/702/2633 2716/681/2612
f 2738/703/2634 2720/685/2616 2719/684/2615
f 2721/686/2617 2739/704/2635 2726/691/2622
f 2740/705/2636 2741/706/2637 2728/693/2624
f 2728/693/2624 2741/706/2637 2723/688/2619
f 2736/701/2632 2742/707/2638 2718/683/2614
f 2741/706/2637 2736/701/2632 2723/688/2619
f 2742/707/2638 2724/689/2620 2699/664/2595
f 2718/683/2614 2742/707/2638 2699/664/2595
f 2725/690/2621 2743/708/2639 2719/684/2615
f 2738/703/2634 2744/709/2640 2720/685/2616
f 2743/708/2639 2738/703/2634 2719/684/2615
f 2745/710/2641 2739/704/2635 2721/686/2617
f 2739/704/2635 2746/711/2642 2726/691/2622
f 2746/711/2642 2727/692/2623 2726/691/2622
f 2733/698/2629 2747/712/2643 2734/699/2630
f 2748/713/2644 2735/700/2631 2734/699/2630
f 2747/712/2643 2748/713/2644 2734/699/2630
f 2735/700/2631 2740/705/2636 2728/693/2624
f 2741/706/2637 2749/714/2645 2736/701/2632
f 2749/714/2645 2742/707/2638 2736/701/2632
f 2737/702/2633 2750/715/2646 2729/694/2625
f 2750/715/2646 2743/708/2639 2725/690/2621
f 2729/694/2625 2750/715/2646 2725/690/2621
f 2746/711/2642 2730/695/2626 2727/692/2623
f 2748/713/2644 2751/716/2647 2735/700/2631
f 2751/716/2647 2740/705/2636 2735/700/2631
f 2747/712/2643 2752/717/2648 2748/713/2644
f 2752/717/2648 2751/716/2647 2748/713/2644
f 2753/718/2649 2740/705/2636 2751/716/2647
f 2753/718/2649 2751/716/2647 2754/719/2650
f 2753/718/2649 2749/714/2645 2740/705/2636
f 2755/720/2651 2749/714/2645 2753/718/2649
f 2755/720/2651 2756/721/2652 2742/707/2638
f 2755/720/2651 2742/707/2638 2749/714/2645
f 2756/721/2652 2757/722/2653 2724/689/2620
f 2756/721/2652 2724/689/2620 2742/707/2638
f 2758/723/2654 2737/702/2633 2724/689/2620
f 2758/723/2654 2724/689/2620 2757/722/2653
f 2758/723/2654 2750/715/2646 2737/702/2633
f 2759/724/2655 2750/715/2646 2758/723/2654
f 2759/724/2655 2760/725/2656 2743/708/2639
f 2759/724/2655 2743/708/2639 2750/715/2646
f 2760/725/2656 2738/703/2634 2743/708/2639
f 2760/725/2656 2761/726/2657 2744/709/2640
f 2760/725/2656 2744/709/2640 2738/703/2634
f 2762/727/2658 2739/704/2635 2745/710/2641
f 2762/727/2658 2745/710/2641 2763/728/2659
f 2762/727/2658 2746/711/2642 2739/704/2635
f 2764/729/2660 2746/711/2642 2762/727/2658
f 2764/729/2660 2765/730/2661 2730/695/2626
f 2764/729/2660 2730/695/2626 2746/711/2642
f 2765/730/2661 2731/696/2627 2730/695/2626
f 2765/730/2661 2766/731/2662 2732/697/2628
f 2765/730/2661 2732/697/2628 2731/696/2627
f 2767/732/2663 2733/698/2629 2732/697/2628
f 2767/732/2663 2732/697/2628 2766/731/2662
f 2767/732/2663 2747/712/2643 2733/698/2629
f 2768/733/2664 2752/717/2648 2747/712/2643
f 2768/733/2664 2747/712/2643 2767/732/2663
f 2768/733/2664 2769/734/2665 2752/717/2648
f 2769/734/2665 2751/716/2647 2752/717/2648
f 2740/705/2636 2749/714/2645 2741/706/2637
f 2770/735/2666 2771/736/2667 2772/737/2668
f 2772/737/2668 2773/738/2669 2774/739/2670
f 2775/740/2671 2776/741/2672 2777/742/2673
f 2774/739/2670 2778/743/2674 2779/744/2675
f 2779/744/2675 2780/745/2676 2781/746/2677
f 2781/746/2677 2782/747/2678 2783/748/2679
f 2783/748/2679 2784/749/2680 2775/740/2671
f 2785/750/2681 2770/735/2666 2777/742/2673
f 2769/734/2665 2754/719/2650 2751/716/2647
f 2776/741/2672 2775/740/2671 2786/751/2682
f 2774/739/2670 2773/738/2669 2787/752/2683
f 2785/750/2681 2788/753/2684 2770/735/2666
f 2781/746/2677 2780/745/2676 2789/754/2685
f 2771/736/2667 2770/735/2666 2790/755/2686
f 2775/740/2671 2784/749/2680 2791/756/2687
f 2778/743/2674 2774/739/2670 2792/757/2688
f 2782/747/2678 2781/746/2677 2793/758/2689
f 2794/759/2690 2795/760/2691 2777/742/2673
f 2795/760/2691 2796/761/2692 2775/740/2671
f 2795/760/2691 2775/740/2671 2777/742/2673
f 2797/762/2693 2798/763/2694 2781/746/2677
f 2798/763/2694 2799/764/2695 2779/744/2675
f 2798/763/2694 2779/744/2675 2781/746/2677
f 2800/765/2696 2801/766/2697 2772/737/2668
f 2801/766/2697 2802/767/2698 2772/737/2668
f 2777/742/2673 2803/768/2699 2804/769/2700
f 2777/742/2673 2804/769/2700 2794/759/2690
f 2796/761/2692 2805/770/2701 2775/740/2671
f 2805/770/2701 2806/771/2702 2783/748/2679
f 2805/770/2701 2783/748/2679 2775/740/2671
f 2799/764/2695 2807/772/2703 2779/744/2675
f 2807/772/2703 2808/773/2704 2779/744/2675
f 2802/767/2698 2809/774/2705 2772/737/2668
f 2809/774/2705 2810/775/2706 2770/735/2666
f 2809/774/2705 2770/735/2666 2772/737/2668
f 2806/771/2702 2811/776/2707 2783/748/2679
f 2811/776/2707 2812/777/2708 2783/748/2679
f 2808/773/2704 2813/778/2709 2779/744/2675
f 2813/778/2709 2814/779/2710 2774/739/2670
f 2813/778/2709 2774/739/2670 2779/744/2675
f 2810/775/2706 2815/780/2711 2770/735/2666
f 2815/780/2711 2803/768/2699 2777/742/2673
f 2815/780/2711 2777/742/2673 2770/735/2666
f 2812/777/2708 2816/781/2712 2783/748/2679
f 2816/781/2712 2797/762/2693 2781/746/2677
f 2816/781/2712 2781/746/2677 2783/748/2679
f 2814/779/2710 2817/782/2713 2774/739/2670
f 2817/782/2713 2800/765/2696 2772/737/2668
f 2817/782/2713 2772/737/2668 2774/739/2670
f 2155/602/2065 2153/600/2063 2818/783/2714
f 2155/602/2065 2818/783/2714 2819/784/2715
f 2820/785/2716 2821/786/2717 2822/787/2718
f 2820/785/2716 2822/787/2718 2823/788/2719
f 2824/789/2720 2825/790/2721 2826/791/2722
f 2824/789/2720 2826/791/2722 2827/792/2723
f 2828/793/2724 2829/794/2725 2830/795/2726
f 2828/793/2724 2830/795/2726 2831/796/2727
f 2158/605/2068 2154/601/2064 2832/797/2728
f 2158/605/2068 2832/797/2728 2833/798/2729
f 2834/799/2730 2835/800/2731 2821/786/2717
f 2834/799/2730 2821/786/2717 2820/785/2716
f 2836/801/2732 2837/802/2733 2838/803/2734
f 2836/801/2732 2838/803/2734 2839/804/2735
f 2840/805/2736 2841/806/2737 2156/603/2066
f 2840/805/2736 2156/603/2066 2155/602/2065
f 2837/802/2733 2836/801/2732 2823/788/2719
f 2837/802/2733 2823/788/2719 2822/787/2718
f 2827/792/2723 2826/791/2722 2842/807/2738
f 2827/792/2723 2842/807/2738 2843/808/2739
f 2157/604/2067 2159/606/2069 2844/809/2740
f 2157/604/2067 2844/809/2740 2845/810/2741
f 2157/604/2067 2845/810/2741 2846/811/2742
f 2847/812/2743 2848/813/2744 2831/796/2727
f 2847/812/2743 2831/796/2727 2830/795/2726
f 2839/804/2735 2838/803/2734 2849/814/2745
f 2839/804/2735 2849/814/2745 2850/815/2746
f 2153/600/2063 2152/599/2062 2851/816/2747
f 2153/600/2063 2851/816/2747 2852/817/2748
f 2844/809/2740 2159/606/2069 2853/818/2749
f 2854/819/2750 2855/820/2751 2843/808/2739
f 2854/819/2750 2843/808/2739 2842/807/2738
f 2856/821/2752 2857/822/2753 2835/800/2731
f 2856/821/2752 2835/800/2731 2834/799/2730
f 2154/601/2064 2156/603/2066 2858/823/2754
f 2857/822/2753 2856/821/2752 2848/813/2744
f 2857/822/2753 2848/813/2744 2847/812/2743
f 2859/824/2755 2860/825/2756 2825/790/2721
f 2859/824/2755 2825/790/2721 2824/789/2720
f 2152/599/2062 2157/604/2067 2861/826/2757
f 2152/599/2062 2861/826/2757 2862/827/2758
f 2863/828/2759 2864/829/2760 2829/794/2725
f 2863/828/2759 2829/794/2725 2828/793/2724
f 2159/606/2069 2158/605/2068 2865/830/2761
f 2864/829/2760 2863/828/2759 2855/820/2751
f 2864/829/2760 2855/820/2751 2854/819/2750
f 2866/598/2762 2867/598/2763 2868/598/2764
f 2869/598/2765 2867/598/2763 2870/598/2766
f 2871/598/2767 2872/598/2767 2873/598/2767
f 2874/598/2768 2867/598/2763 2875/598/2769
f 2876/598/2770 2867/598/2763 2877/598/2771
f 2878/598/2772 2867/598/2763 2876/598/2770
f 2870/598/2766 2867/598/2763 2878/598/2772
f 2875/598/2769 2867/598/2763 2879/598/2773
f 2879/598/2773 2867/598/2763 2869/598/2765
f 2868/598/2764 2867/598/2763 2880/598/2774
f 2880/598/2774 2867/598/2763 2874/598/2768
f 2881/598/2775 2882/598/2775 2883/598/2775
f 2884/831/2776 2885/832/2777 2886/833/2778
f 2887/834/2779 2888/835/2780 2886/833/2778
f 2889/836/2781 2890/837/2782 2886/833/2778
f 2890/837/2782 2887/834/2779 2886/833/2778
f 2888/835/2780 2891/838/2783 2886/833/2778
f 2885/832/2777 2889/836/2781 2886/833/2778
f 2892/598/2784 2893/598/2785 2894/598/2786
f 2895/598/2787 2896/598/2788 2897/598/2789
f 2895/598/2787 2897/598/2789 2898/598/2073
f 2899/598/2790 2900/598/2791 2901/598/2792
f 2899/598/2790 2901/598/2792 2902/598/2793
f 2903/598/2077 2904/598/2078 2905/598/2794
f 2903/598/2077 2905/598/2794 2906/598/2795
f 2907/598/2796 2908/598/2796 2909/598/2796
f 2910/598/2797 2911/598/2797 2912/598/2797
f 2913/607/2798 2914/598/2799 2915/598/2800
f 2916/598/2801 2917/598/2802 2913/607/2798
f 2918/598/2803 2919/598/2804 2920/598/2805
f 2921/598/2806 2922/598/2807 2914/598/2799
f 2923/598/2092 2915/598/2800 2914/598/2799
f 2916/598/2801 2913/607/2798 2915/598/2800
f 2924/598/2808 2925/598/2809 2926/598/2810
f 2924/598/2808 2926/598/2810 2927/598/2811
f 2928/598/2812 2929/598/2099 2930/598/2100
f 2928/598/2812 2930/598/2100 2931/598/2813
f 2932/598/2814 2933/598/2815 2934/598/2104
f 2932/598/2814 2934/598/2104 2935/598/2816
f 2936/598/2817 2937/598/2107 2938/598/2818
f 2936/598/2817 2938/598/2818 2939/598/2819
f 2918/598/2803 2914/598/2799 2919/598/2804
f 2923/598/2092 2914/598/2799 2940/598/2820
f 2914/598/2799 2918/598/2803 2940/598/2820
f 2941/598/2821 2923/598/2092 2940/598/2820
f 2942/598/2112 2943/598/2822 2944/598/2114
f 2942/598/2112 2944/598/2114 2945/598/2823
f 2946/598/2824 2947/598/2825 2948/608/2118
f 2946/598/2824 2948/608/2118 2949/598/2119
f 2950/598/2120 2951/598/2826 2952/598/2827
f 2950/598/2120 2952/598/2827 2953/598/2828
f 2954/598/2829 2955/598/2830 2956/598/2831
f 2954/598/2829 2956/598/2831 2957/598/2127
f 2958/598/2128 2959/598/2832 2960/598/2130
f 2958/598/2128 2960/598/2130 2961/598/2131
f 2962/598/2833 2963/598/2834 2964/598/2835
f 2962/598/2833 2964/598/2835 2965/598/2836
f 2966/598/2837 2967/598/2838 2968/598/2839
f 2966/598/2837 2968/598/2839 2969/598/2840
f 2970/598/2140 2971/598/2841 2972/598/2842
f 2970/598/2140 2972/598/2842 2973/598/2843
f 2974/598/2844 2975/598/2845 2976/598/2146
f 2974/598/2844 2976/598/2146 2977/598/2846
f 2978/598/2148 2979/598/2847 2980/598/2150
f 2978/598/2148 2980/598/2150 2981/598/2848
f 2919/598/2804 2914/598/2799 2922/598/2807
f 2982/598/2849 2983/598/2849 2984/598/2849
f 2985/598/2850 2986/598/2850 2987/598/2850
f 2988/598/2851 2989/598/2851 2990/598/2851
f 2991/598/2852 2992/598/2853 2993/598/2854
f 2991/598/2852 2993/598/2854 2994/598/2855
f 2995/598/2159 2996/598/2160 2997/598/2161
f 2995/598/2159 2997/598/2161 2998/598/2162
f 2999/598/2163 3000/598/2856 3001/598/2857
f 2999/598/2163 3001/598/2857 3002/598/2858
f 3003/598/2859 3004/598/2168 3005/598/2860
f 3003/598/2859 3005/598/2860 3006/598/2861
f 2876/598/2770 2877/598/2771 3007/598/2862
f 2902/598/2793 2901/598/2792 3008/598/2863
f 3009/598/2864 3010/598/2865 3011/598/2866
f 3009/598/2864 3011/598/2866 3012/598/2867
f 3013/598/2868 3014/598/2869 3015/598/2870
f 3013/598/2868 3015/598/2870 3016/598/2871
f 3017/598/2872 3018/598/2873 3019/598/2874
f 3017/598/2872 3019/598/2874 3020/598/2875
f 3021/598/2876 3022/598/2877 3023/598/2878
f 3021/598/2876 3023/598/2878 3024/598/2879
f 3025/598/2880 3026/598/2881 3027/598/2882
f 3028/598/2883 3029/598/2884 3030/598/2885
f 3028/598/2883 3030/598/2885 3031/598/2886
f 3032/598/2195 3033/598/2196 3034/598/2197
f 3032/598/2195 3034/598/2197 3035/598/2198
f 3036/598/2887 3008/598/2863 3037/598/2888
f 3038/598/2889 3039/598/2890 3040/598/2891
f 3038/598/2889 3040/598/2891 3041/598/2892
f 3042/598/2893 3043/598/2894 3044/598/2895
f 3042/598/2893 3044/598/2895 3045/598/2896
f 3046/608/2209 3047/607/2897 2869/598/2765
f 3048/598/2898 3049/598/2899 2866/598/2762
f 3048/598/2898 2866/598/2762 2868/598/2764
f 3050/607/2900 2893/598/2785 2892/598/2784
f 2893/598/2785 3051/598/2901 2894/598/2786
f 3050/607/2900 3052/598/2902 2893/598/2785
f 3053/598/2903 3054/598/2904 3025/598/2880
f 3055/598/2905 3056/598/2906 3057/598/2907
f 3046/608/2209 2869/598/2765 2870/598/2766
f 3023/598/2878 3041/598/2892 3040/598/2891
f 3013/598/2868 3017/598/2872 3014/598/2869
f 3054/598/2904 3058/598/2264 3026/598/2881
f 3017/598/2872 3020/598/2875 3014/598/2869
f 2876/598/2770 3007/598/2862 3059/598/2908
f 3028/598/2883 3031/598/2886 3043/598/2894
f 2874/598/2768 2875/598/2769 3060/598/2909
f 2874/598/2768 3060/598/2909 3061/598/2910
f 3062/598/2911 2899/598/2790 2902/598/2793
f 2902/598/2793 3008/598/2863 3036/598/2887
f 3023/598/2878 3022/598/2877 3041/598/2892
f 3034/598/2197 3033/598/2196 3012/598/2867
f 3034/598/2197 3012/598/2867 3011/598/2866
f 3043/598/2894 3042/598/2893 3028/598/2883
f 3055/598/2905 3063/598/2912 3064/598/2913
f 3065/598/2914 2892/598/2784 2894/598/2786
f 3066/598/2915 3055/598/2905 3067/598/2916
f 3058/598/2264 3054/598/2904 3068/598/2917
f 3026/598/2881 3025/598/2880 3054/598/2904
f 3064/598/2913 3056/598/2906 3055/598/2905
f 3069/598/2918 3058/598/2264 3068/598/2917
f 3070/598/2919 3051/598/2901 2893/598/2785
f 3071/598/2920 3056/598/2906 3064/598/2913
f 3066/598/2915 3063/598/2912 3055/598/2905
f 3072/607/2921 3073/598/2922 3074/598/2923
f 3075/598/2924 3073/598/2922 3072/607/2921
f 3076/598/2925 3077/598/2926 3078/598/2927
f 3078/598/2927 3079/598/2928 3076/598/2925
f 3073/598/2922 3075/598/2924 3080/598/2929
f 3081/598/2930 3077/598/2926 3076/598/2925
f 3078/598/2927 3080/598/2929 3075/598/2924
f 3078/598/2927 3075/598/2924 3079/598/2928
f 3082/598/2931 3083/598/2932 3084/598/2933
f 3085/598/2934 3086/598/2935 3083/598/2932
f 3087/598/2936 3088/598/2937 3089/598/2938
f 3089/598/2938 3088/598/2937 3090/598/2939
f 3091/598/2940 3092/598/2941 3093/598/2942
f 3087/598/2936 3094/598/2943 3088/598/2937
f 3095/598/2944 3096/598/2945 3097/598/2946
f 3098/598/2947 3099/598/2948 3100/598/2949
f 3098/598/2947 3100/598/2949 3101/598/2950
f 3097/598/2946 3099/598/2948 3098/598/2947
f 3102/598/2270 3103/598/2271 3104/598/2951
f 3102/598/2270 3104/598/2951 3105/598/2952
f 3097/598/2946 3096/598/2945 3099/598/2948
f 3106/598/2953 3107/598/2954 3091/598/2940
f 3106/598/2953 3108/598/2955 3107/598/2954
f 3095/598/2944 3109/598/2956 3110/598/2957
f 3111/598/2958 3112/598/2959 3113/598/2960
f 3114/608/2961 3115/598/2285 3116/598/2962
f 3114/608/2961 3116/598/2962 3117/598/2963
f 3091/598/2940 3107/598/2954 3092/598/2941
f 3118/598/2964 3119/598/2965 3120/598/2966
f 3098/598/2947 3101/598/2950 3121/598/2967
f 3118/598/2964 3122/598/2968 3119/598/2965
f 3121/598/2967 3101/598/2950 3123/598/2969
f 3095/598/2944 3110/598/2957 3096/598/2945
f 3111/598/2958 3113/598/2960 3124/598/2970
f 3081/598/2930 3076/598/2925 3125/598/2971
f 3085/598/2934 3083/598/2932 3082/598/2931
f 3090/598/2939 3126/598/2972 3127/598/2973
f 3127/598/2973 3126/598/2972 3086/598/2935
f 3090/598/2939 3128/598/2974 3126/598/2972
f 3128/598/2974 3090/598/2939 3088/598/2937
f 3129/607/2975 3130/598/2976 3131/598/2977
f 3132/598/2978 3130/598/2976 3129/607/2975
f 3130/598/2976 3132/598/2978 3133/598/2979
f 3134/598/2980 3135/598/2981 3136/598/2982
f 3135/598/2981 3132/598/2978 3136/598/2982
f 3137/598/2983 3134/598/2980 3138/598/2984
f 3137/598/2983 3138/598/2984 3139/598/2985
f 3140/598/2986 3134/598/2980 3136/598/2982
f 3131/598/2977 3130/598/2976 3141/598/2987
f 3133/598/2979 3132/598/2978 3135/598/2981
f 3131/598/2977 3141/598/2987 3142/598/2988
f 3143/598/2989 3144/598/2990 3145/598/2991
f 3143/598/2989 3145/598/2991 3146/598/2992
f 3147/598/2993 3148/598/2994 3149/598/2995
f 3147/598/2993 3150/598/2996 3148/598/2994
f 3151/598/2997 3149/598/2995 3152/598/2998
f 3153/598/2999 3149/598/2995 3151/598/2997
f 3153/598/2999 3147/598/2993 3149/598/2995
f 3154/598/3000 3155/598/3001 3156/598/3002
f 3143/598/2989 3157/598/3003 3144/598/2990
f 3158/598/3004 3159/598/3005 3160/598/3006
f 3161/598/3007 3162/598/3008 3163/598/2327
f 3161/598/3007 3163/598/2327 3164/598/2328
f 3165/598/3009 3155/598/3001 3154/598/3000
f 3166/598/3010 3167/608/3011 3168/598/3012
f 3169/598/3013 3170/598/3014 3171/598/2343
f 3169/598/3013 3171/598/2343 3172/598/2344
f 3173/598/3015 3174/598/3016 3158/598/3004
f 3158/598/3004 3174/598/3016 3159/598/3005
f 3154/598/3000 3156/598/3002 3175/598/3017
f 3158/598/3004 3160/598/3006 3176/598/3018
f 3177/598/3019 3178/598/3020 3179/598/3021
f 3180/598/3022 3178/598/3020 3177/598/3019
f 3181/598/3023 3176/598/3018 3160/598/3006
f 3182/598/3024 3183/598/3025 3174/598/3016
f 3182/598/3024 3174/598/3016 3173/598/3015
f 3166/598/3010 3168/598/3012 3184/598/3026
f 3185/598/3027 3182/598/3024 3173/598/3015
f 3186/598/3028 3180/598/3022 3177/598/3019
f 3187/598/3029 3173/598/3015 3158/598/3004
f 3138/598/2984 3134/598/2980 3140/598/2986
f 3144/598/2990 3188/598/3030 3145/598/2991
f 3145/598/2991 3148/598/2994 3150/598/2996
f 3145/598/2991 3188/598/3030 3148/598/2994
f 3189/598/3031 3190/598/3032 3191/598/3033
f 3192/598/3034 3190/598/3032 3189/598/3031
f 3190/598/3032 3192/598/3034 3193/598/3035
f 3194/598/3036 3193/598/3035 3195/598/3037
f 3196/598/3038 3197/598/3039 3194/598/3036
f 3193/598/3035 3198/598/3040 3195/598/3037
f 3199/598/3041 3194/598/3036 3195/598/3037
f 3193/598/3035 3192/598/3034 3198/598/3040
f 3191/598/3033 3190/598/3032 3200/598/3042
f 3201/598/3043 3202/598/3044 3203/598/3045
f 3204/598/3046 3202/598/3044 3201/598/3043
f 3205/598/3047 3206/598/3048 3207/598/3049
f 3208/598/3050 3209/598/3051 3210/598/3052
f 3211/598/3053 3212/598/3054 3202/598/3044
f 3211/598/3053 3202/598/3044 3204/598/3046
f 3207/598/3049 3206/598/3048 3213/598/3055
f 3214/598/3056 3215/598/3057 3216/598/3058
f 3214/598/3056 3217/598/3059 3215/598/3057
f 3216/598/3058 3215/598/3057 3218/598/3060
f 3219/598/2391 3220/598/3061 3221/598/3062
f 3219/598/2391 3221/598/3062 3222/598/3063
f 3223/598/3064 3224/598/3065 3209/598/3051
f 3223/598/3064 3209/598/3051 3208/598/3050
f 3225/598/3066 3217/598/3059 3214/598/3056
f 3226/598/3067 3227/598/3068 3228/598/3069
f 3226/598/3067 3228/598/3069 3229/598/3070
f 3218/598/3060 3215/598/3057 3230/598/3071
f 3208/598/3050 3210/598/3052 3231/598/3072
f 3218/598/3060 3230/598/3071 3232/598/3073
f 3218/598/3060 3232/598/3073 3233/598/3074
f 3234/598/3075 3235/598/3076 3236/607/3077
f 3234/598/3075 3236/607/3077 3237/598/3078
f 3238/598/3079 3233/598/3074 3232/598/3073
f 3238/598/3079 3232/598/3073 3239/598/3080
f 3240/598/3081 3241/598/3082 3242/598/3083
f 3240/598/3081 3242/598/3083 3243/598/3084
f 3244/598/3085 3225/598/3066 3214/598/3056
f 3196/598/3038 3194/598/3036 3199/598/3041
f 3205/598/3047 3207/598/3049 3245/598/3086
f 3246/598/3087 3213/598/3055 3206/598/3048
f 3246/598/3087 3203/598/3045 3213/598/3055
f 3203/598/3045 3202/598/3044 3213/598/3055
f 3247/598/3088 3248/598/3089 3249/598/3090
f 3250/598/3091 3248/598/3089 3247/598/3088
f 3251/598/3092 3250/598/3091 3252/598/3093
f 3253/598/3094 3254/598/3095 3255/598/3096
f 3256/598/3097 3254/598/3095 3257/598/3098
f 3255/598/3096 3252/598/3093 3253/598/3094
f 3251/598/3092 3248/598/3089 3250/598/3091
f 3258/598/3099 3254/598/3095 3253/598/3094
f 3255/598/3096 3251/598/3092 3252/598/3093
f 3249/598/3090 3248/598/3089 3259/598/3100
f 3260/598/3101 3261/598/3102 3262/598/3103
f 3260/598/3101 3262/598/3103 3263/598/3104
f 3264/598/3105 3265/598/3106 3266/598/3107
f 3267/598/3108 3264/598/3105 3268/598/3109
f 3269/598/3110 3265/598/3106 3264/598/3105
f 3265/598/3106 3270/598/3111 3266/598/3107
f 3271/598/3112 3272/598/3113 3273/598/3114
f 3272/598/3113 3274/598/3115 3273/598/3114
f 3275/598/3116 3276/598/3117 3277/598/3118
f 3275/598/3116 3277/598/3118 3278/598/3119
f 3271/598/3112 3273/598/3114 3279/598/3120
f 3280/598/3121 3281/598/3122 3282/598/3123
f 3280/598/3121 3282/598/3123 3283/598/3124
f 3284/598/3125 3285/598/3126 3286/598/3127
f 3287/598/3128 3288/598/3129 3274/598/3115
f 3289/598/3130 3279/598/3120 3290/598/3131
f 3284/598/3125 3291/598/3125 3285/598/3126
f 3292/598/3132 3293/598/3133 3294/598/3134
f 3295/598/3135 3296/598/3136 3297/598/3137
f 3295/598/3135 3297/598/3137 3298/598/3138
f 3271/598/3112 3279/598/3120 3289/598/3130
f 3283/598/3124 3282/598/3123 3299/598/3139
f 3283/598/3124 3299/598/3139 3300/598/3140
f 3290/598/3131 3279/598/3120 3301/598/3141
f 3302/598/3142 3293/598/3133 3303/598/3143
f 3294/598/3134 3293/598/3133 3302/598/3142
f 3290/598/3131 3301/598/3141 3304/598/3144
f 3287/598/3128 3274/598/3115 3272/598/3113
f 3286/598/3127 3285/598/3126 3305/598/3145
f 3257/598/3098 3254/598/3095 3258/598/3099
f 3269/598/3110 3264/598/3105 3267/598/3108
f 3235/598/3076 3234/598/3075 3306/598/3146
f 3262/598/3103 3270/598/3111 3307/607/3147
f 3307/607/3147 3270/598/3111 3265/598/3106
f 3270/598/3111 3262/598/3103 3261/598/3102
f 3267/598/3108 3268/598/3109 3308/598/3148
f 3309/598/3149 3200/598/3042 3190/598/3032
f 3310/598/3150 3261/598/3102 3260/598/3101
f 3310/598/3150 3260/598/3101 3311/598/3151
f 3304/598/3144 3312/598/3152 3290/598/3131
f 3287/598/3128 3313/598/3153 3288/598/3129
f 3314/598/3154 3259/598/3100 3248/598/3089
f 3315/598/3155 3305/598/3145 3285/598/3126
f 3178/598/3020 3180/598/3022 3316/598/3156
f 3181/598/3023 3160/598/3006 3317/598/3157
f 3157/598/3003 3143/598/2989 3318/598/3158
f 3168/598/3012 3319/598/3159 3184/598/3026
f 3320/598/3160 3319/598/3159 3168/598/3012
f 3320/598/3160 3321/598/3161 3319/598/3159
f 3306/598/3146 3321/598/3161 3320/598/3160
f 3306/598/3146 3234/598/3075 3321/598/3161
f 3113/598/2960 3322/598/3162 3124/598/2970
f 3152/598/2998 3323/598/3163 3324/598/3164
f 3152/598/2998 3324/598/3164 3151/598/2997
f 3183/598/3025 3182/598/3024 3325/598/3165
f 3325/598/3165 3239/598/3080 3183/598/3025
f 3326/598/3166 3183/598/3025 3239/598/3080
f 3239/598/3080 3325/598/3165 3238/598/3079
f 3137/598/2983 3327/598/3167 3328/608/3168
f 3137/598/2983 3139/598/2985 3327/598/3167
f 3329/598/3169 3322/598/3162 3113/598/2960
f 3330/598/3170 3331/598/3171 3322/598/3162
f 3330/598/3170 3322/598/3162 3329/598/3169
f 3316/598/3156 3180/598/3022 3331/598/3171
f 3316/598/3156 3331/598/3171 3330/598/3170
f 3122/598/2968 3118/598/2964 3332/598/3172
f 3084/598/2933 3333/598/3173 3082/598/2931
f 3334/598/3174 3333/598/3173 3084/598/2933
f 3077/598/2926 3335/598/3175 3336/598/3176
f 3095/598/2944 3337/598/3177 3109/598/2956
f 3109/598/2956 3337/598/3177 3317/598/3157
f 3317/598/3157 3337/598/3177 3181/598/3023
f 3095/598/2944 3338/598/3178 3337/598/3177
f 3077/598/2926 3081/598/2930 3335/598/3175
f 3336/598/3176 3335/598/3175 3339/598/3179
f 3336/598/3176 3339/598/3179 3340/598/3180
f 3308/598/3148 3268/598/3109 3341/598/3181
f 3123/598/2969 3342/598/3182 3121/598/2967
f 3343/598/3183 3313/598/3153 3342/598/3182
f 3343/598/3183 3342/598/3182 3123/598/2969
f 3288/598/3129 3313/598/3153 3343/598/3183
f 3074/598/2923 3073/598/2922 3344/598/3184
f 3074/598/2923 3344/598/3184 3345/598/3185
f 3346/598/3186 3347/598/3187 3256/598/3097
f 3347/598/3187 3346/598/3186 3348/598/3188
f 3346/598/3186 3256/598/3097 3257/598/3098
f 3122/598/2968 3332/598/3172 3349/598/3189
f 3349/598/3189 3332/598/3172 3350/598/3190
f 3349/598/3189 3350/598/3190 3315/598/3155
f 3305/598/3145 3315/598/3155 3350/598/3190
f 3242/598/3083 3351/598/3191 3243/598/3084
f 3352/607/3192 3094/598/2943 3087/598/2936
f 3308/598/3148 3341/598/3181 3353/598/3193
f 3197/598/3039 3196/598/3038 3354/598/3194
f 3197/598/3039 3354/598/3194 3355/598/3195
f 3355/598/3195 3354/598/3194 3356/598/3196
f 3355/598/3195 3356/598/3196 3357/598/3197
f 3358/598/3198 3245/598/3086 3207/598/3049
f 3225/598/3066 3359/598/3199 3217/598/3059
f 3225/598/3066 3312/598/3152 3359/598/3199
f 3312/598/3152 3304/598/3144 3359/598/3199
f 3086/598/2935 3126/598/2972 3083/598/2932
f 3358/598/3198 3360/598/3200 3245/598/3086
f 3361/608/3201 3360/598/3200 3358/598/3198
f 3362/598/3202 3351/598/3191 3242/598/3083
f 3363/598/3203 3351/598/3191 3362/598/3202
f 3363/598/3203 3364/598/3204 3351/598/3191
f 3293/598/3133 3292/598/3132 3363/598/3203
f 3363/598/3203 3292/598/3132 3364/598/3204
f 3365/839/3205 3366/840/3206 3367/841/3207
f 3365/839/3205 3367/841/3207 3368/842/3208
f 3369/843/3209 3367/841/3207 3366/840/3206
f 3370/844/3210 3371/845/3211 3372/846/3212
f 3370/844/3210 3372/846/3212 3367/841/3207
f 3370/844/3210 3367/841/3207 3369/843/3209
f 3373/847/3213 3372/846/3212 3371/845/3211
f 3374/848/3214 3375/849/3215 3376/850/3216
f 3374/848/3214 3376/850/3216 3372/846/3212
f 3374/848/3214 3372/846/3212 3373/847/3213
f 3375/849/3215 3377/851/3217 3378/624/3218
f 3375/849/3215 3378/624/3218 3376/850/3216
f 3379/852/3219 3380/853/3220 3381/628/3221
f 3379/852/3219 3381/628/3221 3382/854/3222
f 3383/855/3223 3384/856/3224 3380/853/3220
f 3383/855/3223 3380/853/3220 3379/852/3219
f 3385/857/3225 3386/858/3226 3384/856/3224
f 3385/857/3225 3384/856/3224 3383/855/3223
f 3387/859/3227 3388/860/3228 3386/858/3226
f 3387/859/3227 3386/858/3226 3385/857/3225
f 3389/861/3229 3390/862/3230 3386/858/3226
f 3389/861/3229 3386/858/3226 3388/860/3228
f 3365/839/3205 3368/842/3208 3391/863/3231
f 3391/863/3231 3368/842/3208 3390/862/3230
f 3391/863/3231 3390/862/3230 3389/861/3229
f 3392/864/3232 3393/865/3233 3365/839/3205
f 3393/865/3233 3366/840/3206 3365/839/3205
f 3394/866/3234 3370/844/3210 3369/843/3209
f 3374/848/3214 3395/867/3235 3375/849/3215
f 3395/867/3235 3396/868/3236 3375/849/3215
f 3396/868/3236 3377/851/3217 3375/849/3215
f 3397/869/3237 3383/855/3223 3379/852/3219
f 3388/860/3228 3398/870/3238 3389/861/3229
f 3398/870/3238 3392/864/3232 3391/863/3231
f 3398/870/3238 3391/863/3231 3389/861/3229
f 3392/864/3232 3365/839/3205 3391/863/3231
f 3366/840/3206 3394/866/3234 3369/843/3209
f 3399/871/3239 3374/848/3214 3373/847/3213
f 3396/868/3236 3400/872/3240 3377/851/3217
f 3401/873/3241 3402/874/3242 3392/864/3232
f 3402/874/3242 3366/840/3206 3393/865/3233
f 3392/864/3232 3402/874/3242 3393/865/3233
f 3402/874/3242 3394/866/3234 3366/840/3206
f 3403/875/3243 3399/871/3239 3373/847/3213
f 3371/845/3211 3403/875/3243 3373/847/3213
f 3399/871/3239 3404/876/3244 3374/848/3214
f 3404/876/3244 3395/867/3235 3374/848/3214
f 3405/877/3245 3397/869/3237 3379/852/3219
f 3382/854/3222 3405/877/3245 3379/852/3219
f 3406/878/3246 3407/879/3247 3383/855/3223
f 3397/869/3237 3406/878/3246 3383/855/3223
f 3407/879/3247 3408/880/3248 3385/857/3225
f 3407/879/3247 3385/857/3225 3383/855/3223
f 3408/880/3248 3387/859/3227 3385/857/3225
f 3388/860/3228 3409/881/3249 3398/870/3238
f 3409/881/3249 3401/873/3241 3392/864/3232
f 3409/881/3249 3392/864/3232 3398/870/3238
f 3402/874/3242 3410/882/3250 3394/866/3234
f 3410/882/3250 3411/883/3251 3370/844/3210
f 3410/882/3250 3370/844/3210 3394/866/3234
f 3411/883/3251 3371/845/3211 3370/844/3210
f 3405/877/3245 3406/878/3246 3397/869/3237
f 3412/884/3252 3405/877/3245 3382/854/3222
f 3408/880/3248 3413/885/3253 3387/859/3227
f 3413/885/3253 3414/886/3254 3387/859/3227
f 3387/859/3227 3414/886/3254 3388/860/3228
f 3414/886/3254 3409/881/3249 3388/860/3228
f 3415/887/3255 3416/888/3256 3401/873/3241
f 3401/873/3241 3416/888/3256 3402/874/3242
f 3416/888/3256 3410/882/3250 3402/874/3242
f 3404/876/3244 3417/889/3257 3395/867/3235
f 3417/889/3257 3396/868/3236 3395/867/3235
f 3417/889/3257 3400/872/3240 3396/868/3236
f 3414/886/3254 3418/890/3258 3409/881/3249
f 3418/890/3258 3419/891/3259 3409/881/3249
f 3419/891/3259 3401/873/3241 3409/881/3249
f 3419/891/3259 3415/887/3255 3401/873/3241
f 3416/888/3256 3420/892/3260 3410/882/3250
f 3420/892/3260 3421/893/3261 3410/882/3250
f 3421/893/3261 3411/883/3251 3410/882/3250
f 3411/883/3251 3422/894/3262 3371/845/3211
f 3403/875/3243 3423/895/3263 3399/871/3239
f 3422/894/3262 3403/875/3243 3371/845/3211
f 3423/895/3263 3404/876/3244 3399/871/3239
f 3417/889/3257 3424/896/3264 3400/872/3240
f 3405/877/3245 3425/897/3265 3406/878/3246
f 3425/897/3265 3426/898/3266 3407/879/3247
f 3425/897/3265 3407/879/3247 3406/878/3246
f 3415/887/3255 3427/899/3267 3416/888/3256
f 3427/899/3267 3420/892/3260 3416/888/3256
f 3422/894/3262 3423/895/3263 3403/875/3243
f 3423/895/3263 3428/900/3268 3404/876/3244
f 3428/900/3268 3417/889/3257 3404/876/3244
f 3429/901/3269 3425/897/3265 3405/877/3245
f 3430/902/3270 3429/901/3269 3405/877/3245
f 3430/902/3270 3405/877/3245 3412/884/3252
f 3426/898/3266 3431/903/3271 3407/879/3247
f 3431/903/3271 3408/880/3248 3407/879/3247
f 3413/885/3253 3432/904/3272 3414/886/3254
f 3418/890/3258 3433/905/3273 3419/891/3259
f 3432/904/3272 3418/890/3258 3414/886/3254
f 3433/905/3273 3415/887/3255 3419/891/3259
f 3434/906/3274 3426/898/3266 3425/897/3265
f 3435/907/3275 3436/908/3276 3415/887/3255
f 3415/887/3255 3436/908/3276 3427/899/3267
f 3436/908/3276 3420/892/3260 3427/899/3267
f 3421/893/3261 3422/894/3262 3411/883/3251
f 3428/900/3268 3437/909/3277 3417/889/3257
f 3438/910/3278 3428/900/3268 3423/895/3263
f 3439/911/3279 3440/912/3280 3424/896/3264
f 3439/911/3279 3424/896/3264 3417/889/3257
f 3437/909/3277 3439/911/3279 3417/889/3257
f 3441/913/3281 3429/901/3269 3430/902/3270
f 3408/880/3248 3432/904/3272 3413/885/3253
f 3442/914/3282 3443/915/3283 3433/905/3273
f 3442/914/3282 3433/905/3273 3418/890/3258
f 3432/904/3272 3442/914/3282 3418/890/3258
f 3443/915/3283 3435/907/3275 3415/887/3255
f 3443/915/3283 3415/887/3255 3433/905/3273
f 3436/908/3276 3444/916/3284 3420/892/3260
f 3444/916/3284 3445/917/3285 3421/893/3261
f 3444/916/3284 3421/893/3261 3420/892/3260
f 3445/917/3285 3422/894/3262 3421/893/3261
f 3446/918/3286 3447/919/3287 3425/897/3265
f 3446/918/3286 3425/897/3265 3429/901/3269
f 3441/913/3281 3446/918/3286 3429/901/3269
f 3434/906/3274 3448/920/3288 3426/898/3266
f 3447/919/3287 3434/906/3274 3425/897/3265
f 3448/920/3288 3431/903/3271 3426/898/3266
f 3431/903/3271 3449/921/3289 3408/880/3248
f 3449/921/3289 3432/904/3272 3408/880/3248
f 3450/922/3290 3442/914/3282 3432/904/3272
f 3435/907/3275 3451/923/3291 3436/908/3276
f 3451/923/3291 3444/916/3284 3436/908/3276
f 3422/894/3262 3452/924/3292 3423/895/3263
f 3452/924/3292 3438/910/3278 3423/895/3263
f 3442/914/3282 3453/925/3293 3443/915/3283
f 3453/925/3293 3435/907/3275 3443/915/3283
f 3445/917/3285 3454/926/3294 3422/894/3262
f 3454/926/3294 3455/927/3295 3422/894/3262
f 3452/924/3292 3456/928/3296 3438/910/3278
f 3455/927/3295 3452/924/3292 3422/894/3262
f 3456/928/3296 3457/929/3297 3428/900/3268
f 3456/928/3296 3428/900/3268 3438/910/3278
f 3457/929/3297 3437/909/3277 3428/900/3268
f 3447/919/3287 3458/930/3298 3434/906/3274
f 3458/930/3298 3448/920/3288 3434/906/3274
f 3459/931/3299 3450/922/3290 3432/904/3272
f 3449/921/3289 3459/931/3299 3432/904/3272
f 3460/932/3300 3461/933/3301 3435/907/3275
f 3435/907/3275 3461/933/3301 3451/923/3291
f 3461/933/3301 3444/916/3284 3451/923/3291
f 3457/929/3297 3462/934/3302 3437/909/3277
f 3463/935/3303 3464/936/3304 3440/912/3280
f 3463/935/3303 3440/912/3280 3439/911/3279
f 3462/934/3302 3463/935/3303 3439/911/3279
f 3462/934/3302 3439/911/3279 3437/909/3277
f 3465/937/3305 3446/918/3286 3441/913/3281
f 3466/938/3306 3449/921/3289 3431/903/3271
f 3448/920/3288 3466/938/3306 3431/903/3271
f 3467/939/3307 3453/925/3293 3442/914/3282
f 3450/922/3290 3467/939/3307 3442/914/3282
f 3453/925/3293 3460/932/3300 3435/907/3275
f 3461/933/3301 3468/940/3308 3444/916/3284
f 3468/940/3308 3454/926/3294 3445/917/3285
f 3468/940/3308 3445/917/3285 3444/916/3284
f 3469/941/3309 3447/919/3287 3446/918/3286
f 3465/937/3305 3469/941/3309 3446/918/3286
f 3458/930/3298 3466/938/3306 3448/920/3288
f 3469/941/3309 3458/930/3298 3447/919/3287
f 3459/931/3299 3467/939/3307 3450/922/3290
f 3467/939/3307 3460/932/3300 3453/925/3293
f 3459/931/3299 3470/942/3310 3467/939/3307
f 3470/942/3310 3460/932/3300 3467/939/3307
f 3471/943/3311 3472/944/3312 3473/945/3313
f 3471/943/3311 3468/940/3308 3472/944/3312
f 3474/946/2651 3468/940/3308 3471/943/3311
f 3474/946/2651 3475/947/3314 3454/926/3294
f 3474/946/2651 3454/926/3294 3468/940/3308
f 3475/947/3314 3476/948/3315 3455/927/3295
f 3475/947/3314 3455/927/3295 3454/926/3294
f 3477/949/3316 3452/924/3292 3455/927/3295
f 3477/949/3316 3455/927/3295 3476/948/3315
f 3477/949/3316 3456/928/3296 3452/924/3292
f 3478/950/2655 3457/929/3297 3456/928/3296
f 3478/950/2655 3456/928/3296 3477/949/3316
f 3478/950/2655 3479/951/2656 3462/934/3302
f 3478/950/2655 3462/934/3302 3457/929/3297
f 3479/951/2656 3463/935/3303 3462/934/3302
f 3479/951/2656 3480/952/3317 3464/936/3304
f 3479/951/2656 3464/936/3304 3463/935/3303
f 3481/953/3318 3469/941/3309 3465/937/3305
f 3481/953/3318 3465/937/3305 3482/954/2659
f 3483/955/3319 3458/930/3298 3469/941/3309
f 3483/955/3319 3469/941/3309 3481/953/3318
f 3483/955/3319 3484/956/3320 3466/938/3306
f 3483/955/3319 3466/938/3306 3458/930/3298
f 3484/956/3320 3485/957/3321 3449/921/3289
f 3484/956/3320 3449/921/3289 3466/938/3306
f 3486/958/3322 3459/931/3299 3449/921/3289
f 3486/958/3322 3449/921/3289 3485/957/3321
f 3487/959/3323 3470/942/3310 3459/931/3299
f 3487/959/3323 3459/931/3299 3486/958/3322
f 3487/959/3323 3488/960/3324 3470/942/3310
f 3488/960/3324 3460/932/3300 3470/942/3310
f 3472/944/3312 3468/940/3308 3461/933/3301
f 3460/932/3300 3472/944/3312 3461/933/3301
f 3489/961/3325 3490/962/3326 3491/963/3327
f 3491/963/3327 3492/738/3328 3493/964/3329
f 3493/964/3329 3494/743/3330 3495/965/2675
f 3495/965/2675 3496/966/3331 3497/967/3332
f 3497/967/3332 3498/968/3333 3499/969/3334
f 3499/969/3334 3500/749/3335 3501/970/3336
f 3501/970/3336 3502/971/3337 3503/972/3338
f 3504/973/3339 3489/961/3325 3503/972/3338
f 3488/960/3324 3473/945/3313 3472/944/3312
f 3488/960/3324 3472/944/3312 3460/932/3300
f 3493/964/3329 3492/738/3328 3505/752/3340
f 3506/974/3341 3504/973/3339 3503/972/3338
f 3504/973/3339 3507/753/3342 3489/961/3325
f 3503/972/3338 3502/971/3337 3508/751/3343
f 3497/967/3332 3496/966/3331 3509/754/3344
f 3490/962/3326 3489/961/3325 3510/755/3345
f 3494/743/3330 3493/964/3329 3511/757/3346
f 3498/968/3333 3497/967/3332 3512/758/3347
f 3513/975/3348 3514/760/3349 3503/972/3338
f 3514/760/3349 3515/761/3350 3503/972/3338
f 3516/762/3351 3517/763/2694 3497/967/3332
f 3517/763/2694 3518/764/3352 3495/965/2675
f 3517/763/2694 3495/965/2675 3497/967/3332
f 3519/765/3353 3520/766/3354 3491/963/3327
f 3520/766/3354 3521/767/3355 3491/963/3327
f 3503/972/3338 3489/961/3325 3513/975/3348
f 3489/961/3325 3522/768/3356 3523/769/3357
f 3513/975/3348 3489/961/3325 3523/769/3357
f 3515/761/3350 3524/770/3358 3501/970/3336
f 3515/761/3350 3501/970/3336 3503/972/3338
f 3524/770/3358 3525/771/3359 3501/970/3336
f 3518/764/3352 3526/772/3360 3495/965/2675
f 3526/772/3360 3527/773/2704 3495/965/2675
f 3521/767/3355 3528/774/3361 3491/963/3327
f 3528/774/3361 3529/775/3362 3530/976/3363
f 3528/774/3361 3530/976/3363 3491/963/3327
f 3491/963/3327 3530/976/3363 3489/961/3325
f 3525/771/3359 3531/977/3364 3501/970/3336
f 3531/977/3364 3532/777/3365 3499/969/3334
f 3501/970/3336 3531/977/3364 3499/969/3334
f 3527/773/2704 3533/778/2709 3495/965/2675
f 3533/778/2709 3534/779/3366 3493/964/3329
f 3533/778/2709 3493/964/3329 3495/965/2675
f 3529/775/3362 3535/780/3367 3530/976/3363
f 3535/780/3367 3522/768/3356 3489/961/3325
f 3535/780/3367 3489/961/3325 3530/976/3363
f 3532/777/3365 3536/781/3368 3499/969/3334
f 3536/781/3368 3516/762/3351 3497/967/3332
f 3536/781/3368 3497/967/3332 3499/969/3334
f 3534/779/3366 3537/782/3369 3493/964/3329
f 3537/782/3369 3519/765/3353 3491/963/3327
f 3537/782/3369 3491/963/3327 3493/964/3329
f 2889/836/2781 2885/832/2777 3538/783/3370
f 2889/836/2781 3538/783/3370 3539/784/3371
f 3540/978/3372 3541/979/3373 3542/980/2718
f 3540/978/3372 3542/980/2718 3543/981/3374
f 3544/982/2720 3545/983/3375 3546/984/3376
f 3544/982/2720 3546/984/3376 3547/985/3377
f 3548/986/3378 3549/987/2725 3550/988/2726
f 3548/986/3378 3550/988/2726 3551/989/2727
f 2888/835/2780 2887/834/2779 3552/798/3379
f 2888/835/2780 3552/798/3379 3553/990/3380
f 3554/991/2730 3555/992/2731 3541/979/3373
f 3554/991/2730 3541/979/3373 3540/978/3372
f 3556/993/3381 3557/994/2733 3558/995/3382
f 3556/993/3381 3558/995/3382 3559/996/3383
f 3560/805/3384 3561/806/3385 2890/837/2782
f 3560/805/3384 2890/837/2782 2889/836/2781
f 3557/994/2733 3556/993/3381 3543/981/3374
f 3557/994/2733 3543/981/3374 3542/980/2718
f 3547/985/3377 3546/984/3376 3562/997/2738
f 3547/985/3377 3562/997/2738 3563/998/3386
f 2886/833/2778 2891/838/2783 3564/810/3387
f 2886/833/2778 3564/810/3387 3565/811/3388
f 2887/834/2779 2890/837/2782 3566/823/3389
f 2887/834/2779 3566/823/3389 3567/999/3390
f 3568/1000/3391 3569/1001/3392 3551/989/2727
f 3568/1000/3391 3551/989/2727 3550/988/2726
f 3559/996/3383 3558/995/3382 3570/1002/3393
f 3559/996/3383 3570/1002/3393 3571/1003/2746
f 2885/832/2777 2884/831/2776 3572/816/3394
f 2885/832/2777 3572/816/3394 3573/817/3395
f 2891/838/2783 2888/835/2780 3574/1004/3396
f 2891/838/2783 3574/1004/3396 3575/818/3397
f 3576/1005/3398 3577/1006/2751 3563/998/3386
f 3576/1005/3398 3563/998/3386 3562/997/2738
f 3578/1007/2752 3579/1008/3399 3555/992/2731
f 3578/1007/2752 3555/992/2731 3554/991/2730
f 3579/1008/3399 3578/1007/2752 3569/1001/3392
f 3579/1008/3399 3569/1001/3392 3568/1000/3391
f 3580/1009/3400 3581/825/3401 3545/983/3375
f 3580/1009/3400 3545/983/3375 3544/982/2720
f 2884/831/2776 2886/833/2778 3582/826/3402
f 2884/831/2776 3582/826/3402 3583/827/3403
f 3584/1010/2759 3585/1011/2760 3549/987/2725
f 3584/1010/2759 3549/987/2725 3548/986/3378
f 3585/1011/2760 3584/1010/2759 3577/1006/2751
f 3585/1011/2760 3577/1006/2751 3576/1005/3398
f 3586/598/3404 3587/598/3405 3588/598/3406
f 3589/598/3407 3587/598/3405 3590/598/3408
f 3591/598/3409 3587/598/3405 3592/598/3410
f 3593/598/3411 3587/598/3405 3591/598/3409
f 3590/598/3408 3587/598/3405 3593/598/3411
f 3588/598/3406 3587/598/3405 3594/598/3412
f 3594/598/3412 3587/598/3405 3589/598/3407
f 3595/598/3413 3587/598/3405 3596/598/3414
f 3596/598/3414 3587/598/3405 3586/598/3404
f 3597/1012/3415 3598/1013/3416 3599/1014/3417
f 3598/1013/3416 3600/1015/3418 3599/1014/3417
f 3601/1016/3419 3602/1017/3420 3599/1014/3417
f 3602/1017/3420 3597/1012/3415 3599/1014/3417
f 3603/598/3421 3604/598/3422 3605/598/3423
f 3606/598/3424 3607/598/3425 3608/598/3426
f 3606/598/3424 3608/598/3426 3609/598/3427
f 3610/598/3428 3611/598/3429 3612/598/3430
f 3610/598/3428 3612/598/3430 3613/598/3431
f 3614/598/3432 3615/598/3433 3616/598/3434
f 3617/607/3435 3618/598/3436 3619/598/3437
f 3620/598/3438 3621/598/3439 3622/598/3440
f 3623/598/3441 3624/598/3442 3617/607/3435
f 3625/598/3443 3622/598/3440 3621/598/3439
f 3626/598/3444 3627/598/3445 3628/598/3446
f 3616/598/3434 3629/598/3447 3614/598/3432
f 3628/598/3446 3627/598/3445 3618/598/3436
f 3620/598/3438 3619/598/3437 3618/598/3436
f 3623/598/3441 3617/607/3435 3619/598/3437
f 3630/598/3448 3631/598/3449 3632/598/3450
f 3630/598/3448 3632/598/3450 3633/598/3451
f 3634/598/3452 3635/598/3453 3636/598/3454
f 3634/598/3452 3636/598/3454 3637/598/3455
f 3638/598/3456 3639/598/3457 3640/598/3458
f 3638/598/3456 3640/598/3458 3641/598/3459
f 3642/598/3460 3643/598/3461 3644/598/3462
f 3642/598/3460 3644/598/3462 3645/598/3463
f 3616/598/3434 3618/598/3436 3629/598/3447
f 3620/598/3438 3618/598/3436 3621/598/3439
f 3618/598/3436 3616/598/3434 3621/598/3439
f 3646/598/3464 3647/598/3465 3648/598/3466
f 3646/598/3464 3648/598/3466 3649/598/3467
f 3650/598/3468 3651/598/3469 3652/608/3470
f 3650/598/3468 3652/608/3470 3653/598/3471
f 3654/598/3472 3655/598/3473 3656/598/3474
f 3654/598/3472 3656/598/3474 3657/598/3475
f 3658/598/3476 3659/598/3477 3660/598/3478
f 3658/598/3476 3660/598/3478 3661/598/3479
f 3662/598/3480 3663/598/3481 3664/598/3482
f 3662/598/3480 3664/598/3482 3665/598/3483
f 3666/598/3484 3667/598/3485 3668/598/3486
f 3666/598/3484 3668/598/3486 3669/598/3487
f 3670/598/3488 3671/598/3489 3672/598/3490
f 3670/598/3488 3672/598/3490 3673/598/3491
f 3674/598/3492 3675/598/3493 3676/598/3494
f 3674/598/3492 3676/598/3494 3677/598/3495
f 3678/598/3496 3679/598/3497 3680/598/3498
f 3678/598/3496 3680/598/3498 3681/608/3499
f 3682/598/3500 3683/598/3501 3684/598/3502
f 3682/598/3500 3684/598/3502 3685/598/3503
f 3686/598/3504 3687/598/3505 3688/598/3506
f 3629/598/3447 3618/598/3436 3627/598/3445
f 3689/598/3507 3690/598/3508 3691/598/3509
f 3689/598/3507 3691/598/3509 3692/598/3510
f 3693/598/3511 3694/598/3512 3695/598/3513
f 3693/598/3511 3695/598/3513 3696/598/3514
f 3697/598/3515 3698/598/3516 3699/598/3517
f 3697/598/3515 3699/598/3517 3700/598/3518
f 3701/598/3519 3702/598/3520 3703/598/3521
f 3701/598/3519 3703/598/3521 3704/598/3522
f 3591/598/3409 3592/598/3410 3705/598/3523
f 3591/598/3409 3705/598/3523 3706/598/3524
f 3707/598/3525 3628/598/3446 3624/598/3442
f 3708/598/3526 3709/598/3527 3710/598/3528
f 3708/598/3526 3710/598/3528 3711/607/3529
f 3712/598/3530 3713/598/3531 3714/598/3532
f 3712/598/3530 3714/598/3532 3715/598/3533
f 3592/598/3410 3587/598/3405 3716/598/3534
f 3717/598/3535 3718/598/3536 3719/598/3537
f 3717/598/3535 3719/598/3537 3720/598/3538
f 3721/598/3539 3722/598/3540 3688/598/3506
f 3721/598/3539 3688/598/3506 3723/598/3541
f 3724/598/3542 3622/598/3440 3725/598/3543
f 3604/598/3422 3726/598/3544 3727/598/3545
f 3604/598/3422 3727/598/3545 3728/598/3546
f 3729/598/3547 3730/598/3548 3731/598/3549
f 3729/598/3547 3731/598/3549 3732/598/3550
f 3733/598/3551 3624/598/3442 3734/598/3552
f 3735/598/3553 3736/598/3554 3687/598/3505
f 3735/598/3553 3687/598/3505 3686/598/3504
f 3603/598/3421 3605/598/3423 3737/598/3555
f 3603/598/3421 3737/598/3555 3738/598/3556
f 3587/598/3405 3595/598/3413 3739/598/3557
f 3740/598/3558 3741/598/3559 3589/598/3407
f 3742/598/3560 3743/598/3561 3744/598/3562
f 3743/598/3561 3614/598/3432 3744/598/3562
f 3745/598/3563 3746/598/3564 3707/598/3525
f 3747/598/3565 3748/598/3566 3749/598/3567
f 3746/598/3564 3628/598/3446 3707/598/3525
f 3750/598/3568 3615/598/3433 3614/598/3432
f 3626/598/3444 3628/598/3446 3751/598/3569
f 3725/598/3543 3622/598/3440 3625/598/3443
f 3734/598/3552 3624/598/3442 3623/598/3441
f 3748/598/3566 3625/598/3443 3615/598/3433
f 3733/598/3551 3707/598/3525 3624/598/3442
f 3747/598/3565 3752/598/3570 3748/598/3566
f 3589/598/3407 3590/598/3408 3740/598/3558
f 3753/598/3571 3754/598/3572 3724/598/3542
f 3724/598/3542 3623/598/3441 3622/598/3440
f 3724/598/3542 3755/598/3573 3753/598/3571
f 3744/598/3562 3756/598/3574 3742/598/3560
f 3588/598/3406 3757/598/3575 3758/598/3576
f 3586/598/3404 3588/598/3406 3758/598/3576
f 3713/598/3531 3712/598/3530 3717/598/3535
f 3713/598/3531 3717/598/3535 3720/598/3538
f 3605/598/3423 3604/598/3422 3728/598/3546
f 3688/598/3506 3722/598/3540 3686/598/3504
f 3731/598/3549 3730/598/3548 3711/607/3529
f 3731/598/3549 3711/607/3529 3710/598/3528
f 3744/598/3562 3614/598/3432 3626/598/3444
f 3750/598/3568 3749/598/3567 3615/598/3433
f 3623/598/3441 3724/598/3542 3754/598/3572
f 3734/598/3552 3623/598/3441 3754/598/3572
f 3725/598/3543 3625/598/3443 3748/598/3566
f 3628/598/3446 3746/598/3564 3751/598/3569
f 3614/598/3432 3743/598/3561 3750/598/3568
f 3751/598/3569 3744/598/3562 3626/598/3444
f 3615/598/3433 3749/598/3567 3748/598/3566
f 3759/608/3577 3760/598/3578 3761/598/3579
f 3762/598/3580 3760/598/3578 3759/608/3577
f 3763/598/3581 3762/598/3580 3764/598/3582
f 3765/598/3583 3766/598/3584 3767/598/3585
f 3763/598/3581 3764/598/3582 3767/598/3585
f 3767/598/3585 3764/598/3582 3765/598/3583
f 3760/598/3578 3762/598/3580 3763/598/3581
f 3768/598/3586 3765/598/3583 3769/598/3587
f 3770/598/3588 3771/598/3589 3772/598/3590
f 3773/598/3591 3771/598/3589 3770/598/3588
f 3774/598/3592 3775/598/3593 3776/598/3594
f 3777/598/3595 3778/598/3596 3775/598/3593
f 3777/598/3595 3775/598/3593 3774/598/3592
f 3773/598/3591 3779/598/3597 3771/598/3589
f 3780/598/3598 3781/598/3599 3782/598/3600
f 3783/598/3601 3784/598/3602 3782/598/3600
f 3783/598/3601 3782/598/3600 3781/598/3599
f 3785/598/3603 3786/598/3604 3787/598/3605
f 3785/598/3603 3787/598/3605 3788/598/3606
f 3780/598/3598 3782/598/3600 3789/598/3607
f 3790/598/3608 3791/598/3609 3792/598/3610
f 3790/598/3608 3792/598/3610 3793/598/3611
f 3794/598/3612 3795/598/3613 3796/598/3614
f 3783/598/3601 3797/598/3615 3784/598/3602
f 3798/598/3616 3789/598/3607 3799/598/3617
f 3780/598/3598 3789/598/3607 3798/598/3616
f 3794/598/3612 3800/598/3618 3795/598/3613
f 3801/598/3619 3802/598/3620 3803/598/3621
f 3801/598/3619 3803/598/3621 3804/598/3622
f 3798/598/3616 3799/598/3617 3805/598/3623
f 3793/598/3611 3792/598/3610 3806/598/3624
f 3793/598/3611 3806/598/3624 3807/598/3625
f 3808/598/3626 3809/598/3627 3810/598/3628
f 3811/598/3629 3809/598/3627 3808/598/3626
f 3812/598/3630 3805/598/3623 3799/598/3617
f 3768/598/3586 3766/598/3584 3765/598/3583
f 3772/598/3590 3813/598/3631 3814/598/3632
f 3814/598/3632 3815/598/3633 3778/598/3596
f 3814/598/3632 3813/598/3631 3815/598/3633
f 3813/598/3631 3772/598/3590 3771/598/3589
f 3778/598/3596 3815/598/3633 3775/598/3593
f 3816/598/3634 3817/598/3635 3818/598/3636
f 3819/598/3637 3817/598/3635 3816/598/3634
f 3817/598/3635 3819/598/3637 3820/598/3638
f 3821/598/3639 3822/598/3640 3823/598/3641
f 3821/598/3639 3823/598/3641 3824/598/3642
f 3824/598/3642 3823/598/3641 3825/598/3643
f 3820/598/3638 3819/598/3637 3826/598/3644
f 3818/598/3636 3817/598/3635 3827/598/3645
f 3828/598/3646 3829/598/3647 3830/598/3648
f 3831/598/3649 3829/598/3647 3828/598/3646
f 3832/598/3650 3833/598/3651 3834/598/3652
f 3835/598/3653 3836/598/3654 3837/598/3655
f 3838/598/3656 3832/598/3650 3836/598/3654
f 3838/598/3656 3836/598/3654 3835/598/3653
f 3831/598/3649 3839/598/3657 3829/598/3647
f 3840/598/3658 3841/598/3659 3842/598/3660
f 3843/598/3661 3844/598/3662 3845/598/3663
f 3846/598/3664 3847/598/3665 3844/598/3662
f 3848/598/3666 3849/598/3667 3850/598/3668
f 3848/598/3666 3850/598/3668 3851/598/3669
f 3844/598/3662 3847/598/3665 3845/598/3663
f 3852/598/3670 3841/598/3659 3853/598/3671
f 3854/598/3672 3855/598/3673 3856/598/3674
f 3857/598/3675 3858/598/3676 3859/598/3677
f 3860/598/3678 3857/598/3675 3859/598/3677
f 3843/598/3661 3845/598/3663 3861/598/3679
f 3854/598/3672 3862/607/3680 3855/598/3673
f 3863/607/3681 3864/598/3682 3865/598/3683
f 3863/607/3681 3865/598/3683 3866/598/3684
f 3853/598/3671 3841/598/3659 3840/598/3658
f 3867/598/3685 3868/598/3686 3869/598/3687
f 3870/598/3688 3868/598/3686 3867/598/3685
f 3843/598/3661 3861/598/3679 3871/598/3689
f 3860/598/3678 3859/598/3677 3847/598/3665
f 3860/598/3678 3847/598/3665 3846/598/3664
f 3872/598/3690 3870/598/3688 3867/598/3685
f 3823/598/3641 3820/598/3638 3826/598/3644
f 3823/598/3641 3826/598/3644 3825/598/3643
f 3830/598/3648 3834/598/3652 3833/598/3651
f 3834/598/3652 3830/598/3648 3829/598/3647
f 3832/598/3650 3834/598/3652 3836/598/3654
f 3873/598/3691 3874/598/3692 3875/598/3693
f 3876/598/3694 3874/598/3692 3873/598/3691
f 3874/598/3692 3876/598/3694 3877/598/3695
f 3878/598/3696 3879/598/3697 3880/598/3698
f 3881/598/3699 3879/598/3697 3882/598/3700
f 3883/598/3701 3879/598/3697 3881/598/3699
f 3880/598/3698 3884/598/3702 3878/598/3696
f 3882/598/3700 3879/598/3697 3878/598/3696
f 3880/598/3698 3877/598/3695 3876/598/3694
f 3880/598/3698 3876/598/3694 3884/598/3702
f 3875/598/3693 3874/598/3692 3885/598/3703
f 3886/598/3704 3887/598/3705 3888/598/3706
f 3889/598/3707 3890/598/3708 3891/598/3709
f 3892/598/3710 3890/598/3708 3889/598/3707
f 3893/598/3711 3894/598/3712 3895/598/3713
f 3896/598/3714 3893/598/3711 3895/598/3713
f 3896/598/3714 3895/598/3713 3897/598/3715
f 3892/598/3710 3898/598/3716 3890/598/3708
f 3899/598/3717 3900/598/3718 3901/598/3719
f 3902/598/3720 3903/598/3721 3904/598/3722
f 3905/598/3723 3906/598/3724 3907/598/3725
f 3905/598/3723 3907/598/3725 3908/598/3726
f 3901/598/3719 3900/598/3718 3903/598/3721
f 3909/598/3727 3910/598/3728 3899/598/3717
f 3911/598/3729 3912/598/3730 3913/598/3731
f 3911/598/3729 3913/598/3731 3914/598/3732
f 3915/598/3733 3916/598/3734 3917/598/3735
f 3909/598/3727 3918/598/3736 3910/598/3728
f 3915/598/3733 3919/598/3737 3916/598/3734
f 3920/598/3738 3921/598/3739 3922/598/3740
f 3923/598/3741 3924/598/3742 3925/598/3743
f 3923/598/3741 3925/598/3743 3926/598/3744
f 3901/598/3719 3903/598/3721 3902/598/3720
f 3902/598/3720 3904/598/3722 3927/598/3745
f 3914/598/3732 3913/598/3731 3928/598/3746
f 3914/598/3732 3928/598/3746 3929/598/3747
f 3930/598/3748 3921/598/3739 3931/598/3749
f 3922/598/3740 3921/598/3739 3930/598/3748
f 3927/598/3745 3904/598/3722 3932/598/3750
f 3899/598/3717 3910/598/3728 3900/598/3718
f 3891/598/3709 3894/598/3712 3933/598/3751
f 3933/598/3751 3894/598/3712 3893/598/3711
f 3894/598/3712 3891/598/3709 3890/598/3708
f 3934/598/3752 3935/598/3753 3936/598/3754
f 3887/598/3705 3886/598/3704 3937/598/3755
f 3887/598/3705 3937/598/3755 3938/598/3756
f 3888/598/3706 3887/598/3705 3939/598/3757
f 3940/598/3758 3941/598/3759 3942/598/3760
f 3943/598/3761 3941/598/3759 3944/598/3762
f 3942/598/3760 3939/598/3757 3940/598/3758
f 3942/598/3760 3888/598/3706 3939/598/3757
f 3945/598/3763 3941/598/3759 3940/598/3758
f 3937/598/3755 3886/598/3704 3946/598/3764
f 3947/598/3765 3948/598/3766 3949/598/3767
f 3947/598/3765 3949/598/3767 3950/598/3768
f 3951/598/3769 3936/598/3754 3952/598/3770
f 3953/598/3771 3936/598/3754 3951/598/3769
f 3953/598/3771 3934/598/3752 3936/598/3754
f 3947/598/3765 3954/598/3772 3948/598/3766
f 3949/598/3767 3948/598/3766 3955/598/3773
f 3956/598/3774 3957/598/3775 3958/598/3776
f 3959/598/3777 3957/598/3775 3956/598/3774
f 3956/598/3774 3958/598/3776 3960/598/3778
f 3961/598/3779 3962/598/3780 3963/598/3781
f 3961/598/3779 3963/598/3781 3964/607/3782
f 3965/598/3783 3966/598/3784 3967/598/3785
f 3965/598/3783 3967/598/3785 3968/598/3786
f 3969/598/3787 3970/598/3788 3971/598/3789
f 3960/598/3778 3958/598/3776 3972/598/3790
f 3973/598/3791 3974/598/3792 3975/598/3793
f 3976/598/3794 3977/598/3795 3978/598/3796
f 3979/598/3797 3980/598/3798 3981/598/3799
f 3979/598/3797 3981/598/3799 3982/598/3800
f 3968/598/3786 3967/598/3785 3983/598/3801
f 3968/598/3786 3983/598/3801 3984/598/3802
f 3985/598/3803 3978/598/3796 3986/598/3804
f 3960/598/3778 3972/598/3790 3987/598/3805
f 3976/598/3794 3978/598/3796 3985/598/3803
f 3988/598/3806 3975/598/3793 3989/598/3807
f 3959/598/3777 3971/598/3789 3957/598/3775
f 3969/598/3787 3971/598/3789 3959/598/3777
f 3973/598/3791 3975/598/3793 3988/598/3806
f 3944/598/3762 3941/598/3759 3945/598/3763
f 3921/598/3739 3920/598/3738 3990/598/3808
f 3949/598/3767 3935/598/3753 3991/598/3809
f 3991/598/3809 3935/598/3753 3934/598/3752
f 3949/598/3767 3955/598/3773 3935/598/3753
f 3992/598/3810 3885/598/3703 3874/598/3692
f 3898/598/3716 3892/598/3710 3993/598/3811
f 3977/598/3795 3976/598/3794 3994/598/3812
f 3995/598/3813 3989/598/3807 3975/598/3793
f 3954/598/3772 3947/598/3765 3996/598/3814
f 3997/598/3815 3998/598/3816 3987/598/3805
f 3997/598/3815 3987/598/3805 3972/598/3790
f 3999/598/3817 3946/598/3764 3886/598/3704
f 3951/598/3769 3952/598/3770 4000/598/3818
f 3868/598/3686 3870/598/3688 4001/598/3819
f 3761/598/3579 3760/598/3578 4002/598/3820
f 4003/607/3821 3827/598/3645 3817/598/3635
f 4004/598/3822 3839/598/3657 3831/598/3649
f 4004/598/3822 3831/598/3649 4005/598/3823
f 4006/598/3824 3776/598/3594 3775/598/3593
f 4007/598/3825 4008/598/3826 3856/598/3674
f 4007/598/3825 3856/598/3674 3855/598/3673
f 4007/598/3825 3920/598/3738 4008/598/3826
f 3990/598/3808 3920/598/3738 4007/598/3825
f 3837/598/3655 4009/598/3827 3835/598/3653
f 3837/598/3655 4010/598/3828 4009/598/3827
f 3857/598/3675 4011/598/3829 3858/598/3676
f 3858/598/3676 4011/598/3829 4012/598/3830
f 4012/598/3830 4011/598/3829 3927/598/3745
f 3927/598/3745 3932/598/3750 4012/598/3830
f 4011/598/3829 4013/598/3831 3927/598/3745
f 4014/598/3832 3822/598/3640 3821/598/3639
f 4014/598/3832 3821/598/3639 4015/598/3833
f 4016/598/3834 4014/598/3832 4015/598/3833
f 4017/598/3835 4018/598/3836 3796/598/3614
f 4017/598/3835 3796/598/3614 3795/598/3613
f 4001/598/3819 4019/598/3837 4017/598/3835
f 4017/598/3835 4019/598/3837 4018/598/3836
f 4001/598/3819 3870/598/3688 4019/598/3837
f 3809/598/3627 3811/598/3629 4020/598/3838
f 4021/598/3839 4022/598/3840 3776/598/3594
f 4006/598/3824 4021/598/3839 3776/598/3594
f 3783/598/3601 4023/598/3841 3797/598/3615
f 3797/598/3615 4023/598/3841 3871/598/3689
f 3871/598/3689 4023/598/3841 4024/598/3842
f 3871/598/3689 4024/598/3842 3843/598/3661
f 3766/598/3584 3768/598/3586 4025/598/3843
f 3766/598/3584 4025/598/3843 4026/598/3844
f 4026/598/3844 4025/598/3843 4027/598/3845
f 4027/598/3845 4025/598/3843 4028/598/3846
f 3812/598/3630 3799/598/3617 4029/598/3847
f 3970/598/3788 3812/598/3630 4029/598/3847
f 4030/598/3848 3970/598/3788 4029/598/3847
f 3969/598/3787 3812/598/3630 3970/598/3788
f 4002/598/3820 3760/598/3578 4031/598/3849
f 4032/598/3850 4033/598/3851 4034/598/3852
f 4032/598/3850 4034/598/3852 4035/598/3853
f 4035/598/3853 3943/598/3761 3944/598/3762
f 4034/598/3852 3943/598/3761 4035/598/3853
f 3809/598/3627 4020/598/3838 4036/598/3854
f 4036/598/3854 4020/598/3838 4037/598/3855
f 4036/598/3854 4037/598/3855 3995/598/3813
f 3989/598/3807 3995/598/3813 4037/598/3855
f 4038/598/3856 3779/598/3597 3773/598/3591
f 4000/598/3818 4039/598/3857 4040/598/3858
f 4000/598/3818 3952/598/3770 4039/598/3857
f 3883/598/3701 3881/598/3699 4041/598/3859
f 4041/598/3859 3881/598/3699 4042/598/3860
f 4043/598/3861 3897/598/3715 3895/598/3713
f 3909/598/3727 3997/598/3815 3918/598/3736
f 3909/598/3727 3998/598/3816 3997/598/3815
f 4043/598/3861 4044/598/3862 3897/598/3715
f 4045/598/3863 4044/598/3862 4043/598/3861
f 4045/598/3863 4046/608/3864 4044/598/3862
f 4047/598/3865 4048/598/3866 3917/598/3735
f 4047/598/3865 3917/598/3735 3916/598/3734
f 4049/598/3867 4048/598/3866 4047/598/3865
f 3977/598/3795 3994/598/3812 4049/598/3867
f 4049/598/3867 3994/598/3812 4048/598/3866
f 4050/1018/3868 4051/1019/3869 4052/1020/3870
f 4050/1018/3868 4052/1020/3870 4053/842/3871
f 4050/1018/3868 4053/842/3871 4054/1021/3872
f 4055/1022/3873 4052/1020/3870 4051/1019/3869
f 4056/1023/3874 4057/1024/3875 4058/1025/3876
f 4056/1023/3874 4058/1025/3876 4052/1020/3870
f 4056/1023/3874 4052/1020/3870 4055/1022/3873
f 4059/1026/3877 4058/1025/3876 4057/1024/3875
f 4060/1027/3878 4061/1028/3879 4062/1029/3880
f 4060/1027/3878 4062/1029/3880 4058/1025/3876
f 4060/1027/3878 4058/1025/3876 4059/1026/3877
f 4061/1028/3879 4063/1030/3881 4064/624/3882
f 4061/1028/3879 4064/624/3882 4062/1029/3880
f 4065/1031/3883 4066/1032/3884 4067/1033/3885
f 4065/1031/3883 4067/1033/3885 4068/628/3886
f 4065/1031/3883 4068/628/3886 4069/1034/3887
f 4070/1035/3888 4071/1036/3889 4067/1033/3885
f 4070/1035/3888 4067/1033/3885 4066/1032/3884
f 4072/1037/3890 4073/1038/3891 4071/1036/3889
f 4072/1037/3890 4071/1036/3889 4070/1035/3888
f 4074/1039/3892 4075/1040/3893 4071/1036/3889
f 4074/1039/3892 4071/1036/3889 4073/1038/3891
f 4076/1041/3894 4077/1042/3895 4075/1040/3893
f 4076/1041/3894 4075/1040/3893 4074/1039/3892
f 4054/1021/3872 4053/842/3871 4075/1040/3893
f 4054/1021/3872 4075/1040/3893 4077/1042/3895
f 4078/1043/3896 4050/1018/3868 4054/1021/3872
f 4051/1019/3869 4079/1044/3897 4055/1022/3873
f 4079/1044/3897 4080/1045/3898 4055/1022/3873
f 4080/1045/3898 4056/1023/3874 4055/1022/3873
f 4060/1027/3878 4081/1046/3899 4061/1028/3879
f 4061/1028/3879 4082/1047/3900 4063/1030/3881
f 4073/1038/3891 4083/1048/3901 4074/1039/3892
f 4077/1042/3895 4078/1043/3896 4054/1021/3872
f 4050/1018/3868 4079/1044/3897 4051/1019/3869
f 4084/1049/3902 4082/1047/3900 4061/1028/3879
f 4081/1046/3899 4084/1049/3902 4061/1028/3879
f 4085/1050/3903 4065/1031/3883 4069/1034/3887
f 4076/1041/3894 4086/1051/3904 4077/1042/3895
f 4086/1051/3904 4078/1043/3896 4077/1042/3895
f 4087/1052/3905 4079/1044/3897 4050/1018/3868
f 4087/1052/3905 4050/1018/3868 4078/1043/3896
f 4080/1045/3898 4088/1053/3906 4056/1023/3874
f 4088/1053/3906 4057/1024/3875 4056/1023/3874
f 4057/1024/3875 4089/1054/3907 4059/1026/3877
f 4090/1055/3908 4081/1046/3899 4060/1027/3878
f 4089/1054/3907 4090/1055/3908 4060/1027/3878
f 4089/1054/3907 4060/1027/3878 4059/1026/3877
f 4091/1056/3909 4092/1057/3910 4066/1032/3884
f 4091/1056/3909 4066/1032/3884 4065/1031/3883
f 4085/1050/3903 4091/1056/3909 4065/1031/3883
f 4093/1058/3911 4094/1059/3912 4070/1035/3888
f 4092/1057/3910 4093/1058/3911 4070/1035/3888
f 4092/1057/3910 4070/1035/3888 4066/1032/3884
f 4094/1059/3912 4072/1037/3890 4070/1035/3888
f 4083/1048/3901 4095/1060/3913 4074/1039/3892
f 4096/1061/3914 4086/1051/3904 4076/1041/3894
f 4095/1060/3913 4096/1061/3914 4076/1041/3894
f 4095/1060/3913 4076/1041/3894 4074/1039/3892
f 4086/1051/3904 4087/1052/3905 4078/1043/3896
f 4087/1052/3905 4097/1062/3915 4079/1044/3897
f 4097/1062/3915 4080/1045/3898 4079/1044/3897
f 4084/1049/3902 4098/1063/3916 4082/1047/3900
f 4094/1059/3912 4099/1064/3917 4072/1037/3890
f 4099/1064/3917 4073/1038/3891 4072/1037/3890
f 4096/1061/3914 4100/1065/3918 4086/1051/3904
f 4101/1066/3919 4097/1062/3915 4087/1052/3905
f 4097/1062/3915 4102/1067/3920 4080/1045/3898
f 4102/1067/3920 4088/1053/3906 4080/1045/3898
f 4090/1055/3908 4103/1068/3921 4081/1046/3899
f 4103/1068/3921 4084/1049/3902 4081/1046/3899
f 4100/1065/3918 4101/1066/3919 4087/1052/3905
f 4100/1065/3918 4087/1052/3905 4086/1051/3904
f 4101/1066/3919 4104/1069/3922 4097/1062/3915
f 4104/1069/3922 4105/1070/3923 4097/1062/3915
f 4105/1070/3923 4102/1067/3920 4097/1062/3915
f 4106/1071/3924 4107/1072/3925 4098/1063/3916
f 4106/1071/3924 4098/1063/3916 4084/1049/3902
f 4103/1068/3921 4106/1071/3924 4084/1049/3902
f 4108/1073/3926 4091/1056/3909 4085/1050/3903
f 4099/1064/3917 4109/1074/3927 4073/1038/3891
f 4109/1074/3927 4083/1048/3901 4073/1038/3891
f 4109/1074/3927 4095/1060/3913 4083/1048/3901
f 4096/1061/3914 4110/1075/3928 4100/1065/3918
f 4111/1076/3929 4104/1069/3922 4101/1066/3919
f 4102/1067/3920 4112/1077/3930 4088/1053/3906
f 4112/1077/3930 4113/1078/3931 4057/1024/3875
f 4112/1077/3930 4057/1024/3875 4088/1053/3906
f 4113/1078/3931 4114/1079/3932 4057/1024/3875
f 4057/1024/3875 4114/1079/3932 4089/1054/3907
f 4115/1080/3933 4103/1068/3921 4090/1055/3908
f 4114/1079/3932 4115/1080/3933 4090/1055/3908
f 4114/1079/3932 4090/1055/3908 4089/1054/3907
f 4116/1081/3934 4117/1082/3935 4092/1057/3910
f 4116/1081/3934 4092/1057/3910 4091/1056/3909
f 4108/1073/3926 4116/1081/3934 4091/1056/3909
f 4118/1083/3936 4119/1084/3937 4094/1059/3912
f 4118/1083/3936 4094/1059/3912 4093/1058/3911
f 4117/1082/3935 4118/1083/3936 4093/1058/3911
f 4117/1082/3935 4093/1058/3911 4092/1057/3910
f 4119/1084/3937 4099/1064/3917 4094/1059/3912
f 4109/1074/3927 4120/1085/3938 4095/1060/3913
f 4121/1086/3939 4110/1075/3928 4096/1061/3914
f 4120/1085/3938 4121/1086/3939 4096/1061/3914
f 4120/1085/3938 4096/1061/3914 4095/1060/3913
f 4110/1075/3928 4111/1076/3929 4101/1066/3919
f 4110/1075/3928 4101/1066/3919 4100/1065/3918
f 4121/1086/3939 4122/1087/3940 4110/1075/3928
f 4123/1088/3941 4104/1069/3922 4111/1076/3929
f 4105/1070/3923 4124/1089/3942 4102/1067/3920
f 4124/1089/3942 4112/1077/3930 4102/1067/3920
f 4115/1080/3933 4125/1090/3943 4103/1068/3921
f 4125/1090/3943 4106/1071/3924 4103/1068/3921
f 4126/1091/3944 4116/1081/3934 4108/1073/3926
f 4122/1087/3940 4123/1088/3941 4111/1076/3929
f 4122/1087/3940 4111/1076/3929 4110/1075/3928
f 4123/1088/3941 4127/1092/3945 4104/1069/3922
f 4127/1092/3945 4105/1070/3923 4104/1069/3922
f 4127/1092/3945 4124/1089/3942 4105/1070/3923
f 4114/1079/3932 4128/1093/3946 4115/1080/3933
f 4128/1093/3946 4125/1090/3943 4115/1080/3933
f 4129/1094/3947 4130/1095/3948 4107/1072/3925
f 4129/1094/3947 4107/1072/3925 4106/1071/3924
f 4125/1090/3943 4129/1094/3947 4106/1071/3924
f 4099/1064/3917 4131/1096/3949 4109/1074/3927
f 4132/1097/3950 4120/1085/3938 4109/1074/3927
f 4131/1096/3949 4132/1097/3950 4109/1074/3927
f 4121/1086/3939 4133/1098/3951 4122/1087/3940
f 4134/1099/3952 4127/1092/3945 4123/1088/3941
f 4135/1100/3953 4128/1093/3946 4114/1079/3932
f 4113/1078/3931 4135/1100/3953 4114/1079/3932
f 4136/1101/3954 4117/1082/3935 4116/1081/3934
f 4126/1091/3944 4136/1101/3954 4116/1081/3934
f 4137/1102/3955 4119/1084/3937 4118/1083/3936
f 4136/1101/3954 4137/1102/3955 4118/1083/3936
f 4136/1101/3954 4118/1083/3936 4117/1082/3935
f 4137/1102/3955 4099/1064/3917 4119/1084/3937
f 4132/1097/3950 4138/1103/3956 4120/1085/3938
f 4138/1103/3956 4133/1098/3951 4121/1086/3939
f 4138/1103/3956 4121/1086/3939 4120/1085/3938
f 4133/1098/3951 4134/1099/3952 4123/1088/3941
f 4133/1098/3951 4123/1088/3941 4122/1087/3940
f 4134/1099/3952 4139/1104/3957 4127/1092/3945
f 4139/1104/3957 4124/1089/3942 4127/1092/3945
f 4140/1105/3958 4125/1090/3943 4128/1093/3946
f 4141/1106/3959 4131/1096/3949 4099/1064/3917
f 4137/1102/3955 4141/1106/3959 4099/1064/3917
f 4138/1103/3956 4142/1107/3960 4133/1098/3951
f 4143/1108/3961 4139/1104/3957 4134/1099/3952
f 4139/1104/3957 4144/1109/3962 4124/1089/3942
f 4145/1110/3963 4113/1078/3931 4112/1077/3930
f 4144/1109/3962 4145/1110/3963 4112/1077/3930
f 4144/1109/3962 4112/1077/3930 4124/1089/3942
f 4135/1100/3953 4146/1111/3964 4128/1093/3946
f 4140/1105/3958 4147/1112/3965 4125/1090/3943
f 4146/1111/3964 4140/1105/3958 4128/1093/3946
f 4147/1112/3965 4129/1094/3947 4125/1090/3943
f 4148/1113/3966 4149/1114/3967 4136/1101/3954
f 4126/1091/3944 4148/1113/3966 4136/1101/3954
f 4149/1114/3967 4150/1115/3968 4137/1102/3955
f 4149/1114/3967 4137/1102/3955 4136/1101/3954
f 4150/1115/3968 4141/1106/3959 4137/1102/3955
f 4132/1097/3950 4151/1116/3969 4138/1103/3956
f 4152/1117/3970 4142/1107/3960 4138/1103/3956
f 4151/1116/3969 4152/1117/3970 4138/1103/3956
f 4142/1107/3960 4143/1108/3961 4134/1099/3952
f 4142/1107/3960 4134/1099/3952 4133/1098/3951
f 4143/1108/3961 4153/1118/3971 4139/1104/3957
f 4153/1118/3971 4144/1109/3962 4139/1104/3957
f 4147/1112/3965 4154/1119/3972 4130/1095/3948
f 4147/1112/3965 4130/1095/3948 4129/1094/3947
f 4155/1120/3973 4148/1113/3966 4126/1091/3944
f 4152/1117/3970 4156/1121/3974 4142/1107/3960
f 4157/1122/3975 4143/1108/3961 4142/1107/3960
f 4156/1121/3974 4157/1122/3975 4142/1107/3960
f 4158/1123/3976 4153/1118/3971 4157/1122/3975
f 4158/1123/3976 4157/1122/3975 4159/1124/3977
f 4160/1125/3978 4144/1109/3962 4153/1118/3971
f 4160/1125/3978 4153/1118/3971 4158/1123/3976
f 4160/1125/3978 4161/1126/3979 4144/1109/3962
f 4161/1126/3979 4145/1110/3963 4144/1109/3962
f 4161/1126/3979 4162/1127/3980 4113/1078/3931
f 4161/1126/3979 4113/1078/3931 4145/1110/3963
f 4163/1128/3981 4135/1100/3953 4113/1078/3931
f 4163/1128/3981 4113/1078/3931 4162/1127/3980
f 4163/1128/3981 4146/1111/3964 4135/1100/3953
f 4164/1129/3982 4140/1105/3958 4146/1111/3964
f 4164/1129/3982 4146/1111/3964 4163/1128/3981
f 4164/1129/3982 4165/1130/3983 4147/1112/3965
f 4164/1129/3982 4147/1112/3965 4140/1105/3958
f 4165/1130/3983 4166/1131/3984 4154/1119/3972
f 4165/1130/3983 4154/1119/3972 4147/1112/3965
f 4167/1132/3985 4148/1113/3966 4155/1120/3973
f 4167/1132/3985 4155/1120/3973 4168/1133/3986
f 4167/1132/3985 4149/1114/3967 4148/1113/3966
f 4169/1134/3987 4150/1115/3968 4149/1114/3967
f 4169/1134/3987 4149/1114/3967 4167/1132/3985
f 4169/1134/3987 4170/1135/3988 4150/1115/3968
f 4170/1135/3988 4141/1106/3959 4150/1115/3968
f 4170/1135/3988 4171/1136/3989 4131/1096/3949
f 4170/1135/3988 4131/1096/3949 4141/1106/3959
f 4172/1137/3990 4132/1097/3950 4131/1096/3949
f 4172/1137/3990 4131/1096/3949 4171/1136/3989
f 4172/1137/3990 4151/1116/3969 4132/1097/3950
f 4173/1138/3991 4152/1117/3970 4151/1116/3969
f 4173/1138/3991 4151/1116/3969 4172/1137/3990
f 4173/1138/3991 4174/1139/3992 4156/1121/3974
f 4173/1138/3991 4156/1121/3974 4152/1117/3970
f 4174/1139/3992 4157/1122/3975 4156/1121/3974
f 4157/1122/3975 4153/1118/3971 4143/1108/3961
f 4175/1140/3993 4176/1141/3994 4177/1142/3995
f 4177/1142/3995 4178/1143/3996 4179/1144/3997
f 4180/1145/3998 4181/1146/3999 4182/1147/4000
f 4179/1144/3997 4183/1148/4001 4184/1149/4002
f 4184/1149/4002 4185/1150/4003 4186/1151/4004
f 4186/1151/4004 4187/1152/4005 4188/1153/4006
f 4188/1153/4006 4189/1154/4007 4180/1145/3998
f 4190/1155/4008 4175/1140/3993 4182/1147/4000
f 4174/1139/3992 4159/1124/3977 4157/1122/3975
f 4181/1146/3999 4180/1145/3998 4191/751/4009
f 4179/1144/3997 4178/1143/3996 4192/752/4010
f 4190/1155/4008 4193/753/4011 4175/1140/3993
f 4186/1151/4004 4185/1150/4003 4194/754/4012
f 4176/1141/3994 4175/1140/3993 4195/755/4013
f 4180/1145/3998 4189/1154/4007 4196/756/4014
f 4183/1148/4001 4179/1144/3997 4197/757/4015
f 4187/1152/4005 4186/1151/4004 4198/758/4016
f 4199/759/4017 4200/760/4018 4182/1147/4000
f 4200/760/4018 4201/761/4019 4180/1145/3998
f 4200/760/4018 4180/1145/3998 4182/1147/4000
f 4202/762/4020 4203/763/4021 4186/1151/4004
f 4203/763/4021 4204/764/4022 4184/1149/4002
f 4203/763/4021 4184/1149/4002 4186/1151/4004
f 4205/765/4023 4206/766/4024 4177/1142/3995
f 4206/766/4024 4207/767/4025 4177/1142/3995
f 4182/1147/4000 4208/768/4026 4209/769/4027
f 4182/1147/4000 4209/769/4027 4199/759/4017
f 4201/761/4019 4210/770/4028 4180/1145/3998
f 4210/770/4028 4211/771/4029 4188/1153/4006
f 4210/770/4028 4188/1153/4006 4180/1145/3998
f 4204/764/4022 4212/772/4030 4184/1149/4002
f 4212/772/4030 4213/773/4031 4184/1149/4002
f 4207/767/4025 4214/774/4032 4177/1142/3995
f 4214/774/4032 4215/775/4033 4175/1140/3993
f 4214/774/4032 4175/1140/3993 4177/1142/3995
f 4211/771/4029 4216/776/4034 4188/1153/4006
f 4216/776/4034 4217/777/4035 4188/1153/4006
f 4213/773/4031 4218/778/4036 4184/1149/4002
f 4218/778/4036 4219/779/4037 4179/1144/3997
f 4218/778/4036 4179/1144/3997 4184/1149/4002
f 4215/775/4033 4220/780/4038 4175/1140/3993
f 4220/780/4038 4208/768/4026 4182/1147/4000
f 4220/780/4038 4182/1147/4000 4175/1140/3993
f 4217/777/4035 4221/781/4039 4188/1153/4006
f 4221/781/4039 4202/762/4020 4186/1151/4004
f 4221/781/4039 4186/1151/4004 4188/1153/4006
f 4219/779/4037 4222/782/4040 4179/1144/3997
f 4222/782/4040 4205/765/4023 4177/1142/3995
f 4222/782/4040 4177/1142/3995 4179/1144/3997
f 3599/1014/3417 3600/1015/3418 4223/1156/4041
f 3599/1014/3417 4223/1156/4041 4224/783/4042
f 3599/1014/3417 4224/783/4042 4225/784/4043
f 4226/1157/4044 4227/786/4045 4228/1158/4046
f 4226/1157/4044 4228/1158/4046 4229/1159/4047
f 4230/1160/4048 4231/1161/4049 4232/1162/4050
f 4230/1160/4048 4232/1162/4050 4233/1163/4051
f 3598/1013/3416 3597/1012/3415 4234/1164/4052
f 3598/1013/3416 4234/1164/4052 4235/811/4053
f 3598/1013/3416 4235/811/4053 4236/1165/4054
f 4237/1166/4055 4238/1167/4056 4239/1168/4057
f 4237/1166/4055 4239/1168/4057 4240/1169/4058
f 3602/1017/3420 3601/1016/3419 4241/1170/4059
f 3602/1017/3420 4241/1170/4059 4242/797/4060
f 3602/1017/3420 4242/797/4060 4243/798/4061
f 4244/1171/4062 4245/1172/4063 4227/786/4045
f 4244/1171/4062 4227/786/4045 4226/1157/4044
f 4246/1173/4064 4247/1174/4065 4248/1175/4066
f 4246/1173/4064 4248/1175/4066 4249/1176/4067
f 4247/1174/4065 4246/1173/4064 4229/1159/4047
f 4247/1174/4065 4229/1159/4047 4228/1158/4046
f 4233/1163/4051 4232/1162/4050 4250/1177/4068
f 4233/1163/4051 4250/1177/4068 4251/1178/4069
f 4252/1179/4070 4253/1180/4071 4240/1169/4058
f 4252/1179/4070 4240/1169/4058 4239/1168/4057
f 4249/1176/4067 4248/1175/4066 4254/1181/4072
f 4249/1176/4067 4254/1181/4072 4255/1182/4073
f 3600/1015/3418 3598/1013/3416 4256/1183/4074
f 3600/1015/3418 4256/1183/4074 4257/1184/4075
f 3600/1015/3418 4257/1184/4075 4258/816/4076
f 3597/1012/3415 3602/1017/3420 4259/1185/4077
f 3597/1012/3415 4259/1185/4077 4260/1004/4078
f 3597/1012/3415 4260/1004/4078 4261/818/4079
f 4262/1186/4080 4263/1187/4081 4251/1178/4069
f 4262/1186/4080 4251/1178/4069 4250/1177/4068
f 4264/821/4082 4265/1188/4083 4245/1172/4063
f 4264/821/4082 4245/1172/4063 4244/1171/4062
f 3601/1016/3419 3599/1014/3417 4266/1189/4084
f 3601/1016/3419 4266/1189/4084 4267/806/4085
f 3601/1016/3419 4267/806/4085 4268/1190/4086
f 4265/1188/4083 4264/821/4082 4253/1180/4071
f 4265/1188/4083 4253/1180/4071 4252/1179/4070
f 4269/1191/4087 4270/1192/4088 4231/1161/4049
f 4269/1191/4087 4231/1161/4049 4230/1160/4048
f 4271/1193/4089 4272/1194/4090 4238/1167/4056
f 4271/1193/4089 4238/1167/4056 4237/1166/4055
f 4272/1194/4090 4271/1193/4089 4263/1187/4081
f 4272/1194/4090 4263/1187/4081 4262/1186/4080
f 4273/1195/4091 4274/1195/4092 4275/1195/4093
f 4276/1195/4094 4274/1195/4092 4277/1195/4095
f 4278/1195/4096 4279/1195/4096 4280/1195/4096
f 4281/1195/4097 4274/1195/4092 4282/1195/4098
f 4283/1195/4099 4274/1195/4092 4276/1195/4094
f 4275/1195/4093 4274/1195/4092 4283/1195/4099
f 4282/1195/4098 4274/1195/4092 4284/1196/4100
f 4284/1196/4100 4274/1195/4092 4273/1195/4091
f 4285/1195/4101 4274/1195/4092 4286/1195/4102
f 4286/1195/4102 4274/1195/4092 4281/1195/4097
f 4287/1195/4103 4274/1195/4092 4285/1195/4101
f 4288/1197/4104 4289/1198/4105 4290/1199/4106
f 4289/1198/4105 4291/1200/4107 4290/1199/4106
f 4292/1201/4108 4293/1202/4109 4290/1199/4106
f 4293/1202/4109 4288/1197/4104 4290/1199/4106
f 4294/1195/4110 4295/1195/4111 4296/1195/4112
f 4294/1195/4110 4296/1195/4112 4297/1195/4113
f 4298/1195/4114 4299/1195/4115 4300/1195/4116
f 4298/1195/4114 4300/1195/4116 4301/1195/4117
f 4302/1195/4118 4303/1195/4118 4304/1195/4118
f 4305/1195/4119 4306/1195/4119 4307/1195/4119
f 4308/1195/4120 4309/1195/4121 4310/1195/4122
f 4311/1195/4123 4312/1195/4124 4313/1195/4125
f 4314/1195/4126 4315/1195/4126 4316/1195/4126
f 4317/1195/4127 4318/1195/4128 4310/1195/4122
f 4317/1195/4127 4310/1195/4122 4309/1195/4121
f 4313/1195/4125 4319/1195/4129 4320/1195/4130
f 4321/1195/4131 4322/1195/4132 4323/1195/4133
f 4308/1195/4120 4324/1195/4134 4323/1195/4133
f 4324/1195/4134 4325/1195/4135 4323/1195/4133
f 4326/1195/4136 4325/1195/4135 4324/1195/4134
f 4327/1195/4137 4328/1195/4138 4329/1195/4139
f 4327/1195/4137 4329/1195/4139 4330/1195/4140
f 4320/1195/4130 4319/1195/4129 4331/1195/4141
f 4332/1195/4142 4333/1195/4143 4334/1195/4144
f 4332/1195/4142 4334/1195/4144 4335/1195/4145
f 4336/1195/4146 4337/1195/4147 4322/1195/4132
f 4326/1195/4136 4324/1195/4134 4338/1195/4148
f 4310/1195/4122 4339/1195/4149 4308/1195/4120
f 4321/1195/4131 4323/1195/4133 4340/1195/4150
f 4319/1195/4129 4341/1195/4151 4331/1195/4141
f 4319/1195/4129 4322/1195/4132 4342/1195/4152
f 4319/1195/4129 4342/1195/4152 4341/1195/4151
f 4322/1195/4132 4337/1195/4147 4342/1195/4152
f 4343/1195/4153 4344/1195/4154 4345/1195/4155
f 4343/1195/4153 4345/1195/4155 4346/1195/4156
f 4324/1195/4134 4347/1195/4157 4338/1195/4148
f 4324/1195/4134 4308/1195/4120 4348/1195/4158
f 4324/1195/4134 4348/1195/4158 4347/1195/4157
f 4349/1195/4159 4350/1195/4160 4351/1195/4161
f 4349/1195/4159 4351/1195/4161 4352/1195/4162
f 4308/1195/4120 4339/1195/4149 4348/1195/4158
f 4313/1195/4125 4353/1195/4163 4354/1195/4164
f 4309/1195/4121 4313/1195/4125 4354/1195/4164
f 4309/1195/4121 4354/1195/4164 4355/1195/4165
f 4309/1195/4121 4355/1195/4165 4356/1195/4166
f 4313/1195/4125 4323/1195/4133 4319/1195/4129
f 4357/1195/4167 4358/1195/4168 4325/1195/4135
f 4323/1195/4133 4359/1195/4169 4340/1195/4150
f 4323/1195/4133 4325/1195/4135 4360/1195/4170
f 4323/1195/4133 4360/1195/4170 4359/1195/4169
f 4317/1195/4127 4309/1195/4121 4356/1195/4166
f 4325/1195/4135 4358/1195/4168 4360/1195/4170
f 4308/1195/4120 4323/1195/4133 4309/1195/4121
f 4323/1195/4133 4313/1195/4125 4309/1195/4121
f 4361/1195/4171 4362/1195/4172 4363/1195/4173
f 4361/1195/4171 4363/1195/4173 4364/1195/4174
f 4365/1195/4175 4366/1195/4176 4367/1195/4177
f 4365/1195/4175 4367/1195/4177 4368/1195/4178
f 4369/1195/4179 4370/1195/4180 4371/1195/4181
f 4369/1195/4179 4371/1195/4181 4372/1195/4182
f 4312/1195/4124 4353/1195/4163 4313/1195/4125
f 4373/1195/4183 4374/1195/4184 4375/1195/4185
f 4373/1195/4183 4375/1195/4185 4376/1195/4186
f 4377/1195/4187 4378/1195/4188 4379/1195/4189
f 4377/1195/4187 4379/1195/4189 4380/1195/4190
f 4381/1195/4191 4382/1195/4192 4383/1195/4193
f 4381/1195/4191 4383/1195/4193 4384/1195/4194
f 4385/1195/4195 4386/1195/4196 4387/1195/4197
f 4385/1195/4195 4387/1195/4197 4388/1195/4198
f 4389/1195/4199 4390/1195/4200 4391/1195/4201
f 4389/1195/4199 4391/1195/4201 4392/1195/4202
f 4393/1195/4203 4394/1195/4204 4395/1195/4205
f 4393/1195/4203 4395/1195/4205 4396/1195/4206
f 4397/1195/4207 4398/1195/4207 4399/1195/4207
f 4400/1195/4208 4401/1195/4209 4402/1195/4210
f 4400/1195/4208 4402/1195/4210 4403/1195/4211
f 4319/1195/4129 4323/1195/4133 4322/1195/4132
f 4404/1195/4212 4405/1195/4213 4406/1195/4214
f 4404/1195/4212 4406/1195/4214 4407/1195/4215
f 4408/1195/4216 4409/1195/4217 4410/1195/4218
f 4408/1195/4216 4410/1195/4218 4411/1195/4219
f 4412/1195/4220 4413/1195/4221 4414/1195/4222
f 4412/1195/4220 4414/1195/4222 4415/1195/4223
f 4416/1195/4224 4417/1195/4225 4418/1195/4226
f 4416/1195/4224 4418/1195/4226 4419/1195/4227
f 4420/1195/4228 4421/1195/4229 4422/1195/4230
f 4423/1195/4231 4424/1195/4232 4425/1195/4233
f 4423/1195/4231 4425/1195/4233 4426/1195/4234
f 4427/1195/4235 4428/1195/4236 4429/1195/4237
f 4427/1195/4235 4429/1195/4237 4430/1195/4238
f 4431/1195/4239 4432/1195/4240 4433/1195/4241
f 4431/1195/4239 4433/1195/4241 4434/1195/4242
f 4435/1195/4243 4436/1195/4244 4428/1195/4236
f 4435/1195/4243 4428/1195/4236 4427/1195/4235
f 4433/1195/4241 4437/1195/4245 4438/1195/4246
f 4433/1195/4241 4438/1195/4246 4434/1195/4242
f 4439/1195/4247 4440/1195/4248 4441/1195/4249
f 4439/1195/4247 4441/1195/4249 4442/1195/4250
f 4443/1195/4251 4444/1195/4252 4445/1195/4253
f 4443/1195/4251 4445/1195/4253 4446/1195/4254
f 4440/1195/4248 4447/1196/4255 4448/1195/4256
f 4440/1195/4248 4448/1195/4256 4441/1195/4249
f 4445/1195/4253 4449/1195/4257 4450/1195/4258
f 4445/1195/4253 4450/1195/4258 4446/1195/4254
f 4451/1195/4259 4452/1195/4260 4453/1195/4261
f 4451/1195/4259 4453/1195/4261 4454/1195/4262
f 4455/1195/4263 4456/1195/4264 4457/1195/4265
f 4455/1195/4263 4457/1195/4265 4458/1195/4266
f 4452/1195/4260 4459/1195/4267 4460/1196/4268
f 4452/1195/4260 4460/1196/4268 4453/1195/4261
f 4461/1195/4269 4422/1195/4230 4462/1195/4270
f 4463/1195/4271 4464/1195/4272 4456/1195/4264
f 4463/1195/4271 4456/1195/4264 4455/1195/4263
f 4465/1195/4273 4466/1195/4274 4467/1195/4275
f 4465/1195/4273 4467/1195/4275 4468/1195/4276
f 4469/1195/4277 4470/1195/4278 4466/1195/4274
f 4469/1195/4277 4466/1195/4274 4465/1195/4273
f 4426/1195/4234 4425/1195/4233 4471/1195/4279
f 4287/1195/4103 4285/1195/4101 4472/1195/4280
f 4473/1196/4281 4474/1195/4282 4475/1195/4283
f 4476/1195/4284 4276/1195/4094 4277/1195/4095
f 4477/1195/4285 4476/1195/4284 4277/1195/4095
f 4478/1196/4286 4479/1195/4287 4420/1195/4228
f 4480/1195/4288 4317/1195/4127 4312/1195/4124
f 4478/1196/4286 4420/1195/4228 4461/1195/4269
f 4461/1195/4269 4420/1195/4228 4422/1195/4230
f 4273/1195/4091 4275/1195/4093 4481/1195/4289
f 4273/1195/4091 4481/1195/4289 4482/1196/4290
f 4483/1195/4291 4484/1195/4292 4485/1195/4293
f 4486/1195/4294 4317/1195/4127 4480/1195/4288
f 4486/1195/4294 4480/1195/4288 4487/1196/4295
f 4480/1195/4288 4312/1195/4124 4488/1195/4296
f 4448/1195/4256 4458/1195/4266 4457/1195/4265
f 4484/1195/4292 4489/1195/4297 4310/1195/4122
f 4475/1195/4283 4490/1195/4298 4491/1195/4299
f 4444/1195/4252 4443/1195/4251 4470/1195/4278
f 4281/1195/4097 4282/1195/4098 4492/1195/4300
f 4281/1195/4097 4492/1195/4300 4493/1195/4301
f 4436/1195/4244 4435/1195/4243 4432/1195/4240
f 4436/1195/4244 4432/1195/4240 4431/1195/4239
f 4448/1195/4256 4447/1196/4255 4458/1195/4266
f 4460/1196/4268 4459/1195/4267 4471/1195/4279
f 4460/1196/4268 4471/1195/4279 4425/1195/4233
f 4494/1195/4302 4472/1195/4280 4285/1195/4101
f 4470/1195/4278 4469/1195/4277 4444/1195/4252
f 4475/1195/4283 4495/1195/4303 4490/1195/4298
f 4311/1195/4123 4488/1195/4296 4312/1195/4124
f 4489/1195/4297 4484/1195/4292 4483/1195/4291
f 4310/1195/4122 4318/1195/4128 4484/1195/4292
f 4491/1195/4299 4496/1195/4304 4475/1195/4283
f 4497/1195/4305 4489/1195/4297 4483/1195/4291
f 4495/1195/4303 4475/1195/4283 4474/1195/4282
f 4318/1195/4128 4317/1195/4127 4486/1195/4294
f 4318/1195/4128 4486/1195/4294 4498/1195/4306
f 4421/1195/4229 4420/1195/4228 4499/1195/4307
f 4311/1195/4123 4500/1195/4308 4488/1195/4296
f 4501/1195/4309 4502/1195/4310 4503/1195/4311
f 4504/1195/4312 4502/1195/4310 4501/1195/4309
f 4502/1195/4310 4504/1195/4312 4505/1195/4313
f 4506/1195/4314 4507/1195/4315 4508/1195/4316
f 4508/1195/4316 4509/1195/4317 4506/1195/4314
f 4505/1195/4313 4509/1195/4317 4508/1195/4316
f 4510/1195/4318 4507/1195/4315 4506/1195/4314
f 4510/1195/4318 4506/1195/4314 4511/1195/4319
f 4505/1195/4313 4504/1195/4312 4509/1195/4317
f 4512/1195/4320 4513/1195/4321 4514/1195/4322
f 4515/1195/4323 4516/1195/4324 4517/1195/4325
f 4518/1195/4326 4517/1195/4325 4519/1195/4327
f 4518/1195/4326 4519/1195/4327 4520/1195/4328
f 4521/1195/4329 4513/1195/4321 4512/1195/4320
f 4518/1195/4326 4515/1195/4323 4517/1195/4325
f 4514/1195/4322 4522/1195/4330 4512/1195/4320
f 4523/1195/4331 4524/1195/4332 4525/1195/4333
f 4521/1195/4329 4526/1196/4334 4513/1195/4321
f 4527/1195/4335 4528/1195/4336 4529/1195/4337
f 4530/1195/4338 4531/1195/4339 4528/1195/4336
f 4530/1195/4338 4528/1195/4336 4527/1195/4335
f 4529/1195/4337 4532/1195/4340 4533/1195/4341
f 4534/1195/4342 4535/1195/4343 4536/1195/4344
f 4534/1195/4342 4536/1195/4344 4537/1195/4345
f 4538/1195/4346 4539/1195/4347 4524/1195/4332
f 4538/1195/4346 4524/1195/4332 4523/1195/4331
f 4540/1195/4348 4541/1195/4349 4542/1195/4350
f 4543/1195/4351 4544/1195/4352 4545/1195/4353
f 4543/1195/4351 4545/1195/4353 4546/1195/4354
f 4529/1195/4337 4528/1195/4336 4532/1195/4340
f 4532/1195/4340 4528/1195/4336 4547/1195/4355
f 4533/1195/4341 4548/1195/4356 4549/1195/4357
f 4523/1195/4331 4525/1195/4333 4550/1195/4358
f 4533/1195/4341 4532/1195/4340 4548/1195/4356
f 4551/1195/4359 4552/1195/4360 4553/1195/4361
f 4554/1195/4362 4555/1195/4363 4552/1195/4360
f 4554/1195/4362 4552/1195/4360 4551/1195/4359
f 4549/1195/4357 4548/1195/4356 4556/1195/4364
f 4557/1195/4365 4531/1195/4339 4530/1195/4338
f 4558/1195/4366 4542/1195/4350 4559/1195/4367
f 4560/1195/4368 4542/1195/4350 4558/1195/4366
f 4540/1195/4348 4542/1195/4350 4560/1195/4368
f 4561/1195/4369 4562/1195/4370 4563/1195/4371
f 4522/1195/4330 4516/1195/4324 4564/1195/4372
f 4564/1195/4372 4516/1195/4324 4515/1195/4323
f 4516/1195/4324 4522/1195/4330 4514/1195/4322
f 4565/1203/4373 4566/1195/4374 4567/1195/4375
f 4568/1195/4376 4566/1195/4374 4565/1203/4373
f 4566/1195/4374 4568/1195/4376 4569/1195/4377
f 4570/1195/4378 4571/1195/4379 4572/1195/4380
f 4571/1195/4379 4570/1195/4378 4573/1195/4381
f 4574/1195/4382 4572/1195/4380 4575/1195/4383
f 4576/1195/4384 4569/1195/4377 4568/1195/4376
f 4576/1195/4384 4568/1195/4376 4577/1195/4385
f 4567/1195/4375 4566/1195/4374 4578/1195/4386
f 4567/1195/4375 4578/1195/4386 4579/1195/4387
f 4580/1195/4388 4581/1195/4389 4582/1195/4390
f 4583/1195/4391 4584/1195/4392 4585/1195/4393
f 4583/1195/4391 4585/1195/4393 4586/1195/4394
f 4587/1195/4395 4583/1195/4391 4588/1195/4396
f 4587/1195/4395 4588/1195/4396 4589/1195/4397
f 4590/1195/4398 4581/1195/4389 4580/1195/4388
f 4591/1195/4399 4592/1195/4400 4593/1195/4401
f 4591/1195/4399 4593/1195/4401 4594/1195/4402
f 4590/1195/4398 4595/1195/4403 4581/1195/4389
f 4596/1195/4404 4597/1195/4405 4598/1195/4406
f 4599/1195/4407 4600/1195/4408 4601/1195/4409
f 4599/1195/4407 4601/1195/4409 4596/1195/4404
f 4602/1195/4410 4603/1195/4411 4604/1195/4412
f 4602/1195/4410 4604/1195/4412 4605/1195/4413
f 4606/1195/4414 4607/1195/4415 4592/1195/4400
f 4606/1195/4414 4592/1195/4400 4591/1195/4399
f 4608/1195/4416 4609/1195/4417 4610/1195/4418
f 4608/1195/4416 4610/1195/4418 4611/1195/4419
f 4612/1195/4420 4613/1195/4421 4614/1195/4422
f 4615/1195/4423 4616/1195/4424 4617/1195/4425
f 4615/1195/4423 4617/1195/4425 4618/1195/4426
f 4596/1195/4404 4601/1195/4409 4597/1195/4405
f 4598/1195/4406 4619/1195/4427 4620/1195/4428
f 4598/1195/4406 4597/1195/4405 4619/1195/4427
f 4620/1195/4428 4619/1195/4427 4621/1195/4429
f 4614/1195/4422 4613/1195/4421 4622/1195/4430
f 4614/1195/4422 4622/1195/4430 4623/1195/4431
f 4624/1195/4432 4600/1195/4408 4599/1195/4407
f 4624/1195/4432 4625/1195/4433 4600/1195/4408
f 4611/1195/4419 4610/1195/4418 4626/1195/4434
f 4570/1195/4378 4572/1195/4380 4574/1195/4382
f 4572/1195/4380 4576/1195/4384 4577/1195/4385
f 4572/1195/4380 4577/1195/4385 4575/1195/4383
f 4582/1195/4390 4585/1195/4393 4584/1195/4392
f 4582/1195/4390 4581/1195/4389 4585/1195/4393
f 4583/1195/4391 4586/1195/4394 4588/1195/4396
f 4627/1195/4435 4628/1195/4436 4629/1195/4437
f 4630/1195/4438 4628/1195/4436 4627/1195/4435
f 4628/1195/4436 4630/1195/4438 4631/1195/4439
f 4631/1195/4439 4630/1195/4438 4632/1195/4440
f 4633/1195/4441 4632/1195/4440 4634/1195/4442
f 4635/1195/4443 4636/1195/4444 4637/1195/4445
f 4635/1195/4443 4637/1195/4445 4638/1195/4446
f 4632/1195/4440 4639/1195/4447 4634/1195/4442
f 4637/1195/4445 4633/1195/4441 4634/1195/4442
f 4637/1195/4445 4634/1195/4442 4640/1195/4448
f 4632/1195/4440 4630/1195/4438 4639/1195/4447
f 4629/1195/4437 4628/1195/4436 4641/1195/4449
f 4629/1195/4437 4641/1195/4449 4642/1195/4450
f 4643/1195/4451 4644/1195/4452 4645/1195/4453
f 4643/1195/4451 4645/1195/4453 4646/1195/4454
f 4647/1195/4455 4648/1195/4456 4649/1195/4457
f 4647/1195/4455 4649/1195/4457 4650/1195/4458
f 4647/1195/4455 4651/1195/4459 4648/1195/4456
f 4652/1195/4460 4653/1195/4461 4654/1195/4462
f 4652/1195/4460 4654/1195/4462 4655/1195/4463
f 4643/1195/4451 4656/1195/4464 4644/1195/4452
f 4648/1195/4456 4651/1195/4459 4657/1195/4465
f 4658/1195/4466 4659/1195/4467 4660/1195/4468
f 4658/1195/4466 4660/1195/4468 4661/1195/4469
f 4662/1195/4470 4663/1195/4471 4664/1195/4472
f 4665/1195/4473 4666/1195/4474 4667/1195/4475
f 4665/1195/4473 4667/1195/4475 4668/1195/4476
f 4661/1195/4469 4660/1195/4468 4663/1195/4471
f 4669/1195/4477 4670/1195/4478 4653/1195/4461
f 4669/1195/4477 4653/1195/4461 4652/1195/4460
f 4658/1195/4466 4671/1195/4479 4672/1195/4480
f 4662/1195/4470 4664/1195/4472 4673/1195/4481
f 4674/1195/4482 4675/1195/4483 4676/1195/4484
f 4674/1195/4482 4676/1195/4484 4677/1195/4485
f 4678/1195/4486 4679/1195/4487 4680/1195/4488
f 4678/1195/4486 4680/1195/4488 4681/1195/4489
f 4663/1195/4471 4660/1195/4468 4664/1195/4472
f 4662/1195/4470 4673/1195/4481 4682/1195/4490
f 4683/1195/4491 4684/1195/4492 4685/1195/4493
f 4686/1195/4494 4687/1195/4495 4684/1195/4492
f 4686/1195/4494 4684/1195/4492 4683/1195/4491
f 4682/1195/4490 4673/1195/4481 4688/1195/4496
f 4658/1195/4466 4672/1195/4480 4659/1195/4467
f 4677/1195/4485 4676/1195/4484 4689/1195/4497
f 4690/1195/4498 4686/1195/4494 4683/1195/4491
f 4637/1195/4445 4636/1195/4444 4633/1195/4441
f 4644/1195/4452 4691/1195/4499 4645/1195/4453
f 4645/1195/4453 4657/1195/4465 4692/1195/4500
f 4692/1195/4500 4657/1195/4465 4651/1195/4459
f 4657/1195/4465 4645/1195/4453 4691/1195/4499
f 4693/1195/4501 4694/1195/4502 4695/1195/4503
f 4696/1195/4504 4697/1195/4505 4698/1195/4506
f 4699/1195/4507 4696/1195/4504 4700/1195/4508
f 4701/1195/4509 4562/1195/4370 4702/1195/4510
f 4703/1195/4511 4562/1195/4370 4561/1195/4369
f 4702/1195/4510 4700/1195/4508 4701/1195/4509
f 4702/1195/4510 4699/1195/4507 4700/1195/4508
f 4697/1195/4505 4696/1195/4504 4699/1195/4507
f 4704/1195/4512 4562/1195/4370 4701/1195/4509
f 4698/1195/4506 4697/1195/4505 4705/1195/4513
f 4705/1195/4513 4697/1195/4505 4706/1195/4514
f 4707/1195/4515 4708/1195/4516 4709/1195/4517
f 4710/1195/4518 4695/1195/4503 4711/1195/4519
f 4712/1195/4520 4695/1195/4503 4710/1195/4518
f 4713/1195/4521 4714/1195/4522 4708/1195/4516
f 4713/1195/4521 4708/1195/4516 4707/1195/4515
f 4712/1195/4520 4693/1195/4501 4695/1195/4503
f 4715/1195/4523 4716/1195/4524 4717/1195/4525
f 4715/1195/4523 4717/1195/4525 4718/1195/4526
f 4719/1195/4527 4720/1195/4528 4721/1195/4529
f 4721/1195/4529 4720/1195/4528 4722/1195/4530
f 4723/1195/4531 4724/1195/4532 4725/1195/4533
f 4726/1195/4534 4727/1195/4535 4728/1195/4536
f 4726/1195/4534 4728/1195/4536 4729/1195/4537
f 4719/1195/4527 4721/1195/4529 4724/1195/4532
f 4723/1195/4531 4719/1195/4527 4724/1195/4532
f 4730/1195/4538 4731/1195/4539 4716/1195/4524
f 4730/1195/4538 4716/1195/4524 4715/1195/4523
f 4732/1195/4540 4733/1195/4541 4734/1195/4542
f 4732/1195/4540 4734/1195/4542 4735/1195/4543
f 4736/1195/4544 4737/1195/4545 4738/1195/4546
f 4739/1195/4547 4740/1195/4548 4741/1195/4549
f 4739/1195/4547 4741/1195/4549 4742/1195/4550
f 4723/1195/4531 4725/1195/4533 4743/1195/4551
f 4743/1195/4551 4725/1195/4533 4744/1195/4552
f 4745/1195/4553 4746/1195/4554 4747/1195/4555
f 4738/1195/4546 4737/1195/4545 4746/1195/4554
f 4738/1195/4546 4746/1195/4554 4745/1195/4553
f 4748/1195/4556 4720/1195/4528 4719/1195/4527
f 4735/1195/4543 4734/1195/4542 4749/1195/4557
f 4750/1195/4558 4723/1195/4531 4743/1195/4551
f 4751/1195/4559 4719/1195/4527 4723/1195/4531
f 4563/1195/4371 4562/1195/4370 4704/1195/4512
f 4687/1195/4495 4686/1195/4494 4752/1195/4560
f 4687/1195/4495 4752/1195/4560 4753/1195/4561
f 4709/1195/4517 4754/1195/4562 4755/1195/4563
f 4755/1195/4563 4754/1195/4562 4694/1195/4502
f 4755/1195/4563 4694/1195/4502 4693/1195/4501
f 4754/1195/4562 4709/1195/4517 4708/1195/4516
f 4641/1195/4449 4756/1195/4564 4642/1195/4450
f 4656/1195/4464 4643/1195/4451 4757/1195/4565
f 4758/1195/4566 4589/1195/4397 4588/1195/4396
f 4737/1195/4545 4736/1195/4544 4759/1195/4567
f 4760/1195/4568 4749/1195/4557 4734/1195/4542
f 4761/1195/4569 4714/1195/4522 4713/1195/4521
f 4761/1195/4569 4713/1195/4521 4762/1195/4570
f 4744/1195/4552 4763/1195/4571 4743/1195/4551
f 4764/1195/4572 4706/1195/4514 4697/1195/4505
f 4613/1195/4421 4612/1195/4420 4765/1195/4573
f 4503/1195/4311 4502/1195/4310 4766/1195/4574
f 4503/1195/4311 4766/1195/4574 4767/1195/4575
f 4748/1195/4556 4768/1195/4576 4720/1195/4528
f 4578/1195/4386 4769/1195/4577 4579/1195/4387
f 4770/1195/4578 4771/1195/4579 4620/1195/4428
f 4620/1195/4428 4621/1195/4429 4772/1195/4580
f 4625/1195/4433 4773/1195/4581 4774/1195/4582
f 4595/1195/4403 4590/1195/4398 4775/1195/4583
f 4776/1195/4584 4777/1195/4585 4520/1195/4328
f 4776/1195/4584 4520/1195/4328 4519/1195/4327
f 4626/1195/4434 4778/1195/4586 4611/1195/4419
f 4779/1195/4587 4778/1195/4586 4626/1195/4434
f 4779/1195/4587 4752/1195/4560 4778/1195/4586
f 4753/1195/4561 4752/1195/4560 4779/1195/4587
f 4559/1195/4367 4780/1195/4588 4558/1195/4366
f 4758/1195/4566 4781/1195/4589 4589/1195/4397
f 4758/1195/4566 4782/1195/4590 4781/1195/4589
f 4783/1195/4591 4782/1195/4590 4758/1195/4566
f 4624/1195/4432 4773/1195/4581 4625/1195/4433
f 4773/1195/4581 4784/1195/4592 4774/1195/4582
f 4774/1195/4582 4784/1195/4592 4785/1195/4593
f 4774/1195/4582 4785/1195/4593 4688/1195/4496
f 4786/1195/4594 4774/1195/4582 4688/1195/4496
f 4688/1195/4496 4785/1195/4593 4682/1195/4490
f 4531/1195/4339 4557/1195/4365 4787/1195/4595
f 4571/1195/4379 4573/1195/4381 4788/1195/4596
f 4788/1195/4596 4573/1195/4381 4789/1195/4597
f 4789/1195/4597 4573/1195/4381 4790/1195/4598
f 4791/1195/4599 4780/1195/4588 4559/1195/4367
f 4765/1195/4573 4612/1195/4420 4791/1195/4599
f 4791/1195/4599 4612/1195/4420 4780/1195/4588
f 4555/1195/4363 4554/1195/4362 4792/1195/4600
f 4776/1195/4584 4793/1195/4601 4777/1195/4585
f 4793/1195/4601 4794/1195/4602 4795/1195/4603
f 4793/1195/4601 4795/1195/4603 4777/1195/4585
f 4787/1195/4595 4557/1195/4365 4770/1195/4578
f 4787/1195/4595 4770/1195/4578 4772/1195/4580
f 4772/1195/4580 4770/1195/4578 4620/1195/4428
f 4557/1195/4365 4796/1195/4604 4770/1195/4578
f 4507/1195/4315 4510/1195/4318 4797/1195/4605
f 4507/1195/4315 4797/1195/4605 4798/1195/4606
f 4798/1195/4606 4797/1195/4605 4799/1195/4607
f 4799/1195/4607 4800/1195/4608 4801/1195/4609
f 4799/1195/4607 4797/1195/4605 4800/1195/4608
f 4780/1195/4588 4612/1195/4420 4802/1195/4610
f 4556/1195/4364 4803/1195/4611 4549/1195/4357
f 4804/1195/4612 4803/1195/4611 4556/1195/4364
f 4805/1195/4613 4804/1195/4612 4556/1195/4364
f 4806/1195/4614 4803/1195/4611 4804/1195/4612
f 4720/1195/4528 4806/1195/4614 4804/1195/4612
f 4720/1195/4528 4768/1195/4576 4806/1195/4614
f 4549/1195/4357 4803/1195/4611 4807/1195/4615
f 4808/1195/4616 4809/1195/4617 4561/1195/4369
f 4561/1195/4369 4809/1195/4617 4810/1195/4618
f 4810/1195/4618 4703/1195/4511 4561/1195/4369
f 4555/1195/4363 4792/1195/4600 4811/1195/4619
f 4811/1195/4619 4792/1195/4600 4812/1195/4620
f 4811/1195/4619 4812/1195/4620 4813/1195/4621
f 4813/1195/4621 4812/1195/4620 4749/1195/4557
f 4813/1195/4621 4749/1195/4557 4760/1195/4568
f 4814/1195/4622 4526/1196/4334 4521/1195/4329
f 4815/1195/4623 4711/1195/4519 4816/1195/4624
f 4815/1195/4623 4816/1195/4624 4817/1195/4625
f 4710/1195/4518 4711/1195/4519 4815/1195/4623
f 4818/1195/4626 4635/1195/4443 4638/1195/4446
f 4818/1195/4626 4638/1195/4446 4819/1195/4627
f 4819/1195/4627 4638/1195/4446 4820/1195/4628
f 4821/1195/4629 4822/1195/4630 4650/1195/4458
f 4821/1195/4629 4650/1195/4458 4649/1195/4457
f 4671/1195/4479 4823/1195/4631 4763/1195/4571
f 4671/1195/4479 4763/1195/4571 4672/1195/4480
f 4763/1195/4571 4824/1195/4632 4672/1195/4480
f 4763/1195/4571 4744/1195/4552 4824/1195/4632
f 4825/1196/4633 4822/1195/4630 4821/1195/4629
f 4825/1196/4633 4826/1195/4634 4822/1195/4630
f 4827/1195/4635 4677/1195/4485 4689/1195/4497
f 4827/1195/4635 4828/1195/4636 4677/1195/4485
f 4829/1195/4637 4830/1195/4638 4828/1195/4636
f 4829/1195/4637 4828/1195/4636 4827/1195/4635
f 4737/1195/4545 4759/1195/4567 4830/1195/4638
f 4737/1195/4545 4830/1195/4638 4829/1195/4637
f 4831/1204/4639 4832/1205/4640 4833/1206/4641
f 4831/1204/4639 4833/1206/4641 4834/1207/4642
f 4831/1204/4639 4834/1207/4642 4835/1208/4643
f 4836/1209/4644 4837/1210/4645 4838/1211/4646
f 4836/1209/4644 4838/1211/4646 4833/1206/4641
f 4836/1209/4644 4833/1206/4641 4832/1205/4640
f 4839/1212/4647 4840/1213/4648 4841/1214/4649
f 4839/1212/4647 4841/1214/4649 4838/1211/4646
f 4839/1212/4647 4838/1211/4646 4837/1210/4645
f 4842/1215/4650 4843/1216/4651 4841/1214/4649
f 4842/1215/4650 4841/1214/4649 4840/1213/4648
f 4844/1217/4652 4845/1218/4653 4846/1219/4654
f 4844/1217/4652 4846/1219/4654 4841/1214/4649
f 4844/1217/4652 4841/1214/4649 4843/1216/4651
f 4847/1220/4655 4848/1221/4656 4849/1222/4657
f 4847/1220/4655 4849/1222/4657 4846/1219/4654
f 4847/1220/4655 4846/1219/4654 4845/1218/4653
f 4850/1223/4658 4851/1224/4659 4852/1225/4660
f 4850/1223/4658 4852/1225/4660 4853/1226/4661
f 4850/1223/4658 4853/1226/4661 4854/1227/4662
f 4855/1228/4663 4856/1229/4664 4857/1230/4665
f 4855/1228/4663 4857/1230/4665 4852/1225/4660
f 4855/1228/4663 4852/1225/4660 4851/1224/4659
f 4858/1231/4666 4859/1232/4667 4857/1230/4665
f 4858/1231/4666 4857/1230/4665 4856/1229/4664
f 4860/1233/4668 4861/1234/4669 4862/1235/4670
f 4860/1233/4668 4862/1235/4670 4857/1230/4665
f 4860/1233/4668 4857/1230/4665 4859/1232/4667
f 4863/1236/4671 4864/1237/4672 4865/1238/4673
f 4863/1236/4671 4865/1238/4673 4862/1235/4670
f 4863/1236/4671 4862/1235/4670 4861/1234/4669
f 4835/1208/4643 4834/1207/4642 4866/1239/4674
f 4866/1239/4674 4834/1207/4642 4865/1238/4673
f 4866/1239/4674 4865/1238/4673 4864/1237/4672
f 4867/1240/4675 4868/1241/4676 4835/1208/4643
f 4868/1241/4676 4832/1205/4640 4831/1204/4639
f 4835/1208/4643 4868/1241/4676 4831/1204/4639
f 4832/1205/4640 4869/1242/4677 4836/1209/4644
f 4869/1242/4677 4837/1210/4645 4836/1209/4644
f 4847/1220/4655 4870/1243/4678 4848/1221/4656
f 4850/1223/4658 4871/1244/4679 4851/1224/4659
f 4872/1245/4680 4850/1223/4658 4854/1227/4662
f 4871/1244/4679 4873/1246/4681 4855/1228/4663
f 4871/1244/4679 4855/1228/4663 4851/1224/4659
f 4873/1246/4681 4856/1229/4664 4855/1228/4663
f 4861/1234/4669 4874/1247/4682 4863/1236/4671
f 4874/1247/4682 4864/1237/4672 4863/1236/4671
f 4875/1248/4683 4867/1240/4675 4835/1208/4643
f 4875/1248/4683 4835/1208/4643 4866/1239/4674
f 4864/1237/4672 4875/1248/4683 4866/1239/4674
f 4876/1249/4684 4843/1216/4651 4842/1215/4650
f 4840/1213/4648 4876/1249/4684 4842/1215/4650
f 4877/1250/4685 4870/1243/4678 4847/1220/4655
f 4845/1218/4653 4877/1250/4685 4847/1220/4655
f 4878/1251/4686 4859/1232/4667 4858/1231/4666
f 4856/1229/4664 4878/1251/4686 4858/1231/4666
f 4860/1233/4668 4879/1252/4687 4861/1234/4669
f 4874/1247/4682 4880/1253/4688 4864/1237/4672
f 4879/1252/4687 4874/1247/4682 4861/1234/4669
f 4880/1253/4688 4875/1248/4683 4864/1237/4672
f 4881/1254/4689 4882/1255/4690 4867/1240/4675
f 4882/1255/4690 4883/1256/4691 4832/1205/4640
f 4882/1255/4690 4832/1205/4640 4868/1241/4676
f 4867/1240/4675 4882/1255/4690 4868/1241/4676
f 4883/1256/4691 4884/1257/4692 4869/1242/4677
f 4884/1257/4692 4885/1258/4693 4869/1242/4677
f 4869/1242/4677 4885/1258/4693 4837/1210/4645
f 4883/1256/4691 4869/1242/4677 4832/1205/4640
f 4839/1212/4647 4886/1259/4694 4840/1213/4648
f 4885/1258/4693 4839/1212/4647 4837/1210/4645
f 4876/1249/4684 4887/1260/4695 4843/1216/4651
f 4886/1259/4694 4876/1249/4684 4840/1213/4648
f 4888/1261/4696 4889/1262/4697 4845/1218/4653
f 4888/1261/4696 4845/1218/4653 4844/1217/4652
f 4887/1260/4695 4888/1261/4696 4844/1217/4652
f 4887/1260/4695 4844/1217/4652 4843/1216/4651
f 4889/1262/4697 4877/1250/4685 4845/1218/4653
f 4890/1263/4698 4871/1244/4679 4850/1223/4658
f 4872/1245/4680 4890/1263/4698 4850/1223/4658
f 4873/1246/4681 4891/1264/4699 4856/1229/4664
f 4891/1264/4699 4878/1251/4686 4856/1229/4664
f 4892/1265/4700 4879/1252/4687 4860/1233/4668
f 4859/1232/4667 4892/1265/4700 4860/1233/4668
f 4893/1266/4701 4881/1254/4689 4867/1240/4675
f 4893/1266/4701 4867/1240/4675 4875/1248/4683
f 4880/1253/4688 4893/1266/4701 4875/1248/4683
f 4894/1267/4702 4886/1259/4694 4839/1212/4647
f 4885/1258/4693 4894/1267/4702 4839/1212/4647
f 4895/1268/4703 4890/1263/4698 4872/1245/4680
f 4890/1263/4698 4896/1269/4704 4871/1244/4679
f 4896/1269/4704 4873/1246/4681 4871/1244/4679
f 4896/1269/4704 4891/1264/4699 4873/1246/4681
f 4878/1251/4686 4897/1270/4705 4859/1232/4667
f 4897/1270/4705 4892/1265/4700 4859/1232/4667
f 4879/1252/4687 4898/1271/4706 4874/1247/4682
f 4898/1271/4706 4899/1272/4707 4880/1253/4688
f 4898/1271/4706 4880/1253/4688 4874/1247/4682
f 4899/1272/4707 4893/1266/4701 4880/1253/4688
f 4900/1273/4708 4901/1274/4709 4881/1254/4689
f 4901/1274/4709 4902/1275/4710 4883/1256/4691
f 4901/1274/4709 4883/1256/4691 4882/1255/4690
f 4881/1254/4689 4901/1274/4709 4882/1255/4690
f 4902/1275/4710 4903/1276/4711 4884/1257/4692
f 4903/1276/4711 4885/1258/4693 4884/1257/4692
f 4902/1275/4710 4884/1257/4692 4883/1256/4691
f 4877/1250/4685 4904/1277/4712 4870/1243/4678
f 4905/1278/4713 4900/1273/4708 4881/1254/4689
f 4905/1278/4713 4881/1254/4689 4893/1266/4701
f 4899/1272/4707 4905/1278/4713 4893/1266/4701
f 4906/1279/4714 4887/1260/4695 4876/1249/4684
f 4886/1259/4694 4906/1279/4714 4876/1249/4684
f 4907/1280/4715 4904/1277/4712 4877/1250/4685
f 4889/1262/4697 4907/1280/4715 4877/1250/4685
f 4890/1263/4698 4908/1281/4716 4896/1269/4704
f 4908/1281/4716 4909/1282/4717 4896/1269/4704
f 4909/1282/4717 4891/1264/4699 4896/1269/4704
f 4892/1265/4700 4910/1283/4718 4879/1252/4687
f 4910/1283/4718 4911/1284/4719 4898/1271/4706
f 4911/1284/4719 4912/1285/4720 4899/1272/4707
f 4911/1284/4719 4899/1272/4707 4898/1271/4706
f 4910/1283/4718 4898/1271/4706 4879/1252/4687
f 4912/1285/4720 4905/1278/4713 4899/1272/4707
f 4913/1286/4721 4914/1287/4722 4900/1273/4708
f 4914/1287/4722 4915/1288/4723 4902/1275/4710
f 4914/1287/4722 4902/1275/4710 4901/1274/4709
f 4900/1273/4708 4914/1287/4722 4901/1274/4709
f 4903/1276/4711 4916/1289/4724 4885/1258/4693
f 4915/1288/4723 4903/1276/4711 4902/1275/4710
f 4916/1289/4724 4894/1267/4702 4885/1258/4693
f 4906/1279/4714 4917/1290/4725 4887/1260/4695
f 4918/1291/4726 4919/1292/4727 4889/1262/4697
f 4918/1291/4726 4889/1262/4697 4888/1261/4696
f 4917/1290/4725 4918/1291/4726 4888/1261/4696
f 4917/1290/4725 4888/1261/4696 4887/1260/4695
f 4919/1292/4727 4907/1280/4715 4889/1262/4697
f 4920/1293/4728 4921/1294/4729 4895/1268/4703
f 4921/1294/4729 4908/1281/4716 4890/1263/4698
f 4895/1268/4703 4921/1294/4729 4890/1263/4698
f 4909/1282/4717 4922/1295/4730 4891/1264/4699
f 4922/1295/4730 4923/1296/4731 4891/1264/4699
f 4923/1296/4731 4897/1270/4705 4878/1251/4686
f 4891/1264/4699 4923/1296/4731 4878/1251/4686
f 4924/1297/4732 4910/1283/4718 4892/1265/4700
f 4897/1270/4705 4924/1297/4732 4892/1265/4700
f 4913/1286/4721 4900/1273/4708 4905/1278/4713
f 4912/1285/4720 4913/1286/4721 4905/1278/4713
f 4916/1289/4724 4925/1298/4733 4894/1267/4702
f 4925/1298/4733 4886/1259/4694 4894/1267/4702
f 4907/1280/4715 4926/1299/4734 4904/1277/4712
f 4911/1284/4719 4927/1300/4735 4912/1285/4720
f 4927/1300/4735 4913/1286/4721 4912/1285/4720
f 4928/1301/4736 4929/1302/4737 4915/1288/4723
f 4928/1301/4736 4915/1288/4723 4914/1287/4722
f 4930/1303/4738 4928/1301/4736 4914/1287/4722
f 4930/1303/4738 4914/1287/4722 4913/1286/4721
f 4931/1304/4739 4916/1289/4724 4903/1276/4711
f 4929/1302/4737 4931/1304/4739 4903/1276/4711
f 4929/1302/4737 4903/1276/4711 4915/1288/4723
f 4924/1297/4732 4932/1305/4740 4910/1283/4718
f 4932/1305/4740 4911/1284/4719 4910/1283/4718
f 4933/1306/4741 4930/1303/4738 4913/1286/4721
f 4927/1300/4735 4933/1306/4741 4913/1286/4721
f 4925/1298/4733 4934/1307/4742 4886/1259/4694
f 4935/1308/4743 4936/1309/4744 4917/1290/4725
f 4935/1308/4743 4917/1290/4725 4906/1279/4714
f 4934/1307/4742 4935/1308/4743 4906/1279/4714
f 4934/1307/4742 4906/1279/4714 4886/1259/4694
f 4936/1309/4744 4937/1310/4745 4918/1291/4726
f 4936/1309/4744 4918/1291/4726 4917/1290/4725
f 4937/1310/4745 4938/1311/4746 4919/1292/4727
f 4937/1310/4745 4919/1292/4727 4918/1291/4726
f 4938/1311/4746 4939/1312/4747 4919/1292/4727
f 4939/1312/4747 4940/1313/4748 4926/1299/4734
f 4939/1312/4747 4926/1299/4734 4907/1280/4715
f 4919/1292/4727 4939/1312/4747 4907/1280/4715
f 4921/1294/4729 4941/1314/4749 4908/1281/4716
f 4942/1315/4750 4921/1294/4729 4920/1293/4728
f 4943/1316/4751 4922/1295/4730 4909/1282/4717
f 4941/1314/4749 4943/1316/4751 4909/1282/4717
f 4941/1314/4749 4909/1282/4717 4908/1281/4716
f 4923/1296/4731 4944/1317/4752 4897/1270/4705
f 4945/1318/4753 4932/1305/4740 4924/1297/4732
f 4944/1317/4752 4945/1318/4753 4924/1297/4732
f 4944/1317/4752 4924/1297/4732 4897/1270/4705
f 4932/1305/4740 4946/1319/4754 4911/1284/4719
f 4946/1319/4754 4947/1320/4755 4927/1300/4735
f 4946/1319/4754 4927/1300/4735 4911/1284/4719
f 4947/1320/4755 4933/1306/4741 4927/1300/4735
f 4948/1321/4756 4949/1322/4757 4929/1302/4737
f 4948/1321/4756 4929/1302/4737 4928/1301/4736
f 4950/1323/4758 4948/1321/4756 4928/1301/4736
f 4950/1323/4758 4928/1301/4736 4930/1303/4738
f 4951/1324/4759 4916/1289/4724 4931/1304/4739
f 4949/1322/4757 4951/1324/4759 4931/1304/4739
f 4949/1322/4757 4931/1304/4739 4929/1302/4737
f 4951/1324/4759 4952/1325/4760 4925/1298/4733
f 4952/1325/4760 4934/1307/4742 4925/1298/4733
f 4951/1324/4759 4925/1298/4733 4916/1289/4724
f 4953/1326/4761 4941/1314/4749 4921/1294/4729
f 4942/1315/4750 4953/1326/4761 4921/1294/4729
f 4943/1316/4751 4954/1327/4762 4922/1295/4730
f 4955/1328/4763 4944/1317/4752 4923/1296/4731
f 4954/1327/4762 4955/1328/4763 4923/1296/4731
f 4954/1327/4762 4923/1296/4731 4922/1295/4730
f 4956/1329/4764 4950/1323/4758 4930/1303/4738
f 4956/1329/4764 4930/1303/4738 4933/1306/4741
f 4947/1320/4755 4956/1329/4764 4933/1306/4741
f 4936/1309/4744 4957/1330/4765 4937/1310/4745
f 4957/1330/4765 4938/1311/4746 4937/1310/4745
f 4939/1312/4747 4958/1331/4766 4940/1313/4748
f 4932/1305/4740 4959/1332/4767 4946/1319/4754
f 4959/1332/4767 4960/1333/4768 4947/1320/4755
f 4959/1332/4767 4947/1320/4755 4946/1319/4754
f 4960/1333/4768 4956/1329/4764 4947/1320/4755
f 4961/1334/4769 4962/1335/4770 4949/1322/4757
f 4961/1334/4769 4949/1322/4757 4948/1321/4756
f 4963/1336/4771 4961/1334/4769 4948/1321/4756
f 4963/1336/4771 4948/1321/4756 4950/1323/4758
f 4964/1337/4772 4965/1338/4773 4951/1324/4759
f 4962/1335/4770 4964/1337/4772 4951/1324/4759
f 4962/1335/4770 4951/1324/4759 4949/1322/4757
f 4965/1338/4773 4952/1325/4760 4951/1324/4759
f 4966/1339/4774 4967/1340/4775 4942/1315/4750
f 4967/1340/4775 4941/1314/4749 4953/1326/4761
f 4942/1315/4750 4967/1340/4775 4953/1326/4761
f 4943/1316/4751 4968/1341/4776 4954/1327/4762
f 4968/1341/4776 4955/1328/4763 4954/1327/4762
f 4945/1318/4753 4969/1342/4777 4932/1305/4740
f 4969/1342/4777 4959/1332/4767 4932/1305/4740
f 4970/1343/4778 4963/1336/4771 4950/1323/4758
f 4970/1343/4778 4950/1323/4758 4956/1329/4764
f 4960/1333/4768 4970/1343/4778 4956/1329/4764
f 4971/1344/4779 4972/1345/4780 4936/1309/4744
f 4971/1344/4779 4936/1309/4744 4935/1308/4743
f 4934/1307/4742 4971/1344/4779 4935/1308/4743
f 4957/1330/4765 4973/1346/4781 4938/1311/4746
f 4972/1345/4780 4957/1330/4765 4936/1309/4744
f 4973/1346/4781 4974/1347/4782 4938/1311/4746
f 4974/1347/4782 4975/1348/4783 4958/1331/4766
f 4974/1347/4782 4958/1331/4766 4939/1312/4747
f 4938/1311/4746 4974/1347/4782 4939/1312/4747
f 4967/1340/4775 4976/1349/4784 4941/1314/4749
f 4977/1350/4785 4968/1341/4776 4943/1316/4751
f 4976/1349/4784 4977/1350/4785 4943/1316/4751
f 4976/1349/4784 4943/1316/4751 4941/1314/4749
f 4978/1351/4786 4969/1342/4777 4945/1318/4753
f 4944/1317/4752 4978/1351/4786 4945/1318/4753
f 4969/1342/4777 4979/1352/4787 4959/1332/4767
f 4979/1352/4787 4980/1353/4788 4960/1333/4768
f 4979/1352/4787 4960/1333/4768 4959/1332/4767
f 4980/1353/4788 4970/1343/4778 4960/1333/4768
f 4981/1354/4789 4963/1336/4771 4970/1343/4778
f 4980/1353/4788 4981/1354/4789 4970/1343/4778
f 4982/1355/4790 4964/1337/4772 4962/1335/4770
f 4983/1356/4791 4982/1355/4790 4981/1354/4789
f 4983/1356/4791 4981/1354/4789 4984/1357/4792
f 4983/1356/4791 4985/1358/4793 4982/1355/4790
f 4986/1359/4794 4964/1337/4772 4982/1355/4790
f 4986/1359/4794 4982/1355/4790 4985/1358/4793
f 4986/1359/4794 4987/1360/4795 4965/1338/4773
f 4986/1359/4794 4965/1338/4773 4964/1337/4772
f 4988/1361/4796 4952/1325/4760 4965/1338/4773
f 4988/1361/4796 4965/1338/4773 4987/1360/4795
f 4988/1361/4796 4989/1362/4797 4934/1307/4742
f 4988/1361/4796 4934/1307/4742 4952/1325/4760
f 4990/1363/4798 4971/1344/4779 4934/1307/4742
f 4990/1363/4798 4934/1307/4742 4989/1362/4797
f 4990/1363/4798 4991/1364/4799 4972/1345/4780
f 4990/1363/4798 4972/1345/4780 4971/1344/4779
f 4992/1365/4800 4957/1330/4765 4972/1345/4780
f 4992/1365/4800 4972/1345/4780 4991/1364/4799
f 4992/1365/4800 4993/1366/4801 4973/1346/4781
f 4992/1365/4800 4973/1346/4781 4957/1330/4765
f 4994/1367/4802 4974/1347/4782 4973/1346/4781
f 4994/1367/4802 4973/1346/4781 4993/1366/4801
f 4994/1367/4802 4995/1368/4803 4975/1348/4783
f 4994/1367/4802 4975/1348/4783 4974/1347/4782
f 4996/1369/4804 4967/1340/4775 4966/1339/4774
f 4996/1369/4804 4966/1339/4774 4997/1370/4805
f 4996/1369/4804 4998/1371/4806 4976/1349/4784
f 4996/1369/4804 4976/1349/4784 4967/1340/4775
f 4999/1372/4807 4977/1350/4785 4976/1349/4784
f 4999/1372/4807 4976/1349/4784 4998/1371/4806
f 4999/1372/4807 5000/1373/4808 4968/1341/4776
f 4999/1372/4807 4968/1341/4776 4977/1350/4785
f 5001/1374/4809 4955/1328/4763 4968/1341/4776
f 5001/1374/4809 4968/1341/4776 5000/1373/4808
f 5001/1374/4809 5002/1375/4810 4944/1317/4752
f 5001/1374/4809 4944/1317/4752 4955/1328/4763
f 5003/1376/4811 4978/1351/4786 4944/1317/4752
f 5003/1376/4811 4944/1317/4752 5002/1375/4810
f 5003/1376/4811 5004/1377/4812 4969/1342/4777
f 5003/1376/4811 4969/1342/4777 4978/1351/4786
f 5005/1378/4813 4979/1352/4787 4969/1342/4777
f 5005/1378/4813 4969/1342/4777 5004/1377/4812
f 5005/1378/4813 5006/1379/4814 4980/1353/4788
f 5005/1378/4813 4980/1353/4788 4979/1352/4787
f 5007/1380/4815 4981/1354/4789 4980/1353/4788
f 5007/1380/4815 4980/1353/4788 5006/1379/4814
f 4982/1355/4790 4962/1335/4770 4961/1334/4769
f 4981/1354/4789 4982/1355/4790 4961/1334/4769
f 4981/1354/4789 4961/1334/4769 4963/1336/4771
f 5008/1381/4816 5009/1382/4817 5010/1383/4818
f 5010/1383/4818 5011/1384/4819 5012/1385/4820
f 5013/1386/4821 5014/1387/4822 5015/1388/4823
f 5012/1385/4820 5016/1389/4824 5017/1390/4825
f 5017/1390/4825 5018/1391/4826 5019/1392/4827
f 5019/1392/4827 5020/1393/4828 5021/1394/4829
f 5021/1394/4829 5022/1395/4830 5013/1386/4821
f 5023/1396/4831 5008/1381/4816 5015/1388/4823
f 5007/1380/4815 4984/1357/4792 4981/1354/4789
f 5014/1387/4822 5013/1386/4821 5024/1397/4832
f 5012/1385/4820 5011/1384/4819 5025/1398/4833
f 5023/1396/4831 5026/1399/4834 5008/1381/4816
f 5019/1392/4827 5018/1391/4826 5027/1400/4835
f 5009/1382/4817 5008/1381/4816 5028/1401/4836
f 5013/1386/4821 5022/1395/4830 5029/1402/4837
f 5016/1389/4824 5012/1385/4820 5030/1403/4838
f 5020/1393/4828 5019/1392/4827 5031/1404/4839
f 5032/1405/4840 5033/1406/4841 5034/1407/4842
f 5033/1406/4841 5035/1408/4843 5036/1409/4844
f 5033/1406/4841 5036/1409/4844 5034/1407/4842
f 5034/1407/4842 5036/1409/4844 5013/1386/4821
f 5034/1407/4842 5013/1386/4821 5015/1388/4823
f 5037/1410/4845 5038/1411/4846 5039/1412/4847
f 5038/1411/4846 5040/1413/4848 5017/1390/4825
f 5038/1411/4846 5017/1390/4825 5039/1412/4847
f 5039/1412/4847 5017/1390/4825 5019/1392/4827
f 5041/1414/4849 5042/1415/4850 5010/1383/4818
f 5042/1415/4850 5043/1416/4851 5044/1417/4852
f 5042/1415/4850 5044/1417/4852 5010/1383/4818
f 5015/1388/4823 5045/1418/4853 5046/1419/4854
f 5034/1407/4842 5015/1388/4823 5046/1419/4854
f 5034/1407/4842 5046/1419/4854 5032/1405/4840
f 5035/1408/4843 5047/1420/4855 5036/1409/4844
f 5047/1420/4855 5048/1421/4856 5021/1394/4829
f 5047/1420/4855 5021/1394/4829 5036/1409/4844
f 5036/1409/4844 5021/1394/4829 5013/1386/4821
f 5040/1413/4848 5049/1422/4857 5017/1390/4825
f 5049/1422/4857 5050/1423/4858 5051/1424/4859
f 5049/1422/4857 5051/1424/4859 5017/1390/4825
f 5043/1416/4851 5052/1425/4860 5044/1417/4852
f 5052/1425/4860 5053/1426/4861 5054/1427/4862
f 5052/1425/4860 5054/1427/4862 5044/1417/4852
f 5044/1417/4852 5054/1427/4862 5008/1381/4816
f 5044/1417/4852 5008/1381/4816 5010/1383/4818
f 5048/1421/4856 5055/1428/4863 5021/1394/4829
f 5055/1428/4863 5056/1429/4864 5057/1430/4865
f 5055/1428/4863 5057/1430/4865 5021/1394/4829
f 5050/1423/4858 5058/1431/4866 5051/1424/4859
f 5058/1431/4866 5059/1432/4867 5060/1433/4868
f 5058/1431/4866 5060/1433/4868 5051/1424/4859
f 5051/1424/4859 5060/1433/4868 5012/1385/4820
f 5051/1424/4859 5012/1385/4820 5017/1390/4825
f 5053/1426/4861 5061/1434/4869 5054/1427/4862
f 5061/1434/4869 5045/1418/4853 5015/1388/4823
f 5061/1434/4869 5015/1388/4823 5054/1427/4862
f 5054/1427/4862 5015/1388/4823 5008/1381/4816
f 5056/1429/4864 5062/1435/4870 5057/1430/4865
f 5062/1435/4870 5037/1410/4845 5039/1412/4847
f 5062/1435/4870 5039/1412/4847 5057/1430/4865
f 5057/1430/4865 5039/1412/4847 5019/1392/4827
f 5057/1430/4865 5019/1392/4827 5021/1394/4829
f 5059/1432/4867 5063/1436/4871 5060/1433/4868
f 5063/1436/4871 5041/1414/4849 5010/1383/4818
f 5063/1436/4871 5010/1383/4818 5060/1433/4868
f 5060/1433/4868 5010/1383/4818 5012/1385/4820
f 4290/1199/4106 4291/1200/4107 5064/1437/4872
f 4290/1199/4106 5064/1437/4872 5065/1438/4873
f 4290/1199/4106 5065/1438/4873 5066/1439/4874
f 5067/1440/4875 5068/1441/4876 5069/1442/4877
f 5067/1440/4875 5069/1442/4877 5070/1443/4878
f 5071/1444/4879 5072/1445/4880 5073/1446/4881
f 5071/1444/4879 5073/1446/4881 5074/1447/4882
f 4289/1198/4105 4288/1197/4104 5075/1448/4883
f 4289/1198/4105 5075/1448/4883 5076/1449/4884
f 4289/1198/4105 5076/1449/4884 5077/1450/4885
f 5078/1451/4886 5079/1452/4887 5080/1453/4888
f 5078/1451/4886 5080/1453/4888 5081/1454/4889
f 4293/1202/4109 4292/1201/4108 5082/1455/4890
f 4293/1202/4109 5082/1455/4890 5083/1456/4891
f 4293/1202/4109 5083/1456/4891 5084/1457/4892
f 5085/1458/4893 5086/1459/4894 5068/1441/4876
f 5085/1458/4893 5068/1441/4876 5067/1440/4875
f 5087/1460/4895 5088/1461/4896 5089/1462/4897
f 5087/1460/4895 5089/1462/4897 5090/1463/4898
f 5088/1461/4896 5087/1460/4895 5070/1443/4878
f 5088/1461/4896 5070/1443/4878 5069/1442/4877
f 5074/1447/4882 5073/1446/4881 5091/1464/4899
f 5074/1447/4882 5091/1464/4899 5092/1465/4900
f 5093/1466/4901 5094/1467/4902 5081/1454/4889
f 5093/1466/4901 5081/1454/4889 5080/1453/4888
f 5090/1463/4898 5089/1462/4897 5095/1468/4903
f 5090/1463/4898 5095/1468/4903 5096/1469/4904
f 4291/1200/4107 4289/1198/4105 5097/1470/4905
f 4291/1200/4107 5097/1470/4905 5098/1471/4906
f 4291/1200/4107 5098/1471/4906 5099/1472/4907
f 4288/1197/4104 4293/1202/4109 5100/1473/4908
f 4288/1197/4104 5100/1473/4908 5101/1474/4909
f 4288/1197/4104 5101/1474/4909 5102/1475/4910
f 5103/1476/4911 5104/1477/4912 5092/1465/4900
f 5103/1476/4911 5092/1465/4900 5091/1464/4899
f 5105/1478/4913 5106/1479/4914 5086/1459/4894
f 5105/1478/4913 5086/1459/4894 5085/1458/4893
f 4292/1201/4108 4290/1199/4106 5107/1480/4915
f 4292/1201/4108 5107/1480/4915 5108/1481/4916
f 4292/1201/4108 5108/1481/4916 5109/1482/4917
f 5106/1479/4914 5105/1478/4913 5094/1467/4902
f 5106/1479/4914 5094/1467/4902 5093/1466/4901
f 5110/1483/4918 5111/1484/4919 5072/1445/4880
f 5110/1483/4918 5072/1445/4880 5071/1444/4879
f 5112/1485/4920 5113/1486/4921 5096/1469/4904
f 5112/1485/4920 5096/1469/4904 5095/1468/4903
f 5114/1487/4922 5115/1488/4923 5079/1452/4887
f 5114/1487/4922 5079/1452/4887 5078/1451/4886
f 5115/1488/4923 5114/1487/4922 5104/1477/4912
f 5115/1488/4923 5104/1477/4912 5103/1476/4911
f 5116/1195/4924 5117/1195/4925 5118/1195/4926
f 5119/1195/4927 5117/1195/4925 5120/1195/4928
f 5121/1195/4929 5117/1195/4925 5122/1195/4930
f 5123/1195/4931 5117/1195/4925 5116/1195/4924
f 5120/1195/4928 5117/1195/4925 5123/1195/4931
f 5122/1195/4930 5117/1195/4925 5124/1195/4932
f 5124/1195/4932 5117/1195/4925 5119/1195/4927
f 5125/1195/4933 5117/1195/4925 5126/1195/4934
f 5126/1195/4934 5117/1195/4925 5121/1195/4929
f 5127/1489/4935 5128/1490/4936 5129/1491/4937
f 5130/1492/4938 5131/1493/4939 5129/1491/4937
f 5132/1494/4940 5130/1492/4938 5129/1491/4937
f 5133/1495/4941 5127/1489/4935 5129/1491/4937
f 5131/1493/4939 5134/1496/4942 5129/1491/4937
f 5134/1496/4942 5133/1495/4941 5129/1491/4937
f 5135/1195/4943 5136/1195/4944 5137/1195/4945
f 5135/1195/4943 5137/1195/4945 5138/1195/4946
f 5139/1195/4947 5140/1195/4948 5141/1195/4949
f 5139/1195/4947 5141/1195/4949 5142/1195/4950
f 5143/1195/4951 5144/1195/4951 5145/1195/4951
f 5146/1195/4119 5147/1195/4119 5148/1195/4119
f 5149/1195/4952 5150/1195/4121 5151/1195/4953
f 5152/1195/4123 5153/1195/4954 5154/1195/4955
f 5155/1195/4956 5156/1195/4956 5157/1195/4956
f 5158/1195/4957 5159/1195/4958 5160/1195/4959
f 5161/1196/4960 5162/1195/4961 5151/1195/4953
f 5161/1196/4960 5151/1195/4953 5150/1195/4121
f 5154/1195/4955 5163/1195/4962 5164/1195/4963
f 5165/1195/4131 5166/1195/4964 5167/1195/4965
f 5149/1195/4952 5168/1195/4966 5167/1195/4965
f 5168/1195/4966 5159/1195/4958 5167/1195/4965
f 5169/1195/4967 5159/1195/4958 5168/1195/4966
f 5170/1195/4968 5171/1195/4969 5172/1195/4970
f 5170/1195/4968 5172/1195/4970 5173/1195/4971
f 5164/1195/4963 5163/1195/4962 5174/1195/4972
f 5175/1195/4973 5176/1195/4974 5177/1195/4144
f 5175/1195/4973 5177/1195/4144 5178/1195/4145
f 5179/1195/4975 5180/1195/4976 5166/1195/4964
f 5169/1195/4967 5168/1195/4966 5181/1195/4977
f 5151/1195/4953 5182/1195/4978 5149/1195/4952
f 5165/1195/4131 5167/1195/4965 5183/1195/4979
f 5163/1195/4962 5184/1195/4980 5174/1195/4972
f 5163/1195/4962 5166/1195/4964 5185/1195/4981
f 5163/1195/4962 5185/1195/4981 5184/1195/4980
f 5166/1195/4964 5180/1195/4976 5185/1195/4981
f 5186/1195/4982 5187/1195/4983 5188/1195/4984
f 5186/1195/4982 5188/1195/4984 5189/1195/4985
f 5168/1195/4966 5190/1195/4986 5181/1195/4977
f 5168/1195/4966 5149/1195/4952 5191/1195/4987
f 5168/1195/4966 5191/1195/4987 5190/1195/4986
f 5192/1195/4988 5193/1195/4160 5194/1195/4989
f 5192/1195/4988 5194/1195/4989 5195/1195/4990
f 5149/1195/4952 5182/1195/4978 5191/1195/4987
f 5154/1195/4955 5196/1195/4991 5197/1195/4992
f 5150/1195/4121 5154/1195/4955 5197/1195/4992
f 5150/1195/4121 5197/1195/4992 5198/1195/4993
f 5150/1195/4121 5198/1195/4993 5199/1195/4994
f 5154/1195/4955 5167/1195/4965 5163/1195/4962
f 5158/1195/4957 5200/1195/4995 5159/1195/4958
f 5167/1195/4965 5201/1195/4996 5183/1195/4979
f 5167/1195/4965 5159/1195/4958 5202/1195/4997
f 5167/1195/4965 5202/1195/4997 5201/1195/4996
f 5161/1196/4960 5150/1195/4121 5199/1195/4994
f 5159/1195/4958 5200/1195/4995 5202/1195/4997
f 5149/1195/4952 5167/1195/4965 5150/1195/4121
f 5167/1195/4965 5154/1195/4955 5150/1195/4121
f 5203/1195/4998 5204/1195/4999 5205/1195/5000
f 5203/1195/4998 5205/1195/5000 5206/1195/4174
f 5207/1195/5001 5208/1195/5002 5209/1195/4177
f 5207/1195/5001 5209/1195/4177 5210/1195/4178
f 5211/1195/5003 5212/1195/5004 5213/1195/5005
f 5211/1195/5003 5213/1195/5005 5214/1195/5006
f 5153/1195/4954 5196/1195/4991 5154/1195/4955
f 5215/1195/5007 5216/1195/5008 5217/1195/5009
f 5215/1195/5007 5217/1195/5009 5218/1195/5010
f 5219/1195/5011 5220/1195/4188 5221/1195/5012
f 5219/1195/5011 5221/1195/5012 5222/1195/5013
f 5223/1195/5014 5224/1195/5015 5225/1195/5016
f 5223/1195/5014 5225/1195/5016 5226/1195/4194
f 5227/1195/5017 5228/1195/5018 5229/1195/5019
f 5227/1195/5017 5229/1195/5019 5230/1195/5020
f 5231/1195/4199 5232/1195/4200 5233/1195/5021
f 5231/1195/4199 5233/1195/5021 5234/1195/5022
f 5235/1195/5023 5236/1195/5024 5237/1195/4205
f 5235/1195/5023 5237/1195/4205 5238/1195/4206
f 5239/1195/4207 5240/1195/4207 5241/1195/4207
f 5242/1195/5025 5243/1195/5026 5244/1195/5027
f 5242/1195/5025 5244/1195/5027 5245/1195/5028
f 5163/1195/4962 5167/1195/4965 5166/1195/4964
f 5246/1195/5029 5247/1195/5030 5248/1195/5031
f 5246/1195/5029 5248/1195/5031 5249/1195/5032
f 5250/1195/5033 5251/1195/5034 5252/1195/5035
f 5250/1195/5033 5252/1195/5035 5253/1195/5036
f 5254/1195/5037 5255/1195/5038 5256/1195/4222
f 5254/1195/5037 5256/1195/4222 5257/1195/4223
f 5258/1195/5039 5259/1195/4225 5260/1195/5040
f 5258/1195/5039 5260/1195/5040 5261/1195/5041
f 5116/1195/4924 5118/1195/4926 5262/1195/5042
f 5263/1195/5043 5264/1195/5044 5158/1195/4957
f 5265/1195/5045 5266/1195/5046 5267/1195/5047
f 5265/1195/5045 5267/1195/5047 5268/1195/5048
f 5269/1195/5049 5270/1195/5050 5271/1195/5051
f 5269/1195/5049 5271/1195/5051 5272/1195/5052
f 5273/1195/5053 5274/1195/5054 5275/1195/5055
f 5273/1195/5053 5275/1195/5055 5276/1195/5056
f 5277/1195/5057 5278/1195/5058 5270/1195/5050
f 5277/1195/5057 5270/1195/5050 5269/1195/5049
f 5118/1195/4926 5117/1195/4925 5279/1195/5059
f 5275/1195/5055 5280/1195/5060 5281/1195/5061
f 5275/1195/5055 5281/1195/5061 5276/1195/5056
f 5282/1195/5062 5283/1195/5063 5284/1195/5064
f 5282/1195/5062 5284/1195/5064 5285/1195/4250
f 5286/1195/5065 5287/1195/5066 5288/1195/5067
f 5283/1195/5063 5289/1195/5068 5290/1195/5069
f 5283/1195/5063 5290/1195/5069 5284/1195/5064
f 5288/1195/5067 5291/1195/4257 5292/1195/5070
f 5288/1195/5067 5292/1195/5070 5286/1195/5065
f 5293/1195/5071 5294/1195/5072 5295/1195/5073
f 5293/1195/5071 5295/1195/5073 5296/1195/5074
f 5294/1195/5072 5297/1497/5075 5295/1195/5073
f 5298/1195/5076 5158/1195/4957 5160/1195/4959
f 5299/1195/5077 5300/1195/5078 5301/1195/5079
f 5299/1195/5077 5301/1195/5079 5302/1195/5080
f 5303/1195/5081 5304/1195/5082 5305/1195/5083
f 5303/1195/5081 5305/1195/5083 5306/1195/5084
f 5307/1195/5085 5308/1195/5086 5304/1195/5082
f 5307/1195/5085 5304/1195/5082 5303/1195/5081
f 5268/1195/5048 5267/1195/5047 5309/1195/5087
f 5310/1196/5088 5311/1195/5089 5117/1195/4925
f 5117/1195/4925 5125/1195/4933 5310/1196/5088
f 5297/1497/5075 5309/1195/5087 5295/1195/5073
f 5312/1195/5090 5313/1195/5091 5314/1195/5092
f 5278/1195/5058 5277/1195/5057 5274/1195/5054
f 5262/1195/5042 5118/1195/4926 5315/1195/5093
f 5316/1195/5094 5317/1195/5095 5318/1195/5096
f 5319/1195/5097 5264/1195/5044 5263/1195/5043
f 5317/1195/5095 5320/1196/5098 5153/1195/4954
f 5321/1195/5099 5263/1195/5043 5298/1195/5076
f 5298/1195/5076 5263/1195/5043 5158/1195/4957
f 5307/1195/5085 5287/1195/5066 5286/1195/5065
f 5119/1195/4927 5120/1195/4928 5322/1195/5100
f 5162/1195/4961 5323/1195/5101 5324/1195/5102
f 5325/1195/5103 5162/1195/4961 5324/1195/5102
f 5297/1497/5075 5268/1195/5048 5309/1195/5087
f 5317/1195/5095 5153/1195/4954 5318/1195/5096
f 5314/1195/5092 5326/1195/5104 5312/1195/5090
f 5325/1195/5103 5327/1195/5105 5151/1195/4953
f 5274/1195/5054 5273/1195/5053 5278/1195/5058
f 5307/1195/5085 5286/1195/5065 5308/1195/5086
f 5314/1195/5092 5328/1195/5106 5329/1195/5107
f 5121/1195/4929 5330/1195/5108 5331/1195/5109
f 5121/1195/4929 5122/1195/4930 5330/1195/5108
f 5290/1195/5069 5289/1195/5068 5302/1195/5080
f 5302/1195/5080 5301/1195/5079 5290/1195/5069
f 5332/1195/5110 5322/1195/5100 5120/1195/4928
f 5314/1195/5092 5333/1195/5111 5328/1195/5106
f 5152/1195/4123 5318/1195/5096 5153/1195/4954
f 5334/1196/5112 5335/1195/5112 5336/1195/5112
f 5151/1195/4953 5162/1195/4961 5325/1195/5103
f 5337/1195/5113 5327/1195/5105 5325/1195/5103
f 5162/1195/4961 5161/1196/4960 5338/1195/5114
f 5162/1195/4961 5338/1195/5114 5339/1195/5115
f 5264/1195/5044 5319/1195/5097 5340/1195/5116
f 5152/1195/4123 5341/1195/4308 5318/1195/5096
f 5333/1195/5111 5314/1195/5092 5313/1195/5091
f 5342/1196/5117 5343/1195/5118 5344/1195/5119
f 5345/1195/5120 5343/1195/5118 5342/1196/5117
f 5346/1195/5121 5345/1195/5120 5347/1195/5122
f 5346/1195/5121 5347/1195/5122 5348/1195/5123
f 5349/1195/5124 5350/1195/5125 5348/1195/5123
f 5351/1195/5126 5352/1195/5127 5350/1195/5125
f 5348/1195/5123 5347/1195/5122 5349/1195/5124
f 5346/1195/5121 5343/1195/5118 5345/1195/5120
f 5351/1195/5126 5350/1195/5125 5353/1195/5128
f 5353/1195/5128 5350/1195/5125 5349/1195/5124
f 5344/1195/5119 5343/1195/5118 5354/1497/5129
f 5344/1195/5119 5354/1497/5129 5355/1195/5130
f 5356/1195/5131 5357/1195/5132 5358/1195/5133
f 5359/1195/5134 5360/1195/5135 5361/1195/5136
f 5362/1195/5137 5363/1195/5138 5360/1195/5135
f 5357/1195/5132 5364/1195/5139 5358/1195/5133
f 5365/1195/5140 5366/1195/5141 5367/1195/5142
f 5356/1195/5131 5368/1195/5143 5357/1195/5132
f 5363/1195/5138 5369/1195/5144 5370/1195/5145
f 5371/1195/5146 5372/1195/5147 5373/1195/5148
f 5374/1195/5149 5375/1195/5150 5376/1195/5151
f 5374/1195/5149 5376/1195/5151 5377/1195/5152
f 5371/1195/5146 5373/1195/5148 5378/1195/5153
f 5379/1195/5154 5380/1195/5155 5366/1195/5141
f 5379/1195/5154 5366/1195/5141 5365/1195/5140
f 5381/1195/5156 5382/1195/5157 5383/1195/5158
f 5378/1195/5153 5373/1195/5148 5384/1195/5159
f 5385/1195/5160 5386/1195/5161 5387/1195/5162
f 5385/1195/5160 5387/1195/5162 5388/1195/5163
f 5389/1195/5164 5390/1195/5165 5391/1195/5166
f 5392/1195/5167 5393/1195/4352 5394/1195/5168
f 5392/1195/5167 5394/1195/5168 5395/1195/5169
f 5365/1195/5140 5367/1195/5142 5396/1195/5170
f 5384/1195/5159 5373/1195/5148 5397/1195/5171
f 5397/1195/5171 5373/1195/5148 5398/1195/5172
f 5391/1195/5166 5399/1195/5173 5400/1195/5174
f 5391/1195/5166 5400/1195/5174 5401/1195/5175
f 5391/1195/5166 5390/1195/5165 5399/1195/5173
f 5384/1195/5159 5397/1195/5171 5402/1195/5176
f 5381/1195/5156 5372/1195/5147 5371/1195/5146
f 5381/1195/5156 5383/1195/5158 5372/1195/5147
f 5388/1195/5163 5387/1195/5162 5403/1195/5177
f 5388/1195/5163 5403/1195/5177 5404/1195/5178
f 5405/1195/5179 5378/1195/5153 5384/1195/5159
f 5362/1195/5137 5360/1195/5135 5359/1195/5134
f 5364/1195/5139 5369/1195/5144 5406/1195/5180
f 5406/1195/5180 5369/1195/5144 5363/1195/5138
f 5369/1195/5144 5364/1195/5139 5357/1195/5132
f 5407/1195/5181 5408/1195/5182 5409/1195/5183
f 5410/1195/5184 5407/1195/5181 5411/1195/5185
f 5412/1195/5186 5411/1195/5185 5413/1195/5187
f 5411/1195/5185 5407/1195/5181 5413/1195/5187
f 5414/1195/5188 5415/1195/5189 5412/1195/5186
f 5410/1195/5184 5408/1195/5182 5407/1195/5181
f 5414/1195/5188 5412/1195/5186 5416/1195/5190
f 5416/1195/5190 5412/1195/5186 5413/1195/5187
f 5409/1195/5183 5408/1195/5182 5417/1195/5191
f 5417/1195/5191 5408/1195/5182 5418/1195/5192
f 5417/1195/5191 5418/1195/5192 5419/1195/5193
f 5420/1195/5194 5421/1195/5195 5422/1195/5196
f 5423/1195/5197 5424/1195/5198 5425/1195/5199
f 5426/1195/5200 5427/1195/5201 5424/1195/5198
f 5426/1195/5200 5424/1195/5198 5423/1195/5197
f 5428/1195/5202 5421/1195/5195 5420/1195/5194
f 5429/1195/5203 5430/1195/5204 5431/1195/5205
f 5429/1195/5203 5431/1195/5205 5432/1195/5206
f 5428/1195/5202 5433/1195/5207 5421/1195/5195
f 5434/1195/5208 5435/1195/5209 5436/1195/5210
f 5434/1195/5208 5436/1195/5210 5437/1195/5211
f 5436/1195/5210 5435/1195/5209 5438/1195/5212
f 5439/1195/5213 5440/1195/5214 5441/1195/4412
f 5439/1195/5213 5441/1195/4412 5442/1195/4413
f 5443/1195/5215 5437/1195/5211 5436/1195/5210
f 5444/1195/5216 5430/1195/5204 5429/1195/5203
f 5445/1195/5217 5435/1195/5209 5434/1195/5208
f 5443/1195/5215 5446/1195/5218 5447/1195/5219
f 5448/1195/5220 5449/1196/5221 5450/1195/5222
f 5448/1195/5220 5450/1195/5222 5451/1195/5223
f 5452/1195/5224 5453/1195/5225 5454/1195/5226
f 5455/1195/5227 5456/1195/5228 5457/1195/5229
f 5455/1195/5227 5457/1195/5229 5458/1195/5230
f 5443/1195/5215 5436/1195/5210 5446/1195/5218
f 5447/1195/5219 5446/1195/5218 5459/1195/5231
f 5447/1195/5219 5459/1195/5231 5460/1195/5232
f 5454/1195/5226 5461/1195/5233 5462/1195/5234
f 5454/1195/5226 5462/1195/5234 5463/1195/5235
f 5454/1195/5226 5453/1195/5225 5461/1195/5233
f 5464/1195/5236 5443/1195/5215 5447/1195/5219
f 5465/1195/5237 5445/1195/5217 5434/1195/5208
f 5421/1195/5195 5466/1195/5238 5422/1195/5196
f 5467/1195/5239 5466/1195/5238 5468/1195/5240
f 5422/1195/5196 5466/1195/5238 5467/1195/5239
f 5467/1195/5239 5468/1195/5240 5427/1195/5201
f 5427/1195/5201 5468/1195/5240 5424/1195/5198
f 5469/1196/5241 5470/1195/5242 5471/1195/5243
f 5472/1195/5244 5470/1195/5242 5469/1196/5241
f 5470/1195/5242 5472/1195/5244 5473/1195/5245
f 5473/1195/5245 5472/1195/5244 5474/1195/5246
f 5475/1195/5247 5476/1195/5248 5477/1195/5249
f 5477/1195/5249 5473/1195/5245 5475/1195/5247
f 5473/1195/5245 5474/1195/5246 5475/1195/5247
f 5478/1195/5250 5476/1195/5248 5475/1195/5247
f 5471/1195/5243 5470/1195/5242 5479/1195/5251
f 5471/1195/5243 5479/1195/5251 5480/1497/5252
f 5471/1195/5243 5480/1497/5252 5481/1195/5253
f 5482/1195/5254 5483/1195/5255 5484/1195/5256
f 5482/1195/5254 5484/1195/5256 5485/1195/5257
f 5486/1195/5258 5487/1195/5259 5488/1195/5260
f 5489/1195/5261 5490/1195/5262 5487/1195/5259
f 5491/1195/5263 5492/1195/5264 5493/1195/5265
f 5491/1195/5263 5493/1195/5265 5494/1195/5266
f 5482/1195/5254 5495/1195/5267 5483/1195/5255
f 5487/1195/5259 5490/1195/5262 5496/1195/5268
f 5497/1195/5269 5498/1195/5270 5499/1195/5271
f 5497/1195/5269 5500/1195/5272 5498/1195/5270
f 5501/1195/5273 5502/1195/5274 5503/1195/5275
f 5501/1195/5273 5503/1195/5275 5504/1195/4476
f 5499/1195/5271 5498/1195/5270 5505/1195/5276
f 5506/1195/5277 5492/1195/5264 5491/1195/5263
f 5506/1195/5277 5507/1195/5278 5492/1195/5264
f 5508/1195/5279 5499/1195/5271 5505/1195/5276
f 5508/1195/5279 5505/1195/5276 5509/1195/5280
f 5510/1195/5281 5511/1195/5282 5512/1195/5283
f 5510/1195/5281 5512/1195/5283 5513/1195/5284
f 5514/1195/5285 5515/1195/5286 5516/1195/5287
f 5514/1195/5285 5516/1195/5287 5517/1195/5288
f 5518/1195/5289 5519/1195/5290 5520/1195/5291
f 5521/1195/5292 5519/1195/5290 5518/1195/5289
f 5508/1195/5279 5509/1195/5280 5522/1195/5293
f 5523/1195/5294 5500/1195/5272 5497/1195/5269
f 5524/1195/5295 5497/1195/5269 5499/1195/5271
f 5525/1195/5296 5476/1195/5248 5478/1195/5250
f 5489/1195/5261 5487/1195/5259 5486/1195/5258
f 5484/1195/5256 5526/1195/5297 5527/1195/5298
f 5527/1195/5298 5526/1195/5297 5496/1195/5268
f 5527/1195/5298 5496/1195/5268 5490/1195/5262
f 5526/1195/5297 5484/1195/5256 5483/1195/5255
f 5528/1195/5299 5529/1195/5300 5530/1195/5301
f 5531/1195/5302 5532/1195/5303 5533/1195/5304
f 5531/1195/5302 5533/1195/5304 5534/1195/5305
f 5535/1195/5306 5536/1195/5307 5537/1195/5308
f 5529/1195/5300 5528/1195/5299 5538/1195/5309
f 5534/1195/5305 5533/1195/5304 5537/1195/5308
f 5539/1195/5310 5540/1195/5311 5541/1195/5312
f 5530/1195/5301 5529/1195/5300 5542/1195/5313
f 5538/1195/5309 5536/1195/5307 5535/1195/5306
f 5538/1195/5309 5528/1195/5299 5536/1195/5307
f 5542/1195/5313 5529/1195/5300 5543/1195/5314
f 5542/1195/5313 5543/1195/5314 5544/1195/5315
f 5533/1195/5304 5535/1195/5306 5537/1195/5308
f 5545/1195/5316 5546/1195/5317 5547/1195/5318
f 5548/1195/5319 5549/1195/5320 5540/1195/5311
f 5541/1195/5312 5540/1195/5311 5550/1195/5321
f 5551/1195/5322 5548/1195/5319 5539/1195/5310
f 5539/1195/5310 5548/1195/5319 5540/1195/5311
f 5552/1195/5323 5546/1195/5317 5545/1195/5316
f 5553/1195/5324 5554/1195/5325 5555/1195/5326
f 5553/1195/5324 5555/1195/5326 5556/1195/5327
f 5557/1195/5328 5558/1195/5329 5559/1195/5330
f 5560/1195/5331 5559/1195/5330 5558/1195/5329
f 5557/1195/5328 5561/1195/5332 5562/1195/5333
f 5557/1195/5328 5559/1195/5330 5561/1195/5332
f 5563/1195/5334 5564/1195/5335 5565/1195/4536
f 5563/1195/5334 5565/1195/4536 5566/1195/4537
f 5567/1195/5336 5554/1195/5325 5553/1195/5324
f 5567/1195/5336 5568/1195/5337 5554/1195/5325
f 5569/1195/5338 5570/1195/5339 5571/1195/5340
f 5562/1195/5333 5561/1195/5332 5572/1195/5341
f 5573/1195/5342 5574/1195/5343 5575/1195/5344
f 5573/1195/5342 5575/1195/5344 5576/1195/5345
f 5577/1195/5346 5578/1195/5347 5579/1195/5348
f 5580/1195/4547 5581/1195/5349 5582/1195/5350
f 5580/1195/4547 5582/1195/5350 5583/1195/5351
f 5562/1195/5333 5572/1195/5341 5584/1195/5352
f 5585/1195/5353 5578/1195/5347 5586/1195/5354
f 5579/1195/5348 5578/1195/5347 5585/1195/5353
f 5584/1195/5352 5572/1195/5341 5587/1195/5355
f 5560/1195/5331 5571/1195/5340 5559/1195/5330
f 5569/1195/5338 5571/1195/5340 5560/1195/5331
f 5588/1195/5356 5522/1195/5293 5589/1195/5357
f 5590/1195/5358 5558/1195/5329 5557/1195/5328
f 5519/1195/5290 5521/1195/5292 5591/1195/5359
f 5519/1195/5290 5591/1195/5359 5592/1195/5360
f 5546/1195/5317 5593/1195/5361 5547/1195/5318
f 5594/1195/5362 5593/1195/5361 5549/1195/5320
f 5547/1195/5318 5593/1195/5361 5594/1195/5362
f 5594/1195/5362 5549/1195/5320 5548/1195/5319
f 5522/1195/5293 5509/1195/5280 5589/1195/5357
f 5495/1195/5267 5482/1195/5254 5595/1195/5363
f 5578/1195/5347 5577/1195/5346 5596/1195/5364
f 5597/1195/5365 5598/1195/5366 5575/1195/5344
f 5599/1195/5367 5546/1195/5317 5552/1195/5323
f 5599/1195/5367 5552/1195/5323 5600/1195/5368
f 5601/1195/5369 5532/1195/5303 5531/1195/5302
f 5575/1195/5344 5598/1195/5366 5576/1195/5345
f 5453/1195/5225 5452/1195/5224 5602/1195/5370
f 5460/1195/5232 5459/1195/5231 5603/1195/5371
f 5435/1195/5209 5445/1195/5217 5604/1195/5372
f 5433/1195/5207 5428/1195/5202 5605/1195/5373
f 5450/1195/5222 5606/1195/5374 5451/1195/5223
f 5607/1195/5375 5606/1195/5374 5450/1195/5222
f 5592/1195/5360 5608/1195/5376 5606/1195/5374
f 5592/1195/5360 5606/1195/5374 5607/1195/5375
f 5592/1195/5360 5591/1195/5359 5608/1195/5376
f 5425/1195/5199 5609/1195/5377 5423/1195/5197
f 5610/1195/5378 5611/1195/5379 5609/1195/5377
f 5610/1195/5378 5609/1195/5377 5425/1195/5199
f 5610/1195/5378 5612/1195/5380 5611/1195/5379
f 5604/1195/5372 5445/1195/5217 5613/1195/5381
f 5613/1195/5381 5614/1195/5382 5604/1195/5372
f 5614/1195/5382 5613/1195/5381 5588/1195/5356
f 5614/1195/5382 5588/1195/5356 5589/1195/5357
f 5383/1195/5158 5615/1195/5383 5616/1195/5384
f 5415/1195/5189 5414/1195/5188 5617/1195/5385
f 5618/1195/5386 5415/1195/5189 5617/1195/5385
f 5619/1195/5387 5618/1195/5386 5617/1195/5385
f 5619/1195/5387 5617/1195/5385 5620/1195/5388
f 5602/1195/5370 5621/1195/5389 5404/1195/5178
f 5602/1195/5370 5404/1195/5178 5403/1195/5177
f 5622/1195/5390 5602/1195/5370 5403/1195/5177
f 5602/1195/5370 5452/1195/5224 5621/1195/5389
f 5390/1195/5165 5389/1195/5164 5623/1195/5391
f 5361/1195/5136 5624/1195/5392 5359/1195/5134
f 5625/1195/5393 5626/1195/5394 5624/1195/5392
f 5625/1195/5393 5624/1195/5392 5361/1195/5136
f 5627/1195/5395 5626/1195/5394 5625/1195/5393
f 5382/1195/5157 5615/1195/5383 5383/1195/5158
f 5615/1195/5383 5628/1195/5396 5616/1195/5384
f 5629/1195/5397 5628/1195/5396 5460/1195/5232
f 5628/1195/5396 5629/1195/5397 5616/1195/5384
f 5629/1195/5397 5460/1195/5232 5603/1195/5371
f 5402/1195/5176 5630/1195/5398 5384/1195/5159
f 5352/1195/5127 5351/1195/5126 5631/1195/5399
f 5632/1195/5400 5352/1195/5127 5631/1195/5399
f 5632/1195/5400 5631/1195/5399 5633/1195/5401
f 5634/1195/5402 5632/1195/5400 5633/1195/5401
f 5635/1195/5403 5630/1195/5398 5402/1195/5176
f 5635/1195/5403 5636/1195/5404 5630/1195/5398
f 5635/1195/5403 5569/1195/5338 5636/1195/5404
f 5569/1195/5338 5635/1195/5403 5570/1195/5339
f 5523/1195/5294 5637/1195/5405 5638/1195/5406
f 5523/1195/5294 5638/1195/5406 5500/1195/5272
f 5636/1195/5404 5569/1195/5338 5639/1195/5407
f 5601/1195/5369 5640/1195/5408 5641/1195/5409
f 5640/1195/5408 5601/1195/5369 5642/1195/5410
f 5601/1195/5369 5641/1195/5409 5532/1195/5303
f 5390/1195/5165 5623/1195/5391 5643/1195/5411
f 5643/1195/5411 5623/1195/5391 5644/1195/5412
f 5643/1195/5411 5644/1195/5412 5598/1195/5366
f 5598/1195/5366 5597/1195/5365 5643/1195/5411
f 5512/1195/5283 5645/1195/5413 5513/1195/5284
f 5646/1195/5414 5368/1195/5143 5356/1195/5131
f 5647/1195/5415 5550/1195/5321 5648/1196/5416
f 5541/1195/5312 5550/1195/5321 5647/1195/5415
f 5476/1195/5248 5525/1195/5296 5649/1195/5417
f 5476/1195/5248 5649/1195/5417 5650/1195/5418
f 5650/1195/5418 5651/1195/5419 5652/1195/5420
f 5650/1195/5418 5649/1195/5417 5651/1195/5419
f 5652/1195/5420 5651/1195/5419 5653/1195/5421
f 5637/1195/5405 5654/1195/5422 5638/1195/5406
f 5655/1195/5423 5500/1195/5272 5638/1195/5406
f 5654/1195/5422 5587/1195/5355 5638/1195/5406
f 5654/1195/5422 5584/1195/5352 5587/1195/5355
f 5363/1195/5138 5370/1195/5145 5360/1195/5135
f 5488/1195/5260 5656/1195/5424 5486/1195/5258
f 5657/1195/5425 5656/1195/5424 5488/1195/5260
f 5657/1195/5425 5658/1195/5426 5656/1195/5424
f 5657/1195/5425 5659/1497/5427 5658/1195/5426
f 5660/1195/5428 5645/1195/5413 5512/1195/5283
f 5596/1195/5364 5661/1195/5429 5645/1195/5413
f 5596/1195/5364 5645/1195/5413 5660/1195/5428
f 5596/1195/5364 5577/1195/5346 5661/1195/5429
f 5662/1498/5430 5663/1499/5431 5664/1500/5432
f 5662/1498/5430 5664/1500/5432 5665/1501/5433
f 5662/1498/5430 5665/1501/5433 5666/1502/5434
f 5667/1503/5435 5668/1504/5436 5669/1505/5437
f 5667/1503/5435 5669/1505/5437 5664/1500/5432
f 5667/1503/5435 5664/1500/5432 5663/1499/5431
f 5670/1506/5438 5671/1507/5439 5669/1505/5437
f 5670/1506/5438 5669/1505/5437 5668/1504/5436
f 5672/1508/5440 5673/1509/5441 5674/1510/5442
f 5672/1508/5440 5674/1510/5442 5669/1505/5437
f 5672/1508/5440 5669/1505/5437 5671/1507/5439
f 5675/1511/5443 5676/1512/5444 5677/1513/5445
f 5675/1511/5443 5677/1513/5445 5674/1510/5442
f 5675/1511/5443 5674/1510/5442 5673/1509/5441
f 5678/1514/5446 5679/1515/5447 5680/1222/5448
f 5678/1514/5446 5680/1222/5448 5677/1513/5445
f 5678/1514/5446 5677/1513/5445 5676/1512/5444
f 5681/1516/5449 5682/1517/5450 5683/1518/5451
f 5681/1516/5449 5683/1518/5451 5684/1226/5452
f 5681/1516/5449 5684/1226/5452 5685/1519/5453
f 5686/1520/5454 5687/1521/5455 5688/1522/5456
f 5686/1520/5454 5688/1522/5456 5683/1518/5451
f 5686/1520/5454 5683/1518/5451 5682/1517/5450
f 5689/1523/5457 5690/1524/5458 5691/1525/5459
f 5689/1523/5457 5691/1525/5459 5688/1522/5456
f 5689/1523/5457 5688/1522/5456 5687/1521/5455
f 5692/1526/5460 5693/1527/5461 5691/1525/5459
f 5692/1526/5460 5691/1525/5459 5690/1524/5458
f 5694/1528/5462 5695/1529/5463 5696/1530/5464
f 5694/1528/5462 5696/1530/5464 5691/1525/5459
f 5694/1528/5462 5691/1525/5459 5693/1527/5461
f 5666/1502/5434 5665/1501/5433 5696/1530/5464
f 5666/1502/5434 5696/1530/5464 5695/1529/5463
f 5697/1531/5465 5663/1499/5431 5662/1498/5430
f 5698/1532/5466 5697/1531/5465 5662/1498/5430
f 5698/1532/5466 5662/1498/5430 5666/1502/5434
f 5663/1499/5431 5699/1533/5467 5667/1503/5435
f 5699/1533/5467 5668/1504/5436 5667/1503/5435
f 5672/1508/5440 5700/1534/5468 5673/1509/5441
f 5700/1534/5468 5701/1535/5469 5675/1511/5443
f 5700/1534/5468 5675/1511/5443 5673/1509/5441
f 5701/1535/5469 5702/1536/5470 5676/1512/5444
f 5701/1535/5469 5676/1512/5444 5675/1511/5443
f 5702/1536/5470 5703/1537/5471 5678/1514/5446
f 5702/1536/5470 5678/1514/5446 5676/1512/5444
f 5703/1537/5471 5704/1538/5472 5679/1515/5447
f 5703/1537/5471 5679/1515/5447 5678/1514/5446
f 5681/1516/5449 5705/1539/5473 5682/1517/5450
f 5705/1539/5473 5686/1520/5454 5682/1517/5450
f 5706/1540/5474 5695/1529/5463 5694/1528/5462
f 5693/1527/5461 5706/1540/5474 5694/1528/5462
f 5707/1541/5475 5698/1532/5466 5666/1502/5434
f 5695/1529/5463 5707/1541/5475 5666/1502/5434
f 5699/1533/5467 5708/1542/5476 5668/1504/5436
f 5708/1542/5476 5670/1506/5438 5668/1504/5436
f 5692/1526/5460 5709/1543/5477 5693/1527/5461
f 5709/1543/5477 5706/1540/5474 5693/1527/5461
f 5710/1544/5478 5711/1545/5479 5663/1499/5431
f 5710/1544/5478 5663/1499/5431 5697/1531/5465
f 5712/1546/5480 5710/1544/5478 5697/1531/5465
f 5712/1546/5480 5697/1531/5465 5698/1532/5466
f 5711/1545/5479 5699/1533/5467 5663/1499/5431
f 5670/1506/5438 5713/1547/5481 5671/1507/5439
f 5713/1547/5481 5672/1508/5440 5671/1507/5439
f 5703/1537/5471 5714/1548/5482 5704/1538/5472
f 5715/1263/5483 5705/1539/5473 5681/1516/5449
f 5716/1549/5484 5715/1263/5483 5681/1516/5449
f 5716/1549/5484 5681/1516/5449 5685/1519/5453
f 5717/1550/5485 5718/1551/5486 5687/1521/5455
f 5717/1550/5485 5687/1521/5455 5686/1520/5454
f 5705/1539/5473 5717/1550/5485 5686/1520/5454
f 5718/1551/5486 5719/1552/5487 5689/1523/5457
f 5719/1552/5487 5690/1524/5458 5689/1523/5457
f 5718/1551/5486 5689/1523/5457 5687/1521/5455
f 5709/1543/5477 5720/1553/5488 5706/1540/5474
f 5720/1553/5488 5721/1554/5489 5706/1540/5474
f 5706/1540/5474 5721/1554/5489 5695/1529/5463
f 5722/1555/5490 5712/1546/5480 5698/1532/5466
f 5722/1555/5490 5698/1532/5466 5707/1541/5475
f 5721/1554/5489 5722/1555/5490 5707/1541/5475
f 5721/1554/5489 5707/1541/5475 5695/1529/5463
f 5711/1545/5479 5723/1556/5491 5699/1533/5467
f 5723/1556/5491 5708/1542/5476 5699/1533/5467
f 5724/1557/5492 5713/1547/5481 5670/1506/5438
f 5708/1542/5476 5724/1557/5492 5670/1506/5438
f 5700/1534/5468 5725/1558/5493 5701/1535/5469
f 5725/1558/5493 5726/1559/5494 5702/1536/5470
f 5725/1558/5493 5702/1536/5470 5701/1535/5469
f 5726/1559/5494 5727/1560/5495 5703/1537/5471
f 5726/1559/5494 5703/1537/5471 5702/1536/5470
f 5727/1560/5495 5714/1548/5482 5703/1537/5471
f 5715/1263/5483 5728/1561/5496 5705/1539/5473
f 5728/1561/5496 5717/1550/5485 5705/1539/5473
f 5719/1552/5487 5729/1562/5497 5690/1524/5458
f 5729/1562/5497 5730/1563/5498 5692/1526/5460
f 5729/1562/5497 5692/1526/5460 5690/1524/5458
f 5730/1563/5498 5709/1543/5477 5692/1526/5460
f 5731/1564/5499 5732/1565/5500 5711/1545/5479
f 5731/1564/5499 5711/1545/5479 5710/1544/5478
f 5733/1566/5501 5731/1564/5499 5710/1544/5478
f 5733/1566/5501 5710/1544/5478 5712/1546/5480
f 5732/1565/5500 5723/1556/5491 5711/1545/5479
f 5713/1547/5481 5734/1567/5502 5672/1508/5440
f 5734/1567/5502 5735/1568/5503 5700/1534/5468
f 5734/1567/5502 5700/1534/5468 5672/1508/5440
f 5735/1568/5503 5725/1558/5493 5700/1534/5468
f 5709/1543/5477 5736/1569/5504 5720/1553/5488
f 5736/1569/5504 5737/1570/5505 5720/1553/5488
f 5720/1553/5488 5737/1570/5505 5721/1554/5489
f 5738/1571/5506 5733/1566/5501 5712/1546/5480
f 5738/1571/5506 5712/1546/5480 5722/1555/5490
f 5737/1570/5505 5738/1571/5506 5722/1555/5490
f 5737/1570/5505 5722/1555/5490 5721/1554/5489
f 5732/1565/5500 5739/1572/5507 5723/1556/5491
f 5739/1572/5507 5740/1573/5508 5723/1556/5491
f 5723/1556/5491 5740/1573/5508 5708/1542/5476
f 5740/1573/5508 5724/1557/5492 5708/1542/5476
f 5735/1568/5503 5741/1574/5509 5725/1558/5493
f 5741/1574/5509 5726/1559/5494 5725/1558/5493
f 5742/1575/5510 5715/1263/5483 5716/1549/5484
f 5717/1550/5485 5743/1576/5511 5718/1551/5486
f 5743/1576/5511 5744/1577/5512 5719/1552/5487
f 5743/1576/5511 5719/1552/5487 5718/1551/5486
f 5744/1577/5512 5729/1562/5497 5719/1552/5487
f 5730/1563/5498 5745/1578/5513 5709/1543/5477
f 5745/1578/5513 5736/1569/5504 5709/1543/5477
f 5746/1579/5514 5747/1580/5515 5732/1565/5500
f 5746/1579/5514 5732/1565/5500 5731/1564/5499
f 5748/1581/5516 5746/1579/5514 5731/1564/5499
f 5748/1581/5516 5731/1564/5499 5733/1566/5501
f 5747/1580/5515 5739/1572/5507 5732/1565/5500
f 5740/1573/5508 5749/1582/5517 5724/1557/5492
f 5749/1582/5517 5713/1547/5481 5724/1557/5492
f 5741/1574/5509 5750/1583/5518 5726/1559/5494
f 5727/1560/5495 5751/1584/5519 5714/1548/5482
f 5750/1583/5518 5727/1560/5495 5726/1559/5494
f 5752/1585/5520 5728/1561/5496 5715/1263/5483
f 5742/1575/5510 5752/1585/5520 5715/1263/5483
f 5753/1586/5521 5743/1576/5511 5717/1550/5485
f 5728/1561/5496 5753/1586/5521 5717/1550/5485
f 5736/1569/5504 5754/1587/5522 5737/1570/5505
f 5755/1588/5523 5748/1581/5516 5733/1566/5501
f 5755/1588/5523 5733/1566/5501 5738/1571/5506
f 5754/1587/5522 5755/1588/5523 5738/1571/5506
f 5754/1587/5522 5738/1571/5506 5737/1570/5505
f 5713/1547/5481 5756/1589/5524 5734/1567/5502
f 5756/1589/5524 5735/1568/5503 5734/1567/5502
f 5750/1583/5518 5757/1590/5525 5727/1560/5495
f 5757/1590/5525 5751/1584/5519 5727/1560/5495
f 5752/1585/5520 5758/1591/5526 5728/1561/5496
f 5758/1591/5526 5753/1586/5521 5728/1561/5496
f 5729/1562/5497 5759/1592/5527 5730/1563/5498
f 5759/1592/5527 5760/1593/5528 5745/1578/5513
f 5759/1592/5527 5745/1578/5513 5730/1563/5498
f 5760/1593/5528 5736/1569/5504 5745/1578/5513
f 5761/1594/4736 5762/1595/5529 5747/1580/5515
f 5761/1594/4736 5747/1580/5515 5746/1579/5514
f 5763/1596/5530 5761/1594/4736 5746/1579/5514
f 5763/1596/5530 5746/1579/5514 5748/1581/5516
f 5739/1572/5507 5764/1597/5531 5740/1573/5508
f 5762/1595/5529 5739/1572/5507 5747/1580/5515
f 5749/1582/5517 5765/1598/5532 5713/1547/5481
f 5764/1597/5531 5749/1582/5517 5740/1573/5508
f 5756/1589/5524 5766/1599/5533 5735/1568/5503
f 5765/1598/5532 5756/1589/5524 5713/1547/5481
f 5766/1599/5533 5741/1574/5509 5735/1568/5503
f 5767/1600/5534 5752/1585/5520 5742/1575/5510
f 5744/1577/5512 5768/1601/5535 5729/1562/5497
f 5768/1601/5535 5759/1592/5527 5729/1562/5497
f 5760/1593/5528 5769/1602/5536 5736/1569/5504
f 5769/1602/5536 5754/1587/5522 5736/1569/5504
f 5770/1603/5537 5763/1596/5530 5748/1581/5516
f 5770/1603/5537 5748/1581/5516 5755/1588/5523
f 5754/1587/5522 5770/1603/5537 5755/1588/5523
f 5771/1604/5538 5764/1597/5531 5739/1572/5507
f 5762/1595/5529 5771/1604/5538 5739/1572/5507
f 5772/1605/5539 5750/1583/5518 5741/1574/5509
f 5766/1599/5533 5772/1605/5539 5741/1574/5509
f 5757/1590/5525 5773/1606/5540 5751/1584/5519
f 5767/1600/5534 5774/1607/5541 5752/1585/5520
f 5774/1607/5541 5758/1591/5526 5752/1585/5520
f 5769/1602/5536 5775/1608/5542 5754/1587/5522
f 5775/1608/5542 5770/1603/5537 5754/1587/5522
f 5776/1609/5543 5777/1610/5544 5762/1595/5529
f 5776/1609/5543 5762/1595/5529 5761/1594/4736
f 5778/1611/5545 5776/1609/5543 5761/1594/4736
f 5778/1611/5545 5761/1594/4736 5763/1596/5530
f 5777/1610/5544 5771/1604/5538 5762/1595/5529
f 5772/1605/5539 5779/1612/5546 5750/1583/5518
f 5779/1612/5546 5757/1590/5525 5750/1583/5518
f 5780/1613/5547 5781/1614/5548 5743/1576/5511
f 5780/1613/5547 5743/1576/5511 5753/1586/5521
f 5758/1591/5526 5780/1613/5547 5753/1586/5521
f 5781/1614/5548 5782/1615/5549 5744/1577/5512
f 5781/1614/5548 5744/1577/5512 5743/1576/5511
f 5782/1615/5549 5768/1601/5535 5744/1577/5512
f 5760/1593/5528 5783/1616/5550 5769/1602/5536
f 5783/1616/5550 5775/1608/5542 5769/1602/5536
f 5784/1617/4764 5778/1611/5545 5763/1596/5530
f 5784/1617/4764 5763/1596/5530 5770/1603/5537
f 5775/1608/5542 5784/1617/4764 5770/1603/5537
f 5785/1618/5551 5764/1597/5531 5771/1604/5538
f 5777/1610/5544 5785/1618/5551 5771/1604/5538
f 5765/1598/5532 5786/1619/5552 5756/1589/5524
f 5786/1619/5552 5766/1599/5533 5756/1589/5524
f 5779/1612/5546 5787/1620/5553 5757/1590/5525
f 5787/1620/5553 5773/1606/5540 5757/1590/5525
f 5788/1621/5554 5789/1622/5555 5774/1607/5541
f 5788/1621/5554 5774/1607/5541 5767/1600/5534
f 5789/1622/5555 5790/1623/5556 5774/1607/5541
f 5774/1607/5541 5790/1623/5556 5758/1591/5526
f 5790/1623/5556 5780/1613/5547 5758/1591/5526
f 5768/1601/5535 5791/1624/5557 5759/1592/5527
f 5791/1624/5557 5792/1625/5558 5760/1593/5528
f 5791/1624/5557 5760/1593/5528 5759/1592/5527
f 5792/1625/5558 5783/1616/5550 5760/1593/5528
f 5783/1616/5550 5793/1626/5559 5775/1608/5542
f 5793/1626/5559 5784/1617/4764 5775/1608/5542
f 5794/1627/4769 5795/1628/5560 5777/1610/5544
f 5794/1627/4769 5777/1610/5544 5776/1609/5543
f 5796/1629/4771 5794/1627/4769 5776/1609/5543
f 5796/1629/4771 5776/1609/5543 5778/1611/5545
f 5785/1618/5551 5797/1630/5561 5764/1597/5531
f 5795/1628/5560 5785/1618/5551 5777/1610/5544
f 5798/1631/5562 5765/1598/5532 5749/1582/5517
f 5797/1630/5561 5798/1631/5562 5749/1582/5517
f 5797/1630/5561 5749/1582/5517 5764/1597/5531
f 5786/1619/5552 5799/1632/5563 5766/1599/5533
f 5799/1632/5563 5772/1605/5539 5766/1599/5533
f 5772/1605/5539 5800/1633/5564 5779/1612/5546
f 5800/1633/5564 5787/1620/5553 5779/1612/5546
f 5801/1634/5565 5781/1614/5548 5780/1613/5547
f 5790/1623/5556 5801/1634/5565 5780/1613/5547
f 5802/1635/5566 5796/1629/4771 5778/1611/5545
f 5802/1635/5566 5778/1611/5545 5784/1617/4764
f 5793/1626/5559 5802/1635/5566 5784/1617/4764
f 5803/1636/5567 5797/1630/5561 5785/1618/5551
f 5795/1628/5560 5803/1636/5567 5785/1618/5551
f 5804/1637/5568 5800/1633/5564 5772/1605/5539
f 5799/1632/5563 5804/1637/5568 5772/1605/5539
f 5787/1620/5553 5805/1638/5569 5773/1606/5540
f 5806/1639/5570 5789/1622/5555 5788/1621/5554
f 5789/1622/5555 5807/1640/5571 5790/1623/5556
f 5801/1634/5565 5808/1641/5572 5781/1614/5548
f 5807/1640/5571 5801/1634/5565 5790/1623/5556
f 5808/1641/5572 5782/1615/5549 5781/1614/5548
f 5792/1625/5558 5809/1642/5573 5783/1616/5550
f 5809/1642/5573 5810/1643/5574 5793/1626/5559
f 5809/1642/5573 5793/1626/5559 5783/1616/5550
f 5810/1643/5574 5802/1635/5566 5793/1626/5559
f 5811/1644/4789 5796/1629/4771 5802/1635/5566
f 5810/1643/5574 5811/1644/4789 5802/1635/5566
f 5812/1645/5575 5803/1636/5567 5795/1628/5560
f 5813/1646/4791 5812/1645/5575 5811/1644/4789
f 5813/1646/4791 5811/1644/4789 5814/1647/5576
f 5813/1646/4791 5815/1648/4793 5812/1645/5575
f 5816/1649/4794 5803/1636/5567 5812/1645/5575
f 5816/1649/4794 5812/1645/5575 5815/1648/4793
f 5816/1649/4794 5817/1650/5577 5797/1630/5561
f 5816/1649/4794 5797/1630/5561 5803/1636/5567
f 5818/1651/5578 5798/1631/5562 5797/1630/5561
f 5818/1651/5578 5797/1630/5561 5817/1650/5577
f 5818/1651/5578 5819/1652/5579 5765/1598/5532
f 5818/1651/5578 5765/1598/5532 5798/1631/5562
f 5820/1653/5580 5786/1619/5552 5765/1598/5532
f 5820/1653/5580 5765/1598/5532 5819/1652/5579
f 5820/1653/5580 5821/1654/5581 5799/1632/5563
f 5820/1653/5580 5799/1632/5563 5786/1619/5552
f 5822/1365/5582 5804/1637/5568 5799/1632/5563
f 5822/1365/5582 5799/1632/5563 5821/1654/5581
f 5822/1365/5582 5823/1655/5583 5800/1633/5564
f 5822/1365/5582 5800/1633/5564 5804/1637/5568
f 5824/1656/5584 5787/1620/5553 5800/1633/5564
f 5824/1656/5584 5800/1633/5564 5823/1655/5583
f 5824/1656/5584 5825/1657/5585 5805/1638/5569
f 5824/1656/5584 5805/1638/5569 5787/1620/5553
f 5826/1658/5586 5789/1622/5555 5806/1639/5570
f 5826/1658/5586 5806/1639/5570 5827/1659/5587
f 5826/1658/5586 5828/1660/5588 5807/1640/5571
f 5826/1658/5586 5807/1640/5571 5789/1622/5555
f 5829/1661/5589 5801/1634/5565 5807/1640/5571
f 5829/1661/5589 5807/1640/5571 5828/1660/5588
f 5829/1661/5589 5830/1662/5590 5808/1641/5572
f 5829/1661/5589 5808/1641/5572 5801/1634/5565
f 5831/1663/5591 5782/1615/5549 5808/1641/5572
f 5831/1663/5591 5808/1641/5572 5830/1662/5590
f 5831/1663/5591 5832/1664/5592 5768/1601/5535
f 5831/1663/5591 5768/1601/5535 5782/1615/5549
f 5833/1376/5593 5791/1624/5557 5768/1601/5535
f 5833/1376/5593 5768/1601/5535 5832/1664/5592
f 5833/1376/5593 5834/1665/5594 5792/1625/5558
f 5833/1376/5593 5792/1625/5558 5791/1624/5557
f 5835/1666/5595 5809/1642/5573 5792/1625/5558
f 5835/1666/5595 5792/1625/5558 5834/1665/5594
f 5835/1666/5595 5836/1667/4814 5810/1643/5574
f 5835/1666/5595 5810/1643/5574 5809/1642/5573
f 5837/1668/4815 5811/1644/4789 5810/1643/5574
f 5837/1668/4815 5810/1643/5574 5836/1667/4814
f 5812/1645/5575 5795/1628/5560 5794/1627/4769
f 5811/1644/4789 5812/1645/5575 5794/1627/4769
f 5811/1644/4789 5794/1627/4769 5796/1629/4771
f 5838/1669/5596 5839/1670/5597 5840/1671/4818
f 5840/1671/4818 5841/1672/5598 5842/1673/5599
f 5842/1673/5599 5843/1674/5600 5844/1675/5601
f 5844/1675/5601 5845/1676/5602 5846/1677/5603
f 5846/1677/5603 5847/1678/5604 5848/1679/5605
f 5848/1679/5605 5849/1680/5606 5850/1681/5607
f 5851/1682/5608 5838/1669/5596 5850/1681/5607
f 5837/1668/4815 5814/1647/5576 5811/1644/4789
f 5842/1673/5599 5841/1672/5598 5852/1398/5609
f 5853/1683/5610 5851/1682/5608 5850/1681/5607
f 5851/1682/5608 5854/1399/5611 5838/1669/5596
f 5849/1680/5606 5848/1679/5605 5855/1402/5612
f 5850/1681/5607 5849/1680/5606 5856/1397/5613
f 5846/1677/5603 5845/1676/5602 5857/1400/5614
f 5839/1670/5597 5838/1669/5596 5858/1401/5615
f 5843/1674/5600 5842/1673/5599 5859/1403/5616
f 5847/1678/5604 5846/1677/5603 5860/1404/5617
f 5848/1679/5605 5847/1678/5604 5861/1684/5618
f 5862/1685/5619 5863/1406/5620 5864/1686/5621
f 5863/1406/5620 5865/1408/5622 5864/1686/5621
f 5862/1685/5619 5864/1686/5621 5850/1681/5607
f 5866/1410/5623 5867/1411/5624 5868/1687/5625
f 5867/1411/5624 5869/1413/5626 5844/1675/5601
f 5867/1411/5624 5844/1675/5601 5868/1687/5625
f 5868/1687/5625 5844/1675/5601 5846/1677/5603
f 5870/1414/5627 5871/1415/4850 5840/1671/4818
f 5871/1415/4850 5872/1416/5628 5873/1688/5629
f 5871/1415/4850 5873/1688/5629 5840/1671/4818
f 5850/1681/5607 5874/1689/5630 5862/1685/5619
f 5850/1681/5607 5838/1669/5596 5874/1689/5630
f 5874/1689/5630 5875/1418/5631 5876/1419/5632
f 5862/1685/5619 5874/1689/5630 5876/1419/5632
f 5865/1408/5622 5877/1690/5633 5864/1686/5621
f 5877/1690/5633 5878/1421/5634 5879/1691/5635
f 5877/1690/5633 5879/1691/5635 5848/1679/5605
f 5864/1686/5621 5877/1690/5633 5848/1679/5605
f 5864/1686/5621 5848/1679/5605 5850/1681/5607
f 5869/1413/5626 5880/1422/5636 5844/1675/5601
f 5880/1422/5636 5881/1423/5637 5882/1692/5638
f 5880/1422/5636 5882/1692/5638 5844/1675/5601
f 5872/1416/5628 5883/1425/5639 5873/1688/5629
f 5883/1425/5639 5884/1426/5640 5885/1693/5641
f 5883/1425/5639 5885/1693/5641 5873/1688/5629
f 5873/1688/5629 5885/1693/5641 5838/1669/5596
f 5873/1688/5629 5838/1669/5596 5840/1671/4818
f 5878/1421/5634 5886/1428/5642 5879/1691/5635
f 5886/1428/5642 5887/1429/5643 5888/1694/5644
f 5886/1428/5642 5888/1694/5644 5879/1691/5635
f 5879/1691/5635 5888/1694/5644 5848/1679/5605
f 5881/1423/5637 5889/1431/5645 5882/1692/5638
f 5889/1431/5645 5890/1432/5646 5891/1695/5647
f 5889/1431/5645 5891/1695/5647 5882/1692/5638
f 5882/1692/5638 5891/1695/5647 5842/1673/5599
f 5882/1692/5638 5842/1673/5599 5844/1675/5601
f 5884/1426/5640 5892/1434/5648 5885/1693/5641
f 5892/1434/5648 5875/1418/5631 5874/1689/5630
f 5892/1434/5648 5874/1689/5630 5885/1693/5641
f 5885/1693/5641 5874/1689/5630 5838/1669/5596
f 5887/1429/5643 5893/1435/5649 5888/1694/5644
f 5893/1435/5649 5866/1410/5623 5868/1687/5625
f 5893/1435/5649 5868/1687/5625 5888/1694/5644
f 5888/1694/5644 5868/1687/5625 5846/1677/5603
f 5888/1694/5644 5846/1677/5603 5848/1679/5605
f 5890/1432/5646 5894/1436/5650 5891/1695/5647
f 5894/1436/5650 5870/1414/5627 5840/1671/4818
f 5894/1436/5650 5840/1671/4818 5891/1695/5647
f 5891/1695/5647 5840/1671/4818 5842/1673/5599
f 5895/1696/5651 5896/1697/4876 5897/1698/5652
f 5895/1696/5651 5897/1698/5652 5898/1699/4878
f 5899/1700/5653 5900/1701/5654 5901/1702/5655
f 5899/1700/5653 5901/1702/5655 5902/1703/5656
f 5903/1704/5657 5904/1705/5658 5905/1706/4888
f 5903/1704/5657 5905/1706/4888 5906/1707/4889
f 5131/1493/4939 5130/1492/4938 5907/1708/5659
f 5131/1493/4939 5907/1708/5659 5908/1457/5660
f 5131/1493/4939 5908/1457/5660 5909/1709/5661
f 5910/1710/5662 5911/1711/5663 5896/1697/4876
f 5910/1710/5662 5896/1697/4876 5895/1696/5651
f 5912/1712/4895 5913/1713/5664 5914/1714/5665
f 5912/1712/4895 5914/1714/5665 5915/1715/5666
f 5916/1716/5667 5917/1717/5668 5132/1494/4940
f 5916/1716/5667 5132/1494/4940 5129/1491/4937
f 5129/1491/4937 5128/1490/4936 5918/1438/5669
f 5913/1713/5664 5912/1712/4895 5898/1699/4878
f 5913/1713/5664 5898/1699/4878 5897/1698/5652
f 5902/1703/5656 5901/1702/5655 5919/1464/5670
f 5902/1703/5656 5919/1464/5670 5920/1718/4900
f 5133/1495/4941 5134/1496/4942 5921/1719/5671
f 5133/1495/4941 5921/1719/5671 5922/1449/5672
f 5907/1708/5659 5130/1492/4938 5923/1720/5673
f 5924/1721/5674 5925/1722/5675 5906/1707/4889
f 5924/1721/5674 5906/1707/4889 5905/1706/4888
f 5915/1715/5666 5914/1714/5665 5926/1723/5676
f 5915/1715/5666 5926/1723/5676 5927/1724/4904
f 5128/1490/4936 5127/1489/4935 5928/1472/5677
f 5128/1490/4936 5928/1472/5677 5929/1725/5678
f 5134/1496/4942 5131/1493/4939 5930/1474/5679
f 5134/1496/4942 5930/1474/5679 5931/1475/5680
f 5932/1726/5681 5933/1727/4912 5920/1718/4900
f 5932/1726/5681 5920/1718/4900 5919/1464/5670
f 5934/1728/4913 5935/1729/4914 5911/1711/5663
f 5934/1728/4913 5911/1711/5663 5910/1710/5662
f 5130/1492/4938 5132/1494/4940 5936/1482/5682
f 5935/1729/4914 5934/1728/4913 5925/1722/5675
f 5935/1729/4914 5925/1722/5675 5924/1721/5674
f 5937/1730/5683 5938/1731/5684 5900/1701/5654
f 5937/1730/5683 5900/1701/5654 5899/1700/5653
f 5127/1489/4935 5133/1495/4941 5939/1732/5685
f 5127/1489/4935 5939/1732/5685 5940/1733/5686
f 5941/1734/4920 5942/1735/5687 5927/1724/4904
f 5941/1734/4920 5927/1724/4904 5926/1723/5676
f 5943/1736/4922 5944/1737/5688 5904/1705/5658
f 5943/1736/4922 5904/1705/5658 5903/1704/5657
f 5944/1737/5688 5943/1736/4922 5933/1727/4912
f 5944/1737/5688 5933/1727/4912 5932/1726/5681
f 5945/1195/5689 5946/1195/5690 5947/1195/5691
f 5948/1195/5692 5949/1195/5692 5950/1195/5692
f 5951/1195/5693 5946/1195/5690 5952/1195/5694
f 5953/1195/5695 5946/1195/5690 5954/1195/5696
f 5955/1195/5697 5946/1195/5690 5953/1195/5695
f 5952/1195/5694 5946/1195/5690 5955/1195/5697
f 5947/1195/5691 5946/1195/5690 5956/1196/5698
f 5956/1196/5698 5946/1195/5690 5951/1195/5693
f 5957/1195/5699 5946/1195/5690 5958/1195/5700
f 5958/1195/5700 5946/1195/5690 5945/1195/5689
f 5959/1738/5701 5960/1739/5702 5961/1740/5703
f 5962/1741/5704 5963/1742/5705 5961/1740/5703
f 5964/1743/5706 5962/1741/5704 5961/1740/5703
f 5965/1744/5707 5959/1738/5701 5961/1740/5703
f 5963/1742/5705 5966/1745/5708 5961/1740/5703
f 5966/1745/5708 5965/1744/5707 5961/1740/5703
f 5967/1195/5709 5968/1195/5710 5969/1195/5711
f 5967/1195/5709 5969/1195/5711 5970/1195/5712
f 5971/1195/5713 5972/1195/5714 5973/1195/5715
f 5974/1195/5716 5975/1195/5717 5976/1195/5718
f 5974/1195/5716 5976/1195/5718 5977/1195/5719
f 5978/1195/5720 5979/1195/5720 5980/1195/5720
f 5981/1195/5721 5982/1195/5721 5983/1195/5721
f 5984/1195/5722 5985/1195/5723 5986/1195/5724
f 5987/1195/5725 5988/1195/5726 5989/1195/5727
f 5990/1195/5728 5991/1195/5728 5992/1195/5728
f 5993/1196/5729 5994/1195/5730 5988/1195/5726
f 5989/1195/5727 5988/1195/5726 5994/1195/5730
f 5995/1195/5731 5996/1195/5732 5997/1195/5733
f 5998/1195/5734 5999/1195/5735 5985/1195/5723
f 5987/1195/5725 5986/1195/5724 5985/1195/5723
f 6000/1195/5736 5984/1195/5722 5986/1195/5724
f 6001/1195/5737 6002/1195/5738 6003/1195/5739
f 6001/1195/5737 6003/1195/5739 6004/1195/5740
f 5997/1195/5733 5996/1195/5732 6005/1195/5741
f 6006/1195/5742 6007/1195/5743 6008/1195/5744
f 6006/1195/5742 6008/1195/5744 6009/1195/5745
f 6010/1195/5746 6011/1195/5747 5999/1195/5735
f 6000/1195/5736 5986/1195/5724 6012/1195/5748
f 5989/1195/5727 6013/1195/5749 5987/1195/5725
f 5998/1195/5734 5985/1195/5723 6014/1195/5750
f 5996/1195/5732 6015/1195/5751 6005/1195/5741
f 5996/1195/5732 5999/1195/5735 6016/1195/5752
f 5996/1195/5732 6016/1195/5752 6015/1195/5751
f 5999/1195/5735 6011/1195/5747 6016/1195/5752
f 6017/1195/5753 6018/1195/5754 6019/1195/5755
f 6017/1195/5753 6019/1195/5755 6020/1195/5756
f 5986/1195/5724 6021/1195/5757 6012/1195/5748
f 5986/1195/5724 5987/1195/5725 6022/1195/5758
f 5986/1195/5724 6022/1195/5758 6021/1195/5757
f 6023/1195/5759 6024/1195/5760 6025/1195/5761
f 6023/1195/5759 6025/1195/5761 6026/1195/5762
f 5987/1195/5725 6013/1195/5749 6022/1195/5758
f 5995/1195/5731 6027/1195/5763 6028/1195/5764
f 5988/1195/5726 5995/1195/5731 6028/1195/5764
f 5988/1195/5726 6028/1195/5764 6029/1195/5765
f 5988/1195/5726 6029/1195/5765 6030/1195/5766
f 5995/1195/5731 5985/1195/5723 5996/1195/5732
f 6031/1195/5767 6032/1195/5768 5984/1195/5722
f 5985/1195/5723 6033/1195/5769 6014/1195/5750
f 5985/1195/5723 5984/1195/5722 6034/1195/5770
f 5985/1195/5723 6034/1195/5770 6033/1195/5769
f 5993/1196/5729 5988/1195/5726 6030/1195/5766
f 5984/1195/5722 6032/1195/5768 6034/1195/5770
f 5987/1195/5725 5985/1195/5723 5988/1195/5726
f 5985/1195/5723 5995/1195/5731 5988/1195/5726
f 6035/1195/5771 6036/1195/5772 6037/1195/5773
f 6035/1195/5771 6037/1195/5773 6038/1195/5774
f 6039/1195/5775 6040/1195/5776 6041/1497/5777
f 6039/1195/5775 6041/1497/5777 6042/1195/5778
f 6043/1195/5779 6044/1195/5780 6045/1195/5781
f 6043/1195/5779 6045/1195/5781 6046/1497/5782
f 6047/1195/5783 6027/1195/5763 5995/1195/5731
f 6048/1195/5784 6049/1195/5785 6050/1195/5786
f 6048/1195/5784 6050/1195/5786 6051/1195/5787
f 6052/1195/5788 6053/1195/5789 6054/1195/5790
f 6052/1195/5788 6054/1195/5790 6055/1195/5791
f 6056/1195/5792 6057/1196/5793 6058/1195/5794
f 6056/1195/5792 6058/1195/5794 6059/1195/5795
f 6060/1195/5796 6061/1195/5797 6062/1195/5798
f 6060/1195/5796 6062/1195/5798 6063/1195/5799
f 6064/1195/5800 6065/1195/5801 6066/1195/5802
f 6064/1195/5800 6066/1195/5802 6067/1195/5803
f 6068/1195/5804 6069/1195/5805 6070/1195/5806
f 6068/1195/5804 6070/1195/5806 6071/1195/5807
f 6072/1195/5808 6073/1195/5808 6074/1195/5808
f 6075/1195/5809 6076/1195/5810 6077/1195/5811
f 6075/1195/5809 6077/1195/5811 6078/1195/5812
f 5996/1195/5732 5985/1195/5723 5999/1195/5735
f 6079/1195/5813 6080/1195/5814 6081/1195/5815
f 6079/1195/5813 6081/1195/5815 6082/1195/5816
f 6083/1195/5817 6084/1195/5818 6085/1195/5819
f 6083/1195/5817 6085/1195/5819 6086/1195/5820
f 6087/1195/5821 6088/1195/5822 6089/1195/5823
f 6087/1195/5821 6089/1195/5823 6090/1195/5824
f 6091/1195/5825 6092/1195/5826 6093/1195/5827
f 6091/1195/5825 6093/1195/5827 6094/1195/5828
f 5973/1195/5715 5972/1195/5714 6095/1195/5829
f 6096/1195/5830 6097/1195/5831 6098/1195/5832
f 6096/1195/5830 6098/1195/5832 6099/1196/5833
f 6100/1195/5834 6101/1195/5835 6102/1195/5836
f 6100/1195/5834 6102/1195/5836 6103/1195/5837
f 6104/1195/5838 6105/1195/5839 6106/1195/5840
f 6104/1195/5838 6106/1195/5840 6107/1195/5841
f 6108/1195/5842 6109/1195/5843 6101/1195/5835
f 6108/1195/5842 6101/1195/5835 6100/1195/5834
f 5954/1195/5696 5946/1195/5690 6110/1196/5844
f 6106/1195/5840 6111/1195/5845 6112/1195/5846
f 6106/1195/5840 6112/1195/5846 6107/1195/5841
f 6113/1195/5847 6114/1195/5848 6115/1195/5849
f 6113/1195/5847 6115/1195/5849 6116/1195/5850
f 6117/1195/5851 6118/1196/5852 6119/1195/5853
f 6117/1195/5851 6119/1195/5853 6120/1195/5854
f 6114/1195/5848 6121/1195/5855 6122/1195/5856
f 6114/1195/5848 6122/1195/5856 6115/1195/5849
f 6119/1195/5853 6123/1195/5857 6124/1195/5858
f 6119/1195/5853 6124/1195/5858 6120/1195/5854
f 6125/1195/5859 6126/1195/5860 6127/1195/5861
f 6125/1195/5859 6127/1195/5861 6128/1195/5862
f 6129/1195/5863 6130/1195/5864 6131/1195/5865
f 6129/1195/5863 6131/1195/5865 6132/1195/5866
f 6126/1195/5860 6133/1195/5867 6134/1195/5868
f 6126/1195/5860 6134/1195/5868 6127/1195/5861
f 6135/1195/5869 6095/1195/5829 6136/1195/5870
f 6137/1195/5871 6138/1195/5872 6130/1195/5864
f 6137/1195/5871 6130/1195/5864 6129/1195/5863
f 6139/1195/5873 6140/1195/5874 6141/1195/5875
f 6139/1195/5873 6141/1195/5875 6142/1195/5876
f 6143/1195/5877 6144/1195/5878 6140/1195/5874
f 6143/1195/5877 6140/1195/5874 6139/1195/5873
f 6099/1196/5833 6098/1195/5832 6145/1195/5879
f 5946/1195/5690 5957/1195/5699 6146/1195/5880
f 6146/1195/5880 6147/1195/5881 5946/1195/5690
f 6148/1195/5882 6149/1195/5883 6150/1195/5884
f 6149/1195/5883 6151/1195/5885 6150/1195/5884
f 6152/1195/5886 5953/1195/5695 5954/1195/5696
f 6152/1195/5886 5954/1195/5696 6153/1195/5887
f 6154/1195/5888 5971/1195/5713 5973/1195/5715
f 6155/1195/5889 6156/1196/5890 6157/1195/5891
f 6156/1196/5890 6155/1195/5889 6158/1195/5892
f 6156/1196/5890 5993/1196/5729 6159/1195/5893
f 6135/1195/5869 5973/1195/5715 6095/1195/5829
f 6160/1195/5894 6161/1195/5895 6162/1195/5896
f 5951/1195/5693 6163/1196/5897 6164/1195/5898
f 6108/1195/5842 6104/1195/5838 6109/1195/5843
f 6122/1195/5856 6121/1195/5855 6132/1195/5866
f 6122/1195/5856 6132/1195/5866 6131/1195/5865
f 6161/1195/5895 6165/1195/5899 5989/1195/5727
f 6108/1195/5842 6105/1195/5839 6104/1195/5838
f 5947/1195/5691 6166/1195/5900 6167/1195/5901
f 6143/1195/5877 6118/1196/5852 6117/1195/5851
f 6143/1195/5877 6117/1195/5851 6144/1195/5878
f 5945/1195/5689 5947/1195/5691 6167/1195/5901
f 5951/1195/5693 5952/1195/5694 6163/1196/5897
f 6148/1195/5882 6168/1195/5902 6149/1195/5883
f 6162/1195/5896 6161/1195/5895 5994/1195/5730
f 6161/1195/5895 5989/1195/5727 5994/1195/5730
f 6145/1195/5879 6133/1195/5867 6099/1196/5833
f 6134/1195/5868 6133/1195/5867 6145/1195/5879
f 6150/1195/5884 6151/1195/5885 6169/1195/5903
f 6170/1195/5904 6171/1195/5904 6172/1195/5904
f 6173/1195/5905 6157/1195/5891 6159/1195/5893
f 6159/1195/5893 6157/1195/5891 6156/1196/5890
f 6174/1195/5906 6165/1195/5899 6161/1195/5895
f 5994/1195/5730 5993/1196/5729 6156/1196/5890
f 5994/1195/5730 6156/1196/5890 6175/1195/5907
f 5972/1195/5714 5971/1195/5713 6176/1195/5908
f 6151/1195/5885 6149/1195/5883 6177/1195/5909
f 6178/1195/5910 6150/1195/5884 6169/1195/5903
f 6179/1195/5911 6180/1195/5912 6181/1195/5913
f 6179/1195/5911 6181/1195/5913 6182/1195/5914
f 6180/1195/5912 6179/1195/5911 6183/1195/5915
f 6183/1195/5915 6179/1195/5911 6184/1195/5916
f 6185/1195/5917 6186/1195/5918 6187/1195/5919
f 6188/1195/5920 6189/1195/5921 6186/1195/5918
f 6187/1195/5919 6184/1195/5916 6185/1195/5917
f 6183/1195/5915 6184/1195/5916 6187/1195/5919
f 6188/1195/5920 6186/1195/5918 6190/1195/5922
f 6190/1195/5922 6186/1195/5918 6185/1195/5917
f 6181/1195/5913 6180/1195/5912 6191/1195/5923
f 6192/1195/5924 6193/1195/5925 6194/1195/5926
f 6192/1195/5924 6194/1195/5926 6195/1195/5927
f 6196/1195/5928 6197/1195/5929 6198/1195/5930
f 6199/1195/5931 6198/1195/5930 6200/1195/5932
f 6201/1195/5933 6196/1195/5928 6198/1195/5930
f 6192/1195/5924 6202/1195/5934 6193/1195/5925
f 6194/1195/5926 6193/1195/5925 6203/1195/5935
f 6204/1195/5936 6205/1195/5937 6206/1195/5938
f 6207/1195/5939 6205/1195/5937 6204/1195/5936
f 6208/1195/5940 6209/1195/5941 6210/1195/5942
f 6211/1195/5943 6212/1195/5944 6213/1195/5945
f 6211/1195/5943 6213/1195/5945 6214/1195/5946
f 6215/1195/5947 6216/1195/5948 6217/1195/5949
f 6218/1195/5950 6216/1195/5948 6215/1195/5947
f 6208/1195/5940 6210/1195/5942 6219/1195/5951
f 6220/1195/5952 6221/1196/5953 6222/1195/5954
f 6223/1195/5955 6224/1195/5956 6225/1195/5957
f 6226/1195/5958 6224/1195/5956 6223/1195/5955
f 6227/1195/5959 6228/1195/5960 6229/1195/5961
f 6227/1195/5959 6229/1195/5961 6230/1195/5962
f 6206/1195/5938 6205/1195/5937 6210/1195/5942
f 6209/1195/5941 6206/1195/5938 6210/1195/5942
f 6215/1195/5947 6217/1195/5949 6231/1195/5963
f 6215/1195/5947 6231/1195/5963 6232/1195/5964
f 6223/1195/5955 6225/1195/5957 6233/1195/5965
f 6223/1195/5955 6233/1195/5965 6234/1195/5966
f 6207/1195/5939 6235/1195/5967 6205/1195/5937
f 6207/1195/5939 6236/1195/5968 6235/1195/5967
f 6222/1195/5954 6237/1195/5969 6238/1195/5970
f 6222/1195/5954 6239/1195/5971 6237/1195/5969
f 6222/1195/5954 6221/1196/5953 6239/1195/5971
f 6201/1195/5933 6198/1195/5930 6199/1195/5931
f 6194/1195/5926 6203/1195/5935 6197/1195/5929
f 6194/1195/5926 6197/1195/5929 6240/1195/5972
f 6240/1195/5972 6197/1195/5929 6196/1195/5928
f 6241/1497/5973 6242/1195/5974 6243/1195/5975
f 6244/1195/5976 6242/1195/5974 6241/1497/5973
f 6245/1195/5977 6246/1195/5978 6247/1195/5979
f 6242/1195/5974 6244/1195/5976 6248/1195/5980
f 6249/1195/5981 6250/1195/5982 6247/1195/5979
f 6248/1195/5980 6246/1195/5978 6245/1195/5977
f 6248/1195/5980 6244/1195/5976 6246/1195/5978
f 6243/1195/5975 6242/1195/5974 6251/1195/5983
f 6252/1195/5984 6253/1195/5985 6254/1195/5986
f 6252/1195/5984 6254/1195/5986 6255/1195/5987
f 6256/1195/5988 6257/1195/5989 6258/1195/5990
f 6259/1195/5991 6258/1195/5990 6260/1195/5992
f 6261/1195/5993 6256/1195/5988 6258/1195/5990
f 6262/1195/5994 6263/1195/5995 6264/1195/5996
f 6252/1195/5984 6265/1497/5997 6253/1195/5985
f 6254/1195/5986 6253/1195/5985 6266/1195/5998
f 6267/1195/5999 6268/1195/6000 6269/1195/6001
f 6270/1195/6002 6271/1195/6003 6272/1195/6004
f 6273/1195/6005 6272/1195/6004 6271/1195/6003
f 6267/1195/5999 6269/1195/6001 6270/1195/6002
f 6274/1195/6006 6275/1195/6007 6276/1195/6008
f 6274/1195/6006 6276/1195/6008 6277/1195/6009
f 6270/1195/6002 6269/1195/6001 6271/1195/6003
f 6278/1195/6010 6263/1195/5995 6279/1195/6011
f 6280/1195/6012 6281/1195/6013 6268/1195/6000
f 6273/1195/6005 6271/1195/6003 6282/1195/6014
f 6283/1195/6015 6284/1195/6016 6285/1195/6017
f 6286/1196/6018 6287/1195/6019 6288/1195/6020
f 6286/1196/6018 6288/1195/6020 6289/1195/6021
f 6279/1195/6011 6263/1195/5995 6262/1195/5994
f 6290/1195/6022 6273/1195/6005 6282/1195/6014
f 6291/1195/6023 6292/1195/6024 6293/1195/6025
f 6293/1195/6025 6292/1195/6024 6294/1195/6026
f 6295/1195/6027 6290/1195/6022 6282/1195/6014
f 6295/1195/6027 6282/1195/6014 6296/1195/6028
f 6280/1195/6012 6268/1195/6000 6267/1195/5999
f 6285/1195/6017 6297/1195/6029 6298/1195/6030
f 6285/1195/6017 6299/1195/6031 6297/1195/6029
f 6285/1195/6017 6284/1195/6016 6299/1195/6031
f 6300/1195/6032 6301/1195/6033 6250/1195/5982
f 6300/1195/6032 6250/1195/5982 6249/1195/5981
f 6261/1195/5993 6258/1195/5990 6259/1195/5991
f 6250/1195/5982 6245/1195/5977 6247/1195/5979
f 6254/1195/5986 6266/1195/5998 6302/1195/6034
f 6302/1195/6034 6266/1195/5998 6257/1195/5989
f 6302/1195/6034 6257/1195/5989 6256/1195/5988
f 6303/1203/6035 6304/1195/6036 6305/1195/6037
f 6306/1195/6038 6304/1195/6036 6303/1203/6035
f 6304/1195/6036 6306/1195/6038 6307/1195/6039
f 6308/1195/6040 6309/1195/6041 6310/1195/6042
f 6310/1195/6042 6307/1195/6039 6308/1195/6040
f 6307/1195/6039 6311/1195/6043 6308/1195/6040
f 6312/1195/6044 6309/1195/6041 6308/1195/6040
f 6307/1195/6039 6306/1195/6038 6311/1195/6043
f 6305/1195/6037 6304/1195/6036 6313/1195/6045
f 6305/1195/6037 6313/1195/6045 6314/1195/6046
f 6315/1195/6047 6316/1195/6048 6317/1195/6049
f 6318/1195/6050 6319/1195/6051 6320/1195/6052
f 6321/1195/6053 6322/1195/6054 6319/1195/6051
f 6315/1195/6047 6323/1195/6055 6316/1195/6048
f 6321/1195/6053 6324/1195/6056 6322/1195/6054
f 6316/1195/6048 6325/1195/6057 6317/1195/6049
f 6326/1195/6058 6327/1195/6059 6328/1195/6060
f 6324/1195/6056 6329/1195/6061 6322/1195/6054
f 6330/1195/6062 6331/1195/6063 6332/1195/6064
f 6332/1195/6064 6333/1195/6065 6334/1195/6066
f 6335/1195/6067 6336/1195/6068 6337/1195/6069
f 6335/1195/6067 6337/1195/6069 6338/1195/6070
f 6326/1195/6058 6339/1195/6071 6327/1195/6059
f 6340/1195/6072 6339/1195/6071 6326/1195/6058
f 6341/1195/6073 6342/1195/6074 6343/1195/6075
f 6334/1195/6066 6333/1195/6065 6344/1195/6076
f 6345/1195/6077 6346/1195/6078 6347/1195/6079
f 6348/1195/6080 6349/1195/6081 6350/1195/6082
f 6348/1195/6080 6350/1195/6082 6351/1195/6083
f 6332/1195/6064 6331/1195/6063 6333/1195/6065
f 6326/1195/6058 6328/1195/6060 6352/1195/6084
f 6353/1195/6085 6334/1195/6066 6344/1195/6076
f 6345/1195/6077 6347/1195/6079 6354/1195/6086
f 6354/1195/6086 6347/1195/6079 6355/1195/6087
f 6353/1195/6085 6344/1195/6076 6356/1195/6088
f 6330/1195/6062 6343/1195/6075 6331/1195/6063
f 6341/1195/6073 6343/1195/6075 6330/1195/6062
f 6357/1195/6089 6358/1195/6090 6359/1195/6091
f 6357/1195/6089 6359/1195/6091 6360/1195/6092
f 6361/1195/6093 6358/1195/6090 6357/1195/6089
f 6361/1195/6093 6362/1195/6094 6358/1195/6090
f 6363/1195/6095 6345/1195/6077 6354/1195/6086
f 6364/1195/6096 6332/1195/6064 6334/1195/6066
f 6365/1195/6097 6309/1195/6041 6312/1195/6044
f 6321/1195/6053 6319/1195/6051 6318/1195/6050
f 6325/1195/6057 6329/1195/6061 6366/1195/6098
f 6366/1195/6098 6329/1195/6061 6324/1195/6056
f 6329/1195/6061 6325/1195/6057 6316/1195/6048
f 6367/1195/6099 6368/1195/6100 6369/1195/6101
f 6370/1195/6102 6368/1195/6100 6367/1195/6099
f 6368/1195/6100 6370/1195/6102 6371/1195/6103
f 6372/1195/6104 6373/1195/6105 6374/1195/6106
f 6374/1195/6106 6371/1195/6103 6372/1195/6104
f 6374/1195/6106 6375/1195/6107 6371/1195/6103
f 6376/1195/6108 6373/1195/6105 6377/1195/6109
f 6377/1195/6109 6373/1195/6105 6372/1195/6104
f 6369/1195/6101 6368/1195/6100 6378/1195/6110
f 6375/1195/6107 6368/1195/6100 6371/1195/6103
f 6369/1195/6101 6378/1195/6110 6379/1195/6111
f 6380/1195/6112 6381/1195/6113 6382/1195/6114
f 6383/1195/6115 6381/1195/6113 6380/1195/6112
f 6384/1195/6116 6385/1195/6117 6386/1195/6118
f 6383/1195/6115 6387/1195/6119 6381/1195/6113
f 6384/1195/6116 6388/1195/6120 6385/1195/6117
f 6389/1195/6121 6390/1195/6122 6391/1195/6123
f 6383/1195/6115 6392/1195/6124 6387/1195/6119
f 6388/1195/6120 6393/1195/6125 6385/1195/6117
f 6394/1195/6126 6395/1195/6127 6396/1195/6128
f 6397/1195/6129 6395/1195/6127 6394/1195/6126
f 6398/1195/6130 6399/1195/6131 6400/1195/6132
f 6399/1195/6131 6396/1195/6128 6400/1195/6132
f 6401/1195/6133 6402/1195/6134 6403/1195/6135
f 6401/1195/6133 6403/1195/6135 6404/1195/6136
f 6394/1195/6126 6396/1195/6128 6399/1195/6131
f 6389/1195/6121 6405/1195/6137 6390/1195/6122
f 6406/1195/6138 6405/1195/6137 6389/1195/6121
f 6398/1195/6130 6400/1195/6132 6407/1195/6139
f 6408/1195/6140 6409/1195/6141 6410/1195/6142
f 6411/1195/6143 6412/1195/6144 6413/1195/6145
f 6411/1195/6143 6413/1195/6145 6414/1195/6146
f 6389/1195/6121 6391/1195/6123 6415/1195/6147
f 6398/1195/6130 6407/1195/6139 6416/1195/6148
f 6417/1195/6149 6418/1195/6150 6419/1195/6151
f 6419/1195/6151 6418/1195/6150 6420/1195/6152
f 6421/1195/6153 6395/1195/6127 6397/1195/6129
f 6410/1195/6142 6422/1195/6154 6423/1195/6155
f 6410/1195/6142 6409/1195/6141 6422/1195/6154
f 6424/1195/6156 6417/1195/6149 6419/1195/6151
f 6425/1195/6157 6394/1195/6126 6399/1195/6131
f 6384/1195/6116 6386/1195/6118 6426/1195/6158
f 6346/1195/6078 6345/1195/6077 6427/1195/6159
f 6382/1195/6114 6393/1195/6125 6428/1195/6160
f 6428/1195/6160 6393/1195/6125 6388/1195/6120
f 6382/1195/6114 6381/1195/6113 6393/1195/6125
f 6313/1195/6045 6429/1195/6161 6314/1195/6046
f 6430/1195/6162 6323/1195/6055 6315/1195/6047
f 6430/1195/6162 6315/1195/6047 6431/1195/6163
f 6418/1195/6150 6417/1195/6149 6432/1195/6164
f 6392/1195/6124 6383/1195/6115 6433/1195/6165
f 6434/1195/6166 6416/1195/6148 6407/1195/6139
f 6435/1195/6167 6379/1195/6111 6378/1195/6110
f 6426/1195/6158 6386/1195/6118 6436/1195/6168
f 6410/1195/6142 6423/1195/6155 6437/1195/6169
f 6292/1195/6024 6291/1195/6023 6438/1195/6170
f 6292/1195/6024 6438/1195/6170 6439/1195/6171
f 6376/1195/6108 6440/1195/6172 6373/1195/6105
f 6440/1195/6172 6376/1195/6108 6441/1195/6173
f 6442/1195/6174 6251/1195/5983 6242/1195/5974
f 6265/1497/5997 6252/1195/5984 6443/1195/6175
f 6444/1195/6176 6298/1195/6030 6297/1195/6029
f 6444/1195/6176 6445/1195/6177 6298/1195/6030
f 6427/1195/6159 6445/1195/6177 6444/1195/6176
f 6427/1195/6159 6345/1195/6077 6445/1195/6177
f 6260/1195/5992 6446/1195/6178 6259/1195/5991
f 6447/1195/6179 6446/1195/6178 6260/1195/5992
f 6447/1195/6179 6448/1195/6180 6446/1195/6178
f 6447/1195/6179 6449/1195/6181 6448/1195/6180
f 6280/1195/6012 6450/1195/6182 6281/1195/6013
f 6281/1195/6013 6450/1195/6182 6451/1195/6183
f 6281/1195/6013 6451/1195/6183 6452/1195/6184
f 6452/1195/6184 6451/1195/6183 6356/1195/6088
f 6451/1195/6183 6353/1195/6085 6356/1195/6088
f 6451/1195/6183 6453/1195/6185 6353/1195/6085
f 6454/1195/6186 6300/1195/6032 6455/1195/6187
f 6454/1195/6186 6455/1195/6187 6456/1195/6188
f 6456/1195/6188 6455/1195/6187 6457/1195/6189
f 6457/1195/6189 6455/1195/6187 6458/1195/6190
f 6300/1195/6032 6454/1195/6186 6301/1195/6033
f 6237/1195/5969 6459/1195/6191 6238/1195/5970
f 6460/1195/6192 6459/1195/6191 6237/1195/5969
f 6439/1195/6171 6459/1195/6191 6460/1195/6192
f 6439/1195/6171 6438/1195/6170 6459/1195/6191
f 6200/1195/5932 6461/1195/6193 6199/1195/5931
f 6462/1195/6194 6461/1195/6193 6200/1195/5932
f 6462/1195/6194 6463/1195/6195 6461/1195/6193
f 6462/1195/6194 6464/1195/6196 6463/1195/6195
f 6207/1195/5939 6465/1195/6197 6236/1195/5968
f 6236/1195/5968 6465/1195/6197 6466/1195/6198
f 6466/1195/6198 6465/1195/6197 6467/1195/6199
f 6466/1195/6198 6467/1195/6199 6296/1195/6028
f 6296/1195/6028 6467/1195/6199 6295/1195/6027
f 6468/1195/6200 6469/1195/6201 6208/1195/5940
f 6189/1195/5921 6188/1195/5920 6470/1195/6202
f 6471/1195/6203 6189/1195/5921 6470/1195/6202
f 6471/1195/6203 6472/1195/6204 6473/1195/6205
f 6471/1195/6203 6470/1195/6202 6472/1195/6204
f 6238/1195/5970 6459/1195/6191 6474/1195/6206
f 6208/1195/5940 6219/1195/5951 6468/1195/6200
f 6468/1195/6200 6475/1195/6207 6469/1195/6201
f 6476/1195/6208 6475/1195/6207 6468/1195/6200
f 6395/1195/6127 6475/1195/6207 6476/1195/6208
f 6395/1195/6127 6421/1195/6153 6475/1195/6207
f 6477/1195/6209 6395/1195/6127 6476/1195/6208
f 6341/1195/6073 6478/1195/6210 6342/1195/6074
f 6181/1195/5913 6191/1195/5923 6479/1195/6211
f 6480/1195/6212 6481/1195/6213 6482/1195/6214
f 6482/1195/6214 6441/1195/6173 6480/1195/6212
f 6441/1195/6173 6482/1195/6214 6440/1195/6172
f 6224/1195/5956 6226/1195/5958 6483/1195/6215
f 6484/1195/6216 6483/1195/6215 6226/1195/5958
f 6484/1195/6216 6423/1195/6155 6483/1195/6215
f 6437/1195/6169 6423/1195/6155 6484/1195/6216
f 6485/1195/6217 6202/1195/5934 6192/1195/5924
f 6436/1195/6168 6486/1195/6218 6487/1195/6219
f 6436/1195/6168 6487/1195/6219 6488/1195/6220
f 6436/1195/6168 6386/1195/6118 6486/1195/6218
f 6489/1195/6221 6490/1195/6222 6491/1195/6223
f 6491/1195/6223 6490/1195/6222 6492/1195/6224
f 6492/1195/6224 6490/1195/6222 6493/1195/6225
f 6494/1195/6226 6495/1195/6227 6342/1195/6074
f 6478/1195/6210 6494/1195/6226 6342/1195/6074
f 6494/1195/6226 6434/1195/6166 6495/1195/6227
f 6494/1195/6226 6416/1195/6148 6434/1195/6166
f 6320/1195/6052 6496/1195/6228 6318/1195/6050
f 6497/1195/6229 6496/1195/6228 6320/1195/6052
f 6497/1195/6229 6498/1195/6230 6496/1195/6228
f 6499/1196/6231 6498/1195/6230 6497/1195/6229
f 6490/1195/6222 6489/1195/6221 6309/1195/6041
f 6490/1195/6222 6309/1195/6041 6365/1195/6097
f 6500/1195/6232 6360/1195/6092 6359/1195/6091
f 6500/1195/6232 6501/1195/6233 6360/1195/6092
f 6432/1195/6164 6417/1195/6149 6501/1195/6233
f 6432/1195/6164 6501/1195/6233 6500/1195/6232
f 6502/1746/6234 6503/1747/6235 6504/1748/6236
f 6502/1746/6234 6504/1748/6236 6505/1749/6237
f 6502/1746/6234 6505/1749/6237 6506/1750/6238
f 6507/1751/6239 6508/1752/6240 6509/1753/6241
f 6507/1751/6239 6509/1753/6241 6504/1748/6236
f 6507/1751/6239 6504/1748/6236 6503/1747/6235
f 6510/1754/6242 6511/1755/6243 6512/1756/6244
f 6510/1754/6242 6512/1756/6244 6509/1753/6241
f 6510/1754/6242 6509/1753/6241 6508/1752/6240
f 6513/1757/6245 6514/1758/6246 6512/1756/6244
f 6513/1757/6245 6512/1756/6244 6511/1755/6243
f 6515/1759/6247 6516/1760/6248 6517/1761/6249
f 6515/1759/6247 6517/1761/6249 6512/1756/6244
f 6515/1759/6247 6512/1756/6244 6514/1758/6246
f 6518/1762/6250 6519/1763/6251 6520/1222/6252
f 6518/1762/6250 6520/1222/6252 6517/1761/6249
f 6518/1762/6250 6517/1761/6249 6516/1760/6248
f 6521/1764/6253 6522/1765/6254 6523/1766/6255
f 6521/1764/6253 6523/1766/6255 6524/1226/6256
f 6521/1764/6253 6524/1226/6256 6525/1767/6257
f 6526/1768/6258 6527/1769/6259 6528/1770/6260
f 6526/1768/6258 6528/1770/6260 6523/1766/6255
f 6526/1768/6258 6523/1766/6255 6522/1765/6254
f 6529/1771/6261 6530/1772/6262 6531/1773/6263
f 6529/1771/6261 6531/1773/6263 6528/1770/6260
f 6529/1771/6261 6528/1770/6260 6527/1769/6259
f 6532/1774/6264 6533/1775/6265 6531/1773/6263
f 6532/1774/6264 6531/1773/6263 6530/1772/6262
f 6534/1776/6266 6535/1777/6267 6536/1778/6268
f 6534/1776/6266 6536/1778/6268 6531/1773/6263
f 6534/1776/6266 6531/1773/6263 6533/1775/6265
f 6506/1750/6238 6505/1749/6237 6536/1778/6268
f 6506/1750/6238 6536/1778/6268 6535/1777/6267
f 6537/1779/6269 6503/1747/6235 6502/1746/6234
f 6538/1780/6270 6537/1779/6269 6502/1746/6234
f 6538/1780/6270 6502/1746/6234 6506/1750/6238
f 6515/1759/6247 6539/1781/6271 6516/1760/6248
f 6539/1781/6271 6518/1762/6250 6516/1760/6248
f 6518/1762/6250 6540/1782/6272 6519/1763/6251
f 6521/1764/6253 6541/1783/6273 6522/1765/6254
f 6541/1783/6273 6542/1784/6274 6526/1768/6258
f 6541/1783/6273 6526/1768/6258 6522/1765/6254
f 6542/1784/6274 6543/1785/6275 6527/1769/6259
f 6542/1784/6274 6527/1769/6259 6526/1768/6258
f 6543/1785/6275 6529/1771/6261 6527/1769/6259
f 6530/1772/6262 6544/1786/6276 6532/1774/6264
f 6544/1786/6276 6533/1775/6265 6532/1774/6264
f 6545/1787/6277 6538/1780/6270 6506/1750/6238
f 6535/1777/6267 6545/1787/6277 6506/1750/6238
f 6507/1751/6239 6546/1788/6278 6508/1752/6240
f 6546/1788/6278 6510/1754/6242 6508/1752/6240
f 6547/1789/6279 6535/1777/6267 6534/1776/6266
f 6533/1775/6265 6547/1789/6279 6534/1776/6266
f 6548/1790/6280 6549/1791/6281 6503/1747/6235
f 6548/1790/6280 6503/1747/6235 6537/1779/6269
f 6550/1792/6282 6548/1790/6280 6537/1779/6269
f 6550/1792/6282 6537/1779/6269 6538/1780/6270
f 6551/1793/6283 6546/1788/6278 6507/1751/6239
f 6549/1791/6281 6551/1793/6283 6507/1751/6239
f 6549/1791/6281 6507/1751/6239 6503/1747/6235
f 6552/1794/6284 6511/1755/6243 6510/1754/6242
f 6546/1788/6278 6552/1794/6284 6510/1754/6242
f 6553/1795/6285 6554/1796/6286 6514/1758/6246
f 6553/1795/6285 6514/1758/6246 6513/1757/6245
f 6511/1755/6243 6553/1795/6285 6513/1757/6245
f 6555/1797/6287 6539/1781/6271 6515/1759/6247
f 6554/1796/6286 6555/1797/6287 6515/1759/6247
f 6554/1796/6286 6515/1759/6247 6514/1758/6246
f 6556/1798/6288 6540/1782/6272 6518/1762/6250
f 6539/1781/6271 6556/1798/6288 6518/1762/6250
f 6557/1799/6289 6558/1800/6290 6525/1767/6257
f 6558/1800/6290 6541/1783/6273 6521/1764/6253
f 6525/1767/6257 6558/1800/6290 6521/1764/6253
f 6544/1786/6276 6559/1801/6291 6533/1775/6265
f 6559/1801/6291 6547/1789/6279 6533/1775/6265
f 6547/1789/6279 6560/1802/6292 6535/1777/6267
f 6561/1803/6293 6550/1792/6282 6538/1780/6270
f 6561/1803/6293 6538/1780/6270 6545/1787/6277
f 6560/1802/6292 6561/1803/6293 6545/1787/6277
f 6560/1802/6292 6545/1787/6277 6535/1777/6267
f 6552/1794/6284 6562/1804/6294 6511/1755/6243
f 6562/1804/6294 6553/1795/6285 6511/1755/6243
f 6556/1798/6288 6563/1805/6295 6540/1782/6272
f 6541/1783/6273 6564/1806/6296 6542/1784/6274
f 6564/1806/6296 6543/1785/6275 6542/1784/6274
f 6529/1771/6261 6565/1807/6297 6530/1772/6262
f 6565/1807/6297 6544/1786/6276 6530/1772/6262
f 6566/1808/6298 6560/1802/6292 6547/1789/6279
f 6559/1801/6291 6566/1808/6298 6547/1789/6279
f 6567/1809/6299 6568/1810/6300 6549/1791/6281
f 6567/1809/6299 6549/1791/6281 6548/1790/6280
f 6569/1811/6301 6567/1809/6299 6548/1790/6280
f 6569/1811/6301 6548/1790/6280 6550/1792/6282
f 6570/1812/6302 6546/1788/6278 6551/1793/6283
f 6568/1810/6300 6570/1812/6302 6551/1793/6283
f 6568/1810/6300 6551/1793/6283 6549/1791/6281
f 6555/1797/6287 6571/1813/6303 6539/1781/6271
f 6571/1813/6303 6556/1798/6288 6539/1781/6271
f 6558/1800/6290 6572/1814/6304 6541/1783/6273
f 6572/1814/6304 6564/1806/6296 6541/1783/6273
f 6564/1806/6296 6573/1815/6305 6543/1785/6275
f 6573/1815/6305 6574/1816/6306 6529/1771/6261
f 6573/1815/6305 6529/1771/6261 6543/1785/6275
f 6574/1816/6306 6565/1807/6297 6529/1771/6261
f 6566/1808/6298 6575/1817/6307 6560/1802/6292
f 6576/1818/6308 6569/1811/6301 6550/1792/6282
f 6576/1818/6308 6550/1792/6282 6561/1803/6293
f 6575/1817/6307 6576/1818/6308 6561/1803/6293
f 6575/1817/6307 6561/1803/6293 6560/1802/6292
f 6570/1812/6302 6577/1819/6309 6546/1788/6278
f 6577/1819/6309 6552/1794/6284 6546/1788/6278
f 6578/1820/6310 6558/1800/6290 6557/1799/6289
f 6572/1814/6304 6579/1821/6311 6564/1806/6296
f 6579/1821/6311 6573/1815/6305 6564/1806/6296
f 6565/1807/6297 6580/1822/6312 6544/1786/6276
f 6580/1822/6312 6559/1801/6291 6544/1786/6276
f 6581/1823/6313 6575/1817/6307 6566/1808/6298
f 6559/1801/6291 6581/1823/6313 6566/1808/6298
f 6582/1824/6314 6583/1825/6315 6568/1810/6300
f 6582/1824/6314 6568/1810/6300 6567/1809/6299
f 6584/1826/6316 6582/1824/6314 6567/1809/6299
f 6584/1826/6316 6567/1809/6299 6569/1811/6301
f 6585/1827/6317 6577/1819/6309 6570/1812/6302
f 6583/1825/6315 6585/1827/6317 6570/1812/6302
f 6583/1825/6315 6570/1812/6302 6568/1810/6300
f 6586/1828/6318 6562/1804/6294 6552/1794/6284
f 6577/1819/6309 6586/1828/6318 6552/1794/6284
f 6587/1829/6319 6588/1830/6320 6554/1796/6286
f 6587/1829/6319 6554/1796/6286 6553/1795/6285
f 6562/1804/6294 6587/1829/6319 6553/1795/6285
f 6589/1831/6321 6571/1813/6303 6555/1797/6287
f 6588/1830/6320 6589/1831/6321 6555/1797/6287
f 6588/1830/6320 6555/1797/6287 6554/1796/6286
f 6590/1832/6322 6591/1833/6323 6563/1805/6295
f 6590/1832/6322 6563/1805/6295 6556/1798/6288
f 6571/1813/6303 6590/1832/6322 6556/1798/6288
f 6592/1834/6324 6572/1814/6304 6558/1800/6290
f 6578/1820/6310 6592/1834/6324 6558/1800/6290
f 6580/1822/6312 6593/1835/6325 6559/1801/6291
f 6593/1835/6325 6581/1823/6313 6559/1801/6291
f 6581/1823/6313 6594/1836/6326 6575/1817/6307
f 6595/1837/6327 6584/1826/6316 6569/1811/6301
f 6595/1837/6327 6569/1811/6301 6576/1818/6308
f 6594/1836/6326 6595/1837/6327 6576/1818/6308
f 6594/1836/6326 6576/1818/6308 6575/1817/6307
f 6596/1838/6328 6597/1839/6329 6583/1825/6315
f 6596/1838/6328 6583/1825/6315 6582/1824/6314
f 6598/1840/6330 6596/1838/6328 6582/1824/6314
f 6598/1840/6330 6582/1824/6314 6584/1826/6316
f 6585/1827/6317 6599/1841/6331 6577/1819/6309
f 6597/1839/6329 6585/1827/6317 6583/1825/6315
f 6599/1841/6331 6586/1828/6318 6577/1819/6309
f 6589/1831/6321 6600/1842/6332 6571/1813/6303
f 6600/1842/6332 6590/1832/6322 6571/1813/6303
f 6601/1843/6333 6592/1834/6324 6578/1820/6310
f 6592/1834/6324 6602/1844/6334 6572/1814/6304
f 6579/1821/6311 6603/1845/6335 6573/1815/6305
f 6602/1844/6334 6579/1821/6311 6572/1814/6304
f 6574/1816/6306 6604/1846/6336 6565/1807/6297
f 6603/1845/6335 6574/1816/6306 6573/1815/6305
f 6604/1846/6336 6580/1822/6312 6565/1807/6297
f 6581/1823/6313 6605/1847/6337 6594/1836/6326
f 6606/1848/6338 6598/1840/6330 6584/1826/6316
f 6606/1848/6338 6584/1826/6316 6595/1837/6327
f 6605/1847/6337 6606/1848/6338 6595/1837/6327
f 6605/1847/6337 6595/1837/6327 6594/1836/6326
f 6562/1804/6294 6607/1849/6339 6587/1829/6319
f 6607/1849/6339 6588/1830/6320 6587/1829/6319
f 6602/1844/6334 6608/1850/6340 6579/1821/6311
f 6608/1850/6340 6603/1845/6335 6579/1821/6311
f 6604/1846/6336 6609/1851/6341 6580/1822/6312
f 6609/1851/6341 6593/1835/6325 6580/1822/6312
f 6610/1852/6342 6605/1847/6337 6581/1823/6313
f 6593/1835/6325 6610/1852/6342 6581/1823/6313
f 6611/1853/6343 6612/1854/6344 6597/1839/6329
f 6611/1853/6343 6597/1839/6329 6596/1838/6328
f 6613/1855/6345 6611/1853/6343 6596/1838/6328
f 6613/1855/6345 6596/1838/6328 6598/1840/6330
f 6614/1856/6346 6599/1841/6331 6585/1827/6317
f 6612/1854/6344 6614/1856/6346 6585/1827/6317
f 6612/1854/6344 6585/1827/6317 6597/1839/6329
f 6586/1828/6318 6615/1857/6347 6562/1804/6294
f 6607/1849/6339 6616/1858/6348 6588/1830/6320
f 6615/1857/6347 6607/1849/6339 6562/1804/6294
f 6616/1858/6348 6600/1842/6332 6589/1831/6321
f 6616/1858/6348 6589/1831/6321 6588/1830/6320
f 6617/1859/6349 6618/1860/6350 6591/1833/6323
f 6617/1859/6349 6591/1833/6323 6590/1832/6322
f 6600/1842/6332 6617/1859/6349 6590/1832/6322
f 6619/1861/6351 6602/1844/6334 6592/1834/6324
f 6601/1843/6333 6619/1861/6351 6592/1834/6324
f 6603/1845/6335 6620/1862/6352 6574/1816/6306
f 6620/1862/6352 6604/1846/6336 6574/1816/6306
f 6609/1851/6341 6621/1863/6353 6593/1835/6325
f 6610/1852/6342 6622/1864/6354 6605/1847/6337
f 6621/1863/6353 6610/1852/6342 6593/1835/6325
f 6623/1865/6355 6613/1855/6345 6598/1840/6330
f 6623/1865/6355 6598/1840/6330 6606/1848/6338
f 6622/1864/6354 6623/1865/6355 6606/1848/6338
f 6622/1864/6354 6606/1848/6338 6605/1847/6337
f 6599/1841/6331 6624/1866/6356 6586/1828/6318
f 6624/1866/6356 6615/1857/6347 6586/1828/6318
f 6602/1844/6334 6625/1867/6357 6608/1850/6340
f 6625/1867/6357 6603/1845/6335 6608/1850/6340
f 6626/1868/6358 6622/1864/6354 6610/1852/6342
f 6621/1863/6353 6626/1868/6358 6610/1852/6342
f 6627/1869/6359 6628/1870/6360 6612/1854/6344
f 6627/1869/6359 6612/1854/6344 6611/1853/6343
f 6629/1871/6361 6627/1869/6359 6611/1853/6343
f 6629/1871/6361 6611/1853/6343 6613/1855/6345
f 6630/1872/6362 6631/1873/6363 6599/1841/6331
f 6630/1872/6362 6599/1841/6331 6614/1856/6346
f 6628/1870/6360 6630/1872/6362 6614/1856/6346
f 6628/1870/6360 6614/1856/6346 6612/1854/6344
f 6631/1873/6363 6624/1866/6356 6599/1841/6331
f 6607/1849/6339 6632/1874/6364 6616/1858/6348
f 6633/1875/6365 6634/1876/6366 6600/1842/6332
f 6633/1875/6365 6600/1842/6332 6616/1858/6348
f 6632/1874/6364 6633/1875/6365 6616/1858/6348
f 6634/1876/6366 6635/1877/6367 6600/1842/6332
f 6635/1877/6367 6618/1860/6350 6617/1859/6349
f 6600/1842/6332 6635/1877/6367 6617/1859/6349
f 6636/1878/6368 6637/1879/6369 6602/1844/6334
f 6636/1878/6368 6602/1844/6334 6619/1861/6351
f 6638/1880/6370 6636/1878/6368 6619/1861/6351
f 6638/1880/6370 6619/1861/6351 6601/1843/6333
f 6625/1867/6357 6639/1881/6371 6603/1845/6335
f 6637/1879/6369 6625/1867/6357 6602/1844/6334
f 6639/1881/6371 6620/1862/6352 6603/1845/6335
f 6609/1851/6341 6640/1882/6372 6621/1863/6353
f 6626/1868/6358 6641/1883/6373 6622/1864/6354
f 6640/1882/6372 6626/1868/6358 6621/1863/6353
f 6642/1884/6374 6629/1871/6361 6613/1855/6345
f 6642/1884/6374 6613/1855/6345 6623/1865/6355
f 6641/1883/6373 6642/1884/6374 6623/1865/6355
f 6641/1883/6373 6623/1865/6355 6622/1864/6354
f 6635/1877/6367 6643/1885/6375 6618/1860/6350
f 6604/1846/6336 6644/1886/6376 6609/1851/6341
f 6644/1886/6376 6640/1882/6372 6609/1851/6341
f 6645/1887/6377 6641/1883/6373 6626/1868/6358
f 6640/1882/6372 6645/1887/6377 6626/1868/6358
f 6645/1887/6377 6646/1888/6378 6641/1883/6373
f 6646/1888/6378 6647/1889/6379 6629/1871/6361
f 6646/1888/6378 6629/1871/6361 6642/1884/6374
f 6646/1888/6378 6642/1884/6374 6641/1883/6373
f 6648/1890/6380 6630/1872/6362 6628/1870/6360
f 6649/1891/6381 6648/1890/6380 6647/1889/6379
f 6649/1891/6381 6647/1889/6379 6650/1892/6382
f 6649/1891/6381 6651/1893/6383 6648/1890/6380
f 6652/1894/6384 6630/1872/6362 6648/1890/6380
f 6652/1894/6384 6648/1890/6380 6651/1893/6383
f 6652/1894/6384 6653/1895/6385 6631/1873/6363
f 6652/1894/6384 6631/1873/6363 6630/1872/6362
f 6654/1896/6386 6624/1866/6356 6631/1873/6363
f 6654/1896/6386 6631/1873/6363 6653/1895/6385
f 6654/1896/6386 6655/1897/6387 6615/1857/6347
f 6654/1896/6386 6615/1857/6347 6624/1866/6356
f 6656/1898/6388 6607/1849/6339 6615/1857/6347
f 6656/1898/6388 6615/1857/6347 6655/1897/6387
f 6656/1898/6388 6657/1899/6389 6632/1874/6364
f 6656/1898/6388 6632/1874/6364 6607/1849/6339
f 6658/1900/6390 6633/1875/6365 6632/1874/6364
f 6658/1900/6390 6632/1874/6364 6657/1899/6389
f 6658/1900/6390 6659/1901/6391 6634/1876/6366
f 6658/1900/6390 6634/1876/6366 6633/1875/6365
f 6660/1902/6392 6635/1877/6367 6634/1876/6366
f 6660/1902/6392 6634/1876/6366 6659/1901/6391
f 6660/1902/6392 6661/1368/6393 6643/1885/6375
f 6660/1902/6392 6643/1885/6375 6635/1877/6367
f 6662/1369/6394 6636/1878/6368 6638/1880/6370
f 6662/1369/6394 6638/1880/6370 6663/1903/6395
f 6662/1369/6394 6664/1904/6396 6637/1879/6369
f 6662/1369/6394 6637/1879/6369 6636/1878/6368
f 6665/1905/6397 6625/1867/6357 6637/1879/6369
f 6665/1905/6397 6637/1879/6369 6664/1904/6396
f 6665/1905/6397 6666/1906/6398 6639/1881/6371
f 6665/1905/6397 6639/1881/6371 6625/1867/6357
f 6667/1907/6399 6620/1862/6352 6639/1881/6371
f 6667/1907/6399 6639/1881/6371 6666/1906/6398
f 6667/1907/6399 6668/1908/6400 6604/1846/6336
f 6667/1907/6399 6604/1846/6336 6620/1862/6352
f 6669/1376/6401 6644/1886/6376 6604/1846/6336
f 6669/1376/6401 6604/1846/6336 6668/1908/6400
f 6669/1376/6401 6670/1909/6402 6640/1882/6372
f 6669/1376/6401 6640/1882/6372 6644/1886/6376
f 6671/1910/6403 6645/1887/6377 6640/1882/6372
f 6671/1910/6403 6640/1882/6372 6670/1909/6402
f 6671/1910/6403 6672/1911/6404 6646/1888/6378
f 6671/1910/6403 6646/1888/6378 6645/1887/6377
f 6673/1380/6405 6646/1888/6378 6672/1911/6404
f 6648/1890/6380 6628/1870/6360 6627/1869/6359
f 6647/1889/6379 6648/1890/6380 6627/1869/6359
f 6647/1889/6379 6627/1869/6359 6629/1871/6361
f 6674/1912/6406 6675/1913/6407 6676/1914/6408
f 6676/1914/6408 6677/1915/6409 6678/1916/6410
f 6679/1917/6411 6680/1918/6412 6681/1919/6413
f 6678/1916/6410 6682/1920/4817 6683/1921/4818
f 6683/1921/4818 6684/1922/4819 6685/1923/6414
f 6685/1923/6414 6686/1924/6415 6687/1925/5601
f 6687/1925/5601 6688/1926/6416 6679/1917/6411
f 6689/1927/6417 6674/1912/6406 6681/1919/6413
f 6673/1380/6405 6650/1892/6382 6647/1889/6379
f 6673/1380/6405 6647/1889/6379 6646/1888/6378
f 6680/1918/6412 6679/1917/6411 6690/1397/6418
f 6678/1916/6410 6677/1915/6409 6691/1398/6419
f 6689/1927/6417 6692/1399/6420 6674/1912/6406
f 6685/1923/6414 6684/1922/4819 6693/1400/6421
f 6675/1913/6407 6674/1912/6406 6694/1401/6422
f 6679/1917/6411 6688/1926/6416 6695/1402/6423
f 6682/1920/4817 6678/1916/6410 6696/1403/6424
f 6686/1924/6415 6685/1923/6414 6697/1404/6425
f 6698/1405/6426 6699/1406/6427 6700/1928/6428
f 6699/1406/6427 6701/1408/6429 6702/1929/6430
f 6699/1406/6427 6702/1929/6430 6700/1928/6428
f 6700/1928/6428 6702/1929/6430 6679/1917/6411
f 6700/1928/6428 6679/1917/6411 6681/1919/6413
f 6703/1410/6431 6704/1411/6432 6705/1930/5647
f 6704/1411/6432 6706/1413/6433 6683/1921/4818
f 6704/1411/6432 6683/1921/4818 6705/1930/5647
f 6705/1930/5647 6683/1921/4818 6685/1923/6414
f 6707/1414/6434 6708/1415/6435 6676/1914/6408
f 6708/1415/6435 6709/1416/6436 6710/1931/6437
f 6708/1415/6435 6710/1931/6437 6676/1914/6408
f 6681/1919/6413 6711/1418/6438 6712/1419/6439
f 6700/1928/6428 6681/1919/6413 6712/1419/6439
f 6700/1928/6428 6712/1419/6439 6698/1405/6426
f 6701/1408/6429 6713/1420/6440 6702/1929/6430
f 6713/1420/6440 6714/1421/6441 6687/1925/5601
f 6713/1420/6440 6687/1925/5601 6702/1929/6430
f 6702/1929/6430 6687/1925/5601 6679/1917/6411
f 6706/1413/6433 6715/1422/6442 6683/1921/4818
f 6715/1422/6442 6716/1423/6443 6717/1932/6444
f 6715/1422/6442 6717/1932/6444 6683/1921/4818
f 6709/1416/6436 6718/1425/6445 6710/1931/6437
f 6718/1425/6445 6719/1426/6446 6720/1933/6447
f 6718/1425/6445 6720/1933/6447 6710/1931/6437
f 6710/1931/6437 6720/1933/6447 6674/1912/6406
f 6710/1931/6437 6674/1912/6406 6676/1914/6408
f 6714/1421/6441 6721/1428/6448 6687/1925/5601
f 6721/1428/6448 6722/1429/4858 6723/1934/4859
f 6721/1428/6448 6723/1934/4859 6687/1925/5601
f 6716/1423/6443 6724/1431/6449 6717/1932/6444
f 6724/1431/6449 6725/1432/6450 6726/1935/4862
f 6724/1431/6449 6726/1935/4862 6717/1932/6444
f 6717/1932/6444 6726/1935/4862 6678/1916/6410
f 6717/1932/6444 6678/1916/6410 6683/1921/4818
f 6719/1426/6446 6727/1434/6451 6720/1933/6447
f 6727/1434/6451 6711/1418/6438 6681/1919/6413
f 6727/1434/6451 6681/1919/6413 6720/1933/6447
f 6720/1933/6447 6681/1919/6413 6674/1912/6406
f 6722/1429/4858 6728/1435/6452 6723/1934/4859
f 6728/1435/6452 6703/1410/6431 6705/1930/5647
f 6728/1435/6452 6705/1930/5647 6723/1934/4859
f 6723/1934/4859 6705/1930/5647 6685/1923/6414
f 6723/1934/4859 6685/1923/6414 6687/1925/5601
f 6725/1432/6450 6729/1436/6453 6726/1935/4862
f 6729/1436/6453 6707/1414/6434 6676/1914/6408
f 6729/1436/6453 6676/1914/6408 6726/1935/4862
f 6726/1935/4862 6676/1914/6408 6678/1916/6410
f 6730/1936/6454 6731/1937/6455 6732/1938/6456
f 6730/1936/6454 6732/1938/6456 6733/1939/6457
f 6734/1940/6458 6735/1941/6459 6736/1942/6460
f 6734/1940/6458 6736/1942/6460 6737/1943/6461
f 6738/1944/4893 6739/1945/4894 6740/1453/6462
f 6738/1944/4893 6740/1453/6462 6741/1946/5651
f 5963/1742/5705 5962/1741/5704 6742/1947/6463
f 5963/1742/5705 6742/1947/6463 6743/1457/6464
f 5963/1742/5705 6743/1457/6464 6744/1709/6465
f 6745/1948/4898 6746/1949/4897 6731/1937/6455
f 6745/1948/4898 6731/1937/6455 6730/1936/6454
f 6747/1950/6466 6748/1951/6467 6749/1952/6468
f 6747/1950/6466 6749/1952/6468 6750/1953/6469
f 6751/1716/6470 6752/1717/6471 5964/1743/5706
f 6751/1716/6470 5964/1743/5706 5961/1740/5703
f 5961/1740/5703 5960/1739/5702 6753/1438/6472
f 6748/1951/6467 6747/1950/6466 6733/1939/6457
f 6748/1951/6467 6733/1939/6457 6732/1938/6456
f 6737/1943/6461 6736/1942/6460 6754/1954/6473
f 6737/1943/6461 6754/1954/6473 6755/1955/4889
f 5965/1744/5707 5966/1745/5708 6756/1719/6474
f 5965/1744/5707 6756/1719/6474 6757/1449/6475
f 6742/1947/6463 5962/1741/5704 6758/1720/6476
f 6759/1956/4877 6760/1957/4878 6741/1946/5651
f 6759/1956/4877 6741/1946/5651 6740/1453/6462
f 6750/1953/6469 6749/1952/6468 6761/1958/6477
f 6750/1953/6469 6761/1958/6477 6762/1959/6478
f 5960/1739/5702 5959/1738/5701 6763/1472/6479
f 5960/1739/5702 6763/1472/6479 6764/1725/6480
f 5966/1745/5708 5963/1742/5705 6765/1474/6481
f 5966/1745/5708 6765/1474/6481 6766/1475/6482
f 6767/1960/4901 6768/1961/4902 6755/1955/4889
f 6767/1960/4901 6755/1955/4889 6754/1954/6473
f 6769/1962/6483 6770/1963/4896 6746/1949/4897
f 6769/1962/6483 6746/1949/4897 6745/1948/4898
f 5962/1741/5704 5964/1743/5706 6771/1482/6484
f 6770/1963/4896 6769/1962/6483 6760/1957/4878
f 6770/1963/4896 6760/1957/4878 6759/1956/4877
f 6772/1964/6485 6773/1965/6486 6735/1941/6459
f 6772/1964/6485 6735/1941/6459 6734/1940/6458
f 5959/1738/5701 5965/1744/5707 6774/1732/6487
f 5959/1738/5701 6774/1732/6487 6775/1733/6488
f 6776/1966/6489 6777/1967/6490 6762/1959/6478
f 6776/1966/6489 6762/1959/6478 6761/1958/6477
f 6778/1968/4913 6779/1969/4914 6739/1945/4894
f 6778/1968/4913 6739/1945/4894 6738/1944/4893
f 6779/1969/4914 6778/1968/4913 6768/1961/4902
f 6779/1969/4914 6768/1961/4902 6767/1960/4901
f 6780/1195/5689 6781/1195/6491 6782/1195/6492
f 6783/1195/5904 6784/1195/5904 6785/1195/5904
f 6786/1195/6493 6781/1195/6491 6787/1195/6494
f 6788/1195/6495 6781/1195/6491 6789/1195/6496
f 6790/1195/6497 6781/1195/6491 6788/1195/6495
f 6787/1195/6494 6781/1195/6491 6790/1195/6497
f 6782/1195/6492 6781/1195/6491 6791/1195/6498
f 6791/1195/6498 6781/1195/6491 6786/1195/6493
f 6792/1195/5699 6781/1195/6491 6793/1195/5700
f 6793/1195/5700 6781/1195/6491 6780/1195/5689
f 6794/1970/6499 6795/1971/6500 6796/1972/6501
f 6797/1973/6502 6798/1974/6503 6796/1972/6501
f 6799/1975/6504 6794/1970/6499 6796/1972/6501
f 6800/1976/6505 6801/1977/6506 6796/1972/6501
f 6801/1977/6506 6799/1975/6504 6796/1972/6501
f 6795/1971/6500 6797/1973/6502 6796/1972/6501
f 6802/1195/6507 6803/1195/6508 6804/1195/6509
f 6802/1195/6507 6804/1195/6509 6805/1195/6510
f 6806/1195/6511 6807/1195/6512 6808/1195/6513
f 6806/1195/6511 6808/1195/6513 6809/1195/6514
f 6810/1195/6515 6811/1195/6515 6812/1195/6515
f 6813/1195/6516 6814/1195/6517 6815/1195/6518
f 6816/1195/6519 6817/1195/6520 6818/1195/5724
f 6819/1195/6521 6820/1195/6522 6821/1195/6523
f 6822/1195/5728 6823/1195/5728 6824/1195/5728
f 6825/1195/6524 6826/1195/5730 6820/1195/6522
f 6827/1195/6525 6828/1195/6525 6829/1195/6525
f 6821/1195/6523 6820/1195/6522 6826/1195/5730
f 6830/1195/5731 6831/1195/6526 6832/1195/5733
f 6815/1195/6518 6814/1195/6517 6817/1195/6520
f 6819/1195/6521 6818/1195/5724 6817/1195/6520
f 6833/1195/5736 6816/1195/6519 6818/1195/5724
f 6834/1195/6527 6835/1195/6528 6836/1195/6529
f 6834/1195/6527 6836/1195/6529 6837/1195/6530
f 6832/1195/5733 6831/1195/6526 6838/1195/6531
f 6839/1195/6532 6840/1195/6533 6841/1195/6534
f 6839/1195/6532 6841/1195/6534 6842/1195/6535
f 6813/1195/6516 6843/1195/6536 6814/1195/6517
f 6833/1195/5736 6818/1195/5724 6844/1195/6537
f 6821/1195/6523 6845/1195/6538 6819/1195/6521
f 6815/1195/6518 6817/1195/6520 6846/1195/6539
f 6831/1195/6526 6847/1195/6540 6838/1195/6531
f 6831/1195/6526 6814/1195/6517 6848/1195/6541
f 6831/1195/6526 6848/1195/6541 6847/1195/6540
f 6814/1195/6517 6843/1195/6536 6848/1195/6541
f 6849/1195/6542 6850/1195/6543 6851/1195/6544
f 6849/1195/6542 6851/1195/6544 6852/1195/6545
f 6818/1195/5724 6853/1195/5757 6844/1195/6537
f 6818/1195/5724 6819/1195/6521 6854/1195/6546
f 6818/1195/5724 6854/1195/6546 6853/1195/5757
f 6855/1195/6547 6856/1195/5760 6857/1195/6548
f 6855/1195/6547 6857/1195/6548 6858/1195/6549
f 6819/1195/6521 6845/1195/6538 6854/1195/6546
f 6830/1195/5731 6859/1195/6550 6860/1195/6551
f 6820/1195/6522 6830/1195/5731 6860/1195/6551
f 6820/1195/6522 6860/1195/6551 6861/1195/6552
f 6820/1195/6522 6861/1195/6552 6862/1195/6553
f 6830/1195/5731 6817/1195/6520 6831/1195/6526
f 6863/1195/6554 6864/1195/6555 6816/1195/6519
f 6817/1195/6520 6865/1195/6556 6846/1195/6539
f 6817/1195/6520 6816/1195/6519 6866/1195/6557
f 6817/1195/6520 6866/1195/6557 6865/1195/6556
f 6825/1195/6524 6820/1195/6522 6862/1195/6553
f 6816/1195/6519 6864/1195/6555 6866/1195/6557
f 6819/1195/6521 6817/1195/6520 6820/1195/6522
f 6817/1195/6520 6830/1195/5731 6820/1195/6522
f 6867/1195/5771 6868/1195/6558 6869/1195/6559
f 6867/1195/5771 6869/1195/6559 6870/1195/5774
f 6871/1195/6560 6872/1195/6561 6873/1195/6562
f 6871/1195/6560 6873/1195/6562 6874/1195/5778
f 6875/1195/6563 6876/1195/6564 6877/1195/6565
f 6875/1195/6563 6877/1195/6565 6878/1195/5782
f 6879/1195/6566 6859/1195/6550 6830/1195/5731
f 6880/1195/6567 6881/1195/6568 6882/1195/6569
f 6880/1195/6567 6882/1195/6569 6883/1195/6570
f 6884/1195/5788 6885/1195/6571 6886/1195/6572
f 6884/1195/5788 6886/1195/6572 6887/1195/6573
f 6888/1195/6574 6889/1195/6575 6890/1195/6576
f 6888/1195/6574 6890/1195/6576 6891/1195/6577
f 6892/1195/6578 6893/1195/6579 6894/1195/5798
f 6892/1195/6578 6894/1195/5798 6895/1195/6580
f 6896/1195/6581 6897/1195/6582 6898/1195/5802
f 6896/1195/6581 6898/1195/5802 6899/1195/6583
f 6900/1195/5804 6901/1195/6584 6902/1195/5806
f 6900/1195/5804 6902/1195/5806 6903/1195/6585
f 6904/1195/6586 6905/1195/6586 6906/1195/6586
f 6907/1195/6587 6908/1195/6588 6909/1195/6589
f 6907/1195/6587 6909/1195/6589 6910/1195/6590
f 6831/1195/6526 6817/1195/6520 6814/1195/6517
f 6911/1195/6591 6912/1195/6592 6913/1195/6593
f 6911/1195/6591 6913/1195/6593 6914/1195/6594
f 6915/1195/6595 6916/1195/6596 6917/1195/5819
f 6915/1195/6595 6917/1195/5819 6918/1195/6597
f 6919/1195/6598 6920/1195/6599 6921/1195/5823
f 6919/1195/6598 6921/1195/5823 6922/1195/5824
f 6923/1195/6600 6924/1195/6601 6925/1195/6602
f 6923/1195/6600 6925/1195/6602 6926/1195/6603
f 6788/1195/6495 6927/1195/6604 6928/1195/6605
f 6929/1195/6606 6930/1195/6607 6931/1195/6608
f 6932/1195/6609 6933/1195/6610 6934/1195/6611
f 6932/1195/6609 6934/1195/6611 6935/1196/6612
f 6936/1195/6613 6937/1195/6614 6938/1195/5836
f 6936/1195/6613 6938/1195/5836 6939/1195/6615
f 6940/1195/6616 6941/1195/6617 6942/1195/6618
f 6940/1195/6616 6942/1195/6618 6943/1195/6619
f 6944/1195/6620 6945/1195/6621 6937/1195/6614
f 6944/1195/6620 6937/1195/6614 6936/1195/6613
f 6789/1195/6496 6781/1195/6491 6946/1196/6622
f 6942/1195/6618 6947/1195/6623 6948/1195/5846
f 6942/1195/6618 6948/1195/5846 6943/1195/6619
f 6949/1195/5847 6950/1195/6624 6951/1195/6625
f 6949/1195/5847 6951/1195/6625 6952/1195/6626
f 6953/1195/6627 6954/1195/6628 6955/1195/6629
f 6953/1195/6627 6955/1195/6629 6956/1195/6630
f 6950/1195/6624 6957/1195/6631 6958/1195/6632
f 6950/1195/6624 6958/1195/6632 6951/1195/6625
f 6955/1195/6629 6959/1195/6633 6960/1195/6634
f 6955/1195/6629 6960/1195/6634 6956/1195/6630
f 6961/1195/6635 6962/1195/6636 6963/1195/6637
f 6961/1195/6635 6963/1195/6637 6964/1195/6638
f 6965/1195/6639 6966/1195/6640 6967/1195/6641
f 6965/1195/6639 6967/1195/6641 6968/1195/6642
f 6962/1195/6636 6969/1497/6643 6970/1196/6644
f 6962/1195/6636 6970/1196/6644 6963/1195/6637
f 6971/1195/6645 6931/1195/6608 6972/1195/6646
f 6973/1195/6647 6974/1195/6648 6966/1195/6640
f 6973/1195/6647 6966/1195/6640 6965/1195/6639
f 6975/1195/6649 6976/1195/6650 6977/1195/5875
f 6975/1195/6649 6977/1195/5875 6978/1195/6651
f 6979/1195/6652 6980/1195/6653 6976/1195/6650
f 6979/1195/6652 6976/1195/6650 6975/1195/6649
f 6935/1196/6612 6934/1195/6611 6981/1195/6654
f 6982/1196/6655 6983/1195/6656 6781/1195/6491
f 6981/1195/6654 6969/1497/6643 6935/1196/6612
f 6781/1195/6491 6792/1195/5699 6982/1196/6655
f 6984/1195/6657 6985/1195/6658 6986/1195/6659
f 6987/1195/6660 6988/1195/6661 6929/1195/6606
f 6989/1195/5889 6990/1195/5890 6991/1195/6662
f 6988/1195/6661 6930/1195/6607 6929/1195/6606
f 6990/1195/5890 6825/1195/6524 6992/1195/6663
f 6971/1195/6645 6929/1195/6606 6931/1195/6608
f 6989/1195/5889 6993/1195/6664 6990/1195/5890
f 6782/1195/6492 6994/1195/6665 6995/1195/5901
f 6944/1195/6620 6940/1195/6616 6945/1195/6621
f 6788/1195/6495 6789/1195/6496 6927/1195/6604
f 6996/1195/6666 6997/1195/6667 6821/1195/6523
f 6996/1195/6666 6998/1195/6668 6999/1195/6669
f 6780/1195/5689 6782/1195/6492 6995/1195/5901
f 6940/1195/6616 6944/1195/6620 6941/1195/6617
f 6957/1195/6631 6968/1195/6642 6967/1195/6641
f 6957/1195/6631 6967/1195/6641 6958/1195/6632
f 6970/1196/6644 6969/1497/6643 6981/1195/6654
f 6786/1195/6493 6787/1195/6494 7000/1195/6670
f 6786/1195/6493 7000/1195/6670 7001/1195/6671
f 6984/1195/6657 7002/1195/6672 6985/1195/6658
f 6998/1195/6668 6996/1195/6666 6826/1195/5730
f 6980/1195/6653 6979/1195/6652 6954/1195/6628
f 6980/1195/6653 6954/1195/6628 6953/1195/6627
f 6986/1195/6659 7003/1195/6673 7004/1195/6674
f 7005/1195/6675 6991/1195/6662 6992/1195/6663
f 6992/1195/6663 6991/1195/6662 6990/1195/5890
f 7006/1195/6676 6997/1195/6667 6996/1195/6666
f 6826/1195/5730 6825/1195/6524 6990/1195/5890
f 6826/1195/5730 6990/1195/5890 7007/1195/6677
f 6930/1195/6607 6988/1195/6661 7008/1195/6678
f 7009/1195/6679 6986/1195/6659 7004/1195/6674
f 7005/1195/6675 7010/1195/6680 6991/1195/6662
f 6821/1195/6523 6826/1195/5730 6996/1195/6666
f 7003/1195/6673 6986/1195/6659 6985/1195/6658
f 7011/1497/6681 7012/1195/6682 7013/1195/6683
f 7014/1195/6684 7015/1195/6685 7016/1195/6686
f 7015/1195/6685 7017/1195/6687 7016/1195/6686
f 7017/1195/6687 7018/1195/6688 7016/1195/6686
f 7019/1195/6689 7020/1195/6690 7014/1195/6684
f 7019/1195/6689 7014/1195/6684 7021/1195/6691
f 7021/1195/6691 7014/1195/6684 7022/1195/6692
f 7013/1195/6683 7012/1195/6682 7023/1195/6693
f 7017/1195/6687 7012/1195/6682 7024/1195/6694
f 7017/1195/6687 7024/1195/6694 7018/1195/6688
f 7025/1195/6695 7026/1195/6696 7027/1195/6697
f 7028/1195/6698 7029/1195/6699 7030/1195/6700
f 7031/1195/6701 7032/1195/6702 7029/1195/6699
f 7025/1195/6695 7033/1195/6703 7026/1195/6696
f 7026/1195/6696 7034/1195/6704 7027/1195/6697
f 7035/1195/6705 7036/1195/6706 7037/1195/6707
f 7025/1195/6695 7038/1195/6708 7033/1195/6703
f 7039/1195/6709 7040/1195/6710 7041/1195/6711
f 7042/1195/6712 7040/1195/6710 7039/1195/6709
f 7043/1195/6713 7044/1195/6714 7045/1195/6715
f 7046/1195/6716 7047/1195/6717 7048/1195/5945
f 7046/1195/6716 7048/1195/5945 7049/1195/6718
f 7044/1195/6714 7041/1195/6711 7040/1195/6710
f 7035/1195/6705 7050/1195/6719 7036/1195/6706
f 7051/1195/6720 7050/1195/6719 7035/1195/6705
f 7052/1195/6721 7053/1195/6722 7054/1195/6723
f 7052/1195/6721 7054/1195/6723 7042/1195/6712
f 7043/1195/6713 7045/1195/6715 7055/1195/6724
f 7056/1195/6725 7057/1195/6726 7058/1195/6727
f 7059/1195/6728 7060/1195/6729 7061/1195/6730
f 7062/1195/6731 7063/1195/6732 7064/1195/6733
f 7062/1195/6731 7064/1195/6733 7065/1195/6734
f 7044/1195/6714 7040/1195/6710 7045/1195/6715
f 7045/1195/6715 7040/1195/6710 7066/1195/6735
f 7035/1195/6705 7037/1195/6707 7067/1195/6736
f 7059/1195/6728 7068/1195/6737 7069/1195/6738
f 7059/1195/6728 7061/1195/6730 7068/1195/6737
f 7042/1195/6712 7054/1195/6723 7040/1195/6710
f 7058/1195/6727 7070/1195/6739 7071/1195/6740
f 7058/1195/6727 7072/1195/6741 7070/1195/6739
f 7058/1195/6727 7057/1195/6726 7072/1195/6741
f 7011/1497/6681 7024/1195/6694 7012/1195/6682
f 7073/1195/6742 7074/1195/6743 7075/1195/6744
f 7022/1195/6692 7014/1195/6684 7016/1195/6686
f 7031/1195/6701 7029/1195/6699 7028/1195/6698
f 7034/1195/6704 7076/1195/6745 7077/1195/6746
f 7077/1195/6746 7076/1195/6745 7032/1195/6702
f 7076/1195/6745 7034/1195/6704 7026/1195/6696
f 7078/1195/6747 7079/1195/6748 7080/1195/6749
f 7081/1195/6750 7082/1195/6751 7083/1195/6752
f 7084/1195/6753 7083/1195/6752 7085/1195/6754
f 7084/1195/6753 7086/1195/6755 7087/1195/6756
f 7088/1195/6757 7082/1195/6751 7081/1195/6750
f 7086/1195/6755 7084/1195/6753 7089/1195/6758
f 7089/1195/6758 7084/1195/6753 7085/1195/6754
f 7090/1497/6759 7082/1195/6751 7088/1195/6757
f 7090/1497/6759 7088/1195/6757 7091/1195/5975
f 7083/1195/6752 7082/1195/6751 7092/1195/6760
f 7091/1195/5975 7088/1195/6757 7093/1195/6761
f 7091/1195/5975 7093/1195/6761 7094/1195/6762
f 7095/1195/6763 7096/1195/6764 7097/1195/6765
f 7098/1195/6766 7080/1195/6749 7099/1195/6767
f 7100/1195/6768 7078/1195/6747 7080/1195/6749
f 7101/1195/6769 7096/1195/6764 7095/1195/6763
f 7101/1195/6769 7102/1195/6770 7096/1195/6764
f 7103/1195/6771 7104/1195/6772 7105/1195/6773
f 7106/1195/6774 7107/1195/6775 7108/1195/6776
f 7109/1195/6006 7110/1195/6007 7111/1195/6777
f 7109/1195/6006 7111/1195/6777 7112/1195/6778
f 7106/1195/6774 7105/1195/6773 7104/1195/6772
f 7113/1195/6779 7114/1195/6780 7115/1195/6781
f 7116/1195/6782 7114/1195/6780 7113/1195/6779
f 7117/1195/6783 7118/1195/6784 7119/1195/6785
f 7106/1195/6774 7108/1195/6776 7120/1195/6786
f 7121/1195/6787 7122/1195/6788 7123/1195/6789
f 7124/1195/6790 7125/1195/6791 7126/1195/6792
f 7127/1196/6793 7128/1195/6794 7129/1195/6795
f 7127/1196/6793 7129/1195/6795 7130/1195/6796
f 7106/1195/6774 7104/1195/6772 7107/1195/6775
f 7107/1195/6775 7104/1195/6772 7131/1195/6797
f 7113/1195/6779 7115/1195/6781 7132/1195/6798
f 7120/1195/6786 7108/1195/6776 7133/1195/6799
f 7124/1195/6790 7126/1195/6792 7134/1195/6800
f 7134/1195/6800 7126/1195/6792 7135/1195/6801
f 7103/1195/6771 7119/1195/6785 7104/1195/6772
f 7117/1195/6783 7119/1195/6785 7103/1195/6771
f 7123/1195/6789 7136/1195/6802 7137/1195/6803
f 7123/1195/6789 7122/1195/6788 7136/1195/6802
f 7138/1195/6804 7106/1195/6774 7120/1195/6786
f 7100/1195/6768 7080/1195/6749 7098/1195/6766
f 7083/1195/6752 7092/1195/6760 7085/1195/6754
f 7097/1195/6765 7139/1195/6805 7140/1195/6806
f 7140/1195/6806 7139/1195/6805 7079/1195/6748
f 7140/1195/6806 7079/1195/6748 7078/1195/6747
f 7097/1195/6765 7096/1195/6764 7139/1195/6805
f 7141/1196/6807 7142/1195/6808 7143/1195/6809
f 7144/1195/6810 7142/1195/6808 7141/1196/6807
f 7142/1195/6808 7144/1195/6810 7145/1195/6811
f 7145/1195/6811 7144/1195/6810 7146/1195/6812
f 7147/1195/6813 7148/1196/6814 7149/1195/6815
f 7149/1195/6815 7146/1195/6812 7147/1195/6813
f 7149/1195/6815 7145/1195/6811 7146/1195/6812
f 7150/1195/6816 7148/1196/6814 7147/1195/6813
f 7143/1195/6809 7142/1195/6808 7151/1195/6817
f 7143/1195/6809 7151/1195/6817 7152/1195/6818
f 7153/1195/6819 7154/1195/6820 7155/1195/6821
f 7156/1195/6822 7157/1195/6823 7158/1195/6824
f 7154/1195/6820 7159/1195/6825 7155/1195/6821
f 7153/1195/6819 7160/1195/6826 7154/1195/6820
f 7161/1195/6827 7162/1195/6828 7163/1195/6829
f 7164/1195/6830 7165/1195/6831 7166/1195/6832
f 7167/1195/6833 7168/1195/6834 7169/1195/6835
f 7167/1195/6833 7169/1195/6835 7170/1195/6836
f 7164/1195/6830 7161/1195/6827 7163/1195/6829
f 7171/1195/6837 7172/1195/6838 7173/1195/6839
f 7174/1195/6840 7172/1195/6838 7171/1195/6837
f 7164/1195/6830 7166/1195/6832 7175/1195/6841
f 7176/1195/6842 7177/1196/6843 7178/1195/6844
f 7179/1195/6845 7180/1195/6846 7181/1195/6847
f 7179/1195/6845 7181/1195/6847 7182/1195/6848
f 7164/1195/6830 7163/1195/6829 7165/1195/6831
f 7171/1195/6837 7173/1195/6839 7183/1195/6849
f 7171/1195/6837 7183/1195/6849 7184/1195/6850
f 7185/1195/6851 7186/1195/6852 7187/1195/6853
f 7187/1195/6853 7186/1195/6852 7188/1195/6854
f 7189/1195/6855 7175/1195/6841 7166/1195/6832
f 7190/1195/6856 7162/1195/6828 7161/1195/6827
f 7178/1195/6844 7191/1195/6857 7192/1195/6858
f 7178/1195/6844 7193/1195/6859 7191/1195/6857
f 7178/1195/6844 7177/1196/6843 7193/1195/6859
f 7194/1195/6860 7185/1195/6851 7187/1195/6853
f 7195/1195/6861 7164/1195/6830 7175/1195/6841
f 7196/1195/6862 7161/1195/6827 7164/1195/6830
f 7197/1195/6863 7198/1195/6864 7148/1196/6814
f 7197/1195/6863 7148/1196/6814 7150/1195/6816
f 7156/1195/6822 7158/1195/6824 7199/1195/6865
f 7159/1195/6825 7200/1195/6866 7201/1195/6867
f 7201/1195/6867 7200/1195/6866 7202/1195/6868
f 7201/1195/6867 7202/1195/6868 7157/1195/6823
f 7200/1195/6866 7159/1195/6825 7154/1195/6820
f 7157/1195/6823 7202/1195/6868 7158/1195/6824
f 7203/1195/6869 7204/1195/6870 7205/1195/6871
f 7206/1195/6872 7207/1195/6873 7208/1195/6874
f 7075/1195/6744 7207/1195/6873 7209/1195/6875
f 7208/1195/6874 7210/1195/6876 7206/1195/6872
f 7204/1195/6870 7203/1195/6869 7211/1195/6877
f 7209/1195/6875 7207/1195/6873 7206/1195/6872
f 7212/1195/6878 7204/1195/6870 7213/1195/6879
f 7205/1195/6871 7204/1195/6870 7212/1195/6878
f 7211/1195/6877 7210/1195/6876 7208/1195/6874
f 7211/1195/6877 7203/1195/6869 7210/1195/6876
f 7212/1195/6878 7213/1195/6879 7214/1195/6880
f 7215/1195/6881 7216/1195/6882 7217/1196/6883
f 7218/1195/6884 7216/1195/6882 7215/1195/6881
f 7219/1195/6885 7220/1195/6886 7221/1195/6887
f 7222/1195/6888 7221/1195/6887 7223/1195/6889
f 7224/1195/6890 7219/1195/6885 7221/1195/6887
f 7218/1195/6884 7225/1195/6891 7216/1195/6882
f 7226/1195/6892 7227/1195/6893 7228/1195/6894
f 7229/1195/6895 7227/1195/6893 7226/1195/6892
f 7230/1195/6896 7231/1195/6897 7232/1195/6898
f 7226/1195/6892 7228/1195/6894 7233/1195/6899
f 7234/1195/6900 7235/1195/6901 7236/1195/6902
f 7234/1195/6900 7236/1195/6902 7237/1196/6903
f 7238/1195/6904 7239/1195/6905 7240/1195/6906
f 7241/1195/6907 7239/1195/6905 7238/1195/6904
f 7232/1195/6898 7231/1195/6897 7242/1195/6908
f 7233/1195/6899 7228/1195/6894 7230/1195/6896
f 7243/1195/6909 7244/1195/6910 7245/1195/6911
f 7246/1195/6912 7247/1195/6913 7248/1195/6914
f 7248/1195/6914 7247/1195/6913 7249/1195/6915
f 7250/1195/6916 7251/1195/6917 7252/1195/6918
f 7250/1195/6916 7252/1195/6918 7253/1195/6919
f 7230/1195/6896 7228/1195/6894 7231/1195/6897
f 7238/1195/6904 7240/1195/6906 7254/1195/6920
f 7238/1195/6904 7254/1195/6920 7255/1195/6920
f 7246/1195/6912 7248/1195/6914 7256/1195/6921
f 7257/1195/6922 7227/1195/6893 7229/1195/6895
f 7245/1195/6911 7258/1195/6923 7259/1195/6924
f 7245/1195/6911 7244/1195/6910 7258/1195/6923
f 7260/1195/6925 7246/1195/6912 7256/1195/6921
f 7075/1195/6744 7074/1195/6743 7207/1195/6873
f 7224/1195/6890 7221/1195/6887 7222/1195/6888
f 7186/1195/6852 7185/1195/6851 7261/1195/6926
f 7217/1196/6883 7262/1195/6927 7220/1195/6886
f 7217/1196/6883 7220/1195/6886 7263/1195/6928
f 7263/1195/6928 7220/1195/6886 7219/1195/6885
f 7217/1196/6883 7216/1195/6882 7262/1195/6927
f 7222/1195/6888 7223/1195/6889 7264/1195/6929
f 7265/1195/6930 7152/1195/6818 7151/1195/6817
f 7160/1195/6826 7153/1195/6819 7266/1195/6931
f 7189/1195/6855 7166/1195/6832 7267/1195/6932
f 7242/1195/6908 7268/1195/6933 7232/1195/6898
f 7247/1195/6913 7246/1195/6912 7269/1195/6934
f 7225/1195/6891 7218/1195/6884 7270/1195/6935
f 7268/1195/6933 7242/1195/6908 7271/1195/6936
f 7268/1195/6933 7272/1195/6937 7232/1195/6898
f 7213/1195/6879 7273/1195/6938 7214/1195/6880
f 7274/1195/6939 7259/1195/6924 7258/1195/6923
f 7125/1195/6791 7124/1195/6790 7275/1195/6940
f 7276/1195/6941 7074/1195/6743 7073/1195/6742
f 7013/1195/6683 7277/1195/6942 7278/1195/6943
f 7257/1195/6922 7279/1195/6944 7227/1195/6893
f 7280/1195/6945 7102/1195/6770 7101/1195/6769
f 7280/1195/6945 7101/1195/6769 7281/1195/6946
f 7282/1195/6947 7137/1195/6803 7136/1195/6802
f 7282/1195/6947 7283/1195/6948 7137/1195/6803
f 7284/1195/6949 7283/1195/6948 7282/1195/6947
f 7284/1195/6949 7185/1195/6851 7283/1195/6948
f 7261/1195/6926 7185/1195/6851 7284/1195/6949
f 7285/1195/6950 7071/1195/6740 7070/1195/6739
f 7099/1195/6767 7286/1195/6951 7098/1195/6766
f 7287/1195/6952 7286/1195/6951 7099/1195/6767
f 7287/1195/6952 7288/1195/6953 7286/1195/6951
f 7287/1195/6952 7289/1195/6954 7288/1195/6953
f 7117/1195/6783 7290/1195/6955 7291/1195/6956
f 7117/1195/6783 7291/1195/6956 7118/1195/6784
f 7291/1195/6956 7290/1195/6955 7267/1195/6932
f 7290/1195/6955 7189/1195/6855 7267/1195/6932
f 7084/1195/6753 7087/1195/6756 7292/1195/6957
f 7292/1195/6957 7087/1195/6756 7293/1195/6958
f 7294/1195/6959 7292/1195/6957 7293/1195/6958
f 7283/1195/6948 7185/1195/6851 7295/1195/6960
f 7285/1195/6950 7296/1195/6961 7071/1195/6740
f 7297/1195/6962 7275/1195/6940 7296/1195/6961
f 7297/1195/6962 7296/1195/6961 7285/1195/6950
f 7125/1195/6791 7275/1195/6940 7297/1195/6962
f 7060/1195/6729 7059/1195/6728 7298/1195/6963
f 7030/1195/6700 7299/1195/6964 7028/1195/6698
f 7300/1195/6965 7299/1195/6964 7030/1195/6700
f 7300/1195/6965 7301/1195/6966 7299/1195/6964
f 7302/1195/6967 7301/1195/6966 7300/1195/6965
f 7053/1195/6722 7052/1195/6721 7303/1195/6968
f 7052/1195/6721 7304/1195/6969 7303/1195/6968
f 7304/1195/6969 7133/1195/6799 7303/1195/6968
f 7133/1195/6799 7304/1195/6969 7120/1195/6786
f 7304/1195/6969 7305/1195/6970 7120/1195/6786
f 7020/1195/6690 7019/1195/6689 7306/1195/6971
f 7306/1195/6971 7019/1195/6689 7307/1195/6972
f 7306/1195/6971 7307/1195/6972 7308/1195/6973
f 7308/1195/6973 7307/1195/6972 7309/1195/6974
f 7310/1195/6975 7311/1195/6976 7043/1195/6713
f 7043/1195/6713 7055/1195/6724 7310/1195/6975
f 7311/1195/6976 7310/1195/6975 7312/1195/6977
f 7279/1195/6944 7311/1195/6976 7312/1195/6977
f 7279/1195/6944 7257/1195/6922 7311/1195/6976
f 7043/1195/6713 7311/1195/6976 7313/1195/6978
f 7013/1195/6683 7023/1195/6693 7277/1195/6942
f 7314/1196/6979 7315/1195/6980 7316/1195/6981
f 7073/1195/6742 7316/1195/6981 7276/1195/6941
f 7316/1195/6981 7073/1195/6742 7314/1196/6979
f 7298/1195/6963 7317/1195/6982 7318/1195/6983
f 7060/1195/6729 7298/1195/6963 7319/1195/6984
f 7319/1195/6984 7298/1195/6963 7320/1195/6985
f 7318/1195/6983 7320/1195/6985 7298/1195/6963
f 7320/1195/6985 7259/1195/6924 7274/1195/6939
f 7259/1195/6924 7320/1195/6985 7318/1195/6983
f 7321/1195/6986 7322/1195/6987 7192/1195/6858
f 7321/1195/6986 7192/1195/6858 7191/1195/6857
f 7323/1195/6988 7038/1195/6708 7025/1195/6695
f 7264/1195/6929 7324/1195/6989 7325/1195/6990
f 7264/1195/6929 7326/1195/6991 7324/1195/6989
f 7264/1195/6929 7223/1195/6889 7326/1195/6991
f 7198/1195/6864 7327/1195/6992 7328/1195/6993
f 7198/1195/6864 7197/1195/6863 7327/1195/6992
f 7328/1195/6993 7327/1195/6992 7329/1195/6994
f 7329/1195/6994 7327/1195/6992 7330/1195/6995
f 7190/1195/6856 7331/1195/6996 7162/1195/6828
f 7331/1195/6996 7332/1195/6997 7162/1195/6828
f 7331/1195/6996 7333/1195/6998 7332/1195/6997
f 7333/1195/6998 7334/1195/6999 7332/1195/6997
f 7333/1195/6998 7271/1195/6936 7334/1195/6999
f 7333/1195/6998 7268/1195/6933 7271/1195/6936
f 7032/1195/6702 7076/1195/6745 7029/1195/6699
f 7335/1196/7000 7336/1195/7001 7199/1195/6865
f 7335/1196/7000 7199/1195/6865 7158/1195/6824
f 7337/1195/7002 7336/1195/7001 7335/1196/7000
f 7337/1195/7002 7338/1195/7003 7336/1195/7001
f 7337/1195/7002 7339/1195/7004 7338/1195/7003
f 7269/1195/6934 7340/1195/7005 7322/1195/6987
f 7269/1195/6934 7322/1195/6987 7321/1195/6986
f 7269/1195/6934 7246/1195/6912 7340/1195/7005
f 7341/1978/6234 7342/1979/7006 7343/1980/7007
f 7341/1978/6234 7343/1980/7007 7344/1981/7008
f 7341/1978/6234 7344/1981/7008 7345/1982/6238
f 7346/1983/7009 7347/1984/7010 7348/1985/7011
f 7346/1983/7009 7348/1985/7011 7343/1980/7007
f 7346/1983/7009 7343/1980/7007 7342/1979/7006
f 7349/1986/7012 7350/1987/7013 7348/1985/7011
f 7349/1986/7012 7348/1985/7011 7347/1984/7010
f 7351/1988/7014 7352/1989/7015 7353/1990/7016
f 7351/1988/7014 7353/1990/7016 7348/1985/7011
f 7351/1988/7014 7348/1985/7011 7350/1987/7013
f 7354/1991/7017 7355/1992/7018 7356/1513/7019
f 7354/1991/7017 7356/1513/7019 7353/1990/7016
f 7354/1991/7017 7353/1990/7016 7352/1989/7015
f 7357/1993/7020 7358/1994/7021 7359/1222/7022
f 7357/1993/7020 7359/1222/7022 7356/1513/7019
f 7357/1993/7020 7356/1513/7019 7355/1992/7018
f 7360/1995/7023 7361/1996/7024 7362/1997/7025
f 7360/1995/7023 7362/1997/7025 7363/1226/7026
f 7360/1995/7023 7363/1226/7026 7364/1998/7027
f 7365/1999/7028 7366/2000/7029 7367/2001/7030
f 7365/1999/7028 7367/2001/7030 7362/1997/7025
f 7365/1999/7028 7362/1997/7025 7361/1996/7024
f 7368/2002/7031 7369/2003/7032 7370/2004/7033
f 7368/2002/7031 7370/2004/7033 7367/2001/7030
f 7368/2002/7031 7367/2001/7030 7366/2000/7029
f 7371/2005/7034 7372/2006/7035 7370/2004/7033
f 7371/2005/7034 7370/2004/7033 7369/2003/7032
f 7373/2007/7036 7374/2008/7037 7375/2009/6268
f 7373/2007/7036 7375/2009/6268 7370/2004/7033
f 7373/2007/7036 7370/2004/7033 7372/2006/7035
f 7345/1982/6238 7344/1981/7008 7375/2009/6268
f 7345/1982/6238 7375/2009/6268 7374/2008/7037
f 7376/2010/6269 7342/1979/7006 7341/1978/6234
f 7377/2011/7038 7376/2010/6269 7341/1978/6234
f 7377/2011/7038 7341/1978/6234 7345/1982/6238
f 7342/1979/7006 7378/2012/7039 7346/1983/7009
f 7378/2012/7039 7347/1984/7010 7346/1983/7009
f 7354/1991/7017 7379/2013/7040 7355/1992/7018
f 7379/2013/7040 7380/2014/7041 7357/1993/7020
f 7379/2013/7040 7357/1993/7020 7355/1992/7018
f 7380/2014/7041 7358/1994/7021 7357/1993/7020
f 7381/2015/7042 7360/1995/7023 7364/1998/7027
f 7366/2000/7029 7382/2016/7043 7368/2002/7031
f 7382/2016/7043 7369/2003/7032 7368/2002/7031
f 7383/2017/6277 7377/2011/7038 7345/1982/6238
f 7374/2008/7037 7383/2017/6277 7345/1982/6238
f 7384/2018/7044 7350/1987/7013 7349/1986/7012
f 7347/1984/7010 7384/2018/7044 7349/1986/7012
f 7385/2019/7045 7379/2013/7040 7354/1991/7017
f 7352/1989/7015 7385/2019/7045 7354/1991/7017
f 7380/2014/7041 7386/2020/7046 7358/1994/7021
f 7371/2005/7034 7387/2021/7047 7372/2006/7035
f 7387/2021/7047 7388/2022/7048 7372/2006/7035
f 7388/2022/7048 7374/2008/7037 7373/2007/7036
f 7372/2006/7035 7388/2022/7048 7373/2007/7036
f 7389/2023/6280 7390/2024/7049 7342/1979/7006
f 7389/2023/6280 7342/1979/7006 7376/2010/6269
f 7391/2025/6282 7389/2023/6280 7376/2010/6269
f 7391/2025/6282 7376/2010/6269 7377/2011/7038
f 7390/2024/7049 7392/2026/7050 7378/2012/7039
f 7392/2026/7050 7393/2027/7051 7378/2012/7039
f 7378/2012/7039 7393/2027/7051 7347/1984/7010
f 7390/2024/7049 7378/2012/7039 7342/1979/7006
f 7384/2018/7044 7394/2028/7052 7350/1987/7013
f 7393/2027/7051 7384/2018/7044 7347/1984/7010
f 7395/2029/7053 7396/2030/7054 7352/1989/7015
f 7395/2029/7053 7352/1989/7015 7351/1988/7014
f 7394/2028/7052 7395/2029/7053 7351/1988/7014
f 7394/2028/7052 7351/1988/7014 7350/1987/7013
f 7396/2030/7054 7385/2019/7045 7352/1989/7015
f 7397/2031/7055 7398/2032/7056 7361/1996/7024
f 7397/2031/7055 7361/1996/7024 7360/1995/7023
f 7381/2015/7042 7397/2031/7055 7360/1995/7023
f 7398/2032/7056 7399/2033/7057 7361/1996/7024
f 7399/2033/7057 7400/2034/7058 7366/2000/7029
f 7399/2033/7057 7366/2000/7029 7365/1999/7028
f 7361/1996/7024 7399/2033/7057 7365/1999/7028
f 7382/2016/7043 7401/2035/7059 7369/2003/7032
f 7400/2034/7058 7382/2016/7043 7366/2000/7029
f 7401/2035/7059 7402/2036/7060 7369/2003/7032
f 7402/2036/7060 7387/2021/7047 7371/2005/7034
f 7369/2003/7032 7402/2036/7060 7371/2005/7034
f 7388/2022/7048 7403/2037/7061 7374/2008/7037
f 7404/2038/7062 7391/2025/6282 7377/2011/7038
f 7404/2038/7062 7377/2011/7038 7383/2017/6277
f 7403/2037/7061 7404/2038/7062 7383/2017/6277
f 7403/2037/7061 7383/2017/6277 7374/2008/7037
f 7379/2013/7040 7405/2039/7063 7380/2014/7041
f 7405/2039/7063 7386/2020/7046 7380/2014/7041
f 7387/2021/7047 7406/2040/7064 7388/2022/7048
f 7406/2040/7064 7403/2037/7061 7388/2022/7048
f 7407/2041/7065 7408/2042/7066 7390/2024/7049
f 7407/2041/7065 7390/2024/7049 7389/2023/6280
f 7409/2043/7067 7407/2041/7065 7389/2023/6280
f 7409/2043/7067 7389/2023/6280 7391/2025/6282
f 7408/2042/7066 7410/2044/7068 7392/2026/7050
f 7410/2044/7068 7393/2027/7051 7392/2026/7050
f 7408/2042/7066 7392/2026/7050 7390/2024/7049
f 7385/2019/7045 7411/2045/7069 7379/2013/7040
f 7411/2045/7069 7405/2039/7063 7379/2013/7040
f 7405/2039/7063 7412/2046/7070 7386/2020/7046
f 7413/2047/7071 7397/2031/7055 7381/2015/7042
f 7406/2040/7064 7414/2048/7072 7403/2037/7061
f 7415/2049/7073 7409/2043/7067 7391/2025/6282
f 7415/2049/7073 7391/2025/6282 7404/2038/7062
f 7414/2048/7072 7415/2049/7073 7404/2038/7062
f 7414/2048/7072 7404/2038/7062 7403/2037/7061
f 7416/2050/7074 7394/2028/7052 7384/2018/7044
f 7393/2027/7051 7416/2050/7074 7384/2018/7044
f 7417/2051/7075 7411/2045/7069 7385/2019/7045
f 7396/2030/7054 7417/2051/7075 7385/2019/7045
f 7400/2034/7058 7418/2052/7076 7382/2016/7043
f 7418/2052/7076 7401/2035/7059 7382/2016/7043
f 7401/2035/7059 7419/2053/7077 7402/2036/7060
f 7419/2053/7077 7420/2054/7078 7387/2021/7047
f 7419/2053/7077 7387/2021/7047 7402/2036/7060
f 7420/2054/7078 7421/2055/7079 7406/2040/7064
f 7420/2054/7078 7406/2040/7064 7387/2021/7047
f 7421/2055/7079 7414/2048/7072 7406/2040/7064
f 7422/2056/7080 7423/2057/7081 7408/2042/7066
f 7422/2056/7080 7408/2042/7066 7407/2041/7065
f 7424/2058/6316 7422/2056/7080 7407/2041/7065
f 7424/2058/6316 7407/2041/7065 7409/2043/7067
f 7410/2044/7068 7425/2059/7082 7393/2027/7051
f 7423/2057/7081 7410/2044/7068 7408/2042/7066
f 7425/2059/7082 7416/2050/7074 7393/2027/7051
f 7394/2028/7052 7426/2060/7083 7395/2029/7053
f 7426/2060/7083 7427/2061/7084 7396/2030/7054
f 7426/2060/7083 7396/2030/7054 7395/2029/7053
f 7427/2061/7084 7417/2051/7075 7396/2030/7054
f 7428/2062/7085 7429/2063/7086 7413/2047/7071
f 7429/2063/7086 7430/2064/7087 7398/2032/7056
f 7429/2063/7086 7398/2032/7056 7397/2031/7055
f 7413/2047/7071 7429/2063/7086 7397/2031/7055
f 7431/2065/7088 7432/2066/7089 7400/2034/7058
f 7431/2065/7088 7400/2034/7058 7399/2033/7057
f 7430/2064/7087 7431/2065/7088 7399/2033/7057
f 7430/2064/7087 7399/2033/7057 7398/2032/7056
f 7432/2066/7089 7418/2052/7076 7400/2034/7058
f 7421/2055/7079 7433/2067/7090 7414/2048/7072
f 7434/2068/6327 7424/2058/6316 7409/2043/7067
f 7434/2068/6327 7409/2043/7067 7415/2049/7073
f 7433/2067/7090 7434/2068/6327 7415/2049/7073
f 7433/2067/7090 7415/2049/7073 7414/2048/7072
f 7423/2057/7081 7435/2069/7091 7410/2044/7068
f 7435/2069/7091 7425/2059/7082 7410/2044/7068
f 7411/2045/7069 7436/2070/7092 7405/2039/7063
f 7436/2070/7092 7437/2071/7093 7405/2039/7063
f 7405/2039/7063 7437/2071/7093 7412/2046/7070
f 7438/2072/7094 7439/2073/7095 7423/2057/7081
f 7438/2072/7094 7423/2057/7081 7422/2056/7080
f 7440/2074/7096 7438/2072/7094 7422/2056/7080
f 7440/2074/7096 7422/2056/7080 7424/2058/6316
f 7439/2073/7095 7435/2069/7091 7423/2057/7081
f 7441/2075/7097 7394/2028/7052 7416/2050/7074
f 7425/2059/7082 7441/2075/7097 7416/2050/7074
f 7427/2061/7084 7442/2076/7098 7417/2051/7075
f 7442/2076/7098 7443/2077/7099 7417/2051/7075
f 7417/2051/7075 7443/2077/7099 7411/2045/7069
f 7443/2077/7099 7436/2070/7092 7411/2045/7069
f 7444/2078/7100 7429/2063/7086 7428/2062/7085
f 7418/2052/7076 7445/2079/7101 7401/2035/7059
f 7445/2079/7101 7419/2053/7077 7401/2035/7059
f 7420/2054/7078 7446/2080/7102 7421/2055/7079
f 7446/2080/7102 7447/2081/7103 7421/2055/7079
f 7421/2055/7079 7447/2081/7103 7433/2067/7090
f 7448/2082/7104 7440/2074/7096 7424/2058/6316
f 7448/2082/7104 7424/2058/6316 7434/2068/6327
f 7447/2081/7103 7448/2082/7104 7434/2068/6327
f 7447/2081/7103 7434/2068/6327 7433/2067/7090
f 7435/2069/7091 7449/2083/7105 7425/2059/7082
f 7449/2083/7105 7441/2075/7097 7425/2059/7082
f 7426/2060/7083 7450/2084/7106 7427/2061/7084
f 7450/2084/7106 7442/2076/7098 7427/2061/7084
f 7436/2070/7092 7451/2085/7107 7437/2071/7093
f 7444/2078/7100 7452/2086/7108 7429/2063/7086
f 7452/2086/7108 7430/2064/7087 7429/2063/7086
f 7431/2065/7088 7453/2087/7109 7432/2066/7089
f 7454/2088/7110 7445/2079/7101 7418/2052/7076
f 7453/2087/7109 7454/2088/7110 7418/2052/7076
f 7453/2087/7109 7418/2052/7076 7432/2066/7089
f 7419/2053/7077 7455/2089/7111 7420/2054/7078
f 7455/2089/7111 7446/2080/7102 7420/2054/7078
f 7456/2090/7112 7457/2091/7113 7439/2073/7095
f 7456/2090/7112 7439/2073/7095 7438/2072/7094
f 7458/2092/6345 7456/2090/7112 7438/2072/7094
f 7458/2092/6345 7438/2072/7094 7440/2074/7096
f 7457/2091/7113 7435/2069/7091 7439/2073/7095
f 7441/2075/7097 7459/2093/7114 7394/2028/7052
f 7459/2093/7114 7460/2094/7115 7426/2060/7083
f 7459/2093/7114 7426/2060/7083 7394/2028/7052
f 7460/2094/7115 7450/2084/7106 7426/2060/7083
f 7450/2084/7106 7461/2095/7116 7442/2076/7098
f 7461/2095/7116 7443/2077/7099 7442/2076/7098
f 7462/2096/7117 7451/2085/7107 7436/2070/7092
f 7443/2077/7099 7462/2096/7117 7436/2070/7092
f 7452/2086/7108 7463/2097/7118 7430/2064/7087
f 7463/2097/7118 7453/2087/7109 7431/2065/7088
f 7463/2097/7118 7431/2065/7088 7430/2064/7087
f 7445/2079/7101 7464/2098/7119 7419/2053/7077
f 7464/2098/7119 7455/2089/7111 7419/2053/7077
f 7455/2089/7111 7465/2099/7120 7446/2080/7102
f 7465/2099/7120 7466/2100/7121 7446/2080/7102
f 7446/2080/7102 7466/2100/7121 7447/2081/7103
f 7467/2101/7122 7458/2092/6345 7440/2074/7096
f 7467/2101/7122 7440/2074/7096 7448/2082/7104
f 7466/2100/7121 7467/2101/7122 7448/2082/7104
f 7466/2100/7121 7448/2082/7104 7447/2081/7103
f 7457/2091/7113 7468/2102/7123 7435/2069/7091
f 7468/2102/7123 7449/2083/7105 7435/2069/7091
f 7462/2096/7117 7469/2103/7124 7451/2085/7107
f 7470/2104/7125 7471/2105/7126 7452/2086/7108
f 7471/2105/7126 7463/2097/7118 7452/2086/7108
f 7470/2104/7125 7452/2086/7108 7444/2078/7100
f 7472/1627/7127 7473/2106/7128 7457/2091/7113
f 7472/1627/7127 7457/2091/7113 7456/2090/7112
f 7474/2107/7129 7472/1627/7127 7456/2090/7112
f 7474/2107/7129 7456/2090/7112 7458/2092/6345
f 7473/2106/7128 7468/2102/7123 7457/2091/7113
f 7475/2108/7130 7459/2093/7114 7441/2075/7097
f 7449/2083/7105 7475/2108/7130 7441/2075/7097
f 7461/2095/7116 7476/2109/7131 7443/2077/7099
f 7477/2110/7132 7469/2103/7124 7462/2096/7117
f 7476/2109/7131 7477/2110/7132 7462/2096/7117
f 7476/2109/7131 7462/2096/7117 7443/2077/7099
f 7471/2105/7126 7478/2111/7133 7463/2097/7118
f 7479/1634/7134 7453/2087/7109 7463/2097/7118
f 7478/2111/7133 7479/1634/7134 7463/2097/7118
f 7465/2099/7120 7480/2112/7135 7466/2100/7121
f 7481/2113/6374 7474/2107/7129 7458/2092/6345
f 7481/2113/6374 7458/2092/6345 7467/2101/7122
f 7480/2112/7135 7481/2113/6374 7467/2101/7122
f 7480/2112/7135 7467/2101/7122 7466/2100/7121
f 7473/2106/7128 7482/2114/7136 7468/2102/7123
f 7482/2114/7136 7449/2083/7105 7468/2102/7123
f 7482/2114/7136 7475/2108/7130 7449/2083/7105
f 7460/2094/7115 7483/2115/7137 7450/2084/7106
f 7483/2115/7137 7484/2116/7138 7461/2095/7116
f 7484/2116/7138 7476/2109/7131 7461/2095/7116
f 7483/2115/7137 7461/2095/7116 7450/2084/7106
f 7477/2110/7132 7485/2117/7139 7469/2103/7124
f 7486/2118/7140 7471/2105/7126 7470/2104/7125
f 7479/1634/7134 7487/2119/7141 7453/2087/7109
f 7488/2120/7142 7445/2079/7101 7454/2088/7110
f 7487/2119/7141 7488/2120/7142 7454/2088/7110
f 7487/2119/7141 7454/2088/7110 7453/2087/7109
f 7464/2098/7119 7489/2121/7143 7455/2089/7111
f 7489/2121/7143 7490/2122/7144 7465/2099/7120
f 7490/2122/7144 7480/2112/7135 7465/2099/7120
f 7489/2121/7143 7465/2099/7120 7455/2089/7111
f 7490/2122/7144 7491/2123/7145 7480/2112/7135
f 7491/2123/7145 7492/2124/6379 7474/2107/7129
f 7491/2123/7145 7474/2107/7129 7481/2113/6374
f 7491/2123/7145 7481/2113/6374 7480/2112/7135
f 7493/2125/7146 7482/2114/7136 7473/2106/7128
f 7494/2126/6381 7493/2125/7146 7492/2124/6379
f 7494/2126/6381 7492/2124/6379 7495/2127/6382
f 7494/2126/6381 7496/1358/7147 7493/2125/7146
f 7497/2128/7148 7482/2114/7136 7493/2125/7146
f 7497/2128/7148 7493/2125/7146 7496/1358/7147
f 7497/2128/7148 7498/2129/7149 7482/2114/7136
f 7499/2130/7150 7475/2108/7130 7482/2114/7136
f 7499/2130/7150 7482/2114/7136 7498/2129/7149
f 7499/2130/7150 7500/1362/7151 7459/2093/7114
f 7499/2130/7150 7459/2093/7114 7475/2108/7130
f 7501/2131/7152 7460/2094/7115 7459/2093/7114
f 7501/2131/7152 7459/2093/7114 7500/1362/7151
f 7501/2131/7152 7502/2132/7153 7483/2115/7137
f 7501/2131/7152 7483/2115/7137 7460/2094/7115
f 7503/1365/7154 7484/2116/7138 7483/2115/7137
f 7503/1365/7154 7483/2115/7137 7502/2132/7153
f 7503/1365/7154 7504/2133/7155 7476/2109/7131
f 7503/1365/7154 7476/2109/7131 7484/2116/7138
f 7505/2134/7156 7477/2110/7132 7476/2109/7131
f 7505/2134/7156 7476/2109/7131 7504/2133/7155
f 7505/2134/7156 7506/2135/6393 7485/2117/7139
f 7505/2134/7156 7485/2117/7139 7477/2110/7132
f 7507/2136/7157 7471/2105/7126 7486/2118/7140
f 7507/2136/7157 7486/2118/7140 7508/1903/7158
f 7507/2136/7157 7509/2137/6396 7478/2111/7133
f 7507/2136/7157 7478/2111/7133 7471/2105/7126
f 7510/2138/7159 7479/1634/7134 7478/2111/7133
f 7510/2138/7159 7478/2111/7133 7509/2137/6396
f 7510/2138/7159 7511/2139/7160 7487/2119/7141
f 7510/2138/7159 7487/2119/7141 7479/1634/7134
f 7512/2140/7161 7488/2120/7142 7487/2119/7141
f 7512/2140/7161 7487/2119/7141 7511/2139/7160
f 7512/2140/7161 7513/2141/6400 7445/2079/7101
f 7512/2140/7161 7445/2079/7101 7488/2120/7142
f 7514/2142/7162 7464/2098/7119 7445/2079/7101
f 7514/2142/7162 7445/2079/7101 7513/2141/6400
f 7514/2142/7162 7515/2143/7163 7489/2121/7143
f 7514/2142/7162 7489/2121/7143 7464/2098/7119
f 7516/2144/7164 7490/2122/7144 7489/2121/7143
f 7516/2144/7164 7489/2121/7143 7515/2143/7163
f 7516/2144/7164 7517/2145/7165 7491/2123/7145
f 7516/2144/7164 7491/2123/7145 7490/2122/7144
f 7518/2146/6405 7491/2123/7145 7517/2145/7165
f 7493/2125/7146 7473/2106/7128 7472/1627/7127
f 7492/2124/6379 7493/2125/7146 7472/1627/7127
f 7492/2124/6379 7472/1627/7127 7474/2107/7129
f 7519/2147/7166 7520/2148/7167 7521/2149/7168
f 7521/2149/7168 7522/2150/7169 7523/2151/7170
f 7524/2152/7171 7525/2153/7172 7526/2154/6413
f 7523/2151/7170 7527/2155/7173 7528/2156/4818
f 7528/2156/4818 7529/2157/7174 7530/2158/6414
f 7530/2158/6414 7531/2159/7175 7532/2160/4825
f 7532/2160/4825 7533/2161/7176 7524/2152/7171
f 7534/2162/7177 7519/2147/7166 7526/2154/6413
f 7518/2146/6405 7495/2127/6382 7492/2124/6379
f 7518/2146/6405 7492/2124/6379 7491/2123/7145
f 7525/2153/7172 7524/2152/7171 7535/1397/7178
f 7523/2151/7170 7522/2150/7169 7536/1398/7179
f 7534/2162/7177 7537/1399/7180 7519/2147/7166
f 7530/2158/6414 7529/2157/7174 7538/1400/7181
f 7520/2148/7167 7519/2147/7166 7539/1401/7182
f 7524/2152/7171 7533/2161/7176 7540/1402/7183
f 7527/2155/7173 7523/2151/7170 7541/1403/7184
f 7531/2159/7175 7530/2158/6414 7542/1404/7185
f 7543/1405/7186 7544/1406/7187 7545/2163/7188
f 7544/1406/7187 7546/1408/7189 7547/2164/7190
f 7544/1406/7187 7547/2164/7190 7545/2163/7188
f 7545/2163/7188 7547/2164/7190 7524/2152/7171
f 7545/2163/7188 7524/2152/7171 7526/2154/6413
f 7548/1410/7191 7549/1411/7192 7550/2165/5647
f 7549/1411/7192 7551/1413/7193 7528/2156/4818
f 7549/1411/7192 7528/2156/4818 7550/2165/5647
f 7550/2165/5647 7528/2156/4818 7530/2158/6414
f 7552/1414/7194 7553/1415/7195 7521/2149/7168
f 7553/1415/7195 7554/1416/7196 7555/2166/7197
f 7553/1415/7195 7555/2166/7197 7521/2149/7168
f 7526/2154/6413 7556/1418/7198 7557/1419/7199
f 7545/2163/7188 7526/2154/6413 7557/1419/7199
f 7545/2163/7188 7557/1419/7199 7543/1405/7186
f 7546/1408/7189 7558/1420/7200 7547/2164/7190
f 7558/1420/7200 7559/1421/7201 7532/2160/4825
f 7558/1420/7200 7532/2160/4825 7547/2164/7190
f 7547/2164/7190 7532/2160/4825 7524/2152/7171
f 7551/1413/7193 7560/1422/7202 7528/2156/4818
f 7560/1422/7202 7561/1423/7203 7562/2167/7204
f 7560/1422/7202 7562/2167/7204 7528/2156/4818
f 7554/1416/7196 7563/1425/7205 7555/2166/7197
f 7563/1425/7205 7564/1426/7206 7565/2168/7207
f 7563/1425/7205 7565/2168/7207 7555/2166/7197
f 7555/2166/7197 7565/2168/7207 7519/2147/7166
f 7555/2166/7197 7519/2147/7166 7521/2149/7168
f 7559/1421/7201 7566/1428/6448 7532/2160/4825
f 7566/1428/6448 7567/1429/7208 7568/2169/7209
f 7566/1428/6448 7568/2169/7209 7532/2160/4825
f 7561/1423/7203 7569/1431/7210 7562/2167/7204
f 7569/1431/7210 7570/1432/7211 7571/2170/7212
f 7569/1431/7210 7571/2170/7212 7562/2167/7204
f 7562/2167/7204 7571/2170/7212 7523/2151/7170
f 7562/2167/7204 7523/2151/7170 7528/2156/4818
f 7564/1426/7206 7572/1434/7213 7565/2168/7207
f 7572/1434/7213 7556/1418/7198 7526/2154/6413
f 7572/1434/7213 7526/2154/6413 7565/2168/7207
f 7565/2168/7207 7526/2154/6413 7519/2147/7166
f 7567/1429/7208 7573/1435/7214 7568/2169/7209
f 7573/1435/7214 7548/1410/7191 7550/2165/5647
f 7573/1435/7214 7550/2165/5647 7568/2169/7209
f 7568/2169/7209 7550/2165/5647 7530/2158/6414
f 7568/2169/7209 7530/2158/6414 7532/2160/4825
f 7570/1432/7211 7574/1436/7215 7571/2170/7212
f 7574/1436/7215 7552/1414/7194 7521/2149/7168
f 7574/1436/7215 7521/2149/7168 7571/2170/7212
f 7571/2170/7212 7521/2149/7168 7523/2151/7170
f 6797/1973/6502 6795/1971/6500 7575/1438/7216
f 6797/1973/6502 7575/1438/7216 7576/1439/7217
f 7577/2171/6454 7578/1697/6455 7579/2172/7218
f 7577/2171/6454 7579/2172/7218 7580/2173/7219
f 7581/2174/7220 7582/2175/7221 7583/2176/7222
f 7581/2174/7220 7583/2176/7222 7584/2177/6461
f 7585/2178/4893 7586/2179/7223 7587/2180/4876
f 7585/2178/4893 7587/2180/4876 7588/2181/5651
f 6800/1976/6505 6796/1972/6501 7589/1456/7224
f 6800/1976/6505 7589/1456/7224 7590/1457/7225
f 7591/2182/4898 7592/2183/7226 7578/1697/6455
f 7591/2182/4898 7578/1697/6455 7577/2171/6454
f 7593/2184/6466 7594/2185/7227 7595/2186/7228
f 7593/2184/6466 7595/2186/7228 7596/2187/7229
f 7597/1717/7230 7598/1481/7231 6798/1974/6503
f 7597/1717/7230 6798/1974/6503 6797/1973/6502
f 7594/2185/7227 7593/2184/6466 7580/2173/7219
f 7594/2185/7227 7580/2173/7219 7579/2172/7218
f 7584/2177/6461 7583/2176/7222 7599/1464/6473
f 7584/2177/6461 7599/1464/6473 7600/2188/7232
f 6799/1975/6504 6801/1977/6506 7601/2189/7233
f 6799/1975/6504 7601/2189/7233 7602/1719/5660
f 6799/1975/6504 7602/1719/5660 7603/1449/7234
f 7604/2190/7235 7605/2191/4878 7588/2181/5651
f 7604/2190/7235 7588/2181/5651 7587/2180/4876
f 7596/2187/7229 7595/2186/7228 7606/2192/7236
f 7596/2187/7229 7606/2192/7236 7607/2193/7237
f 6795/1971/6500 6794/1970/6499 7608/1472/7238
f 6795/1971/6500 7608/1472/7238 7609/1725/7239
f 7601/2189/7233 6801/1977/6506 7610/1475/7240
f 7611/2194/7241 7612/2195/4902 7600/2188/7232
f 7611/2194/7241 7600/2188/7232 7599/1464/6473
f 7613/2196/4895 7614/1963/4896 7592/2183/7226
f 7613/2196/4895 7592/2183/7226 7591/2182/4898
f 6796/1972/6501 6798/1974/6503 7615/2197/7242
f 7614/1963/4896 7613/2196/4895 7605/2191/4878
f 7614/1963/4896 7605/2191/4878 7604/2190/7235
f 7616/2198/6485 7617/2199/7243 7582/2175/7221
f 7616/2198/6485 7582/2175/7221 7581/2174/7220
f 6794/1970/6499 6799/1975/6504 7618/1732/7244
f 6794/1970/6499 7618/1732/7244 7619/1733/7245
f 7620/2200/7246 7621/2201/7247 7607/2193/7237
f 7620/2200/7246 7607/2193/7237 7606/2192/7236
f 7622/2202/4913 7623/2203/4914 7586/2179/7223
f 7622/2202/4913 7586/2179/7223 7585/2178/4893
f 6801/1977/6506 6800/1976/6505 7624/2204/7248
f 7623/2203/4914 7622/2202/4913 7612/2195/4902
f 7623/2203/4914 7612/2195/4902 7611/2194/7241
f 7625/1195/7249 7626/1195/7250 7627/1195/7251
f 7628/1195/7252 7626/1195/7250 7629/1195/7253
f 7630/1195/7254 7626/1195/7250 7631/1195/7255
f 7632/1195/7256 7626/1195/7250 7633/1195/7257
f 7634/1195/7258 7626/1195/7250 7632/1195/7256
f 7627/1195/7251 7626/1195/7250 7634/1195/7258
f 7631/1195/7255 7626/1195/7250 7635/1195/7259
f 7635/1195/7259 7626/1195/7250 7625/1195/7249
f 7629/1195/7253 7626/1195/7250 7636/1195/7260
f 7636/1195/7260 7626/1195/7250 7630/1195/7254
f 7637/2205/7261 7638/2206/7262 7639/2207/7263
f 7638/2206/7262 7640/2208/7264 7639/2207/7263
f 7641/2209/7265 7637/2205/7261 7639/2207/7263
f 7642/2210/7266 7643/2211/7267 7639/2207/7263
f 7643/2211/7267 7641/2209/7265 7639/2207/7263
f 7644/1195/5709 7645/1195/7268 7646/1195/7269
f 7644/1195/5709 7646/1195/7269 7647/1195/5712
f 7648/1195/7270 7649/1195/7271 7650/1195/7272
f 7648/1195/7270 7650/1195/7272 7651/1195/7273
f 7652/1195/7274 7653/1195/7275 7654/1195/7276
f 7655/1195/7277 7656/1195/7278 7657/1195/7279
f 7658/1195/7280 7659/1195/7281 7660/1195/7282
f 7661/1195/7283 7662/1195/7284 7655/1195/7277
f 7663/1195/7285 7664/1195/7286 7665/1195/7287
f 7666/1195/7288 7667/1195/7288 7668/1195/7288
f 7654/1195/7276 7669/1195/7289 7652/1195/7274
f 7665/1195/7287 7664/1195/7286 7656/1195/7278
f 7658/1195/7280 7657/1195/7279 7656/1195/7278
f 7661/1195/7283 7655/1195/7277 7657/1195/7279
f 7670/1195/7290 7671/1195/7291 7672/1195/7292
f 7670/1195/7290 7672/1195/7292 7673/1195/5740
f 7652/1195/7274 7669/1195/7289 7674/1195/7293
f 7675/1195/5742 7676/1195/6533 7677/1195/5744
f 7675/1195/5742 7677/1195/5744 7678/1195/5745
f 7663/1195/7285 7679/1195/7294 7664/1195/7286
f 7661/1195/7283 7657/1195/7279 7680/1195/7295
f 7660/1195/7282 7681/1195/7296 7658/1195/7280
f 7665/1195/7287 7656/1195/7278 7682/1195/7297
f 7669/1195/7289 7683/1195/7298 7674/1195/7293
f 7669/1195/7289 7664/1195/7286 7684/1195/7299
f 7669/1195/7289 7684/1195/7299 7683/1195/7298
f 7664/1195/7286 7679/1195/7294 7684/1195/7299
f 7685/1195/7300 7686/1195/7301 7687/1195/6544
f 7685/1195/7300 7687/1195/6544 7688/1195/5756
f 7657/1195/7279 7689/1195/7302 7680/1195/7295
f 7657/1195/7279 7658/1195/7280 7690/1195/7303
f 7657/1195/7279 7690/1195/7303 7689/1195/7302
f 7691/1195/7304 7692/1195/5760 7693/1195/7305
f 7691/1195/7304 7693/1195/7305 7694/1195/7306
f 7658/1195/7280 7681/1195/7296 7690/1195/7303
f 7654/1195/7276 7695/1195/7307 7696/1195/7308
f 7659/1195/7281 7654/1195/7276 7696/1195/7308
f 7659/1195/7281 7696/1195/7308 7697/1195/7309
f 7659/1195/7281 7697/1195/7309 7698/1195/7310
f 7654/1195/7276 7656/1195/7278 7669/1195/7289
f 7662/1195/7284 7699/1195/7311 7655/1195/7277
f 7656/1195/7278 7700/1195/5769 7682/1195/7297
f 7656/1195/7278 7655/1195/7277 7701/1195/7312
f 7656/1195/7278 7701/1195/7312 7700/1195/5769
f 7702/1195/7313 7659/1195/7281 7698/1195/7310
f 7655/1195/7277 7699/1195/7311 7701/1195/7312
f 7658/1195/7280 7656/1195/7278 7659/1195/7281
f 7656/1195/7278 7654/1195/7276 7659/1195/7281
f 7703/1195/7314 7704/1195/6558 7705/1195/5773
f 7703/1195/7314 7705/1195/5773 7706/1195/7315
f 7707/1195/7316 7708/1195/7317 7709/1497/6562
f 7707/1195/7316 7709/1497/6562 7710/1195/5778
f 7711/1195/7318 7712/1195/7319 7713/1195/7320
f 7711/1195/7318 7713/1195/7320 7714/1195/7321
f 7653/1195/7275 7695/1195/7307 7654/1195/7276
f 7715/1195/7322 7716/1195/7323 7717/1195/6569
f 7715/1195/7322 7717/1195/6569 7718/1195/6570
f 7719/1195/7324 7720/1195/7325 7721/1195/6572
f 7719/1195/7324 7721/1195/6572 7722/1195/7326
f 7723/1195/5792 7724/1195/6575 7725/1195/7327
f 7723/1195/5792 7725/1195/7327 7726/1195/5795
f 7727/1195/7328 7728/1195/5797 7729/1195/5798
f 7727/1195/7328 7729/1195/5798 7730/1195/7329
f 7731/1195/7330 7732/1195/7331 7733/1195/7332
f 7731/1195/7330 7733/1195/7332 7734/1195/5803
f 7735/1195/5804 7736/1195/7333 7737/1195/5806
f 7735/1195/5804 7737/1195/5806 7738/1195/7334
f 7739/1195/7335 7740/1195/7336 7741/1195/5811
f 7739/1195/7335 7741/1195/5811 7742/1195/7337
f 7743/1195/7338 7744/1195/7339 7745/1195/7340
f 7669/1195/7289 7656/1195/7278 7664/1195/7286
f 7746/1195/7341 7747/1195/7342 7748/1195/7343
f 7746/1195/7341 7748/1195/7343 7749/1195/7344
f 7750/1195/7345 7751/1195/7346 7752/1195/7347
f 7750/1195/7345 7752/1195/7347 7753/1195/7348
f 7754/1195/5821 7755/1195/7349 7756/1195/5823
f 7754/1195/5821 7756/1195/5823 7757/1195/7350
f 7758/1195/7351 7759/1195/6601 7760/1195/6602
f 7758/1195/7351 7760/1195/6602 7761/1195/7352
f 7762/1195/7353 7665/1195/7287 7662/1195/7284
f 7763/1195/7354 7764/1195/7355 7765/1195/7356
f 7763/1195/7354 7765/1195/7356 7766/1195/7357
f 7767/1195/7358 7768/1195/7359 7769/1195/7360
f 7767/1195/7358 7769/1195/7360 7770/1195/7361
f 7771/1195/7362 7772/1195/7363 7773/1195/7364
f 7771/1195/7362 7773/1195/7364 7774/1195/7365
f 7773/1195/7364 7775/1195/7366 7776/1195/7367
f 7773/1195/7364 7776/1195/7367 7774/1195/7365
f 7777/1195/5847 7778/1195/7368 7779/1195/7369
f 7777/1195/5847 7779/1195/7369 7780/1195/7370
f 7781/1196/7371 7782/1497/7372 7783/1195/7373
f 7781/1196/7371 7783/1195/7373 7784/1195/7374
f 7778/1195/7368 7785/1195/7375 7786/1195/7376
f 7778/1195/7368 7786/1195/7376 7779/1195/7369
f 7787/1195/7377 7788/1195/7378 7789/1195/7379
f 7783/1195/7373 7790/1195/6633 7791/1195/6634
f 7783/1195/7373 7791/1195/6634 7784/1195/7374
f 7792/1195/7380 7793/1195/7381 7794/1195/7382
f 7792/1195/7380 7794/1195/7382 7795/1195/7383
f 7796/1195/7384 7797/1195/7385 7798/1195/7386
f 7796/1195/7384 7798/1195/7386 7799/1195/7387
f 7793/1195/7381 7800/1497/7388 7801/1195/7389
f 7793/1195/7381 7801/1195/7389 7794/1195/7382
f 7802/1195/7390 7662/1195/7284 7803/1195/7391
f 7804/1195/5871 7805/1195/7392 7797/1195/7385
f 7804/1195/5871 7797/1195/7385 7796/1195/7384
f 7806/1195/7393 7807/1195/7394 7808/1195/7395
f 7806/1195/7393 7808/1195/7395 7809/1195/7396
f 7810/1196/7397 7811/1195/7398 7807/1195/7394
f 7810/1196/7397 7807/1195/7394 7806/1195/7393
f 7766/1195/7357 7765/1195/7356 7812/1195/7399
f 7766/1195/7357 7812/1195/7399 7813/1195/7400
f 7743/1195/7338 7814/1195/7401 7744/1195/7339
f 7815/1195/7402 7628/1195/7252 7629/1195/7253
f 7812/1195/7399 7800/1497/7388 7813/1195/7400
f 7816/1195/7403 7815/1195/7402 7629/1195/7253
f 7817/1195/7404 7653/1195/7275 7652/1195/7274
f 7663/1195/7285 7665/1195/7287 7818/1195/7405
f 7789/1195/7379 7788/1195/7378 7819/1195/7406
f 7803/1195/7391 7662/1195/7284 7661/1195/7283
f 7820/1195/7407 7821/1195/7408 7762/1195/7353
f 7822/1195/7409 7819/1195/7406 7653/1195/7275
f 7802/1195/7390 7762/1195/7353 7662/1195/7284
f 7820/1195/7407 7762/1195/7353 7802/1195/7390
f 7823/1195/7410 7625/1195/7249 7824/1195/7411
f 7663/1195/7285 7745/1195/7340 7744/1195/7339
f 7825/1196/7412 7826/1195/7413 7827/1196/7414
f 7819/1195/7406 7822/1195/7409 7828/1195/7415
f 7653/1195/7275 7829/1195/7416 7822/1195/7409
f 7828/1195/7415 7822/1195/7409 7830/1196/7417
f 7798/1195/7386 7785/1195/7375 7799/1195/7387
f 7827/1196/7414 7661/1195/7283 7788/1195/7378
f 7632/1195/7256 7633/1195/7257 7831/1195/7418
f 7632/1195/7256 7831/1195/7418 7832/1195/7419
f 7833/1195/7420 7630/1195/7254 7631/1195/7255
f 7810/1196/7397 7781/1196/7371 7811/1195/7398
f 7785/1195/7375 7798/1195/7386 7786/1195/7376
f 7800/1497/7388 7812/1195/7399 7801/1195/7389
f 7625/1195/7249 7627/1195/7251 7824/1195/7411
f 7827/1196/7414 7788/1195/7378 7787/1195/7377
f 7767/1195/7358 7771/1195/7362 7768/1195/7359
f 7771/1195/7362 7767/1195/7358 7772/1195/7363
f 7834/1195/7421 7833/1195/7420 7631/1195/7255
f 7781/1196/7371 7810/1196/7397 7782/1497/7372
f 7744/1195/7339 7652/1195/7274 7663/1195/7285
f 7817/1195/7404 7829/1195/7416 7653/1195/7275
f 7661/1195/7283 7827/1196/7414 7826/1195/7413
f 7803/1195/7391 7661/1195/7283 7826/1195/7413
f 7789/1195/7379 7819/1195/7406 7828/1195/7415
f 7665/1195/7287 7762/1195/7353 7818/1195/7405
f 7652/1195/7274 7744/1195/7339 7817/1195/7404
f 7818/1195/7405 7745/1195/7340 7663/1195/7285
f 7835/1195/7422 7836/1195/7423 7837/1195/7424
f 7838/1195/7425 7839/1195/7426 7837/1195/7424
f 7840/1195/7427 7839/1195/7426 7841/1195/7428
f 7841/1195/7428 7839/1195/7426 7842/1195/7429
f 7837/1195/7424 7843/1195/7430 7838/1195/7425
f 7842/1195/7429 7839/1195/7426 7838/1195/7425
f 7844/1195/7431 7835/1195/7422 7845/1195/7432
f 7846/1195/7433 7835/1195/7422 7844/1195/7431
f 7837/1195/7424 7836/1195/7423 7843/1195/7430
f 7847/1195/7434 7848/1195/7435 7849/1195/7436
f 7850/1195/7437 7847/1195/7434 7849/1195/7436
f 7851/1195/7438 7852/1195/7439 7853/1195/7440
f 7854/1195/7441 7852/1195/7439 7851/1195/7438
f 7854/1195/7441 7855/1195/7442 7852/1195/7439
f 7856/1195/7443 7857/1195/7444 7858/1195/7445
f 7859/1195/7446 7860/1195/7447 7861/1195/7448
f 7861/1195/7448 7860/1195/7447 7862/1195/7449
f 7863/1195/7450 7864/1195/7451 7865/1195/7452
f 7863/1195/7450 7865/1195/7452 7866/1195/5946
f 7858/1195/7445 7857/1195/7444 7860/1195/7447
f 7867/1195/7453 7868/1195/7454 7856/1195/7443
f 7869/1195/7455 7870/1195/7456 7871/1195/7457
f 7869/1195/7455 7871/1195/7457 7872/1195/7458
f 7873/1195/7459 7874/1203/7460 7875/1195/7461
f 7876/1195/7462 7874/1203/7460 7873/1195/7459
f 7877/1195/7463 7878/1195/7464 7879/1195/7465
f 7877/1195/7463 7879/1195/7465 7880/1195/7466
f 7881/1195/6731 7882/1195/7467 7883/1195/7468
f 7881/1195/6731 7883/1195/7468 7884/1195/7469
f 7858/1195/7445 7860/1195/7447 7859/1195/7446
f 7872/1195/7458 7871/1195/7457 7885/1195/7470
f 7872/1195/7458 7885/1195/7470 7886/1195/7471
f 7880/1195/7466 7879/1195/7465 7887/1195/7472
f 7888/1195/7473 7861/1195/7448 7862/1195/7449
f 7888/1195/7473 7862/1195/7449 7889/1195/7474
f 7856/1195/7443 7868/1195/7454 7857/1195/7444
f 7857/1195/7444 7868/1195/7454 7890/1195/7475
f 7873/1195/7459 7875/1195/7461 7891/1195/7476
f 7892/1195/7477 7877/1195/7463 7880/1195/7466
f 7893/1195/7478 7856/1195/7443 7858/1195/7445
f 7846/1195/7433 7836/1195/7423 7835/1195/7422
f 7850/1195/7437 7849/1195/7436 7894/1195/7479
f 7853/1195/7440 7895/1195/7480 7896/1195/7481
f 7896/1195/7481 7895/1195/7480 7848/1195/7435
f 7896/1195/7481 7848/1195/7435 7847/1195/7434
f 7853/1195/7440 7852/1195/7439 7895/1195/7480
f 7897/1195/7482 7898/1195/7483 7899/1195/7484
f 7900/1195/7485 7898/1195/7483 7897/1195/7482
f 7898/1195/7483 7900/1195/7485 7901/1195/7486
f 7902/1195/7487 7903/1195/7488 7904/1195/7489
f 7901/1195/7486 7902/1195/7487 7904/1195/7489
f 7905/1195/7490 7903/1195/7488 7906/1195/7491
f 7906/1195/7491 7903/1195/7488 7902/1195/7487
f 7907/1195/7492 7908/1195/7493 7909/1195/7494
f 7901/1195/7486 7900/1195/7485 7902/1195/7487
f 7899/1195/7484 7898/1195/7483 7910/1195/7495
f 7899/1195/7484 7910/1195/7495 7911/1195/7496
f 7912/1195/7497 7913/1195/7498 7914/1195/7499
f 7909/1195/7494 7908/1195/7493 7915/1195/7500
f 7916/1195/7501 7912/1195/7497 7907/1195/7492
f 7907/1195/7492 7912/1195/7497 7908/1195/7493
f 7917/1195/7502 7918/1195/7503 7919/1195/7504
f 7917/1195/7502 7919/1195/7504 7920/1195/7505
f 7919/1195/7504 7921/1195/7506 7920/1195/7505
f 7922/1195/7507 7923/1195/7508 7924/1195/7509
f 7925/1195/7510 7923/1195/7508 7926/1195/7511
f 7925/1195/7510 7926/1195/7511 7927/1195/7512
f 7928/1195/7513 7929/1195/7514 7930/1195/6777
f 7928/1195/7513 7930/1195/6777 7931/1195/7515
f 7932/1195/7516 7933/1195/7517 7934/1195/7518
f 7935/1195/7519 7936/1195/7520 7937/1195/7521
f 7935/1195/7519 7937/1195/7521 7938/1195/7522
f 7939/1195/7523 7940/1195/7524 7941/1195/7525
f 7942/1195/7526 7925/1195/7510 7927/1195/7512
f 7943/1195/7527 7944/1195/7528 7945/1195/6795
f 7943/1195/7527 7945/1195/6795 7946/1195/6796
f 7924/1195/7509 7923/1195/7508 7925/1195/7510
f 7926/1195/7511 7923/1195/7508 7947/1195/7529
f 7938/1195/7522 7937/1195/7521 7948/1195/7530
f 7938/1195/7522 7948/1195/7530 7949/1195/7531
f 7950/1195/7532 7951/1195/7533 7952/1195/7534
f 7953/1195/7535 7951/1195/7533 7950/1195/7532
f 7954/1195/7536 7942/1195/7526 7927/1195/7512
f 7954/1195/7536 7927/1195/7512 7955/1196/7537
f 7922/1195/7507 7934/1195/7518 7923/1195/7508
f 7922/1195/7507 7932/1195/7516 7934/1195/7518
f 7939/1195/7523 7941/1195/7525 7956/1195/7538
f 7957/1195/7539 7925/1195/7510 7942/1195/7526
f 7921/1195/7506 7913/1195/7498 7958/1196/7540
f 7958/1196/7540 7913/1195/7498 7912/1195/7497
f 7921/1195/7506 7919/1195/7504 7913/1195/7498
f 7912/1195/7497 7914/1195/7499 7908/1195/7493
f 7959/1195/7541 7960/1195/7542 7961/1195/7543
f 7962/1195/7544 7959/1195/7541 7963/1195/7545
f 7964/1195/7546 7965/1195/7547 7966/1195/7548
f 7965/1195/7547 7964/1195/7546 7967/1195/7549
f 7962/1195/7544 7963/1195/7545 7968/1195/7550
f 7968/1195/7550 7963/1195/7545 7969/1195/7551
f 7962/1195/7544 7960/1195/7542 7959/1195/7541
f 7964/1195/7546 7969/1195/7551 7970/1195/7552
f 7961/1195/7543 7960/1195/7542 7971/1195/7553
f 7971/1195/7553 7960/1195/7542 7972/1195/7554
f 7971/1195/7553 7972/1195/7554 7973/1195/7555
f 7968/1195/7550 7969/1195/7551 7966/1195/7548
f 7974/1195/7556 7975/1195/7557 7976/1195/7558
f 7977/1195/7559 7978/1195/7560 7979/1195/7561
f 7980/1195/7562 7981/1195/7563 7978/1195/7560
f 7980/1195/7562 7978/1195/7560 7977/1195/7559
f 7982/1195/7564 7975/1195/7557 7974/1195/7556
f 7982/1195/7564 7983/1195/7565 7975/1195/7557
f 7984/1195/7566 7985/1195/7567 7986/1195/7568
f 7987/1195/7569 7985/1195/7567 7984/1195/7566
f 7988/1195/7570 7989/1195/7571 7990/1195/7572
f 7991/1195/7573 7992/1195/7574 7993/1195/7575
f 7991/1195/7573 7993/1195/7575 7994/1195/7576
f 7984/1195/7566 7986/1195/7568 7988/1195/7570
f 7995/1195/7577 7996/1195/7578 7997/1195/7579
f 7995/1195/7577 7997/1195/7579 7998/1195/7580
f 7999/1195/7581 8000/1195/7582 8001/1195/7583
f 8002/1195/7584 8003/1195/7585 7985/1195/7567
f 8002/1195/7584 7985/1195/7567 7987/1195/7569
f 7988/1195/7570 7990/1195/7572 8004/1195/7586
f 8005/1195/7587 8006/1195/7588 8007/1195/7589
f 8007/1195/7589 8006/1195/7588 8008/1195/7590
f 8009/1195/6845 8010/1195/6846 8011/1195/6847
f 8009/1195/6845 8011/1195/6847 8012/1195/6848
f 7988/1195/7570 7986/1195/7568 7989/1195/7571
f 7998/1195/7580 7997/1195/7579 8013/1195/7591
f 7998/1195/7580 8013/1195/7591 8014/1195/7592
f 8015/1195/7593 8008/1195/7590 8016/1195/7594
f 8007/1195/7589 8008/1195/7590 8015/1195/7593
f 8004/1195/7586 7990/1195/7572 8017/1195/7595
f 7999/1195/7581 8001/1195/7583 8018/1195/7596
f 8019/1195/7597 7988/1195/7570 8004/1195/7586
f 8020/1195/7598 7984/1195/7566 7988/1195/7570
f 7964/1195/7546 7966/1195/7548 7969/1195/7551
f 7975/1195/7557 8021/1195/7599 7976/1195/7558
f 7976/1195/7558 8022/1195/7600 8023/1195/7601
f 7976/1195/7558 8021/1195/7599 8022/1195/7600
f 8023/1195/7601 8022/1195/7600 7981/1195/7563
f 7981/1195/7563 8022/1195/7600 7978/1195/7560
f 8024/1196/7602 8025/1195/7603 8026/1195/7604
f 8027/1195/7605 8025/1195/7603 8024/1196/7602
f 8025/1195/7603 8027/1195/7605 8028/1195/7606
f 8029/1195/7607 8030/1195/7608 8031/1195/7609
f 8031/1195/7609 8032/1195/7610 8029/1195/7607
f 8033/1195/7611 8030/1195/7608 8029/1195/7607
f 8031/1195/7609 8028/1195/7606 8027/1195/7605
f 8031/1195/7609 8027/1195/7605 8032/1195/7610
f 8026/1195/7604 8025/1195/7603 8034/1195/7612
f 8035/1195/7613 8036/1195/7614 8037/1195/7615
f 8035/1195/7613 8037/1195/7615 8038/1195/7616
f 8039/1196/7617 8040/1195/7618 8041/1195/7619
f 8042/1195/7620 8041/1195/7619 8043/1195/7621
f 8044/1195/7622 8039/1196/7617 8041/1195/7619
f 8044/1195/7622 8041/1195/7619 8042/1195/7620
f 8035/1195/7613 8045/1195/7623 8036/1195/7614
f 8046/1195/7624 8047/1195/7625 8048/1195/7626
f 8046/1195/7624 8049/1195/7627 8047/1195/7625
f 8050/1195/6133 8051/1195/7628 8052/1195/6902
f 8050/1195/6133 8052/1195/6902 8053/1195/7629
f 8048/1195/7626 8047/1195/7625 8054/1195/7630
f 8054/1195/7630 8047/1195/7625 8055/1195/7631
f 8056/1195/7632 8057/1195/7633 8058/1195/7634
f 8056/1195/7632 8058/1195/7634 8059/1195/7635
f 8060/1195/7636 8061/1195/7637 8062/1195/7638
f 8048/1195/7626 8054/1195/7630 8063/1195/7639
f 8064/1195/7640 8048/1195/7626 8063/1195/7639
f 8065/1195/7641 8066/1195/7642 8067/1195/7643
f 8067/1195/7643 8066/1195/7642 8068/1195/7644
f 8069/1195/6916 8070/1195/6917 8071/1195/7645
f 8069/1195/6916 8071/1195/7645 8072/1195/7646
f 8059/1195/7635 8058/1195/7634 8073/1195/7647
f 8059/1195/7635 8073/1195/7647 8074/1195/7648
f 8075/1195/7649 8068/1195/7644 8076/1195/7650
f 8067/1195/7643 8068/1195/7644 8075/1195/7649
f 8077/1195/7651 8064/1195/7640 8063/1195/7639
f 8077/1195/7651 8063/1195/7639 8078/1195/7652
f 8079/1195/7653 8049/1195/7627 8046/1195/7624
f 8080/1195/7654 8062/1195/7638 8081/1195/7655
f 8060/1195/7636 8062/1195/7638 8080/1195/7654
f 8082/1195/7656 8079/1195/7653 8046/1195/7624
f 8064/1195/7640 8083/1195/7657 8048/1195/7626
f 8084/1195/7658 8046/1195/7624 8048/1195/7626
f 8085/1195/7659 8030/1195/7608 8033/1195/7611
f 8006/1195/7588 8005/1195/7587 8086/1195/7660
f 8037/1195/7615 8087/1195/7661 8088/1195/7662
f 8088/1195/7662 8087/1195/7661 8040/1195/7618
f 8088/1195/7662 8040/1195/7618 8039/1196/7617
f 8087/1195/7661 8037/1195/7615 8036/1195/7614
f 7983/1195/7565 7982/1195/7564 8089/1195/7663
f 8066/1195/7642 8065/1195/7641 8090/1195/7664
f 8091/1195/7665 8092/1195/7666 8081/1195/7655
f 8045/1195/7623 8035/1195/7613 8093/1195/7667
f 8094/1195/7668 8034/1195/7612 8025/1195/7603
f 8095/1195/7669 8096/1195/7670 8085/1195/7659
f 8081/1195/7655 8092/1195/7666 8080/1195/7654
f 7951/1195/7533 7953/1195/7535 8097/1195/7671
f 7951/1195/7533 8097/1195/7671 8098/1195/7672
f 8085/1195/7659 8096/1195/7670 8030/1195/7608
f 7844/1195/7431 7845/1195/7432 8099/1195/7673
f 8079/1195/7653 8100/1195/7674 8049/1195/7627
f 8101/1196/7675 7918/1195/7503 7917/1195/7502
f 8101/1196/7675 7917/1195/7502 8102/1195/7676
f 8103/1195/7677 7894/1195/7479 7849/1195/7436
f 8104/1195/7678 7956/1195/7538 7941/1195/7525
f 8104/1195/7678 8105/1195/7679 7956/1195/7538
f 8104/1195/7678 8106/1195/7680 8105/1195/7679
f 8086/1195/7660 8106/1195/7680 8104/1195/7678
f 8086/1195/7660 8005/1195/7587 8106/1195/7680
f 7915/1195/7500 8107/1195/7681 7909/1195/7494
f 8108/1195/7682 8107/1195/7681 7915/1195/7500
f 8109/1195/7683 8107/1195/7681 8108/1195/7682
f 7933/1195/7517 7932/1195/7516 8110/1195/7684
f 7933/1195/7517 8110/1195/7684 8111/1195/7685
f 8111/1195/7685 8110/1195/7684 8112/1195/7686
f 8111/1195/7685 8112/1195/7686 8017/1195/7595
f 8017/1195/7595 8112/1195/7686 8004/1195/7586
f 8112/1195/7686 8113/1195/7687 8004/1195/7586
f 7903/1195/7488 7905/1195/7490 8114/1195/7688
f 7903/1195/7488 8114/1195/7688 8115/1195/7689
f 8115/1195/7689 8116/1195/7690 8117/1195/7691
f 8115/1195/7689 8114/1195/7688 8116/1195/7690
f 8117/1195/7691 8116/1195/7690 8118/1195/7692
f 8119/1195/7693 7873/1195/7459 7891/1195/7476
f 8119/1195/7693 8120/1195/7694 7873/1195/7459
f 8119/1195/7693 8121/1195/7695 8120/1195/7694
f 8098/1195/7672 8121/1195/7695 8119/1195/7693
f 8098/1195/7672 8097/1195/7671 8121/1195/7695
f 7878/1195/7464 7877/1195/7463 8122/1195/7696
f 8103/1195/7677 8123/1195/7697 7894/1195/7479
f 8124/1195/7698 8125/1195/7699 8123/1195/7697
f 8103/1195/7677 8124/1195/7698 8123/1195/7697
f 8124/1195/7698 8126/1195/7700 8125/1195/7699
f 7868/1195/7454 7867/1195/7453 8127/1195/7701
f 7868/1195/7454 8127/1195/7701 8128/1195/7702
f 8128/1195/7702 8127/1195/7701 7954/1195/7536
f 8128/1195/7702 7954/1195/7536 7955/1196/7537
f 7867/1195/7453 8129/1195/7703 8127/1195/7701
f 7840/1195/7427 7841/1195/7428 8130/1195/7704
f 7840/1195/7427 8130/1195/7704 8131/1195/7705
f 8131/1195/7705 8130/1195/7704 8132/1195/7706
f 8133/1195/7707 8131/1195/7705 8132/1195/7706
f 8134/1195/7708 8135/1195/7709 7888/1195/7473
f 7888/1195/7473 7889/1195/7474 8134/1195/7708
f 8100/1195/7674 8135/1195/7709 8134/1195/7708
f 8100/1195/7674 8079/1195/7653 8135/1195/7709
f 8099/1195/7673 7845/1195/7432 8136/1195/7710
f 8137/1195/7711 8138/1195/7712 8139/1195/7713
f 8139/1195/7713 8095/1195/7669 8137/1195/7711
f 8139/1195/7713 8096/1195/7670 8095/1195/7669
f 7878/1195/7464 8122/1195/7696 8140/1195/7714
f 8140/1195/7714 8122/1195/7696 8092/1195/7666
f 8092/1195/7666 8091/1195/7665 8140/1195/7714
f 8141/1195/7715 8142/1195/7716 7855/1195/7442
f 8141/1195/7715 7855/1195/7442 7854/1195/7441
f 8143/1195/7717 8043/1195/7621 8144/1196/7718
f 8145/1195/7719 8043/1195/7621 8143/1195/7717
f 8042/1195/7620 8043/1195/7621 8145/1195/7719
f 7965/1195/7547 7967/1195/7549 8146/1195/7720
f 8146/1195/7720 7967/1195/7549 8147/1195/7721
f 8146/1195/7720 8147/1195/7721 8148/1195/7722
f 8002/1195/7584 8149/1195/7723 8003/1195/7585
f 8149/1195/7723 8150/1195/7724 8003/1195/7585
f 8151/1195/7725 8003/1195/7585 8150/1195/7724
f 8149/1195/7723 8077/1195/7651 8078/1195/7652
f 8149/1195/7723 8078/1195/7652 8150/1195/7724
f 7979/1195/7561 8152/1195/7726 7977/1195/7559
f 8153/1196/7727 8154/1195/7728 8152/1195/7726
f 8153/1196/7727 8152/1195/7726 7979/1195/7561
f 8153/1196/7727 8155/1195/7729 8154/1195/7728
f 8156/1195/7730 8018/1195/7596 8001/1195/7583
f 8156/1195/7730 8157/1195/7731 8018/1195/7596
f 8158/1195/7732 8157/1195/7731 8156/1195/7730
f 8158/1195/7732 8159/1195/7733 8157/1195/7731
f 8090/1195/7664 8159/1195/7733 8158/1195/7732
f 8090/1195/7664 8065/1195/7641 8159/1195/7733
f 8160/2212/6234 8161/2213/7734 8162/2214/7735
f 8160/2212/6234 8162/2214/7735 8163/2215/7736
f 8160/2212/6234 8163/2215/7736 8164/2216/6238
f 8165/2217/7737 8166/2218/7738 8167/2219/7739
f 8165/2217/7737 8167/2219/7739 8162/2214/7735
f 8165/2217/7737 8162/2214/7735 8161/2213/7734
f 8168/2220/7740 8169/2221/7741 8167/2219/7739
f 8168/2220/7740 8167/2219/7739 8166/2218/7738
f 8170/2222/7742 8171/2223/7743 8172/1990/7744
f 8170/2222/7742 8172/1990/7744 8167/2219/7739
f 8170/2222/7742 8167/2219/7739 8169/2221/7741
f 8173/2224/7745 8174/2225/7746 8175/1513/7747
f 8173/2224/7745 8175/1513/7747 8172/1990/7744
f 8173/2224/7745 8172/1990/7744 8171/2223/7743
f 8176/2226/7748 8177/2227/7749 8178/1222/7750
f 8176/2226/7748 8178/1222/7750 8175/1513/7747
f 8176/2226/7748 8175/1513/7747 8174/2225/7746
f 8179/2228/7751 8180/2229/7752 8181/2230/7753
f 8179/2228/7751 8181/2230/7753 8182/1226/7754
f 8179/2228/7751 8182/1226/7754 8183/2231/7755
f 8184/2232/7756 8185/2233/7757 8186/2234/7758
f 8184/2232/7756 8186/2234/7758 8181/2230/7753
f 8184/2232/7756 8181/2230/7753 8180/2229/7752
f 8187/2235/7759 8188/2236/7760 8189/2237/7761
f 8187/2235/7759 8189/2237/7761 8186/2234/7758
f 8187/2235/7759 8186/2234/7758 8185/2233/7757
f 8190/2238/7762 8191/2239/7763 8189/2237/7761
f 8190/2238/7762 8189/2237/7761 8188/2236/7760
f 8192/2240/7764 8193/2241/7765 8194/2009/7766
f 8192/2240/7764 8194/2009/7766 8189/2237/7761
f 8192/2240/7764 8189/2237/7761 8191/2239/7763
f 8164/2216/6238 8163/2215/7736 8194/2009/7766
f 8164/2216/6238 8194/2009/7766 8193/2241/7765
f 8195/2242/7767 8161/2213/7734 8160/2212/6234
f 8196/2243/7038 8195/2242/7767 8160/2212/6234
f 8196/2243/7038 8160/2212/6234 8164/2216/6238
f 8161/2213/7734 8197/2244/7768 8165/2217/7737
f 8197/2244/7768 8166/2218/7738 8165/2217/7737
f 8176/2226/7748 8198/2245/7769 8177/2227/7749
f 8199/2246/7770 8179/2228/7751 8183/2231/7755
f 8179/2228/7751 8200/2247/7771 8180/2229/7752
f 8200/2247/7771 8201/2248/7772 8184/2232/7756
f 8200/2247/7771 8184/2232/7756 8180/2229/7752
f 8201/2248/7772 8185/2233/7757 8184/2232/7756
f 8202/2249/6277 8196/2243/7038 8164/2216/6238
f 8193/2241/7765 8202/2249/6277 8164/2216/6238
f 8203/2250/7773 8191/2239/7763 8190/2238/7762
f 8188/2236/7760 8203/2250/7773 8190/2238/7762
f 8204/2251/7774 8193/2241/7765 8192/2240/7764
f 8191/2239/7763 8204/2251/7774 8192/2240/7764
f 8205/1544/6280 8206/2252/7775 8161/2213/7734
f 8205/1544/6280 8161/2213/7734 8195/2242/7767
f 8207/2253/7776 8205/1544/6280 8195/2242/7767
f 8207/2253/7776 8195/2242/7767 8196/2243/7038
f 8197/2244/7768 8208/2254/7777 8166/2218/7738
f 8206/2252/7775 8197/2244/7768 8161/2213/7734
f 8208/2254/7777 8168/2220/7740 8166/2218/7738
f 8209/2255/7778 8210/2256/7779 8174/2225/7746
f 8209/2255/7778 8174/2225/7746 8173/2224/7745
f 8171/2223/7743 8209/2255/7778 8173/2224/7745
f 8211/2257/7780 8212/2258/7781 8198/2245/7769
f 8211/2257/7780 8198/2245/7769 8176/2226/7748
f 8210/2256/7779 8211/2257/7780 8176/2226/7748
f 8210/2256/7779 8176/2226/7748 8174/2225/7746
f 8213/2259/7782 8200/2247/7771 8179/2228/7751
f 8199/2246/7770 8213/2259/7782 8179/2228/7751
f 8203/2250/7773 8214/2260/7783 8191/2239/7763
f 8204/2251/7774 8215/2261/7784 8193/2241/7765
f 8214/2260/7783 8204/2251/7774 8191/2239/7763
f 8216/2262/7785 8207/2253/7776 8196/2243/7038
f 8216/2262/7785 8196/2243/7038 8202/2249/6277
f 8215/2261/7784 8216/2262/7785 8202/2249/6277
f 8215/2261/7784 8202/2249/6277 8193/2241/7765
f 8206/2252/7775 8217/2263/7786 8197/2244/7768
f 8217/2263/7786 8208/2254/7777 8197/2244/7768
f 8208/2254/7777 8218/2264/7787 8168/2220/7740
f 8218/2264/7787 8219/2265/7788 8168/2220/7740
f 8168/2220/7740 8219/2265/7788 8169/2221/7741
f 8220/2266/7789 8221/2267/7790 8171/2223/7743
f 8220/2266/7789 8171/2223/7743 8170/2222/7742
f 8219/2265/7788 8220/2266/7789 8170/2222/7742
f 8219/2265/7788 8170/2222/7742 8169/2221/7741
f 8221/2267/7790 8209/2255/7778 8171/2223/7743
f 8222/2268/7791 8213/2259/7782 8199/2246/7770
f 8213/2259/7782 8223/2269/7792 8200/2247/7771
f 8223/2269/7792 8224/2270/7793 8201/2248/7772
f 8223/2269/7792 8201/2248/7772 8200/2247/7771
f 8224/2270/7793 8225/2271/7794 8201/2248/7772
f 8201/2248/7772 8225/2271/7794 8185/2233/7757
f 8226/2272/7795 8227/2273/7796 8188/2236/7760
f 8226/2272/7795 8188/2236/7760 8187/2235/7759
f 8225/2271/7794 8226/2272/7795 8187/2235/7759
f 8225/2271/7794 8187/2235/7759 8185/2233/7757
f 8227/2273/7796 8203/2250/7773 8188/2236/7760
f 8228/2274/7797 8215/2261/7784 8204/2251/7774
f 8214/2260/7783 8228/2274/7797 8204/2251/7774
f 8229/2275/7798 8230/2276/7799 8206/2252/7775
f 8229/2275/7798 8206/2252/7775 8205/1544/6280
f 8231/1566/7800 8229/2275/7798 8205/1544/6280
f 8231/1566/7800 8205/1544/6280 8207/2253/7776
f 8217/2263/7786 8232/2277/7801 8208/2254/7777
f 8230/2276/7799 8217/2263/7786 8206/2252/7775
f 8232/2277/7801 8218/2264/7787 8208/2254/7777
f 8228/2274/7797 8233/2278/7802 8215/2261/7784
f 8234/2279/7803 8231/1566/7800 8207/2253/7776
f 8234/2279/7803 8207/2253/7776 8216/2262/7785
f 8233/2278/7802 8234/2279/7803 8216/2262/7785
f 8233/2278/7802 8216/2262/7785 8215/2261/7784
f 8230/2276/7799 8235/2280/7804 8217/2263/7786
f 8235/2280/7804 8232/2277/7801 8217/2263/7786
f 8236/2281/7805 8213/2259/7782 8222/2268/7791
f 8223/2269/7792 8237/2282/7806 8224/2270/7793
f 8237/2282/7806 8225/2271/7794 8224/2270/7793
f 8238/2283/7807 8214/2260/7783 8203/2250/7773
f 8227/2273/7796 8238/2283/7807 8203/2250/7773
f 8239/2284/7808 8233/2278/7802 8228/2274/7797
f 8214/2260/7783 8239/2284/7808 8228/2274/7797
f 8240/2285/7809 8241/2286/7810 8230/2276/7799
f 8240/2285/7809 8230/2276/7799 8229/2275/7798
f 8242/2287/7811 8240/2285/7809 8229/2275/7798
f 8242/2287/7811 8229/2275/7798 8231/1566/7800
f 8241/2286/7810 8235/2280/7804 8230/2276/7799
f 8232/2277/7801 8243/2288/7812 8218/2264/7787
f 8243/2288/7812 8219/2265/7788 8218/2264/7787
f 8244/2289/7813 8221/2267/7790 8220/2266/7789
f 8219/2265/7788 8244/2289/7813 8220/2266/7789
f 8245/2290/7814 8246/2291/7815 8210/2256/7779
f 8245/2290/7814 8210/2256/7779 8209/2255/7778
f 8221/2267/7790 8245/2290/7814 8209/2255/7778
f 8247/2292/7816 8248/2293/7817 8212/2258/7781
f 8247/2292/7816 8212/2258/7781 8211/2257/7780
f 8246/2291/7815 8247/2292/7816 8211/2257/7780
f 8246/2291/7815 8211/2257/7780 8210/2256/7779
f 8249/2294/7818 8250/2295/7819 8223/2269/7792
f 8249/2294/7818 8223/2269/7792 8213/2259/7782
f 8236/2281/7805 8249/2294/7818 8213/2259/7782
f 8237/2282/7806 8251/2296/7820 8225/2271/7794
f 8250/2295/7819 8237/2282/7806 8223/2269/7792
f 8251/2296/7820 8252/2297/7821 8225/2271/7794
f 8252/2297/7821 8227/2273/7796 8226/2272/7795
f 8225/2271/7794 8252/2297/7821 8226/2272/7795
f 8238/2283/7807 8253/2298/7822 8214/2260/7783
f 8239/2284/7808 8254/2299/7823 8233/2278/7802
f 8253/2298/7822 8239/2284/7808 8214/2260/7783
f 8242/2287/7811 8231/1566/7800 8234/2279/7803
f 8254/2299/7823 8242/2287/7811 8234/2279/7803
f 8254/2299/7823 8234/2279/7803 8233/2278/7802
f 8254/2299/7823 8255/2300/7824 8242/2287/7811
f 8256/2301/7094 8257/2302/7825 8241/2286/7810
f 8256/2301/7094 8241/2286/7810 8240/2285/7809
f 8258/2303/7826 8256/2301/7094 8240/2285/7809
f 8258/2303/7826 8240/2285/7809 8242/2287/7811
f 8235/2280/7804 8259/2304/7827 8232/2277/7801
f 8257/2302/7825 8235/2280/7804 8241/2286/7810
f 8259/2304/7827 8243/2288/7812 8232/2277/7801
f 8244/2289/7813 8260/2305/7828 8221/2267/7790
f 8260/2305/7828 8245/2290/7814 8221/2267/7790
f 8261/2306/7829 8249/2294/7818 8236/2281/7805
f 8262/2307/7830 8253/2298/7822 8238/2283/7807
f 8227/2273/7796 8262/2307/7830 8238/2283/7807
f 8253/2298/7822 8263/2308/7831 8239/2284/7808
f 8263/2308/7831 8264/2309/7832 8239/2284/7808
f 8239/2284/7808 8264/2309/7832 8254/2299/7823
f 8255/2300/7824 8258/2303/7826 8242/2287/7811
f 8264/2309/7832 8255/2300/7824 8254/2299/7823
f 8265/2310/7833 8259/2304/7827 8235/2280/7804
f 8257/2302/7825 8265/2310/7833 8235/2280/7804
f 8243/2288/7812 8266/2311/7834 8219/2265/7788
f 8266/2311/7834 8244/2289/7813 8219/2265/7788
f 8260/2305/7828 8267/2312/7835 8245/2290/7814
f 8267/2312/7835 8268/2313/7836 8246/2291/7815
f 8267/2312/7835 8246/2291/7815 8245/2290/7814
f 8268/2313/7836 8269/2314/7837 8247/2292/7816
f 8268/2313/7836 8247/2292/7816 8246/2291/7815
f 8269/2314/7837 8270/2315/7838 8248/2293/7817
f 8269/2314/7837 8248/2293/7817 8247/2292/7816
f 8271/2316/7839 8250/2295/7819 8249/2294/7818
f 8261/2306/7829 8271/2316/7839 8249/2294/7818
f 8272/2317/7840 8273/2318/7841 8251/2296/7820
f 8272/2317/7840 8251/2296/7820 8237/2282/7806
f 8250/2295/7819 8272/2317/7840 8237/2282/7806
f 8273/2318/7841 8252/2297/7821 8251/2296/7820
f 8262/2307/7830 8274/2319/7842 8253/2298/7822
f 8274/2319/7842 8263/2308/7831 8253/2298/7822
f 8264/2309/7832 8275/2320/7843 8255/2300/7824
f 8275/2320/7843 8258/2303/7826 8255/2300/7824
f 8276/2321/7112 8277/2322/7844 8257/2302/7825
f 8276/2321/7112 8257/2302/7825 8256/2301/7094
f 8278/2323/7845 8276/2321/7112 8256/2301/7094
f 8278/2323/7845 8256/2301/7094 8258/2303/7826
f 8277/2322/7844 8265/2310/7833 8257/2302/7825
f 8259/2304/7827 8279/2324/7846 8243/2288/7812
f 8279/2324/7846 8266/2311/7834 8243/2288/7812
f 8266/2311/7834 8280/2325/7847 8244/2289/7813
f 8280/2325/7847 8260/2305/7828 8244/2289/7813
f 8271/2316/7839 8281/2326/7848 8250/2295/7819
f 8281/2326/7848 8272/2317/7840 8250/2295/7819
f 8273/2318/7841 8282/2327/7849 8252/2297/7821
f 8282/2327/7849 8283/2328/7850 8227/2273/7796
f 8282/2327/7849 8227/2273/7796 8252/2297/7821
f 8283/2328/7850 8262/2307/7830 8227/2273/7796
f 8274/2319/7842 8284/2329/7851 8263/2308/7831
f 8284/2329/7851 8285/2330/7852 8263/2308/7831
f 8263/2308/7831 8285/2330/7852 8264/2309/7832
f 8275/2320/7843 8278/2323/7845 8258/2303/7826
f 8285/2330/7852 8275/2320/7843 8264/2309/7832
f 8286/2331/7853 8259/2304/7827 8265/2310/7833
f 8277/2322/7844 8286/2331/7853 8265/2310/7833
f 8260/2305/7828 8287/2332/7854 8267/2312/7835
f 8287/2332/7854 8268/2313/7836 8267/2312/7835
f 8268/2313/7836 8288/2333/7855 8269/2314/7837
f 8288/2333/7855 8270/2315/7838 8269/2314/7837
f 8289/2334/7856 8271/2316/7839 8261/2306/7829
f 8283/2328/7850 8290/2335/7857 8262/2307/7830
f 8290/2335/7857 8274/2319/7842 8262/2307/7830
f 8285/2330/7852 8291/2336/7858 8275/2320/7843
f 8291/2336/7858 8278/2323/7845 8275/2320/7843
f 8292/2337/7859 8293/2338/7860 8277/2322/7844
f 8292/2337/7859 8277/2322/7844 8276/2321/7112
f 8294/2339/7861 8292/2337/7859 8276/2321/7112
f 8294/2339/7861 8276/2321/7112 8278/2323/7845
f 8286/2331/7853 8295/2340/7862 8259/2304/7827
f 8293/2338/7860 8286/2331/7853 8277/2322/7844
f 8295/2340/7862 8279/2324/7846 8259/2304/7827
f 8280/2325/7847 8296/2341/7863 8260/2305/7828
f 8296/2341/7863 8287/2332/7854 8260/2305/7828
f 8271/2316/7839 8297/2342/7864 8281/2326/7848
f 8297/2342/7864 8272/2317/7840 8281/2326/7848
f 8284/2329/7851 8298/2343/7865 8285/2330/7852
f 8291/2336/7858 8294/2339/7861 8278/2323/7845
f 8298/2343/7865 8291/2336/7858 8285/2330/7852
f 8299/2344/7866 8295/2340/7862 8286/2331/7853
f 8293/2338/7860 8299/2344/7866 8286/2331/7853
f 8287/2332/7854 8300/2345/7867 8268/2313/7836
f 8300/2345/7867 8288/2333/7855 8268/2313/7836
f 8288/2333/7855 8301/2346/7868 8270/2315/7838
f 8302/2347/7869 8303/2348/7870 8289/2334/7856
f 8303/2348/7870 8297/2342/7864 8271/2316/7839
f 8289/2334/7856 8303/2348/7870 8271/2316/7839
f 8304/2349/7871 8305/2350/7872 8273/2318/7841
f 8304/2349/7871 8273/2318/7841 8272/2317/7840
f 8297/2342/7864 8304/2349/7871 8272/2317/7840
f 8305/2350/7872 8282/2327/7849 8273/2318/7841
f 8290/2335/7857 8306/2351/7873 8274/2319/7842
f 8306/2351/7873 8307/2352/7874 8284/2329/7851
f 8306/2351/7873 8284/2329/7851 8274/2319/7842
f 8307/2352/7874 8298/2343/7865 8284/2329/7851
f 8298/2343/7865 8308/2353/7875 8291/2336/7858
f 8308/2353/7875 8294/2339/7861 8291/2336/7858
f 8308/2353/7875 8309/2354/7876 8294/2339/7861
f 8307/2352/7874 8308/2353/7875 8298/2343/7865
f 8310/2355/7877 8299/2344/7866 8293/2338/7860
f 8311/2356/6381 8310/2355/7877 8309/2354/7876
f 8311/2356/6381 8309/2354/7876 8312/1647/6382
f 8311/2356/6381 8313/2357/7878 8310/2355/7877
f 8314/2128/7879 8299/2344/7866 8310/2355/7877
f 8314/2128/7879 8310/2355/7877 8313/2357/7878
f 8314/2128/7879 8315/2358/7880 8295/2340/7862
f 8314/2128/7879 8295/2340/7862 8299/2344/7866
f 8316/2359/7881 8279/2324/7846 8295/2340/7862
f 8316/2359/7881 8295/2340/7862 8315/2358/7880
f 8316/2359/7881 8317/2360/7882 8266/2311/7834
f 8316/2359/7881 8266/2311/7834 8279/2324/7846
f 8318/1898/7883 8280/2325/7847 8266/2311/7834
f 8318/1898/7883 8266/2311/7834 8317/2360/7882
f 8318/1898/7883 8319/2361/7884 8296/2341/7863
f 8318/1898/7883 8296/2341/7863 8280/2325/7847
f 8320/1365/7885 8287/2332/7854 8296/2341/7863
f 8320/1365/7885 8296/2341/7863 8319/2361/7884
f 8320/1365/7885 8321/2362/7886 8300/2345/7867
f 8320/1365/7885 8300/2345/7867 8287/2332/7854
f 8322/1656/7887 8288/2333/7855 8300/2345/7867
f 8322/1656/7887 8300/2345/7867 8321/2362/7886
f 8322/1656/7887 8323/2363/7888 8301/2346/7868
f 8322/1656/7887 8301/2346/7868 8288/2333/7855
f 8324/1658/7889 8303/2348/7870 8302/2347/7869
f 8324/1658/7889 8302/2347/7869 8325/1903/7890
f 8324/1658/7889 8326/2364/6396 8297/2342/7864
f 8324/1658/7889 8297/2342/7864 8303/2348/7870
f 8327/2365/7891 8304/2349/7871 8297/2342/7864
f 8327/2365/7891 8297/2342/7864 8326/2364/6396
f 8327/2365/7891 8328/2366/7892 8305/2350/7872
f 8327/2365/7891 8305/2350/7872 8304/2349/7871
f 8329/2367/7893 8282/2327/7849 8305/2350/7872
f 8329/2367/7893 8305/2350/7872 8328/2366/7892
f 8329/2367/7893 8330/2368/7894 8283/2328/7850
f 8329/2367/7893 8283/2328/7850 8282/2327/7849
f 8331/2369/7895 8290/2335/7857 8283/2328/7850
f 8331/2369/7895 8283/2328/7850 8330/2368/7894
f 8331/2369/7895 8332/2370/7896 8306/2351/7873
f 8331/2369/7895 8306/2351/7873 8290/2335/7857
f 8333/2371/7897 8307/2352/7874 8306/2351/7873
f 8333/2371/7897 8306/2351/7873 8332/2370/7896
f 8333/2371/7897 8334/2372/7898 8307/2352/7874
f 8335/1668/7899 8308/2353/7875 8307/2352/7874
f 8335/1668/7899 8307/2352/7874 8334/2372/7898
f 8310/2355/7877 8293/2338/7860 8292/2337/7859
f 8309/2354/7876 8310/2355/7877 8292/2337/7859
f 8309/2354/7876 8292/2337/7859 8294/2339/7861
f 8336/2373/7166 8337/1670/7900 8338/2374/7901
f 8338/2374/7901 8339/1672/7902 8340/2375/7170
f 8341/2376/6411 8342/2377/7903 8343/2378/6413
f 8340/2375/7170 8344/1674/7904 8345/2379/4818
f 8345/2379/4818 8346/1676/7905 8347/2380/5599
f 8347/2380/5599 8348/2381/7906 8349/2382/5601
f 8349/2382/5601 8350/2383/7176 8341/2376/6411
f 8351/1682/7907 8336/2373/7166 8343/2378/6413
f 8335/1668/7899 8312/1647/6382 8309/2354/7876
f 8335/1668/7899 8309/2354/7876 8308/2353/7875
f 8342/2377/7903 8341/2376/6411 8352/1397/7908
f 8340/2375/7170 8339/1672/7902 8353/1398/7909
f 8351/1682/7907 8354/1399/7910 8336/2373/7166
f 8347/2380/5599 8346/1676/7905 8355/1400/7911
f 8337/1670/7900 8336/2373/7166 8356/1401/7912
f 8341/2376/6411 8350/2383/7176 8357/1402/7183
f 8344/1674/7904 8340/2375/7170 8358/1403/7913
f 8348/2381/7906 8347/2380/5599 8359/1404/7914
f 8360/1405/7915 8361/1406/7916 8362/2384/7917
f 8361/1406/7916 8363/1408/7918 8364/2385/7919
f 8361/1406/7916 8364/2385/7919 8362/2384/7917
f 8362/2384/7917 8364/2385/7919 8341/2376/6411
f 8362/2384/7917 8341/2376/6411 8343/2378/6413
f 8365/1410/7920 8366/1411/7921 8367/2386/7922
f 8366/1411/7921 8368/1413/7923 8345/2379/4818
f 8366/1411/7921 8345/2379/4818 8367/2386/7922
f 8367/2386/7922 8345/2379/4818 8347/2380/5599
f 8369/1414/7924 8370/1415/7925 8338/2374/7901
f 8370/1415/7925 8371/1416/7926 8372/2387/7197
f 8370/1415/7925 8372/2387/7197 8338/2374/7901
f 8343/2378/6413 8373/1418/7927 8374/1419/6439
f 8362/2384/7917 8343/2378/6413 8374/1419/6439
f 8362/2384/7917 8374/1419/6439 8360/1405/7915
f 8363/1408/7918 8375/1420/7928 8364/2385/7919
f 8375/1420/7928 8376/1421/7929 8349/2382/5601
f 8375/1420/7928 8349/2382/5601 8364/2385/7919
f 8364/2385/7919 8349/2382/5601 8341/2376/6411
f 8368/1413/7923 8377/1422/7930 8345/2379/4818
f 8377/1422/7930 8378/1423/7931 8379/2388/7932
f 8377/1422/7930 8379/2388/7932 8345/2379/4818
f 8371/1416/7926 8380/1425/7933 8372/2387/7197
f 8380/1425/7933 8381/1426/7934 8382/2389/7935
f 8380/1425/7933 8382/2389/7935 8372/2387/7197
f 8372/2387/7197 8382/2389/7935 8336/2373/7166
f 8372/2387/7197 8336/2373/7166 8338/2374/7901
f 8376/1421/7929 8383/1428/7936 8349/2382/5601
f 8383/1428/7936 8384/1429/7937 8385/2390/4859
f 8383/1428/7936 8385/2390/4859 8349/2382/5601
f 8378/1423/7931 8386/1431/7938 8379/2388/7932
f 8386/1431/7938 8387/1432/7939 8388/2391/7940
f 8386/1431/7938 8388/2391/7940 8379/2388/7932
f 8379/2388/7932 8388/2391/7940 8340/2375/7170
f 8379/2388/7932 8340/2375/7170 8345/2379/4818
f 8381/1426/7934 8389/1434/7941 8382/2389/7935
f 8389/1434/7941 8373/1418/7927 8343/2378/6413
f 8389/1434/7941 8343/2378/6413 8382/2389/7935
f 8382/2389/7935 8343/2378/6413 8336/2373/7166
f 8384/1429/7937 8390/1435/7942 8385/2390/4859
f 8390/1435/7942 8365/1410/7920 8367/2386/7922
f 8390/1435/7942 8367/2386/7922 8385/2390/4859
f 8385/2390/4859 8367/2386/7922 8347/2380/5599
f 8385/2390/4859 8347/2380/5599 8349/2382/5601
f 8387/1432/7939 8391/1436/7943 8388/2391/7940
f 8391/1436/7943 8369/1414/7924 8338/2374/7901
f 8391/1436/7943 8338/2374/7901 8388/2391/7940
f 8388/2391/7940 8338/2374/7901 8340/2375/7170
f 7638/2206/7262 8392/2392/7944 8393/1438/7945
f 7638/2206/7262 8393/1438/7945 8394/1439/7946
f 8395/2393/6454 8396/1441/6455 8397/2394/7947
f 8395/2393/6454 8397/2394/7947 8398/2395/7219
f 8399/2396/7948 8400/2397/7221 8401/2398/7222
f 8399/2396/7948 8401/2398/7222 8402/2399/7949
f 7641/2209/7265 7643/2211/7267 8403/1449/7950
f 7641/2209/7265 8403/1449/7950 8404/1450/7951
f 8405/2400/7952 8406/2401/7953 8407/1706/4876
f 8405/2400/7952 8407/1706/4876 8408/2402/4875
f 7642/2210/7266 7639/2207/7263 8409/2403/7954
f 8410/2404/4898 8411/2405/7955 8396/1441/6455
f 8410/2404/4898 8396/1441/6455 8395/2393/6454
f 8412/2406/6466 8413/2185/7956 8414/2407/7957
f 8412/2406/6466 8414/2407/7957 8415/2408/7958
f 8416/1717/7959 8417/1481/7960 7640/2208/7264
f 8416/1717/7959 7640/2208/7264 7638/2206/7262
f 7638/2206/7262 7637/2205/7261 8392/2392/7944
f 8413/2185/7956 8412/2406/6466 8398/2395/7219
f 8413/2185/7956 8398/2395/7219 8397/2394/7947
f 8402/2399/7949 8401/2398/7222 8418/2409/6473
f 8402/2399/7949 8418/2409/6473 8419/2410/7232
f 7639/2207/7263 7640/2208/7264 8420/2197/7961
f 7639/2207/7263 8420/2197/7961 8421/1720/7962
f 8422/2411/7963 8423/2412/4878 8408/2402/4875
f 8422/2411/7963 8408/2402/4875 8407/1706/4876
f 8415/2408/7958 8414/2407/7957 8424/2192/7964
f 8415/2408/7958 8424/2192/7964 8425/2413/7237
f 7637/2205/7261 8426/2414/7965 8427/1472/7966
f 7643/2211/7267 7642/2210/7266 8428/2415/7967
f 8428/2415/7967 7642/2210/7266 8429/1475/7968
f 8430/1726/5674 8431/2416/4902 8419/2410/7232
f 8430/1726/5674 8419/2410/7232 8418/2409/6473
f 8432/2417/7969 8433/1729/7970 8411/2405/7955
f 8432/2417/7969 8411/2405/7955 8410/2404/4898
f 8433/1729/7970 8432/2417/7969 8423/2412/4878
f 8433/1729/7970 8423/2412/4878 8422/2411/7963
f 8434/2418/7971 8435/2419/7972 8400/2397/7221
f 8434/2418/7971 8400/2397/7221 8399/2396/7948
f 7637/2205/7261 7641/2209/7265 8426/2414/7965
f 8426/2414/7965 7641/2209/7265 8436/1733/7973
f 8437/2420/7246 8438/2421/7974 8425/2413/7237
f 8437/2420/7246 8425/2413/7237 8424/2192/7964
f 8439/2422/7975 8440/1737/7976 8406/2401/7953
f 8439/2422/7975 8406/2401/7953 8405/2400/7952
f 7642/2210/7266 8409/2403/7954 8441/1709/7977
f 7642/2210/7266 8441/1709/7977 8442/2204/7978
f 8440/1737/7976 8439/2422/7975 8431/2416/4902
f 8440/1737/7976 8431/2416/4902 8430/1726/5674
f 8443/1195/7979 8444/1195/7979 8445/1195/7979
f 8446/1195/7980 8447/1196/7981 8448/1195/7982
f 8449/1195/7983 8447/1196/7981 8450/1195/7984
f 8451/1195/7985 8447/1196/7981 8452/1195/7986
f 8453/1195/7987 8447/1196/7981 8454/1195/7988
f 8455/1195/7989 8447/1196/7981 8453/1195/7987
f 8448/1195/7982 8447/1196/7981 8455/1195/7989
f 8452/1195/7986 8447/1196/7981 8456/1195/7990
f 8456/1195/7990 8447/1196/7981 8446/1195/7980
f 8450/1195/7984 8447/1196/7981 8457/1195/7991
f 8457/1195/7991 8447/1196/7981 8451/1195/7985
f 8458/1195/7992 8459/1195/7992 8460/1195/7992
f 8461/1195/7993 8462/1195/7993 8463/1195/7993
f 8464/2423/7994 8465/2424/7995 8466/2425/7996
f 8467/2426/7997 8468/2427/7998 8466/2425/7996
f 8469/2428/7999 8470/2429/8000 8466/2425/7996
f 8470/2429/8000 8467/2426/7997 8466/2425/7996
f 8471/2430/8001 8464/2423/7994 8466/2425/7996
f 8465/2424/7995 8469/2428/7999 8466/2425/7996
f 8472/1195/8002 8473/1195/8003 8474/1195/8004
f 8472/1195/8002 8474/1195/8004 8475/1195/8005
f 8476/1195/8006 8477/1195/8007 8478/1195/8008
f 8476/1195/8006 8478/1195/8008 8479/1195/8009
f 8480/1195/8010 8481/1195/8010 8482/1195/8010
f 8483/1195/8011 8484/1195/8011 8485/1195/8011
f 8486/1195/8012 8487/1195/8013 8488/1195/8014
f 8489/1195/8015 8490/1195/8016 8491/1195/8017
f 8492/1195/8018 8493/1195/8018 8494/1195/8018
f 8495/1195/8019 8496/1195/8020 8497/1195/8021
f 8498/1195/8022 8499/1195/8023 8487/1195/8013
f 8489/1195/8015 8488/1195/8014 8487/1195/8013
f 8500/1195/8024 8486/1195/8012 8488/1195/8014
f 8501/1195/8025 8502/1195/8026 8503/1195/8027
f 8501/1195/8025 8503/1195/8027 8504/1195/8028
f 8497/1195/8021 8496/1195/8020 8505/1195/8029
f 8506/1195/8030 8507/1195/8031 8508/1195/8032
f 8506/1195/8030 8508/1195/8032 8509/1195/8033
f 8510/1195/8034 8511/1195/8035 8499/1195/8023
f 8500/1195/8024 8488/1195/8014 8512/1195/8036
f 8491/1195/8017 8513/1195/8037 8489/1195/8015
f 8498/1195/8022 8487/1195/8013 8514/1195/8038
f 8496/1195/8020 8515/1195/8039 8505/1195/8029
f 8496/1195/8020 8499/1195/8023 8516/1195/8040
f 8496/1195/8020 8516/1195/8040 8515/1195/8039
f 8499/1195/8023 8511/1195/8035 8516/1195/8040
f 8517/1195/8041 8518/1195/8042 8519/1195/8043
f 8517/1195/8041 8519/1195/8043 8520/1195/8044
f 8488/1195/8014 8521/1195/8045 8512/1195/8036
f 8488/1195/8014 8489/1195/8015 8522/1195/8046
f 8488/1195/8014 8522/1195/8046 8521/1195/8045
f 8523/1195/8047 8524/1195/8048 8525/1195/8049
f 8523/1195/8047 8525/1195/8049 8526/1195/8050
f 8489/1195/8015 8513/1195/8037 8522/1195/8046
f 8495/1195/8019 8527/1195/8051 8528/1195/8052
f 8490/1195/8016 8495/1195/8019 8528/1195/8052
f 8490/1195/8016 8528/1195/8052 8529/1195/8053
f 8490/1195/8016 8529/1195/8053 8530/1195/8054
f 8495/1195/8019 8487/1195/8013 8496/1195/8020
f 8531/1195/8055 8532/1195/8056 8486/1195/8012
f 8487/1195/8013 8533/1195/8057 8514/1195/8038
f 8487/1195/8013 8486/1195/8012 8534/1195/8058
f 8487/1195/8013 8534/1195/8058 8533/1195/8057
f 8535/1195/8059 8490/1195/8016 8530/1195/8054
f 8486/1195/8012 8532/1195/8056 8534/1195/8058
f 8489/1195/8015 8487/1195/8013 8490/1195/8016
f 8487/1195/8013 8495/1195/8019 8490/1195/8016
f 8536/1195/8060 8537/1195/8061 8538/1195/8062
f 8536/1195/8060 8538/1195/8062 8539/1195/8063
f 8540/1195/8064 8541/1195/8065 8542/1195/8066
f 8540/1195/8064 8542/1195/8066 8543/1195/8067
f 8544/1195/8068 8545/1195/8069 8546/1195/8070
f 8544/1195/8068 8546/1195/8070 8547/1195/8071
f 8548/1195/8072 8527/1195/8051 8495/1195/8019
f 8549/1195/8073 8550/1195/8074 8551/1195/8075
f 8549/1195/8073 8551/1195/8075 8552/1195/8076
f 8553/1195/8077 8554/1195/8078 8555/1195/8079
f 8553/1195/8077 8555/1195/8079 8556/1195/8080
f 8557/1195/8081 8558/1195/8082 8559/1195/8083
f 8557/1195/8081 8559/1195/8083 8560/1195/8084
f 8561/1195/8085 8562/1195/8086 8563/1195/8087
f 8561/1195/8085 8563/1195/8087 8564/1195/8088
f 8565/1195/8089 8566/1195/8090 8567/1195/8091
f 8565/1195/8089 8567/1195/8091 8568/1195/8092
f 8569/1195/8093 8570/1195/8094 8571/1195/8095
f 8569/1195/8093 8571/1195/8095 8572/1195/8096
f 8573/1195/8097 8574/1195/8097 8575/1195/8097
f 8576/1195/8098 8577/1195/8099 8578/1195/8100
f 8576/1195/8098 8578/1195/8100 8579/1195/8101
f 8580/1195/8102 8581/1195/8103 8582/1195/8104
f 8496/1195/8020 8487/1195/8013 8499/1195/8023
f 8583/1195/8105 8584/1195/8105 8585/1195/8105
f 8586/1195/8106 8587/1196/8107 8588/1195/8108
f 8586/1195/8106 8588/1195/8108 8589/1195/8109
f 8590/1195/8110 8591/1195/8111 8592/1195/8112
f 8590/1195/8110 8592/1195/8112 8593/1195/8113
f 8594/1195/8114 8595/1195/8115 8596/1195/8116
f 8594/1195/8114 8596/1195/8116 8597/1195/8117
f 8598/1195/8118 8599/1195/8119 8600/1195/8120
f 8598/1195/8118 8600/1195/8120 8601/1195/8121
f 8602/1195/8122 8603/1195/8123 8604/1195/8124
f 8605/1195/8125 8606/1195/8126 8607/1195/8127
f 8605/1195/8125 8607/1195/8127 8608/1195/8128
f 8609/1195/8129 8610/1195/8130 8611/1195/8131
f 8609/1195/8129 8611/1195/8131 8612/1195/8132
f 8613/1195/8133 8614/1195/8134 8615/1195/8135
f 8616/1195/8136 8617/1195/8137 8610/1195/8130
f 8616/1195/8136 8610/1195/8130 8609/1195/8129
f 8615/1195/8135 8618/1195/8138 8619/1195/8139
f 8615/1195/8135 8619/1195/8139 8613/1195/8133
f 8620/1195/8140 8621/1195/8141 8622/1195/8142
f 8620/1195/8140 8622/1195/8142 8623/1195/8143
f 8624/1195/8144 8625/1497/8145 8626/1195/8146
f 8624/1195/8144 8626/1195/8146 8627/1195/8147
f 8621/1195/8141 8628/1195/8148 8629/1195/8149
f 8621/1195/8141 8629/1195/8149 8622/1195/8142
f 8630/1195/8150 8631/1195/8151 8632/1195/8152
f 8626/1195/8146 8633/1195/8153 8634/1195/8154
f 8626/1195/8146 8634/1195/8154 8627/1195/8147
f 8635/1195/8155 8636/1195/8156 8637/1195/8157
f 8635/1195/8155 8637/1195/8157 8638/1195/8158
f 8639/1195/8159 8640/1195/8160 8641/1195/8161
f 8639/1195/8159 8641/1195/8161 8642/1195/8162
f 8636/1195/8156 8643/1195/8163 8644/1195/8164
f 8636/1195/8156 8644/1195/8164 8637/1195/8157
f 8645/1195/8165 8604/1195/8124 8646/1195/8166
f 8647/1195/8167 8648/1195/8168 8640/1195/8160
f 8647/1195/8167 8640/1195/8160 8639/1195/8159
f 8649/1195/8169 8650/1195/8170 8651/1195/8171
f 8649/1195/8169 8651/1195/8171 8652/1195/8172
f 8653/1195/8173 8654/1195/8174 8650/1195/8170
f 8653/1195/8173 8650/1195/8170 8649/1195/8169
f 8608/1195/8128 8607/1195/8127 8655/1195/8175
f 8656/1195/8176 8657/1195/8177 8449/1195/7983
f 8658/1195/8178 8446/1195/7980 8448/1195/7982
f 8659/1195/8179 8660/1195/8180 8581/1195/8103
f 8656/1195/8176 8449/1195/7983 8450/1195/7984
f 8661/1497/8181 8662/1195/8182 8663/1195/8183
f 8662/1195/8182 8664/1195/8184 8665/1195/8185
f 8666/1195/8186 8667/1196/8187 8602/1195/8122
f 8666/1195/8186 8602/1195/8122 8645/1195/8165
f 8668/1195/8188 8669/1196/8189 8451/1195/7985
f 8668/1195/8188 8451/1195/7985 8452/1195/7986
f 8670/1195/8190 8453/1195/7987 8454/1195/7988
f 8616/1195/8136 8614/1195/8134 8617/1195/8137
f 8671/1195/8191 8672/1195/8192 8673/1195/8193
f 8674/1195/8194 8658/1195/8178 8448/1195/7982
f 8629/1195/8149 8642/1195/8162 8641/1195/8161
f 8628/1195/8148 8642/1195/8162 8629/1195/8149
f 8673/1195/8193 8675/1195/8195 8631/1195/8151
f 8670/1195/8190 8454/1195/7988 8676/1195/8196
f 8617/1195/8137 8614/1195/8134 8613/1195/8133
f 8655/1195/8175 8643/1195/8163 8608/1195/8128
f 8644/1195/8164 8643/1195/8163 8655/1195/8175
f 8654/1195/8174 8653/1195/8173 8625/1497/8145
f 8654/1195/8174 8625/1497/8145 8624/1195/8144
f 8581/1195/8103 8660/1195/8180 8677/1195/8197
f 8678/1195/8198 8663/1195/8183 8665/1195/8185
f 8664/1195/8184 8662/1195/8182 8679/1195/8199
f 8665/1195/8185 8663/1195/8183 8662/1195/8182
f 8604/1195/8124 8645/1195/8165 8602/1195/8122
f 8680/1195/8200 8675/1195/8195 8672/1195/8192
f 8681/1195/8201 8664/1195/8184 8679/1195/8199
f 8603/1195/8123 8602/1195/8122 8682/1195/8202
f 8683/1195/8203 8582/1195/8104 8677/1195/8197
f 8678/1195/8198 8684/1195/8204 8663/1195/8183
f 8631/1195/8151 8630/1195/8150 8673/1195/8193
f 8677/1195/8197 8582/1195/8104 8581/1195/8103
f 8675/1195/8195 8673/1195/8193 8672/1195/8192
f 8685/1195/8205 8686/1195/8206 8687/1195/8207
f 8688/1195/8208 8686/1195/8206 8685/1195/8205
f 8689/1195/8209 8690/1195/8210 8691/1195/8211
f 8692/1195/8212 8693/1195/8213 8690/1195/8210
f 8694/1195/8214 8690/1195/8210 8689/1195/8209
f 8691/1195/8211 8695/1195/8215 8689/1195/8209
f 8692/1195/8212 8690/1195/8210 8694/1195/8214
f 8687/1195/8207 8686/1195/8206 8696/1195/8216
f 8691/1195/8211 8686/1195/8206 8688/1195/8208
f 8691/1195/8211 8688/1195/8208 8695/1195/8215
f 8697/1195/8217 8698/1195/8218 8699/1195/8219
f 8700/1195/8220 8701/1195/8221 8702/1195/8222
f 8700/1195/8220 8702/1195/8222 8703/1195/8223
f 8704/1195/8224 8705/1195/8225 8701/1195/8221
f 8704/1195/8224 8701/1195/8221 8700/1195/8220
f 8706/1195/8226 8698/1195/8218 8697/1195/8217
f 8707/1195/8227 8708/1195/8228 8709/1195/8229
f 8706/1195/8226 8710/1195/8230 8698/1195/8218
f 8711/1195/8231 8712/1195/8232 8713/1195/8233
f 8711/1195/8231 8713/1195/8233 8714/1195/8234
f 8715/1195/8235 8716/1195/8236 8717/1195/8237
f 8718/1195/8238 8715/1195/8235 8717/1195/8237
f 8719/1195/8239 8720/1195/8240 8721/1195/8241
f 8719/1195/8239 8721/1195/8241 8722/1195/8242
f 8714/1195/8234 8713/1195/8233 8716/1195/8236
f 8723/1195/8243 8724/1195/8244 8708/1195/8228
f 8723/1195/8243 8708/1195/8228 8707/1195/8227
f 8725/1195/8245 8726/1195/8246 8727/1195/8247
f 8728/1195/8248 8712/1195/8232 8711/1195/8231
f 8718/1195/8238 8717/1195/8237 8729/1195/8249
f 8730/1195/8250 8731/1195/8251 8732/1195/8252
f 8733/1195/8253 8734/1195/8254 8735/1195/8255
f 8733/1195/8253 8735/1195/8255 8736/1195/8256
f 8715/1195/8235 8714/1195/8234 8716/1195/8236
f 8707/1195/8227 8709/1195/8229 8737/1195/8257
f 8718/1195/8238 8729/1195/8249 8738/1195/8258
f 8739/1195/8259 8740/1195/8260 8741/1195/8261
f 8732/1195/8252 8731/1195/8251 8740/1195/8260
f 8732/1195/8252 8740/1195/8260 8739/1195/8259
f 8738/1195/8258 8729/1195/8249 8742/1195/8262
f 8727/1195/8247 8743/1195/8263 8744/1195/8264
f 8727/1195/8247 8726/1195/8246 8743/1195/8263
f 8745/1195/8265 8718/1195/8238 8738/1195/8258
f 8746/1195/8266 8714/1195/8234 8715/1195/8235
f 8747/1195/8267 8711/1195/8231 8714/1195/8234
f 8699/1195/8219 8748/1195/8268 8749/1195/8269
f 8749/1195/8269 8748/1195/8268 8750/1195/8270
f 8749/1195/8269 8750/1195/8270 8705/1195/8225
f 8748/1195/8268 8699/1195/8219 8698/1195/8218
f 8705/1195/8225 8750/1195/8270 8701/1195/8221
f 8751/1195/8271 8752/1195/8272 8753/1195/8273
f 8754/1195/8274 8755/1195/8275 8756/1195/8276
f 8757/1195/8277 8755/1195/8275 8754/1195/8274
f 8755/1195/8275 8757/1195/8277 8758/1195/8278
f 8759/1195/8279 8760/1195/8280 8758/1195/8278
f 8758/1195/8278 8757/1195/8277 8759/1195/8279
f 8760/1195/8280 8761/1195/8281 8762/1195/8282
f 8761/1195/8281 8760/1195/8280 8759/1195/8279
f 8761/1195/8281 8759/1195/8279 8763/1195/8283
f 8756/1195/8276 8755/1195/8275 8764/1195/8284
f 8765/1195/8285 8753/1195/8273 8766/1195/8286
f 8767/1195/8287 8753/1195/8273 8765/1195/8285
f 8767/1195/8287 8751/1195/8271 8753/1195/8273
f 8768/1195/8288 8769/1195/8289 8770/1195/8290
f 8769/1195/8289 8771/1195/8291 8770/1195/8290
f 8768/1195/8288 8772/1195/8292 8769/1195/8289
f 8751/1195/8271 8773/1195/8293 8752/1195/8272
f 8774/1195/8294 8775/1195/8295 8776/1195/8296
f 8777/1195/8297 8778/1195/8298 8779/1195/8299
f 8777/1195/8297 8779/1195/8299 8780/1195/8300
f 8781/1195/8301 8776/1195/8296 8775/1195/8295
f 8781/1195/8301 8775/1195/8295 8782/1195/8302
f 8783/1195/8303 8784/1195/8304 8785/1195/8305
f 8783/1195/8303 8785/1195/8305 8786/1195/8306
f 8787/1195/8307 8781/1195/8301 8782/1195/8302
f 8787/1195/8307 8782/1195/8302 8788/1195/8308
f 8789/1195/8309 8790/1195/8310 8791/1195/8311
f 8789/1195/8309 8791/1195/8311 8792/1195/8312
f 8793/1195/8313 8794/1195/8314 8795/1195/8315
f 8796/1195/8316 8797/1195/8317 8798/1195/8318
f 8796/1195/8316 8798/1195/8318 8799/1195/8319
f 8782/1195/8302 8775/1195/8295 8800/1195/8320
f 8786/1195/8306 8785/1195/8305 8801/1195/8321
f 8786/1195/8306 8801/1195/8321 8802/1195/8322
f 8803/1195/8323 8795/1195/8315 8804/1195/8324
f 8793/1195/8313 8795/1195/8315 8803/1195/8323
f 8805/1195/8325 8775/1195/8295 8774/1195/8294
f 8805/1195/8325 8806/1195/8326 8775/1195/8295
f 8775/1195/8295 8806/1195/8326 8807/1195/8327
f 8808/1195/8328 8791/1195/8311 8809/1195/8329
f 8792/1195/8312 8791/1195/8311 8808/1195/8328
f 8810/1195/8330 8805/1195/8325 8774/1195/8294
f 8811/1195/8331 8781/1195/8301 8787/1195/8307
f 8812/1497/8332 8813/1195/8333 8756/1195/8276
f 8773/1195/8293 8814/1195/8334 8752/1195/8272
f 8773/1195/8293 8771/1195/8291 8814/1195/8334
f 8771/1195/8291 8769/1195/8289 8814/1195/8334
f 8815/1196/8335 8816/1195/8336 8817/1195/8337
f 8818/1195/8338 8816/1195/8336 8815/1196/8335
f 8816/1195/8336 8818/1195/8338 8819/1195/8339
f 8819/1195/8339 8818/1195/8338 8820/1195/8340
f 8821/1195/8341 8822/1195/8342 8823/1195/8343
f 8823/1195/8343 8820/1195/8340 8821/1195/8341
f 8824/1195/8344 8822/1195/8342 8821/1195/8341
f 8823/1195/8343 8819/1195/8339 8820/1195/8340
f 8817/1195/8337 8816/1195/8336 8825/1195/8345
f 8826/1195/8346 8827/1195/8347 8828/1195/8348
f 8826/1195/8346 8828/1195/8348 8829/1195/8349
f 8830/1195/8350 8831/1195/8351 8832/1195/8352
f 8833/1195/8353 8834/1195/8354 8835/1196/8355
f 8836/1195/8356 8832/1195/8352 8834/1195/8354
f 8836/1195/8356 8834/1195/8354 8833/1195/8353
f 8836/1195/8356 8830/1195/8350 8832/1195/8352
f 8826/1195/8346 8837/1195/8357 8827/1195/8347
f 8838/1195/8358 8839/1195/8359 8840/1195/8360
f 8838/1195/8358 8841/1195/8361 8839/1195/8359
f 8842/1195/8362 8843/1195/8363 8844/1195/8364
f 8842/1195/8362 8844/1195/8364 8845/1196/8365
f 8846/1195/8366 8841/1195/8361 8838/1195/8358
f 8847/1195/8367 8848/1195/8368 8849/1195/8369
f 8850/1195/8370 8848/1195/8368 8847/1195/8367
f 8851/1195/8371 8852/1195/8372 8853/1195/8373
f 8851/1195/8371 8853/1195/8373 8854/1195/8374
f 8855/1195/8375 8856/1195/8376 8857/1195/8377
f 8858/1196/8378 8859/1195/8379 8860/1195/8380
f 8858/1196/8378 8860/1195/8380 8861/1195/8381
f 8840/1195/8360 8862/1195/8382 8863/1195/8383
f 8847/1195/8367 8849/1195/8369 8864/1195/8384
f 8847/1195/8367 8864/1195/8384 8865/1195/8385
f 8866/1195/8386 8867/1195/8387 8868/1195/8388
f 8840/1195/8360 8839/1195/8359 8862/1195/8382
f 8862/1195/8382 8839/1195/8359 8869/1195/8389
f 8870/1195/8390 8867/1195/8387 8866/1195/8386
f 8871/1195/8391 8863/1195/8383 8862/1195/8382
f 8871/1195/8391 8862/1195/8382 8872/1195/8392
f 8851/1195/8371 8841/1195/8361 8846/1195/8366
f 8851/1195/8371 8854/1195/8374 8841/1195/8361
f 8873/1195/8393 8874/1195/8394 8875/1195/8395
f 8855/1195/8375 8857/1195/8377 8874/1195/8394
f 8855/1195/8375 8874/1195/8394 8873/1195/8393
f 8866/1195/8386 8876/1195/8396 8870/1195/8390
f 8877/1195/8397 8822/1195/8342 8824/1195/8344
f 8828/1195/8348 8831/1195/8351 8878/1195/8398
f 8878/1195/8398 8831/1195/8351 8830/1195/8350
f 8831/1195/8351 8828/1195/8348 8827/1195/8347
f 8879/1195/8399 8880/1195/8400 8881/1195/8401
f 8882/1195/8402 8883/1195/8403 8884/1195/8404
f 8885/1195/8405 8882/1195/8402 8886/1195/8406
f 8886/1195/8406 8882/1195/8402 8887/1195/8407
f 8888/1195/8408 8886/1195/8406 8889/1195/8409
f 8886/1195/8406 8887/1195/8407 8889/1195/8409
f 8883/1195/8403 8882/1195/8402 8885/1195/8405
f 8890/1195/8410 8888/1195/8408 8891/1195/8411
f 8884/1195/8404 8883/1195/8403 8892/1195/8412
f 8892/1195/8412 8883/1195/8403 8893/1195/8413
f 8894/1195/8414 8895/1195/8415 8896/1195/8416
f 8894/1195/8414 8897/1195/8417 8895/1195/8415
f 8898/1195/8418 8881/1195/8401 8899/1195/8419
f 8900/1195/8420 8881/1195/8401 8898/1195/8418
f 8900/1195/8420 8879/1195/8399 8881/1195/8401
f 8901/1195/8421 8902/1195/8422 8903/1195/8423
f 8894/1195/8414 8904/1497/8424 8897/1195/8417
f 8895/1195/8415 8897/1195/8417 8905/1195/8425
f 8906/1195/8426 8907/1195/8427 8908/1195/8428
f 8908/1195/8428 8907/1195/8427 8909/1195/8429
f 8906/1195/8426 8910/1195/8430 8907/1195/8427
f 8908/1195/8428 8911/1195/8431 8912/1195/8432
f 8912/1195/8432 8911/1195/8431 8913/1195/8433
f 8913/1195/8433 8911/1195/8431 8914/1195/8434
f 8915/1195/8435 8916/1195/8436 8917/1195/8437
f 8915/1195/8435 8917/1195/8437 8918/1195/8438
f 8901/1195/8421 8919/1195/8439 8902/1195/8422
f 8920/1195/8440 8919/1195/8439 8901/1195/8421
f 8921/1195/8441 8922/1195/8442 8923/1195/8443
f 8924/1195/8444 8925/1195/8445 8910/1195/8430
f 8926/1195/8446 8924/1195/8444 8910/1195/8430
f 8908/1195/8428 8909/1195/8429 8911/1195/8431
f 8921/1195/8441 8927/1195/8447 8922/1195/8442
f 8928/1195/8448 8929/1195/8449 8930/1195/8450
f 8931/1195/8451 8932/1195/8452 8933/1195/8453
f 8931/1195/8451 8933/1195/8453 8934/1195/8454
f 8901/1195/8421 8903/1195/8423 8935/1195/8455
f 8913/1195/8433 8914/1195/8434 8936/1195/8456
f 8928/1195/8448 8937/1195/8457 8938/1195/8458
f 8928/1195/8448 8930/1195/8450 8937/1195/8457
f 8926/1195/8446 8910/1195/8430 8906/1195/8426
f 8923/1195/8443 8922/1195/8442 8939/1195/8459
f 8891/1195/8411 8888/1195/8408 8889/1195/8409
f 8890/1195/8410 8940/1195/8460 8888/1195/8408
f 8867/1195/8387 8870/1195/8390 8941/1195/8461
f 8867/1195/8387 8941/1195/8461 8942/1195/8462
f 8895/1195/8415 8905/1195/8425 8943/1195/8463
f 8943/1195/8463 8880/1195/8400 8879/1195/8399
f 8943/1195/8463 8905/1195/8425 8880/1195/8400
f 8944/1497/8464 8825/1195/8345 8816/1195/8336
f 8837/1195/8357 8826/1195/8346 8945/1195/8465
f 8929/1195/8449 8928/1195/8448 8946/1195/8466
f 8904/1497/8424 8894/1195/8414 8947/1195/8467
f 8936/1195/8456 8914/1195/8434 8948/1195/8468
f 8949/1195/8469 8950/1195/8470 8936/1195/8456
f 8951/1195/8471 8893/1195/8413 8883/1195/8403
f 8898/1195/8418 8899/1195/8419 8952/1195/8472
f 8939/1195/8459 8953/1195/8473 8923/1195/8443
f 8794/1195/8314 8793/1195/8313 8954/1195/8474
f 8890/1195/8410 8955/1195/8475 8940/1195/8460
f 8955/1195/8475 8890/1195/8410 8956/1195/8476
f 8687/1195/8207 8696/1195/8216 8957/1195/8477
f 8924/1195/8444 8958/1195/8478 8925/1195/8445
f 8812/1497/8332 8756/1195/8276 8764/1195/8284
f 8787/1195/8307 8788/1195/8308 8959/1195/8479
f 8806/1195/8326 8805/1195/8325 8960/1195/8480
f 8772/1195/8292 8768/1195/8288 8961/1195/8481
f 8962/1195/8482 8808/1195/8328 8809/1195/8329
f 8962/1195/8482 8963/1195/8483 8808/1195/8328
f 8962/1195/8482 8941/1195/8461 8963/1195/8483
f 8942/1195/8462 8941/1195/8461 8962/1195/8482
f 8766/1195/8286 8964/1195/8484 8765/1195/8285
f 8965/1195/8485 8964/1195/8484 8766/1195/8286
f 8965/1195/8485 8966/1195/8486 8964/1195/8484
f 8965/1195/8485 8967/1195/8487 8966/1195/8486
f 8806/1195/8326 8960/1195/8480 8968/1195/8488
f 8806/1195/8326 8968/1195/8488 8969/1195/8489
f 8969/1195/8489 8968/1195/8488 8871/1195/8391
f 8871/1195/8391 8872/1195/8392 8969/1195/8489
f 8760/1195/8280 8762/1195/8282 8970/1195/8490
f 8970/1195/8490 8762/1195/8282 8971/1195/8491
f 8971/1195/8491 8762/1195/8282 8972/1195/8492
f 8971/1195/8491 8973/1195/8493 8974/1195/8494
f 8971/1195/8491 8972/1195/8492 8973/1195/8493
f 8744/1195/8264 8975/1195/8495 8727/1195/8247
f 8976/1195/8496 8975/1195/8495 8744/1195/8264
f 8976/1195/8496 8977/1195/8497 8975/1195/8495
f 8794/1195/8314 8977/1195/8497 8976/1195/8496
f 8794/1195/8314 8954/1195/8474 8977/1195/8497
f 8978/1195/8498 8703/1195/8223 8702/1195/8222
f 8978/1195/8498 8979/1195/8499 8703/1195/8223
f 8980/1195/8500 8979/1195/8499 8978/1195/8498
f 8728/1195/8248 8981/1195/8501 8712/1195/8232
f 8981/1195/8501 8728/1195/8248 8982/1195/8502
f 8981/1195/8501 8982/1195/8502 8959/1195/8479
f 8959/1195/8479 8982/1195/8502 8787/1195/8307
f 8693/1195/8213 8692/1195/8212 8983/1195/8503
f 8693/1195/8213 8983/1195/8503 8984/1195/8504
f 8984/1195/8504 8983/1195/8503 8985/1195/8505
f 8985/1195/8505 8983/1195/8503 8986/1195/8506
f 8987/1195/8507 8738/1195/8258 8742/1195/8262
f 8925/1195/8445 8958/1195/8478 8738/1195/8258
f 8925/1195/8445 8738/1195/8258 8987/1195/8507
f 8957/1195/8477 8696/1195/8216 8988/1195/8508
f 8989/1195/8509 8990/1195/8510 8991/1195/8511
f 8991/1195/8511 8956/1195/8476 8989/1195/8509
f 8991/1195/8511 8955/1195/8475 8956/1195/8476
f 8731/1195/8251 8730/1195/8250 8992/1195/8512
f 8993/1195/8513 8992/1195/8512 8730/1195/8250
f 8992/1195/8512 8993/1195/8513 8939/1195/8459
f 8939/1195/8459 8993/1195/8513 8953/1195/8473
f 8994/1196/8514 8710/1195/8230 8706/1195/8226
f 8995/1196/8515 8996/1195/8516 8997/1195/8517
f 8952/1195/8472 8996/1195/8516 8995/1196/8515
f 8952/1195/8472 8899/1195/8419 8996/1195/8516
f 8998/1195/8518 8877/1195/8397 8999/1195/8519
f 8998/1195/8518 8999/1195/8519 9000/1195/8520
f 9000/1195/8520 8999/1195/8519 9001/1195/8521
f 9002/1195/8522 9000/1195/8520 9001/1195/8521
f 8835/1196/8355 9003/1195/8523 8833/1195/8353
f 8852/1195/8372 9004/1195/8524 8853/1195/8373
f 9004/1195/8524 8949/1195/8469 8853/1195/8373
f 8949/1195/8469 8948/1195/8468 8853/1195/8373
f 8949/1195/8469 8936/1195/8456 8948/1195/8468
f 9005/1497/8525 9003/1195/8523 8835/1196/8355
f 9005/1497/8525 9006/1195/8526 9003/1195/8523
f 9007/1195/8527 9006/1195/8526 9005/1497/8525
f 8877/1195/8397 8998/1195/8518 8822/1195/8342
f 9008/1195/8528 8875/1195/8395 8874/1195/8394
f 9008/1195/8528 9009/1195/8529 8875/1195/8395
f 8929/1195/8449 9009/1195/8529 9008/1195/8528
f 8929/1195/8449 8946/1195/8466 9009/1195/8529
f 9010/2431/8530 9011/2432/8531 9012/2433/8532
f 9010/2431/8530 9012/2433/8532 9013/2434/8533
f 9010/2431/8530 9013/2434/8533 9014/2435/8534
f 9015/2436/8535 9016/2437/8536 9017/2438/8537
f 9015/2436/8535 9017/2438/8537 9012/2433/8532
f 9015/2436/8535 9012/2433/8532 9011/2432/8531
f 9018/2439/8538 9019/2440/8539 9020/2441/8540
f 9018/2439/8538 9020/2441/8540 9017/2438/8537
f 9018/2439/8538 9017/2438/8537 9016/2437/8536
f 9021/2442/8541 9022/2443/8542 9020/2441/8540
f 9021/2442/8541 9020/2441/8540 9019/2440/8539
f 9023/2444/8543 9024/2445/8544 9025/2446/8545
f 9023/2444/8543 9025/2446/8545 9020/2441/8540
f 9023/2444/8543 9020/2441/8540 9022/2443/8542
f 9026/2447/8546 9027/2448/8547 9028/1222/8548
f 9026/2447/8546 9028/1222/8548 9025/2446/8545
f 9026/2447/8546 9025/2446/8545 9024/2445/8544
f 9029/2449/8549 9030/2450/8550 9031/2451/8551
f 9029/2449/8549 9031/2451/8551 9032/1226/8552
f 9029/2449/8549 9032/1226/8552 9033/2452/8553
f 9034/2453/8554 9035/2454/8555 9036/2455/8556
f 9034/2453/8554 9036/2455/8556 9031/2451/8551
f 9034/2453/8554 9031/2451/8551 9030/2450/8550
f 9037/2456/8557 9038/2457/8558 9039/2458/8559
f 9037/2456/8557 9039/2458/8559 9036/2455/8556
f 9037/2456/8557 9036/2455/8556 9035/2454/8555
f 9040/2459/8560 9041/2460/8561 9039/2458/8559
f 9040/2459/8560 9039/2458/8559 9038/2457/8558
f 9042/2461/8562 9043/2462/8563 9044/2463/8564
f 9042/2461/8562 9044/2463/8564 9039/2458/8559
f 9042/2461/8562 9039/2458/8559 9041/2460/8561
f 9014/2435/8534 9013/2434/8533 9045/2464/8565
f 9045/2464/8565 9013/2434/8533 9044/2463/8564
f 9045/2464/8565 9044/2463/8564 9043/2462/8563
f 9046/2465/8566 9047/2466/8567 9011/2432/8531
f 9046/2465/8566 9011/2432/8531 9010/2431/8530
f 9014/2435/8534 9046/2465/8566 9010/2431/8530
f 9047/2466/8567 9015/2436/8535 9011/2432/8531
f 9015/2436/8535 9048/2467/8568 9016/2437/8536
f 9048/2467/8568 9049/2468/8569 9018/2439/8538
f 9048/2467/8568 9018/2439/8538 9016/2437/8536
f 9049/2468/8569 9019/2440/8539 9018/2439/8538
f 9021/2442/8541 9050/2469/8570 9022/2443/8542
f 9050/2469/8570 9023/2444/8543 9022/2443/8542
f 9024/2445/8544 9051/2470/8571 9026/2447/8546
f 9051/2470/8571 9027/2448/8547 9026/2447/8546
f 9052/2471/8572 9029/2449/8549 9033/2452/8553
f 9030/2450/8550 9053/2472/8573 9034/2453/8554
f 9053/2472/8573 9035/2454/8555 9034/2453/8554
f 9038/2457/8558 9054/2473/8574 9040/2459/8560
f 9054/2473/8574 9041/2460/8561 9040/2459/8560
f 9041/2460/8561 9055/2474/8575 9042/2461/8562
f 9055/2474/8575 9043/2462/8563 9042/2461/8562
f 9043/2462/8563 9056/2475/8576 9045/2464/8565
f 9056/2475/8576 9014/2435/8534 9045/2464/8565
f 9057/2476/8577 9046/2465/8566 9014/2435/8534
f 9058/2477/8578 9048/2467/8568 9015/2436/8535
f 9047/2466/8567 9058/2477/8578 9015/2436/8535
f 9023/2444/8543 9059/2478/8579 9024/2445/8544
f 9051/2470/8571 9060/2479/8580 9027/2448/8547
f 9059/2478/8579 9051/2470/8571 9024/2445/8544
f 9029/2449/8549 9061/2480/8581 9030/2450/8550
f 9053/2472/8573 9062/2481/8582 9035/2454/8555
f 9061/2480/8581 9053/2472/8573 9030/2450/8550
f 9063/2482/8583 9038/2457/8558 9037/2456/8557
f 9062/2481/8582 9063/2482/8583 9037/2456/8557
f 9062/2481/8582 9037/2456/8557 9035/2454/8555
f 9056/2475/8576 9057/2476/8577 9014/2435/8534
f 9057/2476/8577 9064/2483/8584 9046/2465/8566
f 9064/2483/8584 9065/2484/8585 9047/2466/8567
f 9064/2483/8584 9047/2466/8567 9046/2465/8566
f 9065/2484/8585 9058/2477/8578 9047/2466/8567
f 9049/2468/8569 9066/2485/8586 9019/2440/8539
f 9066/2485/8586 9021/2442/8541 9019/2440/8539
f 9050/2469/8570 9067/2486/8587 9023/2444/8543
f 9067/2486/8587 9059/2478/8579 9023/2444/8543
f 9068/2487/8588 9061/2480/8581 9029/2449/8549
f 9052/2471/8572 9068/2487/8588 9029/2449/8549
f 9063/2482/8583 9069/2488/8589 9038/2457/8558
f 9054/2473/8574 9070/2489/8590 9041/2460/8561
f 9069/2488/8589 9054/2473/8574 9038/2457/8558
f 9070/2489/8590 9055/2474/8575 9041/2460/8561
f 9070/2489/8590 9071/2490/8591 9055/2474/8575
f 9055/2474/8575 9071/2490/8591 9043/2462/8563
f 9071/2490/8591 9072/2491/8592 9056/2475/8576
f 9072/2491/8592 9057/2476/8577 9056/2475/8576
f 9071/2490/8591 9056/2475/8576 9043/2462/8563
f 9073/2492/8593 9064/2483/8584 9057/2476/8577
f 9074/2493/8594 9048/2467/8568 9058/2477/8578
f 9065/2484/8585 9074/2493/8594 9058/2477/8578
f 9074/2493/8594 9049/2468/8569 9048/2467/8568
f 9059/2478/8579 9075/2494/8595 9051/2470/8571
f 9075/2494/8595 9060/2479/8580 9051/2470/8571
f 9076/2495/8596 9068/2487/8588 9052/2471/8572
f 9072/2491/8592 9073/2492/8593 9057/2476/8577
f 9073/2492/8593 9077/2496/8597 9064/2483/8584
f 9077/2496/8597 9078/2497/8598 9065/2484/8585
f 9077/2496/8597 9065/2484/8585 9064/2483/8584
f 9078/2497/8598 9074/2493/8594 9065/2484/8585
f 9074/2493/8594 9079/2498/8599 9049/2468/8569
f 9079/2498/8599 9066/2485/8586 9049/2468/8569
f 9066/2485/8586 9080/2499/8600 9021/2442/8541
f 9080/2499/8600 9050/2469/8570 9021/2442/8541
f 9061/2480/8581 9081/2500/8601 9053/2472/8573
f 9081/2500/8601 9062/2481/8582 9053/2472/8573
f 9069/2488/8589 9082/2501/8602 9054/2473/8574
f 9082/2501/8602 9083/2502/8603 9070/2489/8590
f 9082/2501/8602 9070/2489/8590 9054/2473/8574
f 9083/2502/8603 9084/2503/8604 9070/2489/8590
f 9084/2503/8604 9085/2504/8605 9070/2489/8590
f 9070/2489/8590 9085/2504/8605 9071/2490/8591
f 9085/2504/8605 9086/2505/8606 9072/2491/8592
f 9086/2505/8606 9073/2492/8593 9072/2491/8592
f 9085/2504/8605 9072/2491/8592 9071/2490/8591
f 9087/2506/8607 9077/2496/8597 9073/2492/8593
f 9088/2507/8608 9089/2508/8609 9074/2493/8594
f 9078/2497/8598 9088/2507/8608 9074/2493/8594
f 9089/2508/8609 9079/2498/8599 9074/2493/8594
f 9080/2499/8600 9090/2509/8610 9050/2469/8570
f 9090/2509/8610 9067/2486/8587 9050/2469/8570
f 9067/2486/8587 9091/2510/8611 9059/2478/8579
f 9091/2510/8611 9092/2511/8612 9075/2494/8595
f 9092/2511/8612 9093/2512/8613 9075/2494/8595
f 9075/2494/8595 9093/2512/8613 9060/2479/8580
f 9091/2510/8611 9075/2494/8595 9059/2478/8579
f 9068/2487/8588 9094/2513/8614 9061/2480/8581
f 9095/2514/8615 9068/2487/8588 9076/2495/8596
f 9081/2500/8601 9096/2515/8616 9062/2481/8582
f 9094/2513/8614 9081/2500/8601 9061/2480/8581
f 9097/2516/8617 9069/2488/8589 9063/2482/8583
f 9096/2515/8616 9097/2516/8617 9063/2482/8583
f 9096/2515/8616 9063/2482/8583 9062/2481/8582
f 9086/2505/8606 9087/2506/8607 9073/2492/8593
f 9087/2506/8607 9098/2517/8618 9077/2496/8597
f 9098/2517/8618 9099/2518/8619 9078/2497/8598
f 9098/2517/8618 9078/2497/8598 9077/2496/8597
f 9099/2518/8619 9088/2507/8608 9078/2497/8598
f 9090/2509/8610 9100/2519/8620 9067/2486/8587
f 9100/2519/8620 9091/2510/8611 9067/2486/8587
f 9101/2520/8621 9094/2513/8614 9068/2487/8588
f 9095/2514/8615 9101/2520/8621 9068/2487/8588
f 9084/2503/8604 9102/2521/8622 9085/2504/8605
f 9102/2521/8622 9103/2522/8623 9086/2505/8606
f 9103/2522/8623 9087/2506/8607 9086/2505/8606
f 9102/2521/8622 9086/2505/8606 9085/2504/8605
f 9104/2523/8624 9098/2517/8618 9087/2506/8607
f 9103/2522/8623 9104/2523/8624 9087/2506/8607
f 9104/2523/8624 9105/2524/8625 9098/2517/8618
f 9105/2524/8625 9106/2525/8626 9099/2518/8619
f 9105/2524/8625 9099/2518/8619 9098/2517/8618
f 9106/2525/8626 9107/2526/8627 9088/2507/8608
f 9106/2525/8626 9088/2507/8608 9099/2518/8619
f 9107/2526/8627 9089/2508/8609 9088/2507/8608
f 9079/2498/8599 9108/2527/8628 9066/2485/8586
f 9108/2527/8628 9109/2528/8629 9080/2499/8600
f 9108/2527/8628 9080/2499/8600 9066/2485/8586
f 9109/2528/8629 9090/2509/8610 9080/2499/8600
f 9100/2519/8620 9110/2529/8630 9091/2510/8611
f 9110/2529/8630 9092/2511/8612 9091/2510/8611
f 9101/2520/8621 9111/2530/8631 9094/2513/8614
f 9112/2531/8632 9101/2520/8621 9095/2514/8615
f 9111/2530/8631 9113/2532/8633 9081/2500/8601
f 9111/2530/8631 9081/2500/8601 9094/2513/8614
f 9113/2532/8633 9096/2515/8616 9081/2500/8601
f 9113/2532/8633 9097/2516/8617 9096/2515/8616
f 9069/2488/8589 9114/2533/8634 9082/2501/8602
f 9114/2533/8634 9115/2534/8635 9083/2502/8603
f 9114/2533/8634 9083/2502/8603 9082/2501/8602
f 9115/2534/8635 9116/2535/8636 9083/2502/8603
f 9116/2535/8636 9117/2536/8637 9102/2521/8622
f 9116/2535/8636 9102/2521/8622 9084/2503/8604
f 9083/2502/8603 9116/2535/8636 9084/2503/8604
f 9117/2536/8637 9118/2537/8638 9103/2522/8623
f 9118/2537/8638 9104/2523/8624 9103/2522/8623
f 9117/2536/8637 9103/2522/8623 9102/2521/8622
f 9119/2538/8639 9105/2524/8625 9104/2523/8624
f 9107/2526/8627 9120/2539/8640 9089/2508/8609
f 9120/2539/8640 9079/2498/8599 9089/2508/8609
f 9109/2528/8629 9121/2540/8641 9090/2509/8610
f 9121/2540/8641 9122/2541/8642 9100/2519/8620
f 9122/2541/8642 9110/2529/8630 9100/2519/8620
f 9121/2540/8641 9100/2519/8620 9090/2509/8610
f 9123/2542/8643 9124/2543/8644 9093/2512/8613
f 9123/2542/8643 9093/2512/8613 9092/2511/8612
f 9110/2529/8630 9123/2542/8643 9092/2511/8612
f 9125/2544/8645 9126/2545/8646 9069/2488/8589
f 9125/2544/8645 9069/2488/8589 9097/2516/8617
f 9113/2532/8633 9125/2544/8645 9097/2516/8617
f 9126/2545/8646 9114/2533/8634 9069/2488/8589
f 9118/2537/8638 9119/2538/8639 9104/2523/8624
f 9119/2538/8639 9127/2546/8647 9105/2524/8625
f 9127/2546/8647 9128/2547/8648 9106/2525/8626
f 9127/2546/8647 9106/2525/8626 9105/2524/8625
f 9128/2547/8648 9129/2548/8649 9107/2526/8627
f 9128/2547/8648 9107/2526/8627 9106/2525/8626
f 9129/2548/8649 9120/2539/8640 9107/2526/8627
f 9120/2539/8640 9130/2549/8650 9079/2498/8599
f 9130/2549/8650 9108/2527/8628 9079/2498/8599
f 9131/2550/8651 9111/2530/8631 9101/2520/8621
f 9112/2531/8632 9131/2550/8651 9101/2520/8621
f 9111/2530/8631 9132/2551/8652 9113/2532/8633
f 9132/2551/8652 9133/2552/8653 9113/2532/8633
f 9133/2552/8653 9125/2544/8645 9113/2532/8633
f 9134/2553/8654 9135/2554/8655 9117/2536/8637
f 9134/2553/8654 9117/2536/8637 9116/2535/8636
f 9115/2534/8635 9134/2553/8654 9116/2535/8636
f 9135/2554/8655 9136/2555/8656 9118/2537/8638
f 9136/2555/8656 9119/2538/8639 9118/2537/8638
f 9135/2554/8655 9118/2537/8638 9117/2536/8637
f 9137/2556/8657 9127/2546/8647 9119/2538/8639
f 9121/2540/8641 9138/2557/8658 9122/2541/8642
f 9138/2557/8658 9110/2529/8630 9122/2541/8642
f 9139/2558/8659 9131/2550/8651 9112/2531/8632
f 9136/2555/8656 9137/2556/8657 9119/2538/8639
f 9127/2546/8647 9140/2559/8660 9128/2547/8648
f 9140/2559/8660 9129/2548/8649 9128/2547/8648
f 9138/2557/8658 9141/2560/8661 9110/2529/8630
f 9141/2560/8661 9123/2542/8643 9110/2529/8630
f 9142/2561/8662 9143/2562/8663 9111/2530/8631
f 9142/2561/8662 9111/2530/8631 9131/2550/8651
f 9139/2558/8659 9142/2561/8662 9131/2550/8651
f 9143/2562/8663 9132/2551/8652 9111/2530/8631
f 9114/2533/8634 9144/2563/8664 9115/2534/8635
f 9144/2563/8664 9145/2564/8665 9115/2534/8635
f 9145/2564/8665 9146/2565/8666 9135/2554/8655
f 9145/2564/8665 9135/2554/8655 9134/2553/8654
f 9115/2534/8635 9145/2564/8665 9134/2553/8654
f 9146/2565/8666 9137/2556/8657 9136/2555/8656
f 9146/2565/8666 9136/2555/8656 9135/2554/8655
f 9147/2566/8667 9148/2567/8668 9127/2546/8647
f 9147/2566/8667 9127/2546/8647 9137/2556/8657
f 9148/2567/8668 9140/2559/8660 9127/2546/8647
f 9140/2559/8660 9149/2568/8669 9129/2548/8649
f 9149/2568/8669 9120/2539/8640 9129/2548/8649
f 9149/2568/8669 9130/2549/8650 9120/2539/8640
f 9108/2527/8628 9150/2569/8670 9109/2528/8629
f 9150/2569/8670 9151/2570/8671 9109/2528/8629
f 9109/2528/8629 9151/2570/8671 9121/2540/8641
f 9151/2570/8671 9138/2557/8658 9121/2540/8641
f 9152/2571/8672 9153/2572/8673 9124/2543/8644
f 9152/2571/8672 9124/2543/8644 9123/2542/8643
f 9141/2560/8661 9152/2571/8672 9123/2542/8643
f 9154/2573/8674 9142/2561/8662 9139/2558/8659
f 9143/2562/8663 9155/2574/8675 9132/2551/8652
f 9155/2574/8675 9133/2552/8653 9132/2551/8652
f 9155/2574/8675 9156/2575/8676 9133/2552/8653
f 9156/2575/8676 9126/2545/8646 9125/2544/8645
f 9133/2552/8653 9156/2575/8676 9125/2544/8645
f 9126/2545/8646 9157/2576/8677 9114/2533/8634
f 9157/2576/8677 9144/2563/8664 9114/2533/8634
f 9158/2577/8678 9147/2566/8667 9137/2556/8657
f 9158/2577/8678 9137/2556/8657 9146/2565/8666
f 9145/2564/8665 9159/2578/8679 9146/2565/8666
f 9159/2578/8679 9158/2577/8678 9146/2565/8666
f 9160/2356/8680 9148/2567/8668 9147/2566/8667
f 9160/2356/8680 9147/2566/8667 9161/1647/8681
f 9160/2356/8680 9162/1358/8682 9140/2559/8660
f 9160/2356/8680 9140/2559/8660 9148/2567/8668
f 9163/1894/8683 9149/2568/8669 9140/2559/8660
f 9163/1894/8683 9140/2559/8660 9162/1358/8682
f 9163/1894/8683 9164/2579/8684 9149/2568/8669
f 9165/2580/8685 9130/2549/8650 9149/2568/8669
f 9165/2580/8685 9149/2568/8669 9164/2579/8684
f 9165/2580/8685 9166/2360/8686 9108/2527/8628
f 9165/2580/8685 9108/2527/8628 9130/2549/8650
f 9167/2581/8687 9150/2569/8670 9108/2527/8628
f 9167/2581/8687 9108/2527/8628 9166/2360/8686
f 9167/2581/8687 9168/2132/8688 9151/2570/8671
f 9167/2581/8687 9151/2570/8671 9150/2569/8670
f 9169/1365/8689 9138/2557/8658 9151/2570/8671
f 9169/1365/8689 9151/2570/8671 9168/2132/8688
f 9169/1365/8689 9170/2582/8690 9141/2560/8661
f 9169/1365/8689 9141/2560/8661 9138/2557/8658
f 9171/2583/8691 9152/2571/8672 9141/2560/8661
f 9171/2583/8691 9141/2560/8661 9170/2582/8690
f 9171/2583/8691 9172/2584/8692 9153/2572/8673
f 9171/2583/8691 9153/2572/8673 9152/2571/8672
f 9173/2585/8693 9142/2561/8662 9154/2573/8674
f 9173/2585/8693 9154/2573/8674 9174/1370/8694
f 9173/2585/8693 9175/2586/8695 9143/2562/8663
f 9173/2585/8693 9143/2562/8663 9142/2561/8662
f 9176/2587/8696 9155/2574/8675 9143/2562/8663
f 9176/2587/8696 9143/2562/8663 9175/2586/8695
f 9176/2587/8696 9177/2588/8697 9155/2574/8675
f 9178/2589/8698 9156/2575/8676 9155/2574/8675
f 9178/2589/8698 9155/2574/8675 9177/2588/8697
f 9178/2589/8698 9179/1375/8699 9126/2545/8646
f 9178/2589/8698 9126/2545/8646 9156/2575/8676
f 9180/2590/8700 9157/2576/8677 9126/2545/8646
f 9180/2590/8700 9126/2545/8646 9179/1375/8699
f 9180/2590/8700 9181/2370/8701 9144/2563/8664
f 9180/2590/8700 9144/2563/8664 9157/2576/8677
f 9182/2591/8702 9145/2564/8665 9144/2563/8664
f 9182/2591/8702 9144/2563/8664 9181/2370/8701
f 9182/2591/8702 9183/2592/8703 9159/2578/8679
f 9182/2591/8702 9159/2578/8679 9145/2564/8665
f 9184/2593/8704 9158/2577/8678 9159/2578/8679
f 9184/2593/8704 9159/2578/8679 9183/2592/8703
f 9185/2594/8705 9186/2595/8706 9187/2596/8707
f 9187/2596/8707 9188/2597/8708 9189/2598/8709
f 9190/2599/8710 9191/2600/8711 9192/2601/8712
f 9189/2598/8709 9193/2602/8713 9194/2603/8714
f 9194/2603/8714 9195/2604/8715 9196/2605/8716
f 9196/2605/8716 9197/2606/8717 9198/2607/8718
f 9198/2607/8718 9199/2608/8719 9190/2599/8710
f 9200/2609/8720 9185/2594/8705 9192/2601/8712
f 9184/2593/8704 9161/1647/8681 9147/2566/8667
f 9184/2593/8704 9147/2566/8667 9158/2577/8678
f 9191/2600/8711 9190/2599/8710 9201/1397/8721
f 9189/2598/8709 9188/2597/8708 9202/1398/8722
f 9200/2609/8720 9203/1399/8723 9185/2594/8705
f 9196/2605/8716 9195/2604/8715 9204/1400/8724
f 9186/2595/8706 9185/2594/8705 9205/1401/8725
f 9190/2599/8710 9199/2608/8719 9206/1402/8726
f 9193/2602/8713 9189/2598/8709 9207/1403/8727
f 9197/2606/8717 9196/2605/8716 9208/1404/8728
f 9209/1405/8729 9210/1406/8730 9211/2610/8731
f 9210/1406/8730 9212/1408/8732 9213/2611/8733
f 9210/1406/8730 9213/2611/8733 9211/2610/8731
f 9211/2610/8731 9213/2611/8733 9190/2599/8710
f 9211/2610/8731 9190/2599/8710 9192/2601/8712
f 9214/1410/8734 9215/1411/8735 9216/2612/8736
f 9215/1411/8735 9217/1413/8737 9194/2603/8714
f 9215/1411/8735 9194/2603/8714 9216/2612/8736
f 9216/2612/8736 9194/2603/8714 9196/2605/8716
f 9218/1414/8738 9219/1415/8739 9187/2596/8707
f 9219/1415/8739 9220/1416/8740 9221/2613/8741
f 9219/1415/8739 9221/2613/8741 9187/2596/8707
f 9192/2601/8712 9222/1418/8742 9223/1419/8743
f 9211/2610/8731 9192/2601/8712 9223/1419/8743
f 9211/2610/8731 9223/1419/8743 9209/1405/8729
f 9212/1408/8732 9224/1420/8744 9213/2611/8733
f 9224/1420/8744 9225/1421/8745 9198/2607/8718
f 9224/1420/8744 9198/2607/8718 9213/2611/8733
f 9213/2611/8733 9198/2607/8718 9190/2599/8710
f 9217/1413/8737 9226/1422/8746 9194/2603/8714
f 9226/1422/8746 9227/1423/8747 9228/2614/8748
f 9226/1422/8746 9228/2614/8748 9194/2603/8714
f 9220/1416/8740 9229/1425/8749 9221/2613/8741
f 9229/1425/8749 9230/1426/8750 9231/2615/8751
f 9229/1425/8749 9231/2615/8751 9221/2613/8741
f 9221/2613/8741 9231/2615/8751 9185/2594/8705
f 9221/2613/8741 9185/2594/8705 9187/2596/8707
f 9225/1421/8745 9232/1428/8752 9198/2607/8718
f 9232/1428/8752 9233/1429/8753 9234/2616/8754
f 9232/1428/8752 9234/2616/8754 9198/2607/8718
f 9227/1423/8747 9235/1431/8755 9228/2614/8748
f 9235/1431/8755 9236/1432/8756 9237/2617/8757
f 9235/1431/8755 9237/2617/8757 9228/2614/8748
f 9228/2614/8748 9237/2617/8757 9189/2598/8709
f 9228/2614/8748 9189/2598/8709 9194/2603/8714
f 9230/1426/8750 9238/1434/8758 9231/2615/8751
f 9238/1434/8758 9222/1418/8742 9192/2601/8712
f 9238/1434/8758 9192/2601/8712 9231/2615/8751
f 9231/2615/8751 9192/2601/8712 9185/2594/8705
f 9233/1429/8753 9239/1435/8759 9234/2616/8754
f 9239/1435/8759 9214/1410/8734 9216/2612/8736
f 9239/1435/8759 9216/2612/8736 9234/2616/8754
f 9234/2616/8754 9216/2612/8736 9196/2605/8716
f 9234/2616/8754 9196/2605/8716 9198/2607/8718
f 9236/1432/8756 9240/1436/8760 9237/2617/8757
f 9240/1436/8760 9218/1414/8738 9187/2596/8707
f 9240/1436/8760 9187/2596/8707 9237/2617/8757
f 9237/2617/8757 9187/2596/8707 9189/2598/8709
f 8469/2428/7999 8465/2424/7995 9241/1438/8761
f 8469/2428/7999 9241/1438/8761 9242/1439/8762
f 9243/2618/4895 9244/2619/7970 9245/2620/8763
f 9243/2618/4895 9245/2620/8763 9246/2621/8764
f 9247/2622/8765 9248/2623/8766 9249/2624/8767
f 9247/2622/8765 9249/2624/8767 9250/2625/8768
f 9251/2626/8769 9252/2627/8770 9253/2628/8771
f 9251/2626/8769 9253/2628/8771 9254/2629/8772
f 8468/2427/7998 8467/2426/7997 9255/1457/8773
f 8468/2427/7998 9255/1457/8773 9256/1709/8774
f 9257/2630/8775 9258/2631/8776 9244/2619/7970
f 9257/2630/8775 9244/2619/7970 9243/2618/4895
f 9259/2632/6454 9260/2633/8777 9261/2634/8778
f 9259/2632/6454 9261/2634/8778 9262/2635/8779
f 9263/1717/8780 9264/1481/8781 8470/2429/8000
f 9263/1717/8780 8470/2429/8000 8469/2428/7999
f 9260/2633/8777 9259/2632/6454 9246/2621/8764
f 9260/2633/8777 9246/2621/8764 9245/2620/8763
f 9250/2625/8768 9249/2624/8767 9265/2636/8782
f 9250/2625/8768 9265/2636/8782 9266/2637/8783
f 8471/2430/8001 8466/2425/7996 9267/2638/8784
f 8471/2430/8001 9267/2638/8784 9268/1719/8785
f 8467/2426/7997 8470/2429/8000 9269/2197/8786
f 8467/2426/7997 9269/2197/8786 9270/1720/8787
f 9271/2639/8788 9272/2640/8789 9254/2629/8772
f 9271/2639/8788 9254/2629/8772 9253/2628/8771
f 9262/2635/8779 9261/2634/8778 9273/2641/8790
f 9262/2635/8779 9273/2641/8790 9274/2642/8791
f 8465/2424/7995 8464/2423/7994 9275/1472/8792
f 8465/2424/7995 9275/1472/8792 9276/1725/8793
f 9277/2643/8794 9278/2644/8795 9266/2637/8783
f 9277/2643/8794 9266/2637/8783 9265/2636/8782
f 9279/2645/5651 9280/2646/8796 9258/2631/8776
f 9279/2645/5651 9258/2631/8776 9257/2630/8775
f 9280/2646/8796 9279/2645/5651 9272/2640/8789
f 9280/2646/8796 9272/2640/8789 9271/2639/8788
f 9281/2647/8797 9282/2648/8798 9248/2623/8766
f 9281/2647/8797 9248/2623/8766 9247/2622/8765
f 8464/2423/7994 8471/2430/8001 9283/2649/8799
f 8464/2423/7994 9283/2649/8799 9284/1732/8800
f 8464/2423/7994 9284/1732/8800 9285/1733/8801
f 9286/2650/8802 9287/2651/8803 9274/2642/8791
f 9286/2650/8802 9274/2642/8791 9273/2641/8790
f 9288/2652/4889 9289/2653/6473 9252/2627/8770
f 9288/2652/4889 9252/2627/8770 9251/2626/8769
f 8466/2425/7996 8468/2427/7998 9290/1474/8804
f 9289/2653/6473 9288/2652/4889 9278/2644/8795
f 9289/2653/6473 9278/2644/8795 9277/2643/8794
