v 13.848283 3.243989 -27.956293
v 13.907695 3.223383 -27.959915
v 13.914253 3.263606 -27.968672
v 13.889412 3.185251 -27.947910
v 13.914614 3.192929 -27.964201
v 13.849595 3.198364 -27.956944
v 13.906068 3.235731 -27.973764
v 13.867397 3.267309 -27.975048
v 13.996749 3.199667 -27.959339
v 13.966509 3.145729 -27.942989
v 13.788619 3.165642 -27.923676
v 13.791786 3.225566 -27.940203
v 13.999302 3.265753 -27.973824
v 13.875326 3.138988 -27.931797
v 13.922771 3.314942 -27.977451
v 13.830855 3.306590 -27.963989
v 13.607102 3.305873 -27.889639
v 13.649515 3.269422 -27.902496
v 13.678389 3.356748 -27.926010
v 13.652346 3.406811 -27.918583
v 14.093334 3.025787 -27.889742
v 14.039227 3.044999 -27.903025
v 13.997925 2.968147 -27.864067
v 13.943836 3.002772 -27.881290
v 13.867772 3.522712 -27.973320
v 13.902198 3.447074 -27.982492
v 13.980319 3.506682 -27.984459
v 13.974747 3.428247 -27.987848
v 13.730713 3.446973 -27.947090
v 13.886259 2.951446 -27.845592
v 14.068600 3.459068 -27.984840
v 13.842617 3.026198 -27.879831
v 14.083308 3.407651 -27.984385
v 13.828463 3.441659 -27.971630
v 13.776347 3.531137 -27.953882
v 13.775260 2.978303 -27.837103
v 13.742336 3.051459 -27.865805
v 13.688052 3.007657 -27.822815
v 13.641857 3.062269 -27.830856
v 13.711097 3.121215 -27.884703
v 14.152507 3.275736 -27.962496
v 14.129133 3.201305 -27.950151
v 14.203171 3.203195 -27.936852
v 13.638130 3.166595 -27.871330
v 14.158023 3.115581 -27.918695
v 14.100247 3.113827 -27.926590
v 13.576890 3.240451 -27.861635
v 14.013864 3.088607 -27.923050
v 13.912286 3.093012 -27.920055
v 13.921997 3.046619 -27.900742
v 13.881461 3.373202 -27.978580
v 13.973484 3.341726 -27.983633
v 14.025624 3.361132 -27.985094
v 13.785295 3.360331 -27.959837
v 13.801615 3.096160 -27.902308
v 14.069597 3.289216 -27.974846
v 14.075251 3.188500 -27.953194
v 13.700573 3.195939 -27.905350
v 13.726768 3.240822 -27.925718
v 13.466914 3.273138 -27.799786
v 13.538486 3.327691 -27.855865
v 13.536584 3.187843 -27.823601
v 14.270131 3.132882 -27.896345
v 14.225124 3.086011 -27.892311
v 14.258796 3.239194 -27.930761
v 13.581521 3.030817 -27.782200
v 13.564237 3.110674 -27.811682
v 13.613843 2.935641 -27.740267
v 14.303421 3.386159 -27.936195
v 14.203830 3.414135 -27.965483
v 14.250383 3.309200 -27.945698
v 13.717957 2.934012 -27.789042
v 13.746259 3.648240 -27.924021
v 13.830079 3.594577 -27.956293
v 13.690647 3.537813 -27.926823
v 13.547607 3.504129 -27.864279
v 13.568518 3.401758 -27.878941
v 13.631413 3.495316 -27.907349
v 14.181214 3.012914 -27.868561
v 14.132040 2.963695 -27.850731
v 14.127172 3.342822 -27.975588
v 13.901003 3.598181 -27.966476
v 13.783321 2.904238 -27.790779
v 14.157105 3.482190 -27.973097
v 13.852973 2.887389 -27.796066
v 14.102366 3.529085 -27.976856
v 13.934754 2.888497 -27.809196
v 14.040026 3.564794 -27.976957
v 13.972079 3.588118 -27.973459
v 14.008683 2.898710 -27.819506
v 14.073791 2.925137 -27.834167
v 14.264808 3.007142 -27.853703
v 14.277469 3.012354 -27.886997
v 14.242519 2.962491 -27.870686
v 14.240463 2.973675 -27.842678
v 13.573040 3.543230 -27.918154
v 13.544988 3.511693 -27.907106
v 13.530512 3.525778 -27.899845
v 13.559811 3.558716 -27.911383
v 14.285628 3.042886 -27.864798
v 13.592347 3.588580 -27.922636
v 14.302721 3.080554 -27.875856
v 14.305827 3.071174 -27.904423
v 13.998199 2.796034 -27.791082
v 13.953826 2.789545 -27.783735
v 13.950271 2.806864 -27.795902
v 14.315807 3.119929 -27.886835
v 14.319150 3.111229 -27.915588
v 14.090579 3.619159 -28.003963
v 14.058949 3.657047 -27.999990
v 14.100389 3.638019 -28.001011
v 14.324984 3.160418 -27.897476
v 14.328488 3.152402 -27.926407
v 13.638153 3.597201 -27.939327
v 13.627824 3.615091 -27.933500
v 14.330044 3.201673 -27.907759
v 14.333652 3.194370 -27.936859
v 13.908878 2.787369 -27.777323
v 13.907241 2.804781 -27.789764
v 14.330953 3.243387 -27.917603
v 14.334586 3.236775 -27.946863
v 14.128439 3.597200 -28.003822
v 14.139921 3.615091 -28.000864
v 14.327692 3.285106 -27.926905
v 14.331285 3.279190 -27.956314
v 13.674686 3.619158 -27.949257
v 13.665977 3.638021 -27.943869
v 14.320296 3.326416 -27.935570
v 14.323775 3.321209 -27.965124
v 13.863742 2.789545 -27.771885
v 13.864030 2.806864 -27.784559
v 14.308826 3.366954 -27.943523
v 14.312117 3.362448 -27.973213
v 14.163933 3.571824 -28.002560
v 14.176998 3.588584 -27.999544
v 14.212843 2.942823 -27.831833
v 14.182201 2.914862 -27.821270
v 14.133560 2.958168 -27.860058
v 14.215659 3.012361 -27.872677
v 14.293396 3.406312 -27.950686
v 14.296421 3.402488 -27.980495
v 13.713254 3.637370 -27.958569
v 13.706265 3.657046 -27.953596
v 13.842526 3.667705 -27.952354
v 13.881133 3.670432 -27.988384
v 13.885070 3.669768 -27.958447
v 14.274093 3.444213 -27.956982
v 14.276799 3.441017 -27.986897
v 13.818974 2.796034 -27.767506
v 13.821170 2.813076 -27.780367
v 13.800603 3.661551 -27.945396
v 13.814958 3.666169 -27.978632
v 14.251206 3.480082 -27.962332
v 14.253514 3.477515 -27.992340
v 14.211348 3.558712 -27.997087
v 13.759641 3.651371 -27.937632
v 13.753559 3.651722 -27.967215
v 14.224909 3.513686 -27.966707
v 14.226769 3.511690 -27.996790
v 13.753561 3.651722 -27.967215
v 13.748369 3.672037 -27.962627
v 13.713256 3.637371 -27.958569
v 13.774935 2.806776 -27.764217
v 13.779008 2.823360 -27.777218
v 14.195446 3.544704 -27.970070
v 14.182622 3.556635 -28.001530
v 13.698557 3.628027 -27.924219
v 13.674685 3.619157 -27.949257
v 14.226769 3.511690 -27.996790
v 14.242628 3.525779 -27.993519
v 14.163119 3.572817 -27.972382
v 13.646168 3.597764 -27.910212
v 13.638154 3.597201 -27.939329
v 14.128222 3.597767 -27.973623
v 14.111867 3.607743 -28.004164
v 13.612786 3.572819 -27.899990
v 13.589636 3.559601 -27.924219
v 13.732046 2.821669 -27.762051
v 13.737954 2.837615 -27.775143
v 14.091006 3.619352 -27.973763
v 13.582155 3.544705 -27.889397
v 14.253510 3.477520 -27.992340
v 14.270569 3.490073 -27.988871
v 13.554562 3.513685 -27.878529
v 13.544990 3.511694 -27.907108
v 13.690716 2.840570 -27.761026
v 13.698386 2.855711 -27.774162
v 13.530291 3.480079 -27.867498
v 13.520307 3.477521 -27.895893
v 13.950341 3.665570 -27.966000
v 13.987455 3.658386 -27.999504
v 14.028301 3.646441 -27.971861
v 14.276800 3.441015 -27.986897
v 13.509567 3.444211 -27.856415
v 13.499217 3.441015 -27.884611
v 13.651358 2.863293 -27.761154
v 13.660702 2.877466 -27.774286
v 13.492548 3.406311 -27.845341
v 13.481912 3.402477 -27.873352
v 13.479499 3.366965 -27.834435
v 13.468642 3.362453 -27.862261
v 13.470474 3.326416 -27.823784
v 13.459474 3.321225 -27.851435
v 13.734419 3.308972 -27.940319
v 14.214424 2.931108 -27.859655
v 14.199689 2.929698 -27.827095
v 14.183276 2.902687 -27.848917
v 14.148837 2.890067 -27.811089
v 14.129693 2.864736 -27.833065
v 14.113053 2.868662 -27.801382
v 14.074496 2.837616 -27.819414
v 14.057820 2.843824 -27.788376
v 14.034292 2.823358 -27.810799
v 13.953062 2.820627 -27.769133
v 13.907242 2.804781 -27.789764
v 13.910749 2.818578 -27.763096
v 13.910749 2.818578 -27.763094
v 13.907242 2.804781 -27.789764
v 13.864030 2.806864 -27.784559
v 13.849298 2.822552 -27.755989
v 13.821167 2.813076 -27.780367
v 13.779007 2.823360 -27.777218
v 13.784643 2.836851 -27.750759
v 13.737957 2.837613 -27.775145
v 13.744275 2.850868 -27.748718
v 13.698391 2.855708 -27.774162
v 13.705366 2.868662 -27.747755
v 13.660691 2.877473 -27.774286
v 13.652197 2.900516 -27.748257
v 13.625244 2.902685 -27.775513
v 13.592374 2.931110 -27.777832
v 13.601102 2.942818 -27.751362
v 13.562378 2.962498 -27.781219
v 13.559157 2.988166 -27.756500
v 13.535580 2.996511 -27.785645
v 13.512205 3.032865 -27.791069
v 13.522263 3.042887 -27.764383
v 13.492503 3.071175 -27.797438
v 13.502893 3.080552 -27.770645
v 13.476750 3.111223 -27.804775
v 13.487409 3.119938 -27.777868
v 13.464931 3.152394 -27.812809
v 13.475801 3.160407 -27.785770
v 13.457239 3.194375 -27.821575
v 13.468246 3.201692 -27.794401
v 13.453749 3.236779 -27.830997
v 13.464826 3.243373 -27.803669
v 13.454494 3.279180 -27.840977
v 13.465569 3.285106 -27.813499
v 13.504724 3.490071 -27.888128
v 13.924455 3.668333 -27.993582
v 14.034296 2.823359 -27.810799
v 14.041601 2.806778 -27.799295
v 14.009739 3.651724 -28.000914
v 14.015949 3.672036 -27.997828
v 14.230792 2.919671 -27.849667
v 14.285931 2.988157 -27.872927
v 14.287061 3.011458 -27.876348
v 14.236437 2.942237 -27.853508
v 14.284902 3.042922 -27.853397
v 14.320265 3.141045 -27.881046
v 13.503416 3.086878 -27.760904
v 13.474083 3.185995 -27.780203
v 14.330731 3.223018 -27.901518
v 13.559210 2.995394 -27.746830
v 14.324641 3.306039 -27.920080
v 13.686730 2.883931 -27.737562
v 14.253989 3.479204 -27.951191
v 13.825381 3.666326 -27.938465
v 13.932445 3.669048 -27.953194
v 13.763995 2.848111 -27.739365
v 14.181552 3.559003 -27.960274
v 13.846458 2.827547 -27.745417
v 13.668017 3.611218 -27.904921
v 14.112330 3.608992 -27.962849
v 13.930895 2.823040 -27.755478
v 13.601324 3.561948 -27.884636
v 14.034872 3.645017 -27.961048
v 14.014236 2.834787 -27.769173
v 14.093091 2.862303 -27.785965
v 13.504383 3.429273 -27.840946
v 14.164537 2.904548 -27.805229
v 13.477991 3.351207 -27.819252
v 14.225833 2.959913 -27.826227
v 13.886096 3.673759 -27.950298
v 13.843347 3.671680 -27.944176
v 13.801245 3.665495 -27.937187
v 13.760070 3.655258 -27.929380
v 13.720258 3.641077 -27.920839
v 13.682169 3.623085 -27.911640
v 13.646092 3.601397 -27.901836
v 13.612546 3.576322 -27.891562
v 13.581773 3.548070 -27.880917
v 13.554062 3.516910 -27.870001
v 13.529678 3.483142 -27.858921
v 13.508861 3.447100 -27.847782
v 13.491770 3.409031 -27.836658
v 13.478659 3.369483 -27.825699
v 13.469598 3.328759 -27.815001
v 13.464672 3.287243 -27.804668
v 13.463924 3.245332 -27.794796
v 13.467363 3.203447 -27.785482
v 13.474955 3.161961 -27.776814
v 13.486614 3.121316 -27.768877
v 13.502172 3.081753 -27.761621
v 13.521645 3.043896 -27.755329
v 13.544744 3.007982 -27.749969
v 13.571231 2.974371 -27.745598
v 13.600864 2.943368 -27.742250
v 13.633348 2.915282 -27.739962
v 13.668394 2.890363 -27.738750
v 13.705631 2.868871 -27.738630
v 13.744720 2.850999 -27.739599
v 13.785295 2.836915 -27.741650
v 13.826952 2.826759 -27.744762
v 13.869300 2.820625 -27.748905
v 13.911990 2.818573 -27.754047
v 13.954502 2.820636 -27.760117
v 13.996476 2.826779 -27.767067
v 14.037519 2.836944 -27.774836
v 14.077238 2.851037 -27.783348
v 14.115254 2.868922 -27.792524
v 14.151187 2.890422 -27.802273
v 14.184711 2.915342 -27.812504
v 14.215498 2.943442 -27.823118
v 14.243245 2.974445 -27.834013
v 14.267696 3.008068 -27.845089
v 14.288613 3.043984 -27.856239
v 14.305788 3.081847 -27.867352
v 14.318925 3.121398 -27.878380
v 14.328132 3.162066 -27.889067
v 14.333210 3.203539 -27.899401
v 14.334114 3.245436 -27.909286
v 14.330831 3.287337 -27.918625
v 14.323388 3.328857 -27.927334
v 14.311859 3.369581 -27.935322
v 14.296351 3.409123 -27.942516
v 14.276958 3.447187 -27.948839
v 14.253957 3.483229 -27.954212
v 14.227530 3.516988 -27.958609
v 14.197927 3.548146 -27.961985
v 14.165445 3.576387 -27.964306
v 14.130388 3.601447 -27.965553
v 14.092995 3.623130 -27.965693
v 14.053814 3.641115 -27.964725
v 14.013130 3.655291 -27.962677
v 13.971356 3.665513 -27.959568
v 13.928869 3.671690 -27.955429
v 13.789186 3.232158 -27.952927
v 13.977635 3.242990 -27.980141
v 13.947589 3.156357 -27.956490
v 13.810837 3.142776 -27.933342
v 13.828582 3.305860 -27.974237
v 13.908433 3.318476 -27.987823
v 13.898530 3.114531 -27.938282
v 13.602370 3.304425 -27.899403
v 13.674510 3.355910 -27.936209
v 13.644526 3.255645 -27.909986
v 13.648158 3.406569 -27.928696
v 14.072716 3.002882 -27.892529
v 14.008404 2.940677 -27.860254
v 13.943161 2.997661 -27.890949
v 14.039692 3.040395 -27.912943
v 13.866169 3.523856 -27.984087
v 13.980071 3.507632 -27.995363
v 13.904045 3.472337 -27.992498
v 13.985175 3.450692 -27.998465
v 13.727470 3.447215 -27.957544
v 13.927942 2.946738 -27.860344
v 14.059618 3.432939 -27.997349
v 13.827476 2.953922 -27.849136
v 13.836137 2.999673 -27.876982
v 13.773653 3.532376 -27.964420
v 13.820977 3.465945 -27.980328
v 14.137327 3.384493 -27.987972
v 14.105311 3.336616 -27.988487
v 13.722169 3.001945 -27.846226
v 13.748714 3.039536 -27.874496
v 14.198421 3.313392 -27.970476
v 14.099008 3.268771 -27.979980
v 13.668132 3.081060 -27.864223
v 14.204246 3.214100 -27.951218
v 14.105931 3.201177 -27.964890
v 14.190372 3.116475 -27.924486
v 14.079708 3.121326 -27.943438
v 13.638296 3.149873 -27.878342
v 13.572568 3.219674 -27.866699
v 14.153706 3.049778 -27.904329
v 13.851527 3.419924 -27.986881
v 13.963367 3.404179 -27.998043
v 13.894040 3.371250 -27.991369
v 13.991656 3.067649 -27.926075
v 13.892690 3.039772 -27.906542
v 13.963845 3.108045 -27.941090
v 13.983873 3.331192 -27.993622
v 13.841023 3.095359 -27.922094
v 14.044275 3.338242 -27.993595
v 13.782681 3.359540 -27.970440
v 13.784112 3.072308 -27.900230
v 14.026233 3.258492 -27.983093
v 13.705697 3.166008 -27.910591
v 13.742690 3.208049 -27.934685
v 14.018132 3.169686 -27.962029
v 13.693207 3.258575 -27.929359
v 13.735922 3.310858 -27.952528
v 13.464960 3.284252 -27.814148
v 13.530320 3.311569 -27.861794
v 13.534353 3.170199 -27.829958
v 14.273338 3.129343 -27.906195
v 14.261804 3.236917 -27.941036
v 14.270587 3.334653 -27.954588
v 14.206185 3.413947 -27.976173
v 13.758668 3.651366 -27.938395
v 13.828040 3.596533 -27.966867
v 13.686940 3.539085 -27.937046
v 13.995634 2.826223 -27.777020
v 13.933954 2.882082 -27.818031
v 14.074625 2.919163 -27.843304
v 13.549529 3.379323 -27.879946
v 13.557198 3.102160 -27.817369
v 13.593117 3.031568 -27.803616
v 13.655313 2.970191 -27.799541
v 13.714586 2.928136 -27.797638
v 13.914635 3.604059 -27.978195
v 13.780717 2.898015 -27.799397
v 14.158908 3.482804 -27.983873
v 13.851210 2.880964 -27.804749
v 14.103536 3.530252 -27.987677
v 14.044719 3.558402 -27.988705
v 13.627019 3.496098 -27.917345
v 13.991941 3.584067 -27.985893
v 13.582345 3.441680 -27.898777
v 13.479497 3.366960 -27.834433
v 13.492550 3.406318 -27.845341
v 14.148829 2.890061 -27.811087
v 13.509564 3.444205 -27.856413
v 14.113061 2.868665 -27.801384
v 13.885076 3.669769 -27.958447
v 13.927655 3.667705 -27.963554
v 13.530294 3.480085 -27.867500
v 14.075222 2.850869 -27.792252
v 13.969934 3.661553 -27.967670
v 13.554564 3.513689 -27.878529
v 14.035699 2.836852 -27.783783
v 14.011521 3.651371 -27.970764
v 13.582150 3.544700 -27.889393
v 14.052008 3.637259 -27.972801
v 13.612786 3.572819 -27.899990
v 13.953063 2.820627 -27.769133
v 14.091007 3.619352 -27.973763
v 13.646174 3.597769 -27.910213
v 13.910748 2.818578 -27.763094
v 14.128222 3.597767 -27.973623
v 13.682088 3.619353 -27.919971
v 13.868258 2.820627 -27.757977
v 14.163116 3.572819 -27.972382
v 13.720004 3.637259 -27.929129
v 13.826109 2.826736 -27.753855
v 14.195446 3.544703 -27.970070
v 13.784645 2.836850 -27.750759
v 14.224903 3.513692 -27.966709
v 13.800609 3.661552 -27.945396
v 13.744267 2.850871 -27.748718
v 14.251204 3.480084 -27.962332
v 13.842525 3.667705 -27.952354
v 13.705362 2.868664 -27.747755
v 14.274096 3.444205 -27.956982
v 13.668300 2.890061 -27.747877
v 14.293393 3.406318 -27.950686
v 13.633427 2.914864 -27.749083
v 14.308824 3.366961 -27.943525
v 13.601095 2.942824 -27.751362
v 14.320297 3.326410 -27.935570
v 13.571610 2.973677 -27.754694
v 14.327692 3.285101 -27.926903
v 13.545248 3.007139 -27.759048
v 14.330953 3.243389 -27.917604
v 13.522265 3.042883 -27.764383
v 14.330045 3.201690 -27.907763
v 13.502889 3.080562 -27.770647
v 14.324983 3.160417 -27.897476
v 13.487410 3.119935 -27.777866
v 14.315808 3.119932 -27.886837
v 13.475800 3.160415 -27.785772
v 14.302722 3.080558 -27.875858
v 13.468246 3.201692 -27.794399
v 14.285631 3.042890 -27.864799
v 13.464825 3.243387 -27.803671
v 14.264803 3.007135 -27.853699
v 14.240470 2.973684 -27.842680
v 13.470474 3.326420 -27.823784
v 14.124013 2.840386 -27.817425
v 14.162814 2.863449 -27.827591
v 14.172764 2.884433 -27.831627
v 14.098501 2.840263 -27.811546
v 13.450138 3.369518 -27.851957
v 13.435483 3.282410 -27.829727
v 13.446043 3.262067 -27.824232
v 13.452147 3.323216 -27.839308
v 13.438558 3.194394 -27.809959
v 13.450511 3.193887 -27.808952
v 14.325637 3.065666 -27.896595
v 14.315986 3.072446 -27.894432
v 13.446589 3.149938 -27.800365
v 13.462583 3.133909 -27.796562
v 14.349439 3.149680 -27.918991
v 14.334490 3.131780 -27.910767
v 13.475399 3.065653 -27.784750
v 13.494419 3.052200 -27.781601
v 14.354702 3.194408 -27.930473
v 14.343727 3.198237 -27.927462
v 13.496256 3.024884 -27.777637
v 14.355898 3.239535 -27.940813
v 14.343949 3.259873 -27.941833
v 13.542231 2.977327 -27.770391
v 13.548460 2.952010 -27.767792
v 14.344367 3.327003 -27.959995
v 14.332995 3.327505 -27.956177
v 13.580265 2.918609 -27.763847
v 13.603200 2.913220 -27.763432
v 14.332176 3.370921 -27.968313
v 14.314989 3.387072 -27.967691
v 13.651815 2.862617 -27.760181
v 13.675348 2.861646 -27.760876
v 14.295107 3.453043 -27.982590
v 14.276426 3.464522 -27.980860
v 13.881675 3.692105 -27.984238
v 13.835702 3.690045 -27.977448
v 13.882279 3.682405 -27.979532
v 14.242667 3.526875 -27.992901
v 14.198904 3.557256 -27.992020
v 14.176862 3.589650 -27.998898
v 14.144087 3.600578 -27.995094
v 13.731996 2.821468 -27.761444
v 13.775630 2.806230 -27.763306
v 13.798401 2.811928 -27.765457
v 13.738441 2.831578 -27.762173
v 13.748318 3.672483 -27.962170
v 13.705471 3.657456 -27.952711
v 13.681642 3.634444 -27.942163
v 13.775686 3.669556 -27.962818
v 14.100082 3.639030 -28.000328
v 14.077024 3.638785 -27.995110
v 13.863791 2.789322 -27.771286
v 13.900934 2.797839 -27.775673
v 13.627011 3.615328 -27.932570
v 13.617566 3.595208 -27.924503
v 13.909756 2.787016 -27.776478
v 14.016103 3.672487 -27.997396
v 14.011260 3.662877 -27.992088
v 13.971237 3.683717 -27.993793
v 13.949615 3.676834 -27.987221
v 13.559624 3.559079 -27.910889
v 13.553924 3.537091 -27.902559
v 13.998353 2.795817 -27.790499
v 14.027761 2.814500 -27.796303
v 13.529725 3.525740 -27.898855
v 14.042600 2.806663 -27.798523
v 13.881671 3.691964 -27.984377
v 13.882310 3.681209 -27.979456
v 13.503416 3.467537 -27.879700
v 13.481991 3.451765 -27.875336
v 13.467978 3.389147 -27.856760
v 13.481914 3.402481 -27.873352
v 13.468640 3.362446 -27.862259
v 13.450759 3.369877 -27.853003
v 13.464632 3.411715 -27.864594
v 13.837849 3.668333 -27.982189
v 13.795228 3.662077 -27.975113
v 13.791887 3.682852 -27.970877
v 13.836405 3.689387 -27.978268
v 13.625244 2.902684 -27.775513
v 13.614318 2.889637 -27.762436
v 13.579980 2.919333 -27.764856
v 13.592368 2.931115 -27.777830
v 14.323774 3.321209 -27.965124
v 14.312115 3.362452 -27.973213
v 14.331781 3.369881 -27.968895
v 14.343958 3.326816 -27.960455
v 14.074494 2.837616 -27.819412
v 14.083585 2.821667 -27.808292
v 13.881139 3.670432 -27.988386
v 13.881618 3.691579 -27.984739
v 13.967452 3.662077 -27.997770
v 13.971778 3.682851 -27.994541
v 14.242518 2.962489 -27.870686
v 14.259094 2.952106 -27.861847
v 14.229758 2.919337 -27.850330
v 13.459472 3.321218 -27.851433
v 13.441180 3.326815 -27.841700
v 14.296124 3.408939 -27.942675
v 14.276750 3.446980 -27.948996
v 14.123764 2.840565 -27.817989
v 14.267272 2.996518 -27.881895
v 14.284948 2.987648 -27.873556
v 13.924450 3.668334 -27.993580
v 13.926859 3.689387 -27.990166
v 13.454494 3.279191 -27.840981
v 13.453749 3.236770 -27.830996
v 13.435194 3.238612 -27.820364
v 13.435977 3.282915 -27.830786
v 14.288439 3.032856 -27.893175
v 14.307064 3.025616 -27.885342
v 13.482701 3.451956 -27.876350
v 13.457239 3.194364 -27.821573
v 13.438835 3.194318 -27.810532
v 14.305828 3.071179 -27.904425
v 14.325237 3.065666 -27.897097
v 13.464931 3.152393 -27.812809
v 13.446866 3.150470 -27.801380
v 14.319150 3.111231 -27.915588
v 14.339149 3.107497 -27.908752
v 13.476750 3.111222 -27.804775
v 13.459198 3.107495 -27.793001
v 14.328485 3.152387 -27.926403
v 14.348892 3.150464 -27.920034
v 13.492500 3.071180 -27.797440
v 13.475649 3.065671 -27.785339
v 14.333650 3.194365 -27.936859
v 14.354283 3.194317 -27.930950
v 13.512204 3.032867 -27.791069
v 13.496248 3.025610 -27.778683
v 14.334587 3.236781 -27.946865
v 14.355259 3.238614 -27.941393
v 13.535578 2.996514 -27.785645
v 13.520656 2.987649 -27.773018
v 14.331285 3.279184 -27.956314
v 14.351808 3.282911 -27.951256
v 13.562382 2.962493 -27.781219
v 13.548654 2.952112 -27.768394
v 14.315389 3.411704 -27.976501
v 14.311621 3.369416 -27.935484
v 14.215258 2.943519 -27.823338
v 14.242998 2.974506 -27.834227
v 13.469813 3.328712 -27.815250
v 13.464885 3.287218 -27.804922
v 14.267438 3.008106 -27.845295
v 13.464133 3.245336 -27.795055
v 14.288346 3.043998 -27.856438
v 13.467566 3.203467 -27.785746
v 14.305517 3.081838 -27.867546
v 13.475145 3.162014 -27.777082
v 14.318654 3.121374 -27.878571
v 13.486799 3.121374 -27.769146
v 14.327859 3.162014 -27.889250
v 13.502340 3.081839 -27.761894
v 14.332941 3.203467 -27.899578
v 13.521800 3.043998 -27.755604
v 14.333849 3.245336 -27.909460
v 13.544878 3.008106 -27.750248
v 14.330571 3.287218 -27.918797
v 13.571350 2.974507 -27.745876
v 14.323139 3.328711 -27.927498
v 13.600962 2.943520 -27.742531
v 13.633430 2.915441 -27.740242
v 13.886125 3.673475 -27.950466
v 13.843399 3.671402 -27.944349
v 13.668443 2.890540 -27.739029
v 13.801314 3.665224 -27.937365
v 13.705662 2.869052 -27.738907
v 13.735579 3.656360 -27.953056
v 13.760173 3.655000 -27.929565
v 13.744732 2.851184 -27.739876
v 13.720374 3.640830 -27.921028
v 13.785277 2.837105 -27.741924
v 14.253764 3.483006 -27.954369
v 14.250686 3.499203 -27.984148
v 14.227354 3.516752 -27.958763
v 13.682299 3.622850 -27.911835
v 13.826912 2.826949 -27.745033
v 14.197776 3.547892 -27.962137
v 13.646238 3.601177 -27.902035
v 13.869236 2.820814 -27.749172
v 14.165311 3.576124 -27.964458
v 13.612714 3.576124 -27.891769
v 13.911905 2.818757 -27.754311
v 14.130273 3.601177 -27.965706
v 13.581954 3.547892 -27.881130
v 13.970736 2.804089 -27.785069
v 13.954391 2.820814 -27.760374
v 14.092905 3.622850 -27.965847
v 13.554254 3.516752 -27.870220
v 13.996346 2.826949 -27.767321
v 14.053747 3.640830 -27.964882
v 13.529881 3.483006 -27.859146
v 14.037369 2.837105 -27.775085
v 14.013093 3.655000 -27.962835
v 13.509067 3.446980 -27.848013
v 14.077065 2.851184 -27.783592
v 13.971335 3.665224 -27.959730
v 13.928876 3.671402 -27.955595
v 14.115057 2.869052 -27.792761
v 13.886125 3.673475 -27.950466
v 14.150978 2.890540 -27.802504
v 13.491983 3.408939 -27.836897
v 14.184486 2.915441 -27.812729
v 13.478875 3.369416 -27.825943
v 14.050917 3.637370 -28.002987
v 14.050911 3.637373 -28.002987
v 14.196813 3.543230 -28.000208
v 14.296423 3.402484 -27.980495
v 14.214431 2.931115 -27.859657
v 14.197206 2.889635 -27.839109
v 14.183271 2.902683 -27.848917
v 14.161767 2.863298 -27.828297
v 14.149341 2.877468 -27.838564
v 14.112966 2.855709 -27.828697
v 13.992755 2.813076 -27.802937
v 13.970994 2.808860 -27.799099
v 13.994846 2.826737 -27.776051
v 13.499220 3.441023 -27.884613
v 13.520302 3.477513 -27.895889
v 13.604192 3.571824 -27.928928
v 13.926860 3.689387 -27.990166
v 14.058954 3.657046 -27.999990
v 14.139924 3.615089 -28.000864
v 14.211343 3.558717 -27.997089
v 14.270569 3.490075 -27.988871
v 14.294886 3.451959 -27.983189
v 14.315388 3.411707 -27.976501
v 14.351807 3.282917 -27.951256
v 14.339149 3.107496 -27.908752
v 14.307061 3.025612 -27.885340
v 14.259096 2.952110 -27.861847
v 14.197206 2.889635 -27.839109
v 14.083585 2.821668 -27.808292
v 13.953826 2.789545 -27.783735
v 13.818973 2.796034 -27.767506
v 13.690721 2.840568 -27.761026
v 13.614320 2.889635 -27.762436
v 13.520655 2.987649 -27.773018
v 13.459197 3.107496 -27.793001
v 13.435194 3.238609 -27.820364
v 13.441180 3.326815 -27.841700
v 13.464629 3.411707 -27.864592
v 13.504725 3.490075 -27.888130
v 13.592350 3.588583 -27.922638
v 13.665978 3.638022 -27.943869
v 13.791887 3.682852 -27.970879
v 11.573700 3.502979 -27.660530
v 11.520339 3.465600 -27.646152
v 11.556028 3.434184 -27.643387
v 11.512777 3.505089 -27.652864
v 11.498541 3.485224 -27.657955
v 11.569218 3.500449 -27.670982
v 11.528171 3.448815 -27.654715
v 11.569011 3.431219 -27.655048
v 11.449174 3.475582 -27.634193
v 11.635955 3.481619 -27.660488
v 11.598916 3.395085 -27.635788
v 11.502667 3.390352 -27.622519
v 11.567442 3.560770 -27.668930
v 11.484693 3.545813 -27.654474
v 11.265010 3.546876 -27.581554
v 11.309358 3.521618 -27.597548
v 11.328346 3.632888 -27.617546
v 11.751246 3.266785 -27.581657
v 11.714995 3.300906 -27.600666
v 11.635777 3.252958 -27.579409
v 11.655844 3.209147 -27.555984
v 11.416858 3.647124 -27.647095
v 11.379910 3.715786 -27.634756
v 11.543093 3.239058 -27.564093
v 11.544168 3.192446 -27.537510
v 11.629887 3.724937 -27.678093
v 11.686944 3.634632 -27.679102
v 11.726511 3.700069 -27.676760
v 11.450029 3.723619 -27.653946
v 11.450948 3.261324 -27.556999
v 11.433167 3.219304 -27.529020
v 11.793619 3.626002 -27.669075
v 11.739801 3.567770 -27.670979
v 11.411028 3.314620 -27.571444
v 11.345966 3.248654 -27.514732
v 11.805207 3.533563 -27.658092
v 11.299762 3.303277 -27.522774
v 11.367885 3.359069 -27.575024
v 11.839949 3.465036 -27.638485
v 11.787041 3.442312 -27.642071
v 11.339426 3.415258 -27.584059
v 11.266756 3.421560 -27.553917
v 11.794909 3.361945 -27.616451
v 11.649709 3.312761 -27.607489
v 11.666115 3.395535 -27.638197
v 11.576960 3.335648 -27.613464
v 11.579912 3.287618 -27.592659
v 11.373335 3.562942 -27.627554
v 11.422632 3.550822 -27.640957
v 11.491491 3.626418 -27.663723
v 11.585836 3.657738 -27.677074
v 11.574293 3.610139 -27.674070
v 11.641978 3.573324 -27.674656
v 11.504960 3.290969 -27.583553
v 11.463156 3.359589 -27.603628
v 11.685105 3.494665 -27.663057
v 11.737621 3.475469 -27.655790
v 11.403669 3.451659 -27.616423
v 11.713358 3.378092 -27.630943
v 11.353553 3.483191 -27.606869
v 11.892379 3.288473 -27.563305
v 11.891330 3.353195 -27.591972
v 11.839121 3.253913 -27.560478
v 11.239424 3.271821 -27.474113
v 11.220328 3.346996 -27.500462
v 11.271753 3.176642 -27.432184
v 11.375864 3.175016 -27.480959
v 11.188141 3.548611 -27.540232
v 11.212749 3.620911 -27.562305
v 11.789953 3.204694 -27.542648
v 11.194072 3.471182 -27.527443
v 11.197742 3.414243 -27.512897
v 11.914640 3.430505 -27.610615
v 11.916232 3.500594 -27.626860
v 11.898750 3.587285 -27.644646
v 11.859609 3.667086 -27.657803
v 11.487985 3.835579 -27.648209
v 11.526380 3.739637 -27.667812
v 11.558924 3.839185 -27.658394
v 11.441237 3.145238 -27.482697
v 11.815015 3.723187 -27.665012
v 11.419398 3.818485 -27.635193
v 11.510887 3.128388 -27.487982
v 11.760279 3.770086 -27.668774
v 11.348558 3.778812 -27.618740
v 11.592662 3.129496 -27.501114
v 11.697937 3.805795 -27.668875
v 11.289325 3.736316 -27.599266
v 11.629983 3.829117 -27.665377
v 11.666595 3.139712 -27.511423
v 11.245180 3.682547 -27.580917
v 11.731698 3.166141 -27.526087
v 11.922718 3.248139 -27.545618
v 11.925186 3.237523 -27.573814
v 11.900433 3.203494 -27.562603
v 11.898376 3.214677 -27.534595
v 11.230950 3.784230 -27.610071
v 11.202900 3.752695 -27.599024
v 11.188423 3.766778 -27.591763
v 11.217721 3.799716 -27.603300
v 11.952651 3.301077 -27.561895
v 11.946351 3.273861 -27.585094
v 11.250259 3.829581 -27.614553
v 11.963740 3.312181 -27.596344
v 11.650668 3.054077 -27.494854
v 11.656115 3.037035 -27.483000
v 11.611735 3.030545 -27.475653
v 11.608184 3.047864 -27.487822
v 11.973720 3.360931 -27.578753
v 11.977060 3.352229 -27.607506
v 11.748490 3.860159 -27.695881
v 11.708831 3.878369 -27.694904
v 11.716861 3.898048 -27.691908
v 11.758299 3.879020 -27.692930
v 11.982893 3.401415 -27.589394
v 11.986400 3.393400 -27.618322
v 11.296063 3.838201 -27.631245
v 11.285733 3.856089 -27.625418
v 11.987956 3.442678 -27.599676
v 11.991562 3.435371 -27.628777
v 11.566787 3.028370 -27.469238
v 11.565151 3.045781 -27.481680
v 11.988864 3.484383 -27.609520
v 11.992498 3.477777 -27.638781
v 11.786348 3.838202 -27.695740
v 11.797834 3.856091 -27.692781
v 11.985602 3.526110 -27.618822
v 11.989197 3.520186 -27.648232
v 11.332595 3.860157 -27.641172
v 11.323892 3.879023 -27.635786
v 11.978208 3.567415 -27.627487
v 11.981685 3.562212 -27.657042
v 11.521655 3.030545 -27.463804
v 11.521940 3.047864 -27.476477
v 11.966738 3.607954 -27.635441
v 11.970027 3.603450 -27.665131
v 11.821845 3.812824 -27.694477
v 11.870753 3.183824 -27.523750
v 11.840110 3.155861 -27.513187
v 11.791471 3.199165 -27.551973
v 11.841224 3.248973 -27.570021
v 11.951307 3.647313 -27.642603
v 11.954332 3.643490 -27.672413
v 11.371166 3.878371 -27.650486
v 11.364177 3.898046 -27.645514
v 11.500437 3.908705 -27.644272
v 11.495757 3.909333 -27.674105
v 11.539042 3.911432 -27.680302
v 11.542980 3.910769 -27.650364
v 11.932005 3.685210 -27.648899
v 11.934711 3.682015 -27.678814
v 11.476884 3.037035 -27.459423
v 11.479080 3.054077 -27.472284
v 11.458517 3.902551 -27.637314
v 11.453143 3.903078 -27.667032
v 11.909116 3.721083 -27.654249
v 11.911424 3.718517 -27.684258
v 11.854726 3.784229 -27.692125
v 11.869259 3.799711 -27.689005
v 11.417552 3.892371 -27.629549
v 11.411473 3.892723 -27.659134
v 11.882820 3.754687 -27.658627
v 11.884682 3.752691 -27.688707
v 11.411471 3.892722 -27.659132
v 11.406279 3.913037 -27.654545
v 11.371165 3.878371 -27.650486
v 11.432847 3.047776 -27.456135
v 11.436919 3.064360 -27.469135
v 11.853359 3.785702 -27.661987
v 11.854728 3.784227 -27.692125
v 11.356467 3.869027 -27.616135
v 11.332595 3.860157 -27.641172
v 11.900538 3.766780 -27.685436
v 11.821840 3.812827 -27.694477
v 11.296063 3.838200 -27.631245
v 11.802073 3.828335 -27.665260
v 11.786345 3.838204 -27.695740
v 11.389956 3.062669 -27.453968
v 11.748918 3.860353 -27.665680
v 11.240066 3.785705 -27.581312
v 11.230953 3.784233 -27.610073
v 11.262095 3.812818 -27.620844
v 11.212474 3.754687 -27.570446
v 11.191148 3.737861 -27.594078
v 11.669427 3.892373 -27.662682
v 11.667660 3.892721 -27.692833
v 11.709920 3.878259 -27.664719
v 11.348629 3.081570 -27.452944
v 11.356297 3.096711 -27.466080
v 11.188202 3.721081 -27.559418
v 11.625363 3.903077 -27.689686
v 11.167477 3.685210 -27.548332
v 11.157126 3.682014 -27.576529
v 11.309269 3.104293 -27.453072
v 11.318612 3.118467 -27.466204
v 11.150458 3.647312 -27.537258
v 11.139823 3.643476 -27.565269
v 11.137408 3.607963 -27.526352
v 11.126553 3.603454 -27.554178
v 11.128385 3.567419 -27.515701
v 11.117384 3.562227 -27.543354
v 11.872337 3.172110 -27.551573
v 11.870753 3.183822 -27.523750
v 11.841186 3.143686 -27.540836
v 11.840110 3.155861 -27.513187
v 11.807250 3.118467 -27.530479
v 11.608181 3.047864 -27.487820
v 11.565152 3.045781 -27.481680
v 11.568660 3.059579 -27.455013
v 11.568660 3.059579 -27.455013
v 11.565152 3.045781 -27.481680
v 11.521939 3.047864 -27.476477
v 11.507210 3.063552 -27.447906
v 11.479079 3.054077 -27.472282
v 11.436919 3.064360 -27.469135
v 11.424219 3.083358 -27.441607
v 11.395864 3.078615 -27.467060
v 11.283153 3.143687 -27.467430
v 11.250284 3.172111 -27.469748
v 11.259010 3.183820 -27.443279
v 11.220291 3.203495 -27.473137
v 11.229516 3.214685 -27.446613
v 11.193490 3.237511 -27.477562
v 11.203159 3.248137 -27.450966
v 11.170115 3.273867 -27.482986
v 11.180175 3.283886 -27.456301
v 11.150414 3.312175 -27.489355
v 11.160803 3.321556 -27.462563
v 11.134662 3.352224 -27.496693
v 11.145320 3.360940 -27.469786
v 11.122841 3.393395 -27.504726
v 11.133713 3.401403 -27.477688
v 11.115150 3.435375 -27.513493
v 11.126156 3.442697 -27.486319
v 11.111659 3.477780 -27.522915
v 11.122736 3.484372 -27.495586
v 11.112404 3.520182 -27.532894
v 11.123481 3.526103 -27.505417
v 11.178214 3.718515 -27.587809
v 11.162635 3.731072 -27.580046
v 11.582368 3.909333 -27.685497
v 11.604608 3.906736 -27.657570
v 11.692206 3.064360 -27.502716
v 11.699510 3.047778 -27.491213
v 11.667653 3.892723 -27.692833
v 11.673862 3.913036 -27.689745
v 11.942809 3.283920 -27.545315
v 11.978175 3.382044 -27.572962
v 11.161327 3.327877 -27.452822
v 11.131993 3.426993 -27.472118
v 11.988643 3.464018 -27.593435
v 11.217120 3.236396 -27.438749
v 11.982550 3.547048 -27.612000
v 11.960073 3.627923 -27.627924
v 11.344646 3.124930 -27.429480
v 11.911901 3.720201 -27.643108
v 11.483288 3.907326 -27.630383
v 11.590354 3.910048 -27.645113
v 11.421913 3.089108 -27.431280
v 11.401654 3.887492 -27.615013
v 11.839459 3.800005 -27.652189
v 11.504372 3.068547 -27.437334
v 11.325934 3.852222 -27.596840
v 11.770246 3.849989 -27.654764
v 11.588797 3.064040 -27.447395
v 11.259235 3.802949 -27.576553
v 11.692787 3.886016 -27.652966
v 11.672146 3.075787 -27.461090
v 11.204010 3.741565 -27.554966
v 11.751000 3.103302 -27.477882
v 11.162293 3.670274 -27.532864
v 11.822449 3.145549 -27.497147
v 11.135900 3.592201 -27.511169
v 11.883743 3.200913 -27.518145
v 11.125658 3.509987 -27.490637
v 11.544006 3.914760 -27.642216
v 11.501258 3.912681 -27.636093
v 11.459154 3.906495 -27.629105
v 11.417981 3.896258 -27.621298
v 11.378170 3.882078 -27.612757
v 11.340078 3.864085 -27.603558
v 11.304004 3.842398 -27.593754
v 11.270455 3.817322 -27.583479
v 11.239684 3.789071 -27.572834
v 11.211973 3.757910 -27.561918
v 11.187589 3.724143 -27.550838
v 11.166771 3.688101 -27.539700
v 11.149682 3.650031 -27.528576
v 11.136569 3.610483 -27.517614
v 11.127509 3.569759 -27.506920
v 11.122582 3.528244 -27.496586
v 11.121835 3.486331 -27.486713
v 11.125274 3.444447 -27.477400
v 11.132865 3.402961 -27.468731
v 11.144526 3.362317 -27.460794
v 11.160083 3.322752 -27.453539
v 11.179556 3.284898 -27.447247
v 11.202654 3.248983 -27.441887
v 11.229142 3.215370 -27.437515
v 11.258772 3.184371 -27.434168
v 11.291263 3.156280 -27.431879
v 11.326302 3.131365 -27.430668
v 11.363544 3.109870 -27.430548
v 11.402630 3.092000 -27.431517
v 11.443206 3.077916 -27.433567
v 11.484860 3.067760 -27.436680
v 11.527212 3.061626 -27.440823
v 11.569901 3.059573 -27.445965
v 11.612413 3.061636 -27.452032
v 11.654390 3.067780 -27.458984
v 11.695429 3.077945 -27.466753
v 11.735150 3.092038 -27.475266
v 11.773160 3.109920 -27.484440
v 11.809100 3.131424 -27.494190
v 11.842623 3.156343 -27.504421
v 11.873405 3.184439 -27.515034
v 11.901157 3.215446 -27.525930
v 11.925608 3.249068 -27.537006
v 11.946524 3.284984 -27.548155
v 11.963700 3.322850 -27.559271
v 11.976835 3.362397 -27.570297
v 11.986043 3.403067 -27.580984
v 11.991122 3.444540 -27.591318
v 11.992026 3.486437 -27.601204
v 11.988742 3.528338 -27.610542
v 11.981299 3.569858 -27.619251
v 11.969769 3.610581 -27.627239
v 11.954262 3.650124 -27.634434
v 11.934870 3.688187 -27.640757
v 11.911867 3.724229 -27.646130
v 11.885440 3.757990 -27.650526
v 11.855840 3.789145 -27.653902
v 11.823357 3.817387 -27.656223
v 11.788299 3.842448 -27.657471
v 11.750905 3.864131 -27.657610
v 11.711723 3.882116 -27.656643
v 11.671043 3.896290 -27.654594
v 11.629265 3.906514 -27.651485
v 11.586782 3.912691 -27.647346
v 11.457831 3.428665 -27.636295
v 11.460934 3.521067 -27.657104
v 11.637321 3.474917 -27.670036
v 11.605498 3.397362 -27.648407
v 11.531721 3.376530 -27.633986
v 11.592257 3.548008 -27.680410
v 11.520291 3.561130 -27.673794
v 11.752361 3.261963 -27.591423
v 11.649004 3.275965 -27.603462
v 11.739386 3.322347 -27.619957
v 11.287235 3.554150 -27.605034
v 11.306066 3.647572 -27.620611
v 11.332423 3.596905 -27.628128
v 11.655807 3.203629 -27.565437
v 11.524079 3.764848 -27.676006
v 11.637977 3.748636 -27.687279
v 11.572082 3.681395 -27.686966
v 11.643079 3.691690 -27.690382
v 11.385380 3.688214 -27.649462
v 11.578599 3.260746 -27.592266
v 11.542785 3.186730 -27.546741
v 11.717527 3.673938 -27.689266
v 11.494052 3.240678 -27.568903
v 11.431561 3.773375 -27.656336
v 11.484292 3.682843 -27.674294
v 11.430454 3.213908 -27.538149
v 11.795235 3.625493 -27.679890
v 11.768082 3.566679 -27.678921
v 11.406623 3.280533 -27.566412
v 11.336087 3.281032 -27.541054
v 11.863730 3.543312 -27.659431
v 11.374005 3.354575 -27.588001
v 11.842121 3.462586 -27.648932
v 11.762881 3.491380 -27.667820
v 11.269911 3.391108 -27.558113
v 11.318552 3.392383 -27.580095
v 11.758686 3.427022 -27.653513
v 11.817826 3.352842 -27.620728
v 11.276976 3.490083 -27.589249
v 11.698583 3.351405 -27.633801
v 11.627344 3.353243 -27.635201
v 11.354244 3.517982 -27.625828
v 11.402995 3.605913 -27.652834
v 11.423758 3.554998 -27.653372
v 11.600397 3.600179 -27.686434
v 11.509848 3.610631 -27.676983
v 11.519747 3.330778 -27.615616
v 11.662539 3.620631 -27.689602
v 11.476101 3.295778 -27.592674
v 11.685722 3.549314 -27.683075
v 11.429818 3.385150 -27.616131
v 11.686879 3.450884 -27.664656
v 11.378902 3.455096 -27.621405
v 11.985836 3.526814 -27.619980
v 11.920207 3.463023 -27.629179
v 11.888878 3.616703 -27.660727
v 11.416578 3.892366 -27.630312
v 11.485950 3.837536 -27.658783
v 11.882471 3.755438 -27.659698
v 11.852938 3.679451 -27.670605
v 11.767863 3.760833 -27.680149
v 11.344850 3.780082 -27.628963
v 11.211574 3.754218 -27.571131
v 11.284928 3.737097 -27.609262
v 11.221293 3.642427 -27.580523
v 11.190895 3.567469 -27.557167
v 11.182831 3.496884 -27.539940
v 11.879867 3.307708 -27.588676
v 11.195084 3.415442 -27.525063
v 11.912619 3.378006 -27.606941
v 11.215114 3.343164 -27.509293
v 11.251028 3.272571 -27.495535
v 11.313226 3.211191 -27.491459
v 11.372490 3.169139 -27.489555
v 11.557713 3.841175 -27.669088
v 11.438633 3.139014 -27.491316
v 11.509119 3.121965 -27.496666
v 11.591862 3.123081 -27.509949
v 11.698359 3.807384 -27.679695
v 11.629608 3.830989 -27.676155
v 11.666661 3.133417 -27.520380
v 11.732536 3.160165 -27.535221
v 11.137407 3.607960 -27.526350
v 11.150460 3.647318 -27.537258
v 11.806741 3.131062 -27.503004
v 11.167475 3.685206 -27.548328
v 11.770971 3.109666 -27.493301
v 11.542986 3.910769 -27.650364
v 11.585565 3.908705 -27.655470
v 11.188205 3.721085 -27.559418
v 11.733134 3.091870 -27.484171
v 11.627847 3.902553 -27.659590
v 11.693607 3.077852 -27.475700
v 11.669435 3.892370 -27.662682
v 11.240064 3.785703 -27.581312
v 11.652750 3.067737 -27.467968
v 11.709915 3.878261 -27.664719
v 11.270697 3.813818 -27.591908
v 11.610971 3.061627 -27.461050
v 11.748919 3.860352 -27.665680
v 11.304083 3.838768 -27.602131
v 11.568658 3.059579 -27.455011
v 11.786133 3.838768 -27.665541
v 11.339999 3.860354 -27.611891
v 11.526171 3.061627 -27.449894
v 11.821030 3.813818 -27.664299
v 11.377916 3.878259 -27.621046
v 11.484020 3.067737 -27.445772
v 11.853355 3.785706 -27.661987
v 11.442558 3.077850 -27.442677
v 11.458523 3.902552 -27.637316
v 11.402177 3.091872 -27.440636
v 11.909115 3.721084 -27.654249
v 11.500432 3.908705 -27.644272
v 11.363273 3.109664 -27.439672
v 11.932007 3.685206 -27.648899
v 11.326209 3.131063 -27.439793
v 11.951304 3.647317 -27.642605
v 11.291339 3.155863 -27.441000
v 11.966734 3.607963 -27.635443
v 11.259005 3.183825 -27.443279
v 11.978208 3.567411 -27.627485
v 11.229524 3.214676 -27.446611
v 11.203156 3.248141 -27.450966
v 11.988864 3.484389 -27.609520
v 11.180178 3.283882 -27.456301
v 11.987956 3.442691 -27.599680
v 11.160799 3.321563 -27.462564
v 11.982893 3.401417 -27.589394
v 11.145321 3.360936 -27.469784
v 11.973720 3.360934 -27.578753
v 11.133710 3.401415 -27.477690
v 11.960632 3.321557 -27.567774
v 11.126156 3.442693 -27.486317
v 11.943542 3.283892 -27.556717
v 11.122735 3.484388 -27.495588
v 11.922714 3.248134 -27.545616
v 11.123481 3.526102 -27.505415
v 11.898381 3.214686 -27.534597
v 11.128385 3.567420 -27.515701
v 11.272600 3.129934 -27.453362
v 11.348551 3.081382 -27.452335
v 11.333261 3.102645 -27.452793
v 11.098813 3.567995 -27.533068
v 11.093394 3.523411 -27.521645
v 11.103953 3.503064 -27.516148
v 11.110057 3.564213 -27.531225
v 11.918020 3.193534 -27.553120
v 11.983475 3.305728 -27.587881
v 11.965086 3.291195 -27.579966
v 11.921426 3.216578 -27.556782
v 11.096468 3.435394 -27.501875
v 11.108422 3.434887 -27.500870
v 11.104500 3.390939 -27.492283
v 11.120493 3.374910 -27.488480
v 12.007349 3.390681 -27.610909
v 11.992401 3.372781 -27.602684
v 11.133310 3.306655 -27.476667
v 11.152330 3.293198 -27.473518
v 12.012907 3.436189 -27.622286
v 12.002964 3.457541 -27.623798
v 11.154167 3.265883 -27.469555
v 11.200142 3.218328 -27.462311
v 12.010280 3.524894 -27.642597
v 11.996437 3.544037 -27.643097
v 11.206757 3.192380 -27.459290
v 11.261108 3.154222 -27.455349
v 11.990088 3.611921 -27.660231
v 11.978812 3.610477 -27.656296
v 11.954945 3.668295 -27.666634
v 11.953018 3.694043 -27.674507
v 11.539585 3.933106 -27.676155
v 11.494336 3.930849 -27.669739
v 11.540190 3.923406 -27.671448
v 11.907655 3.742821 -27.677780
v 11.900576 3.767877 -27.684818
v 11.834770 3.830652 -27.690817
v 11.811915 3.834887 -27.686676
v 11.860374 3.794203 -27.683565
v 11.449058 3.924431 -27.661953
v 11.363382 3.898457 -27.644629
v 11.323008 3.866955 -27.629765
v 11.433597 3.910556 -27.654736
v 11.390579 3.062072 -27.453033
v 11.477647 3.036547 -27.458534
v 11.499731 3.044396 -27.461100
v 11.413823 3.065568 -27.454735
v 11.757993 3.880031 -27.692245
v 11.736533 3.879498 -27.687351
v 11.284921 3.856327 -27.624487
v 11.251957 3.817452 -27.608858
v 11.567663 3.028017 -27.468395
v 11.586231 3.039378 -27.471497
v 11.674016 3.913486 -27.689316
v 11.616634 3.916639 -27.680010
v 11.629144 3.924718 -27.685711
v 11.216921 3.799773 -27.602329
v 11.192650 3.755091 -27.586498
v 11.657088 3.036838 -27.482204
v 11.703632 3.060625 -27.491611
v 11.539581 3.932964 -27.676294
v 11.540221 3.922209 -27.671373
v 11.161881 3.730955 -27.579042
v 11.155810 3.698355 -27.568594
v 11.741714 3.062473 -27.499640
v 11.787064 3.096830 -27.511080
v 11.856163 3.130878 -27.530342
v 11.864001 3.152760 -27.534313
v 11.782722 3.081630 -27.509182
v 11.121872 3.652439 -27.555479
v 11.125889 3.630147 -27.548677
v 11.139825 3.643482 -27.565269
v 11.126551 3.603446 -27.554176
v 11.108670 3.610878 -27.544920
v 11.122542 3.652715 -27.556511
v 11.495760 3.909334 -27.674105
v 11.453142 3.903078 -27.667030
v 11.449800 3.923852 -27.662796
v 11.494317 3.930387 -27.670185
v 11.283154 3.143686 -27.467430
v 11.272228 3.130637 -27.454353
v 11.237889 3.160334 -27.456774
v 11.250279 3.172115 -27.469748
v 11.981685 3.562210 -27.657042
v 11.970025 3.603452 -27.665131
v 11.989693 3.610882 -27.660812
v 12.001868 3.567816 -27.652370
v 11.140613 3.692955 -27.568268
v 11.741495 3.062668 -27.500210
v 11.539046 3.911432 -27.680302
v 11.539529 3.932579 -27.676657
v 11.625362 3.903077 -27.689686
v 11.629685 3.923852 -27.686459
v 11.917006 3.193107 -27.553764
v 11.887669 3.160336 -27.542248
v 11.872347 3.172120 -27.551577
v 11.117382 3.562217 -27.543350
v 11.099091 3.567816 -27.533617
v 11.954036 3.649940 -27.634592
v 11.934660 3.687980 -27.640913
v 11.925184 3.237520 -27.573812
v 11.942859 3.228650 -27.565474
v 11.582362 3.909334 -27.685497
v 11.584770 3.930387 -27.682083
v 11.112405 3.520191 -27.532896
v 11.111660 3.477771 -27.522911
v 11.093104 3.479612 -27.512283
v 11.093887 3.523915 -27.522703
v 11.807257 3.118472 -27.530481
v 11.819677 3.104298 -27.520212
v 11.781675 3.081566 -27.509907
v 11.964974 3.266617 -27.577259
v 11.115151 3.435365 -27.513491
v 11.096746 3.435318 -27.502447
v 11.963739 3.312180 -27.596344
v 11.983148 3.306666 -27.589014
v 11.841180 3.143682 -27.540833
v 11.855119 3.130635 -27.531025
v 11.122841 3.393393 -27.504726
v 11.104776 3.391471 -27.493298
v 11.977060 3.352231 -27.607506
v 11.997060 3.348497 -27.600670
v 11.134662 3.352222 -27.496693
v 11.117108 3.348495 -27.484917
v 11.986397 3.393388 -27.618320
v 12.006803 3.391464 -27.611952
v 11.150412 3.312181 -27.489355
v 11.133559 3.306672 -27.477259
v 11.991561 3.435365 -27.628777
v 12.012195 3.435318 -27.622868
v 11.170115 3.273867 -27.482986
v 11.154159 3.266609 -27.470600
v 11.992498 3.477781 -27.638783
v 12.013169 3.479614 -27.633310
v 11.193487 3.237515 -27.477562
v 11.989197 3.520184 -27.648232
v 12.009718 3.523912 -27.643173
v 11.220294 3.203491 -27.473135
v 11.206566 3.193111 -27.460312
v 11.954335 3.643484 -27.672413
v 11.969532 3.610416 -27.627401
v 11.873168 3.184520 -27.515253
v 11.900908 3.215507 -27.526144
v 11.127725 3.569712 -27.507168
v 11.122795 3.528219 -27.496840
v 11.925350 3.249107 -27.537212
v 11.122044 3.486336 -27.486973
v 11.946258 3.284998 -27.548355
v 11.125476 3.444467 -27.477663
v 11.963428 3.322839 -27.559464
v 11.133056 3.403014 -27.468998
v 11.976564 3.362374 -27.570488
v 11.144711 3.362374 -27.461063
v 11.985770 3.403014 -27.581167
v 11.160251 3.322839 -27.453812
v 11.990852 3.444467 -27.591497
v 11.179711 3.284998 -27.447521
v 11.991760 3.486336 -27.601377
v 11.202788 3.249107 -27.442165
v 11.988482 3.528219 -27.610714
v 11.229260 3.215507 -27.437794
v 11.981050 3.569712 -27.619415
v 11.258873 3.184520 -27.434448
v 11.291341 3.156442 -27.432159
v 11.544036 3.914475 -27.642384
v 11.501309 3.912403 -27.636267
v 11.326353 3.131540 -27.430946
v 11.459225 3.906225 -27.629282
v 11.363572 3.110053 -27.430824
v 11.393489 3.897361 -27.644974
v 11.418084 3.896001 -27.621483
v 11.402642 3.092184 -27.431793
v 11.378285 3.881830 -27.612946
v 11.443190 3.078105 -27.433842
v 11.911674 3.724006 -27.646286
v 11.885265 3.757752 -27.650681
v 11.340209 3.863850 -27.603752
v 11.484824 3.067950 -27.436951
v 11.855687 3.788892 -27.654055
v 11.304149 3.842177 -27.593952
v 11.527147 3.061814 -27.441090
v 11.823222 3.817125 -27.656376
v 11.270624 3.817125 -27.583687
v 11.569816 3.059757 -27.446228
v 11.788184 3.842177 -27.657623
v 11.239864 3.788892 -27.573048
v 11.628648 3.045090 -27.476986
v 11.612303 3.061814 -27.452291
v 11.750816 3.863851 -27.657764
v 11.212166 3.757752 -27.562138
v 11.654258 3.067950 -27.459238
v 11.696109 3.894774 -27.684179
v 11.711658 3.881830 -27.656799
v 11.187791 3.724006 -27.551064
v 11.695279 3.078105 -27.467003
v 11.671004 3.896001 -27.654753
v 11.166977 3.687980 -27.539930
v 11.734976 3.092184 -27.475510
v 11.629247 3.906225 -27.651648
v 11.586787 3.912403 -27.647511
v 11.772968 3.110053 -27.484678
v 11.544036 3.914475 -27.642384
v 11.808889 3.131540 -27.494421
v 11.149895 3.649940 -27.528814
v 11.842397 3.156441 -27.504646
v 11.136786 3.610416 -27.517860
v 11.729906 3.869806 -27.695690
v 11.884680 3.752692 -27.688707
v 11.928479 3.731074 -27.680788
v 11.911425 3.718513 -27.684256
v 11.952797 3.692960 -27.675106
v 11.934707 3.682023 -27.678814
v 11.946351 3.273860 -27.585094
v 11.900432 3.203493 -27.562603
v 11.770877 3.096710 -27.520615
v 11.732405 3.078616 -27.511330
v 11.770882 3.096712 -27.520617
v 11.732405 3.078616 -27.511330
v 11.733140 3.091873 -27.484173
v 11.692203 3.064358 -27.502716
v 11.395863 3.078616 -27.467060
v 11.356298 3.096710 -27.466080
v 11.363274 3.109664 -27.439672
v 11.318603 3.118472 -27.466204
v 11.157130 3.682023 -27.576530
v 11.262102 3.812824 -27.620846
v 11.286420 3.826855 -27.597029
v 11.308750 3.142261 -27.440119
v 11.610971 3.061627 -27.461050
v 11.650671 3.054077 -27.494856
v 11.674109 3.071984 -27.471771
v 11.789992 3.119856 -27.498188
v 11.584771 3.930387 -27.682083
v 11.716866 3.898046 -27.691908
v 11.797835 3.856090 -27.692781
v 11.834910 3.829583 -27.691462
v 11.869253 3.799717 -27.689005
v 11.928479 3.731075 -27.680788
v 11.973298 3.652708 -27.668419
v 11.973298 3.652708 -27.668419
v 12.001868 3.567815 -27.652370
v 12.013169 3.479609 -27.633308
v 11.997059 3.348496 -27.600670
v 11.942859 3.228649 -27.565474
v 11.964972 3.266612 -27.577257
v 11.887667 3.160334 -27.542246
v 11.819675 3.104296 -27.520212
v 11.699506 3.047776 -27.491213
v 11.611737 3.030545 -27.475655
v 11.521652 3.030545 -27.463804
v 11.432845 3.047776 -27.456135
v 11.309263 3.104296 -27.453072
v 11.237888 3.160335 -27.456774
v 11.178566 3.228649 -27.464935
v 11.178566 3.228649 -27.464935
v 11.117107 3.348497 -27.484919
v 11.093104 3.479609 -27.512281
v 11.108671 3.610883 -27.544922
v 11.140615 3.692960 -27.568268
v 11.188419 3.766774 -27.591763
v 11.250261 3.829583 -27.614555
v 11.323890 3.879022 -27.635786
v 11.406278 3.913037 -27.654545
v -2.180984 6.192570 -27.174492
v -2.159635 6.130327 -27.161621
v -2.129308 6.159909 -27.166908
v -2.233685 6.182679 -27.171459
v -2.196664 6.109584 -27.156237
v -2.127444 6.151128 -27.176052
v -2.163882 6.101789 -27.165493
v -2.165755 6.168304 -27.181297
v -2.213784 6.155041 -27.178194
v -2.094273 6.098354 -27.149324
v -2.267709 6.134857 -27.158642
v -2.084498 6.181226 -27.167439
v -2.195560 6.060683 -27.142193
v -2.129539 6.231137 -27.178827
v -2.197285 6.238982 -27.181114
v -2.462277 6.291541 -27.141909
v -2.437664 6.185931 -27.136290
v -2.382780 6.275158 -27.162127
v -1.956444 5.964201 -27.073387
v -2.054216 5.973582 -27.099079
v -2.048260 5.897367 -27.058960
v -2.409598 6.325216 -27.158361
v -2.188676 6.441119 -27.182875
v -2.153317 6.365481 -27.187214
v -2.075666 6.425095 -27.178391
v -2.140139 5.896933 -27.068993
v -2.080722 6.346646 -27.182516
v -2.328043 6.365384 -27.175793
v -1.988189 6.377477 -27.166601
v -2.226488 5.944602 -27.093744
v -2.244946 5.877949 -27.056070
v -2.018038 6.298846 -27.172125
v -2.227847 6.360073 -27.186621
v -2.281909 6.449544 -27.176228
v -1.922780 6.303418 -27.149738
v -1.965771 6.237844 -27.155870
v -2.318554 5.962546 -27.091621
v -2.348392 5.925403 -27.067568
v -1.865369 6.233158 -27.124294
v -2.389476 5.997319 -27.092222
v -1.961368 6.163705 -27.142244
v -1.881110 6.142447 -27.113056
v -2.406279 6.084037 -27.119839
v -2.445013 6.045536 -27.095064
v -1.937627 6.096835 -27.118807
v -1.879510 6.038572 -27.080379
v -2.488904 6.110238 -27.101091
v -1.978095 6.012850 -27.100306
v -2.053322 6.072949 -27.136734
v -2.145029 6.013055 -27.124527
v -2.135524 5.966590 -27.103937
v -2.181483 6.291208 -27.186327
v -2.351932 6.222833 -27.163353
v -2.301077 6.216285 -27.170250
v -2.274845 6.281902 -27.180746
v -2.082562 6.260140 -27.178518
v -2.259105 6.036995 -27.130474
v -2.296371 6.005330 -27.113794
v -2.031083 6.172069 -27.158737
v -2.357965 6.096395 -27.135199
v -2.316260 6.129054 -27.151346
v -1.998602 6.071947 -27.126635
v -1.830161 5.982504 -27.035650
v -1.892673 5.931320 -27.035904
v -2.562628 6.123024 -27.073433
v -2.539494 6.196485 -27.101034
v -1.809135 6.093505 -27.070139
v -2.511596 6.029080 -27.064629
v -1.826816 6.278360 -27.114635
v -1.807152 6.177999 -27.091021
v -2.315830 6.566648 -27.150799
v -2.228366 6.512979 -27.171207
v -1.884835 6.417068 -27.135464
v -1.949481 6.437204 -27.153704
v -1.867513 6.356770 -27.132772
v -2.370533 6.456212 -27.161242
v -2.508302 6.354571 -27.127434
v -2.431880 6.413722 -27.150120
v -2.523971 6.251667 -27.115417
v -1.943842 5.882088 -27.025017
v -2.480546 5.954645 -27.043417
v -2.420223 5.893979 -27.030951
v -2.362475 5.852421 -27.021011
v -2.156701 6.516586 -27.171516
v -2.297493 5.822647 -27.013721
v -2.227774 5.805795 -27.009354
v -2.144969 5.806903 -27.011086
v -2.017574 6.483199 -27.162731
v -2.085353 6.506519 -27.168634
v -2.070323 5.817119 -27.011105
v -2.003811 5.843549 -27.016651
v -1.800604 5.941617 -27.013269
v -1.805599 5.914928 -27.037247
v -1.837552 5.892091 -27.002102
v -1.783078 5.951271 -27.045504
v -2.455864 6.490231 -27.175247
v -2.502239 6.477125 -27.163988
v -2.468460 6.506990 -27.170647
v -1.771322 5.998963 -27.026379
v -1.764307 5.989582 -27.054245
v -2.088376 5.731484 -26.996889
v -2.084619 5.714441 -26.984396
v -2.129587 5.707952 -26.983238
v -2.131431 5.725271 -26.995779
v -1.756848 6.038335 -27.035448
v -1.749574 6.029638 -27.063467
v -1.963772 6.537562 -27.182510
v -2.003201 6.555779 -27.187010
v -1.995652 6.575454 -27.182934
v -1.954474 6.556429 -27.178234
v -1.746294 6.078823 -27.044724
v -1.738832 6.070807 -27.072893
v -2.420793 6.515608 -27.180864
v -2.431831 6.533495 -27.176516
v -1.739860 6.120101 -27.054214
v -1.732280 6.112766 -27.082533
v -2.174989 5.705776 -26.983082
v -2.174898 5.723188 -26.995630
v -1.737605 6.161788 -27.063835
v -1.729972 6.155188 -27.092316
v -1.915329 6.533495 -27.172636
v -1.739552 6.203506 -27.073496
v -1.731940 6.197597 -27.102131
v -2.383242 6.537564 -27.185661
v -2.392609 6.556428 -27.181526
v -1.745683 6.244817 -27.083099
v -1.738167 6.239630 -27.111895
v -2.220445 5.707952 -26.983921
v -2.218411 5.725271 -26.996433
v -1.755949 6.285367 -27.092560
v -1.748593 6.280844 -27.121508
v -1.866411 5.861230 -26.995167
v -1.898220 5.833267 -26.988928
v -1.941041 5.876574 -27.034050
v -1.889278 5.926377 -27.045063
v -1.770243 6.324721 -27.101780
v -1.763132 6.320886 -27.130886
v -2.343755 6.555778 -27.189568
v -2.351366 6.575452 -27.185606
v -2.217100 6.586740 -27.195784
v -2.173357 6.588839 -27.195953
v -2.173600 6.588175 -27.165758
v -1.788487 6.362607 -27.110674
v -1.781698 6.359440 -27.139936
v -2.265389 5.714441 -26.985756
v -2.261443 5.731483 -26.998190
v -1.810432 6.398499 -27.119133
v -1.803994 6.395911 -27.148531
v -2.300708 6.569776 -27.162434
v -2.302637 6.570132 -27.192575
v -2.260293 6.580482 -27.194653
v -1.829881 6.430102 -27.156630
v -2.308421 6.590443 -27.188747
v -2.341135 6.555664 -27.159477
v -2.343752 6.555780 -27.189568
v -2.309460 5.725183 -26.988569
v -2.303630 5.741766 -27.000883
v -1.851091 6.449734 -27.131342
v -1.859077 6.461637 -27.164143
v -2.379950 6.537760 -27.155638
v -2.383243 6.537563 -27.185659
v -1.829880 6.430101 -27.156628
v -1.845116 6.477123 -27.159050
v -1.814618 6.444182 -27.151203
v -1.896291 6.491229 -27.141230
v -1.891317 6.490230 -27.171005
v -2.416867 6.516174 -27.150923
v -2.420794 6.515608 -27.180864
v -1.930673 6.516171 -27.147268
v -1.926301 6.515608 -27.177149
v -2.451341 6.491228 -27.145399
v -2.470942 6.477999 -27.172585
v -2.352239 5.740075 -26.992334
v -2.344586 5.756024 -27.004490
v -1.967519 6.537760 -27.152538
v -2.483149 6.463105 -27.139128
v -2.006286 6.555670 -27.156963
v -1.984097 6.548262 -27.185097
v -1.804002 6.395921 -27.148533
v -1.787585 6.408478 -27.142746
v -2.046645 6.569774 -27.160526
v -2.044270 6.570132 -27.190636
v -2.393308 5.758974 -26.997017
v -2.526725 6.414038 -27.128162
v -2.543507 6.395924 -27.154091
v -2.517514 6.430098 -27.161795
v -2.088279 6.579961 -27.163197
v -2.086576 6.580482 -27.193348
v -1.781692 6.359428 -27.139935
v -1.764286 6.370366 -27.133766
v -2.565945 6.359430 -27.145824
v -2.432287 5.781704 -27.002571
v -2.421217 5.795875 -27.014290
v -2.570522 6.341951 -27.111835
v -2.584635 6.320893 -27.137058
v -1.763136 6.320893 -27.130886
v -1.744903 6.330116 -27.124317
v -2.592398 6.285363 -27.098843
v -2.599313 6.280857 -27.127901
v -2.602803 6.244824 -27.089539
v -2.609888 6.239619 -27.118441
v -1.847255 5.862998 -27.025583
v -1.880088 5.848111 -26.992287
v -1.893343 5.821093 -27.016165
v -1.928388 5.795870 -27.010586
v -1.948710 5.798186 -26.981239
v -1.965765 5.774118 -27.005831
v -2.005150 5.756024 -27.001938
v -2.008172 5.769277 -26.974937
v -2.046148 5.741768 -26.998949
v -2.048499 5.755255 -26.971996
v -2.090015 5.745145 -26.969971
v -2.112050 5.727229 -26.996143
v -2.132366 5.739033 -26.968880
v -2.174896 5.723188 -26.995630
v -2.175098 5.736985 -26.968733
v -2.174896 5.723188 -26.995630
v -2.218417 5.725271 -26.996433
v -2.261430 5.731481 -26.998188
v -2.240635 5.741168 -26.970152
v -2.301692 5.755255 -26.973900
v -2.543581 5.914925 -27.042791
v -2.575824 5.968759 -27.055475
v -2.550422 5.944023 -27.019461
v -2.578022 5.998967 -27.032440
v -2.599206 6.029630 -27.069847
v -2.592357 6.038339 -27.041727
v -2.609806 6.070804 -27.079435
v -2.602767 6.078811 -27.051155
v -2.616216 6.112790 -27.089180
v -2.609058 6.120090 -27.060741
v -2.618374 6.155176 -27.098988
v -2.611170 6.161795 -27.070398
v -2.616259 6.197598 -27.108776
v -2.609078 6.203503 -27.080027
v -2.532855 6.444180 -27.156597
v -2.543509 6.395919 -27.154089
v -2.560007 6.408482 -27.148550
v -2.129757 6.586741 -27.195129
v -2.130718 6.586112 -27.164946
v -2.046155 5.741766 -26.998949
v -2.040510 5.725183 -26.986547
v -2.044257 6.570128 -27.190634
v -2.038538 6.590442 -27.186720
v -1.753229 6.059463 -27.029102
v -1.792070 5.961329 -27.006592
v -2.578845 6.005289 -27.022720
v -2.605237 6.104402 -27.045877
v -1.740042 6.141427 -27.047934
v -2.525516 5.913792 -27.001087
v -1.743517 6.224446 -27.067158
v -2.468645 5.852073 -26.986359
v -1.763582 6.305326 -27.086031
v -2.400500 5.802341 -26.974329
v -1.809204 6.397610 -27.107712
v -2.235462 6.584734 -27.154198
v -2.127403 6.587455 -27.154026
v -2.323712 5.766514 -26.965458
v -1.879701 6.477413 -27.126694
v -2.241205 5.745952 -26.960087
v -2.395946 6.529632 -27.142670
v -1.947897 6.527396 -27.138786
v -2.156217 5.741447 -26.958412
v -2.464809 6.480357 -27.131773
v -2.024868 6.563425 -27.147682
v -2.071754 5.753196 -26.960485
v -2.522489 6.418968 -27.118004
v -1.991340 5.780712 -26.966248
v -2.566849 6.347686 -27.101866
v -1.917931 5.822950 -26.975475
v -2.595979 6.269619 -27.084017
v -1.854325 5.878314 -26.987822
v -2.608958 6.187393 -27.065090
v -2.173699 6.592166 -27.157547
v -2.216899 6.590087 -27.157377
v -2.259561 6.583901 -27.156260
v -2.301402 6.573668 -27.154205
v -2.342026 6.559483 -27.151232
v -2.381018 6.541492 -27.147373
v -2.418106 6.519801 -27.142635
v -2.452740 6.494731 -27.137085
v -2.484693 6.466475 -27.130783
v -2.513639 6.435320 -27.123795
v -2.539314 6.401556 -27.116180
v -2.561476 6.365503 -27.108017
v -2.579932 6.327441 -27.099356
v -2.594432 6.287889 -27.090307
v -2.604880 6.247169 -27.080963
v -2.611185 6.205647 -27.071405
v -2.613286 6.163741 -27.061731
v -2.611163 6.121850 -27.052032
v -2.604841 6.080373 -27.042400
v -2.594383 6.039720 -27.032930
v -2.579978 6.000161 -27.023602
v -2.561554 5.962296 -27.014683
v -2.539421 5.926392 -27.006193
v -2.513787 5.892778 -26.998211
v -2.484895 5.861773 -26.990810
v -2.453033 5.833684 -26.984062
v -2.418503 5.808774 -26.978033
v -2.381633 5.787280 -26.972780
v -2.342781 5.769406 -26.968351
v -2.302308 5.755322 -26.964788
v -2.260623 5.745167 -26.962128
v -2.218108 5.739033 -26.960394
v -2.175116 5.736980 -26.959600
v -2.132174 5.739043 -26.959751
v -2.089638 5.745186 -26.960848
v -2.047920 5.755352 -26.962883
v -2.007404 5.769444 -26.965839
v -1.968494 5.787327 -26.969687
v -1.931555 5.808829 -26.974388
v -1.896940 5.833749 -26.979900
v -1.864989 5.861845 -26.986168
v -1.835999 5.892854 -26.993135
v -1.810254 5.926476 -27.000734
v -1.788002 5.962391 -27.008892
v -1.769460 6.000249 -27.017532
v -1.754925 6.039809 -27.026646
v -1.744334 6.080474 -27.035959
v -1.737878 6.121950 -27.045494
v -1.735621 6.163842 -27.055161
v -1.737586 6.205748 -27.064865
v -1.743755 6.247262 -27.074514
v -1.754075 6.287992 -27.084019
v -1.768442 6.327529 -27.093281
v -1.786777 6.365593 -27.102217
v -1.808816 6.401630 -27.110708
v -1.834390 6.435399 -27.118708
v -1.863240 6.466551 -27.126131
v -1.895095 6.494795 -27.132912
v -1.929646 6.519855 -27.138977
v -1.966662 6.541537 -27.144272
v -2.005607 6.559524 -27.148714
v -2.046167 6.573694 -27.152294
v -2.087992 6.583922 -27.154976
v -2.130636 6.590098 -27.156733
v -2.086673 6.107645 -27.162609
v -2.230389 6.071081 -27.155224
v -2.269747 6.141473 -27.171276
v -2.096713 6.203563 -27.183764
v -2.169521 6.240612 -27.192417
v -2.158885 6.054167 -27.150928
v -2.238595 6.215874 -27.187443
v -2.461741 6.222830 -27.146252
v -2.385212 6.274319 -27.172764
v -2.418525 6.174048 -27.150925
v -1.974355 5.939360 -27.078512
v -2.078120 5.954816 -27.105799
v -1.983258 5.999761 -27.108566
v -2.412352 6.324967 -27.168953
v -2.073564 5.881035 -27.066090
v -2.188781 6.442256 -27.193762
v -2.074418 6.426045 -27.189226
v -2.139729 6.358798 -27.198002
v -2.068934 6.369091 -27.191595
v -2.329818 6.365627 -27.186594
v -2.151225 5.935068 -27.101875
v -2.188076 5.864138 -27.063156
v -1.995351 6.351346 -27.180225
v -2.227044 5.939776 -27.103558
v -2.283130 6.450789 -27.187035
v -2.228425 6.360249 -27.197552
v -2.300519 5.891313 -27.070129
v -1.919688 6.302907 -27.160227
v -1.966889 6.237446 -27.167501
v -2.337945 5.973562 -27.105982
v -2.393586 5.958436 -27.086014
v -1.868603 6.250160 -27.139414
v -1.877509 6.140002 -27.123100
v -1.958726 6.161514 -27.152639
v -2.465002 6.019169 -27.090780
v -2.405574 6.069780 -27.127098
v -1.960960 6.092170 -27.135944
v -2.467317 6.110075 -27.120811
v -1.905471 6.030245 -27.098513
v -2.151596 6.007400 -27.134159
v -2.050559 6.037102 -27.136047
v -2.327983 6.218404 -27.178020
v -2.298448 6.296941 -27.189777
v -2.261230 6.262275 -27.191299
v -2.049773 6.298037 -27.188141
v -2.160175 6.289660 -27.197132
v -2.061106 6.239525 -27.184849
v -2.260062 6.033279 -27.140726
v -2.290200 5.995562 -27.122372
v -2.028732 6.135242 -27.161852
v -2.346380 6.058682 -27.137012
v -2.317896 6.126459 -27.161854
v -2.369714 6.148904 -27.157312
v -1.811022 5.925810 -27.010683
v -1.832576 6.026840 -27.069349
v -2.592559 6.037293 -27.042402
v -2.538683 6.088603 -27.086847
v -2.484104 5.949974 -27.052658
v -1.796326 6.271545 -27.111988
v -1.807644 6.186856 -27.105434
v -1.855185 6.344443 -27.139744
v -2.301561 6.569772 -27.163326
v -2.228933 6.514933 -27.181963
v -2.372784 6.457488 -27.171879
v -2.544507 6.224568 -27.115574
v -2.516760 6.297734 -27.134266
v -2.540340 6.146223 -27.101933
v -1.806613 6.105068 -27.084780
v -2.423067 5.888591 -27.040043
v -2.364623 5.846548 -27.029993
v -2.156431 6.518579 -27.182274
v -2.298881 5.816419 -27.022614
v -1.898867 6.401206 -27.153191
v -2.228340 5.799370 -27.018196
v -1.953191 6.448663 -27.164593
v -2.144552 5.800493 -27.019949
v -2.015656 6.484790 -27.173389
v -2.434855 6.414502 -27.160625
v -2.084241 6.508394 -27.179359
v -2.069026 5.810824 -27.019966
v -2.481648 6.360095 -27.148397
v -2.001721 5.837570 -27.025579
v -2.592398 6.285365 -27.098843
v -2.577964 6.324725 -27.107849
v -1.932673 5.808469 -26.983444
v -2.559585 6.362617 -27.116468
v -1.969441 5.787071 -26.978765
v -2.173597 6.588175 -27.165758
v -2.130714 6.586112 -27.164946
v -2.537528 6.398489 -27.124592
v -2.008172 5.769277 -26.974937
v -2.088271 6.579959 -27.163197
v -2.511965 6.432097 -27.132170
v -2.048492 5.755257 -26.971996
v -2.046658 6.569778 -27.160526
v -2.483144 6.463110 -27.139128
v -2.090020 5.745144 -26.969971
v -2.006280 6.555667 -27.156963
v -2.451345 6.491224 -27.145397
v -2.132358 5.739034 -26.968880
v -1.967518 6.537759 -27.152538
v -2.416866 6.516174 -27.150921
v -2.175098 5.736986 -26.968733
v -1.930676 6.516173 -27.147268
v -2.379950 6.537759 -27.155636
v -2.217889 5.739034 -26.969522
v -1.896288 6.491227 -27.141228
v -2.341127 6.555667 -27.159477
v -2.260206 5.745144 -26.971249
v -1.864583 6.463109 -27.134481
v -2.301699 5.755257 -26.973900
v -1.835871 6.432098 -27.127090
v -2.259053 6.579958 -27.164478
v -2.341967 5.769276 -26.977444
v -1.810425 6.398489 -27.119129
v -2.216580 6.586112 -27.165590
v -2.380639 5.787072 -26.981853
v -1.788493 6.362617 -27.110676
v -2.417334 5.808471 -26.987085
v -1.770245 6.324726 -27.101780
v -2.451700 5.833268 -26.993086
v -1.755948 6.285363 -27.092560
v -2.483413 5.861232 -26.999804
v -1.745685 6.244828 -27.083101
v -2.512157 5.892085 -27.007168
v -1.739552 6.203502 -27.073494
v -2.537671 5.925551 -27.015116
v -1.737605 6.161799 -27.063837
v -2.559695 5.961290 -27.023567
v -1.739861 6.120098 -27.054213
v -2.578021 5.998965 -27.032440
v -1.746295 6.078819 -27.044724
v -1.756847 6.038338 -27.035450
v -2.602769 6.078822 -27.051157
v -1.771319 5.998970 -27.026381
v -2.609060 6.120101 -27.060745
v -1.789778 5.961291 -27.017782
v -2.611170 6.161794 -27.070398
v -2.609078 6.203505 -27.080029
v -1.837555 5.892088 -27.002100
v -2.602802 6.244828 -27.089539
v -2.468555 5.807339 -27.007912
v -2.392905 5.758335 -26.995996
v -2.408559 5.780054 -26.998987
v -1.996768 5.740048 -26.988789
v -1.916545 5.781857 -26.997864
v -1.951045 5.774239 -26.994156
v -2.630045 6.244792 -27.110359
v -2.638779 6.156461 -27.090023
v -2.627032 6.137135 -27.083340
v -2.622488 6.223604 -27.103287
v -1.815547 5.870940 -27.017740
v -1.745929 5.983130 -27.043144
v -1.765233 5.968596 -27.037838
v -1.811670 5.893985 -27.020895
v -2.629688 6.068347 -27.069639
v -2.614370 6.052310 -27.063663
v -1.719105 6.068090 -27.062662
v -1.735043 6.050190 -27.056576
v -2.603303 5.984056 -27.050200
v -2.591822 5.986969 -27.048328
v -1.712310 6.112816 -27.073307
v -1.723595 6.116644 -27.071836
v -2.583630 5.943295 -27.040281
v -2.563690 5.931734 -27.035295
v -1.709699 6.157938 -27.083384
v -1.721393 6.178282 -27.086042
v -2.532954 5.869785 -27.022861
v -2.522944 5.876427 -27.022188
v -1.718476 6.245414 -27.103975
v -1.730265 6.245912 -27.101759
v -2.479666 5.831629 -27.011467
v -1.729401 6.289326 -27.113892
v -1.746511 6.305477 -27.115644
v -1.764151 6.371453 -27.133144
v -1.782889 6.382927 -27.134007
v -2.173407 6.610513 -27.191772
v -2.219868 6.608453 -27.191385
v -2.173456 6.600813 -27.187027
v -1.846860 5.837623 -27.010576
v -1.871642 5.830167 -27.006559
v -1.814669 6.445284 -27.150585
v -1.861089 6.478713 -27.156515
v -1.879015 6.508055 -27.165596
v -2.308895 5.724637 -26.987568
v -2.286049 5.730336 -26.986561
v -2.345889 5.749985 -26.991573
v -1.939187 6.536576 -27.170551
v -2.308530 6.590891 -27.188301
v -2.352273 6.575864 -27.184839
v -2.394313 6.544361 -27.175682
v -2.281338 6.587962 -27.185169
v -1.954874 6.557441 -27.177601
v -2.220474 5.707729 -26.983320
v -2.183090 5.716247 -26.982544
v -2.019500 6.573927 -27.179779
v -2.432764 6.533733 -27.175707
v -2.467566 6.494860 -27.164772
v -2.174239 5.705423 -26.982124
v -2.038450 6.590894 -27.186274
v -2.083381 6.602124 -27.188889
v -2.105706 6.595241 -27.185360
v -2.503174 6.477176 -27.163136
v -2.529394 6.432493 -27.150803
v -2.083764 5.714244 -26.983475
v -2.036365 5.738034 -26.986374
v -2.173392 6.610372 -27.191910
v -2.173437 6.599616 -27.186947
v -2.560892 6.408363 -27.147659
v -2.568343 6.375769 -27.138149
v -2.603771 6.329837 -27.129833
v -2.600731 6.307549 -27.122545
v -2.584635 6.320893 -27.137058
v -2.599316 6.280848 -27.127899
v -2.618299 6.288292 -27.121199
v -2.602967 6.330111 -27.130762
v -2.217095 6.586740 -27.195784
v -2.264182 6.601258 -27.190918
v -2.219060 6.607794 -27.192101
v -2.456164 5.821091 -27.020393
v -2.468784 5.808039 -27.008945
v -2.502469 5.837741 -27.016079
v -2.488406 5.849522 -27.027222
v -1.738166 6.239622 -27.111893
v -1.748594 6.280848 -27.121508
v -1.729712 6.288286 -27.114521
v -1.718817 6.245226 -27.104485
v -2.565946 6.359426 -27.145824
v -2.583442 6.370366 -27.139919
v -2.005149 5.756024 -27.001938
v -1.997681 5.740075 -26.989670
v -2.173369 6.588839 -27.195955
v -2.173394 6.609986 -27.192278
v -2.086584 6.580484 -27.193348
v -2.082745 6.601258 -27.189556
v -1.831660 5.880901 -27.029556
v -1.816465 5.870513 -27.018517
v -1.847110 5.837742 -27.011154
v -1.861004 5.849522 -27.022507
v -2.609889 6.239620 -27.118443
v -2.629346 6.245222 -27.111324
v -1.768644 6.327346 -27.093468
v -1.786963 6.365387 -27.102400
v -1.965771 5.774115 -27.005829
v -1.956543 5.758975 -26.993736
v -1.805604 5.914922 -27.037247
v -1.789242 5.906057 -27.026550
v -2.129754 6.586740 -27.195129
v -2.127841 6.607794 -27.191416
v -2.616259 6.197598 -27.108776
v -2.618374 6.155179 -27.098988
v -2.638217 6.157014 -27.091017
v -2.636004 6.201325 -27.101233
v -1.928381 5.795875 -27.010588
v -1.917491 5.781702 -26.998705
v -1.783081 5.951266 -27.045502
v -1.765717 5.944018 -27.035173
v -2.616215 6.112776 -27.089176
v -2.635965 6.112724 -27.080776
v -1.764305 5.989588 -27.054247
v -1.746093 5.984077 -27.044312
v -1.893345 5.821092 -27.016163
v -1.880895 5.808042 -27.004528
v -2.609805 6.070799 -27.079435
v -2.629274 6.068878 -27.070606
v -1.749576 6.029630 -27.063465
v -1.730709 6.025902 -27.053938
v -2.599208 6.029635 -27.069851
v -2.618216 6.025905 -27.060606
v -1.738834 6.070801 -27.072891
v -1.719502 6.068873 -27.063770
v -2.584616 5.989584 -27.060410
v -2.602974 5.984070 -27.050749
v -1.732279 6.112779 -27.082535
v -1.712657 6.112724 -27.073839
v -2.565977 5.951269 -27.051384
v -2.583494 5.944021 -27.041317
v -1.729973 6.155177 -27.092312
v -1.710252 6.157018 -27.084045
v -2.543579 5.914922 -27.042791
v -2.560098 5.906054 -27.032341
v -1.731940 6.197593 -27.102129
v -1.712311 6.201321 -27.094292
v -2.517640 5.880900 -27.034710
v -2.533007 5.870521 -27.023903
v -1.754287 6.287823 -27.084209
v -1.865192 5.861927 -26.986418
v -1.836215 5.892913 -26.993380
v -2.604633 6.247118 -27.081179
v -2.610939 6.205626 -27.071629
v -1.810482 5.926513 -27.000975
v -2.613043 6.163743 -27.061960
v -1.788238 5.962405 -27.009129
v -2.610927 6.121874 -27.052265
v -1.769699 6.000246 -27.017763
v -2.604614 6.080420 -27.042641
v -1.755168 6.039781 -27.026869
v -2.594165 6.039781 -27.033173
v -1.744578 6.080420 -27.036179
v -2.579772 6.000246 -27.023849
v -1.738121 6.121874 -27.045708
v -2.561366 5.962405 -27.014936
v -1.735859 6.163743 -27.055370
v -2.539247 5.926513 -27.006451
v -1.737818 6.205625 -27.065067
v -2.513630 5.892914 -26.998470
v -1.743980 6.247118 -27.074713
v -2.484761 5.861927 -26.991074
v -2.452919 5.833848 -26.984329
v -2.173655 6.591882 -27.157711
v -2.216817 6.589809 -27.157543
v -2.418409 5.808947 -26.978302
v -2.259462 6.583631 -27.156425
v -2.381562 5.787459 -26.973051
v -2.322408 6.574767 -27.181030
v -2.301285 6.573407 -27.154373
v -2.342731 5.769591 -26.968624
v -2.341882 6.559237 -27.151403
v -2.302289 5.755512 -26.965061
v -1.808989 6.401413 -27.110889
v -1.807934 6.417613 -27.140810
v -1.834540 6.435159 -27.118883
v -2.380862 6.541257 -27.147547
v -2.260624 5.745356 -26.962402
v -1.863371 6.466299 -27.126305
v -2.417929 6.519583 -27.142813
v -2.218133 5.739221 -26.960667
v -1.895205 6.494531 -27.133080
v -2.452548 6.494531 -27.137266
v -2.175164 5.737164 -26.959873
v -1.929737 6.519583 -27.139145
v -2.484480 6.466299 -27.130970
v -2.112657 5.722497 -26.982227
v -2.132247 5.739221 -26.960022
v -1.966729 6.541257 -27.144436
v -2.513419 6.435159 -27.123983
v -2.089735 5.745356 -26.961117
v -2.005646 6.559237 -27.148878
v -2.539087 6.401413 -27.116375
v -2.048034 5.755512 -26.963152
v -2.046194 6.573408 -27.152458
v -2.561238 6.365387 -27.108217
v -2.007544 5.769591 -26.966105
v -2.087981 6.583632 -27.155138
v -2.130605 6.589809 -27.156895
v -1.968651 5.787459 -26.969948
v -2.173655 6.591882 -27.157711
v -1.931729 5.808947 -26.974646
v -2.579690 6.327346 -27.099562
v -1.897132 5.833848 -26.980154
v -2.594184 6.287823 -27.090519
v -1.926300 6.515607 -27.177149
v -1.878793 6.506991 -27.166218
v -1.891318 6.490231 -27.171005
v -1.859077 6.461637 -27.164143
v -2.325135 5.748171 -27.002533
v -2.358073 5.775708 -26.979092
v -2.383905 5.774117 -27.008972
v -2.383904 5.774116 -27.008972
v -2.439892 5.808081 -27.017263
v -2.417328 5.808466 -26.987083
v -2.465191 5.843972 -26.995705
v -2.488407 5.849523 -27.027222
v -2.517640 5.880900 -27.034710
v -2.512161 5.892090 -27.007170
v -2.517514 6.430099 -27.161795
v -2.488205 6.461637 -27.168869
v -2.302643 6.570129 -27.192574
v -2.260286 6.580483 -27.194653
v -2.238624 6.583935 -27.165253
v -2.175098 5.736985 -26.968733
v -2.127836 6.607794 -27.191416
v -1.995649 6.575453 -27.182934
v -1.915331 6.533496 -27.172636
v -1.845115 6.477123 -27.159050
v -1.787588 6.408482 -27.142746
v -1.744902 6.330114 -27.124317
v -1.712311 6.201324 -27.094292
v -1.730708 6.025903 -27.053938
v -1.789243 5.906055 -27.026550
v -1.765716 5.944019 -27.035173
v -1.880895 5.808042 -27.004528
v -1.956543 5.758975 -26.993736
v -2.040511 5.725183 -26.986547
v -2.129586 5.707952 -26.983238
v -2.265389 5.714441 -26.985756
v -2.352238 5.740075 -26.992334
v -2.432285 5.781703 -27.002571
v -2.502468 5.837741 -27.016079
v -2.560099 5.906056 -27.032341
v -2.618215 6.025903 -27.060606
v -2.635965 6.112724 -27.080776
v -2.636004 6.201324 -27.101233
v -2.618300 6.288289 -27.121199
v -2.583442 6.370367 -27.139919
v -2.532855 6.444181 -27.156597
v -2.468462 6.506989 -27.170647
v -2.392608 6.556428 -27.181526
v -2.264179 6.601259 -27.190918
v 11.637051 3.191979 24.669258
v 11.641486 3.171374 24.728617
v 11.650331 3.211596 24.735054
v 11.629230 3.133241 24.710501
v 11.645864 3.140919 24.735477
v 11.637718 3.146354 24.670563
v 11.655312 3.183721 24.726799
v 11.656067 3.215299 24.688116
v 11.642128 3.147657 24.817671
v 11.625367 3.093719 24.787657
v 11.603619 3.113632 24.610050
v 11.620188 3.173556 24.612989
v 11.656646 3.213743 24.820024
v 11.612927 3.086978 24.696636
v 11.659225 3.262932 24.743454
v 11.644508 3.254580 24.651730
v 11.567101 3.253863 24.429012
v 11.580538 3.217412 24.471247
v 11.604445 3.304738 24.499796
v 11.596663 3.354801 24.473858
v 11.573860 2.973777 24.915199
v 11.586400 2.992989 24.860916
v 11.546881 2.916137 24.820150
v 11.563364 2.950762 24.765831
v 11.654342 3.470702 24.688515
v 11.663986 3.395065 24.722811
v 11.667023 3.454673 24.800898
v 11.670334 3.376237 24.795280
v 11.626239 3.394963 24.551826
v 11.526880 2.899436 24.708748
v 11.668612 3.407058 24.889166
v 11.560518 2.974188 24.664642
v 11.668356 3.355642 24.903879
v 11.652114 3.389649 24.649231
v 11.633656 3.479127 24.597363
v 11.516872 2.926293 24.597874
v 11.545120 2.999449 24.564562
v 11.501392 2.955647 24.510872
v 11.508801 3.010259 24.464569
v 11.563589 3.069205 24.533066
v 11.647417 3.223726 24.973370
v 11.634753 3.149295 24.950169
v 11.622468 3.151185 25.024380
v 11.549219 3.114585 24.460289
v 11.603697 3.063571 24.979485
v 11.610800 3.061817 24.921608
v 11.538687 3.188441 24.399189
v 11.606076 3.036597 24.835279
v 11.601693 3.041002 24.733753
v 11.582514 2.994609 24.743729
v 11.659790 3.321192 24.702129
v 11.666102 3.289716 24.794075
v 11.668277 3.309123 24.846191
v 11.639732 3.308321 24.606228
v 11.582432 3.044150 24.623335
v 11.658631 3.237206 24.890301
v 11.637058 3.136490 24.896248
v 11.584090 3.143929 24.522261
v 11.604815 3.188812 24.548176
v 11.475337 3.221128 24.290070
v 11.532393 3.275681 24.360867
v 11.500105 3.135833 24.359406
v 11.582882 3.080872 25.091888
v 11.578233 3.034002 25.046944
v 11.617140 3.187185 25.080084
v 11.459322 2.978807 24.404905
v 11.488564 3.058664 24.387218
v 11.417835 2.883631 24.437798
v 11.623186 3.334149 25.124630
v 11.651107 3.362125 25.024647
v 11.631960 3.257190 25.071468
v 11.468031 2.882003 24.541235
v 11.603384 3.596231 24.567686
v 11.636802 3.542567 24.651058
v 11.605426 3.485804 24.512043
v 11.540930 3.452120 24.369871
v 11.555876 3.349749 24.390579
v 11.585142 3.443306 24.453079
v 11.553885 2.960904 25.003361
v 11.535382 2.911685 24.954437
v 11.660160 3.290812 24.947859
v 11.647954 3.546172 24.721836
v 11.470662 2.852228 24.606571
v 11.658079 3.430180 24.977821
v 11.476902 2.835380 24.676144
v 11.661091 3.477075 24.923038
v 11.491152 2.836487 24.757736
v 11.660337 3.512784 24.860703
v 11.655910 3.536108 24.792809
v 11.502471 2.846701 24.831516
v 11.518023 2.873127 24.896420
v 11.540171 2.955132 25.087151
v 11.573635 2.960344 25.099354
v 11.556847 2.910481 25.064632
v 11.528812 2.921665 25.062960
v 11.595148 3.491220 24.394566
v 11.583717 3.459683 24.366665
v 11.576258 3.473768 24.352291
v 11.588196 3.506706 24.381430
v 11.551550 2.990876 25.107817
v 11.599894 3.536570 24.413807
v 11.562841 3.028544 25.124756
v 11.591449 3.019164 25.127472
v 11.473907 2.744024 24.821423
v 11.465954 2.737535 24.777155
v 11.478071 2.754854 24.773434
v 11.573998 3.067919 25.137691
v 11.602795 3.059219 25.140640
v 11.688034 3.567149 24.910881
v 11.683627 3.605037 24.879309
v 11.685216 3.586010 24.920731
v 11.584764 3.108408 25.146721
v 11.613739 3.100392 25.149830
v 11.617211 3.545191 24.459381
v 11.611242 3.563081 24.449135
v 11.595115 3.149663 25.151642
v 11.624264 3.142360 25.154850
v 11.458925 2.735360 24.732300
v 11.471344 2.752771 24.730492
v 11.604971 3.191377 25.152414
v 11.634277 3.184765 25.155647
v 11.688410 3.545190 24.948740
v 11.685609 3.563082 24.960262
v 11.614227 3.233096 25.149027
v 11.643682 3.227180 25.152216
v 11.627638 3.567148 24.495777
v 11.622132 3.586011 24.487141
v 11.622790 3.274406 25.141512
v 11.652390 3.269199 25.144587
v 11.452871 2.737535 24.687241
v 11.465549 2.754854 24.687355
v 11.630587 3.314945 25.129934
v 11.660316 3.310438 25.132818
v 11.687633 3.519814 24.984247
v 11.684797 3.536574 24.997353
v 11.517592 2.890813 25.035488
v 11.506610 2.862852 25.004995
v 11.544729 2.906158 24.955828
v 11.558471 2.960351 25.037746
v 11.637535 3.354302 25.114410
v 11.667385 3.350478 25.117027
v 11.637478 3.585360 24.534212
v 11.632410 3.605036 24.527292
v 11.633034 3.615695 24.663559
v 11.669590 3.618422 24.701668
v 11.639706 3.617759 24.706013
v 11.643568 3.392203 25.095020
v 11.673517 3.389007 25.097317
v 11.447881 2.744024 24.642540
v 11.460770 2.761066 24.644558
v 11.625503 3.609541 24.621735
v 11.658932 3.614160 24.635632
v 11.648603 3.428072 25.072063
v 11.678640 3.425505 25.073959
v 11.682810 3.506702 25.031731
v 11.617178 3.599361 24.580881
v 11.646675 3.599712 24.574396
v 11.652620 3.461676 25.045708
v 11.682724 3.459680 25.047157
v 11.646675 3.599713 24.574398
v 11.642017 3.620027 24.569267
v 11.637478 3.585361 24.534214
v 11.443989 2.754766 24.598549
v 11.457045 2.771350 24.602444
v 11.655577 3.492694 25.016203
v 11.686858 3.504625 25.002949
v 11.602930 3.576018 24.519987
v 11.627638 3.567147 24.495773
v 11.682723 3.459681 25.047157
v 11.679670 3.473770 25.063059
v 11.657447 3.520807 24.983849
v 11.588207 3.545754 24.467793
v 11.617212 3.545191 24.459383
v 11.658211 3.545758 24.948936
v 11.688525 3.555733 24.932163
v 11.577530 3.520810 24.434555
v 11.601439 3.507591 24.411076
v 11.441235 2.769659 24.555693
v 11.454408 2.785605 24.561420
v 11.657841 3.567342 24.911722
v 11.566517 3.492695 24.404072
v 11.678640 3.425511 25.073956
v 11.675406 3.438064 25.091061
v 11.555273 3.461675 24.376631
v 11.583718 3.459685 24.366667
v 11.439645 2.788561 24.514381
v 11.452885 2.803701 24.521870
v 11.543913 3.428069 24.352512
v 11.572166 3.425511 24.342140
v 11.648154 3.613560 24.771175
v 11.682161 3.606376 24.807827
v 11.655081 3.594431 24.849049
v 11.673517 3.389005 25.097319
v 11.532545 3.392201 24.331944
v 11.560596 3.389006 24.321207
v 11.439234 2.811283 24.475025
v 11.452493 2.825456 24.484188
v 11.521238 3.354301 24.315077
v 11.549102 3.350467 24.304058
v 11.510157 3.314955 24.302177
v 11.537830 3.310443 24.290941
v 11.499381 3.274406 24.293301
v 11.526880 3.269215 24.281921
v 11.619520 3.256962 24.555626
v 11.545433 2.879098 25.036690
v 11.512674 2.877688 25.022400
v 11.534270 2.850677 25.005692
v 11.495974 2.838057 24.971773
v 11.517685 2.812726 24.952332
v 11.485779 2.816652 24.936127
v 11.503281 2.785606 24.897326
v 11.472018 2.791814 24.881077
v 11.494116 2.771348 24.857243
v 11.451342 2.768617 24.776590
v 11.471344 2.752771 24.730492
v 11.444725 2.766569 24.734364
v 11.444725 2.766569 24.734364
v 11.471344 2.752771 24.730492
v 11.465549 2.754854 24.687355
v 11.436779 2.770542 24.673016
v 11.460769 2.761066 24.644554
v 11.457045 2.771350 24.602442
v 11.430664 2.784841 24.608440
v 11.454409 2.785604 24.561424
v 11.428072 2.798858 24.568102
v 11.452886 2.803699 24.521875
v 11.426575 2.816653 24.529209
v 11.452494 2.825463 24.484177
v 11.426351 2.848506 24.476040
v 11.453235 2.850675 24.448715
v 11.455102 2.879100 24.415817
v 11.428756 2.890808 24.424908
v 11.458080 2.910488 24.385777
v 11.433319 2.936156 24.382896
v 11.462138 2.944501 24.358921
v 11.467243 2.980855 24.335476
v 11.440697 2.990878 24.345898
v 11.473340 3.019165 24.315689
v 11.446692 3.028542 24.326443
v 11.480462 3.059214 24.299835
v 11.453703 3.067928 24.310863
v 11.488334 3.100384 24.287907
v 11.461447 3.108397 24.299147
v 11.496994 3.142365 24.280096
v 11.469972 3.149683 24.291475
v 11.506367 3.184769 24.276478
v 11.479191 3.191363 24.287928
v 11.516356 3.227170 24.277086
v 11.489032 3.233096 24.288536
v 11.564190 3.438061 24.326664
v 11.675378 3.616323 24.744915
v 11.494116 2.771349 24.857246
v 11.482714 2.754768 24.864708
v 11.683878 3.599714 24.830090
v 11.680875 3.620027 24.836342
v 11.535669 2.867661 25.053192
v 11.559681 2.936147 25.108009
v 11.563120 2.959449 25.109091
v 11.539589 2.890227 25.058784
v 11.540142 2.990912 25.107246
v 11.568270 3.089035 25.142227
v 11.436959 3.034868 24.327099
v 11.455854 3.133986 24.297504
v 11.588884 3.171008 25.152412
v 11.423651 2.943385 24.383080
v 11.607362 3.254029 25.146069
v 11.416129 2.831921 24.510717
v 11.637502 3.427195 25.074997
v 11.618912 3.614316 24.646606
v 11.635104 3.617038 24.753456
v 11.418987 2.796101 24.587950
v 11.645592 3.506993 25.002443
v 11.426168 2.775537 24.670321
v 11.583215 3.559209 24.489714
v 11.647219 3.556982 24.933193
v 11.437386 2.771030 24.754612
v 11.562019 3.509938 24.423306
v 11.644360 3.593007 24.855766
v 11.452219 2.782777 24.837757
v 11.470090 2.810293 24.916378
v 11.517008 3.377263 24.326971
v 11.490330 2.852538 24.987553
v 11.494955 3.299197 24.300879
v 11.512165 2.907904 25.048555
v 11.631574 3.621749 24.707151
v 11.624868 3.619671 24.664490
v 11.617302 3.613485 24.622486
v 11.608932 3.603248 24.581425
v 11.599848 3.589067 24.541733
v 11.590128 3.571075 24.503773
v 11.579830 3.549387 24.467834
v 11.569098 3.524312 24.434431
v 11.558033 3.496061 24.403807
v 11.546740 3.464900 24.376247
v 11.535326 3.431132 24.352018
v 11.523903 3.395091 24.331354
v 11.512547 3.357021 24.314419
v 11.501408 3.317473 24.301458
v 11.490589 3.276749 24.292545
v 11.480188 3.235233 24.287760
v 11.470306 3.193322 24.287148
v 11.461042 3.151437 24.290714
v 11.452477 3.109951 24.298424
v 11.444702 3.069306 24.310192
v 11.437660 3.029743 24.325844
v 11.431635 2.991886 24.345404
v 11.426592 2.955972 24.368572
v 11.422583 2.922362 24.395119
v 11.419641 2.891358 24.424793
v 11.417797 2.863273 24.457306
v 11.417067 2.838353 24.492365
v 11.417456 2.816861 24.529600
v 11.418960 2.798990 24.568672
v 11.421566 2.784906 24.609217
v 11.425247 2.774750 24.650827
v 11.429970 2.768615 24.693115
v 11.435697 2.766563 24.735729
v 11.442345 2.768626 24.778154
v 11.449870 2.774769 24.820030
v 11.458200 2.784934 24.860962
v 11.467256 2.799027 24.900562
v 11.476952 2.816912 24.938446
v 11.487189 2.838413 24.974243
v 11.497879 2.863332 25.007626
v 11.508915 2.891432 25.038261
v 11.520188 2.922435 25.065861
v 11.531598 2.956058 25.090157
v 11.543033 2.991974 25.110918
v 11.554380 3.029837 25.127941
v 11.565586 3.069388 25.140924
v 11.576399 3.110056 25.149984
v 11.586801 3.151530 25.154922
v 11.596699 3.193427 25.155689
v 11.605991 3.235327 25.152279
v 11.614597 3.276847 25.144716
v 11.622427 3.317571 25.133080
v 11.629407 3.357114 25.117477
v 11.635466 3.395177 25.097998
v 11.640524 3.431219 25.074924
v 11.644558 3.464978 25.048441
v 11.647528 3.496136 25.018795
v 11.649405 3.524378 24.986282
v 11.650171 3.549437 24.951212
v 11.649798 3.571121 24.913820
v 11.648294 3.589106 24.874657
v 11.645690 3.603281 24.834003
v 11.642011 3.613503 24.792278
v 11.637290 3.619681 24.749851
v 11.632876 3.180149 24.610214
v 11.662667 3.190981 24.798273
v 11.638606 3.104347 24.768555
v 11.613590 3.090766 24.632132
v 11.654722 3.253850 24.649315
v 11.669403 3.266466 24.728973
v 11.619730 3.062521 24.719749
v 11.576799 3.252415 24.424149
v 11.614590 3.303900 24.495779
v 11.587960 3.203635 24.466156
v 11.606716 3.354559 24.469532
v 11.576365 2.950873 24.894545
v 11.543213 2.888667 24.830681
v 11.573011 2.945652 24.765024
v 11.596324 2.988385 24.861244
v 11.665087 3.471846 24.686764
v 11.677919 3.455622 24.800501
v 11.674016 3.420327 24.724522
v 11.681091 3.398682 24.805561
v 11.636648 3.395205 24.548443
v 11.542200 2.894728 24.750225
v 11.680994 3.380929 24.880013
v 11.529617 2.901912 24.649921
v 11.557581 2.947664 24.658201
v 11.644155 3.480366 24.594524
v 11.660707 3.413936 24.641628
v 11.672683 3.332484 24.957844
v 11.672760 3.284606 24.925823
v 11.525267 2.949936 24.544666
v 11.553899 2.987527 24.570820
v 11.656025 3.261382 25.019173
v 11.664166 3.216761 24.919638
v 11.542524 3.029050 24.490387
v 11.636847 3.162090 25.025259
v 11.649172 3.149167 24.926765
v 11.609928 3.064465 25.011751
v 11.627363 3.069317 24.900841
v 11.556232 3.097863 24.460361
v 11.543691 3.167664 24.394798
v 11.589272 2.997768 24.975365
v 11.667679 3.367914 24.672085
v 11.680370 3.352169 24.783760
v 11.672750 3.319240 24.714535
v 11.608797 3.015639 24.813034
v 11.587912 2.987762 24.714344
v 11.623430 3.056035 24.785019
v 11.676231 3.279182 24.804327
v 11.602756 3.043350 24.662470
v 11.677031 3.286232 24.864723
v 11.650297 3.307530 24.603470
v 11.580114 3.020298 24.605862
v 11.666285 3.206482 24.846827
v 11.589400 3.113998 24.527313
v 11.613998 3.156039 24.563972
v 11.645111 3.117676 24.839016
v 11.607996 3.206565 24.514566
v 11.631748 3.258848 24.556961
v 11.489672 3.232242 24.287918
v 11.538207 3.259559 24.352619
v 11.506430 3.118190 24.357090
v 11.592774 3.077333 25.094963
v 11.627457 3.184907 25.082951
v 11.641126 3.282643 25.091549
v 11.661827 3.361937 25.026855
v 11.617928 3.599356 24.579899
v 11.647346 3.544523 24.648876
v 11.615597 3.487075 24.508198
v 11.459809 2.774213 24.819054
v 11.499975 2.830072 24.756817
v 11.527168 2.867153 24.897129
v 11.556620 3.327314 24.371578
v 11.494157 3.050150 24.380104
v 11.480894 2.979558 24.416206
v 11.477673 2.918182 24.478453
v 11.476581 2.876126 24.537746
v 11.659858 3.552050 24.735306
v 11.479245 2.846005 24.603848
v 11.668880 3.430794 24.979477
v 11.485561 2.828954 24.674259
v 11.671926 3.478243 24.924061
v 11.672148 3.506392 24.865234
v 11.595078 3.444088 24.448551
v 11.668613 3.532057 24.812500
v 11.575899 3.389670 24.404133
v 11.510154 3.314950 24.302177
v 11.521240 3.354308 24.315079
v 11.495971 2.838051 24.971764
v 11.532543 3.392195 24.331940
v 11.485781 2.816656 24.936134
v 11.639707 3.617759 24.706020
v 11.645396 3.615695 24.748526
v 11.543915 3.428075 24.352516
v 11.476131 2.798859 24.898422
v 11.650093 3.609543 24.790745
v 11.555273 3.461679 24.376633
v 11.467121 2.784842 24.859020
v 11.653755 3.599361 24.832283
v 11.566515 3.492690 24.404068
v 11.656345 3.585249 24.872738
v 11.577529 3.520809 24.434555
v 11.451342 2.768617 24.776592
v 11.657841 3.567342 24.911724
v 11.588209 3.545759 24.467800
v 11.444725 2.766569 24.734364
v 11.658211 3.545758 24.948936
v 11.598459 3.567343 24.503578
v 11.439027 2.768617 24.691948
v 11.657446 3.520809 24.983845
v 11.608132 3.585249 24.541367
v 11.434328 2.774727 24.649860
v 11.655577 3.492693 25.016203
v 11.430664 2.784841 24.608442
v 11.652620 3.461682 25.045702
v 11.625504 3.609542 24.621738
v 11.428072 2.798861 24.568094
v 11.648603 3.428074 25.072060
v 11.633033 3.615695 24.663555
v 11.426575 2.816654 24.529205
v 11.643567 3.392195 25.095024
v 11.426189 2.838051 24.492146
v 11.637537 3.354308 25.114407
v 11.426918 2.862854 24.457260
v 11.630589 3.314951 25.129932
v 11.428756 2.890814 24.424900
v 11.622789 3.274400 25.141514
v 11.431684 2.921667 24.395374
v 11.614225 3.233091 25.149027
v 11.435677 2.955129 24.368954
v 11.604971 3.191379 25.152414
v 11.440697 2.990874 24.345900
v 11.595119 3.149680 25.151642
v 11.446693 3.028552 24.326439
v 11.584764 3.108407 25.146721
v 11.453701 3.067925 24.310863
v 11.573999 3.067923 25.137691
v 11.461447 3.108405 24.299145
v 11.562841 3.028548 25.124758
v 11.469971 3.149682 24.291473
v 11.551552 2.990880 25.107819
v 11.479195 3.191377 24.287926
v 11.540169 2.955125 25.087147
v 11.528816 2.921674 25.062965
v 11.499382 3.274410 24.293301
v 11.501970 2.788376 24.946865
v 11.512666 2.811439 24.985523
v 11.516838 2.832423 24.995417
v 11.495741 2.788253 24.921436
v 11.527275 3.317508 24.272581
v 11.504846 3.230400 24.258232
v 11.499496 3.210057 24.268864
v 11.514654 3.271206 24.274761
v 11.485121 3.142384 24.261576
v 11.484279 3.141877 24.273540
v 11.583892 3.013656 25.147385
v 11.581597 3.020436 25.137766
v 11.475639 3.097928 24.269737
v 11.472054 3.081899 24.285782
v 11.606612 3.097671 25.170879
v 11.598183 3.079771 25.156044
v 11.460420 3.013644 24.298759
v 11.457532 3.000190 24.317820
v 11.618164 3.142398 25.175983
v 11.615003 3.146227 25.165054
v 11.453594 2.972875 24.319710
v 11.628520 3.187526 25.177040
v 11.629375 3.207863 25.165079
v 11.446978 2.925317 24.365780
v 11.444464 2.900001 24.372046
v 11.647543 3.274993 25.165247
v 11.643569 3.275495 25.153929
v 11.440954 2.866599 24.403900
v 11.440852 2.861210 24.426840
v 11.655693 3.318911 25.152945
v 11.654836 3.335063 25.135767
v 11.438267 2.810607 24.475494
v 11.439283 2.809636 24.499016
v 11.669461 3.401033 25.115683
v 11.667477 3.412513 25.097027
v 11.665449 3.640095 24.702267
v 11.658031 3.638035 24.656391
v 11.660751 3.630395 24.702934
v 11.679053 3.474865 25.063107
v 11.677572 3.505246 25.019360
v 11.684149 3.537640 24.997225
v 11.679897 3.548568 24.964506
v 11.440628 2.769459 24.555651
v 11.443086 2.754220 24.599255
v 11.445551 2.759918 24.621994
v 11.441444 2.779568 24.562086
v 11.641559 3.620473 24.569223
v 11.631514 3.605446 24.526510
v 11.620642 3.582434 24.502827
v 11.642582 3.617546 24.596581
v 11.684528 3.587020 24.920433
v 11.678995 3.586776 24.897449
v 11.452274 2.737313 24.687298
v 11.457167 2.745829 24.724379
v 11.610301 3.563318 24.448334
v 11.602106 3.543198 24.438999
v 11.458094 2.735007 24.733189
v 11.680447 3.620477 24.836502
v 11.675072 3.610867 24.831730
v 11.676231 3.631707 24.791689
v 11.669363 3.624824 24.770157
v 11.587700 3.507069 24.381248
v 11.579292 3.485081 24.375664
v 11.473326 2.743808 24.821585
v 11.479532 2.762490 24.850910
v 11.575257 3.473730 24.351517
v 11.481955 2.754653 24.865719
v 11.665588 3.639954 24.702261
v 11.660677 3.629199 24.702967
v 11.555743 3.415528 24.325474
v 11.551086 3.399755 24.304111
v 11.532321 3.337137 24.290352
v 11.549103 3.350471 24.304062
v 11.537828 3.310436 24.290939
v 11.528328 3.317867 24.273186
v 11.540108 3.359705 24.286900
v 11.662800 3.616323 24.658474
v 11.655144 3.610067 24.615952
v 11.650862 3.630842 24.612671
v 11.658859 3.637377 24.657082
v 11.453234 2.850675 24.448715
v 11.440008 2.837627 24.437969
v 11.441959 2.867323 24.403603
v 11.455101 2.879105 24.415812
v 11.652390 3.269200 25.144585
v 11.660317 3.310442 25.132816
v 11.656269 3.317871 25.152542
v 11.647996 3.274806 25.164833
v 11.503280 2.785606 24.897324
v 11.492284 2.769658 24.906567
v 11.669590 3.618422 24.701674
v 11.665951 3.639569 24.702202
v 11.680154 3.610067 24.787849
v 11.676986 3.630841 24.792219
v 11.556846 2.910479 25.064631
v 11.548236 2.900097 25.081326
v 11.536319 2.867327 25.052151
v 11.526878 3.269208 24.281921
v 11.516895 3.274805 24.263763
v 11.629563 3.356930 25.117247
v 11.635618 3.394970 25.097786
v 11.502530 2.788556 24.946609
v 11.568394 2.944508 25.089228
v 11.560297 2.935638 25.107018
v 11.675377 3.616324 24.744911
v 11.671995 3.637377 24.747364
v 11.516357 3.227181 24.277086
v 11.506364 3.184760 24.276478
v 11.495481 3.186602 24.258070
v 11.505911 3.230905 24.258711
v 11.579964 2.980846 25.110237
v 11.572386 2.973606 25.128969
v 11.552111 3.399946 24.304806
v 11.496991 3.142354 24.280098
v 11.485698 3.142308 24.261847
v 11.591450 3.019170 25.127472
v 11.584388 3.013657 25.146980
v 11.488333 3.100383 24.287907
v 11.476659 3.098460 24.270000
v 11.602795 3.059221 25.140640
v 11.596233 3.055487 25.160732
v 11.480461 3.059212 24.299835
v 11.468448 3.055485 24.282446
v 11.613735 3.100377 25.149826
v 11.607647 3.098454 25.170319
v 11.473341 3.019171 24.315685
v 11.461014 3.013661 24.299000
v 11.624262 3.142355 25.154846
v 11.618637 3.142308 25.175560
v 11.467243 2.980857 24.335474
v 11.454639 2.973600 24.319689
v 11.634279 3.184771 25.155647
v 11.629090 3.186604 25.176392
v 11.462138 2.944504 24.358921
v 11.449308 2.935639 24.344173
v 11.643682 3.227174 25.152218
v 11.638906 3.230901 25.172806
v 11.458078 2.910483 24.385780
v 11.445068 2.900102 24.372231
v 11.663651 3.359694 25.136045
v 11.622585 3.317406 25.132839
v 11.509129 2.891510 25.038021
v 11.520399 2.922497 25.065609
v 11.490840 3.276702 24.292757
v 11.480446 3.235209 24.287970
v 11.531801 2.956096 25.089895
v 11.470570 3.193326 24.287354
v 11.543228 2.991988 25.110649
v 11.461308 3.151457 24.290913
v 11.554570 3.029829 25.127666
v 11.452748 3.110004 24.298611
v 11.565773 3.069364 25.140650
v 11.444973 3.069364 24.310371
v 11.576578 3.110004 25.149710
v 11.437936 3.029829 24.326010
v 11.586975 3.151457 25.154650
v 11.431911 2.991988 24.345554
v 11.596868 3.193326 25.155422
v 11.426872 2.956097 24.368702
v 11.606158 3.235209 25.152016
v 11.422863 2.922497 24.395233
v 11.614758 3.276701 25.144466
v 11.419923 2.891510 24.424889
v 11.418077 2.863431 24.457386
v 11.631742 3.621465 24.707178
v 11.625042 3.619392 24.664539
v 11.417346 2.838530 24.492409
v 11.617481 3.613214 24.622555
v 11.417734 2.817042 24.529627
v 11.632271 3.604350 24.556610
v 11.609119 3.602991 24.581524
v 11.419236 2.799174 24.568680
v 11.600039 3.588820 24.541847
v 11.421839 2.785095 24.609196
v 11.640676 3.430996 25.074730
v 11.670411 3.447194 25.071243
v 11.644709 3.464742 25.048264
v 11.590323 3.570840 24.503899
v 11.425518 2.774939 24.650784
v 11.647678 3.495882 25.018641
v 11.580031 3.549167 24.467976
v 11.430237 2.768804 24.693047
v 11.649555 3.524115 24.986147
v 11.569307 3.524114 24.434595
v 11.435959 2.766747 24.735641
v 11.650324 3.549167 24.951096
v 11.558249 3.495882 24.403984
v 11.467519 2.752079 24.794044
v 11.442602 2.768804 24.778040
v 11.649952 3.570840 24.913729
v 11.546963 3.464742 24.376438
v 11.450123 2.774939 24.819897
v 11.648451 3.588820 24.874588
v 11.535555 3.430996 24.352219
v 11.458447 2.785095 24.860809
v 11.645849 3.602991 24.833965
v 11.524137 3.394970 24.331558
v 11.467497 2.799174 24.900385
v 11.642172 3.613214 24.792255
v 11.637455 3.619393 24.749855
v 11.477184 2.817042 24.938248
v 11.631742 3.621465 24.707178
v 11.487419 2.838530 24.974031
v 11.512789 3.356930 24.314629
v 11.498101 2.863431 25.007397
v 11.501656 3.317406 24.301670
v 11.686513 3.585361 24.871235
v 11.686512 3.585363 24.871229
v 11.685732 3.491220 25.017157
v 11.667385 3.350475 25.117027
v 11.545437 2.879105 25.036697
v 11.524654 2.837625 25.019756
v 11.534269 2.850673 25.005688
v 11.513356 2.811288 24.984467
v 11.523453 2.825458 24.971901
v 11.513090 2.803699 24.935665
v 11.485687 2.761066 24.815819
v 11.481550 2.756850 24.794111
v 11.458832 2.774727 24.818277
v 11.560600 3.389013 24.321209
v 11.572165 3.425503 24.342136
v 11.606348 3.519814 24.425566
v 11.671996 3.637377 24.747366
v 11.683628 3.605036 24.879314
v 11.685609 3.563080 24.960264
v 11.682811 3.506707 25.031727
v 11.675406 3.438065 25.091061
v 11.670055 3.399950 25.115454
v 11.663651 3.359698 25.136044
v 11.638906 3.230907 25.172806
v 11.596233 3.055486 25.160730
v 11.572384 2.973602 25.128967
v 11.548237 2.900100 25.081329
v 11.524654 2.837625 25.019756
v 11.492285 2.769658 24.906567
v 11.465954 2.737535 24.777155
v 11.447881 2.744024 24.642536
v 11.439646 2.788558 24.514385
v 11.440008 2.837625 24.437973
v 11.449308 2.935639 24.344172
v 11.468449 3.055486 24.282444
v 11.495481 3.186599 24.258070
v 11.516896 3.274805 24.263763
v 11.540106 3.359697 24.286896
v 11.564191 3.438065 24.326668
v 11.599895 3.536573 24.413811
v 11.622132 3.586012 24.487143
v 11.650862 3.630842 24.612671
v 11.310181 3.450969 22.398937
v 11.295075 3.413590 22.345778
v 11.292798 3.382174 22.381504
v 11.301683 3.453079 22.338127
v 11.306580 3.433214 22.323822
v 11.320570 3.448439 22.394314
v 11.303743 3.396805 22.353493
v 11.304636 3.379210 22.394323
v 11.282144 3.423573 22.274784
v 11.310991 3.429609 22.461187
v 11.285786 3.343075 22.424492
v 11.271202 3.338342 22.328432
v 11.318495 3.508760 22.392565
v 11.302908 3.493804 22.310020
v 11.226989 3.494866 22.091358
v 11.243587 3.469608 22.135483
v 11.263844 3.580878 22.154196
v 11.233747 3.214775 22.577549
v 11.252258 3.248896 22.541039
v 11.229918 3.200948 22.462120
v 11.206770 3.157138 22.482506
v 11.294601 3.595114 22.242294
v 11.281757 3.663777 22.205519
v 11.213334 3.187048 22.369652
v 11.186769 3.140436 22.371094
v 11.328511 3.672927 22.454880
v 11.330302 3.582622 22.511917
v 11.328501 3.648059 22.551514
v 11.301905 3.671609 22.275368
v 11.204979 3.209314 22.277615
v 11.176760 3.167294 22.260218
v 11.321735 3.573992 22.618721
v 11.322904 3.515761 22.564880
v 11.218878 3.262611 22.237499
v 11.161280 3.196644 22.173222
v 11.310913 3.481554 22.630457
v 11.168689 3.251267 22.126911
v 11.221867 3.307059 22.194313
v 11.291784 3.413026 22.665462
v 11.294643 3.390303 22.612511
v 11.230512 3.363248 22.165733
v 11.199378 3.369550 22.093483
v 11.269136 3.309936 22.620729
v 11.258184 3.260751 22.475666
v 11.289115 3.343525 22.491650
v 11.263165 3.283638 22.402840
v 11.242402 3.235609 22.406078
v 11.274466 3.510932 22.199043
v 11.288543 3.498812 22.248154
v 11.312250 3.574408 22.316692
v 11.326891 3.605728 22.410847
v 11.323729 3.558129 22.399345
v 11.325241 3.521314 22.467016
v 11.232270 3.238959 22.331257
v 11.251772 3.307579 22.289183
v 11.314234 3.442655 22.510298
v 11.307686 3.423459 22.562908
v 11.263752 3.399649 22.229527
v 11.282511 3.326082 22.538988
v 11.253513 3.431181 22.179546
v 11.217327 3.236463 22.718918
v 11.245978 3.301185 22.717476
v 11.213774 3.201903 22.665703
v 11.119207 3.219811 22.067245
v 11.145292 3.294986 22.047791
v 11.077724 3.124632 22.100145
v 11.127920 3.123006 22.203579
v 11.184616 3.496601 22.015060
v 11.207026 3.568902 22.039364
v 11.195271 3.152684 22.616783
v 11.171910 3.419172 22.021168
v 11.157417 3.362233 22.025036
v 11.264936 3.378495 22.740530
v 11.281203 3.448584 22.741899
v 11.298748 3.535275 22.724176
v 11.311367 3.615077 22.684856
v 11.296688 3.783570 22.313400
v 11.316816 3.687627 22.351522
v 11.307843 3.787175 22.384193
v 11.130552 3.093229 22.268921
v 11.317967 3.671177 22.640169
v 11.282735 3.766475 22.244995
v 11.136790 3.076378 22.338493
v 11.320979 3.718076 22.585388
v 11.265314 3.726802 22.174389
v 11.151039 3.077487 22.420082
v 11.320227 3.753785 22.523050
v 11.245031 3.684307 22.115429
v 11.315798 3.777107 22.455149
v 11.162359 3.087702 22.493864
v 11.226080 3.630537 22.071537
v 11.177914 3.114131 22.558762
v 11.200058 3.196129 22.749496
v 11.228285 3.185513 22.751577
v 11.216736 3.151484 22.726982
v 11.188702 3.162667 22.725307
v 11.255037 3.732221 22.056911
v 11.243607 3.700685 22.029015
v 11.236147 3.714769 22.014639
v 11.248085 3.747706 22.043774
v 11.216743 3.249067 22.779203
v 11.239854 3.221851 22.772587
v 11.259783 3.777571 22.076157
v 11.251339 3.260172 22.789822
v 11.145576 3.002067 22.478165
v 11.133797 2.985025 22.483776
v 11.125843 2.978535 22.439501
v 11.137960 2.995855 22.435783
v 11.233888 3.308921 22.800039
v 11.262683 3.300219 22.802986
v 11.347921 3.808149 22.573227
v 11.346401 3.826360 22.533585
v 11.343515 3.846038 22.541655
v 11.345104 3.827010 22.583076
v 11.244652 3.349405 22.809067
v 11.273627 3.341390 22.812176
v 11.277100 3.786191 22.121729
v 11.271131 3.804079 22.111479
v 11.255005 3.390668 22.813988
v 11.284152 3.383361 22.817196
v 11.118814 2.976360 22.394642
v 11.131231 2.993772 22.392838
v 11.264858 3.432373 22.814762
v 11.294167 3.425767 22.817993
v 11.348298 3.786192 22.611084
v 11.345497 3.804081 22.622610
v 11.274117 3.474100 22.811373
v 11.303571 3.468176 22.814564
v 11.287525 3.808147 22.158121
v 11.282021 3.827013 22.149490
v 11.282679 3.515405 22.803860
v 11.312278 3.510202 22.806931
v 11.112761 2.978535 22.349590
v 11.125437 2.995854 22.349703
v 11.290475 3.555944 22.792282
v 11.320206 3.551440 22.795166
v 11.347521 3.760814 22.646595
v 11.177481 3.131814 22.697836
v 11.166498 3.103851 22.667339
v 11.204617 3.147156 22.618176
v 11.223342 3.196963 22.667675
v 11.297424 3.595304 22.776756
v 11.327274 3.591480 22.779373
v 11.297367 3.826361 22.196560
v 11.292299 3.846036 22.189640
v 11.292923 3.856696 22.325905
v 11.322689 3.857323 22.320816
v 11.329477 3.859422 22.364014
v 11.299595 3.858759 22.368361
v 11.303456 3.633200 22.757368
v 11.333405 3.630005 22.759666
v 11.107769 2.985025 22.304882
v 11.120658 3.002067 22.306904
v 11.285391 3.850542 22.284084
v 11.315033 3.851068 22.278303
v 11.308493 3.669074 22.734409
v 11.338529 3.666507 22.736305
v 11.345620 3.732219 22.679504
v 11.342699 3.747701 22.694080
v 11.277066 3.840361 22.243229
v 11.306564 3.840713 22.236746
v 11.312508 3.702677 22.708054
v 11.342612 3.700681 22.709503
v 11.306564 3.840712 22.236744
v 11.301906 3.861027 22.231613
v 11.297367 3.826361 22.196560
v 11.103878 2.995766 22.260895
v 11.116933 3.012351 22.264790
v 11.315466 3.733693 22.678551
v 11.345619 3.732218 22.679506
v 11.262818 3.817018 22.182335
v 11.287526 3.808147 22.158121
v 11.339560 3.714771 22.725405
v 11.347521 3.760818 22.646591
v 11.277100 3.786191 22.121729
v 11.318037 3.776325 22.627226
v 11.348299 3.786195 22.611080
v 11.101124 3.010659 22.218040
v 11.317730 3.808343 22.574070
v 11.226406 3.733696 22.066420
v 11.255039 3.732224 22.056915
v 11.266234 3.760808 22.087906
v 11.215162 3.702677 22.038979
v 11.238501 3.685851 22.017330
v 11.313643 3.840363 22.494625
v 11.343767 3.840712 22.492447
v 11.316235 3.826249 22.535088
v 11.099533 3.029561 22.176727
v 11.112774 3.044701 22.184219
v 11.203802 3.669071 22.014860
v 11.340042 3.851067 22.450197
v 11.192433 3.633200 21.994289
v 11.220486 3.630005 21.983555
v 11.099123 3.052283 22.137371
v 11.112381 3.066457 22.146534
v 11.181128 3.595302 21.977425
v 11.208990 3.591466 21.966404
v 11.170044 3.555954 21.964523
v 11.197720 3.551444 21.953289
v 11.159270 3.515409 21.955647
v 11.186769 3.510217 21.944267
v 11.205323 3.120100 22.699038
v 11.177481 3.131812 22.697836
v 11.194159 3.091676 22.668037
v 11.166498 3.103851 22.667339
v 11.183340 3.066457 22.634247
v 11.137960 2.995854 22.435780
v 11.131231 2.993772 22.392838
v 11.104614 3.007569 22.396709
v 11.104614 3.007569 22.396709
v 11.131231 2.993772 22.392838
v 11.125437 2.995854 22.349701
v 11.096667 3.011542 22.335365
v 11.120657 3.002067 22.306902
v 11.116934 3.012351 22.264790
v 11.089232 3.031348 22.252468
v 11.114296 3.026606 22.223766
v 11.113123 3.091677 22.111061
v 11.114990 3.120101 22.078163
v 11.088645 3.131810 22.087250
v 11.117968 3.151485 22.048126
v 11.091574 3.162675 22.057713
v 11.122026 3.185501 22.021269
v 11.095566 3.196127 22.031300
v 11.127132 3.221857 21.997822
v 11.100585 3.231876 22.008244
v 11.133228 3.260165 21.978035
v 11.106581 3.269547 21.988789
v 11.140350 3.300214 21.962183
v 11.113591 3.308930 21.973209
v 11.148222 3.341385 21.950253
v 11.121334 3.349393 21.961494
v 11.156882 3.383365 21.942444
v 11.129861 3.390687 21.953819
v 11.166255 3.425771 21.938824
v 11.139080 3.432362 21.950274
v 11.176245 3.468172 21.939430
v 11.148920 3.474093 21.950884
v 11.232053 3.666505 22.004484
v 11.224079 3.679063 21.989014
v 11.335266 3.857323 22.407263
v 11.307646 3.854727 22.429882
v 11.154005 3.012350 22.519594
v 11.142603 2.995768 22.527054
v 11.343767 3.840713 22.492439
v 11.340764 3.861026 22.498692
v 11.200029 3.231910 22.769590
v 11.228158 3.330034 22.804573
v 11.096848 3.275867 21.989447
v 11.115742 3.374983 21.959850
v 11.248772 3.412008 22.814760
v 11.083540 3.184386 22.045427
v 11.267252 3.495038 22.808414
v 11.282867 3.575913 22.785721
v 11.076017 3.072920 22.173069
v 11.297390 3.668191 22.737347
v 11.278799 3.855316 22.308947
v 11.294992 3.858038 22.415802
v 11.078876 3.037099 22.250303
v 11.262314 3.835482 22.227531
v 11.305480 3.747995 22.664787
v 11.086058 3.016537 22.332672
v 11.243105 3.800212 22.152067
v 11.307108 3.797980 22.595543
v 11.097273 3.012030 22.416950
v 11.221909 3.750939 22.085653
v 11.304248 3.834006 22.518118
v 11.112107 3.023777 22.500103
v 11.199568 3.689555 22.030727
v 11.129978 3.051292 22.578720
v 11.176897 3.618264 21.989317
v 11.150219 3.093539 22.649899
v 11.154841 3.540191 21.963223
v 11.172053 3.148903 22.710899
v 11.134172 3.457978 21.953262
v 11.291462 3.862750 22.369499
v 11.284756 3.860671 22.326838
v 11.277191 3.854485 22.284834
v 11.268822 3.844248 22.243771
v 11.259737 3.830068 22.204079
v 11.250017 3.812075 22.166119
v 11.239719 3.790389 22.130180
v 11.228987 3.765312 22.096775
v 11.217922 3.737061 22.066154
v 11.206628 3.705900 22.038593
v 11.195214 3.672133 22.014366
v 11.183792 3.636091 21.993702
v 11.172436 3.598021 21.976765
v 11.161297 3.558473 21.963804
v 11.150478 3.517749 21.954891
v 11.140078 3.476234 21.950108
v 11.130196 3.434321 21.949493
v 11.120932 3.392437 21.953060
v 11.112366 3.350952 21.960770
v 11.104589 3.310307 21.972538
v 11.097548 3.270742 21.988194
v 11.091523 3.232888 22.007750
v 11.086481 3.196973 22.030918
v 11.082471 3.163360 22.057465
v 11.079530 3.132361 22.087139
v 11.077686 3.104270 22.119658
v 11.076954 3.079355 22.154709
v 11.077344 3.057861 22.191950
v 11.078848 3.039990 22.231018
v 11.081454 3.025906 22.271563
v 11.085136 3.015751 22.313171
v 11.089859 3.009616 22.355461
v 11.095585 3.007563 22.398075
v 11.102234 3.009626 22.440502
v 11.109759 3.015770 22.482380
v 11.118088 3.025935 22.523308
v 11.127146 3.040028 22.562908
v 11.136839 3.057910 22.600788
v 11.147079 3.079414 22.636593
v 11.157768 3.104334 22.669971
v 11.168802 3.132429 22.700607
v 11.180078 3.163437 22.728207
v 11.191486 3.197058 22.752502
v 11.202921 3.232974 22.773266
v 11.214270 3.270840 22.790287
v 11.225474 3.310387 22.803270
v 11.236286 3.351057 22.812332
v 11.246689 3.392530 22.817268
v 11.256586 3.434427 22.818035
v 11.265881 3.476329 22.814625
v 11.274485 3.517848 22.807064
v 11.282315 3.558572 22.795425
v 11.289295 3.598114 22.779821
v 11.295353 3.636177 22.760345
v 11.300412 3.672219 22.737270
v 11.304446 3.705981 22.710785
v 11.307417 3.737135 22.681141
v 11.309294 3.765378 22.648628
v 11.310061 3.790438 22.613558
v 11.309687 3.812121 22.576166
v 11.308184 3.830106 22.537003
v 11.305579 3.844280 22.496353
v 11.301899 3.854504 22.454620
v 11.297178 3.860681 22.412197
v 11.284364 3.376655 22.283413
v 11.305212 3.469057 22.286228
v 11.320559 3.422907 22.462421
v 11.298496 3.345352 22.430901
v 11.283065 3.324521 22.357327
v 11.330315 3.495999 22.417221
v 11.322714 3.509120 22.345352
v 11.243526 3.209954 22.578529
v 11.254148 3.223955 22.475016
v 11.271879 3.270338 22.565163
v 11.250769 3.502140 22.113260
v 11.266603 3.595562 22.131874
v 11.274479 3.544896 22.158127
v 11.216223 3.151619 22.482338
v 11.324976 3.712838 22.349110
v 11.337809 3.696626 22.462841
v 11.336594 3.629385 22.396957
v 11.340981 3.639681 22.467901
v 11.296536 3.636204 22.210785
v 11.241990 3.208737 22.404770
v 11.195982 3.134721 22.369583
v 11.340883 3.621928 22.542358
v 11.217473 3.188668 22.320553
v 11.304043 3.721365 22.256870
v 11.322720 3.630833 22.309349
v 11.185852 3.161898 22.257381
v 11.332571 3.573483 22.620186
v 11.331231 3.514669 22.593048
v 11.213785 3.228523 22.233166
v 11.187464 3.229022 22.162983
v 11.313052 3.491302 22.688957
v 11.234924 3.302565 22.200254
v 11.302258 3.410576 22.667492
v 11.320061 3.439370 22.588001
v 11.203616 3.339098 22.096579
v 11.226262 3.340373 22.144915
v 11.305696 3.375012 22.584003
v 11.273724 3.300833 22.643585
v 11.234845 3.438073 22.103216
v 11.285164 3.299395 22.524176
v 11.285587 3.301234 22.452923
v 11.272479 3.465972 22.179977
v 11.300150 3.553904 22.228355
v 11.300972 3.502988 22.249107
v 11.336449 3.548169 22.425278
v 11.325759 3.558622 22.334866
v 11.264532 3.278768 22.345604
v 11.340467 3.568621 22.487371
v 11.240995 3.243768 22.302277
v 11.334257 3.497304 22.510639
v 11.263818 3.333140 22.255676
v 11.315857 3.398875 22.512051
v 11.268394 3.403086 22.204693
v 11.275277 3.474805 22.811590
v 11.283577 3.411013 22.745842
v 11.314692 3.564693 22.714085
v 11.277817 3.840356 22.242245
v 11.307235 3.785526 22.311218
v 11.313576 3.703428 22.707691
v 11.324078 3.627441 22.678013
v 11.332457 3.708823 22.592815
v 11.275485 3.728072 22.170540
v 11.215834 3.702208 22.038067
v 11.254966 3.685087 22.110895
v 11.225357 3.590417 22.047661
v 11.201588 3.515459 22.017584
v 11.184252 3.444874 22.009754
v 11.242526 3.255698 22.706059
v 11.169544 3.363433 22.022211
v 11.261236 3.325996 22.738560
v 11.154049 3.291155 22.042454
v 11.140785 3.220561 22.078556
v 11.137562 3.159182 22.140800
v 11.136468 3.117129 22.200087
v 11.318520 3.789165 22.382835
v 11.139135 3.087004 22.266201
v 11.145450 3.069955 22.336607
v 11.159863 3.071071 22.419159
v 11.331052 3.755374 22.523323
v 11.326570 3.778979 22.454628
v 11.171316 3.081408 22.493809
v 11.187057 3.108155 22.559475
v 11.170042 3.555951 21.964523
v 11.181129 3.595308 21.977425
v 11.155860 3.079052 22.634113
v 11.192431 3.633196 21.994286
v 11.145670 3.057656 22.598480
v 11.299595 3.858759 22.368366
v 11.305285 3.856695 22.410870
v 11.203802 3.669075 22.014862
v 11.136021 3.039860 22.560772
v 11.309982 3.850543 22.453093
v 11.127010 3.025842 22.521364
v 11.313644 3.840361 22.494633
v 11.226404 3.733693 22.066418
v 11.118719 3.015727 22.480616
v 11.316235 3.826251 22.535084
v 11.237417 3.761809 22.096901
v 11.111230 3.009617 22.438936
v 11.317730 3.808342 22.574070
v 11.248096 3.786758 22.130146
v 11.104614 3.007569 22.396709
v 11.318100 3.786758 22.611282
v 11.258348 3.808344 22.165924
v 11.098915 3.009617 22.354298
v 11.317335 3.761808 22.646191
v 11.268021 3.826249 22.203712
v 11.094216 3.015727 22.312206
v 11.315466 3.733696 22.678547
v 11.090553 3.025841 22.270790
v 11.285393 3.850543 22.284088
v 11.087960 3.039862 22.230442
v 11.308493 3.669074 22.734407
v 11.292921 3.856695 22.325899
v 11.086464 3.057654 22.191553
v 11.303455 3.633196 22.757370
v 11.086079 3.079053 22.154491
v 11.297425 3.595307 22.776752
v 11.086807 3.103853 22.119610
v 11.290477 3.555953 22.792278
v 11.088644 3.131815 22.087246
v 11.282678 3.515401 22.803860
v 11.091572 3.162666 22.057720
v 11.095566 3.196131 22.031298
v 11.264860 3.432379 22.814762
v 11.100585 3.231873 22.008247
v 11.255008 3.390681 22.813988
v 11.106583 3.269553 21.988785
v 11.244652 3.349407 22.809067
v 11.113590 3.308926 21.973209
v 11.233889 3.308924 22.800039
v 11.121336 3.349405 21.961491
v 11.222731 3.269547 22.787106
v 11.129859 3.390683 21.953819
v 11.211441 3.231882 22.770168
v 11.139083 3.432378 21.950272
v 11.200056 3.196124 22.749493
v 11.148919 3.474092 21.950884
v 11.188704 3.162676 22.725313
v 11.159270 3.515410 21.955647
v 11.098910 3.077924 22.100700
v 11.098925 3.029372 22.176659
v 11.099173 3.050635 22.161366
v 11.176232 3.515985 21.925840
v 11.164734 3.471401 21.920578
v 11.159384 3.451055 21.931211
v 11.174542 3.512203 21.937107
v 11.207495 3.141524 22.744698
v 11.243149 3.253719 22.809669
v 11.234982 3.239185 22.791389
v 11.211201 3.164568 22.748051
v 11.145010 3.383384 21.923923
v 11.144167 3.382877 21.935888
v 11.135529 3.338929 21.932085
v 11.131943 3.322900 21.948128
v 11.266500 3.338671 22.833225
v 11.258072 3.320771 22.818392
v 11.120309 3.254645 21.961105
v 11.117420 3.241188 21.980167
v 11.277953 3.384179 22.838627
v 11.279329 3.405531 22.828665
v 11.113482 3.213874 21.982059
v 11.106867 3.166318 22.028128
v 11.298225 3.472884 22.835722
v 11.298538 3.492028 22.821875
v 11.103937 3.140370 22.034782
v 11.100741 3.102212 22.089184
v 11.315581 3.559911 22.815290
v 11.311492 3.558467 22.804070
v 11.321503 3.616285 22.780064
v 11.329350 3.642033 22.778030
v 11.325338 3.881096 22.364613
v 11.318304 3.878839 22.319456
v 11.320641 3.871396 22.365282
v 11.332003 3.690811 22.732626
v 11.338942 3.715867 22.725451
v 11.344038 3.778642 22.659569
v 11.339586 3.782877 22.636774
v 11.337139 3.742193 22.685270
v 11.309898 3.872422 22.274288
v 11.291403 3.846447 22.188858
v 11.275988 3.814945 22.148689
v 11.302471 3.858546 22.258926
v 11.100198 3.010062 22.218674
v 11.106890 2.984537 22.305658
v 11.109756 2.992386 22.327705
v 11.102217 3.013558 22.241894
v 11.344417 3.828021 22.582779
v 11.339229 3.827488 22.561390
v 11.270189 3.804317 22.110680
v 11.254110 3.765443 22.077934
v 11.117982 2.976007 22.395531
v 11.121338 2.987368 22.414055
v 11.340336 3.861477 22.498850
v 11.330248 3.864629 22.441601
v 11.336119 3.872709 22.454033
v 11.247105 3.747764 22.042988
v 11.230942 3.703081 22.018936
v 11.133015 2.984828 22.484760
v 11.143057 3.008615 22.531170
v 11.325478 3.880955 22.364607
v 11.320566 3.870199 22.365314
v 11.223064 3.678945 21.988274
v 11.212534 3.646345 21.982346
v 11.151606 3.010463 22.569138
v 11.163666 3.044820 22.614326
v 11.183872 3.078868 22.683157
v 11.187949 3.100750 22.690941
v 11.161708 3.029620 22.610012
v 11.198956 3.600429 21.948589
v 11.192210 3.578138 21.952700
v 11.208991 3.591472 21.966408
v 11.197718 3.551436 21.953285
v 11.188217 3.558868 21.935534
v 11.199997 3.600705 21.949245
v 11.322689 3.857324 22.320820
v 11.315032 3.851068 22.278301
v 11.310751 3.871843 22.275017
v 11.318748 3.878377 22.319431
v 11.113123 3.091676 22.111061
v 11.099897 3.078627 22.100315
v 11.101848 3.108324 22.065948
v 11.114990 3.120105 22.078159
v 11.312277 3.510201 22.806931
v 11.320206 3.551443 22.795162
v 11.316158 3.558872 22.814888
v 11.307884 3.515806 22.827179
v 11.211999 3.640945 21.967154
v 11.152173 3.010658 22.568913
v 11.329478 3.859422 22.364017
v 11.325840 3.880569 22.364550
v 11.340042 3.851068 22.450195
v 11.336874 3.871842 22.454563
v 11.208124 3.141097 22.743673
v 11.196207 3.108327 22.714497
v 11.205326 3.120111 22.699047
v 11.186768 3.510207 21.944267
v 11.176785 3.515806 21.926109
v 11.289452 3.597930 22.779594
v 11.295507 3.635971 22.760132
v 11.228283 3.185510 22.751575
v 11.220186 3.176640 22.769363
v 11.335266 3.857324 22.407257
v 11.331884 3.878377 22.409710
v 11.176247 3.468181 21.939432
v 11.166252 3.425761 21.938824
v 11.155369 3.427603 21.920418
v 11.165800 3.471905 21.921057
v 11.183342 3.066462 22.634253
v 11.173244 3.052288 22.646812
v 11.162418 3.029556 22.608955
v 11.232275 3.214607 22.791317
v 11.156879 3.383355 21.942444
v 11.145586 3.383308 21.924192
v 11.251339 3.260170 22.789820
v 11.244276 3.254656 22.809326
v 11.194157 3.091672 22.668030
v 11.184542 3.078625 22.682102
v 11.148221 3.341383 21.950253
v 11.136547 3.339461 21.932346
v 11.262684 3.300221 22.802986
v 11.256122 3.296488 22.823078
v 11.140350 3.300212 21.962183
v 11.128336 3.296485 21.944794
v 11.273624 3.341378 22.812174
v 11.267536 3.339454 22.832664
v 11.133229 3.260171 21.978031
v 11.120903 3.254662 21.961348
v 11.284150 3.383356 22.817194
v 11.278526 3.383308 22.837906
v 11.127132 3.221857 21.997822
v 11.114528 3.214600 21.982037
v 11.294168 3.425771 22.817993
v 11.288979 3.427604 22.838737
v 11.122027 3.185506 22.021267
v 11.303570 3.468174 22.814564
v 11.298795 3.471902 22.835154
v 11.117968 3.151481 22.048130
v 11.104958 3.141101 22.034580
v 11.327273 3.591474 22.779375
v 11.282475 3.558406 22.795185
v 11.169018 3.132510 22.700367
v 11.180287 3.163497 22.727955
v 11.150728 3.517702 21.955103
v 11.140334 3.476209 21.950315
v 11.191689 3.197097 22.752243
v 11.130459 3.434327 21.949699
v 11.203117 3.232988 22.772995
v 11.121197 3.392457 21.953259
v 11.214458 3.270829 22.790012
v 11.112637 3.351004 21.960957
v 11.225661 3.310364 22.802998
v 11.104861 3.310364 21.972719
v 11.236465 3.351004 22.812056
v 11.097824 3.270829 21.988358
v 11.246864 3.392457 22.816996
v 11.091801 3.232989 22.007900
v 11.256756 3.434327 22.817768
v 11.086761 3.197097 22.031050
v 11.266047 3.476209 22.814363
v 11.082752 3.163497 22.057579
v 11.274647 3.517702 22.806812
v 11.079811 3.132510 22.087234
v 11.077967 3.104432 22.119732
v 11.291632 3.862465 22.369524
v 11.284929 3.860393 22.326885
v 11.077234 3.079530 22.154757
v 11.277369 3.854215 22.284901
v 11.077622 3.058043 22.191975
v 11.292160 3.845351 22.218956
v 11.269009 3.843991 22.243870
v 11.079124 3.040174 22.231028
v 11.259926 3.829820 22.204193
v 11.081728 3.026095 22.271542
v 11.300564 3.671997 22.737076
v 11.304597 3.705743 22.710609
v 11.250212 3.811841 22.166246
v 11.085406 3.015940 22.313129
v 11.307567 3.736882 22.680988
v 11.239920 3.790167 22.130323
v 11.090125 3.009804 22.355392
v 11.309444 3.765115 22.648493
v 11.229197 3.765115 22.096943
v 11.095848 3.007748 22.397987
v 11.310211 3.790167 22.613441
v 11.218138 3.736882 22.066330
v 11.127407 2.993080 22.456392
v 11.102491 3.009804 22.440388
v 11.309840 3.811841 22.576077
v 11.206850 3.705742 22.038784
v 11.110011 3.015940 22.482243
v 11.335504 3.842764 22.521011
v 11.308339 3.829821 22.536934
v 11.195444 3.671997 22.014565
v 11.118336 3.026095 22.523155
v 11.305737 3.843991 22.496311
v 11.184025 3.635971 21.993904
v 11.127385 3.040174 22.562733
v 11.302060 3.854215 22.454601
v 11.297344 3.860393 22.412201
v 11.137074 3.058043 22.600594
v 11.291632 3.862465 22.369524
v 11.147307 3.079530 22.636379
v 11.172677 3.597930 21.976974
v 11.157990 3.104432 22.669743
v 11.161545 3.558406 21.964016
v 11.347477 3.817796 22.554647
v 11.342612 3.700682 22.709503
v 11.335295 3.679065 22.753407
v 11.338528 3.666504 22.736307
v 11.329945 3.640950 22.777800
v 11.333406 3.630013 22.759661
v 11.239853 3.221850 22.772587
v 11.216736 3.151483 22.726980
v 11.172978 3.044700 22.598011
v 11.163168 3.026606 22.559669
v 11.172979 3.044703 22.598015
v 11.163168 3.026606 22.559669
v 11.136023 3.039863 22.560778
v 11.154005 3.012349 22.519590
v 11.114296 3.026607 22.223766
v 11.112774 3.044700 22.184219
v 11.086464 3.057654 22.191555
v 11.112382 3.066463 22.146524
v 11.220488 3.630013 21.983559
v 11.266236 3.760814 22.087914
v 11.242754 3.774845 22.112555
v 11.086164 3.090251 22.137030
v 11.111230 3.009617 22.438936
v 11.145576 3.002067 22.478168
v 11.122816 3.019974 22.501923
v 11.150816 3.067846 22.617432
v 11.331884 3.878377 22.409712
v 11.343516 3.846036 22.541660
v 11.345497 3.804080 22.622612
v 11.344686 3.777573 22.659702
v 11.342699 3.747707 22.694073
v 11.335295 3.679065 22.753407
v 11.323539 3.600698 22.798389
v 11.323539 3.600698 22.798389
v 11.307884 3.515805 22.827179
v 11.288979 3.427599 22.838737
v 11.256122 3.296487 22.823078
v 11.220186 3.176639 22.769363
v 11.232273 3.214602 22.791313
v 11.196207 3.108325 22.714493
v 11.173244 3.052286 22.646811
v 11.142602 2.995767 22.527050
v 11.125843 2.978535 22.439503
v 11.112761 2.978535 22.349588
v 11.103878 2.995767 22.260895
v 11.099123 3.052286 22.137367
v 11.101849 3.108325 22.065947
v 11.109198 3.176640 22.006517
v 11.109198 3.176640 22.006517
v 11.128336 3.296487 21.944792
v 11.155369 3.427599 21.920418
v 11.188218 3.558873 21.935535
v 11.212001 3.640950 21.967155
v 11.236146 3.714765 22.014635
v 11.259784 3.777573 22.076159
v 11.282021 3.827012 22.149490
v 11.301906 3.861027 22.231613
v 10.635921 6.140560 8.652192
v 10.623344 6.078317 8.673716
v 10.629046 6.107899 8.703966
v 10.632166 6.130669 8.599537
v 10.617453 6.057574 8.636763
v 10.638214 6.099118 8.705706
v 10.627157 6.049779 8.669415
v 10.642935 6.116294 8.667326
v 10.639174 6.103031 8.619344
v 10.611943 6.046344 8.739239
v 10.618885 6.082847 8.565692
v 10.630190 6.129216 8.748766
v 10.603425 6.008673 8.638059
v 10.640960 6.179127 8.703572
v 10.642320 6.186972 8.635801
v 10.599490 6.239531 8.371371
v 10.594208 6.133921 8.396059
v 10.620794 6.223148 8.450584
v 10.537899 5.912191 8.878095
v 10.562249 5.921572 8.779981
v 10.522215 5.845356 8.786485
v 10.616663 6.273206 8.423820
v 10.644197 6.389109 8.644385
v 10.649021 6.313471 8.679682
v 10.641262 6.373085 8.757446
v 10.530991 5.844923 8.694477
v 10.645316 6.294636 8.752335
v 10.635208 6.313374 8.505128
v 10.630671 6.325467 8.845077
v 10.554559 5.892592 8.607798
v 10.516635 5.825939 8.589857
v 10.635784 6.246836 8.815155
v 10.647408 6.308063 8.605166
v 10.636276 6.397534 8.551252
v 10.614704 6.251408 8.910710
v 10.620247 6.185834 8.867640
v 10.551176 5.910536 8.515769
v 10.526716 5.873393 8.486262
v 10.590048 6.181148 8.968465
v 10.550804 5.945309 8.444845
v 10.606683 6.111695 8.872229
v 10.578596 6.090437 8.952878
v 10.578190 6.032027 8.427666
v 10.552887 5.993526 8.389275
v 10.583571 6.044825 8.896288
v 10.545943 5.986562 8.954926
v 10.558312 6.058228 8.345304
v 10.564520 5.960840 8.856077
v 10.599915 6.020939 8.780359
v 10.586453 5.961045 8.688828
v 10.565994 5.914580 8.698613
v 10.647749 6.239198 8.651531
v 10.622443 6.170823 8.481412
v 10.630036 6.164275 8.532168
v 10.640890 6.229892 8.558254
v 10.641294 6.208130 8.750549
v 10.590837 5.984985 8.574680
v 10.573649 5.953320 8.537646
v 10.622219 6.120059 8.802294
v 10.594209 6.044384 8.475765
v 10.610926 6.077044 8.517244
v 10.590565 6.019937 8.835211
v 10.501894 5.930494 9.004882
v 10.501292 5.879310 8.942373
v 10.529648 6.071013 8.271967
v 10.557564 6.144475 8.294721
v 10.536667 6.041495 9.025434
v 10.521544 5.977070 8.323114
v 10.580918 6.226350 9.007146
v 10.557573 6.125988 9.027131
v 10.610386 6.514638 8.517682
v 10.631989 6.460969 8.604858
v 10.600949 6.365057 8.948848
v 10.618303 6.385194 8.883957
v 10.598495 6.304760 8.966205
v 10.620077 6.404202 8.462842
v 10.584389 6.302561 8.325548
v 10.608116 6.361712 8.401653
v 10.572159 6.199657 8.310045
v 10.489706 5.830078 8.891357
v 10.500759 5.902635 8.354451
v 10.489119 5.841969 8.414940
v 10.479971 5.800411 8.472818
v 10.633277 6.464576 8.676514
v 10.473570 5.770637 8.537893
v 10.470157 5.753785 8.607666
v 10.473022 5.754893 8.690440
v 10.626398 6.431189 8.815748
v 10.631373 6.454509 8.747893
v 10.474062 5.765109 8.765079
v 10.480520 5.791539 8.831509
v 10.479920 5.889606 9.034742
v 10.503828 5.862918 9.029419
v 10.468246 5.840081 8.997951
v 10.512390 5.899261 9.051826
v 10.632913 6.438221 8.377327
v 10.621020 6.425115 8.331110
v 10.628142 6.454980 8.364795
v 10.493429 5.946953 9.063843
v 10.521389 5.937572 9.070476
v 10.459602 5.679474 8.747222
v 10.447163 5.662431 8.751149
v 10.445389 5.655941 8.706202
v 10.457903 5.673261 8.704185
v 10.502695 5.986325 9.078192
v 10.530811 5.977628 9.085081
v 10.646910 6.485552 8.869273
v 10.650870 6.503768 8.829787
v 10.646899 6.523444 8.837391
v 10.642763 6.504419 8.878630
v 10.512114 6.026813 9.088617
v 10.540384 6.018797 9.095693
v 10.639011 6.463598 8.412317
v 10.634511 6.481485 8.401340
v 10.521692 6.068091 9.094920
v 10.550113 6.060756 9.102113
v 10.444611 5.653766 8.660806
v 10.457159 5.671178 8.660726
v 10.531342 6.109778 9.097044
v 10.559926 6.103178 9.104286
v 10.637701 6.481485 8.917847
v 10.540976 6.151496 9.094965
v 10.569712 6.145586 9.102184
v 10.644320 6.485554 8.449800
v 10.640057 6.504418 8.440491
v 10.550494 6.192807 9.088703
v 10.579391 6.187620 9.095824
v 10.444827 5.655941 8.615343
v 10.457367 5.673261 8.617205
v 10.559814 6.233357 9.078308
v 10.588860 6.228834 9.085268
v 10.460918 5.809220 8.969190
v 10.454245 5.781257 8.937469
v 10.498775 5.824564 8.894035
v 10.510496 5.874367 8.945642
v 10.568837 6.272711 9.063890
v 10.598038 6.268876 9.070601
v 10.648767 6.503768 8.489229
v 10.644702 6.523442 8.481673
v 10.656717 6.534729 8.615788
v 10.657486 6.536829 8.659525
v 10.627289 6.536165 8.659695
v 10.577481 6.310596 9.045526
v 10.606834 6.307430 9.051913
v 10.446046 5.662431 8.570377
v 10.458534 5.679473 8.574153
v 10.585638 6.346489 9.023467
v 10.615122 6.343901 9.029501
v 10.622226 6.517766 8.532644
v 10.652337 6.518122 8.530303
v 10.654995 6.528472 8.572615
v 10.622866 6.378092 9.003506
v 10.648430 6.538433 8.524571
v 10.618715 6.503654 8.492261
v 10.648767 6.503770 8.489233
v 10.448256 5.673172 8.526273
v 10.460650 5.689756 8.531933
v 10.597290 6.397724 8.982644
v 10.629980 6.409627 8.974210
v 10.614344 6.485750 8.453503
v 10.644320 6.485553 8.449799
v 10.622866 6.378091 9.003508
v 10.625078 6.425113 8.988239
v 10.617649 6.392172 9.018843
v 10.606558 6.439219 8.937313
v 10.636400 6.438220 8.941879
v 10.609125 6.464164 8.416654
v 10.639011 6.463598 8.412316
v 10.612125 6.464161 8.902852
v 10.642065 6.463598 8.906815
v 10.603130 6.439218 8.382258
v 10.630045 6.425989 8.362287
v 10.451437 5.688065 8.483446
v 10.463694 5.704014 8.490932
v 10.616891 6.485750 8.865936
v 10.596424 6.411095 8.350539
v 10.620785 6.503660 8.827113
v 10.649220 6.496252 8.848915
v 10.615125 6.343911 9.029493
v 10.609563 6.356468 9.045988
v 10.623795 6.517764 8.786709
v 10.653933 6.518122 8.788672
v 10.455557 5.706964 8.442316
v 10.584864 6.362028 8.307117
v 10.610559 6.343914 8.289982
v 10.618618 6.378088 8.315866
v 10.625896 6.527951 8.745043
v 10.656069 6.528472 8.746333
v 10.606831 6.307418 9.051920
v 10.600901 6.318356 9.069408
v 10.601988 6.307420 8.267659
v 10.460577 5.729694 8.403265
v 10.472446 5.743865 8.414174
v 10.567939 6.289941 8.263548
v 10.592966 6.268883 8.249090
v 10.598039 6.268883 9.070598
v 10.591719 6.278106 9.088919
v 10.554647 6.233353 8.241851
v 10.583609 6.228847 8.234539
v 10.545202 6.192814 8.231575
v 10.574005 6.187609 8.224094
v 10.491594 5.810987 8.987928
v 10.457853 5.796101 8.955553
v 10.481545 5.769083 8.941973
v 10.475489 5.743860 8.907008
v 10.445867 5.746176 8.887089
v 10.470222 5.722108 8.869699
v 10.465790 5.704014 8.830372
v 10.438751 5.717267 8.827719
v 10.462240 5.689758 8.789417
v 10.435259 5.703245 8.787436
v 10.432665 5.693135 8.745952
v 10.458532 5.675219 8.723560
v 10.430993 5.687023 8.703619
v 10.457159 5.671178 8.660728
v 10.430262 5.684975 8.660893
v 10.457159 5.671178 8.660728
v 10.457367 5.673261 8.617199
v 10.458533 5.679471 8.574166
v 10.430784 5.689158 8.595343
v 10.433695 5.703245 8.534241
v 10.499269 5.862915 8.291431
v 10.511512 5.916749 8.259018
v 10.475847 5.892013 8.284910
v 10.488449 5.946957 8.257135
v 10.525562 5.977620 8.235441
v 10.497538 5.986329 8.242674
v 10.535004 6.018794 8.224710
v 10.506823 6.026801 8.232136
v 10.544659 6.060780 8.218168
v 10.516322 6.068080 8.225714
v 10.554438 6.103166 8.215877
v 10.525949 6.109785 8.223471
v 10.564252 6.145588 8.217857
v 10.535606 6.151493 8.225430
v 10.613212 6.392170 8.300598
v 10.610558 6.343909 8.289980
v 10.604794 6.356472 8.273560
v 10.657257 6.534731 8.703132
v 10.627064 6.534102 8.702583
v 10.462240 5.689756 8.789411
v 10.449917 5.673173 8.795225
v 10.653933 6.518118 8.788685
v 10.650097 6.538432 8.794456
v 10.496399 6.007453 9.081897
v 10.473360 5.909319 9.043367
v 10.478718 5.953279 8.256446
v 10.501511 6.052392 8.229738
v 10.515410 6.089417 9.094824
v 10.457815 5.861782 8.310065
v 10.534586 6.172436 9.091087
v 10.443868 5.800063 8.367132
v 10.553181 6.253316 9.070765
v 10.432772 5.750330 8.435436
v 10.574236 6.345600 9.024851
v 10.614883 6.532724 8.597997
v 10.616190 6.535445 8.706048
v 10.424953 5.714504 8.512338
v 10.592251 6.425403 8.954101
v 10.420711 5.693942 8.594911
v 10.601158 6.477622 8.437685
v 10.603409 6.475386 8.885745
v 10.420200 5.689437 8.679914
v 10.589321 6.428347 8.368979
v 10.611252 6.511415 8.808660
v 10.423429 5.701186 8.764341
v 10.574764 6.366958 8.311492
v 10.430292 5.728702 8.844668
v 10.558020 6.295676 8.267357
v 10.440523 5.770940 8.917944
v 10.539774 6.217609 8.238474
v 10.453740 5.826304 8.981376
v 10.520672 6.135383 8.225755
v 10.619078 6.540156 8.659708
v 10.618317 6.538077 8.616514
v 10.616614 6.531891 8.573872
v 10.613987 6.521657 8.532063
v 10.610459 6.507473 8.491483
v 10.606066 6.489482 8.452547
v 10.600821 6.467791 8.415528
v 10.594797 6.442721 8.380972
v 10.588058 6.414465 8.349110
v 10.580673 6.383310 8.320262
v 10.572710 6.349546 8.294693
v 10.564243 6.313493 8.272645
v 10.555332 6.275431 8.254309
v 10.546085 6.235879 8.239935
v 10.536598 6.195158 8.229615
v 10.526956 6.153636 8.223442
v 10.517254 6.111731 8.221474
v 10.507586 6.069840 8.223728
v 10.498041 6.028363 8.230183
v 10.488714 5.987710 8.240768
v 10.479584 5.948151 8.255301
v 10.470919 5.910286 8.273845
v 10.462732 5.874382 8.296091
v 10.455101 5.840768 8.321833
v 10.448095 5.809763 8.350822
v 10.441786 5.781674 8.382774
v 10.436230 5.756764 8.417383
v 10.431481 5.735270 8.454322
v 10.427586 5.717396 8.493231
v 10.424576 5.703312 8.533749
v 10.422486 5.693157 8.575466
v 10.421334 5.687023 8.618002
v 10.421131 5.684970 8.661001
v 10.421867 5.687033 8.703936
v 10.423547 5.693176 8.746453
v 10.426154 5.703341 8.788139
v 10.429665 5.717434 8.828611
v 10.434044 5.735317 8.867466
v 10.439251 5.756819 8.904337
v 10.445234 5.781739 8.938871
v 10.451940 5.809835 8.970736
v 10.459303 5.840844 8.999627
v 10.467254 5.874465 9.025265
v 10.475717 5.910381 9.047403
v 10.484610 5.948239 9.065825
v 10.493919 5.987799 9.080235
v 10.503378 6.028464 9.090697
v 10.513000 6.069940 9.097021
v 10.522697 6.111832 9.099147
v 10.532373 6.153738 9.097049
v 10.541938 6.195251 9.090748
v 10.551298 6.235981 9.080299
v 10.560364 6.275519 9.065806
v 10.569048 6.313583 9.047350
v 10.577238 6.349620 9.025198
v 10.584887 6.383389 8.999516
v 10.591915 6.414541 8.970568
v 10.598257 6.442785 8.938623
v 10.603850 6.467844 8.903993
v 10.608637 6.489527 8.866907
v 10.612547 6.507514 8.827906
v 10.615570 6.521684 8.787300
v 10.617679 6.531912 8.745442
v 10.618853 6.538088 8.702778
v 10.625331 6.055634 8.746656
v 10.615978 6.019071 8.603055
v 10.631491 6.089463 8.563481
v 10.646345 6.151553 8.736328
v 10.654001 6.188602 8.663408
v 10.612662 6.002157 8.674611
v 10.648081 6.163864 8.594409
v 10.603842 6.170820 8.371847
v 10.631397 6.222309 8.448006
v 10.609104 6.122038 8.414995
v 10.542778 5.887350 8.860115
v 10.568642 5.902806 8.755986
v 10.572708 5.947751 8.850801
v 10.627216 6.272957 8.420921
v 10.528999 5.829025 8.761086
v 10.655083 6.390246 8.644131
v 10.652111 6.374035 8.758546
v 10.659992 6.306787 8.693122
v 10.654556 6.317081 8.763998
v 10.645984 6.313617 8.503205
v 10.563719 5.883058 8.682942
v 10.524498 5.812128 8.646625
v 10.644194 6.299336 8.837729
v 10.564362 5.887766 8.607106
v 10.647064 6.398779 8.549883
v 10.658329 6.308239 8.604440
v 10.529932 5.839303 8.534096
v 10.625234 6.250896 8.913658
v 10.631861 6.185436 8.866363
v 10.565269 5.921552 8.496182
v 10.544542 5.906425 8.440821
v 10.605122 6.198150 8.965024
v 10.588688 6.087992 8.956342
v 10.617112 6.109504 8.874728
v 10.548330 5.967159 8.369346
v 10.585459 6.017770 8.428271
v 10.600388 6.040160 8.872723
v 10.578326 6.058064 8.366621
v 10.563721 5.978235 8.928719
v 10.595995 5.955389 8.682129
v 10.599264 5.985092 8.783131
v 10.637438 6.166394 8.505158
v 10.649597 6.244931 8.534529
v 10.651628 6.210265 8.571724
v 10.651364 6.246027 8.783203
v 10.658843 6.237650 8.672688
v 10.647919 6.187515 8.771916
v 10.601076 5.981269 8.573583
v 10.582311 5.943552 8.543699
v 10.625366 6.083232 8.804602
v 10.596182 6.006672 8.487324
v 10.621410 6.074449 8.515465
v 10.616159 6.096894 8.463714
v 10.477192 5.873800 9.024362
v 10.535557 5.974830 9.002007
v 10.498210 5.985283 8.242463
v 10.543388 6.036593 8.295726
v 10.509950 5.897964 8.350767
v 10.578688 6.219535 9.037669
v 10.571980 6.134846 9.026442
v 10.605636 6.292433 8.978436
v 10.623105 6.517762 8.531778
v 10.642735 6.462923 8.604145
v 10.630682 6.405478 8.460445
v 10.572032 6.172558 8.289509
v 10.591103 6.245724 8.316998
v 10.558449 6.094213 8.293862
v 10.551342 6.053058 9.027756
v 10.498171 5.836581 8.411971
v 10.488922 5.794538 8.470548
v 10.644038 6.466569 8.676636
v 10.482444 5.764409 8.536385
v 10.618483 6.349196 8.934574
v 10.478992 5.747360 8.606979
v 10.629139 6.396653 8.880099
v 10.481892 5.748483 8.690736
v 10.637081 6.432780 8.817520
v 10.618582 6.362492 8.398534
v 10.642113 6.456384 8.748858
v 10.482942 5.758814 8.766253
v 10.605715 6.308085 8.351913
v 10.489476 5.785560 8.833476
v 10.554648 6.233355 8.241852
v 10.563850 6.272715 8.256161
v 10.448288 5.756459 8.903094
v 10.572721 6.310606 8.274420
v 10.443108 5.735061 8.866394
v 10.627289 6.536165 8.659698
v 10.627064 6.534101 8.702587
v 10.581146 6.346479 8.296364
v 10.438751 5.717267 8.827719
v 10.625895 6.527949 8.745050
v 10.589072 6.380087 8.321821
v 10.435259 5.703247 8.787443
v 10.623796 6.517768 8.786696
v 10.596424 6.411100 8.350544
v 10.432664 5.693134 8.745947
v 10.620785 6.503657 8.827119
v 10.603129 6.439214 8.382254
v 10.430993 5.687024 8.703628
v 10.616890 6.485749 8.865938
v 10.609125 6.464164 8.416655
v 10.430262 5.684976 8.660893
v 10.612126 6.464163 8.902849
v 10.614344 6.485749 8.453503
v 10.430466 5.687024 8.618095
v 10.606558 6.439217 8.937316
v 10.618716 6.503657 8.492270
v 10.431614 5.693134 8.575759
v 10.600245 6.411099 8.969110
v 10.433695 5.703247 8.534234
v 10.593248 6.380088 8.997921
v 10.624840 6.527948 8.574266
v 10.436689 5.717266 8.493921
v 10.585636 6.346479 9.023474
v 10.626534 6.534101 8.616720
v 10.440569 5.735062 8.455192
v 10.577483 6.310607 9.045520
v 10.445296 5.756461 8.418428
v 10.568838 6.272716 9.063887
v 10.450827 5.781258 8.383984
v 10.559813 6.233353 9.078310
v 10.457109 5.809222 8.352182
v 10.550497 6.192818 9.088700
v 10.464080 5.840075 8.323340
v 10.540976 6.151492 9.094965
v 10.471678 5.873541 8.297719
v 10.531344 6.109789 9.097043
v 10.479826 5.909280 8.275581
v 10.521691 6.068088 9.094919
v 10.488448 5.946955 8.257136
v 10.512114 6.026809 9.088615
v 10.502696 5.986328 9.078192
v 10.506824 6.026812 8.232134
v 10.493431 5.946959 9.063845
v 10.516325 6.068091 8.225713
v 10.484580 5.909281 9.045506
v 10.525949 6.109784 8.223471
v 10.535606 6.151495 8.225430
v 10.468246 5.840078 8.997948
v 10.545202 6.192818 8.231576
v 10.465420 5.755329 8.366928
v 10.454542 5.706325 8.442734
v 10.457317 5.728044 8.427040
v 10.452756 5.688038 8.838932
v 10.462929 5.729847 8.919024
v 10.458750 5.722229 8.884578
v 10.565647 6.192782 8.204051
v 10.545194 6.104451 8.195596
v 10.538672 6.085125 8.207434
v 10.558680 6.171594 8.211703
v 10.484185 5.818930 9.019739
v 10.510540 5.931120 9.089004
v 10.504972 5.916586 9.069775
v 10.487394 5.841975 9.023573
v 10.524937 6.016336 8.204966
v 10.519171 6.000299 8.220364
v 10.530424 6.016080 9.115559
v 10.524119 5.998180 9.099705
v 10.505859 5.932046 8.231613
v 10.504147 5.934958 8.243119
v 10.541162 6.060806 9.122208
v 10.539536 6.064634 9.110943
v 10.496211 5.891284 8.251420
v 10.491499 5.879724 8.271427
v 10.551271 6.105928 9.124680
v 10.553770 6.126272 9.112950
v 10.479488 5.817775 8.302330
v 10.478951 5.824417 8.312348
v 10.571741 6.193404 9.115622
v 10.569365 6.193902 9.103864
v 10.468822 5.779619 8.355769
v 10.581507 6.237316 9.104562
v 10.583027 6.253467 9.087430
v 10.600283 6.319443 9.069551
v 10.600887 6.330917 9.050804
v 10.653303 6.558503 8.659531
v 10.652281 6.556443 8.613080
v 10.648559 6.548803 8.659547
v 10.476594 5.785613 8.988527
v 10.472239 5.778157 8.963802
v 10.617031 6.393274 9.018799
v 10.622324 6.426703 8.972303
v 10.631161 6.456045 8.954254
v 10.447264 5.672626 8.526852
v 10.446570 5.678326 8.549709
v 10.450763 5.697975 8.489805
v 10.635291 6.484566 8.894020
v 10.647983 6.538881 8.524468
v 10.643923 6.523854 8.480777
v 10.634191 6.492351 8.438866
v 10.645224 6.535952 8.551701
v 10.642124 6.505431 8.878238
v 10.444227 5.655719 8.615322
v 10.443960 5.664237 8.652713
v 10.643418 6.521917 8.813588
v 10.633689 6.481723 8.400418
v 10.622279 6.442850 8.365769
v 10.443665 5.653413 8.661570
v 10.649652 6.538884 8.794551
v 10.651653 6.550114 8.749589
v 10.647820 6.543231 8.727314
v 10.620155 6.425166 8.330187
v 10.607465 6.380483 8.304138
v 10.446253 5.662234 8.752017
v 10.449800 5.686024 8.799372
v 10.653440 6.558362 8.659544
v 10.648479 6.547606 8.659568
v 10.603889 6.356353 8.272686
v 10.594279 6.323759 8.265366
v 10.585480 6.277827 8.230055
v 10.578234 6.255539 8.233195
v 10.592966 6.268883 8.249090
v 10.583607 6.228838 8.234536
v 10.576647 6.236282 8.215647
v 10.586420 6.278100 8.230847
v 10.656717 6.534730 8.615793
v 10.651207 6.549248 8.568777
v 10.653006 6.555784 8.613878
v 10.478069 5.769081 8.379147
v 10.466450 5.756029 8.366685
v 10.473122 5.785731 8.332905
v 10.484455 5.797512 8.346813
v 10.579389 6.187612 9.095825
v 10.588860 6.228837 9.085266
v 10.582133 6.236276 9.104242
v 10.572245 6.193216 9.115273
v 10.601988 6.307416 8.267658
v 10.595842 6.318356 8.250244
v 10.465790 5.704014 8.830372
v 10.453626 5.688065 8.838007
v 10.657486 6.536829 8.659512
v 10.653809 6.557976 8.659538
v 10.656068 6.528474 8.746325
v 10.652328 6.549248 8.750216
v 10.495781 5.828891 9.003468
v 10.484951 5.818503 9.018812
v 10.477169 5.785732 8.988270
v 10.488331 5.797512 8.974222
v 10.574005 6.187610 8.224094
v 10.566622 6.193212 8.204737
v 10.560550 6.275336 9.065601
v 10.569229 6.313377 9.047162
v 10.470221 5.722105 8.869692
v 10.458254 5.706964 8.879086
v 10.503826 5.862912 9.029415
v 10.493355 5.854047 9.045921
v 10.657257 6.534730 8.703135
v 10.653570 6.555784 8.705097
v 10.564252 6.145587 8.217856
v 10.554438 6.103169 8.215876
v 10.546194 6.105004 8.196144
v 10.556440 6.149315 8.198217
v 10.475489 5.743865 8.907015
v 10.463757 5.729692 8.918066
v 10.512389 5.899256 9.051824
v 10.502299 5.892008 9.069326
v 10.544657 6.060766 8.218169
v 10.535986 6.060714 8.198536
v 10.521391 5.937578 9.070477
v 10.511706 5.932067 9.088823
v 10.481544 5.769082 8.941971
v 10.470081 5.756032 8.954578
v 10.535004 6.018789 8.224711
v 10.525909 6.016868 8.205366
v 10.530809 5.977620 9.085079
v 10.521542 5.973892 9.104075
v 10.525564 5.977625 8.235439
v 10.516062 5.973895 8.216560
v 10.540382 6.018791 9.095691
v 10.531526 6.016863 9.115147
v 10.516323 5.937574 8.250159
v 10.506414 5.932060 8.231936
v 10.550116 6.060769 9.102114
v 10.541688 6.060714 9.121852
v 10.507555 5.899259 8.268919
v 10.497250 5.892011 8.251541
v 10.559923 6.103167 9.104286
v 10.551926 6.105008 9.124117
v 10.499269 5.862912 8.291433
v 10.488594 5.854044 8.275059
v 10.569712 6.145583 9.102184
v 10.562143 6.149311 9.121919
v 10.491545 5.828890 8.317480
v 10.480528 5.818511 8.302263
v 10.551487 6.235813 9.080084
v 10.452187 5.809916 8.970529
v 10.459545 5.840903 8.999407
v 10.536818 6.195108 8.229859
v 10.527182 6.153615 8.223684
v 10.467491 5.874503 9.025035
v 10.517486 6.111733 8.221713
v 10.475948 5.910395 9.047164
v 10.507822 6.069864 8.223961
v 10.484836 5.948236 9.065583
v 10.498282 6.028410 8.230406
v 10.494141 5.987771 9.079988
v 10.488959 5.987771 8.240984
v 10.503593 6.028410 9.090449
v 10.479834 5.948236 8.255503
v 10.513212 6.069864 9.096776
v 10.471174 5.910395 8.274030
v 10.522902 6.111733 9.098906
v 10.462990 5.874503 8.296262
v 10.532574 6.153615 9.096813
v 10.455362 5.840904 8.321986
v 10.542133 6.195108 9.090521
v 10.448361 5.809916 8.350953
v 10.442054 5.781838 8.382885
v 10.619241 6.539872 8.659750
v 10.618482 6.537799 8.616593
v 10.436501 5.756937 8.417475
v 10.616781 6.531621 8.573968
v 10.431753 5.735449 8.454390
v 10.640522 6.522757 8.510692
v 10.614157 6.521397 8.532177
v 10.427857 5.717581 8.493278
v 10.610633 6.507227 8.491625
v 10.424850 5.703502 8.533764
v 10.577416 6.349403 9.025023
v 10.607349 6.365602 9.025668
v 10.585060 6.383149 8.999365
v 10.606242 6.489247 8.452702
v 10.422760 5.693346 8.575462
v 10.592085 6.414289 8.970434
v 10.601002 6.467573 8.415703
v 10.421607 5.687211 8.617973
v 10.598424 6.442521 8.938511
v 10.594982 6.442521 8.381163
v 10.421402 5.685154 8.660948
v 10.604016 6.467573 8.903899
v 10.588249 6.414289 8.349319
v 10.444609 5.670486 8.723144
v 10.422138 5.687211 8.703859
v 10.608801 6.489247 8.866838
v 10.580868 6.383149 8.320478
v 10.423815 5.693346 8.746352
v 10.612709 6.507227 8.827864
v 10.572908 6.349403 8.294917
v 10.426420 5.703502 8.788021
v 10.615733 6.521398 8.787271
v 10.564447 6.313377 8.272881
v 10.429928 5.717581 8.828468
v 10.617842 6.531621 8.745451
v 10.619015 6.537799 8.702807
v 10.434303 5.735449 8.867305
v 10.619241 6.539872 8.659750
v 10.439507 5.756937 8.904159
v 10.555541 6.275336 8.254549
v 10.445486 5.781838 8.938677
v 10.546301 6.235813 8.240180
v 10.642065 6.463597 8.906816
v 10.631784 6.454981 8.954468
v 10.636400 6.438221 8.941878
v 10.629980 6.409627 8.974211
v 10.462004 5.696161 8.510407
v 10.438116 5.723698 8.477793
v 10.467639 5.722106 8.451555
v 10.467639 5.722106 8.451556
v 10.475163 5.756071 8.395460
v 10.445295 5.756456 8.418435
v 10.453260 5.791962 8.370459
v 10.484456 5.797513 8.346813
v 10.491545 5.828890 8.317480
v 10.464081 5.840080 8.323336
v 10.618618 6.378088 8.315866
v 10.626094 6.409627 8.345076
v 10.652336 6.518119 8.530296
v 10.654995 6.528473 8.572621
v 10.625895 6.531925 8.594683
v 10.430262 5.684975 8.660893
v 10.653570 6.555784 8.705103
v 10.646899 6.523443 8.837394
v 10.637701 6.481486 8.917846
v 10.625078 6.425113 8.988240
v 10.609564 6.356472 9.045985
v 10.591719 6.278104 9.088919
v 10.562143 6.149313 9.121919
v 10.521542 5.973893 9.104075
v 10.493355 5.854045 9.045921
v 10.502300 5.892009 9.069327
v 10.470081 5.756032 8.954578
v 10.458254 5.706964 8.879086
v 10.449917 5.673173 8.795224
v 10.445389 5.655941 8.706203
v 10.446047 5.662431 8.570377
v 10.451437 5.688065 8.483447
v 10.460578 5.729692 8.403267
v 10.473122 5.785731 8.332906
v 10.488595 5.854046 8.275058
v 10.516061 5.973893 8.216560
v 10.535986 6.060714 8.198536
v 10.556440 6.149314 8.198216
v 10.576647 6.236279 8.215647
v 10.595843 6.318357 8.250244
v 10.613213 6.392171 8.300598
v 10.628142 6.454979 8.364794
v 10.640057 6.504418 8.440491
v 10.651207 6.549249 8.568779
v 10.588371 6.062284 -6.904731
v 10.596655 6.095869 -6.934326
v 10.588305 6.064247 -6.966185
v 10.602774 6.128041 -6.964774
v 10.601933 6.123602 -6.897926
v 10.616076 6.138260 -6.944177
v 10.610615 6.112001 -6.891733
v 10.607334 6.093494 -6.934391
v 10.605448 6.091051 -6.980742
v 10.597210 6.051425 -6.922674
v 10.590762 6.088999 -6.839914
v 10.578785 6.035839 -6.863690
v 10.592305 6.101033 -7.029204
v 10.575848 6.024971 -6.993872
v 10.606585 6.160212 -6.864485
v 10.607546 6.168487 -6.995359
v 10.612475 6.189388 -6.930562
v 10.572012 6.006652 -6.914964
v 10.563073 6.172272 -7.218665
v 10.568277 6.124079 -7.176022
v 10.590302 6.223145 -7.143409
v 10.502743 5.892186 -6.736188
v 10.532314 5.951858 -6.745409
v 10.517006 5.887341 -6.829020
v 10.586171 6.273208 -7.170175
v 10.489122 5.834543 -6.834048
v 10.613707 6.389107 -6.949608
v 10.617302 6.338192 -6.911446
v 10.610771 6.373083 -6.836549
v 10.613188 6.316803 -6.831178
v 10.606106 6.291941 -7.080059
v 10.511443 5.865480 -6.909339
v 10.601582 6.341197 -7.098040
v 10.484674 5.817847 -6.947146
v 10.600179 6.325467 -6.748917
v 10.512388 5.871158 -6.992215
v 10.603010 6.270310 -6.762894
v 10.615570 6.331873 -6.994385
v 10.605785 6.397534 -7.042740
v 10.490047 5.844701 -7.058334
v 10.584211 6.251405 -6.683277
v 10.586598 6.193273 -6.710034
v 10.520685 5.910541 -7.078229
v 10.486708 5.874053 -7.146643
v 10.566338 6.173810 -6.649672
v 10.531194 5.960099 -7.129025
v 10.511419 5.944139 -7.177443
v 10.574528 6.107268 -6.718984
v 10.548103 6.090436 -6.641113
v 10.544916 6.021056 -7.162897
v 10.553080 6.044825 -6.697703
v 10.528318 6.020022 -7.214526
v 10.523430 5.981978 -6.668403
v 10.543692 6.089263 -7.227001
v 10.595252 6.188343 -7.105463
v 10.589336 6.118400 -7.077175
v 10.604757 6.187311 -7.046278
v 10.540987 5.938148 -6.833734
v 10.568317 6.015338 -6.817768
v 10.555324 5.959409 -6.912063
v 10.618590 6.288734 -6.925804
v 10.616146 6.234954 -6.970342
v 10.615023 6.228960 -6.880060
v 10.534761 5.911768 -6.914211
v 10.615110 6.271124 -6.852390
v 10.608061 6.245516 -7.057630
v 10.615651 6.277624 -7.000370
v 10.604230 6.177725 -6.814839
v 10.607096 6.234020 -6.798155
v 10.536306 5.921697 -6.998567
v 10.560345 5.984983 -7.019317
v 10.593997 6.173104 -6.755716
v 10.545832 5.965712 -7.070499
v 10.586815 6.099428 -6.790112
v 10.574233 6.050669 -7.069374
v 10.560991 6.035657 -7.116241
v 10.563534 6.037014 -6.751462
v 10.577187 6.108588 -7.127666
v 10.550686 5.980628 -6.784012
v 10.452915 5.853922 -6.643909
v 10.475785 5.859081 -6.703242
v 10.441059 5.803833 -6.700490
v 10.524803 6.182595 -7.316939
v 10.539612 6.154722 -7.272885
v 10.554173 6.218147 -7.256793
v 10.487130 5.907645 -6.658285
v 10.466988 5.913870 -6.598434
v 10.518200 6.096592 -7.295782
v 10.503911 5.978930 -6.617092
v 10.482656 5.981334 -6.565742
v 10.494442 6.052809 -7.319977
v 10.510028 6.024646 -7.265936
v 10.477929 5.980330 -7.301049
v 10.511166 6.055911 -6.570465
v 10.496141 5.962938 -7.243056
v 10.459644 5.897213 -7.257405
v 10.516560 6.128315 -6.543662
v 10.540646 6.139550 -6.593221
v 10.483585 5.906927 -7.208438
v 10.538218 6.220408 -6.560737
v 10.443314 5.826897 -7.195138
v 10.558340 6.219221 -6.611625
v 10.433519 5.782605 -7.133566
v 10.464293 5.819569 -7.109183
v 10.564824 6.292488 -6.619201
v 10.601498 6.460972 -6.989134
v 10.606752 6.439944 -6.918301
v 10.597600 6.487534 -6.897165
v 10.426653 5.750842 -7.064340
v 10.458322 5.791680 -7.048444
v 10.591332 6.467334 -7.066409
v 10.422981 5.732822 -6.990080
v 10.455128 5.775856 -6.983280
v 10.583557 6.435221 -7.135660
v 10.592932 6.383384 -7.125261
v 10.422628 5.729235 -6.913714
v 10.455542 5.773983 -6.899274
v 10.577625 6.361713 -7.192342
v 10.425625 5.740282 -6.837948
v 10.459808 5.791982 -6.817634
v 10.431843 5.765458 -6.766012
v 10.600021 6.448655 -6.826064
v 10.466567 5.820041 -6.757044
v 10.544981 6.271024 -7.287281
v 10.564908 6.307945 -7.238416
v 10.577524 6.348582 -6.662560
v 10.588057 6.395475 -6.716391
v 10.596291 6.423293 -6.773942
v 10.445667 5.873542 -6.570522
v 10.473335 5.862911 -6.564578
v 10.465290 5.828894 -6.590524
v 10.595602 6.409625 -7.248919
v 10.588127 6.378091 -7.278124
v 10.582720 6.392169 -7.293396
v 10.590528 6.425117 -7.262882
v 10.454088 5.909280 -6.548488
v 10.481897 5.899251 -6.542172
v 10.602421 6.438219 -7.216669
v 10.597651 6.454979 -7.229200
v 10.462940 5.946963 -6.530146
v 10.490899 5.937580 -6.523515
v 10.429111 5.679473 -6.846778
v 10.416672 5.662432 -6.842841
v 10.414897 5.655941 -6.887795
v 10.427412 5.673261 -6.889804
v 10.472204 5.986325 -6.515802
v 10.500319 5.977620 -6.508914
v 10.616419 6.485552 -6.724720
v 10.616408 6.523443 -6.756600
v 10.612272 6.504421 -6.715366
v 10.481621 6.026802 -6.505378
v 10.509892 6.018796 -6.498301
v 10.608520 6.463599 -7.181674
v 10.604019 6.481486 -7.192653
v 10.491199 6.068082 -6.499074
v 10.519627 6.060777 -6.491879
v 10.414120 5.653766 -6.933187
v 10.426668 5.671178 -6.933268
v 10.500853 6.109787 -6.496949
v 10.529432 6.103167 -6.489707
v 10.607210 6.481485 -6.676147
v 10.510481 6.151485 -6.499027
v 10.539221 6.145586 -6.491809
v 10.613829 6.485554 -7.144194
v 10.609566 6.504418 -7.153502
v 10.520004 6.192818 -6.505292
v 10.548897 6.187611 -6.498168
v 10.414335 5.655941 -6.978648
v 10.426874 5.673261 -6.976791
v 10.529320 6.233347 -6.515681
v 10.558371 6.228847 -6.508729
v 10.605909 6.438222 -6.652117
v 10.601292 6.454979 -6.639523
v 10.430426 5.809216 -6.624808
v 10.423754 5.781260 -6.656521
v 10.449879 5.797964 -6.697750
v 10.461880 5.848663 -6.640486
v 10.538348 6.272724 -6.530109
v 10.567549 6.268886 -6.523396
v 10.618276 6.503768 -7.104765
v 10.614210 6.523443 -7.112319
v 10.596041 6.534100 -6.977288
v 10.626226 6.534731 -6.978194
v 10.626995 6.536829 -6.934492
v 10.596798 6.536165 -6.934281
v 10.546991 6.310603 -6.548471
v 10.415555 5.662432 -7.023619
v 10.428042 5.679472 -7.019834
v 10.594349 6.527949 -7.019722
v 10.624504 6.528474 -7.021368
v 10.599487 6.409625 -6.619780
v 10.594587 6.425115 -6.605755
v 10.591736 6.517769 -7.061338
v 10.621845 6.518118 -7.063701
v 10.621845 6.518119 -7.063697
v 10.617939 6.538433 -7.069422
v 10.588225 6.503658 -7.101721
v 10.618275 6.503765 -7.104771
v 10.417765 5.673172 -7.067720
v 10.430159 5.689757 -7.062064
v 10.613829 6.485554 -7.144193
v 10.592374 6.378091 -6.590487
v 10.587156 6.392169 -6.575149
v 10.578632 6.464164 -7.177340
v 10.608520 6.463598 -7.181676
v 10.581636 6.464168 -6.691150
v 10.611572 6.463598 -6.687177
v 10.605909 6.438222 -6.652117
v 10.572638 6.439212 -7.211742
v 10.420945 5.688064 -7.110544
v 10.433203 5.704013 -7.103061
v 10.586399 6.485750 -6.728056
v 10.616420 6.485557 -6.724728
v 10.590292 6.503651 -6.766859
v 10.620378 6.503766 -6.764198
v 10.584633 6.343909 -6.564498
v 10.579072 6.356471 -6.548007
v 10.558580 6.380083 -7.272176
v 10.588126 6.378088 -7.278126
v 10.565933 6.411101 -7.243448
v 10.623441 6.518118 -6.805310
v 10.425066 5.706966 -7.151681
v 10.437147 5.722106 -7.142437
v 10.550653 6.346477 -7.297631
v 10.576340 6.307417 -6.542074
v 10.570410 6.318356 -6.524585
v 10.542231 6.310609 -7.319571
v 10.571497 6.307419 -7.326334
v 10.430086 5.729692 -7.190725
v 10.441954 5.743863 -7.179817
v 10.533358 6.272710 -7.337834
v 10.562475 6.268881 -7.344903
v 10.561227 6.278103 -6.505073
v 10.524157 6.233354 -7.352141
v 10.553116 6.228836 -7.359457
v 10.514711 6.192813 -7.362418
v 10.543516 6.187620 -7.369896
v 10.457839 5.797513 -6.619770
v 10.451053 5.769079 -6.652026
v 10.423754 5.781259 -6.656522
v 10.444998 5.743865 -6.686976
v 10.399771 5.684976 -6.933099
v 10.426668 5.671178 -6.933266
v 10.426875 5.673260 -6.976786
v 10.399974 5.687024 -6.975899
v 10.401122 5.693133 -7.018231
v 10.403204 5.703248 -7.059760
v 10.433203 5.704013 -7.103062
v 10.406197 5.717264 -7.100068
v 10.437147 5.722106 -7.142436
v 10.410076 5.735061 -7.138799
v 10.441956 5.743866 -7.179822
v 10.414806 5.756464 -7.175569
v 10.447578 5.769079 -7.214844
v 10.420336 5.781259 -7.210010
v 10.453964 5.797512 -7.247180
v 10.461054 5.828890 -7.276513
v 10.468779 5.862914 -7.302561
v 10.441186 5.873540 -7.296273
v 10.477064 5.899260 -7.325074
v 10.457956 5.946952 -7.336855
v 10.495075 5.977632 -7.358556
v 10.467046 5.986329 -7.351319
v 10.504514 6.018795 -7.369283
v 10.476334 6.026812 -7.361858
v 10.514162 6.060754 -7.375822
v 10.485834 6.068090 -7.368280
v 10.523949 6.103181 -7.378117
v 10.495457 6.109776 -7.370522
v 10.533760 6.145585 -7.376137
v 10.505115 6.151494 -7.368563
v 10.580067 6.343911 -7.304013
v 10.574303 6.356473 -7.320433
v 10.626765 6.534730 -6.890850
v 10.596573 6.534102 -6.891410
v 10.431749 5.689757 -6.804579
v 10.419426 5.673173 -6.798769
v 10.448355 5.802302 -6.593946
v 10.464968 5.872539 -6.539741
v 10.465372 5.877858 -6.545629
v 10.449002 5.808635 -6.598699
v 10.442869 5.909319 -6.550625
v 10.465908 6.007453 -6.512096
v 10.448227 5.953279 -7.337548
v 10.471020 6.052394 -7.364254
v 10.484919 6.089414 -6.499170
v 10.427324 5.861784 -7.283930
v 10.504097 6.172446 -6.502907
v 10.413376 5.800061 -7.226858
v 10.522690 6.253318 -6.523229
v 10.402279 5.750325 -7.158549
v 10.543744 6.345599 -6.569141
v 10.584393 6.532724 -6.995993
v 10.585699 6.535445 -6.887949
v 10.394463 5.714502 -7.081651
v 10.579288 6.512891 -7.078916
v 10.561759 6.425396 -6.639886
v 10.390220 5.693943 -6.999084
v 10.570667 6.477621 -7.156311
v 10.572918 6.475387 -6.708250
v 10.389709 5.689436 -6.914076
v 10.558828 6.428345 -7.225019
v 10.580761 6.511415 -6.785337
v 10.392939 5.701184 -6.829659
v 10.544271 6.366956 -7.282502
v 10.399800 5.728703 -6.749320
v 10.527527 6.295667 -7.326641
v 10.410032 5.770941 -6.676049
v 10.509283 6.217614 -7.355519
v 10.423248 5.826303 -6.612620
v 10.490181 6.135382 -7.368238
v 10.588586 6.540156 -6.934297
v 10.587825 6.538078 -6.977467
v 10.586123 6.531890 -7.020127
v 10.583495 6.521657 -7.061933
v 10.579968 6.507475 -7.102505
v 10.575574 6.489480 -7.141449
v 10.570330 6.467790 -7.178466
v 10.564306 6.442719 -7.213023
v 10.557570 6.414472 -7.244876
v 10.550182 6.383310 -7.273730
v 10.542217 6.349536 -7.299306
v 10.533752 6.313497 -7.321346
v 10.524840 6.275430 -7.339684
v 10.515594 6.235883 -7.354057
v 10.506105 6.195151 -7.364379
v 10.496466 6.153642 -7.370550
v 10.486763 6.111729 -7.372519
v 10.477095 6.069840 -7.370265
v 10.467550 6.028364 -7.363811
v 10.458223 5.987710 -7.353225
v 10.449091 5.948143 -7.338689
v 10.440429 5.910296 -7.320154
v 10.432240 5.874376 -7.297897
v 10.424609 5.840766 -7.272159
v 10.417604 5.809767 -7.243174
v 10.411295 5.781674 -7.211219
v 10.405739 5.756766 -7.176611
v 10.400990 5.735267 -7.139665
v 10.397093 5.717396 -7.100762
v 10.394085 5.703314 -7.060249
v 10.391994 5.693156 -7.018524
v 10.390842 5.687023 -6.975992
v 10.390638 5.684969 -6.932992
v 10.391376 5.687033 -6.890057
v 10.393055 5.693176 -6.847545
v 10.395663 5.703344 -6.805845
v 10.399174 5.717434 -6.765383
v 10.403552 5.735315 -6.726531
v 10.408758 5.756819 -6.689658
v 10.414742 5.781738 -6.655123
v 10.421450 5.809842 -6.623251
v 10.428812 5.840842 -6.594366
v 10.436763 5.874466 -6.568727
v 10.445225 5.910377 -6.546591
v 10.454119 5.948240 -6.528167
v 10.463428 5.987798 -6.513760
v 10.472886 6.028463 -6.503296
v 10.482511 6.069942 -6.496971
v 10.492205 6.111829 -6.494847
v 10.501883 6.153738 -6.496944
v 10.511446 6.195254 -6.503245
v 10.520804 6.235972 -6.513691
v 10.529873 6.275527 -6.528189
v 10.538555 6.313582 -6.546643
v 10.546747 6.349624 -6.568798
v 10.554396 6.383390 -6.594477
v 10.561421 6.414536 -6.623420
v 10.567764 6.442786 -6.655371
v 10.573359 6.467847 -6.690004
v 10.578144 6.489525 -6.727082
v 10.582056 6.507514 -6.766088
v 10.585079 6.521687 -6.806703
v 10.587187 6.531911 -6.848544
v 10.588360 6.538087 -6.891210
v 10.601370 6.086539 -6.838847
v 10.590057 6.036370 -6.860131
v 10.592168 6.050085 -7.018500
v 10.605943 6.112383 -7.028574
v 10.618170 6.161812 -6.867105
v 10.583141 6.008103 -6.970239
v 10.617464 6.163561 -6.999202
v 10.623241 6.187946 -6.944619
v 10.582966 6.005520 -6.905668
v 10.512291 5.887362 -6.733871
v 10.526722 5.882449 -6.827817
v 10.539791 5.938639 -6.750836
v 10.573351 6.170816 -7.222144
v 10.596725 6.272960 -7.173070
v 10.605394 6.241963 -7.132641
v 10.586113 6.157005 -7.173378
v 10.498507 5.829023 -6.832902
v 10.624590 6.390250 -6.949867
v 10.621620 6.374032 -6.835453
v 10.628227 6.338727 -6.911228
v 10.624065 6.317084 -6.830005
v 10.521090 5.860318 -6.909125
v 10.612320 6.341754 -7.100067
v 10.618315 6.298861 -7.071938
v 10.494007 5.812129 -6.947367
v 10.610901 6.325843 -6.746757
v 10.522049 5.866074 -6.992987
v 10.613764 6.270036 -6.760889
v 10.616573 6.398777 -7.044112
v 10.626476 6.332345 -6.995166
v 10.499439 5.839302 -7.059899
v 10.594743 6.250892 -6.680336
v 10.599233 6.203013 -6.712035
v 10.530445 5.905929 -7.080036
v 10.496065 5.869013 -7.149261
v 10.566008 6.161776 -6.618079
v 10.591573 6.135168 -6.719342
v 10.521070 5.939939 -7.180436
v 10.541080 5.956082 -7.131433
v 10.558199 6.087994 -6.637658
v 10.568445 6.064985 -6.690318
v 10.554968 6.017776 -7.165726
v 10.538177 6.016731 -7.217953
v 10.533232 5.978245 -6.665269
v 10.552890 5.997333 -6.711254
v 10.562342 6.086020 -7.205812
v 10.553440 5.944393 -6.816623
v 10.566214 5.958202 -6.897840
v 10.579771 6.017653 -6.812247
v 10.545441 5.910012 -6.894975
v 10.603882 6.178782 -7.111830
v 10.617558 6.238871 -7.066603
v 10.620047 6.205817 -7.027701
v 10.604607 6.136761 -7.074497
v 10.629534 6.288696 -6.925763
v 10.626013 6.270877 -6.851484
v 10.624692 6.222288 -6.866483
v 10.627892 6.238172 -6.949716
v 10.626557 6.277444 -7.001249
v 10.545165 5.911819 -6.980950
v 10.613787 6.212161 -6.777877
v 10.566202 5.962258 -6.982490
v 10.613585 6.170371 -6.809598
v 10.554776 5.955419 -7.064987
v 10.573197 5.995059 -7.036729
v 10.597373 6.097089 -6.788436
v 10.581995 6.070368 -6.740208
v 10.571237 6.032547 -7.118503
v 10.586105 6.054224 -7.073594
v 10.566130 5.999921 -6.765553
v 10.587626 6.106361 -7.130070
v 10.485011 5.853859 -6.700536
v 10.538437 6.200134 -7.317691
v 10.564341 6.217238 -7.260728
v 10.549606 6.153052 -7.277012
v 10.496494 5.903006 -6.655044
v 10.521177 6.125288 -7.328766
v 10.476116 5.909320 -6.594471
v 10.534512 6.086884 -7.280140
v 10.509632 5.959841 -6.620213
v 10.503897 6.049911 -7.324662
v 10.491967 5.977583 -6.561386
v 10.519667 6.021416 -7.269984
v 10.524013 6.022359 -6.597486
v 10.487183 5.976559 -7.305507
v 10.508937 6.050922 -6.542715
v 10.505615 5.958979 -7.246836
v 10.538986 6.087875 -6.587696
v 10.468683 5.892454 -7.261338
v 10.526276 6.126327 -6.539040
v 10.492907 5.902278 -7.211792
v 10.548197 6.219531 -6.556326
v 10.452154 5.821291 -7.198323
v 10.568563 6.218330 -6.607829
v 10.442242 5.776471 -7.136015
v 10.473389 5.813881 -7.111336
v 10.575142 6.292433 -6.615552
v 10.435291 5.744325 -7.065964
v 10.467340 5.785656 -7.049889
v 10.601946 6.469431 -7.068057
v 10.612244 6.462920 -6.989857
v 10.431578 5.726093 -6.990824
v 10.464106 5.769638 -6.983948
v 10.594076 6.436921 -7.138147
v 10.603564 6.384468 -7.127622
v 10.431219 5.722461 -6.913534
v 10.464524 5.767741 -6.898924
v 10.583344 6.391881 -7.200127
v 10.434252 5.733641 -6.836855
v 10.590557 6.330625 -7.191548
v 10.468844 5.785956 -6.816307
v 10.570163 6.335864 -7.251951
v 10.440548 5.759127 -6.764047
v 10.578188 6.277375 -7.231822
v 10.475683 5.814355 -6.754975
v 10.555038 6.270765 -7.291583
v 10.613546 6.466572 -6.917354
v 10.587993 6.349202 -6.659425
v 10.598646 6.396646 -6.713886
v 10.606590 6.432780 -6.776477
v 10.611621 6.456388 -6.845136
v 10.524157 6.233354 -7.352142
v 10.533359 6.272715 -7.337832
v 10.417797 5.756457 -6.690902
v 10.542229 6.310602 -7.319575
v 10.412617 5.735062 -6.727598
v 10.596798 6.536165 -6.934298
v 10.596573 6.534101 -6.891406
v 10.550655 6.346482 -7.297627
v 10.408258 5.717267 -6.766274
v 10.595404 6.527950 -6.848945
v 10.558581 6.380089 -7.272171
v 10.404766 5.703246 -6.806555
v 10.593304 6.517767 -6.807293
v 10.565932 6.411097 -7.243452
v 10.402172 5.693134 -6.848043
v 10.590293 6.503658 -6.766877
v 10.572638 6.439215 -7.211739
v 10.400501 5.687024 -6.890369
v 10.586399 6.485749 -6.728055
v 10.578632 6.464164 -7.177339
v 10.399770 5.684975 -6.933099
v 10.581635 6.464163 -6.691144
v 10.583853 6.485750 -7.140490
v 10.399974 5.687023 -6.975894
v 10.576067 6.439216 -6.656676
v 10.588224 6.503656 -7.101726
v 10.401122 5.693134 -7.018238
v 10.569754 6.411101 -6.624886
v 10.591734 6.517766 -7.061345
v 10.403204 5.703246 -7.059756
v 10.562756 6.380085 -6.596071
v 10.594349 6.527948 -7.019726
v 10.406197 5.717267 -7.100076
v 10.555145 6.346483 -6.570521
v 10.596042 6.534101 -6.977270
v 10.410076 5.735061 -7.138799
v 10.546991 6.310601 -6.548470
v 10.414805 5.756461 -7.175565
v 10.538347 6.272719 -6.530107
v 10.420336 5.781257 -7.210008
v 10.529323 6.233355 -6.515685
v 10.426617 5.809221 -7.241810
v 10.520004 6.192815 -6.505292
v 10.433589 5.840077 -7.270655
v 10.510484 6.151496 -6.499029
v 10.441186 5.873540 -7.296273
v 10.500851 6.109782 -6.496950
v 10.449334 5.909279 -7.318410
v 10.491201 6.068091 -6.499074
v 10.457958 5.946962 -7.336860
v 10.481623 6.026811 -6.505376
v 10.467045 5.986328 -7.351319
v 10.472205 5.986330 -6.515801
v 10.476333 6.026808 -7.361858
v 10.462938 5.946956 -6.530149
v 10.485833 6.068091 -7.368280
v 10.454088 5.909280 -6.548488
v 10.495458 6.109785 -7.370523
v 10.445667 5.873537 -6.570526
v 10.505115 6.151495 -7.368563
v 10.437756 5.840082 -6.596043
v 10.514711 6.192820 -7.362417
v 10.426212 5.722117 -7.172208
v 10.422333 5.707588 -7.127786
v 10.432175 5.752125 -7.203876
v 10.423543 5.699020 -6.738815
v 10.434369 5.743714 -6.661164
v 10.435206 5.750835 -6.664590
v 10.424509 5.706661 -6.740779
v 10.539494 6.217149 -7.380848
v 10.519289 6.130074 -7.394300
v 10.518192 6.128459 -7.386604
v 10.532394 6.189615 -7.378673
v 10.504961 6.060794 -7.395804
v 10.502477 6.060282 -7.384069
v 10.480667 5.932061 -6.504838
v 10.479722 5.938844 -6.514679
v 10.489357 6.000019 -7.381622
v 10.488680 6.000299 -7.373630
v 10.493717 5.995000 -6.487063
v 10.493628 5.998178 -6.494289
v 10.475368 5.932042 -7.362378
v 10.473656 5.934960 -7.350874
v 10.510668 6.060799 -6.471786
v 10.509045 6.064634 -6.483050
v 10.461092 5.876873 -7.329977
v 10.461008 5.879724 -7.322566
v 10.523800 6.124982 -6.473216
v 10.523279 6.126275 -6.481042
v 10.449461 5.818405 -7.291993
v 10.445232 5.810248 -7.269649
v 10.541248 6.193403 -6.478371
v 10.538874 6.193909 -6.490130
v 10.437965 5.774792 -7.244521
v 10.553555 6.254370 -6.498716
v 10.552534 6.253463 -6.506561
v 10.571848 6.334522 -6.536983
v 10.566790 6.315801 -6.535504
v 10.622811 6.558503 -6.934462
v 10.619081 6.551088 -6.999690
v 10.617134 6.545358 -6.981213
v 10.617845 6.547682 -6.934424
v 10.578678 6.368223 -6.569049
v 10.587967 6.405684 -6.590447
v 10.601353 6.465274 -6.657050
v 10.599403 6.460284 -6.662936
v 10.590294 6.419606 -6.615247
v 10.417929 5.684148 -7.090770
v 10.416080 5.678326 -7.044286
v 10.617491 6.538879 -7.069530
v 10.609577 6.513445 -7.129445
v 10.605927 6.500838 -7.138181
v 10.614733 6.535953 -7.042291
v 10.413428 5.662345 -7.003335
v 10.611508 6.511253 -6.734668
v 10.609320 6.505181 -6.739273
v 10.413965 5.667249 -6.975316
v 10.598661 6.468334 -7.207455
v 10.596369 6.461602 -7.203951
v 10.412882 5.657542 -6.913132
v 10.413902 5.665342 -6.912086
v 10.619160 6.538882 -6.799436
v 10.614494 6.529276 -6.804911
v 10.619745 6.550333 -6.864073
v 10.617328 6.543231 -6.866676
v 10.590061 6.425477 -7.263131
v 10.582504 6.403486 -7.269825
v 10.416288 5.669931 -6.823901
v 10.417316 5.677798 -6.824346
v 10.576581 6.375488 -7.303421
v 10.622950 6.558362 -6.934448
v 10.617987 6.547606 -6.934425
v 10.566099 6.333934 -7.322781
v 10.558876 6.300101 -7.350139
v 10.547742 6.255539 -7.360798
v 10.562475 6.268882 -7.344903
v 10.553116 6.228837 -7.359457
v 10.546156 6.236281 -7.378346
v 10.555929 6.278106 -7.363144
v 10.626225 6.534730 -6.978201
v 10.624504 6.528473 -7.021373
v 10.620715 6.549248 -7.025216
v 10.622515 6.555784 -6.980115
v 10.447578 5.769082 -7.214848
v 10.435959 5.756032 -7.227311
v 10.442631 5.785734 -7.261091
v 10.453964 5.797511 -7.247179
v 10.548898 6.187614 -6.498169
v 10.558369 6.228838 -6.508727
v 10.551643 6.236282 -6.489753
v 10.541752 6.193210 -6.478719
v 10.571497 6.307416 -7.326335
v 10.565351 6.318352 -7.343751
v 10.435299 5.704014 -6.763622
v 10.423135 5.688065 -6.755988
v 10.626995 6.536829 -6.934479
v 10.623318 6.557976 -6.934457
v 10.465288 5.828888 -6.590529
v 10.454460 5.818506 -6.575180
v 10.446678 5.785732 -6.605723
v 10.457839 5.797513 -6.619771
v 10.543514 6.187612 -7.369899
v 10.536130 6.193211 -7.389256
v 10.530058 6.275336 -6.528391
v 10.538737 6.313377 -6.546831
v 10.439730 5.722105 -6.724300
v 10.427763 5.706964 -6.714910
v 10.473335 5.862916 -6.564575
v 10.462864 5.854047 -6.548071
v 10.621836 6.549248 -6.843776
v 10.626766 6.534730 -6.890859
v 10.623078 6.555784 -6.888895
v 10.533760 6.145584 -7.376137
v 10.523947 6.103172 -7.378118
v 10.515704 6.105008 -7.397849
v 10.525948 6.149313 -7.395776
v 10.444997 5.743863 -6.686981
v 10.433266 5.729695 -6.675923
v 10.481898 5.899258 -6.542169
v 10.471807 5.892007 -6.524667
v 10.514165 6.060764 -7.375824
v 10.505494 6.060713 -7.395457
v 10.490898 5.937572 -6.523519
v 10.481215 5.932063 -6.505172
v 10.451054 5.769082 -6.652022
v 10.439590 5.756030 -6.639417
v 10.504513 6.018792 -7.369282
v 10.495417 6.016864 -7.388627
v 10.500319 5.977626 -6.508912
v 10.491051 5.973898 -6.489916
v 10.495073 5.977624 -7.358554
v 10.485569 5.973893 -7.377433
v 10.509892 6.018792 -6.498302
v 10.501034 6.016863 -6.478847
v 10.485832 5.937576 -7.343834
v 10.475924 5.932064 -7.362060
v 10.519623 6.060762 -6.491880
v 10.511196 6.060713 -6.472141
v 10.477063 5.899254 -7.325071
v 10.466759 5.892012 -7.342452
v 10.529432 6.103168 -6.489708
v 10.521433 6.105004 -6.469876
v 10.468779 5.862914 -7.302561
v 10.458103 5.854044 -7.318934
v 10.539221 6.145583 -6.491809
v 10.531652 6.149318 -6.472075
v 10.461053 5.828891 -7.276514
v 10.450034 5.818504 -7.291725
v 10.520996 6.235813 -6.513909
v 10.421696 5.809916 -6.623465
v 10.429054 5.840903 -6.594586
v 10.506327 6.195108 -7.364134
v 10.496691 6.153615 -7.370308
v 10.436999 5.874503 -6.568959
v 10.486994 6.111733 -7.372280
v 10.445457 5.910395 -6.546829
v 10.477331 6.069864 -7.370032
v 10.454344 5.948236 -6.528410
v 10.467791 6.028410 -7.363587
v 10.463650 5.987771 -6.514005
v 10.458467 5.987771 -7.353009
v 10.473103 6.028410 -6.503543
v 10.449343 5.948236 -7.338490
v 10.482720 6.069864 -6.497217
v 10.440682 5.910395 -7.319963
v 10.492411 6.111733 -6.495089
v 10.432499 5.874503 -7.297731
v 10.502083 6.153615 -6.497180
v 10.424871 5.840904 -7.272007
v 10.511641 6.195108 -6.503473
v 10.417870 5.809916 -7.243040
v 10.411562 5.781838 -7.211108
v 10.588749 6.539872 -6.934243
v 10.587990 6.537799 -6.977399
v 10.406009 5.756937 -7.176519
v 10.586290 6.531621 -7.020025
v 10.401262 5.735449 -7.139603
v 10.610031 6.522758 -7.083301
v 10.583666 6.521397 -7.061816
v 10.397366 5.717581 -7.100716
v 10.580141 6.507227 -7.102368
v 10.394359 5.703502 -7.060229
v 10.546926 6.349403 -6.568971
v 10.554568 6.383149 -6.594629
v 10.575750 6.489247 -7.141292
v 10.392269 5.693346 -7.018531
v 10.561593 6.414289 -6.623559
v 10.570510 6.467573 -7.178290
v 10.391115 5.687211 -6.976021
v 10.567932 6.442521 -6.655482
v 10.564490 6.442521 -7.212831
v 10.390911 5.685154 -6.933045
v 10.573524 6.467573 -6.690094
v 10.557757 6.414289 -7.244674
v 10.391646 5.687211 -6.890134
v 10.578309 6.489247 -6.727156
v 10.550376 6.383149 -7.273515
v 10.393324 5.693346 -6.847641
v 10.582218 6.507227 -6.766129
v 10.542417 6.349403 -7.299076
v 10.395929 5.703502 -6.805971
v 10.585241 6.521398 -6.806722
v 10.533957 6.313377 -7.321113
v 10.399436 5.717581 -6.765525
v 10.587350 6.531621 -6.848542
v 10.588524 6.537799 -6.891186
v 10.403811 5.735449 -6.726689
v 10.588749 6.539872 -6.934243
v 10.409014 5.756937 -6.689835
v 10.525049 6.275336 -7.339444
v 10.414994 5.781838 -6.655316
v 10.515810 6.235813 -7.353814
v 10.595405 6.527949 -6.848944
v 10.625577 6.528474 -6.847668
v 10.625577 6.528474 -6.847668
v 10.619606 6.538433 -6.799539
v 10.623442 6.518119 -6.805313
v 10.620379 6.503767 -6.764202
v 10.611572 6.463597 -6.687177
v 10.599488 6.409627 -6.619782
v 10.569754 6.411100 -6.624884
v 10.592373 6.378086 -6.590482
v 10.584633 6.343910 -6.564499
v 10.555143 6.346473 -6.570515
v 10.576340 6.307419 -6.542074
v 10.567547 6.268881 -6.523395
v 10.435299 5.704014 -6.763622
v 10.431749 5.689756 -6.804581
v 10.404767 5.703248 -6.806550
v 10.429111 5.679473 -6.846776
v 10.402172 5.693133 -6.848050
v 10.427412 5.673260 -6.889806
v 10.400501 5.687025 -6.890362
v 10.426668 5.671178 -6.933266
v 10.428042 5.679473 -7.019837
v 10.430159 5.689756 -7.062062
v 10.485832 5.937576 -7.343835
v 10.580067 6.343910 -7.304014
v 10.595602 6.409627 -7.248917
v 10.602421 6.438221 -7.216667
v 10.583853 6.485749 -7.140491
v 10.449335 5.909281 -7.318411
v 10.433589 5.840077 -7.270655
v 10.426617 5.809219 -7.241808
v 10.399771 5.684975 -6.933099
v 10.408258 5.717267 -6.766274
v 10.439730 5.722106 -6.724297
v 10.412617 5.735061 -6.727600
v 10.417797 5.756459 -6.690898
v 10.430427 5.809219 -6.624805
v 10.437754 5.840077 -6.596046
v 10.562757 6.380087 -6.596072
v 10.576066 6.439215 -6.656675
v 10.593304 6.517767 -6.807295
v 10.623078 6.555784 -6.888890
v 10.621837 6.549249 -6.843780
v 10.616407 6.523443 -6.756599
v 10.612272 6.504419 -6.715363
v 10.607210 6.481486 -6.676148
v 10.601293 6.454980 -6.639524
v 10.594587 6.425113 -6.605753
v 10.587156 6.392171 -6.575150
v 10.579073 6.356472 -6.548008
v 10.570410 6.318356 -6.524585
v 10.561228 6.278104 -6.505074
v 10.551643 6.236279 -6.489752
v 10.531652 6.149313 -6.472075
v 10.521435 6.105006 -6.469876
v 10.501036 6.016865 -6.478846
v 10.491051 5.973893 -6.489918
v 10.471808 5.892009 -6.524666
v 10.462863 5.854045 -6.548073
v 10.454460 5.818506 -6.575179
v 10.446678 5.785731 -6.605724
v 10.439590 5.756032 -6.639415
v 10.433266 5.729692 -6.675927
v 10.427763 5.706964 -6.714908
v 10.423135 5.688065 -6.755987
v 10.419426 5.673173 -6.798769
v 10.416672 5.662431 -6.842844
v 10.414897 5.655941 -6.887791
v 10.414120 5.653766 -6.933187
v 10.414335 5.655941 -6.978650
v 10.415555 5.662431 -7.023616
v 10.417765 5.673173 -7.067721
v 10.420946 5.688065 -7.110546
v 10.425066 5.706964 -7.151679
v 10.430086 5.729692 -7.190726
v 10.435960 5.756032 -7.227313
v 10.442631 5.785731 -7.261087
v 10.458103 5.854046 -7.318935
v 10.466759 5.892009 -7.342451
v 10.485569 5.973893 -7.377433
v 10.495417 6.016866 -7.388627
v 10.515703 6.105006 -7.397849
v 10.525949 6.149314 -7.395776
v 10.536131 6.193212 -7.389257
v 10.546156 6.236279 -7.378347
v 10.555929 6.278104 -7.363144
v 10.565351 6.318357 -7.343749
v 10.574303 6.356472 -7.320434
v 10.582720 6.392171 -7.293395
v 10.597651 6.454979 -7.229199
v 10.604020 6.481486 -7.192652
v 10.609566 6.504418 -7.153503
v 10.614210 6.523442 -7.112320
v 10.620716 6.549249 -7.025214
v 10.622515 6.555784 -6.980120
v 10.643257 10.005075 -0.504894
v 10.636526 9.969020 -0.476947
v 10.641884 9.996452 -0.440894
v 10.631306 9.951770 -0.518975
v 10.626869 9.929112 -0.458994
v 10.644440 9.959820 -0.522410
v 10.656179 10.010717 -0.471145
v 10.647205 9.966645 -0.477014
v 10.643717 9.954619 -0.432282
v 10.636146 9.922138 -0.476249
v 10.632176 9.974184 -0.571823
v 10.633816 9.975755 -0.381931
v 10.618657 9.908994 -0.406305
v 10.615719 9.898123 -0.536495
v 10.650109 10.050416 -0.428816
v 10.611883 9.879804 -0.457587
v 10.643397 10.024562 -0.552813
v 10.651040 10.057399 -0.509730
v 10.601814 10.081460 -0.776935
v 10.619368 10.018147 -0.690675
v 10.630175 10.096300 -0.686029
v 10.626043 10.146360 -0.712793
v 10.542612 9.765333 -0.278812
v 10.562515 9.784549 -0.330833
v 10.528995 9.707696 -0.376670
v 10.553061 9.744665 -0.416495
v 10.653577 10.262260 -0.492228
v 10.657172 10.211343 -0.454066
v 10.650642 10.246234 -0.379169
v 10.653059 10.189956 -0.373799
v 10.645977 10.165092 -0.622679
v 10.641453 10.214351 -0.640658
v 10.524545 9.690997 -0.489769
v 10.550830 9.737865 -0.487826
v 10.637980 10.228455 -0.287882
v 10.642881 10.143461 -0.305517
v 10.655441 10.205025 -0.537006
v 10.645657 10.270687 -0.585360
v 10.553621 9.751019 -0.557752
v 10.629237 10.147808 -0.241977
v 10.529921 9.717855 -0.600954
v 10.628521 10.077239 -0.257236
v 10.565876 9.806599 -0.647805
v 10.605948 10.083397 -0.177280
v 10.544352 9.784174 -0.693129
v 10.613392 10.010340 -0.236274
v 10.597122 10.005673 -0.184771
v 10.598103 9.940848 -0.235780
v 10.584787 9.894205 -0.705517
v 10.562268 9.866680 -0.747337
v 10.575396 9.908125 -0.191896
v 10.577271 9.934495 -0.766736
v 10.578315 9.853372 -0.267373
v 10.602474 9.974406 -0.720082
v 10.542652 9.803889 -0.213094
v 10.593229 10.004303 -0.768723
v 10.633118 10.053294 -0.652263
v 10.629120 9.991649 -0.619316
v 10.644820 10.060520 -0.589173
v 10.658462 10.161885 -0.468425
v 10.656284 10.109862 -0.506060
v 10.654894 10.102111 -0.422679
v 10.646630 10.112660 -0.607574
v 10.580860 9.811307 -0.376348
v 10.599385 9.851723 -0.402130
v 10.594508 9.830794 -0.475801
v 10.574633 9.784920 -0.456834
v 10.654982 10.144275 -0.395012
v 10.655522 10.150775 -0.542991
v 10.647314 10.066716 -0.370947
v 10.646967 10.107171 -0.340776
v 10.576178 9.794847 -0.541181
v 10.600939 9.862287 -0.567671
v 10.633867 10.046254 -0.298336
v 10.632947 10.000050 -0.335428
v 10.584206 9.832619 -0.606245
v 10.617610 9.973907 -0.283345
v 10.595238 9.883620 -0.647110
v 10.615553 9.930226 -0.614491
v 10.611991 9.906038 -0.349033
v 10.603406 9.910170 -0.294084
v 10.608821 9.944743 -0.668243
v 10.590559 9.853786 -0.326626
v 10.492790 9.727077 -0.186533
v 10.515656 9.732234 -0.245860
v 10.480935 9.676993 -0.243106
v 10.564674 10.055743 -0.859562
v 10.579482 10.027876 -0.815509
v 10.506859 9.787028 -0.141044
v 10.558071 9.969742 -0.838401
v 10.539985 9.836951 -0.166496
v 10.522524 9.854483 -0.108357
v 10.534312 9.925948 -0.862594
v 10.549900 9.897800 -0.808558
v 10.554188 9.898719 -0.144034
v 10.517797 9.853473 -0.843668
v 10.539299 9.926965 -0.089913
v 10.536009 9.836078 -0.785673
v 10.568991 9.963473 -0.134359
v 10.499517 9.770372 -0.800032
v 10.556431 10.001467 -0.086284
v 10.523457 9.780080 -0.751061
v 10.583857 10.028832 -0.137820
v 10.578089 10.093555 -0.103357
v 10.483185 9.700053 -0.737766
v 10.512691 9.731622 -0.705817
v 10.473391 9.655758 -0.676190
v 10.504166 9.692725 -0.651808
v 10.604697 10.165641 -0.161828
v 10.641369 10.334125 -0.531752
v 10.646624 10.313096 -0.460923
v 10.637470 10.360688 -0.439784
v 10.466522 9.623989 -0.606961
v 10.498192 9.664827 -0.591053
v 10.631204 10.340485 -0.609031
v 10.462852 9.605974 -0.532699
v 10.494997 9.649005 -0.525895
v 10.621504 10.288323 -0.244724
v 10.617394 10.221732 -0.205177
v 10.623429 10.308369 -0.678279
v 10.632803 10.256534 -0.667885
v 10.462497 9.602383 -0.456341
v 10.495411 9.647132 -0.441892
v 10.636162 10.296449 -0.316561
v 10.617496 10.234861 -0.734962
v 10.465496 9.613433 -0.380575
v 10.499678 9.665133 -0.360249
v 10.471714 9.638610 -0.308638
v 10.639893 10.321806 -0.368684
v 10.506441 9.693198 -0.299660
v 10.584854 10.144174 -0.829898
v 10.604780 10.181097 -0.781035
v 10.485538 9.746694 -0.113143
v 10.513206 9.736063 -0.107198
v 10.505161 9.702042 -0.133149
v 10.635472 10.282776 -0.791543
v 10.627998 10.251245 -0.820744
v 10.622591 10.265323 -0.836017
v 10.493961 9.782437 -0.091105
v 10.521769 9.772405 -0.084792
v 10.642292 10.311370 -0.759291
v 10.637522 10.328131 -0.771822
v 10.502810 9.820107 -0.072771
v 10.530771 9.810733 -0.066134
v 10.456542 9.535583 -0.385465
v 10.454768 9.529094 -0.430406
v 10.467283 9.546412 -0.432430
v 10.512076 9.859479 -0.058422
v 10.540190 9.850772 -0.051535
v 10.521492 9.899956 -0.047999
v 10.549761 9.891940 -0.040922
v 10.648390 10.336746 -0.724302
v 10.643890 10.354636 -0.735274
v 10.531069 9.941230 -0.041695
v 10.559498 9.933932 -0.034499
v 10.453991 9.526918 -0.475809
v 10.540725 9.982944 -0.039570
v 10.569304 9.976319 -0.032328
v 10.651443 10.336746 -0.229795
v 10.656290 10.358707 -0.267348
v 10.647082 10.354640 -0.218773
v 10.550352 10.024634 -0.041648
v 10.579092 10.018737 -0.034430
v 10.653700 10.358707 -0.686811
v 10.649437 10.377569 -0.696124
v 10.559877 10.065975 -0.047915
v 10.588768 10.060762 -0.040788
v 10.454206 9.529094 -0.521277
v 10.466745 9.546412 -0.519408
v 10.569191 10.106497 -0.058302
v 10.598242 10.101996 -0.051349
v 10.641163 10.328126 -0.182140
v 10.470298 9.682369 -0.167427
v 10.463625 9.654410 -0.199142
v 10.489746 9.671107 -0.240376
v 10.501744 9.721800 -0.183113
v 10.578218 10.145871 -0.072728
v 10.607420 10.142036 -0.066017
v 10.654081 10.396591 -0.654946
v 10.635912 10.407252 -0.519909
v 10.666098 10.407883 -0.520815
v 10.666866 10.409981 -0.477114
v 10.636669 10.409317 -0.476902
v 10.586864 10.183759 -0.091094
v 10.616208 10.180558 -0.084687
v 10.455425 9.535582 -0.566234
v 10.467913 9.552623 -0.562452
v 10.634220 10.401101 -0.562344
v 10.664375 10.401626 -0.563990
v 10.595014 10.219619 -0.113132
v 10.624506 10.217070 -0.107125
v 10.631607 10.390921 -0.603960
v 10.661716 10.391269 -0.606322
v 10.602631 10.253249 -0.138700
v 10.632244 10.251238 -0.133104
v 10.661717 10.391273 -0.606308
v 10.657810 10.411587 -0.612036
v 10.628097 10.376810 -0.644340
v 10.658146 10.376917 -0.647392
v 10.457636 9.546326 -0.610347
v 10.470030 9.562907 -0.604682
v 10.609624 10.284249 -0.167503
v 10.639359 10.282779 -0.162403
v 10.623723 10.358900 -0.683112
v 10.653700 10.358706 -0.686812
v 10.632246 10.251248 -0.133113
v 10.634459 10.298269 -0.148379
v 10.627028 10.265326 -0.117774
v 10.615936 10.312363 -0.199292
v 10.645781 10.311375 -0.194737
v 10.618504 10.337315 -0.719961
v 10.648390 10.336747 -0.724299
v 10.621508 10.337319 -0.233772
v 10.651443 10.336746 -0.229794
v 10.612509 10.312365 -0.754362
v 10.642293 10.311374 -0.759286
v 10.460816 9.561215 -0.653163
v 10.473075 9.577168 -0.645691
v 10.626270 10.358902 -0.270678
v 10.656292 10.358710 -0.267352
v 10.605804 10.284249 -0.786072
v 10.635475 10.282783 -0.791535
v 10.630163 10.376803 -0.309482
v 10.660250 10.376915 -0.306814
v 10.624503 10.217055 -0.107116
v 10.618942 10.229618 -0.090626
v 10.627998 10.251242 -0.820746
v 10.633177 10.390923 -0.349929
v 10.663312 10.391270 -0.347931
v 10.464937 9.580117 -0.694301
v 10.590527 10.219630 -0.840251
v 10.619938 10.217058 -0.846637
v 10.635275 10.401100 -0.391562
v 10.665448 10.401626 -0.390292
v 10.610281 10.191508 -0.067206
v 10.582102 10.183759 -0.862193
v 10.611368 10.180573 -0.868954
v 10.469957 9.602843 -0.733344
v 10.481825 9.617013 -0.722436
v 10.573229 10.145865 -0.880455
v 10.602346 10.142035 -0.887525
v 10.607418 10.142032 -0.066016
v 10.601099 10.151258 -0.047696
v 10.564027 10.106501 -0.894764
v 10.592987 10.101988 -0.902079
v 10.554583 10.065969 -0.905038
v 10.583387 10.060766 -0.912519
v 10.497712 9.670671 -0.162384
v 10.470299 9.682374 -0.167422
v 10.490923 9.642224 -0.194654
v 10.463625 9.654411 -0.199141
v 10.484869 9.617017 -0.229599
v 10.457668 9.629609 -0.233522
v 10.479601 9.595259 -0.266915
v 10.452488 9.608213 -0.270221
v 10.475170 9.577167 -0.306238
v 10.448131 9.590420 -0.308894
v 10.471620 9.562906 -0.347205
v 10.439642 9.558126 -0.475721
v 10.466539 9.544330 -0.475887
v 10.466746 9.546412 -0.519402
v 10.439845 9.560176 -0.518524
v 10.467915 9.552626 -0.562465
v 10.440994 9.566285 -0.560855
v 10.470030 9.562906 -0.604678
v 10.443075 9.576398 -0.602377
v 10.446068 9.590418 -0.642694
v 10.477018 9.595256 -0.685056
v 10.449948 9.608212 -0.681421
v 10.481826 9.617016 -0.722441
v 10.454678 9.629619 -0.718195
v 10.487450 9.642229 -0.757463
v 10.460205 9.654404 -0.752622
v 10.493836 9.670665 -0.789803
v 10.466491 9.682382 -0.784441
v 10.500925 9.702042 -0.819134
v 10.473458 9.713220 -0.813269
v 10.508648 9.736060 -0.845179
v 10.481056 9.746688 -0.838891
v 10.516937 9.772414 -0.867698
v 10.489206 9.782434 -0.861034
v 10.525703 9.810724 -0.886455
v 10.497826 9.820097 -0.879475
v 10.534945 9.850780 -0.901175
v 10.506918 9.859482 -0.893940
v 10.544383 9.891940 -0.911901
v 10.516205 9.899964 -0.904481
v 10.554034 9.933909 -0.918444
v 10.525705 9.941244 -0.910901
v 10.563820 9.976331 -0.920738
v 10.535328 9.982928 -0.913144
v 10.573632 10.018740 -0.918757
v 10.544984 10.024636 -0.911184
v 10.619936 10.217056 -0.846639
v 10.614173 10.229624 -0.863055
v 10.666636 10.407882 -0.433474
v 10.636444 10.407254 -0.434033
v 10.471621 9.562909 -0.347198
v 10.459297 9.546323 -0.341392
v 10.656279 10.396592 -0.299216
v 10.663313 10.391273 -0.347945
v 10.659477 10.411586 -0.342164
v 10.488227 9.675457 -0.136563
v 10.504839 9.745690 -0.082361
v 10.505244 9.751011 -0.088247
v 10.493430 9.700940 -0.125015
v 10.482740 9.782474 -0.093244
v 10.505777 9.880598 -0.054719
v 10.488096 9.826425 -0.880167
v 10.510891 9.925543 -0.906875
v 10.524792 9.962574 -0.041790
v 10.467197 9.734943 -0.826556
v 10.543969 10.045601 -0.045528
v 10.453245 9.673207 -0.769474
v 10.562561 10.126465 -0.065849
v 10.442151 9.623480 -0.701175
v 10.583616 10.218755 -0.111764
v 10.624264 10.405876 -0.538612
v 10.625570 10.408596 -0.430571
v 10.434334 9.587657 -0.624282
v 10.619159 10.386040 -0.621545
v 10.601631 10.298552 -0.182512
v 10.430090 9.567092 -0.541696
v 10.610538 10.350770 -0.698934
v 10.612789 10.348540 -0.250875
v 10.429581 9.562588 -0.456687
v 10.598700 10.301498 -0.767638
v 10.620632 10.384568 -0.327960
v 10.432810 9.574335 -0.372284
v 10.584145 10.240111 -0.825120
v 10.439671 9.601851 -0.291949
v 10.567400 10.168829 -0.869257
v 10.449903 9.644097 -0.218663
v 10.549152 10.090754 -0.898143
v 10.463120 9.699455 -0.155240
v 10.530054 10.008541 -0.910857
v 10.628457 10.413307 -0.476919
v 10.627697 10.411230 -0.520084
v 10.625994 10.405043 -0.562742
v 10.623365 10.394807 -0.604558
v 10.619840 10.380627 -0.645123
v 10.615444 10.362628 -0.684077
v 10.610201 10.340943 -0.721086
v 10.604177 10.315871 -0.755642
v 10.597439 10.287619 -0.787501
v 10.590054 10.256462 -0.816351
v 10.582088 10.222689 -0.841928
v 10.573623 10.186644 -0.863971
v 10.564713 10.148588 -0.882303
v 10.555466 10.109031 -0.896678
v 10.545979 10.068310 -0.906998
v 10.536334 10.026782 -0.913173
v 10.526634 9.984879 -0.915140
v 10.516969 9.943004 -0.912887
v 10.507418 9.901504 -0.906430
v 10.498094 9.860855 -0.895844
v 10.488966 9.821311 -0.881317
v 10.480298 9.783436 -0.862767
v 10.472113 9.747536 -0.840526
v 10.464481 9.713919 -0.814781
v 10.457476 9.682920 -0.785797
v 10.451164 9.654820 -0.753833
v 10.445611 9.629923 -0.719241
v 10.440860 9.608417 -0.682283
v 10.436964 9.590547 -0.643379
v 10.433956 9.576465 -0.602871
v 10.431866 9.566308 -0.561145
v 10.430714 9.560174 -0.518612
v 10.430511 9.558122 -0.475616
v 10.431248 9.560184 -0.432679
v 10.432926 9.566327 -0.390166
v 10.435534 9.576494 -0.348470
v 10.439044 9.590584 -0.308006
v 10.443423 9.608467 -0.269152
v 10.448631 9.629975 -0.232271
v 10.454614 9.654889 -0.197744
v 10.461321 9.682989 -0.165876
v 10.468683 9.713995 -0.136986
v 10.476635 9.747620 -0.111347
v 10.485094 9.783522 -0.089217
v 10.493992 9.821400 -0.070786
v 10.503300 9.860950 -0.056380
v 10.512756 9.901608 -0.045919
v 10.522381 9.943090 -0.039593
v 10.532078 9.984986 -0.037468
v 10.541755 10.026895 -0.039564
v 10.551317 10.068402 -0.045866
v 10.560677 10.109124 -0.056313
v 10.569742 10.148670 -0.070807
v 10.578428 10.186738 -0.089266
v 10.586619 10.222778 -0.111421
v 10.594265 10.256534 -0.137091
v 10.601294 10.287693 -0.166047
v 10.607635 10.315935 -0.197989
v 10.613231 10.341000 -0.232628
v 10.618015 10.362675 -0.269700
v 10.621927 10.380668 -0.308712
v 10.624949 10.394836 -0.349319
v 10.627058 10.405063 -0.391168
v 10.628232 10.411239 -0.433834
v 10.639297 9.950558 -0.382379
v 10.623804 9.881604 -0.439246
v 10.624819 9.889459 -0.529748
v 10.641979 9.967175 -0.573157
v 10.658041 10.034966 -0.409725
v 10.657335 10.036715 -0.541824
v 10.663113 10.061098 -0.487241
v 10.552160 9.760509 -0.276495
v 10.566595 9.755603 -0.370438
v 10.579660 9.811783 -0.293458
v 10.618948 10.071674 -0.756538
v 10.636597 10.146111 -0.715689
v 10.645265 10.115117 -0.675263
v 10.623699 10.018416 -0.718238
v 10.538374 9.702168 -0.375529
v 10.664461 10.263403 -0.492487
v 10.661491 10.247184 -0.378074
v 10.668098 10.211878 -0.453847
v 10.663937 10.190235 -0.372626
v 10.560962 9.733472 -0.451740
v 10.652192 10.214907 -0.642684
v 10.658186 10.172012 -0.614556
v 10.533879 9.685282 -0.489979
v 10.650772 10.198996 -0.289381
v 10.561920 9.739224 -0.535611
v 10.653635 10.143185 -0.303507
v 10.656445 10.271931 -0.586733
v 10.666348 10.205497 -0.537787
v 10.539311 9.712453 -0.602515
v 10.634615 10.124047 -0.222959
v 10.639103 10.076167 -0.254655
v 10.572271 9.786483 -0.631969
v 10.553921 9.779572 -0.695788
v 10.605880 10.034928 -0.160701
v 10.631445 10.008322 -0.261965
v 10.598072 9.961149 -0.180280
v 10.595182 9.857087 -0.660965
v 10.608317 9.938137 -0.232941
v 10.572056 9.863074 -0.750648
v 10.599848 9.913476 -0.715450
v 10.573101 9.851388 -0.207892
v 10.587244 9.931726 -0.770286
v 10.592757 9.870468 -0.253882
v 10.603385 10.002344 -0.772299
v 10.640162 10.034191 -0.661556
v 10.656934 10.064382 -0.585880
v 10.635250 9.968493 -0.623060
v 10.590863 9.807019 -0.375208
v 10.606781 9.835891 -0.427005
v 10.614576 9.869305 -0.373105
v 10.657429 10.112020 -0.609225
v 10.584751 9.781575 -0.447168
v 10.669405 10.161847 -0.468384
v 10.665884 10.144030 -0.394105
v 10.664562 10.095438 -0.409103
v 10.667763 10.111323 -0.492335
v 10.604614 9.827672 -0.490166
v 10.666429 10.150596 -0.543871
v 10.585037 9.784972 -0.523578
v 10.653658 10.085312 -0.320499
v 10.653458 10.043525 -0.352222
v 10.609310 9.850673 -0.557185
v 10.591688 9.816695 -0.592916
v 10.632965 9.949428 -0.332358
v 10.619005 9.895764 -0.601325
v 10.621866 9.943521 -0.282829
v 10.617239 9.932716 -0.668943
v 10.604330 9.865063 -0.313222
v 10.524878 9.727000 -0.243160
v 10.536364 9.776153 -0.197663
v 10.561050 9.998438 -0.871383
v 10.578308 10.073293 -0.860315
v 10.596947 10.058858 -0.813111
v 10.578420 9.976254 -0.823092
v 10.515988 9.782473 -0.137092
v 10.549508 9.833005 -0.162829
v 10.543766 9.923061 -0.867286
v 10.536562 9.868894 -0.098151
v 10.559534 9.894563 -0.812608
v 10.563887 9.895520 -0.140105
v 10.527058 9.849710 -0.848120
v 10.545486 9.832136 -0.789462
v 10.568766 9.961575 -0.105254
v 10.508555 9.765600 -0.803952
v 10.532776 9.775433 -0.754422
v 10.574772 10.037107 -0.085526
v 10.492025 9.694444 -0.740945
v 10.521883 9.726390 -0.708623
v 10.600458 10.101570 -0.126525
v 10.482111 9.649625 -0.678654
v 10.513260 9.687034 -0.653957
v 10.475163 9.617477 -0.608581
v 10.507210 9.658802 -0.592497
v 10.641817 10.342581 -0.610677
v 10.652115 10.336067 -0.532479
v 10.471447 9.599242 -0.533442
v 10.503976 9.642788 -0.526565
v 10.633947 10.310076 -0.680766
v 10.643435 10.257621 -0.670243
v 10.471090 9.595612 -0.456159
v 10.504398 9.640895 -0.441549
v 10.623217 10.265038 -0.742745
v 10.474121 9.606790 -0.379482
v 10.630429 10.203779 -0.734168
v 10.508720 9.659114 -0.358929
v 10.610033 10.209017 -0.794575
v 10.480418 9.632277 -0.306667
v 10.614939 10.135573 -0.782899
v 10.515554 9.687504 -0.297599
v 10.594909 10.143919 -0.834207
v 10.615015 10.165582 -0.158175
v 10.653418 10.339721 -0.459971
v 10.627863 10.222353 -0.202044
v 10.638517 10.269801 -0.256506
v 10.646461 10.305934 -0.319097
v 10.651492 10.329538 -0.387755
v 10.564028 10.106501 -0.894764
v 10.573231 10.145874 -0.880450
v 10.457668 9.629610 -0.233522
v 10.582099 10.183749 -0.862198
v 10.452488 9.608212 -0.270221
v 10.636669 10.409317 -0.476916
v 10.636444 10.407253 -0.434032
v 10.590528 10.219639 -0.840244
v 10.448130 9.590419 -0.308896
v 10.635275 10.401100 -0.391564
v 10.598451 10.253234 -0.814797
v 10.444637 9.576396 -0.349179
v 10.633175 10.390918 -0.349914
v 10.605804 10.284249 -0.786072
v 10.442043 9.566285 -0.390664
v 10.630164 10.376809 -0.309497
v 10.612509 10.312366 -0.754359
v 10.440372 9.560175 -0.432989
v 10.626270 10.358901 -0.270678
v 10.618505 10.337317 -0.719957
v 10.439641 9.558126 -0.475721
v 10.621507 10.337316 -0.233767
v 10.623723 10.358899 -0.683116
v 10.439845 9.560175 -0.518517
v 10.615938 10.312368 -0.199300
v 10.628096 10.376807 -0.644344
v 10.440993 9.566285 -0.560859
v 10.609625 10.284252 -0.167508
v 10.631605 10.390919 -0.603964
v 10.443073 9.576396 -0.602371
v 10.602627 10.253235 -0.138689
v 10.634220 10.401100 -0.562346
v 10.446069 9.590421 -0.642701
v 10.595016 10.219626 -0.113138
v 10.635913 10.407253 -0.519894
v 10.449947 9.608212 -0.681421
v 10.586863 10.183758 -0.091093
v 10.454678 9.629614 -0.718188
v 10.578217 10.145864 -0.072726
v 10.460205 9.654404 -0.752624
v 10.569194 10.106506 -0.058305
v 10.466489 9.682375 -0.784433
v 10.559876 10.065970 -0.047914
v 10.473460 9.713230 -0.813277
v 10.550356 10.024649 -0.041650
v 10.481056 9.746687 -0.838891
v 10.540724 9.982940 -0.039571
v 10.489206 9.782434 -0.861033
v 10.531071 9.941238 -0.041694
v 10.497829 9.820112 -0.879481
v 10.521496 9.899967 -0.047997
v 10.506916 9.859481 -0.893941
v 10.512077 9.859481 -0.058422
v 10.516203 9.899956 -0.904479
v 10.502809 9.820103 -0.072774
v 10.525705 9.941245 -0.910901
v 10.493960 9.782434 -0.091107
v 10.535330 9.982938 -0.913144
v 10.485538 9.746689 -0.113146
v 10.544985 10.024643 -0.911184
v 10.477626 9.713230 -0.138666
v 10.554583 10.065967 -0.905039
v 10.466084 9.595270 -0.714830
v 10.464118 9.589375 -0.687040
v 10.472046 9.625278 -0.746498
v 10.463414 9.572173 -0.281433
v 10.474239 9.616864 -0.203788
v 10.469313 9.600079 -0.244192
v 10.575489 10.066536 -0.932223
v 10.559159 10.003222 -0.936922
v 10.558064 10.001614 -0.929226
v 10.572265 10.062764 -0.921293
v 10.544836 9.933958 -0.938428
v 10.542347 9.933427 -0.926690
v 10.520538 9.805215 -0.047458
v 10.519592 9.811991 -0.057302
v 10.529228 9.873171 -0.924244
v 10.528551 9.873452 -0.916251
v 10.533590 9.868158 -0.029683
v 10.533500 9.871335 -0.036908
v 10.515241 9.805202 -0.905004
v 10.513527 9.808110 -0.893495
v 10.553495 9.954072 -0.016126
v 10.548916 9.937783 -0.025671
v 10.500965 9.750031 -0.872602
v 10.500877 9.752872 -0.865185
v 10.563148 9.999421 -0.023663
v 10.573793 10.042060 -0.019983
v 10.484882 9.679204 -0.819012
v 10.485104 9.683395 -0.812265
v 10.578745 10.067058 -0.032751
v 10.593428 10.127528 -0.041339
v 10.592405 10.126616 -0.049184
v 10.475246 9.629035 -0.770152
v 10.611720 10.207677 -0.079605
v 10.610266 10.204065 -0.085809
v 10.662683 10.431653 -0.477083
v 10.661942 10.429396 -0.522782
v 10.657005 10.418509 -0.523832
v 10.657716 10.420833 -0.477046
v 10.481619 9.651311 -0.172809
v 10.627836 10.278831 -0.133066
v 10.628126 10.283434 -0.148092
v 10.641224 10.338425 -0.199669
v 10.639273 10.333431 -0.205551
v 10.656733 10.415852 -0.586798
v 10.649447 10.386592 -0.672071
v 10.647010 10.379281 -0.670121
v 10.654238 10.408328 -0.586334
v 10.457800 9.557299 -0.633392
v 10.453300 9.535496 -0.545952
v 10.454248 9.542945 -0.543359
v 10.458611 9.564117 -0.629397
v 10.651379 10.384398 -0.277276
v 10.649313 10.378047 -0.280273
v 10.638531 10.341481 -0.750081
v 10.636239 10.334750 -0.746576
v 10.452753 9.530693 -0.455752
v 10.453814 9.537927 -0.456239
v 10.659031 10.412035 -0.342061
v 10.656064 10.410316 -0.377326
v 10.659616 10.423486 -0.406702
v 10.624487 10.282624 -0.817215
v 10.622377 10.276648 -0.812437
v 10.456160 9.543083 -0.366520
v 10.458048 9.554049 -0.355490
v 10.657657 10.418939 -0.434808
v 10.662821 10.431513 -0.477070
v 10.657858 10.420757 -0.477048
v 10.607844 10.212062 -0.871307
v 10.605970 10.207084 -0.865403
v 10.462667 9.572799 -0.300807
v 10.589176 10.132353 -0.910272
v 10.587611 10.128683 -0.903421
v 10.602346 10.142033 -0.887526
v 10.592987 10.101993 -0.902078
v 10.586027 10.109433 -0.920966
v 10.595799 10.151252 -0.905766
v 10.662385 10.428934 -0.522741
v 10.664374 10.401623 -0.564003
v 10.660586 10.422399 -0.567841
v 10.475830 9.629185 -0.769936
v 10.482501 9.658881 -0.803706
v 10.493835 9.670661 -0.789799
v 10.588770 10.060769 -0.040790
v 10.598240 10.101987 -0.051347
v 10.591515 10.109430 -0.032373
v 10.581623 10.066360 -0.021340
v 10.611370 10.180577 -0.868952
v 10.605225 10.191516 -0.886365
v 10.475170 9.577166 -0.306241
v 10.463005 9.561214 -0.298613
v 10.661707 10.422399 -0.386397
v 10.505157 9.702032 -0.133157
v 10.494331 9.691661 -0.117797
v 10.486549 9.658885 -0.148343
v 10.583385 10.060762 -0.912520
v 10.576000 10.066357 -0.931880
v 10.569929 10.148487 -0.071012
v 10.578609 10.186528 -0.089452
v 10.479601 9.595260 -0.266914
v 10.467634 9.580118 -0.257525
v 10.502732 9.727188 -0.090699
v 10.573631 10.018736 -0.918758
v 10.563818 9.976323 -0.920738
v 10.555573 9.978149 -0.940471
v 10.565821 10.022469 -0.938397
v 10.484867 9.617013 -0.229604
v 10.473137 9.602846 -0.218544
v 10.521769 9.772406 -0.084791
v 10.511680 9.765161 -0.067288
v 10.554035 9.933915 -0.918446
v 10.545367 9.933874 -0.938081
v 10.521086 9.805215 -0.047792
v 10.479460 9.629179 -0.182041
v 10.544383 9.891940 -0.911902
v 10.535287 9.890012 -0.931248
v 10.540190 9.850775 -0.051535
v 10.530923 9.847050 -0.032537
v 10.534943 9.850769 -0.901174
v 10.525439 9.847038 -0.920053
v 10.549763 9.891945 -0.040922
v 10.540907 9.890017 -0.021467
v 10.525705 9.810732 -0.886458
v 10.515797 9.805223 -0.904684
v 10.559494 9.933911 -0.034501
v 10.551067 9.933867 -0.014763
v 10.516935 9.772408 -0.867694
v 10.506630 9.765163 -0.885074
v 10.569304 9.976325 -0.032329
v 10.561304 9.978155 -0.012497
v 10.508648 9.736061 -0.845180
v 10.497973 9.727192 -0.861553
v 10.579090 10.018731 -0.034430
v 10.571524 10.022468 -0.014696
v 10.500925 9.702044 -0.819137
v 10.489906 9.691661 -0.834350
v 10.560867 10.108964 -0.056531
v 10.461567 9.683067 -0.166086
v 10.468925 9.714055 -0.137207
v 10.546198 10.068260 -0.906754
v 10.536562 10.026767 -0.912930
v 10.476871 9.747654 -0.111580
v 10.526865 9.984884 -0.914901
v 10.485328 9.783546 -0.089450
v 10.517202 9.943015 -0.912652
v 10.494215 9.821386 -0.071032
v 10.507662 9.901562 -0.906208
v 10.503521 9.860922 -0.056627
v 10.498339 9.860922 -0.895631
v 10.512974 9.901562 -0.046165
v 10.489214 9.821387 -0.881112
v 10.522592 9.943015 -0.039838
v 10.480554 9.783546 -0.862585
v 10.532282 9.984884 -0.037709
v 10.472370 9.747655 -0.840353
v 10.541954 10.026767 -0.039801
v 10.464743 9.714055 -0.814629
v 10.551512 10.068259 -0.046094
v 10.457741 9.683068 -0.785662
v 10.451433 9.654989 -0.753729
v 10.628620 10.413023 -0.476865
v 10.627861 10.410951 -0.520020
v 10.445880 9.630088 -0.719140
v 10.626162 10.404773 -0.562647
v 10.441133 9.608601 -0.682225
v 10.623537 10.394548 -0.604437
v 10.437237 9.590733 -0.643337
v 10.620012 10.380378 -0.644989
v 10.434230 9.576653 -0.602851
v 10.586797 10.222554 -0.111592
v 10.616729 10.238750 -0.110945
v 10.594440 10.256300 -0.137249
v 10.615622 10.362398 -0.683913
v 10.432140 9.566498 -0.561152
v 10.601464 10.287440 -0.166180
v 10.610381 10.340725 -0.720912
v 10.430986 9.560362 -0.518641
v 10.607803 10.315673 -0.198103
v 10.604362 10.315672 -0.755451
v 10.430782 9.558306 -0.475666
v 10.613396 10.340725 -0.232717
v 10.597629 10.287439 -0.787295
v 10.453989 9.543637 -0.413468
v 10.431518 9.560362 -0.432755
v 10.618180 10.362398 -0.269776
v 10.590247 10.256300 -0.816135
v 10.433195 9.566498 -0.390262
v 10.651190 10.393321 -0.320771
v 10.622089 10.380379 -0.308750
v 10.582288 10.222554 -0.841698
v 10.435801 9.576653 -0.348593
v 10.625113 10.394548 -0.349343
v 10.573827 10.186528 -0.863734
v 10.439307 9.590732 -0.308146
v 10.627221 10.404773 -0.391164
v 10.628395 10.410951 -0.433807
v 10.443683 9.608601 -0.269311
v 10.628620 10.413023 -0.476865
v 10.448885 9.630088 -0.232456
v 10.564920 10.148487 -0.882066
v 10.454865 9.654989 -0.197937
v 10.555681 10.108964 -0.896435
v 10.663188 10.431127 -0.477078
v 10.662949 10.428934 -0.431511
v 10.666637 10.407882 -0.433478
v 10.666866 10.409980 -0.477102
v 10.665448 10.401625 -0.390288
v 10.660251 10.376919 -0.306823
v 10.645780 10.311372 -0.194736
v 10.639359 10.282779 -0.162404
v 10.616211 10.180571 -0.084695
v 10.530769 9.810727 -0.066138
v 10.513206 9.736064 -0.107198
v 10.497710 9.670664 -0.162392
v 10.490925 9.642231 -0.194644
v 10.468983 9.552624 -0.389397
v 10.466539 9.544330 -0.475887
v 10.473074 9.577164 -0.645680
v 10.477018 9.595258 -0.685060
v 10.487450 9.642231 -0.757466
v 10.658147 10.376919 -0.647388
v 10.666097 10.407882 -0.520823
v 10.598453 10.253239 -0.814794
v 10.467283 9.546412 -0.432435
v 10.466539 9.544329 -0.475887
v 10.439642 9.558126 -0.475721
v 10.440372 9.560175 -0.432987
v 10.468983 9.552625 -0.389393
v 10.442043 9.566284 -0.390670
v 10.444638 9.576398 -0.349174
v 10.477625 9.713229 -0.138667
v 10.662950 10.428935 -0.431512
v 10.661708 10.422400 -0.386401
v 10.656279 10.396594 -0.299220
v 10.652143 10.377570 -0.257984
v 10.652143 10.377570 -0.257984
v 10.647081 10.354637 -0.218769
v 10.641164 10.328131 -0.182146
v 10.634459 10.298265 -0.148375
v 10.627028 10.265323 -0.117771
v 10.618944 10.229623 -0.090629
v 10.610281 10.191507 -0.067206
v 10.601099 10.151256 -0.047695
v 10.591515 10.109430 -0.032373
v 10.581625 10.066363 -0.021341
v 10.571524 10.022465 -0.014696
v 10.561306 9.978157 -0.012497
v 10.551067 9.933866 -0.014763
v 10.540907 9.890017 -0.021467
v 10.530922 9.847044 -0.032538
v 10.511680 9.765161 -0.067287
v 10.502734 9.727197 -0.090693
v 10.494331 9.691658 -0.117800
v 10.486549 9.658882 -0.148345
v 10.479462 9.629183 -0.182036
v 10.473137 9.602844 -0.218547
v 10.467634 9.580116 -0.257529
v 10.463006 9.561216 -0.298608
v 10.459297 9.546324 -0.341390
v 10.456543 9.535583 -0.385467
v 10.454768 9.529093 -0.430412
v 10.453991 9.526917 -0.475809
v 10.454206 9.529093 -0.521271
v 10.455426 9.535583 -0.566237
v 10.457636 9.546325 -0.610343
v 10.460817 9.561216 -0.653167
v 10.464937 9.580116 -0.694300
v 10.469957 9.602844 -0.733347
v 10.482502 9.658882 -0.803708
v 10.489906 9.691658 -0.834348
v 10.497974 9.727197 -0.861557
v 10.506630 9.765161 -0.885073
v 10.525440 9.847044 -0.920054
v 10.535288 9.890017 -0.931249
v 10.555574 9.978157 -0.940471
v 10.565820 10.022465 -0.938398
v 10.586027 10.109430 -0.920968
v 10.595800 10.151256 -0.905766
v 10.605223 10.191507 -0.886370
v 10.614173 10.229623 -0.863055
v 10.622591 10.265323 -0.836017
v 10.630400 10.298265 -0.805507
v 10.630400 10.298265 -0.805507
v 10.637522 10.328131 -0.771821
v 10.643891 10.354637 -0.735273
v 10.649437 10.377570 -0.696123
v 10.654081 10.396594 -0.654941
v 10.657810 10.411585 -0.612043
v 10.660587 10.422400 -0.567835
v 24.710493 3.409455 -19.737547
v 24.667063 3.394549 -19.739546
v 24.669962 3.438765 -19.730925
v 24.625942 3.414792 -19.735840
v 24.636068 3.362715 -19.747599
v 24.685993 3.354234 -19.749725
v 24.712370 3.403002 -19.727798
v 24.652351 3.435171 -19.720194
v 24.667130 3.392175 -19.728867
v 24.628752 3.368472 -19.734810
v 24.688198 3.352672 -19.738949
v 24.760853 3.390866 -19.745937
v 24.746592 3.446888 -19.733273
v 24.587435 3.344963 -19.754929
v 24.742771 3.340041 -19.757030
v 24.573240 3.401116 -19.742506
v 24.591362 3.451812 -19.731274
v 24.666054 3.303080 -19.764549
v 24.668022 3.488618 -19.723356
v 24.923290 3.479578 -19.762991
v 24.876146 3.521828 -19.745897
v 24.902912 3.571889 -19.750031
v 24.468929 3.190862 -19.833460
v 24.502537 3.224981 -19.810093
v 24.583790 3.177032 -19.821341
v 24.566788 3.133222 -19.847078
v 24.682343 3.687789 -19.722494
v 24.644175 3.636868 -19.718899
v 24.569290 3.671764 -19.725430
v 24.563915 3.615478 -19.723013
v 24.812801 3.590624 -19.730095
v 24.830788 3.639857 -19.734621
v 24.677654 3.163135 -19.825018
v 24.679882 3.116523 -19.851528
v 24.481651 3.624144 -19.736023
v 24.495628 3.568986 -19.733191
v 24.727119 3.630554 -19.720631
v 24.775486 3.696219 -19.730417
v 24.769957 3.185401 -19.820602
v 24.791073 3.143378 -19.846155
v 24.416016 3.550083 -19.751987
v 24.447344 3.502759 -19.747553
v 24.846500 3.240442 -19.808731
v 24.883247 3.209706 -19.831718
v 24.358257 3.479825 -19.776648
v 24.426394 3.435864 -19.762680
v 24.373854 3.389115 -19.788095
v 24.425901 3.366391 -19.777966
v 24.895630 3.319738 -19.791283
v 24.937456 3.292203 -19.813807
v 24.401142 3.280658 -19.812771
v 24.981434 3.356920 -19.808380
v 24.451687 3.289142 -19.795609
v 24.910194 3.399944 -19.773594
v 24.958841 3.429830 -19.782843
v 24.858643 3.425647 -19.754908
v 24.794556 3.462953 -19.736656
v 24.833508 3.495192 -19.739248
v 24.522686 3.272235 -19.787046
v 24.550486 3.313980 -19.768166
v 24.604652 3.270692 -19.778219
v 24.583187 3.228024 -19.797279
v 24.677427 3.587340 -19.717743
v 24.689148 3.536579 -19.719589
v 24.619431 3.529824 -19.720776
v 24.602711 3.576824 -19.719633
v 24.753498 3.509665 -19.726074
v 24.767410 3.559895 -19.724010
v 24.666016 3.256634 -19.781673
v 24.647125 3.210709 -19.801609
v 24.565788 3.497402 -19.727602
v 24.530848 3.532916 -19.728828
v 24.713079 3.215046 -19.800970
v 24.746357 3.279659 -19.776875
v 24.781584 3.246394 -19.794397
v 24.531858 3.445364 -19.738991
v 24.484978 3.463097 -19.744267
v 24.827343 3.293197 -19.784327
v 24.523451 3.384369 -19.752438
v 24.473450 3.390229 -19.760435
v 24.796642 3.336669 -19.764751
v 24.854568 3.352054 -19.771292
v 24.487778 3.327022 -19.774702
v 24.811104 3.396512 -19.751507
v 24.376646 3.152617 -19.883278
v 24.435978 3.157766 -19.860413
v 24.433224 3.102515 -19.895142
v 24.391022 3.206323 -19.849072
v 24.331163 3.212555 -19.869213
v 24.349831 3.277614 -19.832287
v 25.052708 3.351486 -19.841755
v 25.033705 3.423001 -19.814011
v 24.298471 3.280011 -19.853550
v 25.033785 3.279008 -19.858271
v 24.982456 3.276294 -19.836437
v 24.303202 3.354575 -19.825039
v 24.990145 3.195895 -19.876556
v 24.941175 3.205604 -19.852615
v 24.287773 3.500877 -19.802727
v 24.299601 3.424670 -19.809116
v 24.927876 3.125578 -19.892887
v 24.895929 3.157153 -19.863379
v 24.336205 3.551452 -19.778259
v 24.866299 3.081284 -19.902683
v 24.841927 3.118258 -19.871904
v 24.332157 3.603870 -19.779196
v 24.392090 3.604351 -19.758457
v 24.797075 3.049520 -19.909550
v 24.781178 3.090365 -19.877876
v 24.377872 3.663742 -19.765747
v 24.799152 3.766016 -19.744869
v 24.721869 3.759653 -19.734703
v 24.450529 3.663623 -19.744972
v 24.722822 3.031504 -19.913219
v 24.716022 3.074539 -19.881071
v 24.434849 3.713858 -19.754566
v 24.856655 3.712483 -19.746429
v 24.646452 3.027916 -19.913572
v 24.632017 3.072665 -19.880657
v 24.510979 3.729867 -19.740295
v 24.570686 3.038961 -19.910578
v 24.550369 3.090663 -19.876392
v 24.498749 3.064141 -19.904358
v 24.489786 3.118715 -19.869637
v 25.023684 3.492762 -19.798109
v 24.650229 3.763254 -19.733414
v 24.914284 3.670839 -19.756428
v 24.578842 3.753192 -19.735319
v 24.962639 3.618944 -19.768734
v 24.999809 3.558709 -19.782888
v 24.303267 3.172212 -19.890535
v 24.297318 3.161590 -19.862865
v 24.323265 3.127570 -19.870911
v 24.981653 3.708308 -19.740599
v 25.026131 3.690853 -19.753479
v 24.995625 3.723792 -19.745672
v 24.281225 3.207961 -19.882111
v 24.274904 3.197941 -19.854301
v 24.949404 3.736902 -19.733780
v 24.961933 3.753662 -19.738548
v 24.262886 3.245636 -19.873262
v 24.256256 3.236252 -19.845303
v 24.579512 2.978153 -19.907089
v 24.575581 2.961112 -19.919529
v 24.620529 2.954622 -19.921303
v 24.622540 2.971941 -19.908789
v 24.248539 3.285009 -19.863997
v 24.241648 3.276312 -19.835880
v 24.457462 3.784235 -19.719780
v 24.496939 3.802447 -19.715820
v 24.489338 3.822124 -19.719793
v 24.448099 3.803099 -19.723930
v 24.238115 3.325484 -19.854580
v 24.231039 3.317472 -19.826309
v 24.914415 3.762277 -19.727682
v 24.925392 3.780165 -19.732182
v 24.231810 3.366776 -19.844999
v 24.224617 3.359444 -19.816578
v 24.665926 2.952446 -19.922081
v 24.666004 2.969858 -19.909533
v 24.229687 3.408455 -19.835350
v 24.222445 3.401857 -19.806767
v 24.419916 3.762279 -19.724628
v 24.408884 3.780166 -19.728991
v 24.231766 3.450172 -19.825718
v 24.224546 3.444271 -19.796978
v 24.886238 3.803099 -19.726635
v 24.238029 3.491493 -19.816196
v 24.230906 3.486296 -19.787302
v 24.711388 2.954622 -19.921865
v 24.709526 2.971941 -19.909325
v 24.248421 3.532031 -19.806879
v 24.241463 3.527516 -19.777832
v 24.384850 3.736899 -19.730293
v 24.372265 3.753662 -19.734907
v 24.357538 3.107903 -19.905773
v 24.389263 3.079936 -19.912449
v 24.430481 3.096650 -19.886320
v 24.373226 3.147340 -19.874323
v 24.262840 3.571388 -19.797855
v 24.256132 3.567562 -19.768654
v 24.837502 3.802448 -19.717926
v 24.845058 3.822123 -19.721989
v 24.709999 3.832783 -19.740158
v 24.710945 3.833410 -19.709976
v 24.667206 3.835509 -19.709206
v 24.667038 3.834846 -19.739403
v 24.281212 3.609288 -19.789209
v 24.756353 2.961111 -19.920647
v 24.752462 3.826629 -19.741852
v 24.754116 3.827153 -19.711697
v 24.303261 3.645165 -19.781054
v 24.297234 3.642586 -19.751568
v 24.352520 3.708308 -19.736713
v 24.338490 3.723792 -19.741615
v 24.794085 3.816446 -19.744467
v 24.323227 3.676774 -19.743826
v 24.796436 3.816799 -19.714355
v 24.802160 3.837113 -19.718262
v 24.800457 2.971853 -19.918436
v 24.794798 2.988436 -19.906042
v 24.873230 3.784429 -19.752348
v 24.876932 3.784234 -19.722372
v 24.837498 3.802450 -19.717924
v 24.323221 3.676769 -19.743828
v 24.307886 3.690849 -19.749046
v 24.389418 3.737899 -19.760134
v 24.384850 3.736900 -19.730293
v 24.357618 3.709778 -19.766449
v 24.910076 3.762844 -19.757566
v 24.914417 3.762277 -19.727682
v 24.423880 3.762842 -19.754566
v 24.949408 3.736899 -19.733780
v 24.843287 2.986747 -19.915255
v 24.835796 3.002693 -19.902998
v 24.976192 3.709774 -19.770267
v 24.981659 3.708303 -19.740599
v 24.297235 3.642590 -19.751568
v 24.280746 3.655153 -19.757130
v 25.004904 3.678777 -19.777618
v 25.010864 3.676769 -19.748074
v 24.884413 3.005644 -19.911137
v 24.875175 3.020787 -19.899054
v 25.030369 3.645156 -19.785547
v 25.036747 3.642595 -19.756134
v 24.581684 3.826631 -19.740797
v 24.580400 3.827153 -19.710625
v 24.538057 3.816801 -19.712759
v 24.274813 3.606102 -19.759861
v 24.257322 3.617037 -19.765791
v 25.052317 3.609277 -19.793972
v 25.059071 3.606100 -19.764704
v 24.923462 3.028372 -19.906115
v 25.070566 3.571405 -19.802839
v 25.077641 3.567563 -19.773726
v 24.256132 3.567561 -19.768654
v 24.237812 3.576785 -19.774973
v 25.084879 3.532038 -19.812042
v 25.092192 3.527528 -19.783083
v 25.095156 3.491495 -19.821489
v 25.102636 3.486290 -19.792686
v 24.357544 3.107897 -19.905775
v 24.384758 3.067762 -19.885147
v 24.389263 3.079936 -19.912449
v 24.419718 3.042543 -19.891203
v 24.423637 3.055139 -19.918404
v 24.457035 3.020787 -19.896471
v 24.460339 3.033741 -19.923584
v 24.496363 3.002693 -19.900902
v 24.665836 2.983655 -19.936430
v 24.666002 2.969858 -19.909533
v 24.708630 2.985703 -19.936226
v 24.750973 2.991814 -19.935078
v 24.794806 2.988438 -19.906040
v 24.792488 3.001925 -19.932999
v 24.835798 3.002693 -19.902998
v 24.875175 3.020786 -19.899054
v 24.871540 3.033742 -19.926125
v 24.908297 3.055137 -19.921396
v 24.947588 3.067764 -19.888622
v 24.942745 3.079937 -19.915865
v 24.979919 3.096194 -19.882235
v 25.003395 3.138760 -19.902611
v 25.035299 3.161596 -19.867422
v 25.029011 3.172221 -19.895014
v 25.057808 3.197932 -19.859138
v 25.051147 3.207960 -19.886866
v 25.076574 3.236262 -19.850367
v 25.069597 3.245640 -19.878242
v 25.091290 3.276298 -19.841129
v 25.084057 3.285007 -19.869156
v 25.102018 3.317471 -19.831688
v 25.094595 3.325482 -19.859869
v 25.108562 3.359465 -19.822031
v 25.101017 3.366760 -19.850370
v 25.110855 3.401843 -19.812256
v 25.103260 3.408468 -19.840742
v 25.108873 3.444269 -19.802441
v 25.101301 3.450167 -19.831089
v 25.036751 3.642589 -19.756134
v 25.053173 3.655151 -19.761898
v 24.624149 3.832782 -19.739628
v 24.537319 2.988436 -19.904453
v 24.531506 2.971853 -19.916775
v 24.538050 3.816799 -19.712759
v 24.532274 3.837113 -19.716595
v 24.297813 3.134802 -19.879829
v 24.278364 3.176541 -19.870827
v 24.331434 3.107317 -19.887197
v 24.283361 3.208002 -19.893332
v 24.244839 3.306117 -19.870296
v 25.070284 3.251957 -19.887976
v 25.096991 3.351063 -19.865183
v 24.231907 3.388097 -19.851282
v 25.016670 3.160469 -19.908875
v 24.235643 3.471116 -19.832106
v 24.959593 3.098739 -19.922825
v 24.255966 3.551997 -19.813511
v 24.891293 3.049010 -19.933920
v 24.301874 3.644272 -19.792458
v 24.728733 3.831405 -19.751808
v 24.620682 3.834125 -19.750502
v 24.814398 3.013186 -19.941738
v 24.811653 3.811571 -19.756912
v 24.372623 3.724075 -19.774441
v 24.731829 2.992624 -19.945980
v 24.889040 3.776305 -19.765533
v 24.440990 3.774069 -19.763283
v 24.646811 2.988117 -19.946491
v 24.957756 3.727025 -19.777372
v 24.518072 3.810095 -19.755440
v 24.562401 2.999863 -19.943264
v 25.015251 3.665623 -19.791931
v 24.482065 3.027380 -19.936401
v 25.059378 3.594348 -19.808674
v 24.408775 3.069628 -19.926167
v 25.088259 3.516288 -19.826918
v 24.345356 3.124984 -19.912952
v 25.100975 3.434061 -19.846020
v 24.667023 3.838836 -19.747616
v 24.710217 3.836757 -19.748375
v 24.752857 3.830572 -19.750078
v 24.794670 3.820338 -19.752705
v 24.835247 3.806154 -19.756233
v 24.874184 3.788162 -19.760626
v 24.911200 3.766472 -19.765871
v 24.945759 3.741401 -19.771894
v 24.977619 3.713145 -19.778633
v 25.006470 3.681989 -19.786018
v 25.032040 3.648225 -19.793982
v 25.054085 3.612174 -19.802448
v 25.072422 3.574112 -19.811359
v 25.086794 3.534561 -19.820606
v 25.097115 3.493835 -19.830095
v 25.103289 3.452317 -19.839737
v 25.105257 3.410412 -19.849438
v 25.103003 3.368520 -19.859106
v 25.096548 3.327044 -19.868652
v 25.085962 3.286391 -19.877977
v 25.071430 3.246828 -19.887110
v 25.052885 3.208966 -19.895775
v 25.030642 3.173067 -19.903959
v 25.004896 3.139446 -19.911592
v 24.975906 3.108443 -19.918596
v 24.943958 3.080355 -19.924906
v 24.909348 3.055445 -19.930462
v 24.872410 3.033951 -19.935211
v 24.833496 3.016075 -19.939108
v 24.792980 3.001992 -19.942116
v 24.751266 2.991837 -19.944206
v 24.708729 2.985703 -19.945358
v 24.665730 2.983650 -19.945562
v 24.622795 2.985713 -19.944824
v 24.580275 2.991857 -19.943146
v 24.538591 3.002021 -19.940538
v 24.498119 3.016114 -19.937027
v 24.459267 3.033996 -19.932650
v 24.422392 3.055501 -19.927443
v 24.387859 3.080420 -19.921457
v 24.355997 3.108514 -19.914753
v 24.327101 3.139526 -19.907389
v 24.301466 3.173144 -19.899439
v 24.279329 3.209057 -19.890976
v 24.260900 3.246929 -19.882080
v 24.246498 3.286476 -19.872774
v 24.236034 3.327143 -19.863316
v 24.229710 3.368620 -19.853691
v 24.227585 3.410514 -19.843994
v 24.229681 3.452417 -19.834318
v 24.235983 3.493931 -19.824755
v 24.246431 3.534664 -19.815393
v 24.260925 3.574200 -19.806328
v 24.279379 3.612262 -19.797646
v 24.301533 3.648300 -19.789454
v 24.327213 3.682068 -19.781807
v 24.356167 3.713225 -19.774776
v 24.388103 3.741463 -19.768436
v 24.422737 3.766524 -19.762842
v 24.459826 3.788208 -19.758057
v 24.498825 3.806194 -19.754145
v 24.539431 3.820364 -19.751122
v 24.581287 3.830592 -19.749012
v 24.623953 3.836768 -19.747839
v 24.572014 3.408134 -19.729582
v 24.595243 3.331132 -19.746952
v 24.731092 3.323333 -19.749397
v 24.763145 3.397388 -19.733271
v 24.622561 3.476755 -19.714725
v 24.656843 3.300454 -19.754181
v 24.695757 3.482890 -19.713902
v 24.741287 3.452119 -19.721058
v 24.954884 3.469499 -19.762852
v 24.878731 3.520987 -19.735296
v 24.911736 3.420720 -19.757587
v 24.466612 3.186033 -19.823914
v 24.560560 3.181129 -19.809477
v 24.475929 3.246427 -19.793985
v 24.905809 3.571640 -19.739475
v 24.565647 3.127707 -19.837692
v 24.682600 3.688928 -19.711611
v 24.568190 3.672707 -19.714581
v 24.643967 3.637410 -19.707972
v 24.562737 3.615767 -19.712135
v 24.814613 3.590615 -19.719303
v 24.641853 3.158998 -19.815113
v 24.832811 3.640443 -19.723881
v 24.680107 3.110809 -19.842194
v 24.479498 3.624524 -19.725300
v 24.725719 3.164752 -19.814152
v 24.493629 3.568713 -19.722437
v 24.776852 3.697453 -19.719627
v 24.727905 3.631026 -19.709724
v 24.792635 3.137987 -19.836758
v 24.413065 3.549572 -19.741459
v 24.440136 3.490753 -19.739044
v 24.812778 3.204612 -19.805756
v 24.881994 3.167690 -19.840136
v 24.350822 3.460442 -19.770193
v 24.913166 3.238619 -19.815128
v 24.864174 3.254767 -19.795118
v 24.370392 3.386675 -19.778002
v 24.446671 3.415454 -19.749414
v 24.898453 3.316458 -19.781229
v 24.427656 3.340516 -19.772968
v 24.950697 3.315414 -19.798025
v 24.398008 3.276921 -19.802971
v 24.988739 3.403280 -19.787170
v 24.857365 3.442050 -19.740292
v 24.830273 3.501995 -19.726845
v 24.784958 3.479071 -19.721600
v 24.549358 3.243069 -19.782763
v 24.627712 3.208694 -19.790758
v 24.637669 3.255485 -19.770689
v 24.562954 3.294660 -19.761353
v 24.648823 3.586558 -19.706873
v 24.584209 3.569557 -19.710190
v 24.592846 3.517710 -19.712122
v 24.689566 3.535760 -19.708429
v 24.784601 3.549455 -19.715897
v 24.713686 3.210501 -19.791035
v 24.701513 3.256950 -19.770802
v 24.529316 3.532008 -19.718300
v 24.715618 3.581633 -19.708300
v 24.538898 3.462836 -19.724047
v 24.490301 3.478848 -19.729836
v 24.783039 3.242233 -19.784382
v 24.758846 3.284458 -19.764999
v 24.521498 3.381877 -19.741732
v 24.829355 3.289600 -19.774193
v 24.798262 3.333582 -19.754379
v 24.474476 3.359815 -19.756126
v 24.859058 3.358228 -19.758837
v 24.812902 3.394162 -19.740973
v 24.503607 3.290677 -19.771950
v 24.433277 3.152539 -19.851189
v 24.387779 3.201680 -19.839710
v 25.057846 3.461582 -19.806355
v 25.020895 3.497193 -19.784494
v 24.327209 3.207998 -19.860085
v 25.059469 3.367018 -19.827532
v 24.352951 3.258520 -19.826567
v 25.006310 3.335943 -19.812607
v 24.288265 3.294425 -19.839510
v 24.330223 3.321036 -19.812189
v 25.038246 3.275251 -19.849014
v 24.979574 3.257652 -19.830589
v 24.295374 3.387092 -19.807308
v 24.994080 3.191142 -19.867514
v 24.944530 3.200957 -19.843296
v 24.275637 3.462635 -19.801304
v 24.931072 3.119974 -19.884048
v 24.316637 3.527092 -19.775616
v 24.868767 3.075153 -19.893961
v 24.844086 3.112562 -19.862814
v 24.798698 3.043006 -19.900908
v 24.782623 3.084335 -19.868862
v 24.800804 3.768104 -19.734255
v 24.722591 3.761601 -19.723957
v 24.723553 3.024776 -19.904621
v 24.716679 3.068320 -19.872093
v 24.870888 3.735600 -19.742125
v 24.860353 3.683141 -19.732634
v 24.646271 3.021142 -19.904980
v 24.631653 3.066424 -19.871674
v 24.932865 3.690562 -19.752857
v 24.569595 3.032324 -19.901947
v 24.924286 3.629301 -19.745644
v 24.549040 3.084633 -19.867359
v 24.984686 3.634548 -19.766037
v 24.496790 3.057810 -19.895649
v 24.973017 3.561106 -19.761133
v 24.487724 3.113024 -19.860523
v 25.024324 3.569443 -19.781164
v 24.348293 3.591110 -19.761057
v 24.650093 3.765251 -19.722654
v 24.392162 3.647879 -19.748207
v 24.446630 3.695330 -19.737553
v 24.509205 3.731455 -19.729610
v 24.577873 3.755067 -19.724579
v 25.084879 3.532034 -19.812044
v 25.070568 3.571401 -19.802841
v 24.423632 3.055143 -19.918402
v 25.052313 3.609282 -19.793972
v 24.460339 3.033741 -19.923584
v 24.667030 3.834845 -19.739403
v 24.624149 3.832782 -19.739628
v 25.030365 3.645161 -19.785545
v 24.499012 3.015948 -19.927942
v 24.581678 3.826629 -19.740797
v 25.004911 3.678766 -19.777618
v 24.539289 3.001928 -19.931435
v 24.540035 3.816448 -19.742897
v 24.976185 3.709782 -19.770267
v 24.580788 2.991813 -19.934029
v 24.499607 3.802336 -19.745907
v 24.944477 3.737895 -19.763563
v 24.623102 2.985704 -19.935699
v 24.460793 3.784430 -19.749802
v 24.910078 3.762844 -19.757568
v 24.665836 2.983656 -19.936430
v 24.423883 3.762845 -19.754564
v 24.873228 3.784429 -19.752350
v 24.708635 2.985704 -19.936226
v 24.389412 3.737895 -19.760136
v 24.834463 3.802336 -19.747976
v 24.750967 2.991813 -19.935078
v 24.357620 3.709779 -19.766449
v 24.794079 3.816448 -19.744465
v 24.792496 3.001927 -19.932997
v 24.328810 3.678769 -19.773445
v 24.752460 3.826629 -19.741852
v 24.832813 3.015948 -19.930002
v 24.303257 3.645160 -19.781055
v 24.710012 3.832782 -19.740158
v 24.871540 3.033742 -19.926123
v 24.281210 3.609286 -19.789209
v 24.908302 3.055141 -19.921394
v 24.262842 3.571394 -19.797855
v 24.942747 3.079938 -19.915865
v 24.248421 3.532035 -19.806879
v 24.974546 3.107900 -19.909584
v 24.238029 3.491497 -19.816196
v 25.003391 3.138756 -19.902613
v 24.231766 3.450175 -19.825718
v 25.029013 3.172222 -19.895014
v 24.229687 3.408470 -19.835346
v 25.051149 3.207961 -19.886866
v 24.231810 3.366769 -19.845001
v 25.069595 3.245635 -19.878244
v 24.238113 3.325490 -19.854578
v 25.084057 3.285010 -19.869156
v 24.248539 3.285010 -19.863997
v 25.094597 3.325494 -19.859867
v 24.262886 3.245639 -19.873260
v 25.101017 3.366767 -19.850368
v 24.281225 3.207960 -19.882111
v 25.103260 3.408467 -19.840742
v 24.303261 3.172219 -19.890533
v 25.101299 3.450176 -19.831085
v 24.328785 3.138755 -19.898447
v 25.095154 3.491495 -19.821489
v 24.942429 3.045412 -19.904520
v 24.865181 2.999871 -19.914587
v 24.860523 3.006269 -19.913868
v 24.936615 3.050807 -19.904026
v 24.447468 3.005465 -19.909027
v 24.393906 3.042391 -19.901833
v 24.434313 3.025605 -19.906759
v 25.122507 3.472627 -19.806747
v 25.127134 3.384667 -19.827093
v 25.119297 3.383808 -19.828018
v 25.115026 3.470278 -19.808012
v 24.250500 3.210709 -19.861950
v 24.247419 3.237523 -19.856480
v 25.114359 3.298688 -19.846844
v 25.106369 3.298985 -19.847519
v 24.219797 3.293694 -19.842482
v 24.227026 3.296859 -19.842573
v 25.084324 3.215230 -19.866049
v 25.083611 3.233638 -19.862545
v 24.206244 3.379587 -19.822580
v 24.215786 3.363314 -19.827156
v 25.055305 3.178407 -19.875193
v 24.213779 3.424954 -19.812922
v 25.037708 3.138876 -19.883455
v 24.210098 3.467582 -19.802280
v 25.002384 3.108926 -19.890968
v 24.226536 3.510657 -19.793188
v 24.994068 3.084285 -19.894150
v 24.231449 3.553046 -19.782646
v 24.256248 3.592381 -19.774460
v 24.269722 3.633204 -19.764353
v 24.667198 3.857183 -19.713388
v 24.712891 3.854926 -19.714130
v 24.713957 3.844038 -19.719067
v 24.667162 3.846363 -19.718355
v 24.301785 3.666901 -19.757523
v 24.338205 3.084291 -19.890099
v 24.377504 3.065202 -19.897221
v 24.323183 3.704360 -19.748236
v 24.389788 3.763953 -19.734848
v 24.395672 3.758963 -19.736797
v 24.347982 3.718284 -19.745907
v 24.800550 2.971642 -19.919033
v 24.777014 2.977004 -19.920122
v 24.776915 3.841381 -19.719339
v 24.862190 3.812122 -19.726624
v 24.870916 3.799519 -19.730274
v 24.775030 3.834633 -19.721468
v 24.736080 2.961028 -19.922771
v 24.467405 3.809933 -19.724691
v 24.472008 3.803860 -19.726883
v 24.708057 2.965930 -19.922234
v 24.940189 3.767015 -19.737539
v 24.936687 3.760283 -19.739832
v 24.645866 2.956223 -19.923319
v 24.644817 2.964022 -19.922298
v 24.552427 3.840138 -19.718239
v 24.537649 3.827956 -19.721706
v 24.599413 3.841910 -19.718872
v 25.007338 3.708149 -19.751585
v 25.001844 3.703579 -19.753187
v 24.575500 2.960896 -19.920128
v 24.557085 2.976478 -19.918884
v 24.621595 3.854927 -19.713566
v 24.513350 2.981128 -19.916752
v 24.667187 3.857042 -19.713251
v 24.667164 3.846286 -19.718214
v 25.061428 3.637585 -19.768229
v 25.061363 3.622441 -19.772411
v 24.490925 2.998327 -19.913406
v 25.100389 3.557882 -19.786896
v 25.093534 3.554219 -19.788460
v 25.077641 3.567564 -19.773726
v 25.092194 3.527521 -19.783085
v 25.111084 3.534961 -19.790045
v 25.095882 3.576781 -19.780273
v 24.710938 3.833411 -19.709976
v 24.754108 3.827154 -19.711697
v 24.757948 3.847929 -19.715485
v 24.712858 3.854464 -19.713686
v 24.947582 3.067760 -19.888622
v 24.960052 3.054714 -19.900240
v 24.993824 3.084411 -19.893570
v 24.979919 3.096194 -19.882236
v 24.230904 3.486288 -19.787304
v 24.241465 3.527521 -19.777832
v 24.222488 3.534957 -19.784559
v 24.211456 3.491895 -19.794447
v 25.059072 3.606098 -19.764704
v 25.076485 3.617037 -19.770849
v 24.496363 3.002693 -19.900902
v 24.488722 2.986746 -19.913067
v 24.667219 3.835509 -19.709206
v 24.667194 3.856656 -19.712883
v 24.580406 3.827154 -19.710625
v 24.576519 3.847929 -19.714365
v 24.307917 3.117186 -19.881741
v 24.338463 3.084411 -19.889523
v 24.352509 3.096192 -19.878363
v 25.102634 3.486292 -19.792686
v 25.121994 3.491894 -19.800070
v 24.261129 3.574017 -19.806143
v 24.279568 3.612057 -19.797462
v 24.457035 3.020787 -19.896471
v 24.447647 3.005644 -19.908438
v 24.297314 3.161593 -19.862865
v 24.280809 3.152726 -19.873337
v 24.623592 3.833411 -19.709435
v 24.621628 3.854464 -19.713123
v 25.108875 3.444263 -19.802441
v 25.110855 3.401847 -19.812256
v 25.130587 3.403684 -19.820498
v 25.128513 3.447993 -19.810253
v 24.419712 3.042547 -19.891203
v 24.408663 3.028373 -19.902935
v 24.274906 3.197936 -19.854301
v 24.257402 3.190690 -19.864391
v 25.108562 3.359450 -19.822035
v 25.128195 3.359396 -19.830706
v 24.256252 3.236257 -19.845303
v 24.237907 3.230747 -19.854986
v 24.384764 3.067759 -19.885147
v 24.372152 3.054712 -19.896610
v 25.102018 3.317467 -19.831688
v 25.121365 3.315548 -19.840782
v 24.241652 3.276302 -19.835882
v 24.222656 3.272568 -19.845152
v 25.091291 3.276304 -19.841127
v 25.110170 3.272574 -19.850632
v 24.231041 3.317470 -19.826309
v 24.211584 3.315547 -19.835165
v 25.076572 3.236256 -19.850368
v 25.094797 3.230745 -19.860277
v 24.224617 3.359448 -19.816578
v 24.204878 3.359396 -19.825005
v 25.057812 3.197938 -19.859137
v 25.075188 3.190688 -19.869442
v 24.222446 3.401847 -19.806768
v 24.202614 3.403687 -19.814766
v 25.035299 3.161595 -19.867422
v 25.051672 3.152726 -19.878098
v 24.224546 3.444268 -19.796980
v 24.204811 3.447992 -19.804548
v 25.009249 3.127568 -19.875149
v 25.024466 3.117188 -19.886166
v 24.246647 3.534493 -19.815205
v 24.356201 3.108597 -19.914505
v 24.327324 3.139584 -19.907146
v 25.096870 3.493789 -19.829874
v 25.103046 3.452296 -19.839510
v 24.301697 3.173183 -19.899200
v 25.105019 3.410413 -19.849207
v 24.279566 3.209075 -19.890745
v 25.102768 3.368544 -19.858870
v 24.261147 3.246916 -19.881855
v 25.096325 3.327091 -19.868410
v 24.246742 3.286451 -19.872551
v 25.085747 3.286451 -19.877731
v 24.236280 3.327091 -19.863098
v 25.071228 3.246916 -19.886858
v 24.229954 3.368544 -19.853481
v 25.052702 3.209075 -19.895519
v 24.227825 3.410413 -19.843790
v 25.030468 3.173184 -19.903702
v 24.229916 3.452296 -19.834118
v 25.004745 3.139584 -19.911329
v 24.236210 3.493789 -19.824560
v 24.975777 3.108597 -19.918331
v 24.943846 3.080518 -19.924639
v 24.666981 3.838552 -19.747452
v 24.710136 3.836479 -19.748211
v 24.909256 3.055617 -19.930191
v 24.752762 3.830302 -19.749910
v 24.872341 3.034130 -19.934938
v 24.816040 3.821437 -19.726170
v 24.794552 3.820078 -19.752535
v 24.833452 3.016261 -19.938835
v 24.835106 3.805907 -19.756060
v 24.792967 3.002182 -19.941841
v 24.301708 3.648083 -19.789276
v 24.327366 3.681829 -19.781631
v 24.874029 3.787927 -19.760450
v 24.751268 2.992026 -19.943932
v 24.356297 3.712969 -19.774609
v 24.911026 3.766253 -19.765690
v 24.708757 2.985891 -19.945084
v 24.388220 3.741201 -19.768269
v 24.945568 3.741201 -19.771709
v 24.665783 2.983834 -19.945290
v 24.422832 3.766254 -19.762676
v 24.977411 3.712969 -19.778442
v 24.622871 2.985891 -19.944553
v 24.459892 3.787927 -19.757893
v 25.028166 3.670439 -19.762409
v 25.006252 3.681829 -19.785824
v 24.580378 2.992026 -19.942877
v 24.498867 3.805907 -19.753983
v 25.031815 3.648083 -19.793785
v 24.538708 3.002182 -19.940271
v 24.539459 3.820078 -19.750959
v 25.053850 3.612057 -19.802244
v 24.498262 3.016261 -19.936764
v 24.581280 3.830302 -19.748852
v 24.623924 3.836480 -19.747677
v 24.459427 3.034129 -19.932388
v 24.666981 3.838552 -19.747452
v 24.422573 3.055617 -19.927187
v 25.072182 3.574017 -19.811150
v 24.388054 3.080518 -19.921207
v 25.086550 3.534493 -19.820391
v 24.623592 3.833411 -19.709435
v 24.496941 3.802448 -19.715820
v 24.499617 3.802339 -19.745907
v 24.457460 3.784235 -19.719780
v 24.460793 3.784430 -19.749802
v 24.419914 3.762278 -19.724628
v 24.352520 3.708307 -19.736713
v 24.274811 3.606100 -19.759861
v 24.323265 3.127570 -19.870911
v 24.352509 3.096192 -19.878361
v 24.622543 2.971941 -19.908789
v 24.666002 2.969858 -19.909533
v 24.665836 2.983656 -19.936430
v 24.709526 2.971941 -19.909325
v 24.752575 2.978153 -19.908157
v 24.752575 2.978153 -19.908157
v 24.912556 3.042545 -19.894245
v 24.912556 3.042545 -19.894245
v 25.009251 3.127570 -19.875147
v 25.010864 3.676769 -19.748074
v 24.876930 3.784234 -19.722372
v 24.796434 3.816800 -19.714355
v 24.834465 3.802336 -19.747976
v 24.944477 3.737895 -19.763563
v 24.974545 3.107900 -19.909584
v 24.832813 3.015948 -19.930002
v 24.623104 2.985704 -19.935699
v 24.579517 2.978152 -19.907089
v 24.580786 2.991814 -19.934029
v 24.537313 2.988438 -19.904451
v 24.539291 3.001927 -19.931435
v 24.499012 3.015948 -19.927942
v 24.328783 3.138758 -19.898447
v 24.328810 3.678768 -19.773445
v 24.540033 3.816448 -19.742897
v 24.576517 3.847929 -19.714365
v 24.532276 3.837114 -19.716595
v 24.489336 3.822123 -19.719793
v 24.448101 3.803099 -19.723928
v 24.408886 3.780167 -19.728991
v 24.372261 3.753660 -19.734909
v 24.338490 3.723794 -19.741613
v 24.307888 3.690851 -19.749044
v 24.280745 3.655152 -19.757130
v 24.257322 3.617036 -19.765791
v 24.237812 3.576785 -19.774973
v 24.222488 3.534959 -19.784557
v 24.211456 3.491892 -19.794447
v 24.204811 3.447994 -19.804548
v 24.202614 3.403686 -19.814766
v 24.204878 3.359395 -19.825005
v 24.211584 3.315546 -19.835165
v 24.222656 3.272573 -19.845150
v 24.237907 3.230745 -19.854986
v 24.257402 3.190689 -19.864391
v 24.280809 3.152726 -19.873337
v 24.307917 3.117187 -19.881741
v 24.372152 3.054712 -19.896610
v 24.408663 3.028373 -19.902935
v 24.488724 2.986745 -19.913067
v 24.531506 2.971853 -19.916775
v 24.620529 2.954622 -19.921303
v 24.665924 2.952446 -19.922081
v 24.711386 2.954622 -19.921865
v 24.756353 2.961111 -19.920647
v 24.843283 2.986745 -19.915255
v 24.884417 3.005645 -19.911135
v 24.923462 3.028373 -19.906115
v 24.960049 3.054712 -19.900242
v 25.024464 3.117187 -19.886166
v 25.051672 3.152726 -19.878098
v 25.075188 3.190690 -19.869442
v 25.094797 3.230745 -19.860277
v 25.110170 3.272573 -19.850632
v 25.121365 3.315546 -19.840784
v 25.128195 3.359395 -19.830706
v 25.130587 3.403686 -19.820496
v 25.128513 3.447994 -19.810253
v 25.121994 3.491892 -19.800070
v 25.111084 3.534959 -19.790045
v 25.095882 3.576784 -19.780272
v 25.076487 3.617037 -19.770849
v 25.053171 3.655152 -19.761898
v 25.026133 3.690851 -19.753481
v 24.995623 3.723794 -19.745672
v 24.961937 3.753660 -19.738550
v 24.925388 3.780167 -19.732180
v 24.886240 3.803099 -19.726635
v 24.845058 3.822123 -19.721989
v 24.802158 3.837114 -19.718262
v 24.757950 3.847929 -19.715485
v 25.303520 9.229728 -19.735106
v 25.287493 9.187736 -19.743378
v 25.244545 9.203962 -19.740614
v 25.331612 9.176760 -19.747234
v 25.275932 9.146207 -19.753370
v 25.332798 9.196188 -19.731630
v 25.272781 9.228358 -19.724026
v 25.287560 9.185361 -19.732698
v 25.249186 9.161660 -19.738640
v 25.308620 9.145858 -19.742779
v 25.193085 9.180871 -19.749268
v 25.216852 9.127717 -19.761244
v 25.363205 9.133230 -19.760860
v 25.378656 9.215178 -19.742537
v 25.211790 9.244996 -19.735106
v 25.286480 9.096267 -19.768379
v 25.260916 9.277308 -19.728310
v 25.320278 9.276115 -19.728863
v 25.543720 9.272761 -19.766823
v 25.496574 9.315011 -19.749729
v 25.523342 9.365075 -19.753860
v 25.089363 8.984045 -19.837292
v 25.161177 8.990257 -19.820423
v 25.187216 8.926410 -19.850910
v 25.302773 9.480977 -19.726326
v 25.264605 9.430055 -19.722731
v 25.189720 9.464950 -19.729259
v 25.250536 8.958757 -19.828014
v 25.184343 9.408665 -19.726845
v 25.433228 9.383811 -19.733925
v 25.451216 9.433046 -19.738451
v 25.300310 8.909709 -19.855360
v 25.102081 9.417330 -19.739853
v 25.345390 8.963032 -19.827641
v 25.116058 9.362173 -19.737022
v 25.347549 9.423740 -19.724461
v 25.395912 9.489408 -19.734247
v 25.411501 8.936569 -19.849983
v 25.036446 9.343268 -19.755819
v 25.063196 9.285134 -19.753435
v 25.431389 9.002400 -19.819347
v 25.503681 9.002892 -19.835552
v 24.978687 9.273013 -19.780478
v 25.458015 9.059351 -19.799944
v 25.068975 9.204468 -19.765205
v 24.994282 9.182299 -19.791927
v 25.516056 9.112924 -19.795113
v 25.557888 9.085395 -19.817636
v 25.050871 9.136699 -19.786949
v 25.021572 9.073844 -19.816601
v 25.577284 9.153211 -19.802631
v 25.530622 9.193124 -19.777426
v 25.091087 9.052702 -19.806005
v 25.579266 9.223022 -19.786673
v 25.479071 9.218830 -19.758739
v 25.414986 9.256143 -19.740486
v 25.453936 9.288376 -19.743080
v 25.171135 9.040415 -19.796625
v 25.170914 9.107169 -19.771996
v 25.225077 9.063880 -19.782051
v 25.248554 9.006450 -19.804527
v 25.297859 9.380527 -19.721573
v 25.309578 9.329766 -19.723421
v 25.239857 9.323010 -19.724606
v 25.223141 9.370010 -19.723465
v 25.373930 9.302851 -19.729904
v 25.387838 9.353081 -19.727842
v 25.307411 9.051019 -19.785023
v 25.186218 9.290590 -19.731434
v 25.151278 9.326103 -19.732660
v 25.324287 9.006442 -19.805223
v 25.386124 9.029294 -19.800426
v 25.152288 9.238550 -19.742823
v 25.105406 9.256279 -19.748098
v 25.402542 9.105769 -19.773451
v 25.143883 9.177551 -19.756269
v 25.469131 9.127373 -19.778675
v 25.099218 9.146670 -19.772497
v 25.431532 9.189696 -19.755339
v 25.125927 9.087454 -19.785942
v 24.997074 8.945801 -19.887110
v 25.056408 8.950953 -19.864244
v 25.053650 8.895706 -19.898970
v 25.011456 8.999508 -19.852901
v 25.677181 9.219153 -19.828506
v 25.629482 9.197235 -19.811352
v 25.644114 9.285949 -19.801941
v 24.951588 9.005751 -19.873043
v 24.970261 9.070797 -19.836121
v 25.673141 9.144682 -19.845587
v 24.918900 9.073196 -19.857380
v 25.619110 9.116516 -19.830006
v 25.654213 9.072194 -19.862103
v 24.923630 9.147761 -19.828871
v 25.596222 9.054802 -19.843891
v 25.610577 8.989086 -19.880386
v 25.561609 8.998797 -19.856445
v 24.913904 9.312276 -19.801813
v 24.920031 9.217854 -19.812948
v 25.548317 8.918769 -19.896717
v 25.516365 8.950342 -19.867208
v 24.985636 9.356150 -19.771221
v 25.486734 8.874470 -19.906515
v 25.462351 8.911444 -19.875734
v 24.952587 9.397058 -19.783026
v 25.342297 9.552840 -19.738535
v 25.271467 9.531812 -19.733280
v 25.250328 9.579399 -19.742432
v 25.417507 8.842704 -19.913382
v 25.401592 8.883546 -19.881708
v 25.015720 9.440450 -19.762508
v 25.419580 9.559204 -19.748699
v 25.343248 8.824688 -19.917053
v 25.336445 8.867723 -19.884905
v 25.477087 9.505665 -19.750259
v 25.266888 8.821100 -19.917404
v 25.252443 8.865849 -19.884491
v 25.191122 8.832148 -19.914408
v 25.170792 8.883851 -19.880224
v 25.119184 8.857322 -19.908190
v 25.179237 9.540530 -19.740011
v 25.110210 8.911909 -19.873465
v 25.069565 9.487342 -19.751972
v 25.127100 9.515159 -19.743742
v 25.534714 9.464020 -19.760258
v 25.583069 9.412131 -19.772564
v 25.620235 9.351894 -19.786718
v 24.923695 8.965401 -19.894365
v 24.917746 8.954777 -19.866697
v 24.943699 8.920752 -19.874744
v 24.949207 8.931951 -19.902275
v 24.901653 9.001150 -19.885941
v 24.895332 8.991130 -19.858131
v 25.569830 9.530089 -19.737610
v 25.602087 9.501493 -19.744429
v 25.582371 9.546843 -19.742382
v 24.883316 9.038822 -19.877092
v 24.876684 9.029439 -19.849134
v 25.199944 8.771339 -19.910921
v 25.196012 8.754298 -19.923361
v 25.240948 8.747809 -19.925135
v 24.868967 9.078194 -19.867828
v 24.862076 9.069498 -19.839710
v 25.077894 9.577423 -19.723612
v 25.117365 9.595633 -19.719652
v 25.109762 9.615308 -19.723625
v 25.068525 9.596284 -19.727760
v 24.858543 9.118676 -19.858410
v 24.851469 9.110656 -19.830141
v 25.534847 9.555462 -19.731514
v 25.545811 9.573359 -19.736010
v 24.852240 9.159960 -19.848831
v 24.845047 9.152637 -19.820408
v 25.286354 8.745633 -19.925911
v 25.286434 8.763045 -19.913364
v 24.850117 9.201641 -19.839182
v 24.842875 9.195041 -19.810598
v 25.029318 9.573356 -19.732821
v 24.852196 9.243359 -19.829548
v 24.844975 9.237455 -19.800810
v 25.506676 9.596283 -19.730467
v 24.858458 9.284681 -19.820028
v 24.851336 9.279486 -19.791132
v 25.329950 8.765127 -19.913157
v 24.868851 9.325219 -19.810711
v 24.861893 9.320704 -19.781662
v 25.005283 9.530089 -19.734123
v 24.992685 9.546843 -19.738739
v 24.977972 8.901085 -19.909605
v 25.009687 8.873126 -19.916279
v 25.050911 8.889832 -19.890152
v 24.993656 8.940517 -19.878159
v 24.883272 9.364582 -19.801685
v 25.457939 9.595633 -19.721756
v 25.465488 9.615309 -19.725821
v 25.330431 9.625970 -19.743990
v 25.331371 9.626597 -19.713806
v 25.287636 9.628696 -19.713036
v 25.287464 9.628033 -19.743233
v 25.376778 8.754297 -19.924477
v 25.373001 8.771339 -19.911989
v 25.372887 9.619817 -19.745682
v 25.374548 9.620339 -19.715528
v 24.923689 9.438351 -19.784885
v 24.917664 9.435774 -19.755400
v 24.901638 9.402471 -19.793041
v 24.972946 9.501492 -19.740543
v 24.958925 9.516986 -19.745443
v 25.414516 9.609632 -19.748297
v 25.416855 9.609988 -19.718185
v 24.949234 9.471948 -19.777277
v 24.943653 9.469960 -19.747658
v 25.422586 9.630301 -19.722092
v 25.454895 9.595521 -19.751806
v 25.457928 9.595636 -19.721756
v 25.420893 8.765041 -19.922266
v 25.415230 8.781624 -19.909872
v 24.978048 9.502965 -19.770279
v 24.972948 9.501493 -19.740543
v 25.493658 9.577617 -19.756180
v 25.497360 9.577422 -19.726204
v 24.928314 9.484036 -19.752876
v 25.009846 9.531084 -19.763966
v 25.005283 9.530090 -19.734123
v 25.530510 9.556029 -19.761398
v 25.534843 9.555464 -19.731514
v 25.044308 9.556029 -19.758396
v 25.040340 9.555463 -19.728458
v 25.564899 9.531085 -19.767393
v 25.569836 9.530085 -19.737610
v 25.463707 8.779930 -19.919086
v 25.456230 8.795881 -19.906828
v 25.081223 9.577617 -19.753632
v 25.077887 9.577420 -19.723612
v 25.596622 9.502961 -19.774099
v 25.602087 9.501493 -19.744429
v 25.117373 9.595635 -19.719652
v 24.917662 9.435772 -19.755400
v 24.901173 9.448336 -19.760960
v 25.625332 9.471964 -19.781448
v 25.631294 9.469954 -19.751904
v 25.160450 9.609632 -19.746727
v 25.158485 9.609987 -19.716589
v 25.504845 8.798832 -19.914967
v 25.650803 9.438338 -19.789379
v 25.657177 9.435781 -19.759964
v 25.202114 9.619817 -19.744627
v 25.200829 9.620339 -19.714455
v 24.877754 9.410228 -19.769621
v 25.672745 9.402463 -19.797804
v 25.679504 9.399283 -19.768536
v 25.543896 8.821562 -19.909946
v 25.532986 8.835731 -19.898077
v 25.690996 9.364592 -19.806671
v 25.698071 9.360749 -19.777557
v 24.876560 9.360748 -19.772484
v 24.858242 9.369971 -19.778805
v 25.705307 9.325226 -19.815874
v 25.712620 9.320714 -19.786915
v 25.715584 9.284679 -19.825321
v 25.723066 9.279473 -19.796518
v 24.972931 8.889384 -19.882191
v 24.977978 8.901081 -19.909607
v 25.005188 8.860950 -19.888977
v 25.009689 8.873125 -19.916279
v 25.040154 8.835726 -19.895035
v 25.044071 8.848324 -19.922234
v 25.077463 8.813973 -19.900303
v 25.080765 8.826929 -19.927414
v 25.116783 8.795883 -19.904732
v 25.119436 8.809137 -19.931772
v 25.157745 8.781624 -19.908283
v 25.159731 8.795111 -19.935265
v 25.199949 8.771338 -19.910921
v 25.243536 8.778891 -19.939529
v 25.286432 8.763044 -19.913364
v 25.286266 8.776842 -19.940262
v 25.286432 8.763044 -19.913364
v 25.329956 8.765128 -19.913155
v 25.329058 8.778891 -19.940058
v 25.372990 8.771338 -19.911989
v 25.371410 8.785003 -19.938908
v 25.415237 8.781626 -19.909872
v 25.412914 8.795112 -19.936829
v 25.453243 8.809134 -19.933834
v 25.495605 8.813974 -19.902884
v 25.491970 8.826930 -19.929955
v 25.532978 8.835726 -19.898079
v 25.528728 8.848326 -19.925226
v 25.563175 8.873124 -19.919697
v 25.600349 8.889383 -19.886066
v 25.594975 8.901086 -19.913414
v 25.629679 8.920754 -19.878979
v 25.623817 8.931939 -19.906445
v 25.655727 8.954779 -19.871254
v 25.649441 8.965408 -19.898846
v 25.678238 8.991119 -19.862968
v 25.671581 9.001151 -19.890697
v 25.697004 9.029447 -19.854198
v 25.690022 9.038818 -19.882076
v 25.711720 9.069491 -19.844959
v 25.704487 9.078195 -19.872986
v 25.722448 9.110655 -19.835520
v 25.715025 9.118677 -19.863697
v 25.728992 9.152656 -19.825861
v 25.721447 9.159945 -19.854202
v 25.731285 9.195026 -19.816088
v 25.723690 9.201653 -19.844574
v 25.729301 9.237460 -19.806271
v 25.721729 9.243357 -19.834919
v 25.646561 9.484038 -19.757311
v 25.657183 9.435771 -19.759966
v 25.673603 9.448333 -19.765732
v 25.244030 9.626598 -19.713264
v 25.244579 9.625970 -19.743458
v 25.157751 8.781623 -19.908283
v 25.151941 8.765038 -19.920607
v 25.158487 9.609988 -19.716589
v 25.152710 9.630301 -19.720425
v 24.918243 8.927986 -19.883661
v 24.898796 8.969726 -19.874659
v 24.935558 8.919660 -19.886473
v 24.903790 9.001192 -19.897163
v 24.865269 9.099303 -19.874126
v 25.690712 9.045139 -19.891808
v 25.717421 9.144254 -19.869013
v 24.852337 9.181285 -19.855112
v 25.637102 8.953660 -19.912704
v 24.858503 9.283625 -19.831478
v 25.580021 8.891924 -19.926657
v 24.892494 9.383627 -19.808546
v 25.511726 8.842199 -19.937752
v 25.326223 9.628031 -19.754688
v 24.936047 9.455298 -19.792255
v 25.434835 8.806375 -19.945568
v 25.432089 9.604756 -19.760744
v 24.993053 9.517262 -19.778273
v 25.352249 8.785809 -19.949812
v 25.509472 9.569490 -19.769363
v 25.061422 9.567258 -19.767113
v 25.267231 8.781303 -19.950323
v 25.578182 9.520213 -19.781202
v 25.138504 9.603284 -19.759270
v 25.182825 8.793052 -19.947094
v 25.635681 9.458810 -19.795763
v 25.221249 9.623945 -19.754999
v 25.102503 8.820563 -19.940233
v 25.679806 9.387540 -19.812504
v 25.029207 8.862813 -19.929998
v 25.708691 9.309467 -19.830751
v 24.965786 8.918170 -19.916782
v 25.721405 9.227254 -19.849850
v 25.287453 9.632023 -19.751446
v 25.330643 9.629945 -19.752207
v 25.373283 9.623760 -19.753908
v 25.415100 9.613523 -19.756536
v 25.455673 9.599340 -19.760063
v 25.494614 9.581348 -19.764458
v 25.531635 9.559656 -19.769703
v 25.566189 9.534587 -19.775726
v 25.598045 9.506336 -19.782463
v 25.626900 9.475173 -19.789850
v 25.652466 9.441414 -19.797813
v 25.674515 9.405362 -19.806280
v 25.692852 9.367293 -19.815191
v 25.707222 9.327756 -19.824436
v 25.717546 9.287015 -19.833927
v 25.723719 9.245500 -19.843569
v 25.725687 9.203598 -19.853268
v 25.723433 9.161716 -19.862936
v 25.716978 9.120233 -19.872482
v 25.706390 9.079571 -19.881809
v 25.691860 9.040021 -19.890940
v 25.673313 9.002152 -19.899605
v 25.651070 8.966249 -19.907791
v 25.625328 8.932635 -19.915422
v 25.596340 8.901633 -19.922426
v 25.564381 8.873538 -19.928738
v 25.529778 8.848633 -19.934292
v 25.492838 8.827137 -19.939041
v 25.453930 8.809264 -19.942938
v 25.413406 8.795177 -19.945946
v 25.371695 8.785025 -19.948036
v 25.329157 8.778890 -19.949188
v 25.286160 8.776837 -19.949392
v 25.243225 8.778899 -19.948656
v 25.200706 8.785044 -19.946976
v 25.159027 8.795206 -19.944370
v 25.118549 8.809300 -19.940859
v 25.079693 8.827185 -19.936480
v 25.042816 8.848692 -19.931273
v 25.008289 8.873605 -19.925289
v 24.976423 8.901703 -19.918583
v 24.947533 8.932710 -19.911221
v 24.921894 8.966334 -19.903269
v 24.899757 9.002244 -19.894808
v 24.881334 9.040107 -19.885914
v 24.866924 9.079670 -19.876602
v 24.856464 9.120322 -19.867147
v 24.850138 9.161818 -19.857519
v 24.848013 9.203695 -19.847826
v 24.850109 9.245603 -19.838150
v 24.856413 9.287121 -19.828587
v 24.866859 9.327847 -19.819225
v 24.881351 9.367382 -19.810160
v 24.899811 9.405454 -19.801474
v 24.921963 9.441489 -19.793285
v 24.947638 9.475249 -19.785639
v 24.976595 9.506412 -19.778608
v 25.008539 9.534655 -19.772266
v 25.043165 9.559711 -19.766672
v 25.080250 9.581392 -19.761887
v 25.119255 9.599382 -19.757977
v 25.159859 9.613550 -19.754953
v 25.201717 9.623779 -19.752844
v 25.244385 9.629955 -19.751671
v 25.196709 9.155950 -19.743641
v 25.249775 9.100232 -19.756290
v 25.363792 9.130529 -19.750376
v 25.382919 9.199692 -19.734947
v 25.205513 9.235816 -19.725834
v 25.318924 9.098610 -19.757189
v 25.345207 9.261259 -19.721228
v 25.279076 9.280308 -19.716476
v 25.567081 9.290386 -19.760954
v 25.499161 9.314178 -19.739126
v 25.531116 9.225795 -19.759109
v 25.526241 9.364825 -19.743307
v 25.087044 8.979218 -19.827744
v 25.186079 8.920888 -19.841526
v 25.139696 8.998657 -19.807604
v 25.238220 8.955927 -19.817425
v 25.303030 9.482116 -19.715441
v 25.188616 9.465895 -19.718410
v 25.264397 9.430596 -19.711803
v 25.183168 9.408955 -19.715967
v 25.435045 9.383801 -19.723133
v 25.453239 9.433632 -19.727713
v 25.300529 8.903997 -19.846024
v 25.099928 9.417709 -19.729130
v 25.346153 8.957941 -19.817982
v 25.114058 9.361901 -19.726269
v 25.397282 9.490642 -19.723459
v 25.348333 9.424213 -19.713556
v 25.413059 8.931172 -19.840588
v 25.033497 9.342760 -19.745291
v 25.065197 9.294883 -19.740799
v 25.442516 9.005199 -19.807631
v 25.506336 8.998292 -19.825981
v 24.971249 9.253629 -19.774025
v 25.043987 9.227175 -19.756111
v 24.990822 9.179866 -19.781832
v 25.498089 9.067535 -19.794651
v 25.043488 9.156848 -19.771585
v 25.561205 9.081790 -19.807850
v 25.525986 9.132190 -19.780052
v 25.018440 9.070103 -19.806803
v 25.580837 9.150434 -19.792664
v 25.075459 9.068316 -19.791613
v 25.582844 9.221062 -19.776518
v 25.477795 9.235242 -19.744122
v 25.401136 9.277954 -19.724306
v 25.431643 9.208240 -19.740198
v 25.450699 9.295185 -19.730673
v 25.169792 9.036253 -19.786594
v 25.248150 9.001878 -19.794590
v 25.211414 9.066379 -19.769953
v 25.269253 9.379745 -19.710705
v 25.204639 9.362745 -19.714020
v 25.213278 9.310898 -19.715954
v 25.309994 9.328946 -19.712261
v 25.405029 9.342644 -19.719728
v 25.293655 9.046188 -19.775330
v 25.334122 9.003687 -19.794867
v 25.149746 9.325196 -19.722130
v 25.336048 9.374820 -19.712132
v 25.373577 9.073138 -19.769447
v 25.150410 9.236954 -19.731709
v 25.106783 9.263530 -19.735390
v 25.411064 9.041090 -19.786842
v 25.093590 9.162378 -19.757603
v 25.464241 9.107082 -19.772615
v 25.426764 9.146105 -19.753923
v 25.149595 9.140914 -19.753305
v 25.482229 9.170243 -19.758722
v 25.124035 9.083864 -19.775782
v 25.053709 8.945720 -19.855022
v 25.008207 8.994862 -19.843544
v 25.678276 9.254768 -19.810184
v 25.641327 9.290381 -19.788326
v 25.633421 9.211899 -19.797974
v 24.947639 9.001186 -19.863914
v 25.679901 9.160199 -19.831364
v 24.973381 9.051714 -19.830395
v 25.626740 9.129135 -19.816437
v 24.914555 9.069447 -19.848064
v 24.950653 9.114227 -19.816019
v 25.658676 9.068429 -19.852848
v 24.893795 9.161740 -19.826214
v 25.600000 9.050841 -19.834417
v 24.940865 9.179729 -19.801048
v 25.614502 8.984324 -19.871346
v 25.564970 8.994151 -19.847126
v 24.896063 9.255821 -19.805136
v 25.551497 8.913157 -19.887880
v 25.519169 8.945102 -19.858021
v 24.937069 9.320281 -19.779446
v 25.489210 8.868344 -19.897793
v 25.464527 8.905751 -19.866648
v 25.419128 8.836193 -19.904739
v 25.403049 8.877518 -19.872694
v 25.421234 9.561291 -19.738087
v 25.343021 9.554785 -19.727787
v 25.343983 8.817958 -19.908455
v 25.337105 8.861506 -19.875923
v 25.491316 9.528790 -19.745956
v 25.480780 9.476328 -19.736464
v 25.266705 8.814328 -19.908812
v 25.252087 8.859613 -19.875504
v 25.553295 9.483753 -19.756687
v 25.190027 8.825511 -19.905777
v 25.544712 9.422493 -19.749474
v 25.169472 8.877823 -19.871187
v 25.605116 9.427737 -19.769869
v 25.117220 8.850993 -19.899483
v 25.593447 9.354293 -19.764963
v 25.108154 8.906212 -19.864353
v 25.644754 9.362634 -19.784994
v 24.968719 9.384295 -19.764889
v 25.270519 9.558436 -19.726484
v 25.012590 9.441067 -19.752039
v 25.067057 9.488517 -19.741383
v 25.129635 9.524643 -19.733442
v 25.198299 9.548252 -19.728411
v 25.705309 9.325220 -19.815876
v 25.690998 9.364588 -19.806671
v 25.044065 8.848327 -19.922234
v 25.672741 9.402472 -19.797802
v 25.080765 8.826929 -19.927416
v 25.287460 9.628033 -19.743233
v 25.244577 9.625969 -19.743458
v 25.650799 9.438342 -19.789377
v 25.119442 8.809134 -19.931774
v 25.202110 9.619816 -19.744627
v 25.625340 9.471953 -19.781450
v 25.159723 8.795113 -19.935265
v 25.160458 9.609633 -19.746727
v 25.596611 9.502971 -19.774097
v 25.201212 8.785001 -19.937859
v 25.120041 9.595525 -19.749739
v 25.564907 9.531081 -19.767393
v 25.243530 8.778891 -19.939529
v 25.081223 9.577617 -19.753632
v 25.530508 9.556030 -19.761398
v 25.286266 8.776842 -19.940262
v 25.044313 9.556032 -19.758396
v 25.493660 9.577615 -19.756180
v 25.329067 8.778891 -19.940058
v 25.009840 9.531080 -19.763966
v 25.454887 9.595524 -19.751806
v 25.371399 8.785000 -19.938910
v 24.978054 9.502969 -19.770279
v 25.414509 9.609634 -19.748297
v 25.412922 8.795114 -19.936829
v 24.949240 9.471954 -19.777275
v 25.372890 9.619816 -19.745682
v 25.453236 8.809133 -19.933834
v 24.923687 9.438347 -19.784885
v 25.330441 9.625969 -19.743990
v 25.491974 8.826931 -19.929955
v 24.901636 9.402466 -19.793041
v 25.528732 8.848328 -19.925226
v 24.883276 9.364590 -19.801683
v 25.563175 8.873125 -19.919697
v 24.868851 9.325221 -19.810709
v 25.594976 8.901088 -19.913414
v 24.858459 9.284682 -19.820026
v 25.623816 8.931937 -19.906445
v 24.852196 9.243363 -19.829548
v 25.649441 8.965408 -19.898846
v 24.850117 9.201651 -19.839180
v 25.671577 9.001149 -19.890697
v 24.852240 9.159956 -19.848831
v 25.690022 9.038818 -19.882076
v 24.858543 9.118677 -19.858410
v 25.704487 9.078197 -19.872986
v 24.868967 9.078197 -19.867826
v 25.715027 9.118683 -19.863697
v 24.883316 9.038823 -19.877094
v 25.721447 9.159954 -19.854198
v 24.901653 9.001148 -19.885942
v 25.723688 9.201651 -19.844574
v 24.923689 8.965408 -19.894363
v 25.721729 9.243369 -19.834915
v 24.949215 8.931943 -19.902277
v 25.715584 9.284682 -19.825321
v 25.562859 8.838599 -19.908352
v 25.485607 8.793056 -19.918417
v 25.497585 8.808090 -19.915785
v 25.547262 8.837317 -19.909267
v 25.091980 8.790889 -19.916489
v 25.014336 8.835579 -19.905663
v 25.054737 8.818794 -19.910589
v 25.742767 9.285265 -19.804411
v 25.747467 9.221937 -19.820744
v 25.739773 9.220325 -19.821838
v 25.731840 9.281478 -19.807638
v 24.870930 9.003891 -19.865782
v 25.748972 9.152652 -19.835073
v 25.737236 9.152151 -19.837555
v 24.867847 9.030708 -19.860312
v 25.734787 9.091877 -19.850676
v 25.726795 9.092166 -19.851353
v 24.840227 9.086882 -19.846312
v 24.847456 9.090045 -19.846405
v 25.704758 9.008426 -19.869877
v 25.704042 9.026830 -19.866375
v 24.826672 9.172779 -19.826410
v 24.836216 9.156500 -19.830986
v 25.676947 8.972633 -19.878609
v 24.834209 9.218142 -19.816753
v 25.658142 8.932068 -19.887285
v 24.830528 9.260774 -19.806110
v 25.620531 8.897370 -19.895359
v 24.846966 9.303846 -19.797020
v 25.614498 8.877472 -19.897980
v 24.851881 9.346240 -19.786476
v 24.876678 9.385567 -19.778292
v 24.890148 9.426387 -19.768185
v 25.287628 9.650370 -19.717220
v 25.333321 9.648112 -19.717960
v 25.334381 9.637225 -19.722897
v 25.287592 9.639549 -19.722187
v 24.922211 9.460085 -19.761354
v 24.958633 8.877479 -19.893929
v 24.983360 8.870022 -19.898285
v 24.943611 9.497545 -19.752068
v 25.010216 9.557140 -19.738678
v 25.016094 9.552144 -19.740631
v 24.968414 9.511474 -19.749737
v 25.400772 8.763027 -19.924839
v 25.439945 8.782835 -19.921291
v 25.397345 9.634567 -19.723171
v 25.482624 9.605306 -19.730455
v 25.480667 9.597998 -19.732891
v 25.396885 9.627043 -19.725666
v 25.353907 8.761661 -19.925653
v 25.087822 9.603115 -19.728523
v 25.090813 9.596761 -19.730591
v 25.331848 8.747586 -19.926296
v 25.560619 9.560203 -19.741369
v 25.557121 9.553467 -19.743664
v 25.266293 8.749410 -19.927151
v 25.266781 8.756642 -19.926088
v 25.172853 9.633325 -19.722071
v 25.187876 9.629032 -19.723839
v 25.627768 9.501334 -19.755417
v 25.622272 9.496767 -19.757017
v 25.177074 8.761799 -19.923744
v 25.166039 8.772763 -19.921856
v 25.242023 9.648113 -19.717398
v 25.245358 9.637654 -19.722246
v 25.287615 9.650229 -19.717081
v 25.287594 9.639472 -19.722044
v 25.681862 9.430766 -19.772060
v 25.681795 9.415622 -19.776245
v 25.111351 8.791515 -19.917236
v 25.720816 9.351073 -19.790726
v 25.713966 9.347404 -19.792290
v 25.716309 9.369974 -19.784101
v 25.712624 9.320706 -19.786915
v 25.731514 9.328142 -19.793877
v 25.331360 9.626597 -19.713806
v 25.374550 9.620338 -19.715528
v 25.378384 9.641114 -19.719316
v 25.333286 9.647650 -19.717518
v 25.568008 8.860944 -19.892454
v 25.580479 8.847898 -19.904072
v 25.614254 8.877597 -19.897400
v 25.600349 8.889383 -19.886066
v 24.851334 9.279481 -19.791134
v 24.861895 9.320708 -19.781662
v 24.842918 9.328147 -19.788389
v 24.831886 9.285077 -19.798279
v 25.679501 9.399285 -19.768536
v 25.696915 9.410223 -19.774679
v 25.116783 8.795883 -19.904732
v 25.109152 8.779933 -19.916897
v 25.287621 9.649842 -19.716713
v 25.200825 9.620338 -19.714455
v 25.196941 9.641114 -19.718195
v 24.928345 8.910375 -19.885571
v 24.958891 8.877598 -19.893354
v 24.972935 8.889382 -19.882193
v 25.723064 9.279480 -19.796516
v 25.742424 9.285080 -19.803902
v 24.881557 9.367203 -19.809973
v 24.899998 9.405244 -19.801294
v 25.077465 8.813972 -19.900303
v 25.068077 8.798831 -19.912270
v 25.244028 9.626597 -19.713266
v 25.242058 9.647651 -19.716953
v 25.729303 9.237452 -19.806273
v 25.731285 9.195031 -19.816086
v 25.751015 9.196880 -19.824326
v 25.748943 9.241179 -19.814083
v 25.040146 8.835731 -19.895035
v 25.029093 8.821560 -19.906767
v 24.895336 8.991123 -19.858133
v 24.877834 8.983872 -19.868223
v 24.901239 8.945910 -19.877169
v 25.728992 9.152637 -19.825867
v 25.748623 9.152573 -19.834539
v 24.876684 9.029442 -19.849134
v 24.858335 9.023935 -19.858816
v 25.005192 8.860946 -19.888979
v 24.992579 8.847900 -19.900442
v 25.722448 9.110656 -19.835520
v 25.741795 9.108737 -19.844612
v 24.862080 9.069490 -19.839712
v 24.843082 9.065763 -19.848980
v 25.711721 9.069496 -19.844957
v 25.730600 9.065765 -19.854460
v 24.851469 9.110658 -19.830141
v 24.832014 9.108728 -19.838997
v 25.715223 9.023927 -19.864109
v 24.845047 9.152633 -19.820408
v 24.825308 9.152582 -19.828836
v 25.678242 8.991125 -19.862967
v 25.695614 8.983871 -19.873274
v 24.842875 9.195034 -19.810600
v 24.823042 9.196877 -19.818596
v 25.672104 8.945917 -19.881927
v 24.844975 9.237450 -19.800812
v 24.825241 9.241175 -19.808380
v 25.629679 8.920754 -19.878979
v 25.644894 8.910374 -19.889996
v 24.867075 9.327680 -19.819035
v 24.976631 8.901783 -19.918335
v 24.947754 8.932771 -19.910976
v 25.717300 9.286976 -19.833706
v 25.723475 9.245482 -19.843342
v 24.922125 8.966370 -19.903032
v 25.725447 9.203600 -19.853037
v 24.899996 9.002262 -19.894575
v 25.723198 9.161731 -19.862701
v 24.881577 9.040102 -19.885687
v 25.716755 9.120277 -19.872240
v 24.867172 9.079638 -19.876383
v 25.706177 9.079638 -19.881563
v 24.856710 9.120277 -19.866930
v 25.691658 9.040103 -19.890690
v 24.850384 9.161731 -19.857311
v 25.673130 9.002262 -19.899349
v 24.848255 9.203600 -19.847622
v 25.651743 8.938741 -19.887712
v 25.650898 8.966371 -19.907532
v 24.850346 9.245482 -19.837950
v 25.625174 8.932771 -19.915161
v 24.856640 9.286975 -19.828390
v 25.592670 8.874441 -19.902246
v 25.596207 8.901784 -19.922161
v 25.564274 8.873705 -19.928469
v 25.287411 9.631739 -19.751282
v 25.330566 9.629666 -19.752041
v 25.529686 8.848804 -19.934023
v 25.373192 9.623488 -19.753740
v 25.492771 8.827316 -19.938770
v 25.414982 9.613264 -19.756367
v 25.453882 8.809448 -19.942665
v 25.455536 9.599093 -19.759890
v 25.413395 8.795368 -19.945673
v 24.922138 9.441270 -19.793106
v 24.947796 9.475016 -19.785463
v 25.494459 9.581114 -19.764280
v 25.371696 8.785213 -19.947763
v 24.976725 9.506156 -19.778439
v 25.531456 9.559441 -19.769522
v 25.329187 8.779078 -19.948915
v 25.008650 9.534389 -19.772099
v 25.565998 9.534388 -19.775541
v 25.286213 8.777021 -19.949120
v 25.043261 9.559441 -19.766506
v 25.597839 9.506155 -19.782274
v 25.224016 8.762353 -19.925915
v 25.243301 8.779078 -19.948385
v 25.080322 9.581114 -19.761723
v 25.648592 9.463629 -19.766239
v 25.626682 9.475016 -19.789656
v 25.200806 8.785213 -19.946709
v 25.131315 9.612036 -19.728712
v 25.119297 9.599094 -19.757812
v 25.652243 9.441270 -19.797615
v 25.159138 8.795368 -19.944103
v 25.159889 9.613264 -19.754791
v 25.674278 9.405244 -19.806076
v 25.118690 8.809447 -19.940596
v 25.201710 9.623488 -19.752682
v 25.244352 9.629666 -19.751507
v 25.079855 8.827316 -19.936220
v 25.287411 9.631739 -19.751282
v 25.043001 8.848804 -19.931017
v 25.692612 9.367203 -19.814981
v 25.008484 8.873705 -19.925037
v 25.706980 9.327680 -19.824223
v 25.287647 9.628695 -19.713036
v 25.040344 9.555465 -19.728458
v 24.943649 9.469955 -19.747658
v 24.895241 9.399286 -19.763691
v 24.895241 9.399286 -19.763691
v 24.876560 9.360748 -19.772484
v 24.917744 8.954780 -19.866697
v 24.943695 8.920756 -19.874743
v 25.242973 8.765127 -19.912621
v 25.242973 8.765127 -19.912621
v 25.456226 8.795879 -19.906828
v 25.495605 8.813973 -19.902884
v 25.568012 8.860947 -19.892452
v 25.655727 8.954780 -19.871254
v 25.697002 9.029443 -19.854198
v 25.698071 9.360748 -19.777557
v 25.631292 9.469955 -19.751904
v 25.497360 9.577421 -19.726204
v 25.416862 9.609986 -19.718185
v 25.286266 8.776842 -19.940262
v 25.201214 8.785000 -19.937859
v 25.120037 9.595523 -19.749739
v 25.196945 9.641115 -19.718195
v 25.152706 9.630301 -19.720425
v 25.109766 9.615310 -19.723623
v 25.068529 9.596286 -19.727760
v 25.029316 9.573353 -19.732822
v 24.992691 9.546846 -19.738739
v 24.958920 9.516980 -19.745445
v 24.928316 9.484038 -19.752876
v 24.901175 9.448339 -19.760960
v 24.877752 9.410223 -19.769621
v 24.858240 9.369971 -19.778805
v 24.842918 9.328146 -19.788389
v 24.831886 9.285079 -19.798279
v 24.825241 9.241180 -19.808380
v 24.823042 9.196873 -19.818598
v 24.825308 9.152581 -19.828836
v 24.832012 9.108732 -19.838997
v 24.843084 9.065760 -19.848982
v 24.858337 9.023932 -19.858816
v 24.877832 8.983876 -19.868223
v 24.901239 8.945912 -19.877169
v 24.928345 8.910374 -19.885571
v 24.992580 8.847898 -19.900442
v 25.029093 8.821560 -19.906767
v 25.068075 8.798832 -19.912270
v 25.109154 8.779932 -19.916897
v 25.151936 8.765039 -19.920605
v 25.196011 8.754298 -19.923361
v 25.240957 8.747808 -19.925135
v 25.286354 8.745633 -19.925911
v 25.331816 8.747808 -19.925695
v 25.376781 8.754298 -19.924477
v 25.420887 8.765040 -19.922266
v 25.463711 8.779932 -19.919086
v 25.504845 8.798832 -19.914967
v 25.543892 8.821560 -19.909946
v 25.580479 8.847898 -19.904072
v 25.644894 8.910374 -19.889996
v 25.672102 8.945912 -19.881927
v 25.695618 8.983876 -19.873272
v 25.715225 9.023932 -19.864109
v 25.730598 9.065760 -19.854462
v 25.741795 9.108732 -19.844614
v 25.751015 9.196873 -19.824327
v 25.748943 9.241180 -19.814083
v 25.731514 9.328146 -19.793877
v 25.716311 9.369971 -19.784103
v 25.696915 9.410223 -19.774679
v 25.673599 9.448339 -19.765730
v 25.646561 9.484038 -19.757311
v 25.616051 9.516980 -19.749504
v 25.616051 9.516980 -19.749504
v 25.582367 9.546846 -19.742380
v 25.545818 9.573353 -19.736012
v 25.506668 9.596286 -19.730465
v 25.465487 9.615310 -19.725821
v 25.422588 9.630301 -19.722092
v 25.378380 9.641115 -19.719316
v 26.085892 9.961107 -19.750618
v 26.041992 9.967736 -19.748035
v 26.033939 10.011446 -19.739178
v 25.997831 9.955864 -19.751478
v 26.039024 9.924074 -19.758888
v 26.042820 10.011239 -19.728262
v 25.997353 9.960019 -19.739119
v 26.042057 9.965362 -19.737356
v 26.088348 9.965133 -19.738708
v 26.048071 9.921065 -19.748396
v 25.947578 9.960860 -19.753929
v 25.968605 9.911296 -19.765104
v 26.125107 9.924841 -19.763021
v 26.135807 9.977427 -19.751448
v 25.975500 10.035245 -19.737328
v 26.077419 9.883361 -19.771942
v 26.112915 10.030818 -19.739374
v 26.052097 10.061069 -19.732317
v 26.013607 9.880800 -19.772116
v 25.843863 9.764044 -19.841951
v 25.860620 9.814730 -19.814770
v 25.936686 9.759214 -19.827681
v 26.298222 10.052766 -19.771481
v 26.251074 10.095017 -19.754387
v 26.277843 10.145074 -19.758518
v 25.941711 9.706406 -19.855572
v 26.014278 10.260420 -19.731228
v 26.019102 10.210059 -19.727388
v 25.938839 10.188666 -19.731503
v 25.917553 10.234291 -19.736162
v 26.187729 10.163810 -19.738585
v 26.028797 9.736389 -19.833349
v 26.205719 10.213054 -19.743111
v 26.054817 9.689713 -19.860016
v 25.870560 10.142177 -19.741680
v 25.825451 10.168179 -19.750528
v 26.102055 10.203735 -19.729120
v 26.114166 10.252540 -19.733238
v 26.122797 9.749740 -19.830938
v 26.166002 9.716568 -19.854643
v 25.822271 10.075948 -19.756042
v 25.771027 10.085786 -19.769203
v 26.204483 9.797201 -19.820801
v 26.258183 9.782888 -19.840212
v 25.776100 10.013994 -19.777115
v 26.255955 9.861156 -19.806986
v 25.800829 9.939556 -19.786461
v 25.751465 9.934371 -19.802914
v 26.312389 9.865401 -19.822292
v 26.305689 9.925670 -19.800123
v 25.821518 9.872715 -19.801830
v 25.782349 9.841164 -19.824522
v 26.285124 9.973120 -19.782085
v 26.333775 10.003024 -19.791332
v 25.897608 9.845419 -19.795538
v 25.929918 9.881812 -19.777939
v 25.979576 9.843884 -19.786707
v 25.958107 9.801218 -19.805765
v 26.229950 10.017021 -19.759321
v 26.172361 10.029904 -19.746590
v 26.203186 10.076247 -19.746035
v 26.117142 10.090693 -19.732367
v 26.023918 10.159792 -19.726303
v 26.014927 10.108929 -19.727852
v 25.960052 10.142999 -19.729580
v 26.158058 10.123139 -19.735218
v 26.061913 9.831022 -19.789680
v 26.031422 9.782991 -19.810276
v 25.945978 10.075082 -19.735168
v 25.905821 10.105891 -19.737593
v 26.089895 10.154943 -19.727711
v 26.106232 9.793569 -19.808380
v 25.909149 10.025116 -19.745996
v 25.863373 10.044956 -19.750696
v 26.157043 9.885774 -19.778107
v 26.171288 9.831335 -19.800354
v 25.898991 9.950705 -19.762383
v 25.848385 9.972611 -19.766954
v 26.216560 9.890403 -19.787472
v 25.859127 9.908893 -19.781155
v 26.186028 9.969695 -19.759996
v 26.234333 9.952808 -19.773743
v 25.751572 9.725802 -19.891769
v 25.810915 9.730951 -19.868900
v 25.808144 9.675705 -19.903631
v 25.765953 9.779496 -19.857567
v 26.431749 9.980125 -19.836998
v 26.383747 9.993949 -19.812536
v 26.398613 10.065949 -19.806599
v 25.706093 9.785751 -19.877699
v 25.731531 9.835665 -19.844582
v 26.377148 9.912178 -19.830780
v 25.667606 9.871143 -19.857376
v 26.420036 9.888028 -19.858620
v 25.709084 9.897442 -19.830370
v 26.393993 9.817861 -19.874563
v 26.350727 9.834805 -19.848551
v 25.674570 9.962729 -19.825575
v 26.354372 9.753906 -19.889021
v 26.316105 9.778795 -19.861103
v 26.302818 9.698771 -19.901377
v 26.270868 9.730341 -19.871868
v 26.241236 9.654473 -19.911171
v 26.216854 9.691447 -19.880392
v 26.171993 9.622712 -19.918034
v 26.156090 9.663543 -19.886368
v 26.097755 9.604688 -19.921711
v 26.090946 9.647726 -19.889561
v 26.243324 10.307083 -19.761131
v 26.232929 10.255257 -19.751759
v 26.166466 10.315751 -19.747581
v 26.021381 9.601102 -19.922062
v 26.006939 9.645847 -19.889151
v 26.300003 10.233577 -19.767063
v 25.945618 9.612154 -19.919064
v 25.925301 9.663857 -19.884878
v 25.873680 9.637321 -19.912851
v 26.355782 10.207229 -19.784763
v 26.344257 10.134657 -19.779921
v 25.864719 9.691908 -19.878122
v 26.394947 10.142896 -19.799707
v 25.678024 10.032859 -19.809685
v 25.695587 10.101076 -19.794254
v 25.726871 10.164351 -19.779865
v 26.096802 10.332839 -19.743193
v 26.025154 10.336453 -19.741905
v 25.770222 10.220448 -19.767166
v 25.824070 10.267342 -19.756630
v 25.885914 10.303061 -19.748783
v 25.953773 10.326379 -19.743809
v 25.678188 9.745409 -19.899021
v 25.672241 9.734784 -19.871353
v 25.698196 9.700756 -19.879400
v 25.656151 9.781153 -19.890600
v 25.649837 9.771123 -19.862791
v 26.324335 10.310086 -19.742268
v 26.356588 10.281492 -19.749088
v 26.336866 10.326847 -19.747040
v 25.637817 9.818818 -19.881752
v 25.631182 9.809449 -19.853790
v 25.950508 9.534299 -19.928019
v 25.995449 9.527810 -19.929792
v 25.997475 9.545128 -19.917278
v 25.623466 9.858196 -19.872486
v 25.616581 9.849483 -19.844372
v 25.832390 10.357423 -19.728270
v 25.864262 10.395308 -19.728283
v 25.823025 10.376285 -19.732418
v 25.613043 9.898680 -19.863068
v 25.605968 9.890657 -19.834799
v 26.289347 10.335463 -19.736172
v 26.300320 10.353353 -19.740669
v 25.606739 9.939947 -19.853491
v 25.599545 9.932651 -19.825062
v 26.040854 9.525635 -19.930571
v 26.040932 9.543046 -19.918022
v 25.604616 9.981657 -19.843836
v 25.597374 9.975036 -19.815258
v 25.794838 10.335463 -19.733116
v 25.783817 10.353356 -19.737480
v 25.606693 10.023356 -19.834208
v 25.599476 10.017453 -19.805470
v 26.251856 10.357424 -19.730862
v 26.261169 10.376286 -19.735125
v 25.612957 10.064681 -19.824686
v 25.605833 10.059477 -19.795794
v 26.086323 9.527810 -19.930353
v 26.084454 9.545128 -19.917814
v 25.623348 10.105220 -19.815369
v 25.616394 10.100710 -19.786320
v 25.759781 10.310088 -19.738781
v 25.747185 10.326843 -19.743399
v 25.732471 9.681087 -19.914263
v 25.764187 9.653127 -19.920937
v 25.805424 9.669819 -19.894817
v 25.748156 9.720520 -19.882816
v 25.637775 10.144588 -19.806343
v 25.631062 10.140750 -19.777142
v 26.212437 10.375633 -19.726414
v 26.084953 10.405969 -19.748648
v 26.085859 10.406599 -19.718464
v 26.042160 10.408697 -19.717695
v 26.041954 10.408033 -19.747890
v 25.656136 10.182467 -19.797699
v 25.649738 10.179284 -19.768351
v 26.131279 9.534298 -19.929134
v 26.127499 9.551339 -19.916647
v 26.127388 10.399817 -19.750340
v 26.129036 10.400342 -19.720186
v 25.678181 10.218342 -19.789545
v 25.713423 10.296986 -19.750103
v 26.169004 10.389637 -19.752954
v 26.171366 10.389986 -19.722845
v 26.209389 10.375525 -19.756464
v 26.212439 10.375633 -19.726414
v 26.175392 9.545042 -19.926924
v 26.169727 9.561624 -19.914532
v 25.732548 10.282966 -19.774937
v 25.727448 10.281494 -19.745201
v 25.698147 10.249954 -19.752317
v 26.248158 10.357616 -19.760838
v 26.251862 10.357421 -19.730862
v 25.698158 10.249965 -19.752316
v 25.682819 10.264042 -19.757534
v 25.764338 10.311080 -19.768623
v 25.759781 10.310088 -19.738781
v 26.285007 10.336031 -19.766056
v 26.289341 10.335467 -19.736170
v 25.798817 10.336034 -19.763054
v 25.794846 10.335466 -19.733116
v 26.319397 10.311088 -19.772051
v 26.218208 9.559932 -19.923744
v 26.210735 9.575885 -19.911486
v 25.835724 10.357618 -19.758289
v 25.832390 10.357424 -19.728270
v 26.351120 10.282964 -19.778757
v 26.356581 10.281500 -19.749086
v 25.874527 10.375519 -19.754398
v 25.871864 10.375632 -19.724312
v 25.672161 10.215772 -19.760057
v 25.655670 10.228334 -19.765619
v 26.385794 10.249955 -19.756563
v 25.914974 10.389639 -19.751385
v 25.912975 10.389985 -19.721249
v 26.259346 9.578834 -19.919624
v 26.250103 9.593973 -19.907543
v 26.405289 10.218359 -19.794033
v 26.411682 10.215775 -19.764624
v 25.956604 10.399816 -19.749285
v 25.955341 10.400342 -19.719112
v 25.649742 10.179286 -19.768351
v 25.632252 10.190224 -19.774281
v 26.427240 10.182472 -19.802460
v 26.434000 10.179289 -19.773193
v 26.298389 9.601559 -19.914604
v 26.287483 9.615729 -19.902737
v 26.445499 10.144583 -19.811333
v 26.452570 10.140751 -19.782215
v 25.631062 10.140749 -19.777142
v 25.612741 10.149976 -19.783463
v 26.459810 10.105216 -19.820534
v 26.467125 10.100702 -19.791574
v 26.470081 10.064687 -19.829979
v 26.477562 10.059488 -19.801174
v 25.727428 9.669388 -19.886848
v 25.732464 9.681092 -19.914261
v 25.759701 9.640940 -19.893639
v 25.764189 9.653127 -19.920937
v 25.794643 9.615733 -19.899693
v 25.798565 9.628329 -19.926891
v 25.831963 9.593975 -19.904961
v 25.835266 9.606930 -19.932074
v 25.871281 9.575884 -19.909389
v 25.873943 9.589134 -19.936432
v 25.912251 9.561624 -19.912941
v 25.914219 9.575114 -19.939922
v 25.954441 9.551341 -19.915579
v 25.955717 9.565001 -19.942516
v 25.998026 9.558891 -19.944187
v 26.040932 9.543045 -19.918022
v 26.040766 9.556843 -19.944920
v 26.040766 9.556843 -19.944920
v 26.040932 9.543045 -19.918022
v 26.084446 9.545128 -19.917814
v 26.127508 9.551341 -19.916647
v 26.125900 9.565001 -19.943567
v 26.169720 9.561622 -19.914532
v 26.167419 9.575114 -19.941486
v 26.210739 9.575886 -19.911486
v 26.207741 9.589135 -19.938492
v 26.250103 9.593974 -19.907541
v 26.246464 9.606928 -19.934612
v 26.287487 9.615732 -19.902735
v 26.283239 9.628334 -19.929882
v 26.322508 9.640944 -19.897112
v 26.317669 9.653121 -19.924355
v 26.354851 9.669382 -19.890724
v 26.349483 9.681096 -19.918072
v 26.384178 9.700755 -19.883636
v 26.378311 9.711935 -19.911102
v 26.410225 9.734777 -19.875912
v 26.403938 9.745405 -19.903503
v 26.432743 9.771130 -19.867624
v 26.426079 9.781152 -19.895355
v 26.451502 9.809442 -19.858856
v 26.444519 9.818816 -19.886734
v 26.466221 9.849498 -19.849615
v 26.458984 9.858195 -19.877644
v 26.476948 9.890656 -19.840178
v 26.469524 9.898681 -19.868355
v 26.483490 9.932626 -19.830526
v 26.475946 9.939963 -19.858856
v 26.485783 9.975045 -19.820742
v 26.478188 9.981643 -19.849234
v 26.483803 10.017457 -19.810928
v 26.476229 10.023354 -19.839577
v 25.998520 10.406598 -19.717924
v 25.999077 10.405971 -19.748117
v 25.912989 10.389990 -19.721249
v 25.907209 10.410302 -19.725084
v 25.701620 9.674163 -19.896336
v 25.647406 9.744409 -19.879723
v 25.678085 9.713845 -19.887787
v 25.658287 9.781193 -19.901821
v 26.471920 9.924250 -19.873672
v 25.619766 9.879308 -19.878784
v 26.445213 9.825144 -19.896465
v 25.606834 9.961291 -19.859770
v 26.391598 9.733658 -19.917362
v 25.610573 10.044309 -19.840595
v 26.334522 9.671926 -19.931314
v 25.630898 10.125188 -19.821999
v 26.266224 9.622198 -19.942410
v 25.676804 10.217462 -19.800945
v 26.060867 10.408481 -19.759119
v 26.189323 9.586373 -19.950228
v 26.145634 10.396660 -19.762396
v 25.747557 10.297268 -19.782930
v 26.106743 9.565808 -19.954472
v 26.226238 10.368952 -19.769295
v 25.815924 10.347260 -19.771770
v 26.021729 9.561305 -19.954981
v 26.315624 10.315488 -19.782213
v 25.893009 10.383286 -19.763927
v 25.937325 9.573052 -19.951752
v 26.390182 10.238809 -19.800421
v 25.975754 10.403947 -19.759657
v 25.856995 9.600568 -19.944889
v 26.434299 10.167548 -19.817160
v 25.783710 9.642813 -19.934658
v 26.463188 10.089475 -19.835407
v 25.720284 9.698172 -19.921440
v 26.475903 10.007257 -19.854507
v 26.041965 10.412024 -19.756104
v 26.085129 10.409946 -19.756865
v 26.127787 10.403759 -19.758568
v 26.169603 10.393524 -19.761194
v 26.210169 10.379343 -19.764721
v 26.249123 10.361344 -19.769115
v 26.286129 10.339660 -19.774361
v 26.320686 10.314589 -19.780384
v 26.352547 10.286336 -19.787121
v 26.381395 10.255178 -19.794506
v 26.406971 10.221406 -19.802473
v 26.429016 10.185360 -19.810938
v 26.447348 10.147305 -19.819847
v 26.461727 10.107745 -19.829096
v 26.472044 10.067024 -19.838583
v 26.478218 10.025508 -19.848225
v 26.480186 9.983600 -19.857927
v 26.477932 9.941708 -19.867596
v 26.471476 9.900225 -19.877142
v 26.460890 9.859571 -19.886467
v 26.446362 9.820025 -19.895596
v 26.427814 9.782154 -19.904263
v 26.405571 9.746252 -19.912449
v 26.379824 9.712633 -19.920082
v 26.350845 9.681640 -19.927084
v 26.318876 9.653536 -19.933397
v 26.284285 9.628639 -19.938950
v 26.247330 9.607133 -19.943701
v 26.208424 9.589263 -19.947598
v 26.167915 9.575181 -19.950603
v 26.126188 9.565024 -19.952694
v 26.083656 9.558890 -19.953846
v 26.040661 9.556838 -19.954050
v 25.997723 9.558900 -19.953314
v 25.955212 9.565043 -19.951633
v 25.913513 9.575211 -19.949026
v 25.873051 9.589300 -19.945517
v 25.834196 9.607183 -19.941139
v 25.797316 9.628692 -19.935930
v 25.762787 9.653606 -19.929947
v 25.730923 9.681705 -19.923241
v 25.702034 9.712711 -19.915878
v 25.676392 9.746334 -19.907927
v 25.654263 9.782240 -19.899467
v 25.635830 9.820116 -19.890570
v 25.621426 9.859667 -19.881262
v 25.610964 9.900324 -19.871805
v 25.604639 9.941803 -19.862181
v 25.602512 9.983704 -19.852484
v 25.604610 10.025613 -19.842806
v 25.610912 10.067120 -19.833244
v 25.621357 10.107840 -19.823885
v 25.635853 10.147387 -19.814817
v 25.654308 10.185451 -19.806133
v 25.676468 10.221499 -19.797941
v 25.702137 10.255247 -19.790297
v 25.731092 10.286410 -19.783266
v 25.763033 10.314651 -19.776926
v 25.797672 10.339716 -19.771330
v 25.834751 10.361393 -19.766544
v 25.873749 10.379380 -19.762634
v 25.914368 10.393554 -19.759611
v 25.956215 10.403779 -19.757504
v 25.998878 10.409955 -19.756329
v 25.948370 9.944763 -19.746201
v 26.000034 9.882280 -19.760521
v 26.132385 9.934334 -19.749649
v 26.124886 10.014371 -19.731953
v 25.968281 10.027004 -19.728130
v 26.073498 9.878113 -19.761896
v 26.052406 10.060018 -19.721149
v 26.345652 10.079144 -19.772488
v 26.253658 10.094176 -19.743786
v 26.285610 10.005789 -19.763767
v 25.841545 9.759217 -19.832403
v 25.935488 9.754320 -19.817965
v 25.850857 9.819620 -19.802471
v 26.280739 10.144825 -19.747965
v 25.940582 9.700890 -19.846184
v 26.057531 10.262116 -19.720100
v 25.943115 10.245899 -19.723068
v 26.018896 10.210601 -19.716461
v 25.937672 10.188953 -19.720625
v 26.189541 10.163798 -19.727791
v 26.040657 9.731136 -19.823452
v 26.207733 10.213632 -19.732370
v 26.055031 9.683993 -19.850685
v 25.854424 10.197712 -19.733789
v 25.868555 10.141902 -19.730927
v 26.151777 10.270645 -19.728117
v 26.102833 10.204212 -19.718214
v 26.167551 9.711171 -19.845245
v 26.135235 9.749049 -19.820557
v 25.787994 10.122763 -19.749949
v 25.815063 10.063940 -19.747534
v 26.206516 9.792766 -19.811003
v 26.260836 9.778293 -19.830639
v 25.725746 10.033637 -19.778683
v 25.745321 9.959867 -19.786491
v 25.820908 9.982310 -19.759445
v 26.252598 9.847540 -19.799309
v 26.315701 9.861790 -19.812508
v 25.802584 9.913699 -19.781460
v 26.280489 9.912193 -19.784710
v 25.772942 9.850103 -19.811459
v 26.335335 9.930432 -19.797321
v 26.337341 10.001060 -19.781176
v 25.957123 9.796969 -19.795364
v 25.992058 9.834610 -19.777779
v 25.938147 9.868022 -19.769985
v 26.219505 10.050647 -19.740810
v 26.167133 10.116796 -19.725584
v 26.135372 10.077686 -19.724644
v 26.183880 10.001719 -19.741459
v 26.023762 10.159739 -19.715363
v 25.959148 10.142745 -19.718678
v 26.000687 10.104939 -19.717583
v 26.050488 9.778310 -19.800484
v 26.055210 9.826391 -19.779945
v 25.897533 10.098619 -19.728132
v 25.921133 10.048205 -19.729691
v 26.090542 10.154830 -19.716789
v 26.078308 10.105870 -19.718079
v 26.124866 9.796203 -19.796957
v 26.128189 9.853185 -19.774372
v 25.857769 10.034746 -19.742134
v 26.186558 9.840497 -19.787457
v 25.897411 9.948143 -19.751595
v 26.176338 9.912949 -19.761475
v 26.226175 9.904413 -19.773455
v 25.851509 9.923779 -19.766836
v 26.237736 9.978236 -19.757061
v 25.883835 9.856087 -19.782127
v 25.808218 9.725715 -19.859680
v 26.429260 10.053129 -19.810068
v 26.384686 10.024920 -19.795086
v 25.762703 9.774874 -19.848198
v 25.702141 9.781196 -19.868568
v 26.407803 9.966083 -19.816734
v 25.727871 9.831720 -19.835054
v 25.669060 9.849449 -19.852718
v 26.432331 9.921782 -19.840794
v 26.377657 9.893290 -19.825024
v 25.705151 9.894235 -19.820675
v 26.413172 9.848429 -19.857506
v 25.650383 9.922780 -19.835754
v 26.354494 9.830843 -19.839073
v 25.695362 9.959744 -19.805704
v 26.368996 9.764319 -19.876003
v 25.646711 9.998199 -19.818409
v 26.319456 9.774151 -19.851780
v 25.663998 10.091401 -19.796490
v 26.305984 9.693157 -19.892534
v 26.273664 9.725108 -19.862677
v 25.715494 10.090199 -19.776127
v 26.243702 9.648339 -19.902452
v 26.219009 9.685754 -19.871300
v 25.723223 10.164291 -19.769547
v 26.097521 10.334785 -19.732447
v 26.004444 10.361721 -19.736399
v 26.025831 10.313569 -19.727139
v 26.173622 9.616196 -19.909393
v 26.157539 9.657516 -19.877350
v 26.175724 10.341292 -19.742744
v 26.098484 9.597964 -19.913109
v 26.091600 9.641505 -19.880585
v 26.245813 10.308792 -19.750614
v 26.235279 10.256332 -19.741123
v 26.021206 9.594331 -19.913467
v 26.006596 9.639610 -19.880163
v 26.307796 10.263758 -19.761349
v 25.944527 9.605508 -19.910439
v 26.299217 10.202493 -19.754133
v 25.923969 9.657821 -19.875849
v 26.359613 10.207728 -19.774525
v 25.871716 9.630995 -19.904140
v 26.339493 10.149249 -19.766502
v 25.932520 10.322333 -19.733940
v 25.862652 9.686212 -19.869011
v 26.399250 10.142630 -19.789652
v 25.767086 10.221065 -19.756699
v 25.821558 10.268522 -19.746042
v 25.879784 10.296661 -19.737713
v 26.459808 10.105217 -19.820534
v 26.445496 10.144590 -19.811329
v 25.798569 9.628325 -19.926891
v 26.427242 10.182467 -19.802462
v 25.835266 9.606929 -19.932074
v 26.041962 10.408033 -19.747890
v 25.999077 10.405970 -19.748117
v 26.405289 10.218354 -19.794033
v 25.873940 9.589136 -19.936432
v 25.956612 10.399817 -19.749285
v 26.379843 10.251951 -19.786110
v 25.914223 9.575112 -19.939922
v 25.914959 10.389634 -19.751385
v 26.351116 10.282967 -19.778757
v 25.955709 9.565001 -19.942516
v 25.874542 10.375525 -19.754396
v 26.319405 10.311082 -19.772051
v 25.998034 9.558891 -19.944187
v 25.835722 10.357617 -19.758289
v 26.285002 10.336034 -19.766056
v 26.040766 9.556843 -19.944920
v 25.798813 10.336032 -19.763054
v 26.248161 10.357615 -19.760838
v 26.083563 9.558891 -19.944717
v 25.764343 10.311085 -19.768623
v 26.209389 10.375525 -19.756466
v 26.125904 9.565001 -19.943569
v 25.732552 10.282969 -19.774937
v 26.169010 10.389635 -19.752956
v 26.167416 9.575112 -19.941486
v 25.703735 10.251951 -19.781935
v 26.127390 10.399817 -19.750341
v 26.207747 9.589137 -19.938492
v 25.678185 10.218346 -19.789545
v 26.084938 10.405970 -19.748648
v 26.246464 9.606927 -19.934612
v 25.656139 10.182475 -19.797697
v 26.283234 9.628330 -19.929884
v 25.637768 10.144576 -19.806345
v 26.317669 9.653122 -19.924355
v 25.623348 10.105222 -19.815367
v 26.349480 9.681091 -19.918072
v 25.612959 10.064689 -19.824684
v 26.378323 9.711946 -19.911100
v 25.606693 10.023364 -19.834206
v 26.403936 9.745403 -19.903505
v 25.604616 9.981656 -19.843838
v 26.426079 9.781151 -19.895355
v 25.606739 9.939955 -19.853489
v 26.444527 9.818829 -19.886732
v 25.613041 9.898683 -19.863068
v 26.458986 9.858197 -19.877644
v 25.623466 9.858197 -19.872486
v 26.469524 9.898672 -19.868357
v 25.637817 9.818820 -19.881752
v 26.475948 9.939961 -19.858856
v 25.656151 9.781150 -19.890600
v 26.478188 9.981654 -19.849232
v 25.678192 9.745405 -19.899023
v 26.476231 10.023359 -19.839577
v 25.703712 9.711946 -19.906935
v 26.470083 10.064683 -19.829979
v 26.317360 9.618603 -19.913010
v 26.240101 9.573053 -19.923077
v 26.235451 9.579454 -19.922358
v 26.311548 9.623997 -19.912514
v 25.846483 9.570889 -19.921146
v 25.768833 9.615582 -19.910320
v 25.809237 9.598796 -19.915247
v 26.488518 10.089013 -19.805197
v 26.501965 10.001943 -19.825401
v 26.494270 10.000326 -19.826498
v 26.486340 10.061477 -19.812298
v 25.631886 9.788453 -19.870209
v 26.503473 9.932674 -19.839725
v 26.491735 9.932150 -19.842213
v 25.612503 9.803931 -19.864023
v 26.489288 9.871879 -19.855333
v 26.481297 9.872165 -19.856010
v 25.594727 9.866880 -19.850971
v 25.601955 9.870051 -19.851061
v 26.470047 9.803918 -19.869320
v 26.458544 9.806835 -19.871033
v 25.579453 9.932676 -19.834021
v 25.588850 9.954814 -19.831421
v 26.437643 9.748741 -19.883598
v 26.430231 9.751589 -19.883682
v 25.580883 9.996845 -19.820890
v 25.592926 10.041297 -19.811462
v 26.384054 9.677915 -19.899681
v 26.377310 9.682111 -19.899458
v 25.586039 10.065272 -19.803440
v 25.606380 10.126242 -19.791134
v 25.614229 10.125334 -19.792154
v 25.644646 10.206387 -19.772842
v 25.650856 10.202785 -19.774294
v 26.042128 10.430369 -19.721878
v 26.087826 10.428112 -19.722620
v 26.088879 10.417227 -19.727554
v 26.042091 10.419550 -19.726845
v 25.737858 9.650024 -19.902943
v 25.698116 10.277551 -19.756725
v 25.707161 10.278268 -19.756853
v 25.764713 10.337141 -19.743336
v 25.773743 10.336142 -19.743862
v 26.155279 9.543031 -19.929497
v 26.151951 9.550193 -19.928612
v 26.151840 10.414568 -19.727829
v 26.237122 10.385307 -19.735113
v 26.235168 10.377997 -19.737551
v 26.151384 10.407043 -19.730324
v 25.842323 10.383116 -19.733181
v 25.850925 10.380403 -19.734100
v 26.086349 9.527588 -19.930954
v 26.082977 9.539117 -19.930725
v 26.315121 10.340201 -19.746029
v 26.310640 10.334707 -19.747850
v 26.020796 9.529410 -19.931808
v 26.019751 9.537210 -19.930786
v 25.907104 10.410751 -19.725529
v 25.942368 10.409031 -19.728497
v 25.971746 10.422202 -19.724945
v 26.370800 10.297341 -19.754629
v 26.382011 10.272566 -19.762339
v 25.931568 9.541799 -19.928402
v 25.950497 9.546089 -19.928297
v 25.999866 10.417656 -19.726904
v 26.411083 10.247361 -19.768108
v 25.889502 9.562101 -19.924236
v 26.042114 10.430229 -19.721741
v 26.042091 10.419474 -19.726702
v 26.436295 10.195624 -19.780903
v 26.457809 10.171962 -19.785816
v 26.468466 10.127403 -19.796947
v 26.470810 10.149972 -19.788761
v 26.467121 10.100709 -19.791573
v 26.486012 10.108150 -19.798532
v 26.322514 9.640948 -19.897112
v 26.334980 9.627901 -19.908730
v 26.368755 9.657599 -19.902060
v 26.354849 9.669382 -19.890724
v 25.605835 10.059485 -19.795792
v 25.616390 10.100703 -19.786322
v 25.597420 10.108147 -19.793047
v 25.586384 10.065076 -19.802938
v 26.428101 10.228337 -19.770390
v 26.433998 10.179293 -19.773191
v 26.451410 10.190232 -19.779335
v 25.871284 9.575882 -19.909389
v 25.863657 9.559931 -19.921555
v 25.906437 9.545039 -19.925264
v 25.955322 10.400339 -19.719112
v 25.951443 10.421115 -19.722853
v 25.698198 9.700752 -19.879402
v 25.682842 9.690377 -19.890228
v 25.713387 9.657601 -19.898012
v 25.727428 9.669387 -19.886848
v 26.477566 10.059479 -19.801176
v 26.496925 10.065073 -19.808559
v 25.636057 10.147203 -19.814632
v 25.654497 10.185245 -19.805952
v 25.831959 9.593976 -19.904961
v 25.822569 9.578835 -19.916927
v 25.672245 9.734779 -19.871355
v 25.655743 9.725904 -19.881828
v 25.998528 10.406598 -19.717924
v 25.996555 10.427650 -19.721611
v 26.483803 10.017452 -19.810930
v 26.485783 9.975039 -19.820742
v 26.505516 9.976866 -19.828987
v 26.503441 10.021185 -19.818741
v 25.794647 9.615729 -19.899693
v 25.783592 9.601561 -19.911427
v 25.649836 9.771126 -19.862791
v 25.632332 9.763877 -19.872881
v 26.483490 9.932631 -19.830524
v 26.503124 9.932590 -19.839193
v 25.631184 9.809443 -19.853792
v 25.612837 9.803931 -19.863476
v 25.759693 9.640944 -19.893637
v 25.747086 9.627896 -19.905102
v 26.476948 9.890656 -19.840178
v 26.496292 9.888728 -19.849274
v 25.616577 9.849493 -19.844372
v 25.597584 9.845766 -19.853638
v 26.466217 9.849485 -19.849619
v 26.485096 9.845755 -19.859121
v 25.605968 9.890661 -19.834799
v 25.586512 9.888734 -19.843655
v 26.451504 9.809448 -19.858856
v 26.469728 9.803940 -19.868765
v 25.599548 9.932628 -19.825068
v 25.579807 9.932581 -19.833494
v 26.432739 9.771124 -19.867626
v 26.450119 9.763879 -19.877930
v 25.597374 9.975041 -19.815256
v 25.577541 9.976872 -19.823256
v 26.426596 9.725904 -19.886589
v 25.599476 10.017447 -19.805470
v 25.579741 10.021184 -19.813038
v 26.384180 9.700758 -19.883636
v 26.399397 9.690377 -19.894653
v 25.621574 10.107680 -19.823692
v 25.731133 9.681784 -19.922995
v 25.702251 9.712771 -19.915636
v 26.471800 10.066977 -19.838364
v 26.477974 10.025483 -19.848000
v 25.676624 9.746370 -19.907690
v 26.479946 9.983601 -19.857695
v 25.654495 9.782263 -19.899233
v 26.477699 9.941731 -19.867359
v 25.636076 9.820103 -19.890345
v 26.471252 9.900278 -19.876898
v 25.621672 9.859638 -19.881041
v 26.460676 9.859638 -19.886221
v 25.611210 9.900278 -19.871588
v 26.446156 9.820104 -19.895348
v 25.604885 9.941731 -19.861969
v 26.427629 9.782263 -19.904007
v 25.602755 9.983601 -19.852280
v 26.405397 9.746371 -19.912189
v 25.604847 10.025483 -19.842607
v 26.379673 9.712771 -19.919819
v 25.611137 10.066976 -19.833050
v 26.350708 9.681785 -19.926819
v 26.318773 9.653706 -19.933128
v 26.041910 10.411739 -19.755939
v 26.085064 10.409667 -19.756699
v 26.284184 9.628804 -19.938681
v 26.127691 10.403489 -19.758400
v 26.247269 9.607317 -19.943428
v 26.169483 10.393265 -19.761024
v 26.208382 9.589449 -19.947323
v 26.210035 10.379094 -19.764549
v 26.167896 9.575369 -19.950331
v 25.676636 10.221271 -19.797764
v 25.675987 10.237462 -19.767834
v 25.702295 10.255016 -19.790121
v 26.248959 10.361115 -19.768938
v 26.126198 9.565214 -19.952421
v 25.734987 10.302092 -19.753248
v 25.731224 10.286157 -19.783096
v 26.285957 10.339441 -19.774179
v 26.083687 9.559078 -19.953573
v 25.763149 10.314389 -19.776758
v 26.343138 10.307240 -19.755814
v 26.320496 10.314388 -19.780199
v 26.040710 9.557022 -19.953779
v 25.805851 10.354309 -19.741589
v 25.797760 10.339441 -19.771164
v 26.352341 10.286156 -19.786932
v 25.997801 9.559078 -19.953043
v 25.834822 10.361115 -19.766380
v 26.403095 10.243627 -19.770899
v 26.381180 10.255016 -19.794313
v 25.955307 9.565214 -19.951366
v 25.885817 10.392037 -19.733370
v 25.873796 10.379095 -19.762472
v 26.406742 10.221271 -19.802273
v 25.913637 9.575369 -19.948761
v 25.914389 10.393265 -19.759449
v 26.428780 10.185245 -19.810734
v 25.873192 9.589448 -19.945253
v 25.956209 10.403489 -19.757339
v 25.998852 10.409667 -19.756166
v 25.834354 9.607317 -19.940878
v 26.041910 10.411739 -19.755939
v 25.797501 9.628804 -19.935677
v 26.447109 10.147203 -19.819639
v 25.762981 9.653706 -19.929695
v 26.461479 10.107680 -19.828880
v 26.042122 10.429843 -19.721373
v 26.042147 10.408696 -19.717695
v 25.871868 10.375635 -19.724310
v 25.727449 10.281495 -19.745201
v 25.672165 10.215777 -19.760056
v 25.912247 9.561624 -19.912941
v 25.954443 9.551340 -19.915579
v 25.997471 9.545128 -19.917278
v 26.410229 9.734780 -19.875912
v 26.452570 10.140749 -19.782215
v 26.411680 10.215777 -19.764624
v 26.401062 10.264039 -19.761971
v 26.385792 10.249956 -19.756563
v 26.324333 10.310088 -19.742268
v 26.177080 10.410303 -19.726749
v 26.171362 10.389987 -19.722845
v 26.132885 10.421115 -19.723974
v 26.129040 10.400341 -19.720186
v 26.087786 10.427650 -19.722176
v 26.085867 10.406598 -19.718464
v 26.379839 10.251955 -19.786108
v 26.083565 9.558891 -19.944715
v 25.703712 9.711946 -19.906935
v 25.703739 10.251955 -19.781933
v 25.996555 10.427651 -19.721611
v 25.951447 10.421116 -19.722853
v 25.864265 10.395310 -19.728283
v 25.823029 10.376287 -19.732418
v 25.783813 10.353354 -19.737480
v 25.747190 10.326847 -19.743397
v 25.713419 10.296981 -19.750103
v 25.682816 10.264039 -19.757534
v 25.655674 10.228339 -19.765617
v 25.632252 10.190224 -19.774279
v 25.612740 10.149972 -19.783463
v 25.597420 10.108147 -19.793047
v 25.579741 10.021181 -19.813038
v 25.577541 9.976873 -19.823256
v 25.586512 9.888733 -19.843655
v 25.597584 9.845760 -19.853640
v 25.632332 9.763877 -19.872881
v 25.655739 9.725913 -19.881826
v 25.682846 9.690374 -19.890230
v 25.713390 9.657598 -19.898012
v 25.747082 9.627899 -19.905100
v 25.783592 9.601561 -19.911425
v 25.822575 9.578833 -19.916927
v 25.863651 9.559933 -19.921555
v 25.906435 9.545040 -19.925264
v 25.950512 9.534299 -19.928019
v 25.995457 9.527809 -19.929792
v 26.040854 9.525634 -19.930571
v 26.131283 9.534299 -19.929134
v 26.175388 9.545041 -19.926924
v 26.218212 9.559933 -19.923744
v 26.259346 9.578833 -19.919624
v 26.298393 9.601561 -19.914604
v 26.334978 9.627899 -19.908730
v 26.368753 9.657598 -19.902060
v 26.399395 9.690374 -19.894653
v 26.426601 9.725913 -19.886585
v 26.450117 9.763877 -19.877932
v 26.485100 9.845760 -19.859119
v 26.496292 9.888733 -19.849272
v 26.505516 9.976873 -19.828985
v 26.503443 10.021181 -19.818741
v 26.496923 10.065080 -19.808559
v 26.486013 10.108147 -19.798534
v 26.470810 10.149972 -19.788761
v 26.451416 10.190224 -19.779339
v 26.428101 10.228339 -19.770388
v 26.401062 10.264039 -19.761969
v 26.370552 10.296981 -19.754162
v 26.336864 10.326847 -19.747040
v 26.300320 10.353354 -19.740669
v 26.261169 10.376287 -19.735125
v 26.219986 10.395310 -19.730478
v 26.219986 10.395310 -19.730478
v 26.177088 10.410301 -19.726751
v 26.132879 10.421116 -19.723974
v 12.604701 9.851216 -16.504440
v 12.587456 9.808792 -16.498819
v 12.563081 9.832902 -16.468094
v 12.618584 9.808636 -16.532034
v 12.556302 9.785351 -16.476370
v 12.587242 9.765666 -16.513723
v 12.577656 9.764050 -16.488770
v 12.611755 9.774620 -16.519949
v 12.595054 9.806417 -16.491316
v 12.561436 9.805385 -16.459202
v 12.626221 9.829606 -16.517044
v 12.590588 9.849647 -16.474779
v 12.637903 9.769821 -16.569197
v 12.650267 9.853152 -16.555069
v 12.521759 9.829041 -16.432825
v 12.522961 9.751847 -16.458437
v 12.602041 9.728727 -16.545986
v 12.562963 9.890040 -16.455338
v 12.562569 9.718164 -16.509306
v 12.611932 9.900724 -16.501587
v 12.764771 9.885193 -16.723625
v 12.739174 9.848745 -16.687443
v 12.730808 9.936073 -16.651154
v 12.369896 9.625107 -16.407478
v 12.431814 9.624319 -16.447844
v 12.423594 9.558285 -16.483347
v 12.746814 9.986129 -16.673002
v 12.493786 9.582090 -16.523544
v 12.610327 10.102027 -16.497576
v 12.585875 10.051111 -16.468039
v 12.528300 10.086006 -16.419701
v 12.526205 10.029720 -16.414190
v 12.697189 10.004867 -16.595188
v 12.487093 9.531764 -16.556650
v 12.706707 10.054113 -16.611105
v 12.458845 10.038389 -16.365225
v 12.568809 9.584085 -16.599340
v 12.558675 9.538859 -16.626328
v 12.490561 9.966646 -16.387520
v 12.643299 10.044799 -16.527912
v 12.670572 10.110467 -16.569025
v 12.437664 9.937509 -16.353954
v 12.401142 9.964329 -16.330101
v 12.643371 9.630781 -16.659439
v 12.639053 9.586312 -16.692450
v 12.386562 9.880244 -16.331100
v 12.699091 9.657056 -16.730997
v 12.393461 9.815475 -16.348349
v 12.345788 9.803351 -16.325817
v 12.691275 9.692379 -16.689207
v 12.720963 9.756259 -16.698498
v 12.737267 9.732945 -16.745270
v 12.390589 9.735436 -16.370701
v 12.345255 9.707759 -16.356520
v 12.771433 9.819772 -16.764271
v 12.404325 9.673706 -16.404667
v 12.467522 9.661474 -16.454189
v 12.511913 9.687868 -16.476933
v 12.516676 9.627506 -16.514519
v 12.711468 9.875527 -16.632671
v 12.674862 9.894663 -16.576065
v 12.683065 9.958416 -16.577978
v 12.590050 10.000848 -16.470678
v 12.592542 9.951691 -16.475204
v 12.542574 9.984050 -16.427835
v 12.566940 9.671165 -16.537659
v 12.547267 9.932444 -16.435513
v 12.635090 9.943562 -16.520908
v 12.576555 9.629290 -16.574783
v 12.635704 9.995991 -16.518328
v 12.504641 9.884764 -16.407263
v 12.459276 9.886017 -16.374401
v 12.626297 9.702365 -16.588148
v 12.635912 9.666246 -16.622931
v 12.478523 9.812348 -16.403803
v 12.437180 9.813677 -16.375296
v 12.664433 9.757021 -16.609491
v 12.678577 9.723390 -16.648333
v 12.437465 9.732862 -16.400560
v 12.703135 9.784518 -16.653679
v 12.481115 9.739791 -16.429255
v 12.681640 9.817711 -16.607792
v 12.280460 9.566859 -16.395094
v 12.338591 9.572002 -16.420889
v 12.312083 9.516768 -16.443485
v 12.314817 9.620563 -16.381077
v 12.806318 9.877390 -16.825962
v 12.795795 9.912593 -16.784924
v 12.258252 9.626806 -16.352989
v 12.792660 9.783936 -16.841908
v 12.297558 9.691852 -16.340082
v 12.765942 9.753238 -16.794325
v 12.246216 9.694264 -16.318796
v 12.762817 9.693254 -16.842085
v 12.269712 9.768829 -16.301979
v 12.734686 9.675864 -16.788193
v 12.719030 9.610144 -16.824152
v 12.254577 9.841245 -16.279213
v 12.306654 9.852475 -16.297226
v 12.701331 9.619849 -16.772600
v 12.281970 9.933340 -16.275974
v 12.663458 9.539828 -16.791676
v 12.661726 9.571396 -16.748213
v 12.332189 9.932152 -16.297731
v 12.612982 9.495528 -16.755051
v 12.617501 9.532495 -16.716047
v 12.342125 10.005410 -16.298502
v 12.629635 10.173897 -16.534151
v 12.583261 10.152868 -16.480345
v 12.561844 10.200458 -16.471870
v 12.559175 9.463764 -16.710955
v 12.570332 9.504601 -16.677328
v 12.677099 10.180249 -16.595989
v 12.504079 9.445746 -16.661055
v 12.521998 9.488787 -16.633505
v 12.720564 10.148130 -16.650448
v 12.719836 10.096316 -16.636465
v 12.449826 9.442159 -16.607302
v 12.462894 9.486910 -16.573818
v 12.756441 10.074634 -16.694714
v 12.398369 9.453200 -16.551613
v 12.408167 9.504910 -16.513060
v 12.351901 9.478393 -16.496334
v 12.783367 10.048281 -16.746672
v 12.778643 9.975723 -16.735098
v 12.513281 10.161584 -16.419886
v 12.370110 9.532958 -16.465452
v 12.800493 9.983957 -16.784933
v 12.381760 10.061513 -16.320179
v 12.427279 10.108405 -16.350800
v 12.473790 10.136220 -16.385668
v 12.223443 9.586469 -16.348333
v 12.238804 9.575838 -16.324566
v 12.251463 9.541816 -16.348604
v 12.235897 9.552999 -16.371981
v 12.809160 10.122554 -16.722010
v 12.831503 10.105095 -16.762573
v 12.815453 10.138035 -16.735479
v 12.213820 9.622198 -16.326803
v 12.229013 9.612179 -16.302668
v 12.791180 10.151143 -16.694389
v 12.796666 10.167904 -16.706621
v 12.207108 9.659880 -16.307575
v 12.222189 9.650498 -16.283115
v 12.407075 9.392397 -16.555382
v 12.395500 9.375356 -16.561398
v 12.426035 9.368864 -16.594444
v 12.436298 9.386185 -16.587008
v 12.203514 9.699258 -16.290874
v 12.218523 9.690553 -16.266125
v 12.202803 9.739723 -16.276850
v 12.217789 9.731713 -16.251856
v 12.770747 10.176524 -16.665331
v 12.775330 10.194407 -16.676277
v 12.205118 9.781012 -16.265617
v 12.220129 9.773685 -16.240433
v 12.457579 9.366690 -16.627087
v 12.466509 9.384102 -16.618269
v 12.210440 9.822701 -16.257290
v 12.225531 9.816099 -16.231958
v 12.423249 10.176525 -16.313513
v 12.443668 10.217342 -16.332945
v 12.412362 10.194411 -16.308798
v 12.218723 9.864421 -16.251949
v 12.233938 9.858511 -16.226524
v 12.751564 10.217344 -16.644669
v 12.229880 9.905731 -16.249647
v 12.245279 9.900545 -16.224178
v 12.489873 9.368864 -16.659075
v 12.497433 9.386185 -16.648901
v 12.243820 9.946280 -16.250406
v 12.259438 9.941757 -16.224947
v 12.394445 10.151143 -16.292723
v 12.382280 10.167904 -16.287085
v 12.251051 9.522141 -16.397497
v 12.268761 9.494182 -16.424643
v 12.316381 9.510875 -16.435329
v 12.284383 9.561577 -16.386351
v 12.260397 9.985634 -16.254221
v 12.276303 9.981809 -16.228828
v 12.723267 10.216688 -16.604053
v 12.725728 10.236368 -16.612263
v 12.617392 10.247025 -16.529621
v 12.639388 10.247654 -16.508932
v 12.609020 10.249752 -16.477478
v 12.587531 10.249089 -16.498692
v 12.279499 10.023529 -16.261097
v 12.295729 10.020346 -16.235821
v 12.522539 9.375356 -16.690016
v 12.528698 9.392397 -16.678516
v 12.646214 10.240872 -16.560839
v 12.668699 10.241397 -16.540678
v 12.300856 10.059406 -16.270922
v 12.317446 10.056830 -16.245811
v 12.353655 10.138033 -16.267944
v 12.673790 10.230692 -16.592112
v 12.696751 10.231041 -16.572489
v 12.324299 10.093004 -16.283604
v 12.341297 10.091015 -16.258715
v 12.696750 10.231042 -16.572489
v 12.698036 10.251356 -16.579300
v 12.699869 10.216578 -16.623154
v 12.723261 10.216692 -16.604046
v 12.555283 9.386096 -16.719635
v 12.560049 9.402679 -16.706873
v 12.349625 10.124023 -16.299032
v 12.367042 10.122548 -16.274399
v 12.724185 10.198673 -16.653652
v 12.748003 10.198475 -16.635080
v 12.376569 10.152139 -16.317049
v 12.394448 10.151147 -16.292725
v 12.746548 10.177090 -16.683397
v 12.770749 10.176522 -16.665333
v 12.404881 10.177089 -16.337484
v 12.423241 10.176518 -16.313507
v 12.766634 10.152139 -16.711962
v 12.791180 10.151144 -16.694387
v 12.587820 9.400990 -16.747673
v 12.591187 9.416933 -16.733706
v 12.434349 10.198673 -16.360216
v 12.453222 10.198480 -16.336634
v 12.784317 10.124022 -16.739128
v 12.809160 10.122555 -16.722010
v 12.464549 10.216580 -16.384909
v 12.483933 10.216689 -16.361746
v 12.799427 10.093012 -16.764635
v 12.824528 10.091017 -16.747950
v 12.495260 10.230691 -16.411362
v 12.515173 10.231043 -16.388653
v 12.619816 9.419889 -16.773844
v 12.621824 9.435030 -16.758764
v 12.811823 10.059403 -16.788240
v 12.837135 10.056830 -16.771959
v 12.526196 10.240872 -16.439327
v 12.546637 10.241399 -16.417097
v 12.821384 10.023525 -16.809717
v 12.846859 10.020339 -16.793802
v 12.650976 9.442617 -16.797905
v 12.828022 9.985637 -16.828899
v 12.853608 9.981812 -16.813307
v 12.276300 9.981804 -16.228828
v 12.279165 10.031276 -16.227646
v 12.258881 9.991033 -16.220345
v 12.831633 9.946275 -16.845524
v 12.857282 9.941760 -16.830219
v 12.832220 9.905738 -16.859468
v 12.857876 9.900534 -16.844391
v 12.266874 9.510436 -16.374554
v 12.251051 9.522142 -16.397495
v 12.284882 9.482005 -16.402157
v 12.268761 9.494181 -16.424643
v 12.305315 9.456790 -16.431152
v 12.288857 9.469381 -16.453163
v 12.327980 9.435031 -16.461269
v 12.311140 9.447989 -16.482771
v 12.335413 9.430190 -16.513206
v 12.379102 9.402681 -16.523678
v 12.361421 9.416170 -16.544155
v 12.407074 9.392398 -16.555378
v 12.388927 9.406057 -16.575331
v 12.436304 9.386184 -16.587013
v 12.417672 9.399947 -16.606438
v 12.466508 9.384102 -16.618269
v 12.447371 9.397900 -16.637171
v 12.447371 9.397899 -16.637171
v 12.466508 9.384102 -16.618269
v 12.497439 9.386186 -16.648907
v 12.477774 9.399947 -16.667286
v 12.528694 9.392396 -16.678513
v 12.508522 9.406056 -16.696411
v 12.560045 9.402678 -16.706869
v 12.539359 9.416171 -16.724304
v 12.569986 9.430192 -16.750696
v 12.621833 9.435036 -16.758772
v 12.600111 9.447985 -16.775333
v 12.651653 9.456785 -16.781796
v 12.629445 9.469379 -16.797985
v 12.680400 9.482003 -16.802589
v 12.657722 9.494187 -16.818438
v 12.707785 9.510441 -16.820940
v 12.684639 9.522138 -16.836473
v 12.733538 9.541817 -16.836668
v 12.709977 9.553009 -16.851948
v 12.757415 9.575837 -16.849625
v 12.733459 9.586464 -16.864689
v 12.754870 9.622197 -16.874578
v 12.798662 9.650504 -16.866749
v 12.774021 9.659891 -16.881527
v 12.815599 9.690546 -16.870623
v 12.790665 9.699244 -16.885324
v 12.829864 9.731724 -16.871534
v 12.804687 9.739731 -16.886211
v 12.841312 9.773686 -16.869335
v 12.815945 9.781011 -16.884033
v 12.849852 9.816094 -16.864038
v 12.824335 9.822697 -16.878815
v 12.855391 9.858517 -16.855698
v 12.829780 9.864424 -16.870598
v 12.837132 10.056840 -16.771954
v 12.844669 10.069398 -16.787643
v 12.578001 10.247653 -16.446781
v 12.557055 10.247026 -16.468534
v 12.379107 9.402678 -16.523684
v 12.366280 9.386098 -16.528282
v 12.475755 10.236368 -16.359182
v 12.515163 10.231040 -16.388645
v 12.508377 10.251358 -16.387283
v 12.227161 9.549045 -16.336918
v 12.219775 9.590780 -16.316799
v 12.245726 9.521559 -16.365900
v 12.207394 9.622247 -16.336243
v 12.196443 9.720377 -16.292709
v 12.767618 9.666193 -16.888893
v 12.802626 9.765326 -16.891661
v 12.200745 9.802340 -16.270126
v 12.714932 9.574714 -16.865761
v 12.216949 9.885368 -16.259209
v 12.664710 9.512985 -16.835268
v 12.244468 9.966245 -16.260431
v 12.608569 9.463256 -16.794819
v 12.291817 10.058518 -16.278008
v 12.622398 10.245646 -16.551104
v 12.546911 10.248367 -16.473768
v 12.548665 9.427428 -16.745972
v 12.677415 10.225815 -16.613338
v 12.354589 10.138330 -16.315300
v 12.487279 9.406867 -16.690586
v 12.726047 10.190545 -16.674162
v 12.410815 10.188314 -16.355747
v 12.426792 9.402361 -16.630819
v 12.766262 10.141265 -16.731121
v 12.470867 10.224340 -16.404709
v 12.369395 9.414108 -16.568857
v 12.796614 10.079880 -16.782057
v 12.317447 9.441623 -16.507206
v 12.815981 10.008601 -16.825102
v 12.272860 9.483870 -16.448147
v 12.823504 9.930521 -16.858433
v 12.237362 9.539220 -16.393961
v 12.818991 9.848313 -16.880928
v 12.581727 10.253080 -16.504501
v 12.611723 10.251001 -16.535572
v 12.640679 10.244814 -16.566936
v 12.668383 10.234581 -16.598354
v 12.694576 10.220399 -16.629538
v 12.719006 10.202406 -16.660181
v 12.741473 10.180715 -16.690065
v 12.761652 10.155640 -16.718765
v 12.779409 10.127396 -16.746048
v 12.794592 10.096231 -16.771677
v 12.807041 10.062464 -16.795391
v 12.816644 10.026414 -16.816967
v 12.823307 9.988358 -16.836231
v 12.826933 9.948803 -16.852934
v 12.827521 9.908080 -16.866940
v 12.825069 9.866561 -16.878122
v 12.819600 9.824656 -16.886374
v 12.811169 9.782761 -16.891617
v 12.799859 9.741292 -16.893803
v 12.785776 9.700631 -16.892912
v 12.769041 9.661069 -16.889091
v 12.749810 9.623223 -16.882111
v 12.728279 9.587297 -16.872162
v 12.704687 9.553692 -16.859360
v 12.679235 9.522689 -16.843815
v 12.652185 9.494604 -16.825686
v 12.623769 9.469681 -16.805130
v 12.594301 9.448193 -16.782375
v 12.564032 9.430318 -16.757616
v 12.533262 9.416237 -16.731102
v 12.502275 9.406080 -16.703072
v 12.471388 9.399946 -16.673813
v 12.440838 9.397894 -16.643551
v 12.410999 9.399956 -16.612671
v 12.382126 9.406099 -16.581423
v 12.354483 9.416267 -16.550091
v 12.328354 9.430357 -16.518999
v 12.303976 9.448240 -16.488426
v 12.281592 9.469736 -16.458683
v 12.261396 9.494666 -16.430019
v 12.243608 9.522758 -16.402752
v 12.228386 9.553766 -16.377115
v 12.215878 9.587393 -16.353361
v 12.206207 9.623304 -16.331726
v 12.199470 9.661164 -16.312410
v 12.195866 9.700721 -16.295639
v 12.195154 9.741387 -16.281553
v 12.197487 9.782861 -16.270277
v 12.202841 9.824757 -16.261917
v 12.211166 9.866662 -16.256557
v 12.222383 9.908175 -16.254251
v 12.236391 9.948904 -16.255020
v 12.253050 9.988442 -16.258858
v 12.272242 10.026507 -16.265768
v 12.293698 10.062548 -16.275642
v 12.317263 10.096311 -16.288391
v 12.342701 10.127462 -16.303890
v 12.369774 10.155706 -16.321995
v 12.398222 10.180770 -16.342529
v 12.427832 10.202454 -16.365372
v 12.458166 10.220435 -16.390177
v 12.489029 10.234611 -16.416761
v 12.520103 10.244834 -16.444855
v 12.551104 10.251011 -16.474197
v 12.541389 9.730129 -16.468094
v 12.523255 9.781504 -16.433681
v 12.641376 9.759186 -16.560297
v 12.661077 9.829791 -16.557663
v 12.531816 9.835714 -16.425159
v 12.596577 9.717609 -16.527918
v 12.567093 9.886025 -16.444973
v 12.626195 9.897318 -16.500874
v 12.774494 9.883732 -16.718817
v 12.740132 9.935227 -16.645485
v 12.747711 9.834970 -16.684589
v 12.756325 9.985883 -16.667589
v 12.386059 9.600284 -16.416731
v 12.446349 9.541951 -16.496510
v 12.476913 9.586271 -16.490252
v 12.426823 9.634809 -16.424057
v 12.618200 10.103171 -16.490055
v 12.535194 10.086956 -16.411251
v 12.593445 10.051653 -16.460157
v 12.533070 10.030005 -16.405670
v 12.706108 10.004851 -16.588842
v 12.715732 10.054684 -16.604940
v 12.524095 9.525052 -16.580626
v 12.541459 9.572206 -16.560061
v 12.464897 10.038767 -16.356113
v 12.476914 9.982954 -16.364082
v 12.679173 10.111704 -16.562368
v 12.651563 10.045267 -16.520752
v 12.607506 9.552230 -16.656347
v 12.610680 9.594746 -16.622959
v 12.406504 9.963817 -16.320572
v 12.432091 9.915936 -16.339811
v 12.683794 9.619351 -16.711975
v 12.673948 9.650446 -16.669235
v 12.342167 9.874701 -16.296871
v 12.427980 9.844346 -16.348871
v 12.350483 9.800915 -16.316233
v 12.394970 9.777909 -16.346226
v 12.737020 9.680100 -16.759840
v 12.721604 9.730701 -16.691921
v 12.760150 9.770994 -16.740551
v 12.352357 9.691161 -16.353416
v 12.400801 9.699725 -16.377312
v 12.721310 9.847223 -16.636719
v 12.714380 9.908284 -16.610218
v 12.692163 9.829050 -16.598557
v 12.473667 9.657310 -16.446148
v 12.526718 9.677980 -16.479300
v 12.489193 9.730582 -16.424431
v 12.675923 9.909327 -16.557253
v 12.523420 9.622940 -16.507208
v 12.691459 9.957878 -16.571396
v 12.574237 9.667445 -16.530727
v 12.591322 9.999517 -16.456104
v 12.517223 9.958950 -16.394337
v 12.540054 9.919802 -16.416397
v 12.595171 9.950416 -16.462420
v 12.655921 9.990366 -16.524996
v 12.643257 9.942810 -16.513666
v 12.584021 9.624744 -16.568201
v 12.620022 9.686972 -16.570974
v 12.469337 9.893102 -16.366966
v 12.504620 9.870707 -16.396097
v 12.644094 9.662146 -16.616928
v 12.663256 9.735136 -16.599363
v 12.484809 9.810021 -16.395153
v 12.687274 9.719974 -16.642637
v 12.439554 9.774069 -16.374363
v 12.712130 9.781851 -16.648046
v 12.448961 9.704929 -16.406147
v 12.343195 9.566785 -16.412445
v 12.319145 9.615925 -16.372160
v 12.816541 9.875833 -16.822384
v 12.805868 9.911434 -16.780804
v 12.793457 9.832950 -16.782032
v 12.261911 9.622242 -16.343740
v 12.802715 9.781264 -16.838509
v 12.303806 9.672779 -16.338232
v 12.775682 9.750196 -16.790367
v 12.249731 9.690505 -16.309139
v 12.297909 9.735274 -16.312008
v 12.772515 9.689491 -16.838688
v 12.248517 9.763852 -16.283932
v 12.301576 9.800797 -16.294493
v 12.728194 9.605370 -16.820539
v 12.258179 9.839254 -16.269073
v 12.710297 9.615206 -16.768383
v 12.285907 9.932455 -16.265799
v 12.671959 9.534221 -16.787674
v 12.670208 9.566158 -16.743704
v 12.336721 9.931246 -16.287813
v 12.620901 9.489404 -16.750633
v 12.625469 9.526808 -16.711163
v 12.346846 10.005356 -16.288628
v 12.566436 9.457250 -16.705997
v 12.577719 9.498575 -16.671959
v 12.685764 10.182347 -16.589645
v 12.637732 10.175849 -16.527050
v 12.510674 9.439020 -16.655487
v 12.528813 9.482562 -16.627630
v 12.729758 10.149841 -16.644768
v 12.729017 10.097389 -16.630606
v 12.455770 9.435385 -16.601095
v 12.468994 9.480663 -16.567219
v 12.765995 10.104805 -16.696182
v 12.403704 9.446557 -16.544746
v 12.765030 10.043538 -16.685017
v 12.413626 9.498878 -16.505745
v 12.793317 10.048782 -16.742142
v 12.356667 9.472050 -16.488800
v 12.788535 9.975339 -16.730429
v 12.375103 9.527267 -16.457552
v 12.810650 9.983681 -16.780869
v 12.587402 10.179490 -16.474874
v 12.386946 10.062119 -16.310558
v 12.432996 10.109574 -16.341539
v 12.482861 10.145701 -16.380175
v 12.534969 10.169309 -16.425167
v 12.831633 9.946274 -16.845526
v 12.828020 9.985644 -16.828896
v 12.288855 9.469385 -16.453159
v 12.821384 10.023525 -16.809717
v 12.311146 9.447984 -16.482779
v 12.587535 10.249089 -16.498695
v 12.557053 10.247025 -16.468533
v 12.811823 10.059404 -16.788239
v 12.335409 9.430192 -16.513203
v 12.526196 10.240872 -16.439329
v 12.799427 10.093014 -16.764633
v 12.361418 9.416172 -16.544151
v 12.495267 10.230692 -16.411367
v 12.784317 10.124020 -16.739130
v 12.388933 9.406055 -16.575336
v 12.464545 10.216578 -16.384907
v 12.766634 10.152138 -16.711962
v 12.417670 9.399947 -16.606436
v 12.434349 10.198672 -16.360214
v 12.746549 10.177089 -16.683399
v 12.447370 9.397899 -16.637171
v 12.404881 10.177088 -16.337484
v 12.724182 10.198675 -16.653650
v 12.477778 9.399948 -16.667292
v 12.376570 10.152140 -16.317049
v 12.699868 10.216577 -16.623154
v 12.508520 9.406055 -16.696409
v 12.349621 10.124019 -16.299030
v 12.673790 10.230691 -16.592112
v 12.539362 9.416172 -16.724306
v 12.324307 10.093016 -16.283609
v 12.646211 10.240872 -16.560835
v 12.569985 9.430191 -16.750696
v 12.300855 10.059404 -16.270922
v 12.617392 10.247025 -16.529621
v 12.600113 9.447986 -16.775337
v 12.279497 10.023525 -16.261097
v 12.629447 9.469381 -16.797985
v 12.260402 9.985644 -16.254223
v 12.657719 9.494184 -16.818436
v 12.243818 9.946273 -16.250406
v 12.684642 9.522141 -16.836475
v 12.229885 9.905744 -16.249647
v 12.709974 9.553006 -16.851948
v 12.218721 9.864415 -16.251949
v 12.733458 9.586462 -16.864687
v 12.210442 9.822711 -16.257290
v 12.754873 9.622204 -16.874580
v 12.205118 9.781014 -16.265617
v 12.774015 9.659881 -16.881527
v 12.202803 9.739736 -16.276848
v 12.790668 9.699253 -16.885326
v 12.203515 9.699248 -16.290878
v 12.804688 9.739735 -16.886211
v 12.207108 9.659883 -16.307573
v 12.815945 9.781014 -16.884035
v 12.213818 9.622203 -16.326801
v 12.824337 9.822706 -16.878815
v 12.223446 9.586460 -16.348339
v 12.829779 9.864417 -16.870600
v 12.235893 9.553007 -16.371975
v 12.832220 9.905745 -16.859467
v 12.665512 9.459655 -16.810184
v 12.603773 9.414112 -16.762680
v 12.629091 9.437065 -16.781132
v 12.326796 9.411948 -16.482975
v 12.279551 9.456637 -16.420420
v 12.282566 9.463755 -16.422253
v 12.328879 9.419580 -16.483696
v 12.862776 9.930071 -16.854979
v 12.858000 9.842989 -16.878777
v 12.851784 9.841385 -16.874109
v 12.856218 9.902536 -16.858459
v 12.206348 9.624952 -16.290817
v 12.848932 9.773712 -16.889971
v 12.838879 9.773207 -16.883430
v 12.208036 9.651769 -16.284769
v 12.827869 9.712934 -16.890976
v 12.821743 9.713229 -16.885803
v 12.198404 9.707929 -16.255342
v 12.203451 9.711107 -16.260515
v 12.804373 9.644968 -16.887262
v 12.788530 9.632725 -16.878542
v 12.199590 9.773726 -16.232555
v 12.206407 9.777560 -16.241669
v 12.771372 9.589808 -16.874447
v 12.209887 9.837904 -16.224283
v 12.215052 9.839194 -16.230185
v 12.741090 9.551706 -16.856733
v 12.722101 9.518973 -16.847923
v 12.225870 9.906328 -16.215588
v 12.232502 9.906823 -16.225584
v 12.688099 9.488032 -16.824078
v 12.248960 9.967303 -16.221272
v 12.253786 9.966393 -16.227543
v 12.288954 10.047451 -16.235397
v 12.292312 10.043839 -16.240810
v 12.606048 10.271425 -16.480419
v 12.637840 10.269168 -16.513260
v 12.647985 10.256482 -16.531170
v 12.602509 10.260606 -16.483904
v 12.248461 9.498536 -16.372738
v 12.338157 10.118610 -16.261806
v 12.348980 10.123205 -16.272224
v 12.394714 10.178197 -16.299435
v 12.397493 10.173203 -16.304970
v 12.554926 9.385885 -16.720123
v 12.566315 9.400734 -16.729542
v 12.679420 10.255625 -16.562206
v 12.734568 10.226364 -16.627657
v 12.731464 10.219053 -16.628000
v 12.693430 10.240929 -16.582279
v 12.506695 9.375269 -16.677179
v 12.502172 9.380425 -16.671278
v 12.456779 10.224176 -16.347134
v 12.458483 10.218102 -16.351936
v 12.782005 10.181258 -16.690531
v 12.777908 10.174524 -16.689676
v 12.442518 9.370467 -16.613775
v 12.439035 9.376925 -16.608501
v 12.521456 10.254379 -16.402689
v 12.508561 10.242199 -16.394695
v 12.554237 10.256153 -16.436365
v 12.815296 10.138396 -16.735987
v 12.807466 10.129435 -16.734438
v 12.381832 9.382856 -16.548271
v 12.375368 9.393822 -16.539137
v 12.573675 10.269170 -16.448298
v 12.834251 10.088416 -16.774000
v 12.829043 10.082910 -16.771622
v 12.606136 10.271284 -16.480312
v 12.602611 10.260529 -16.483807
v 12.854767 10.013018 -16.819561
v 12.845456 10.024873 -16.807295
v 12.854429 9.968468 -16.834965
v 12.853609 9.981804 -16.813311
v 12.857282 9.941764 -16.830219
v 12.865718 9.949203 -16.848499
v 12.861879 9.991027 -16.830837
v 12.639393 10.247654 -16.508938
v 12.668693 10.241399 -16.540670
v 12.668734 10.262173 -16.546070
v 12.638126 10.268707 -16.512918
v 12.680399 9.482003 -16.802589
v 12.681000 9.468955 -16.819620
v 12.709600 9.498655 -16.838787
v 12.707777 9.510433 -16.820936
v 12.245275 9.900530 -16.224178
v 12.259441 9.941768 -16.224949
v 12.241266 9.949201 -16.216286
v 12.226473 9.906138 -16.215477
v 12.846859 10.020339 -16.793802
v 12.854828 10.031274 -16.810463
v 12.352659 9.416934 -16.492214
v 12.338655 9.400988 -16.495415
v 12.606401 10.270899 -16.480059
v 12.546638 10.241399 -16.417099
v 12.541232 10.262172 -16.416985
v 12.232955 9.531426 -16.345413
v 12.249049 9.498654 -16.372513
v 12.266876 9.510431 -16.374557
v 12.857876 9.900533 -16.844393
v 12.866344 9.906139 -16.863300
v 12.253326 9.988259 -16.258871
v 12.272501 10.026300 -16.265774
v 12.327980 9.435031 -16.461269
v 12.312880 9.419888 -16.463093
v 12.238804 9.575836 -16.324568
v 12.219728 9.566971 -16.320301
v 12.578007 10.247654 -16.446787
v 12.574013 10.268707 -16.448008
v 12.855391 9.858510 -16.855700
v 12.849852 9.816093 -16.864040
v 12.857975 9.817928 -16.883821
v 12.863754 9.862237 -16.875111
v 12.305314 9.456791 -16.431152
v 12.289206 9.442617 -16.431635
v 12.229013 9.612181 -16.302668
v 12.209501 9.604938 -16.297422
v 12.841313 9.773688 -16.869335
v 12.849066 9.773638 -16.889349
v 12.222189 9.650499 -16.283115
v 12.202370 9.644987 -16.276991
v 12.267860 9.468955 -16.401348
v 12.829862 9.731715 -16.871534
v 12.837110 9.729789 -16.891644
v 12.218524 9.690547 -16.266127
v 12.198538 9.686814 -16.259251
v 12.815599 9.690545 -16.870623
v 12.822231 9.686816 -16.890692
v 12.217789 9.731712 -16.251856
v 12.197770 9.729787 -16.244360
v 12.798660 9.650500 -16.866749
v 12.804539 9.644987 -16.886642
v 12.220131 9.773693 -16.240431
v 12.200213 9.773643 -16.232433
v 12.779192 9.612181 -16.859684
v 12.784194 9.604935 -16.879257
v 12.225529 9.816089 -16.231960
v 12.205851 9.817928 -16.223593
v 12.757414 9.575836 -16.849625
v 12.761446 9.566971 -16.868750
v 12.233938 9.858513 -16.226524
v 12.214630 9.862233 -16.217922
v 12.733536 9.541816 -16.836668
v 12.736500 9.531427 -16.855215
v 12.236678 9.948736 -16.255039
v 12.243929 9.522840 -16.402721
v 12.228712 9.553827 -16.377098
v 12.827504 9.908031 -16.866611
v 12.825057 9.866539 -16.877790
v 12.216209 9.587426 -16.353359
v 12.819595 9.824656 -16.886042
v 12.206541 9.623319 -16.331730
v 12.811172 9.782787 -16.891285
v 12.199801 9.661159 -16.312422
v 12.799870 9.741334 -16.893473
v 12.196196 9.700694 -16.295656
v 12.785797 9.700694 -16.892586
v 12.195482 9.741334 -16.281574
v 12.769078 9.661160 -16.888773
v 12.197809 9.782787 -16.270300
v 12.766029 9.595855 -16.869907
v 12.749853 9.623319 -16.881796
v 12.203156 9.824656 -16.261944
v 12.728347 9.587427 -16.871861
v 12.211473 9.866539 -16.256582
v 12.717838 9.526238 -16.844078
v 12.704763 9.553827 -16.859066
v 12.222683 9.908031 -16.254274
v 12.679330 9.522840 -16.843533
v 12.662439 9.467874 -16.807230
v 12.652290 9.494761 -16.825415
v 12.581808 10.252795 -16.504351
v 12.611787 10.250723 -16.535404
v 12.623905 9.469860 -16.804882
v 12.640726 10.244545 -16.566746
v 12.601954 9.422991 -16.760780
v 12.594445 9.448373 -16.782137
v 12.668421 10.234321 -16.598152
v 12.564194 9.430504 -16.757393
v 12.694603 10.220150 -16.629320
v 12.538700 9.393300 -16.706514
v 12.533438 9.416425 -16.730892
v 12.293947 10.062326 -16.275639
v 12.314651 10.078519 -16.254013
v 12.317493 10.096072 -16.288376
v 12.719022 10.202170 -16.659946
v 12.502476 9.406270 -16.702885
v 12.342918 10.127213 -16.303865
v 12.741478 10.180497 -16.689816
v 12.475084 9.379929 -16.646496
v 12.471601 9.400134 -16.673639
v 12.369974 10.155445 -16.321957
v 12.761644 10.155444 -16.718496
v 12.441068 9.398078 -16.643396
v 12.398403 10.180497 -16.342476
v 12.779401 10.127212 -16.745773
v 12.413497 9.383410 -16.583006
v 12.411244 9.400134 -16.612534
v 12.427992 10.202170 -16.365299
v 12.794575 10.096072 -16.771387
v 12.382383 9.406270 -16.581301
v 12.458315 10.220150 -16.390095
v 12.807020 10.062326 -16.795090
v 12.354761 9.416425 -16.549994
v 12.489157 10.234321 -16.416660
v 12.816622 10.026300 -16.816654
v 12.328640 9.430504 -16.518913
v 12.520219 10.244545 -16.444740
v 12.551202 10.250723 -16.474064
v 12.304274 9.448373 -16.488358
v 12.581808 10.252795 -16.504351
v 12.281893 9.469860 -16.458620
v 12.823286 9.988259 -16.835915
v 12.261713 9.494761 -16.429983
v 12.826912 9.948736 -16.852608
v 12.609018 10.249752 -16.477474
v 12.483936 10.216691 -16.361748
v 12.453220 10.198478 -16.336632
v 12.367044 10.122551 -16.274401
v 12.326763 10.105094 -16.251560
v 12.341295 10.091012 -16.258713
v 12.301855 10.069397 -16.238085
v 12.317448 10.056833 -16.245813
v 12.295728 10.020343 -16.235821
v 12.251465 9.541813 -16.348606
v 12.284882 9.482003 -16.402157
v 12.352655 9.416936 -16.492210
v 12.591191 9.416936 -16.733709
v 12.651657 9.456788 -16.781799
v 12.779192 9.612181 -16.859684
v 12.824530 10.091012 -16.747953
v 12.747999 10.198478 -16.635075
v 12.541237 10.262173 -16.416986
v 12.508377 10.251357 -16.387283
v 12.475752 10.236366 -16.359180
v 12.443668 10.217342 -16.332947
v 12.412360 10.194410 -16.308796
v 12.382278 10.167903 -16.287083
v 12.353658 10.138037 -16.267944
v 12.326763 10.105095 -16.251560
v 12.301855 10.069395 -16.238085
v 12.279167 10.031280 -16.227646
v 12.258879 9.991028 -16.220343
v 12.241266 9.949203 -16.216286
v 12.214631 9.862237 -16.217922
v 12.205851 9.817929 -16.223593
v 12.197770 9.729789 -16.244360
v 12.198538 9.686816 -16.259249
v 12.202370 9.644988 -16.276989
v 12.209503 9.604933 -16.297424
v 12.219728 9.566969 -16.320301
v 12.232954 9.531430 -16.345411
v 12.267860 9.468955 -16.401348
v 12.289206 9.442616 -16.431637
v 12.312880 9.419888 -16.463093
v 12.338654 9.400989 -16.495411
v 12.366283 9.386096 -16.528286
v 12.395501 9.375355 -16.561399
v 12.426028 9.368865 -16.594437
v 12.457579 9.366690 -16.627087
v 12.489878 9.368865 -16.659079
v 12.522537 9.375355 -16.690014
v 12.587817 9.400989 -16.747671
v 12.619816 9.419888 -16.773842
v 12.650976 9.442616 -16.797903
v 12.681000 9.468955 -16.819620
v 12.709600 9.498654 -16.838787
v 12.736502 9.531430 -16.855215
v 12.761446 9.566969 -16.868750
v 12.784193 9.604933 -16.879257
v 12.822231 9.686816 -16.890692
v 12.837110 9.729789 -16.891644
v 12.857975 9.817929 -16.883820
v 12.863754 9.862237 -16.875111
v 12.866344 9.906136 -16.863300
v 12.865718 9.949203 -16.848497
v 12.861879 9.991028 -16.830837
v 12.854827 10.031280 -16.810459
v 12.844670 10.069395 -16.787645
v 12.831503 10.105095 -16.762571
v 12.796667 10.167903 -16.706623
v 12.775328 10.194409 -16.676275
v 12.751567 10.217342 -16.644670
v 12.725731 10.236366 -16.612267
v 12.698034 10.251357 -16.579296
v 12.668737 10.262172 -16.546074
vt 0.000000 1.000000
vt 0.000000 1.000000
vt 0.000000 1.000000
vt 0.000000 1.000000
vt 0.000000 1.000000
vn 0.1696 0.2038 0.9642
vn 0.0931 0.2282 0.9692
vn 0.0926 0.1748 0.9802
vn 0.1241 0.2692 0.9550
vn -0.0941 -0.2589 -0.9613
vn -0.1631 -0.2519 -0.9539
vn -0.0990 -0.2048 -0.9738
vn -0.1487 -0.1731 -0.9736
vn 0.0035 0.2519 0.9677
vn 0.0364 0.3066 0.9512
vn 0.2320 0.2866 0.9295
vn 0.2289 0.2167 0.9490
vn 0.0008 0.1767 0.9843
vn 0.1431 0.3161 0.9379
vn 0.0893 0.1239 0.9883
vn 0.1866 0.1335 0.9733
vn 0.4312 0.1257 0.8934
vn 0.3815 0.1767 0.9073
vn 0.3518 0.0793 0.9327
vn 0.3850 0.0205 0.9227
vn -0.1025 0.4404 0.8919
vn -0.0391 0.4253 0.9042
vn 0.0015 0.5029 0.8643
vn 0.0614 0.4665 0.8824
vn 0.1420 -0.1031 0.9845
vn 0.1052 -0.0244 0.9942
vn 0.0251 -0.0871 0.9959
vn 0.0270 0.0005 0.9996
vn 0.2963 -0.0196 0.9549
vn 0.1288 0.5213 0.8436
vn -0.0683 -0.0410 0.9968
vn 0.1737 0.4413 0.8804
vn -0.0929 0.0226 0.9954
vn 0.1948 -0.0170 0.9807
vn 0.2481 -0.1149 0.9619
vn 0.2418 0.4944 0.8349
vn 0.2846 0.4127 0.8653
vn 0.3521 0.4644 0.8126
vn 0.3934 0.4014 0.8271
vn 0.3198 0.3374 0.8854
vn -0.1695 0.1667 0.9713
vn -0.1393 0.2443 0.9597
vn -0.2212 0.2493 0.9428
vn 0.4020 0.2873 0.8694
vn -0.1734 0.3426 0.9234
vn -0.1044 0.3451 0.9328
vn 0.4678 0.2065 0.8593
vn -0.0135 0.3687 0.9294
vn 0.0996 0.3674 0.9247
vn 0.0843 0.4182 0.9044
vn 0.1297 0.0595 0.9898
vn 0.0322 0.0920 0.9952
vn -0.0320 0.0733 0.9968
vn 0.2400 0.0673 0.9684
vn 0.2159 0.3643 0.9059
vn -0.0756 0.1552 0.9850
vn -0.0773 0.2612 0.9622
vn 0.3311 0.2558 0.9083
vn 0.2999 0.2028 0.9322
vn -0.0046 0.2283 0.9736
vn 0.5092 0.1112 0.8535
vn 0.5089 0.2621 0.8200
vn -0.2926 0.3155 0.9027
vn -0.2408 0.3727 0.8961
vn -0.2822 0.2097 0.9362
vn 0.4491 0.4394 0.7780
vn 0.4770 0.3430 0.8092
vn 0.0390 0.1212 0.9919
vn 0.2520 0.2672 0.9301
vn -0.2190 0.0228 0.9755
vn -0.2634 0.1252 0.9565
vn 0.3163 0.5391 0.7806
vn 0.0787 0.3427 0.9361
vn 0.1925 -0.1838 0.9639
vn 0.3354 -0.1227 0.9340
vn 0.0224 0.2962 0.9549
vn 0.4713 0.0280 0.8815
vn 0.4048 -0.0682 0.9119
vn -0.1981 0.4498 0.8709
vn -0.1414 0.5088 0.8492
vn -0.1445 0.0895 0.9854
vn 0.1094 -0.1844 0.9768
vn 0.2351 0.5729 0.7852
vn -0.1719 -0.0562 0.9835
vn 0.1643 0.5899 0.7906
vn -0.1087 -0.1104 0.9879
vn 0.0727 0.5893 0.8046
vn -0.0437 -0.1472 0.9881
vn 0.0353 -0.1745 0.9840
vn -0.0061 0.5801 0.8146
vn -0.0800 0.5468 0.8334
vn -0.8407 0.4799 -0.2507
vn -0.9427 0.1633 -0.2911
vn -0.7936 0.5448 -0.2708
vn -0.7891 0.5462 -0.2810
vn -0.3983 0.0600 -0.9153
vn -0.4505 -0.2409 -0.8597
vn -0.4228 0.0325 -0.9057
vn -0.8963 0.3872 -0.2161
vn -0.3711 0.0849 -0.9247
vn -0.9302 0.3067 -0.2018
vn -0.9712 0.0982 -0.2171
vn -0.0313 -0.5775 -0.8158
vn -0.0682 -0.5829 -0.8097
vn 0.1055 -0.4825 -0.8695
vn -0.9593 0.2193 -0.1778
vn -0.9593 0.2193 -0.1779
vn -0.2218 0.1020 -0.9697
vn 0.0201 0.1425 -0.9896
vn 0.0548 0.1265 -0.9904
vn -0.9792 0.1309 -0.1549
vn -0.9792 0.1310 -0.1551
vn -0.4476 -0.1451 -0.8824
vn -0.3413 0.1072 -0.9338
vn -0.9904 0.0393 -0.1325
vn -0.9904 0.0393 -0.1327
vn -0.1058 -0.5847 -0.8043
vn -0.9924 -0.0534 -0.1111
vn -0.9924 -0.0533 -0.1113
vn 0.0882 0.1072 -0.9903
vn -0.9851 -0.1460 -0.0909
vn -0.9851 -0.1459 -0.0911
vn -0.3091 0.1265 -0.9426
vn -0.9686 -0.2378 -0.0720
vn -0.9686 -0.2377 -0.0722
vn -0.1435 -0.5829 -0.7998
vn -0.9432 -0.3278 -0.0547
vn -0.9432 -0.3278 -0.0548
vn 0.1193 0.0849 -0.9892
vn 0.2055 -0.5098 -0.8354
vn 0.1772 -0.5387 -0.8236
vn 0.1465 -0.5062 -0.8499
vn 0.2312 -0.4438 -0.8658
vn -0.9089 -0.4153 -0.0389
vn -0.9088 -0.4153 -0.0390
vn -0.2753 0.1425 -0.9507
vn 0.0797 -0.9963 -0.0330
vn 0.0007 -0.9998 -0.0179
vn -0.0065 -0.9996 -0.0257
vn -0.8660 -0.4993 -0.0250
vn -0.8661 -0.4993 -0.0250
vn -0.1808 -0.5775 -0.7961
vn 0.2031 -0.9780 -0.0482
vn 0.3209 -0.9339 -0.1577
vn -0.8152 -0.5790 -0.0132
vn -0.8153 -0.5790 -0.0132
vn 0.1480 0.0600 -0.9872
vn 0.0636 -0.9920 -0.1090
vn 0.2697 -0.9606 -0.0668
vn -0.7569 -0.6535 -0.0035
vn -0.7551 -0.6557 0.0015
vn -0.2401 0.1550 -0.9583
vn 0.3534 -0.9308 -0.0935
vn -0.2174 -0.5685 -0.7934
vn -0.6984 -0.7157 0.0068
vn -0.4367 -0.8929 -0.1097
vn 0.1392 -0.9735 -0.1814
vn 0.4544 -0.8837 -0.1121
vn -0.0924 0.1129 -0.9893
vn 0.1741 0.0324 -0.9842
vn -0.6062 -0.7946 0.0335
vn 0.5232 -0.8419 -0.1325
vn 0.5309 -0.8382 -0.1251
vn -0.5573 -0.8299 0.0273
vn -0.2064 -0.9403 -0.2707
vn 0.5951 -0.7903 -0.1459
vn 0.7471 -0.5679 -0.3455
vn -0.2532 -0.5562 -0.7916
vn -0.6547 -0.7457 -0.1236
vn 0.6779 -0.7156 -0.1687
vn 0.1975 0.0026 -0.9803
vn 0.4937 -0.1506 -0.8565
vn 0.7303 -0.6535 -0.1991
vn 0.8099 -0.4943 -0.3159
vn -0.2876 -0.5404 -0.7907
vn 0.7841 -0.5790 -0.2235
vn -0.3966 -0.9107 -0.1152
vn 0.0046 -0.9848 -0.1735
vn -0.5497 -0.8270 -0.1179
vn 0.2178 -0.0294 -0.9755
vn 0.8301 -0.4994 -0.2481
vn 0.8301 -0.4993 -0.2481
vn -0.3203 -0.5215 -0.7908
vn 0.8678 -0.4153 -0.2727
vn 0.8679 -0.4153 -0.2727
vn 0.8969 -0.3279 -0.2968
vn 0.8969 -0.3278 -0.2967
vn 0.9170 -0.2378 -0.3202
vn 0.9171 -0.2377 -0.3201
vn 0.2927 0.1290 0.9475
vn -0.7359 0.6067 -0.3006
vn -0.4865 0.7218 -0.4922
vn -0.8099 0.4435 -0.3839
vn -0.3713 0.7739 -0.5131
vn -0.7320 0.5455 -0.4081
vn -0.4979 0.7837 -0.3714
vn -0.4356 0.8142 -0.3838
vn -0.1445 0.8163 -0.5592
vn -0.5563 0.6822 -0.4744
vn -0.1428 0.8866 -0.4400
vn -0.0748 0.9081 -0.4121
vn -0.0770 0.8739 -0.4799
vn -0.0445 0.8694 -0.4920
vn -0.0416 0.9046 -0.4242
vn 0.0254 0.8847 -0.4656
vn 0.2973 0.7426 -0.6001
vn 0.1354 0.8661 -0.4811
vn 0.2203 0.8492 -0.4799
vn 0.3873 0.7356 -0.5558
vn 0.3099 0.8181 -0.4844
vn 0.3962 0.7786 -0.4866
vn 0.3980 0.7751 -0.4907
vn 0.4702 0.7346 -0.4891
vn 0.6580 0.4743 -0.5849
vn 0.5604 0.6673 -0.4906
vn 0.6276 0.6140 -0.4786
vn 0.7303 0.4273 -0.5329
vn 0.6863 0.5511 -0.4746
vn 0.7987 0.2446 -0.5497
vn 0.7538 0.4613 -0.4679
vn 0.8026 0.3920 -0.4497
vn 0.8526 0.1857 -0.4884
vn 0.8463 0.3068 -0.4355
vn 0.8463 0.3068 -0.4356
vn 0.8807 0.2194 -0.4198
vn 0.8807 0.2193 -0.4199
vn 0.9058 0.1310 -0.4029
vn 0.9058 0.1309 -0.4030
vn 0.9224 0.0394 -0.3841
vn 0.9224 0.0392 -0.3843
vn 0.9299 -0.0533 -0.3640
vn 0.9298 -0.0534 -0.3641
vn 0.9281 -0.1459 -0.3425
vn 0.9280 -0.1460 -0.3427
vn -0.4443 0.0026 -0.8959
vn -0.0892 -0.9960 -0.0087
vn 0.0049 -0.5685 -0.8226
vn 0.0049 -0.5686 -0.8226
vn -0.0159 0.1550 -0.9878
vn 0.2407 0.1011 0.9653
vn 0.2619 0.1249 0.9570
vn 0.6161 -0.1126 0.7796
vn 0.5546 -0.2028 0.8070
vn 0.2254 0.1668 0.9599
vn 0.1884 0.2081 0.9598
vn 0.0218 0.1884 0.9819
vn 0.0583 0.2162 0.9746
vn 0.1961 0.2242 0.9546
vn 0.0771 0.1872 0.9793
vn 0.1901 0.2368 0.9528
vn 0.0933 0.1674 0.9815
vn 0.2223 0.2778 0.9346
vn 0.1114 0.2894 0.9507
vn 0.1418 0.3322 0.9325
vn 0.1064 0.1610 0.9812
vn 0.1686 0.2747 0.9466
vn 0.1197 0.1580 0.9802
vn 0.0884 0.2815 0.9555
vn 0.1586 0.2809 0.9465
vn 0.1338 0.1576 0.9784
vn 0.0793 0.2697 0.9597
vn 0.1476 0.2862 0.9467
vn 0.1465 0.1612 0.9760
vn 0.1580 0.1662 0.9734
vn 0.0654 0.2551 0.9647
vn 0.1689 0.1730 0.9703
vn 0.0605 0.2371 0.9696
vn 0.1781 0.1804 0.9674
vn 0.1049 0.5140 0.8514
vn 0.0843 0.5807 0.8098
vn 0.0238 0.5647 0.8250
vn -0.0079 0.6168 0.7871
vn -0.0436 0.5333 0.8448
vn -0.0585 0.5438 0.8372
vn -0.1013 0.4964 0.8622
vn -0.1207 0.5058 0.8542
vn -0.1610 0.4601 0.8731
vn -0.2270 0.4910 0.8411
vn -0.1924 0.3936 0.8989
vn -0.2156 0.3963 0.8925
vn -0.2226 0.3327 0.9164
vn -0.2458 0.3302 0.9113
vn -0.2520 0.2696 0.9294
vn -0.3321 0.2610 0.9064
vn -0.2384 0.1961 0.9512
vn -0.2625 0.1855 0.9469
vn -0.2115 0.1291 0.9688
vn -0.1838 0.1358 0.9735
vn -0.3927 -0.0334 0.9191
vn -0.1368 0.0694 0.9882
vn -0.2019 0.0124 0.9793
vn -0.1575 -0.0329 0.9870
vn -0.2074 -0.0987 0.9733
vn -0.0902 -0.0719 0.9933
vn -0.0974 -0.0946 0.9907
vn -0.0297 -0.1080 0.9937
vn -0.0318 -0.1314 0.9908
vn 0.0372 -0.1319 0.9906
vn 0.0394 -0.1552 0.9871
vn 0.1071 -0.1432 0.9839
vn 0.1134 -0.1661 0.9796
vn 0.1773 -0.1401 0.9741
vn 0.1875 -0.1608 0.9690
vn 0.2455 -0.1248 0.9613
vn 0.2588 -0.1421 0.9554
vn 0.3089 -0.0961 0.9462
vn 0.3247 -0.1104 0.9393
vn 0.3651 -0.0556 0.9293
vn 0.3829 -0.0665 0.9214
vn 0.3995 0.0119 0.9166
vn 0.3709 0.0381 0.9279
vn 0.6185 -0.0678 0.7829
vn 0.4051 0.1088 0.9078
vn 0.4847 0.0850 0.8705
vn 0.4749 0.1532 0.8666
vn 0.4948 0.1558 0.8549
vn 0.4782 0.2225 0.8496
vn 0.4948 0.2289 0.8383
vn 0.4748 0.2906 0.8307
vn 0.5207 0.3069 0.7966
vn 0.4339 0.3604 0.8257
vn 0.3900 0.3426 0.8547
vn 0.5545 0.5026 0.6632
vn 0.3449 0.4082 0.8452
vn 0.3886 0.4604 0.7981
vn 0.3280 0.4913 0.8069
vn 0.3318 0.5094 0.7940
vn 0.2669 0.5276 0.8065
vn 0.2666 0.5461 0.7941
vn 0.1918 0.5356 0.8224
vn 0.1840 0.5020 0.8450
vn 0.1297 0.7366 0.6638
vn -0.2276 -0.2066 -0.9516
vn -0.0299 -0.1999 -0.9794
vn -0.0557 -0.2887 -0.9558
vn -0.2107 -0.3050 -0.9288
vn -0.1904 -0.1292 -0.9732
vn -0.0961 -0.1227 -0.9878
vn -0.1113 -0.3391 -0.9341
vn -0.4304 -0.1281 -0.8935
vn -0.3516 -0.0815 -0.9326
vn -0.3848 -0.1887 -0.9035
vn -0.3830 -0.0231 -0.9235
vn 0.0755 -0.4588 -0.8853
vn 0.0069 -0.5295 -0.8483
vn -0.0591 -0.4646 -0.8836
vn 0.0442 -0.4215 -0.9058
vn -0.1420 0.1067 -0.9841
vn -0.0236 0.0886 -0.9958
vn -0.1013 0.0475 -0.9937
vn -0.0148 0.0276 -0.9995
vn -0.2950 0.0184 -0.9553
vn -0.0881 -0.5236 -0.8474
vn 0.0652 0.0085 -0.9978
vn -0.1901 -0.5145 -0.8362
vn -0.1793 -0.4613 -0.8689
vn -0.2501 0.1175 -0.9611
vn -0.2035 0.0378 -0.9783
vn 0.1462 -0.0436 -0.9883
vn 0.1152 -0.0993 -0.9884
vn -0.3015 -0.4651 -0.8323
vn -0.2740 -0.4207 -0.8648
vn 0.2070 -0.1275 -0.9700
vn 0.1136 -0.1712 -0.9787
vn -0.3602 -0.3788 -0.8525
vn 0.2131 -0.2337 -0.9487
vn 0.1177 -0.2480 -0.9616
vn 0.2042 -0.3352 -0.9197
vn 0.0885 -0.3355 -0.9379
vn -0.3977 -0.2990 -0.8674
vn -0.4673 -0.2229 -0.8555
vn 0.1588 -0.4074 -0.8993
vn -0.1657 -0.0096 -0.9861
vn -0.0408 -0.0275 -0.9988
vn -0.1172 -0.0572 -0.9915
vn -0.0120 -0.3896 -0.9209
vn -0.1178 -0.4195 -0.9001
vn -0.0383 -0.3510 -0.9356
vn -0.0211 -0.1050 -0.9943
vn -0.1697 -0.3664 -0.9149
vn 0.0461 -0.0917 -0.9947
vn -0.2376 -0.0659 -0.9691
vn -0.2397 -0.3821 -0.8925
vn 0.0315 -0.1837 -0.9825
vn -0.3190 -0.2898 -0.9024
vn -0.2807 -0.2381 -0.9298
vn 0.0199 -0.2799 -0.9598
vn -0.3360 -0.1746 -0.9255
vn -0.2896 -0.1266 -0.9487
vn -0.5353 -0.1761 -0.8261
vn -0.5104 -0.1338 -0.8495
vn -0.5060 -0.2721 -0.8185
vn 0.2869 -0.3231 -0.9018
vn 0.2855 -0.2082 -0.9355
vn 0.2887 -0.0999 -0.9522
vn 0.2251 -0.0149 -0.9742
vn -0.2583 0.1873 -0.9477
vn -0.1899 0.1834 -0.9645
vn -0.3346 0.1235 -0.9342
vn -0.0109 -0.6047 -0.7964
vn -0.0703 -0.5886 -0.8054
vn 0.0730 -0.5562 -0.8279
vn -0.4855 -0.0521 -0.8727
vn -0.4756 -0.3524 -0.8060
vn -0.4355 -0.4285 -0.7917
vn -0.3770 -0.4907 -0.7856
vn -0.3063 -0.5405 -0.7836
vn -0.0946 0.1871 -0.9778
vn -0.2413 -0.5703 -0.7852
vn 0.1695 0.0576 -0.9838
vn -0.1582 -0.5906 -0.7913
vn 0.1083 0.1075 -0.9883
vn 0.0518 0.1365 -0.9893
vn -0.4020 0.0743 -0.9126
vn -0.0140 0.1714 -0.9851
vn -0.4544 0.0141 -0.8907
vn -0.5413 -0.0756 -0.8375
vn -0.5309 -0.0353 -0.8467
vn 0.1412 -0.5623 -0.8148
vn -0.5104 0.0038 -0.8599
vn 0.1065 -0.5858 -0.8034
vn -0.1328 0.2300 -0.9641
vn -0.0810 0.2392 -0.9676
vn -0.4922 0.0410 -0.8695
vn 0.0512 -0.5957 -0.8016
vn -0.0390 0.2256 -0.9734
vn -0.4644 0.0748 -0.8824
vn -0.0303 -0.4532 -0.8909
vn 0.0034 0.2184 -0.9759
vn -0.4391 0.1076 -0.8920
vn 0.0448 0.1995 -0.9789
vn -0.4031 0.1342 -0.9053
vn -0.0689 -0.6342 -0.7701
vn 0.0833 0.1781 -0.9805
vn -0.3723 0.1594 -0.9143
vn -0.1036 -0.6307 -0.7691
vn 0.1189 0.1605 -0.9799
vn -0.3204 0.1756 -0.9309
vn -0.1411 -0.6311 -0.7627
vn 0.1588 0.1310 -0.9786
vn -0.2274 -0.0159 -0.9737
vn -0.1897 -0.6239 -0.7582
vn 0.1879 0.1068 -0.9764
vn -0.2256 -0.6152 -0.7554
vn 0.2204 0.0674 -0.9731
vn -0.2045 0.2281 -0.9519
vn -0.2723 -0.5989 -0.7531
vn 0.2401 0.0396 -0.9699
vn -0.1659 0.2284 -0.9593
vn -0.3058 -0.5836 -0.7523
vn 0.2697 -0.0055 -0.9629
vn -0.3488 -0.5588 -0.7524
vn 0.2711 -0.0339 -0.9620
vn -0.3787 -0.5374 -0.7535
vn 0.3266 -0.0636 -0.9430
vn -0.4165 -0.5035 -0.7570
vn 0.3377 -0.1181 -0.9338
vn -0.4385 -0.4795 -0.7601
vn 0.3254 -0.1612 -0.9317
vn -0.4775 -0.4457 -0.7572
vn 0.3312 -0.2023 -0.9216
vn -0.4963 -0.4059 -0.7674
vn 0.3183 -0.2497 -0.9145
vn -0.5170 -0.3699 -0.7719
vn 0.3205 -0.2787 -0.9053
vn -0.5316 -0.3275 -0.7811
vn 0.3294 -0.3319 -0.8839
vn -0.5457 -0.2880 -0.7869
vn 0.2837 -0.3759 -0.8822
vn -0.5424 -0.2349 -0.8066
vn 0.2703 -0.3928 -0.8790
vn -0.3596 -0.2306 -0.9041
vn 0.2801 -0.4485 -0.8488
vn 0.2461 -0.4905 -0.8360
vn -0.5518 -0.1063 -0.8272
vn 0.2232 0.0573 0.9731
vn 0.2131 0.0857 0.9733
vn 0.4724 -0.2798 0.8358
vn 0.3678 -0.3463 0.8630
vn -0.0457 0.2681 0.9623
vn -0.0381 0.2453 0.9687
vn -0.4829 0.2040 0.8516
vn -0.5162 0.2803 0.8093
vn -0.0729 0.2046 0.9761
vn -0.4768 0.1202 0.8708
vn 0.4306 0.2979 0.8520
vn 0.6516 -0.0339 0.7578
vn -0.0363 0.1970 0.9797
vn -0.4610 0.0341 0.8868
vn 0.2940 0.1902 0.9367
vn 0.6691 0.0369 0.7423
vn -0.0507 0.1618 0.9855
vn -0.4156 -0.0557 0.9078
vn 0.3217 0.2053 0.9243
vn 0.6854 0.1320 0.7161
vn -0.0208 0.1380 0.9902
vn 0.2857 0.2141 0.9341
vn 0.6862 0.2138 0.6952
vn -0.3646 -0.1633 0.9167
vn -0.0168 0.0989 0.9950
vn 0.3172 0.2543 0.9136
vn 0.6709 0.2970 0.6795
vn 0.0086 0.1149 0.9933
vn -0.2744 -0.2529 0.9278
vn 0.2785 0.2604 0.9245
vn 0.6467 0.3822 0.6601
vn 0.0302 0.0906 0.9954
vn -0.1808 -0.3151 0.9317
vn 0.2658 0.2893 0.9196
vn 0.5779 0.4845 0.6567
vn 0.1179 0.4455 0.8875
vn 0.0996 0.3766 0.9210
vn 0.0459 0.7505 0.6593
vn 0.2257 0.2956 0.9283
vn 0.5450 0.6622 0.5143
vn 0.2174 0.3239 0.9208
vn 0.4230 0.6657 0.6147
vn 0.0501 0.0410 0.9979
vn 0.0761 0.0720 0.9945
vn -0.0131 -0.3855 0.9226
vn -0.1011 -0.3515 0.9307
vn 0.0641 0.3843 0.9210
vn 0.0791 0.3469 0.9345
vn -0.1931 0.6998 0.6877
vn -0.0512 0.7282 0.6834
vn 0.2052 0.3600 0.9101
vn 0.3334 0.7025 0.6288
vn 0.1028 0.0578 0.9930
vn 0.1094 -0.3752 0.9205
vn 0.0367 0.3597 0.9324
vn -0.2673 0.6395 0.7208
vn 0.1426 0.0407 0.9889
vn 0.1797 0.4040 0.8969
vn 0.2516 0.7315 0.6337
vn 0.1592 0.3739 0.9137
vn 0.1662 0.7509 0.6392
vn -0.0001 0.3557 0.9346
vn -0.3324 0.5666 0.7539
vn 0.1513 0.0657 0.9863
vn 0.2709 -0.3614 0.8922
vn -0.0111 0.3227 0.9464
vn 0.1842 0.0588 0.9811
vn 0.1217 0.4328 0.8932
vn 0.0966 0.7593 0.6435
vn -0.4002 0.4787 0.7815
vn -0.0315 0.2976 0.9542
vn -0.4462 0.3801 0.8102
vn -0.4779 -0.0633 -0.8761
vn -0.4894 -0.0985 -0.8665
vn -0.4895 -0.0985 -0.8665
vn -0.4779 -0.0632 -0.8762
vn -0.1666 0.1695 -0.9714
vn -0.2038 0.1641 -0.9652
vn -0.3512 -0.4996 -0.7919
vn -0.3798 -0.4749 -0.7939
vn 0.2587 -0.1345 -0.9565
vn 0.0325 0.0740 -0.9967
vn 0.2487 -0.0985 -0.9636
vn 0.2586 -0.1345 -0.9566
vn 0.1740 -0.4094 -0.8956
vn 0.0398 -0.5562 -0.8301
vn -0.1285 0.1713 -0.9768
vn -0.0527 0.1641 -0.9850
vn 0.1860 -0.4476 -0.8747
vn 0.1616 -0.4749 -0.8651
vn -0.4973 -0.1345 -0.8571
vn 0.8108 0.4460 0.3791
vn 0.7797 0.4984 0.3791
vn 0.0733 -0.5404 -0.8382
vn 0.2074 -0.4181 -0.8844
vn 0.2075 -0.4181 -0.8844
vn -0.0903 0.1695 -0.9814
vn -0.5013 -0.1713 -0.8482
vn -0.5017 -0.2083 -0.8396
vn -0.5017 -0.2082 -0.8396
vn -0.5014 -0.1712 -0.8481
vn 0.2259 -0.3865 -0.8942
vn 0.2259 -0.3864 -0.8942
vn -0.4627 -0.0294 -0.8860
vn -0.4984 -0.2452 -0.8316
vn -0.4983 -0.2451 -0.8316
vn 0.2411 -0.3530 -0.9040
vn -0.4914 -0.2817 -0.8241
vn 0.2531 -0.3178 -0.9137
vn 0.2530 -0.3178 -0.9138
vn -0.4808 -0.3178 -0.8172
vn -0.4807 -0.3178 -0.8173
vn 0.2616 -0.2817 -0.9232
vn 0.2615 -0.2817 -0.9232
vn -0.4667 -0.3530 -0.8109
vn 0.2664 -0.2452 -0.9322
vn 0.2663 -0.2452 -0.9322
vn -0.4495 -0.3865 -0.8054
vn 0.2676 -0.2083 -0.9408
vn 0.2675 -0.2082 -0.9408
vn -0.4291 -0.4181 -0.8007
vn 0.2650 -0.1712 -0.9489
vn 0.2649 -0.1712 -0.9490
vn -0.4058 -0.4476 -0.7968
vn -0.4059 -0.4476 -0.7968
vn 0.2350 -0.0633 -0.9699
vn 0.8512 0.3433 0.3970
vn 0.6540 -0.4520 0.6066
vn 0.7294 -0.3711 0.5747
vn -0.7280 0.2802 0.6257
vn -0.7408 0.2216 0.6341
vn 0.7545 -0.3329 0.5655
vn -0.7388 0.1170 0.6636
vn 0.8050 -0.2396 0.5427
vn -0.7318 0.0465 0.6799
vn 0.8338 -0.1730 0.5243
vn -0.7264 -0.0140 0.6871
vn 0.8563 -0.1209 0.5021
vn -0.6996 -0.1222 0.7040
vn 0.8757 -0.0179 0.4826
vn -0.6798 -0.1632 0.7150
vn 0.8833 0.0528 0.4658
vn -0.6299 -0.2686 0.7287
vn 0.8884 0.1098 0.4458
vn -0.6024 -0.3052 0.7376
vn 0.8774 0.2162 0.4282
vn -0.5334 -0.3970 0.7469
vn 0.8635 0.2867 0.4149
vn -0.4996 -0.4285 0.7529
vn -0.4144 -0.5058 0.7566
vn 0.0549 0.9117 0.4071
vn -0.0487 0.9337 0.3548
vn -0.3750 -0.5304 0.7603
vn -0.1023 0.9114 0.3987
vn -0.2789 -0.5805 0.7650
vn -0.3792 0.8689 -0.3182
vn -0.1760 0.9029 0.3921
vn -0.2120 -0.6095 0.7639
vn -0.2595 0.8658 0.4278
vn -0.1576 -0.6351 0.7562
vn 0.7505 0.5605 0.3502
vn 0.7119 0.5059 -0.4872
vn 0.6863 0.6411 0.3434
vn -0.3424 0.8257 0.4483
vn -0.0432 -0.6715 0.7397
vn 0.6303 0.6838 0.3676
vn -0.3876 0.8031 0.4526
vn -0.0122 -0.6869 0.7267
vn 0.5693 0.7456 0.3465
vn -0.4789 0.7369 0.4770
vn 0.1173 -0.6508 0.7501
vn 0.4930 0.7988 0.3448
vn -0.5104 0.7056 0.4916
vn 0.1077 -0.9849 -0.1352
vn 0.1600 -0.6801 0.7154
vn 0.4513 0.8264 0.3368
vn -0.5864 0.6230 0.5177
vn 0.2541 -0.6536 0.7129
vn 0.3519 0.8700 0.3453
vn -0.6106 0.5861 0.5326
vn 0.3438 -0.6303 0.6961
vn 0.2827 0.8931 0.3500
vn -0.6685 0.4900 0.5594
vn 0.3908 -0.6199 0.6805
vn 0.2247 0.9106 0.3470
vn 0.1183 0.9240 0.3637
vn 0.4930 -0.5745 0.6533
vn 0.0489 0.9263 0.3736
vn 0.5312 -0.5489 0.6454
vn -0.6847 0.4488 0.5743
vn 0.6217 -0.4845 0.6154
vn -0.7138 0.3493 0.6070
vn -0.2650 -0.5863 -0.7655
vn -0.1389 -0.9805 -0.1390
vn -0.4044 -0.4963 -0.7682
vn -0.4997 -0.3617 -0.7871
vn -0.4230 0.0908 -0.9016
vn 0.1345 -0.4996 -0.8558
vn -0.3933 0.1186 -0.9117
vn 0.1050 -0.5215 -0.8468
vn -0.3606 0.1429 -0.9217
vn -0.3256 0.1639 -0.9312
vn -0.2098 0.2045 -0.9561
vn -0.1898 0.2191 -0.9571
vn -0.0188 0.8176 -0.5754
vn 0.2628 -0.3984 -0.8788
vn 0.2432 -0.4336 -0.8677
vn 0.1621 -0.5236 -0.8364
vn 0.0844 0.9940 -0.0697
vn 0.3641 0.9238 -0.1184
vn 0.5320 0.8202 -0.2103
vn 0.6862 0.6993 -0.2004
vn 0.8136 0.5516 -0.1837
vn 0.8446 0.4334 -0.3145
vn 0.9102 0.3828 -0.1580
vn 0.9918 0.1270 -0.0166
vn 0.9635 -0.2670 0.0201
vn 0.8979 -0.4228 0.1225
vn 0.7899 -0.6070 0.0874
vn 0.6569 -0.7415 0.1362
vn 0.4226 -0.8597 0.2870
vn 0.1458 -0.9293 0.3394
vn -0.1421 -0.9163 0.3744
vn -0.4161 -0.8222 0.3884
vn -0.5976 -0.7429 0.3015
vn -0.7798 -0.5092 0.3642
vn -0.9195 -0.2593 0.2953
vn -0.9642 0.0258 0.2640
vn -0.9709 0.1983 0.1345
vn -0.9209 0.3808 0.0833
vn -0.8344 0.5500 0.0343
vn -0.6310 0.7744 0.0470
vn -0.4879 0.8686 -0.0869
vn -0.2059 0.9770 -0.0559
vn 0.0894 0.1797 0.9797
vn 0.1578 0.2238 0.9618
vn 0.1075 0.2594 0.9598
vn 0.1615 0.1736 0.9715
vn -0.1758 -0.1944 -0.9650
vn -0.0978 -0.1822 -0.9784
vn -0.1435 -0.2415 -0.9597
vn -0.0929 -0.2572 -0.9619
vn 0.2281 0.2134 0.9500
vn 0.0294 0.2065 0.9780
vn 0.0631 0.2998 0.9519
vn 0.1719 0.3046 0.9368
vn 0.1017 0.1210 0.9874
vn 0.1898 0.1306 0.9731
vn 0.4341 0.1330 0.8910
vn 0.3853 0.1633 0.9082
vn 0.3664 0.0386 0.9297
vn -0.1009 0.4417 0.8915
vn -0.0600 0.4034 0.9131
vn 0.0244 0.4576 0.8888
vn 0.0036 0.5032 0.8641
vn 0.2662 0.0253 0.9636
vn 0.3073 -0.0531 0.9501
vn 0.1272 0.4731 0.8718
vn 0.1276 0.5223 0.8432
vn 0.0311 -0.0666 0.9973
vn -0.0297 0.0351 0.9989
vn -0.0730 -0.0350 0.9967
vn 0.2268 -0.0665 0.9717
vn 0.2263 0.4487 0.8645
vn 0.2438 0.4946 0.8342
vn -0.1474 0.0455 0.9880
vn -0.0853 0.1103 0.9902
vn 0.2753 0.3921 0.8777
vn 0.3491 0.4612 0.8157
vn -0.1680 0.1467 0.9748
vn 0.3920 0.3994 0.8287
vn 0.3244 0.3391 0.8831
vn -0.2030 0.2247 0.9530
vn -0.1390 0.2522 0.9576
vn 0.3544 0.2803 0.8921
vn 0.4260 0.2700 0.8635
vn -0.1557 0.3387 0.9279
vn 0.0087 0.3865 0.9223
vn -0.0049 0.2963 0.9551
vn 0.0922 0.3612 0.9279
vn 0.0868 0.4230 0.9019
vn 0.3169 0.1148 0.9415
vn 0.2584 0.1288 0.9574
vn 0.1825 0.0429 0.9823
vn 0.0801 0.0080 0.9968
vn 0.0923 0.0636 0.9937
vn 0.0173 0.1054 0.9943
vn 0.1697 0.4101 0.8961
vn 0.2177 0.3370 0.9160
vn -0.0307 0.1892 0.9814
vn -0.0869 0.2149 0.9728
vn 0.2763 0.2424 0.9300
vn -0.0634 0.3172 0.9462
vn 0.3357 0.2003 0.9204
vn -0.2480 0.4200 0.8730
vn -0.2479 0.3433 0.9059
vn -0.1979 0.4467 0.8725
vn 0.4489 0.4401 0.7777
vn 0.4760 0.3520 0.8059
vn 0.0390 0.1213 0.9918
vn 0.5137 0.1350 0.8473
vn 0.4844 0.0535 0.8732
vn 0.5060 0.2103 0.8365
vn 0.5084 0.2814 0.8138
vn -0.2744 0.2656 0.9242
vn -0.2769 0.1792 0.9440
vn -0.2576 0.0902 0.9620
vn -0.2245 0.0065 0.9745
vn 0.1896 -0.1775 0.9657
vn 0.1442 -0.0798 0.9863
vn 0.1106 -0.1810 0.9772
vn -0.1705 -0.0584 0.9836
vn 0.2610 -0.1591 0.9521
vn 0.3368 -0.1223 0.9336
vn -0.0412 -0.1454 0.9885
vn 0.4029 -0.0717 0.9124
vn 0.0352 -0.1709 0.9847
vn 0.4510 -0.0113 0.8925
vn -0.8485 0.4664 -0.2499
vn -0.8473 0.4667 -0.2537
vn -0.7914 0.5455 -0.2759
vn -0.4227 0.0324 -0.9057
vn -0.8020 0.4963 -0.3324
vn -0.8832 0.4054 -0.2358
vn -0.9342 0.2960 -0.1993
vn -0.9580 0.2210 -0.1829
vn -0.9593 0.2194 -0.1779
vn 0.0548 0.1265 -0.9905
vn -0.9904 0.0392 -0.1325
vn -0.9924 -0.0533 -0.1111
vn 0.0881 0.1072 -0.9903
vn 0.4302 0.0714 -0.8999
vn -0.9687 -0.2377 -0.0722
vn 0.2063 -0.5087 -0.8359
vn 0.1414 -0.5093 -0.8489
vn 0.1961 -0.4512 -0.8706
vn -0.9089 -0.4153 -0.0390
vn 0.0914 -0.9952 -0.0353
vn -0.0029 -0.9998 -0.0218
vn -0.0067 -0.9996 -0.0260
vn -0.8660 -0.4994 -0.0250
vn 0.1844 -0.9815 -0.0507
vn -0.8153 -0.5789 -0.0132
vn 0.0669 -0.9913 -0.1133
vn 0.2753 -0.9589 -0.0680
vn -0.2175 -0.5685 -0.7934
vn -0.8132 -0.5741 -0.0950
vn -0.6916 -0.7223 0.0040
vn 0.0416 -0.9473 -0.3175
vn 0.4582 -0.8800 -0.1251
vn -0.6264 -0.7795 -0.0000
vn 0.5081 -0.8501 -0.1384
vn -0.7540 -0.6414 -0.1414
vn -0.5323 -0.8464 0.0133
vn -0.4724 -0.8814 0.0085
vn 0.6657 -0.7246 -0.1784
vn 0.6727 -0.7198 -0.1714
vn 0.6087 -0.7781 -0.1549
vn 0.7257 -0.6602 -0.1934
vn 0.8237 -0.4091 -0.3925
vn -0.5155 -0.8476 -0.1259
vn -0.0418 -0.9883 -0.1464
vn -0.3632 -0.9316 0.0127
vn -0.0821 -0.5547 -0.8280
vn 0.7918 -0.5708 -0.2173
vn -0.2005 -0.9797 -0.0090
vn 0.8729 -0.3255 -0.3634
vn -0.7300 0.6140 -0.3000
vn -0.7301 0.6140 -0.3000
vn -0.6620 0.6761 -0.3235
vn -0.6597 0.6762 -0.3281
vn -0.5964 0.7252 -0.3440
vn -0.1535 0.8852 -0.4391
vn -0.0696 0.9046 -0.4206
vn 0.0348 0.6173 -0.7859
vn -0.0445 0.8694 -0.4921
vn 0.3003 0.7394 -0.6026
vn 0.1412 0.8580 -0.4939
vn 0.2014 0.8472 -0.4917
vn 0.4556 0.5300 -0.7152
vn 0.0386 0.8083 -0.5875
vn 0.5634 0.6687 -0.4852
vn 0.7314 0.4308 -0.5287
vn 0.6931 0.5456 -0.4712
vn 0.6931 0.5455 -0.4712
vn 0.7516 0.4713 -0.4615
vn 0.8463 0.3067 -0.4356
vn 0.8807 0.2194 -0.4199
vn 0.8807 0.2193 -0.4200
vn 0.9281 -0.1459 -0.3426
vn 0.9280 -0.1461 -0.3427
vn -0.4450 -0.2726 -0.8530
vn -0.0889 -0.9959 -0.0145
vn -0.3932 -0.9108 -0.1259
vn 0.1536 -0.4361 -0.8867
vn 0.2243 0.1650 0.9605
vn 0.1926 0.2110 0.9583
vn 0.0231 0.1899 0.9815
vn 0.0601 0.2145 0.9749
vn 0.1937 0.2221 0.9556
vn 0.0771 0.1873 0.9793
vn 0.1928 0.2349 0.9527
vn 0.1916 0.2445 0.9505
vn 0.0934 0.1674 0.9815
vn 0.2217 0.2805 0.9339
vn 0.1131 0.2908 0.9501
vn 0.1012 0.2872 0.9525
vn 0.1685 0.2748 0.9466
vn 0.1197 0.1579 0.9802
vn 0.0885 0.2809 0.9556
vn 0.0799 0.2717 0.9591
vn 0.1476 0.2863 0.9467
vn 0.0726 0.2620 0.9623
vn 0.1579 0.1662 0.9734
vn 0.0665 0.2511 0.9657
vn 0.1689 0.1731 0.9703
vn 0.0636 0.2382 0.9691
vn 0.1780 0.1804 0.9674
vn 0.0600 0.2284 0.9717
vn 0.1049 0.5139 0.8514
vn 0.0844 0.5805 0.8099
vn 0.0248 0.5535 0.8325
vn 0.0108 0.5693 0.8221
vn -0.0413 0.5309 0.8465
vn -0.0583 0.5437 0.8372
vn -0.1011 0.4963 0.8622
vn -0.1208 0.5059 0.8541
vn -0.1522 0.4498 0.8801
vn -0.1742 0.4561 0.8727
vn -0.1927 0.3943 0.8986
vn -0.2226 0.3326 0.9164
vn -0.2457 0.3304 0.9113
vn -0.2375 0.2654 0.9344
vn -0.2611 0.2590 0.9299
vn -0.2401 0.1963 0.9507
vn -0.2117 0.1291 0.9688
vn -0.1837 0.1358 0.9736
vn -0.3923 -0.0335 0.9192
vn -0.1367 0.0695 0.9882
vn -0.2019 0.0123 0.9793
vn -0.1575 -0.0328 0.9870
vn -0.2074 -0.0985 0.9733
vn -0.0902 -0.0717 0.9933
vn -0.0973 -0.0945 0.9908
vn 0.0372 -0.1320 0.9905
vn 0.0393 -0.1551 0.9871
vn 0.1071 -0.1433 0.9839
vn 0.1773 -0.1400 0.9742
vn 0.1875 -0.1609 0.9690
vn 0.2456 -0.1249 0.9613
vn 0.2588 -0.1425 0.9554
vn 0.3248 -0.1102 0.9394
vn 0.3650 -0.0556 0.9293
vn 0.3828 -0.0663 0.9215
vn 0.3995 0.0119 0.9167
vn 0.3707 0.0382 0.9280
vn 0.6183 -0.0677 0.7830
vn 0.4050 0.1089 0.9078
vn 0.4849 0.0851 0.8704
vn 0.4751 0.1531 0.8665
vn 0.4948 0.1560 0.8549
vn 0.4782 0.2224 0.8496
vn 0.4949 0.2290 0.8382
vn 0.4660 0.2912 0.8355
vn 0.4800 0.3010 0.8240
vn 0.4239 0.3549 0.8333
vn 0.3898 0.3425 0.8548
vn 0.3449 0.4082 0.8453
vn 0.3885 0.4603 0.7982
vn 0.3318 0.5095 0.7939
vn 0.2667 0.5463 0.7940
vn 0.1919 0.5357 0.8223
vn 0.1840 0.5020 0.8451
vn 0.1296 0.7366 0.6638
vn -0.2154 -0.2577 -0.9419
vn -0.2165 -0.1628 -0.9626
vn -0.0267 -0.2080 -0.9778
vn -0.0549 -0.2900 -0.9555
vn -0.1412 -0.3158 -0.9382
vn -0.0698 -0.1293 -0.9891
vn -0.1496 -0.1178 -0.9817
vn 0.0990 -0.4422 -0.8914
vn -0.0064 -0.4256 -0.9049
vn 0.0913 -0.3752 -0.9224
vn -0.4093 -0.1199 -0.9045
vn -0.3844 -0.0187 -0.9230
vn -0.3502 -0.0785 -0.9334
vn -0.0043 -0.5027 -0.8645
vn -0.1418 0.1021 -0.9846
vn -0.0230 0.0901 -0.9957
vn -0.0947 0.0154 -0.9954
vn -0.0155 0.0225 -0.9996
vn -0.2964 0.0236 -0.9548
vn -0.0888 -0.4414 -0.8929
vn -0.1257 -0.5221 -0.8435
vn 0.0703 0.0085 -0.9975
vn -0.1778 -0.4677 -0.8658
vn -0.2485 0.1152 -0.9617
vn -0.1942 0.0171 -0.9808
vn -0.2486 -0.4945 -0.8328
vn 0.1446 -0.0410 -0.9886
vn 0.1168 -0.1088 -0.9872
vn -0.2743 -0.4209 -0.8647
vn -0.3533 -0.4183 -0.8368
vn 0.2246 -0.1362 -0.9649
vn -0.3107 -0.3426 -0.8866
vn 0.1981 -0.2279 -0.9533
vn 0.1145 -0.1864 -0.9758
vn -0.4205 -0.3035 -0.8551
vn -0.3654 -0.2990 -0.8815
vn 0.1108 -0.2690 -0.9567
vn 0.1712 -0.3397 -0.9248
vn -0.4172 -0.1981 -0.8869
vn 0.0412 -0.3373 -0.9405
vn -0.0362 -0.3431 -0.9386
vn -0.3291 -0.1620 -0.9303
vn -0.2759 -0.0631 -0.9591
vn -0.2545 -0.1267 -0.9587
vn -0.0659 -0.0711 -0.9953
vn -0.1636 -0.0622 -0.9846
vn -0.1465 -0.3644 -0.9196
vn 0.0093 -0.0532 -0.9985
vn -0.2012 -0.4018 -0.8934
vn 0.0302 -0.1273 -0.9914
vn -0.2446 -0.3130 -0.9177
vn 0.0298 -0.2394 -0.9705
vn -0.3055 -0.2299 -0.9240
vn 0.2989 -0.1548 -0.9416
vn 0.2815 -0.2209 -0.9338
vn 0.2525 -0.0626 -0.9656
vn -0.1919 0.1833 -0.9641
vn 0.2021 0.0690 -0.9769
vn 0.2015 0.0165 -0.9793
vn 0.1168 0.0932 -0.9888
vn -0.4578 0.0563 -0.8873
vn -0.4044 0.0686 -0.9120
vn -0.4714 -0.0279 -0.8815
vn -0.5033 -0.1093 -0.8572
vn -0.5117 -0.1881 -0.8383
vn 0.2373 -0.3912 -0.8892
vn -0.5027 -0.2685 -0.8217
vn 0.2710 -0.3101 -0.9113
vn -0.4765 -0.3556 -0.8040
vn -0.4377 -0.4259 -0.7918
vn -0.3717 -0.4943 -0.7859
vn -0.3122 -0.5373 -0.7835
vn -0.1065 0.1845 -0.9770
vn -0.2350 -0.5724 -0.7856
vn -0.1642 -0.5895 -0.7909
vn -0.0728 -0.5892 -0.8047
vn 0.0460 0.1458 -0.9882
vn -0.0357 0.1746 -0.9840
vn 0.0059 -0.5803 -0.8144
vn 0.0799 -0.5473 -0.8331
vn -0.5361 -0.0729 -0.8410
vn -0.5230 -0.0444 -0.8512
vn -0.5061 0.0066 -0.8624
vn -0.1300 0.2319 -0.9640
vn -0.0801 0.2292 -0.9701
vn -0.3274 -0.1012 -0.9394
vn 0.0663 -0.6020 -0.7957
vn -0.0432 0.2243 -0.9736
vn 0.0275 -0.6183 -0.7855
vn 0.0049 0.2121 -0.9772
vn -0.4317 0.1160 -0.8946
vn -0.0171 -0.6251 -0.7803
vn 0.0405 0.2002 -0.9789
vn -0.0568 -0.6324 -0.7726
vn 0.0859 0.1758 -0.9807
vn 0.1148 0.1569 -0.9809
vn 0.1605 0.1274 -0.9788
vn -0.2276 -0.0160 -0.9736
vn -0.1897 -0.6239 -0.7581
vn 0.0349 -0.0418 -0.9985
vn 0.2570 0.0326 -0.9659
vn -0.1673 0.2298 -0.9588
vn 0.2713 0.0034 -0.9625
vn 0.2941 -0.0343 -0.9552
vn 0.2958 -0.0922 -0.9508
vn 0.1168 -0.1591 -0.9803
vn -0.4385 -0.4794 -0.7602
vn -0.4774 -0.4458 -0.7572
vn 0.3295 -0.2125 -0.9199
vn 0.3227 -0.2489 -0.9132
vn 0.3197 -0.2817 -0.9047
vn -0.5304 -0.3261 -0.7825
vn 0.3176 -0.3306 -0.8887
vn -0.5429 -0.2883 -0.7887
vn 0.2980 -0.3690 -0.8804
vn -0.5478 -0.2423 -0.8008
vn 0.2830 -0.4082 -0.8679
vn -0.5529 -0.2063 -0.8073
vn 0.2592 -0.4434 -0.8580
vn -0.5528 -0.1572 -0.8183
vn 0.2363 -0.4790 -0.8454
vn -0.5486 -0.1220 -0.8271
vn 0.0216 0.0856 0.9961
vn 0.0433 0.0535 0.9976
vn -0.1898 -0.3163 0.9295
vn -0.0689 0.2617 0.9627
vn -0.0340 0.2447 0.9690
vn -0.4829 0.2038 0.8516
vn -0.4737 0.2886 0.8321
vn 0.2522 0.1130 0.9610
vn 0.3755 0.2983 0.8775
vn 0.6366 -0.0748 0.7676
vn 0.5896 -0.1584 0.7920
vn -0.0729 0.2047 0.9761
vn -0.4609 0.0341 0.8868
vn 0.2889 0.1927 0.9378
vn 0.6654 0.0418 0.7453
vn -0.0508 0.1618 0.9855
vn 0.2961 0.2036 0.9332
vn 0.6905 0.1595 0.7055
vn -0.0209 0.1381 0.9902
vn -0.3566 -0.1545 0.9214
vn 0.2890 0.2293 0.9295
vn 0.6783 0.2686 0.6840
vn -0.0043 0.1090 0.9940
vn -0.2781 -0.2380 0.9306
vn 0.2955 0.2694 0.9166
vn 0.6449 0.3491 0.6799
vn 0.6211 0.4221 0.6603
vn 0.2725 0.3050 0.9125
vn 0.1106 0.4455 0.8884
vn 0.0983 0.3898 0.9156
vn 0.0419 0.7519 0.6580
vn 0.5630 0.5157 0.6458
vn 0.2552 0.3338 0.9074
vn 0.2312 0.3411 0.9112
vn 0.4321 0.6489 0.6263
vn 0.5156 0.6160 0.5956
vn 0.0979 0.3710 0.9234
vn 0.0813 0.3400 0.9369
vn -0.3086 0.7634 0.5674
vn -0.0649 0.7255 0.6852
vn 0.0607 0.0779 0.9951
vn 0.0899 0.0634 0.9939
vn 0.0396 -0.3929 0.9187
vn -0.0725 -0.3663 0.9277
vn 0.2014 0.3560 0.9125
vn 0.3195 0.6989 0.6399
vn 0.0587 0.3306 0.9419
vn -0.4205 0.6794 0.6013
vn 0.1233 0.0643 0.9903
vn 0.1635 -0.3795 0.9106
vn 0.1697 0.3479 0.9220
vn 0.1792 0.7428 0.6450
vn 0.1597 0.3934 0.9054
vn 0.0400 0.3159 0.9480
vn -0.4758 0.5694 0.6704
vn 0.1474 0.0984 0.9842
vn 0.3581 -0.5284 0.7698
vn 0.0981 0.7591 0.6436
vn 0.0116 0.3055 0.9521
vn -0.4334 0.4596 0.7752
vn 0.1744 0.0943 0.9802
vn 0.4114 -0.3097 0.8572
vn 0.2284 0.0909 0.9693
vn 0.5150 -0.2436 0.8218
vn 0.2116 0.0607 0.9755
vn -0.0248 0.2905 0.9565
vn -0.4548 0.3705 0.8098
vn -0.4779 -0.0633 -0.8762
vn -0.4895 -0.0985 -0.8664
vn -0.2038 0.1640 -0.9652
vn 0.2488 -0.0985 -0.9635
vn 0.0398 -0.5561 -0.8301
vn -0.0527 0.1640 -0.9850
vn -0.0528 0.1640 -0.9850
vn 0.2256 -0.2869 -0.9310
vn -0.4972 -0.1345 -0.8571
vn 0.8238 0.4178 0.3831
vn 0.7734 0.5197 0.3629
vn 0.2320 -0.2200 -0.9475
vn -0.5013 -0.1712 -0.8482
vn 0.1050 -0.5215 -0.8467
vn -0.4984 -0.2452 -0.8315
vn -0.4983 -0.2452 -0.8316
vn 0.2412 -0.3530 -0.9040
vn 0.1344 -0.4996 -0.8558
vn -0.4913 -0.2817 -0.8242
vn 0.2531 -0.3178 -0.9138
vn 0.2616 -0.2817 -0.9231
vn 0.2663 -0.2451 -0.9322
vn -0.4494 -0.3865 -0.8054
vn 0.2675 -0.2083 -0.9408
vn 0.2674 -0.2082 -0.9408
vn -0.6129 -0.2900 -0.7350
vn 0.0771 0.0718 -0.9944
vn 0.8416 0.3626 0.4002
vn 0.6784 -0.4305 0.5953
vn 0.7073 -0.3949 0.5863
vn -0.7280 0.2802 0.6258
vn 0.7743 -0.3069 0.5534
vn 0.7955 -0.2673 0.5439
vn 0.8433 -0.1645 0.5117
vn -0.6997 -0.1222 0.7039
vn 0.8811 -0.0147 0.4726
vn -0.6797 -0.1632 0.7151
vn 0.8852 0.0312 0.4641
vn 0.8892 0.1424 0.4347
vn 0.8838 0.1884 0.4283
vn -0.5335 -0.3970 0.7468
vn 0.8624 0.2936 0.4125
vn -0.4996 -0.4285 0.7528
vn -0.3749 -0.5304 0.7603
vn -0.1023 0.9113 0.3987
vn -0.2767 -0.5903 0.7583
vn -0.3919 0.8206 -0.4160
vn -0.2332 -0.6072 0.7596
vn -0.2702 0.8682 0.4162
vn -0.1257 -0.6474 0.7517
vn 0.7472 0.5582 0.3606
vn 0.6788 0.6425 0.3556
vn -0.3185 0.8298 0.4583
vn -0.0798 -0.6557 0.7508
vn 0.6279 0.6946 0.3510
vn -0.4118 0.7929 0.4492
vn 0.0303 -0.6711 0.7407
vn 0.5850 0.7361 0.3404
vn -0.4473 0.7448 0.4952
vn 0.0910 -0.6669 0.7396
vn 0.4939 0.8012 0.3379
vn -0.5322 0.6911 0.4890
vn 0.1440 -0.9876 -0.0632
vn 0.1599 -0.6801 0.7155
vn 0.4400 0.8284 0.3467
vn -0.5560 0.6363 0.5347
vn 0.2606 -0.6629 0.7019
vn 0.2500 0.8235 -0.5092
vn 0.3785 0.8656 0.3278
vn -0.6159 0.5707 0.5431
vn 0.3235 -0.6241 0.7112
vn 0.2799 0.8999 0.3344
vn -0.6596 0.4924 0.5679
vn 0.4154 -0.6198 0.6658
vn 0.2183 0.9026 0.3711
vn 0.1178 0.9269 0.3563
vn 0.4642 -0.5677 0.6799
vn 0.5626 -0.5401 0.6259
vn -0.6846 0.4488 0.5743
vn 0.5951 -0.5035 0.6264
vn -0.2884 -0.5857 -0.7575
vn -0.4331 -0.4661 -0.7714
vn 0.1974 0.0026 -0.9803
vn -0.4592 -0.4336 -0.7753
vn 0.4954 -0.2082 -0.8433
vn -0.4815 -0.3987 -0.7806
vn -0.4942 -0.0072 -0.8693
vn -0.4500 0.0605 -0.8910
vn -0.3254 0.1634 -0.9314
vn -0.2886 0.1814 -0.9401
vn -0.6972 0.5733 -0.4304
vn -0.2877 0.1792 -0.9408
vn -0.2357 0.8338 -0.4992
vn -0.3468 0.8460 -0.4051
vn 0.0353 0.1809 -0.9829
vn 0.0724 0.1619 -0.9841
vn 0.5427 0.6301 -0.5553
vn 0.4695 0.7365 -0.4869
vn 0.2627 -0.3984 -0.8788
vn 0.1550 -0.5472 -0.8226
vn 0.1362 0.1443 -0.9801
vn -0.1696 0.2150 -0.9618
vn -0.2363 0.8726 -0.4275
vn -0.2336 0.2158 -0.9481
vn -0.3509 0.1672 -0.9213
vn 0.3640 0.9238 -0.1184
vn 0.5321 0.8201 -0.2105
vn 0.5919 0.7263 -0.3495
vn 0.6862 0.6993 -0.2002
vn 0.8137 0.5515 -0.1837
vn 0.8885 0.3470 -0.3003
vn 0.9721 0.2004 -0.1218
vn 0.9965 0.0099 -0.0832
vn 0.9524 -0.2912 -0.0900
vn 0.8458 -0.4488 0.2884
vn 0.8844 -0.3916 0.2539
vn 0.7267 -0.6777 0.1121
vn 0.5806 -0.7985 0.1591
vn 0.3329 -0.8920 0.3057
vn 0.1333 -0.9577 0.2551
vn -0.0606 -0.9578 0.2810
vn -0.2518 -0.9210 0.2972
vn -0.5002 -0.7739 0.3884
vn -0.6716 -0.6791 0.2963
vn -0.7992 -0.5321 0.2794
vn -0.8157 -0.5628 0.1336
vn -0.9193 -0.2593 0.2959
vn -0.9641 0.0258 0.2644
vn -0.9314 0.3065 0.1962
vn -0.8819 0.4678 0.0589
vn -0.7791 0.6268 0.0093
vn -0.6462 0.7622 -0.0398
vn -0.4878 0.8687 -0.0865
vn -0.3105 0.9423 -0.1254
vn -0.0024 0.1709 0.9853
vn -0.0220 0.2396 0.9706
vn -0.0589 0.2010 0.9778
vn 0.0608 0.1767 0.9824
vn 0.0266 0.2556 0.9664
vn 0.0641 -0.2121 -0.9751
vn 0.0165 -0.2648 -0.9642
vn 0.0148 -0.1861 -0.9824
vn -0.0374 -0.2073 -0.9776
vn -0.0910 0.2723 0.9579
vn 0.0923 0.2358 0.9674
vn -0.1059 0.1793 0.9781
vn 0.0168 0.3155 0.9488
vn -0.0540 0.1248 0.9907
vn 0.0247 0.1169 0.9928
vn 0.3081 0.0632 0.9492
vn 0.2803 0.1765 0.9435
vn 0.2178 0.0781 0.9729
vn -0.2445 0.4214 0.8733
vn -0.1387 0.4071 0.9028
vn -0.1454 0.4891 0.8600
vn 0.2498 0.0124 0.9682
vn 0.0049 -0.1031 0.9947
vn -0.0335 -0.0237 0.9992
vn -0.1125 -0.0871 0.9898
vn -0.0430 0.4967 0.8668
vn -0.1087 -0.0000 0.9941
vn 0.1620 -0.0199 0.9866
vn -0.2136 -0.0338 0.9763
vn 0.0509 0.4377 0.8977
vn 0.0718 0.5129 0.8554
vn -0.1806 0.0538 0.9821
vn 0.0581 -0.0182 0.9981
vn 0.1132 -0.1149 0.9869
vn -0.2800 0.0412 0.9591
vn -0.2346 0.1196 0.9647
vn 0.1466 0.4241 0.8937
vn 0.1834 0.4662 0.8655
vn -0.3354 0.1313 0.9329
vn 0.2312 0.3836 0.8941
vn -0.2441 0.1998 0.9489
vn -0.3278 0.2215 0.9184
vn 0.2500 0.2843 0.9256
vn 0.2920 0.3355 0.8956
vn -0.2686 0.2769 0.9226
vn -0.3278 0.3378 0.8823
vn 0.3375 0.2549 0.9062
vn -0.2227 0.3621 0.9051
vn -0.1384 0.3041 0.9425
vn -0.0386 0.3613 0.9316
vn -0.0491 0.4225 0.9050
vn -0.0025 0.0578 0.9983
vn 0.1924 0.1390 0.9714
vn 0.1250 0.1444 0.9816
vn 0.1062 0.0682 0.9920
vn -0.1103 0.0932 0.9895
vn 0.0852 0.3364 0.9378
vn 0.1330 0.3698 0.9195
vn -0.1644 0.1896 0.9680
vn 0.1932 0.2740 0.9421
vn 0.1526 0.2354 0.9598
vn -0.1987 0.2992 0.9333
vn -0.3806 0.3913 0.8379
vn -0.3182 0.4500 0.8344
vn 0.4150 0.2501 0.8748
vn 0.3896 0.1667 0.9058
vn -0.4040 0.2798 0.8709
vn 0.3652 0.3444 0.8649
vn -0.3896 0.0723 0.9181
vn -0.4092 0.1825 0.8940
vn -0.0510 0.3427 0.9381
vn 0.0578 -0.1838 0.9813
vn -0.3222 -0.0760 0.9436
vn -0.2517 -0.0950 0.9631
vn -0.3363 -0.0107 0.9417
vn 0.2035 -0.1227 0.9714
vn 0.3570 -0.0065 0.9341
vn 0.2750 -0.0695 0.9589
vn 0.3756 0.0982 0.9216
vn -0.2562 0.5066 0.8232
vn 0.3241 0.4289 0.8432
vn 0.2657 0.4913 0.8295
vn 0.1956 0.5410 0.8180
vn -0.0263 -0.1844 0.9825
vn 0.1308 0.5708 0.8106
vn 0.0477 0.5910 0.8053
vn -0.0351 0.5868 0.8090
vn -0.1807 -0.1470 0.9725
vn -0.1007 -0.1745 0.9795
vn -0.1177 0.5779 0.8076
vn -0.1950 0.5498 0.8122
vn -0.6352 0.5767 -0.5138
vn -0.8770 0.2159 -0.4292
vn -0.7503 0.5413 -0.3796
vn -0.8572 0.3820 -0.3454
vn -0.3270 -0.1768 -0.9283
vn -0.2683 0.0600 -0.9615
vn -0.2400 0.0849 -0.9670
vn -0.8913 0.3081 -0.3328
vn -0.8934 0.3067 -0.3282
vn 0.0815 -0.5775 -0.8123
vn 0.0441 -0.5828 -0.8114
vn -0.9256 0.2193 -0.3083
vn -0.9256 0.2193 -0.3085
vn 0.1909 0.1265 -0.9734
vn 0.1563 0.1425 -0.9774
vn -0.9485 0.1309 -0.2884
vn -0.9484 0.1310 -0.2886
vn -0.2093 0.1072 -0.9720
vn -0.9627 0.0392 -0.2678
vn -0.9626 0.0394 -0.2680
vn 0.0061 -0.5846 -0.8113
vn 0.0061 -0.5847 -0.8113
vn -0.9676 -0.0534 -0.2468
vn -0.9675 -0.0533 -0.2470
vn 0.2239 0.1072 -0.9687
vn -0.9632 -0.1460 -0.2258
vn -0.9631 -0.1459 -0.2260
vn -0.1762 0.1265 -0.9762
vn -0.9495 -0.2378 -0.2049
vn -0.9494 -0.2377 -0.2050
vn -0.0319 -0.5829 -0.8119
vn -0.9266 -0.3278 -0.1842
vn -0.9266 -0.3278 -0.1843
vn 0.3196 -0.5087 -0.7994
vn 0.2890 -0.5387 -0.7913
vn 0.2571 -0.5093 -0.8213
vn 0.3163 -0.4462 -0.8372
vn -0.8948 -0.4153 -0.1639
vn -0.1416 0.1425 -0.9796
vn 0.0849 -0.9961 -0.0245
vn 0.0001 -0.9998 -0.0220
vn -0.1969 -0.9745 -0.1076
vn -0.8543 -0.4993 -0.1442
vn -0.0693 -0.5775 -0.8134
vn -0.8773 -0.4134 -0.2439
vn -0.8057 -0.5789 -0.1254
vn 0.2789 -0.9597 -0.0335
vn 0.2820 -0.9590 -0.0294
vn 0.2000 -0.9795 -0.0259
vn -0.7530 -0.6475 -0.1176
vn -0.1057 0.1550 -0.9822
vn 0.3717 -0.9276 -0.0359
vn 0.3717 -0.9277 -0.0359
vn -0.1060 -0.5685 -0.8158
vn -0.8248 -0.4916 -0.2794
vn -0.6786 -0.7286 -0.0930
vn 0.4579 -0.8879 -0.0444
vn 0.0448 0.1129 -0.9926
vn 0.2827 0.0600 -0.9573
vn 0.3082 0.0324 -0.9508
vn -0.6169 -0.7828 -0.0815
vn -0.6152 -0.7846 -0.0764
vn 0.5397 -0.8401 -0.0549
vn 0.5431 -0.8382 -0.0507
vn -0.5388 -0.8400 -0.0630
vn -0.5370 -0.8416 -0.0584
vn 0.6096 -0.7903 -0.0625
vn 0.7876 -0.5678 -0.2392
vn -0.1416 -0.5561 -0.8189
vn -0.4677 -0.8823 -0.0525
vn 0.4697 -0.8650 -0.1768
vn -0.3547 -0.9344 -0.0337
vn -0.2100 -0.9718 -0.1073
vn 0.3307 0.0026 -0.9437
vn -0.2861 -0.9577 -0.0303
vn -0.2873 -0.9572 -0.0340
vn -0.1758 -0.5404 -0.8228
vn 0.4782 -0.8106 -0.3381
vn 0.8137 -0.5664 -0.1310
vn 0.8465 -0.4564 -0.2741
vn -0.1893 -0.9815 -0.0277
vn 0.3503 -0.0294 -0.9362
vn 0.3502 -0.0294 -0.9362
vn 0.8432 -0.5162 -0.1500
vn -0.2083 -0.5215 -0.8274
vn -0.0018 -0.5556 -0.8314
vn 0.7023 -0.6743 -0.2284
vn 0.8999 -0.4076 -0.1552
vn 0.3665 -0.0633 -0.9282
vn 0.3665 -0.0633 -0.9283
vn 0.9272 -0.3315 -0.1741
vn 0.9293 -0.3278 -0.1703
vn 0.9524 -0.2378 -0.1907
vn 0.9525 -0.2377 -0.1906
vn -0.8247 0.3249 -0.4629
vn -0.4122 0.7261 -0.5504
vn -0.5986 0.6759 -0.4300
vn -0.5465 0.7157 -0.4349
vn -0.1602 0.7045 -0.6914
vn -0.4444 0.7789 -0.4425
vn -0.3671 0.8181 -0.4426
vn -0.1683 0.8345 -0.5247
vn -0.4552 0.7407 -0.4942
vn -0.2776 0.8492 -0.4492
vn -0.1948 0.8740 -0.4453
vn -0.3712 0.7483 -0.5498
vn -0.0824 0.8876 -0.4532
vn -0.0179 0.9084 -0.4177
vn 0.0233 0.8697 -0.4930
vn 0.0173 0.9046 -0.4259
vn 0.0869 0.8862 -0.4550
vn -0.0534 0.8233 -0.5651
vn 0.3830 0.7458 -0.5451
vn 0.2754 0.8502 -0.4487
vn 0.8040 0.4787 -0.3526
vn 0.7030 0.5075 -0.4983
vn 0.9007 0.1637 -0.4023
vn 0.9011 0.2984 -0.3146
vn 0.9303 0.2237 -0.2908
vn 0.9302 0.2193 -0.2945
vn 0.9527 0.1310 -0.2742
vn 0.9527 0.1309 -0.2743
vn 0.9666 0.0393 -0.2533
vn 0.9666 0.0392 -0.2534
vn 0.9712 -0.0532 -0.2323
vn 0.9711 -0.0534 -0.2324
vn 0.9665 -0.1459 -0.2113
vn 0.9664 -0.1461 -0.2115
vn -0.2939 0.0324 -0.9553
vn -0.3165 0.0026 -0.9486
vn -0.0951 -0.9952 -0.0238
vn 0.1183 -0.5685 -0.8141
vn 0.1183 -0.5686 -0.8141
vn 0.1205 0.1550 -0.9805
vn 0.0597 0.2130 0.9752
vn 0.0893 0.1661 0.9821
vn -0.1151 0.1884 0.9753
vn -0.0748 0.2204 0.9725
vn 0.0601 0.2215 0.9733
vn -0.0629 0.1848 0.9808
vn 0.0608 0.2343 0.9703
vn -0.0533 0.1736 0.9834
vn 0.0548 0.2462 0.9677
vn -0.0423 0.1664 0.9851
vn 0.0882 0.2796 0.9561
vn -0.0208 0.2894 0.9570
vn 0.0119 0.3323 0.9431
vn -0.0299 0.1610 0.9865
vn 0.0363 0.2717 0.9617
vn -0.0166 0.1579 0.9873
vn -0.0441 0.2814 0.9586
vn 0.0267 0.2819 0.9591
vn -0.0024 0.1577 0.9875
vn -0.0530 0.2717 0.9609
vn 0.0157 0.2863 0.9580
vn 0.0106 0.1612 0.9869
vn -0.0612 0.2577 0.9643
vn 0.0223 0.1662 0.9858
vn -0.0672 0.2602 0.9632
vn 0.0334 0.1730 0.9844
vn -0.0749 0.2374 0.9685
vn 0.0430 0.1804 0.9827
vn -0.0723 0.2258 0.9715
vn -0.0135 0.5139 0.8577
vn -0.0281 0.5807 0.8137
vn -0.0902 0.5645 0.8205
vn -0.1163 0.6169 0.7784
vn -0.1598 0.5332 0.8308
vn -0.1733 0.5436 0.8212
vn -0.2190 0.4962 0.8401
vn -0.2375 0.5058 0.8293
vn -0.2719 0.4497 0.8508
vn -0.2929 0.4560 0.8404
vn -0.3148 0.3944 0.8634
vn -0.3366 0.3963 0.8542
vn -0.3469 0.3326 0.8769
vn -0.3691 0.3303 0.8687
vn -0.3639 0.2655 0.8928
vn -0.3867 0.2590 0.8851
vn -0.3690 0.1963 0.9085
vn -0.3903 0.1855 0.9018
vn -0.3431 0.1292 0.9304
vn -0.3165 0.1357 0.9388
vn -0.5154 -0.0334 0.8563
vn -0.2717 0.0695 0.9599
vn -0.3349 0.0123 0.9422
vn -0.2789 -0.0246 0.9600
vn -0.2894 -0.0461 0.9561
vn -0.2267 -0.0716 0.9713
vn -0.2329 -0.0945 0.9679
vn -0.1663 -0.1079 0.9801
vn -0.1680 -0.1314 0.9770
vn -0.0997 -0.1320 0.9862
vn -0.0971 -0.1552 0.9831
vn -0.0296 -0.1435 0.9892
vn -0.0227 -0.1661 0.9859
vn 0.0413 -0.1400 0.9893
vn 0.0520 -0.1607 0.9856
vn 0.1107 -0.1249 0.9860
vn 0.1247 -0.1423 0.9819
vn 0.1756 -0.0961 0.9798
vn 0.1923 -0.1105 0.9751
vn 0.2335 -0.0556 0.9708
vn 0.2521 -0.0662 0.9654
vn 0.2692 0.0119 0.9630
vn 0.2393 0.0383 0.9702
vn 0.5049 -0.0678 0.8605
vn 0.2760 0.1089 0.9550
vn 0.3602 0.0850 0.9290
vn 0.3510 0.1531 0.9238
vn 0.3720 0.1559 0.9150
vn 0.3564 0.2224 0.9075
vn 0.3745 0.2290 0.8985
vn 0.3463 0.2913 0.8917
vn 0.3622 0.3010 0.8821
vn 0.3051 0.3549 0.8837
vn 0.2683 0.3425 0.9004
vn 0.4579 0.5026 0.7333
vn 0.2251 0.4082 0.8847
vn 0.2749 0.4602 0.8442
vn 0.2136 0.4914 0.8444
vn 0.2192 0.5094 0.8322
vn 0.1531 0.5276 0.8356
vn 0.1549 0.5464 0.8231
vn 0.0767 0.5357 0.8409
vn 0.0657 0.5019 0.8624
vn 0.0369 0.7367 0.6752
vn 0.0991 -0.2616 -0.9601
vn -0.0550 -0.2946 -0.9540
vn -0.0964 -0.2222 -0.9702
vn 0.0902 -0.1547 -0.9838
vn 0.0106 -0.1191 -0.9928
vn 0.0255 -0.3167 -0.9482
vn -0.0622 -0.1428 -0.9878
vn -0.3053 -0.1318 -0.9431
vn -0.2223 -0.0816 -0.9716
vn -0.2600 -0.1854 -0.9476
vn 0.2205 -0.4421 -0.8694
vn 0.1157 -0.4233 -0.8986
vn 0.2142 -0.3747 -0.9021
vn -0.2520 -0.0231 -0.9674
vn 0.1150 -0.5022 -0.8571
vn -0.0047 0.1021 -0.9948
vn 0.1145 0.0901 -0.9893
vn 0.0453 0.0172 -0.9988
vn 0.1225 0.0225 -0.9922
vn -0.1631 0.0235 -0.9863
vn 0.0324 -0.4493 -0.8928
vn -0.0098 -0.5214 -0.8533
vn 0.2048 0.0101 -0.9788
vn -0.0538 -0.4389 -0.8969
vn -0.1136 0.1152 -0.9868
vn -0.0552 0.0156 -0.9984
vn -0.1293 -0.4923 -0.8608
vn 0.2782 -0.0427 -0.9596
vn 0.2298 -0.1187 -0.9660
vn -0.1722 -0.4045 -0.8982
vn -0.2324 -0.4208 -0.8769
vn 0.3343 -0.1100 -0.9360
vn 0.3255 -0.2241 -0.9186
vn 0.2458 -0.1921 -0.9501
vn -0.3121 -0.3534 -0.8819
vn -0.2441 -0.3024 -0.9214
vn 0.2397 -0.2796 -0.9297
vn -0.3101 -0.2517 -0.9168
vn 0.3002 -0.3420 -0.8905
vn 0.0296 -0.3666 -0.9299
vn 0.1385 -0.3340 -0.9323
vn -0.1617 -0.1390 -0.9770
vn -0.1311 -0.0491 -0.9901
vn -0.0811 -0.0874 -0.9929
vn 0.1399 -0.0523 -0.9888
vn 0.0229 -0.0611 -0.9979
vn 0.1315 -0.1164 -0.9845
vn -0.0832 -0.3377 -0.9376
vn -0.1160 -0.3830 -0.9164
vn 0.1635 -0.2236 -0.9609
vn -0.1796 -0.3129 -0.9326
vn -0.1467 -0.2420 -0.9591
vn -0.2078 -0.2154 -0.9542
vn 0.3667 -0.4297 -0.8252
vn 0.3743 -0.3466 -0.8601
vn -0.3935 -0.3362 -0.8557
vn -0.3860 -0.2875 -0.8765
vn -0.3319 -0.4244 -0.8425
vn 0.4127 -0.0790 -0.9074
vn 0.4030 -0.1726 -0.8988
vn 0.3548 -0.0027 -0.9349
vn -0.1252 0.1873 -0.9743
vn -0.0572 0.1833 -0.9814
vn -0.2026 0.1235 -0.9714
vn -0.3929 -0.1354 -0.9096
vn -0.3606 -0.0532 -0.9312
vn -0.3884 -0.2089 -0.8975
vn 0.4018 -0.2639 -0.8769
vn -0.2598 -0.4943 -0.8296
vn -0.2012 -0.5373 -0.8190
vn 0.0292 0.1845 -0.9824
vn -0.1245 -0.5724 -0.8105
vn 0.3020 0.0585 -0.9515
vn -0.0536 -0.5895 -0.8060
vn 0.2412 0.1073 -0.9645
vn 0.0388 -0.5892 -0.8070
vn 0.1802 0.1458 -0.9728
vn -0.2724 0.0743 -0.9593
vn 0.1003 0.1746 -0.9795
vn 0.1181 -0.5803 -0.8058
vn -0.3272 0.0141 -0.9448
vn 0.1940 -0.5473 -0.8141
vn -0.4207 -0.0749 -0.9041
vn -0.4091 -0.0352 -0.9118
vn 0.2522 -0.5623 -0.7876
vn -0.3870 0.0038 -0.9221
vn 0.2162 -0.5858 -0.7810
vn 0.0042 0.2319 -0.9727
vn 0.0544 0.2292 -0.9719
vn -0.3676 0.0410 -0.9291
vn 0.1754 -0.6020 -0.7790
vn 0.0915 0.2243 -0.9702
vn -0.3384 0.0748 -0.9380
vn 0.1355 -0.6183 -0.7742
vn 0.1395 0.2121 -0.9672
vn -0.3120 0.1076 -0.9440
vn 0.0906 -0.6251 -0.7752
vn 0.1751 0.2003 -0.9640
vn -0.2744 0.1342 -0.9522
vn 0.0503 -0.6324 -0.7730
vn 0.2197 0.1790 -0.9590
vn -0.2427 0.1594 -0.9569
vn 0.0034 -0.6307 -0.7760
vn 0.2529 0.1605 -0.9541
vn -0.1890 0.1756 -0.9661
vn -0.0346 -0.6311 -0.7749
vn 0.2922 0.1310 -0.9473
vn -0.0911 -0.0161 -0.9957
vn -0.0833 -0.6239 -0.7771
vn 0.3207 0.1068 -0.9411
vn -0.1193 -0.6152 -0.7793
vn 0.3531 0.0706 -0.9329
vn -0.0713 0.2281 -0.9710
vn -0.1658 -0.5989 -0.7834
vn 0.3763 0.0414 -0.9256
vn -0.0335 0.2298 -0.9727
vn -0.1992 -0.5836 -0.7873
vn 0.3998 -0.0030 -0.9166
vn -0.2418 -0.5588 -0.7933
vn 0.4149 -0.0289 -0.9094
vn -0.2712 -0.5374 -0.7985
vn 0.4519 -0.0700 -0.8893
vn -0.3081 -0.5035 -0.8072
vn 0.4474 -0.1217 -0.8860
vn -0.3296 -0.4794 -0.8133
vn 0.4509 -0.1594 -0.8782
vn -0.3685 -0.4458 -0.8158
vn 0.4475 -0.2051 -0.8704
vn -0.3785 -0.3918 -0.8386
vn 0.4485 -0.2425 -0.8603
vn -0.2106 -0.3198 -0.9238
vn 0.4372 -0.2911 -0.8510
vn 0.4271 -0.3234 -0.8444
vn -0.4349 -0.2768 -0.8569
vn 0.4103 -0.3731 -0.8322
vn -0.4357 -0.2435 -0.8665
vn 0.2370 -0.3250 -0.9155
vn -0.4335 -0.2004 -0.8786
vn -0.4331 -0.1669 -0.8857
vn 0.3431 -0.4879 -0.8027
vn -0.4382 -0.1151 -0.8915
vn -0.1161 0.0857 0.9895
vn -0.0891 0.0646 0.9939
vn -0.3142 -0.3049 0.8991
vn 0.0320 0.1096 0.9935
vn 0.0929 0.0840 0.9921
vn 0.2833 -0.3197 0.9042
vn -0.1676 0.2608 0.9507
vn -0.1734 0.2293 0.9578
vn -0.5975 0.1450 0.7887
vn -0.5925 0.2581 0.7631
vn 0.1143 0.1160 0.9866
vn 0.2510 0.2983 0.9209
vn 0.5247 -0.0748 0.8480
vn 0.4748 -0.1584 0.8657
vn -0.1748 0.1970 0.9647
vn -0.5778 0.0398 0.8152
vn 0.1623 0.1908 0.9681
vn 0.5563 0.0396 0.8301
vn -0.1951 0.1494 0.9693
vn -0.5500 -0.0418 0.8341
vn 0.1913 0.2052 0.9598
vn 0.5801 0.1320 0.8038
vn -0.1554 0.1541 0.9758
vn -0.5112 -0.1201 0.8510
vn 0.1542 0.2141 0.9646
vn 0.5839 0.2138 0.7832
vn -0.1512 0.1106 0.9823
vn -0.4513 -0.1767 0.8747
vn 0.1882 0.2543 0.9486
vn 0.5708 0.2970 0.7655
vn -0.4029 -0.2392 0.8835
vn 0.1486 0.2603 0.9540
vn 0.5496 0.3822 0.7429
vn 0.1365 0.2895 0.9474
vn 0.4825 0.4854 0.7291
vn -0.0055 0.4454 0.8953
vn -0.0283 0.3766 0.9259
vn -0.0455 0.7504 0.6594
vn 0.1317 0.0911 0.9871
vn 0.3904 -0.2530 0.8852
vn 0.0912 0.2917 0.9521
vn 0.4012 0.5962 0.6954
vn 0.0975 0.3530 0.9305
vn -0.0633 0.0680 0.9957
vn -0.1404 -0.3855 0.9120
vn -0.2342 -0.3962 0.8878
vn 0.3000 0.6674 0.6815
vn -0.0638 0.3805 0.9226
vn -0.0441 0.3321 0.9422
vn -0.3840 0.7634 0.5194
vn -0.1452 0.7281 0.6699
vn 0.0709 0.3730 0.9251
vn -0.0351 0.0578 0.9977
vn -0.0181 -0.3753 0.9267
vn 0.1989 0.7248 0.6596
vn -0.0717 0.3306 0.9410
vn -0.4994 0.6794 0.5375
vn 0.0059 0.0424 0.9991
vn 0.0443 0.3988 0.9160
vn 0.0317 0.3738 0.9269
vn 0.0779 0.7506 0.6562
vn -0.0910 0.3158 0.9444
vn -0.5636 0.5694 0.5984
vn 0.0101 0.0983 0.9951
vn 0.2484 -0.5284 0.8118
vn -0.0026 0.4327 0.9015
vn 0.0069 0.7593 0.6507
vn -0.1197 0.3055 0.9446
vn -0.5361 0.4595 0.7081
vn -0.1564 0.2904 0.9440
vn -0.5654 0.3676 0.7384
vn -0.3525 -0.0633 -0.9337
vn -0.3653 -0.0985 -0.9257
vn -0.3654 -0.0984 -0.9256
vn -0.2501 -0.0019 -0.9682
vn -0.0688 0.1640 -0.9841
vn -0.0311 0.1695 -0.9850
vn -0.2387 -0.4996 -0.8327
vn -0.2667 -0.4749 -0.8387
vn 0.3881 -0.1345 -0.9117
vn 0.3792 -0.0985 -0.9200
vn 0.3792 -0.0985 -0.9201
vn 0.3880 -0.1345 -0.9118
vn -0.3361 -0.0294 -0.9414
vn 0.1539 -0.5562 -0.8167
vn 0.0074 0.1713 -0.9852
vn 0.0835 0.1640 -0.9829
vn 0.3048 -0.4476 -0.8407
vn 0.2793 -0.4749 -0.8346
vn -0.3743 -0.1345 -0.9175
vn -0.3744 -0.1345 -0.9175
vn 0.7508 0.4460 0.4872
vn 0.7200 0.4984 0.4829
vn 0.1881 -0.5404 -0.8201
vn 0.3274 -0.4181 -0.8474
vn 0.0459 0.1695 -0.9845
vn -0.3796 -0.1712 -0.9092
vn -0.3811 -0.2083 -0.9008
vn -0.3797 -0.1712 -0.9091
vn 0.2207 -0.5215 -0.8242
vn 0.3470 -0.3865 -0.8545
vn -0.3790 -0.2452 -0.8923
vn -0.3789 -0.2452 -0.8924
vn 0.3635 -0.3530 -0.8621
vn 0.2511 -0.4996 -0.8291
vn -0.3731 -0.2818 -0.8840
vn -0.3731 -0.2817 -0.8840
vn 0.3766 -0.3178 -0.8701
vn 0.3766 -0.3178 -0.8702
vn -0.3635 -0.3178 -0.8757
vn 0.3863 -0.2818 -0.8783
vn 0.3862 -0.2817 -0.8783
vn -0.3505 -0.3530 -0.8675
vn -0.3504 -0.3530 -0.8675
vn 0.3923 -0.2452 -0.8865
vn 0.3922 -0.2452 -0.8866
vn -0.3341 -0.3865 -0.8597
vn 0.3947 -0.2083 -0.8949
vn 0.3946 -0.2082 -0.8950
vn -0.3147 -0.4181 -0.8522
vn -0.3146 -0.4181 -0.8522
vn 0.3933 -0.1712 -0.9033
vn 0.3932 -0.1712 -0.9034
vn -0.2921 -0.4476 -0.8452
vn 0.7883 0.3433 0.5106
vn 0.5899 -0.4305 0.6831
vn 0.6198 -0.3949 0.6782
vn -0.8074 0.2993 0.5084
vn -0.8265 0.1877 0.5307
vn 0.6906 -0.3069 0.6549
vn -0.8270 0.1431 0.5437
vn 0.7129 -0.2672 0.6484
vn -0.8232 0.0305 0.5669
vn 0.7646 -0.1645 0.6231
vn -0.8142 -0.0140 0.5805
vn 0.7789 -0.1209 0.6154
vn -0.7864 -0.1126 0.6074
vn 0.8007 -0.0179 0.5987
vn -0.7604 -0.1791 0.6243
vn 0.8106 0.0528 0.5832
vn -0.7384 -0.2370 0.6313
vn 0.8185 0.1097 0.5639
vn -0.6799 -0.3245 0.6576
vn 0.8100 0.2162 0.5451
vn -0.6354 -0.3806 0.6719
vn 0.7981 0.2867 0.5300
vn -0.5986 -0.4285 0.6768
vn -0.5147 -0.5058 0.6922
vn -0.0017 0.9117 0.4108
vn -0.0972 0.9337 0.3447
vn -0.4762 -0.5304 0.7013
vn -0.1564 0.9113 0.3808
vn -0.3817 -0.5805 0.7192
vn -0.3307 0.8206 -0.4661
vn -0.2284 0.9029 0.3641
vn -0.3153 -0.6095 0.7274
vn -0.3250 0.8682 0.3750
vn -0.2604 -0.6351 0.7272
vn 0.6950 0.5605 0.4503
vn 0.7698 0.5034 -0.3924
vn 0.6327 0.6424 0.4325
vn -0.3786 0.8298 0.4100
vn -0.1448 -0.6715 0.7267
vn 0.5758 0.6813 0.4520
vn -0.4697 0.7929 0.3882
vn -0.1122 -0.6869 0.7181
vn 0.5113 0.7614 0.3984
vn -0.5113 0.7448 0.4287
vn 0.0128 -0.6508 0.7591
vn 0.4689 0.7844 0.4060
vn -0.5945 0.6911 0.4109
vn 0.1309 -0.9755 -0.1766
vn 0.0598 -0.6801 0.7306
vn 0.3711 0.8434 0.3885
vn -0.6244 0.6363 0.4530
vn 0.1614 -0.6629 0.7311
vn 0.3282 0.8617 0.3870
vn -0.6849 0.5707 0.4531
vn 0.2224 -0.6241 0.7490
vn 0.2204 0.9008 0.3741
vn -0.7316 0.4924 0.4716
vn 0.3196 -0.6198 0.7167
vn 0.1748 0.9105 0.3747
vn 0.0670 0.9240 0.3765
vn 0.3661 -0.5677 0.7374
vn -0.0030 0.9263 0.3767
vn 0.4710 -0.5401 0.6975
vn -0.7573 0.4488 0.4745
vn 0.5030 -0.5035 0.7025
vn -0.7980 0.3430 0.4956
vn -0.2301 -0.5479 -0.8042
vn 0.2546 0.0849 -0.9633
vn -0.2640 -0.5241 -0.8097
vn -0.2951 -0.4967 -0.8162
vn 0.1525 0.1938 -0.9691
vn 0.6073 0.6080 -0.5113
vn 0.2082 0.1635 -0.9643
vn 0.2110 0.7978 -0.5648
vn 0.2644 0.1356 -0.9548
vn 0.6988 0.5122 -0.4993
vn 0.7864 0.4080 -0.4638
vn 0.4594 0.7007 -0.5459
vn 0.3357 0.0595 -0.9401
vn 0.8431 0.3497 -0.4087
vn 0.3350 -0.4660 -0.8189
vn 0.3074 -0.4966 -0.8117
vn 0.1296 -0.6000 -0.7894
vn 0.0890 -0.6104 -0.7871
vn 0.0709 -0.6262 -0.7764
vn 0.0072 0.2200 -0.9755
vn 0.0932 0.9940 -0.0577
vn 0.3770 0.9238 -0.0671
vn 0.5561 0.8201 -0.1347
vn 0.7073 0.6993 -0.1037
vn 0.8312 0.5517 -0.0695
vn 0.9233 0.3828 -0.0308
vn 0.9846 0.1270 0.1204
vn 0.9558 -0.2910 0.0422
vn 0.7980 -0.4487 0.4022
vn 0.8410 -0.3917 0.3732
vn 0.6277 -0.7138 0.3106
vn 0.4692 -0.8474 0.2485
vn 0.2887 -0.9204 0.2639
vn 0.0969 -0.9577 0.2711
vn -0.1923 -0.9163 0.3512
vn -0.3824 -0.8891 0.2515
vn -0.5547 -0.7997 0.2299
vn -0.7060 -0.6790 0.2012
vn -0.8301 -0.5321 0.1667
vn -0.9514 -0.2594 0.1657
vn -0.9939 -0.0864 0.0682
vn -0.9944 0.1035 0.0200
vn -0.9564 0.2911 -0.0213
vn -0.8816 0.4677 -0.0634
vn -0.7729 0.6268 -0.0986
vn -0.6345 0.7622 -0.1284
vn -0.4714 0.8686 -0.1529
vn -0.1962 0.9770 -0.0840
vn -0.9618 0.2038 0.1828
vn -0.9678 0.2282 0.1063
vn -0.9789 0.1748 0.1060
vn -0.9533 0.2692 0.1371
vn 0.9599 -0.2589 -0.1073
vn 0.9516 -0.2519 -0.1761
vn 0.9723 -0.2048 -0.1124
vn 0.9715 -0.1731 -0.1620
vn -0.9676 0.2519 0.0167
vn -0.9506 0.3066 0.0494
vn -0.9263 0.2866 0.2447
vn -0.9458 0.2167 0.2419
vn -0.9842 0.1767 0.0143
vn -0.9358 0.3161 0.1559
vn -0.9869 0.1239 0.1028
vn -0.9707 0.1335 0.1999
vn -0.8875 0.1257 0.4434
vn -0.9020 0.1767 0.3939
vn -0.9278 0.0793 0.3645
vn -0.9173 0.0205 0.3976
vn -0.8933 0.4404 -0.0903
vn -0.9047 0.4253 -0.0267
vn -0.8642 0.5029 0.0133
vn -0.8814 0.4665 0.0735
vn -0.9824 -0.1031 0.1555
vn -0.9926 -0.0244 0.1188
vn -0.9954 -0.0871 0.0387
vn -0.9992 0.0005 0.0407
vn -0.9507 -0.0196 0.3093
vn -0.8418 0.5213 0.1403
vn -0.9977 -0.0410 -0.0546
vn -0.8779 0.4413 0.1858
vn -0.9966 0.0226 -0.0793
vn -0.9779 -0.0170 0.2082
vn -0.9584 -0.1149 0.2613
vn -0.8315 0.4944 0.2532
vn -0.8613 0.4127 0.2964
vn -0.8077 0.4644 0.3631
vn -0.8217 0.4014 0.4047
vn -0.8809 0.3374 0.3319
vn -0.9736 0.1667 -0.1562
vn -0.9615 0.2443 -0.1261
vn -0.9458 0.2493 -0.2082
vn -0.8638 0.2873 0.4139
vn -0.9256 0.3426 -0.1607
vn -0.9341 0.3451 -0.0916
vn -0.8529 0.2065 0.4796
vn -0.9295 0.3687 -0.0008
vn -0.9233 0.3674 0.1123
vn -0.9032 0.4182 0.0967
vn -0.9879 0.0595 0.1432
vn -0.9947 0.0920 0.0458
vn -0.9971 0.0733 -0.0183
vn -0.9650 0.0673 0.2533
vn -0.9028 0.3643 0.2283
vn -0.9859 0.1552 -0.0621
vn -0.9631 0.2612 -0.0642
vn -0.9036 0.2558 0.3435
vn -0.9280 0.2028 0.3126
vn -0.9736 0.2283 0.0087
vn -0.8464 0.1112 0.5208
vn -0.8129 0.2621 0.5200
vn -0.9066 0.3155 -0.2802
vn -0.8994 0.3727 -0.2285
vn -0.9399 0.2097 -0.2694
vn -0.7717 0.4394 0.4597
vn -0.8026 0.3430 0.4880
vn -0.9912 0.1212 0.0526
vn -0.9266 0.2672 0.2647
vn -0.9784 0.0228 -0.2056
vn -0.9600 0.1252 -0.2503
vn -0.7762 0.5391 0.3269
vn -0.9350 0.3427 0.0915
vn -0.9612 -0.1838 0.2057
vn -0.9294 -0.1227 0.3482
vn -0.9545 0.2962 0.0354
vn -0.8750 0.0280 0.4833
vn -0.9062 -0.0682 0.4172
vn -0.8735 0.4498 -0.1862
vn -0.8511 0.5088 -0.1298
vn -0.9873 0.0895 -0.1310
vn -0.9752 -0.1844 0.1227
vn -0.7819 0.5729 0.2458
vn -0.9858 -0.0562 -0.1584
vn -0.7882 0.5899 0.1751
vn -0.9893 -0.1104 -0.0952
vn -0.8035 0.5893 0.0837
vn -0.9886 -0.1472 -0.0302
vn -0.9834 -0.1745 0.0488
vn -0.8146 0.5801 0.0051
vn -0.8344 0.5468 -0.0686
vn 0.2391 0.4799 -0.8441
vn 0.2782 0.1633 -0.9465
vn 0.2599 0.5448 -0.7973
vn 0.2702 0.5462 -0.7928
vn 0.9098 0.0600 -0.4108
vn 0.8535 -0.2409 -0.4622
vn 0.8998 0.0325 -0.4351
vn 0.2038 0.3872 -0.8992
vn 0.9195 0.0849 -0.3837
vn 0.1891 0.3067 -0.9328
vn 0.2038 0.0982 -0.9741
vn 0.8153 -0.5775 -0.0424
vn 0.8087 -0.5829 -0.0793
vn 0.8709 -0.4825 0.0936
vn 0.1647 0.2193 -0.9617
vn 0.1648 0.2193 -0.9616
vn 0.9666 0.1020 -0.2350
vn 0.9898 0.1425 0.0065
vn 0.9911 0.1265 0.0413
vn 0.1415 0.1309 -0.9812
vn 0.1416 0.1310 -0.9812
vn 0.8762 -0.1451 -0.4596
vn 0.9291 0.1072 -0.3540
vn 0.1190 0.0393 -0.9921
vn 0.1191 0.0393 -0.9921
vn 0.8028 -0.5847 -0.1168
vn 0.0975 -0.0534 -0.9938
vn 0.0977 -0.0533 -0.9938
vn 0.9914 0.1072 0.0746
vn 0.0774 -0.1460 -0.9863
vn 0.0776 -0.1459 -0.9863
vn 0.9383 0.1265 -0.3220
vn 0.0588 -0.2378 -0.9695
vn 0.0589 -0.2377 -0.9695
vn 0.7977 -0.5829 -0.1544
vn 0.0418 -0.3278 -0.9438
vn 0.0419 -0.3278 -0.9438
vn 0.9908 0.0849 0.1058
vn 0.8381 -0.5098 0.1940
vn 0.8260 -0.5387 0.1659
vn 0.8518 -0.5062 0.1348
vn 0.8689 -0.4438 0.2193
vn 0.0265 -0.4153 -0.9093
vn 0.9469 0.1425 -0.2883
vn 0.0341 -0.9963 0.0792
vn 0.0179 -0.9998 0.0004
vn 0.0256 -0.9996 -0.0068
vn 0.0132 -0.4993 -0.8663
vn 0.7936 -0.5775 -0.1917
vn 0.0510 -0.9780 0.2024
vn 0.1620 -0.9339 0.3187
vn 0.0020 -0.5790 -0.8153
vn 0.0020 -0.5790 -0.8154
vn 0.9891 0.0600 0.1345
vn 0.1099 -0.9920 0.0621
vn 0.0705 -0.9606 0.2688
vn -0.0069 -0.6535 -0.7569
vn -0.0118 -0.6557 -0.7550
vn 0.9549 0.1550 -0.2532
vn 0.0984 -0.9308 0.3521
vn 0.7903 -0.5685 -0.2283
vn -0.0164 -0.7157 -0.6983
vn 0.1037 -0.8929 -0.4381
vn 0.1832 -0.9735 0.1367
vn 0.1183 -0.8837 0.4528
vn 0.9879 0.1129 -0.1060
vn 0.9865 0.0324 0.1606
vn -0.0418 -0.7946 -0.6057
vn 0.1397 -0.8419 0.5213
vn 0.1323 -0.8382 0.5291
vn -0.0350 -0.8299 -0.5568
vn 0.2679 -0.9403 -0.2101
vn 0.1540 -0.7903 0.5931
vn 0.3557 -0.5679 0.7423
vn 0.7880 -0.5562 -0.2640
vn 0.1146 -0.7457 -0.6563
vn 0.1779 -0.7156 0.6755
vn 0.9829 0.0026 0.1840
vn 0.8632 -0.1506 0.4819
vn 0.2091 -0.6535 0.7275
vn 0.3269 -0.4943 0.8055
vn 0.7867 -0.5404 -0.2984
vn 0.2343 -0.5790 0.7810
vn 0.2342 -0.5790 0.7810
vn 0.1097 -0.9107 -0.3981
vn 0.1735 -0.9848 0.0022
vn 0.1104 -0.8270 -0.5512
vn 0.9784 -0.0294 0.2045
vn 0.2595 -0.4994 0.8266
vn 0.2595 -0.4993 0.8267
vn 0.7864 -0.5215 -0.3311
vn 0.2845 -0.4153 0.8640
vn 0.2845 -0.4153 0.8641
vn 0.3090 -0.3279 0.8927
vn 0.3090 -0.3278 0.8928
vn 0.3327 -0.2378 0.9125
vn 0.3326 -0.2377 0.9126
vn -0.9434 0.1290 0.3057
vn 0.2905 0.6067 -0.7400
vn 0.4855 0.7218 -0.4932
vn 0.3728 0.4435 -0.8151
vn 0.5080 0.7739 -0.3783
vn 0.3980 0.5455 -0.7375
vn 0.3646 0.7837 -0.5029
vn 0.3778 0.8142 -0.4409
vn 0.5572 0.8163 -0.1522
vn 0.4667 0.6822 -0.5628
vn 0.4380 0.8866 -0.1488
vn 0.4110 0.9081 -0.0805
vn 0.4788 0.8739 -0.0836
vn 0.4914 0.8694 -0.0512
vn 0.4236 0.9046 -0.0474
vn 0.4659 0.8847 0.0191
vn 0.6041 0.7426 0.2891
vn 0.4829 0.8661 0.1288
vn 0.4829 0.8492 0.2137
vn 0.5610 0.7356 0.3797
vn 0.4886 0.8181 0.3032
vn 0.4920 0.7786 0.3896
vn 0.4961 0.7751 0.3913
vn 0.4955 0.7346 0.4635
vn 0.5938 0.4743 0.6499
vn 0.4982 0.6673 0.5536
vn 0.4871 0.6140 0.6210
vn 0.5429 0.4273 0.7230
vn 0.4840 0.5511 0.6797
vn 0.5606 0.2446 0.7911
vn 0.4782 0.4613 0.7473
vn 0.4606 0.3920 0.7963
vn 0.5000 0.1857 0.8459
vn 0.4471 0.3068 0.8402
vn 0.4319 0.2194 0.8748
vn 0.4320 0.2193 0.8748
vn 0.4153 0.1310 0.9002
vn 0.4154 0.1309 0.9002
vn 0.3967 0.0394 0.9171
vn 0.3968 0.0392 0.9170
vn 0.3767 -0.0533 0.9248
vn 0.3768 -0.0534 0.9248
vn 0.3552 -0.1459 0.9233
vn 0.3553 -0.1460 0.9233
vn 0.8897 0.0026 -0.4565
vn 0.0075 -0.9960 -0.0893
vn 0.8226 -0.5685 -0.0064
vn 0.8226 -0.5686 -0.0064
vn 0.9875 0.1550 -0.0294
vn -0.9619 0.1011 0.2539
vn -0.9533 0.1249 0.2749
vn -0.7711 -0.1126 0.6267
vn -0.7993 -0.2028 0.5656
vn -0.9567 0.1668 0.2385
vn -0.9571 0.2081 0.2015
vn -0.9815 0.1884 0.0353
vn -0.9737 0.2162 0.0716
vn -0.9518 0.2242 0.2091
vn -0.9781 0.1872 0.0905
vn -0.9501 0.2368 0.2031
vn -0.9801 0.1674 0.1067
vn -0.9315 0.2778 0.2350
vn -0.9491 0.2894 0.1244
vn -0.9305 0.3322 0.1545
vn -0.9797 0.1610 0.1198
vn -0.9442 0.2747 0.1816
vn -0.9784 0.1580 0.1331
vn -0.9542 0.2815 0.1015
vn -0.9443 0.2809 0.1716
vn -0.9765 0.1576 0.1472
vn -0.9585 0.2697 0.0924
vn -0.9446 0.2862 0.1605
vn -0.9739 0.1612 0.1598
vn -0.9711 0.1662 0.1713
vn -0.9637 0.2551 0.0786
vn -0.9679 0.1730 0.1822
vn -0.9687 0.2371 0.0738
vn -0.9648 0.1804 0.1913
vn -0.8498 0.5140 0.1165
vn -0.8085 0.5807 0.0954
vn -0.8246 0.5647 0.0351
vn -0.7871 0.6168 0.0028
vn -0.8453 0.5333 -0.0321
vn -0.8379 0.5438 -0.0470
vn -0.8635 0.4964 -0.0895
vn -0.8557 0.5058 -0.1090
vn -0.8753 0.4601 -0.1491
vn -0.8441 0.4910 -0.2155
vn -0.9015 0.3936 -0.1801
vn -0.8953 0.3963 -0.2033
vn -0.9193 0.3327 -0.2100
vn -0.9146 0.3302 -0.2333
vn -0.9328 0.2696 -0.2392
vn -0.9109 0.2610 -0.3196
vn -0.9543 0.1961 -0.2254
vn -0.9504 0.1855 -0.2495
vn -0.9716 0.1291 -0.1983
vn -0.9760 0.1358 -0.1705
vn -0.9244 -0.0334 -0.3801
vn -0.9899 0.0694 -0.1232
vn -0.9820 0.0124 -0.1885
vn -0.9890 -0.0329 -0.1440
vn -0.9760 -0.0987 -0.1941
vn -0.9945 -0.0719 -0.0766
vn -0.9920 -0.0946 -0.0838
vn -0.9940 -0.1080 -0.0161
vn -0.9912 -0.1314 -0.0183
vn -0.9900 -0.1319 0.0508
vn -0.9865 -0.1552 0.0529
vn -0.9823 -0.1432 0.1205
vn -0.9779 -0.1661 0.1268
vn -0.9716 -0.1401 0.1906
vn -0.9664 -0.1608 0.2007
vn -0.9579 -0.1248 0.2587
vn -0.9518 -0.1421 0.2718
vn -0.9419 -0.0961 0.3219
vn -0.9348 -0.1104 0.3376
vn -0.9242 -0.0556 0.3778
vn -0.9161 -0.0665 0.3955
vn -0.9111 0.0119 0.4120
vn -0.9227 0.0381 0.3836
vn -0.7743 -0.0678 0.6292
vn -0.9021 0.1088 0.4175
vn -0.8638 0.0850 0.4966
vn -0.8601 0.1532 0.4867
vn -0.8481 0.1558 0.5064
vn -0.8430 0.2225 0.4897
vn -0.8315 0.2289 0.5062
vn -0.8241 0.2906 0.4862
vn -0.7894 0.3069 0.5316
vn -0.8197 0.3604 0.4452
vn -0.8493 0.3426 0.4016
vn -0.6556 0.5026 0.5635
vn -0.8404 0.4082 0.3565
vn -0.7927 0.4604 0.3995
vn -0.8023 0.4913 0.3390
vn -0.7894 0.5094 0.3427
vn -0.8028 0.5276 0.2779
vn -0.7904 0.5461 0.2775
vn -0.8197 0.5356 0.2031
vn -0.8424 0.5020 0.1956
vn -0.6620 0.7366 0.1387
vn 0.9484 -0.2066 -0.2406
vn 0.9789 -0.1999 -0.0433
vn 0.9549 -0.2887 -0.0688
vn 0.9258 -0.3050 -0.2234
vn 0.9705 -0.1292 -0.2037
vn 0.9864 -0.1227 -0.1096
vn 0.9325 -0.3391 -0.1241
vn 0.8875 -0.1281 -0.4426
vn 0.9277 -0.0815 -0.3643
vn 0.8982 -0.1887 -0.3971
vn 0.9181 -0.0231 -0.3956
vn 0.8863 -0.4588 0.0633
vn 0.8483 -0.5295 -0.0047
vn 0.8827 -0.4646 -0.0712
vn 0.9063 -0.4215 0.0318
vn 0.9821 0.1067 -0.1555
vn 0.9954 0.0886 -0.0373
vn 0.9922 0.0475 -0.1149
vn 0.9992 0.0276 -0.0285
vn 0.9512 0.0184 -0.3080
vn 0.8461 -0.5236 -0.0997
vn 0.9986 0.0085 0.0515
vn 0.8335 -0.5145 -0.2015
vn 0.8664 -0.4613 -0.1912
vn 0.9576 0.1175 -0.2632
vn 0.9755 0.0378 -0.2169
vn 0.9902 -0.0436 0.1327
vn 0.9899 -0.0993 0.1017
vn 0.8281 -0.4651 -0.3129
vn 0.8610 -0.4207 -0.2859
vn 0.9727 -0.1275 0.1937
vn 0.9801 -0.1712 0.1002
vn 0.8475 -0.3788 -0.3718
vn 0.9515 -0.2337 0.2001
vn 0.9631 -0.2480 0.1045
vn 0.9224 -0.3352 0.1916
vn 0.9390 -0.3355 0.0756
vn 0.8619 -0.2990 -0.4095
vn 0.8490 -0.2229 -0.4790
vn 0.9014 -0.4074 0.1465
vn 0.9838 -0.0096 -0.1792
vn 0.9981 -0.0275 -0.0545
vn 0.9898 -0.0572 -0.1307
vn 0.9206 -0.3896 -0.0246
vn 0.8984 -0.4195 -0.1301
vn 0.9350 -0.3510 -0.0511
vn 0.9939 -0.1050 -0.0347
vn 0.9125 -0.3664 -0.1822
vn 0.9953 -0.0917 0.0325
vn 0.9658 -0.0659 -0.2508
vn 0.8891 -0.3821 -0.2519
vn 0.9828 -0.1837 0.0181
vn 0.8979 -0.2898 -0.3313
vn 0.9258 -0.2381 -0.2934
vn 0.9600 -0.2799 0.0067
vn 0.9209 -0.1746 -0.3486
vn 0.9447 -0.1266 -0.3025
vn 0.8187 -0.1761 -0.5465
vn 0.8424 -0.1338 -0.5220
vn 0.8115 -0.2721 -0.5172
vn 0.9057 -0.3231 0.2745
vn 0.9393 -0.2082 0.2727
vn 0.9561 -0.0999 0.2756
vn 0.9772 -0.0149 0.2118
vn 0.9441 0.1873 -0.2713
vn 0.9618 0.1834 -0.2031
vn 0.9296 0.1235 -0.3474
vn 0.7961 -0.6047 -0.0218
vn 0.8043 -0.5886 -0.0813
vn 0.8288 -0.5562 0.0616
vn 0.8660 -0.0521 -0.4974
vn 0.7994 -0.3524 -0.4865
vn 0.7857 -0.4285 -0.4463
vn 0.7803 -0.4907 -0.3877
vn 0.7794 -0.5405 -0.3170
vn 0.9764 0.1871 -0.1080
vn 0.7818 -0.5703 -0.2520
vn 0.9861 0.0576 0.1560
vn 0.7891 -0.5906 -0.1690
vn 0.9897 0.1075 0.0948
vn 0.9899 0.1365 0.0383
vn 0.9070 0.0743 -0.4145
vn 0.9848 0.1714 -0.0275
vn 0.8844 0.0141 -0.4665
vn 0.8300 -0.0756 -0.5527
vn 0.8394 -0.0353 -0.5424
vn 0.8167 -0.5623 0.1300
vn 0.8528 0.0038 -0.5221
vn 0.8048 -0.5858 0.0955
vn 0.9622 0.2300 -0.1460
vn 0.9664 0.2392 -0.0942
vn 0.8627 0.0410 -0.5041
vn 0.8022 -0.5957 0.0402
vn 0.9728 0.2256 -0.0523
vn 0.8760 0.0748 -0.4765
vn 0.8904 -0.4532 -0.0425
vn 0.9758 0.2184 -0.0099
vn 0.8859 0.1076 -0.4513
vn 0.9794 0.1995 0.0314
vn 0.8997 0.1342 -0.4154
vn 0.7691 -0.6342 -0.0794
vn 0.9815 0.1781 0.0699
vn 0.9091 0.1594 -0.3848
vn 0.7676 -0.6307 -0.1141
vn 0.9814 0.1605 0.1055
vn 0.9264 0.1756 -0.3332
vn 0.7607 -0.6311 -0.1515
vn 0.9807 0.1310 0.1454
vn 0.9705 -0.0159 -0.2407
vn 0.7555 -0.6239 -0.2000
vn 0.9788 0.1068 0.1745
vn 0.7523 -0.6152 -0.2359
vn 0.9760 0.0674 0.2071
vn 0.9490 0.2281 -0.2175
vn 0.7493 -0.5989 -0.2825
vn 0.9731 0.0396 0.2268
vn 0.9570 0.2284 -0.1790
vn 0.7480 -0.5836 -0.3161
vn 0.9665 -0.0055 0.2565
vn 0.7475 -0.5588 -0.3591
vn 0.9656 -0.0339 0.2579
vn 0.7483 -0.5374 -0.3890
vn 0.9474 -0.0636 0.3136
vn 0.7512 -0.5035 -0.4268
vn 0.9383 -0.1181 0.3249
vn 0.7541 -0.4795 -0.4489
vn 0.9361 -0.1612 0.3126
vn 0.7506 -0.4457 -0.4878
vn 0.9261 -0.2023 0.3186
vn 0.7606 -0.4059 -0.5068
vn 0.9188 -0.2497 0.3057
vn 0.7648 -0.3699 -0.5275
vn 0.9096 -0.2787 0.3081
vn 0.7737 -0.3275 -0.5422
vn 0.8884 -0.3319 0.3172
vn 0.7794 -0.2880 -0.5564
vn 0.8860 -0.3759 0.2716
vn 0.7991 -0.2349 -0.5533
vn 0.8826 -0.3928 0.2583
vn 0.8991 -0.2306 -0.3720
vn 0.8525 -0.4485 0.2684
vn 0.8392 -0.4905 0.2346
vn 0.8196 -0.1063 -0.5630
vn -0.9699 0.0573 0.2365
vn -0.9703 0.0857 0.2264
vn -0.8292 -0.2798 0.4838
vn -0.8579 -0.3463 0.3796
vn -0.9629 0.2681 -0.0325
vn -0.9691 0.2453 -0.0248
vn -0.8581 0.2040 -0.4712
vn -0.8163 0.2803 -0.5051
vn -0.9770 0.2046 -0.0595
vn -0.8772 0.1202 -0.4648
vn -0.8460 0.2979 0.4422
vn -0.7488 -0.0339 0.6619
vn -0.9801 0.1970 -0.0229
vn -0.8930 0.0341 -0.4488
vn -0.9326 0.1902 0.3068
vn -0.7330 0.0369 0.6792
vn -0.9861 0.1618 -0.0372
vn -0.9134 -0.0557 -0.4031
vn -0.9199 0.2053 0.3343
vn -0.7067 0.1320 0.6951
vn -0.9904 0.1380 -0.0073
vn -0.9301 0.2141 0.2985
vn -0.6858 0.2138 0.6957
vn -0.9216 -0.1633 -0.3520
vn -0.9951 0.0989 -0.0032
vn -0.9092 0.2543 0.3297
vn -0.6702 0.2970 0.6802
vn -0.9931 0.1149 0.0222
vn -0.9314 -0.2529 -0.2616
vn -0.9206 0.2604 0.2911
vn -0.6511 0.3822 0.6557
vn -0.9949 0.0906 0.0438
vn -0.9341 -0.3151 -0.1680
vn -0.9158 0.2893 0.2784
vn -0.6487 0.4845 0.5869
vn -0.8858 0.4455 0.1301
vn -0.9195 0.3766 0.1122
vn -0.6586 0.7505 0.0549
vn -0.9251 0.2956 0.2384
vn -0.5067 0.6622 0.5520
vn -0.9177 0.3239 0.2299
vn -0.6088 0.6657 0.4314
vn -0.9971 0.0410 0.0637
vn -0.9934 0.0720 0.0897
vn -0.9227 -0.3855 -0.0005
vn -0.9320 -0.3515 -0.0883
vn -0.9200 0.3843 0.0767
vn -0.9334 0.3469 0.0919
vn -0.6903 0.6998 -0.1837
vn -0.6841 0.7282 -0.0418
vn -0.9072 0.3600 0.2177
vn -0.6242 0.7025 0.3419
vn -0.9915 0.0578 0.1164
vn -0.9189 -0.3752 0.1220
vn -0.9318 0.3597 0.0494
vn -0.7244 0.6395 -0.2574
vn -0.9869 0.0407 0.1561
vn -0.8944 0.4040 0.1919
vn -0.6302 0.7315 0.2602
vn -0.9114 0.3739 0.1717
vn -0.6368 0.7509 0.1749
vn -0.9345 0.3557 0.0127
vn -0.7584 0.5667 -0.3220
vn -0.9841 0.0657 0.1648
vn -0.8884 -0.3614 0.2831
vn -0.9465 0.3227 0.0019
vn -0.9785 0.0588 0.1977
vn -0.8915 0.4328 0.1339
vn -0.6422 0.7593 0.1054
vn -0.7869 0.4787 -0.3895
vn -0.9545 0.2976 -0.0185
vn -0.8162 0.3801 -0.4351
vn 0.8695 -0.0633 -0.4898
vn 0.8597 -0.0985 -0.5012
vn 0.8597 -0.0985 -0.5013
vn 0.8695 -0.0632 -0.4898
vn 0.9690 0.1695 -0.1799
vn 0.9623 0.1641 -0.2170
vn 0.7870 -0.4996 -0.3620
vn 0.7886 -0.4749 -0.3906
vn 0.9600 -0.1345 0.2456
vn 0.9971 0.0740 0.0189
vn 0.9669 -0.0985 0.2355
vn 0.9600 -0.1345 0.2455
vn 0.8979 -0.4094 0.1617
vn 0.8306 -0.5562 0.0285
vn 0.9749 0.1713 -0.1419
vn 0.9750 0.1713 -0.1418
vn 0.9842 0.1641 -0.0662
vn 0.8771 -0.4476 0.1740
vn 0.8672 -0.4749 0.1497
vn 0.8502 -0.1345 -0.5089
vn 0.8502 -0.1345 -0.5090
vn -0.3679 0.4460 0.8159
vn -0.3683 0.4984 0.7848
vn 0.8391 -0.5404 0.0618
vn 0.8872 -0.4181 0.1953
vn 0.9801 0.1695 -0.1037
vn 0.8412 -0.1713 -0.5128
vn 0.8326 -0.2083 -0.5132
vn 0.8327 -0.2082 -0.5131
vn 0.8412 -0.1712 -0.5129
vn 0.8972 -0.3865 0.2136
vn 0.8972 -0.3864 0.2136
vn 0.8796 -0.0294 -0.4748
vn 0.8247 -0.2452 -0.5097
vn 0.8247 -0.2451 -0.5097
vn 0.9072 -0.3530 0.2287
vn 0.9073 -0.3530 0.2287
vn 0.8173 -0.2817 -0.5027
vn 0.8173 -0.2817 -0.5026
vn 0.9171 -0.3178 0.2406
vn 0.9172 -0.3178 0.2405
vn 0.8105 -0.3178 -0.4919
vn 0.8106 -0.3178 -0.4919
vn 0.9266 -0.2817 0.2489
vn 0.9267 -0.2817 0.2488
vn 0.8044 -0.3530 -0.4778
vn 0.9357 -0.2452 0.2536
vn 0.9358 -0.2452 0.2535
vn 0.7991 -0.3865 -0.4604
vn 0.7992 -0.3865 -0.4604
vn 0.9443 -0.2083 0.2547
vn 0.9444 -0.2082 0.2546
vn 0.7947 -0.4181 -0.4400
vn 0.9525 -0.1712 0.2520
vn 0.9525 -0.1712 0.2519
vn 0.7912 -0.4476 -0.4167
vn 0.9731 -0.0633 0.2217
vn -0.3853 0.3433 0.8565
vn -0.5976 -0.4520 0.6622
vn -0.5646 -0.3711 0.7372
vn -0.6356 0.2802 -0.7193
vn -0.6442 0.2216 -0.7321
vn -0.5552 -0.3329 0.7622
vn -0.6737 0.1170 -0.7297
vn -0.5316 -0.2396 0.8124
vn -0.6899 0.0465 -0.7225
vn -0.5128 -0.1730 0.8409
vn -0.6970 -0.0140 -0.7169
vn -0.4904 -0.1209 0.8631
vn -0.7135 -0.1222 -0.6899
vn -0.4705 -0.0179 0.8822
vn -0.7242 -0.1632 -0.6699
vn -0.4537 0.0528 0.8896
vn -0.7373 -0.2686 -0.6199
vn -0.4336 0.1098 0.8944
vn -0.7458 -0.3052 -0.5922
vn -0.4161 0.2162 0.8832
vn -0.7541 -0.3970 -0.5232
vn -0.4030 0.2867 0.8691
vn -0.7596 -0.4285 -0.4892
vn -0.7622 -0.5058 -0.4040
vn -0.4063 0.9117 0.0605
vn -0.3554 0.9337 -0.0438
vn -0.7653 -0.5304 -0.3645
vn -0.4001 0.9114 -0.0969
vn -0.7688 -0.5805 -0.2684
vn 0.3129 0.8689 -0.3835
vn -0.3945 0.9029 -0.1706
vn -0.7667 -0.6095 -0.2015
vn -0.4313 0.8658 -0.2537
vn -0.7583 -0.6351 -0.1472
vn -0.3399 0.5605 0.7552
vn 0.4969 0.5059 0.7051
vn -0.3340 0.6411 0.6910
vn -0.4530 0.8257 -0.3362
vn -0.7403 -0.6715 -0.0330
vn -0.3590 0.6838 0.6352
vn -0.4578 0.8031 -0.3814
vn -0.7268 -0.6869 -0.0022
vn -0.3386 0.7456 0.5740
vn -0.4835 0.7369 -0.4724
vn -0.7484 -0.6508 0.1275
vn -0.3380 0.7988 0.4977
vn -0.4985 0.7056 -0.5036
vn 0.1367 -0.9849 0.1059
vn -0.7132 -0.6801 0.1698
vn -0.3306 0.8264 0.4558
vn -0.5257 0.6230 -0.5793
vn -0.7094 -0.6536 0.2638
vn -0.3405 0.8700 0.3566
vn -0.5409 0.5861 -0.6033
vn -0.6913 -0.6303 0.3533
vn -0.3461 0.8931 0.2875
vn -0.5685 0.4900 -0.6608
vn -0.6750 -0.6199 0.4001
vn -0.3439 0.9106 0.2294
vn -0.3620 0.9240 0.1232
vn -0.6465 -0.5745 0.5019
vn -0.3729 0.9263 0.0540
vn -0.6381 -0.5489 0.5400
vn -0.5836 0.4488 -0.6767
vn -0.6068 -0.4845 0.6301
vn -0.6167 0.3493 -0.7054
vn 0.7618 -0.5863 -0.2755
vn 0.1371 -0.9805 -0.1408
vn 0.7626 -0.4963 -0.4148
vn 0.7801 -0.3617 -0.5104
vn 0.8957 0.0908 -0.4353
vn 0.8575 -0.4996 0.1227
vn 0.9063 0.1186 -0.4057
vn 0.8481 -0.5215 0.0934
vn 0.9167 0.1429 -0.3732
vn 0.9266 0.1639 -0.3384
vn 0.9532 0.2045 -0.2228
vn 0.9544 0.2191 -0.2029
vn 0.5751 0.8176 -0.0267
vn 0.8823 -0.3984 0.2507
vn 0.8709 -0.4336 0.2313
vn 0.8385 -0.5236 0.1506
vn 0.0709 0.9940 0.0834
vn 0.1234 0.9238 0.3624
vn 0.2176 0.8202 0.5290
vn 0.2098 0.6993 0.6834
vn 0.1948 0.5516 0.8110
vn 0.3260 0.4334 0.8402
vn 0.1704 0.3828 0.9080
vn 0.0302 0.1270 0.9914
vn -0.0069 -0.2670 0.9637
vn -0.1102 -0.4228 0.8995
vn -0.0765 -0.6070 0.7910
vn -0.1272 -0.7415 0.6587
vn -0.2812 -0.8597 0.4264
vn -0.3374 -0.9293 0.1504
vn -0.3763 -0.9163 -0.1369
vn -0.3941 -0.8222 -0.4107
vn -0.3097 -0.7429 -0.5934
vn -0.3748 -0.5092 -0.7747
vn -0.3079 -0.2593 -0.9154
vn -0.2772 0.0258 -0.9605
vn -0.1478 0.1983 -0.9689
vn -0.0959 0.3808 -0.9197
vn -0.0457 0.5500 -0.8339
vn -0.0556 0.7744 -0.6303
vn 0.0802 0.8686 -0.4891
vn 0.0531 0.9770 -0.2067
vn -0.9783 0.1797 0.1028
vn -0.9595 0.2238 0.1709
vn -0.9582 0.2594 0.1206
vn -0.9692 0.1736 0.1747
vn 0.9625 -0.1944 -0.1890
vn 0.9770 -0.1822 -0.1112
vn 0.9577 -0.2415 -0.1566
vn 0.9605 -0.2572 -0.1061
vn -0.9467 0.2134 0.2411
vn -0.9775 0.2065 0.0428
vn -0.9510 0.2998 0.0761
vn -0.9344 0.3046 0.1847
vn -0.9860 0.1210 0.1152
vn -0.9704 0.1306 0.2031
vn -0.8850 0.1330 0.4462
vn -0.9029 0.1633 0.3976
vn -0.9246 0.0386 0.3791
vn -0.8928 0.4417 -0.0887
vn -0.9138 0.4034 -0.0475
vn -0.8884 0.4576 0.0366
vn -0.8640 0.5032 0.0154
vn -0.9598 0.0253 0.2794
vn -0.9458 -0.0531 0.3203
vn -0.8700 0.4731 0.1391
vn -0.8413 0.5223 0.1391
vn -0.9968 -0.0666 0.0447
vn -0.9993 0.0351 -0.0160
vn -0.9976 -0.0350 -0.0593
vn -0.9685 -0.0665 0.2401
vn -0.8614 0.4487 0.2382
vn -0.8308 0.4946 0.2552
vn -0.9900 0.0455 -0.1338
vn -0.9913 0.1103 -0.0717
vn -0.8739 0.3921 0.2873
vn -0.8109 0.4612 0.3602
vn -0.9770 0.1467 -0.1546
vn -0.8233 0.3994 0.4033
vn -0.8785 0.3391 0.3364
vn -0.9557 0.2247 -0.1900
vn -0.9594 0.2522 -0.1259
vn -0.8872 0.2803 0.3666
vn -0.8576 0.2700 0.4377
vn -0.9300 0.3387 -0.1430
vn -0.9221 0.3865 0.0214
vn -0.9551 0.2963 0.0082
vn -0.9266 0.3612 0.1049
vn -0.9007 0.4230 0.0991
vn -0.9371 0.1148 0.3297
vn -0.9538 0.1288 0.2715
vn -0.9797 0.0429 0.1959
vn -0.9956 0.0080 0.0938
vn -0.9923 0.0636 0.1059
vn -0.9939 0.1054 0.0309
vn -0.8937 0.4101 0.1820
vn -0.9129 0.3370 0.2302
vn -0.9818 0.1892 -0.0173
vn -0.9739 0.2149 -0.0736
vn -0.9261 0.2424 0.2890
vn -0.9470 0.3172 -0.0505
vn -0.9158 0.2003 0.3482
vn -0.8763 0.4200 -0.2360
vn -0.9092 0.3433 -0.2355
vn -0.8752 0.4467 -0.1859
vn -0.7715 0.4401 0.4595
vn -0.7994 0.3520 0.4870
vn -0.9912 0.1213 0.0526
vn -0.8402 0.1350 0.5252
vn -0.8665 0.0535 0.4963
vn -0.8295 0.2103 0.5174
vn -0.8068 0.2814 0.5195
vn -0.9279 0.2656 -0.2617
vn -0.9477 0.1792 -0.2640
vn -0.9655 0.0902 -0.2444
vn -0.9774 0.0065 -0.2111
vn -0.9630 -0.1775 0.2028
vn -0.9842 -0.0798 0.1577
vn -0.9756 -0.1810 0.1240
vn -0.9859 -0.0584 -0.1571
vn -0.9485 -0.1591 0.2740
vn -0.9289 -0.1223 0.3496
vn -0.9890 -0.1454 -0.0277
vn -0.9068 -0.0717 0.4154
vn -0.9841 -0.1709 0.0487
vn -0.8862 -0.0113 0.4632
vn 0.2383 0.4664 -0.8519
vn 0.2420 0.4667 -0.8507
vn 0.2651 0.5455 -0.7951
vn 0.8998 0.0324 -0.4351
vn 0.9098 0.0600 -0.4107
vn 0.3214 0.4963 -0.8065
vn 0.2237 0.4054 -0.8863
vn 0.1865 0.2960 -0.9368
vn 0.1698 0.2210 -0.9604
vn 0.1648 0.2194 -0.9616
vn 0.1189 0.0392 -0.9921
vn 0.0975 -0.0533 -0.9938
vn 0.9057 0.0714 0.4179
vn 0.0774 -0.1460 -0.9862
vn 0.0589 -0.2377 -0.9696
vn 0.8386 -0.5087 0.1949
vn 0.8508 -0.5093 0.1297
vn 0.8732 -0.4512 0.1841
vn 0.0365 -0.9952 0.0909
vn 0.0217 -0.9998 -0.0032
vn 0.0259 -0.9996 -0.0071
vn 0.0132 -0.4994 -0.8663
vn 0.0533 -0.9815 0.1837
vn 0.0020 -0.5789 -0.8154
vn 0.1142 -0.9913 0.0654
vn 0.0717 -0.9589 0.2744
vn 0.0983 -0.9308 0.3521
vn 0.0838 -0.5741 -0.8145
vn -0.0134 -0.7223 -0.6915
vn 0.3180 -0.9473 0.0373
vn 0.1314 -0.8800 0.4564
vn 0.9865 0.0324 0.1607
vn -0.0085 -0.7795 -0.6263
vn 0.1454 -0.8501 0.5062
vn 0.1311 -0.6414 -0.7559
vn -0.0206 -0.8464 -0.5321
vn -0.0149 -0.8814 -0.4722
vn 0.1875 -0.7246 0.6632
vn 0.1806 -0.7198 0.6703
vn 0.1632 -0.7781 0.6066
vn 0.2033 -0.6602 0.7230
vn 0.4037 -0.4091 0.8183
vn 0.1188 -0.8476 -0.5172
vn 0.1458 -0.9883 -0.0438
vn -0.0177 -0.9316 -0.3630
vn 0.8268 -0.5547 -0.0934
vn 0.2281 -0.5708 0.7887
vn 0.0063 -0.9797 -0.2006
vn 0.3754 -0.3255 0.8678
vn 0.3090 -0.3279 0.8928
vn 0.3327 -0.2378 0.9126
vn 0.2900 0.6140 -0.7341
vn 0.3144 0.6761 -0.6664
vn 0.3190 0.6762 -0.6641
vn 0.3359 0.7252 -0.6011
vn 0.4370 0.8852 -0.1595
vn 0.4196 0.9046 -0.0753
vn 0.7864 0.6173 0.0240
vn 0.6067 0.7394 0.2920
vn 0.4958 0.8580 0.1344
vn 0.4944 0.8472 0.1946
vn 0.7214 0.5300 0.4457
vn 0.5880 0.8083 0.0306
vn 0.4929 0.6687 0.5567
vn 0.5386 0.4308 0.7240
vn 0.4806 0.5456 0.6866
vn 0.4806 0.5455 0.6866
vn 0.4718 0.4713 0.7452
vn 0.4472 0.3067 0.8402
vn 0.3768 -0.0534 0.9247
vn 0.3553 -0.1459 0.9233
vn 0.3554 -0.1461 0.9232
vn 0.8469 -0.2726 -0.4566
vn 0.0133 -0.9959 -0.0891
vn 0.1205 -0.9108 -0.3949
vn 0.8887 -0.4361 0.1415
vn -0.9573 0.1650 0.2374
vn -0.9556 0.2110 0.2057
vn -0.9811 0.1899 0.0365
vn -0.9740 0.2145 0.0734
vn -0.9528 0.2221 0.2068
vn -0.9781 0.1873 0.0905
vn -0.9500 0.2349 0.2058
vn -0.9478 0.2445 0.2046
vn -0.9801 0.1674 0.1068
vn -0.9308 0.2805 0.2345
vn -0.9485 0.2908 0.1260
vn -0.9510 0.2872 0.1142
vn -0.9442 0.2748 0.1815
vn -0.9784 0.1579 0.1331
vn -0.9543 0.2809 0.1016
vn -0.9443 0.2809 0.1715
vn -0.9579 0.2717 0.0931
vn -0.9446 0.2863 0.1605
vn -0.9613 0.2620 0.0857
vn -0.9711 0.1662 0.1712
vn -0.9647 0.2511 0.0797
vn -0.9679 0.1731 0.1821
vn -0.9682 0.2382 0.0769
vn -0.9648 0.1804 0.1912
vn -0.9708 0.2284 0.0733
vn -0.8499 0.5139 0.1165
vn -0.8087 0.5805 0.0954
vn -0.8320 0.5535 0.0362
vn -0.8218 0.5693 0.0221
vn -0.8469 0.5309 -0.0297
vn -0.8379 0.5437 -0.0468
vn -0.8635 0.4963 -0.0893
vn -0.8557 0.5059 -0.1091
vn -0.8821 0.4498 -0.1401
vn -0.8750 0.4561 -0.1623
vn -0.9011 0.3943 -0.1803
vn -0.9194 0.3326 -0.2100
vn -0.9146 0.3304 -0.2333
vn -0.9376 0.2654 -0.2247
vn -0.9334 0.2590 -0.2484
vn -0.9539 0.1963 -0.2271
vn -0.9504 0.1855 -0.2496
vn -0.9716 0.1291 -0.1984
vn -0.9760 0.1358 -0.1703
vn -0.9245 -0.0335 -0.3797
vn -0.9900 0.0695 -0.1232
vn -0.9820 0.0123 -0.1885
vn -0.9890 -0.0328 -0.1439
vn -0.9760 -0.0985 -0.1941
vn -0.9945 -0.0717 -0.0765
vn -0.9920 -0.0945 -0.0837
vn -0.9899 -0.1320 0.0507
vn -0.9865 -0.1551 0.0528
vn -0.9823 -0.1433 0.1205
vn -0.9716 -0.1400 0.1906
vn -0.9664 -0.1609 0.2007
vn -0.9579 -0.1249 0.2587
vn -0.9517 -0.1425 0.2719
vn -0.9419 -0.0961 0.3218
vn -0.9348 -0.1102 0.3376
vn -0.9242 -0.0556 0.3777
vn -0.9161 -0.0663 0.3954
vn -0.9228 0.0382 0.3834
vn -0.7745 -0.0677 0.6289
vn -0.9022 0.1089 0.4174
vn -0.8637 0.0851 0.4967
vn -0.8599 0.1531 0.4869
vn -0.8480 0.1560 0.5065
vn -0.8430 0.2224 0.4898
vn -0.8314 0.2290 0.5063
vn -0.8290 0.2912 0.4774
vn -0.8173 0.3010 0.4913
vn -0.8274 0.3549 0.4352
vn -0.8494 0.3425 0.4015
vn -0.6556 0.5026 0.5636
vn -0.8405 0.4082 0.3564
vn -0.7929 0.4603 0.3993
vn -0.7893 0.5095 0.3427
vn -0.8027 0.5276 0.2779
vn -0.7903 0.5463 0.2775
vn -0.8196 0.5357 0.2031
vn -0.8425 0.5020 0.1956
vn 0.9389 -0.2577 -0.2282
vn 0.9596 -0.1628 -0.2296
vn 0.9773 -0.2080 -0.0401
vn 0.9546 -0.2900 -0.0680
vn 0.9362 -0.3159 -0.1541
vn 0.9881 -0.1293 -0.0834
vn 0.9796 -0.1178 -0.1630
vn 0.8927 -0.4422 0.0868
vn 0.9047 -0.4256 -0.0188
vn 0.9236 -0.3752 0.0787
vn 0.8988 -0.1199 -0.4216
vn 0.9176 -0.0187 -0.3970
vn 0.9285 -0.0785 -0.3630
vn 0.8643 -0.5027 -0.0161
vn 0.9826 0.1021 -0.1553
vn 0.9953 0.0901 -0.0366
vn 0.9940 0.0154 -0.1084
vn 0.9993 0.0225 -0.0291
vn 0.9506 0.0236 -0.3094
vn 0.8916 -0.4414 -0.1010
vn 0.8417 -0.5221 -0.1373
vn 0.9984 0.0085 0.0566
vn 0.8633 -0.4677 -0.1897
vn 0.9583 0.1152 -0.2617
vn 0.9781 0.0171 -0.2076
vn 0.8294 -0.4945 -0.2600
vn 0.9905 -0.0410 0.1310
vn 0.9887 -0.1088 0.1032
vn 0.8608 -0.4209 -0.2861
vn 0.8319 -0.4183 -0.3647
vn 0.9679 -0.1362 0.2114
vn 0.8823 -0.3426 -0.3228
vn 0.9559 -0.2279 0.1851
vn 0.9773 -0.1864 0.1012
vn 0.8492 -0.3035 -0.4321
vn 0.8764 -0.2990 -0.3775
vn 0.9582 -0.2690 0.0977
vn 0.9271 -0.3397 0.1585
vn 0.8812 -0.1981 -0.4293
vn 0.9410 -0.3373 0.0284
vn 0.9380 -0.3431 -0.0490
vn 0.9257 -0.1620 -0.3418
vn 0.9552 -0.0631 -0.2890
vn 0.9552 -0.1267 -0.2676
vn 0.9943 -0.0711 -0.0796
vn 0.9822 -0.0622 -0.1771
vn 0.9175 -0.3644 -0.1591
vn 0.9986 -0.0532 -0.0043
vn 0.8905 -0.4018 -0.2134
vn 0.9917 -0.1273 0.0166
vn 0.9143 -0.3130 -0.2572
vn 0.9708 -0.2394 0.0165
vn 0.9198 -0.2299 -0.3181
vn 0.9456 -0.1548 0.2860
vn 0.9376 -0.2209 0.2687
vn 0.9689 -0.0626 0.2392
vn 0.9441 0.1873 -0.2712
vn 0.9614 0.1833 -0.2051
vn 0.9796 0.0690 0.1887
vn 0.9820 0.0165 0.1881
vn 0.9903 0.0932 0.1033
vn 0.8809 0.0563 -0.4699
vn 0.9064 0.0686 -0.4169
vn 0.8749 -0.0279 -0.4834
vn 0.8502 -0.1093 -0.5150
vn 0.8312 -0.1881 -0.5231
vn 0.8923 -0.3912 0.2251
vn 0.8148 -0.2685 -0.5139
vn 0.9149 -0.3101 0.2585
vn 0.7974 -0.3556 -0.4875
vn 0.7858 -0.4259 -0.4485
vn 0.7807 -0.4943 -0.3824
vn 0.7791 -0.5373 -0.3229
vn 0.9755 0.1845 -0.1199
vn 0.7823 -0.5724 -0.2458
vn 0.7886 -0.5895 -0.1750
vn 0.8036 -0.5892 -0.0838
vn 0.9888 0.1458 0.0325
vn 0.9834 0.1746 -0.0491
vn 0.8144 -0.5803 -0.0052
vn 0.8341 -0.5473 0.0685
vn 0.8336 -0.0729 -0.5476
vn 0.8440 -0.0444 -0.5346
vn 0.8554 0.0066 -0.5179
vn 0.9622 0.2319 -0.1432
vn 0.9689 0.2292 -0.0934
vn 0.9349 -0.1012 -0.3402
vn 0.7966 -0.6020 0.0554
vn 0.9729 0.2243 -0.0565
vn 0.7858 -0.6183 0.0168
vn 0.9772 0.2121 -0.0085
vn 0.8886 0.1160 -0.4439
vn 0.7800 -0.6251 -0.0278
vn 0.9794 0.2002 0.0271
vn 0.7717 -0.6324 -0.0673
vn 0.9818 0.1758 0.0725
vn 0.9824 0.1569 0.1014
vn 0.9809 0.1274 0.1471
vn 0.9704 -0.0160 -0.2409
vn 0.9989 -0.0418 0.0212
vn 0.7522 -0.6152 -0.2359
vn 0.9693 0.0326 0.2438
vn 0.9564 0.2298 -0.1804
vn 0.9661 0.0034 0.2581
vn 0.9591 -0.0343 0.2810
vn 0.9548 -0.0922 0.2827
vn 0.9818 -0.1591 0.1034
vn 0.7541 -0.4794 -0.4489
vn 0.7506 -0.4458 -0.4878
vn 0.9243 -0.2125 0.3169
vn 0.7606 -0.4059 -0.5067
vn 0.9175 -0.2489 0.3102
vn 0.9090 -0.2817 0.3073
vn 0.7752 -0.3261 -0.5411
vn 0.8930 -0.3306 0.3054
vn 0.7812 -0.2883 -0.5537
vn 0.8844 -0.3690 0.2859
vn 0.7932 -0.2423 -0.5587
vn 0.8717 -0.4082 0.2711
vn 0.7997 -0.2063 -0.5639
vn 0.8615 -0.4434 0.2475
vn 0.8107 -0.1572 -0.5640
vn 0.8485 -0.4790 0.2248
vn 0.8196 -0.1220 -0.5599
vn -0.9957 0.0856 0.0352
vn -0.9969 0.0535 0.0569
vn -0.9320 -0.3163 -0.1771
vn -0.9635 0.2617 -0.0557
vn -0.9694 0.2447 -0.0207
vn -0.8582 0.2038 -0.4712
vn -0.8385 0.2886 -0.4622
vn -0.9575 0.1130 0.2653
vn -0.8723 0.2983 0.3875
vn -0.7588 -0.0748 0.6470
vn -0.7839 -0.1584 0.6003
vn -0.9770 0.2047 -0.0595
vn -0.8930 0.0341 -0.4487
vn -0.9337 0.1927 0.3017
vn -0.7362 0.0418 0.6755
vn -0.9861 0.1618 -0.0373
vn -0.9134 -0.0557 -0.4032
vn -0.9290 0.2036 0.3089
vn -0.6960 0.1595 0.7001
vn -0.9904 0.1381 -0.0074
vn -0.9262 -0.1545 -0.3439
vn -0.9254 0.2293 0.3017
vn -0.6746 0.2686 0.6876
vn -0.9940 0.1090 0.0093
vn -0.9343 -0.2380 -0.2654
vn -0.9124 0.2694 0.3081
vn -0.6710 0.3491 0.6542
vn -0.6518 0.4221 0.6301
vn -0.9087 0.3050 0.2850
vn -0.8868 0.4455 0.1228
vn -0.9142 0.3898 0.1108
vn -0.6573 0.7519 0.0509
vn -0.6381 0.5157 0.5718
vn -0.9038 0.3338 0.2676
vn -0.9079 0.3411 0.2436
vn -0.6203 0.6489 0.4407
vn -0.5885 0.6160 0.5237
vn -0.9220 0.3710 0.1105
vn -0.9357 0.3400 0.0941
vn -0.5716 0.7634 -0.3008
vn -0.6860 0.7255 -0.0555
vn -0.9942 0.0779 0.0743
vn -0.9926 0.0634 0.1035
vn -0.9181 -0.3929 0.0521
vn -0.9286 -0.3663 -0.0598
vn -0.9097 0.3560 0.2139
vn -0.6355 0.6989 0.3282
vn -0.9410 0.3306 0.0716
vn -0.6070 0.6794 -0.4122
vn -0.9885 0.0643 0.1369
vn -0.9083 -0.3795 0.1760
vn -0.9196 0.3479 0.1824
vn -0.6425 0.7428 0.1881
vn -0.9031 0.3934 0.1721
vn -0.9473 0.3159 0.0530
vn -0.6768 0.5694 -0.4665
vn -0.9821 0.0984 0.1609
vn -0.7648 -0.5284 0.3686
vn -0.6422 0.7591 0.1069
vn -0.9519 0.3055 0.0246
vn -0.7810 0.4596 -0.4228
vn -0.9777 0.0943 0.1878
vn -0.8515 -0.3097 0.4231
vn -0.9661 0.0909 0.2417
vn -0.8147 -0.2436 0.5262
vn -0.9725 0.0607 0.2249
vn -0.9568 0.2905 -0.0117
vn -0.8160 0.3705 -0.4437
vn 0.9623 0.1640 -0.2170
vn 0.8306 -0.5561 0.0285
vn 0.9749 0.1713 -0.1418
vn 0.9842 0.1640 -0.0662
vn 0.9340 -0.2869 0.2128
vn 0.8503 -0.1345 -0.5089
vn -0.3718 0.4178 0.8290
vn -0.3523 0.5197 0.7783
vn 0.9506 -0.2200 0.2190
vn 0.8872 -0.4181 0.1954
vn 0.8327 -0.2083 -0.5131
vn 0.8246 -0.2452 -0.5098
vn 0.9072 -0.3530 0.2288
vn 0.8174 -0.2817 -0.5025
vn 0.8045 -0.3530 -0.4777
vn 0.9358 -0.2451 0.2535
vn 0.9443 -0.2083 0.2546
vn 0.9444 -0.2082 0.2545
vn 0.7266 -0.2900 -0.6229
vn 0.9954 0.0718 0.0635
vn -0.3886 0.3626 0.8470
vn -0.5860 -0.4305 0.6865
vn -0.5766 -0.3949 0.7153
vn -0.6357 0.2802 -0.7193
vn -0.5427 -0.3069 0.7818
vn -0.5329 -0.2673 0.8028
vn -0.6899 0.0465 -0.7224
vn -0.5001 -0.1645 0.8502
vn -0.7135 -0.1222 -0.6900
vn -0.4605 -0.0147 0.8875
vn -0.7243 -0.1632 -0.6699
vn -0.4520 0.0312 0.8915
vn -0.4225 0.1424 0.8951
vn -0.4162 0.1884 0.8895
vn -0.7540 -0.3970 -0.5233
vn -0.4006 0.2936 0.8679
vn -0.7654 -0.5304 -0.3645
vn -0.4001 0.9113 -0.0968
vn -0.7620 -0.5903 -0.2663
vn 0.4106 0.8206 -0.3976
vn -0.7627 -0.6072 -0.2228
vn -0.4198 0.8682 -0.2645
vn -0.7534 -0.6474 -0.1154
vn -0.3503 0.5582 0.7521
vn -0.3462 0.6425 0.6836
vn -0.4626 0.8298 -0.3122
vn -0.7518 -0.6557 -0.0696
vn -0.3424 0.6946 0.6327
vn -0.4548 0.7929 -0.4056
vn -0.7402 -0.6711 0.0405
vn -0.3324 0.7361 0.5896
vn -0.5012 0.7448 -0.4404
vn -0.7383 -0.6669 0.1012
vn -0.3311 0.8012 0.4985
vn -0.4963 0.6911 -0.5255
vn 0.0652 -0.9876 0.1432
vn -0.7132 -0.6801 0.1697
vn -0.3406 0.8284 0.4447
vn -0.5423 0.6363 -0.5486
vn -0.6982 -0.6629 0.2702
vn 0.5125 0.8235 0.2430
vn -0.3226 0.8656 0.3829
vn -0.5515 0.5707 -0.6084
vn -0.7067 -0.6241 0.3332
vn -0.3305 0.8999 0.2844
vn -0.5769 0.4924 -0.6517
vn -0.6601 -0.6198 0.4245
vn -0.3681 0.9026 0.2234
vn -0.3546 0.9269 0.1227
vn -0.6735 -0.5677 0.4735
vn -0.6181 -0.5401 0.5711
vn -0.5837 0.4488 -0.6767
vn -0.6182 -0.5035 0.6036
vn 0.7535 -0.5857 -0.2988
vn 0.7654 -0.4661 -0.4436
vn 0.7689 -0.4336 -0.4698
vn 0.8500 -0.2082 0.4838
vn 0.7739 -0.3987 -0.4921
vn 0.8625 -0.0072 -0.5061
vn 0.8848 0.0605 -0.4621
vn 0.9268 0.1634 -0.3381
vn 0.9361 0.1814 -0.3015
vn 0.4208 0.5733 -0.7030
vn 0.9368 0.1792 -0.3006
vn 0.4960 0.8338 -0.2425
vn 0.4003 0.8460 -0.3523
vn 0.9833 0.1809 0.0218
vn 0.9850 0.1619 0.0590
vn 0.5627 0.6301 0.5350
vn 0.4933 0.7365 0.4628
vn 0.8385 -0.5236 0.1507
vn 0.8246 -0.5472 0.1437
vn 0.9819 0.1443 0.1227
vn 0.9594 0.2150 -0.1827
vn 0.4242 0.8726 -0.2422
vn 0.9448 0.2158 -0.2465
vn 0.9165 0.1672 -0.3635
vn 0.2177 0.8201 0.5292
vn 0.3576 0.7263 0.5870
vn 0.2096 0.6993 0.6834
vn 0.1948 0.5515 0.8111
vn 0.3124 0.3470 0.8843
vn 0.1351 0.2004 0.9704
vn 0.0968 0.0099 0.9953
vn 0.1031 -0.2912 0.9511
vn -0.2768 -0.4488 0.8497
vn -0.2417 -0.3916 0.8878
vn -0.1021 -0.6777 0.7282
vn -0.1511 -0.7985 0.5827
vn -0.3011 -0.8920 0.3371
vn -0.2533 -0.9577 0.1368
vn -0.2818 -0.9578 -0.0567
vn -0.3006 -0.9210 -0.2478
vn -0.3952 -0.7739 -0.4948
vn -0.3055 -0.6791 -0.6675
vn -0.2903 -0.5321 -0.7953
vn -0.1448 -0.5628 -0.8138
vn -0.3085 -0.2593 -0.9152
vn -0.2776 0.0258 -0.9604
vn -0.2090 0.3065 -0.9286
vn -0.0710 0.4678 -0.8810
vn -0.0199 0.6268 -0.7789
vn 0.0310 0.7622 -0.6466
vn 0.0798 0.8687 -0.4889
vn 0.1211 0.9423 -0.3122
vn -0.9852 0.1709 0.0111
vn -0.9708 0.2396 -0.0087
vn -0.9785 0.2010 -0.0455
vn -0.9815 0.1767 0.0743
vn -0.9660 0.2556 0.0398
vn 0.9759 -0.2121 0.0507
vn 0.9643 -0.2648 0.0033
vn 0.9825 -0.1861 0.0014
vn 0.9770 -0.2073 -0.0507
vn -0.9591 0.2723 -0.0778
vn -0.9661 0.2358 0.1055
vn -0.9794 0.1793 -0.0925
vn -0.9485 0.3155 0.0297
vn -0.9914 0.1248 -0.0405
vn -0.9924 0.1169 0.0383
vn -0.9449 0.0632 0.3211
vn -0.9396 0.1765 0.2932
vn -0.9698 0.0781 0.2311
vn -0.8766 0.4214 -0.2325
vn -0.9046 0.4071 -0.1263
vn -0.8619 0.4891 -0.1336
vn -0.9647 0.0124 0.2630
vn -0.9945 -0.1031 0.0185
vn -0.9995 -0.0237 -0.0198
vn -0.9913 -0.0871 -0.0989
vn -0.8674 0.4967 -0.0311
vn -0.9955 -0.0000 -0.0951
vn -0.9843 -0.0199 0.1755
vn -0.9792 -0.0338 -0.2002
vn -0.8969 0.4377 0.0632
vn -0.8544 0.5129 0.0835
vn -0.9845 0.0538 -0.1671
vn -0.9973 -0.0182 0.0718
vn -0.9853 -0.1149 0.1267
vn -0.9629 0.0412 -0.2668
vn -0.9678 0.1196 -0.2213
vn -0.8916 0.4241 0.1589
vn -0.8629 0.4662 0.1952
vn -0.9374 0.1313 -0.3226
vn -0.8908 0.3836 0.2434
vn -0.9522 0.1998 -0.2311
vn -0.9228 0.2215 -0.3152
vn -0.9221 0.2843 0.2627
vn -0.8916 0.3355 0.3042
vn -0.9262 0.2769 -0.2559
vn -0.8867 0.3378 -0.3157
vn -0.9015 0.2549 0.3498
vn -0.9081 0.3621 -0.2103
vn -0.9443 0.3041 -0.1255
vn -0.9321 0.3613 -0.0258
vn -0.9056 0.4225 -0.0367
vn -0.9983 0.0578 0.0112
vn -0.9687 0.1390 0.2057
vn -0.9798 0.1444 0.1384
vn -0.9904 0.0682 0.1198
vn -0.9909 0.0932 -0.0967
vn -0.9366 0.3364 0.0980
vn -0.9176 0.3698 0.1456
vn -0.9702 0.1896 -0.1511
vn -0.9394 0.2740 0.2061
vn -0.9577 0.2354 0.1657
vn -0.9359 0.2992 -0.1859
vn -0.8430 0.3913 -0.3691
vn -0.8387 0.4500 -0.3068
vn -0.8690 0.2501 0.4269
vn -0.9003 0.1667 0.4020
vn -0.8764 0.2798 -0.3920
vn -0.8598 0.3444 0.3770
vn -0.9234 0.0723 -0.3770
vn -0.8995 0.1825 -0.3969
vn -0.9387 0.3427 -0.0381
vn -0.9804 -0.1838 0.0712
vn -0.9479 -0.0760 -0.3092
vn -0.9665 -0.0950 -0.2385
vn -0.9462 -0.0107 -0.3234
vn -0.9685 -0.1227 0.2168
vn -0.9291 -0.0065 0.3697
vn -0.9551 -0.0695 0.2881
vn -0.9164 0.0982 0.3881
vn -0.8267 0.5066 -0.2449
vn -0.8387 0.4289 0.3356
vn -0.8258 0.4913 0.2771
vn -0.8152 0.5410 0.2068
vn -0.9828 -0.1844 -0.0129
vn -0.8087 0.5708 0.1419
vn -0.8046 0.5910 0.0587
vn -0.8094 0.5868 -0.0240
vn -0.9749 -0.1470 -0.1674
vn -0.9808 -0.1745 -0.0873
vn -0.8091 0.5779 -0.1067
vn -0.8148 0.5498 -0.1838
vn 0.5050 0.5767 -0.6421
vn 0.4172 0.2159 -0.8828
vn 0.3693 0.5413 -0.7554
vn 0.3336 0.3820 -0.8618
vn 0.9238 -0.1768 -0.3397
vn 0.9577 0.0600 -0.2814
vn 0.9637 0.0849 -0.2533
vn 0.3206 0.3081 -0.8957
vn 0.3160 0.3067 -0.8978
vn 0.8134 -0.5775 0.0704
vn 0.8119 -0.5828 0.0330
vn 0.2956 0.2193 -0.9298
vn 0.2958 0.2193 -0.9297
vn 0.9760 0.1265 0.1775
vn 0.9794 0.1425 0.1429
vn 0.2754 0.1309 -0.9524
vn 0.2756 0.1310 -0.9523
vn 0.9690 0.1072 -0.2226
vn 0.2546 0.0392 -0.9663
vn 0.2548 0.0394 -0.9662
vn 0.8113 -0.5846 -0.0050
vn 0.8113 -0.5847 -0.0050
vn 0.2336 -0.0534 -0.9709
vn 0.2338 -0.0533 -0.9708
vn 0.9717 0.1072 0.2106
vn 0.2126 -0.1460 -0.9662
vn 0.2128 -0.1459 -0.9661
vn 0.9737 0.1265 -0.1895
vn 0.9737 0.1265 -0.1896
vn 0.1919 -0.2378 -0.9522
vn 0.1920 -0.2377 -0.9522
vn 0.8114 -0.5829 -0.0430
vn 0.1715 -0.3278 -0.9290
vn 0.1716 -0.3278 -0.9290
vn 0.8037 -0.5087 0.3086
vn 0.7952 -0.5387 0.2782
vn 0.8248 -0.5093 0.2458
vn 0.8414 -0.4462 0.3048
vn 0.1516 -0.4153 -0.8970
vn 0.9776 0.1425 -0.1550
vn 0.0257 -0.9961 0.0846
vn 0.0220 -0.9998 -0.0002
vn 0.1049 -0.9745 -0.1983
vn 0.1325 -0.4993 -0.8562
vn 0.8124 -0.5775 -0.0804
vn 0.2318 -0.4134 -0.8805
vn 0.1144 -0.5789 -0.8073
vn 0.0373 -0.9597 0.2784
vn 0.0332 -0.9590 0.2816
vn 0.0286 -0.9795 0.1996
vn 0.1073 -0.6475 -0.7545
vn 0.9807 0.1550 -0.1192
vn 0.0410 -0.9276 0.3712
vn 0.0410 -0.9277 0.3712
vn 0.8143 -0.5685 -0.1172
vn 0.2680 -0.4916 -0.8285
vn 0.0837 -0.7286 -0.6798
vn 0.0507 -0.8879 0.4572
vn 0.9931 0.1129 0.0312
vn 0.9611 0.0600 0.2695
vn 0.9549 0.0324 0.2951
vn 0.0731 -0.7828 -0.6180
vn 0.0680 -0.7847 -0.6162
vn 0.0623 -0.8401 0.5389
vn 0.0581 -0.8382 0.5423
vn 0.0557 -0.8400 -0.5397
vn 0.0510 -0.8416 -0.5377
vn 0.0708 -0.7903 0.6087
vn 0.2499 -0.5678 0.7843
vn 0.8169 -0.5561 -0.1528
vn 0.0461 -0.8823 -0.4684
vn 0.1833 -0.8650 0.4672
vn 0.0289 -0.9344 -0.3551
vn 0.1044 -0.9718 -0.2115
vn 0.9482 0.0026 0.3178
vn 0.0264 -0.9577 -0.2865
vn 0.0301 -0.9572 -0.2878
vn 0.8203 -0.5404 -0.1871
vn 0.3446 -0.8106 0.4735
vn 0.1421 -0.5664 0.8118
vn 0.2857 -0.4564 0.8426
vn 0.0251 -0.9815 -0.1896
vn 0.9409 -0.0294 0.3374
vn 0.1616 -0.5162 0.8411
vn 0.8245 -0.5215 -0.2196
vn 0.8313 -0.5556 -0.0132
vn 0.2380 -0.6743 0.6991
vn 0.1675 -0.4076 0.8977
vn 0.9332 -0.0633 0.3538
vn 0.1868 -0.3315 0.9248
vn 0.1830 -0.3278 0.9269
vn 0.2037 -0.2378 0.9497
vn 0.2036 -0.2377 0.9498
vn 0.4516 0.3249 -0.8310
vn 0.5447 0.7261 -0.4197
vn 0.4217 0.6759 -0.6044
vn 0.4274 0.7157 -0.5524
vn 0.6892 0.7045 -0.1696
vn 0.4364 0.7789 -0.4504
vn 0.4376 0.8181 -0.3732
vn 0.5223 0.8345 -0.1754
vn 0.4879 0.7407 -0.4619
vn 0.4453 0.8492 -0.2838
vn 0.4426 0.8740 -0.2008
vn 0.5447 0.7483 -0.3787
vn 0.4520 0.8876 -0.0886
vn 0.4175 0.9084 -0.0236
vn 0.4933 0.8697 0.0165
vn 0.4261 0.9046 0.0115
vn 0.4562 0.8862 0.0806
vn 0.5643 0.8233 -0.0611
vn 0.5503 0.7458 0.3755
vn 0.4525 0.8502 0.2692
vn 0.3636 0.4787 0.7991
vn 0.5079 0.5075 0.6961
vn 0.4146 0.1637 0.8951
vn 0.3269 0.2984 0.8967
vn 0.3036 0.2237 0.9262
vn 0.3072 0.2193 0.9260
vn 0.2872 0.1310 0.9489
vn 0.2873 0.1309 0.9489
vn 0.2665 0.0393 0.9630
vn 0.2666 0.0392 0.9630
vn 0.2456 -0.0532 0.9679
vn 0.2457 -0.0534 0.9679
vn 0.2245 -0.1459 0.9635
vn 0.2247 -0.1461 0.9634
vn 0.9512 0.0324 -0.3069
vn 0.9442 0.0026 -0.3295
vn 0.9442 0.0026 -0.3294
vn 0.0225 -0.9952 -0.0954
vn 0.8157 -0.5685 0.1071
vn 0.8156 -0.5686 0.1071
vn 0.9821 0.1550 0.1070
vn 0.9821 0.1550 0.1071
vn -0.9743 0.2130 0.0730
vn -0.9807 0.1661 0.1027
vn -0.9768 0.1884 -0.1017
vn -0.9735 0.2204 -0.0614
vn -0.9724 0.2215 0.0734
vn -0.9815 0.1848 -0.0495
vn -0.9693 0.2343 0.0741
vn -0.9840 0.1736 -0.0399
vn -0.9668 0.2462 0.0681
vn -0.9856 0.1664 -0.0288
vn -0.9548 0.2796 0.1012
vn -0.9572 0.2894 -0.0077
vn -0.9428 0.3323 0.0248
vn -0.9868 0.1610 -0.0164
vn -0.9611 0.2717 0.0494
vn -0.9875 0.1579 -0.0031
vn -0.9591 0.2814 -0.0309
vn -0.9586 0.2819 0.0399
vn -0.9874 0.1577 0.0111
vn -0.9616 0.2717 -0.0399
vn -0.9577 0.2863 0.0288
vn -0.9866 0.1612 0.0241
vn -0.9650 0.2577 -0.0480
vn -0.9854 0.1662 0.0358
vn -0.9640 0.2602 -0.0540
vn -0.9838 0.1730 0.0469
vn -0.9694 0.2374 -0.0617
vn -0.9820 0.1804 0.0564
vn -0.9724 0.2258 -0.0590
vn -0.8578 0.5139 -0.0017
vn -0.8140 0.5807 -0.0170
vn -0.8216 0.5645 -0.0790
vn -0.7799 0.6169 -0.1057
vn -0.8329 0.5332 -0.1484
vn -0.8235 0.5436 -0.1620
vn -0.8430 0.4962 -0.2075
vn -0.8325 0.5058 -0.2261
vn -0.8544 0.4497 -0.2603
vn -0.8443 0.4560 -0.2814
vn -0.8676 0.3944 -0.3029
vn -0.8587 0.3963 -0.3248
vn -0.8816 0.3326 -0.3349
vn -0.8737 0.3303 -0.3572
vn -0.8977 0.2655 -0.3517
vn -0.8903 0.2590 -0.3746
vn -0.9134 0.1963 -0.3565
vn -0.9071 0.1855 -0.3779
vn -0.9350 0.1292 -0.3303
vn -0.9431 0.1357 -0.3036
vn -0.8633 -0.0334 -0.5037
vn -0.9635 0.0695 -0.2585
vn -0.9467 0.0123 -0.3220
vn -0.9637 -0.0246 -0.2657
vn -0.9600 -0.0461 -0.2763
vn -0.9743 -0.0716 -0.2134
vn -0.9710 -0.0945 -0.2196
vn -0.9823 -0.1079 -0.1529
vn -0.9792 -0.1314 -0.1546
vn -0.9875 -0.1320 -0.0862
vn -0.9843 -0.1552 -0.0837
vn -0.9895 -0.1435 -0.0160
vn -0.9861 -0.1661 -0.0092
vn -0.9886 -0.1400 0.0548
vn -0.9848 -0.1607 0.0655
vn -0.9844 -0.1249 0.1241
vn -0.9801 -0.1423 0.1381
vn -0.9773 -0.0961 0.1890
vn -0.9724 -0.1105 0.2056
vn -0.9675 -0.0556 0.2468
vn -0.9619 -0.0662 0.2653
vn -0.9592 0.0119 0.2824
vn -0.9668 0.0383 0.2526
vn -0.8535 -0.0678 0.5166
vn -0.9511 0.1089 0.2891
vn -0.9240 0.0850 0.3729
vn -0.9189 0.1531 0.3636
vn -0.9099 0.1559 0.3845
vn -0.9025 0.2224 0.3688
vn -0.8933 0.2290 0.3868
vn -0.8869 0.2913 0.3585
vn -0.8771 0.3010 0.3743
vn -0.8794 0.3549 0.3172
vn -0.8966 0.3425 0.2806
vn -0.7269 0.5026 0.4679
vn -0.8816 0.4082 0.2371
vn -0.8403 0.4602 0.2864
vn -0.8414 0.4914 0.2251
vn -0.8291 0.5094 0.2306
vn -0.8334 0.5276 0.1645
vn -0.8209 0.5464 0.1661
vn -0.8398 0.5357 0.0882
vn -0.8615 0.5019 0.0775
vn -0.6746 0.7367 0.0461
vn 0.9613 -0.2616 0.0859
vn 0.9532 -0.2946 -0.0681
vn 0.9688 -0.2222 -0.1097
vn 0.9850 -0.1547 0.0767
vn 0.9929 -0.1191 -0.0030
vn 0.9484 -0.3167 0.0126
vn 0.9868 -0.1428 -0.0757
vn 0.9388 -0.1318 -0.3182
vn 0.9684 -0.0816 -0.2356
vn 0.9440 -0.1854 -0.2729
vn 0.8724 -0.4421 0.2086
vn 0.9001 -0.4233 0.1034
vn 0.9049 -0.3747 0.2018
vn 0.9639 -0.0231 -0.2652
vn 0.8586 -0.5022 0.1033
vn 0.9946 0.1021 -0.0183
vn 0.9908 0.0901 0.1009
vn 0.9994 0.0172 0.0316
vn 0.9938 0.0225 0.1089
vn 0.9840 0.0235 -0.1766
vn 0.8931 -0.4493 0.0201
vn 0.8531 -0.5214 -0.0215
vn 0.9815 0.0101 0.1913
vn 0.8961 -0.4389 -0.0661
vn 0.9852 0.1152 -0.1271
vn 0.9975 0.0156 -0.0689
vn 0.8589 -0.4923 -0.1411
vn 0.9633 -0.0427 0.2651
vn 0.9690 -0.1187 0.2166
vn 0.8957 -0.4045 -0.1845
vn 0.8736 -0.4208 -0.2444
vn 0.9405 -0.1100 0.3214
vn 0.9230 -0.2241 0.3129
vn 0.9534 -0.1921 0.2328
vn 0.8775 -0.3534 -0.3241
vn 0.9180 -0.3024 -0.2567
vn 0.9329 -0.2796 0.2270
vn 0.9124 -0.2517 -0.3226
vn 0.8945 -0.3420 0.2880
vn 0.9302 -0.3666 0.0169
vn 0.9342 -0.3340 0.1257
vn 0.9747 -0.1390 -0.1750
vn 0.9883 -0.0491 -0.1447
vn 0.9917 -0.0874 -0.0947
vn 0.9906 -0.0523 0.1264
vn 0.9981 -0.0611 0.0093
vn 0.9862 -0.1164 0.1180
vn 0.9363 -0.3377 -0.0960
vn 0.9148 -0.3830 -0.1285
vn 0.9630 -0.2236 0.1504
vn 0.9301 -0.3129 -0.1923
vn 0.9570 -0.2420 -0.1598
vn 0.9512 -0.2154 -0.2208
vn 0.8301 -0.4297 0.3553
vn 0.8651 -0.3466 0.3625
vn 0.8502 -0.3362 -0.4051
vn 0.8712 -0.2875 -0.3980
vn 0.8378 -0.4244 -0.3434
vn 0.9130 -0.0790 0.4003
vn 0.9042 -0.1726 0.3907
vn 0.9397 -0.0027 0.3420
vn 0.9725 0.1873 -0.1385
vn 0.9805 0.1833 -0.0706
vn 0.9686 0.1235 -0.2159
vn 0.9041 -0.1354 -0.4053
vn 0.9262 -0.0532 -0.3734
vn 0.8921 -0.2089 -0.4006
vn 0.8823 -0.2639 0.3897
vn 0.8260 -0.4943 -0.2711
vn 0.8162 -0.5373 -0.2124
vn 0.9827 0.1845 0.0158
vn 0.8087 -0.5724 -0.1356
vn 0.9555 0.0585 0.2890
vn 0.8052 -0.5895 -0.0647
vn 0.9677 0.1073 0.2280
vn 0.8075 -0.5892 0.0278
vn 0.9751 0.1458 0.1669
vn 0.9555 0.0743 -0.2855
vn 0.9808 0.1746 0.0869
vn 0.8073 -0.5803 0.1071
vn 0.9403 0.0141 -0.3401
vn 0.8167 -0.5473 0.1828
vn 0.8983 -0.0749 -0.4330
vn 0.9061 -0.0352 -0.4215
vn 0.7910 -0.5623 0.2414
vn 0.9167 0.0038 -0.3996
vn 0.7839 -0.5858 0.2055
vn 0.9727 0.2319 -0.0092
vn 0.9725 0.2292 0.0411
vn 0.9240 0.0410 -0.3803
vn 0.7813 -0.6020 0.1647
vn 0.9714 0.2243 0.0782
vn 0.9333 0.0748 -0.3512
vn 0.7760 -0.6183 0.1249
vn 0.9691 0.2121 0.1263
vn 0.9396 0.1076 -0.3249
vn 0.7764 -0.6251 0.0800
vn 0.9663 0.2003 0.1619
vn 0.9483 0.1342 -0.2874
vn 0.7736 -0.6324 0.0397
vn 0.9619 0.1790 0.2066
vn 0.9535 0.1594 -0.2558
vn 0.7760 -0.6307 -0.0072
vn 0.9575 0.1605 0.2398
vn 0.9635 0.1756 -0.2022
vn 0.7744 -0.6311 -0.0452
vn 0.9512 0.1310 0.2792
vn 0.9944 -0.0161 -0.1047
vn 0.7758 -0.6239 -0.0939
vn 0.9454 0.1068 0.3078
vn 0.7776 -0.6152 -0.1300
vn 0.9377 0.0706 0.3403
vn 0.9700 0.2281 -0.0846
vn 0.7811 -0.5989 -0.1765
vn 0.9306 0.0414 0.3636
vn 0.9721 0.2298 -0.0468
vn 0.7845 -0.5836 -0.2100
vn 0.9220 -0.0030 0.3872
vn 0.7899 -0.5588 -0.2526
vn 0.9150 -0.0289 0.4025
vn 0.7947 -0.5374 -0.2821
vn 0.8954 -0.0700 0.4397
vn 0.8029 -0.5035 -0.3191
vn 0.8921 -0.1217 0.4352
vn 0.8088 -0.4794 -0.3407
vn 0.8843 -0.1594 0.4389
vn 0.8107 -0.4458 -0.3796
vn 0.8765 -0.2051 0.4356
vn 0.8334 -0.3918 -0.3899
vn 0.8663 -0.2425 0.4367
vn 0.9208 -0.3198 -0.2232
vn 0.8569 -0.2911 0.4255
vn 0.8502 -0.3234 0.4155
vn 0.8508 -0.2768 -0.4466
vn 0.8377 -0.3731 0.3989
vn 0.8605 -0.2435 -0.4475
vn 0.9187 -0.3250 0.2245
vn 0.8726 -0.2004 -0.4455
vn 0.8797 -0.1669 -0.4452
vn 0.8073 -0.4879 0.3320
vn 0.8854 -0.1151 -0.4503
vn -0.9910 0.0857 -0.1026
vn -0.9950 0.0646 -0.0755
vn -0.9033 -0.3049 -0.3019
vn -0.9929 0.1096 0.0456
vn -0.9908 0.0840 0.1064
vn -0.9002 -0.3197 0.2956
vn -0.9529 0.2608 -0.1546
vn -0.9601 0.2293 -0.1602
vn -0.7968 0.1450 -0.5866
vn -0.7712 0.2581 -0.5819
vn -0.9850 0.1160 0.1278
vn -0.9174 0.2983 0.2635
vn -0.8407 -0.0748 0.5362
vn -0.8591 -0.1584 0.4866
vn -0.9670 0.1970 -0.1616
vn -0.8230 0.0398 -0.5666
vn -0.9658 0.1908 0.1755
vn -0.8224 0.0396 0.5676
vn -0.9719 0.1494 -0.1818
vn -0.8416 -0.0418 -0.5385
vn -0.9571 0.2052 0.2044
vn -0.7957 0.1320 0.5911
vn -0.9778 0.1541 -0.1421
vn -0.8579 -0.1201 -0.4995
vn -0.9624 0.2141 0.1674
vn -0.7751 0.2138 0.5945
vn -0.9843 0.1106 -0.1377
vn -0.8808 -0.1767 -0.4393
vn -0.9460 0.2543 0.2011
vn -0.7576 0.2970 0.5812
vn -0.8889 -0.2392 -0.3907
vn -0.9519 0.2603 0.1616
vn -0.7353 0.3822 0.5597
vn -0.9455 0.2895 0.1494
vn -0.7224 0.4854 0.4924
vn -0.8953 0.4454 0.0067
vn -0.9262 0.3766 -0.0156
vn -0.6599 0.7504 -0.0364
vn -0.9852 0.0911 0.1452
vn -0.8798 -0.2530 0.4025
vn -0.9508 0.2917 0.1042
vn -0.6898 0.5962 0.4107
vn -0.9291 0.3530 0.1102
vn -0.9965 0.0680 -0.0497
vn -0.9138 -0.3855 -0.1279
vn -0.8909 -0.3962 -0.2220
vn -0.6774 0.6674 0.3093
vn -0.9233 0.3805 -0.0511
vn -0.9427 0.3321 -0.0312
vn -0.5246 0.7634 -0.3768
vn -0.6718 0.7281 -0.1360
vn -0.9241 0.3730 0.0836
vn -0.9981 0.0578 -0.0215
vn -0.9269 -0.3753 -0.0054
vn -0.6568 0.7248 0.2079
vn -0.9419 0.3306 -0.0588
vn -0.5443 0.6794 -0.4920
vn -0.9989 0.0424 0.0196
vn -0.9153 0.3988 0.0568
vn -0.9264 0.3738 0.0444
vn -0.6551 0.7506 0.0869
vn -0.9456 0.3158 -0.0781
vn -0.6061 0.5694 -0.5554
vn -0.9949 0.0983 0.0238
vn -0.8083 -0.5284 0.2595
vn -0.9015 0.4327 0.0098
vn -0.6506 0.7593 0.0158
vn -0.9462 0.3055 -0.1068
vn -0.7153 0.4595 -0.5264
vn -0.9461 0.2904 -0.1434
vn -0.7461 0.3676 -0.5552
vn 0.9288 -0.0633 -0.3652
vn 0.9206 -0.0985 -0.3779
vn 0.9206 -0.0984 -0.3780
vn 0.9288 -0.0633 -0.3653
vn 0.9647 -0.0019 -0.2633
vn 0.9830 0.1640 -0.0822
vn 0.9845 0.1695 -0.0446
vn 0.8294 -0.4996 -0.2500
vn 0.8349 -0.4749 -0.2781
vn 0.9170 -0.1345 0.3756
vn 0.9252 -0.0985 0.3666
vn 0.9252 -0.0985 0.3665
vn 0.9170 -0.1345 0.3755
vn 0.9367 -0.0294 -0.3490
vn 0.8187 -0.5562 0.1427
vn 0.9852 0.1713 -0.0061
vn 0.9840 0.1640 0.0701
vn 0.8448 -0.4476 0.2932
vn 0.8383 -0.4749 0.2678
vn 0.9123 -0.1345 -0.3868
vn 0.9123 -0.1345 -0.3869
vn -0.4769 0.4460 0.7574
vn -0.4730 0.4984 0.7265
vn 0.8226 -0.5404 0.1769
vn 0.8518 -0.4181 0.3158
vn 0.9850 0.1695 0.0324
vn 0.9039 -0.1712 -0.3920
vn 0.8954 -0.2083 -0.3934
vn 0.8955 -0.2083 -0.3934
vn 0.9039 -0.1712 -0.3921
vn 0.8272 -0.5215 0.2094
vn 0.8592 -0.3865 0.3353
vn 0.8871 -0.2452 -0.3911
vn 0.8670 -0.3530 0.3516
vn 0.8324 -0.4996 0.2398
vn 0.8788 -0.2818 -0.3852
vn 0.8788 -0.2817 -0.3851
vn 0.8752 -0.3178 0.3647
vn 0.8753 -0.3178 0.3646
vn 0.8706 -0.3178 -0.3755
vn 0.8707 -0.3178 -0.3754
vn 0.8835 -0.2818 0.3743
vn 0.8835 -0.2817 0.3742
vn 0.8626 -0.3530 -0.3623
vn 0.8918 -0.2452 0.3802
vn 0.8919 -0.2452 0.3801
vn 0.8550 -0.3865 -0.3459
vn 0.8550 -0.3865 -0.3458
vn 0.9002 -0.2083 0.3824
vn 0.9003 -0.2082 0.3823
vn 0.8478 -0.4181 -0.3263
vn 0.9086 -0.1712 0.3809
vn 0.9087 -0.1712 0.3808
vn 0.8411 -0.4476 -0.3036
vn -0.4998 0.3433 0.7952
vn -0.6750 -0.4305 0.5992
vn -0.6696 -0.3949 0.6290
vn -0.5194 0.2993 -0.8004
vn -0.5419 0.1877 -0.8192
vn -0.6454 -0.3069 0.6995
vn -0.5550 0.1431 -0.8195
vn -0.6386 -0.2672 0.7217
vn -0.5781 0.0305 -0.8154
vn -0.6126 -0.1645 0.7731
vn -0.5915 -0.0140 -0.8062
vn -0.6046 -0.1209 0.7873
vn -0.6181 -0.1126 -0.7780
vn -0.5877 -0.0179 0.8089
vn -0.6346 -0.1791 -0.7518
vn -0.5720 0.0528 0.8185
vn -0.6414 -0.2370 -0.7297
vn -0.5527 0.1097 0.8261
vn -0.6669 -0.3245 -0.6708
vn -0.5339 0.2162 0.8174
vn -0.6805 -0.3806 -0.6261
vn -0.5190 0.2867 0.8052
vn -0.6849 -0.4285 -0.5893
vn -0.6992 -0.5058 -0.5052
vn -0.4108 0.9117 0.0039
vn -0.3460 0.9337 -0.0925
vn -0.7078 -0.5304 -0.4666
vn -0.3829 0.9113 -0.1512
vn -0.7244 -0.5805 -0.3718
vn 0.4615 0.8206 -0.3371
vn -0.3672 0.9029 -0.2233
vn -0.7316 -0.6095 -0.3053
vn -0.3794 0.8682 -0.3199
vn -0.7307 -0.6351 -0.2504
vn -0.4407 0.5605 0.7011
vn 0.4029 0.5034 0.7644
vn -0.4238 0.6424 0.6385
vn -0.4152 0.8298 -0.3729
vn -0.7286 -0.6715 -0.1348
vn -0.4441 0.6813 0.5819
vn -0.3946 0.7929 -0.4644
vn -0.7195 -0.6869 -0.1024
vn -0.3914 0.7614 0.5167
vn -0.4357 0.7448 -0.5054
vn -0.7589 -0.6508 0.0232
vn -0.3995 0.7844 0.4744
vn -0.4190 0.6911 -0.5889
vn 0.1784 -0.9755 0.1285
vn -0.7297 -0.6801 0.0698
vn -0.3834 0.8434 0.3764
vn -0.4615 0.6363 -0.6182
vn -0.7288 -0.6629 0.1714
vn -0.3825 0.8617 0.3335
vn -0.4624 0.5707 -0.6786
vn -0.7459 -0.6241 0.2326
vn -0.3711 0.9008 0.2255
vn -0.4815 0.4924 -0.7250
vn -0.7123 -0.6198 0.3294
vn -0.3723 0.9105 0.1799
vn -0.3755 0.9240 0.0721
vn -0.7323 -0.5677 0.3761
vn -0.3768 0.9263 0.0021
vn -0.6909 -0.5401 0.4805
vn -0.4848 0.4488 -0.7507
vn -0.6955 -0.5035 0.5126
vn -0.5065 0.3430 -0.7911
vn 0.8010 -0.5479 -0.2411
vn 0.9667 0.0849 0.2414
vn 0.8060 -0.5241 -0.2751
vn 0.8121 -0.4967 -0.3063
vn 0.9711 0.1938 0.1393
vn 0.5196 0.6080 0.6003
vn 0.9671 0.1635 0.1950
vn 0.5676 0.7978 0.2033
vn 0.9584 0.1356 0.2513
vn 0.5088 0.5122 0.6919
vn 0.4745 0.4080 0.7800
vn 0.5522 0.7007 0.4519
vn 0.9446 0.0595 0.3228
vn 0.4202 0.3497 0.8374
vn 0.8234 -0.4660 0.3238
vn 0.8158 -0.4966 0.2962
vn 0.7911 -0.6000 0.1188
vn 0.7882 -0.6104 0.0783
vn 0.7773 -0.6262 0.0603
vn 0.9755 0.2200 -0.0062
vn 0.0589 0.9940 0.0924
vn 0.0723 0.9238 0.3760
vn 0.1423 0.8201 0.5542
vn 0.1134 0.6993 0.7058
vn 0.0808 0.5517 0.8301
vn 0.0435 0.3828 0.9228
vn -0.1069 0.1270 0.9861
vn -0.0291 -0.2910 0.9563
vn -0.3913 -0.4487 0.8035
vn -0.3617 -0.3917 0.8460
vn -0.3020 -0.7138 0.6319
vn -0.2421 -0.8474 0.4726
vn -0.2599 -0.9204 0.2923
vn -0.2697 -0.9577 0.1006
vn -0.3538 -0.9163 -0.1875
vn -0.2568 -0.8891 -0.3789
vn -0.2374 -0.7997 -0.5515
vn -0.2109 -0.6790 -0.7032
vn -0.1781 -0.5321 -0.8277
vn -0.1787 -0.2594 -0.9491
vn -0.0818 -0.0864 -0.9929
vn -0.0336 0.1035 -0.9941
vn 0.0082 0.2911 -0.9566
vn 0.0513 0.4677 -0.8824
vn 0.0880 0.6268 -0.7742
vn 0.1197 0.7622 -0.6362
vn 0.1465 0.8686 -0.4734
vn 0.0813 0.9770 -0.1973
vn -0.9668 0.2543 -0.0266
vn -0.9761 0.2174 0.0056
vn -0.9667 0.2525 0.0423
vn -0.9826 0.1814 0.0396
vn -0.9820 0.1858 -0.0342
vn 0.9859 -0.1667 -0.0165
vn 0.9790 -0.1995 0.0427
vn 0.9762 -0.2166 -0.0062
vn 0.9735 -0.2215 -0.0564
vn 0.9651 -0.2620 0.0065
vn -0.9701 0.2223 -0.0970
vn -0.9550 0.2882 -0.0701
vn -0.9716 0.2112 0.1068
vn -0.9533 0.2941 0.0682
vn -0.9866 0.1476 -0.0698
vn -0.9876 0.1376 0.0759
vn -0.9932 0.1168 -0.0006
vn -0.9490 0.3148 -0.0135
vn -0.9401 0.1303 0.3149
vn -0.9442 0.1886 0.2700
vn -0.9679 0.0792 0.2384
vn -0.8740 0.4395 -0.2074
vn -0.9040 0.3757 -0.2042
vn -0.8883 0.4450 -0.1136
vn -0.9639 0.0227 0.2652
vn -0.8581 0.5031 -0.1026
vn -0.9944 -0.1039 0.0206
vn -0.9984 -0.0518 -0.0232
vn -0.9911 -0.0886 -0.0990
vn -0.9937 -0.0240 -0.1094
vn -0.9860 0.0013 0.1667
vn -0.8802 0.4740 -0.0241
vn -0.9816 -0.0480 0.1847
vn -0.8532 0.5212 0.0212
vn -0.9795 -0.0366 -0.1983
vn -0.8819 0.4662 0.0702
vn -0.9825 0.0278 -0.1839
vn -0.9962 -0.0433 0.0758
vn -0.9858 -0.1116 0.1254
vn -0.8597 0.4919 0.1376
vn -0.9626 0.0419 -0.2677
vn -0.9644 0.1100 -0.2406
vn -0.8911 0.4228 0.1648
vn -0.8549 0.4609 0.2383
vn -0.9430 0.1351 -0.3042
vn -0.9038 0.3672 0.2198
vn -0.8837 0.3820 0.2706
vn -0.9515 0.2017 -0.2323
vn -0.9213 0.2273 -0.3154
vn -0.9198 0.2946 0.2592
vn -0.9254 0.2779 -0.2575
vn -0.9026 0.2973 0.3114
vn -0.8968 0.3393 -0.2841
vn -0.9183 0.2260 0.3250
vn -0.9734 0.1172 0.1968
vn -0.9681 0.1910 0.1624
vn -0.9849 0.1182 0.1267
vn -0.9156 0.3883 -0.1039
vn -0.9447 0.3057 -0.1183
vn -0.9315 0.3634 -0.0173
vn -1.0000 0.0059 -0.0048
vn -0.9968 0.0656 0.0455
vn -0.9959 0.0720 -0.0543
vn -0.9067 0.4216 -0.0149
vn -0.9961 0.0254 -0.0849
vn -0.9883 0.0548 0.1420
vn -0.9965 0.0153 0.0826
vn -0.9840 0.1278 -0.1241
vn -0.9878 0.0643 -0.1421
vn -0.9108 0.4059 0.0747
vn -0.9354 0.3405 0.0956
vn -0.9733 0.1322 -0.1879
vn -0.9205 0.3574 0.1577
vn -0.9651 0.2126 -0.1530
vn -0.9513 0.2673 0.1535
vn -0.9372 0.2818 0.2056
vn -0.9392 0.2827 -0.1947
vn -0.9536 0.2074 0.2181
vn -0.9248 0.3453 -0.1597
vn -0.8187 0.4811 -0.3134
vn -0.8420 0.4787 -0.2488
vn -0.8061 0.5364 -0.2500
vn -0.8973 0.1213 0.4245
vn -0.9155 0.1648 0.3670
vn -0.9316 0.0779 0.3550
vn -0.8589 0.4196 -0.2936
vn -0.8346 0.4193 -0.3572
vn -0.8910 0.2142 0.4003
vn -0.8769 0.3394 -0.3404
vn -0.8498 0.3434 -0.3999
vn -0.8624 0.2661 0.4307
vn -0.8819 0.2928 0.3696
vn -0.8469 0.3407 0.4082
vn -0.8835 0.2630 -0.3877
vn -0.8658 0.3631 0.3444
vn -0.8252 0.4353 0.3600
vn -0.8886 0.1807 -0.4215
vn -0.9148 0.1675 -0.3675
vn -0.8504 0.4288 0.3050
vn -0.9121 0.0795 -0.4021
vn -0.8111 0.5081 0.2898
vn -0.9354 0.0826 -0.3437
vn -0.7995 0.5575 0.2233
vn -0.8287 0.5210 0.2045
vn -0.9393 0.0039 -0.3430
vn -0.9803 -0.1859 0.0664
vn -0.9879 -0.1540 -0.0166
vn -0.9770 -0.2111 -0.0314
vn -0.7912 0.5935 0.1476
vn -0.8252 0.5505 0.1264
vn -0.9707 -0.1875 0.1502
vn -0.7872 0.6131 0.0667
vn -0.8223 0.5656 0.0623
vn -0.9621 -0.1542 0.2247
vn -0.9717 -0.0991 0.2143
vn -0.7861 0.6179 -0.0147
vn -0.8233 0.5665 -0.0338
vn -0.9551 -0.0754 0.2864
vn -0.7898 0.6052 -0.0994
vn -0.8245 0.5529 -0.1203
vn -0.7959 0.5785 -0.1785
vn -0.9792 -0.1725 -0.1071
vn -0.8363 0.5158 -0.1859
vn -0.9189 0.0287 0.3935
vn -0.9404 -0.0117 0.3399
vn -0.9548 -0.0584 -0.2915
vn -0.9663 -0.1105 -0.2327
vn -0.9750 -0.1391 -0.1731
vn 0.3546 0.4713 -0.8076
vn 0.3546 0.4713 -0.8075
vn 0.3722 0.5455 -0.7509
vn 0.9577 0.0600 -0.2814
vn 0.9512 0.0324 -0.3069
vn 0.3359 0.3920 -0.8565
vn 0.9637 0.0849 -0.2533
vn 0.3159 0.3067 -0.8979
vn 0.3160 0.3067 -0.8978
vn 0.8134 -0.5775 0.0704
vn 0.8119 -0.5829 0.0330
vn 0.2956 0.2193 -0.9298
vn 0.2958 0.2193 -0.9297
vn 0.9903 0.1352 -0.0311
vn 0.9794 0.1425 0.1429
vn 0.9760 0.1265 0.1775
vn 0.2754 0.1309 -0.9524
vn 0.2756 0.1310 -0.9523
vn 0.9690 0.1072 -0.2225
vn 0.2546 0.0393 -0.9663
vn 0.2547 0.0393 -0.9662
vn 0.8113 -0.5847 -0.0050
vn 0.2336 -0.0534 -0.9709
vn 0.2338 -0.0533 -0.9708
vn 0.9717 0.1072 0.2106
vn 0.2126 -0.1460 -0.9662
vn 0.2128 -0.1459 -0.9661
vn 0.9737 0.1265 -0.1896
vn 0.1919 -0.2378 -0.9522
vn 0.1920 -0.2377 -0.9522
vn 0.8114 -0.5829 -0.0430
vn 0.1715 -0.3278 -0.9290
vn 0.1716 -0.3278 -0.9290
vn 0.9929 0.1136 -0.0345
vn 0.9667 0.0849 0.2413
vn 0.7993 -0.5153 0.3093
vn 0.7932 -0.5385 0.2844
vn 0.8059 -0.5367 0.2498
vn 0.8189 -0.4819 0.3116
vn 0.1516 -0.4153 -0.8970
vn 0.9776 0.1424 -0.1550
vn 0.9776 0.1425 -0.1550
vn 0.0236 -0.9952 0.0951
vn 0.0237 -0.9952 0.0951
vn 0.0220 -0.9998 -0.0002
vn 0.1324 -0.4993 -0.8562
vn 0.8124 -0.5775 -0.0804
vn 0.0274 -0.9815 0.1893
vn 0.9611 0.0600 0.2696
vn 0.0332 -0.9590 0.2816
vn 0.9807 0.1550 -0.1192
vn 0.1023 -0.9804 0.1684
vn 0.0410 -0.9276 0.3712
vn 0.8143 -0.5686 -0.1171
vn 0.8143 -0.5686 -0.1172
vn 0.0507 -0.8879 0.4572
vn 0.9549 0.0324 0.2951
vn 0.0623 -0.8401 0.5389
vn 0.0557 -0.8400 -0.5397
vn 0.0556 -0.8400 -0.5397
vn 0.1191 -0.8939 -0.4321
vn 0.0756 -0.7847 0.6153
vn 0.8169 -0.5561 -0.1528
vn 0.0451 -0.8879 -0.4578
vn 0.0450 -0.8879 -0.4578
vn 0.1326 -0.8301 -0.5417
vn 0.0364 -0.9276 -0.3717
vn 0.9482 0.0026 0.3178
vn 0.1068 -0.6535 0.7493
vn 0.2205 -0.4901 0.8433
vn 0.0905 -0.7223 0.6856
vn 0.0297 -0.9590 -0.2820
vn 0.8203 -0.5404 -0.1871
vn 0.1243 -0.5790 0.8058
vn 0.9409 -0.0294 0.3374
vn 0.1430 -0.4993 0.8545
vn 0.2598 -0.3213 0.9106
vn 0.8245 -0.5215 -0.2196
vn 0.1627 -0.4153 0.8950
vn 0.9332 -0.0633 0.3538
vn 0.1830 -0.3279 0.9268
vn 0.1829 -0.3278 0.9269
vn 0.2037 -0.2378 0.9497
vn 0.2036 -0.2377 0.9497
vn 0.3884 0.6140 -0.6871
vn 0.4032 0.6761 -0.6167
vn 0.4967 0.7514 -0.4343
vn 0.4164 0.7311 -0.5404
vn 0.4859 0.8740 0.0107
vn 0.4261 0.9046 0.0115
vn 0.5210 0.8458 -0.1145
vn 0.4559 0.8852 0.0921
vn 0.4534 0.8717 0.1861
vn 0.4488 0.8492 0.2782
vn 0.4422 0.8181 0.3677
vn 0.4336 0.7786 0.4536
vn 0.4336 0.7786 0.4537
vn 0.4231 0.7311 0.5352
vn 0.4231 0.7311 0.5353
vn 0.4108 0.6761 0.6117
vn 0.3969 0.6140 0.6822
vn 0.3814 0.5455 0.7463
vn 0.3645 0.4713 0.8031
vn 0.3929 0.2686 0.8795
vn 0.4529 0.5295 0.7173
vn 0.3525 0.0932 0.9312
vn 0.3071 0.2194 0.9260
vn 0.3072 0.2193 0.9260
vn 0.2872 0.1311 0.9489
vn 0.2873 0.1309 0.9488
vn 0.2665 0.0394 0.9630
vn 0.2666 0.0392 0.9630
vn 0.2456 -0.0533 0.9679
vn 0.2457 -0.0534 0.9679
vn 0.2246 -0.1459 0.9635
vn 0.2247 -0.1461 0.9634
vn 0.9442 0.0026 -0.3295
vn 0.1005 -0.9888 0.1103
vn 0.0225 -0.9952 -0.0954
vn 0.8157 -0.5685 0.1071
vn 0.8156 -0.5686 0.1071
vn -0.9507 -0.0595 0.3043
vn -0.9361 0.0020 0.3516
vn -0.8802 -0.0842 0.4670
vn -0.8995 -0.1646 0.4047
vn -0.9806 0.1664 0.1032
vn -0.9754 0.2095 0.0687
vn -0.9765 0.1910 -0.0997
vn -0.9747 0.2151 -0.0602
vn -0.9720 0.2238 0.0720
vn -0.9810 0.1879 -0.0490
vn -0.9696 0.2341 0.0708
vn -0.9838 0.1755 -0.0369
vn -0.9679 0.2418 0.0693
vn -0.9851 0.1698 -0.0267
vn -0.9544 0.2799 0.1038
vn -0.9567 0.2911 -0.0061
vn -0.9437 0.3299 0.0238
vn -0.9862 0.1647 -0.0149
vn -0.9586 0.2843 -0.0181
vn -0.9602 0.2748 0.0494
vn -0.9868 0.1619 -0.0024
vn -0.9601 0.2783 -0.0282
vn -0.9589 0.2810 0.0404
vn -0.9868 0.1617 0.0103
vn -0.9614 0.2721 -0.0403
vn -0.9577 0.2865 0.0283
vn -0.9863 0.1634 0.0230
vn -0.9639 0.2619 -0.0476
vn -0.9852 0.1677 0.0350
vn -0.9666 0.2507 -0.0525
vn -0.9836 0.1744 0.0459
vn -0.9702 0.2358 -0.0565
vn -0.9819 0.1813 0.0551
vn -0.9715 0.2292 -0.0608
vn -0.8578 0.5139 -0.0018
vn -0.8141 0.5805 -0.0169
vn -0.8291 0.5535 -0.0788
vn -0.8170 0.5693 -0.0915
vn -0.8348 0.5307 -0.1461
vn -0.8234 0.5439 -0.1621
vn -0.8430 0.4963 -0.2075
vn -0.8324 0.5059 -0.2261
vn -0.8543 0.4498 -0.2603
vn -0.8443 0.4560 -0.2814
vn -0.8676 0.3943 -0.3030
vn -0.8587 0.3964 -0.3248
vn -0.8816 0.3326 -0.3350
vn -0.8737 0.3304 -0.3571
vn -0.8977 0.2655 -0.3516
vn -0.8902 0.2589 -0.3749
vn -0.9134 0.1964 -0.3565
vn -0.9070 0.1855 -0.3782
vn -0.9350 0.1292 -0.3303
vn -0.9431 0.1356 -0.3037
vn -0.8634 -0.0334 -0.5034
vn -0.9635 0.0695 -0.2585
vn -0.9467 0.0122 -0.3220
vn -0.9637 -0.0246 -0.2658
vn -0.9600 -0.0459 -0.2762
vn -0.9743 -0.0715 -0.2134
vn -0.9710 -0.0945 -0.2197
vn -0.9823 -0.1080 -0.1530
vn -0.9792 -0.1313 -0.1546
vn -0.9875 -0.1321 -0.0862
vn -0.9844 -0.1551 -0.0835
vn -0.9895 -0.1434 -0.0160
vn -0.9861 -0.1661 -0.0093
vn -0.9886 -0.1400 0.0548
vn -0.9848 -0.1608 0.0655
vn -0.9844 -0.1248 0.1242
vn -0.9801 -0.1424 0.1381
vn -0.9773 -0.0962 0.1890
vn -0.9724 -0.1104 0.2055
vn -0.9675 -0.0555 0.2466
vn -0.9618 -0.0664 0.2656
vn -0.9592 0.0119 0.2825
vn -0.9669 0.0383 0.2522
vn -0.8537 -0.0678 0.5164
vn -0.9511 0.1089 0.2892
vn -0.9241 0.0851 0.3727
vn -0.9189 0.1532 0.3634
vn -0.9098 0.1559 0.3846
vn -0.9025 0.2224 0.3688
vn -0.8933 0.2291 0.3867
vn -0.8869 0.2913 0.3585
vn -0.8772 0.3011 0.3741
vn -0.8795 0.3549 0.3172
vn -0.8966 0.3425 0.2806
vn -0.7270 0.5025 0.4679
vn -0.8816 0.4082 0.2372
vn -0.8403 0.4603 0.2865
vn -0.8414 0.4913 0.2250
vn -0.8291 0.5093 0.2305
vn -0.8334 0.5276 0.1645
vn -0.8209 0.5465 0.1660
vn -0.8399 0.5356 0.0881
vn -0.8614 0.5019 0.0775
vn -0.6750 0.7364 0.0461
vn 0.9701 -0.2230 0.0954
vn 0.9571 -0.2809 0.0717
vn 0.9599 -0.2641 -0.0941
vn 0.9744 -0.1974 -0.1077
vn 0.9877 -0.1427 0.0637
vn 0.9507 -0.3072 -0.0437
vn 0.9870 -0.1418 -0.0763
vn 0.9936 -0.1124 -0.0109
vn 0.9491 -0.3138 0.0277
vn 0.8736 -0.4396 0.2086
vn 0.8881 -0.4454 0.1138
vn 0.9015 -0.3860 0.1955
vn 0.9397 -0.1302 -0.3162
vn 0.9643 -0.0265 -0.2634
vn 0.9731 -0.0567 -0.2232
vn 0.9541 -0.1430 -0.2632
vn 0.8581 -0.5031 0.1026
vn 0.9942 0.1061 -0.0181
vn 0.9909 0.0905 0.0994
vn 0.9984 0.0518 0.0232
vn 0.9937 0.0219 0.1101
vn 0.8809 -0.4728 0.0218
vn 0.9816 0.0461 -0.1851
vn 0.9878 0.0080 -0.1557
vn 0.8532 -0.5212 -0.0212
vn 0.9795 0.0376 0.1980
vn 0.8826 -0.4645 -0.0723
vn 0.9836 -0.0252 0.1784
vn 0.9858 0.1116 -0.1254
vn 0.9962 0.0440 -0.0749
vn 0.8597 -0.4919 -0.1376
vn 0.9620 -0.0444 0.2694
vn 0.9656 -0.1020 0.2390
vn 0.8914 -0.4233 -0.1617
vn 0.8548 -0.4609 -0.2383
vn 0.9319 -0.1438 0.3330
vn 0.9585 -0.1688 0.2297
vn 0.8837 -0.3820 -0.2706
vn 0.9042 -0.3666 -0.2189
vn 0.9229 -0.2251 0.3123
vn 0.9318 -0.2526 0.2607
vn 0.9196 -0.2987 -0.2554
vn 0.9003 -0.3000 -0.3155
vn 0.8962 -0.3412 0.2837
vn 0.9188 -0.3175 0.2345
vn 0.9265 -0.2244 -0.3020
vn 0.9180 -0.3781 0.1196
vn 0.9317 -0.3617 0.0344
vn 0.9459 -0.3000 0.1240
vn 0.9075 -0.4185 0.0351
vn 0.9724 -0.1217 -0.1990
vn 0.9868 -0.0597 -0.1504
vn 0.9896 -0.0961 -0.1067
vn 0.9730 -0.1694 -0.1569
vn 1.0000 -0.0045 0.0062
vn 0.9959 -0.0244 0.0876
vn 0.9949 -0.0783 0.0634
vn 0.9978 -0.0632 -0.0206
vn 0.9966 -0.0190 -0.0806
vn 0.9082 -0.4144 -0.0590
vn 0.9830 -0.0858 0.1625
vn 0.9304 -0.3621 -0.0564
vn 0.9815 -0.1388 0.1318
vn 0.9187 -0.3667 -0.1466
vn 0.9394 -0.3209 -0.1207
vn 0.9657 -0.2105 0.1523
vn 0.9475 -0.2477 0.2023
vn 0.9364 -0.2847 -0.2051
vn 0.9527 -0.2598 -0.1577
vn 0.9311 -0.3169 0.1807
vn 0.9531 -0.2074 -0.2205
vn 0.8420 -0.4787 0.2488
vn 0.9013 -0.1019 -0.4210
vn 0.9317 -0.0807 -0.3542
vn 0.9140 -0.1585 -0.3735
vn 0.8586 -0.4210 0.2925
vn 0.8828 -0.1828 -0.4327
vn 0.8344 -0.4164 0.3612
vn 0.8998 -0.2240 -0.3744
vn 0.8689 -0.3631 0.3364
vn 0.8643 -0.2642 -0.4280
vn 0.8516 -0.3423 0.3969
vn 0.8823 -0.2926 -0.3687
vn 0.8882 -0.2932 0.3538
vn 0.8461 -0.3451 -0.4061
vn 0.8698 -0.2631 0.4173
vn 0.8658 -0.3631 -0.3444
vn 0.9012 -0.2217 0.3724
vn 0.8262 -0.4350 -0.3581
vn 0.8905 -0.1787 0.4184
vn 0.8504 -0.4288 -0.3050
vn 0.9116 -0.0820 0.4028
vn 0.8113 -0.5080 -0.2892
vn 0.9371 -0.0784 0.3403
vn 0.7995 -0.5575 -0.2235
vn 0.8287 -0.5210 -0.2045
vn 0.9398 -0.0015 0.3417
vn 0.7911 -0.5935 -0.1478
vn 0.8252 -0.5505 -0.1264
vn 0.9708 0.1869 -0.1507
vn 0.9805 0.1845 -0.0679
vn 0.7871 -0.6132 -0.0669
vn 0.8223 -0.5656 -0.0623
vn 0.9623 0.1556 -0.2233
vn 0.9716 0.0982 -0.2154
vn 0.7860 -0.6181 0.0144
vn 0.8233 -0.5665 0.0338
vn 0.9502 0.1055 -0.2931
vn 0.7897 -0.6054 0.0991
vn 0.9592 0.0416 -0.2796
vn 0.8245 -0.5529 0.1203
vn 0.9356 0.0457 -0.3500
vn 0.7958 -0.5787 0.1782
vn 0.9448 -0.0246 -0.3268
vn 0.8363 -0.5158 0.1859
vn 0.9193 -0.0248 -0.3928
vn 0.9827 0.1845 0.0158
vn 0.9551 0.0585 0.2906
vn 0.9665 0.1115 0.2310
vn 0.9748 0.1483 0.1665
vn 0.9808 0.1746 0.0869
vn 0.8967 -0.0688 -0.4374
vn 0.9042 -0.0384 -0.4255
vn 0.7864 -0.5689 0.2407
vn 0.9154 0.0112 -0.4024
vn 0.7816 -0.5868 0.2116
vn 0.9727 0.2319 -0.0092
vn 0.9725 0.2292 0.0411
vn 0.9222 0.0386 -0.3848
vn 0.7768 -0.6084 0.1626
vn 0.9714 0.2243 0.0782
vn 0.9321 0.0825 -0.3526
vn 0.7735 -0.6202 0.1305
vn 0.9691 0.2121 0.1263
vn 0.9380 0.1062 -0.3299
vn 0.7708 -0.6323 0.0781
vn 0.9663 0.2003 0.1619
vn 0.9465 0.1429 -0.2894
vn 0.7691 -0.6376 0.0444
vn 0.9619 0.1790 0.2066
vn 0.9513 0.1620 -0.2623
vn 0.7685 -0.6398 -0.0098
vn 0.9575 0.1605 0.2398
vn 0.9580 0.1902 -0.2146
vn 0.7685 -0.6384 -0.0440
vn 0.9513 0.1310 0.2792
vn 0.9614 0.2042 -0.1843
vn 0.7701 -0.6305 -0.0975
vn 0.9454 0.1068 0.3078
vn 0.9668 0.2200 -0.1302
vn 0.7717 -0.6225 -0.1304
vn 0.9377 0.0706 0.3403
vn 0.9701 0.2227 -0.0963
vn 0.7755 -0.6047 -0.1816
vn 0.9306 0.0414 0.3636
vn 0.9721 0.2298 -0.0468
vn 0.7787 -0.5906 -0.2119
vn 0.9220 -0.0030 0.3872
vn 0.7845 -0.5635 -0.2588
vn 0.9150 -0.0289 0.4024
vn 0.7891 -0.5438 -0.2856
vn 0.8954 -0.0699 0.4397
vn 0.7995 -0.5043 -0.3262
vn 0.8928 -0.1222 0.4336
vn 0.8084 -0.4815 -0.3385
vn 0.8822 -0.1539 0.4450
vn 0.8036 -0.4511 -0.3883
vn 0.8710 -0.2067 0.4458
vn 0.8234 -0.4024 -0.4001
vn 0.8626 -0.2403 0.4451
vn 0.8277 -0.3748 -0.4177
vn 0.8516 -0.2921 0.4354
vn 0.8387 -0.3242 -0.4375
vn 0.8433 -0.3250 0.4280
vn 0.8462 -0.2926 -0.4453
vn 0.8326 -0.3743 0.4083
vn 0.8578 -0.2397 -0.4547
vn 0.8245 -0.4055 0.3946
vn 0.8654 -0.2074 -0.4561
vn 0.8148 -0.4497 0.3659
vn 0.8773 -0.1535 -0.4547
vn 0.8076 -0.4773 0.3462
vn 0.8849 -0.1216 -0.4496
vn -0.9721 -0.1249 -0.1984
vn -0.9255 -0.2994 -0.2320
vn -0.9135 -0.2449 -0.3250
vn -0.9726 -0.1504 0.1774
vn -0.9630 -0.1110 0.2454
vn -0.9160 -0.2336 0.3263
vn -0.9287 -0.2864 0.2356
vn -0.8751 0.3006 -0.3794
vn -0.8898 0.2257 -0.3966
vn -0.8180 0.2160 -0.5331
vn -0.7926 0.2840 -0.5395
vn -0.9720 -0.0136 -0.2347
vn -0.8064 0.1173 -0.5797
vn -0.8956 0.3003 0.3283
vn -0.8330 -0.0302 0.5524
vn -0.9169 0.1179 -0.3813
vn -0.8502 0.0665 -0.5223
vn -0.9142 0.1066 0.3909
vn -0.8465 0.0558 0.5295
vn -0.9848 -0.0709 -0.1587
vn -0.8429 -0.0440 -0.5362
vn -0.8763 0.3867 0.2875
vn -0.7957 0.1322 0.5911
vn -0.9401 0.0099 -0.3407
vn -0.8839 -0.0798 -0.4608
vn -0.8879 0.2189 0.4047
vn -0.8119 0.2086 0.5453
vn -0.9849 -0.1593 -0.0675
vn -0.8822 -0.1931 -0.4294
vn -0.8604 0.4589 0.2216
vn -0.7578 0.3001 0.5793
vn -0.9621 -0.0798 -0.2609
vn -0.8626 0.3313 0.3824
vn -0.7775 0.3606 0.5152
vn -0.8461 0.4049 0.3466
vn -0.7561 0.4397 0.4848
vn -0.7153 0.6788 0.1660
vn -0.8069 0.5883 -0.0530
vn -0.6819 0.7300 -0.0457
vn -0.6533 0.7571 -0.0052
vn -0.7367 0.5056 0.4490
vn -0.8329 0.4653 0.2997
vn -0.8184 0.5195 0.2455
vn -0.7225 0.6106 0.3244
vn -0.7201 0.5737 0.3903
vn -0.9792 -0.1574 -0.1281
vn -0.9328 -0.3354 -0.1321
vn -0.8899 0.3725 -0.2633
vn -0.8249 0.5456 -0.1477
vn -0.7132 0.6580 -0.2414
vn -0.6863 0.7134 -0.1415
vn -0.9826 -0.1777 -0.0531
vn -0.8095 0.5594 0.1783
vn -0.7112 0.6618 0.2373
vn -0.9349 -0.3525 -0.0405
vn -0.8211 0.5209 -0.2333
vn -0.7267 0.6100 -0.3159
vn -0.9820 -0.1872 0.0247
vn -0.9413 -0.3360 0.0330
vn -0.8500 0.5138 -0.1166
vn -0.6610 0.7315 0.1673
vn -0.8046 0.5897 0.0689
vn -0.6998 0.7088 0.0892
vn -0.8951 0.2412 -0.3749
vn -0.7086 0.5665 -0.4207
vn -0.9790 -0.1760 0.1029
vn -0.9373 -0.3209 0.1361
vn -0.8444 0.4359 -0.3115
vn -0.8975 0.4410 -0.0030
vn -0.6540 0.7565 0.0081
vn -0.7525 0.4643 -0.4671
vn -0.8591 0.3714 -0.3520
vn -0.7740 0.3712 -0.5130
vn 0.9288 -0.0633 -0.3653
vn 0.9206 -0.0985 -0.3780
vn 0.9845 0.1695 -0.0445
vn 0.9830 0.1640 -0.0822
vn 0.8294 -0.4996 -0.2500
vn 0.8349 -0.4749 -0.2782
vn 0.8349 -0.4749 -0.2781
vn 0.9170 -0.1345 0.3756
vn 0.9850 0.0740 0.1562
vn 0.9252 -0.0985 0.3666
vn 0.9170 -0.1345 0.3755
vn 0.9367 -0.0294 -0.3490
vn 0.8187 -0.5561 0.1427
vn 0.8187 -0.5562 0.1427
vn 0.9852 0.1713 -0.0061
vn 0.8448 -0.4476 0.2933
vn 0.8383 -0.4749 0.2678
vn 0.9123 -0.1345 -0.3868
vn 0.9123 -0.1345 -0.3869
vn -0.4824 0.4429 0.7557
vn -0.4689 0.5070 0.7233
vn 0.8226 -0.5404 0.1769
vn 0.8518 -0.4181 0.3158
vn 0.9840 0.1640 0.0701
vn 0.9850 0.1695 0.0324
vn 0.9039 -0.1712 -0.3920
vn 0.8954 -0.2083 -0.3935
vn 0.8954 -0.2082 -0.3935
vn 0.9039 -0.1712 -0.3921
vn 0.8272 -0.5215 0.2093
vn 0.8592 -0.3865 0.3353
vn 0.8871 -0.2452 -0.3912
vn 0.8871 -0.2452 -0.3911
vn 0.8670 -0.3530 0.3517
vn 0.8670 -0.3530 0.3516
vn 0.8324 -0.4996 0.2398
vn 0.8788 -0.2818 -0.3852
vn 0.8788 -0.2817 -0.3851
vn 0.8752 -0.3178 0.3647
vn 0.8706 -0.3178 -0.3755
vn 0.8707 -0.3178 -0.3754
vn 0.8835 -0.2817 0.3743
vn 0.8835 -0.2817 0.3742
vn 0.8626 -0.3530 -0.3623
vn 0.8627 -0.3530 -0.3622
vn 0.8918 -0.2452 0.3802
vn 0.8919 -0.2451 0.3801
vn 0.8550 -0.3865 -0.3459
vn 0.9002 -0.2083 0.3824
vn 0.9003 -0.2082 0.3823
vn 0.8478 -0.4181 -0.3263
vn 0.9086 -0.1712 0.3809
vn 0.9087 -0.1712 0.3808
vn 0.8411 -0.4476 -0.3036
vn -0.4998 0.3433 0.7952
vn -0.6833 -0.4519 0.5735
vn -0.6609 -0.3711 0.6523
vn -0.5305 0.2802 -0.8001
vn -0.5371 0.2216 -0.8139
vn -0.6550 -0.3329 0.6783
vn -0.5667 0.1170 -0.8156
vn -0.6386 -0.2395 0.7313
vn -0.5837 0.0465 -0.8106
vn -0.6239 -0.1730 0.7621
vn -0.5916 -0.0140 -0.8061
vn -0.6047 -0.1209 0.7872
vn -0.6182 -0.1126 -0.7779
vn -0.5878 -0.0179 0.8088
vn -0.6347 -0.1791 -0.7518
vn -0.5720 0.0528 0.8185
vn -0.6415 -0.2370 -0.7296
vn -0.5528 0.1097 0.8261
vn -0.6607 -0.3347 -0.6719
vn -0.5339 0.2162 0.8174
vn -0.6716 -0.3692 -0.6424
vn -0.5190 0.2867 0.8052
vn -0.6877 -0.4542 -0.5664
vn -0.6971 -0.4823 -0.5304
vn -0.3790 0.9254 0.0013
vn -0.3793 0.9219 -0.0788
vn -0.7094 -0.5513 -0.4391
vn -0.3830 0.9113 -0.1511
vn -0.7171 -0.5721 -0.3981
vn 0.3628 0.8689 -0.3368
vn -0.3672 0.9029 -0.2233
vn -0.7250 -0.6224 -0.2949
vn -0.3923 0.8658 -0.3106
vn -0.7308 -0.6350 -0.2504
vn -0.4507 0.5582 0.6966
vn -0.4372 0.6425 0.6293
vn -0.4024 0.8256 -0.3954
vn -0.7406 -0.6562 -0.1445
vn -0.4264 0.6946 0.5794
vn -0.4010 0.8030 -0.4409
vn -0.7431 -0.6653 -0.0722
vn -0.4105 0.7361 0.5382
vn -0.4138 0.7369 -0.5345
vn -0.7382 -0.6744 -0.0125
vn -0.3920 0.8042 0.4468
vn -0.4244 0.7056 -0.5674
vn -0.7340 -0.6714 0.1024
vn -0.3903 0.8264 0.4058
vn -0.4408 0.6230 -0.6462
vn -0.7345 -0.6622 0.1482
vn -0.3864 0.8700 0.3063
vn -0.4527 0.5860 -0.6721
vn -0.7251 -0.6376 0.2601
vn -0.3825 0.8930 0.2370
vn -0.4721 0.4899 -0.7329
vn -0.7238 -0.6198 0.3032
vn -0.3723 0.9105 0.1798
vn -0.3756 0.9240 0.0721
vn -0.7096 -0.5745 0.4080
vn -0.3768 0.9263 0.0021
vn -0.7064 -0.5489 0.4468
vn -0.4848 0.4488 -0.7507
vn -0.6879 -0.4845 0.5404
vn -0.5136 0.3493 -0.7837
vn 0.0251 -0.9815 -0.1896
vn 0.7876 -0.6100 -0.0877
vn 0.7886 -0.6086 -0.0874
vn 0.9821 0.1550 0.1070
vn 0.7892 -0.6005 -0.1286
vn 0.7921 -0.5868 -0.1680
vn 0.8010 -0.5480 -0.2412
vn 0.8135 -0.4954 -0.3047
vn 0.1913 -0.5701 -0.7990
vn 0.1409 -0.7960 -0.5886
vn 0.8271 -0.4331 -0.3583
vn 0.2941 -0.3635 -0.8839
vn 0.8356 -0.3979 -0.3788
vn 0.8431 -0.3617 -0.3980
vn 0.5235 0.6262 -0.5777
vn 0.9724 0.1939 -0.1296
vn 0.5710 0.8206 -0.0230
vn 0.9750 0.2036 -0.0891
vn 0.4511 0.8717 -0.1917
vn 0.9768 0.2087 -0.0476
vn 0.4548 0.8852 -0.0978
vn 0.4259 0.9046 -0.0168
vn 0.9760 0.2037 0.0769
vn 0.9742 0.1929 0.1172
vn 0.9208 -0.0461 0.3872
vn 0.8320 -0.4327 0.3472
vn 0.8167 -0.4959 0.2953
vn 0.8107 -0.5227 0.2638
vn 0.7956 -0.5726 0.1979
vn 0.9269 -0.0046 0.3754
vn 0.9422 0.0646 0.3289
vn 0.9494 0.0945 0.2995
vn 0.9755 0.2201 -0.0062
vn 0.9673 0.1868 -0.1716
vn 0.4279 0.7786 -0.4590
vn 0.9630 0.1690 -0.2099
vn 0.9581 0.1469 -0.2458
vn 0.9453 0.0953 -0.3119
vn 0.9384 0.0640 -0.3397
vn 0.8164 -0.4688 -0.3373
vn 0.8032 -0.5270 -0.2776
vn 0.7864 -0.6040 -0.1297
vn 0.2002 0.9753 0.0931
vn 0.2428 0.9498 0.1975
vn 0.1967 0.9042 0.3792
vn 0.1700 0.8613 0.4788
vn 0.1265 0.8269 0.5480
vn 0.1466 0.7531 0.6414
vn 0.0997 0.7069 0.7003
vn 0.1153 0.6169 0.7786
vn 0.0666 0.5602 0.8257
vn 0.0793 0.4568 0.8860
vn 0.0282 0.3924 0.9193
vn 0.0913 0.2726 0.9578
vn 0.0154 0.0993 0.9949
vn 0.0271 -0.0107 0.9996
vn -0.0452 -0.1871 0.9813
vn -0.0345 -0.2919 0.9558
vn -0.1121 -0.4557 0.8830
vn -0.1501 -0.5435 0.8259
vn -0.1987 -0.5977 0.7767
vn -0.1846 -0.6895 0.7004
vn -0.2309 -0.7332 0.6397
vn -0.2130 -0.8089 0.5480
vn -0.2567 -0.8399 0.4782
vn -0.2346 -0.8969 0.3748
vn -0.2749 -0.9140 0.2985
vn -0.2481 -0.9505 0.1873
vn -0.2846 -0.9526 0.1074
vn -0.2531 -0.9674 -0.0075
vn -0.2863 -0.9541 -0.0880
vn -0.2498 -0.9470 -0.2022
vn -0.2794 -0.9185 -0.2799
vn -0.2378 -0.8901 -0.3888
vn -0.2641 -0.8472 -0.4609
vn -0.2178 -0.7989 -0.5606
vn -0.2410 -0.7430 -0.6244
vn -0.1399 -0.6927 -0.7075
vn -0.1427 -0.5425 -0.8278
vn -0.0880 -0.4632 -0.8819
vn -0.0804 -0.2835 -0.9556
vn -0.0222 -0.1948 -0.9806
vn -0.0205 -0.0020 -0.9998
vn -0.0121 0.1091 -0.9940
vn -0.0287 0.1949 -0.9804
vn 0.0304 0.2964 -0.9546
vn 0.0137 0.3781 -0.9256
vn 0.0719 0.4726 -0.8784
vn 0.0535 0.5474 -0.8352
vn 0.1593 0.6147 -0.7725
vn 0.1554 0.7536 -0.6387
vn 0.1544 0.8210 -0.5496
vn 0.1297 0.8683 -0.4788
vn 0.2272 0.8961 -0.3813
vn 0.2052 0.9581 -0.1998
vn 0.2514 0.9630 -0.0970
vn -0.9839 0.1751 0.0349
vn -0.9762 0.2168 0.0061
vn -0.9820 0.1858 -0.0349
vn -0.9699 0.2372 0.0546
vn -0.9653 0.2606 -0.0146
vn 0.9730 -0.2236 -0.0563
vn 0.9857 -0.1688 -0.0005
vn 0.9761 -0.2172 -0.0059
vn 0.9723 -0.2291 0.0457
vn 0.9631 -0.2691 -0.0071
vn -0.9712 0.2124 0.1080
vn -0.9730 0.2101 -0.0957
vn -0.9573 0.2802 -0.0713
vn -0.9535 0.2936 0.0687
vn -0.9905 0.1305 -0.0437
vn -0.9490 0.3150 -0.0123
vn -0.9831 0.1588 0.0913
vn -0.9920 0.1199 0.0386
vn -0.9388 0.0923 0.3317
vn -0.9563 0.1604 0.2446
vn -0.9682 0.0780 0.2376
vn -0.9646 0.0202 0.2630
vn -0.8735 0.4406 -0.2069
vn -0.8931 0.4228 -0.1539
vn -0.8588 0.5017 -0.1041
vn -0.8831 0.4651 -0.0615
vn -0.9913 -0.0888 -0.0968
vn -0.9936 -0.0236 -0.1104
vn -0.9861 0.0004 0.1661
vn -0.8532 0.5211 0.0213
vn -0.8832 0.4685 0.0198
vn -0.9778 -0.0630 -0.1996
vn -0.9833 0.0234 -0.1803
vn -0.9962 -0.0434 0.0758
vn -0.8840 0.4575 0.0963
vn -0.9674 0.0204 -0.2524
vn -0.8603 0.4894 0.1425
vn -0.9666 0.0968 -0.2372
vn -0.8972 0.3969 0.1938
vn -0.9433 0.0908 -0.3192
vn -0.8756 0.4180 0.2421
vn -0.9512 0.1684 -0.2584
vn -0.9329 0.1796 -0.3122
vn -0.9331 0.2483 -0.2602
vn -0.9179 0.3033 0.2560
vn -0.8940 0.3349 0.2976
vn -0.9090 0.2856 -0.3037
vn -0.9112 0.2538 0.3244
vn -0.9104 0.3452 -0.2282
vn -0.9372 0.2153 0.2743
vn -0.8732 0.3970 -0.2826
vn -0.9292 0.1775 0.3241
vn -0.9729 0.1241 0.1951
vn -0.9680 0.1895 0.1642
vn -0.9852 0.1156 0.1264
vn -1.0000 0.0051 -0.0049
vn -0.9972 0.0649 0.0385
vn -0.9963 0.0697 -0.0499
vn -0.9872 0.0587 0.1480
vn -0.9143 0.3924 -0.1001
vn -0.9343 0.3485 -0.0748
vn -0.9300 0.3675 0.0068
vn -0.9083 0.4179 -0.0174
vn -0.9961 0.0236 -0.0844
vn -0.9963 0.0196 0.0832
vn -0.9873 0.1135 -0.1110
vn -0.9872 0.0641 -0.1459
vn -0.9104 0.4065 0.0767
vn -0.9364 0.3349 0.1044
vn -0.9733 0.1298 -0.1895
vn -0.9716 0.1850 -0.1478
vn -0.9171 0.3708 0.1465
vn -0.9556 0.2127 -0.2038
vn -0.9293 0.3148 0.1930
vn -0.9528 0.2624 0.1528
vn -0.9497 0.2830 -0.1341
vn -0.9398 0.2794 -0.1969
vn -0.9456 0.2422 0.2173
vn -0.9244 0.3471 -0.1584
vn -0.8206 0.4784 -0.3126
vn -0.8420 0.4777 -0.2506
vn -0.8981 0.1203 0.4229
vn -0.9140 0.1528 0.3758
vn -0.8343 0.4210 -0.3560
vn -0.8899 0.2155 0.4021
vn -0.8722 0.3583 -0.3331
vn -0.8502 0.3441 -0.3985
vn -0.8817 0.2943 0.3688
vn -0.8846 0.2950 -0.3612
vn -0.8701 0.2635 -0.4166
vn -0.8651 0.3657 0.3433
vn -0.9032 0.2239 -0.3661
vn -0.8891 0.1801 -0.4208
vn -0.8532 0.4233 0.3048
vn -0.9172 0.1506 -0.3689
vn -0.9128 0.0787 -0.4008
vn -0.8092 0.5095 0.2926
vn -0.8408 0.4790 0.2522
vn -0.7987 0.5589 0.2230
vn -0.8325 0.5164 0.2007
vn -0.9393 0.0056 -0.3431
vn -0.9803 -0.1860 0.0664
vn -0.9770 -0.2110 -0.0314
vn -0.8223 0.5656 0.0622
vn -0.9598 -0.1312 -0.2483
vn -0.9543 -0.0619 -0.2923
vn -0.9744 -0.1422 -0.1740
vn -0.9194 0.0313 0.3921
vn -0.9402 -0.0128 0.3404
vn 0.9042 0.3716 -0.2105
vn 0.8496 -0.4825 0.2127
vn 0.9690 0.1072 -0.2226
vn 0.8112 -0.5847 -0.0050
vn 0.9903 0.1351 -0.0311
vn 0.9717 0.1072 0.2105
vn 0.1921 -0.2377 -0.9522
vn 0.8410 -0.5186 0.1541
vn 0.1325 -0.4993 -0.8562
vn 0.1144 -0.5789 -0.8073
vn 0.1144 -0.5790 -0.8073
vn 0.0332 -0.9589 0.2816
vn 0.0975 -0.6535 -0.7506
vn 0.9523 -0.0548 -0.3003
vn 0.0410 -0.9277 0.3712
vn 0.8143 -0.5685 -0.1172
vn 0.0820 -0.7223 -0.6867
vn 0.0507 -0.8879 0.4573
vn 0.9931 0.1129 0.0311
vn 0.0681 -0.7847 -0.6162
vn 0.0623 -0.8400 0.5389
vn 0.0557 -0.8401 -0.5396
vn 0.8169 -0.5562 -0.1528
vn 0.0451 -0.8879 -0.4579
vn 0.1352 -0.8479 0.5127
vn 0.0364 -0.9277 -0.3717
vn 0.1068 -0.6535 0.7494
vn 0.0298 -0.9589 -0.2820
vn 0.8313 -0.5556 -0.0132
vn 0.9880 0.0882 0.1265
vn 0.9332 -0.0633 0.3537
vn 0.2036 -0.2377 0.9498
vn 0.4857 0.7064 -0.5149
vn 0.4280 0.7786 -0.4590
vn 0.4376 0.8181 -0.3732
vn 0.4453 0.8492 -0.2838
vn 0.5230 0.8494 0.0709
vn 0.4109 0.6761 0.6117
vn 0.3969 0.6140 0.6823
vn 0.3968 0.6140 0.6823
vn 0.3814 0.5456 0.7463
vn 0.3646 0.4713 0.8031
vn 0.3464 0.3920 0.8522
vn 0.3464 0.3920 0.8523
vn 0.3270 0.3068 0.8939
vn 0.3270 0.3067 0.8938
vn 0.2871 0.1311 0.9489
vn 0.2873 0.1309 0.9489
vn 0.9072 0.1300 0.4002
vn 0.9873 0.1238 -0.0998
vn -0.9521 -0.0552 0.3008
vn -0.9361 0.0020 0.3517
vn -0.8798 -0.0832 0.4679
vn -0.8853 -0.1507 0.4400
vn -0.9807 0.1663 0.1032
vn -0.9750 0.2116 0.0675
vn -0.9765 0.1910 -0.0998
vn -0.9747 0.2151 -0.0601
vn -0.9725 0.2221 0.0702
vn -0.9810 0.1880 -0.0490
vn -0.9696 0.2341 0.0706
vn -0.9838 0.1754 -0.0371
vn -0.9679 0.2417 0.0692
vn -0.9544 0.2800 0.1039
vn -0.9437 0.3300 0.0238
vn -0.9862 0.1647 -0.0148
vn -0.9585 0.2843 -0.0181
vn -0.9603 0.2748 0.0473
vn -0.9868 0.1618 -0.0024
vn -0.9601 0.2784 -0.0282
vn -0.9595 0.2788 0.0413
vn -0.9868 0.1616 0.0103
vn -0.9577 0.2864 0.0282
vn -0.9863 0.1635 0.0229
vn -0.9639 0.2619 -0.0477
vn -0.9852 0.1679 0.0349
vn -0.9667 0.2507 -0.0524
vn -0.9836 0.1744 0.0460
vn -0.9702 0.2358 -0.0564
vn -0.9819 0.1813 0.0552
vn -0.9715 0.2292 -0.0607
vn -0.8578 0.5139 -0.0017
vn -0.8141 0.5805 -0.0170
vn -0.8348 0.5309 -0.1461
vn -0.8235 0.5436 -0.1620
vn -0.8430 0.4963 -0.2076
vn -0.8325 0.5058 -0.2261
vn -0.8543 0.4499 -0.2603
vn -0.8443 0.4560 -0.2813
vn -0.8587 0.3963 -0.3250
vn -0.8816 0.3326 -0.3348
vn -0.8736 0.3304 -0.3574
vn -0.8977 0.2655 -0.3517
vn -0.8903 0.2590 -0.3747
vn -0.9135 0.1963 -0.3565
vn -0.9350 0.1292 -0.3302
vn -0.9431 0.1357 -0.3035
vn -0.8631 -0.0335 -0.5039
vn -0.9635 0.0694 -0.2586
vn -0.9467 0.0123 -0.3220
vn -0.9637 -0.0246 -0.2659
vn -0.9743 -0.0715 -0.2135
vn -0.9710 -0.0944 -0.2196
vn -0.9823 -0.1079 -0.1529
vn -0.9792 -0.1314 -0.1546
vn -0.9875 -0.1320 -0.0862
vn -0.9843 -0.1552 -0.0836
vn -0.9860 -0.1662 -0.0093
vn -0.9886 -0.1402 0.0548
vn -0.9844 -0.1248 0.1241
vn -0.9801 -0.1423 0.1381
vn -0.9773 -0.0962 0.1889
vn -0.9724 -0.1104 0.2057
vn -0.9674 -0.0556 0.2469
vn -0.9618 -0.0663 0.2655
vn -0.9592 0.0118 0.2824
vn -0.9668 0.0383 0.2527
vn -0.8535 -0.0680 0.5166
vn -0.9511 0.1089 0.2891
vn -0.9240 0.0849 0.3728
vn -0.9189 0.1532 0.3636
vn -0.9100 0.1559 0.3842
vn -0.9026 0.2224 0.3687
vn -0.8933 0.2291 0.3866
vn -0.8869 0.2912 0.3585
vn -0.8771 0.3010 0.3742
vn -0.8796 0.3549 0.3169
vn -0.8966 0.3425 0.2807
vn -0.8815 0.4082 0.2372
vn -0.8404 0.4602 0.2863
vn -0.8415 0.4912 0.2250
vn -0.8293 0.5091 0.2305
vn -0.8334 0.5276 0.1646
vn -0.8211 0.5461 0.1658
vn -0.8398 0.5357 0.0882
vn -0.8616 0.5017 0.0775
vn -0.6750 0.7363 0.0461
vn 0.9678 -0.2332 0.0943
vn 0.9514 -0.3060 0.0339
vn 0.9527 -0.2978 -0.0611
vn 0.9705 -0.2152 -0.1089
vn 0.9872 -0.1455 0.0651
vn 0.9873 -0.1410 -0.0733
vn 0.9937 -0.1110 -0.0142
vn 0.8877 -0.4462 0.1135
vn 0.9014 -0.3869 0.1943
vn 0.9471 -0.1007 -0.3046
vn 0.9648 -0.0215 -0.2620
vn 0.9737 -0.0582 -0.2201
vn 0.9500 -0.1639 -0.2659
vn 0.8809 -0.4728 0.0228
vn 0.8531 -0.5212 -0.0212
vn 0.8821 -0.4654 -0.0724
vn 0.8604 -0.4897 -0.1409
vn 0.9615 -0.0450 0.2709
vn 0.8920 -0.4180 -0.1721
vn 0.8755 -0.4181 -0.2425
vn 0.9328 -0.1420 0.3313
vn 0.9588 -0.1693 0.2281
vn 0.9222 -0.2247 0.3147
vn 0.9182 -0.3370 -0.2080
vn 0.9318 -0.2530 0.2601
vn 0.8944 -0.3340 -0.2976
vn 0.9248 -0.2708 -0.2671
vn 0.9128 -0.2516 -0.3218
vn 0.9197 -0.3159 0.2332
vn 0.9285 -0.1820 -0.3238
vn 0.9683 -0.1427 -0.2050
vn 0.9861 -0.1123 -0.1225
vn 0.9630 -0.2113 -0.1671
vn 0.9144 -0.3903 0.1074
vn 0.9309 -0.3620 0.0487
vn 0.9417 -0.3186 0.1077
vn 0.9870 -0.0579 -0.1502
vn 0.9073 -0.4196 0.0263
vn 0.9949 -0.0782 0.0634
vn 0.9977 -0.0642 -0.0230
vn 0.9308 -0.3649 -0.0209
vn 0.9965 -0.0217 -0.0808
vn 0.9078 -0.4153 -0.0587
vn 0.9811 -0.1414 0.1321
vn 0.9340 -0.3447 -0.0937
vn 0.9154 -0.3814 -0.1290
vn 0.9608 -0.2329 0.1501
vn 0.9454 -0.2938 -0.1410
vn 0.9464 -0.2485 0.2065
vn 0.9440 -0.2499 -0.2155
vn 0.9304 -0.3236 0.1721
vn 0.8835 -0.1807 -0.4321
vn 0.9025 -0.1020 -0.4183
vn 0.9214 -0.1157 -0.3711
vn 0.9012 -0.2069 -0.3808
vn 0.8349 -0.4147 0.3619
vn 0.8681 -0.3636 0.3380
vn 0.8649 -0.2639 -0.4269
vn 0.8565 -0.3223 0.4032
vn 0.8817 -0.2935 -0.3694
vn 0.8895 -0.2907 0.3527
vn 0.8651 -0.3657 -0.3433
vn 0.8899 -0.2228 0.3981
vn 0.8532 -0.4233 -0.3048
vn 0.8981 -0.1424 0.4160
vn 0.8095 -0.5094 -0.2920
vn 0.8408 -0.4790 -0.2522
vn 0.9254 -0.0704 0.3723
vn 0.7986 -0.5589 -0.2232
vn 0.8325 -0.5164 -0.2007
vn 0.9805 0.1845 -0.0678
vn 0.8233 -0.5665 0.0337
vn 0.9589 0.0400 -0.2808
vn 0.9360 0.0447 -0.3491
vn 0.9406 -0.0363 -0.3375
vn 0.9193 -0.0293 -0.3924
vn 0.9404 -0.0011 0.3401
vn 0.9380 0.1061 -0.3299
vn 0.9663 0.2002 0.1619
vn 0.9580 0.1903 -0.2147
vn 0.7684 -0.6384 -0.0439
vn 0.9512 0.1310 0.2792
vn 0.9667 0.2205 -0.1302
vn 0.9216 -0.0004 0.3882
vn 0.7845 -0.5635 -0.2589
vn 0.9135 -0.0338 0.4055
vn 0.9032 -0.0778 0.4220
vn 0.8919 -0.1111 0.4384
vn 0.8814 -0.1658 0.4423
vn 0.8759 -0.2001 0.4390
vn 0.8661 -0.2494 0.4332
vn 0.8277 -0.3748 -0.4176
vn 0.8584 -0.2787 0.4306
vn 0.8387 -0.3243 -0.4375
vn 0.8361 -0.3319 0.4367
vn 0.8462 -0.2927 -0.4453
vn 0.8355 -0.3728 0.4037
vn 0.8655 -0.2074 -0.4560
vn 0.8077 -0.4773 0.3462
vn 0.8850 -0.1216 -0.4495
vn -0.9717 -0.1264 -0.1993
vn -0.9227 -0.2944 -0.2488
vn -0.8986 -0.2679 -0.3475
vn -0.9734 -0.1461 0.1765
vn -0.9647 -0.1046 0.2418
vn -0.9166 -0.2754 0.2898
vn -0.9549 0.0640 -0.2901
vn -0.8903 0.2302 -0.3930
vn -0.8160 0.2199 -0.5346
vn -0.7684 0.2854 -0.5728
vn -0.9720 -0.0137 -0.2347
vn -0.8063 0.1173 -0.5797
vn -0.8955 0.3003 0.3284
vn -0.9170 0.1178 -0.3811
vn -0.8502 0.0666 -0.5222
vn -0.9143 0.1066 0.3908
vn -0.9848 -0.0710 -0.1587
vn -0.8956 0.1860 0.4041
vn -0.8244 0.1367 0.5492
vn -0.8033 0.2109 0.5571
vn -0.8791 0.2619 0.3983
vn -0.9540 -0.0577 -0.2941
vn -0.9042 -0.1636 -0.3946
vn -0.7820 0.2995 0.5467
vn -0.8599 0.3366 0.3838
vn -0.7774 0.3659 0.5116
vn -0.9860 -0.1664 0.0075
vn -0.8480 0.4034 0.3437
vn -0.7742 0.4521 0.4430
vn -0.9063 0.4227 -0.0003
vn -0.8462 0.4605 -0.2681
vn -0.6572 0.7512 -0.0615
vn -0.9019 -0.2151 0.3746
vn -0.8354 0.4616 0.2982
vn -0.7332 0.5552 0.3927
vn -0.8183 0.5198 0.2452
vn -0.7223 0.6102 0.3255
vn -0.8071 0.5841 -0.0865
vn -0.8116 0.5601 -0.1658
vn -0.7139 0.6632 -0.2249
vn -0.7034 0.6999 -0.1234
vn -0.9776 -0.1645 -0.1310
vn -0.9816 -0.1830 -0.0540
vn -0.9406 -0.3312 -0.0744
vn -0.9357 -0.3063 -0.1753
vn -0.8143 0.5537 0.1743
vn -0.7310 0.6457 0.2209
vn -0.8211 0.5210 -0.2334
vn -0.7267 0.6103 -0.3152
vn -0.9835 -0.1794 0.0250
vn -0.9508 -0.3080 0.0344
vn -0.8297 0.5378 -0.1495
vn -0.6739 0.7259 0.1376
vn -0.8060 0.5885 0.0641
vn -0.8335 0.4694 -0.2916
vn -0.7431 0.5414 -0.3933
vn -0.9810 -0.1671 0.0989
vn -0.9352 -0.3200 0.1519
vn -0.6869 0.7248 0.0531
vn -0.8976 0.4409 -0.0030
vn -0.6534 0.7570 0.0040
vn -0.8480 0.4078 -0.3386
vn -0.7625 0.4589 -0.4561
vn -0.9276 -0.3038 0.2174
vn -0.8640 0.3387 -0.3726
vn -0.7835 0.3683 -0.5005
vn 0.9287 -0.0633 -0.3653
vn 0.9845 0.1695 -0.0446
vn 0.8327 -0.5476 -0.0819
vn 0.9252 -0.0985 0.3665
vn 0.9035 -0.2536 0.3455
vn 0.8448 -0.4476 0.2932
vn -0.4769 0.4460 0.7574
vn -0.4731 0.4984 0.7265
vn 0.8954 -0.2083 -0.3934
vn 0.8955 -0.2083 -0.3934
vn 0.8808 -0.3508 0.3180
vn 0.8272 -0.5215 0.2094
vn 0.9191 -0.1862 0.3471
vn 0.8870 -0.2452 -0.3912
vn 0.8871 -0.2451 -0.3911
vn 0.8788 -0.2817 -0.3852
vn 0.8753 -0.3177 0.3646
vn 0.8836 -0.2817 0.3742
vn 0.8550 -0.3865 -0.3458
vn 0.9002 -0.2082 0.3825
vn -0.6834 -0.4291 0.5906
vn -0.6717 -0.3754 0.6387
vn -0.5304 0.2802 -0.8001
vn -0.5371 0.2217 -0.8138
vn -0.6550 -0.3328 0.6784
vn -0.5667 0.1170 -0.8155
vn -0.5915 -0.0140 -0.8061
vn -0.6047 -0.1208 0.7872
vn -0.6181 -0.1126 -0.7780
vn -0.6347 -0.1791 -0.7517
vn -0.5721 0.0528 0.8185
vn -0.6414 -0.2370 -0.7297
vn -0.5528 0.1098 0.8261
vn -0.6606 -0.3348 -0.6719
vn -0.6876 -0.4542 -0.5664
vn -0.6972 -0.4823 -0.5304
vn -0.3777 0.9224 -0.0814
vn -0.7158 -0.5412 -0.4413
vn -0.3727 0.9171 -0.1416
vn -0.7244 -0.5764 -0.3780
vn -0.3763 0.8910 -0.2540
vn -0.7248 -0.6071 -0.3258
vn -0.3837 0.8744 -0.2970
vn -0.7303 -0.6473 -0.2182
vn -0.4407 0.5605 0.7011
vn 0.2929 0.5372 0.7910
vn -0.4402 0.6338 0.6360
vn -0.3917 0.8275 -0.4022
vn -0.7350 -0.6557 -0.1726
vn -0.4253 0.7014 0.5720
vn -0.4009 0.8031 -0.4408
vn -0.7388 -0.6711 -0.0619
vn -0.4106 0.7361 0.5381
vn -0.4139 0.7369 -0.5345
vn -0.7452 -0.6668 -0.0016
vn -0.3967 0.8012 0.4480
vn -0.4245 0.7056 -0.5674
vn -0.0656 -0.9870 0.1467
vn -0.7299 -0.6800 0.0698
vn -0.3988 0.8283 0.3935
vn -0.4409 0.6230 -0.6462
vn -0.7390 -0.6536 0.1635
vn 0.3669 0.8700 0.3294
vn -0.3723 0.8656 0.3347
vn -0.4526 0.5860 -0.6721
vn -0.7380 -0.6274 0.2484
vn -0.3828 0.8919 0.2408
vn -0.7272 -0.6070 0.3205
vn -0.3846 0.9102 0.1537
vn -0.3793 0.9215 0.0832
vn -0.7159 -0.5878 0.3768
vn -0.6995 -0.5327 0.4764
vn -0.6955 -0.5034 0.5126
vn -0.5137 0.3493 -0.7837
vn 0.7860 -0.6165 -0.0465
vn 0.7859 -0.6183 -0.0048
vn 0.7872 -0.6104 -0.0878
vn 0.7925 -0.5863 -0.1678
vn 0.8064 -0.5237 -0.2748
vn 0.8122 -0.4966 -0.3061
vn 0.8347 -0.3984 -0.3802
vn 0.9154 -0.0455 -0.4000
vn 0.9323 0.0278 -0.3607
vn 0.9472 0.0907 -0.3076
vn 0.9535 0.1186 -0.2769
vn 0.9748 0.2043 -0.0893
vn 0.9772 0.2123 -0.0062
vn 0.9713 0.1793 0.1566
vn 0.9671 0.1633 0.1950
vn 0.9571 0.1182 0.2647
vn 0.7946 -0.5862 0.1581
vn 0.7870 -0.6158 0.0368
vn 0.8204 -0.4688 0.3273
vn 0.4548 0.8852 -0.0977
vn 0.4260 0.9046 -0.0168
vn 0.9755 0.2200 -0.0061
vn 0.9750 0.2168 -0.0484
vn 0.9734 0.2108 -0.0903
vn 0.9710 0.1997 -0.1313
vn 0.2008 0.9752 0.0931
vn 0.2430 0.9497 0.1975
vn 0.1963 0.9042 0.3792
vn 0.1703 0.8612 0.4789
vn 0.2968 0.8324 0.4680
vn 0.1266 0.8269 0.5479
vn 0.1465 0.7532 0.6413
vn 0.0999 0.7068 0.7003
vn 0.1149 0.6169 0.7786
vn 0.0667 0.5602 0.8256
vn 0.0789 0.4569 0.8860
vn 0.0284 0.3923 0.9194
vn 0.0390 0.2790 0.9595
vn -0.0129 0.2101 0.9776
vn -0.0040 0.0913 0.9958
vn -0.0560 0.0204 0.9982
vn -0.0473 -0.0996 0.9939
vn -0.0946 -0.1704 0.9808
vn -0.0346 -0.2919 0.9558
vn -0.1121 -0.4556 0.8831
vn -0.1503 -0.5435 0.8259
vn -0.1987 -0.5978 0.7767
vn -0.1847 -0.6895 0.7003
vn -0.2309 -0.7332 0.6396
vn -0.2131 -0.8089 0.5480
vn -0.2566 -0.8399 0.4782
vn -0.2344 -0.8970 0.3748
vn -0.2498 -0.9469 -0.2022
vn -0.2794 -0.9185 -0.2798
vn -0.2640 -0.8473 -0.4609
vn -0.1668 -0.8140 -0.5564
vn -0.1762 -0.6892 -0.7028
vn -0.1745 -0.6056 -0.7764
vn -0.1940 -0.5337 -0.8231
vn -0.0878 -0.4632 -0.8819
vn -0.0802 -0.2835 -0.9556
vn -0.0226 -0.1946 -0.9806
vn -0.0203 -0.0020 -0.9998
vn 0.0381 0.0918 -0.9950
vn 0.0443 0.2812 -0.9586
vn 0.0515 0.3863 -0.9209
vn 0.0342 0.4650 -0.8847
vn 0.0911 0.5543 -0.8273
vn 0.0714 0.6246 -0.7777
vn 0.1257 0.7010 -0.7020
vn 0.2502 0.6624 -0.7061
vn 0.1041 0.7605 -0.6409
vn 0.1540 0.8210 -0.5497
vn 0.1759 0.9099 -0.3757
vn 0.1481 0.9428 -0.2987
vn 0.2407 0.9511 -0.1935
vn -0.0545 0.1998 -0.9783
vn -0.0062 0.2174 -0.9761
vn -0.0128 0.1630 -0.9865
vn 0.0404 0.1936 -0.9802
vn 0.0316 0.2549 -0.9664
vn -0.0307 0.2627 -0.9644
vn 0.0555 -0.2045 0.9773
vn -0.0107 -0.1706 0.9853
vn 0.0062 -0.2167 0.9762
vn -0.0371 -0.2424 0.9695
vn 0.0293 -0.2622 0.9646
vn -0.1087 0.2213 -0.9691
vn -0.0891 0.1579 -0.9834
vn 0.0779 0.2716 -0.9592
vn -0.0860 0.2765 -0.9571
vn 0.0957 0.2117 -0.9726
vn 0.0727 0.1514 -0.9858
vn -0.0045 0.3152 -0.9490
vn -0.0075 0.1185 -0.9929
vn -0.2900 0.1197 -0.9495
vn -0.2307 0.0773 -0.9699
vn -0.2655 0.0203 -0.9639
vn 0.2086 0.4382 -0.8743
vn 0.1750 0.4057 -0.8971
vn 0.0860 0.4582 -0.8847
vn 0.1025 0.5010 -0.8593
vn -0.0181 -0.1061 -0.9942
vn 0.0226 -0.0520 -0.9984
vn 0.0995 -0.0905 -0.9909
vn 0.1106 -0.0234 -0.9936
vn -0.1685 0.0049 -0.9857
vn -0.1867 -0.0516 -0.9811
vn -0.0177 0.4736 -0.8806
vn -0.0213 0.5194 -0.8543
vn 0.1976 -0.0355 -0.9796
vn 0.1851 0.0248 -0.9824
vn -0.0765 -0.0414 -0.9962
vn -0.1238 -0.1104 -0.9861
vn -0.1201 0.4485 -0.8857
vn -0.1406 0.4899 -0.8604
vn 0.2682 0.0439 -0.9624
vn 0.2356 0.0991 -0.9668
vn -0.2053 0.3876 -0.8987
vn -0.2395 0.4189 -0.8759
vn 0.3292 0.1258 -0.9358
vn 0.2611 0.1689 -0.9504
vn 0.3183 0.2270 -0.9204
vn 0.2606 0.2537 -0.9315
vn -0.2587 0.3015 -0.9177
vn -0.2964 0.3343 -0.8947
vn 0.2847 0.3401 -0.8962
vn -0.3497 0.2594 -0.9002
vn 0.2301 0.3380 -0.9126
vn -0.2737 0.2154 -0.9374
vn -0.3297 0.1775 -0.9272
vn -0.2186 0.1792 -0.9592
vn -0.1477 0.1430 -0.9786
vn -0.1891 0.1010 -0.9768
vn 0.1522 0.3530 -0.9232
vn 0.1217 0.3057 -0.9443
vn 0.0626 0.3513 -0.9342
vn 0.0883 0.3991 -0.9126
vn -0.0178 0.0047 -0.9998
vn -0.0330 0.0595 -0.9977
vn 0.0477 0.0703 -0.9964
vn 0.0647 0.0176 -0.9977
vn -0.0998 0.0940 -0.9906
vn -0.1180 0.0348 -0.9924
vn -0.0059 0.3707 -0.9287
vn 0.0194 0.4201 -0.9073
vn 0.1041 0.1026 -0.9893
vn 0.1438 0.0650 -0.9875
vn -0.0580 0.4145 -0.9082
vn -0.0906 0.3420 -0.9353
vn -0.1339 0.3827 -0.9141
vn 0.1447 0.1608 -0.9763
vn 0.1922 0.1422 -0.9710
vn -0.1832 0.3289 -0.9264
vn 0.1515 0.2288 -0.9616
vn 0.2060 0.2187 -0.9538
vn -0.1476 0.2819 -0.9480
vn -0.2133 0.2617 -0.9413
vn 0.1918 0.2902 -0.9376
vn -0.1632 0.2138 -0.9632
vn 0.3134 0.4811 -0.8187
vn 0.2488 0.4787 -0.8420
vn 0.2500 0.5364 -0.8061
vn 0.2936 0.4196 -0.8589
vn 0.3572 0.4193 -0.8346
vn 0.3404 0.3394 -0.8769
vn -0.4259 0.2655 -0.8650
vn -0.4094 0.1865 -0.8931
vn 0.3999 0.3434 -0.8498
vn -0.4075 0.3376 -0.8485
vn -0.3530 0.3475 -0.8687
vn 0.3880 0.2646 -0.8829
vn -0.3595 0.4345 -0.8258
vn -0.3062 0.4220 -0.8533
vn 0.4079 0.1021 -0.9073
vn 0.3963 0.1827 -0.8998
vn -0.2926 0.5095 -0.8092
vn -0.2522 0.4790 -0.8408
vn 0.3582 0.0450 -0.9325
vn -0.2230 0.5589 -0.7987
vn -0.2007 0.5164 -0.8325
vn 0.3681 -0.0078 -0.9298
vn 0.2879 -0.0142 -0.9576
vn -0.1476 0.5935 -0.7912
vn -0.1264 0.5505 -0.8252
vn 0.3125 -0.0782 -0.9467
vn -0.1493 -0.1899 -0.9704
vn -0.0680 -0.1851 -0.9804
vn 0.2290 -0.0738 -0.9706
vn -0.0667 0.6131 -0.7872
vn -0.0623 0.5656 -0.8223
vn 0.2484 -0.1340 -0.9593
vn -0.2144 -0.1328 -0.9677
vn 0.0147 0.6179 -0.7861
vn 0.0338 0.5665 -0.8233
vn 0.1671 -0.1468 -0.9750
vn 0.0994 0.6052 -0.7898
vn 0.1203 0.5529 -0.8245
vn 0.1785 0.5785 -0.7959
vn 0.1859 0.5158 -0.8363
vn -0.3951 0.1088 -0.9122
vn 0.0129 -0.1844 -0.9828
vn -0.2766 -0.0847 -0.9572
vn 0.0873 -0.1745 -0.9808
vn -0.3315 -0.0300 -0.9430
vn -0.3681 0.0394 -0.9290
vn 0.8076 0.4713 0.3546
vn 0.8075 0.4713 0.3546
vn 0.8465 0.3494 0.4016
vn 0.3415 -0.2090 0.9164
vn 0.3069 0.0324 0.9512
vn 0.2814 0.0600 0.9577
vn 0.8565 0.3920 0.3359
vn 0.2533 0.0849 0.9637
vn 0.8979 0.3067 0.3159
vn 0.8978 0.3067 0.3159
vn -0.0704 -0.5775 0.8134
vn -0.0704 -0.5775 0.8133
vn -0.0330 -0.5829 0.8119
vn 0.9298 0.2193 0.2956
vn 0.9297 0.2193 0.2958
vn -0.1775 0.1265 0.9760
vn -0.1429 0.1425 0.9794
vn 0.9524 0.1309 0.2754
vn 0.9523 0.1310 0.2756
vn 0.2226 0.1072 0.9690
vn 0.9663 0.0392 0.2546
vn 0.9662 0.0393 0.2548
vn 0.0050 -0.5847 0.8113
vn 0.9709 -0.0534 0.2336
vn 0.9708 -0.0533 0.2337
vn -0.2106 0.1072 0.9717
vn 0.9662 -0.1460 0.2126
vn 0.9661 -0.1459 0.2128
vn 0.1896 0.1265 0.9737
vn 0.9522 -0.2378 0.1919
vn 0.9522 -0.2377 0.1920
vn 0.0430 -0.5829 0.8114
vn 0.9290 -0.3278 0.1715
vn 0.9290 -0.3278 0.1716
vn -0.2414 0.0849 0.9667
vn -0.3093 -0.5153 0.7993
vn -0.2844 -0.5385 0.7932
vn -0.2498 -0.5367 0.8059
vn -0.3116 -0.4819 0.8189
vn 0.8970 -0.4153 0.1516
vn 0.3145 -0.0837 0.9456
vn 0.1550 0.1425 0.9776
vn -0.0951 -0.9952 0.0236
vn -0.2022 -0.9737 0.1045
vn 0.0002 -0.9998 0.0220
vn 0.8562 -0.4993 0.1325
vn 0.0804 -0.5775 0.8124
vn -0.1893 -0.9815 0.0274
vn 0.8839 -0.3635 0.2941
vn 0.6039 -0.7709 0.2027
vn -0.2696 0.0599 0.9611
vn -0.0761 -0.9922 0.0990
vn 0.7506 -0.6535 0.0975
vn 0.1192 0.1550 0.9807
vn 0.1172 -0.5685 0.8143
vn -0.0896 -0.5430 0.8349
vn -0.4572 -0.8879 0.0507
vn -0.5413 -0.8291 0.1401
vn -0.2951 0.0324 0.9549
vn 0.6162 -0.7847 0.0680
vn 0.4321 -0.8939 0.1191
vn 0.6867 -0.7223 0.0820
vn -0.3474 -0.9306 0.1148
vn -0.5389 -0.8401 0.0623
vn 0.5397 -0.8400 0.0556
vn -0.6153 -0.7847 0.0756
vn 0.1528 -0.5562 0.8169
vn -0.6856 -0.7223 0.0905
vn -0.3178 0.0026 0.9482
vn -0.7493 -0.6535 0.1068
vn -0.7494 -0.6535 0.1068
vn 0.1871 -0.5404 0.8203
vn -0.8058 -0.5790 0.1243
vn 0.1896 -0.9815 0.0251
vn 0.0756 -0.9923 0.0986
vn -0.3374 -0.0294 0.9409
vn -0.8545 -0.4993 0.1430
vn 0.2196 -0.5215 0.8245
vn -0.8950 -0.4153 0.1627
vn -0.8950 -0.4153 0.1626
vn -0.3538 -0.0633 0.9332
vn -0.3537 -0.0633 0.9332
vn -0.9268 -0.3279 0.1830
vn -0.9269 -0.3278 0.1829
vn -0.9497 -0.2378 0.2037
vn -0.9498 -0.2377 0.2036
vn 0.5148 0.7064 0.4858
vn 0.6167 0.6761 0.4032
vn 0.5404 0.7311 0.4164
vn 0.4590 0.7786 0.4279
vn 0.3732 0.8181 0.4376
vn -0.0107 0.8740 0.4859
vn 0.4032 0.8430 0.3561
vn -0.0921 0.8852 0.4560
vn -0.1861 0.8717 0.4534
vn -0.2783 0.8492 0.4488
vn -0.2782 0.8492 0.4488
vn -0.3677 0.8181 0.4422
vn -0.1940 0.7995 0.5685
vn -0.6385 0.5700 0.5171
vn -0.5352 0.7311 0.4231
vn -0.6117 0.6761 0.4108
vn -0.5072 0.7070 0.4928
vn -0.8409 0.3512 0.4118
vn -0.8031 0.4713 0.3645
vn -0.8522 0.3920 0.3464
vn -0.8523 0.3920 0.3464
vn -0.8939 0.3068 0.3269
vn -0.8939 0.3067 0.3270
vn -0.9260 0.2194 0.3071
vn -0.9260 0.2193 0.3072
vn -0.9489 0.1311 0.2872
vn -0.9488 0.1309 0.2873
vn -0.9630 0.0393 0.2665
vn -0.9630 0.0392 0.2666
vn -0.9679 -0.0532 0.2456
vn -0.9679 -0.0534 0.2457
vn -0.9635 -0.1459 0.2246
vn -0.9634 -0.1460 0.2247
vn 0.3295 0.0026 0.9442
vn 0.0954 -0.9952 0.0225
vn -0.1071 -0.5685 0.8157
vn -0.1070 0.1550 0.9821
vn -0.3243 -0.0245 -0.9456
vn -0.4786 -0.0936 -0.8730
vn -0.4327 -0.2015 -0.8787
vn -0.1032 0.1664 -0.9806
vn -0.0686 0.2095 -0.9754
vn 0.0997 0.1910 -0.9765
vn 0.0607 0.2145 -0.9748
vn -0.0734 0.2221 -0.9723
vn 0.0489 0.1880 -0.9810
vn -0.0702 0.2365 -0.9691
vn 0.0369 0.1755 -0.9838
vn -0.0690 0.2440 -0.9673
vn 0.0267 0.1700 -0.9851
vn -0.1016 0.2786 -0.9550
vn 0.0059 0.2909 -0.9567
vn -0.0248 0.3322 -0.9429
vn 0.0149 0.1647 -0.9862
vn 0.0181 0.2843 -0.9586
vn -0.0475 0.2721 -0.9611
vn 0.0024 0.1619 -0.9868
vn 0.0290 0.2813 -0.9592
vn -0.0405 0.2788 -0.9595
vn -0.0103 0.1618 -0.9868
vn 0.0403 0.2734 -0.9611
vn -0.0289 0.2863 -0.9577
vn -0.0229 0.1634 -0.9863
vn 0.0492 0.2635 -0.9634
vn -0.0350 0.1680 -0.9852
vn 0.0561 0.2524 -0.9660
vn -0.0460 0.1745 -0.9836
vn 0.0603 0.2402 -0.9689
vn -0.0551 0.1815 -0.9819
vn 0.0626 0.2272 -0.9718
vn 0.0017 0.5140 -0.8578
vn 0.0170 0.5807 -0.8139
vn 0.0788 0.5535 -0.8291
vn 0.0915 0.5693 -0.8170
vn 0.1461 0.5308 -0.8348
vn 0.1621 0.5436 -0.8236
vn 0.2076 0.4962 -0.8430
vn 0.2259 0.5059 -0.8325
vn 0.2602 0.4497 -0.8544
vn 0.2813 0.4560 -0.8444
vn 0.3030 0.3943 -0.8676
vn 0.3247 0.3963 -0.8587
vn 0.3349 0.3327 -0.8816
vn 0.3571 0.3303 -0.8737
vn 0.3516 0.2655 -0.8977
vn 0.3746 0.2589 -0.8903
vn 0.3565 0.1963 -0.9134
vn 0.3780 0.1855 -0.9070
vn 0.3304 0.1292 -0.9350
vn 0.3035 0.1356 -0.9431
vn 0.5035 -0.0334 -0.8634
vn 0.2586 0.0695 -0.9635
vn 0.3219 0.0124 -0.9467
vn 0.2657 -0.0245 -0.9637
vn 0.2762 -0.0462 -0.9600
vn 0.2135 -0.0716 -0.9743
vn 0.2197 -0.0943 -0.9710
vn 0.1529 -0.1079 -0.9823
vn 0.1548 -0.1316 -0.9792
vn 0.0862 -0.1321 -0.9875
vn 0.0836 -0.1551 -0.9843
vn 0.0160 -0.1434 -0.9895
vn 0.0093 -0.1658 -0.9861
vn -0.0548 -0.1401 -0.9886
vn -0.0655 -0.1611 -0.9848
vn -0.1242 -0.1248 -0.9844
vn -0.1381 -0.1425 -0.9801
vn -0.1889 -0.0960 -0.9773
vn -0.2055 -0.1106 -0.9724
vn -0.2467 -0.0555 -0.9675
vn -0.2653 -0.0662 -0.9619
vn -0.2824 0.0119 -0.9592
vn -0.2525 0.0382 -0.9668
vn -0.5163 -0.0679 -0.8537
vn -0.2891 0.1089 -0.9511
vn -0.3728 0.0851 -0.9240
vn -0.3634 0.1532 -0.9189
vn -0.3844 0.1559 -0.9099
vn -0.3689 0.2224 -0.9025
vn -0.3869 0.2291 -0.8932
vn -0.3584 0.2912 -0.8870
vn -0.3742 0.3011 -0.8771
vn -0.3172 0.3549 -0.8794
vn -0.2808 0.3425 -0.8966
vn -0.4679 0.5025 -0.7270
vn -0.2371 0.4082 -0.8816
vn -0.2864 0.4601 -0.8404
vn -0.2250 0.4912 -0.8415
vn -0.2305 0.5094 -0.8291
vn -0.1646 0.5277 -0.8333
vn -0.1660 0.5467 -0.8207
vn -0.0882 0.5358 -0.8397
vn -0.0776 0.5019 -0.8614
vn -0.0461 0.7365 -0.6748
vn -0.0932 -0.1986 0.9756
vn -0.0730 -0.2832 0.9563
vn 0.0739 -0.2885 0.9546
vn 0.1100 -0.2136 0.9707
vn -0.0433 -0.1259 0.9911
vn -0.0060 -0.3141 0.9494
vn 0.0401 -0.1207 0.9919
vn 0.0824 -0.1517 0.9850
vn 0.3151 -0.1269 0.9405
vn 0.2379 -0.0795 0.9680
vn 0.2710 -0.1904 0.9435
vn -0.2074 -0.4395 0.8739
vn -0.1146 -0.4448 0.8883
vn -0.2048 -0.3756 0.9038
vn 0.2626 -0.0230 0.9646
vn -0.1026 -0.5031 0.8581
vn 0.0181 0.1061 0.9942
vn -0.0994 0.0905 0.9909
vn -0.0218 0.0510 0.9985
vn -0.1094 0.0240 0.9937
vn 0.1658 -0.0021 0.9862
vn -0.0218 -0.4728 0.8809
vn 0.1841 0.0482 0.9817
vn 0.0212 -0.5212 0.8532
vn -0.1980 0.0376 0.9795
vn 0.0715 -0.4656 0.8821
vn -0.1840 -0.0271 0.9826
vn 0.1254 0.1116 0.9858
vn 0.0766 0.0421 0.9962
vn 0.1376 -0.4919 0.8597
vn -0.2699 -0.0442 0.9619
vn -0.2441 -0.1098 0.9635
vn 0.1652 -0.4214 0.8917
vn 0.2383 -0.4609 0.8548
vn -0.3325 -0.1421 0.9323
vn 0.2706 -0.3820 0.8837
vn 0.2179 -0.3702 0.9031
vn -0.3143 -0.2253 0.9222
vn -0.2350 -0.1882 0.9536
vn 0.2597 -0.2960 0.9192
vn -0.2574 -0.2784 0.9253
vn 0.3115 -0.2966 0.9028
vn -0.2818 -0.3406 0.8970
vn 0.3534 -0.2064 0.9124
vn 0.2126 -0.1609 0.9638
vn 0.1866 -0.0921 0.9781
vn 0.1307 -0.1230 0.9838
vn -0.1203 -0.3837 0.9156
vn -0.0360 -0.4161 0.9086
vn -0.0292 -0.3646 0.9307
vn -0.1065 -0.3203 0.9413
vn -0.0164 -0.0068 0.9998
vn -0.0823 -0.0226 0.9963
vn -0.0722 -0.0810 0.9941
vn 0.0307 -0.0643 0.9975
vn 0.1298 -0.0464 0.9905
vn 0.0568 -0.4143 0.9084
vn 0.0439 -0.3642 0.9303
vn -0.1450 -0.0646 0.9873
vn 0.0635 -0.0093 0.9979
vn -0.1318 -0.1425 0.9810
vn -0.1840 -0.1243 0.9750
vn 0.1304 -0.3827 0.9146
vn 0.1057 -0.3369 0.9356
vn -0.1508 -0.2299 0.9615
vn 0.1827 -0.3300 0.9261
vn 0.1466 -0.2797 0.9488
vn -0.1991 -0.2586 0.9452
vn 0.2182 -0.2526 0.9426
vn 0.1647 -0.2114 0.9634
vn -0.1749 -0.3189 0.9315
vn -0.2488 -0.4787 0.8420
vn -0.2925 -0.4210 0.8586
vn 0.4276 -0.1473 0.8919
vn 0.3890 -0.1032 0.9154
vn -0.3619 -0.4147 0.8349
vn 0.4294 -0.2427 0.8699
vn -0.3380 -0.3636 0.8681
vn 0.3727 -0.2810 0.8844
vn -0.4032 -0.3223 0.8565
vn -0.3527 -0.2907 0.8895
vn 0.4062 -0.3426 0.8472
vn 0.3452 -0.3616 0.8661
vn -0.3981 -0.2228 0.8899
vn 0.3581 -0.4350 0.8262
vn 0.3050 -0.4288 0.8504
vn -0.4160 -0.1424 0.8981
vn 0.2892 -0.5080 0.8113
vn -0.3723 -0.0704 0.9254
vn 0.2236 -0.5575 0.7995
vn 0.2045 -0.5210 0.8287
vn 0.1478 -0.5935 0.7911
vn 0.1264 -0.5505 0.8252
vn 0.1507 0.1869 0.9708
vn 0.0678 0.1845 0.9805
vn 0.0669 -0.6132 0.7871
vn 0.0623 -0.5656 0.8223
vn 0.2233 0.1555 0.9623
vn 0.2154 0.0982 0.9716
vn -0.0144 -0.6181 0.7860
vn -0.0338 -0.5665 0.8233
vn 0.2931 0.1055 0.9502
vn -0.0991 -0.6054 0.7897
vn 0.2808 0.0400 0.9589
vn -0.1203 -0.5529 0.8245
vn 0.3491 0.0447 0.9360
vn -0.1782 -0.5787 0.7958
vn 0.3327 -0.0375 0.9423
vn -0.1859 -0.5158 0.8363
vn 0.3948 -0.0247 0.9184
vn -0.3401 -0.0011 0.9404
vn -0.0158 0.1845 0.9827
vn -0.2906 0.0585 0.9551
vn -0.2310 0.1115 0.9665
vn -0.1665 0.1483 0.9748
vn -0.0869 0.1746 0.9808
vn 0.4305 -0.0772 0.8993
vn 0.4255 -0.0384 0.9042
vn -0.2407 -0.5689 0.7864
vn 0.4024 0.0111 0.9154
vn -0.2116 -0.5867 0.7816
vn 0.0092 0.2319 0.9727
vn -0.0411 0.2292 0.9725
vn 0.3848 0.0386 0.9222
vn -0.1626 -0.6084 0.7768
vn -0.0782 0.2243 0.9714
vn 0.3526 0.0825 0.9321
vn -0.1305 -0.6202 0.7735
vn -0.1263 0.2121 0.9691
vn 0.3299 0.1062 0.9380
vn -0.0781 -0.6323 0.7708
vn -0.1619 0.2003 0.9663
vn 0.2894 0.1429 0.9465
vn -0.0444 -0.6376 0.7691
vn -0.2066 0.1790 0.9619
vn 0.2623 0.1620 0.9513
vn 0.0098 -0.6398 0.7685
vn -0.2398 0.1605 0.9575
vn 0.2147 0.1902 0.9580
vn 0.0439 -0.6384 0.7684
vn -0.2792 0.1310 0.9512
vn 0.1843 0.2042 0.9614
vn 0.0975 -0.6305 0.7701
vn -0.3078 0.1068 0.9454
vn 0.1302 0.2199 0.9668
vn 0.1304 -0.6225 0.7717
vn -0.3403 0.0706 0.9377
vn 0.0963 0.2227 0.9701
vn 0.1816 -0.6047 0.7755
vn -0.3636 0.0414 0.9306
vn 0.0468 0.2298 0.9721
vn 0.2119 -0.5906 0.7787
vn -0.3882 -0.0004 0.9216
vn 0.2588 -0.5635 0.7845
vn -0.4055 -0.0338 0.9135
vn 0.2856 -0.5438 0.7891
vn -0.4221 -0.0779 0.9032
vn 0.3262 -0.5043 0.7995
vn -0.4384 -0.1111 0.8919
vn 0.3385 -0.4815 0.8084
vn -0.4423 -0.1658 0.8814
vn 0.3883 -0.4511 0.8036
vn -0.4390 -0.2001 0.8759
vn 0.4001 -0.4024 0.8234
vn -0.4332 -0.2494 0.8661
vn 0.4176 -0.3748 0.8277
vn -0.4306 -0.2787 0.8585
vn 0.4351 -0.3208 0.8413
vn -0.4367 -0.3319 0.8361
vn 0.4345 -0.2951 0.8510
vn -0.4037 -0.3728 0.8355
vn 0.4659 -0.2450 0.8503
vn -0.3946 -0.4056 0.8245
vn 0.4519 -0.1968 0.8701
vn -0.3659 -0.4496 0.8148
vn 0.4550 -0.1643 0.8752
vn -0.3462 -0.4773 0.8076
vn 0.4476 -0.1107 0.8873
vn 0.2370 -0.1041 -0.9659
vn 0.1676 -0.1493 -0.9745
vn 0.2254 -0.2858 -0.9314
vn 0.3206 -0.2318 -0.9184
vn -0.3612 0.0653 -0.9302
vn -0.2426 -0.1061 -0.9643
vn -0.2986 -0.3072 -0.9036
vn 0.3922 0.2638 -0.8812
vn 0.3968 0.1870 -0.8987
vn 0.5329 0.1637 -0.8302
vn 0.5271 0.2665 -0.8070
vn -0.3683 0.0383 -0.9289
vn -0.5222 -0.0120 -0.8527
vn 0.3838 0.1123 -0.9166
vn 0.5198 0.0647 -0.8518
vn -0.3950 0.1096 -0.9121
vn -0.5287 0.0604 -0.8466
vn 0.3576 0.0393 -0.9330
vn 0.5000 -0.0163 -0.8659
vn -0.4039 0.1860 -0.8957
vn -0.5492 0.1368 -0.8244
vn 0.4695 -0.0903 -0.8783
vn -0.5563 0.2129 -0.8032
vn 0.3133 -0.0236 -0.9494
vn -0.3967 0.2619 -0.8798
vn 0.4238 -0.2015 -0.8831
vn -0.5399 0.3159 -0.7802
vn 0.0230 -0.1031 -0.9944
vn -0.3776 0.3354 -0.8631
vn -0.5030 0.4150 -0.7582
vn -0.3445 0.4036 -0.8476
vn 0.0003 0.4227 -0.9063
vn 0.2683 0.4602 -0.8463
vn 0.0599 0.7523 -0.6561
vn 0.0052 0.7571 -0.6533
vn -0.4497 0.5043 -0.7372
vn -0.3884 0.1718 -0.9053
vn -0.3642 -0.2268 -0.9033
vn -0.2996 0.4650 -0.8331
vn -0.2454 0.5195 -0.8185
vn -0.3245 0.6106 -0.7224
vn -0.3902 0.5738 -0.7201
vn -0.1542 -0.1376 -0.9784
vn 0.1436 -0.3650 -0.9199
vn 0.0857 0.5783 -0.8113
vn 0.1606 0.5540 -0.8169
vn 0.2429 0.6571 -0.7136
vn 0.1203 0.6800 -0.7233
vn 0.0530 -0.1774 -0.9827
vn -0.1782 0.5593 -0.8096
vn -0.2373 0.6618 -0.7111
vn 0.0405 -0.3525 -0.9349
vn 0.2335 0.5206 -0.8212
vn 0.3158 0.6106 -0.7263
vn -0.0247 -0.1872 -0.9820
vn -0.0330 -0.3360 -0.9413
vn -0.1021 0.5822 -0.8066
vn -0.1612 0.6972 -0.6985
vn -0.0867 0.7437 -0.6628
vn 0.2865 0.4647 -0.8378
vn 0.3774 0.5258 -0.7623
vn -0.3035 -0.0291 -0.9524
vn -0.1388 -0.3690 -0.9190
vn -0.0197 0.4119 -0.9110
vn -0.1395 -0.1593 -0.9773
vn -0.0068 0.4249 -0.9052
vn -0.0125 0.7578 -0.6523
vn 0.3304 0.4057 -0.8522
vn 0.4677 0.4441 -0.7642
vn -0.2257 -0.3103 -0.9234
vn 0.3726 0.3385 -0.8641
vn 0.5013 0.3655 -0.7843
vn 0.3653 -0.0633 0.9288
vn 0.3779 -0.0985 0.9206
vn 0.3780 -0.0985 0.9206
vn 0.3653 -0.0633 0.9287
vn 0.0446 0.1695 0.9845
vn 0.0822 0.1640 0.9830
vn 0.0477 -0.5532 0.8317
vn 0.2500 -0.4996 0.8294
vn 0.2781 -0.4749 0.8349
vn -0.3756 -0.1345 0.9170
vn -0.3666 -0.0985 0.9252
vn -0.3665 -0.0985 0.9252
vn -0.3755 -0.1345 0.9170
vn 0.3490 -0.0294 0.9367
vn -0.1427 -0.5561 0.8188
vn -0.1427 -0.5561 0.8187
vn 0.0061 0.1713 0.9852
vn -0.0701 0.1641 0.9840
vn -0.2932 -0.4476 0.8448
vn -0.2678 -0.4749 0.8383
vn -0.3396 -0.2868 0.8958
vn 0.3868 -0.1345 0.9123
vn 0.3869 -0.1345 0.9123
vn -0.7698 0.4178 -0.4825
vn -0.7223 0.5197 -0.4562
vn -0.1769 -0.5404 0.8226
vn -0.3158 -0.4181 0.8518
vn -0.0324 0.1695 0.9850
vn 0.3920 -0.1712 0.9039
vn 0.3934 -0.2083 0.8954
vn 0.3934 -0.2083 0.8955
vn -0.2094 -0.5215 0.8272
vn -0.3353 -0.3865 0.8592
vn 0.3912 -0.2452 0.8871
vn 0.3911 -0.2452 0.8871
vn -0.3516 -0.3530 0.8670
vn -0.2397 -0.4996 0.8324
vn -0.2398 -0.4996 0.8324
vn 0.3852 -0.2818 0.8788
vn 0.3851 -0.2817 0.8788
vn -0.3647 -0.3178 0.8752
vn -0.3646 -0.3178 0.8752
vn 0.3755 -0.3178 0.8706
vn 0.3754 -0.3178 0.8707
vn -0.3743 -0.2817 0.8835
vn -0.3742 -0.2817 0.8835
vn 0.3623 -0.3530 0.8626
vn 0.3623 -0.3530 0.8627
vn -0.3802 -0.2452 0.8918
vn -0.3801 -0.2452 0.8919
vn 0.3459 -0.3865 0.8550
vn -0.3824 -0.2083 0.9002
vn -0.3823 -0.2082 0.9003
vn 0.3263 -0.4181 0.8478
vn -0.3809 -0.1712 0.9086
vn -0.3808 -0.1712 0.9087
vn 0.3037 -0.4476 0.8411
vn -0.7874 0.3752 -0.4891
vn -0.5735 -0.4520 -0.6832
vn -0.6523 -0.3711 -0.6609
vn 0.8004 0.2993 -0.5194
vn 0.8191 0.1877 -0.5420
vn -0.6784 -0.3329 -0.6550
vn 0.8194 0.1431 -0.5550
vn -0.7313 -0.2395 -0.6386
vn 0.8154 0.0305 -0.5781
vn -0.7621 -0.1730 -0.6239
vn 0.8061 -0.0140 -0.5915
vn -0.7872 -0.1209 -0.6048
vn 0.7780 -0.1126 -0.6181
vn -0.8088 -0.0179 -0.5878
vn 0.7517 -0.1791 -0.6347
vn -0.8185 0.0528 -0.5720
vn 0.7297 -0.2370 -0.6414
vn -0.8261 0.1098 -0.5527
vn 0.6720 -0.3347 -0.6606
vn -0.8225 0.2211 -0.5241
vn 0.6424 -0.3692 -0.6716
vn -0.8133 0.2665 -0.5172
vn 0.5664 -0.4542 -0.6877
vn 0.5305 -0.4823 -0.6971
vn -0.0013 0.9254 -0.3790
vn 0.0788 0.9219 -0.3793
vn 0.4391 -0.5513 -0.7094
vn 0.1511 0.9113 -0.3830
vn 0.3981 -0.5721 -0.7171
vn 0.3367 0.8690 0.3626
vn 0.2234 0.9029 -0.3672
vn 0.2949 -0.6224 -0.7250
vn 0.3106 0.8658 -0.3922
vn 0.2504 -0.6350 -0.7308
vn -0.6966 0.5582 -0.4507
vn -0.6293 0.6425 -0.4372
vn 0.3954 0.8256 -0.4024
vn 0.1445 -0.6562 -0.7406
vn -0.5794 0.6946 -0.4264
vn 0.4409 0.8030 -0.4010
vn 0.0721 -0.6653 -0.7431
vn -0.5381 0.7361 -0.4106
vn 0.5304 0.7378 -0.4176
vn 0.0125 -0.6744 -0.7383
vn -0.4468 0.8042 -0.3920
vn 0.5709 0.6960 -0.4354
vn -0.1024 -0.6714 -0.7340
vn -0.4058 0.8264 -0.3904
vn 0.7964 0.5348 0.2823
vn 0.6284 0.6493 -0.4285
vn -0.1481 -0.6622 -0.7346
vn -0.3063 0.8700 -0.3864
vn 0.6776 0.5717 -0.4626
vn -0.2523 -0.6322 -0.7325
vn -0.2371 0.8930 -0.3825
vn 0.7250 0.4924 -0.4816
vn -0.3205 -0.6070 -0.7272
vn -0.1799 0.9105 -0.3723
vn -0.0721 0.9240 -0.3756
vn -0.3768 -0.5878 -0.7158
vn -0.0021 0.9263 -0.3769
vn -0.4679 -0.5296 -0.7075
vn 0.7507 0.4488 -0.4849
vn -0.5258 -0.4862 -0.6980
vn 0.7911 0.3430 -0.5065
vn 0.0463 -0.6146 0.7875
vn 0.1676 -0.5858 0.7930
vn 0.5748 -0.7944 0.1964
vn 0.2052 -0.5683 0.7968
vn 0.4578 -0.8879 0.0451
vn 0.2403 -0.5468 0.8020
vn 0.3047 -0.4954 0.8135
vn 0.3788 -0.3979 0.8356
vn 0.3358 0.0605 0.9400
vn 0.3065 0.0895 0.9477
vn 0.3421 0.7579 0.5555
vn 0.0060 0.2129 0.9771
vn -0.1323 0.6173 0.7755
vn -0.0356 0.2097 0.9771
vn -0.0771 0.2044 0.9758
vn -0.0768 0.2028 0.9762
vn -0.2310 0.1424 0.9625
vn -0.2301 0.1410 0.9629
vn -0.3229 0.0595 0.9446
vn -0.3238 -0.4660 0.8234
vn -0.1957 -0.5688 0.7989
vn -0.1182 -0.5987 0.7922
vn -0.1597 -0.5901 0.7914
vn -0.2677 -0.5270 0.8066
vn -0.2995 0.0945 0.9494
vn -0.1593 0.1857 0.9696
vn 0.0483 0.2168 0.9750
vn 0.1917 0.8717 0.4511
vn 0.0904 0.2107 0.9734
vn 0.2838 0.8492 0.4453
vn 0.1316 0.2006 0.9708
vn 0.1712 0.1858 0.9676
vn 0.3397 0.0640 0.9384
vn 0.3373 -0.4688 0.8164
vn 0.1298 -0.6040 0.7864
vn -0.1913 0.9593 0.2076
vn -0.2983 0.9362 0.1858
vn -0.3742 0.9158 0.1459
vn -0.4788 0.8613 0.1701
vn -0.5480 0.8269 0.1263
vn -0.6413 0.7532 0.1463
vn -0.7004 0.7068 0.0997
vn -0.7786 0.6168 0.1152
vn -0.8257 0.5602 0.0667
vn -0.8860 0.4569 0.0793
vn -0.9193 0.3925 0.0284
vn -0.9595 0.2790 0.0389
vn -0.9776 0.2100 -0.0130
vn -0.9958 0.0913 -0.0042
vn -0.9982 0.0203 -0.0560
vn -0.9939 -0.0997 -0.0474
vn -0.9808 -0.1703 -0.0945
vn -0.9545 -0.2845 -0.0896
vn -0.9259 -0.3505 -0.1412
vn -0.8770 -0.4609 -0.1360
vn -0.8343 -0.5205 -0.1820
vn -0.7701 -0.6274 -0.1157
vn -0.6369 -0.7493 -0.1816
vn -0.5524 -0.8179 -0.1609
vn -0.3861 -0.8966 -0.2169
vn -0.2875 -0.9386 -0.1907
vn -0.1025 -0.9666 -0.2348
vn 0.0076 -0.9674 -0.2533
vn 0.0880 -0.9540 -0.2865
vn 0.1969 -0.9601 -0.1985
vn 0.3778 -0.8988 -0.2223
vn 0.4771 -0.8486 -0.2286
vn 0.5453 -0.7991 -0.2533
vn 0.6349 -0.7571 -0.1541
vn 0.7689 -0.6189 -0.1603
vn 0.8342 -0.5286 -0.1571
vn 0.8741 -0.4516 -0.1786
vn 0.9263 -0.3581 -0.1175
vn 0.9520 -0.2754 -0.1336
vn 0.9815 -0.1781 -0.0703
vn 0.9917 -0.0907 -0.0915
vn 0.9993 0.0137 -0.0339
vn 0.9937 0.1003 -0.0504
vn 0.9790 0.2036 0.0094
vn 0.9577 0.2877 -0.0069
vn 0.9209 0.3863 0.0515
vn 0.8847 0.4650 0.0342
vn 0.8273 0.5543 0.0910
vn 0.7777 0.6246 0.0715
vn 0.7021 0.7010 0.1252
vn 0.6408 0.7606 0.1041
vn 0.5497 0.8211 0.1538
vn 0.4788 0.8683 0.1299
vn 0.3757 0.9098 0.1760
vn 0.2986 0.9428 0.1480
vn 0.1935 0.9511 0.2409
vn -0.0239 0.1699 -0.9852
vn -0.0059 0.2165 -0.9763
vn 0.0421 0.2000 -0.9789
vn -0.0566 0.2319 -0.9711
vn 0.0073 0.2629 -0.9648
vn 0.0552 -0.2039 0.9774
vn -0.0107 -0.1697 0.9854
vn 0.0062 -0.2166 0.9762
vn -0.0375 -0.2418 0.9696
vn 0.0289 -0.2621 0.9646
vn 0.0946 0.2259 -0.9696
vn 0.0685 0.2809 -0.9573
vn -0.0892 0.2753 -0.9572
vn -0.1035 0.1890 -0.9765
vn 0.0749 0.1545 -0.9852
vn -0.0072 0.3151 -0.9490
vn 0.0249 0.1208 -0.9924
vn -0.0456 0.1221 -0.9915
vn 0.2093 0.4386 -0.8739
vn 0.1331 0.4366 -0.8898
vn 0.1029 0.5018 -0.8588
vn -0.0206 -0.1039 -0.9944
vn 0.0990 -0.0886 -0.9911
vn 0.0341 0.4719 -0.8810
vn -0.0213 0.5204 -0.8537
vn 0.1983 -0.0366 -0.9795
vn -0.0700 0.4666 -0.8817
vn 0.1856 0.0261 -0.9823
vn -0.1412 0.4908 -0.8598
vn 0.2653 0.0421 -0.9632
vn 0.2422 0.1109 -0.9639
vn -0.1642 0.4266 -0.8894
vn -0.2418 0.4175 -0.8759
vn 0.3289 0.1271 -0.9358
vn -0.1985 0.3586 -0.9121
vn 0.2377 0.1948 -0.9516
vn 0.3157 0.2246 -0.9219
vn -0.2597 0.3018 -0.9173
vn -0.2976 0.3349 -0.8940
vn 0.2578 0.2776 -0.9255
vn 0.2853 0.3396 -0.8963
vn -0.3228 0.2555 -0.9113
vn -0.2697 0.2143 -0.9388
vn 0.2123 0.3669 -0.9057
vn -0.3285 0.1751 -0.9281
vn -0.2187 0.1815 -0.9588
vn -0.1454 0.1403 -0.9794
vn 0.1224 0.3801 -0.9168
vn 0.1224 0.3037 -0.9449
vn 0.0614 0.3527 -0.9337
vn 0.0385 0.4160 -0.9086
vn -0.0302 0.0595 -0.9978
vn 0.0472 0.0686 -0.9965
vn 0.0647 0.0175 -0.9977
vn -0.1028 0.0956 -0.9901
vn -0.0322 0.3648 -0.9305
vn 0.1447 0.0651 -0.9873
vn -0.0449 0.4207 -0.9061
vn -0.1110 0.3886 -0.9147
vn 0.1438 0.1616 -0.9763
vn 0.1889 0.1416 -0.9717
vn -0.1276 0.3070 -0.9431
vn 0.1533 0.2278 -0.9616
vn -0.2052 0.2775 -0.9386
vn 0.1980 0.2656 -0.9435
vn -0.1611 0.2206 -0.9620
vn 0.1758 0.3257 -0.9290
vn -0.4345 0.1796 -0.8826
vn -0.3801 0.2077 -0.9013
vn -0.3949 0.1098 -0.9121
vn -0.4275 0.2655 -0.8642
vn -0.3694 0.2935 -0.8817
vn -0.4082 0.3407 -0.8469
vn -0.3433 0.3657 -0.8651
vn -0.3600 0.4353 -0.8252
vn -0.3048 0.4233 -0.8532
vn 0.4017 0.0792 -0.9123
vn 0.3976 0.1814 -0.8995
vn -0.2518 0.4793 -0.8408
vn 0.3269 0.0335 -0.9445
vn 0.3618 -0.0114 -0.9322
vn -0.0685 -0.1849 -0.9804
vn 0.0166 -0.1540 -0.9879
vn 0.0323 -0.2132 -0.9765
vn 0.2907 -0.0565 -0.9551
vn -0.1493 -0.1898 -0.9704
vn -0.0622 0.5656 -0.8223
vn 0.1075 -0.1711 -0.9794
vn 0.2327 -0.1105 -0.9663
vn 0.1731 -0.1391 -0.9750
vn 0.7509 0.5456 0.3722
vn 0.7509 0.5455 0.3722
vn 0.8564 0.3920 0.3359
vn 0.3528 -0.1342 0.9260
vn 0.8978 0.3067 0.3160
vn -0.0330 -0.5828 0.8119
vn 0.9663 0.0392 0.2545
vn 0.9662 0.0393 0.2547
vn 0.3122 -0.6822 0.6612
vn -0.2293 -0.4442 0.8661
vn 0.0430 -0.5828 0.8115
vn 0.0345 0.1136 0.9929
vn 0.2962 -0.0104 0.9551
vn 0.1550 0.1424 0.9776
vn 0.8073 -0.5790 0.1144
vn 0.6587 -0.7364 0.1542
vn -0.2696 0.0600 0.9611
vn -0.2816 -0.9589 0.0332
vn -0.3712 -0.9276 0.0410
vn -0.3712 -0.9277 0.0410
vn 0.1171 -0.5685 0.8143
vn 0.6867 -0.7223 0.0821
vn -0.4573 -0.8879 0.0507
vn 0.6162 -0.7846 0.0681
vn -0.5389 -0.8400 0.0623
vn 0.5396 -0.8401 0.0556
vn 0.1528 -0.5561 0.8169
vn 0.6155 -0.7747 0.1450
vn 0.3717 -0.9277 0.0364
vn -0.1394 0.1058 0.9846
vn 0.2820 -0.9589 0.0297
vn 0.2820 -0.9590 0.0297
vn -0.8058 -0.5790 0.1244
vn 0.0131 -0.5556 0.8313
vn -0.1265 0.0882 0.9880
vn -0.9269 -0.3278 0.1830
vn -0.9497 -0.2379 0.2038
vn -0.9497 -0.2377 0.2037
vn 0.6871 0.6140 0.3884
vn 0.5404 0.7311 0.4165
vn 0.4590 0.7786 0.4280
vn 0.2837 0.8492 0.4453
vn 0.3826 0.7750 0.5030
vn -0.1063 0.8463 0.5219
vn 0.0168 0.9046 0.4259
vn 0.0168 0.8739 0.4858
vn -0.0115 0.9046 0.4261
vn -0.0921 0.8852 0.4559
vn -0.2878 0.8079 0.5142
vn -0.1860 0.8717 0.4534
vn -0.0710 0.8494 0.5230
vn -0.4537 0.7786 0.4336
vn -0.3417 0.7889 0.5107
vn -0.5353 0.7311 0.4231
vn -0.6822 0.6140 0.3968
vn -0.7463 0.5456 0.3814
vn -0.8939 0.3068 0.3270
vn -0.8938 0.3067 0.3270
vn -0.9679 -0.0533 0.2456
vn -0.9635 -0.1459 0.2245
vn 0.2052 0.2795 0.9380
vn 0.3294 0.0026 0.9442
vn 0.0954 -0.9952 0.0224
vn 0.0955 -0.9952 0.0225
vn -0.3263 -0.0267 -0.9449
vn -0.4796 -0.0926 -0.8726
vn -0.4362 -0.1661 -0.8844
vn -0.1033 0.1664 -0.9806
vn -0.0685 0.2096 -0.9754
vn 0.0597 0.2157 -0.9746
vn -0.0738 0.2212 -0.9724
vn 0.0490 0.1879 -0.9810
vn -0.1160 0.2402 -0.9638
vn 0.0370 0.1755 -0.9838
vn -0.0646 0.2533 -0.9652
vn 0.0267 0.1697 -0.9851
vn -0.0043 0.3356 -0.9420
vn -0.0589 0.2615 -0.9634
vn 0.0149 0.1645 -0.9863
vn 0.0192 0.2844 -0.9585
vn -0.0500 0.2732 -0.9607
vn 0.0024 0.1617 -0.9868
vn 0.0289 0.2815 -0.9591
vn -0.0405 0.2809 -0.9589
vn -0.0103 0.1615 -0.9868
vn 0.0404 0.2735 -0.9610
vn -0.0269 0.2863 -0.9578
vn 0.0493 0.2636 -0.9634
vn -0.0124 0.2863 -0.9581
vn 0.0560 0.2522 -0.9660
vn -0.0459 0.1745 -0.9836
vn -0.0552 0.1813 -0.9819
vn 0.0597 0.2260 -0.9723
vn -0.0186 0.5152 -0.8568
vn 0.0658 0.7303 -0.6800
vn 0.0606 0.5034 -0.8619
vn 0.0915 0.5694 -0.8170
vn 0.1462 0.5309 -0.8347
vn 0.1621 0.5436 -0.8235
vn 0.2075 0.4961 -0.8431
vn 0.2261 0.5059 -0.8325
vn 0.2603 0.4499 -0.8543
vn 0.2813 0.4560 -0.8443
vn 0.3030 0.3942 -0.8676
vn 0.3248 0.3964 -0.8587
vn 0.3348 0.3326 -0.8816
vn 0.3571 0.3304 -0.8737
vn 0.3515 0.2654 -0.8978
vn 0.3748 0.2590 -0.8902
vn 0.3779 0.1856 -0.9071
vn 0.3303 0.1292 -0.9350
vn 0.3032 0.1357 -0.9432
vn 0.5036 -0.0334 -0.8633
vn 0.2585 0.0694 -0.9635
vn 0.3220 0.0121 -0.9466
vn 0.2659 -0.0245 -0.9637
vn 0.2762 -0.0461 -0.9600
vn 0.2135 -0.0717 -0.9743
vn 0.2198 -0.0945 -0.9710
vn 0.1548 -0.1314 -0.9792
vn 0.0836 -0.1552 -0.9843
vn 0.0160 -0.1435 -0.9895
vn 0.0092 -0.1663 -0.9860
vn -0.0548 -0.1402 -0.9886
vn -0.0655 -0.1608 -0.9848
vn -0.1381 -0.1420 -0.9802
vn -0.1889 -0.0961 -0.9773
vn -0.2056 -0.1104 -0.9724
vn -0.2467 -0.0554 -0.9675
vn -0.2654 -0.0664 -0.9618
vn -0.2525 0.0383 -0.9669
vn -0.5165 -0.0679 -0.8536
vn -0.2891 0.1088 -0.9511
vn -0.3726 0.0850 -0.9241
vn -0.3634 0.1532 -0.9190
vn -0.3845 0.1559 -0.9098
vn -0.3493 0.2278 -0.9089
vn -0.3095 0.2302 -0.9226
vn -0.5575 0.3054 -0.7719
vn -0.2962 0.3072 -0.9044
vn -0.3646 0.3363 -0.8683
vn -0.3187 0.3874 -0.8650
vn -0.3315 0.4017 -0.8537
vn -0.2773 0.4438 -0.8522
vn -0.2863 0.4604 -0.8403
vn -0.2306 0.5092 -0.8292
vn -0.1646 0.5276 -0.8334
vn -0.1659 0.5465 -0.8209
vn -0.0976 0.5519 -0.8282
vn -0.0949 0.5702 -0.8160
vn -0.0218 0.5465 -0.8372
vn -0.0935 -0.2478 0.9643
vn -0.0329 -0.3071 0.9511
vn 0.0908 -0.2728 0.9578
vn 0.1083 -0.2018 0.9734
vn -0.0799 -0.1631 0.9834
vn 0.0362 -0.3121 0.9493
vn 0.0667 -0.1339 0.9887
vn -0.0062 -0.1145 0.9934
vn 0.3079 -0.1044 0.9457
vn 0.2343 -0.0791 0.9689
vn 0.2702 -0.1742 0.9469
vn 0.2612 -0.0202 0.9651
vn -0.2104 -0.4381 0.8740
vn -0.1046 -0.5007 0.8593
vn -0.1511 -0.4219 0.8940
vn -0.0465 -0.4672 0.8829
vn 0.0210 -0.5192 0.8544
vn 0.0698 -0.4646 0.8828
vn -0.1834 -0.0271 0.9827
vn 0.1409 -0.4897 0.8604
vn -0.2710 -0.0450 0.9615
vn -0.2377 -0.0983 0.9664
vn 0.1720 -0.4154 0.8932
vn 0.2424 -0.4197 0.8747
vn -0.3338 -0.1405 0.9321
vn -0.2565 -0.1694 0.9516
vn -0.3143 -0.2273 0.9217
vn 0.2318 -0.3489 0.9080
vn -0.2613 -0.2548 0.9310
vn 0.3017 -0.3331 0.8933
vn 0.2658 -0.2711 0.9251
vn -0.2837 -0.3400 0.8966
vn 0.3263 -0.2472 0.9124
vn -0.2227 -0.3462 0.9113
vn 0.3277 -0.1813 0.9272
vn 0.2122 -0.1594 0.9641
vn 0.1265 -0.1168 0.9851
vn 0.1639 -0.1899 0.9680
vn 0.1852 -0.0943 0.9782
vn -0.1240 -0.3825 0.9156
vn -0.0368 -0.4165 0.9084
vn -0.0784 -0.3440 0.9357
vn -0.0726 -0.0840 0.9938
vn 0.0315 -0.0632 0.9975
vn 0.1303 -0.0454 0.9904
vn 0.0127 -0.3678 0.9298
vn 0.0576 -0.4157 0.9077
vn -0.1455 -0.0678 0.9870
vn 0.1001 -0.3383 0.9357
vn -0.1429 -0.1639 0.9761
vn -0.1917 -0.1325 0.9725
vn 0.1429 -0.3749 0.9160
vn -0.2030 -0.2400 0.9493
vn 0.1940 -0.3073 0.9316
vn 0.1544 -0.2624 0.9525
vn -0.1413 -0.2663 0.9535
vn 0.2201 -0.2320 0.9475
vn -0.1698 -0.3285 0.9291
vn 0.4307 -0.1451 0.8908
vn 0.3875 -0.1027 0.9161
vn 0.3792 -0.1928 0.9050
vn -0.3612 -0.4164 0.8344
vn 0.4293 -0.2437 0.8696
vn -0.3364 -0.3631 0.8689
vn 0.3722 -0.2783 0.8854
vn -0.3972 -0.3406 0.8522
vn -0.3555 -0.2934 0.8874
vn -0.4191 -0.2420 0.8751
vn 0.3440 -0.3638 0.8656
vn -0.3723 -0.2187 0.9020
vn 0.3048 -0.4233 0.8532
vn -0.4154 -0.1446 0.8980
vn 0.2920 -0.5094 0.8095
vn 0.2522 -0.4790 0.8408
vn 0.2232 -0.5589 0.7986
vn 0.2007 -0.5164 0.8325
vn 0.2233 0.1556 0.9623
vn -0.0144 -0.6180 0.7860
vn -0.1782 -0.5788 0.7958
vn 0.3351 -0.0346 0.9416
vn 0.4305 -0.0771 0.8993
vn 0.4024 0.0112 0.9154
vn -0.2116 -0.5868 0.7816
vn 0.3849 0.0386 0.9222
vn -0.1619 0.2002 0.9663
vn 0.2623 0.1619 0.9513
vn 0.2146 0.1902 0.9580
vn 0.0439 -0.6384 0.7685
vn 0.1302 0.2202 0.9667
vn -0.4221 -0.0778 0.9032
vn -0.4411 -0.1673 0.8817
vn -0.4382 -0.1944 0.8776
vn -0.4553 -0.2454 0.8558
vn 0.4177 -0.3749 0.8277
vn -0.4304 -0.2915 0.8543
vn -0.4280 -0.3250 0.8433
vn -0.4083 -0.3743 0.8326
vn 0.4659 -0.2449 0.8503
vn -0.3946 -0.4055 0.8245
vn 0.4520 -0.1968 0.8701
vn -0.3659 -0.4497 0.8148
vn 0.4550 -0.1644 0.8752
vn 0.2290 -0.0839 -0.9698
vn 0.1652 -0.1457 -0.9754
vn 0.2499 -0.2837 -0.9258
vn 0.3066 -0.2435 -0.9202
vn -0.1764 -0.1461 -0.9734
vn -0.2418 -0.1045 -0.9647
vn -0.2898 -0.2754 -0.9166
vn 0.2902 0.0641 -0.9548
vn 0.3930 0.2301 -0.8903
vn 0.5347 0.2199 -0.8160
vn 0.5728 0.2854 -0.7684
vn -0.3684 0.0383 -0.9289
vn 0.2346 -0.0137 -0.9720
vn 0.5796 0.1173 -0.8064
vn 0.3813 0.1178 -0.9169
vn 0.5223 0.0665 -0.8502
vn -0.3949 0.1096 -0.9121
vn -0.5287 0.0605 -0.8466
vn 0.3555 0.0395 -0.9339
vn 0.5017 -0.0153 -0.8649
vn -0.4040 0.1860 -0.8956
vn 0.4451 -0.0775 -0.8921
vn -0.5563 0.2128 -0.8032
vn 0.3014 -0.0153 -0.9534
vn -0.3966 0.2619 -0.8798
vn 0.1851 0.0428 -0.9818
vn 0.0119 -0.0924 -0.9957
vn -0.5030 0.4150 -0.7581
vn -0.3444 0.4035 -0.8477
vn 0.2680 0.4604 -0.8463
vn 0.0615 0.7512 -0.6573
vn -0.3322 0.1796 -0.9260
vn -0.3979 -0.2378 -0.8861
vn -0.2996 0.4652 -0.8330
vn -0.2452 0.5196 -0.8185
vn -0.3251 0.6106 -0.7221
vn 0.0908 -0.1686 -0.9815
vn 0.1807 -0.3205 -0.9299
vn 0.0865 0.5843 -0.8069
vn 0.1659 0.5602 -0.8116
vn 0.2250 0.6632 -0.7138
vn 0.1234 0.6999 -0.7035
vn 0.0771 -0.3796 -0.9219
vn -0.1743 0.5537 -0.8142
vn -0.2209 0.6457 -0.7309
vn -0.1898 -0.0485 -0.9806
vn 0.2336 0.5208 -0.8211
vn 0.3152 0.6109 -0.7262
vn -0.0208 -0.1765 -0.9841
vn -0.0293 -0.3112 -0.9499
vn -0.1034 0.5775 -0.8098
vn -0.1212 0.7030 -0.7008
vn 0.2866 0.4648 -0.8378
vn 0.3774 0.5257 -0.7624
vn -0.0989 -0.1669 -0.9810
vn -0.1518 -0.3200 -0.9352
vn -0.0225 0.4213 -0.9067
vn -0.0567 0.7529 -0.6557
vn -0.0068 0.4248 -0.9053
vn -0.0079 0.7584 -0.6517
vn 0.3306 0.4059 -0.8520
vn -0.2174 -0.3039 -0.9276
vn 0.3727 0.3387 -0.8640
vn 0.5009 0.3677 -0.7835
vn 0.3779 -0.0984 0.9206
vn 0.0445 0.1695 0.9845
vn 0.2831 -0.0275 0.9587
vn 0.3276 -0.3039 0.8946
vn -0.1427 -0.5562 0.8187
vn -0.7697 0.4178 -0.4827
vn -0.7223 0.5197 -0.4563
vn 0.2157 0.0431 0.9755
vn 0.3934 -0.2082 0.8955
vn 0.3921 -0.1712 0.9039
vn -0.2094 -0.5215 0.8271
vn -0.3158 -0.4180 0.8518
vn 0.3852 -0.2817 0.8788
vn 0.2362 -0.4728 0.8489
vn 0.3755 -0.3177 0.8707
vn 0.1786 -0.5115 0.8405
vn 0.3036 -0.4476 0.8411
vn -0.5906 -0.4291 -0.6834
vn -0.6387 -0.3754 -0.6717
vn 0.8001 0.2802 -0.5304
vn 0.8139 0.2216 -0.5371
vn -0.6784 -0.3328 -0.6550
vn 0.8156 0.1170 -0.5666
vn -0.7313 -0.2396 -0.6386
vn 0.8106 0.0465 -0.5837
vn 0.8061 -0.0140 -0.5916
vn -0.7872 -0.1209 -0.6047
vn -0.8089 -0.0179 -0.5877
vn 0.7517 -0.1761 -0.6355
vn 0.7193 -0.2417 -0.6512
vn 0.7958 -0.5421 -0.2700
vn 0.6939 -0.3115 -0.6492
vn 0.6317 -0.4073 -0.6596
vn 0.6554 -0.6881 -0.3113
vn 0.5929 -0.4356 -0.6773
vn 0.5149 -0.4879 -0.7048
vn 0.0814 0.9223 -0.3777
vn 0.4411 -0.5347 -0.7208
vn 0.1416 0.9171 -0.3727
vn 0.3780 -0.5764 -0.7244
vn 0.2540 0.8910 -0.3763
vn 0.3258 -0.6071 -0.7248
vn 0.2970 0.8744 -0.3836
vn 0.2182 -0.6474 -0.7303
vn 0.4021 0.8275 -0.3919
vn 0.1726 -0.6557 -0.7350
vn 0.4409 0.8030 -0.4009
vn 0.0619 -0.6711 -0.7387
vn 0.5304 0.7378 -0.4175
vn 0.0016 -0.6668 -0.7452
vn -0.4480 0.8012 -0.3967
vn -0.1467 -0.9870 -0.0660
vn -0.0698 -0.6800 -0.7299
vn -0.3935 0.8283 -0.3988
vn -0.1635 -0.6536 -0.7390
vn -0.3294 0.8700 0.3670
vn -0.3347 0.8656 -0.3723
vn 0.6777 0.5717 -0.4626
vn -0.2484 -0.6275 -0.7379
vn -0.2408 0.8919 -0.3828
vn 0.7250 0.4924 -0.4815
vn -0.1537 0.9102 -0.3846
vn -0.0832 0.9215 -0.3793
vn -0.3768 -0.5878 -0.7159
vn -0.0020 0.9263 -0.3767
vn -0.4764 -0.5327 -0.6994
vn -0.5126 -0.5034 -0.6955
vn 0.7837 0.3493 -0.5136
vn 0.0048 -0.6177 0.7864
vn 0.2411 -0.5479 0.8010
vn 0.3338 -0.4661 0.8193
vn 0.3801 -0.3984 0.8347
vn 0.3796 -0.3982 0.8351
vn 0.3965 -0.3613 0.8440
vn 0.3608 0.0278 0.9322
vn 0.3361 0.0609 0.9398
vn 0.0479 0.2104 0.9764
vn 0.0476 0.2087 0.9768
vn -0.1566 0.1793 0.9713
vn -0.1950 0.1633 0.9671
vn -0.2636 0.1168 0.9575
vn -0.3491 0.0279 0.9367
vn -0.3886 -0.0454 0.9203
vn -0.3875 -0.3616 0.8480
vn -0.1957 -0.5687 0.7989
vn -0.1188 -0.6000 0.7911
vn 0.0060 0.2200 0.9755
vn 0.0902 0.2098 0.9736
vn 0.1695 -0.5902 0.7893
vn -0.1912 0.9593 0.2078
vn -0.2984 0.9362 0.1856
vn -0.3742 0.9158 0.1460
vn -0.4788 0.8613 0.1703
vn -0.5479 0.8269 0.1265
vn -0.6414 0.7532 0.1462
vn -0.7003 0.7068 0.0999
vn -0.8256 0.5603 0.0665
vn -0.8860 0.4568 0.0794
vn -0.9194 0.3923 0.0285
vn -0.9595 0.2790 0.0392
vn -0.9776 0.2099 -0.0129
vn -0.9958 0.0913 -0.0043
vn -0.9982 0.0203 -0.0558
vn -0.9939 -0.0997 -0.0475
vn -0.9808 -0.1704 -0.0946
vn -0.9545 -0.2844 -0.0897
vn -0.9259 -0.3503 -0.1414
vn -0.8770 -0.4609 -0.1361
vn -0.8343 -0.5204 -0.1819
vn -0.7701 -0.6274 -0.1156
vn -0.6368 -0.7493 -0.1817
vn -0.5480 -0.8088 -0.2133
vn -0.4782 -0.8400 -0.2565
vn -0.3748 -0.8970 -0.2345
vn -0.2985 -0.9140 -0.2749
vn -0.1873 -0.9504 -0.2483
vn -0.1074 -0.9527 -0.2844
vn 0.0022 -0.9794 -0.2017
vn 0.0968 -0.9874 -0.1249
vn 0.1904 -0.9535 -0.2336
vn 0.2970 -0.9230 -0.2447
vn 0.3722 -0.8871 -0.2728
vn 0.5453 -0.7990 -0.2535
vn 0.6350 -0.7570 -0.1541
vn 0.7689 -0.6189 -0.1605
vn 0.8342 -0.5286 -0.1569
vn 0.8742 -0.4515 -0.1786
vn 0.9262 -0.3581 -0.1176
vn 0.9520 -0.2755 -0.1335
vn 0.9806 -0.1947 -0.0220
vn 0.9998 -0.0020 -0.0203
vn 0.9950 0.0918 0.0381
vn 0.9586 0.2812 0.0444
vn 0.9209 0.3863 0.0512
vn 0.8847 0.4650 0.0345
vn 0.8273 0.5543 0.0913
vn 0.7020 0.7010 0.1256
vn 0.7061 0.6625 0.2501
vn 0.6409 0.7606 0.1040
vn 0.5496 0.8211 0.1541
vn 0.4788 0.8683 0.1297
vn 0.3757 0.9098 0.1761
vn 0.2986 0.9428 0.1478
vn 0.1935 0.9510 0.2410
vn -0.0540 0.2232 -0.9733
vn -0.0055 0.2167 -0.9762
vn 0.0015 0.1683 -0.9857
vn 0.0440 0.2288 -0.9725
vn -0.0029 0.2677 -0.9635
vn 0.0064 -0.1663 0.9861
vn -0.0437 -0.2225 0.9740
vn 0.0066 -0.2167 0.9762
vn 0.0577 -0.2177 0.9743
vn 0.0149 -0.2672 0.9635
vn 0.0972 0.2212 -0.9704
vn 0.0738 0.2808 -0.9569
vn -0.0969 0.2636 -0.9598
vn -0.1096 0.2051 -0.9726
vn 0.0650 0.1459 -0.9872
vn -0.0494 0.3091 -0.9497
vn -0.0811 0.1508 -0.9852
vn -0.0178 0.1124 -0.9935
vn 0.0265 0.3116 -0.9498
vn 0.2077 0.4408 -0.8732
vn 0.1926 0.3858 -0.9022
vn 0.1122 0.4454 -0.8883
vn -0.2908 0.1216 -0.9490
vn -0.2322 0.0763 -0.9697
vn -0.2637 0.0176 -0.9644
vn 0.1019 0.5024 -0.8586
vn 0.0238 -0.1050 -0.9942
vn 0.0193 -0.0498 -0.9986
vn 0.1067 -0.0252 -0.9940
vn 0.1321 -0.0757 -0.9883
vn -0.1658 0.0021 -0.9862
vn 0.0112 0.4713 -0.8819
vn -0.1823 -0.0537 -0.9818
vn -0.0225 0.5205 -0.8535
vn 0.1791 0.0238 -0.9835
vn 0.2316 -0.0046 -0.9728
vn -0.0730 -0.0407 -0.9965
vn -0.0859 -0.0965 -0.9916
vn -0.0923 0.4577 -0.8843
vn -0.1423 0.4905 -0.8598
vn 0.2332 0.0947 -0.9678
vn 0.2966 0.0846 -0.9512
vn -0.1815 0.4071 -0.8952
vn -0.2417 0.4198 -0.8748
vn 0.2913 0.1664 -0.9420
vn -0.2391 0.3368 -0.9107
vn 0.2572 0.2487 -0.9338
vn 0.3154 0.2522 -0.9148
vn -0.3022 0.3340 -0.8928
vn -0.2965 0.2625 -0.9182
vn 0.2378 0.3209 -0.9167
vn 0.2779 0.3544 -0.8928
vn -0.2705 0.2075 -0.9401
vn -0.3297 0.1793 -0.9269
vn 0.1518 0.3536 -0.9230
vn 0.1166 0.3102 -0.9435
vn 0.0604 0.3561 -0.9325
vn 0.0848 0.4005 -0.9124
vn -0.2158 0.1620 -0.9629
vn -0.1476 0.1468 -0.9781
vn -0.1808 0.0929 -0.9791
vn -0.0862 0.0820 -0.9929
vn 0.0122 0.0021 -0.9999
vn 0.0208 0.0646 -0.9977
vn 0.0851 0.0242 -0.9961
vn -0.1370 0.0437 -0.9896
vn -0.0295 0.3663 -0.9300
vn 0.0095 0.4189 -0.9080
vn 0.1002 0.0962 -0.9903
vn 0.1473 0.0651 -0.9869
vn -0.0579 0.0134 -0.9982
vn -0.0800 0.4061 -0.9103
vn 0.1408 0.1580 -0.9774
vn 0.1912 0.1338 -0.9724
vn -0.1297 0.3085 -0.9423
vn -0.1444 0.3688 -0.9182
vn 0.1504 0.2343 -0.9604
vn 0.2072 0.2045 -0.9567
vn -0.2004 0.3005 -0.9325
vn 0.1935 0.2847 -0.9389
vn -0.1636 0.2192 -0.9619
vn -0.2177 0.2381 -0.9465
vn 0.2938 0.4225 -0.8575
vn -0.4311 0.2038 -0.8790
vn -0.3763 0.1919 -0.9064
vn -0.3950 0.1101 -0.9121
vn 0.3596 0.4180 -0.8342
vn 0.3361 0.3603 -0.8702
vn -0.3722 0.2765 -0.8860
vn 0.4046 0.3234 -0.8554
vn -0.4181 0.3057 -0.8554
vn 0.3546 0.2948 -0.8873
vn -0.3866 0.3836 -0.8387
vn -0.3453 0.3627 -0.8656
vn 0.3953 0.2213 -0.8915
vn -0.3461 0.4506 -0.8229
vn -0.3083 0.4213 -0.8529
vn -0.2900 0.5107 -0.8094
vn -0.2285 -0.1575 -0.9607
vn -0.2107 -0.0968 -0.9728
vn -0.1447 -0.1605 -0.9764
vn -0.2886 -0.0718 -0.9547
vn 0.1784 0.5785 -0.7959
vn -0.3485 -0.0418 -0.9364
vn -0.3338 0.0375 -0.9419
vn -0.3941 0.0259 -0.9187
vn 0.3875 0.1473 -0.9100
vn 0.3730 0.0721 -0.9250
vn 0.3384 0.0049 -0.9410
vn -0.0633 -0.1812 -0.9814
vn 0.0108 -0.1851 -0.9827
vn 0.2937 -0.0605 -0.9540
vn 0.2305 -0.1077 -0.9671
vn 0.1654 -0.1508 -0.9746
vn 0.0905 -0.1733 -0.9807
vn 0.7509 0.5455 0.3721
vn -0.2127 -0.4825 0.8496
vn 0.9298 0.2193 0.2957
vn 0.9297 0.2194 0.2958
vn 0.0997 0.1020 0.9898
vn 0.9663 0.0393 0.2545
vn 0.0050 -0.5847 0.8112
vn 0.9708 -0.0533 0.2338
vn -0.0221 0.4061 0.9136
vn 0.9522 -0.2378 0.1918
vn -0.2498 -0.5368 0.8059
vn 0.8837 -0.4089 0.2280
vn -0.2816 -0.9590 0.0332
vn 0.1172 -0.5686 0.8142
vn 0.1171 -0.5686 0.8142
vn 0.5886 -0.7961 0.1408
vn -0.0312 0.1129 0.9931
vn 0.5397 -0.8400 0.0557
vn -0.4544 -0.8714 0.1850
vn -0.8083 -0.5240 0.2685
vn -0.8058 -0.5789 0.1244
vn 0.1897 -0.9815 0.0251
vn -0.8545 -0.4993 0.1431
vn -0.9497 -0.2378 0.2038
vn 0.6871 0.6141 0.3884
vn 0.6167 0.6761 0.4033
vn 0.3731 0.8181 0.4376
vn 0.0978 0.8852 0.4548
vn 0.0168 0.8740 0.4857
vn -0.3748 0.7760 0.5073
vn -0.6823 0.6140 0.3969
vn -0.7463 0.5455 0.3814
vn -0.8031 0.4713 0.3646
vn -0.8938 0.3068 0.3270
vn -0.8938 0.3067 0.3271
vn -0.9489 0.1309 0.2873
vn -0.9630 0.0394 0.2665
vn -0.2994 -0.0538 -0.9526
vn -0.3462 0.0070 -0.9381
vn -0.4488 -0.1354 -0.8833
vn -0.1040 0.1649 -0.9808
vn 0.0596 0.2149 -0.9748
vn -0.0677 0.2081 -0.9758
vn 0.0982 0.1921 -0.9764
vn -0.0756 0.2227 -0.9720
vn 0.0459 0.1856 -0.9816
vn -0.0734 0.2355 -0.9691
vn 0.0372 0.1771 -0.9835
vn -0.0709 0.2470 -0.9664
vn -0.1038 0.2794 -0.9545
vn -0.0020 0.2896 -0.9572
vn 0.0110 0.2874 -0.9578
vn -0.0494 0.2747 -0.9603
vn 0.0024 0.1618 -0.9868
vn 0.0238 0.2818 -0.9592
vn -0.0398 0.2811 -0.9589
vn -0.0103 0.1616 -0.9868
vn 0.0589 0.3149 -0.9473
vn -0.0278 0.2864 -0.9577
vn -0.0229 0.1636 -0.9863
vn 0.0471 0.2604 -0.9644
vn -0.0148 0.2892 -0.9572
vn -0.0350 0.1679 -0.9852
vn 0.0527 0.2507 -0.9666
vn -0.0459 0.1743 -0.9836
vn 0.0592 0.2408 -0.9688
vn -0.0552 0.1814 -0.9819
vn 0.0587 0.2229 -0.9731
vn -0.0204 0.5825 -0.8126
vn 0.0434 0.5587 -0.8283
vn 0.0545 0.5767 -0.8151
vn 0.1130 0.5435 -0.8318
vn 0.1272 0.5578 -0.8202
vn 0.1723 0.4991 -0.8492
vn 0.1550 0.4711 -0.8684
vn 0.3640 0.5999 -0.7125
vn 0.2142 0.4189 -0.8824
vn 0.2813 0.4559 -0.8444
vn 0.3250 0.3964 -0.8586
vn 0.3349 0.3326 -0.8816
vn 0.3572 0.3303 -0.8737
vn 0.3518 0.2656 -0.8976
vn 0.3745 0.2589 -0.8904
vn 0.3564 0.1964 -0.9135
vn 0.3780 0.1856 -0.9070
vn 0.3303 0.1291 -0.9350
vn 0.5036 -0.0333 -0.8633
vn 0.2657 -0.0244 -0.9637
vn 0.2762 -0.0458 -0.9600
vn 0.2135 -0.0715 -0.9743
vn 0.2197 -0.0947 -0.9710
vn 0.1528 -0.1078 -0.9823
vn 0.0837 -0.1551 -0.9843
vn -0.0655 -0.1606 -0.9848
vn -0.1242 -0.1249 -0.9844
vn -0.1889 -0.0959 -0.9773
vn -0.2056 -0.1106 -0.9724
vn -0.2467 -0.0557 -0.9675
vn -0.2653 -0.0661 -0.9619
vn -0.2825 0.0119 -0.9592
vn -0.2523 0.0384 -0.9669
vn -0.5166 -0.0680 -0.8535
vn -0.3729 0.0850 -0.9240
vn -0.3635 0.1532 -0.9189
vn -0.3844 0.1560 -0.9099
vn -0.3689 0.2224 -0.9024
vn -0.3870 0.2290 -0.8932
vn -0.3586 0.2913 -0.8869
vn -0.3739 0.3009 -0.8773
vn -0.3171 0.3550 -0.8795
vn -0.2807 0.3423 -0.8967
vn -0.4678 0.5026 -0.7270
vn -0.2864 0.4603 -0.8403
vn -0.2249 0.4911 -0.8415
vn -0.2306 0.5095 -0.8290
vn -0.1647 0.5277 -0.8333
vn -0.1659 0.5463 -0.8210
vn -0.0977 0.5519 -0.8282
vn -0.0949 0.5703 -0.8159
vn -0.0273 0.5633 -0.8258
vn -0.0949 -0.2383 0.9666
vn -0.0388 -0.3038 0.9520
vn 0.1015 -0.2512 0.9626
vn 0.0923 -0.1626 0.9824
vn -0.0724 -0.1521 0.9857
vn 0.0409 -0.3086 0.9503
vn 0.0176 -0.1171 0.9930
vn 0.3325 -0.0938 0.9384
vn 0.2366 -0.0796 0.9683
vn 0.2706 -0.1709 0.9474
vn -0.1125 -0.4470 0.8874
vn -0.2025 -0.3754 0.9044
vn 0.2607 -0.0218 0.9652
vn -0.1010 -0.5018 0.8591
vn 0.0206 0.1039 0.9944
vn -0.0990 0.0886 0.9911
vn -0.1096 0.0234 0.9937
vn 0.1652 -0.0002 0.9863
vn 0.0020 -0.4701 0.8826
vn 0.0229 -0.5213 0.8531
vn -0.1983 0.0366 0.9795
vn -0.1830 -0.0262 0.9828
vn 0.1410 -0.4910 0.8597
vn 0.1008 -0.4539 0.8853
vn -0.2684 -0.0436 0.9623
vn -0.2441 -0.1100 0.9635
vn 0.1816 -0.4095 0.8941
vn 0.2421 -0.4205 0.8744
vn -0.3337 -0.1441 0.9316
vn -0.3120 -0.2254 0.9230
vn -0.2371 -0.1952 0.9517
vn 0.2359 -0.3463 0.9080
vn 0.3007 -0.3332 0.8936
vn -0.2570 -0.2788 0.9253
vn 0.2657 -0.2703 0.9254
vn 0.3244 -0.2507 0.9121
vn 0.3249 -0.1823 0.9280
vn -0.0860 -0.4014 0.9119
vn -0.0424 -0.3643 0.9303
vn -0.1091 -0.3200 0.9411
vn 0.1980 -0.1225 0.9725
vn 0.1421 -0.0526 0.9885
vn 0.1068 -0.0977 0.9895
vn 0.1587 -0.1798 0.9708
vn -0.0103 -0.0066 0.9999
vn -0.0883 -0.0267 0.9957
vn -0.0405 -0.0691 0.9968
vn 0.0154 -0.4207 0.9071
vn 0.0182 -0.3683 0.9295
vn -0.1491 -0.0694 0.9864
vn -0.1238 -0.1299 0.9838
vn 0.0598 -0.0125 0.9981
vn 0.0452 -0.0604 0.9972
vn 0.0939 -0.4033 0.9103
vn 0.0991 -0.3366 0.9364
vn -0.1877 -0.1457 0.9714
vn 0.1634 -0.3505 0.9222
vn -0.1498 -0.2322 0.9611
vn 0.1550 -0.2717 0.9498
vn 0.2040 -0.2811 0.9378
vn -0.1994 -0.2692 0.9422
vn 0.2164 -0.2090 0.9537
vn -0.1663 -0.3330 0.9282
vn 0.4236 -0.1212 0.8977
vn 0.3758 -0.1528 0.9140
vn 0.4025 -0.2143 0.8900
vn -0.3969 -0.3423 0.8517
vn 0.4294 -0.2658 0.8631
vn 0.3688 -0.2943 0.8817
vn -0.3538 -0.2932 0.8882
vn 0.4061 -0.3451 0.8461
vn -0.4173 -0.2631 0.8698
vn 0.3433 -0.3657 0.8651
vn -0.3724 -0.2217 0.9012
vn -0.4184 -0.1787 0.8905
vn -0.4028 -0.0820 0.9116
vn -0.3402 -0.0784 0.9371
vn -0.3417 -0.0015 0.9398
vn 0.0662 0.1853 0.9805
vn -0.0327 0.2120 0.9767
vn -0.0166 0.1540 0.9879
vn 0.2796 0.0416 0.9592
vn 0.3500 0.0457 0.9356
vn 0.3295 -0.0194 0.9440
vn -0.1083 0.1712 0.9793
vn 0.3921 -0.0293 0.9195
vn -0.2330 0.1117 0.9660
vn -0.1739 0.1392 0.9749
vn 0.4324 -0.0704 0.8989
vn 0.0150 0.2293 0.9732
vn -0.0404 0.2512 0.9671
vn -0.0861 0.2290 0.9696
vn -0.1247 0.2184 0.9679
vn 0.3299 0.1061 0.9380
vn -0.1661 0.1995 0.9657
vn -0.2046 0.1781 0.9625
vn 0.2146 0.1903 0.9580
vn 0.1842 0.2042 0.9614
vn 0.1302 0.2205 0.9667
vn 0.1303 -0.6225 0.7717
vn -0.3403 0.0705 0.9377
vn 0.0449 0.2280 0.9726
vn -0.3872 -0.0030 0.9220
vn 0.2589 -0.5635 0.7845
vn -0.4024 -0.0289 0.9150
vn -0.4396 -0.0700 0.8954
vn -0.4336 -0.1222 0.8928
vn -0.4450 -0.1539 0.8822
vn -0.4458 -0.2067 0.8709
vn -0.4451 -0.2403 0.8626
vn -0.4354 -0.2921 0.8516
vn 0.4375 -0.3242 0.8387
vn 0.4453 -0.2926 0.8462
vn 0.4542 -0.2394 0.8582
vn 0.4453 -0.2000 0.8727
vn 0.4448 -0.1699 0.8794
vn 0.4611 -0.1126 0.8802
vn 0.2355 -0.1097 -0.9657
vn 0.1676 -0.1497 -0.9744
vn 0.2254 -0.2857 -0.9314
vn 0.3161 -0.2328 -0.9197
vn -0.1750 -0.1432 -0.9741
vn -0.2417 -0.1044 -0.9647
vn -0.2885 -0.2760 -0.9169
vn 0.3795 0.3006 -0.8750
vn 0.3968 0.2258 -0.8897
vn 0.5331 0.2160 -0.8180
vn 0.5396 0.2840 -0.7926
vn -0.5341 -0.0566 -0.8435
vn 0.2346 -0.0136 -0.9720
vn -0.3167 0.3085 -0.8970
vn 0.3814 0.1178 -0.9169
vn -0.3908 0.1069 -0.9142
vn -0.5291 0.0569 -0.8466
vn 0.1587 -0.0709 -0.9848
vn 0.5362 -0.0440 -0.8430
vn -0.3239 0.4163 -0.8496
vn -0.5843 0.1482 -0.7979
vn 0.3409 0.0098 -0.9401
vn 0.4608 -0.0797 -0.8839
vn -0.4008 0.2244 -0.8883
vn -0.5792 0.2686 -0.7697
vn 0.2941 -0.0576 -0.9540
vn 0.3946 -0.1636 -0.9042
vn -0.2079 0.4592 -0.8637
vn -0.3821 0.3317 -0.8625
vn -0.5149 0.3609 -0.7775
vn -0.3430 0.4037 -0.8482
vn -0.4429 0.4527 -0.7739
vn 0.0003 0.4228 -0.9062
vn 0.2681 0.4604 -0.8463
vn -0.3756 -0.2133 -0.9019
vn -0.2848 0.4532 -0.8447
vn -0.1457 0.3450 -0.9272
vn -0.2303 0.5019 -0.8337
vn -0.1181 0.3694 -0.9217
vn 0.0934 -0.1756 -0.9800
vn 0.1282 -0.3205 -0.9385
vn 0.0865 0.5842 -0.8070
vn 0.1660 0.5601 -0.8116
vn 0.2248 0.6637 -0.7134
vn 0.1234 0.7000 -0.7034
vn -0.1677 0.5390 -0.8254
vn -0.0868 0.3852 -0.9187
vn -0.1857 -0.0634 -0.9806
vn 0.0443 -0.3902 -0.9197
vn 0.2296 0.5148 -0.8260
vn 0.3042 0.5919 -0.7464
vn -0.0200 -0.1840 -0.9827
vn -0.0265 -0.3387 -0.9405
vn 0.1494 0.5378 -0.8297
vn -0.1376 0.7260 -0.6738
vn -0.0640 0.5883 -0.8061
vn 0.3631 0.2290 -0.9032
vn 0.1753 0.3865 -0.9055
vn -0.1027 -0.1717 -0.9798
vn -0.1140 -0.3346 -0.9354
vn -0.0531 0.7248 -0.6869
vn 0.2993 0.4297 -0.8519
vn -0.1918 -0.3206 -0.9276
vn 0.0030 0.4409 -0.8975
vn -0.0040 0.7571 -0.6533
vn 0.4707 0.4494 -0.7592
vn 0.3514 0.3714 -0.8594
vn 0.5133 0.3705 -0.7741
vn 0.3652 -0.0633 0.9288
vn 0.2782 -0.4749 0.8349
vn 0.3603 -0.2356 0.9026
vn 0.3489 -0.0294 0.9367
vn -0.1071 -0.5686 0.8156
vn -0.0701 0.1640 0.9840
vn -0.2933 -0.4476 0.8448
vn -0.7574 0.4460 -0.4769
vn -0.7265 0.4984 -0.4731
vn 0.3920 -0.1713 0.9039
vn -0.3516 -0.3530 0.8671
vn -0.3801 -0.2451 0.8919
vn 0.1786 -0.5116 0.8405
vn -0.7952 0.3433 -0.4998
vn -0.5992 -0.4305 -0.6750
vn -0.6289 -0.3949 -0.6697
vn 0.8138 0.2216 -0.5372
vn -0.6995 -0.3069 -0.6454
vn 0.8155 0.1170 -0.5667
vn -0.7217 -0.2672 -0.6386
vn -0.7731 -0.1645 -0.6126
vn 0.8062 -0.0140 -0.5915
vn -0.7873 -0.1209 -0.6046
vn -0.8155 -0.0147 -0.5785
vn -0.8206 0.0312 -0.5706
vn 0.7296 -0.2370 -0.6415
vn -0.8283 0.1424 -0.5420
vn 0.6719 -0.3348 -0.6606
vn -0.8237 0.1884 -0.5348
vn -0.8088 0.2990 -0.5065
vn 0.5304 -0.4823 -0.6972
vn 0.0814 0.9224 -0.3777
vn 0.3981 -0.5720 -0.7171
vn -0.7011 0.5605 -0.4408
vn -0.7995 0.6007 0.0043
vn -0.6391 0.6516 -0.4086
vn 0.3981 0.8276 -0.3957
vn -0.6144 0.7498 -0.2457
vn -0.6005 0.6850 -0.4125
vn 0.4466 0.7943 -0.4118
vn 0.0722 -0.6653 -0.7431
vn -0.5209 0.7626 -0.3836
vn 0.6630 0.7480 0.0284
vn 0.5116 0.7592 -0.4023
vn -0.4716 0.8543 -0.2185
vn -0.4768 0.7880 -0.3894
vn 0.6008 0.6874 -0.4080
vn -0.0955 -0.6646 -0.7410
vn -0.3826 0.8490 -0.3644
vn 0.8005 0.5991 -0.0149
vn 0.6284 0.6493 -0.4284
vn -0.1674 -0.6529 -0.7387
vn -0.3255 0.9428 0.0716
vn -0.2267 -0.6447 -0.7300
vn -0.3357 -0.6096 -0.7181
vn -0.0833 0.9215 -0.3793
vn -0.3768 -0.5879 -0.7159
vn -0.0021 0.9263 -0.3768
vn 0.7507 0.4488 -0.4848
vn -0.5125 -0.5035 -0.6955
vn 0.0048 -0.6183 0.7859
vn 0.1678 -0.5862 0.7926
vn 0.3057 -0.4963 0.8125
vn 0.3575 -0.4327 0.8276
vn 0.1298 0.1944 0.9723
vn 0.0894 0.2049 0.9747
vn 0.0476 0.2086 0.9768
vn -0.3876 -0.3616 0.8479
vn -0.3485 -0.4333 0.8311
vn 0.2105 0.3716 0.9042
vn -0.3242 -0.4663 0.8231
vn -0.2638 -0.5226 0.8108
vn -0.1187 -0.6000 0.7911
vn 0.0822 0.1641 0.9830
vn -0.0782 -0.6103 0.7883
vn -0.0368 -0.6163 0.7866
vn -0.3272 -0.4688 0.8205
vn -0.0363 0.2158 0.9758
vn -0.0931 0.9753 0.2004
vn -0.1975 0.9498 0.2428
vn -0.3791 0.9042 0.1965
vn -0.4789 0.8613 0.1699
vn -0.5480 0.8269 0.1266
vn -0.6413 0.7532 0.1464
vn -0.7003 0.7068 0.0998
vn -0.7786 0.6169 0.1154
vn -0.9193 0.3924 0.0283
vn -0.9578 0.2725 0.0912
vn -0.9949 0.0994 0.0154
vn -0.9996 -0.0107 0.0271
vn -0.9813 -0.1871 -0.0452
vn -0.9558 -0.2918 -0.0350
vn -0.8830 -0.4557 -0.1122
vn -0.8259 -0.5435 -0.1502
vn -0.7767 -0.5976 -0.1990
vn -0.7004 -0.6895 -0.1846
vn -0.6396 -0.7332 -0.2310
vn -0.5480 -0.8088 -0.2135
vn -0.4782 -0.8399 -0.2568
vn -0.3747 -0.8970 -0.2346
vn -0.1873 -0.9505 -0.2480
vn -0.1074 -0.9526 -0.2846
vn 0.0022 -0.9794 -0.2018
vn 0.1903 -0.9534 -0.2340
vn 0.2969 -0.9231 -0.2445
vn 0.3722 -0.8872 -0.2727
vn 0.4770 -0.8487 -0.2284
vn 0.5453 -0.7990 -0.2534
vn 0.6389 -0.7416 -0.2047
vn 0.6976 -0.6797 -0.2268
vn 0.7764 -0.6056 -0.1745
vn 0.8231 -0.5337 -0.1939
vn 0.8819 -0.4632 -0.0880
vn 0.9556 -0.2836 -0.0802
vn 0.9806 -0.1948 -0.0223
vn 0.9940 0.1091 -0.0122
vn 0.9804 0.1949 -0.0287
vn 0.9546 0.2963 0.0306
vn 0.9256 0.3782 0.0138
vn 0.8783 0.4726 0.0721
vn 0.8352 0.5474 0.0532
vn 0.7725 0.6147 0.1593
vn 0.6387 0.7536 0.1555
vn 0.3757 0.9099 0.1760
vn 0.3831 0.8733 0.3010
vn 0.1936 0.9511 0.2408
vn -0.7135 0.1674 -0.6803
vn -0.6946 0.2167 -0.6860
vn -0.6672 0.1881 -0.7208
vn -0.7308 0.2189 -0.6465
vn -0.6574 0.2468 -0.7120
vn -0.6936 0.2659 -0.6695
vn 0.6736 -0.2662 0.6895
vn 0.7159 -0.2512 0.6514
vn 0.6944 -0.2170 0.6861
vn 0.6568 -0.2176 0.7220
vn 0.7306 -0.1905 0.6557
vn 0.6881 -0.1677 0.7060
vn -0.7493 0.2570 -0.6103
vn -0.7615 0.1700 -0.6254
vn -0.6226 0.1974 -0.7573
vn -0.6252 0.2771 -0.7297
vn -0.7115 0.3055 -0.6328
vn -0.6680 0.1302 -0.7327
vn -0.6642 0.3145 -0.6782
vn -0.7227 0.1179 -0.6810
vn -0.8884 0.1276 -0.4410
vn -0.8594 0.1781 -0.4793
vn -0.8515 0.0785 -0.5184
vn -0.4556 0.4183 -0.7858
vn -0.5236 0.4240 -0.7390
vn -0.5159 0.4884 -0.7038
vn -0.8688 0.0198 -0.4947
vn -0.5916 0.4658 -0.6580
vn -0.7177 -0.1039 -0.6886
vn -0.6906 -0.0510 -0.7215
vn -0.6309 -0.0886 -0.7708
vn -0.6258 -0.0262 -0.7795
vn -0.8142 0.0003 -0.5806
vn -0.5881 0.5211 -0.6185
vn -0.8247 -0.0480 -0.5635
vn -0.5527 -0.0332 -0.8327
vn -0.6756 0.4628 -0.5739
vn -0.6642 0.5101 -0.5464
vn -0.5858 0.0433 -0.8093
vn -0.7586 -0.0421 -0.6502
vn -0.7858 -0.1116 -0.6084
vn -0.5321 0.0727 -0.8435
vn -0.4902 0.0416 -0.8706
vn -0.7532 0.4145 -0.5107
vn -0.7472 0.4621 -0.4777
vn -0.4730 0.1385 -0.8701
vn -0.8152 0.3834 -0.4341
vn -0.4863 0.2115 -0.8478
vn -0.4266 0.2287 -0.8750
vn -0.8097 0.3453 -0.4745
vn -0.8430 0.2729 -0.4635
vn -0.8567 0.3020 -0.4182
vn -0.4771 0.2922 -0.8288
vn -0.4264 0.3295 -0.8424
vn -0.8951 0.2053 -0.3958
vn -0.4937 0.3637 -0.7899
vn -0.5624 0.3795 -0.7346
vn -0.6121 0.3497 -0.7092
vn -0.6159 0.4164 -0.6688
vn -0.8307 0.1432 -0.5379
vn -0.7905 0.1197 -0.6007
vn -0.7994 0.0526 -0.5984
vn -0.6970 0.0026 -0.7171
vn -0.6995 0.0608 -0.7121
vn -0.6475 0.0239 -0.7617
vn -0.6723 0.3686 -0.6420
vn -0.6477 0.0812 -0.7576
vn -0.7493 0.0718 -0.6583
vn -0.6837 0.4159 -0.5996
vn -0.7488 0.0104 -0.6627
vn -0.6047 0.1315 -0.7855
vn -0.5510 0.1352 -0.8235
vn -0.7370 0.3347 -0.5872
vn -0.7465 0.3741 -0.5502
vn -0.5749 0.2158 -0.7893
vn -0.5257 0.2134 -0.8234
vn -0.7784 0.2762 -0.5638
vn -0.7922 0.3155 -0.5224
vn -0.5295 0.2993 -0.7938
vn -0.8233 0.2395 -0.5147
vn -0.5786 0.2923 -0.7615
vn -0.7972 0.2063 -0.5673
vn -0.3573 0.4811 -0.8006
vn -0.4266 0.4774 -0.7682
vn -0.3932 0.5364 -0.7468
vn -0.3973 0.4164 -0.8178
vn -0.9326 0.1492 -0.3285
vn -0.9219 0.1029 -0.3735
vn -0.3376 0.4193 -0.8427
vn -0.9185 0.2443 -0.3108
vn -0.3808 0.3445 -0.8581
vn -0.8889 0.2810 -0.3618
vn -0.3182 0.3434 -0.8837
vn -0.8891 0.3374 -0.3092
vn -0.3495 0.2625 -0.8994
vn -0.8565 0.3616 -0.3684
vn -0.8381 0.4353 -0.3289
vn -0.3303 0.1806 -0.9264
vn -0.3886 0.1665 -0.9062
vn -0.8156 0.4285 -0.3889
vn -0.3607 0.0795 -0.9293
vn -0.7791 0.5095 -0.3653
vn -0.7780 0.4749 -0.4113
vn -0.4197 0.0850 -0.9037
vn -0.7224 0.5589 -0.4071
vn -0.7245 0.5208 -0.4516
vn -0.4217 0.0039 -0.9067
vn -0.7401 -0.1860 -0.6463
vn -0.6869 -0.1540 -0.7103
vn -0.6686 -0.2111 -0.7130
vn -0.6638 0.5935 -0.4551
vn -0.6793 0.5476 -0.4886
vn -0.7926 -0.1875 -0.5802
vn -0.6038 0.6131 -0.5095
vn -0.6191 0.5661 -0.5443
vn -0.8392 -0.1542 -0.5214
vn -0.8387 -0.0991 -0.5356
vn -0.5455 0.6179 -0.5662
vn -0.5603 0.5679 -0.6029
vn -0.8785 -0.0722 -0.4722
vn -0.4882 0.6052 -0.6288
vn -0.5021 0.5503 -0.6671
vn -0.4366 0.5785 -0.6890
vn -0.9085 -0.0418 -0.4157
vn -0.9011 0.0358 -0.4322
vn -0.6166 -0.1725 -0.7681
vn -0.4562 0.5153 -0.7255
vn -0.9286 0.0249 -0.3703
vn -0.4690 -0.0584 -0.8812
vn -0.5187 -0.1105 -0.8478
vn -0.5671 -0.1391 -0.8118
vn 0.8218 0.4713 -0.3203
vn 0.7942 0.5455 -0.2678
vn 0.7941 0.5455 -0.2678
vn 0.8894 -0.2089 0.4065
vn 0.8896 0.0324 0.4556
vn 0.8762 0.0600 0.4782
vn 0.8431 0.3920 -0.3681
vn 0.8605 0.0849 0.5023
vn 0.8582 0.3067 -0.4115
vn 0.8583 0.3067 -0.4115
vn 0.5253 -0.5775 0.6249
vn 0.5508 -0.5829 0.5974
vn 0.8665 0.2193 -0.4484
vn 0.8666 0.2194 -0.4483
vn 0.8682 0.1310 -0.4787
vn 0.8683 0.1310 -0.4785
vn 0.8426 0.1072 0.5278
vn 0.8633 0.0393 -0.5032
vn 0.8633 0.0393 -0.5031
vn 0.5772 -0.5847 0.5701
vn 0.8517 -0.0534 -0.5214
vn 0.8518 -0.0533 -0.5212
vn 0.7488 0.1093 0.6537
vn 0.5646 0.1265 0.8156
vn 0.5382 0.1072 0.8360
vn 0.8335 -0.1460 -0.5328
vn 0.8336 -0.1459 -0.5327
vn 0.8225 0.1265 0.5544
vn 0.8090 -0.2378 -0.5376
vn 0.8091 -0.2377 -0.5375
vn 0.6041 -0.5829 0.5434
vn 0.6042 -0.5829 0.5434
vn 0.7782 -0.3278 -0.5356
vn 0.7783 -0.3278 -0.5356
vn 0.5129 0.0849 0.8542
vn 0.3464 -0.5153 0.7839
vn 0.3597 -0.5385 0.7620
vn 0.3932 -0.5368 0.7465
vn 0.3587 -0.4820 0.7994
vn 0.7414 -0.4153 -0.5271
vn 0.7415 -0.4153 -0.5270
vn 0.8910 -0.0837 0.4462
vn 0.8008 0.1425 0.5817
vn -0.0505 -0.9952 0.0839
vn 0.0156 -0.9998 0.0154
vn 0.6991 -0.4993 -0.5118
vn 0.6991 -0.4993 -0.5117
vn 0.6313 -0.5775 0.5176
vn -0.1145 -0.9815 0.1532
vn 0.6517 -0.5790 -0.4900
vn 0.4890 0.0600 0.8702
vn -0.1757 -0.9590 0.2226
vn -0.1756 -0.9590 0.2226
vn 0.5997 -0.6535 -0.4618
vn 0.7777 0.1550 0.6092
vn -0.2335 -0.9277 0.2914
vn 0.6586 -0.5686 0.4929
vn 0.5436 -0.7223 -0.4276
vn -0.2875 -0.8879 0.3592
vn 0.4838 -0.7846 -0.3876
vn 0.4838 -0.7847 -0.3876
vn -0.3370 -0.8401 0.4251
vn -0.3370 -0.8400 0.4252
vn 0.4209 -0.8401 -0.3423
vn 0.4209 -0.8400 -0.3423
vn -0.3816 -0.7847 0.4886
vn 0.6857 -0.5562 0.4696
vn 0.3556 -0.8879 -0.2919
vn -0.4208 -0.7223 0.5488
vn 0.2885 -0.9276 -0.2371
vn 0.2885 -0.9277 -0.2371
vn -0.4543 -0.6535 0.6054
vn -0.4544 -0.6535 0.6054
vn 0.2204 -0.9590 -0.1784
vn 0.7123 -0.5404 0.4478
vn -0.4819 -0.5790 0.6577
vn 0.1518 -0.9815 -0.1164
vn -0.5031 -0.4993 0.7054
vn 0.7383 -0.5215 0.4277
vn -0.5178 -0.4153 0.7479
vn -0.5179 -0.4153 0.7479
vn 0.6092 0.0882 0.7881
vn 0.4268 -0.0294 0.9039
vn 0.4097 -0.0633 0.9100
vn -0.5260 -0.3279 0.7848
vn -0.5260 -0.3278 0.7848
vn -0.5275 -0.2378 0.8156
vn -0.5276 -0.2377 0.8156
vn 0.7605 0.6140 -0.2112
vn 0.7212 0.6761 -0.1510
vn 0.6766 0.7311 -0.0877
vn 0.7680 0.6316 -0.1056
vn 0.6271 0.7786 -0.0220
vn 0.5733 0.8181 0.0456
vn 0.5156 0.8492 0.1142
vn 0.5155 0.8492 0.1142
vn 0.4545 0.8717 0.1834
vn 0.3907 0.8852 0.2525
vn 0.3130 0.9046 0.2894
vn 0.3554 0.8739 0.3316
vn 0.3361 0.8739 0.3511
vn 0.2932 0.9046 0.3094
vn 0.2573 0.8852 0.3875
vn 0.1890 0.8717 0.4522
vn 0.3196 0.8494 0.4200
vn 0.1206 0.8492 0.5141
vn 0.0527 0.8181 0.5727
vn -0.0142 0.7786 0.6274
vn -0.0142 0.7786 0.6273
vn -0.0793 0.7311 0.6776
vn -0.1420 0.6761 0.7230
vn -0.2018 0.6140 0.7631
vn -0.2018 0.6140 0.7630
vn -0.2580 0.5455 0.7974
vn -0.1312 0.5953 0.7927
vn -0.3101 0.4713 0.8256
vn -0.3577 0.3920 0.8476
vn -0.4009 0.3068 0.8632
vn -0.4008 0.3067 0.8633
vn -0.4377 0.2194 0.8720
vn -0.4376 0.2193 0.8720
vn -0.4679 0.1311 0.8740
vn -0.4678 0.1309 0.8741
vn -0.4925 0.0394 0.8694
vn -0.4924 0.0392 0.8695
vn -0.5108 -0.0533 0.8581
vn -0.5107 -0.0534 0.8581
vn -0.5225 -0.1459 0.8401
vn -0.5224 -0.1461 0.8401
vn 0.9006 0.0026 0.4347
vn 0.0833 -0.9952 -0.0516
vn 0.5010 -0.5685 0.6525
vn 0.5010 -0.5686 0.6525
vn 0.5915 0.1425 0.7936
vn 0.6188 0.1550 0.7701
vn -0.8980 -0.0244 -0.4393
vn -0.9558 -0.0937 -0.2788
vn -0.9268 -0.2024 -0.3164
vn -0.7664 0.1664 -0.6204
vn -0.7382 0.2096 -0.6412
vn -0.6200 0.1898 -0.7613
vn -0.6449 0.2204 -0.7318
vn -0.7383 0.2238 -0.6363
vn -0.6591 0.1881 -0.7282
vn -0.7357 0.2341 -0.6356
vn -0.6695 0.1755 -0.7218
vn -0.7333 0.2418 -0.6355
vn -0.6778 0.1698 -0.7154
vn -0.7483 0.2799 -0.6015
vn -0.6723 0.2910 -0.6807
vn -0.6841 0.3300 -0.6505
vn -0.6869 0.1647 -0.7079
vn -0.6649 0.2843 -0.6907
vn -0.7139 0.2747 -0.6441
vn -0.6960 0.1619 -0.6996
vn -0.6589 0.2784 -0.6988
vn -0.7067 0.2810 -0.6493
vn -0.7051 0.1616 -0.6905
vn -0.6513 0.2721 -0.7084
vn -0.6973 0.2865 -0.6571
vn -0.7136 0.1634 -0.6813
vn -0.6492 0.2612 -0.7144
vn -0.7214 0.1679 -0.6718
vn -0.6463 0.2506 -0.7207
vn -0.7281 0.1743 -0.6630
vn -0.6451 0.2371 -0.7263
vn -0.7334 0.1813 -0.6551
vn -0.6453 0.2276 -0.7292
vn -0.6052 0.5139 -0.6080
vn -0.5637 0.5805 -0.5875
vn -0.5304 0.5536 -0.6420
vn -0.5128 0.5695 -0.6424
vn -0.4870 0.5308 -0.6936
vn -0.4677 0.5438 -0.6968
vn -0.4493 0.4962 -0.7429
vn -0.4287 0.5059 -0.7485
vn -0.4198 0.4499 -0.7883
vn -0.3981 0.4561 -0.7960
vn -0.3992 0.3943 -0.8277
vn -0.3778 0.3963 -0.8368
vn -0.3868 0.3326 -0.8601
vn -0.3653 0.3303 -0.8703
vn -0.3861 0.2655 -0.8834
vn -0.3645 0.2589 -0.8945
vn -0.3938 0.1963 -0.8980
vn -0.3739 0.1856 -0.9087
vn -0.4277 0.1292 -0.8946
vn -0.4524 0.1357 -0.8815
vn -0.2544 -0.0334 -0.9665
vn -0.4985 0.0695 -0.8641
vn -0.4418 0.0124 -0.8970
vn -0.4936 -0.0244 -0.8694
vn -0.4834 -0.0460 -0.8742
vn -0.5381 -0.0716 -0.8399
vn -0.5311 -0.0945 -0.8420
vn -0.5865 -0.1079 -0.8027
vn -0.5830 -0.1316 -0.8017
vn -0.6373 -0.1321 -0.7592
vn -0.6370 -0.1551 -0.7551
vn -0.6883 -0.1434 -0.7111
vn -0.6908 -0.1660 -0.7037
vn -0.7378 -0.1401 -0.6604
vn -0.7427 -0.1607 -0.6500
vn -0.7839 -0.1249 -0.6082
vn -0.7908 -0.1423 -0.5953
vn -0.8246 -0.0961 -0.5575
vn -0.8330 -0.1103 -0.5422
vn -0.8587 -0.0556 -0.5095
vn -0.8679 -0.0664 -0.4923
vn -0.8779 0.0119 -0.4788
vn -0.8622 0.0383 -0.5050
vn -0.9687 -0.0679 -0.2386
vn -0.8770 0.1089 -0.4680
vn -0.9170 0.0851 -0.3897
vn -0.9068 0.1532 -0.3928
vn -0.9153 0.1559 -0.3713
vn -0.8990 0.2224 -0.3773
vn -0.9052 0.2291 -0.3579
vn -0.8806 0.2913 -0.3738
vn -0.8848 0.3010 -0.3556
vn -0.8461 0.3549 -0.3977
vn -0.8326 0.3425 -0.4354
vn -0.8449 0.5025 -0.1835
vn -0.7910 0.4082 -0.4557
vn -0.7967 0.4602 -0.3917
vn -0.7541 0.4914 -0.4358
vn -0.7492 0.5094 -0.4233
vn -0.7057 0.5277 -0.4728
vn -0.6979 0.5463 -0.4630
vn -0.6562 0.5357 -0.5313
vn -0.6639 0.5020 -0.5543
vn -0.5098 0.7365 -0.4446
vn 0.6381 -0.3003 0.7090
vn 0.6163 -0.2455 0.7483
vn 0.7470 -0.2642 0.6101
vn 0.7640 -0.1925 0.6158
vn 0.6284 -0.1824 0.7562
vn 0.6944 -0.3123 0.6483
vn 0.6645 -0.1323 0.7355
vn 0.7279 -0.1219 0.6748
vn 0.8876 -0.1320 0.4412
vn 0.8527 -0.0813 0.5161
vn 0.8608 -0.1861 0.4736
vn 0.8678 -0.0230 0.4964
vn 0.4708 -0.4382 0.7657
vn 0.5352 -0.5011 0.6801
vn 0.5643 -0.4568 0.6877
vn 0.5098 -0.4052 0.7589
vn 0.7158 0.1061 0.6902
vn 0.6304 0.0905 0.7710
vn 0.6915 0.0543 0.7203
vn 0.6264 0.0220 0.7792
vn 0.8151 -0.0013 0.5793
vn 0.8244 0.0482 0.5640
vn 0.6191 -0.5194 0.5890
vn 0.6356 -0.4724 0.6106
vn 0.5526 0.0376 0.8326
vn 0.5634 -0.0274 0.8257
vn 0.7858 0.1116 0.6084
vn 0.7572 0.0421 0.6518
vn 0.7078 -0.4899 0.5089
vn 0.7113 -0.4478 0.5418
vn 0.4898 -0.0444 0.8707
vn 0.5136 -0.0991 0.8523
vn 0.7879 -0.4193 0.4510
vn 0.7811 -0.3869 0.4901
vn 0.4233 -0.1436 0.8945
vn 0.5099 -0.1743 0.8424
vn 0.4312 -0.2255 0.8736
vn 0.4728 -0.2528 0.8441
vn 0.8471 -0.3536 0.3967
vn 0.8317 -0.3029 0.4653
vn 0.8721 -0.2517 0.4196
vn 0.4342 -0.3415 0.8336
vn 0.4831 -0.3369 0.8082
vn 0.8364 -0.1625 0.5236
vn 0.8246 -0.1084 0.5552
vn 0.7977 -0.1949 0.5707
vn 0.5643 -0.3806 0.7326
vn 0.6208 -0.3552 0.6989
vn 0.5797 -0.2986 0.7581
vn 0.7809 -0.1102 0.6149
vn 0.6164 -0.4177 0.6675
vn 0.8003 -0.0523 0.5973
vn 0.6694 -0.3675 0.6456
vn 0.6898 -0.0082 0.7239
vn 0.6111 -0.0513 0.7899
vn 0.6353 -0.0926 0.7667
vn 0.6933 -0.0624 0.7179
vn 0.7593 -0.0162 0.6506
vn 0.7466 -0.0643 0.6622
vn 0.6824 -0.4160 0.6010
vn 0.7219 -0.3464 0.5990
vn 0.5616 -0.1212 0.8185
vn 0.5962 -0.1453 0.7896
vn 0.7466 -0.3755 0.5491
vn 0.7691 -0.2903 0.5694
vn 0.5733 -0.2126 0.7913
vn 0.7950 -0.3136 0.5192
vn 0.5270 -0.2550 0.8107
vn 0.8215 -0.2452 0.5147
vn 0.5325 -0.3285 0.7801
vn 0.4194 -0.4787 0.7713
vn 0.4003 -0.4210 0.8140
vn 0.9344 -0.1451 0.3253
vn 0.9225 -0.1017 0.3724
vn 0.9074 -0.1901 0.3748
vn 0.3346 -0.4164 0.8454
vn 0.9185 -0.2437 0.3113
vn 0.3765 -0.3631 0.8523
vn 0.8896 -0.2811 0.3600
vn 0.3216 -0.3423 0.8828
vn 0.3779 -0.2932 0.8782
vn 0.8850 -0.3437 0.3142
vn 0.3200 -0.2631 0.9102
vn 0.3739 -0.2217 0.9006
vn 0.8380 -0.4332 0.3319
vn 0.3338 -0.1787 0.9256
vn 0.8187 -0.4262 0.3848
vn 0.3598 -0.0820 0.9294
vn 0.7789 -0.5094 0.3659
vn 0.7729 -0.4790 0.4162
vn 0.4220 -0.0784 0.9032
vn 0.7226 -0.5589 0.4069
vn 0.7306 -0.5164 0.4467
vn 0.4230 -0.0015 0.9061
vn 0.6639 -0.5935 0.4549
vn 0.6729 -0.5505 0.4941
vn 0.7930 0.1869 0.5799
vn 0.7413 0.1845 0.6453
vn 0.6039 -0.6132 0.5093
vn 0.6255 -0.5656 0.5375
vn 0.8383 0.1556 0.5225
vn 0.8393 0.0982 0.5347
vn 0.5456 -0.6181 0.5660
vn 0.5583 -0.5665 0.6061
vn 0.8792 0.1055 0.4647
vn 0.4883 -0.6054 0.6285
vn 0.8766 0.0400 0.4795
vn 0.4979 -0.5529 0.6681
vn 0.9087 0.0447 0.4150
vn 0.4367 -0.5787 0.6887
vn 0.9016 -0.0375 0.4310
vn 0.4599 -0.5158 0.7228
vn 0.9286 -0.0247 0.3703
vn 0.6837 0.1845 0.7060
vn 0.4699 0.0585 0.8808
vn 0.5201 0.1115 0.8468
vn 0.5716 0.1483 0.8070
vn 0.6321 0.1746 0.7550
vn 0.9403 -0.0772 0.3314
vn 0.9402 -0.0384 0.3385
vn 0.3859 -0.5689 0.7263
vn 0.9318 0.0112 0.3627
vn 0.4031 -0.5867 0.7023
vn 0.6943 0.2319 0.6813
vn 0.6586 0.2292 0.7167
vn 0.9242 0.0386 0.3799
vn 0.4343 -0.6084 0.6643
vn 0.6316 0.2243 0.7421
vn 0.9084 0.0825 0.4098
vn 0.4546 -0.6202 0.6393
vn 0.5959 0.2121 0.7745
vn 0.8966 0.1061 0.4300
vn 0.4898 -0.6323 0.6002
vn 0.5688 0.2002 0.7977
vn 0.8739 0.1429 0.4646
vn 0.5124 -0.6376 0.5752
vn 0.5341 0.1790 0.8263
vn 0.8581 0.1620 0.4872
vn 0.5503 -0.6398 0.5365
vn 0.5075 0.1605 0.8466
vn 0.8292 0.1903 0.5256
vn 0.5744 -0.6384 0.5123
vn 0.4752 0.1310 0.8701
vn 0.8101 0.2042 0.5496
vn 0.6135 -0.6305 0.4756
vn 0.4509 0.1068 0.8862
vn 0.7756 0.2205 0.5915
vn 0.6378 -0.6225 0.4535
vn 0.4224 0.0706 0.9037
vn 0.7541 0.2227 0.6179
vn 0.6767 -0.6047 0.4200
vn 0.4010 0.0414 0.9152
vn 0.7205 0.2298 0.6543
vn 0.7005 -0.5906 0.4007
vn 0.3782 -0.0030 0.9257
vn 0.7378 -0.5635 0.3717
vn 0.3624 -0.0289 0.9316
vn 0.7599 -0.5438 0.3560
vn 0.3223 -0.0700 0.9441
vn 0.7960 -0.5043 0.3347
vn 0.3247 -0.1222 0.9379
vn 0.8110 -0.4815 0.3323
vn 0.3091 -0.1539 0.9385
vn 0.8428 -0.4511 0.2937
vn 0.3006 -0.2067 0.9311
vn 0.8651 -0.4024 0.2993
vn 0.2952 -0.2403 0.9247
vn 0.8806 -0.3748 0.2899
vn 0.2943 -0.2921 0.9100
vn 0.9025 -0.3208 0.2872
vn 0.2937 -0.3250 0.8989
vn 0.9090 -0.2951 0.2945
vn 0.3000 -0.3743 0.8774
vn 0.9307 -0.2450 0.2718
vn 0.3040 -0.4056 0.8620
vn 0.9348 -0.1968 0.2957
vn 0.3175 -0.4497 0.8349
vn 0.9406 -0.1643 0.2972
vn 0.3263 -0.4773 0.8159
vn 0.9440 -0.1107 0.3109
vn -0.5335 -0.0850 -0.8415
vn -0.5839 -0.1221 -0.8026
vn -0.6334 0.0536 -0.7719
vn -0.8132 -0.1504 -0.5622
vn -0.8545 -0.1109 -0.5075
vn -0.8784 -0.2336 -0.4169
vn -0.8237 -0.2862 -0.4895
vn -0.3506 0.3006 -0.8869
vn -0.3488 0.2258 -0.9096
vn -0.2015 0.2160 -0.9554
vn -0.1789 0.2840 -0.9420
vn -0.9172 0.0384 -0.3965
vn -0.5214 -0.0137 -0.8532
vn -0.1603 0.1173 -0.9801
vn -0.9722 -0.0120 -0.2338
vn -0.3791 0.1175 -0.9179
vn -0.2323 0.0647 -0.9705
vn -0.9243 0.1095 -0.3657
vn -0.9725 0.0605 -0.2248
vn -0.5712 -0.1199 -0.8120
vn -0.2519 -0.0462 -0.9666
vn -0.8228 0.3867 -0.4165
vn -0.9806 0.1322 -0.1447
vn -0.4415 0.0150 -0.8971
vn -0.9138 0.2189 -0.3420
vn -0.9597 0.2085 -0.1885
vn -0.5843 0.1052 -0.8047
vn -0.4871 -0.0370 -0.8726
vn -0.7651 0.4589 -0.4516
vn -0.9455 0.3001 -0.1262
vn -0.6076 0.0767 -0.7905
vn -0.8802 0.3317 -0.3395
vn -0.9134 0.3623 -0.1856
vn -0.8426 0.4034 -0.3567
vn -0.8607 0.4521 -0.2343
vn -0.6400 0.4216 -0.6424
vn -0.3324 0.5051 -0.7965
vn -0.4181 0.7433 -0.5222
vn -0.4550 0.7549 -0.4723
vn -0.9148 0.1719 -0.3656
vn -0.8017 0.4616 -0.3798
vn -0.7961 0.5553 -0.2407
vn -0.7522 0.5196 -0.4053
vn -0.7408 0.6100 -0.2813
vn -0.7967 -0.0646 -0.6009
vn -0.6496 -0.0245 -0.7599
vn -0.5076 0.5815 -0.6358
vn -0.4566 0.5601 -0.6912
vn -0.3447 0.6628 -0.6648
vn -0.3747 0.7009 -0.6069
vn -0.6585 -0.1433 -0.7388
vn -0.6893 0.0352 -0.7236
vn -0.6985 0.5593 -0.4463
vn -0.6707 0.6618 -0.3350
vn -0.4157 0.5211 -0.7454
vn -0.2917 0.6119 -0.7351
vn -0.7141 -0.1598 -0.6816
vn -0.7168 0.0356 -0.6964
vn -0.6426 0.5822 -0.4982
vn -0.6079 0.6972 -0.3800
vn -0.5300 0.7437 -0.4074
vn -0.4157 0.2492 -0.8747
vn -0.2002 0.5807 -0.7891
vn -0.7636 -0.1672 -0.6236
vn -0.7706 -0.3194 -0.5514
vn -0.6581 0.4119 -0.6303
vn -0.3749 0.4417 -0.8151
vn -0.2291 0.5067 -0.8311
vn -0.6449 0.4249 -0.6352
vn -0.4701 0.7578 -0.4524
vn -0.3559 0.3721 -0.8572
vn -0.2019 0.4369 -0.8766
vn -0.1842 0.3699 -0.9106
vn 0.9150 -0.0633 0.3985
vn 0.9182 -0.0985 0.3837
vn 0.7277 0.1695 0.6647
vn 0.7532 0.1641 0.6370
vn 0.6218 -0.5532 0.5544
vn 0.7633 -0.4996 0.4096
vn 0.7871 -0.4749 0.3937
vn 0.7870 -0.4749 0.3937
vn 0.3828 -0.1345 0.9140
vn 0.3950 -0.0985 0.9134
vn 0.3829 -0.1345 0.9140
vn 0.9091 -0.0294 0.4156
vn 0.4780 -0.5562 0.6798
vn 0.7009 0.1713 0.6924
vn 0.6462 0.1640 0.7453
vn 0.6462 0.1641 0.7453
vn 0.3900 -0.4476 0.8047
vn 0.4034 -0.4749 0.7821
vn 0.3933 -0.2868 0.8735
vn 0.9186 -0.1345 0.3715
vn -0.8728 0.4460 0.1983
vn -0.8482 0.4984 0.1792
vn 0.4566 -0.5404 0.7067
vn 0.4566 -0.5404 0.7068
vn 0.3790 -0.4181 0.8256
vn 0.8423 0.0431 0.5372
vn 0.6736 0.1695 0.7194
vn 0.9163 -0.1713 0.3620
vn 0.9114 -0.2083 0.3550
vn 0.9164 -0.1712 0.3619
vn 0.3980 -0.3508 0.8477
vn 0.4368 -0.5215 0.7329
vn 0.3705 -0.3865 0.8446
vn 0.9038 -0.2452 0.3506
vn 0.9038 -0.2451 0.3507
vn 0.3644 -0.3530 0.8617
vn 0.3645 -0.3530 0.8617
vn 0.4191 -0.4996 0.7582
vn 0.8937 -0.2817 0.3491
vn 0.8937 -0.2817 0.3492
vn 0.3610 -0.3178 0.8768
vn 0.3610 -0.3178 0.8767
vn 0.8811 -0.3178 0.3502
vn 0.3601 -0.2818 0.8894
vn 0.3602 -0.2817 0.8893
vn 0.8662 -0.3530 0.3538
vn 0.3618 -0.2452 0.8994
vn 0.3619 -0.2451 0.8994
vn 0.8491 -0.3865 0.3600
vn 0.3662 -0.2083 0.9070
vn 0.3663 -0.2082 0.9069
vn 0.8302 -0.4181 0.3688
vn 0.3732 -0.1712 0.9118
vn 0.3733 -0.1712 0.9118
vn 0.8094 -0.4476 0.3801
vn -0.9157 0.3433 0.2089
vn -0.8886 -0.4520 -0.0776
vn -0.9286 -0.3711 -0.0061
vn 0.1907 0.2802 -0.9408
vn 0.1956 0.2216 -0.9553
vn -0.9428 -0.3329 0.0165
vn 0.1760 0.1170 -0.9774
vn -0.9687 -0.2395 0.0655
vn 0.1606 0.0465 -0.9859
vn -0.9801 -0.1730 0.0978
vn 0.1517 -0.0140 -0.9883
vn -0.9842 -0.1209 0.1291
vn 0.1170 -0.1175 -0.9862
vn -0.9875 -0.0179 0.1563
vn 0.0840 -0.1693 -0.9820
vn -0.9833 0.0528 0.1743
vn 0.4322 -0.4664 -0.7718
vn 0.0715 -0.2429 -0.9674
vn -0.9750 0.1098 0.1932
vn 0.0261 -0.3441 -0.9386
vn -0.9556 0.2162 0.2004
vn 0.0909 -0.5048 -0.8584
vn -0.0122 -0.3759 -0.9266
vn -0.9364 0.2867 0.2024
vn -0.0687 -0.4654 -0.8824
vn -0.0210 -0.6212 -0.7834
vn -0.1102 -0.4898 -0.8648
vn -0.2576 0.9282 -0.2686
vn -0.2183 0.9270 -0.3049
vn -0.1756 -0.5640 -0.8069
vn -0.1498 0.9095 -0.3877
vn -0.1434 -0.7105 -0.6890
vn -0.2188 -0.5800 -0.7847
vn -0.1041 0.8911 -0.4417
vn -0.2900 -0.6363 -0.7148
vn -0.0612 0.8744 -0.4813
vn -0.2712 -0.7689 -0.5789
vn -0.3339 -0.6432 -0.6891
vn -0.8075 0.5605 0.1840
vn -0.3525 0.5371 0.7664
vn -0.7610 0.6338 0.1385
vn 0.0074 0.8275 -0.5614
vn -0.4080 -0.6796 -0.6097
vn -0.7053 0.7013 0.1037
vn 0.0283 0.8030 -0.5953
vn -0.3983 -0.7953 -0.4570
vn -0.4509 -0.6770 -0.5817
vn -0.6708 0.7361 0.0902
vn 0.0733 0.7385 -0.6702
vn -0.5247 -0.6922 -0.4955
vn -0.5932 0.8041 0.0387
vn 0.1020 0.6899 -0.7167
vn -0.3661 -0.9190 -0.1461
vn -0.5655 -0.6800 -0.4667
vn -0.5629 0.8264 0.0109
vn 0.1307 0.6483 -0.7500
vn -0.6381 -0.6536 -0.4069
vn -0.4897 0.8700 -0.0567
vn 0.1560 0.5626 -0.8119
vn -0.6986 -0.6303 -0.3386
vn -0.4380 0.8931 -0.1029
vn 0.1708 0.5011 -0.8484
vn -0.7262 -0.6198 -0.2974
vn -0.3904 0.9105 -0.1361
vn -0.3166 0.9240 -0.2146
vn -0.7902 -0.5745 -0.2132
vn -0.2679 0.9263 -0.2650
vn -0.8155 -0.5488 -0.1836
vn 0.1881 0.4488 -0.8736
vn -0.8685 -0.4845 -0.1043
vn 0.1910 0.3493 -0.9173
vn 0.5594 -0.6177 0.5527
vn 0.6791 -0.5862 0.4418
vn 0.7083 -0.5692 0.4174
vn 0.7907 -0.4963 0.3584
vn 0.4665 0.0324 0.8839
vn 0.8154 -0.4664 0.3428
vn 0.4457 0.0026 0.8952
vn 0.8384 -0.4336 0.3303
vn 0.8592 -0.3986 0.3208
vn 0.9021 0.0605 0.4273
vn 0.8699 0.1181 0.4788
vn 0.8046 0.1791 0.5661
vn 0.5762 0.1792 0.7974
vn 0.5172 0.1425 0.8439
vn 0.3958 -0.0080 0.9183
vn 0.3534 -0.4660 0.8112
vn 0.4265 -0.5687 0.7033
vn 0.0117 0.9593 0.2821
vn -0.0794 0.9362 0.3424
vn -0.1613 0.9158 0.3679
vn -0.2184 0.8613 0.4588
vn -0.2979 0.8269 0.4769
vn -0.3498 0.7532 0.5570
vn -0.4246 0.7068 0.5658
vn -0.4692 0.6169 0.6319
vn -0.5367 0.5602 0.6309
vn -0.5706 0.4569 0.6824
vn -0.6301 0.3925 0.6701
vn -0.6124 0.2724 0.7421
vn -0.6929 0.0994 0.7142
vn -0.6876 -0.0107 0.7261
vn -0.7258 -0.1872 0.6620
vn -0.7383 -0.2846 0.6116
vn -0.7545 -0.3505 0.5549
vn -0.7164 -0.4609 0.5238
vn -0.7187 -0.5204 0.4611
vn -0.6264 -0.6273 0.4628
vn -0.5788 -0.7493 0.3218
vn -0.5383 -0.8088 0.2368
vn -0.5196 -0.8399 0.1568
vn -0.4308 -0.8970 0.0991
vn -0.4054 -0.9140 0.0167
vn -0.3078 -0.9505 -0.0431
vn -0.2772 -0.9526 -0.1253
vn -0.1738 -0.9674 -0.1844
vn -0.1403 -0.9541 -0.2647
vn -0.0011 -0.9601 -0.2797
vn 0.1099 -0.8988 -0.4244
vn 0.1757 -0.8486 -0.4990
vn 0.2063 -0.7990 -0.5649
vn 0.3068 -0.7414 -0.5968
vn 0.3328 -0.6797 -0.6537
vn 0.4258 -0.6057 -0.6722
vn 0.4448 -0.5338 -0.7192
vn 0.5614 -0.4632 -0.6857
vn 0.6189 -0.2835 -0.7325
vn 0.6777 -0.1947 -0.7091
vn 0.6925 -0.0020 -0.7214
vn 0.6942 0.1092 -0.7115
vn 0.6730 0.1948 -0.7135
vn 0.6966 0.2963 -0.6535
vn 0.6643 0.3782 -0.6447
vn 0.6722 0.4725 -0.5700
vn 0.6282 0.5475 -0.5528
vn 0.6589 0.6147 -0.4336
vn 0.5615 0.7536 -0.3417
vn 0.4981 0.8209 -0.2793
vn 0.4304 0.8682 -0.2469
vn 0.3904 0.9098 -0.1411
vn 0.3158 0.9428 -0.1066
vn 0.3070 0.9511 0.0336
f 1/1/1 2/1/2 3/1/3
f 4/1/4 2/1/2 1/1/1
f 5/1/5 6/1/6 7/1/7
f 6/1/6 8/1/8 7/1/7
f 9/1/9 2/1/2 4/1/4
f 9/1/9 4/1/4 10/1/10
f 11/1/11 1/1/1 12/1/12
f 13/1/13 3/1/3 2/1/2
f 13/1/13 2/1/2 9/1/9
f 11/1/11 4/1/4 1/1/1
f 14/1/14 4/1/4 11/1/11
f 15/1/15 3/1/3 13/1/13
f 10/1/10 4/1/4 14/1/14
f 16/1/16 1/1/1 3/1/3
f 16/1/16 3/1/3 15/1/15
f 12/1/12 1/1/1 16/1/16
f 17/1/17 18/1/18 19/1/19
f 17/1/17 19/1/19 20/1/20
f 21/1/21 22/1/22 23/1/23
f 23/1/23 22/1/22 24/1/24
f 25/1/25 26/1/26 27/1/27
f 27/1/27 26/1/26 28/1/28
f 20/1/20 19/1/19 29/1/29
f 23/1/23 24/1/24 30/1/30
f 27/1/27 28/1/28 31/1/31
f 30/1/30 24/1/24 32/1/32
f 31/1/31 28/1/28 33/1/33
f 29/1/29 34/1/34 35/1/35
f 30/1/30 32/1/32 36/1/36
f 35/1/35 34/1/34 25/1/25
f 36/1/36 32/1/32 37/1/37
f 25/1/25 34/1/34 26/1/26
f 36/1/36 37/1/37 38/1/38
f 38/1/38 37/1/37 39/1/39
f 39/1/39 37/1/37 40/1/40
f 41/1/41 42/1/42 43/1/43
f 39/1/39 40/1/40 44/1/44
f 43/1/43 42/1/42 45/1/45
f 45/1/45 42/1/42 46/1/46
f 47/1/47 44/1/44 18/1/18
f 47/1/47 18/1/18 17/1/17
f 45/1/45 46/1/46 21/1/21
f 21/1/21 46/1/46 22/1/22
f 48/1/48 10/1/10 49/1/49
f 48/1/48 49/1/49 50/1/50
f 26/1/26 51/1/51 28/1/28
f 28/1/28 51/1/51 52/1/52
f 50/1/50 49/1/49 32/1/32
f 28/1/28 52/1/52 53/1/53
f 34/1/34 54/1/54 51/1/51
f 32/1/32 49/1/49 55/1/55
f 53/1/53 52/1/52 13/1/13
f 53/1/53 13/1/13 56/1/56
f 34/1/34 51/1/51 26/1/26
f 55/1/55 11/1/11 40/1/40
f 56/1/56 13/1/13 57/1/57
f 57/1/57 13/1/13 9/1/9
f 40/1/40 11/1/11 58/1/58
f 58/1/58 11/1/11 59/1/59
f 57/1/57 9/1/9 10/1/10
f 57/1/57 10/1/10 48/1/48
f 60/1/60 47/1/47 61/1/61
f 62/1/62 47/1/47 60/1/60
f 63/1/63 43/1/43 64/1/64
f 65/1/65 43/1/43 63/1/63
f 66/1/66 39/1/39 67/1/67
f 68/1/68 38/1/38 39/1/39
f 68/1/68 39/1/39 66/1/66
f 69/1/69 70/1/70 71/1/71
f 72/1/72 38/1/38 68/1/68
f 73/1/73 35/1/35 74/1/74
f 75/1/75 35/1/35 73/1/73
f 76/1/76 77/1/77 78/1/78
f 79/1/79 21/1/21 80/1/80
f 47/1/47 17/1/17 61/1/61
f 79/1/79 45/1/45 21/1/21
f 64/1/64 45/1/45 79/1/79
f 62/1/62 44/1/44 47/1/47
f 67/1/67 44/1/44 62/1/62
f 43/1/43 45/1/45 64/1/64
f 67/1/67 39/1/39 44/1/44
f 65/1/65 41/1/41 43/1/43
f 71/1/71 41/1/41 65/1/65
f 71/1/71 81/1/81 41/1/41
f 70/1/70 81/1/81 71/1/71
f 72/1/72 36/1/36 38/1/38
f 74/1/74 25/1/25 82/1/82
f 70/1/70 33/1/33 81/1/81
f 83/1/83 36/1/36 72/1/72
f 84/1/84 33/1/33 70/1/70
f 35/1/35 25/1/25 74/1/74
f 84/1/84 31/1/31 33/1/33
f 85/1/85 30/1/30 36/1/36
f 85/1/85 36/1/36 83/1/83
f 86/1/86 31/1/31 84/1/84
f 75/1/75 29/1/29 35/1/35
f 87/1/87 30/1/30 85/1/85
f 88/1/88 27/1/27 31/1/31
f 88/1/88 31/1/31 86/1/86
f 87/1/87 23/1/23 30/1/30
f 78/1/78 20/1/20 29/1/29
f 78/1/78 29/1/29 75/1/75
f 89/1/89 27/1/27 88/1/88
f 90/1/90 23/1/23 87/1/87
f 77/1/77 20/1/20 78/1/78
f 82/1/82 25/1/25 27/1/27
f 82/1/82 27/1/27 89/1/89
f 91/1/91 23/1/23 90/1/90
f 91/1/91 21/1/21 23/1/23
f 77/1/77 17/1/17 20/1/20
f 80/1/80 21/1/21 91/1/91
f 61/1/61 17/1/17 77/1/77
f 92/1/92 93/1/93 94/1/94
f 92/1/92 94/1/94 95/1/95
f 96/1/96 97/1/97 98/1/98
f 96/1/96 98/1/98 99/1/96
f 100/1/99 93/1/93 92/1/92
f 101/1/100 96/1/96 99/1/96
f 102/1/101 103/1/102 100/1/99
f 104/1/103 105/1/104 106/1/105
f 107/1/106 108/1/107 103/1/102
f 107/1/106 103/1/102 102/1/101
f 109/1/108 110/1/109 111/1/110
f 112/1/111 113/1/112 108/1/107
f 112/1/111 108/1/107 107/1/106
f 114/1/113 101/1/100 115/1/114
f 116/1/115 117/1/116 113/1/112
f 116/1/115 113/1/112 112/1/111
f 106/1/105 105/1/104 118/1/117
f 106/1/105 118/1/117 119/1/117
f 120/1/118 121/1/119 117/1/116
f 120/1/118 117/1/116 116/1/115
f 122/1/120 109/1/108 111/1/110
f 122/1/120 111/1/110 123/1/120
f 124/1/121 125/1/122 121/1/119
f 124/1/121 121/1/119 120/1/118
f 126/1/123 114/1/113 115/1/114
f 126/1/123 115/1/114 127/1/123
f 128/1/124 129/1/125 125/1/122
f 128/1/124 125/1/122 124/1/121
f 119/1/117 118/1/117 130/1/126
f 119/1/117 130/1/126 131/1/126
f 132/1/127 133/1/128 129/1/125
f 132/1/127 129/1/125 128/1/124
f 134/1/129 122/1/120 123/1/120
f 134/1/129 123/1/120 135/1/129
f 136/1/130 137/1/131 138/1/132
f 136/1/130 138/1/132 139/1/133
f 140/1/134 141/1/135 133/1/128
f 140/1/134 133/1/128 132/1/127
f 142/1/136 126/1/123 127/1/123
f 142/1/136 127/1/123 143/1/136
f 144/1/137 145/1/138 146/1/139
f 147/1/140 148/1/141 141/1/135
f 147/1/140 141/1/135 140/1/134
f 131/1/126 130/1/126 149/1/142
f 131/1/126 149/1/142 150/1/142
f 151/1/143 152/1/144 144/1/137
f 153/1/145 154/1/146 148/1/141
f 153/1/145 148/1/141 147/1/140
f 155/1/147 134/1/129 135/1/129
f 156/1/148 157/1/149 152/1/144
f 156/1/148 152/1/144 151/1/143
f 158/1/150 159/1/151 154/1/146
f 158/1/150 154/1/146 153/1/145
f 160/1/152 142/1/136 143/1/136
f 160/1/152 143/1/136 161/1/152
f 162/1/153 157/1/149 156/1/148
f 150/1/142 149/1/142 163/1/154
f 150/1/142 163/1/154 164/1/154
f 165/1/155 166/1/156 159/1/151
f 165/1/155 159/1/151 158/1/150
f 167/1/157 168/1/158 162/1/153
f 169/1/159 155/1/147 170/1/160
f 171/1/161 166/1/156 165/1/155
f 172/1/162 173/1/163 168/1/158
f 172/1/162 168/1/158 167/1/157
f 174/1/164 175/1/165 171/1/161
f 176/1/166 177/1/167 173/1/163
f 176/1/166 173/1/163 172/1/162
f 164/1/154 163/1/154 178/1/168
f 164/1/154 178/1/168 179/1/168
f 180/1/169 175/1/165 174/1/164
f 181/1/170 177/1/167 176/1/166
f 182/1/171 169/1/159 170/1/160
f 182/1/171 170/1/160 183/1/172
f 184/1/173 185/1/174 181/1/170
f 179/1/168 178/1/168 186/1/175
f 179/1/168 186/1/175 187/1/175
f 188/1/176 189/1/176 185/1/174
f 188/1/176 185/1/174 184/1/173
f 190/1/177 191/1/178 192/1/179
f 193/1/180 182/1/171 183/1/172
f 194/1/181 195/1/182 189/1/176
f 194/1/181 189/1/176 188/1/176
f 187/1/175 186/1/175 196/1/183
f 187/1/175 196/1/183 197/1/183
f 198/1/184 199/1/185 195/1/182
f 198/1/184 195/1/182 194/1/181
f 200/1/186 201/1/187 199/1/185
f 200/1/186 199/1/185 198/1/184
f 202/1/188 203/1/189 201/1/187
f 202/1/188 201/1/187 200/1/186
f 18/1/18 59/1/59 204/1/190
f 46/1/46 48/1/48 22/1/22
f 18/1/18 58/1/58 59/1/59
f 46/1/46 57/1/57 48/1/48
f 44/1/44 58/1/58 18/1/18
f 42/1/42 57/1/57 46/1/46
f 40/1/40 58/1/58 44/1/44
f 41/1/41 56/1/56 57/1/57
f 41/1/41 57/1/57 42/1/42
f 37/1/37 55/1/55 40/1/40
f 81/1/81 56/1/56 41/1/41
f 81/1/81 53/1/53 56/1/56
f 32/1/32 55/1/55 37/1/37
f 33/1/33 53/1/53 81/1/81
f 29/1/29 54/1/54 34/1/34
f 28/1/28 53/1/53 33/1/33
f 24/1/24 50/1/50 32/1/32
f 19/1/19 204/1/190 54/1/54
f 19/1/19 54/1/54 29/1/29
f 24/1/24 48/1/48 50/1/50
f 22/1/22 48/1/48 24/1/24
f 18/1/18 204/1/190 19/1/19
f 204/1/190 12/1/12 16/1/16
f 51/1/51 16/1/16 15/1/15
f 204/1/190 16/1/16 54/1/54
f 49/1/49 10/1/10 14/1/14
f 51/1/51 15/1/15 52/1/52
f 54/1/54 16/1/16 51/1/51
f 49/1/49 14/1/14 55/1/55
f 52/1/52 15/1/15 13/1/13
f 55/1/55 14/1/14 11/1/11
f 11/1/11 12/1/12 59/1/59
f 59/1/59 12/1/12 204/1/190
f 95/1/95 94/1/94 205/1/191
f 95/1/95 205/1/191 206/1/192
f 206/1/192 205/1/191 207/1/193
f 208/1/194 209/1/195 210/1/196
f 210/1/196 209/1/195 211/1/197
f 210/1/196 211/1/197 212/1/198
f 212/1/198 211/1/197 213/1/199
f 214/1/200 215/1/201 216/1/202
f 217/1/203 218/1/204 219/1/205
f 217/1/203 219/1/205 220/1/206
f 220/1/206 219/1/205 221/1/207
f 221/1/207 222/1/208 223/1/209
f 223/1/209 222/1/208 224/1/210
f 223/1/209 224/1/210 225/1/210
f 225/1/210 224/1/210 226/1/211
f 225/1/210 226/1/211 227/1/212
f 227/1/212 226/1/211 228/1/213
f 227/1/212 228/1/213 229/1/214
f 229/1/214 228/1/213 230/1/215
f 230/1/215 231/1/216 232/1/217
f 232/1/217 231/1/216 233/1/218
f 232/1/217 233/1/218 234/1/219
f 234/1/219 233/1/218 235/1/220
f 235/1/220 236/1/221 237/1/222
f 237/1/222 236/1/221 238/1/223
f 237/1/222 238/1/223 239/1/224
f 239/1/224 238/1/223 240/1/225
f 239/1/224 240/1/225 241/1/226
f 241/1/226 240/1/225 242/1/227
f 241/1/226 242/1/227 243/1/228
f 243/1/228 242/1/227 244/1/229
f 243/1/228 244/1/229 245/1/230
f 245/1/230 244/1/229 246/1/231
f 245/1/230 246/1/231 247/1/232
f 247/1/232 246/1/231 248/1/233
f 247/1/232 248/1/233 249/1/234
f 249/1/234 248/1/233 203/1/189
f 249/1/234 203/1/189 202/1/188
f 97/1/97 250/1/235 98/1/98
f 146/1/139 145/1/138 251/1/236
f 252/1/237 253/1/238 104/1/103
f 110/1/109 254/1/239 255/1/239
f 256/1/240 257/1/241 258/1/242
f 256/1/240 258/1/242 259/1/243
f 260/1/244 63/1/63 64/1/64
f 261/1/245 63/1/63 260/1/244
f 262/1/246 67/1/67 62/1/62
f 262/1/246 62/1/62 263/1/247
f 264/1/248 65/1/65 63/1/63
f 264/1/248 63/1/63 261/1/245
f 262/1/246 66/1/66 67/1/67
f 265/1/249 66/1/66 262/1/246
f 266/1/250 71/1/71 65/1/65
f 266/1/250 65/1/65 264/1/248
f 68/1/68 66/1/66 265/1/249
f 69/1/69 71/1/71 266/1/250
f 267/1/251 72/1/72 68/1/68
f 268/1/252 70/1/70 69/1/69
f 269/1/253 74/1/74 82/1/82
f 269/1/253 82/1/82 270/1/254
f 271/1/255 83/1/83 72/1/72
f 271/1/255 72/1/72 267/1/251
f 268/1/252 84/1/84 70/1/70
f 73/1/73 74/1/74 269/1/253
f 272/1/256 84/1/84 268/1/252
f 273/1/257 85/1/85 83/1/83
f 273/1/257 83/1/83 271/1/255
f 272/1/256 86/1/86 84/1/84
f 274/1/258 75/1/75 73/1/73
f 275/1/259 86/1/86 272/1/256
f 276/1/260 87/1/87 85/1/85
f 276/1/260 85/1/85 273/1/257
f 275/1/259 88/1/88 86/1/86
f 277/1/261 78/1/78 75/1/75
f 277/1/261 75/1/75 274/1/258
f 278/1/262 88/1/88 275/1/259
f 279/1/263 90/1/90 87/1/87
f 279/1/263 87/1/87 276/1/260
f 278/1/262 89/1/89 88/1/88
f 76/1/76 78/1/78 277/1/261
f 270/1/254 89/1/89 278/1/262
f 280/1/264 91/1/91 90/1/90
f 280/1/264 90/1/90 279/1/263
f 270/1/254 82/1/82 89/1/89
f 281/1/265 77/1/77 76/1/76
f 282/1/266 80/1/80 91/1/91
f 282/1/266 91/1/91 280/1/264
f 283/1/267 61/1/61 77/1/77
f 283/1/267 77/1/77 281/1/265
f 284/1/268 79/1/79 80/1/80
f 284/1/268 80/1/80 282/1/266
f 60/1/60 61/1/61 283/1/267
f 260/1/244 64/1/64 79/1/79
f 260/1/244 79/1/79 284/1/268
f 263/1/247 62/1/62 60/1/60
f 269/1/253 270/1/254 285/1/269
f 269/1/253 285/1/269 286/1/270
f 269/1/253 286/1/270 287/1/271
f 73/1/73 269/1/253 287/1/271
f 73/1/73 287/1/271 288/1/272
f 73/1/73 288/1/272 289/1/273
f 274/1/258 73/1/73 289/1/273
f 274/1/258 289/1/273 290/1/274
f 274/1/258 290/1/274 291/1/275
f 277/1/261 274/1/258 291/1/275
f 277/1/261 291/1/275 292/1/276
f 277/1/261 292/1/276 293/1/277
f 76/1/76 277/1/261 293/1/277
f 76/1/76 293/1/277 294/1/278
f 76/1/76 294/1/278 295/1/279
f 281/1/265 76/1/76 295/1/279
f 281/1/265 295/1/279 296/1/280
f 281/1/265 296/1/280 297/1/281
f 283/1/267 281/1/265 297/1/281
f 283/1/267 297/1/281 298/1/282
f 283/1/267 298/1/282 299/1/283
f 60/1/60 283/1/267 299/1/283
f 60/1/60 299/1/283 300/1/284
f 60/1/60 300/1/284 301/1/285
f 263/1/247 60/1/60 301/1/285
f 263/1/247 301/1/285 302/1/286
f 263/1/247 302/1/286 303/1/287
f 262/1/246 263/1/247 303/1/287
f 262/1/246 303/1/287 304/1/288
f 262/1/246 304/1/288 305/1/289
f 262/1/246 305/1/289 306/1/290
f 265/1/249 262/1/246 306/1/290
f 265/1/249 306/1/290 307/1/291
f 265/1/249 307/1/291 308/1/292
f 68/1/68 265/1/249 308/1/292
f 68/1/68 308/1/292 309/1/293
f 68/1/68 309/1/293 310/1/294
f 267/1/251 68/1/68 310/1/294
f 267/1/251 310/1/294 311/1/295
f 267/1/251 311/1/295 312/1/296
f 271/1/255 267/1/251 312/1/296
f 271/1/255 312/1/296 313/1/297
f 271/1/255 313/1/297 314/1/298
f 273/1/257 271/1/255 314/1/298
f 273/1/257 314/1/298 315/1/299
f 273/1/257 315/1/299 316/1/300
f 276/1/260 273/1/257 316/1/300
f 276/1/260 316/1/300 317/1/301
f 276/1/260 317/1/301 318/1/302
f 279/1/263 276/1/260 318/1/302
f 279/1/263 318/1/302 319/1/303
f 279/1/263 319/1/303 320/1/304
f 280/1/264 279/1/263 320/1/304
f 280/1/264 320/1/304 321/1/305
f 280/1/264 321/1/305 322/1/306
f 282/1/266 280/1/264 322/1/306
f 282/1/266 322/1/306 323/1/307
f 282/1/266 323/1/307 324/1/308
f 284/1/268 282/1/266 324/1/308
f 284/1/268 324/1/308 325/1/309
f 284/1/268 325/1/309 326/1/310
f 260/1/244 284/1/268 326/1/310
f 260/1/244 326/1/310 327/1/311
f 260/1/244 327/1/311 328/1/312
f 260/1/244 328/1/312 329/1/313
f 261/1/245 260/1/244 329/1/313
f 261/1/245 329/1/313 330/1/314
f 261/1/245 330/1/314 331/1/315
f 264/1/248 261/1/245 331/1/315
f 264/1/248 331/1/315 332/1/316
f 264/1/248 332/1/316 333/1/317
f 266/1/250 264/1/248 333/1/317
f 266/1/250 333/1/317 334/1/318
f 266/1/250 334/1/318 335/1/319
f 69/1/69 266/1/250 335/1/319
f 69/1/69 335/1/319 336/1/320
f 69/1/69 336/1/320 337/1/321
f 268/1/252 69/1/69 337/1/321
f 268/1/252 337/1/321 338/1/322
f 268/1/252 338/1/322 339/1/323
f 268/1/252 339/1/323 340/1/324
f 272/1/256 268/1/252 340/1/324
f 272/1/256 340/1/324 341/1/325
f 272/1/256 341/1/325 342/1/326
f 275/1/259 272/1/256 342/1/326
f 275/1/259 342/1/326 343/1/327
f 275/1/259 343/1/327 344/1/328
f 278/1/262 275/1/259 344/1/328
f 278/1/262 344/1/328 345/1/329
f 278/1/262 345/1/329 346/1/330
f 270/1/254 278/1/262 346/1/330
f 270/1/254 346/1/330 347/1/331
f 270/1/254 347/1/331 348/1/332
f 270/1/254 348/1/332 285/1/269
f 349/1/333 8/1/8 6/1/6
f 350/1/334 351/1/335 5/1/5
f 350/1/334 5/1/5 7/1/7
f 352/1/336 349/1/333 6/1/6
f 353/1/337 354/1/338 8/1/8
f 354/1/338 350/1/334 7/1/7
f 355/1/339 352/1/336 6/1/6
f 354/1/338 7/1/7 8/1/8
f 355/1/339 6/1/6 5/1/5
f 351/1/335 355/1/339 5/1/5
f 349/1/333 353/1/337 8/1/8
f 356/1/340 357/1/341 358/1/342
f 356/1/340 359/1/343 357/1/341
f 360/1/344 361/1/345 362/1/346
f 360/1/344 362/1/346 363/1/347
f 364/1/348 365/1/349 366/1/350
f 365/1/349 367/1/351 366/1/350
f 359/1/343 368/1/352 357/1/341
f 361/1/345 369/1/353 362/1/346
f 365/1/349 370/1/354 367/1/351
f 369/1/353 371/1/355 372/1/356
f 369/1/353 372/1/356 362/1/346
f 368/1/352 373/1/357 374/1/358
f 373/1/357 364/1/348 374/1/358
f 375/1/359 376/1/360 370/1/354
f 371/1/355 377/1/361 378/1/362
f 371/1/355 378/1/362 372/1/356
f 364/1/348 366/1/350 374/1/358
f 375/1/359 379/1/363 376/1/360
f 379/1/363 380/1/364 376/1/360
f 377/1/361 381/1/365 378/1/362
f 379/1/363 382/1/366 380/1/364
f 382/1/366 383/1/367 380/1/364
f 382/1/366 384/1/368 383/1/367
f 384/1/368 385/1/369 383/1/367
f 386/1/370 387/1/371 358/1/342
f 384/1/368 388/1/372 385/1/369
f 387/1/371 356/1/340 358/1/342
f 388/1/372 360/1/344 363/1/347
f 388/1/372 363/1/347 385/1/369
f 389/1/373 390/1/374 391/1/375
f 392/1/376 393/1/377 355/1/339
f 392/1/376 355/1/339 394/1/378
f 390/1/374 395/1/379 391/1/375
f 393/1/377 396/1/380 355/1/339
f 390/1/374 397/1/381 395/1/379
f 389/1/373 391/1/375 398/1/382
f 393/1/377 399/1/383 396/1/380
f 397/1/381 400/1/384 395/1/379
f 399/1/383 352/1/336 396/1/380
f 397/1/381 380/1/364 400/1/384
f 399/1/383 401/1/385 352/1/336
f 380/1/364 383/1/367 400/1/384
f 401/1/385 402/1/386 352/1/336
f 383/1/367 403/1/387 400/1/384
f 383/1/367 385/1/369 403/1/387
f 401/1/385 404/1/388 402/1/386
f 385/1/369 392/1/376 394/1/378
f 385/1/369 394/1/378 403/1/387
f 404/1/388 405/1/389 402/1/386
f 139/1/133 138/1/132 388/1/372
f 406/1/390 407/1/391 387/1/371
f 139/1/133 388/1/372 384/1/368
f 408/1/392 406/1/390 387/1/371
f 409/1/393 139/1/133 384/1/368
f 409/1/393 384/1/368 382/1/366
f 410/1/394 409/1/393 382/1/366
f 411/1/395 410/1/394 379/1/363
f 411/1/395 379/1/363 412/1/396
f 413/1/397 414/1/398 373/1/357
f 415/1/399 413/1/397 373/1/357
f 416/1/400 417/1/401 361/1/345
f 418/1/402 416/1/400 361/1/345
f 407/1/391 419/1/403 356/1/340
f 388/1/372 138/1/132 360/1/344
f 387/1/371 407/1/391 356/1/340
f 408/1/392 387/1/371 386/1/370
f 420/1/404 408/1/392 386/1/370
f 420/1/404 386/1/370 381/1/365
f 421/1/405 420/1/404 381/1/365
f 379/1/363 410/1/394 382/1/366
f 422/1/406 421/1/405 381/1/365
f 422/1/406 381/1/365 377/1/361
f 412/1/396 379/1/363 375/1/359
f 423/1/407 422/1/406 377/1/361
f 414/1/398 424/1/408 364/1/348
f 425/1/409 423/1/407 377/1/361
f 425/1/409 377/1/361 371/1/355
f 426/1/410 412/1/396 375/1/359
f 373/1/357 414/1/398 364/1/348
f 426/1/410 375/1/359 370/1/354
f 427/1/411 425/1/409 371/1/355
f 428/1/412 426/1/410 370/1/354
f 415/1/399 373/1/357 368/1/352
f 417/1/401 427/1/411 371/1/355
f 417/1/401 371/1/355 369/1/353
f 429/1/413 428/1/412 370/1/354
f 429/1/413 370/1/354 365/1/349
f 430/1/414 415/1/399 368/1/352
f 430/1/414 368/1/352 359/1/343
f 431/1/415 429/1/413 365/1/349
f 361/1/345 417/1/401 369/1/353
f 432/1/416 430/1/414 359/1/343
f 424/1/408 431/1/415 365/1/349
f 424/1/408 365/1/349 364/1/348
f 418/1/402 361/1/345 360/1/344
f 419/1/403 432/1/416 359/1/343
f 419/1/403 359/1/343 356/1/340
f 138/1/132 418/1/402 360/1/344
f 433/1/417 434/1/418 419/1/403
f 433/1/417 419/1/403 407/1/391
f 137/1/131 435/1/419 138/1/132
f 434/1/418 436/1/420 419/1/403
f 435/1/419 437/1/421 418/1/402
f 435/1/419 418/1/402 138/1/132
f 438/1/422 439/1/423 424/1/408
f 436/1/420 440/1/424 432/1/416
f 436/1/420 432/1/416 419/1/403
f 437/1/421 441/1/425 418/1/402
f 439/1/423 442/1/426 424/1/408
f 440/1/424 443/1/427 432/1/416
f 441/1/425 444/1/428 416/1/400
f 441/1/425 416/1/400 418/1/402
f 442/1/426 445/1/429 431/1/415
f 442/1/426 431/1/415 424/1/408
f 443/1/427 446/1/430 430/1/414
f 443/1/427 430/1/414 432/1/416
f 445/1/429 447/1/431 431/1/415
f 446/1/430 448/1/432 430/1/414
f 416/1/400 449/1/433 417/1/401
f 447/1/431 450/1/434 429/1/413
f 447/1/431 429/1/413 431/1/415
f 448/1/432 451/1/435 415/1/399
f 448/1/432 415/1/399 430/1/414
f 449/1/433 452/1/436 417/1/401
f 450/1/434 453/1/437 428/1/412
f 450/1/434 428/1/412 429/1/413
f 451/1/435 454/1/438 415/1/399
f 452/1/436 455/1/439 427/1/411
f 452/1/436 427/1/411 417/1/401
f 453/1/437 456/1/440 428/1/412
f 454/1/438 457/1/441 413/1/397
f 454/1/438 413/1/397 415/1/399
f 455/1/439 458/1/442 427/1/411
f 456/1/440 459/1/443 426/1/410
f 456/1/440 426/1/410 428/1/412
f 458/1/442 460/1/444 425/1/409
f 458/1/442 425/1/409 427/1/411
f 459/1/443 461/1/445 426/1/410
f 413/1/397 462/1/446 414/1/398
f 460/1/444 463/1/447 425/1/409
f 461/1/445 464/1/448 412/1/396
f 461/1/445 412/1/396 426/1/410
f 465/1/449 438/1/422 424/1/408
f 465/1/449 424/1/408 414/1/398
f 463/1/447 466/1/450 423/1/407
f 463/1/447 423/1/407 425/1/409
f 462/1/446 465/1/449 414/1/398
f 464/1/448 467/1/451 412/1/396
f 466/1/450 468/1/452 423/1/407
f 467/1/451 469/1/453 411/1/395
f 467/1/451 411/1/395 412/1/396
f 468/1/452 470/1/454 422/1/406
f 468/1/452 422/1/406 423/1/407
f 469/1/453 471/1/455 411/1/395
f 470/1/454 472/1/456 422/1/406
f 471/1/455 473/1/457 411/1/395
f 472/1/456 474/1/458 421/1/405
f 472/1/456 421/1/405 422/1/406
f 473/1/457 475/1/459 411/1/395
f 474/1/458 476/1/460 421/1/405
f 475/1/459 477/1/461 410/1/394
f 475/1/459 410/1/394 411/1/395
f 476/1/460 478/1/462 421/1/405
f 477/1/461 479/1/463 410/1/394
f 478/1/462 480/1/464 420/1/404
f 478/1/462 420/1/404 421/1/405
f 479/1/463 481/1/465 409/1/393
f 479/1/463 409/1/393 410/1/394
f 480/1/464 482/1/466 420/1/404
f 481/1/465 483/1/467 409/1/393
f 482/1/466 484/1/468 408/1/392
f 482/1/466 408/1/392 420/1/404
f 483/1/467 485/1/469 409/1/393
f 484/1/468 486/1/470 408/1/392
f 485/1/469 487/1/471 139/1/133
f 485/1/469 139/1/133 409/1/393
f 486/1/470 488/1/472 406/1/390
f 486/1/470 406/1/390 408/1/392
f 487/1/471 489/1/473 139/1/133
f 489/1/473 490/1/474 139/1/133
f 491/1/475 433/1/417 407/1/391
f 406/1/390 491/1/475 407/1/391
f 490/1/474 136/1/130 139/1/133
f 385/1/369 363/1/347 392/1/376
f 358/1/342 404/1/388 401/1/385
f 386/1/370 358/1/342 401/1/385
f 381/1/365 386/1/370 401/1/385
f 381/1/365 401/1/385 399/1/383
f 378/1/362 381/1/365 399/1/383
f 376/1/360 380/1/364 397/1/381
f 374/1/358 366/1/350 389/1/373
f 372/1/356 378/1/362 399/1/383
f 370/1/354 376/1/360 397/1/381
f 372/1/356 399/1/383 393/1/377
f 370/1/354 397/1/381 390/1/374
f 368/1/352 374/1/358 389/1/373
f 368/1/352 389/1/373 398/1/382
f 367/1/351 370/1/354 390/1/374
f 362/1/346 372/1/356 393/1/377
f 362/1/346 393/1/377 392/1/376
f 357/1/341 368/1/352 398/1/382
f 357/1/341 398/1/382 405/1/389
f 366/1/350 367/1/351 390/1/374
f 366/1/350 390/1/374 389/1/373
f 363/1/347 362/1/346 392/1/376
f 358/1/342 357/1/341 405/1/389
f 358/1/342 405/1/389 404/1/388
f 405/1/389 398/1/382 353/1/337
f 405/1/389 353/1/337 349/1/333
f 394/1/378 355/1/339 351/1/335
f 391/1/375 395/1/379 354/1/338
f 398/1/382 391/1/375 353/1/337
f 396/1/380 352/1/336 355/1/339
f 395/1/379 350/1/334 354/1/338
f 391/1/375 354/1/338 353/1/337
f 395/1/379 400/1/384 350/1/334
f 352/1/336 402/1/386 349/1/333
f 400/1/384 403/1/387 350/1/334
f 403/1/387 351/1/335 350/1/334
f 403/1/387 394/1/378 351/1/335
f 402/1/386 405/1/389 349/1/333
f 492/1/476 493/1/477 494/1/478
f 492/1/476 494/1/478 495/1/479
f 496/1/480 497/1/481 498/1/482
f 496/1/480 498/1/482 499/1/483
f 497/1/481 500/1/484 501/1/485
f 497/1/481 501/1/485 498/1/482
f 257/1/241 502/1/486 503/1/487
f 257/1/241 503/1/487 258/1/242
f 500/1/484 504/1/488 505/1/489
f 500/1/484 505/1/489 501/1/485
f 502/1/486 506/1/490 507/1/491
f 502/1/486 507/1/491 503/1/487
f 504/1/488 508/1/492 509/1/493
f 504/1/488 509/1/493 505/1/489
f 506/1/490 510/1/494 511/1/495
f 506/1/490 511/1/495 507/1/491
f 508/1/492 512/1/496 509/1/493
f 510/1/494 513/1/497 514/1/498
f 510/1/494 514/1/498 511/1/495
f 512/1/496 515/1/499 509/1/493
f 512/1/496 516/1/500 515/1/499
f 513/1/497 517/1/501 518/1/502
f 513/1/497 518/1/502 514/1/498
f 516/1/500 519/1/503 520/1/504
f 516/1/500 520/1/504 515/1/499
f 517/1/501 521/1/505 522/1/506
f 517/1/501 522/1/506 518/1/502
f 519/1/503 523/1/507 524/1/508
f 519/1/503 524/1/508 520/1/504
f 521/1/505 525/1/509 526/1/510
f 521/1/505 526/1/510 522/1/506
f 527/1/511 528/1/512 529/1/513
f 493/1/477 256/1/240 259/1/243
f 493/1/477 259/1/243 494/1/478
f 525/1/509 530/1/514 531/1/515
f 525/1/509 531/1/515 526/1/510
f 530/1/514 532/1/516 533/1/517
f 530/1/514 533/1/517 531/1/515
f 534/1/518 535/1/519 536/1/520
f 534/1/518 536/1/520 537/1/521
f 538/1/522 539/1/523 540/1/524
f 538/1/522 540/1/524 541/1/525
f 532/1/516 542/1/526 543/1/527
f 532/1/516 543/1/527 533/1/517
f 535/1/519 544/1/528 545/1/529
f 535/1/519 545/1/529 536/1/520
f 539/1/523 546/1/530 547/1/531
f 539/1/523 547/1/531 540/1/524
f 544/1/528 548/1/532 545/1/529
f 542/1/526 549/1/533 550/1/534
f 542/1/526 550/1/534 543/1/527
f 549/1/533 551/1/535 552/1/536
f 549/1/533 552/1/536 550/1/534
f 546/1/530 553/1/537 554/1/538
f 546/1/530 554/1/538 547/1/531
f 548/1/532 555/1/539 556/1/540
f 548/1/532 556/1/540 545/1/529
f 553/1/537 557/1/541 554/1/538
f 555/1/539 558/1/542 556/1/540
f 551/1/535 559/1/543 560/1/544
f 551/1/535 560/1/544 552/1/536
f 557/1/541 561/1/545 554/1/538
f 558/1/542 495/1/479 556/1/540
f 557/1/541 562/1/546 561/1/545
f 558/1/542 492/1/476 495/1/479
f 562/1/546 563/1/547 561/1/545
f 523/1/507 534/1/518 537/1/521
f 523/1/507 537/1/521 524/1/508
f 562/1/546 496/1/480 563/1/547
f 496/1/480 499/1/483 563/1/547
f 528/1/512 538/1/522 541/1/525
f 564/1/548 565/1/549 566/1/550
f 564/1/548 566/1/550 567/1/551
f 568/1/552 569/1/553 570/1/553
f 568/1/552 570/1/553 571/1/552
f 572/1/554 573/1/554 574/1/555
f 572/1/554 574/1/555 575/1/555
f 576/1/556 577/1/557 578/1/558
f 576/1/556 578/1/558 579/1/559
f 580/1/560 581/1/561 253/1/238
f 580/1/560 253/1/238 252/1/237
f 582/1/562 568/1/552 571/1/552
f 582/1/562 571/1/552 583/1/562
f 254/1/239 584/1/563 585/1/563
f 254/1/239 585/1/563 255/1/239
f 586/1/564 587/1/564 588/1/565
f 565/1/549 589/1/566 590/1/566
f 565/1/549 590/1/566 566/1/550
f 591/1/567 522/1/506 526/1/510
f 591/1/567 526/1/510 592/1/568
f 593/1/569 581/1/561 580/1/560
f 594/1/570 595/1/571 587/1/564
f 594/1/570 587/1/564 586/1/564
f 584/1/563 596/1/572 597/1/572
f 584/1/563 597/1/572 585/1/563
f 598/1/573 599/1/574 600/1/575
f 598/1/573 600/1/575 601/1/576
f 602/1/577 603/1/578 595/1/571
f 602/1/577 595/1/571 594/1/570
f 604/1/579 564/1/548 567/1/551
f 605/1/580 606/1/581 600/1/575
f 605/1/580 600/1/575 599/1/574
f 569/1/553 160/1/152 161/1/152
f 569/1/553 161/1/152 570/1/553
f 602/1/577 607/1/582 608/1/582
f 602/1/577 608/1/582 603/1/578
f 609/1/583 610/1/583 606/1/581
f 609/1/583 606/1/581 605/1/580
f 589/1/566 598/1/573 601/1/576
f 589/1/566 601/1/576 590/1/566
f 607/1/582 611/1/584 612/1/585
f 607/1/582 612/1/585 608/1/582
f 613/1/586 614/1/587 610/1/583
f 613/1/586 610/1/583 609/1/583
f 611/1/584 615/1/588 616/1/589
f 611/1/584 616/1/589 612/1/585
f 617/1/590 618/1/590 614/1/587
f 617/1/590 614/1/587 613/1/586
f 615/1/588 619/1/591 620/1/592
f 615/1/588 620/1/592 616/1/589
f 621/1/593 622/1/593 618/1/590
f 621/1/593 618/1/590 617/1/590
f 619/1/591 623/1/594 624/1/595
f 619/1/591 624/1/595 620/1/592
f 625/1/596 626/1/596 622/1/593
f 625/1/596 622/1/593 621/1/593
f 623/1/594 627/1/597 628/1/598
f 623/1/594 628/1/598 624/1/595
f 629/1/599 630/1/600 626/1/596
f 629/1/599 626/1/596 625/1/596
f 627/1/597 576/1/556 579/1/559
f 627/1/597 579/1/559 628/1/598
f 575/1/555 574/1/555 630/1/600
f 575/1/555 630/1/600 629/1/599
f 577/1/557 631/1/601 578/1/558
f 197/1/183 196/1/183 573/1/554
f 197/1/183 573/1/554 572/1/554
f 632/1/602 522/1/506 591/1/567
f 633/1/603 259/1/243 634/1/604
f 635/1/605 499/1/483 498/1/482
f 635/1/605 498/1/482 636/1/606
f 634/1/604 259/1/243 258/1/242
f 634/1/604 258/1/242 637/1/607
f 636/1/606 498/1/482 638/1/608
f 637/1/607 258/1/242 639/1/609
f 638/1/608 498/1/482 501/1/485
f 638/1/608 501/1/485 640/1/610
f 639/1/609 258/1/242 503/1/487
f 639/1/609 503/1/487 641/1/611
f 640/1/610 501/1/485 505/1/489
f 640/1/610 505/1/489 642/1/612
f 641/1/611 503/1/487 507/1/491
f 641/1/611 507/1/491 643/1/613
f 642/1/612 505/1/489 644/1/614
f 643/1/613 507/1/491 645/1/615
f 644/1/614 505/1/489 509/1/493
f 644/1/614 509/1/493 646/1/616
f 645/1/615 507/1/491 511/1/495
f 645/1/615 511/1/495 647/1/617
f 646/1/616 509/1/493 648/1/618
f 647/1/617 511/1/495 514/1/498
f 647/1/617 514/1/498 649/1/619
f 648/1/618 509/1/493 515/1/499
f 648/1/618 515/1/499 650/1/620
f 649/1/619 514/1/498 651/1/621
f 650/1/620 515/1/499 652/1/622
f 651/1/621 514/1/498 518/1/502
f 651/1/621 518/1/502 653/1/623
f 652/1/622 515/1/499 520/1/504
f 652/1/622 520/1/504 654/1/624
f 653/1/623 518/1/502 522/1/506
f 653/1/623 522/1/506 632/1/602
f 654/1/624 520/1/504 655/1/625
f 656/1/626 529/1/513 657/1/627
f 655/1/625 520/1/504 524/1/508
f 655/1/625 524/1/508 658/1/628
f 657/1/627 529/1/513 541/1/525
f 657/1/627 541/1/525 659/1/629
f 658/1/628 524/1/508 660/1/630
f 659/1/629 541/1/525 661/1/631
f 659/1/629 661/1/631 662/1/632
f 660/1/630 524/1/508 537/1/521
f 660/1/630 537/1/521 663/1/633
f 662/1/632 661/1/631 664/1/634
f 663/1/633 537/1/521 536/1/520
f 663/1/633 536/1/520 665/1/635
f 666/1/636 667/1/637 668/1/638
f 664/1/634 661/1/631 540/1/524
f 664/1/634 540/1/524 669/1/639
f 665/1/635 536/1/520 670/1/640
f 668/1/638 667/1/637 531/1/515
f 668/1/638 531/1/515 671/1/641
f 669/1/639 540/1/524 547/1/531
f 669/1/639 547/1/531 672/1/642
f 670/1/640 536/1/520 545/1/529
f 670/1/640 545/1/529 673/1/643
f 671/1/641 531/1/515 674/1/644
f 672/1/642 547/1/531 675/1/645
f 673/1/643 545/1/529 676/1/646
f 674/1/644 531/1/515 533/1/517
f 674/1/644 533/1/517 677/1/647
f 675/1/645 547/1/531 554/1/538
f 675/1/645 554/1/538 678/1/648
f 676/1/646 545/1/529 679/1/649
f 676/1/646 679/1/649 680/1/650
f 677/1/647 533/1/517 543/1/527
f 677/1/647 543/1/527 681/1/651
f 678/1/648 554/1/538 682/1/652
f 680/1/650 679/1/649 683/1/653
f 681/1/651 543/1/527 684/1/654
f 682/1/652 554/1/538 561/1/545
f 682/1/652 561/1/545 685/1/655
f 683/1/653 679/1/649 556/1/540
f 683/1/653 556/1/540 686/1/656
f 684/1/654 543/1/527 550/1/534
f 684/1/654 550/1/534 687/1/657
f 685/1/655 561/1/545 688/1/658
f 686/1/656 556/1/540 495/1/479
f 686/1/656 495/1/479 689/1/659
f 687/1/657 550/1/534 552/1/536
f 687/1/657 552/1/536 690/1/660
f 690/1/660 552/1/536 691/1/661
f 689/1/659 495/1/479 692/1/662
f 691/1/661 552/1/536 560/1/544
f 691/1/661 560/1/544 693/1/663
f 692/1/662 495/1/479 494/1/478
f 692/1/662 494/1/478 694/1/664
f 688/1/658 561/1/545 563/1/547
f 688/1/658 563/1/547 695/1/665
f 592/1/568 526/1/510 667/1/637
f 592/1/568 667/1/637 666/1/636
f 694/1/664 494/1/478 696/1/666
f 695/1/665 563/1/547 697/1/667
f 696/1/666 494/1/478 259/1/243
f 696/1/666 259/1/243 633/1/603
f 251/1/236 191/1/178 190/1/177
f 526/1/510 531/1/515 667/1/637
f 541/1/525 540/1/524 661/1/631
f 545/1/529 556/1/540 679/1/649
f 697/1/667 563/1/547 499/1/483
f 697/1/667 499/1/483 635/1/605
f 254/1/239 110/1/109 698/1/668
f 191/1/178 699/1/669 192/1/179
f 110/1/109 109/1/108 698/1/668
f 699/1/669 175/1/165 180/1/169
f 175/1/165 166/1/156 171/1/161
f 134/1/129 155/1/147 700/1/670
f 155/1/147 169/1/159 700/1/670
f 193/1/180 631/1/601 701/1/671
f 631/1/601 577/1/557 701/1/671
f 103/1/102 93/1/93 100/1/99
f 586/1/564 588/1/565 702/1/672
f 588/1/565 703/1/673 704/1/674
f 588/1/565 704/1/674 702/1/672
f 703/1/673 705/1/675 706/1/676
f 703/1/673 706/1/676 704/1/674
f 207/1/193 209/1/195 208/1/194
f 705/1/675 593/1/569 707/1/677
f 705/1/675 707/1/677 706/1/676
f 593/1/569 580/1/560 707/1/677
f 252/1/237 104/1/103 708/1/678
f 213/1/199 709/1/679 710/1/680
f 104/1/103 106/1/105 708/1/678
f 709/1/679 214/1/200 710/1/680
f 709/1/679 215/1/201 214/1/200
f 564/1/548 604/1/579 711/1/681
f 604/1/579 250/1/235 712/1/682
f 604/1/579 712/1/682 711/1/681
f 250/1/235 97/1/97 712/1/682
f 185/1/174 177/1/167 181/1/170
f 96/1/96 101/1/100 713/1/683
f 101/1/100 114/1/113 713/1/683
f 152/1/144 145/1/138 144/1/137
f 162/1/153 156/1/148 167/1/157
f 235/1/220 237/1/222 234/1/219
f 230/1/215 232/1/217 229/1/214
f 221/1/207 223/1/209 220/1/206
f 213/1/199 710/1/680 212/1/198
f 207/1/193 208/1/194 206/1/192
f 699/1/669 180/1/169 192/1/179
f 146/1/139 251/1/236 190/1/177
f 559/1/543 551/1/535 714/1/684
f 549/1/533 542/1/526 715/1/685
f 542/1/526 532/1/516 716/1/686
f 532/1/516 530/1/514 717/1/687
f 530/1/514 525/1/509 718/1/688
f 183/1/172 719/1/689 193/1/180
f 525/1/509 521/1/505 720/1/690
f 719/1/689 631/1/601 193/1/180
f 517/1/501 513/1/497 721/1/691
f 506/1/490 502/1/486 722/1/692
f 502/1/486 257/1/241 723/1/693
f 257/1/241 256/1/240 724/1/694
f 256/1/240 493/1/477 725/1/695
f 492/1/476 558/1/542 726/1/696
f 555/1/539 548/1/532 727/1/697
f 544/1/528 535/1/519 728/1/698
f 534/1/518 523/1/507 729/1/699
f 523/1/507 519/1/503 730/1/700
f 516/1/500 512/1/496 731/1/701
f 508/1/492 504/1/488 732/1/702
f 500/1/484 497/1/481 733/1/703
f 497/1/481 496/1/480 734/1/704
f 496/1/480 562/1/546 735/1/705
f 562/1/546 557/1/541 736/1/706
f 553/1/537 546/1/530 737/1/707
f 546/1/530 539/1/523 738/1/708
f 538/1/522 528/1/512 739/1/709
f 596/1/572 582/1/562 583/1/562
f 596/1/572 583/1/562 597/1/572
f 528/1/512 541/1/525 529/1/513
f 740/1/710 741/1/711 742/1/712
f 743/1/713 741/1/711 740/1/710
f 744/1/714 745/1/715 746/1/716
f 745/1/715 747/1/717 746/1/716
f 748/1/718 741/1/711 743/1/713
f 749/1/719 742/1/712 750/1/720
f 751/1/721 741/1/711 748/1/718
f 749/1/719 740/1/710 742/1/712
f 751/1/721 742/1/712 741/1/711
f 752/1/722 743/1/713 740/1/710
f 753/1/723 743/1/713 752/1/722
f 752/1/722 740/1/710 749/1/719
f 750/1/720 742/1/712 751/1/721
f 748/1/718 743/1/713 753/1/723
f 754/1/724 755/1/725 756/1/726
f 757/1/727 758/1/728 759/1/729
f 757/1/727 759/1/729 760/1/730
f 756/1/726 761/1/731 762/1/732
f 760/1/730 759/1/729 763/1/733
f 760/1/730 763/1/733 764/1/734
f 765/1/735 766/1/736 767/1/737
f 762/1/732 761/1/731 768/1/738
f 764/1/734 763/1/733 769/1/739
f 764/1/734 769/1/739 770/1/740
f 767/1/737 766/1/736 771/1/741
f 771/1/741 766/1/736 772/1/742
f 770/1/740 769/1/739 773/1/743
f 770/1/740 773/1/743 774/1/744
f 771/1/741 772/1/742 775/1/745
f 774/1/744 773/1/743 776/1/746
f 776/1/746 773/1/743 777/1/747
f 778/1/748 775/1/745 779/1/749
f 776/1/746 777/1/747 780/1/750
f 776/1/746 780/1/750 781/1/751
f 778/1/748 779/1/749 782/1/752
f 781/1/751 780/1/750 755/1/725
f 781/1/751 755/1/725 754/1/724
f 782/1/752 758/1/728 757/1/727
f 783/1/753 784/1/754 785/1/755
f 783/1/753 785/1/755 786/1/756
f 787/1/757 788/1/758 761/1/731
f 761/1/731 788/1/758 789/1/759
f 790/1/760 791/1/761 792/1/762
f 790/1/760 792/1/762 766/1/736
f 786/1/756 785/1/755 793/1/763
f 793/1/763 785/1/755 794/1/764
f 766/1/736 792/1/762 772/1/742
f 793/1/763 794/1/764 773/1/743
f 772/1/742 792/1/762 795/1/765
f 789/1/759 791/1/761 790/1/760
f 772/1/742 795/1/765 796/1/766
f 773/1/743 794/1/764 777/1/747
f 777/1/747 794/1/764 797/1/767
f 777/1/747 797/1/767 780/1/750
f 796/1/766 795/1/765 784/1/754
f 796/1/766 784/1/754 798/1/768
f 780/1/750 797/1/767 799/1/769
f 799/1/769 797/1/767 788/1/758
f 799/1/769 788/1/758 787/1/757
f 798/1/768 784/1/754 783/1/753
f 800/1/770 801/1/771 802/1/772
f 803/1/773 776/1/746 804/1/774
f 805/1/775 774/1/744 776/1/746
f 805/1/775 776/1/746 803/1/773
f 806/1/72 774/1/744 805/1/775
f 807/1/776 754/1/724 808/1/777
f 802/1/772 757/1/727 809/1/80
f 802/1/772 782/1/752 757/1/727
f 810/1/778 781/1/751 754/1/724
f 810/1/778 754/1/724 807/1/776
f 801/1/771 782/1/752 802/1/772
f 811/1/779 781/1/751 810/1/778
f 812/1/780 778/1/748 782/1/752
f 812/1/780 782/1/752 801/1/771
f 804/1/774 781/1/751 811/1/779
f 804/1/774 776/1/746 781/1/751
f 813/1/781 778/1/748 812/1/780
f 814/1/782 775/1/745 778/1/748
f 814/1/782 778/1/748 813/1/781
f 814/1/782 771/1/741 775/1/745
f 806/1/72 770/1/740 774/1/744
f 815/1/783 771/1/741 814/1/782
f 816/1/784 817/1/785 818/1/786
f 819/1/83 770/1/740 806/1/72
f 820/1/787 771/1/741 815/1/783
f 821/1/788 768/1/738 817/1/785
f 821/1/788 817/1/785 816/1/784
f 820/1/787 767/1/737 771/1/741
f 822/1/85 764/1/734 770/1/740
f 822/1/85 770/1/740 819/1/83
f 823/1/86 767/1/737 820/1/787
f 824/1/789 762/1/732 768/1/738
f 824/1/789 768/1/738 821/1/788
f 825/1/87 764/1/734 822/1/85
f 826/1/790 765/1/735 767/1/737
f 826/1/790 767/1/737 823/1/86
f 825/1/87 760/1/730 764/1/734
f 827/1/791 756/1/726 762/1/732
f 827/1/791 762/1/732 824/1/789
f 828/1/792 765/1/735 826/1/790
f 829/1/90 760/1/730 825/1/87
f 830/1/793 756/1/726 827/1/791
f 818/1/786 817/1/785 765/1/735
f 818/1/786 765/1/735 828/1/792
f 831/1/91 760/1/730 829/1/90
f 831/1/91 757/1/727 760/1/730
f 808/1/777 754/1/724 756/1/726
f 808/1/777 756/1/726 830/1/793
f 809/1/80 757/1/727 831/1/91
f 832/1/794 833/1/795 834/1/796
f 832/1/794 834/1/796 835/1/796
f 836/1/96 837/1/797 838/1/797
f 836/1/96 838/1/797 839/1/96
f 840/1/798 841/1/799 833/1/795
f 840/1/798 833/1/795 832/1/794
f 842/1/100 836/1/96 839/1/96
f 843/1/800 841/1/799 840/1/798
f 844/1/103 845/1/103 846/1/104
f 844/1/103 846/1/104 847/1/104
f 848/1/801 849/1/802 843/1/800
f 850/1/803 851/1/109 852/1/109
f 850/1/803 852/1/109 853/1/803
f 854/1/111 855/1/112 849/1/802
f 854/1/111 849/1/802 848/1/801
f 856/1/113 842/1/100 857/1/114
f 858/1/804 859/1/116 855/1/112
f 858/1/804 855/1/112 854/1/111
f 847/1/104 846/1/104 860/1/117
f 847/1/104 860/1/117 861/1/117
f 862/1/805 863/1/119 859/1/116
f 862/1/805 859/1/116 858/1/804
f 864/1/806 850/1/803 853/1/803
f 864/1/806 853/1/803 865/1/807
f 866/1/121 867/1/122 863/1/119
f 866/1/121 863/1/119 862/1/805
f 868/1/123 856/1/113 857/1/114
f 868/1/123 857/1/114 869/1/123
f 870/1/124 871/1/808 867/1/122
f 870/1/124 867/1/122 866/1/121
f 861/1/117 860/1/117 872/1/126
f 861/1/117 872/1/126 873/1/126
f 874/1/127 875/1/128 871/1/808
f 874/1/127 871/1/808 870/1/124
f 876/1/129 864/1/806 865/1/807
f 877/1/809 878/1/131 879/1/810
f 877/1/809 879/1/810 880/1/811
f 881/1/134 882/1/812 875/1/128
f 881/1/134 875/1/128 874/1/127
f 883/1/136 868/1/123 869/1/123
f 883/1/136 869/1/123 884/1/136
f 885/1/813 886/1/813 887/1/814
f 885/1/813 887/1/814 888/1/815
f 889/1/816 890/1/141 882/1/812
f 889/1/816 882/1/812 881/1/134
f 873/1/126 872/1/126 891/1/142
f 873/1/126 891/1/142 892/1/142
f 893/1/817 894/1/817 886/1/813
f 893/1/817 886/1/813 885/1/813
f 895/1/145 896/1/818 890/1/141
f 895/1/145 890/1/141 889/1/816
f 897/1/147 876/1/129 898/1/147
f 899/1/819 900/1/820 894/1/817
f 899/1/819 894/1/817 893/1/817
f 901/1/150 902/1/150 896/1/818
f 901/1/150 896/1/818 895/1/145
f 903/1/152 883/1/136 884/1/136
f 903/1/152 884/1/136 904/1/152
f 905/1/153 900/1/820 899/1/819
f 892/1/142 891/1/142 906/1/821
f 892/1/142 906/1/821 907/1/821
f 908/1/822 909/1/823 902/1/150
f 908/1/822 902/1/150 901/1/150
f 910/1/824 911/1/825 905/1/153
f 912/1/160 897/1/147 898/1/147
f 913/1/826 909/1/823 908/1/822
f 914/1/827 911/1/825 910/1/824
f 915/1/828 916/1/829 913/1/826
f 907/1/821 906/1/821 917/1/168
f 918/1/830 916/1/829 915/1/828
f 919/1/831 920/1/832 921/1/833
f 922/1/834 923/1/835 920/1/832
f 922/1/834 920/1/832 919/1/831
f 924/1/836 925/1/837 926/1/838
f 917/1/168 927/1/175 928/1/839
f 929/1/840 923/1/835 922/1/834
f 930/1/841 925/1/837 924/1/836
f 931/1/181 932/1/842 929/1/840
f 928/1/839 927/1/175 933/1/183
f 928/1/839 933/1/183 934/1/183
f 935/1/185 936/1/185 932/1/842
f 935/1/185 932/1/842 931/1/181
f 937/1/186 938/1/187 936/1/185
f 937/1/186 936/1/185 935/1/185
f 939/1/188 940/1/189 938/1/187
f 939/1/188 938/1/187 937/1/186
f 758/1/728 798/1/768 783/1/753
f 755/1/725 799/1/769 787/1/757
f 782/1/752 798/1/768 758/1/728
f 780/1/750 799/1/769 755/1/725
f 779/1/749 798/1/768 782/1/752
f 779/1/749 796/1/766 798/1/768
f 775/1/745 796/1/766 779/1/749
f 772/1/742 796/1/766 775/1/745
f 817/1/785 789/1/759 790/1/760
f 769/1/739 793/1/763 773/1/743
f 768/1/738 789/1/759 817/1/785
f 763/1/733 793/1/763 769/1/739
f 761/1/731 789/1/759 768/1/738
f 763/1/733 786/1/756 793/1/763
f 765/1/735 790/1/760 766/1/736
f 759/1/729 786/1/756 763/1/733
f 756/1/726 787/1/757 761/1/731
f 759/1/729 783/1/753 786/1/756
f 817/1/785 790/1/760 765/1/735
f 758/1/728 783/1/753 759/1/729
f 755/1/725 787/1/757 756/1/726
f 784/1/754 750/1/720 785/1/755
f 788/1/758 748/1/718 753/1/723
f 785/1/755 750/1/720 751/1/721
f 788/1/758 753/1/723 789/1/759
f 791/1/761 752/1/722 792/1/762
f 785/1/755 751/1/721 794/1/764
f 792/1/762 752/1/722 749/1/719
f 789/1/759 753/1/723 752/1/722
f 792/1/762 749/1/719 795/1/765
f 789/1/759 752/1/722 791/1/761
f 794/1/764 751/1/721 797/1/767
f 797/1/767 751/1/721 748/1/718
f 795/1/765 749/1/719 784/1/754
f 784/1/754 749/1/719 750/1/720
f 797/1/767 748/1/718 788/1/758
f 835/1/796 834/1/796 941/1/843
f 835/1/796 941/1/843 942/1/844
f 942/1/844 941/1/843 943/1/845
f 942/1/844 943/1/845 944/1/846
f 944/1/846 943/1/845 945/2/847
f 946/1/848 947/1/849 948/1/850
f 949/1/851 950/1/204 951/1/205
f 949/1/851 951/1/205 952/1/852
f 952/1/852 951/1/205 953/1/853
f 953/1/853 954/1/854 955/1/855
f 955/1/855 954/1/854 956/1/856
f 957/1/857 958/1/216 959/1/858
f 959/1/858 958/1/216 960/1/859
f 959/1/858 960/1/859 961/1/860
f 961/1/860 960/1/859 962/1/861
f 961/1/860 962/1/861 963/1/861
f 963/1/861 962/1/861 964/1/221
f 963/1/861 964/1/221 965/1/221
f 965/1/221 964/1/221 966/1/224
f 965/1/221 966/1/224 967/1/862
f 967/1/862 966/1/224 968/1/863
f 967/1/862 968/1/863 969/1/864
f 969/1/864 968/1/863 970/1/227
f 969/1/864 970/1/227 971/1/228
f 971/1/228 970/1/227 972/1/229
f 971/1/228 972/1/229 973/1/230
f 973/1/230 972/1/229 974/1/231
f 973/1/230 974/1/231 975/1/232
f 975/1/232 974/1/231 976/1/865
f 975/1/232 976/1/865 977/1/866
f 977/1/866 976/1/865 940/1/189
f 977/1/866 940/1/189 939/1/188
f 837/1/797 978/1/867 979/1/235
f 837/1/797 979/1/235 838/1/797
f 888/1/815 887/1/814 980/1/868
f 888/1/815 980/1/868 981/1/869
f 982/1/870 983/1/237 845/1/103
f 982/1/870 845/1/103 844/1/103
f 851/1/109 984/1/239 985/1/239
f 851/1/109 985/1/239 852/1/109
f 986/1/871 801/1/771 800/1/770
f 987/1/872 801/1/771 986/1/871
f 988/1/873 804/1/774 811/1/779
f 988/1/873 811/1/779 989/1/874
f 987/1/872 812/1/780 801/1/771
f 990/1/875 812/1/780 987/1/872
f 988/1/873 803/1/773 804/1/774
f 990/1/875 813/1/781 812/1/780
f 991/1/876 803/1/773 988/1/873
f 992/1/877 813/1/781 990/1/875
f 992/1/877 814/1/782 813/1/781
f 805/1/775 803/1/773 991/1/876
f 993/1/878 814/1/782 992/1/877
f 994/1/879 806/1/72 805/1/775
f 995/1/880 815/1/783 814/1/782
f 995/1/880 814/1/782 993/1/878
f 996/1/881 816/1/784 818/1/786
f 996/1/881 818/1/786 997/1/254
f 998/1/255 819/1/83 806/1/72
f 998/1/255 806/1/72 994/1/879
f 995/1/880 820/1/787 815/1/783
f 999/1/882 821/1/788 816/1/784
f 999/1/882 816/1/784 996/1/881
f 1000/1/883 820/1/787 995/1/880
f 1001/1/884 822/1/85 819/1/83
f 1001/1/884 819/1/83 998/1/255
f 1000/1/883 823/1/86 820/1/787
f 1002/1/885 824/1/789 821/1/788
f 1002/1/885 821/1/788 999/1/882
f 1003/1/259 823/1/86 1000/1/883
f 1004/1/260 825/1/87 822/1/85
f 1004/1/260 822/1/85 1001/1/884
f 1003/1/259 826/1/790 823/1/86
f 1005/1/886 827/1/791 824/1/789
f 1005/1/886 824/1/789 1002/1/885
f 1006/1/887 826/1/790 1003/1/259
f 1007/1/263 829/1/90 825/1/87
f 1007/1/263 825/1/87 1004/1/260
f 1006/1/887 828/1/792 826/1/790
f 1008/1/888 830/1/793 827/1/791
f 1008/1/888 827/1/791 1005/1/886
f 997/1/254 828/1/792 1006/1/887
f 1009/1/889 831/1/91 829/1/90
f 1009/1/889 829/1/90 1007/1/263
f 997/1/254 818/1/786 828/1/792
f 1010/1/890 808/1/777 830/1/793
f 1010/1/890 830/1/793 1008/1/888
f 1011/1/891 809/1/80 831/1/91
f 1011/1/891 831/1/91 1009/1/889
f 1012/1/892 807/1/776 808/1/777
f 1012/1/892 808/1/777 1010/1/890
f 1013/1/893 802/1/772 809/1/80
f 1013/1/893 809/1/80 1011/1/891
f 1014/1/894 807/1/776 1012/1/892
f 986/1/871 800/1/770 802/1/772
f 986/1/871 802/1/772 1013/1/893
f 1014/1/894 810/1/778 807/1/776
f 989/1/874 811/1/779 810/1/778
f 989/1/874 810/1/778 1014/1/894
f 996/1/881 997/1/254 1015/1/895
f 996/1/881 1015/1/895 1016/1/896
f 996/1/881 1016/1/896 1017/1/897
f 999/1/882 996/1/881 1017/1/897
f 999/1/882 1017/1/897 1018/1/898
f 999/1/882 1018/1/898 1019/1/899
f 1002/1/885 999/1/882 1019/1/899
f 1002/1/885 1019/1/899 1020/1/900
f 1002/1/885 1020/1/900 1021/1/901
f 1005/1/886 1002/1/885 1021/1/901
f 1005/1/886 1021/1/901 1022/1/902
f 1005/1/886 1022/1/902 1023/1/903
f 1008/1/888 1005/1/886 1023/1/903
f 1008/1/888 1023/1/903 1024/1/904
f 1008/1/888 1024/1/904 1025/1/905
f 1010/1/890 1008/1/888 1025/1/905
f 1010/1/890 1025/1/905 1026/1/280
f 1010/1/890 1026/1/280 1027/1/906
f 1012/1/892 1010/1/890 1027/1/906
f 1012/1/892 1027/1/906 1028/1/907
f 1012/1/892 1028/1/907 1029/1/908
f 1014/1/894 1012/1/892 1029/1/908
f 1014/1/894 1029/1/908 1030/1/909
f 1014/1/894 1030/1/909 1031/1/910
f 989/1/874 1014/1/894 1031/1/910
f 989/1/874 1031/1/910 1032/1/286
f 989/1/874 1032/1/286 1033/1/911
f 988/1/873 989/1/874 1033/1/911
f 988/1/873 1033/1/911 1034/1/912
f 988/1/873 1034/1/912 1035/1/913
f 988/1/873 1035/1/913 1036/1/914
f 991/1/876 988/1/873 1036/1/914
f 991/1/876 1036/1/914 1037/1/915
f 991/1/876 1037/1/915 1038/1/916
f 805/1/775 991/1/876 1038/1/916
f 805/1/775 1038/1/916 1039/1/917
f 805/1/775 1039/1/917 1040/1/918
f 994/1/879 805/1/775 1040/1/918
f 994/1/879 1040/1/918 1041/1/919
f 994/1/879 1041/1/919 1042/1/296
f 998/1/255 994/1/879 1042/1/296
f 998/1/255 1042/1/296 1043/1/297
f 998/1/255 1043/1/297 1044/1/920
f 1001/1/884 998/1/255 1044/1/920
f 1001/1/884 1044/1/920 1045/1/921
f 1001/1/884 1045/1/921 1046/1/922
f 1004/1/260 1001/1/884 1046/1/922
f 1004/1/260 1046/1/922 1047/1/301
f 1004/1/260 1047/1/301 1048/1/923
f 1007/1/263 1004/1/260 1048/1/923
f 1007/1/263 1048/1/923 1049/1/924
f 1007/1/263 1049/1/924 1050/1/925
f 1009/1/889 1007/1/263 1050/1/925
f 1009/1/889 1050/1/925 1051/1/926
f 1009/1/889 1051/1/926 1052/1/306
f 1011/1/891 1009/1/889 1052/1/306
f 1011/1/891 1052/1/306 1053/1/927
f 1011/1/891 1053/1/927 1054/1/928
f 1013/1/893 1011/1/891 1054/1/928
f 1013/1/893 1054/1/928 1055/1/929
f 1013/1/893 1055/1/929 1056/1/930
f 986/1/871 1013/1/893 1056/1/930
f 986/1/871 1056/1/930 1057/1/931
f 986/1/871 1057/1/931 1058/1/932
f 986/1/871 1058/1/932 1059/1/933
f 987/1/872 986/1/871 1059/1/933
f 987/1/872 1059/1/933 1060/1/934
f 987/1/872 1060/1/934 1061/1/935
f 990/1/875 987/1/872 1061/1/935
f 990/1/875 1061/1/935 1062/1/936
f 990/1/875 1062/1/936 1063/1/937
f 992/1/877 990/1/875 1063/1/937
f 992/1/877 1063/1/937 1064/1/938
f 992/1/877 1064/1/938 1065/1/939
f 993/1/878 992/1/877 1065/1/939
f 993/1/878 1065/1/939 1066/1/940
f 993/1/878 1066/1/940 1067/1/941
f 995/1/880 993/1/878 1067/1/941
f 995/1/880 1067/1/941 1068/1/942
f 995/1/880 1068/1/942 1069/1/323
f 995/1/880 1069/1/323 1070/1/943
f 1000/1/883 995/1/880 1070/1/943
f 1000/1/883 1070/1/943 1071/1/944
f 1000/1/883 1071/1/944 1072/1/326
f 1003/1/259 1000/1/883 1072/1/326
f 1003/1/259 1072/1/326 1073/1/945
f 1003/1/259 1073/1/945 1074/1/328
f 1006/1/887 1003/1/259 1074/1/328
f 1006/1/887 1074/1/328 1075/1/946
f 1006/1/887 1075/1/946 1076/1/947
f 997/1/254 1006/1/887 1076/1/947
f 997/1/254 1076/1/947 1077/1/948
f 997/1/254 1077/1/948 1078/1/949
f 997/1/254 1078/1/949 1015/1/895
f 1079/1/950 1080/1/951 744/1/714
f 1081/1/952 1082/1/953 747/1/717
f 1081/1/952 747/1/717 745/1/715
f 1079/1/950 744/1/714 746/1/716
f 1083/1/954 1079/1/950 746/1/716
f 1084/1/955 1081/1/952 745/1/715
f 1085/1/956 745/1/715 744/1/714
f 1083/1/954 746/1/716 747/1/717
f 1080/1/951 1085/1/956 744/1/714
f 1082/1/953 1083/1/954 747/1/717
f 1085/1/956 1084/1/955 745/1/715
f 1086/1/957 1087/1/958 1088/1/959
f 1089/1/960 1090/1/961 1091/1/962
f 1086/1/957 1092/1/963 1087/1/958
f 1093/1/964 1094/1/965 1095/1/966
f 1094/1/965 1096/1/967 1095/1/966
f 1090/1/961 1097/1/968 1091/1/962
f 1092/1/963 1098/1/969 1087/1/958
f 1092/1/963 1099/1/970 1098/1/969
f 1094/1/965 1100/1/971 1096/1/967
f 1099/1/970 1101/1/972 1098/1/969
f 1097/1/968 1102/1/973 1103/1/974
f 1099/1/970 1104/1/975 1101/1/972
f 1102/1/973 1093/1/964 1103/1/974
f 1105/1/976 1106/1/977 1100/1/971
f 1104/1/975 1107/1/978 1101/1/972
f 1093/1/964 1095/1/966 1103/1/974
f 1104/1/975 1108/1/979 1107/1/978
f 1105/1/976 1109/1/980 1106/1/977
f 1108/1/979 1110/1/981 1107/1/978
f 1109/1/980 1111/1/982 1112/1/983
f 1109/1/980 1112/1/983 1106/1/977
f 1108/1/979 1113/1/984 1114/1/985
f 1108/1/979 1114/1/985 1110/1/981
f 1111/1/982 1115/1/986 1112/1/983
f 1111/1/982 1116/1/987 1115/1/986
f 1113/1/984 1117/1/988 1114/1/985
f 1116/1/987 1088/1/959 1115/1/986
f 1116/1/987 1086/1/957 1088/1/959
f 1118/1/989 1087/1/958 1119/1/990
f 1120/1/991 1121/1/992 1122/1/993
f 1095/1/966 1123/1/994 1124/1/995
f 1087/1/958 1098/1/969 1119/1/990
f 1098/1/969 1125/1/996 1119/1/990
f 1095/1/966 1126/1/997 1123/1/994
f 1121/1/992 1124/1/995 1122/1/993
f 1098/1/969 1127/1/998 1125/1/996
f 1121/1/992 1103/1/974 1124/1/995
f 1126/1/997 1128/1/999 1123/1/994
f 1103/1/974 1095/1/966 1124/1/995
f 1127/1/998 1129/1/1000 1125/1/996
f 1127/1/998 1110/1/981 1129/1/1000
f 1128/1/999 1112/1/983 1130/1/1001
f 1112/1/983 1115/1/986 1130/1/1001
f 1110/1/981 1131/1/1002 1129/1/1000
f 1115/1/986 1118/1/989 1130/1/1001
f 1118/1/989 1119/1/990 1130/1/1001
f 1120/1/991 1122/1/993 1131/1/1002
f 1132/1/1003 1133/1/1004 1109/1/980
f 1134/1/1005 1132/1/1003 1109/1/980
f 1135/1/397 1136/1/1006 1102/1/973
f 1137/1/1007 1138/1/1008 1139/1/1009
f 1140/1/399 1135/1/397 1102/1/973
f 1141/1/1010 1142/1/1011 1143/1/1012
f 1144/1/1013 1089/1/960 1117/1/988
f 880/1/811 879/1/810 1086/1/957
f 1145/1/1014 1144/1/1013 1117/1/988
f 880/1/811 1086/1/957 1116/1/987
f 1146/1/1015 880/1/811 1116/1/987
f 1147/1/1016 1145/1/1014 1117/1/988
f 1147/1/1016 1117/1/988 1113/1/984
f 1148/1/1017 1146/1/1015 1116/1/987
f 1148/1/1017 1116/1/987 1111/1/982
f 1149/1/1018 1147/1/1016 1113/1/984
f 1133/1/1004 1148/1/1017 1111/1/982
f 1150/1/1019 1149/1/1018 1113/1/984
f 1150/1/1019 1113/1/984 1108/1/979
f 1109/1/980 1133/1/1004 1111/1/982
f 1151/1/1020 1150/1/1019 1108/1/979
f 1134/1/1005 1109/1/980 1105/1/976
f 1152/1/1021 1151/1/1020 1108/1/979
f 1152/1/1021 1108/1/979 1104/1/975
f 1136/1/1006 1153/1/1022 1093/1/964
f 1138/1/1008 1134/1/1005 1105/1/976
f 1154/1/1023 1152/1/1021 1104/1/975
f 1102/1/973 1136/1/1006 1093/1/964
f 1139/1/1009 1138/1/1008 1105/1/976
f 1139/1/1009 1105/1/976 1100/1/971
f 1155/1/1024 1154/1/1023 1104/1/975
f 1155/1/1024 1104/1/975 1099/1/970
f 1140/1/399 1102/1/973 1097/1/968
f 1156/1/1025 1155/1/1024 1099/1/970
f 1157/1/1026 1139/1/1009 1100/1/971
f 1157/1/1026 1100/1/971 1094/1/965
f 1156/1/1025 1099/1/970 1092/1/963
f 1142/1/1011 1140/1/399 1097/1/968
f 1142/1/1011 1097/1/968 1090/1/961
f 1158/1/1027 1157/1/1026 1094/1/965
f 1159/1/1028 1156/1/1025 1092/1/963
f 1143/1/1012 1142/1/1011 1090/1/961
f 1153/1/1022 1158/1/1027 1094/1/965
f 1153/1/1022 1094/1/965 1093/1/964
f 1160/1/1029 1159/1/1028 1092/1/963
f 1160/1/1029 1092/1/963 1086/1/957
f 1143/1/1012 1090/1/961 1089/1/960
f 879/1/810 1160/1/1029 1086/1/957
f 1144/1/1013 1143/1/1012 1089/1/960
f 1161/1/1030 1162/1/1031 1143/1/1012
f 1161/1/1030 1143/1/1012 1144/1/1013
f 878/1/131 1163/1/419 879/1/810
f 1162/1/1031 1164/1/1032 1143/1/1012
f 1163/1/419 1165/1/421 1160/1/1029
f 1163/1/419 1160/1/1029 879/1/810
f 1166/1/1033 1167/1/1034 1153/1/1022
f 1164/1/1032 1168/1/1035 1141/1/1010
f 1164/1/1032 1141/1/1010 1143/1/1012
f 1165/1/421 1169/1/1036 1160/1/1029
f 1167/1/1034 1170/1/1037 1158/1/1027
f 1167/1/1034 1158/1/1027 1153/1/1022
f 1169/1/1036 1171/1/1038 1159/1/1028
f 1169/1/1036 1159/1/1028 1160/1/1029
f 1170/1/1037 1172/1/1039 1158/1/1027
f 1141/1/1010 1173/1/1040 1142/1/1011
f 1171/1/1038 1174/1/1041 1159/1/1028
f 1172/1/1039 1175/1/1042 1157/1/1026
f 1172/1/1039 1157/1/1026 1158/1/1027
f 1173/1/1040 1176/1/432 1142/1/1011
f 1174/1/1041 1177/1/1043 1156/1/1025
f 1174/1/1041 1156/1/1025 1159/1/1028
f 1175/1/1042 1178/1/1044 1157/1/1026
f 1176/1/432 1179/1/435 1140/1/399
f 1176/1/432 1140/1/399 1142/1/1011
f 1177/1/1043 1180/1/436 1156/1/1025
f 1178/1/1044 1181/1/1045 1139/1/1009
f 1178/1/1044 1139/1/1009 1157/1/1026
f 1179/1/435 1182/1/438 1140/1/399
f 1180/1/436 1183/1/439 1155/1/1024
f 1180/1/436 1155/1/1024 1156/1/1025
f 1181/1/1045 1184/1/1046 1139/1/1009
f 1182/1/438 1185/1/1047 1135/1/397
f 1182/1/438 1135/1/397 1140/1/399
f 1183/1/439 1186/1/1048 1155/1/1024
f 1184/1/1046 1187/1/1049 1137/1/1007
f 1184/1/1046 1137/1/1007 1139/1/1009
f 1186/1/1048 1188/1/444 1154/1/1023
f 1186/1/1048 1154/1/1023 1155/1/1024
f 1135/1/397 1189/1/446 1136/1/1006
f 1188/1/444 1190/1/447 1154/1/1023
f 1137/1/1007 1191/1/1050 1138/1/1008
f 1192/1/1051 1166/1/1033 1153/1/1022
f 1192/1/1051 1153/1/1022 1136/1/1006
f 1190/1/447 1193/1/450 1152/1/1021
f 1190/1/447 1152/1/1021 1154/1/1023
f 1189/1/446 1192/1/1051 1136/1/1006
f 1191/1/1050 1194/1/1052 1138/1/1008
f 1193/1/450 1195/1/452 1152/1/1021
f 1194/1/1052 1196/1/1053 1134/1/1005
f 1194/1/1052 1134/1/1005 1138/1/1008
f 1195/1/452 1197/1/454 1151/1/1020
f 1195/1/452 1151/1/1020 1152/1/1021
f 1196/1/1053 1198/1/1054 1134/1/1005
f 1197/1/454 1199/1/456 1151/1/1020
f 1198/1/1054 1200/1/1055 1132/1/1003
f 1198/1/1054 1132/1/1003 1134/1/1005
f 1199/1/456 1201/1/1056 1150/1/1019
f 1199/1/456 1150/1/1019 1151/1/1020
f 1201/1/1056 1202/1/1057 1150/1/1019
f 1132/1/1003 1203/1/1058 1133/1/1004
f 1202/1/1057 1204/1/462 1150/1/1019
f 1203/1/1058 1205/1/1059 1133/1/1004
f 1204/1/462 1206/1/464 1149/1/1018
f 1204/1/462 1149/1/1018 1150/1/1019
f 1205/1/1059 1207/1/1060 1148/1/1017
f 1205/1/1059 1148/1/1017 1133/1/1004
f 1206/1/464 1208/1/1061 1149/1/1018
f 1207/1/1060 1209/1/1062 1148/1/1017
f 1208/1/1061 1210/1/1063 1147/1/1016
f 1208/1/1061 1147/1/1016 1149/1/1018
f 1209/1/1062 1211/1/1064 1148/1/1017
f 1210/1/1063 1212/1/1065 1147/1/1016
f 1211/1/1064 1213/1/1066 1146/1/1015
f 1211/1/1064 1146/1/1015 1148/1/1017
f 1212/1/1065 1214/1/1067 1145/1/1014
f 1212/1/1065 1145/1/1014 1147/1/1016
f 1213/1/1066 1215/1/1068 1146/1/1015
f 1214/1/1067 1216/1/1069 1145/1/1014
f 1215/1/1068 1217/1/1070 880/1/811
f 1215/1/1068 880/1/811 1146/1/1015
f 1218/1/1071 1161/1/1030 1144/1/1013
f 1216/1/1069 1218/1/1071 1144/1/1013
f 1216/1/1069 1144/1/1013 1145/1/1014
f 1217/1/1070 877/1/809 880/1/811
f 1117/1/988 1089/1/960 1120/1/991
f 1117/1/988 1120/1/991 1131/1/1002
f 1115/1/986 1088/1/959 1118/1/989
f 1114/1/985 1117/1/988 1131/1/1002
f 1114/1/985 1131/1/1002 1110/1/981
f 1106/1/977 1112/1/983 1128/1/999
f 1107/1/978 1110/1/981 1127/1/998
f 1101/1/972 1107/1/978 1127/1/998
f 1100/1/971 1106/1/977 1128/1/999
f 1100/1/971 1128/1/999 1126/1/997
f 1097/1/968 1103/1/974 1121/1/992
f 1096/1/967 1100/1/971 1126/1/997
f 1098/1/969 1101/1/972 1127/1/998
f 1096/1/967 1126/1/997 1095/1/966
f 1091/1/962 1097/1/968 1121/1/992
f 1091/1/962 1121/1/992 1120/1/991
f 1088/1/959 1087/1/958 1118/1/989
f 1089/1/960 1091/1/962 1120/1/991
f 1124/1/995 1123/1/994 1084/1/955
f 1124/1/995 1084/1/955 1085/1/956
f 1119/1/990 1083/1/954 1082/1/953
f 1119/1/990 1125/1/996 1083/1/954
f 1122/1/993 1124/1/995 1085/1/956
f 1122/1/993 1085/1/956 1080/1/951
f 1123/1/994 1128/1/999 1084/1/955
f 1128/1/999 1081/1/952 1084/1/955
f 1125/1/996 1129/1/1000 1079/1/950
f 1125/1/996 1079/1/950 1083/1/954
f 1128/1/999 1130/1/1001 1081/1/952
f 1129/1/1000 1131/1/1002 1079/1/950
f 1130/1/1001 1082/1/953 1081/1/952
f 1130/1/1001 1119/1/990 1082/1/953
f 1131/1/1002 1080/1/951 1079/1/950
f 1131/1/1002 1122/1/993 1080/1/951
f 1219/1/1072 1220/1/1073 1221/1/1074
f 1222/1/1075 1223/1/1076 1224/1/1077
f 1222/1/1075 1224/1/1077 1225/1/1078
f 1226/1/1079 1227/1/1080 1228/1/1081
f 1226/1/1079 1228/1/1081 1229/1/1082
f 1223/1/1076 1230/1/1083 1231/1/485
f 1223/1/1076 1231/1/485 1224/1/1077
f 1230/1/1083 1232/1/488 1233/1/1084
f 1230/1/1083 1233/1/1084 1231/1/485
f 1227/1/1080 1234/1/1085 1235/1/1086
f 1227/1/1080 1235/1/1086 1228/1/1081
f 1232/1/488 1236/1/1087 1237/1/493
f 1232/1/488 1237/1/493 1233/1/1084
f 1234/1/1085 1238/1/1088 1239/1/1089
f 1234/1/1085 1239/1/1089 1235/1/1086
f 1236/1/1087 1240/1/1090 1237/1/493
f 1240/1/1090 1241/1/1091 1237/1/493
f 1238/1/1088 1242/1/1092 1243/1/1093
f 1238/1/1088 1243/1/1093 1239/1/1089
f 1240/1/1090 1244/1/1094 1241/1/1091
f 1244/1/1094 1245/1/1095 1241/1/1091
f 1242/1/1092 1246/1/1096 1247/1/1097
f 1242/1/1092 1247/1/1097 1243/1/1093
f 1244/1/1094 1219/1/1072 1245/1/1095
f 1246/1/1096 1248/1/1098 1247/1/1097
f 1219/1/1072 1221/1/1074 1245/1/1095
f 1246/1/1096 1249/1/1099 1248/1/1098
f 1250/1/1100 1251/1/1101 1252/1/1102
f 1249/1/1099 1253/1/1103 1248/1/1098
f 1249/1/1099 1254/1/1104 1253/1/1103
f 1254/1/1104 1255/1/1105 1256/1/1106
f 1254/1/1104 1256/1/1106 1257/1/1107
f 1254/1/1104 1257/1/1107 1253/1/1103
f 1258/1/1108 1259/1/1109 1260/1/1110
f 1258/1/1108 1260/1/1110 1261/1/1111
f 1262/1/1112 1263/1/1113 1264/1/1114
f 1262/1/1112 1264/1/1114 1265/1/1115
f 1255/1/1105 1266/1/1116 1267/1/1117
f 1255/1/1105 1267/1/1117 1256/1/1106
f 1259/1/1109 1268/1/1118 1269/1/1119
f 1259/1/1109 1269/1/1119 1260/1/1110
f 1263/1/1113 1270/1/1120 1271/1/1121
f 1263/1/1113 1271/1/1121 1264/1/1114
f 1266/1/1116 1272/1/1122 1273/1/1123
f 1266/1/1116 1273/1/1123 1267/1/1117
f 1272/1/1122 1274/1/1124 1273/1/1123
f 1268/1/1118 1275/1/1125 1276/1/1126
f 1268/1/1118 1276/1/1126 1269/1/1119
f 1270/1/1120 1277/1/1127 1278/1/1128
f 1270/1/1120 1278/1/1128 1271/1/1121
f 1274/1/1124 1279/1/543 1280/1/1129
f 1274/1/1124 1280/1/1129 1273/1/1123
f 1275/1/1125 1281/1/1130 1282/1/1131
f 1275/1/1125 1282/1/1131 1276/1/1126
f 1277/1/1127 1283/1/1132 1284/1/1133
f 1277/1/1127 1284/1/1133 1278/1/1128
f 1285/1/1134 1226/1/1079 1229/1/1082
f 1285/1/1134 1229/1/1082 1286/1/1135
f 1283/1/1132 1287/1/1136 1284/1/1133
f 1281/1/1130 1288/1/1137 1289/1/1138
f 1281/1/1130 1289/1/1138 1282/1/1131
f 1287/1/1136 1285/1/1134 1286/1/1135
f 1287/1/1136 1286/1/1135 1284/1/1133
f 1220/1/1073 1262/1/1112 1265/1/1115
f 1220/1/1073 1265/1/1115 1221/1/1074
f 1288/1/1137 1222/1/1075 1225/1/1078
f 1288/1/1137 1225/1/1078 1289/1/1138
f 1290/1/1139 1291/1/1140 1292/1/1140
f 1290/1/1139 1292/1/1140 1293/1/1139
f 1294/1/552 1295/1/1141 1296/1/1141
f 1294/1/552 1296/1/1141 1297/1/552
f 1298/1/554 1299/1/554 1300/1/555
f 1298/1/554 1300/1/555 1301/1/555
f 1302/1/556 1303/1/1142 1304/1/558
f 1302/1/556 1304/1/558 1305/1/559
f 978/1/867 1306/1/579 979/1/235
f 1307/1/1143 983/1/237 982/1/870
f 1308/1/562 1294/1/552 1297/1/552
f 1308/1/562 1297/1/552 1309/1/562
f 984/1/239 1310/1/1144 1311/1/1145
f 984/1/239 1311/1/1145 985/1/239
f 1312/1/564 1313/1/565 1314/1/1146
f 1291/1/1140 1315/1/1147 1316/1/566
f 1291/1/1140 1316/1/566 1292/1/1140
f 1317/1/1148 1248/1/1098 1318/1/1149
f 1319/1/1150 1320/1/571 1312/1/564
f 1310/1/1144 1321/1/572 1322/1/572
f 1310/1/1144 1322/1/572 1311/1/1145
f 1323/1/1151 1324/1/574 1325/1/575
f 1323/1/1151 1325/1/575 1326/1/576
f 1327/1/675 1328/1/1152 1329/1/569
f 1330/1/577 1320/1/571 1319/1/1150
f 1306/1/579 1290/1/1139 1293/1/1139
f 1331/1/1153 1332/1/1154 1325/1/575
f 1331/1/1153 1325/1/575 1324/1/574
f 1295/1/1141 903/1/152 904/1/152
f 1295/1/1141 904/1/152 1296/1/1141
f 1330/1/577 1333/1/582 1334/1/1155
f 1335/1/1156 1336/1/1156 1328/1/1152
f 1335/1/1156 1328/1/1152 1327/1/675
f 1337/1/583 1338/1/1157 1332/1/1154
f 1337/1/583 1332/1/1154 1331/1/1153
f 1315/1/1147 1323/1/1151 1326/1/576
f 1315/1/1147 1326/1/576 1316/1/566
f 1333/1/582 1339/1/1158 1340/1/585
f 1333/1/582 1340/1/585 1334/1/1155
f 1314/1/1146 1313/1/565 1336/1/1156
f 1314/1/1146 1336/1/1156 1335/1/1156
f 1341/1/586 1342/1/587 1338/1/1157
f 1341/1/586 1338/1/1157 1337/1/583
f 1339/1/1158 1343/1/1159 1344/1/589
f 1339/1/1158 1344/1/589 1340/1/585
f 1345/1/590 1346/1/590 1342/1/587
f 1345/1/590 1342/1/587 1341/1/586
f 1343/1/1159 1347/1/591 1348/1/1160
f 1343/1/1159 1348/1/1160 1344/1/589
f 1349/1/1161 1350/1/1161 1346/1/590
f 1349/1/1161 1346/1/590 1345/1/590
f 1347/1/591 1351/1/1162 1352/1/1163
f 1347/1/591 1352/1/1163 1348/1/1160
f 1353/1/596 1350/1/1161 1349/1/1161
f 1351/1/1162 1354/1/597 1355/1/598
f 1351/1/1162 1355/1/598 1352/1/1163
f 1356/1/599 1357/1/1164 1353/1/596
f 1354/1/597 1302/1/556 1305/1/559
f 1354/1/597 1305/1/559 1355/1/598
f 1301/1/555 1300/1/555 1357/1/1164
f 1301/1/555 1357/1/1164 1356/1/599
f 1303/1/1142 1358/1/1165 1304/1/558
f 934/1/183 933/1/183 1299/1/554
f 934/1/183 1299/1/554 1298/1/554
f 1359/1/1166 1247/1/1097 1248/1/1098
f 1359/1/1166 1248/1/1098 1317/1/1148
f 1360/1/1167 1286/1/1135 1229/1/1082
f 1360/1/1167 1229/1/1082 1361/1/1168
f 1362/1/1169 1225/1/1078 1224/1/1077
f 1362/1/1169 1224/1/1077 1363/1/606
f 1361/1/1168 1229/1/1082 1364/1/1170
f 1363/1/606 1224/1/1077 1365/1/608
f 1364/1/1170 1229/1/1082 1228/1/1081
f 1364/1/1170 1228/1/1081 1366/1/1171
f 1365/1/608 1224/1/1077 1231/1/485
f 1365/1/608 1231/1/485 1367/1/610
f 1366/1/1171 1228/1/1081 1368/1/1172
f 1367/1/610 1231/1/485 1233/1/1084
f 1367/1/610 1233/1/1084 1369/1/612
f 1368/1/1172 1228/1/1081 1235/1/1086
f 1368/1/1172 1235/1/1086 1370/1/613
f 1369/1/612 1233/1/1084 1371/1/1173
f 1370/1/613 1235/1/1086 1372/1/1174
f 1371/1/1173 1233/1/1084 1237/1/493
f 1371/1/1173 1237/1/493 1373/1/1175
f 1372/1/1174 1235/1/1086 1239/1/1089
f 1372/1/1174 1239/1/1089 1374/1/1176
f 1373/1/1175 1237/1/493 1375/1/618
f 1374/1/1176 1239/1/1089 1376/1/1177
f 1375/1/618 1237/1/493 1241/1/1091
f 1375/1/618 1241/1/1091 1377/1/620
f 1376/1/1177 1239/1/1089 1243/1/1093
f 1376/1/1177 1243/1/1093 1378/1/1178
f 1377/1/620 1241/1/1091 1379/1/1179
f 1378/1/1178 1243/1/1093 1380/1/1180
f 1379/1/1179 1241/1/1091 1245/1/1095
f 1379/1/1179 1245/1/1095 1381/1/1181
f 1380/1/1180 1243/1/1093 1247/1/1097
f 1380/1/1180 1247/1/1097 1359/1/1166
f 1381/1/1181 1245/1/1095 1382/1/625
f 1383/1/626 1252/1/1102 1384/1/627
f 1382/1/625 1245/1/1095 1221/1/1074
f 1382/1/625 1221/1/1074 1385/1/1182
f 1384/1/627 1252/1/1102 1261/1/1111
f 1384/1/627 1261/1/1111 1386/1/1183
f 1385/1/1182 1221/1/1074 1387/1/1184
f 1386/1/1183 1261/1/1111 1388/1/1185
f 1386/1/1183 1388/1/1185 1389/1/632
f 1387/1/1184 1221/1/1074 1265/1/1115
f 1387/1/1184 1265/1/1115 1390/1/1186
f 1389/1/632 1388/1/1185 1391/1/1187
f 1390/1/1186 1265/1/1115 1392/1/1188
f 1393/1/1189 1253/1/1103 1394/1/1190
f 1391/1/1187 1388/1/1185 1260/1/1110
f 1391/1/1187 1260/1/1110 1395/1/1191
f 1392/1/1188 1265/1/1115 1264/1/1114
f 1392/1/1188 1264/1/1114 1396/1/1192
f 1394/1/1190 1253/1/1103 1257/1/1107
f 1394/1/1190 1257/1/1107 1397/1/1193
f 1395/1/1191 1260/1/1110 1398/1/1194
f 1396/1/1192 1264/1/1114 1399/1/1195
f 1397/1/1193 1257/1/1107 1256/1/1106
f 1397/1/1193 1256/1/1106 1400/1/1196
f 1398/1/1194 1260/1/1110 1269/1/1119
f 1398/1/1194 1269/1/1119 1401/1/1197
f 1399/1/1195 1264/1/1114 1271/1/1121
f 1399/1/1195 1271/1/1121 1402/1/1198
f 1400/1/1196 1256/1/1106 1403/1/1199
f 1401/1/1197 1269/1/1119 1404/1/1200
f 1402/1/1198 1271/1/1121 1405/1/1201
f 1402/1/1198 1405/1/1201 1406/1/1202
f 1403/1/1199 1256/1/1106 1267/1/1117
f 1403/1/1199 1267/1/1117 1407/1/1203
f 1404/1/1200 1269/1/1119 1276/1/1126
f 1404/1/1200 1276/1/1126 1408/1/1204
f 1406/1/1202 1405/1/1201 1409/1/1205
f 1407/1/1203 1267/1/1117 1410/1/1206
f 1407/1/1203 1410/1/1206 1411/1/1207
f 1408/1/1204 1276/1/1126 1412/1/1208
f 1409/1/1205 1405/1/1201 1278/1/1128
f 1409/1/1205 1278/1/1128 1413/1/1209
f 1411/1/1207 1410/1/1206 1414/1/1210
f 1412/1/1208 1276/1/1126 1282/1/1131
f 1412/1/1208 1282/1/1131 1415/1/1211
f 1413/1/1209 1278/1/1128 1416/1/1212
f 1414/1/1210 1410/1/1206 1273/1/1123
f 1414/1/1210 1273/1/1123 1417/1/1213
f 1417/1/1213 1273/1/1123 1418/1/1214
f 1416/1/1212 1278/1/1128 1284/1/1133
f 1416/1/1212 1284/1/1133 1419/1/1215
f 1418/1/1214 1273/1/1123 1280/1/1129
f 1418/1/1214 1280/1/1129 1420/1/663
f 1419/1/1215 1284/1/1133 1421/1/1216
f 1415/1/1211 1282/1/1131 1289/1/1138
f 1415/1/1211 1289/1/1138 1422/1/1217
f 1318/1/1149 1248/1/1098 1253/1/1103
f 1318/1/1149 1253/1/1103 1393/1/1189
f 1421/1/1216 1284/1/1133 1286/1/1135
f 1421/1/1216 1286/1/1135 1423/1/1218
f 1422/1/1217 1289/1/1138 1424/1/667
f 1423/1/1218 1286/1/1135 1360/1/1167
f 981/1/869 980/1/868 930/1/841
f 1261/1/1111 1260/1/1110 1388/1/1185
f 1271/1/1121 1278/1/1128 1405/1/1201
f 1267/1/1117 1273/1/1123 1410/1/1206
f 1424/1/667 1289/1/1138 1225/1/1078
f 1424/1/667 1225/1/1078 1362/1/1169
f 925/1/837 1425/1/1219 926/1/838
f 1425/1/1219 918/1/830 926/1/838
f 1425/1/1219 916/1/829 918/1/830
f 897/1/147 912/1/160 1426/1/1220
f 912/1/160 1427/1/1221 1428/1/1222
f 912/1/160 1428/1/1222 1426/1/1220
f 1427/1/1221 1429/1/1223 1430/1/1224
f 1427/1/1221 1430/1/1224 1428/1/1222
f 1429/1/1223 1358/1/1165 1430/1/1224
f 1333/1/582 1330/1/577 1431/1/1225
f 1330/1/577 1319/1/1150 1431/1/1225
f 1319/1/1150 1312/1/564 1432/1/1226
f 1312/1/564 1314/1/1146 1432/1/1226
f 1327/1/675 1329/1/569 1433/1/1227
f 1329/1/569 1307/1/1143 1434/1/1228
f 1329/1/569 1434/1/1228 1433/1/1227
f 1435/1/1229 1436/1/1230 1437/1/1231
f 1307/1/1143 982/1/870 1434/1/1228
f 1436/1/1230 1438/1/1232 1437/1/1231
f 907/1/821 917/1/168 1439/1/1233
f 917/1/168 928/1/839 1439/1/1233
f 956/1/856 1440/1/1234 1441/1/1235
f 1440/1/1234 1442/1/1236 1441/1/1235
f 1290/1/1139 1306/1/579 1443/1/1237
f 1306/1/579 978/1/867 1443/1/1237
f 932/1/842 923/1/835 929/1/840
f 836/1/96 842/1/100 1444/1/683
f 842/1/100 856/1/113 1444/1/683
f 905/1/153 899/1/819 910/1/824
f 914/1/827 910/1/824 1445/1/1238
f 921/1/833 914/1/827 1445/1/1238
f 919/1/831 921/1/833 1445/1/1238
f 957/1/857 959/1/858 1446/1/1239
f 1442/1/1236 957/1/857 1446/1/1239
f 1441/1/1235 1442/1/1236 1446/1/1239
f 956/1/856 1441/1/1235 955/1/855
f 953/1/853 955/1/855 952/1/852
f 946/1/848 948/1/850 1447/1/1240
f 1448/1/1241 946/1/848 1447/1/1240
f 1448/1/1241 1447/1/1240 1449/1/1242
f 1438/1/1232 1448/1/1241 1449/1/1242
f 1437/1/1231 1438/1/1232 1449/1/1242
f 1435/1/1229 1437/1/1231 1450/1/1243
f 945/2/847 1435/1/1229 1450/1/1243
f 944/1/846 945/2/847 1450/1/1243
f 848/1/801 843/1/800 840/1/798
f 913/1/826 908/1/822 915/1/828
f 930/1/841 924/1/836 981/1/869
f 1279/1/543 1274/1/1124 1451/1/684
f 1272/1/1122 1266/1/1116 1452/1/1244
f 1266/1/1116 1255/1/1105 1453/1/1245
f 865/1/807 1454/1/1246 876/1/129
f 1255/1/1105 1254/1/1104 1455/1/1247
f 1454/1/1246 898/1/147 876/1/129
f 1254/1/1104 1249/1/1099 1456/1/1248
f 1249/1/1099 1246/1/1096 1457/1/690
f 1429/1/1223 1458/1/1249 1358/1/1165
f 1458/1/1249 1304/1/558 1358/1/1165
f 1246/1/1096 1242/1/1092 1459/1/1250
f 1242/1/1092 1238/1/1088 1460/1/1251
f 1234/1/1085 1227/1/1080 1461/1/1252
f 1227/1/1080 1226/1/1079 1462/1/1253
f 1227/1/1080 1462/1/1253 1463/1/1254
f 1226/1/1079 1285/1/1134 1464/1/1255
f 1285/1/1134 1287/1/1136 1465/1/1256
f 1283/1/1132 1277/1/1127 1466/1/1257
f 1277/1/1127 1270/1/1120 1467/1/1258
f 1270/1/1120 1263/1/1113 1468/1/1259
f 1263/1/1113 1262/1/1112 1469/1/1260
f 1220/1/1073 1219/1/1072 1470/1/1261
f 1219/1/1072 1244/1/1094 1471/1/1262
f 1244/1/1094 1240/1/1090 1472/1/1263
f 1357/1/1164 1473/1/1264 1353/1/596
f 1473/1/1264 1350/1/1161 1353/1/596
f 1236/1/1087 1232/1/488 1474/1/1265
f 1230/1/1083 1223/1/1076 1475/1/1266
f 1222/1/1075 1288/1/1137 1476/1/1267
f 1288/1/1137 1281/1/1130 1477/1/1268
f 1281/1/1130 1275/1/1125 1478/1/1269
f 1275/1/1125 1268/1/1118 1479/1/1270
f 1268/1/1118 1259/1/1109 1480/1/1271
f 1259/1/1109 1258/1/1108 1481/1/1272
f 1321/1/572 1308/1/562 1309/1/562
f 1321/1/572 1309/1/562 1322/1/572
f 1251/1/1101 1258/1/1108 1261/1/1111
f 1251/1/1101 1261/1/1111 1252/1/1102
f 1482/1/1273 1483/1/1274 1484/1/1275
f 1485/1/1276 1483/1/1274 1482/1/1273
f 1486/1/1277 1483/1/1274 1485/1/1276
f 1487/1/1278 1488/1/1279 1489/1/1280
f 1488/1/1279 1490/1/1281 1489/1/1280
f 1491/1/1282 1484/1/1275 1483/1/1274
f 1492/1/1283 1486/1/1277 1485/1/1276
f 1493/1/1284 1484/1/1275 1491/1/1282
f 1494/1/1285 1486/1/1277 1492/1/1283
f 1495/1/1286 1484/1/1275 1493/1/1284
f 1495/1/1286 1482/1/1273 1484/1/1275
f 1485/1/1276 1482/1/1273 1496/1/1287
f 1494/1/1285 1483/1/1274 1486/1/1277
f 1496/1/1287 1482/1/1273 1495/1/1286
f 1491/1/1282 1483/1/1274 1494/1/1285
f 1497/1/1288 1498/1/1289 1499/1/1290
f 1500/1/1291 1501/1/1292 1502/1/1293
f 1497/1/1288 1499/1/1290 1503/1/1294
f 1504/1/1295 1505/1/1296 1506/1/1297
f 1502/1/1293 1501/1/1292 1507/1/1298
f 1506/1/1297 1505/1/1296 1508/1/1299
f 1503/1/1294 1499/1/1290 1509/1/1300
f 1506/1/1297 1508/1/1299 1510/1/1301
f 1507/1/1298 1511/1/1302 1512/1/1303
f 1510/1/1301 1508/1/1299 1513/1/1304
f 1509/1/1300 1514/1/1305 1515/1/1306
f 1510/1/1301 1513/1/1304 1516/1/1307
f 1515/1/1306 1514/1/1305 1504/1/1295
f 1516/1/1307 1513/1/1304 1517/1/1308
f 1512/1/1303 1511/1/1302 1518/1/1309
f 1512/1/1303 1518/1/1309 1519/1/1310
f 1504/1/1295 1514/1/1305 1505/1/1296
f 1516/1/1307 1517/1/1308 1520/1/1311
f 1519/1/1310 1518/1/1309 1521/1/1312
f 1520/1/1311 1517/1/1308 1522/1/1313
f 1520/1/1311 1522/1/1313 1523/1/1314
f 1521/1/1312 1524/1/1315 1525/1/1316
f 1523/1/1314 1522/1/1313 1526/1/1317
f 1523/1/1314 1526/1/1317 1527/1/1318
f 1525/1/1316 1524/1/1315 1528/1/1319
f 1527/1/1318 1526/1/1317 1529/1/1320
f 1528/1/1319 1524/1/1315 1498/1/1289
f 1527/1/1318 1529/1/1320 1500/1/1291
f 1500/1/1291 1529/1/1320 1501/1/1292
f 1501/1/1292 1530/1/1321 1531/1/1322
f 1501/1/1292 1531/1/1322 1532/1/1323
f 1505/1/1296 1533/1/1324 1508/1/1299
f 1534/1/1325 1535/1/1326 1536/1/1327
f 1508/1/1299 1533/1/1324 1537/1/1328
f 1532/1/1323 1531/1/1322 1511/1/1302
f 1508/1/1299 1537/1/1328 1513/1/1304
f 1536/1/1327 1533/1/1324 1514/1/1305
f 1511/1/1302 1531/1/1322 1538/1/1329
f 1511/1/1302 1538/1/1329 1539/1/1330
f 1513/1/1304 1537/1/1328 1540/1/1331
f 1513/1/1304 1540/1/1331 1517/1/1308
f 1514/1/1305 1533/1/1324 1505/1/1296
f 1517/1/1308 1540/1/1331 1522/1/1313
f 1539/1/1330 1538/1/1329 1541/1/1332
f 1541/1/1332 1538/1/1329 1542/1/1333
f 1522/1/1313 1540/1/1331 1543/1/1334
f 1543/1/1334 1540/1/1331 1530/1/1321
f 1541/1/1332 1542/1/1333 1534/1/1325
f 1543/1/1334 1530/1/1321 1501/1/1292
f 1534/1/1325 1542/1/1333 1535/1/1326
f 1544/1/1335 1527/1/1318 1545/1/1336
f 1546/1/1337 1528/1/1319 1547/1/1338
f 1548/1/1339 1527/1/1318 1544/1/1335
f 1549/1/1340 1528/1/1319 1546/1/1337
f 1550/1/1341 1520/1/1311 1551/1/1342
f 1552/1/1343 1515/1/1306 1553/1/1344
f 1554/1/1345 1555/1/1346 1556/1/1347
f 1557/1/1348 1515/1/1306 1552/1/1343
f 1558/1/1349 1497/1/1288 1559/1/1350
f 1560/1/1351 1497/1/1288 1558/1/1349
f 1560/1/1351 1498/1/1289 1497/1/1288
f 1545/1/1336 1500/1/1291 1561/1/1352
f 1547/1/1338 1498/1/1289 1560/1/1351
f 1527/1/1318 1500/1/1291 1545/1/1336
f 1528/1/1319 1498/1/1289 1547/1/1338
f 1549/1/1340 1525/1/1316 1528/1/1319
f 1548/1/1339 1523/1/1314 1527/1/1318
f 1551/1/1342 1523/1/1314 1548/1/1339
f 1562/1/1353 1521/1/1312 1525/1/1316
f 1562/1/1353 1525/1/1316 1549/1/1340
f 1520/1/1311 1523/1/1314 1551/1/1342
f 1563/1/1354 1519/1/1310 1521/1/1312
f 1563/1/1354 1521/1/1312 1562/1/1353
f 1550/1/1341 1516/1/1307 1520/1/1311
f 1564/1/1355 1519/1/1310 1563/1/1354
f 1553/1/1344 1504/1/1295 1565/1/1356
f 1556/1/1347 1516/1/1307 1550/1/1341
f 1566/1/1357 1512/1/1303 1519/1/1310
f 1566/1/1357 1519/1/1310 1564/1/1355
f 1515/1/1306 1504/1/1295 1553/1/1344
f 1555/1/1346 1510/1/1301 1516/1/1307
f 1555/1/1346 1516/1/1307 1556/1/1347
f 1567/1/1358 1512/1/1303 1566/1/1357
f 1557/1/1348 1509/1/1300 1515/1/1306
f 1568/1/1359 1507/1/1298 1512/1/1303
f 1568/1/1359 1512/1/1303 1567/1/1358
f 1569/1/1360 1506/1/1297 1510/1/1301
f 1569/1/1360 1510/1/1301 1555/1/1346
f 1559/1/1350 1503/1/1294 1509/1/1300
f 1559/1/1350 1509/1/1300 1557/1/1348
f 1570/1/1361 1506/1/1297 1569/1/1360
f 1571/1/1362 1502/1/1293 1507/1/1298
f 1571/1/1362 1507/1/1298 1568/1/1359
f 1497/1/1288 1503/1/1294 1559/1/1350
f 1565/1/1356 1504/1/1295 1506/1/1297
f 1565/1/1356 1506/1/1297 1570/1/1361
f 1572/1/1363 1502/1/1293 1571/1/1362
f 1561/1/1352 1500/1/1291 1502/1/1293
f 1561/1/1352 1502/1/1293 1572/1/1363
f 1573/1/1364 1574/1/1365 1575/1/1366
f 1576/1/1367 1574/1/1365 1573/1/1364
f 1577/1/1368 1578/1/1369 1579/1/1370
f 1580/1/1371 1581/1/1372 1576/1/1367
f 1582/1/1373 1583/1/1373 1584/1/1374
f 1582/1/1373 1584/1/1374 1585/1/1374
f 1586/1/1375 1587/1/1376 1581/1/1372
f 1586/1/1375 1581/1/1372 1580/1/1371
f 1588/1/1377 1589/1/1378 1590/1/1378
f 1588/1/1377 1590/1/1378 1591/1/1377
f 1592/1/1379 1593/1/1380 1587/1/1376
f 1592/1/1379 1587/1/1376 1586/1/1375
f 1594/1/1381 1577/1/1368 1579/1/1370
f 1594/1/1381 1579/1/1370 1595/1/1381
f 1596/1/1382 1597/1/1383 1593/1/1380
f 1596/1/1382 1593/1/1380 1592/1/1379
f 1585/1/1374 1584/1/1374 1598/1/1384
f 1585/1/1374 1598/1/1384 1599/1/1385
f 1600/1/1386 1601/1/1387 1597/1/1383
f 1600/1/1386 1597/1/1383 1596/1/1382
f 1602/1/1388 1588/1/1377 1591/1/1377
f 1603/1/1389 1604/1/1390 1601/1/1387
f 1603/1/1389 1601/1/1387 1600/1/1386
f 1605/1/1391 1594/1/1381 1595/1/1381
f 1605/1/1391 1595/1/1381 1606/1/1391
f 1607/1/1392 1608/1/1393 1604/1/1390
f 1607/1/1392 1604/1/1390 1603/1/1389
f 1599/1/1385 1598/1/1384 1609/1/1394
f 1599/1/1385 1609/1/1394 1610/1/1394
f 1611/1/1395 1612/1/1396 1608/1/1393
f 1611/1/1395 1608/1/1393 1607/1/1392
f 1613/1/1397 1614/1/1398 1615/1/1399
f 1613/1/1397 1615/1/1399 1616/1/1400
f 1617/1/1401 1618/1/1401 1612/1/1396
f 1617/1/1401 1612/1/1396 1611/1/1395
f 1619/1/1402 1605/1/1391 1606/1/1391
f 1619/1/1402 1606/1/1391 1620/1/1402
f 1621/1/1403 1622/1/1404 1623/1/1405
f 1624/1/1406 1625/1/1406 1618/1/1401
f 1624/1/1406 1618/1/1401 1617/1/1401
f 1610/1/1394 1609/1/1394 1626/1/1407
f 1610/1/1394 1626/1/1407 1627/1/1407
f 1628/1/1408 1629/1/1409 1625/1/1406
f 1628/1/1408 1625/1/1406 1624/1/1406
f 1630/1/1410 1631/1/1411 1632/1/1412
f 1633/1/1413 1629/1/1409 1628/1/1408
f 1634/1/1414 1619/1/1402 1620/1/1402
f 1635/1/1415 1636/1/1416 1631/1/1411
f 1635/1/1415 1631/1/1411 1630/1/1410
f 1627/1/1407 1626/1/1407 1637/1/1417
f 1627/1/1407 1637/1/1417 1638/1/1417
f 1639/1/1418 1640/1/1419 1633/1/1413
f 1641/1/1420 1642/1/1420 1636/1/1416
f 1641/1/1420 1636/1/1416 1635/1/1415
f 1643/1/1421 1644/1/1422 1645/1/1423
f 1646/1/1424 1647/1/1425 1640/1/1419
f 1646/1/1424 1640/1/1419 1639/1/1418
f 1648/1/1426 1649/1/1427 1642/1/1420
f 1648/1/1426 1642/1/1420 1641/1/1420
f 1650/1/1428 1651/1/1429 1647/1/1425
f 1650/1/1428 1647/1/1425 1646/1/1424
f 1652/1/1430 1653/1/1431 1649/1/1427
f 1652/1/1430 1649/1/1427 1648/1/1426
f 1638/1/1417 1637/1/1417 1654/1/1432
f 1638/1/1417 1654/1/1432 1655/1/1432
f 1656/1/1433 1651/1/1429 1650/1/1428
f 1657/1/1434 1653/1/1431 1652/1/1430
f 1658/1/1435 1659/1/1436 1656/1/1433
f 1660/1/1437 1643/1/1421 1645/1/1423
f 1660/1/1437 1645/1/1423 1661/1/1437
f 1662/1/1438 1663/1/1439 1659/1/1436
f 1662/1/1438 1659/1/1436 1658/1/1435
f 1655/1/1432 1654/1/1432 1664/1/1440
f 1665/1/1441 1666/1/1442 1667/1/1443
f 1668/1/1444 1669/1/1444 1663/1/1439
f 1668/1/1444 1663/1/1439 1662/1/1438
f 1670/1/1445 1660/1/1437 1661/1/1437
f 1670/1/1445 1661/1/1437 1671/1/1446
f 1672/1/1447 1666/1/1442 1665/1/1441
f 1664/1/1440 1673/1/1448 1674/1/1449
f 1675/1/1450 1676/1/1451 1672/1/1447
f 1677/1/1452 1670/1/1445 1671/1/1446
f 1677/1/1452 1671/1/1446 1678/1/1453
f 1679/1/1454 1680/1/1455 1676/1/1451
f 1679/1/1454 1676/1/1451 1675/1/1450
f 1681/1/1456 1682/1/1457 1680/1/1455
f 1681/1/1456 1680/1/1455 1679/1/1454
f 1529/1/1320 1543/1/1334 1501/1/1292
f 1498/1/1289 1541/1/1332 1534/1/1325
f 1524/1/1315 1541/1/1332 1498/1/1289
f 1526/1/1317 1543/1/1334 1529/1/1320
f 1526/1/1317 1522/1/1313 1543/1/1334
f 1521/1/1312 1541/1/1332 1524/1/1315
f 1521/1/1312 1539/1/1330 1541/1/1332
f 1518/1/1309 1539/1/1330 1521/1/1312
f 1511/1/1302 1539/1/1330 1518/1/1309
f 1509/1/1300 1536/1/1327 1514/1/1305
f 1507/1/1298 1532/1/1323 1511/1/1302
f 1499/1/1290 1534/1/1325 1536/1/1327
f 1499/1/1290 1536/1/1327 1509/1/1300
f 1501/1/1292 1532/1/1323 1507/1/1298
f 1498/1/1289 1534/1/1325 1499/1/1290
f 1535/1/1326 1492/1/1283 1485/1/1276
f 1530/1/1321 1491/1/1282 1531/1/1322
f 1531/1/1322 1491/1/1282 1494/1/1285
f 1533/1/1324 1496/1/1287 1495/1/1286
f 1535/1/1326 1485/1/1276 1536/1/1327
f 1533/1/1324 1495/1/1286 1537/1/1328
f 1536/1/1327 1485/1/1276 1496/1/1287
f 1536/1/1327 1496/1/1287 1533/1/1324
f 1531/1/1322 1494/1/1285 1538/1/1329
f 1537/1/1328 1495/1/1286 1493/1/1284
f 1537/1/1328 1493/1/1284 1540/1/1331
f 1538/1/1329 1494/1/1285 1492/1/1283
f 1538/1/1329 1492/1/1283 1542/1/1333
f 1540/1/1331 1493/1/1284 1491/1/1282
f 1540/1/1331 1491/1/1282 1530/1/1321
f 1542/1/1333 1492/1/1283 1535/1/1326
f 1575/1/1366 1683/1/1458 1684/1/1459
f 1684/1/1459 1683/1/1458 1685/1/1460
f 1685/1/1460 1686/1/1461 1687/1/1462
f 1687/1/1462 1686/1/1461 1688/1/1463
f 1688/1/1463 1689/1/1464 1690/1/1465
f 1690/1/1465 1689/1/1464 1691/1/1466
f 1690/1/1465 1691/1/1466 1692/1/1467
f 1692/1/1467 1691/1/1466 1693/1/1468
f 1693/1/1468 1694/1/1469 1695/1/1470
f 1695/1/1470 1694/1/1469 1696/1/1471
f 1697/1/1472 1698/1/1473 1699/1/1474
f 1699/1/1474 1700/1/1475 1701/1/1476
f 1701/1/1476 1700/1/1475 1702/1/1477
f 1703/1/1478 1704/1/1479 1705/1/1480
f 1705/1/1480 1704/1/1479 1706/1/1481
f 1706/1/1481 1707/1/1482 1708/1/1483
f 1708/1/1483 1707/1/1482 1709/1/1484
f 1708/1/1483 1709/1/1484 1710/1/1485
f 1710/1/1485 1709/1/1484 1711/1/1486
f 1710/1/1485 1711/1/1486 1712/1/1487
f 1712/1/1487 1711/1/1486 1713/1/1488
f 1712/1/1487 1713/1/1488 1714/1/1489
f 1714/1/1489 1713/1/1488 1715/1/1490
f 1714/1/1489 1715/1/1490 1716/1/1491
f 1716/1/1491 1715/1/1490 1682/1/1457
f 1716/1/1491 1682/1/1457 1681/1/1456
f 1717/1/1492 1718/1/1493 1719/1/1493
f 1623/1/1405 1622/1/1404 1720/1/1494
f 1623/1/1405 1720/1/1494 1721/1/1494
f 1722/1/1495 1723/1/1496 1583/1/1373
f 1722/1/1495 1583/1/1373 1582/1/1373
f 1589/1/1378 1724/1/1497 1725/1/1497
f 1589/1/1378 1725/1/1497 1590/1/1378
f 1726/1/1498 1548/1/1339 1544/1/1335
f 1726/1/1498 1544/1/1335 1727/1/1499
f 1728/1/1500 1549/1/1340 1546/1/1337
f 1728/1/1500 1546/1/1337 1729/1/1501
f 1730/1/1502 1548/1/1339 1726/1/1498
f 1728/1/1500 1562/1/1353 1549/1/1340
f 1730/1/1502 1551/1/1342 1548/1/1339
f 1731/1/1503 1562/1/1353 1728/1/1500
f 1732/1/1504 1551/1/1342 1730/1/1502
f 1732/1/1504 1550/1/1341 1551/1/1342
f 1733/1/1505 1563/1/1354 1562/1/1353
f 1733/1/1505 1562/1/1353 1731/1/1503
f 1734/1/1506 1550/1/1341 1732/1/1504
f 1735/1/1507 1564/1/1355 1563/1/1354
f 1735/1/1507 1563/1/1354 1733/1/1505
f 1736/1/1508 1556/1/1347 1550/1/1341
f 1736/1/1508 1550/1/1341 1734/1/1506
f 1737/1/1509 1553/1/1344 1565/1/1356
f 1737/1/1509 1565/1/1356 1738/1/1510
f 1739/1/1511 1566/1/1357 1564/1/1355
f 1739/1/1511 1564/1/1355 1735/1/1507
f 1736/1/1508 1554/1/1345 1556/1/1347
f 1552/1/1343 1553/1/1344 1737/1/1509
f 1740/1/1512 1554/1/1345 1736/1/1508
f 1741/1/1513 1567/1/1358 1566/1/1357
f 1741/1/1513 1566/1/1357 1739/1/1511
f 1740/1/1512 1555/1/1346 1554/1/1345
f 1742/1/1514 1557/1/1348 1552/1/1343
f 1743/1/1515 1555/1/1346 1740/1/1512
f 1744/1/1516 1568/1/1359 1567/1/1358
f 1744/1/1516 1567/1/1358 1741/1/1513
f 1743/1/1515 1569/1/1360 1555/1/1346
f 1745/1/1517 1559/1/1350 1557/1/1348
f 1745/1/1517 1557/1/1348 1742/1/1514
f 1746/1/1518 1569/1/1360 1743/1/1515
f 1747/1/1519 1571/1/1362 1568/1/1359
f 1747/1/1519 1568/1/1359 1744/1/1516
f 1746/1/1518 1570/1/1361 1569/1/1360
f 1748/1/1520 1558/1/1349 1559/1/1350
f 1748/1/1520 1559/1/1350 1745/1/1517
f 1738/1/1510 1570/1/1361 1746/1/1518
f 1749/1/1521 1572/1/1363 1571/1/1362
f 1749/1/1521 1571/1/1362 1747/1/1519
f 1738/1/1510 1565/1/1356 1570/1/1361
f 1750/1/1522 1558/1/1349 1748/1/1520
f 1751/1/1523 1561/1/1352 1572/1/1363
f 1751/1/1523 1572/1/1363 1749/1/1521
f 1752/1/1524 1560/1/1351 1558/1/1349
f 1752/1/1524 1558/1/1349 1750/1/1522
f 1753/1/1525 1545/1/1336 1561/1/1352
f 1753/1/1525 1561/1/1352 1751/1/1523
f 1752/1/1524 1547/1/1338 1560/1/1351
f 1754/1/1526 1547/1/1338 1752/1/1524
f 1727/1/1499 1544/1/1335 1545/1/1336
f 1727/1/1499 1545/1/1336 1753/1/1525
f 1754/1/1526 1546/1/1337 1547/1/1338
f 1729/1/1501 1546/1/1337 1754/1/1526
f 1737/1/1509 1738/1/1510 1755/1/1527
f 1737/1/1509 1755/1/1527 1756/1/1528
f 1737/1/1509 1756/1/1528 1757/1/1529
f 1552/1/1343 1737/1/1509 1757/1/1529
f 1552/1/1343 1757/1/1529 1758/1/1530
f 1552/1/1343 1758/1/1530 1759/1/1531
f 1742/1/1514 1552/1/1343 1759/1/1531
f 1742/1/1514 1759/1/1531 1760/1/1532
f 1742/1/1514 1760/1/1532 1761/1/1533
f 1745/1/1517 1742/1/1514 1761/1/1533
f 1745/1/1517 1761/1/1533 1762/1/1534
f 1745/1/1517 1762/1/1534 1763/1/1535
f 1748/1/1520 1745/1/1517 1763/1/1535
f 1748/1/1520 1763/1/1535 1764/1/1536
f 1748/1/1520 1764/1/1536 1765/1/1537
f 1750/1/1522 1748/1/1520 1765/1/1537
f 1750/1/1522 1765/1/1537 1766/1/1538
f 1750/1/1522 1766/1/1538 1767/1/1539
f 1752/1/1524 1750/1/1522 1767/1/1539
f 1752/1/1524 1767/1/1539 1768/1/1540
f 1752/1/1524 1768/1/1540 1769/1/1541
f 1754/1/1526 1752/1/1524 1769/1/1541
f 1754/1/1526 1769/1/1541 1770/1/1542
f 1754/1/1526 1770/1/1542 1771/1/1543
f 1729/1/1501 1754/1/1526 1771/1/1543
f 1729/1/1501 1771/1/1543 1772/1/1544
f 1729/1/1501 1772/1/1544 1773/1/1545
f 1728/1/1500 1729/1/1501 1773/1/1545
f 1728/1/1500 1773/1/1545 1774/1/1546
f 1728/1/1500 1774/1/1546 1775/1/1547
f 1728/1/1500 1775/1/1547 1776/1/1548
f 1731/1/1503 1728/1/1500 1776/1/1548
f 1731/1/1503 1776/1/1548 1777/1/1549
f 1731/1/1503 1777/1/1549 1778/1/1550
f 1733/1/1505 1731/1/1503 1778/1/1550
f 1733/1/1505 1778/1/1550 1779/1/1551
f 1733/1/1505 1779/1/1551 1780/1/1552
f 1735/1/1507 1733/1/1505 1780/1/1552
f 1735/1/1507 1780/1/1552 1781/1/1553
f 1735/1/1507 1781/1/1553 1782/1/1554
f 1739/1/1511 1735/1/1507 1782/1/1554
f 1739/1/1511 1782/1/1554 1783/1/1555
f 1739/1/1511 1783/1/1555 1784/1/1556
f 1741/1/1513 1739/1/1511 1784/1/1556
f 1741/1/1513 1784/1/1556 1785/1/1557
f 1741/1/1513 1785/1/1557 1786/1/1558
f 1744/1/1516 1741/1/1513 1786/1/1558
f 1744/1/1516 1786/1/1558 1787/1/1559
f 1744/1/1516 1787/1/1559 1788/1/1560
f 1747/1/1519 1744/1/1516 1788/1/1560
f 1747/1/1519 1788/1/1560 1789/1/1561
f 1747/1/1519 1789/1/1561 1790/1/1562
f 1749/1/1521 1747/1/1519 1790/1/1562
f 1749/1/1521 1790/1/1562 1791/1/1563
f 1749/1/1521 1791/1/1563 1792/1/1564
f 1751/1/1523 1749/1/1521 1792/1/1564
f 1751/1/1523 1792/1/1564 1793/1/1565
f 1751/1/1523 1793/1/1565 1794/1/1566
f 1753/1/1525 1751/1/1523 1794/1/1566
f 1753/1/1525 1794/1/1566 1795/1/1567
f 1753/1/1525 1795/1/1567 1796/1/1568
f 1727/1/1499 1753/1/1525 1796/1/1568
f 1727/1/1499 1796/1/1568 1797/1/1569
f 1727/1/1499 1797/1/1569 1798/1/1570
f 1727/1/1499 1798/1/1570 1799/1/1571
f 1726/1/1498 1727/1/1499 1799/1/1571
f 1726/1/1498 1799/1/1571 1800/1/1572
f 1726/1/1498 1800/1/1572 1801/1/1573
f 1730/1/1502 1726/1/1498 1801/1/1573
f 1730/1/1502 1801/1/1573 1802/1/1574
f 1730/1/1502 1802/1/1574 1803/1/1575
f 1732/1/1504 1730/1/1502 1803/1/1575
f 1732/1/1504 1803/1/1575 1804/1/1576
f 1732/1/1504 1804/1/1576 1805/1/1577
f 1734/1/1506 1732/1/1504 1805/1/1577
f 1734/1/1506 1805/1/1577 1806/1/1578
f 1734/1/1506 1806/1/1578 1807/1/1579
f 1736/1/1508 1734/1/1506 1807/1/1579
f 1736/1/1508 1807/1/1579 1808/1/1580
f 1736/1/1508 1808/1/1580 1809/1/1581
f 1736/1/1508 1809/1/1581 1810/1/1582
f 1740/1/1512 1736/1/1508 1810/1/1582
f 1740/1/1512 1810/1/1582 1811/1/1583
f 1740/1/1512 1811/1/1583 1812/1/1584
f 1743/1/1515 1740/1/1512 1812/1/1584
f 1743/1/1515 1812/1/1584 1813/1/1585
f 1743/1/1515 1813/1/1585 1814/1/1586
f 1746/1/1518 1743/1/1515 1814/1/1586
f 1746/1/1518 1814/1/1586 1815/1/1587
f 1746/1/1518 1815/1/1587 1816/1/1588
f 1738/1/1510 1746/1/1518 1816/1/1588
f 1738/1/1510 1816/1/1588 1817/1/1589
f 1738/1/1510 1817/1/1589 1818/1/1590
f 1738/1/1510 1818/1/1590 1755/1/1527
f 1819/1/1591 1488/1/1279 1487/1/1278
f 1820/1/1592 1821/1/1593 1490/1/1281
f 1822/1/1594 1819/1/1591 1487/1/1278
f 1820/1/1592 1490/1/1281 1488/1/1279
f 1823/1/1595 1489/1/1280 1490/1/1281
f 1822/1/1594 1487/1/1278 1489/1/1280
f 1824/1/1596 1820/1/1592 1488/1/1279
f 1825/1/1597 1823/1/1595 1490/1/1281
f 1823/1/1595 1822/1/1594 1489/1/1280
f 1819/1/1591 1824/1/1596 1488/1/1279
f 1821/1/1593 1825/1/1597 1490/1/1281
f 1826/1/1598 1827/1/1599 1828/1/1600
f 1829/1/1601 1830/1/1602 1831/1/1603
f 1826/1/1598 1832/1/1604 1827/1/1599
f 1829/1/1601 1833/1/1605 1830/1/1602
f 1834/1/1606 1835/1/1607 1836/1/1608
f 1835/1/1607 1837/1/1609 1836/1/1608
f 1832/1/1604 1838/1/1610 1827/1/1599
f 1833/1/1605 1839/1/1611 1830/1/1602
f 1833/1/1605 1840/1/1612 1839/1/1611
f 1835/1/1607 1841/1/1613 1837/1/1609
f 1840/1/1612 1842/1/1614 1839/1/1611
f 1838/1/1610 1843/1/1615 1844/1/1616
f 1840/1/1612 1845/1/1617 1842/1/1614
f 1843/1/1615 1834/1/1606 1844/1/1616
f 1846/1/1618 1847/1/1619 1841/1/1613
f 1845/1/1617 1848/1/1620 1842/1/1614
f 1834/1/1606 1836/1/1608 1844/1/1616
f 1845/1/1617 1849/1/1621 1848/1/1620
f 1846/1/1618 1850/1/1622 1847/1/1619
f 1850/1/1622 1851/1/1623 1852/1/1624
f 1850/1/1622 1852/1/1624 1847/1/1619
f 1849/1/1621 1853/1/1625 1854/1/1626
f 1849/1/1621 1854/1/1626 1848/1/1620
f 1851/1/1623 1855/1/1627 1852/1/1624
f 1853/1/1625 1856/1/1628 1854/1/1626
f 1851/1/1623 1857/1/1629 1855/1/1627
f 1856/1/1628 1828/1/1600 1854/1/1626
f 1857/1/1629 1831/1/1603 1855/1/1627
f 1856/1/1628 1826/1/1598 1828/1/1600
f 1857/1/1629 1829/1/1601 1831/1/1603
f 1830/1/1602 1858/1/1630 1859/1/1631
f 1860/1/1632 1861/1/1633 1862/1/1634
f 1830/1/1602 1839/1/1611 1858/1/1630
f 1836/1/1608 1863/1/1635 1864/1/1636
f 1863/1/1635 1865/1/1637 1864/1/1636
f 1839/1/1611 1842/1/1614 1858/1/1630
f 1861/1/1633 1844/1/1616 1862/1/1634
f 1844/1/1616 1864/1/1636 1862/1/1634
f 1842/1/1614 1866/1/1638 1858/1/1630
f 1863/1/1635 1847/1/1619 1865/1/1637
f 1842/1/1614 1867/1/1639 1866/1/1638
f 1844/1/1616 1836/1/1608 1864/1/1636
f 1847/1/1619 1868/1/1640 1865/1/1637
f 1847/1/1619 1852/1/1624 1868/1/1640
f 1867/1/1639 1869/1/1641 1866/1/1638
f 1869/1/1641 1870/1/1642 1866/1/1638
f 1852/1/1624 1855/1/1627 1868/1/1640
f 1869/1/1641 1871/1/1643 1870/1/1642
f 1855/1/1627 1859/1/1631 1868/1/1640
f 1871/1/1643 1860/1/1632 1870/1/1642
f 1872/1/1644 1616/1/1400 1873/1/1645
f 1874/1/1646 1875/1/1647 1853/1/1625
f 1876/1/1648 1874/1/1646 1853/1/1625
f 1877/1/1649 1878/1/1650 1850/1/1622
f 1879/1/1651 1877/1/1649 1850/1/1622
f 1880/1/1652 1881/1/1653 1843/1/1615
f 1882/1/1654 1880/1/1652 1843/1/1615
f 1883/1/1655 1884/1/1656 1826/1/1598
f 1616/1/1400 1615/1/1399 1829/1/1601
f 1616/1/1400 1829/1/1601 1857/1/1629
f 1885/1/1657 1883/1/1655 1826/1/1598
f 1885/1/1657 1826/1/1598 1856/1/1628
f 1873/1/1645 1616/1/1400 1857/1/1629
f 1875/1/1647 1885/1/1657 1856/1/1628
f 1886/1/1658 1873/1/1645 1857/1/1629
f 1886/1/1658 1857/1/1629 1851/1/1623
f 1853/1/1625 1875/1/1647 1856/1/1628
f 1878/1/1650 1886/1/1658 1851/1/1623
f 1876/1/1648 1853/1/1625 1849/1/1621
f 1878/1/1650 1851/1/1623 1850/1/1622
f 1887/1/1659 1876/1/1648 1849/1/1621
f 1888/1/1660 1887/1/1659 1849/1/1621
f 1888/1/1660 1849/1/1621 1845/1/1617
f 1879/1/1651 1850/1/1622 1846/1/1618
f 1881/1/1653 1889/1/1661 1834/1/1606
f 1890/1/1662 1888/1/1660 1845/1/1617
f 1891/1/1663 1879/1/1651 1846/1/1618
f 1843/1/1615 1881/1/1653 1834/1/1606
f 1891/1/1663 1846/1/1618 1841/1/1613
f 1892/1/1664 1890/1/1662 1845/1/1617
f 1892/1/1664 1845/1/1617 1840/1/1612
f 1893/1/1665 1891/1/1663 1841/1/1613
f 1882/1/1654 1843/1/1615 1838/1/1610
f 1894/1/1666 1892/1/1664 1840/1/1612
f 1895/1/1667 1893/1/1665 1841/1/1613
f 1895/1/1667 1841/1/1613 1835/1/1607
f 1894/1/1666 1840/1/1612 1833/1/1605
f 1896/1/1668 1882/1/1654 1838/1/1610
f 1896/1/1668 1838/1/1610 1832/1/1604
f 1897/1/1669 1895/1/1667 1835/1/1607
f 1898/1/1670 1894/1/1666 1833/1/1605
f 1899/1/1671 1896/1/1668 1832/1/1604
f 1889/1/1661 1897/1/1669 1835/1/1607
f 1889/1/1661 1835/1/1607 1834/1/1606
f 1900/1/1672 1898/1/1670 1833/1/1605
f 1900/1/1672 1833/1/1605 1829/1/1601
f 1884/1/1656 1899/1/1671 1832/1/1604
f 1884/1/1656 1832/1/1604 1826/1/1598
f 1615/1/1399 1900/1/1672 1829/1/1601
f 1901/1/1673 1902/1/1674 1884/1/1656
f 1901/1/1673 1884/1/1656 1883/1/1655
f 1614/1/1398 1903/1/1675 1615/1/1399
f 1902/1/1674 1904/1/1676 1884/1/1656
f 1903/1/1675 1905/1/1677 1900/1/1672
f 1903/1/1675 1900/1/1672 1615/1/1399
f 1906/1/1678 1907/1/1679 1889/1/1661
f 1904/1/1676 1908/1/1680 1899/1/1671
f 1904/1/1676 1899/1/1671 1884/1/1656
f 1905/1/1677 1909/1/1681 1900/1/1672
f 1907/1/1679 1910/1/1682 1897/1/1669
f 1907/1/1679 1897/1/1669 1889/1/1661
f 1908/1/1680 1911/1/1683 1899/1/1671
f 1909/1/1681 1912/1/1684 1898/1/1670
f 1909/1/1681 1898/1/1670 1900/1/1672
f 1910/1/1682 1913/1/1685 1897/1/1669
f 1911/1/1683 1914/1/1686 1896/1/1668
f 1911/1/1683 1896/1/1668 1899/1/1671
f 1912/1/1684 1915/1/1687 1898/1/1670
f 1913/1/1685 1916/1/1688 1895/1/1667
f 1913/1/1685 1895/1/1667 1897/1/1669
f 1914/1/1686 1917/1/1689 1896/1/1668
f 1915/1/1687 1918/1/1690 1894/1/1666
f 1915/1/1687 1894/1/1666 1898/1/1670
f 1916/1/1688 1919/1/1691 1895/1/1667
f 1917/1/1689 1920/1/1692 1882/1/1654
f 1917/1/1689 1882/1/1654 1896/1/1668
f 1918/1/1690 1921/1/1693 1894/1/1666
f 1919/1/1691 1922/1/1694 1893/1/1665
f 1919/1/1691 1893/1/1665 1895/1/1667
f 1920/1/1692 1923/1/1695 1882/1/1654
f 1921/1/1693 1924/1/1696 1892/1/1664
f 1921/1/1693 1892/1/1664 1894/1/1666
f 1922/1/1694 1925/1/1697 1893/1/1665
f 1923/1/1695 1926/1/1698 1880/1/1652
f 1923/1/1695 1880/1/1652 1882/1/1654
f 1924/1/1696 1927/1/1699 1892/1/1664
f 1925/1/1697 1928/1/1700 1891/1/1663
f 1925/1/1697 1891/1/1663 1893/1/1665
f 1927/1/1699 1929/1/1701 1890/1/1662
f 1927/1/1699 1890/1/1662 1892/1/1664
f 1928/1/1700 1930/1/1702 1891/1/1663
f 1880/1/1652 1931/1/1703 1881/1/1653
f 1929/1/1701 1932/1/1704 1890/1/1662
f 1930/1/1702 1933/1/1705 1879/1/1651
f 1930/1/1702 1879/1/1651 1891/1/1663
f 1934/1/1706 1906/1/1678 1889/1/1661
f 1934/1/1706 1889/1/1661 1881/1/1653
f 1932/1/1704 1935/1/1707 1888/1/1660
f 1932/1/1704 1888/1/1660 1890/1/1662
f 1931/1/1703 1934/1/1706 1881/1/1653
f 1933/1/1705 1936/1/1708 1879/1/1651
f 1935/1/1707 1937/1/1709 1888/1/1660
f 1936/1/1708 1938/1/1710 1877/1/1649
f 1936/1/1708 1877/1/1649 1879/1/1651
f 1937/1/1709 1939/1/1711 1887/1/1659
f 1937/1/1709 1887/1/1659 1888/1/1660
f 1938/1/1710 1940/1/1712 1877/1/1649
f 1939/1/1711 1941/1/1713 1887/1/1659
f 1940/1/1712 1942/1/1714 1877/1/1649
f 1941/1/1713 1943/1/1715 1876/1/1648
f 1941/1/1713 1876/1/1648 1887/1/1659
f 1942/1/1714 1944/1/1716 1878/1/1650
f 1942/1/1714 1878/1/1650 1877/1/1649
f 1943/1/1715 1945/1/1717 1876/1/1648
f 1944/1/1716 1946/1/1718 1878/1/1650
f 1945/1/1717 1947/1/1719 1876/1/1648
f 1946/1/1718 1948/1/1720 1886/1/1658
f 1946/1/1718 1886/1/1658 1878/1/1650
f 1947/1/1719 1949/1/1721 1874/1/1646
f 1947/1/1719 1874/1/1646 1876/1/1648
f 1948/1/1720 1950/1/1722 1886/1/1658
f 1950/1/1722 1951/1/1723 1873/1/1645
f 1950/1/1722 1873/1/1645 1886/1/1658
f 1874/1/1646 1952/1/1724 1875/1/1647
f 1951/1/1723 1953/1/1725 1873/1/1645
f 1952/1/1724 1954/1/1726 1875/1/1647
f 1953/1/1725 1955/1/1727 1872/1/1644
f 1953/1/1725 1872/1/1644 1873/1/1645
f 1954/1/1726 1956/1/1728 1885/1/1657
f 1954/1/1726 1885/1/1657 1875/1/1647
f 1956/1/1728 1957/1/1729 1883/1/1655
f 1956/1/1728 1883/1/1655 1885/1/1657
f 1872/1/1644 1958/1/1730 1616/1/1400
f 1959/1/1731 1901/1/1673 1883/1/1655
f 1957/1/1729 1959/1/1731 1883/1/1655
f 1958/1/1730 1613/1/1397 1616/1/1400
f 1828/1/1600 1860/1/1632 1871/1/1643
f 1831/1/1603 1859/1/1631 1855/1/1627
f 1854/1/1626 1828/1/1600 1871/1/1643
f 1854/1/1626 1871/1/1643 1869/1/1641
f 1848/1/1620 1854/1/1626 1869/1/1641
f 1848/1/1620 1869/1/1641 1867/1/1639
f 1842/1/1614 1848/1/1620 1867/1/1639
f 1841/1/1613 1847/1/1619 1863/1/1635
f 1838/1/1610 1844/1/1616 1861/1/1633
f 1837/1/1609 1841/1/1613 1863/1/1635
f 1837/1/1609 1863/1/1635 1836/1/1608
f 1827/1/1599 1838/1/1610 1861/1/1633
f 1827/1/1599 1861/1/1633 1860/1/1632
f 1831/1/1603 1830/1/1602 1859/1/1631
f 1828/1/1600 1827/1/1599 1860/1/1632
f 1860/1/1632 1825/1/1597 1821/1/1593
f 1859/1/1631 1858/1/1630 1824/1/1596
f 1859/1/1631 1824/1/1596 1819/1/1591
f 1860/1/1632 1862/1/1634 1825/1/1597
f 1864/1/1636 1822/1/1594 1823/1/1595
f 1864/1/1636 1865/1/1637 1822/1/1594
f 1862/1/1634 1864/1/1636 1823/1/1595
f 1862/1/1634 1823/1/1595 1825/1/1597
f 1858/1/1630 1866/1/1638 1820/1/1592
f 1858/1/1630 1820/1/1592 1824/1/1596
f 1865/1/1637 1868/1/1640 1822/1/1594
f 1868/1/1640 1819/1/1591 1822/1/1594
f 1866/1/1638 1870/1/1642 1821/1/1593
f 1866/1/1638 1821/1/1593 1820/1/1592
f 1868/1/1640 1859/1/1631 1819/1/1591
f 1870/1/1642 1860/1/1632 1821/1/1593
f 1960/1/1732 1961/1/1733 1962/1/1734
f 1963/1/1735 1964/1/1736 1965/1/1737
f 1966/1/1738 1967/1/1739 1968/1/1740
f 1966/1/1738 1968/1/1740 1969/1/1741
f 1970/1/1742 1971/1/1743 1972/1/1744
f 1970/1/1742 1972/1/1744 1973/1/1745
f 1967/1/1739 1974/1/1746 1975/1/1747
f 1967/1/1739 1975/1/1747 1968/1/1740
f 1971/1/1743 1976/1/1748 1977/1/1749
f 1971/1/1743 1977/1/1749 1972/1/1744
f 1974/1/1746 1978/1/1750 1979/1/1751
f 1974/1/1746 1979/1/1751 1975/1/1747
f 1976/1/1748 1980/1/1752 1981/1/1753
f 1976/1/1748 1981/1/1753 1977/1/1749
f 1978/1/1750 1982/1/1754 1983/1/1755
f 1978/1/1750 1983/1/1755 1979/1/1751
f 1980/1/1752 1984/1/1756 1985/1/1757
f 1980/1/1752 1985/1/1757 1981/1/1753
f 1982/1/1754 1986/1/1758 1987/1/1759
f 1982/1/1754 1987/1/1759 1983/1/1755
f 1984/1/1756 1988/1/1760 1989/1/1761
f 1984/1/1756 1989/1/1761 1985/1/1757
f 1986/1/1758 1990/1/1762 1987/1/1759
f 1988/1/1760 1991/1/1763 1992/1/1764
f 1988/1/1760 1992/1/1764 1989/1/1761
f 1986/1/1758 1960/1/1732 1990/1/1762
f 1960/1/1732 1962/1/1734 1990/1/1762
f 1991/1/1763 1993/1/1765 1994/1/1766
f 1991/1/1763 1994/1/1766 1992/1/1764
f 1995/1/1767 1996/1/1768 1997/1/1769
f 1964/1/1736 1998/1/1770 1999/1/1771
f 1993/1/1765 2000/1/1772 2001/1/1773
f 1993/1/1765 2001/1/1773 1994/1/1766
f 2000/1/1772 2002/1/1774 2001/1/1773
f 1961/1/1733 2003/1/1775 2004/1/1776
f 1961/1/1733 2004/1/1776 2005/1/1777
f 2002/1/1774 2006/1/1778 2001/1/1773
f 2007/1/1779 2008/1/1780 2009/1/1781
f 2007/1/1779 2009/1/1781 2010/1/1782
f 2002/1/1774 2011/1/1783 2006/1/1778
f 2003/1/1775 2012/1/1784 2013/1/1785
f 2003/1/1775 2013/1/1785 2004/1/1776
f 2011/1/1783 2014/1/1786 2006/1/1778
f 2008/1/1780 2015/1/1787 2016/1/1788
f 2008/1/1780 2016/1/1788 2009/1/1781
f 2012/1/1784 2017/1/1789 2013/1/1785
f 2011/1/1783 2018/1/1790 2014/1/1786
f 2018/1/1790 2019/1/1791 2020/1/1792
f 2018/1/1790 2020/1/1792 2014/1/1786
f 2015/1/1787 2021/1/1793 2022/1/1794
f 2015/1/1787 2022/1/1794 2016/1/1788
f 2017/1/1789 2023/1/1795 2024/1/1796
f 2017/1/1789 2024/1/1796 2013/1/1785
f 2019/1/1791 2025/1/1797 2026/1/1798
f 2019/1/1791 2026/1/1798 2020/1/1792
f 2021/1/1793 2027/1/1799 2028/1/1800
f 2021/1/1793 2028/1/1800 2022/1/1794
f 2023/1/1795 1963/1/1735 1965/1/1737
f 2023/1/1795 1965/1/1737 2024/1/1796
f 1998/1/1770 1970/1/1742 1973/1/1745
f 1998/1/1770 1973/1/1745 1999/1/1771
f 2027/1/1799 2029/1/1801 2030/1/1802
f 2027/1/1799 2030/1/1802 2028/1/1800
f 1964/1/1736 1999/1/1771 1965/1/1737
f 1961/1/1733 2005/1/1777 1962/1/1734
f 2029/1/1801 1966/1/1738 1969/1/1741
f 2029/1/1801 1969/1/1741 2030/1/1802
f 1996/1/1768 2007/1/1779 2010/1/1782
f 2031/1/1803 2032/1/1804 2033/1/1805
f 2031/1/1803 2033/1/1805 2034/1/1803
f 2035/1/1806 2036/1/1807 2037/1/1808
f 2038/1/1809 2039/1/1809 2040/1/1810
f 2038/1/1809 2040/1/1810 2041/1/1810
f 2042/1/1811 2043/1/1812 2044/1/1813
f 2042/1/1811 2044/1/1813 2045/1/1814
f 1718/1/1493 2046/1/1815 2047/1/1815
f 1718/1/1493 2047/1/1815 1719/1/1493
f 2048/1/1816 2049/1/1816 1723/1/1496
f 2048/1/1816 1723/1/1496 1722/1/1495
f 2050/1/1817 2035/1/1806 2037/1/1808
f 2050/1/1817 2037/1/1808 2051/1/1817
f 1724/1/1497 2052/1/1818 2053/1/1818
f 1724/1/1497 2053/1/1818 1725/1/1497
f 2054/1/1819 2055/1/1819 2056/1/1820
f 2054/1/1819 2056/1/1820 2057/1/1820
f 2032/1/1804 2058/1/1821 2059/1/1822
f 2032/1/1804 2059/1/1822 2033/1/1805
f 2060/1/1823 1992/1/1764 1994/1/1766
f 2060/1/1823 1994/1/1766 2061/1/1824
f 2062/1/1825 2063/1/1825 2049/1/1816
f 2062/1/1825 2049/1/1816 2048/1/1816
f 2064/1/1826 2065/1/1826 2055/1/1819
f 2064/1/1826 2055/1/1819 2054/1/1819
f 2052/1/1818 2066/1/1827 2067/1/1827
f 2052/1/1818 2067/1/1827 2053/1/1818
f 2068/1/1828 2069/1/1829 2070/1/1829
f 2068/1/1828 2070/1/1829 2071/1/1830
f 2072/1/1831 2073/1/1831 2063/1/1825
f 2072/1/1831 2063/1/1825 2062/1/1825
f 2074/1/1832 2075/1/1832 2065/1/1826
f 2074/1/1832 2065/1/1826 2064/1/1826
f 2046/1/1815 2031/1/1803 2034/1/1803
f 2046/1/1815 2034/1/1803 2047/1/1815
f 2076/1/1833 2077/1/1834 2070/1/1829
f 2076/1/1833 2070/1/1829 2069/1/1829
f 2074/1/1832 2078/1/1835 2079/1/1835
f 2074/1/1832 2079/1/1835 2075/1/1832
f 2080/1/1836 2081/1/1836 2073/1/1831
f 2080/1/1836 2073/1/1831 2072/1/1831
f 2082/1/1837 2083/1/1838 2077/1/1834
f 2082/1/1837 2077/1/1834 2076/1/1833
f 2058/1/1821 2068/1/1828 2071/1/1830
f 2058/1/1821 2071/1/1830 2059/1/1822
f 2078/1/1835 2084/1/1839 2085/1/1840
f 2078/1/1835 2085/1/1840 2079/1/1835
f 2057/1/1820 2056/1/1820 2081/1/1836
f 2057/1/1820 2081/1/1836 2080/1/1836
f 2086/1/1841 2087/1/1841 2083/1/1838
f 2086/1/1841 2083/1/1838 2082/1/1837
f 2084/1/1839 2088/1/1842 2089/1/1843
f 2084/1/1839 2089/1/1843 2085/1/1840
f 2090/1/1844 2091/1/1845 2087/1/1841
f 2090/1/1844 2087/1/1841 2086/1/1841
f 2088/1/1842 2092/1/1846 2093/1/1847
f 2088/1/1842 2093/1/1847 2089/1/1843
f 2094/1/1848 2095/1/1848 2091/1/1845
f 2094/1/1848 2091/1/1845 2090/1/1844
f 2092/1/1846 2096/1/1849 2097/1/1850
f 2092/1/1846 2097/1/1850 2093/1/1847
f 2098/1/1851 2099/1/1852 2095/1/1848
f 2098/1/1851 2095/1/1848 2094/1/1848
f 2096/1/1849 2100/1/1853 2101/1/1854
f 2096/1/1849 2101/1/1854 2097/1/1850
f 2102/1/1855 2103/1/1855 2099/1/1852
f 2102/1/1855 2099/1/1852 2098/1/1851
f 2100/1/1853 2042/1/1811 2045/1/1814
f 2100/1/1853 2045/1/1814 2101/1/1854
f 2041/1/1810 2040/1/1810 2103/1/1855
f 2041/1/1810 2103/1/1855 2102/1/1855
f 2043/1/1812 1677/1/1452 1678/1/1453
f 2043/1/1812 1678/1/1453 2044/1/1813
f 1674/1/1449 1673/1/1448 2039/1/1809
f 1674/1/1449 2039/1/1809 2038/1/1809
f 2104/1/1856 1992/1/1764 2060/1/1823
f 2105/1/1857 1999/1/1771 1973/1/1745
f 2105/1/1857 1973/1/1745 2106/1/1858
f 2107/1/1859 1969/1/1741 2108/1/1860
f 2106/1/1858 1973/1/1745 2109/1/1861
f 2108/1/1860 1969/1/1741 1968/1/1740
f 2108/1/1860 1968/1/1740 2110/1/1862
f 2109/1/1861 1973/1/1745 1972/1/1744
f 2109/1/1861 1972/1/1744 2111/1/1863
f 2110/1/1862 1968/1/1740 2112/1/1864
f 2111/1/1863 1972/1/1744 2113/1/1865
f 2112/1/1864 1968/1/1740 1975/1/1747
f 2112/1/1864 1975/1/1747 2114/1/1866
f 2113/1/1865 1972/1/1744 1977/1/1749
f 2113/1/1865 1977/1/1749 2115/1/1867
f 2114/1/1866 1975/1/1747 2116/1/1868
f 2115/1/1867 1977/1/1749 2117/1/1869
f 2116/1/1868 1975/1/1747 1979/1/1751
f 2116/1/1868 1979/1/1751 2118/1/1870
f 2117/1/1869 1977/1/1749 1981/1/1753
f 2117/1/1869 1981/1/1753 2119/1/1871
f 2118/1/1870 1979/1/1751 1983/1/1755
f 2118/1/1870 1983/1/1755 2120/1/1872
f 2119/1/1871 1981/1/1753 1985/1/1757
f 2119/1/1871 1985/1/1757 2121/1/1873
f 2120/1/1872 1983/1/1755 2122/1/1874
f 2121/1/1873 1985/1/1757 2123/1/1875
f 2122/1/1874 1983/1/1755 1987/1/1759
f 2122/1/1874 1987/1/1759 2124/1/1876
f 2123/1/1875 1985/1/1757 1989/1/1761
f 2123/1/1875 1989/1/1761 2125/1/1877
f 2124/1/1876 1987/1/1759 1990/1/1762
f 2124/1/1876 1990/1/1762 2126/1/1878
f 2125/1/1877 1989/1/1761 1992/1/1764
f 2125/1/1877 1992/1/1764 2104/1/1856
f 2126/1/1878 1990/1/1762 2127/1/1879
f 2128/1/1880 1997/1/1769 2129/1/1881
f 2127/1/1879 1990/1/1762 1962/1/1734
f 2127/1/1879 1962/1/1734 2130/1/1882
f 2129/1/1881 1997/1/1769 2010/1/1782
f 2129/1/1881 2010/1/1782 2131/1/1883
f 2130/1/1882 1962/1/1734 2132/1/1884
f 2131/1/1883 2010/1/1782 2133/1/1885
f 2131/1/1883 2133/1/1885 2134/1/1886
f 2132/1/1884 1962/1/1734 2005/1/1777
f 2132/1/1884 2005/1/1777 2135/1/1887
f 2134/1/1886 2133/1/1885 2136/1/1888
f 2135/1/1887 2005/1/1777 2004/1/1776
f 2135/1/1887 2004/1/1776 2137/1/1889
f 2138/1/1890 2139/1/1891 2140/1/1892
f 2136/1/1888 2133/1/1885 2009/1/1781
f 2136/1/1888 2009/1/1781 2141/1/1893
f 2137/1/1889 2004/1/1776 2142/1/1894
f 2140/1/1892 2139/1/1891 2001/1/1773
f 2140/1/1892 2001/1/1773 2143/1/1895
f 2141/1/1893 2009/1/1781 2144/1/1896
f 2142/1/1894 2004/1/1776 2013/1/1785
f 2142/1/1894 2013/1/1785 2145/1/1897
f 2143/1/1895 2001/1/1773 2146/1/1898
f 2144/1/1896 2009/1/1781 2016/1/1788
f 2144/1/1896 2016/1/1788 2147/1/1899
f 2145/1/1897 2013/1/1785 2148/1/1900
f 2146/1/1898 2001/1/1773 2006/1/1778
f 2146/1/1898 2006/1/1778 2149/1/1901
f 2147/1/1899 2016/1/1788 2150/1/1902
f 2148/1/1900 2013/1/1785 2151/1/1903
f 2148/1/1900 2151/1/1903 2152/1/1904
f 2149/1/1901 2006/1/1778 2153/1/1905
f 2150/1/1902 2016/1/1788 2022/1/1794
f 2150/1/1902 2022/1/1794 2154/1/1906
f 2152/1/1904 2151/1/1903 2155/1/1907
f 2153/1/1905 2006/1/1778 2014/1/1786
f 2153/1/1905 2014/1/1786 2156/1/1908
f 2154/1/1906 2022/1/1794 2157/1/1909
f 2155/1/1907 2151/1/1903 2024/1/1796
f 2155/1/1907 2024/1/1796 2158/1/1910
f 2156/1/1908 2014/1/1786 2159/1/1911
f 2157/1/1909 2022/1/1794 2028/1/1800
f 2157/1/1909 2028/1/1800 2160/1/1912
f 2158/1/1910 2024/1/1796 2161/1/1913
f 2159/1/1911 2014/1/1786 2020/1/1792
f 2159/1/1911 2020/1/1792 2162/1/1914
f 2162/1/1914 2020/1/1792 2163/1/1915
f 2161/1/1913 2024/1/1796 1965/1/1737
f 2161/1/1913 1965/1/1737 2164/1/1916
f 2163/1/1915 2020/1/1792 2026/1/1798
f 2163/1/1915 2026/1/1798 2165/1/1917
f 2164/1/1916 1965/1/1737 2166/1/1918
f 2160/1/1912 2028/1/1800 2030/1/1802
f 2160/1/1912 2030/1/1802 2167/1/1919
f 2061/1/1824 1994/1/1766 2139/1/1891
f 2061/1/1824 2139/1/1891 2138/1/1890
f 2166/1/1918 1965/1/1737 1999/1/1771
f 2166/1/1918 1999/1/1771 2168/1/1920
f 2167/1/1919 2030/1/1802 2169/1/1921
f 2168/1/1920 1999/1/1771 2105/1/1857
f 1721/1/1494 1720/1/1494 1669/1/1444
f 1721/1/1494 1669/1/1444 1668/1/1444
f 1994/1/1766 2001/1/1773 2139/1/1891
f 2010/1/1782 2009/1/1781 2133/1/1885
f 2013/1/1785 2024/1/1796 2151/1/1903
f 2169/1/1921 2030/1/1802 1969/1/1741
f 2169/1/1921 1969/1/1741 2107/1/1859
f 1588/1/1377 1602/1/1388 2170/1/1922
f 1659/1/1436 1651/1/1429 1656/1/1433
f 1602/1/1388 2171/1/1923 2172/1/1924
f 1602/1/1388 2172/1/1924 2170/1/1922
f 2171/1/1923 1644/1/1422 2173/1/1925
f 2171/1/1923 2173/1/1925 2172/1/1924
f 1644/1/1422 1643/1/1421 2173/1/1925
f 1574/1/1365 1683/1/1458 1575/1/1366
f 1691/1/1466 1694/1/1469 1693/1/1468
f 1700/1/1475 2174/1/1926 1702/1/1477
f 2174/1/1926 2175/1/1927 1702/1/1477
f 1655/1/1432 1664/1/1440 2176/1/1928
f 2174/1/1926 2177/1/1929 2175/1/1927
f 1664/1/1440 1674/1/1449 2176/1/1928
f 2177/1/1929 2178/1/1930 2179/1/1931
f 2178/1/1930 2180/1/1932 2179/1/1931
f 2178/1/1930 2181/1/1933 2180/1/1932
f 2181/1/1933 2182/1/1934 2183/1/1935
f 2182/1/1934 1703/1/1478 2183/1/1935
f 1704/1/1479 1707/1/1482 1706/1/1481
f 1718/1/1493 1717/1/1492 2184/1/1936
f 1717/1/1492 1578/1/1369 2185/1/1937
f 1717/1/1492 2185/1/1937 2184/1/1936
f 1667/1/1443 1653/1/1431 1657/1/1434
f 1578/1/1369 1577/1/1368 2185/1/1937
f 1619/1/1402 1634/1/1414 2186/1/1938
f 1634/1/1414 2036/1/1807 2187/1/1939
f 1634/1/1414 2187/1/1939 2186/1/1938
f 2036/1/1807 2035/1/1806 2187/1/1939
f 1621/1/1403 1623/1/1405 2188/1/1940
f 1632/1/1412 1621/1/1403 2188/1/1940
f 1630/1/1410 1632/1/1412 2188/1/1940
f 1667/1/1443 1657/1/1434 1665/1/1441
f 1672/1/1447 1665/1/1441 1675/1/1450
f 2183/1/1935 1703/1/1478 1705/1/1480
f 2181/1/1933 2183/1/1935 2180/1/1932
f 2177/1/1929 2179/1/1931 2175/1/1927
f 1697/1/1472 1699/1/1474 1701/1/1476
f 1695/1/1470 1696/1/1471 2189/1/1941
f 1688/1/1463 1690/1/1465 1687/1/1462
f 1685/1/1460 1687/1/1462 1684/1/1459
f 1580/1/1371 1576/1/1367 1573/1/1364
f 1633/1/1413 1628/1/1408 1639/1/1418
f 2025/1/1797 2019/1/1791 2190/1/1942
f 2018/1/1790 2011/1/1783 2191/1/1943
f 2011/1/1783 2002/1/1774 2192/1/1944
f 2002/1/1774 2000/1/1772 2193/1/1945
f 2000/1/1772 1993/1/1765 2194/1/1946
f 1993/1/1765 1991/1/1763 2195/1/1947
f 1988/1/1760 1984/1/1756 2196/1/1948
f 1976/1/1748 1971/1/1743 2197/1/1949
f 1971/1/1743 1970/1/1742 2198/1/1950
f 1971/1/1743 2198/1/1950 2199/1/1951
f 1998/1/1770 1964/1/1736 2200/1/1952
f 1964/1/1736 1963/1/1735 2201/1/1953
f 1963/1/1735 2023/1/1795 2202/1/1954
f 2023/1/1795 2017/1/1789 2203/1/1955
f 2012/1/1784 2003/1/1775 2204/1/1956
f 2003/1/1775 1961/1/1733 2205/1/1957
f 1961/1/1733 1960/1/1732 2206/1/1958
f 1960/1/1732 1986/1/1758 2207/1/1959
f 1986/1/1758 1982/1/1754 2208/1/1960
f 1978/1/1750 1974/1/1746 2209/1/1961
f 1974/1/1746 1967/1/1739 2210/1/1962
f 1967/1/1739 1966/1/1738 2211/1/1963
f 1966/1/1738 2029/1/1801 2212/1/1964
f 2029/1/1801 2027/1/1799 2213/1/1965
f 2027/1/1799 2021/1/1793 2214/1/1966
f 2021/1/1793 2015/1/1787 2215/1/1967
f 2015/1/1787 2008/1/1780 2216/1/1968
f 2007/1/1779 1996/1/1768 2217/1/1969
f 2066/1/1827 2050/1/1817 2051/1/1817
f 2066/1/1827 2051/1/1817 2067/1/1827
f 1996/1/1768 2010/1/1782 1997/1/1769
f 2218/3/1970 2219/3/1971 2220/3/1972
f 2221/3/1973 2219/3/1971 2218/3/1970
f 2222/3/1974 2223/3/1975 2224/3/1976
f 2223/3/1975 2225/3/1977 2224/3/1976
f 2226/3/1978 2219/3/1971 2221/3/1973
f 2226/3/1978 2221/3/1973 2227/3/1979
f 2228/3/1980 2218/3/1970 2229/3/1981
f 2230/3/1982 2220/3/1972 2219/3/1971
f 2230/3/1982 2219/3/1971 2226/3/1978
f 2228/3/1980 2221/3/1973 2218/3/1970
f 2231/3/1983 2221/3/1973 2228/3/1980
f 2232/3/1984 2220/3/1972 2230/3/1982
f 2227/3/1979 2221/3/1973 2231/3/1983
f 2233/3/1985 2218/3/1970 2220/3/1972
f 2233/3/1985 2220/3/1972 2232/3/1984
f 2229/3/1981 2218/3/1970 2233/3/1985
f 2234/3/1986 2235/3/1987 2236/3/1988
f 2234/3/1986 2236/3/1988 2237/3/1989
f 2238/3/1990 2239/3/1991 2240/3/1992
f 2240/3/1992 2239/3/1991 2241/3/1993
f 2242/3/1994 2243/3/1995 2244/3/1996
f 2244/3/1996 2243/3/1995 2245/3/1997
f 2237/3/1989 2236/3/1988 2246/3/1998
f 2240/3/1992 2241/3/1993 2247/3/1999
f 2244/3/1996 2245/3/1997 2248/3/2000
f 2247/3/1999 2241/3/1993 2249/3/2001
f 2248/3/2000 2245/3/1997 2250/3/2002
f 2246/3/1998 2251/3/2003 2252/3/2004
f 2247/3/1999 2249/3/2001 2253/3/2005
f 2252/3/2004 2251/3/2003 2242/3/1994
f 2253/3/2005 2249/3/2001 2254/3/2006
f 2242/3/1994 2251/3/2003 2243/3/1995
f 2253/3/2005 2254/3/2006 2255/3/2007
f 2255/3/2007 2254/3/2006 2256/3/2008
f 2256/3/2008 2254/3/2006 2257/3/2009
f 2258/3/2010 2259/3/2011 2260/3/2012
f 2256/3/2008 2257/3/2009 2261/3/2013
f 2260/3/2012 2259/3/2011 2262/3/2014
f 2262/3/2014 2259/3/2011 2263/3/2015
f 2264/3/2016 2261/3/2013 2235/3/1987
f 2264/3/2016 2235/3/1987 2234/3/1986
f 2262/3/2014 2263/3/2015 2238/3/1990
f 2238/3/1990 2263/3/2015 2239/3/1991
f 2265/3/2017 2227/3/1979 2266/3/2018
f 2265/3/2017 2266/3/2018 2267/3/2019
f 2243/3/1995 2268/3/2020 2245/3/1997
f 2245/3/1997 2268/3/2020 2269/3/2021
f 2267/3/2019 2266/3/2018 2249/3/2001
f 2245/3/1997 2269/3/2021 2270/3/2022
f 2251/3/2003 2271/3/2023 2268/3/2020
f 2249/3/2001 2266/3/2018 2272/3/2024
f 2270/3/2022 2269/3/2021 2230/3/1982
f 2270/3/2022 2230/3/1982 2273/3/2025
f 2251/3/2003 2268/3/2020 2243/3/1995
f 2272/3/2024 2228/3/1980 2257/3/2009
f 2273/3/2025 2230/3/1982 2274/3/2026
f 2274/3/2026 2230/3/1982 2226/3/1978
f 2257/3/2009 2228/3/1980 2275/3/2027
f 2275/3/2027 2228/3/1980 2276/3/2028
f 2274/3/2026 2226/3/1978 2227/3/1979
f 2274/3/2026 2227/3/1979 2265/3/2017
f 2277/3/2029 2264/3/2016 2278/3/2030
f 2279/3/2031 2264/3/2016 2277/3/2029
f 2280/3/2032 2260/3/2012 2281/3/2033
f 2282/3/2034 2260/3/2012 2280/3/2032
f 2283/3/2035 2256/3/2008 2284/3/2036
f 2285/3/2037 2255/3/2007 2256/3/2008
f 2285/3/2037 2256/3/2008 2283/3/2035
f 2286/3/2038 2287/3/2039 2288/3/2040
f 2289/3/2041 2255/3/2007 2285/3/2037
f 2290/3/2042 2252/3/2004 2291/3/2043
f 2292/3/2044 2252/3/2004 2290/3/2042
f 2293/3/2045 2294/3/2046 2295/3/2047
f 2296/3/2048 2238/3/1990 2297/3/2049
f 2264/3/2016 2234/3/1986 2278/3/2030
f 2296/3/2048 2262/3/2014 2238/3/1990
f 2281/3/2033 2262/3/2014 2296/3/2048
f 2279/3/2031 2261/3/2013 2264/3/2016
f 2284/3/2036 2261/3/2013 2279/3/2031
f 2260/3/2012 2262/3/2014 2281/3/2033
f 2284/3/2036 2256/3/2008 2261/3/2013
f 2282/3/2034 2258/3/2010 2260/3/2012
f 2288/3/2040 2258/3/2010 2282/3/2034
f 2288/3/2040 2298/3/2050 2258/3/2010
f 2287/3/2039 2298/3/2050 2288/3/2040
f 2289/3/2041 2253/3/2005 2255/3/2007
f 2291/3/2043 2242/3/1994 2299/3/2051
f 2287/3/2039 2250/3/2002 2298/3/2050
f 2300/3/2052 2253/3/2005 2289/3/2041
f 2301/3/2053 2250/3/2002 2287/3/2039
f 2252/3/2004 2242/3/1994 2291/3/2043
f 2301/3/2053 2248/3/2000 2250/3/2002
f 2302/3/2054 2247/3/1999 2253/3/2005
f 2302/3/2054 2253/3/2005 2300/3/2052
f 2303/3/2055 2248/3/2000 2301/3/2053
f 2292/3/2044 2246/3/1998 2252/3/2004
f 2304/3/2056 2247/3/1999 2302/3/2054
f 2305/3/2057 2244/3/1996 2248/3/2000
f 2305/3/2057 2248/3/2000 2303/3/2055
f 2304/3/2056 2240/3/1992 2247/3/1999
f 2295/3/2047 2237/3/1989 2246/3/1998
f 2295/3/2047 2246/3/1998 2292/3/2044
f 2306/3/2058 2244/3/1996 2305/3/2057
f 2307/3/2059 2240/3/1992 2304/3/2056
f 2294/3/2046 2237/3/1989 2295/3/2047
f 2299/3/2051 2242/3/1994 2244/3/1996
f 2299/3/2051 2244/3/1996 2306/3/2058
f 2308/3/2060 2240/3/1992 2307/3/2059
f 2308/3/2060 2238/3/1990 2240/3/1992
f 2294/3/2046 2234/3/1986 2237/3/1989
f 2297/3/2049 2238/3/1990 2308/3/2060
f 2278/3/2030 2234/3/1986 2294/3/2046
f 2309/3/2061 2310/3/2062 2311/3/2063
f 2309/3/2061 2311/3/2063 2312/3/2064
f 2313/3/2065 2314/3/2066 2315/3/2067
f 2313/3/2065 2315/3/2067 2316/3/2065
f 2317/3/2068 2310/3/2062 2309/3/2061
f 2318/3/2069 2313/3/2065 2316/3/2065
f 2319/3/2070 2320/3/2071 2317/3/2068
f 2321/3/2072 2322/3/2073 2323/3/2074
f 2324/3/2075 2325/3/2076 2320/3/2071
f 2324/3/2075 2320/3/2071 2319/3/2070
f 2326/3/2077 2327/3/2078 2328/3/2079
f 2329/3/2080 2330/3/2081 2325/3/2076
f 2329/3/2080 2325/3/2076 2324/3/2075
f 2331/3/2082 2318/3/2069 2332/3/2083
f 2333/3/2084 2334/3/2085 2330/3/2081
f 2333/3/2084 2330/3/2081 2329/3/2080
f 2323/3/2074 2322/3/2073 2335/3/2086
f 2323/3/2074 2335/3/2086 2336/3/2086
f 2337/3/2087 2338/3/2088 2334/3/2085
f 2337/3/2087 2334/3/2085 2333/3/2084
f 2339/3/2089 2326/3/2077 2328/3/2079
f 2339/3/2089 2328/3/2079 2340/3/2089
f 2341/3/2090 2342/3/2091 2338/3/2088
f 2341/3/2090 2338/3/2088 2337/3/2087
f 2343/3/2092 2331/3/2082 2332/3/2083
f 2343/3/2092 2332/3/2083 2344/3/2092
f 2345/3/2093 2346/3/2094 2342/3/2091
f 2345/3/2093 2342/3/2091 2341/3/2090
f 2336/3/2086 2335/3/2086 2347/3/2095
f 2336/3/2086 2347/3/2095 2348/3/2095
f 2349/3/2096 2350/3/2097 2346/3/2094
f 2349/3/2096 2346/3/2094 2345/3/2093
f 2351/3/2098 2339/3/2089 2340/3/2089
f 2351/3/2098 2340/3/2089 2352/3/2098
f 2353/3/2099 2354/3/2100 2355/3/2101
f 2353/3/2099 2355/3/2101 2356/3/2102
f 2357/3/2103 2358/3/2103 2350/3/2097
f 2357/3/2103 2350/3/2097 2349/3/2096
f 2359/3/2104 2343/3/2092 2344/3/2092
f 2359/3/2104 2344/3/2092 2360/3/2104
f 2361/3/2105 2362/3/2106 2363/3/2107
f 2364/3/2108 2365/3/2108 2358/3/2103
f 2364/3/2108 2358/3/2103 2357/3/2103
f 2348/3/2095 2347/3/2095 2366/3/2109
f 2348/3/2095 2366/3/2109 2367/3/2109
f 2368/3/2110 2369/3/2111 2361/3/2105
f 2370/3/2112 2371/3/2113 2365/3/2108
f 2370/3/2112 2365/3/2108 2364/3/2108
f 2372/3/2114 2351/3/2098 2352/3/2098
f 2373/3/2115 2374/3/2116 2369/3/2111
f 2373/3/2115 2369/3/2111 2368/3/2110
f 2375/3/2117 2376/3/2118 2371/3/2113
f 2375/3/2117 2371/3/2113 2370/3/2112
f 2377/3/2119 2359/3/2104 2360/3/2104
f 2377/3/2119 2360/3/2104 2378/3/2119
f 2379/3/2120 2374/3/2116 2373/3/2115
f 2367/3/2109 2366/3/2109 2380/3/2121
f 2367/3/2109 2380/3/2121 2381/3/2121
f 2382/3/2122 2383/3/2123 2376/3/2118
f 2382/3/2122 2376/3/2118 2375/3/2117
f 2384/3/2124 2385/3/2125 2379/3/2120
f 2386/3/2126 2372/3/2114 2387/3/2127
f 2388/3/2128 2383/3/2123 2382/3/2122
f 2389/3/2129 2390/3/2130 2385/3/2125
f 2389/3/2129 2385/3/2125 2384/3/2124
f 2391/3/2131 2392/3/2132 2388/3/2128
f 2393/3/2133 2394/3/2134 2390/3/2130
f 2393/3/2133 2390/3/2130 2389/3/2129
f 2381/3/2121 2380/3/2121 2395/3/2135
f 2381/3/2121 2395/3/2135 2396/3/2135
f 2397/3/2136 2392/3/2132 2391/3/2131
f 2398/3/2137 2394/3/2134 2393/3/2133
f 2399/3/2138 2386/3/2126 2387/3/2127
f 2399/3/2138 2387/3/2127 2400/3/2139
f 2401/3/2140 2402/3/2141 2398/3/2137
f 2396/3/2135 2395/3/2135 2403/3/2142
f 2396/3/2135 2403/3/2142 2404/3/2142
f 2405/3/2143 2406/3/2144 2402/3/2141
f 2405/3/2143 2402/3/2141 2401/3/2140
f 2407/3/2145 2408/3/2146 2409/3/2147
f 2410/3/2148 2399/3/2138 2400/3/2139
f 2411/3/2149 2412/3/2150 2406/3/2144
f 2411/3/2149 2406/3/2144 2405/3/2143
f 2404/3/2142 2403/3/2142 2413/3/2151
f 2404/3/2142 2413/3/2151 2414/3/2151
f 2415/3/2152 2416/3/2153 2412/3/2150
f 2415/3/2152 2412/3/2150 2411/3/2149
f 2417/3/2154 2418/3/2155 2416/3/2153
f 2417/3/2154 2416/3/2153 2415/3/2152
f 2419/3/2156 2420/3/2157 2418/3/2155
f 2419/3/2156 2418/3/2155 2417/3/2154
f 2235/3/1987 2276/3/2028 2421/3/2158
f 2263/3/2015 2265/3/2017 2239/3/1991
f 2235/3/1987 2275/3/2027 2276/3/2028
f 2263/3/2015 2274/3/2026 2265/3/2017
f 2261/3/2013 2275/3/2027 2235/3/1987
f 2259/3/2011 2274/3/2026 2263/3/2015
f 2257/3/2009 2275/3/2027 2261/3/2013
f 2258/3/2010 2273/3/2025 2274/3/2026
f 2258/3/2010 2274/3/2026 2259/3/2011
f 2254/3/2006 2272/3/2024 2257/3/2009
f 2298/3/2050 2273/3/2025 2258/3/2010
f 2298/3/2050 2270/3/2022 2273/3/2025
f 2249/3/2001 2272/3/2024 2254/3/2006
f 2250/3/2002 2270/3/2022 2298/3/2050
f 2246/3/1998 2271/3/2023 2251/3/2003
f 2245/3/1997 2270/3/2022 2250/3/2002
f 2241/3/1993 2267/3/2019 2249/3/2001
f 2236/3/1988 2421/3/2158 2271/3/2023
f 2236/3/1988 2271/3/2023 2246/3/1998
f 2241/3/1993 2265/3/2017 2267/3/2019
f 2239/3/1991 2265/3/2017 2241/3/1993
f 2235/3/1987 2421/3/2158 2236/3/1988
f 2421/3/2158 2229/3/1981 2233/3/1985
f 2268/3/2020 2233/3/1985 2232/3/1984
f 2421/3/2158 2233/3/1985 2271/3/2023
f 2266/3/2018 2227/3/1979 2231/3/1983
f 2268/3/2020 2232/3/1984 2269/3/2021
f 2271/3/2023 2233/3/1985 2268/3/2020
f 2266/3/2018 2231/3/1983 2272/3/2024
f 2269/3/2021 2232/3/1984 2230/3/1982
f 2272/3/2024 2231/3/1983 2228/3/1980
f 2228/3/1980 2229/3/1981 2276/3/2028
f 2276/3/2028 2229/3/1981 2421/3/2158
f 2312/3/2064 2311/3/2063 2422/3/2159
f 2312/3/2064 2422/3/2159 2423/3/2160
f 2423/3/2160 2422/3/2159 2424/3/2161
f 2425/3/2162 2426/3/2163 2427/3/2164
f 2427/3/2164 2426/3/2163 2428/3/2165
f 2427/3/2164 2428/3/2165 2429/3/2166
f 2429/3/2166 2428/3/2165 2430/3/2167
f 2431/3/2168 2432/3/2169 2433/3/2170
f 2434/3/2171 2435/3/2172 2436/3/2173
f 2434/3/2171 2436/3/2173 2437/3/2174
f 2437/3/2174 2436/3/2173 2438/3/2175
f 2438/3/2175 2439/3/2176 2440/3/2177
f 2440/3/2177 2439/3/2176 2441/3/2178
f 2440/3/2177 2441/3/2178 2442/3/2178
f 2442/3/2178 2441/3/2178 2443/3/2179
f 2442/3/2178 2443/3/2179 2444/3/2180
f 2444/3/2180 2443/3/2179 2445/3/2181
f 2444/3/2180 2445/3/2181 2446/3/2182
f 2446/3/2182 2445/3/2181 2447/3/2183
f 2447/3/2183 2448/3/2184 2449/3/2185
f 2449/3/2185 2448/3/2184 2450/3/2186
f 2449/3/2185 2450/3/2186 2451/3/2187
f 2451/3/2187 2450/3/2186 2452/3/2188
f 2452/3/2188 2453/3/2189 2454/3/2190
f 2454/3/2190 2453/3/2189 2455/3/2191
f 2454/3/2190 2455/3/2191 2456/3/2191
f 2456/3/2191 2455/3/2191 2457/3/2192
f 2456/3/2191 2457/3/2192 2458/3/2193
f 2458/3/2193 2457/3/2192 2459/3/2194
f 2458/3/2193 2459/3/2194 2460/3/2195
f 2460/3/2195 2459/3/2194 2461/3/2196
f 2460/3/2195 2461/3/2196 2462/3/2197
f 2462/3/2197 2461/3/2196 2463/3/2198
f 2462/3/2197 2463/3/2198 2464/3/2199
f 2464/3/2199 2463/3/2198 2465/3/2200
f 2464/3/2199 2465/3/2200 2466/3/2201
f 2466/3/2201 2465/3/2200 2420/3/2157
f 2466/3/2201 2420/3/2157 2419/3/2156
f 2314/3/2066 2467/3/2202 2315/3/2067
f 2363/3/2107 2362/3/2106 2468/3/2203
f 2469/3/2204 2470/3/2205 2321/3/2072
f 2327/3/2078 2471/3/2206 2472/3/2206
f 2473/3/2207 2474/3/2208 2475/3/2209
f 2473/3/2207 2475/3/2209 2476/3/2210
f 2477/3/2211 2280/3/2032 2281/3/2033
f 2478/3/2212 2280/3/2032 2477/3/2211
f 2479/3/2213 2284/3/2036 2279/3/2031
f 2479/3/2213 2279/3/2031 2480/3/2214
f 2481/3/2215 2282/3/2034 2280/3/2032
f 2481/3/2215 2280/3/2032 2478/3/2212
f 2479/3/2213 2283/3/2035 2284/3/2036
f 2482/3/2216 2283/3/2035 2479/3/2213
f 2483/3/2217 2288/3/2040 2282/3/2034
f 2483/3/2217 2282/3/2034 2481/3/2215
f 2285/3/2037 2283/3/2035 2482/3/2216
f 2286/3/2038 2288/3/2040 2483/3/2217
f 2484/3/2218 2289/3/2041 2285/3/2037
f 2485/3/2219 2287/3/2039 2286/3/2038
f 2486/3/2220 2291/3/2043 2299/3/2051
f 2486/3/2220 2299/3/2051 2487/3/2221
f 2488/3/2222 2300/3/2052 2289/3/2041
f 2488/3/2222 2289/3/2041 2484/3/2218
f 2485/3/2219 2301/3/2053 2287/3/2039
f 2290/3/2042 2291/3/2043 2486/3/2220
f 2489/3/2223 2301/3/2053 2485/3/2219
f 2490/3/2224 2302/3/2054 2300/3/2052
f 2490/3/2224 2300/3/2052 2488/3/2222
f 2489/3/2223 2303/3/2055 2301/3/2053
f 2491/3/2225 2292/3/2044 2290/3/2042
f 2492/3/2226 2303/3/2055 2489/3/2223
f 2493/3/2227 2304/3/2056 2302/3/2054
f 2493/3/2227 2302/3/2054 2490/3/2224
f 2492/3/2226 2305/3/2057 2303/3/2055
f 2494/3/2228 2295/3/2047 2292/3/2044
f 2494/3/2228 2292/3/2044 2491/3/2225
f 2495/3/2229 2305/3/2057 2492/3/2226
f 2496/3/2230 2307/3/2059 2304/3/2056
f 2496/3/2230 2304/3/2056 2493/3/2227
f 2495/3/2229 2306/3/2058 2305/3/2057
f 2293/3/2045 2295/3/2047 2494/3/2228
f 2487/3/2221 2306/3/2058 2495/3/2229
f 2497/3/2231 2308/3/2060 2307/3/2059
f 2497/3/2231 2307/3/2059 2496/3/2230
f 2487/3/2221 2299/3/2051 2306/3/2058
f 2498/3/2232 2294/3/2046 2293/3/2045
f 2499/3/2233 2297/3/2049 2308/3/2060
f 2499/3/2233 2308/3/2060 2497/3/2231
f 2500/3/2234 2278/3/2030 2294/3/2046
f 2500/3/2234 2294/3/2046 2498/3/2232
f 2501/3/2235 2296/3/2048 2297/3/2049
f 2501/3/2235 2297/3/2049 2499/3/2233
f 2277/3/2029 2278/3/2030 2500/3/2234
f 2477/3/2211 2281/3/2033 2296/3/2048
f 2477/3/2211 2296/3/2048 2501/3/2235
f 2480/3/2214 2279/3/2031 2277/3/2029
f 2486/3/2220 2487/3/2221 2502/3/2236
f 2486/3/2220 2502/3/2236 2503/3/2237
f 2486/3/2220 2503/3/2237 2504/3/2238
f 2290/3/2042 2486/3/2220 2504/3/2238
f 2290/3/2042 2504/3/2238 2505/3/2239
f 2290/3/2042 2505/3/2239 2506/3/2240
f 2491/3/2225 2290/3/2042 2506/3/2240
f 2491/3/2225 2506/3/2240 2507/3/2241
f 2491/3/2225 2507/3/2241 2508/3/2242
f 2494/3/2228 2491/3/2225 2508/3/2242
f 2494/3/2228 2508/3/2242 2509/3/2243
f 2494/3/2228 2509/3/2243 2510/3/2244
f 2293/3/2045 2494/3/2228 2510/3/2244
f 2293/3/2045 2510/3/2244 2511/3/2245
f 2293/3/2045 2511/3/2245 2512/3/2246
f 2498/3/2232 2293/3/2045 2512/3/2246
f 2498/3/2232 2512/3/2246 2513/3/2247
f 2498/3/2232 2513/3/2247 2514/3/2248
f 2500/3/2234 2498/3/2232 2514/3/2248
f 2500/3/2234 2514/3/2248 2515/3/2249
f 2500/3/2234 2515/3/2249 2516/3/2250
f 2277/3/2029 2500/3/2234 2516/3/2250
f 2277/3/2029 2516/3/2250 2517/3/2251
f 2277/3/2029 2517/3/2251 2518/3/2252
f 2480/3/2214 2277/3/2029 2518/3/2252
f 2480/3/2214 2518/3/2252 2519/3/2253
f 2480/3/2214 2519/3/2253 2520/3/2254
f 2479/3/2213 2480/3/2214 2520/3/2254
f 2479/3/2213 2520/3/2254 2521/3/2255
f 2479/3/2213 2521/3/2255 2522/3/2256
f 2479/3/2213 2522/3/2256 2523/3/2257
f 2482/3/2216 2479/3/2213 2523/3/2257
f 2482/3/2216 2523/3/2257 2524/3/2258
f 2482/3/2216 2524/3/2258 2525/3/2259
f 2285/3/2037 2482/3/2216 2525/3/2259
f 2285/3/2037 2525/3/2259 2526/3/2260
f 2285/3/2037 2526/3/2260 2527/3/2261
f 2484/3/2218 2285/3/2037 2527/3/2261
f 2484/3/2218 2527/3/2261 2528/3/2262
f 2484/3/2218 2528/3/2262 2529/3/2263
f 2488/3/2222 2484/3/2218 2529/3/2263
f 2488/3/2222 2529/3/2263 2530/3/2264
f 2488/3/2222 2530/3/2264 2531/3/2265
f 2490/3/2224 2488/3/2222 2531/3/2265
f 2490/3/2224 2531/3/2265 2532/3/2266
f 2490/3/2224 2532/3/2266 2533/3/2267
f 2493/3/2227 2490/3/2224 2533/3/2267
f 2493/3/2227 2533/3/2267 2534/3/2268
f 2493/3/2227 2534/3/2268 2535/3/2269
f 2496/3/2230 2493/3/2227 2535/3/2269
f 2496/3/2230 2535/3/2269 2536/3/2270
f 2496/3/2230 2536/3/2270 2537/3/2271
f 2497/3/2231 2496/3/2230 2537/3/2271
f 2497/3/2231 2537/3/2271 2538/3/2272
f 2497/3/2231 2538/3/2272 2539/3/2273
f 2499/3/2233 2497/3/2231 2539/3/2273
f 2499/3/2233 2539/3/2273 2540/3/2274
f 2499/3/2233 2540/3/2274 2541/3/2275
f 2501/3/2235 2499/3/2233 2541/3/2275
f 2501/3/2235 2541/3/2275 2542/3/2276
f 2501/3/2235 2542/3/2276 2543/3/2277
f 2477/3/2211 2501/3/2235 2543/3/2277
f 2477/3/2211 2543/3/2277 2544/3/2278
f 2477/3/2211 2544/3/2278 2545/3/2279
f 2477/3/2211 2545/3/2279 2546/3/2280
f 2478/3/2212 2477/3/2211 2546/3/2280
f 2478/3/2212 2546/3/2280 2547/3/2281
f 2478/3/2212 2547/3/2281 2548/3/2282
f 2481/3/2215 2478/3/2212 2548/3/2282
f 2481/3/2215 2548/3/2282 2549/3/2283
f 2481/3/2215 2549/3/2283 2550/3/2284
f 2483/3/2217 2481/3/2215 2550/3/2284
f 2483/3/2217 2550/3/2284 2551/3/2285
f 2483/3/2217 2551/3/2285 2552/3/2286
f 2286/3/2038 2483/3/2217 2552/3/2286
f 2286/3/2038 2552/3/2286 2553/3/2287
f 2286/3/2038 2553/3/2287 2554/3/2288
f 2485/3/2219 2286/3/2038 2554/3/2288
f 2485/3/2219 2554/3/2288 2555/3/2289
f 2485/3/2219 2555/3/2289 2556/3/2290
f 2485/3/2219 2556/3/2290 2557/3/2291
f 2489/3/2223 2485/3/2219 2557/3/2291
f 2489/3/2223 2557/3/2291 2558/3/2292
f 2489/3/2223 2558/3/2292 2559/3/2293
f 2492/3/2226 2489/3/2223 2559/3/2293
f 2492/3/2226 2559/3/2293 2560/3/2294
f 2492/3/2226 2560/3/2294 2561/3/2295
f 2495/3/2229 2492/3/2226 2561/3/2295
f 2495/3/2229 2561/3/2295 2562/3/2296
f 2495/3/2229 2562/3/2296 2563/3/2297
f 2487/3/2221 2495/3/2229 2563/3/2297
f 2487/3/2221 2563/3/2297 2564/3/2298
f 2487/3/2221 2564/3/2298 2565/3/2299
f 2487/3/2221 2565/3/2299 2502/3/2236
f 2566/3/2300 2225/3/1977 2223/3/1975
f 2567/3/2301 2568/3/2302 2222/3/1974
f 2567/3/2301 2222/3/1974 2224/3/1976
f 2569/3/2303 2566/3/2300 2223/3/1975
f 2570/3/2304 2571/3/2305 2225/3/1977
f 2571/3/2305 2567/3/2301 2224/3/1976
f 2572/3/2306 2569/3/2303 2223/3/1975
f 2571/3/2305 2224/3/1976 2225/3/1977
f 2572/3/2306 2223/3/1975 2222/3/1974
f 2568/3/2302 2572/3/2306 2222/3/1974
f 2566/3/2300 2570/3/2304 2225/3/1977
f 2573/3/2307 2574/3/2308 2575/3/2309
f 2573/3/2307 2576/3/2310 2574/3/2308
f 2577/3/2311 2578/3/2312 2579/3/2313
f 2577/3/2311 2579/3/2313 2580/3/2314
f 2581/3/2315 2582/3/2316 2583/3/2317
f 2582/3/2316 2584/3/2318 2583/3/2317
f 2576/3/2310 2585/3/2319 2574/3/2308
f 2578/3/2312 2586/3/2320 2579/3/2313
f 2582/3/2316 2587/3/2321 2584/3/2318
f 2586/3/2320 2588/3/2322 2589/3/2323
f 2586/3/2320 2589/3/2323 2579/3/2313
f 2585/3/2319 2590/3/2324 2591/3/2325
f 2590/3/2324 2581/3/2315 2591/3/2325
f 2592/3/2326 2593/3/2327 2587/3/2321
f 2588/3/2322 2594/3/2328 2595/3/2329
f 2588/3/2322 2595/3/2329 2589/3/2323
f 2581/3/2315 2583/3/2317 2591/3/2325
f 2592/3/2326 2596/3/2330 2593/3/2327
f 2596/3/2330 2597/3/2331 2593/3/2327
f 2594/3/2328 2598/3/2332 2595/3/2329
f 2596/3/2330 2599/3/2333 2597/3/2331
f 2599/3/2333 2600/3/2334 2597/3/2331
f 2599/3/2333 2601/3/2335 2600/3/2334
f 2601/3/2335 2602/3/2336 2600/3/2334
f 2603/3/2337 2604/3/2338 2575/3/2309
f 2601/3/2335 2605/3/2339 2602/3/2336
f 2604/3/2338 2573/3/2307 2575/3/2309
f 2605/3/2339 2577/3/2311 2580/3/2314
f 2605/3/2339 2580/3/2314 2602/3/2336
f 2606/3/2340 2607/3/2341 2608/3/2342
f 2609/3/2343 2610/3/2344 2572/3/2306
f 2609/3/2343 2572/3/2306 2611/3/2345
f 2607/3/2341 2612/3/2346 2608/3/2342
f 2610/3/2344 2613/3/2347 2572/3/2306
f 2607/3/2341 2614/3/2348 2612/3/2346
f 2606/3/2340 2608/3/2342 2615/3/2349
f 2610/3/2344 2616/3/2350 2613/3/2347
f 2614/3/2348 2617/3/2351 2612/3/2346
f 2616/3/2350 2569/3/2303 2613/3/2347
f 2614/3/2348 2597/3/2331 2617/3/2351
f 2616/3/2350 2618/3/2352 2569/3/2303
f 2597/3/2331 2600/3/2334 2617/3/2351
f 2618/3/2352 2619/3/2353 2569/3/2303
f 2600/3/2334 2620/3/2354 2617/3/2351
f 2600/3/2334 2602/3/2336 2620/3/2354
f 2618/3/2352 2621/3/2355 2619/3/2353
f 2602/3/2336 2609/3/2343 2611/3/2345
f 2602/3/2336 2611/3/2345 2620/3/2354
f 2621/3/2355 2622/3/2356 2619/3/2353
f 2356/3/2102 2355/3/2101 2605/3/2339
f 2623/3/2357 2624/3/2358 2604/3/2338
f 2356/3/2102 2605/3/2339 2601/3/2335
f 2625/3/2359 2623/3/2357 2604/3/2338
f 2626/3/2360 2356/3/2102 2601/3/2335
f 2626/3/2360 2601/3/2335 2599/3/2333
f 2627/3/2361 2626/3/2360 2599/3/2333
f 2628/3/2362 2627/3/2361 2596/3/2330
f 2628/3/2362 2596/3/2330 2629/3/2363
f 2630/3/2364 2631/3/2365 2590/3/2324
f 2632/3/2366 2630/3/2364 2590/3/2324
f 2633/3/2367 2634/3/2368 2578/3/2312
f 2635/3/2369 2633/3/2367 2578/3/2312
f 2624/3/2358 2636/3/2370 2573/3/2307
f 2605/3/2339 2355/3/2101 2577/3/2311
f 2604/3/2338 2624/3/2358 2573/3/2307
f 2625/3/2359 2604/3/2338 2603/3/2337
f 2637/3/2371 2625/3/2359 2603/3/2337
f 2637/3/2371 2603/3/2337 2598/3/2332
f 2638/3/2372 2637/3/2371 2598/3/2332
f 2596/3/2330 2627/3/2361 2599/3/2333
f 2639/3/2373 2638/3/2372 2598/3/2332
f 2639/3/2373 2598/3/2332 2594/3/2328
f 2629/3/2363 2596/3/2330 2592/3/2326
f 2640/3/2374 2639/3/2373 2594/3/2328
f 2631/3/2365 2641/3/2375 2581/3/2315
f 2642/3/2376 2640/3/2374 2594/3/2328
f 2642/3/2376 2594/3/2328 2588/3/2322
f 2643/3/2377 2629/3/2363 2592/3/2326
f 2590/3/2324 2631/3/2365 2581/3/2315
f 2643/3/2377 2592/3/2326 2587/3/2321
f 2644/3/2378 2642/3/2376 2588/3/2322
f 2645/3/2379 2643/3/2377 2587/3/2321
f 2632/3/2366 2590/3/2324 2585/3/2319
f 2634/3/2368 2644/3/2378 2588/3/2322
f 2634/3/2368 2588/3/2322 2586/3/2320
f 2646/3/2380 2645/3/2379 2587/3/2321
f 2646/3/2380 2587/3/2321 2582/3/2316
f 2647/3/2381 2632/3/2366 2585/3/2319
f 2647/3/2381 2585/3/2319 2576/3/2310
f 2648/3/2382 2646/3/2380 2582/3/2316
f 2578/3/2312 2634/3/2368 2586/3/2320
f 2649/3/2383 2647/3/2381 2576/3/2310
f 2641/3/2375 2648/3/2382 2582/3/2316
f 2641/3/2375 2582/3/2316 2581/3/2315
f 2635/3/2369 2578/3/2312 2577/3/2311
f 2636/3/2370 2649/3/2383 2576/3/2310
f 2636/3/2370 2576/3/2310 2573/3/2307
f 2355/3/2101 2635/3/2369 2577/3/2311
f 2650/3/2384 2651/3/2385 2636/3/2370
f 2650/3/2384 2636/3/2370 2624/3/2358
f 2354/3/2100 2652/3/2386 2355/3/2101
f 2651/3/2385 2653/3/2387 2636/3/2370
f 2652/3/2386 2654/3/2388 2635/3/2369
f 2652/3/2386 2635/3/2369 2355/3/2101
f 2655/3/2389 2656/3/2390 2641/3/2375
f 2653/3/2387 2657/3/2391 2649/3/2383
f 2653/3/2387 2649/3/2383 2636/3/2370
f 2654/3/2388 2658/3/2392 2635/3/2369
f 2656/3/2390 2659/3/2393 2641/3/2375
f 2657/3/2391 2660/3/2394 2649/3/2383
f 2658/3/2392 2661/3/2395 2633/3/2367
f 2658/3/2392 2633/3/2367 2635/3/2369
f 2659/3/2393 2662/3/2396 2648/3/2382
f 2659/3/2393 2648/3/2382 2641/3/2375
f 2660/3/2394 2663/3/2397 2647/3/2381
f 2660/3/2394 2647/3/2381 2649/3/2383
f 2662/3/2396 2664/3/2398 2648/3/2382
f 2663/3/2397 2665/3/2399 2647/3/2381
f 2633/3/2367 2666/3/2400 2634/3/2368
f 2664/3/2398 2667/3/2401 2646/3/2380
f 2664/3/2398 2646/3/2380 2648/3/2382
f 2665/3/2399 2668/3/2402 2632/3/2366
f 2665/3/2399 2632/3/2366 2647/3/2381
f 2666/3/2400 2669/3/2403 2634/3/2368
f 2667/3/2401 2670/3/2404 2645/3/2379
f 2667/3/2401 2645/3/2379 2646/3/2380
f 2668/3/2402 2671/3/2405 2632/3/2366
f 2669/3/2403 2672/3/2406 2644/3/2378
f 2669/3/2403 2644/3/2378 2634/3/2368
f 2670/3/2404 2673/3/2407 2645/3/2379
f 2671/3/2405 2674/3/2408 2630/3/2364
f 2671/3/2405 2630/3/2364 2632/3/2366
f 2672/3/2406 2675/3/2409 2644/3/2378
f 2673/3/2407 2676/3/2410 2643/3/2377
f 2673/3/2407 2643/3/2377 2645/3/2379
f 2675/3/2409 2677/3/2411 2642/3/2376
f 2675/3/2409 2642/3/2376 2644/3/2378
f 2676/3/2410 2678/3/2412 2643/3/2377
f 2630/3/2364 2679/3/2413 2631/3/2365
f 2677/3/2411 2680/3/2414 2642/3/2376
f 2678/3/2412 2681/3/2415 2629/3/2363
f 2678/3/2412 2629/3/2363 2643/3/2377
f 2682/3/2416 2655/3/2389 2641/3/2375
f 2682/3/2416 2641/3/2375 2631/3/2365
f 2680/3/2414 2683/3/2417 2640/3/2374
f 2680/3/2414 2640/3/2374 2642/3/2376
f 2679/3/2413 2682/3/2416 2631/3/2365
f 2681/3/2415 2684/3/2418 2629/3/2363
f 2683/3/2417 2685/3/2419 2640/3/2374
f 2684/3/2418 2686/3/2420 2628/3/2362
f 2684/3/2418 2628/3/2362 2629/3/2363
f 2685/3/2419 2687/3/2421 2639/3/2373
f 2685/3/2419 2639/3/2373 2640/3/2374
f 2686/3/2420 2688/3/2422 2628/3/2362
f 2687/3/2421 2689/3/2423 2639/3/2373
f 2688/3/2422 2690/3/2424 2628/3/2362
f 2689/3/2423 2691/3/2425 2638/3/2372
f 2689/3/2423 2638/3/2372 2639/3/2373
f 2690/3/2424 2692/3/2426 2628/3/2362
f 2691/3/2425 2693/3/2427 2638/3/2372
f 2692/3/2426 2694/3/2428 2627/3/2361
f 2692/3/2426 2627/3/2361 2628/3/2362
f 2693/3/2427 2695/3/2429 2638/3/2372
f 2694/3/2428 2696/3/2430 2627/3/2361
f 2695/3/2429 2697/3/2431 2637/3/2371
f 2695/3/2429 2637/3/2371 2638/3/2372
f 2696/3/2430 2698/3/2432 2626/3/2360
f 2696/3/2430 2626/3/2360 2627/3/2361
f 2697/3/2431 2699/3/2433 2637/3/2371
f 2698/3/2432 2700/3/2434 2626/3/2360
f 2699/3/2433 2701/3/2435 2625/3/2359
f 2699/3/2433 2625/3/2359 2637/3/2371
f 2700/3/2434 2702/3/2436 2626/3/2360
f 2701/3/2435 2703/3/2437 2625/3/2359
f 2702/3/2436 2704/3/2438 2356/3/2102
f 2702/3/2436 2356/3/2102 2626/3/2360
f 2703/3/2437 2705/3/2439 2623/3/2357
f 2703/3/2437 2623/3/2357 2625/3/2359
f 2704/3/2438 2706/3/2440 2356/3/2102
f 2706/3/2440 2707/3/2441 2356/3/2102
f 2708/3/2442 2650/3/2384 2624/3/2358
f 2623/3/2357 2708/3/2442 2624/3/2358
f 2707/3/2441 2353/3/2099 2356/3/2102
f 2602/3/2336 2580/3/2314 2609/3/2343
f 2575/3/2309 2621/3/2355 2618/3/2352
f 2603/3/2337 2575/3/2309 2618/3/2352
f 2598/3/2332 2603/3/2337 2618/3/2352
f 2598/3/2332 2618/3/2352 2616/3/2350
f 2595/3/2329 2598/3/2332 2616/3/2350
f 2593/3/2327 2597/3/2331 2614/3/2348
f 2591/3/2325 2583/3/2317 2606/3/2340
f 2589/3/2323 2595/3/2329 2616/3/2350
f 2587/3/2321 2593/3/2327 2614/3/2348
f 2589/3/2323 2616/3/2350 2610/3/2344
f 2587/3/2321 2614/3/2348 2607/3/2341
f 2585/3/2319 2591/3/2325 2606/3/2340
f 2585/3/2319 2606/3/2340 2615/3/2349
f 2584/3/2318 2587/3/2321 2607/3/2341
f 2579/3/2313 2589/3/2323 2610/3/2344
f 2579/3/2313 2610/3/2344 2609/3/2343
f 2574/3/2308 2585/3/2319 2615/3/2349
f 2574/3/2308 2615/3/2349 2622/3/2356
f 2583/3/2317 2584/3/2318 2607/3/2341
f 2583/3/2317 2607/3/2341 2606/3/2340
f 2580/3/2314 2579/3/2313 2609/3/2343
f 2575/3/2309 2574/3/2308 2622/3/2356
f 2575/3/2309 2622/3/2356 2621/3/2355
f 2622/3/2356 2615/3/2349 2570/3/2304
f 2622/3/2356 2570/3/2304 2566/3/2300
f 2611/3/2345 2572/3/2306 2568/3/2302
f 2608/3/2342 2612/3/2346 2571/3/2305
f 2615/3/2349 2608/3/2342 2570/3/2304
f 2613/3/2347 2569/3/2303 2572/3/2306
f 2612/3/2346 2567/3/2301 2571/3/2305
f 2608/3/2342 2571/3/2305 2570/3/2304
f 2612/3/2346 2617/3/2351 2567/3/2301
f 2569/3/2303 2619/3/2353 2566/3/2300
f 2617/3/2351 2620/3/2354 2567/3/2301
f 2620/3/2354 2568/3/2302 2567/3/2301
f 2620/3/2354 2611/3/2345 2568/3/2302
f 2619/3/2353 2622/3/2356 2566/3/2300
f 2709/3/2443 2710/3/2444 2711/3/2445
f 2709/3/2443 2711/3/2445 2712/3/2446
f 2713/3/2447 2714/3/2448 2715/3/2449
f 2713/3/2447 2715/3/2449 2716/3/2450
f 2714/3/2448 2717/3/2451 2718/3/2452
f 2714/3/2448 2718/3/2452 2715/3/2449
f 2474/3/2208 2719/3/2453 2720/3/2454
f 2474/3/2208 2720/3/2454 2475/3/2209
f 2717/3/2451 2721/3/2455 2722/3/2456
f 2717/3/2451 2722/3/2456 2718/3/2452
f 2719/3/2453 2723/3/2457 2724/3/2458
f 2719/3/2453 2724/3/2458 2720/3/2454
f 2721/3/2455 2725/3/2459 2726/3/2460
f 2721/3/2455 2726/3/2460 2722/3/2456
f 2723/3/2457 2727/3/2461 2728/3/2462
f 2723/3/2457 2728/3/2462 2724/3/2458
f 2725/3/2459 2729/3/2463 2726/3/2460
f 2727/3/2461 2730/3/2464 2731/3/2465
f 2727/3/2461 2731/3/2465 2728/3/2462
f 2729/3/2463 2732/3/2466 2726/3/2460
f 2729/3/2463 2733/3/2467 2732/3/2466
f 2730/3/2464 2734/3/2468 2735/3/2469
f 2730/3/2464 2735/3/2469 2731/3/2465
f 2733/3/2467 2736/3/2470 2737/3/2471
f 2733/3/2467 2737/3/2471 2732/3/2466
f 2734/3/2468 2738/3/2472 2739/3/2473
f 2734/3/2468 2739/3/2473 2735/3/2469
f 2736/3/2470 2740/3/2474 2741/3/2475
f 2736/3/2470 2741/3/2475 2737/3/2471
f 2738/3/2472 2742/3/2476 2743/3/2477
f 2738/3/2472 2743/3/2477 2739/3/2473
f 2744/3/2478 2745/3/2479 2746/3/2480
f 2710/3/2444 2473/3/2207 2476/3/2210
f 2710/3/2444 2476/3/2210 2711/3/2445
f 2742/3/2476 2747/3/2481 2748/3/2482
f 2742/3/2476 2748/3/2482 2743/3/2477
f 2747/3/2481 2749/3/2483 2750/3/2484
f 2747/3/2481 2750/3/2484 2748/3/2482
f 2751/3/2485 2752/3/2486 2753/3/2487
f 2751/3/2485 2753/3/2487 2754/3/2488
f 2755/3/2489 2756/3/2490 2757/3/2491
f 2755/3/2489 2757/3/2491 2758/3/2492
f 2749/3/2483 2759/3/2493 2760/3/2494
f 2749/3/2483 2760/3/2494 2750/3/2484
f 2752/3/2486 2761/3/2495 2762/3/2496
f 2752/3/2486 2762/3/2496 2753/3/2487
f 2756/3/2490 2763/3/2497 2764/3/2498
f 2756/3/2490 2764/3/2498 2757/3/2491
f 2761/3/2495 2765/3/2499 2762/3/2496
f 2759/3/2493 2766/3/2500 2767/3/2501
f 2759/3/2493 2767/3/2501 2760/3/2494
f 2766/3/2500 2768/3/2502 2769/3/2503
f 2766/3/2500 2769/3/2503 2767/3/2501
f 2763/3/2497 2770/3/2504 2771/3/2505
f 2763/3/2497 2771/3/2505 2764/3/2498
f 2765/3/2499 2772/3/2506 2773/3/2507
f 2765/3/2499 2773/3/2507 2762/3/2496
f 2770/3/2504 2774/3/2508 2771/3/2505
f 2772/3/2506 2775/3/2509 2773/3/2507
f 2768/3/2502 2776/3/2510 2777/3/2511
f 2768/3/2502 2777/3/2511 2769/3/2503
f 2774/3/2508 2778/3/2512 2771/3/2505
f 2775/3/2509 2712/3/2446 2773/3/2507
f 2774/3/2508 2779/3/2513 2778/3/2512
f 2775/3/2509 2709/3/2443 2712/3/2446
f 2779/3/2513 2780/3/2514 2778/3/2512
f 2740/3/2474 2751/3/2485 2754/3/2488
f 2740/3/2474 2754/3/2488 2741/3/2475
f 2779/3/2513 2713/3/2447 2780/3/2514
f 2713/3/2447 2716/3/2450 2780/3/2514
f 2745/3/2479 2755/3/2489 2758/3/2492
f 2781/3/2515 2782/3/2516 2783/3/2517
f 2781/3/2515 2783/3/2517 2784/3/2518
f 2785/3/2519 2786/3/2520 2787/3/2520
f 2785/3/2519 2787/3/2520 2788/3/2519
f 2789/3/2521 2790/3/2521 2791/3/2522
f 2789/3/2521 2791/3/2522 2792/3/2522
f 2793/3/2523 2794/3/2524 2795/3/2525
f 2793/3/2523 2795/3/2525 2796/3/2526
f 2797/3/2527 2798/3/2528 2470/3/2205
f 2797/3/2527 2470/3/2205 2469/3/2204
f 2799/3/2529 2785/3/2519 2788/3/2519
f 2799/3/2529 2788/3/2519 2800/3/2530
f 2471/3/2206 2801/3/2531 2802/3/2531
f 2471/3/2206 2802/3/2531 2472/3/2206
f 2803/3/2532 2804/3/2532 2805/3/2533
f 2782/3/2516 2806/3/2534 2807/3/2535
f 2782/3/2516 2807/3/2535 2783/3/2517
f 2808/3/2536 2739/3/2473 2743/3/2477
f 2808/3/2536 2743/3/2477 2809/3/2537
f 2810/3/2538 2798/3/2528 2797/3/2527
f 2811/3/2539 2812/3/2539 2804/3/2532
f 2811/3/2539 2804/3/2532 2803/3/2532
f 2801/3/2531 2813/3/2540 2814/3/2540
f 2801/3/2531 2814/3/2540 2802/3/2531
f 2815/3/2541 2816/3/2542 2817/3/2543
f 2815/3/2541 2817/3/2543 2818/3/2544
f 2819/3/2545 2820/3/2546 2812/3/2539
f 2819/3/2545 2812/3/2539 2811/3/2539
f 2821/3/2547 2781/3/2515 2784/3/2518
f 2822/3/2548 2823/3/2549 2817/3/2543
f 2822/3/2548 2817/3/2543 2816/3/2542
f 2786/3/2520 2377/3/2119 2378/3/2119
f 2786/3/2520 2378/3/2119 2787/3/2520
f 2819/3/2545 2824/3/2550 2825/3/2551
f 2819/3/2545 2825/3/2551 2820/3/2546
f 2826/3/2552 2827/3/2553 2823/3/2549
f 2826/3/2552 2823/3/2549 2822/3/2548
f 2806/3/2534 2815/3/2541 2818/3/2544
f 2806/3/2534 2818/3/2544 2807/3/2535
f 2824/3/2550 2828/3/2554 2829/3/2555
f 2824/3/2550 2829/3/2555 2825/3/2551
f 2830/3/2556 2831/3/2557 2827/3/2553
f 2830/3/2556 2827/3/2553 2826/3/2552
f 2828/3/2554 2832/3/2558 2833/3/2559
f 2828/3/2554 2833/3/2559 2829/3/2555
f 2834/3/2560 2835/3/2560 2831/3/2557
f 2834/3/2560 2831/3/2557 2830/3/2556
f 2832/3/2558 2836/3/2561 2837/3/2562
f 2832/3/2558 2837/3/2562 2833/3/2559
f 2838/3/2563 2839/3/2564 2835/3/2560
f 2838/3/2563 2835/3/2560 2834/3/2560
f 2836/3/2561 2840/3/2565 2841/3/2566
f 2836/3/2561 2841/3/2566 2837/3/2562
f 2842/3/2567 2843/3/2567 2839/3/2564
f 2842/3/2567 2839/3/2564 2838/3/2563
f 2840/3/2565 2844/3/2568 2845/3/2569
f 2840/3/2565 2845/3/2569 2841/3/2566
f 2846/3/2570 2847/3/2570 2843/3/2567
f 2846/3/2570 2843/3/2567 2842/3/2567
f 2844/3/2568 2793/3/2523 2796/3/2526
f 2844/3/2568 2796/3/2526 2845/3/2569
f 2792/3/2522 2791/3/2522 2847/3/2570
f 2792/3/2522 2847/3/2570 2846/3/2570
f 2794/3/2524 2848/3/2571 2795/3/2525
f 2414/3/2151 2413/3/2151 2790/3/2521
f 2414/3/2151 2790/3/2521 2789/3/2521
f 2849/3/2572 2739/3/2473 2808/3/2536
f 2850/3/2573 2476/3/2210 2851/3/2574
f 2852/3/2575 2716/3/2450 2715/3/2449
f 2852/3/2575 2715/3/2449 2853/3/2576
f 2851/3/2574 2476/3/2210 2475/3/2209
f 2851/3/2574 2475/3/2209 2854/3/2577
f 2853/3/2576 2715/3/2449 2855/3/2578
f 2854/3/2577 2475/3/2209 2856/3/2579
f 2855/3/2578 2715/3/2449 2718/3/2452
f 2855/3/2578 2718/3/2452 2857/3/2580
f 2856/3/2579 2475/3/2209 2720/3/2454
f 2856/3/2579 2720/3/2454 2858/3/2581
f 2857/3/2580 2718/3/2452 2722/3/2456
f 2857/3/2580 2722/3/2456 2859/3/2582
f 2858/3/2581 2720/3/2454 2724/3/2458
f 2858/3/2581 2724/3/2458 2860/3/2583
f 2859/3/2582 2722/3/2456 2861/3/2584
f 2860/3/2583 2724/3/2458 2862/3/2585
f 2861/3/2584 2722/3/2456 2726/3/2460
f 2861/3/2584 2726/3/2460 2863/3/2586
f 2862/3/2585 2724/3/2458 2728/3/2462
f 2862/3/2585 2728/3/2462 2864/3/2587
f 2863/3/2586 2726/3/2460 2865/3/2588
f 2864/3/2587 2728/3/2462 2731/3/2465
f 2864/3/2587 2731/3/2465 2866/3/2589
f 2865/3/2588 2726/3/2460 2732/3/2466
f 2865/3/2588 2732/3/2466 2867/3/2590
f 2866/3/2589 2731/3/2465 2868/3/2591
f 2867/3/2590 2732/3/2466 2869/3/2592
f 2868/3/2591 2731/3/2465 2735/3/2469
f 2868/3/2591 2735/3/2469 2870/3/2593
f 2869/3/2592 2732/3/2466 2737/3/2471
f 2869/3/2592 2737/3/2471 2871/3/2594
f 2870/3/2593 2735/3/2469 2739/3/2473
f 2870/3/2593 2739/3/2473 2849/3/2572
f 2871/3/2594 2737/3/2471 2872/3/2595
f 2873/3/2596 2746/3/2480 2874/3/2597
f 2872/3/2595 2737/3/2471 2741/3/2475
f 2872/3/2595 2741/3/2475 2875/3/2598
f 2874/3/2597 2746/3/2480 2758/3/2492
f 2874/3/2597 2758/3/2492 2876/3/2599
f 2875/3/2598 2741/3/2475 2877/3/2600
f 2876/3/2599 2758/3/2492 2878/3/2601
f 2876/3/2599 2878/3/2601 2879/3/2602
f 2877/3/2600 2741/3/2475 2754/3/2488
f 2877/3/2600 2754/3/2488 2880/3/2603
f 2879/3/2602 2878/3/2601 2881/3/2604
f 2880/3/2603 2754/3/2488 2753/3/2487
f 2880/3/2603 2753/3/2487 2882/3/2605
f 2883/3/2606 2884/3/2607 2885/3/2608
f 2881/3/2604 2878/3/2601 2757/3/2491
f 2881/3/2604 2757/3/2491 2886/3/2609
f 2882/3/2605 2753/3/2487 2887/3/2610
f 2885/3/2608 2884/3/2607 2748/3/2482
f 2885/3/2608 2748/3/2482 2888/3/2611
f 2886/3/2609 2757/3/2491 2764/3/2498
f 2886/3/2609 2764/3/2498 2889/3/2612
f 2887/3/2610 2753/3/2487 2762/3/2496
f 2887/3/2610 2762/3/2496 2890/3/2613
f 2888/3/2611 2748/3/2482 2891/3/2614
f 2889/3/2612 2764/3/2498 2892/3/2615
f 2890/3/2613 2762/3/2496 2893/3/2616
f 2891/3/2614 2748/3/2482 2750/3/2484
f 2891/3/2614 2750/3/2484 2894/3/2617
f 2892/3/2615 2764/3/2498 2771/3/2505
f 2892/3/2615 2771/3/2505 2895/3/2618
f 2893/3/2616 2762/3/2496 2896/3/2619
f 2893/3/2616 2896/3/2619 2897/3/2620
f 2894/3/2617 2750/3/2484 2760/3/2494
f 2894/3/2617 2760/3/2494 2898/3/2621
f 2895/3/2618 2771/3/2505 2899/3/2622
f 2897/3/2620 2896/3/2619 2900/3/2623
f 2898/3/2621 2760/3/2494 2901/3/2624
f 2899/3/2622 2771/3/2505 2778/3/2512
f 2899/3/2622 2778/3/2512 2902/3/2625
f 2900/3/2623 2896/3/2619 2773/3/2507
f 2900/3/2623 2773/3/2507 2903/3/2626
f 2901/3/2624 2760/3/2494 2767/3/2501
f 2901/3/2624 2767/3/2501 2904/3/2627
f 2902/3/2625 2778/3/2512 2905/3/2628
f 2903/3/2626 2773/3/2507 2712/3/2446
f 2903/3/2626 2712/3/2446 2906/3/2629
f 2904/3/2627 2767/3/2501 2769/3/2503
f 2904/3/2627 2769/3/2503 2907/3/2630
f 2907/3/2630 2769/3/2503 2908/3/2631
f 2906/3/2629 2712/3/2446 2909/3/2632
f 2908/3/2631 2769/3/2503 2777/3/2511
f 2908/3/2631 2777/3/2511 2910/3/2633
f 2909/3/2632 2712/3/2446 2711/3/2445
f 2909/3/2632 2711/3/2445 2911/3/2634
f 2905/3/2628 2778/3/2512 2780/3/2514
f 2905/3/2628 2780/3/2514 2912/3/2635
f 2809/3/2537 2743/3/2477 2884/3/2607
f 2809/3/2537 2884/3/2607 2883/3/2606
f 2911/3/2634 2711/3/2445 2913/3/2636
f 2912/3/2635 2780/3/2514 2914/3/2637
f 2913/3/2636 2711/3/2445 2476/3/2210
f 2913/3/2636 2476/3/2210 2850/3/2573
f 2468/3/2203 2408/3/2146 2407/3/2145
f 2743/3/2477 2748/3/2482 2884/3/2607
f 2758/3/2492 2757/3/2491 2878/3/2601
f 2762/3/2496 2773/3/2507 2896/3/2619
f 2914/3/2637 2780/3/2514 2716/3/2450
f 2914/3/2637 2716/3/2450 2852/3/2575
f 2471/3/2206 2327/3/2078 2915/3/2638
f 2408/3/2146 2916/3/2639 2409/3/2147
f 2327/3/2078 2326/3/2077 2915/3/2638
f 2916/3/2639 2392/3/2132 2397/3/2136
f 2392/3/2132 2383/3/2123 2388/3/2128
f 2351/3/2098 2372/3/2114 2917/3/2640
f 2372/3/2114 2386/3/2126 2917/3/2640
f 2410/3/2148 2848/3/2571 2918/3/2641
f 2848/3/2571 2794/3/2524 2918/3/2641
f 2320/3/2071 2310/3/2062 2317/3/2068
f 2803/3/2532 2805/3/2533 2919/3/2642
f 2805/3/2533 2920/3/2643 2921/3/2644
f 2805/3/2533 2921/3/2644 2919/3/2642
f 2920/3/2643 2922/3/2645 2923/3/2646
f 2920/3/2643 2923/3/2646 2921/3/2644
f 2424/3/2161 2426/3/2163 2425/3/2162
f 2922/3/2645 2810/3/2538 2924/3/2647
f 2922/3/2645 2924/3/2647 2923/3/2646
f 2810/3/2538 2797/3/2527 2924/3/2647
f 2469/3/2204 2321/3/2072 2925/3/2648
f 2430/3/2167 2926/3/2649 2927/3/2650
f 2321/3/2072 2323/3/2074 2925/3/2648
f 2926/3/2649 2431/3/2168 2927/3/2650
f 2926/3/2649 2432/3/2169 2431/3/2168
f 2781/3/2515 2821/3/2547 2928/3/2651
f 2821/3/2547 2467/3/2202 2929/3/2652
f 2821/3/2547 2929/3/2652 2928/3/2651
f 2467/3/2202 2314/3/2066 2929/3/2652
f 2402/3/2141 2394/3/2134 2398/3/2137
f 2313/3/2065 2318/3/2069 2930/3/2653
f 2318/3/2069 2331/3/2082 2930/3/2653
f 2369/3/2111 2362/3/2106 2361/3/2105
f 2379/3/2120 2373/3/2115 2384/3/2124
f 2452/3/2188 2454/3/2190 2451/3/2187
f 2447/3/2183 2449/3/2185 2446/3/2182
f 2438/3/2175 2440/3/2177 2437/3/2174
f 2430/3/2167 2927/3/2650 2429/3/2166
f 2424/3/2161 2425/3/2162 2423/3/2160
f 2916/3/2639 2397/3/2136 2409/3/2147
f 2363/3/2107 2468/3/2203 2407/3/2145
f 2776/3/2510 2768/3/2502 2931/3/2654
f 2766/3/2500 2759/3/2493 2932/3/2655
f 2759/3/2493 2749/3/2483 2933/3/2656
f 2749/3/2483 2747/3/2481 2934/3/2657
f 2747/3/2481 2742/3/2476 2935/3/2658
f 2400/3/2139 2936/3/2659 2410/3/2148
f 2742/3/2476 2738/3/2472 2937/3/2660
f 2936/3/2659 2848/3/2571 2410/3/2148
f 2734/3/2468 2730/3/2464 2938/3/2661
f 2723/3/2457 2719/3/2453 2939/3/2662
f 2719/3/2453 2474/3/2208 2940/3/2663
f 2474/3/2208 2473/3/2207 2941/3/2664
f 2473/3/2207 2710/3/2444 2942/3/2665
f 2709/3/2443 2775/3/2509 2943/3/2666
f 2772/3/2506 2765/3/2499 2944/3/2667
f 2761/3/2495 2752/3/2486 2945/3/2668
f 2751/3/2485 2740/3/2474 2946/3/2669
f 2740/3/2474 2736/3/2470 2947/3/2670
f 2733/3/2467 2729/3/2463 2948/3/2671
f 2725/3/2459 2721/3/2455 2949/3/2672
f 2717/3/2451 2714/3/2448 2950/3/2673
f 2714/3/2448 2713/3/2447 2951/3/2674
f 2713/3/2447 2779/3/2513 2952/3/2675
f 2779/3/2513 2774/3/2508 2953/3/2676
f 2770/3/2504 2763/3/2497 2954/3/2677
f 2763/3/2497 2756/3/2490 2955/3/2678
f 2755/3/2489 2745/3/2479 2956/3/2679
f 2813/3/2540 2799/3/2529 2800/3/2530
f 2813/3/2540 2800/3/2530 2814/3/2540
f 2745/3/2479 2758/3/2492 2746/3/2480
f 2957/3/2680 2958/3/2681 2959/3/2682
f 2960/3/2683 2958/3/2681 2957/3/2680
f 2961/3/2684 2962/3/2685 2963/3/2686
f 2962/3/2685 2964/3/2687 2963/3/2686
f 2965/3/2688 2958/3/2681 2960/3/2683
f 2966/3/2689 2959/3/2682 2967/3/2690
f 2968/3/2691 2958/3/2681 2965/3/2688
f 2966/3/2689 2957/3/2680 2959/3/2682
f 2968/3/2691 2959/3/2682 2958/3/2681
f 2969/3/2692 2960/3/2683 2957/3/2680
f 2970/3/2693 2960/3/2683 2969/3/2692
f 2969/3/2692 2957/3/2680 2966/3/2689
f 2967/3/2690 2959/3/2682 2968/3/2691
f 2965/3/2688 2960/3/2683 2970/3/2693
f 2971/3/2694 2972/3/2695 2973/3/2696
f 2974/3/2697 2975/3/2698 2976/3/2699
f 2974/3/2697 2976/3/2699 2977/3/2700
f 2973/3/2696 2978/3/2701 2979/3/2702
f 2977/3/2700 2976/3/2699 2980/3/2703
f 2977/3/2700 2980/3/2703 2981/3/2704
f 2982/3/2705 2983/3/2706 2984/3/2707
f 2979/3/2702 2978/3/2701 2985/3/2708
f 2981/3/2704 2980/3/2703 2986/3/2709
f 2981/3/2704 2986/3/2709 2987/3/2710
f 2984/3/2707 2983/3/2706 2988/3/2711
f 2988/3/2711 2983/3/2706 2989/3/2712
f 2987/3/2710 2986/3/2709 2990/3/2713
f 2987/3/2710 2990/3/2713 2991/3/2714
f 2988/3/2711 2989/3/2712 2992/3/2715
f 2991/3/2714 2990/3/2713 2993/3/2716
f 2993/3/2716 2990/3/2713 2994/3/2717
f 2995/3/2718 2992/3/2715 2996/3/2719
f 2993/3/2716 2994/3/2717 2997/3/2720
f 2993/3/2716 2997/3/2720 2998/3/2721
f 2995/3/2718 2996/3/2719 2999/3/2722
f 2998/3/2721 2997/3/2720 2972/3/2695
f 2998/3/2721 2972/3/2695 2971/3/2694
f 2999/3/2722 2975/3/2698 2974/3/2697
f 3000/3/2723 3001/3/2724 3002/3/2725
f 3000/3/2723 3002/3/2725 3003/3/2726
f 3004/3/2727 3005/3/2728 2978/3/2701
f 2978/3/2701 3005/3/2728 3006/3/2729
f 3007/3/2730 3008/3/2731 3009/3/2732
f 3007/3/2730 3009/3/2732 2983/3/2706
f 3003/3/2726 3002/3/2725 3010/3/2733
f 3010/3/2733 3002/3/2725 3011/3/2734
f 2983/3/2706 3009/3/2732 2989/3/2712
f 3010/3/2733 3011/3/2734 2990/3/2713
f 2989/3/2712 3009/3/2732 3012/3/2735
f 3006/3/2729 3008/3/2731 3007/3/2730
f 2989/3/2712 3012/3/2735 3013/3/2736
f 2990/3/2713 3011/3/2734 2994/3/2717
f 2994/3/2717 3011/3/2734 3014/3/2737
f 2994/3/2717 3014/3/2737 2997/3/2720
f 3013/3/2736 3012/3/2735 3001/3/2724
f 3013/3/2736 3001/3/2724 3015/3/2738
f 2997/3/2720 3014/3/2737 3016/3/2739
f 3016/3/2739 3014/3/2737 3005/3/2728
f 3016/3/2739 3005/3/2728 3004/3/2727
f 3015/3/2738 3001/3/2724 3000/3/2723
f 3017/3/2740 3018/3/2741 3019/3/2742
f 3020/3/2743 2993/3/2716 3021/3/2744
f 3022/3/2745 2991/3/2714 2993/3/2716
f 3022/3/2745 2993/3/2716 3020/3/2743
f 3023/3/2041 2991/3/2714 3022/3/2745
f 3024/3/2746 2971/3/2694 3025/3/2747
f 3019/3/2742 2974/3/2697 3026/3/2049
f 3019/3/2742 2999/3/2722 2974/3/2697
f 3027/3/2748 2998/3/2721 2971/3/2694
f 3027/3/2748 2971/3/2694 3024/3/2746
f 3018/3/2741 2999/3/2722 3019/3/2742
f 3028/3/2749 2998/3/2721 3027/3/2748
f 3029/3/2750 2995/3/2718 2999/3/2722
f 3029/3/2750 2999/3/2722 3018/3/2741
f 3021/3/2744 2998/3/2721 3028/3/2749
f 3021/3/2744 2993/3/2716 2998/3/2721
f 3030/3/2751 2995/3/2718 3029/3/2750
f 3031/3/2752 2992/3/2715 2995/3/2718
f 3031/3/2752 2995/3/2718 3030/3/2751
f 3031/3/2752 2988/3/2711 2992/3/2715
f 3023/3/2041 2987/3/2710 2991/3/2714
f 3032/3/2753 2988/3/2711 3031/3/2752
f 3033/3/2754 3034/3/2755 3035/3/2756
f 3036/3/2052 2987/3/2710 3023/3/2041
f 3037/3/2757 2988/3/2711 3032/3/2753
f 3038/3/2758 2985/3/2708 3034/3/2755
f 3038/3/2758 3034/3/2755 3033/3/2754
f 3037/3/2757 2984/3/2707 2988/3/2711
f 3039/3/2054 2981/3/2704 2987/3/2710
f 3039/3/2054 2987/3/2710 3036/3/2052
f 3040/3/2055 2984/3/2707 3037/3/2757
f 3041/3/2759 2979/3/2702 2985/3/2708
f 3041/3/2759 2985/3/2708 3038/3/2758
f 3042/3/2056 2981/3/2704 3039/3/2054
f 3043/3/2760 2982/3/2705 2984/3/2707
f 3043/3/2760 2984/3/2707 3040/3/2055
f 3042/3/2056 2977/3/2700 2981/3/2704
f 3044/3/2761 2973/3/2696 2979/3/2702
f 3044/3/2761 2979/3/2702 3041/3/2759
f 3045/3/2762 2982/3/2705 3043/3/2760
f 3046/3/2059 2977/3/2700 3042/3/2056
f 3047/3/2763 2973/3/2696 3044/3/2761
f 3035/3/2756 3034/3/2755 2982/3/2705
f 3035/3/2756 2982/3/2705 3045/3/2762
f 3048/3/2060 2977/3/2700 3046/3/2059
f 3048/3/2060 2974/3/2697 2977/3/2700
f 3025/3/2747 2971/3/2694 2973/3/2696
f 3025/3/2747 2973/3/2696 3047/3/2763
f 3026/3/2049 2974/3/2697 3048/3/2060
f 3049/3/2764 3050/3/2765 3051/3/2766
f 3049/3/2764 3051/3/2766 3052/3/2766
f 3053/3/2065 3054/3/2767 3055/3/2767
f 3053/3/2065 3055/3/2767 3056/3/2768
f 3057/3/2769 3058/3/2770 3050/3/2765
f 3057/3/2769 3050/3/2765 3049/3/2764
f 3059/3/2069 3053/3/2065 3056/3/2768
f 3060/3/2771 3058/3/2770 3057/3/2769
f 3061/3/2072 3062/3/2072 3063/3/2073
f 3061/3/2072 3063/3/2073 3064/3/2073
f 3065/3/2772 3066/3/2773 3060/3/2771
f 3067/3/2079 3068/3/2078 3069/3/2078
f 3067/3/2079 3069/3/2078 3070/3/2079
f 3071/3/2080 3072/3/2081 3066/3/2773
f 3071/3/2080 3066/3/2773 3065/3/2772
f 3073/3/2082 3059/3/2069 3074/3/2083
f 3075/3/2774 3076/3/2085 3072/3/2081
f 3075/3/2774 3072/3/2081 3071/3/2080
f 3064/3/2073 3063/3/2073 3077/3/2086
f 3064/3/2073 3077/3/2086 3078/3/2086
f 3079/3/2775 3080/3/2088 3076/3/2085
f 3079/3/2775 3076/3/2085 3075/3/2774
f 3081/3/2089 3067/3/2079 3070/3/2079
f 3081/3/2089 3070/3/2079 3082/3/2776
f 3083/3/2777 3084/3/2091 3080/3/2088
f 3083/3/2777 3080/3/2088 3079/3/2775
f 3085/3/2092 3073/3/2082 3074/3/2083
f 3085/3/2092 3074/3/2083 3086/3/2092
f 3087/3/2093 3088/3/2778 3084/3/2091
f 3087/3/2093 3084/3/2091 3083/3/2777
f 3078/3/2086 3077/3/2086 3089/3/2095
f 3078/3/2086 3089/3/2095 3090/3/2095
f 3091/3/2096 3092/3/2097 3088/3/2778
f 3091/3/2096 3088/3/2778 3087/3/2093
f 3093/3/2098 3081/3/2089 3082/3/2776
f 3094/3/2779 3095/3/2100 3096/3/2780
f 3094/3/2779 3096/3/2780 3097/3/2781
f 3098/3/2103 3099/3/2103 3092/3/2097
f 3098/3/2103 3092/3/2097 3091/3/2096
f 3100/3/2104 3085/3/2092 3086/3/2092
f 3100/3/2104 3086/3/2092 3101/3/2104
f 3102/3/2782 3103/3/2782 3104/3/2783
f 3102/3/2782 3104/3/2783 3105/3/2784
f 3106/3/2785 3107/3/2108 3099/3/2103
f 3106/3/2785 3099/3/2103 3098/3/2103
f 3090/3/2095 3089/3/2095 3108/3/2109
f 3090/3/2095 3108/3/2109 3109/3/2109
f 3110/3/2786 3111/3/2786 3103/3/2782
f 3110/3/2786 3103/3/2782 3102/3/2782
f 3112/3/2112 3113/3/2787 3107/3/2108
f 3112/3/2112 3107/3/2108 3106/3/2785
f 3114/3/2114 3093/3/2098 3115/3/2114
f 3116/3/2788 3117/3/2789 3111/3/2786
f 3116/3/2788 3111/3/2786 3110/3/2786
f 3118/3/2117 3119/3/2117 3113/3/2787
f 3118/3/2117 3113/3/2787 3112/3/2112
f 3120/3/2119 3100/3/2104 3101/3/2104
f 3120/3/2119 3101/3/2104 3121/3/2119
f 3122/3/2790 3117/3/2789 3116/3/2788
f 3109/3/2109 3108/3/2109 3123/3/2121
f 3109/3/2109 3123/3/2121 3124/3/2121
f 3125/3/2791 3126/3/2792 3119/3/2117
f 3125/3/2791 3119/3/2117 3118/3/2117
f 3127/3/2793 3128/3/2794 3122/3/2790
f 3129/3/2795 3114/3/2114 3115/3/2114
f 3130/3/2796 3126/3/2792 3125/3/2791
f 3131/3/2797 3128/3/2794 3127/3/2793
f 3132/3/2798 3133/3/2799 3130/3/2796
f 3124/3/2121 3123/3/2121 3134/3/2135
f 3135/3/2800 3133/3/2799 3132/3/2798
f 3136/3/2801 3137/3/2802 3138/3/2803
f 3139/3/2804 3140/3/2805 3137/3/2802
f 3139/3/2804 3137/3/2802 3136/3/2801
f 3141/3/2806 3142/3/2807 3143/3/2808
f 3134/3/2135 3144/3/2142 3145/3/2809
f 3146/3/2810 3140/3/2805 3139/3/2804
f 3147/3/2811 3142/3/2807 3141/3/2806
f 3148/3/2149 3149/3/2812 3146/3/2810
f 3145/3/2809 3144/3/2142 3150/3/2151
f 3145/3/2809 3150/3/2151 3151/3/2151
f 3152/3/2152 3153/3/2153 3149/3/2812
f 3152/3/2152 3149/3/2812 3148/3/2149
f 3154/3/2813 3155/3/2155 3153/3/2153
f 3154/3/2813 3153/3/2153 3152/3/2152
f 3156/3/2814 3157/3/2157 3155/3/2155
f 3156/3/2814 3155/3/2155 3154/3/2813
f 2975/3/2698 3015/3/2738 3000/3/2723
f 2972/3/2695 3016/3/2739 3004/3/2727
f 2999/3/2722 3015/3/2738 2975/3/2698
f 2997/3/2720 3016/3/2739 2972/3/2695
f 2996/3/2719 3015/3/2738 2999/3/2722
f 2996/3/2719 3013/3/2736 3015/3/2738
f 2992/3/2715 3013/3/2736 2996/3/2719
f 2989/3/2712 3013/3/2736 2992/3/2715
f 3034/3/2755 3006/3/2729 3007/3/2730
f 2986/3/2709 3010/3/2733 2990/3/2713
f 2985/3/2708 3006/3/2729 3034/3/2755
f 2980/3/2703 3010/3/2733 2986/3/2709
f 2978/3/2701 3006/3/2729 2985/3/2708
f 2980/3/2703 3003/3/2726 3010/3/2733
f 2982/3/2705 3007/3/2730 2983/3/2706
f 2976/3/2699 3003/3/2726 2980/3/2703
f 2973/3/2696 3004/3/2727 2978/3/2701
f 2976/3/2699 3000/3/2723 3003/3/2726
f 3034/3/2755 3007/3/2730 2982/3/2705
f 2975/3/2698 3000/3/2723 2976/3/2699
f 2972/3/2695 3004/3/2727 2973/3/2696
f 3001/3/2724 2967/3/2690 3002/3/2725
f 3005/3/2728 2965/3/2688 2970/3/2693
f 3002/3/2725 2967/3/2690 2968/3/2691
f 3005/3/2728 2970/3/2693 3006/3/2729
f 3008/3/2731 2969/3/2692 3009/3/2732
f 3002/3/2725 2968/3/2691 3011/3/2734
f 3009/3/2732 2969/3/2692 2966/3/2689
f 3006/3/2729 2970/3/2693 2969/3/2692
f 3009/3/2732 2966/3/2689 3012/3/2735
f 3006/3/2729 2969/3/2692 3008/3/2731
f 3011/3/2734 2968/3/2691 3014/3/2737
f 3014/3/2737 2968/3/2691 2965/3/2688
f 3012/3/2735 2966/3/2689 3001/3/2724
f 3001/3/2724 2966/3/2689 2967/3/2690
f 3014/3/2737 2965/3/2688 3005/3/2728
f 3052/3/2766 3051/3/2766 3158/3/2815
f 3052/3/2766 3158/3/2815 3159/3/2815
f 3159/3/2815 3158/3/2815 3160/3/2816
f 3159/3/2815 3160/3/2816 3161/3/2817
f 3161/3/2817 3160/3/2816 3162/4/2818
f 3163/3/2819 3164/3/2820 3165/3/2821
f 3166/3/2171 3167/3/2172 3168/3/2173
f 3166/3/2171 3168/3/2173 3169/3/2822
f 3169/3/2822 3168/3/2173 3170/3/2823
f 3170/3/2823 3171/3/2824 3172/3/2825
f 3172/3/2825 3171/3/2824 3173/3/2826
f 3174/3/2827 3175/3/2184 3176/3/2828
f 3176/3/2828 3175/3/2184 3177/3/2829
f 3176/3/2828 3177/3/2829 3178/3/2830
f 3178/3/2830 3177/3/2829 3179/3/2831
f 3178/3/2830 3179/3/2831 3180/3/2831
f 3180/3/2831 3179/3/2831 3181/3/2189
f 3180/3/2831 3181/3/2189 3182/3/2189
f 3182/3/2189 3181/3/2189 3183/3/2191
f 3182/3/2189 3183/3/2191 3184/3/2832
f 3184/3/2832 3183/3/2191 3185/3/2192
f 3184/3/2832 3185/3/2192 3186/3/2193
f 3186/3/2193 3185/3/2192 3187/3/2194
f 3186/3/2193 3187/3/2194 3188/3/2195
f 3188/3/2195 3187/3/2194 3189/3/2196
f 3188/3/2195 3189/3/2196 3190/3/2197
f 3190/3/2197 3189/3/2196 3191/3/2198
f 3190/3/2197 3191/3/2198 3192/3/2833
f 3192/3/2833 3191/3/2198 3193/3/2834
f 3192/3/2833 3193/3/2834 3194/3/2835
f 3194/3/2835 3193/3/2834 3157/3/2157
f 3194/3/2835 3157/3/2157 3156/3/2814
f 3054/3/2767 3195/3/2836 3196/3/2202
f 3054/3/2767 3196/3/2202 3055/3/2767
f 3105/3/2784 3104/3/2783 3197/3/2837
f 3105/3/2784 3197/3/2837 3198/3/2838
f 3199/3/2839 3200/3/2204 3062/3/2072
f 3199/3/2839 3062/3/2072 3061/3/2072
f 3068/3/2078 3201/3/2206 3202/3/2206
f 3068/3/2078 3202/3/2206 3069/3/2078
f 3203/3/2840 3018/3/2741 3017/3/2740
f 3204/3/2841 3018/3/2741 3203/3/2840
f 3205/3/2842 3021/3/2744 3028/3/2749
f 3205/3/2842 3028/3/2749 3206/3/2843
f 3204/3/2841 3029/3/2750 3018/3/2741
f 3207/3/2844 3029/3/2750 3204/3/2841
f 3205/3/2842 3020/3/2743 3021/3/2744
f 3207/3/2844 3030/3/2751 3029/3/2750
f 3208/3/2845 3020/3/2743 3205/3/2842
f 3209/3/2846 3030/3/2751 3207/3/2844
f 3209/3/2846 3031/3/2752 3030/3/2751
f 3022/3/2745 3020/3/2743 3208/3/2845
f 3210/3/2847 3031/3/2752 3209/3/2846
f 3211/3/2848 3023/3/2041 3022/3/2745
f 3212/3/2849 3032/3/2753 3031/3/2752
f 3212/3/2849 3031/3/2752 3210/3/2847
f 3213/3/2850 3033/3/2754 3035/3/2756
f 3213/3/2850 3035/3/2756 3214/3/2221
f 3215/3/2222 3036/3/2052 3023/3/2041
f 3215/3/2222 3023/3/2041 3211/3/2848
f 3212/3/2849 3037/3/2757 3032/3/2753
f 3216/3/2851 3038/3/2758 3033/3/2754
f 3216/3/2851 3033/3/2754 3213/3/2850
f 3217/3/2852 3037/3/2757 3212/3/2849
f 3218/3/2853 3039/3/2054 3036/3/2052
f 3218/3/2853 3036/3/2052 3215/3/2222
f 3217/3/2852 3040/3/2055 3037/3/2757
f 3219/3/2854 3041/3/2759 3038/3/2758
f 3219/3/2854 3038/3/2758 3216/3/2851
f 3220/3/2855 3040/3/2055 3217/3/2852
f 3221/3/2227 3042/3/2056 3039/3/2054
f 3221/3/2227 3039/3/2054 3218/3/2853
f 3220/3/2855 3043/3/2760 3040/3/2055
f 3222/3/2856 3044/3/2761 3041/3/2759
f 3222/3/2856 3041/3/2759 3219/3/2854
f 3223/3/2857 3043/3/2760 3220/3/2855
f 3224/3/2230 3046/3/2059 3042/3/2056
f 3224/3/2230 3042/3/2056 3221/3/2227
f 3223/3/2857 3045/3/2762 3043/3/2760
f 3225/3/2858 3047/3/2763 3044/3/2761
f 3225/3/2858 3044/3/2761 3222/3/2856
f 3214/3/2221 3045/3/2762 3223/3/2857
f 3226/3/2859 3048/3/2060 3046/3/2059
f 3226/3/2859 3046/3/2059 3224/3/2230
f 3214/3/2221 3035/3/2756 3045/3/2762
f 3227/3/2860 3025/3/2747 3047/3/2763
f 3227/3/2860 3047/3/2763 3225/3/2858
f 3228/3/2861 3026/3/2049 3048/3/2060
f 3228/3/2861 3048/3/2060 3226/3/2859
f 3229/3/2862 3024/3/2746 3025/3/2747
f 3229/3/2862 3025/3/2747 3227/3/2860
f 3230/3/2863 3019/3/2742 3026/3/2049
f 3230/3/2863 3026/3/2049 3228/3/2861
f 3231/3/2864 3024/3/2746 3229/3/2862
f 3203/3/2840 3017/3/2740 3019/3/2742
f 3203/3/2840 3019/3/2742 3230/3/2863
f 3231/3/2864 3027/3/2748 3024/3/2746
f 3206/3/2843 3028/3/2749 3027/3/2748
f 3206/3/2843 3027/3/2748 3231/3/2864
f 3213/3/2850 3214/3/2221 3232/3/2865
f 3213/3/2850 3232/3/2865 3233/3/2866
f 3213/3/2850 3233/3/2866 3234/3/2867
f 3216/3/2851 3213/3/2850 3234/3/2867
f 3216/3/2851 3234/3/2867 3235/3/2868
f 3216/3/2851 3235/3/2868 3236/3/2869
f 3219/3/2854 3216/3/2851 3236/3/2869
f 3219/3/2854 3236/3/2869 3237/3/2870
f 3219/3/2854 3237/3/2870 3238/3/2871
f 3222/3/2856 3219/3/2854 3238/3/2871
f 3222/3/2856 3238/3/2871 3239/3/2872
f 3222/3/2856 3239/3/2872 3240/3/2873
f 3225/3/2858 3222/3/2856 3240/3/2873
f 3225/3/2858 3240/3/2873 3241/3/2874
f 3225/3/2858 3241/3/2874 3242/3/2875
f 3227/3/2860 3225/3/2858 3242/3/2875
f 3227/3/2860 3242/3/2875 3243/3/2247
f 3227/3/2860 3243/3/2247 3244/3/2876
f 3229/3/2862 3227/3/2860 3244/3/2876
f 3229/3/2862 3244/3/2876 3245/3/2877
f 3229/3/2862 3245/3/2877 3246/3/2878
f 3231/3/2864 3229/3/2862 3246/3/2878
f 3231/3/2864 3246/3/2878 3247/3/2879
f 3231/3/2864 3247/3/2879 3248/3/2880
f 3206/3/2843 3231/3/2864 3248/3/2880
f 3206/3/2843 3248/3/2880 3249/3/2881
f 3206/3/2843 3249/3/2881 3250/3/2882
f 3205/3/2842 3206/3/2843 3250/3/2882
f 3205/3/2842 3250/3/2882 3251/3/2883
f 3205/3/2842 3251/3/2883 3252/3/2884
f 3205/3/2842 3252/3/2884 3253/3/2885
f 3208/3/2845 3205/3/2842 3253/3/2885
f 3208/3/2845 3253/3/2885 3254/3/2886
f 3208/3/2845 3254/3/2886 3255/3/2887
f 3022/3/2745 3208/3/2845 3255/3/2887
f 3022/3/2745 3255/3/2887 3256/3/2888
f 3022/3/2745 3256/3/2888 3257/3/2889
f 3211/3/2848 3022/3/2745 3257/3/2889
f 3211/3/2848 3257/3/2889 3258/3/2890
f 3211/3/2848 3258/3/2890 3259/3/2263
f 3215/3/2222 3211/3/2848 3259/3/2263
f 3215/3/2222 3259/3/2263 3260/3/2264
f 3215/3/2222 3260/3/2264 3261/3/2891
f 3218/3/2853 3215/3/2222 3261/3/2891
f 3218/3/2853 3261/3/2891 3262/3/2892
f 3218/3/2853 3262/3/2892 3263/3/2893
f 3221/3/2227 3218/3/2853 3263/3/2893
f 3221/3/2227 3263/3/2893 3264/3/2268
f 3221/3/2227 3264/3/2268 3265/3/2894
f 3224/3/2230 3221/3/2227 3265/3/2894
f 3224/3/2230 3265/3/2894 3266/3/2895
f 3224/3/2230 3266/3/2895 3267/3/2896
f 3226/3/2859 3224/3/2230 3267/3/2896
f 3226/3/2859 3267/3/2896 3268/3/2897
f 3226/3/2859 3268/3/2897 3269/3/2898
f 3228/3/2861 3226/3/2859 3269/3/2898
f 3228/3/2861 3269/3/2898 3270/3/2899
f 3228/3/2861 3270/3/2899 3271/3/2900
f 3230/3/2863 3228/3/2861 3271/3/2900
f 3230/3/2863 3271/3/2900 3272/3/2901
f 3230/3/2863 3272/3/2901 3273/3/2277
f 3203/3/2840 3230/3/2863 3273/3/2277
f 3203/3/2840 3273/3/2277 3274/3/2902
f 3203/3/2840 3274/3/2902 3275/3/2903
f 3203/3/2840 3275/3/2903 3276/3/2904
f 3204/3/2841 3203/3/2840 3276/3/2904
f 3204/3/2841 3276/3/2904 3277/3/2905
f 3204/3/2841 3277/3/2905 3278/3/2906
f 3207/3/2844 3204/3/2841 3278/3/2906
f 3207/3/2844 3278/3/2906 3279/3/2907
f 3207/3/2844 3279/3/2907 3280/3/2908
f 3209/3/2846 3207/3/2844 3280/3/2908
f 3209/3/2846 3280/3/2908 3281/3/2909
f 3209/3/2846 3281/3/2909 3282/3/2910
f 3210/3/2847 3209/3/2846 3282/3/2910
f 3210/3/2847 3282/3/2910 3283/3/2911
f 3210/3/2847 3283/3/2911 3284/3/2912
f 3212/3/2849 3210/3/2847 3284/3/2912
f 3212/3/2849 3284/3/2912 3285/3/2913
f 3212/3/2849 3285/3/2913 3286/3/2914
f 3212/3/2849 3286/3/2914 3287/3/2915
f 3217/3/2852 3212/3/2849 3287/3/2915
f 3217/3/2852 3287/3/2915 3288/3/2916
f 3217/3/2852 3288/3/2916 3289/3/2293
f 3220/3/2855 3217/3/2852 3289/3/2293
f 3220/3/2855 3289/3/2293 3290/3/2917
f 3220/3/2855 3290/3/2917 3291/3/2918
f 3223/3/2857 3220/3/2855 3291/3/2918
f 3223/3/2857 3291/3/2918 3292/3/2919
f 3223/3/2857 3292/3/2919 3293/3/2920
f 3214/3/2221 3223/3/2857 3293/3/2920
f 3214/3/2221 3293/3/2920 3294/3/2921
f 3214/3/2221 3294/3/2921 3295/3/2299
f 3214/3/2221 3295/3/2299 3232/3/2865
f 3296/3/2922 3297/3/2923 2961/3/2684
f 3298/3/2924 3299/3/2925 2964/3/2687
f 3298/3/2924 2964/3/2687 2962/3/2685
f 3296/3/2922 2961/3/2684 2963/3/2686
f 3300/3/2926 3296/3/2922 2963/3/2686
f 3301/3/2927 3298/3/2924 2962/3/2685
f 3302/3/2928 2962/3/2685 2961/3/2684
f 3300/3/2926 2963/3/2686 2964/3/2687
f 3297/3/2923 3302/3/2928 2961/3/2684
f 3299/3/2925 3300/3/2926 2964/3/2687
f 3302/3/2928 3301/3/2927 2962/3/2685
f 3303/3/2929 3304/3/2930 3305/3/2931
f 3306/3/2932 3307/3/2933 3308/3/2934
f 3303/3/2929 3309/3/2935 3304/3/2930
f 3310/3/2936 3311/3/2937 3312/3/2938
f 3311/3/2937 3313/3/2939 3312/3/2938
f 3307/3/2933 3314/3/2940 3308/3/2934
f 3309/3/2935 3315/3/2941 3304/3/2930
f 3309/3/2935 3316/3/2942 3315/3/2941
f 3311/3/2937 3317/3/2943 3313/3/2939
f 3316/3/2942 3318/3/2944 3315/3/2941
f 3314/3/2940 3319/3/2945 3320/3/2946
f 3316/3/2942 3321/3/2947 3318/3/2944
f 3319/3/2945 3310/3/2936 3320/3/2946
f 3322/3/2948 3323/3/2949 3317/3/2943
f 3321/3/2947 3324/3/2950 3318/3/2944
f 3310/3/2936 3312/3/2938 3320/3/2946
f 3321/3/2947 3325/3/2951 3324/3/2950
f 3322/3/2948 3326/3/2952 3323/3/2949
f 3325/3/2951 3327/3/2953 3324/3/2950
f 3326/3/2952 3328/3/2954 3329/3/2955
f 3326/3/2952 3329/3/2955 3323/3/2949
f 3325/3/2951 3330/3/2956 3331/3/2957
f 3325/3/2951 3331/3/2957 3327/3/2953
f 3328/3/2954 3332/3/2958 3329/3/2955
f 3328/3/2954 3333/3/2959 3332/3/2958
f 3330/3/2956 3334/3/2960 3331/3/2957
f 3333/3/2959 3305/3/2931 3332/3/2958
f 3333/3/2959 3303/3/2929 3305/3/2931
f 3335/3/2961 3304/3/2930 3336/3/2962
f 3337/3/2963 3338/3/2964 3339/3/2965
f 3312/3/2938 3340/3/2966 3341/3/2967
f 3304/3/2930 3315/3/2941 3336/3/2962
f 3315/3/2941 3342/3/2968 3336/3/2962
f 3312/3/2938 3343/3/2969 3340/3/2966
f 3338/3/2964 3341/3/2967 3339/3/2965
f 3315/3/2941 3344/3/2970 3342/3/2968
f 3338/3/2964 3320/3/2946 3341/3/2967
f 3343/3/2969 3345/3/2971 3340/3/2966
f 3320/3/2946 3312/3/2938 3341/3/2967
f 3344/3/2970 3346/3/2972 3342/3/2968
f 3344/3/2970 3327/3/2953 3346/3/2972
f 3345/3/2971 3329/3/2955 3347/3/2973
f 3329/3/2955 3332/3/2958 3347/3/2973
f 3327/3/2953 3348/3/2974 3346/3/2972
f 3332/3/2958 3335/3/2961 3347/3/2973
f 3335/3/2961 3336/3/2962 3347/3/2973
f 3337/3/2963 3339/3/2965 3348/3/2974
f 3349/3/2975 3350/3/2976 3326/3/2952
f 3351/3/2977 3349/3/2975 3326/3/2952
f 3352/3/2978 3353/3/2979 3319/3/2945
f 3354/3/2980 3355/3/2981 3356/3/2982
f 3357/3/2366 3352/3/2978 3319/3/2945
f 3358/3/2983 3359/3/2984 3360/3/2985
f 3361/3/2986 3306/3/2932 3334/3/2960
f 3097/3/2781 3096/3/2780 3303/3/2929
f 3362/3/2987 3361/3/2986 3334/3/2960
f 3097/3/2781 3303/3/2929 3333/3/2959
f 3363/3/2988 3097/3/2781 3333/3/2959
f 3364/3/2989 3362/3/2987 3334/3/2960
f 3364/3/2989 3334/3/2960 3330/3/2956
f 3365/3/2990 3363/3/2988 3333/3/2959
f 3365/3/2990 3333/3/2959 3328/3/2954
f 3366/3/2991 3364/3/2989 3330/3/2956
f 3350/3/2976 3365/3/2990 3328/3/2954
f 3367/3/2992 3366/3/2991 3330/3/2956
f 3367/3/2992 3330/3/2956 3325/3/2951
f 3326/3/2952 3350/3/2976 3328/3/2954
f 3368/3/2993 3367/3/2992 3325/3/2951
f 3351/3/2977 3326/3/2952 3322/3/2948
f 3369/3/2994 3368/3/2993 3325/3/2951
f 3369/3/2994 3325/3/2951 3321/3/2947
f 3353/3/2979 3370/3/2995 3310/3/2936
f 3355/3/2981 3351/3/2977 3322/3/2948
f 3371/3/2996 3369/3/2994 3321/3/2947
f 3319/3/2945 3353/3/2979 3310/3/2936
f 3356/3/2982 3355/3/2981 3322/3/2948
f 3356/3/2982 3322/3/2948 3317/3/2943
f 3372/3/2997 3371/3/2996 3321/3/2947
f 3372/3/2997 3321/3/2947 3316/3/2942
f 3357/3/2366 3319/3/2945 3314/3/2940
f 3373/3/2998 3372/3/2997 3316/3/2942
f 3374/3/2999 3356/3/2982 3317/3/2943
f 3374/3/2999 3317/3/2943 3311/3/2937
f 3373/3/2998 3316/3/2942 3309/3/2935
f 3359/3/2984 3357/3/2366 3314/3/2940
f 3359/3/2984 3314/3/2940 3307/3/2933
f 3375/3/3000 3374/3/2999 3311/3/2937
f 3376/3/3001 3373/3/2998 3309/3/2935
f 3360/3/2985 3359/3/2984 3307/3/2933
f 3370/3/2995 3375/3/3000 3311/3/2937
f 3370/3/2995 3311/3/2937 3310/3/2936
f 3377/3/3002 3376/3/3001 3309/3/2935
f 3377/3/3002 3309/3/2935 3303/3/2929
f 3360/3/2985 3307/3/2933 3306/3/2932
f 3096/3/2780 3377/3/3002 3303/3/2929
f 3361/3/2986 3360/3/2985 3306/3/2932
f 3378/3/3003 3379/3/3004 3360/3/2985
f 3378/3/3003 3360/3/2985 3361/3/2986
f 3095/3/2100 3380/3/2386 3096/3/2780
f 3379/3/3004 3381/3/3005 3360/3/2985
f 3380/3/2386 3382/3/2388 3377/3/3002
f 3380/3/2386 3377/3/3002 3096/3/2780
f 3383/3/3006 3384/3/3007 3370/3/2995
f 3381/3/3005 3385/3/3008 3358/3/2983
f 3381/3/3005 3358/3/2983 3360/3/2985
f 3382/3/2388 3386/3/3009 3377/3/3002
f 3384/3/3007 3387/3/3010 3375/3/3000
f 3384/3/3007 3375/3/3000 3370/3/2995
f 3386/3/3009 3388/3/3011 3376/3/3001
f 3386/3/3009 3376/3/3001 3377/3/3002
f 3387/3/3010 3389/3/3012 3375/3/3000
f 3358/3/2983 3390/3/3013 3359/3/2984
f 3388/3/3011 3391/3/3014 3376/3/3001
f 3389/3/3012 3392/3/3015 3374/3/2999
f 3389/3/3012 3374/3/2999 3375/3/3000
f 3390/3/3013 3393/3/2399 3359/3/2984
f 3391/3/3014 3394/3/3016 3373/3/2998
f 3391/3/3014 3373/3/2998 3376/3/3001
f 3392/3/3015 3395/3/3017 3374/3/2999
f 3393/3/2399 3396/3/2402 3357/3/2366
f 3393/3/2399 3357/3/2366 3359/3/2984
f 3394/3/3016 3397/3/2403 3373/3/2998
f 3395/3/3017 3398/3/3018 3356/3/2982
f 3395/3/3017 3356/3/2982 3374/3/2999
f 3396/3/2402 3399/3/2405 3357/3/2366
f 3397/3/2403 3400/3/2406 3372/3/2997
f 3397/3/2403 3372/3/2997 3373/3/2998
f 3398/3/3018 3401/3/3019 3356/3/2982
f 3399/3/2405 3402/3/3020 3352/3/2978
f 3399/3/2405 3352/3/2978 3357/3/2366
f 3400/3/2406 3403/3/2409 3372/3/2997
f 3401/3/3019 3404/3/3021 3354/3/2980
f 3401/3/3019 3354/3/2980 3356/3/2982
f 3403/3/2409 3405/3/3022 3371/3/2996
f 3403/3/2409 3371/3/2996 3372/3/2997
f 3352/3/2978 3406/3/2413 3353/3/2979
f 3405/3/3022 3407/3/2414 3371/3/2996
f 3354/3/2980 3408/3/3023 3355/3/2981
f 3409/3/3024 3383/3/3006 3370/3/2995
f 3409/3/3024 3370/3/2995 3353/3/2979
f 3407/3/2414 3410/3/2417 3369/3/2994
f 3407/3/2414 3369/3/2994 3371/3/2996
f 3406/3/2413 3409/3/3024 3353/3/2979
f 3408/3/3023 3411/3/3025 3355/3/2981
f 3410/3/2417 3412/3/2419 3369/3/2994
f 3411/3/3025 3413/3/3026 3351/3/2977
f 3411/3/3025 3351/3/2977 3355/3/2981
f 3412/3/2419 3414/3/2421 3368/3/2993
f 3412/3/2419 3368/3/2993 3369/3/2994
f 3413/3/3026 3415/3/3027 3351/3/2977
f 3414/3/2421 3416/3/2423 3368/3/2993
f 3415/3/3027 3417/3/3028 3349/3/2975
f 3415/3/3027 3349/3/2975 3351/3/2977
f 3416/3/2423 3418/3/3029 3367/3/2992
f 3416/3/2423 3367/3/2992 3368/3/2993
f 3418/3/3029 3419/3/3030 3367/3/2992
f 3349/3/2975 3420/3/3031 3350/3/2976
f 3419/3/3030 3421/3/3032 3367/3/2992
f 3420/3/3031 3422/3/3033 3350/3/2976
f 3421/3/3032 3423/3/2431 3366/3/2991
f 3421/3/3032 3366/3/2991 3367/3/2992
f 3422/3/3033 3424/3/3034 3365/3/2990
f 3422/3/3033 3365/3/2990 3350/3/2976
f 3423/3/2431 3425/3/3035 3366/3/2991
f 3424/3/3034 3426/3/3036 3365/3/2990
f 3425/3/3035 3427/3/3037 3364/3/2989
f 3425/3/3035 3364/3/2989 3366/3/2991
f 3426/3/3036 3428/3/3038 3365/3/2990
f 3427/3/3037 3429/3/3039 3364/3/2989
f 3428/3/3038 3430/3/3040 3363/3/2988
f 3428/3/3038 3363/3/2988 3365/3/2990
f 3429/3/3039 3431/3/3041 3362/3/2987
f 3429/3/3039 3362/3/2987 3364/3/2989
f 3430/3/3040 3432/3/3042 3363/3/2988
f 3431/3/3041 3433/3/3043 3362/3/2987
f 3432/3/3042 3434/3/3044 3097/3/2781
f 3432/3/3042 3097/3/2781 3363/3/2988
f 3435/3/3045 3378/3/3003 3361/3/2986
f 3433/3/3043 3435/3/3045 3361/3/2986
f 3433/3/3043 3361/3/2986 3362/3/2987
f 3434/3/3044 3094/3/2779 3097/3/2781
f 3334/3/2960 3306/3/2932 3337/3/2963
f 3334/3/2960 3337/3/2963 3348/3/2974
f 3332/3/2958 3305/3/2931 3335/3/2961
f 3331/3/2957 3334/3/2960 3348/3/2974
f 3331/3/2957 3348/3/2974 3327/3/2953
f 3323/3/2949 3329/3/2955 3345/3/2971
f 3324/3/2950 3327/3/2953 3344/3/2970
f 3318/3/2944 3324/3/2950 3344/3/2970
f 3317/3/2943 3323/3/2949 3345/3/2971
f 3317/3/2943 3345/3/2971 3343/3/2969
f 3314/3/2940 3320/3/2946 3338/3/2964
f 3313/3/2939 3317/3/2943 3343/3/2969
f 3315/3/2941 3318/3/2944 3344/3/2970
f 3313/3/2939 3343/3/2969 3312/3/2938
f 3308/3/2934 3314/3/2940 3338/3/2964
f 3308/3/2934 3338/3/2964 3337/3/2963
f 3305/3/2931 3304/3/2930 3335/3/2961
f 3306/3/2932 3308/3/2934 3337/3/2963
f 3341/3/2967 3340/3/2966 3301/3/2927
f 3341/3/2967 3301/3/2927 3302/3/2928
f 3336/3/2962 3300/3/2926 3299/3/2925
f 3336/3/2962 3342/3/2968 3300/3/2926
f 3339/3/2965 3341/3/2967 3302/3/2928
f 3339/3/2965 3302/3/2928 3297/3/2923
f 3340/3/2966 3345/3/2971 3301/3/2927
f 3345/3/2971 3298/3/2924 3301/3/2927
f 3342/3/2968 3346/3/2972 3296/3/2922
f 3342/3/2968 3296/3/2922 3300/3/2926
f 3345/3/2971 3347/3/2973 3298/3/2924
f 3346/3/2972 3348/3/2974 3296/3/2922
f 3347/3/2973 3299/3/2925 3298/3/2924
f 3347/3/2973 3336/3/2962 3299/3/2925
f 3348/3/2974 3297/3/2923 3296/3/2922
f 3348/3/2974 3339/3/2965 3297/3/2923
f 3436/3/3046 3437/3/3047 3438/3/3048
f 3439/3/3049 3440/3/3050 3441/3/3051
f 3439/3/3049 3441/3/3051 3442/3/3052
f 3443/3/3053 3444/3/3054 3445/3/3055
f 3443/3/3053 3445/3/3055 3446/3/3056
f 3440/3/3050 3447/3/3057 3448/3/2452
f 3440/3/3050 3448/3/2452 3441/3/3051
f 3447/3/3057 3449/3/2455 3450/3/3058
f 3447/3/3057 3450/3/3058 3448/3/2452
f 3444/3/3054 3451/3/3059 3452/3/3060
f 3444/3/3054 3452/3/3060 3445/3/3055
f 3449/3/2455 3453/3/3061 3454/3/3062
f 3449/3/2455 3454/3/3062 3450/3/3058
f 3451/3/3059 3455/3/3063 3456/3/3064
f 3451/3/3059 3456/3/3064 3452/3/3060
f 3453/3/3061 3457/3/3065 3454/3/3062
f 3457/3/3065 3458/3/3066 3454/3/3062
f 3455/3/3063 3459/3/3067 3460/3/3068
f 3455/3/3063 3460/3/3068 3456/3/3064
f 3457/3/3065 3461/3/3069 3458/3/3066
f 3461/3/3069 3462/3/3070 3458/3/3066
f 3459/3/3067 3463/3/3071 3464/3/3072
f 3459/3/3067 3464/3/3072 3460/3/3068
f 3461/3/3069 3436/3/3046 3462/3/3070
f 3463/3/3071 3465/3/3073 3464/3/3072
f 3436/3/3046 3438/3/3048 3462/3/3070
f 3463/3/3071 3466/3/3074 3465/3/3073
f 3467/3/3075 3468/3/3076 3469/3/3077
f 3466/3/3074 3470/3/3078 3465/3/3073
f 3466/3/3074 3471/3/3079 3470/3/3078
f 3471/3/3079 3472/3/3080 3473/3/3081
f 3471/3/3079 3473/3/3081 3474/3/3082
f 3471/3/3079 3474/3/3082 3470/3/3078
f 3475/3/3083 3476/3/3084 3477/3/3085
f 3475/3/3083 3477/3/3085 3478/3/3086
f 3479/3/3087 3480/3/3088 3481/3/3089
f 3479/3/3087 3481/3/3089 3482/3/3090
f 3472/3/3080 3483/3/3091 3484/3/3092
f 3472/3/3080 3484/3/3092 3473/3/3081
f 3476/3/3084 3485/3/3093 3486/3/3094
f 3476/3/3084 3486/3/3094 3477/3/3085
f 3480/3/3088 3487/3/3095 3488/3/3096
f 3480/3/3088 3488/3/3096 3481/3/3089
f 3483/3/3091 3489/3/3097 3490/3/3098
f 3483/3/3091 3490/3/3098 3484/3/3092
f 3489/3/3097 3491/3/3099 3490/3/3098
f 3485/3/3093 3492/3/3100 3493/3/3101
f 3485/3/3093 3493/3/3101 3486/3/3094
f 3487/3/3095 3494/3/3102 3495/3/3103
f 3487/3/3095 3495/3/3103 3488/3/3096
f 3491/3/3099 3496/3/2510 3497/3/3104
f 3491/3/3099 3497/3/3104 3490/3/3098
f 3492/3/3100 3498/3/3105 3499/3/3106
f 3492/3/3100 3499/3/3106 3493/3/3101
f 3494/3/3102 3500/3/3107 3501/3/3108
f 3494/3/3102 3501/3/3108 3495/3/3103
f 3502/3/3109 3443/3/3053 3446/3/3056
f 3502/3/3109 3446/3/3056 3503/3/3110
f 3500/3/3107 3504/3/3111 3501/3/3108
f 3498/3/3105 3505/3/3112 3506/3/3113
f 3498/3/3105 3506/3/3113 3499/3/3106
f 3504/3/3111 3502/3/3109 3503/3/3110
f 3504/3/3111 3503/3/3110 3501/3/3108
f 3437/3/3047 3479/3/3087 3482/3/3090
f 3437/3/3047 3482/3/3090 3438/3/3048
f 3505/3/3112 3439/3/3049 3442/3/3052
f 3505/3/3112 3442/3/3052 3506/3/3113
f 3507/3/2515 3508/3/2517 3509/3/2517
f 3507/3/2515 3509/3/2517 3510/3/2515
f 3511/3/2519 3512/3/3114 3513/3/3114
f 3511/3/2519 3513/3/3114 3514/3/2519
f 3515/3/2521 3516/3/2521 3517/3/2522
f 3515/3/2521 3517/3/2522 3518/3/2522
f 3519/3/2523 3520/3/2525 3521/3/2525
f 3519/3/2523 3521/3/2525 3522/3/2526
f 3195/3/2836 3523/3/2547 3196/3/2202
f 3524/3/3115 3200/3/2204 3199/3/2839
f 3525/3/3116 3511/3/2519 3514/3/2519
f 3525/3/3116 3514/3/2519 3526/3/2530
f 3201/3/2206 3527/3/3117 3528/3/3117
f 3201/3/2206 3528/3/3117 3202/3/2206
f 3529/3/2532 3530/3/2533 3531/3/3118
f 3508/3/2517 3532/3/3119 3533/3/2534
f 3508/3/2517 3533/3/2534 3509/3/2517
f 3534/3/3120 3465/3/3073 3535/3/3121
f 3536/3/3122 3537/3/3123 3529/3/2532
f 3527/3/3117 3538/3/2540 3539/3/2540
f 3527/3/3117 3539/3/2540 3528/3/3117
f 3540/3/2544 3541/3/3124 3542/3/2543
f 3540/3/2544 3542/3/2543 3543/3/2544
f 3544/3/2645 3545/3/2645 3546/3/2538
f 3547/3/2545 3537/3/3123 3536/3/3122
f 3523/3/2547 3507/3/2515 3510/3/2515
f 3548/3/3125 3549/3/2548 3542/3/2543
f 3548/3/3125 3542/3/2543 3541/3/3124
f 3512/3/3114 3120/3/2119 3121/3/2119
f 3512/3/3114 3121/3/2119 3513/3/3114
f 3547/3/2545 3550/3/2550 3551/3/3126
f 3552/3/2643 3553/3/2643 3545/3/2645
f 3552/3/2643 3545/3/2645 3544/3/2645
f 3554/3/2553 3555/3/3127 3549/3/2548
f 3554/3/2553 3549/3/2548 3548/3/3125
f 3532/3/3119 3540/3/2544 3543/3/2544
f 3532/3/3119 3543/3/2544 3533/3/2534
f 3550/3/2550 3556/3/2554 3557/3/2555
f 3550/3/2550 3557/3/2555 3551/3/3126
f 3531/3/3118 3530/3/2533 3553/3/2643
f 3531/3/3118 3553/3/2643 3552/3/2643
f 3558/3/2557 3559/3/2557 3555/3/3127
f 3558/3/2557 3555/3/3127 3554/3/2553
f 3556/3/2554 3560/3/2558 3561/3/2559
f 3556/3/2554 3561/3/2559 3557/3/2555
f 3562/3/2560 3563/3/3128 3559/3/2557
f 3562/3/2560 3559/3/2557 3558/3/2557
f 3560/3/2558 3564/3/2561 3565/3/3129
f 3560/3/2558 3565/3/3129 3561/3/2559
f 3566/3/2564 3567/3/2564 3563/3/3128
f 3566/3/2564 3563/3/3128 3562/3/2560
f 3564/3/2561 3568/3/3130 3569/3/3131
f 3564/3/2561 3569/3/3131 3565/3/3129
f 3570/3/2567 3567/3/2564 3566/3/2564
f 3568/3/3130 3571/3/2568 3572/3/2569
f 3568/3/3130 3572/3/2569 3569/3/3131
f 3573/3/2570 3574/3/3132 3570/3/2567
f 3571/3/2568 3519/3/2523 3522/3/2526
f 3571/3/2568 3522/3/2526 3572/3/2569
f 3518/3/2522 3517/3/2522 3574/3/3132
f 3518/3/2522 3574/3/3132 3573/3/2570
f 3520/3/2525 3575/3/3133 3521/3/2525
f 3151/3/2151 3150/3/2151 3516/3/2521
f 3151/3/2151 3516/3/2521 3515/3/2521
f 3576/3/3134 3464/3/3072 3465/3/3073
f 3576/3/3134 3465/3/3073 3534/3/3120
f 3577/3/3135 3503/3/3110 3446/3/3056
f 3577/3/3135 3446/3/3056 3578/3/3136
f 3579/3/3137 3442/3/3052 3441/3/3051
f 3579/3/3137 3441/3/3051 3580/3/2576
f 3578/3/3136 3446/3/3056 3581/3/3138
f 3580/3/2576 3441/3/3051 3582/3/2578
f 3581/3/3138 3446/3/3056 3445/3/3055
f 3581/3/3138 3445/3/3055 3583/3/3139
f 3582/3/2578 3441/3/3051 3448/3/2452
f 3582/3/2578 3448/3/2452 3584/3/3140
f 3583/3/3139 3445/3/3055 3585/3/3141
f 3584/3/3140 3448/3/2452 3450/3/3058
f 3584/3/3140 3450/3/3058 3586/3/2582
f 3585/3/3141 3445/3/3055 3452/3/3060
f 3585/3/3141 3452/3/3060 3587/3/2583
f 3586/3/2582 3450/3/3058 3588/3/3142
f 3587/3/2583 3452/3/3060 3589/3/3143
f 3588/3/3142 3450/3/3058 3454/3/3062
f 3588/3/3142 3454/3/3062 3590/3/3144
f 3589/3/3143 3452/3/3060 3456/3/3064
f 3589/3/3143 3456/3/3064 3591/3/3145
f 3590/3/3144 3454/3/3062 3592/3/2588
f 3591/3/3145 3456/3/3064 3593/3/3146
f 3592/3/2588 3454/3/3062 3458/3/3066
f 3592/3/2588 3458/3/3066 3594/3/2590
f 3593/3/3146 3456/3/3064 3460/3/3068
f 3593/3/3146 3460/3/3068 3595/3/3147
f 3594/3/2590 3458/3/3066 3596/3/3148
f 3595/3/3147 3460/3/3068 3597/3/3149
f 3596/3/3148 3458/3/3066 3462/3/3070
f 3596/3/3148 3462/3/3070 3598/3/2594
f 3597/3/3149 3460/3/3068 3464/3/3072
f 3597/3/3149 3464/3/3072 3576/3/3134
f 3598/3/2594 3462/3/3070 3599/3/2595
f 3600/3/2596 3469/3/3077 3601/3/2597
f 3599/3/2595 3462/3/3070 3438/3/3048
f 3599/3/2595 3438/3/3048 3602/3/3150
f 3601/3/2597 3469/3/3077 3478/3/3086
f 3601/3/2597 3478/3/3086 3603/3/3151
f 3602/3/3150 3438/3/3048 3604/3/3152
f 3603/3/3151 3478/3/3086 3605/3/3153
f 3603/3/3151 3605/3/3153 3606/3/2602
f 3604/3/3152 3438/3/3048 3482/3/3090
f 3604/3/3152 3482/3/3090 3607/3/3154
f 3606/3/2602 3605/3/3153 3608/3/3155
f 3607/3/3154 3482/3/3090 3609/3/3156
f 3610/3/3157 3470/3/3078 3611/3/3158
f 3608/3/3155 3605/3/3153 3477/3/3085
f 3608/3/3155 3477/3/3085 3612/3/3159
f 3609/3/3156 3482/3/3090 3481/3/3089
f 3609/3/3156 3481/3/3089 3613/3/3160
f 3611/3/3158 3470/3/3078 3474/3/3082
f 3611/3/3158 3474/3/3082 3614/3/3161
f 3612/3/3159 3477/3/3085 3615/3/3162
f 3613/3/3160 3481/3/3089 3616/3/3163
f 3614/3/3161 3474/3/3082 3473/3/3081
f 3614/3/3161 3473/3/3081 3617/3/3164
f 3615/3/3162 3477/3/3085 3486/3/3094
f 3615/3/3162 3486/3/3094 3618/3/3165
f 3616/3/3163 3481/3/3089 3488/3/3096
f 3616/3/3163 3488/3/3096 3619/3/3166
f 3617/3/3164 3473/3/3081 3620/3/3167
f 3618/3/3165 3486/3/3094 3621/3/3168
f 3619/3/3166 3488/3/3096 3622/3/3169
f 3619/3/3166 3622/3/3169 3623/3/3170
f 3620/3/3167 3473/3/3081 3484/3/3092
f 3620/3/3167 3484/3/3092 3624/3/3171
f 3621/3/3168 3486/3/3094 3493/3/3101
f 3621/3/3168 3493/3/3101 3625/3/3172
f 3623/3/3170 3622/3/3169 3626/3/3173
f 3624/3/3171 3484/3/3092 3627/3/3174
f 3624/3/3171 3627/3/3174 3628/3/3175
f 3625/3/3172 3493/3/3101 3629/3/3176
f 3626/3/3173 3622/3/3169 3495/3/3103
f 3626/3/3173 3495/3/3103 3630/3/3177
f 3628/3/3175 3627/3/3174 3631/3/3178
f 3629/3/3176 3493/3/3101 3499/3/3106
f 3629/3/3176 3499/3/3106 3632/3/3179
f 3630/3/3177 3495/3/3103 3633/3/3180
f 3631/3/3178 3627/3/3174 3490/3/3098
f 3631/3/3178 3490/3/3098 3634/3/3181
f 3634/3/3181 3490/3/3098 3635/3/3182
f 3633/3/3180 3495/3/3103 3501/3/3108
f 3633/3/3180 3501/3/3108 3636/3/3183
f 3635/3/3182 3490/3/3098 3497/3/3104
f 3635/3/3182 3497/3/3104 3637/3/2633
f 3636/3/3183 3501/3/3108 3638/3/3184
f 3632/3/3179 3499/3/3106 3506/3/3113
f 3632/3/3179 3506/3/3113 3639/3/3185
f 3535/3/3121 3465/3/3073 3470/3/3078
f 3535/3/3121 3470/3/3078 3610/3/3157
f 3638/3/3184 3501/3/3108 3503/3/3110
f 3638/3/3184 3503/3/3110 3640/3/3186
f 3639/3/3185 3506/3/3113 3641/3/2637
f 3640/3/3186 3503/3/3110 3577/3/3135
f 3198/3/2838 3197/3/2837 3147/3/2811
f 3478/3/3086 3477/3/3085 3605/3/3153
f 3488/3/3096 3495/3/3103 3622/3/3169
f 3484/3/3092 3490/3/3098 3627/3/3174
f 3641/3/2637 3506/3/3113 3442/3/3052
f 3641/3/2637 3442/3/3052 3579/3/3137
f 3142/3/2807 3642/3/3187 3143/3/2808
f 3642/3/3187 3135/3/2800 3143/3/2808
f 3642/3/3187 3133/3/2799 3135/3/2800
f 3114/3/2114 3129/3/2795 3643/3/3188
f 3129/3/2795 3644/3/2138 3645/3/3189
f 3129/3/2795 3645/3/3189 3643/3/3188
f 3644/3/2138 3646/3/3190 3647/3/3191
f 3644/3/2138 3647/3/3191 3645/3/3189
f 3646/3/3190 3575/3/3133 3647/3/3191
f 3550/3/2550 3547/3/2545 3648/3/3192
f 3547/3/2545 3536/3/3122 3648/3/3192
f 3536/3/3122 3529/3/2532 3649/3/3193
f 3529/3/2532 3531/3/3118 3649/3/3193
f 3544/3/2645 3546/3/2538 3650/3/3194
f 3546/3/2538 3524/3/3115 3651/3/3195
f 3546/3/2538 3651/3/3195 3650/3/3194
f 3652/3/3196 3653/3/3197 3654/3/3198
f 3524/3/3115 3199/3/2839 3651/3/3195
f 3653/3/3197 3655/3/3199 3654/3/3198
f 3124/3/2121 3134/3/2135 3656/3/3200
f 3134/3/2135 3145/3/2809 3656/3/3200
f 3173/3/2826 3657/3/3201 3658/3/3202
f 3657/3/3201 3659/3/3203 3658/3/3202
f 3507/3/2515 3523/3/2547 3660/3/2651
f 3523/3/2547 3195/3/2836 3660/3/2651
f 3149/3/2812 3140/3/2805 3146/3/2810
f 3053/3/2065 3059/3/2069 3661/3/3204
f 3059/3/2069 3073/3/2082 3661/3/3204
f 3122/3/2790 3116/3/2788 3127/3/2793
f 3131/3/2797 3127/3/2793 3662/3/3205
f 3138/3/2803 3131/3/2797 3662/3/3205
f 3136/3/2801 3138/3/2803 3662/3/3205
f 3174/3/2827 3176/3/2828 3663/3/3206
f 3659/3/3203 3174/3/2827 3663/3/3206
f 3658/3/3202 3659/3/3203 3663/3/3206
f 3173/3/2826 3658/3/3202 3172/3/2825
f 3170/3/2823 3172/3/2825 3169/3/2822
f 3163/3/2819 3165/3/2821 3664/3/3207
f 3665/3/3208 3163/3/2819 3664/3/3207
f 3665/3/3208 3664/3/3207 3666/3/3209
f 3655/3/3199 3665/3/3208 3666/3/3209
f 3654/3/3198 3655/3/3199 3666/3/3209
f 3652/3/3196 3654/3/3198 3667/3/3210
f 3162/4/2818 3652/3/3196 3667/3/3210
f 3161/3/2817 3162/4/2818 3667/3/3210
f 3065/3/2772 3060/3/2771 3057/3/2769
f 3130/3/2796 3125/3/2791 3132/3/2798
f 3147/3/2811 3141/3/2806 3198/3/2838
f 3496/3/2510 3491/3/3099 3668/3/2654
f 3489/3/3097 3483/3/3091 3669/3/2655
f 3483/3/3091 3472/3/3080 3670/3/3211
f 3082/3/2776 3671/3/3212 3093/3/2098
f 3472/3/3080 3471/3/3079 3672/3/3213
f 3671/3/3212 3115/3/2114 3093/3/2098
f 3471/3/3079 3466/3/3074 3673/3/3214
f 3466/3/3074 3463/3/3071 3674/3/2660
f 3646/3/3190 3675/3/3215 3575/3/3133
f 3675/3/3215 3521/3/2525 3575/3/3133
f 3463/3/3071 3459/3/3067 3676/3/3216
f 3459/3/3067 3455/3/3063 3677/3/3217
f 3451/3/3059 3444/3/3054 3678/3/3218
f 3444/3/3054 3443/3/3053 3679/3/3219
f 3444/3/3054 3679/3/3219 3680/3/3220
f 3443/3/3053 3502/3/3109 3681/3/3221
f 3502/3/3109 3504/3/3111 3682/3/3222
f 3500/3/3107 3494/3/3102 3683/3/3223
f 3494/3/3102 3487/3/3095 3684/3/3224
f 3487/3/3095 3480/3/3088 3685/3/3225
f 3480/3/3088 3479/3/3087 3686/3/3226
f 3437/3/3047 3436/3/3046 3687/3/3227
f 3436/3/3046 3461/3/3069 3688/3/3228
f 3461/3/3069 3457/3/3065 3689/3/3229
f 3574/3/3132 3690/3/3230 3570/3/2567
f 3690/3/3230 3567/3/2564 3570/3/2567
f 3453/3/3061 3449/3/2455 3691/3/3231
f 3447/3/3057 3440/3/3050 3692/3/3232
f 3439/3/3049 3505/3/3112 3693/3/3233
f 3505/3/3112 3498/3/3105 3694/3/3234
f 3498/3/3105 3492/3/3100 3695/3/3235
f 3492/3/3100 3485/3/3093 3696/3/3236
f 3485/3/3093 3476/3/3084 3697/3/3237
f 3476/3/3084 3475/3/3083 3698/3/3238
f 3538/3/2540 3525/3/3116 3526/3/2530
f 3538/3/2540 3526/3/2530 3539/3/2540
f 3468/3/3076 3475/3/3083 3478/3/3086
f 3468/3/3076 3478/3/3086 3469/3/3077
f 3699/3/3239 3700/3/3240 3701/3/3241
f 3702/3/3242 3700/3/3240 3699/3/3239
f 3703/3/3243 3700/3/3240 3702/3/3242
f 3704/3/3244 3705/3/3245 3706/3/3246
f 3705/3/3245 3707/3/3247 3706/3/3246
f 3708/3/3248 3701/3/3241 3700/3/3240
f 3709/3/3249 3703/3/3243 3702/3/3242
f 3710/3/3250 3701/3/3241 3708/3/3248
f 3711/3/3251 3703/3/3243 3709/3/3249
f 3712/3/3252 3701/3/3241 3710/3/3250
f 3712/3/3252 3699/3/3239 3701/3/3241
f 3702/3/3242 3699/3/3239 3713/3/3253
f 3711/3/3251 3700/3/3240 3703/3/3243
f 3713/3/3253 3699/3/3239 3712/3/3252
f 3708/3/3248 3700/3/3240 3711/3/3251
f 3714/3/3254 3715/3/3255 3716/3/3256
f 3717/3/3257 3718/3/3258 3719/3/3259
f 3714/3/3254 3716/3/3256 3720/3/3260
f 3721/3/3261 3722/3/3262 3723/3/3263
f 3719/3/3259 3718/3/3258 3724/3/3264
f 3723/3/3263 3722/3/3262 3725/3/3265
f 3720/3/3260 3716/3/3256 3726/3/3266
f 3723/3/3263 3725/3/3265 3727/3/3267
f 3724/3/3264 3728/3/3268 3729/3/3269
f 3727/3/3267 3725/3/3265 3730/3/3270
f 3726/3/3266 3731/3/3271 3732/3/3272
f 3727/3/3267 3730/3/3270 3733/3/3273
f 3732/3/3272 3731/3/3271 3721/3/3261
f 3733/3/3273 3730/3/3270 3734/3/3274
f 3729/3/3269 3728/3/3268 3735/3/3275
f 3729/3/3269 3735/3/3275 3736/3/3276
f 3721/3/3261 3731/3/3271 3722/3/3262
f 3733/3/3273 3734/3/3274 3737/3/3277
f 3736/3/3276 3735/3/3275 3738/3/3278
f 3737/3/3277 3734/3/3274 3739/3/3279
f 3737/3/3277 3739/3/3279 3740/3/3280
f 3738/3/3278 3741/3/3281 3742/3/3282
f 3740/3/3280 3739/3/3279 3743/3/3283
f 3740/3/3280 3743/3/3283 3744/3/3284
f 3742/3/3282 3741/3/3281 3745/3/3285
f 3744/3/3284 3743/3/3283 3746/3/3286
f 3745/3/3285 3741/3/3281 3715/3/3255
f 3744/3/3284 3746/3/3286 3717/3/3257
f 3717/3/3257 3746/3/3286 3718/3/3258
f 3718/3/3258 3747/3/3287 3748/3/3288
f 3718/3/3258 3748/3/3288 3749/3/3289
f 3722/3/3262 3750/3/3290 3725/3/3265
f 3751/3/3291 3752/3/3292 3753/3/3293
f 3725/3/3265 3750/3/3290 3754/3/3294
f 3749/3/3289 3748/3/3288 3728/3/3268
f 3725/3/3265 3754/3/3294 3730/3/3270
f 3753/3/3293 3750/3/3290 3731/3/3271
f 3728/3/3268 3748/3/3288 3755/3/3295
f 3728/3/3268 3755/3/3295 3756/3/3296
f 3730/3/3270 3754/3/3294 3757/3/3297
f 3730/3/3270 3757/3/3297 3734/3/3274
f 3731/3/3271 3750/3/3290 3722/3/3262
f 3734/3/3274 3757/3/3297 3739/3/3279
f 3756/3/3296 3755/3/3295 3758/3/3298
f 3758/3/3298 3755/3/3295 3759/3/3299
f 3739/3/3279 3757/3/3297 3760/3/3300
f 3760/3/3300 3757/3/3297 3747/3/3287
f 3758/3/3298 3759/3/3299 3751/3/3291
f 3760/3/3300 3747/3/3287 3718/3/3258
f 3751/3/3291 3759/3/3299 3752/3/3292
f 3761/3/3301 3744/3/3284 3762/3/3302
f 3763/3/3303 3745/3/3285 3764/3/3304
f 3765/3/3305 3744/3/3284 3761/3/3301
f 3766/3/3306 3745/3/3285 3763/3/3303
f 3767/3/3307 3737/3/3277 3768/3/3308
f 3769/3/3309 3732/3/3272 3770/3/3310
f 3771/3/3311 3772/3/3312 3773/3/3313
f 3774/3/3314 3732/3/3272 3769/3/3309
f 3775/3/3315 3714/3/3254 3776/3/3316
f 3777/3/3317 3714/3/3254 3775/3/3315
f 3777/3/3317 3715/3/3255 3714/3/3254
f 3762/3/3302 3717/3/3257 3778/3/3318
f 3764/3/3304 3715/3/3255 3777/3/3317
f 3744/3/3284 3717/3/3257 3762/3/3302
f 3745/3/3285 3715/3/3255 3764/3/3304
f 3766/3/3306 3742/3/3282 3745/3/3285
f 3765/3/3305 3740/3/3280 3744/3/3284
f 3768/3/3308 3740/3/3280 3765/3/3305
f 3779/3/3319 3738/3/3278 3742/3/3282
f 3779/3/3319 3742/3/3282 3766/3/3306
f 3737/3/3277 3740/3/3280 3768/3/3308
f 3780/3/3320 3736/3/3276 3738/3/3278
f 3780/3/3320 3738/3/3278 3779/3/3319
f 3767/3/3307 3733/3/3273 3737/3/3277
f 3781/3/3321 3736/3/3276 3780/3/3320
f 3770/3/3310 3721/3/3261 3782/3/3322
f 3773/3/3313 3733/3/3273 3767/3/3307
f 3783/3/3323 3729/3/3269 3736/3/3276
f 3783/3/3323 3736/3/3276 3781/3/3321
f 3732/3/3272 3721/3/3261 3770/3/3310
f 3772/3/3312 3727/3/3267 3733/3/3273
f 3772/3/3312 3733/3/3273 3773/3/3313
f 3784/3/3324 3729/3/3269 3783/3/3323
f 3774/3/3314 3726/3/3266 3732/3/3272
f 3785/3/3325 3724/3/3264 3729/3/3269
f 3785/3/3325 3729/3/3269 3784/3/3324
f 3786/3/3326 3723/3/3263 3727/3/3267
f 3786/3/3326 3727/3/3267 3772/3/3312
f 3776/3/3316 3720/3/3260 3726/3/3266
f 3776/3/3316 3726/3/3266 3774/3/3314
f 3787/3/3327 3723/3/3263 3786/3/3326
f 3788/3/3328 3719/3/3259 3724/3/3264
f 3788/3/3328 3724/3/3264 3785/3/3325
f 3714/3/3254 3720/3/3260 3776/3/3316
f 3782/3/3322 3721/3/3261 3723/3/3263
f 3782/3/3322 3723/3/3263 3787/3/3327
f 3789/3/3329 3719/3/3259 3788/3/3328
f 3778/3/3318 3717/3/3257 3719/3/3259
f 3778/3/3318 3719/3/3259 3789/3/3329
f 3790/3/3330 3791/3/3331 3792/3/3332
f 3793/3/3333 3791/3/3331 3790/3/3330
f 3794/3/3334 3795/3/3335 3796/3/3336
f 3797/3/3337 3798/3/3338 3793/3/3333
f 3799/3/3339 3800/3/3339 3801/3/3340
f 3799/3/3339 3801/3/3340 3802/3/3340
f 3803/3/3341 3804/3/3342 3798/3/3338
f 3803/3/3341 3798/3/3338 3797/3/3337
f 3805/3/3343 3806/3/3344 3807/3/3344
f 3805/3/3343 3807/3/3344 3808/3/3343
f 3809/3/3345 3810/3/3346 3804/3/3342
f 3809/3/3345 3804/3/3342 3803/3/3341
f 3811/3/3347 3794/3/3334 3796/3/3336
f 3811/3/3347 3796/3/3336 3812/3/3347
f 3813/3/3348 3814/3/3349 3810/3/3346
f 3813/3/3348 3810/3/3346 3809/3/3345
f 3802/3/3340 3801/3/3340 3815/3/3350
f 3802/3/3340 3815/3/3350 3816/3/3351
f 3817/3/3352 3818/3/3353 3814/3/3349
f 3817/3/3352 3814/3/3349 3813/3/3348
f 3819/3/3354 3805/3/3343 3808/3/3343
f 3820/3/3355 3821/3/3356 3818/3/3353
f 3820/3/3355 3818/3/3353 3817/3/3352
f 3822/3/3357 3811/3/3347 3812/3/3347
f 3822/3/3357 3812/3/3347 3823/3/3358
f 3824/3/3359 3825/3/3360 3821/3/3356
f 3824/3/3359 3821/3/3356 3820/3/3355
f 3816/3/3351 3815/3/3350 3826/3/3361
f 3816/3/3351 3826/3/3361 3827/3/3361
f 3828/3/3362 3829/3/3363 3825/3/3360
f 3828/3/3362 3825/3/3360 3824/3/3359
f 3830/3/3364 3831/3/3365 3832/3/3366
f 3830/3/3364 3832/3/3366 3833/3/3367
f 3834/3/3368 3835/3/3368 3829/3/3363
f 3834/3/3368 3829/3/3363 3828/3/3362
f 3836/3/3369 3822/3/3357 3823/3/3358
f 3836/3/3369 3823/3/3358 3837/3/3369
f 3838/3/3370 3839/3/3371 3840/3/3372
f 3841/3/3373 3842/3/3373 3835/3/3368
f 3841/3/3373 3835/3/3368 3834/3/3368
f 3827/3/3361 3826/3/3361 3843/3/3374
f 3827/3/3361 3843/3/3374 3844/3/3374
f 3845/3/3375 3846/3/3376 3842/3/3373
f 3845/3/3375 3842/3/3373 3841/3/3373
f 3847/3/3377 3848/3/3378 3849/3/3379
f 3850/3/3380 3846/3/3376 3845/3/3375
f 3851/3/3381 3836/3/3369 3837/3/3369
f 3852/3/3382 3853/3/3383 3848/3/3378
f 3852/3/3382 3848/3/3378 3847/3/3377
f 3844/3/3374 3843/3/3374 3854/3/3384
f 3844/3/3374 3854/3/3384 3855/3/3384
f 3856/3/3385 3857/3/3386 3850/3/3380
f 3858/3/3387 3859/3/3387 3853/3/3383
f 3858/3/3387 3853/3/3383 3852/3/3382
f 3860/3/3388 3861/3/3389 3862/3/3390
f 3863/3/3391 3864/3/3392 3857/3/3386
f 3863/3/3391 3857/3/3386 3856/3/3385
f 3865/3/3393 3866/3/3394 3859/3/3387
f 3865/3/3393 3859/3/3387 3858/3/3387
f 3867/3/3395 3868/3/3396 3864/3/3392
f 3867/3/3395 3864/3/3392 3863/3/3391
f 3869/3/3397 3870/3/3398 3866/3/3394
f 3869/3/3397 3866/3/3394 3865/3/3393
f 3855/3/3384 3854/3/3384 3871/3/3399
f 3855/3/3384 3871/3/3399 3872/3/3399
f 3873/3/3400 3868/3/3396 3867/3/3395
f 3874/3/3401 3870/3/3398 3869/3/3397
f 3875/3/3402 3876/3/3403 3873/3/3400
f 3877/3/3404 3860/3/3388 3862/3/3390
f 3877/3/3404 3862/3/3390 3878/3/3404
f 3879/3/3405 3880/3/3406 3876/3/3403
f 3879/3/3405 3876/3/3403 3875/3/3402
f 3872/3/3399 3871/3/3399 3881/3/3407
f 3882/3/3408 3883/3/3409 3884/3/3410
f 3885/3/3411 3886/3/3411 3880/3/3406
f 3885/3/3411 3880/3/3406 3879/3/3405
f 3887/3/3412 3877/3/3404 3878/3/3404
f 3887/3/3412 3878/3/3404 3888/3/3412
f 3889/3/3413 3883/3/3409 3882/3/3408
f 3881/3/3407 3890/3/3414 3891/3/3415
f 3892/3/3416 3893/3/3417 3889/3/3413
f 3894/3/3418 3887/3/3412 3888/3/3412
f 3894/3/3418 3888/3/3412 3895/3/3418
f 3896/3/3419 3897/3/3420 3893/3/3417
f 3896/3/3419 3893/3/3417 3892/3/3416
f 3898/3/3421 3899/3/3422 3897/3/3420
f 3898/3/3421 3897/3/3420 3896/3/3419
f 3746/3/3286 3760/3/3300 3718/3/3258
f 3715/3/3255 3758/3/3298 3751/3/3291
f 3741/3/3281 3758/3/3298 3715/3/3255
f 3743/3/3283 3760/3/3300 3746/3/3286
f 3743/3/3283 3739/3/3279 3760/3/3300
f 3738/3/3278 3758/3/3298 3741/3/3281
f 3738/3/3278 3756/3/3296 3758/3/3298
f 3735/3/3275 3756/3/3296 3738/3/3278
f 3728/3/3268 3756/3/3296 3735/3/3275
f 3726/3/3266 3753/3/3293 3731/3/3271
f 3724/3/3264 3749/3/3289 3728/3/3268
f 3716/3/3256 3751/3/3291 3753/3/3293
f 3716/3/3256 3753/3/3293 3726/3/3266
f 3718/3/3258 3749/3/3289 3724/3/3264
f 3715/3/3255 3751/3/3291 3716/3/3256
f 3752/3/3292 3709/3/3249 3702/3/3242
f 3747/3/3287 3708/3/3248 3748/3/3288
f 3748/3/3288 3708/3/3248 3711/3/3251
f 3750/3/3290 3713/3/3253 3712/3/3252
f 3752/3/3292 3702/3/3242 3753/3/3293
f 3750/3/3290 3712/3/3252 3754/3/3294
f 3753/3/3293 3702/3/3242 3713/3/3253
f 3753/3/3293 3713/3/3253 3750/3/3290
f 3748/3/3288 3711/3/3251 3755/3/3295
f 3754/3/3294 3712/3/3252 3710/3/3250
f 3754/3/3294 3710/3/3250 3757/3/3297
f 3755/3/3295 3711/3/3251 3709/3/3249
f 3755/3/3295 3709/3/3249 3759/3/3299
f 3757/3/3297 3710/3/3250 3708/3/3248
f 3757/3/3297 3708/3/3248 3747/3/3287
f 3759/3/3299 3709/3/3249 3752/3/3292
f 3792/3/3332 3900/3/3423 3901/3/3424
f 3901/3/3424 3900/3/3423 3902/3/3425
f 3902/3/3425 3903/3/3426 3904/3/3427
f 3904/3/3427 3903/3/3426 3905/3/3428
f 3905/3/3428 3906/3/3429 3907/3/3430
f 3907/3/3430 3906/3/3429 3908/3/3431
f 3907/3/3430 3908/3/3431 3909/3/3432
f 3909/3/3432 3908/3/3431 3910/3/3433
f 3910/3/3433 3911/3/3434 3912/3/3435
f 3912/3/3435 3911/3/3434 3913/3/3436
f 3914/3/3437 3915/3/3438 3916/3/3439
f 3916/3/3439 3917/3/3440 3918/3/3441
f 3918/3/3441 3917/3/3440 3919/3/3442
f 3920/3/3443 3921/3/3444 3922/3/3445
f 3922/3/3445 3921/3/3444 3923/3/3446
f 3923/3/3446 3924/3/3447 3925/3/3448
f 3925/3/3448 3924/3/3447 3926/3/3449
f 3925/3/3448 3926/3/3449 3927/3/3450
f 3927/3/3450 3926/3/3449 3928/3/3451
f 3927/3/3450 3928/3/3451 3929/3/3452
f 3929/3/3452 3928/3/3451 3930/3/3453
f 3929/3/3452 3930/3/3453 3931/3/3454
f 3931/3/3454 3930/3/3453 3932/3/3455
f 3931/3/3454 3932/3/3455 3933/3/3456
f 3933/3/3456 3932/3/3455 3899/3/3422
f 3933/3/3456 3899/3/3422 3898/3/3421
f 3934/3/3457 3935/3/3458 3936/3/3459
f 3840/3/3372 3839/3/3371 3937/3/3460
f 3840/3/3372 3937/3/3460 3938/3/3460
f 3939/3/3461 3940/3/3462 3800/3/3339
f 3939/3/3461 3800/3/3339 3799/3/3339
f 3806/3/3344 3941/3/3463 3942/3/3464
f 3806/3/3344 3942/3/3464 3807/3/3344
f 3943/3/3465 3765/3/3305 3761/3/3301
f 3943/3/3465 3761/3/3301 3944/3/3466
f 3945/3/3467 3766/3/3306 3763/3/3303
f 3945/3/3467 3763/3/3303 3946/3/3468
f 3947/3/3469 3765/3/3305 3943/3/3465
f 3945/3/3467 3779/3/3319 3766/3/3306
f 3947/3/3469 3768/3/3308 3765/3/3305
f 3948/3/3470 3779/3/3319 3945/3/3467
f 3949/3/3471 3768/3/3308 3947/3/3469
f 3949/3/3471 3767/3/3307 3768/3/3308
f 3950/3/3472 3780/3/3320 3779/3/3319
f 3950/3/3472 3779/3/3319 3948/3/3470
f 3951/3/3473 3767/3/3307 3949/3/3471
f 3952/3/3474 3781/3/3321 3780/3/3320
f 3952/3/3474 3780/3/3320 3950/3/3472
f 3953/3/3475 3773/3/3313 3767/3/3307
f 3953/3/3475 3767/3/3307 3951/3/3473
f 3954/3/3476 3770/3/3310 3782/3/3322
f 3954/3/3476 3782/3/3322 3955/3/3477
f 3956/3/3478 3783/3/3323 3781/3/3321
f 3956/3/3478 3781/3/3321 3952/3/3474
f 3953/3/3475 3771/3/3311 3773/3/3313
f 3769/3/3309 3770/3/3310 3954/3/3476
f 3957/3/3479 3771/3/3311 3953/3/3475
f 3958/3/3480 3784/3/3324 3783/3/3323
f 3958/3/3480 3783/3/3323 3956/3/3478
f 3957/3/3479 3772/3/3312 3771/3/3311
f 3959/3/3481 3774/3/3314 3769/3/3309
f 3960/3/3482 3772/3/3312 3957/3/3479
f 3961/3/3483 3785/3/3325 3784/3/3324
f 3961/3/3483 3784/3/3324 3958/3/3480
f 3960/3/3482 3786/3/3326 3772/3/3312
f 3962/3/3484 3776/3/3316 3774/3/3314
f 3962/3/3484 3774/3/3314 3959/3/3481
f 3963/3/3485 3786/3/3326 3960/3/3482
f 3964/3/3486 3788/3/3328 3785/3/3325
f 3964/3/3486 3785/3/3325 3961/3/3483
f 3963/3/3485 3787/3/3327 3786/3/3326
f 3965/3/3487 3775/3/3315 3776/3/3316
f 3965/3/3487 3776/3/3316 3962/3/3484
f 3955/3/3477 3787/3/3327 3963/3/3485
f 3966/3/3488 3789/3/3329 3788/3/3328
f 3966/3/3488 3788/3/3328 3964/3/3486
f 3955/3/3477 3782/3/3322 3787/3/3327
f 3967/3/3489 3775/3/3315 3965/3/3487
f 3968/3/3490 3778/3/3318 3789/3/3329
f 3968/3/3490 3789/3/3329 3966/3/3488
f 3969/3/3491 3777/3/3317 3775/3/3315
f 3969/3/3491 3775/3/3315 3967/3/3489
f 3970/3/3492 3762/3/3302 3778/3/3318
f 3970/3/3492 3778/3/3318 3968/3/3490
f 3969/3/3491 3764/3/3304 3777/3/3317
f 3971/3/3493 3764/3/3304 3969/3/3491
f 3944/3/3466 3761/3/3301 3762/3/3302
f 3944/3/3466 3762/3/3302 3970/3/3492
f 3971/3/3493 3763/3/3303 3764/3/3304
f 3946/3/3468 3763/3/3303 3971/3/3493
f 3954/3/3476 3955/3/3477 3972/3/3494
f 3954/3/3476 3972/3/3494 3973/3/3495
f 3954/3/3476 3973/3/3495 3974/3/3496
f 3769/3/3309 3954/3/3476 3974/3/3496
f 3769/3/3309 3974/3/3496 3975/3/3497
f 3769/3/3309 3975/3/3497 3976/3/3498
f 3959/3/3481 3769/3/3309 3976/3/3498
f 3959/3/3481 3976/3/3498 3977/3/3499
f 3959/3/3481 3977/3/3499 3978/3/3500
f 3962/3/3484 3959/3/3481 3978/3/3500
f 3962/3/3484 3978/3/3500 3979/3/3501
f 3962/3/3484 3979/3/3501 3980/3/3502
f 3965/3/3487 3962/3/3484 3980/3/3502
f 3965/3/3487 3980/3/3502 3981/3/3503
f 3965/3/3487 3981/3/3503 3982/3/3504
f 3967/3/3489 3965/3/3487 3982/3/3504
f 3967/3/3489 3982/3/3504 3983/3/3505
f 3967/3/3489 3983/3/3505 3984/3/3506
f 3969/3/3491 3967/3/3489 3984/3/3506
f 3969/3/3491 3984/3/3506 3985/3/3507
f 3969/3/3491 3985/3/3507 3986/3/3508
f 3971/3/3493 3969/3/3491 3986/3/3508
f 3971/3/3493 3986/3/3508 3987/3/3509
f 3971/3/3493 3987/3/3509 3988/3/3510
f 3946/3/3468 3971/3/3493 3988/3/3510
f 3946/3/3468 3988/3/3510 3989/3/3511
f 3946/3/3468 3989/3/3511 3990/3/3512
f 3945/3/3467 3946/3/3468 3990/3/3512
f 3945/3/3467 3990/3/3512 3991/3/3513
f 3945/3/3467 3991/3/3513 3992/3/3514
f 3945/3/3467 3992/3/3514 3993/3/3515
f 3948/3/3470 3945/3/3467 3993/3/3515
f 3948/3/3470 3993/3/3515 3994/3/3516
f 3948/3/3470 3994/3/3516 3995/3/3517
f 3950/3/3472 3948/3/3470 3995/3/3517
f 3950/3/3472 3995/3/3517 3996/3/3518
f 3950/3/3472 3996/3/3518 3997/3/3519
f 3952/3/3474 3950/3/3472 3997/3/3519
f 3952/3/3474 3997/3/3519 3998/3/3520
f 3952/3/3474 3998/3/3520 3999/3/3521
f 3956/3/3478 3952/3/3474 3999/3/3521
f 3956/3/3478 3999/3/3521 4000/3/3522
f 3956/3/3478 4000/3/3522 4001/3/3523
f 3958/3/3480 3956/3/3478 4001/3/3523
f 3958/3/3480 4001/3/3523 4002/3/3524
f 3958/3/3480 4002/3/3524 4003/3/3525
f 3961/3/3483 3958/3/3480 4003/3/3525
f 3961/3/3483 4003/3/3525 4004/3/3526
f 3961/3/3483 4004/3/3526 4005/3/3527
f 3964/3/3486 3961/3/3483 4005/3/3527
f 3964/3/3486 4005/3/3527 4006/3/3528
f 3964/3/3486 4006/3/3528 4007/3/3529
f 3966/3/3488 3964/3/3486 4007/3/3529
f 3966/3/3488 4007/3/3529 4008/3/3530
f 3966/3/3488 4008/3/3530 4009/3/3531
f 3968/3/3490 3966/3/3488 4009/3/3531
f 3968/3/3490 4009/3/3531 4010/3/3532
f 3968/3/3490 4010/3/3532 4011/3/3533
f 3970/3/3492 3968/3/3490 4011/3/3533
f 3970/3/3492 4011/3/3533 4012/3/3534
f 3970/3/3492 4012/3/3534 4013/3/3535
f 3944/3/3466 3970/3/3492 4013/3/3535
f 3944/3/3466 4013/3/3535 4014/3/3536
f 3944/3/3466 4014/3/3536 4015/3/3537
f 3944/3/3466 4015/3/3537 4016/3/3538
f 3943/3/3465 3944/3/3466 4016/3/3538
f 3943/3/3465 4016/3/3538 4017/3/3539
f 3943/3/3465 4017/3/3539 4018/3/3540
f 3947/3/3469 3943/3/3465 4018/3/3540
f 3947/3/3469 4018/3/3540 4019/3/3541
f 3947/3/3469 4019/3/3541 4020/3/3542
f 3949/3/3471 3947/3/3469 4020/3/3542
f 3949/3/3471 4020/3/3542 4021/3/3543
f 3949/3/3471 4021/3/3543 4022/3/3544
f 3951/3/3473 3949/3/3471 4022/3/3544
f 3951/3/3473 4022/3/3544 4023/3/3545
f 3951/3/3473 4023/3/3545 4024/3/3546
f 3953/3/3475 3951/3/3473 4024/3/3546
f 3953/3/3475 4024/3/3546 4025/3/3547
f 3953/3/3475 4025/3/3547 4026/3/3548
f 3953/3/3475 4026/3/3548 4027/3/3549
f 3957/3/3479 3953/3/3475 4027/3/3549
f 3957/3/3479 4027/3/3549 4028/3/3550
f 3957/3/3479 4028/3/3550 4029/3/3551
f 3960/3/3482 3957/3/3479 4029/3/3551
f 3960/3/3482 4029/3/3551 4030/3/3552
f 3960/3/3482 4030/3/3552 4031/3/3553
f 3963/3/3485 3960/3/3482 4031/3/3553
f 3963/3/3485 4031/3/3553 4032/3/3554
f 3963/3/3485 4032/3/3554 4033/3/3555
f 3955/3/3477 3963/3/3485 4033/3/3555
f 3955/3/3477 4033/3/3555 4034/3/3556
f 3955/3/3477 4034/3/3556 4035/3/3557
f 3955/3/3477 4035/3/3557 3972/3/3494
f 4036/3/3558 3705/3/3245 3704/3/3244
f 4037/3/3559 4038/3/3560 3707/3/3247
f 4039/3/3561 4036/3/3558 3704/3/3244
f 4037/3/3559 3707/3/3247 3705/3/3245
f 4040/3/3562 3706/3/3246 3707/3/3247
f 4039/3/3561 3704/3/3244 3706/3/3246
f 4041/3/3563 4037/3/3559 3705/3/3245
f 4042/3/3564 4040/3/3562 3707/3/3247
f 4040/3/3562 4039/3/3561 3706/3/3246
f 4036/3/3558 4041/3/3563 3705/3/3245
f 4038/3/3560 4042/3/3564 3707/3/3247
f 4043/3/3565 4044/3/3566 4045/3/3567
f 4046/3/3568 4047/3/3569 4048/3/3570
f 4043/3/3565 4049/3/3571 4044/3/3566
f 4046/3/3568 4050/3/3572 4047/3/3569
f 4051/3/3573 4052/3/3574 4053/3/3575
f 4052/3/3574 4054/3/3576 4053/3/3575
f 4049/3/3571 4055/3/3577 4044/3/3566
f 4050/3/3572 4056/3/3578 4047/3/3569
f 4050/3/3572 4057/3/3579 4056/3/3578
f 4052/3/3574 4058/3/3580 4054/3/3576
f 4057/3/3579 4059/3/3581 4056/3/3578
f 4055/3/3577 4060/3/3582 4061/3/3583
f 4057/3/3579 4062/3/3584 4059/3/3581
f 4060/3/3582 4051/3/3573 4061/3/3583
f 4063/3/3585 4064/3/3586 4058/3/3580
f 4062/3/3584 4065/3/3587 4059/3/3581
f 4051/3/3573 4053/3/3575 4061/3/3583
f 4062/3/3584 4066/3/3588 4065/3/3587
f 4063/3/3585 4067/3/3589 4064/3/3586
f 4067/3/3589 4068/3/3590 4069/3/3591
f 4067/3/3589 4069/3/3591 4064/3/3586
f 4066/3/3588 4070/3/3592 4071/3/3593
f 4066/3/3588 4071/3/3593 4065/3/3587
f 4068/3/3590 4072/3/3594 4069/3/3591
f 4070/3/3592 4073/3/3595 4071/3/3593
f 4068/3/3590 4074/3/3596 4072/3/3594
f 4073/3/3595 4045/3/3567 4071/3/3593
f 4074/3/3596 4048/3/3570 4072/3/3594
f 4073/3/3595 4043/3/3565 4045/3/3567
f 4074/3/3596 4046/3/3568 4048/3/3570
f 4047/3/3569 4075/3/3597 4076/3/3598
f 4077/3/3599 4078/3/3600 4079/3/3601
f 4047/3/3569 4056/3/3578 4075/3/3597
f 4053/3/3575 4080/3/3602 4081/3/3603
f 4080/3/3602 4082/3/3604 4081/3/3603
f 4056/3/3578 4059/3/3581 4075/3/3597
f 4078/3/3600 4061/3/3583 4079/3/3601
f 4061/3/3583 4081/3/3603 4079/3/3601
f 4059/3/3581 4083/3/3605 4075/3/3597
f 4080/3/3602 4064/3/3586 4082/3/3604
f 4059/3/3581 4084/3/3606 4083/3/3605
f 4061/3/3583 4053/3/3575 4081/3/3603
f 4064/3/3586 4085/3/3607 4082/3/3604
f 4064/3/3586 4069/3/3591 4085/3/3607
f 4084/3/3606 4086/3/3608 4083/3/3605
f 4086/3/3608 4087/3/3609 4083/3/3605
f 4069/3/3591 4072/3/3594 4085/3/3607
f 4086/3/3608 4088/3/3610 4087/3/3609
f 4072/3/3594 4076/3/3598 4085/3/3607
f 4088/3/3610 4077/3/3599 4087/3/3609
f 4089/3/3611 3833/3/3367 4090/3/3612
f 4091/3/3613 4092/3/3614 4070/3/3592
f 4093/3/3615 4091/3/3613 4070/3/3592
f 4094/3/3616 4095/3/3617 4067/3/3589
f 4096/3/3618 4094/3/3616 4067/3/3589
f 4097/3/3619 4098/3/3620 4060/3/3582
f 4099/3/3621 4097/3/3619 4060/3/3582
f 4100/3/3622 4101/3/3623 4043/3/3565
f 3833/3/3367 3832/3/3366 4046/3/3568
f 3833/3/3367 4046/3/3568 4074/3/3596
f 4102/3/3624 4100/3/3622 4043/3/3565
f 4102/3/3624 4043/3/3565 4073/3/3595
f 4090/3/3612 3833/3/3367 4074/3/3596
f 4092/3/3614 4102/3/3624 4073/3/3595
f 4103/3/3625 4090/3/3612 4074/3/3596
f 4103/3/3625 4074/3/3596 4068/3/3590
f 4070/3/3592 4092/3/3614 4073/3/3595
f 4095/3/3617 4103/3/3625 4068/3/3590
f 4093/3/3615 4070/3/3592 4066/3/3588
f 4095/3/3617 4068/3/3590 4067/3/3589
f 4104/3/3626 4093/3/3615 4066/3/3588
f 4105/3/3627 4104/3/3626 4066/3/3588
f 4105/3/3627 4066/3/3588 4062/3/3584
f 4096/3/3618 4067/3/3589 4063/3/3585
f 4098/3/3620 4106/3/3628 4051/3/3573
f 4107/3/3629 4105/3/3627 4062/3/3584
f 4108/3/3630 4096/3/3618 4063/3/3585
f 4060/3/3582 4098/3/3620 4051/3/3573
f 4108/3/3630 4063/3/3585 4058/3/3580
f 4109/3/3631 4107/3/3629 4062/3/3584
f 4109/3/3631 4062/3/3584 4057/3/3579
f 4110/3/3632 4108/3/3630 4058/3/3580
f 4099/3/3621 4060/3/3582 4055/3/3577
f 4111/3/3633 4109/3/3631 4057/3/3579
f 4112/3/3634 4110/3/3632 4058/3/3580
f 4112/3/3634 4058/3/3580 4052/3/3574
f 4111/3/3633 4057/3/3579 4050/3/3572
f 4113/3/3635 4099/3/3621 4055/3/3577
f 4113/3/3635 4055/3/3577 4049/3/3571
f 4114/3/3636 4112/3/3634 4052/3/3574
f 4115/3/3637 4111/3/3633 4050/3/3572
f 4116/3/3638 4113/3/3635 4049/3/3571
f 4106/3/3628 4114/3/3636 4052/3/3574
f 4106/3/3628 4052/3/3574 4051/3/3573
f 4117/3/3639 4115/3/3637 4050/3/3572
f 4117/3/3639 4050/3/3572 4046/3/3568
f 4101/3/3623 4116/3/3638 4049/3/3571
f 4101/3/3623 4049/3/3571 4043/3/3565
f 3832/3/3366 4117/3/3639 4046/3/3568
f 4118/3/3640 4119/3/3641 4101/3/3623
f 4118/3/3640 4101/3/3623 4100/3/3622
f 3831/3/3365 4120/3/3642 3832/3/3366
f 4119/3/3641 4121/3/3643 4101/3/3623
f 4120/3/3642 4122/3/3644 4117/3/3639
f 4120/3/3642 4117/3/3639 3832/3/3366
f 4123/3/3645 4124/3/3646 4106/3/3628
f 4121/3/3643 4125/3/3647 4116/3/3638
f 4121/3/3643 4116/3/3638 4101/3/3623
f 4122/3/3644 4126/3/3648 4117/3/3639
f 4124/3/3646 4127/3/3649 4114/3/3636
f 4124/3/3646 4114/3/3636 4106/3/3628
f 4125/3/3647 4128/3/3650 4116/3/3638
f 4126/3/3648 4129/3/3651 4115/3/3637
f 4126/3/3648 4115/3/3637 4117/3/3639
f 4127/3/3649 4130/3/3652 4114/3/3636
f 4128/3/3650 4131/3/3653 4113/3/3635
f 4128/3/3650 4113/3/3635 4116/3/3638
f 4129/3/3651 4132/3/3654 4115/3/3637
f 4130/3/3652 4133/3/3655 4112/3/3634
f 4130/3/3652 4112/3/3634 4114/3/3636
f 4131/3/3653 4134/3/3656 4113/3/3635
f 4132/3/3654 4135/3/3657 4111/3/3633
f 4132/3/3654 4111/3/3633 4115/3/3637
f 4133/3/3655 4136/3/3658 4112/3/3634
f 4134/3/3656 4137/3/3659 4099/3/3621
f 4134/3/3656 4099/3/3621 4113/3/3635
f 4135/3/3657 4138/3/3660 4111/3/3633
f 4136/3/3658 4139/3/3661 4110/3/3632
f 4136/3/3658 4110/3/3632 4112/3/3634
f 4137/3/3659 4140/3/3662 4099/3/3621
f 4138/3/3660 4141/3/3663 4109/3/3631
f 4138/3/3660 4109/3/3631 4111/3/3633
f 4139/3/3661 4142/3/3664 4110/3/3632
f 4140/3/3662 4143/3/3665 4097/3/3619
f 4140/3/3662 4097/3/3619 4099/3/3621
f 4141/3/3663 4144/3/3666 4109/3/3631
f 4142/3/3664 4145/3/3667 4108/3/3630
f 4142/3/3664 4108/3/3630 4110/3/3632
f 4144/3/3666 4146/3/3668 4107/3/3629
f 4144/3/3666 4107/3/3629 4109/3/3631
f 4145/3/3667 4147/3/3669 4108/3/3630
f 4097/3/3619 4148/3/3670 4098/3/3620
f 4146/3/3668 4149/3/3671 4107/3/3629
f 4147/3/3669 4150/3/3672 4096/3/3618
f 4147/3/3669 4096/3/3618 4108/3/3630
f 4151/3/3673 4123/3/3645 4106/3/3628
f 4151/3/3673 4106/3/3628 4098/3/3620
f 4149/3/3671 4152/3/3674 4105/3/3627
f 4149/3/3671 4105/3/3627 4107/3/3629
f 4148/3/3670 4151/3/3673 4098/3/3620
f 4150/3/3672 4153/3/3675 4096/3/3618
f 4152/3/3674 4154/3/3676 4105/3/3627
f 4153/3/3675 4155/3/3677 4094/3/3616
f 4153/3/3675 4094/3/3616 4096/3/3618
f 4154/3/3676 4156/3/3678 4104/3/3626
f 4154/3/3676 4104/3/3626 4105/3/3627
f 4155/3/3677 4157/3/3679 4094/3/3616
f 4156/3/3678 4158/3/3680 4104/3/3626
f 4157/3/3679 4159/3/3681 4094/3/3616
f 4158/3/3680 4160/3/3682 4093/3/3615
f 4158/3/3680 4093/3/3615 4104/3/3626
f 4159/3/3681 4161/3/3683 4095/3/3617
f 4159/3/3681 4095/3/3617 4094/3/3616
f 4160/3/3682 4162/3/3684 4093/3/3615
f 4161/3/3683 4163/3/3685 4095/3/3617
f 4162/3/3684 4164/3/3686 4093/3/3615
f 4163/3/3685 4165/3/3687 4103/3/3625
f 4163/3/3685 4103/3/3625 4095/3/3617
f 4164/3/3686 4166/3/3688 4091/3/3613
f 4164/3/3686 4091/3/3613 4093/3/3615
f 4165/3/3687 4167/3/3689 4103/3/3625
f 4167/3/3689 4168/3/3690 4090/3/3612
f 4167/3/3689 4090/3/3612 4103/3/3625
f 4091/3/3613 4169/3/3691 4092/3/3614
f 4168/3/3690 4170/3/3692 4090/3/3612
f 4169/3/3691 4171/3/3693 4092/3/3614
f 4170/3/3692 4172/3/3694 4089/3/3611
f 4170/3/3692 4089/3/3611 4090/3/3612
f 4171/3/3693 4173/3/3695 4102/3/3624
f 4171/3/3693 4102/3/3624 4092/3/3614
f 4173/3/3695 4174/3/3696 4100/3/3622
f 4173/3/3695 4100/3/3622 4102/3/3624
f 4089/3/3611 4175/3/3697 3833/3/3367
f 4176/3/3698 4118/3/3640 4100/3/3622
f 4174/3/3696 4176/3/3698 4100/3/3622
f 4175/3/3697 3830/3/3364 3833/3/3367
f 4045/3/3567 4077/3/3599 4088/3/3610
f 4048/3/3570 4076/3/3598 4072/3/3594
f 4071/3/3593 4045/3/3567 4088/3/3610
f 4071/3/3593 4088/3/3610 4086/3/3608
f 4065/3/3587 4071/3/3593 4086/3/3608
f 4065/3/3587 4086/3/3608 4084/3/3606
f 4059/3/3581 4065/3/3587 4084/3/3606
f 4058/3/3580 4064/3/3586 4080/3/3602
f 4055/3/3577 4061/3/3583 4078/3/3600
f 4054/3/3576 4058/3/3580 4080/3/3602
f 4054/3/3576 4080/3/3602 4053/3/3575
f 4044/3/3566 4055/3/3577 4078/3/3600
f 4044/3/3566 4078/3/3600 4077/3/3599
f 4048/3/3570 4047/3/3569 4076/3/3598
f 4045/3/3567 4044/3/3566 4077/3/3599
f 4077/3/3599 4042/3/3564 4038/3/3560
f 4076/3/3598 4075/3/3597 4041/3/3563
f 4076/3/3598 4041/3/3563 4036/3/3558
f 4077/3/3599 4079/3/3601 4042/3/3564
f 4081/3/3603 4039/3/3561 4040/3/3562
f 4081/3/3603 4082/3/3604 4039/3/3561
f 4079/3/3601 4081/3/3603 4040/3/3562
f 4079/3/3601 4040/3/3562 4042/3/3564
f 4075/3/3597 4083/3/3605 4037/3/3559
f 4075/3/3597 4037/3/3559 4041/3/3563
f 4082/3/3604 4085/3/3607 4039/3/3561
f 4085/3/3607 4036/3/3558 4039/3/3561
f 4083/3/3605 4087/3/3609 4038/3/3560
f 4083/3/3605 4038/3/3560 4037/3/3559
f 4085/3/3607 4076/3/3598 4036/3/3558
f 4087/3/3609 4077/3/3599 4038/3/3560
f 4177/3/3699 4178/3/3700 4179/3/3701
f 4180/3/3702 4181/3/3703 4182/3/3704
f 4183/3/3705 4184/3/3706 4185/3/3707
f 4183/3/3705 4185/3/3707 4186/3/3708
f 4187/3/3709 4188/3/3710 4189/3/3711
f 4187/3/3709 4189/3/3711 4190/3/3712
f 4184/3/3706 4191/3/3713 4192/3/3714
f 4184/3/3706 4192/3/3714 4185/3/3707
f 4188/3/3710 4193/3/3715 4194/3/3716
f 4188/3/3710 4194/3/3716 4189/3/3711
f 4191/3/3713 4195/3/3717 4196/3/3718
f 4191/3/3713 4196/3/3718 4192/3/3714
f 4193/3/3715 4197/3/3719 4198/3/3720
f 4193/3/3715 4198/3/3720 4194/3/3716
f 4195/3/3717 4199/3/3721 4200/3/3722
f 4195/3/3717 4200/3/3722 4196/3/3718
f 4197/3/3719 4201/3/3723 4202/3/3724
f 4197/3/3719 4202/3/3724 4198/3/3720
f 4199/3/3721 4203/3/3725 4204/3/3726
f 4199/3/3721 4204/3/3726 4200/3/3722
f 4201/3/3723 4205/3/3727 4206/3/3728
f 4201/3/3723 4206/3/3728 4202/3/3724
f 4203/3/3725 4207/3/3729 4204/3/3726
f 4205/3/3727 4208/3/3730 4209/3/3731
f 4205/3/3727 4209/3/3731 4206/3/3728
f 4203/3/3725 4177/3/3699 4207/3/3729
f 4177/3/3699 4179/3/3701 4207/3/3729
f 4208/3/3730 4210/3/3732 4211/3/3733
f 4208/3/3730 4211/3/3733 4209/3/3731
f 4212/3/3734 4213/3/3735 4214/3/3736
f 4181/3/3703 4215/3/3737 4216/3/3738
f 4210/3/3732 4217/3/3739 4218/3/3740
f 4210/3/3732 4218/3/3740 4211/3/3733
f 4217/3/3739 4219/3/3741 4218/3/3740
f 4178/3/3700 4220/3/3742 4221/3/3743
f 4178/3/3700 4221/3/3743 4222/3/3744
f 4219/3/3741 4223/3/3745 4218/3/3740
f 4224/3/3746 4225/3/3747 4226/3/3748
f 4224/3/3746 4226/3/3748 4227/3/3749
f 4219/3/3741 4228/3/3750 4223/3/3745
f 4220/3/3742 4229/3/3751 4230/3/3752
f 4220/3/3742 4230/3/3752 4221/3/3743
f 4228/3/3750 4231/3/3753 4223/3/3745
f 4225/3/3747 4232/3/3754 4233/3/3755
f 4225/3/3747 4233/3/3755 4226/3/3748
f 4229/3/3751 4234/3/3756 4230/3/3752
f 4228/3/3750 4235/3/3757 4231/3/3753
f 4235/3/3757 4236/3/3758 4237/3/3759
f 4235/3/3757 4237/3/3759 4231/3/3753
f 4232/3/3754 4238/3/3760 4239/3/3761
f 4232/3/3754 4239/3/3761 4233/3/3755
f 4234/3/3756 4240/3/3762 4241/3/3763
f 4234/3/3756 4241/3/3763 4230/3/3752
f 4236/3/3758 4242/3/3764 4243/3/3765
f 4236/3/3758 4243/3/3765 4237/3/3759
f 4238/3/3760 4244/3/3766 4245/3/3767
f 4238/3/3760 4245/3/3767 4239/3/3761
f 4240/3/3762 4180/3/3702 4182/3/3704
f 4240/3/3762 4182/3/3704 4241/3/3763
f 4215/3/3737 4187/3/3709 4190/3/3712
f 4215/3/3737 4190/3/3712 4216/3/3738
f 4244/3/3766 4246/3/3768 4247/3/3769
f 4244/3/3766 4247/3/3769 4245/3/3767
f 4181/3/3703 4216/3/3738 4182/3/3704
f 4178/3/3700 4222/3/3744 4179/3/3701
f 4246/3/3768 4183/3/3705 4186/3/3708
f 4246/3/3768 4186/3/3708 4247/3/3769
f 4213/3/3735 4224/3/3746 4227/3/3749
f 4248/3/3770 4249/3/3771 4250/3/3772
f 4248/3/3770 4250/3/3772 4251/3/3773
f 4252/3/3774 4253/3/3775 4254/3/3776
f 4255/3/3777 4256/3/3777 4257/3/3778
f 4255/3/3777 4257/3/3778 4258/3/3778
f 4259/3/3779 4260/3/3780 4261/3/3781
f 4259/3/3779 4261/3/3781 4262/3/3782
f 3935/3/3458 4263/3/3783 4264/3/3783
f 3935/3/3458 4264/3/3783 3936/3/3459
f 4265/3/3784 4266/3/3784 3940/3/3462
f 4265/3/3784 3940/3/3462 3939/3/3461
f 4267/3/3785 4252/3/3774 4254/3/3776
f 4267/3/3785 4254/3/3776 4268/3/3785
f 3941/3/3463 4269/3/3786 4270/3/3786
f 3941/3/3463 4270/3/3786 3942/3/3464
f 4271/3/3787 4272/3/3787 4273/3/3788
f 4271/3/3787 4273/3/3788 4274/3/3788
f 4249/3/3771 4275/3/3789 4276/3/3790
f 4249/3/3771 4276/3/3790 4250/3/3772
f 4277/3/3791 4209/3/3731 4211/3/3733
f 4277/3/3791 4211/3/3733 4278/3/3792
f 4279/3/3793 4280/3/3793 4266/3/3784
f 4279/3/3793 4266/3/3784 4265/3/3784
f 4281/3/3794 4282/3/3794 4272/3/3787
f 4281/3/3794 4272/3/3787 4271/3/3787
f 4269/3/3786 4283/3/3795 4284/3/3795
f 4269/3/3786 4284/3/3795 4270/3/3786
f 4285/3/3796 4286/3/3797 4287/3/3798
f 4285/3/3796 4287/3/3798 4288/3/3799
f 4289/3/3800 4290/3/3800 4280/3/3793
f 4289/3/3800 4280/3/3793 4279/3/3793
f 4291/3/3801 4292/3/3801 4282/3/3794
f 4291/3/3801 4282/3/3794 4281/3/3794
f 4263/3/3783 4248/3/3770 4251/3/3773
f 4263/3/3783 4251/3/3773 4264/3/3783
f 4293/3/3802 4294/3/3802 4287/3/3798
f 4293/3/3802 4287/3/3798 4286/3/3797
f 4291/3/3801 4295/3/3803 4296/3/3803
f 4291/3/3801 4296/3/3803 4292/3/3801
f 4297/3/3804 4298/3/3804 4290/3/3800
f 4297/3/3804 4290/3/3800 4289/3/3800
f 4299/3/3805 4300/3/3806 4294/3/3802
f 4299/3/3805 4294/3/3802 4293/3/3802
f 4275/3/3789 4285/3/3796 4288/3/3799
f 4275/3/3789 4288/3/3799 4276/3/3790
f 4295/3/3803 4301/3/3807 4302/3/3808
f 4295/3/3803 4302/3/3808 4296/3/3803
f 4274/3/3788 4273/3/3788 4298/3/3804
f 4274/3/3788 4298/3/3804 4297/3/3804
f 4303/3/3809 4304/3/3810 4300/3/3806
f 4303/3/3809 4300/3/3806 4299/3/3805
f 4301/3/3807 4305/3/3811 4306/3/3812
f 4301/3/3807 4306/3/3812 4302/3/3808
f 4307/3/3813 4308/3/3813 4304/3/3810
f 4307/3/3813 4304/3/3810 4303/3/3809
f 4305/3/3811 4309/3/3814 4310/3/3815
f 4305/3/3811 4310/3/3815 4306/3/3812
f 4311/3/3816 4312/3/3817 4308/3/3813
f 4311/3/3816 4308/3/3813 4307/3/3813
f 4309/3/3814 4313/3/3818 4314/3/3819
f 4309/3/3814 4314/3/3819 4310/3/3815
f 4315/3/3820 4316/3/3820 4312/3/3817
f 4315/3/3820 4312/3/3817 4311/3/3816
f 4313/3/3818 4317/3/3821 4318/3/3822
f 4313/3/3818 4318/3/3822 4314/3/3819
f 4319/3/3823 4320/3/3823 4316/3/3820
f 4319/3/3823 4316/3/3820 4315/3/3820
f 4317/3/3821 4259/3/3779 4262/3/3782
f 4317/3/3821 4262/3/3782 4318/3/3822
f 4258/3/3778 4257/3/3778 4320/3/3823
f 4258/3/3778 4320/3/3823 4319/3/3823
f 4260/3/3780 3894/3/3418 3895/3/3418
f 4260/3/3780 3895/3/3418 4261/3/3781
f 3891/3/3415 3890/3/3414 4256/3/3777
f 3891/3/3415 4256/3/3777 4255/3/3777
f 4321/3/3824 4209/3/3731 4277/3/3791
f 4322/3/3825 4216/3/3738 4190/3/3712
f 4322/3/3825 4190/3/3712 4323/3/3826
f 4324/3/3827 4186/3/3708 4325/3/3828
f 4323/3/3826 4190/3/3712 4326/3/3829
f 4325/3/3828 4186/3/3708 4185/3/3707
f 4325/3/3828 4185/3/3707 4327/3/3830
f 4326/3/3829 4190/3/3712 4189/3/3711
f 4326/3/3829 4189/3/3711 4328/3/3831
f 4327/3/3830 4185/3/3707 4329/3/3832
f 4328/3/3831 4189/3/3711 4330/3/3833
f 4329/3/3832 4185/3/3707 4192/3/3714
f 4329/3/3832 4192/3/3714 4331/3/3834
f 4330/3/3833 4189/3/3711 4194/3/3716
f 4330/3/3833 4194/3/3716 4332/3/3835
f 4331/3/3834 4192/3/3714 4333/3/3836
f 4332/3/3835 4194/3/3716 4334/3/3837
f 4333/3/3836 4192/3/3714 4196/3/3718
f 4333/3/3836 4196/3/3718 4335/3/3838
f 4334/3/3837 4194/3/3716 4198/3/3720
f 4334/3/3837 4198/3/3720 4336/3/3839
f 4335/3/3838 4196/3/3718 4200/3/3722
f 4335/3/3838 4200/3/3722 4337/3/3840
f 4336/3/3839 4198/3/3720 4202/3/3724
f 4336/3/3839 4202/3/3724 4338/3/3841
f 4337/3/3840 4200/3/3722 4339/3/3842
f 4338/3/3841 4202/3/3724 4340/3/3843
f 4339/3/3842 4200/3/3722 4204/3/3726
f 4339/3/3842 4204/3/3726 4341/3/3844
f 4340/3/3843 4202/3/3724 4206/3/3728
f 4340/3/3843 4206/3/3728 4342/3/3845
f 4341/3/3844 4204/3/3726 4207/3/3729
f 4341/3/3844 4207/3/3729 4343/3/3846
f 4342/3/3845 4206/3/3728 4209/3/3731
f 4342/3/3845 4209/3/3731 4321/3/3824
f 4343/3/3846 4207/3/3729 4344/3/3847
f 4345/3/3848 4214/3/3736 4346/3/3849
f 4344/3/3847 4207/3/3729 4179/3/3701
f 4344/3/3847 4179/3/3701 4347/3/3850
f 4346/3/3849 4214/3/3736 4227/3/3749
f 4346/3/3849 4227/3/3749 4348/3/3851
f 4347/3/3850 4179/3/3701 4349/3/3852
f 4348/3/3851 4227/3/3749 4350/3/3853
f 4348/3/3851 4350/3/3853 4351/3/3854
f 4349/3/3852 4179/3/3701 4222/3/3744
f 4349/3/3852 4222/3/3744 4352/3/3855
f 4351/3/3854 4350/3/3853 4353/3/3856
f 4352/3/3855 4222/3/3744 4221/3/3743
f 4352/3/3855 4221/3/3743 4354/3/3857
f 4355/3/3858 4356/3/3859 4357/3/3860
f 4353/3/3856 4350/3/3853 4226/3/3748
f 4353/3/3856 4226/3/3748 4358/3/3861
f 4354/3/3857 4221/3/3743 4359/3/3862
f 4357/3/3860 4356/3/3859 4218/3/3740
f 4357/3/3860 4218/3/3740 4360/3/3863
f 4358/3/3861 4226/3/3748 4361/3/3864
f 4359/3/3862 4221/3/3743 4230/3/3752
f 4359/3/3862 4230/3/3752 4362/3/3865
f 4360/3/3863 4218/3/3740 4363/3/3866
f 4361/3/3864 4226/3/3748 4233/3/3755
f 4361/3/3864 4233/3/3755 4364/3/3867
f 4362/3/3865 4230/3/3752 4365/3/3868
f 4363/3/3866 4218/3/3740 4223/3/3745
f 4363/3/3866 4223/3/3745 4366/3/3869
f 4364/3/3867 4233/3/3755 4367/3/3870
f 4365/3/3868 4230/3/3752 4368/3/3871
f 4365/3/3868 4368/3/3871 4369/3/3872
f 4366/3/3869 4223/3/3745 4370/3/3873
f 4367/3/3870 4233/3/3755 4239/3/3761
f 4367/3/3870 4239/3/3761 4371/3/3874
f 4369/3/3872 4368/3/3871 4372/3/3875
f 4370/3/3873 4223/3/3745 4231/3/3753
f 4370/3/3873 4231/3/3753 4373/3/3876
f 4371/3/3874 4239/3/3761 4374/3/3877
f 4372/3/3875 4368/3/3871 4241/3/3763
f 4372/3/3875 4241/3/3763 4375/3/3878
f 4373/3/3876 4231/3/3753 4376/3/3879
f 4374/3/3877 4239/3/3761 4245/3/3767
f 4374/3/3877 4245/3/3767 4377/3/3880
f 4375/3/3878 4241/3/3763 4378/3/3881
f 4376/3/3879 4231/3/3753 4237/3/3759
f 4376/3/3879 4237/3/3759 4379/3/3882
f 4379/3/3882 4237/3/3759 4380/3/3883
f 4378/3/3881 4241/3/3763 4182/3/3704
f 4378/3/3881 4182/3/3704 4381/3/3884
f 4380/3/3883 4237/3/3759 4243/3/3765
f 4380/3/3883 4243/3/3765 4382/3/3885
f 4381/3/3884 4182/3/3704 4383/3/3886
f 4377/3/3880 4245/3/3767 4247/3/3769
f 4377/3/3880 4247/3/3769 4384/3/3887
f 4278/3/3792 4211/3/3733 4356/3/3859
f 4278/3/3792 4356/3/3859 4355/3/3858
f 4383/3/3886 4182/3/3704 4216/3/3738
f 4383/3/3886 4216/3/3738 4385/3/3888
f 4384/3/3887 4247/3/3769 4386/3/3889
f 4385/3/3888 4216/3/3738 4322/3/3825
f 3938/3/3460 3937/3/3460 3886/3/3411
f 3938/3/3460 3886/3/3411 3885/3/3411
f 4211/3/3733 4218/3/3740 4356/3/3859
f 4227/3/3749 4226/3/3748 4350/3/3853
f 4230/3/3752 4241/3/3763 4368/3/3871
f 4386/3/3889 4247/3/3769 4186/3/3708
f 4386/3/3889 4186/3/3708 4324/3/3827
f 3805/3/3343 3819/3/3354 4387/3/3890
f 3876/3/3403 3868/3/3396 3873/3/3400
f 3819/3/3354 4388/3/3891 4389/3/3892
f 3819/3/3354 4389/3/3892 4387/3/3890
f 4388/3/3891 3861/3/3389 4390/3/3893
f 4388/3/3891 4390/3/3893 4389/3/3892
f 3861/3/3389 3860/3/3388 4390/3/3893
f 3791/3/3331 3900/3/3423 3792/3/3332
f 3908/3/3431 3911/3/3434 3910/3/3433
f 3917/3/3440 4391/3/3894 3919/3/3442
f 4391/3/3894 4392/3/3895 3919/3/3442
f 3872/3/3399 3881/3/3407 4393/3/3896
f 4391/3/3894 4394/3/3897 4392/3/3895
f 3881/3/3407 3891/3/3415 4393/3/3896
f 4394/3/3897 4395/3/3898 4396/3/3899
f 4395/3/3898 4397/3/3900 4396/3/3899
f 4395/3/3898 4398/3/3901 4397/3/3900
f 4398/3/3901 4399/3/3902 4400/3/3903
f 4399/3/3902 3920/3/3443 4400/3/3903
f 3921/3/3444 3924/3/3447 3923/3/3446
f 3935/3/3458 3934/3/3457 4401/3/3904
f 3934/3/3457 3795/3/3335 4402/3/3905
f 3934/3/3457 4402/3/3905 4401/3/3904
f 3884/3/3410 3870/3/3398 3874/3/3401
f 3795/3/3335 3794/3/3334 4402/3/3905
f 3836/3/3369 3851/3/3381 4403/3/3906
f 3851/3/3381 4253/3/3775 4404/3/3907
f 3851/3/3381 4404/3/3907 4403/3/3906
f 4253/3/3775 4252/3/3774 4404/3/3907
f 3838/3/3370 3840/3/3372 4405/3/3908
f 3849/3/3379 3838/3/3370 4405/3/3908
f 3847/3/3377 3849/3/3379 4405/3/3908
f 3884/3/3410 3874/3/3401 3882/3/3408
f 3889/3/3413 3882/3/3408 3892/3/3416
f 4400/3/3903 3920/3/3443 3922/3/3445
f 4398/3/3901 4400/3/3903 4397/3/3900
f 4394/3/3897 4396/3/3899 4392/3/3895
f 3914/3/3437 3916/3/3439 3918/3/3441
f 3912/3/3435 3913/3/3436 4406/3/3909
f 3905/3/3428 3907/3/3430 3904/3/3427
f 3902/3/3425 3904/3/3427 3901/3/3424
f 3797/3/3337 3793/3/3333 3790/3/3330
f 3850/3/3380 3845/3/3375 3856/3/3385
f 4242/3/3764 4236/3/3758 4407/3/3910
f 4235/3/3757 4228/3/3750 4408/3/3911
f 4228/3/3750 4219/3/3741 4409/3/3912
f 4219/3/3741 4217/3/3739 4410/3/3913
f 4217/3/3739 4210/3/3732 4411/3/3914
f 4210/3/3732 4208/3/3730 4412/3/3915
f 4205/3/3727 4201/3/3723 4413/3/3916
f 4193/3/3715 4188/3/3710 4414/3/3917
f 4188/3/3710 4187/3/3709 4415/3/3918
f 4188/3/3710 4415/3/3918 4416/3/3919
f 4215/3/3737 4181/3/3703 4417/3/3920
f 4181/3/3703 4180/3/3702 4418/3/3921
f 4180/3/3702 4240/3/3762 4419/3/3922
f 4240/3/3762 4234/3/3756 4420/3/3923
f 4229/3/3751 4220/3/3742 4421/3/3924
f 4220/3/3742 4178/3/3700 4422/3/3925
f 4178/3/3700 4177/3/3699 4423/3/3926
f 4177/3/3699 4203/3/3725 4424/3/3927
f 4203/3/3725 4199/3/3721 4425/3/3928
f 4195/3/3717 4191/3/3713 4426/3/3929
f 4191/3/3713 4184/3/3706 4427/3/3930
f 4184/3/3706 4183/3/3705 4428/3/3931
f 4183/3/3705 4246/3/3768 4429/3/3932
f 4246/3/3768 4244/3/3766 4430/3/3933
f 4244/3/3766 4238/3/3760 4431/3/3934
f 4238/3/3760 4232/3/3754 4432/3/3935
f 4232/3/3754 4225/3/3747 4433/3/3936
f 4224/3/3746 4213/3/3735 4434/3/3937
f 4283/3/3795 4267/3/3785 4268/3/3785
f 4283/3/3795 4268/3/3785 4284/3/3795
f 4213/3/3735 4227/3/3749 4214/3/3736
f 4435/5/3938 4436/5/3939 4437/5/3940
f 4438/5/3941 4436/5/3939 4439/5/3942
f 4437/5/3940 4436/5/3939 4438/5/3941
f 4439/5/3942 4436/5/3939 4435/5/3938
f 4440/5/3943 4441/5/3944 4442/5/3945
f 4443/5/3946 4440/5/3943 4442/5/3945
f 4441/5/3944 4444/5/3947 4442/5/3945
f 4444/5/3947 4443/5/3946 4442/5/3945
f 4445/5/3948 4435/5/3938 4446/5/3949
f 4447/5/3950 4437/5/3940 4438/5/3941
f 4448/5/3951 4437/5/3940 4447/5/3950
f 4445/5/3948 4439/5/3942 4435/5/3938
f 4449/5/3952 4439/5/3942 4445/5/3948
f 4450/5/3953 4438/5/3941 4451/5/3954
f 4452/5/3955 4435/5/3938 4437/5/3940
f 4452/5/3955 4437/5/3940 4448/5/3951
f 4451/5/3954 4439/5/3942 4449/5/3952
f 4451/5/3954 4438/5/3941 4439/5/3942
f 4446/5/3949 4435/5/3938 4452/5/3955
f 4447/5/3950 4438/5/3941 4450/5/3953
f 4453/5/3956 4454/5/3957 4455/5/3958
f 4456/5/3959 4457/5/3960 4458/5/3961
f 4453/5/3956 4455/5/3958 4459/5/3962
f 4456/5/3959 4458/5/3961 4460/5/3963
f 4461/5/3964 4462/5/3965 4463/5/3966
f 4463/5/3966 4462/5/3965 4464/5/3967
f 4459/5/3962 4455/5/3958 4465/5/3968
f 4460/5/3963 4458/5/3961 4466/5/3969
f 4459/5/3962 4465/5/3968 4467/5/3970
f 4460/5/3963 4466/5/3969 4468/5/3971
f 4463/5/3966 4464/5/3967 4469/5/3972
f 4468/5/3971 4466/5/3969 4470/5/3973
f 4469/5/3972 4464/5/3967 4471/5/3974
f 4467/5/3970 4465/5/3968 4472/5/3975
f 4467/5/3970 4472/5/3975 4473/5/3976
f 4468/5/3971 4470/5/3973 4474/5/3977
f 4469/5/3972 4471/5/3974 4475/5/3978
f 4473/5/3976 4472/5/3975 4461/5/3964
f 4475/5/3978 4471/5/3974 4476/5/3979
f 4474/5/3977 4470/5/3973 4477/5/3980
f 4461/5/3964 4472/5/3975 4462/5/3965
f 4474/5/3977 4477/5/3980 4478/5/3981
f 4475/5/3978 4476/5/3979 4479/5/3982
f 4478/5/3981 4477/5/3980 4480/5/3983
f 4478/5/3981 4480/5/3983 4481/5/3984
f 4479/5/3982 4476/5/3979 4482/5/3985
f 4479/5/3982 4482/5/3985 4483/5/3986
f 4481/5/3984 4480/5/3983 4484/5/3987
f 4483/5/3986 4482/5/3985 4485/5/3988
f 4481/5/3984 4484/5/3987 4486/5/3989
f 4483/5/3986 4485/5/3988 4487/5/3990
f 4486/5/3989 4484/5/3987 4454/5/3957
f 4486/5/3989 4454/5/3957 4488/5/3991
f 4487/5/3990 4485/5/3988 4457/5/3960
f 4488/5/3991 4454/5/3957 4453/5/3956
f 4487/5/3990 4457/5/3960 4456/5/3959
f 4489/5/3992 4490/5/3993 4491/5/3994
f 4492/5/3995 4493/5/3996 4494/5/3997
f 4495/5/3998 4496/5/3999 4497/5/4000
f 4492/5/3995 4494/5/3997 4498/5/4001
f 4495/5/3998 4497/5/4000 4499/5/4002
f 4489/5/3992 4491/5/3994 4500/5/4003
f 4500/5/4003 4491/5/3994 4496/5/3999
f 4500/5/4003 4496/5/3999 4501/5/4004
f 4499/5/4002 4497/5/4000 4502/5/4005
f 4499/5/4002 4502/5/4005 4503/5/4006
f 4498/5/4001 4494/5/3997 4504/5/4007
f 4504/5/4007 4494/5/3997 4505/5/4008
f 4503/5/4006 4502/5/4005 4506/5/4009
f 4501/5/4004 4496/5/3999 4495/5/3998
f 4504/5/4007 4505/5/4008 4507/5/4010
f 4506/5/4009 4502/5/4005 4508/5/4011
f 4506/5/4009 4508/5/4011 4482/5/3985
f 4507/5/4010 4505/5/4008 4509/5/4012
f 4507/5/4010 4509/5/4012 4510/5/4013
f 4482/5/3985 4508/5/4011 4511/5/4014
f 4511/5/4014 4508/5/4011 4493/5/3996
f 4510/5/4013 4509/5/4012 4490/5/3993
f 4510/5/4013 4490/5/3993 4512/5/4015
f 4511/5/4014 4493/5/3996 4513/5/4016
f 4512/5/4015 4490/5/3993 4489/5/3992
f 4513/5/4016 4493/5/3996 4492/5/3995
f 4514/5/4017 4515/5/4018 4516/5/4019
f 4517/5/4020 4518/5/4021 4519/5/4022
f 4514/5/4017 4520/5/4023 4515/5/4018
f 4521/5/4024 4520/5/4023 4514/5/4017
f 4522/5/4025 4518/5/4021 4517/5/4020
f 4521/5/4024 4523/5/4026 4520/5/4023
f 4524/5/4027 4523/5/4026 4521/5/4024
f 4525/5/4028 4526/5/4029 4522/5/4025
f 4527/5/4030 4526/5/4029 4525/5/4028
f 4528/5/4031 4523/5/4026 4524/5/4027
f 4527/5/4030 4529/5/4032 4526/5/4029
f 4530/5/4033 4529/5/4032 4527/5/4030
f 4531/5/4034 4532/5/4035 4528/5/4031
f 4530/5/4033 4533/5/4036 4529/5/4032
f 4534/5/4037 4532/5/4035 4531/5/4034
f 4535/5/4038 4478/5/3981 4533/5/4036
f 4535/5/4038 4533/5/4036 4530/5/4033
f 4534/5/4037 4536/5/4039 4532/5/4035
f 4537/5/4040 4538/5/4041 4478/5/3981
f 4537/5/4040 4478/5/3981 4535/5/4038
f 4539/5/4042 4536/5/4039 4534/5/4037
f 4540/5/4043 4541/5/4044 4542/5/4045
f 4543/5/4046 4544/5/4047 4538/5/4041
f 4543/5/4046 4538/5/4041 4537/5/4040
f 4545/5/4048 4473/5/3976 4540/5/4043
f 4546/5/4049 4547/5/4050 4544/5/4047
f 4546/5/4049 4544/5/4047 4543/5/4046
f 4548/5/4051 4549/5/4052 4473/5/3976
f 4548/5/4051 4473/5/3976 4545/5/4048
f 4550/5/4053 4551/5/4054 4547/5/4050
f 4550/5/4053 4547/5/4050 4546/5/4049
f 4552/5/4055 4549/5/4052 4548/5/4051
f 4553/5/4056 4551/5/4054 4550/5/4053
f 4553/5/4056 4554/5/4057 4551/5/4054
f 4555/5/4058 4554/5/4057 4553/5/4056
f 4542/5/4045 4541/5/4044 4556/5/4059
f 4555/5/4058 4557/5/4060 4554/5/4057
f 4516/5/4019 4557/5/4060 4555/5/4058
f 4558/5/4061 4519/5/4022 4559/5/4062
f 4516/5/4019 4515/5/4018 4557/5/4060
f 4517/5/4020 4519/5/4022 4558/5/4061
f 4518/5/4021 4453/5/3956 4519/5/4022
f 4520/5/4023 4456/5/3959 4515/5/4018
f 4520/5/4023 4487/5/3990 4456/5/3959
f 4522/5/4025 4488/5/3991 4453/5/3956
f 4522/5/4025 4453/5/3956 4518/5/4021
f 4523/5/4026 4487/5/3990 4520/5/4023
f 4526/5/4029 4486/5/3989 4488/5/3991
f 4526/5/4029 4488/5/3991 4522/5/4025
f 4528/5/4031 4483/5/3986 4487/5/3990
f 4528/5/4031 4487/5/3990 4523/5/4026
f 4529/5/4032 4486/5/3989 4526/5/4029
f 4529/5/4032 4481/5/3984 4486/5/3989
f 4532/5/4035 4483/5/3986 4528/5/4031
f 4533/5/4036 4481/5/3984 4529/5/4032
f 4532/5/4035 4479/5/3982 4483/5/3986
f 4478/5/3981 4481/5/3984 4533/5/4036
f 4536/5/4039 4479/5/3982 4532/5/4035
f 4536/5/4039 4475/5/3978 4479/5/3982
f 4538/5/4041 4474/5/3977 4478/5/3981
f 4539/5/4042 4475/5/3978 4536/5/4039
f 4540/5/4043 4461/5/3964 4541/5/4044
f 4544/5/4047 4474/5/3977 4538/5/4041
f 4560/5/4063 4475/5/3978 4539/5/4042
f 4473/5/3976 4461/5/3964 4540/5/4043
f 4560/5/4063 4469/5/3972 4475/5/3978
f 4547/5/4050 4468/5/3971 4474/5/3977
f 4547/5/4050 4474/5/3977 4544/5/4047
f 4561/5/4064 4469/5/3972 4560/5/4063
f 4549/5/4052 4467/5/3970 4473/5/3976
f 4551/5/4054 4468/5/3971 4547/5/4050
f 4562/5/4065 4463/5/3966 4469/5/3972
f 4562/5/4065 4469/5/3972 4561/5/4064
f 4551/5/4054 4460/5/3963 4468/5/3971
f 4552/5/4055 4459/5/3962 4467/5/3970
f 4552/5/4055 4467/5/3970 4549/5/4052
f 4556/5/4059 4463/5/3966 4562/5/4065
f 4554/5/4057 4460/5/3963 4551/5/4054
f 4559/5/4062 4459/5/3962 4552/5/4055
f 4541/5/4044 4461/5/3964 4463/5/3966
f 4541/5/4044 4463/5/3966 4556/5/4059
f 4557/5/4060 4460/5/3963 4554/5/4057
f 4557/5/4060 4456/5/3959 4460/5/3963
f 4519/5/4022 4453/5/3956 4459/5/3962
f 4519/5/4022 4459/5/3962 4559/5/4062
f 4515/5/4018 4456/5/3959 4557/5/4060
f 4563/5/4066 4564/5/4067 4565/5/4068
f 4566/5/4069 4567/5/4070 4568/5/4070
f 4566/5/4069 4568/5/4070 4569/5/4069
f 4570/5/4071 4571/5/4071 4564/5/4067
f 4570/5/4071 4564/5/4067 4563/5/4066
f 4572/5/4072 4566/5/4069 4569/5/4069
f 4572/5/4072 4569/5/4069 4573/5/4072
f 4574/5/4073 4575/5/4074 4571/5/4071
f 4574/5/4073 4571/5/4071 4570/5/4071
f 4576/5/4075 4577/5/4075 4578/5/4076
f 4576/5/4075 4578/5/4076 4579/5/4076
f 4580/5/4077 4581/5/4078 4575/5/4074
f 4580/5/4077 4575/5/4074 4574/5/4073
f 4582/5/4079 4583/5/4080 4584/5/4081
f 4585/5/4082 4586/5/4083 4581/5/4078
f 4585/5/4082 4581/5/4078 4580/5/4077
f 4587/5/4084 4572/5/4072 4573/5/4072
f 4587/5/4084 4573/5/4072 4588/5/4084
f 4589/5/4085 4590/5/4086 4586/5/4083
f 4589/5/4085 4586/5/4083 4585/5/4082
f 4579/5/4076 4578/5/4076 4591/5/4087
f 4579/5/4076 4591/5/4087 4592/5/4087
f 4593/5/4088 4594/5/4089 4590/5/4086
f 4593/5/4088 4590/5/4086 4589/5/4085
f 4595/5/4090 4582/5/4079 4584/5/4081
f 4596/5/4091 4597/5/4092 4594/5/4089
f 4596/5/4091 4594/5/4089 4593/5/4088
f 4598/5/4093 4587/5/4084 4588/5/4084
f 4598/5/4093 4588/5/4084 4599/5/4093
f 4600/5/4094 4601/5/4095 4597/5/4092
f 4600/5/4094 4597/5/4092 4596/5/4091
f 4592/5/4087 4591/5/4087 4602/5/4096
f 4592/5/4087 4602/5/4096 4603/5/4096
f 4604/5/4097 4605/5/4098 4601/5/4095
f 4604/5/4097 4601/5/4095 4600/5/4094
f 4606/5/4099 4595/5/4090 4607/5/4100
f 4608/5/4101 4609/5/4102 4610/5/4103
f 4608/5/4101 4610/5/4103 4611/5/4104
f 4612/5/4105 4613/5/4105 4605/5/4098
f 4612/5/4105 4605/5/4098 4604/5/4097
f 4614/5/4106 4598/5/4093 4599/5/4093
f 4614/5/4106 4599/5/4093 4615/5/4107
f 4616/5/4108 4617/5/4109 4618/5/4110
f 4616/5/4108 4618/5/4110 4619/5/4110
f 4620/5/4111 4613/5/4105 4612/5/4105
f 4603/5/4096 4602/5/4096 4621/5/4112
f 4603/5/4096 4621/5/4112 4622/5/4112
f 4623/5/4113 4624/5/4113 4617/5/4109
f 4623/5/4113 4617/5/4109 4616/5/4108
f 4625/5/4114 4606/5/4099 4607/5/4100
f 4625/5/4114 4607/5/4100 4626/5/4114
f 4627/5/4115 4628/5/4115 4624/5/4113
f 4627/5/4115 4624/5/4113 4623/5/4113
f 4629/5/4116 4614/5/4106 4615/5/4107
f 4629/5/4116 4615/5/4107 4630/5/4116
f 4631/5/4117 4632/5/4118 4628/5/4115
f 4631/5/4117 4628/5/4115 4627/5/4115
f 4622/5/4112 4621/5/4112 4633/5/4119
f 4622/5/4112 4633/5/4119 4634/5/4120
f 4635/5/4121 4632/5/4118 4631/5/4117
f 4636/5/4122 4625/5/4114 4626/5/4114
f 4636/5/4122 4626/5/4114 4637/5/4122
f 4638/5/4123 4639/5/4123 4635/5/4121
f 4640/5/4124 4641/5/4125 4642/5/4126
f 4643/5/4127 4639/5/4123 4638/5/4123
f 4634/5/4120 4633/5/4119 4644/5/4128
f 4634/5/4120 4644/5/4128 4645/5/4128
f 4646/5/4129 4647/5/4130 4641/5/4125
f 4646/5/4129 4641/5/4125 4640/5/4124
f 4648/5/4131 4649/5/4132 4647/5/4130
f 4648/5/4131 4647/5/4130 4646/5/4129
f 4650/5/4133 4636/5/4122 4637/5/4122
f 4650/5/4133 4637/5/4122 4651/5/4133
f 4652/5/4134 4653/5/4135 4654/5/4136
f 4655/5/4137 4649/5/4132 4648/5/4131
f 4645/5/4128 4644/5/4128 4656/5/4138
f 4645/5/4128 4656/5/4138 4657/5/4138
f 4658/5/4139 4653/5/4135 4652/5/4134
f 4659/5/4140 4650/5/4133 4651/5/4133
f 4659/5/4140 4651/5/4133 4660/5/4140
f 4661/5/4141 4662/5/4142 4658/5/4139
f 4657/5/4138 4656/5/4138 4663/5/4143
f 4657/5/4138 4663/5/4143 4664/5/4143
f 4665/5/4144 4666/5/4144 4662/5/4142
f 4665/5/4144 4662/5/4142 4661/5/4141
f 4667/5/4145 4659/5/4140 4660/5/4140
f 4668/5/4146 4669/5/4147 4666/5/4144
f 4668/5/4146 4666/5/4144 4665/5/4144
f 4670/5/4148 4671/5/4149 4669/5/4147
f 4670/5/4148 4669/5/4147 4668/5/4146
f 4457/5/3960 4513/5/4016 4492/5/3995
f 4454/5/3957 4512/5/4015 4489/5/3992
f 4457/5/3960 4511/5/4014 4513/5/4016
f 4485/5/3988 4511/5/4014 4457/5/3960
f 4484/5/3987 4510/5/4013 4512/5/4015
f 4484/5/3987 4512/5/4015 4454/5/3957
f 4485/5/3988 4482/5/3985 4511/5/4014
f 4480/5/3983 4507/5/4010 4510/5/4013
f 4480/5/3983 4510/5/4013 4484/5/3987
f 4476/5/3979 4506/5/4009 4482/5/3985
f 4477/5/3980 4507/5/4010 4480/5/3983
f 4477/5/3980 4504/5/4007 4507/5/4010
f 4472/5/3975 4495/5/3998 4462/5/3965
f 4470/5/3973 4504/5/4007 4477/5/3980
f 4472/5/3975 4501/5/4004 4495/5/3998
f 4471/5/3974 4503/5/4006 4506/5/4009
f 4471/5/3974 4506/5/4009 4476/5/3979
f 4470/5/3973 4498/5/4001 4504/5/4007
f 4465/5/3968 4501/5/4004 4472/5/3975
f 4464/5/3967 4499/5/4002 4503/5/4006
f 4464/5/3967 4503/5/4006 4471/5/3974
f 4466/5/3969 4498/5/4001 4470/5/3973
f 4465/5/3968 4500/5/4003 4501/5/4004
f 4458/5/3961 4498/5/4001 4466/5/3969
f 4455/5/3958 4489/5/3992 4500/5/4003
f 4455/5/3958 4500/5/4003 4465/5/3968
f 4462/5/3965 4495/5/3998 4499/5/4002
f 4462/5/3965 4499/5/4002 4464/5/3967
f 4458/5/3961 4492/5/3995 4498/5/4001
f 4457/5/3960 4492/5/3995 4458/5/3961
f 4454/5/3957 4489/5/3992 4455/5/3958
f 4490/5/3993 4447/5/3950 4450/5/3953
f 4490/5/3993 4450/5/3953 4491/5/3994
f 4493/5/3996 4446/5/3949 4452/5/3955
f 4493/5/3996 4452/5/3955 4494/5/3997
f 4496/5/3999 4451/5/3954 4497/5/4000
f 4497/5/4000 4451/5/3954 4449/5/3952
f 4491/5/3994 4450/5/3953 4496/5/3999
f 4497/5/4000 4449/5/3952 4502/5/4005
f 4494/5/3997 4452/5/3955 4448/5/3951
f 4494/5/3997 4448/5/3951 4505/5/4008
f 4496/5/3999 4450/5/3953 4451/5/3954
f 4502/5/4005 4449/5/3952 4445/5/3948
f 4502/5/4005 4445/5/3948 4508/5/4011
f 4505/5/4008 4448/5/3951 4509/5/4012
f 4509/5/4012 4448/5/3951 4447/5/3950
f 4508/5/4011 4445/5/3948 4493/5/3996
f 4509/5/4012 4447/5/3950 4490/5/3993
f 4493/5/3996 4445/5/3948 4446/5/3949
f 4672/5/4150 4673/5/4151 4674/5/4152
f 4674/5/4152 4673/5/4151 4675/5/4153
f 4676/5/4154 4677/5/4155 4678/5/4156
f 4676/5/4154 4678/5/4156 4679/5/4157
f 4679/5/4157 4678/5/4156 4680/5/4158
f 4681/5/4159 4682/5/4160 4683/5/4160
f 4683/5/4160 4682/5/4160 4684/5/4161
f 4683/5/4160 4684/5/4161 4685/5/4162
f 4685/5/4162 4684/5/4161 4686/5/4163
f 4685/5/4162 4686/5/4163 4687/5/4164
f 4687/5/4164 4686/5/4163 4688/5/4165
f 4687/5/4164 4688/5/4165 4689/5/4165
f 4689/5/4165 4688/5/4165 4690/5/4166
f 4691/5/4167 4692/5/4168 4693/5/4169
f 4693/5/4169 4692/5/4168 4694/5/4170
f 4695/5/4171 4696/5/4172 4697/5/4173
f 4697/5/4173 4696/5/4172 4698/5/4174
f 4697/5/4173 4698/5/4174 4699/5/4175
f 4699/5/4175 4698/5/4174 4700/5/4176
f 4699/5/4175 4700/5/4176 4701/5/4177
f 4701/5/4177 4700/5/4176 4702/5/4178
f 4701/5/4177 4702/5/4178 4703/5/4179
f 4703/5/4179 4702/5/4178 4704/5/4180
f 4703/5/4179 4704/5/4180 4705/5/4181
f 4705/5/4181 4704/5/4180 4671/5/4149
f 4705/5/4181 4671/5/4149 4670/5/4148
f 4567/5/4070 4706/5/4182 4707/5/4182
f 4567/5/4070 4707/5/4182 4568/5/4070
f 4619/5/4110 4618/5/4110 4708/5/4183
f 4619/5/4110 4708/5/4183 4709/5/4184
f 4710/5/4185 4711/5/4186 4577/5/4075
f 4710/5/4185 4577/5/4075 4576/5/4075
f 4712/5/4187 4713/5/4188 4714/5/4189
f 4712/5/4187 4714/5/4189 4715/5/4190
f 4716/5/4191 4524/5/4027 4521/5/4024
f 4717/5/4192 4524/5/4027 4716/5/4191
f 4718/5/4193 4527/5/4030 4525/5/4028
f 4718/5/4193 4525/5/4028 4719/5/4194
f 4717/5/4192 4528/5/4031 4524/5/4027
f 4720/5/4195 4528/5/4031 4717/5/4192
f 4718/5/4193 4530/5/4033 4527/5/4030
f 4720/5/4195 4531/5/4034 4528/5/4031
f 4721/5/4196 4530/5/4033 4718/5/4193
f 4722/5/4197 4531/5/4034 4720/5/4195
f 4722/5/4197 4534/5/4037 4531/5/4034
f 4723/5/4198 4535/5/4038 4530/5/4033
f 4723/5/4198 4530/5/4033 4721/5/4196
f 4724/5/4199 4534/5/4037 4722/5/4197
f 4725/5/4200 4537/5/4040 4535/5/4038
f 4725/5/4200 4535/5/4038 4723/5/4198
f 4726/5/4201 4539/5/4042 4534/5/4037
f 4726/5/4201 4534/5/4037 4724/5/4199
f 4727/5/4202 4540/5/4043 4542/5/4045
f 4727/5/4202 4542/5/4045 4728/5/4203
f 4729/5/4204 4543/5/4046 4537/5/4040
f 4729/5/4204 4537/5/4040 4725/5/4200
f 4726/5/4201 4560/5/4063 4539/5/4042
f 4730/5/4205 4545/5/4048 4540/5/4043
f 4730/5/4205 4540/5/4043 4727/5/4202
f 4731/5/4206 4560/5/4063 4726/5/4201
f 4732/5/4207 4546/5/4049 4543/5/4046
f 4732/5/4207 4543/5/4046 4729/5/4204
f 4731/5/4206 4561/5/4064 4560/5/4063
f 4733/5/4208 4548/5/4051 4545/5/4048
f 4733/5/4208 4545/5/4048 4730/5/4205
f 4734/5/4209 4561/5/4064 4731/5/4206
f 4735/5/4210 4550/5/4053 4546/5/4049
f 4735/5/4210 4546/5/4049 4732/5/4207
f 4734/5/4209 4562/5/4065 4561/5/4064
f 4736/5/4211 4552/5/4055 4548/5/4051
f 4736/5/4211 4548/5/4051 4733/5/4208
f 4737/5/4212 4556/5/4059 4562/5/4065
f 4737/5/4212 4562/5/4065 4734/5/4209
f 4738/5/4213 4553/5/4056 4550/5/4053
f 4738/5/4213 4550/5/4053 4735/5/4210
f 4739/5/4214 4559/5/4062 4552/5/4055
f 4739/5/4214 4552/5/4055 4736/5/4211
f 4728/5/4203 4542/5/4045 4556/5/4059
f 4728/5/4203 4556/5/4059 4737/5/4212
f 4740/5/4215 4555/5/4058 4553/5/4056
f 4740/5/4215 4553/5/4056 4738/5/4213
f 4741/5/4216 4558/5/4061 4559/5/4062
f 4741/5/4216 4559/5/4062 4739/5/4214
f 4742/5/4217 4516/5/4019 4555/5/4058
f 4742/5/4217 4555/5/4058 4740/5/4215
f 4743/5/4218 4517/5/4020 4558/5/4061
f 4743/5/4218 4558/5/4061 4741/5/4216
f 4744/5/4219 4514/5/4017 4516/5/4019
f 4744/5/4219 4516/5/4019 4742/5/4217
f 4745/5/4220 4517/5/4020 4743/5/4218
f 4716/5/4191 4521/5/4024 4514/5/4017
f 4716/5/4191 4514/5/4017 4744/5/4219
f 4745/5/4220 4522/5/4025 4517/5/4020
f 4719/5/4194 4525/5/4028 4522/5/4025
f 4719/5/4194 4522/5/4025 4745/5/4220
f 4727/5/4202 4728/5/4203 4746/5/4221
f 4727/5/4202 4746/5/4221 4747/5/4222
f 4727/5/4202 4747/5/4222 4748/5/4223
f 4730/5/4205 4727/5/4202 4748/5/4223
f 4730/5/4205 4748/5/4223 4749/5/4224
f 4730/5/4205 4749/5/4224 4750/5/4225
f 4733/5/4208 4730/5/4205 4750/5/4225
f 4733/5/4208 4750/5/4225 4751/5/4226
f 4733/5/4208 4751/5/4226 4752/5/4227
f 4736/5/4211 4733/5/4208 4752/5/4227
f 4736/5/4211 4752/5/4227 4753/5/4228
f 4736/5/4211 4753/5/4228 4754/5/4229
f 4739/5/4214 4736/5/4211 4754/5/4229
f 4739/5/4214 4754/5/4229 4755/5/4230
f 4739/5/4214 4755/5/4230 4756/5/4231
f 4741/5/4216 4739/5/4214 4756/5/4231
f 4741/5/4216 4756/5/4231 4757/5/4232
f 4741/5/4216 4757/5/4232 4758/5/4233
f 4743/5/4218 4741/5/4216 4758/5/4233
f 4743/5/4218 4758/5/4233 4759/5/4234
f 4743/5/4218 4759/5/4234 4760/5/4235
f 4745/5/4220 4743/5/4218 4760/5/4235
f 4745/5/4220 4760/5/4235 4761/5/4236
f 4745/5/4220 4761/5/4236 4762/5/4237
f 4719/5/4194 4745/5/4220 4762/5/4237
f 4719/5/4194 4762/5/4237 4763/5/4238
f 4719/5/4194 4763/5/4238 4764/5/4239
f 4718/5/4193 4719/5/4194 4764/5/4239
f 4718/5/4193 4764/5/4239 4765/5/4240
f 4718/5/4193 4765/5/4240 4766/5/4241
f 4718/5/4193 4766/5/4241 4767/5/4242
f 4721/5/4196 4718/5/4193 4767/5/4242
f 4721/5/4196 4767/5/4242 4768/5/4243
f 4721/5/4196 4768/5/4243 4769/5/4244
f 4723/5/4198 4721/5/4196 4769/5/4244
f 4723/5/4198 4769/5/4244 4770/5/4245
f 4723/5/4198 4770/5/4245 4771/5/4246
f 4725/5/4200 4723/5/4198 4771/5/4246
f 4725/5/4200 4771/5/4246 4772/5/4247
f 4725/5/4200 4772/5/4247 4773/5/4248
f 4729/5/4204 4725/5/4200 4773/5/4248
f 4729/5/4204 4773/5/4248 4774/5/4249
f 4729/5/4204 4774/5/4249 4775/5/4250
f 4732/5/4207 4729/5/4204 4775/5/4250
f 4732/5/4207 4775/5/4250 4776/5/4251
f 4732/5/4207 4776/5/4251 4777/5/4252
f 4735/5/4210 4732/5/4207 4777/5/4252
f 4735/5/4210 4777/5/4252 4778/5/4253
f 4735/5/4210 4778/5/4253 4779/5/4254
f 4738/5/4213 4735/5/4210 4779/5/4254
f 4738/5/4213 4779/5/4254 4780/5/4255
f 4738/5/4213 4780/5/4255 4781/5/4256
f 4740/5/4215 4738/5/4213 4781/5/4256
f 4740/5/4215 4781/5/4256 4782/5/4257
f 4740/5/4215 4782/5/4257 4783/5/4258
f 4742/5/4217 4740/5/4215 4783/5/4258
f 4742/5/4217 4783/5/4258 4784/5/4259
f 4742/5/4217 4784/5/4259 4785/5/4260
f 4744/5/4219 4742/5/4217 4785/5/4260
f 4744/5/4219 4785/5/4260 4786/5/4261
f 4744/5/4219 4786/5/4261 4787/5/4262
f 4716/5/4191 4744/5/4219 4787/5/4262
f 4716/5/4191 4787/5/4262 4788/5/4263
f 4716/5/4191 4788/5/4263 4789/5/4264
f 4716/5/4191 4789/5/4264 4790/5/4265
f 4717/5/4192 4716/5/4191 4790/5/4265
f 4717/5/4192 4790/5/4265 4791/5/4266
f 4717/5/4192 4791/5/4266 4792/5/4267
f 4720/5/4195 4717/5/4192 4792/5/4267
f 4720/5/4195 4792/5/4267 4793/5/4268
f 4720/5/4195 4793/5/4268 4794/5/4269
f 4722/5/4197 4720/5/4195 4794/5/4269
f 4722/5/4197 4794/5/4269 4795/5/4270
f 4722/5/4197 4795/5/4270 4796/5/4271
f 4724/5/4199 4722/5/4197 4796/5/4271
f 4724/5/4199 4796/5/4271 4797/5/4272
f 4724/5/4199 4797/5/4272 4798/5/4273
f 4726/5/4201 4724/5/4199 4798/5/4273
f 4726/5/4201 4798/5/4273 4799/5/4274
f 4726/5/4201 4799/5/4274 4800/5/4275
f 4726/5/4201 4800/5/4275 4801/5/4276
f 4731/5/4206 4726/5/4201 4801/5/4276
f 4731/5/4206 4801/5/4276 4802/5/4277
f 4731/5/4206 4802/5/4277 4803/5/4278
f 4734/5/4209 4731/5/4206 4803/5/4278
f 4734/5/4209 4803/5/4278 4804/5/4279
f 4734/5/4209 4804/5/4279 4805/5/4280
f 4737/5/4212 4734/5/4209 4805/5/4280
f 4737/5/4212 4805/5/4280 4806/5/4281
f 4737/5/4212 4806/5/4281 4807/5/4282
f 4728/5/4203 4737/5/4212 4807/5/4282
f 4728/5/4203 4807/5/4282 4808/5/4283
f 4728/5/4203 4808/5/4283 4809/5/4284
f 4728/5/4203 4809/5/4284 4746/5/4221
f 4810/5/4285 4811/5/4286 4444/5/3947
f 4812/5/4287 4813/5/4288 4443/5/3946
f 4810/5/4285 4444/5/3947 4441/5/3944
f 4814/5/4289 4810/5/4285 4441/5/3944
f 4815/5/4290 4812/5/4287 4443/5/3946
f 4815/5/4290 4443/5/3946 4444/5/3947
f 4816/5/4291 4817/5/4292 4440/5/3943
f 4818/5/4293 4815/5/4290 4444/5/3947
f 4814/5/4289 4441/5/3944 4440/5/3943
f 4816/5/4291 4440/5/3943 4443/5/3946
f 4817/5/4292 4814/5/4289 4440/5/3943
f 4813/5/4288 4816/5/4291 4443/5/3946
f 4811/5/4286 4818/5/4293 4444/5/3947
f 4819/5/4294 4820/5/4295 4821/5/4296
f 4822/5/4297 4823/5/4298 4824/5/4299
f 4822/5/4297 4824/5/4299 4825/5/4300
f 4819/5/4294 4826/5/4301 4820/5/4295
f 4827/5/4302 4828/5/4303 4829/5/4304
f 4828/5/4303 4830/5/4305 4829/5/4304
f 4826/5/4301 4831/5/4306 4820/5/4295
f 4823/5/4298 4832/5/4307 4833/5/4308
f 4823/5/4298 4833/5/4308 4824/5/4299
f 4826/5/4301 4834/5/4309 4831/5/4306
f 4828/5/4303 4835/5/4310 4830/5/4305
f 4834/5/4309 4836/5/4311 4831/5/4306
f 4835/5/4310 4837/5/4312 4830/5/4305
f 4832/5/4307 4838/5/4313 4839/5/4314
f 4832/5/4307 4839/5/4314 4833/5/4308
f 4834/5/4309 4840/5/4315 4836/5/4311
f 4835/5/4310 4841/5/4316 4837/5/4312
f 4838/5/4313 4827/5/4302 4839/5/4314
f 4841/5/4316 4842/5/4317 4837/5/4312
f 4840/5/4315 4843/5/4318 4836/5/4311
f 4827/5/4302 4829/5/4304 4839/5/4314
f 4840/5/4315 4844/5/4319 4843/5/4318
f 4841/5/4316 4845/5/4320 4842/5/4317
f 4845/5/4320 4846/5/4321 4842/5/4317
f 4844/5/4319 4847/5/4322 4848/5/4323
f 4844/5/4319 4848/5/4323 4843/5/4318
f 4845/5/4320 4849/5/4324 4846/5/4321
f 4849/5/4324 4850/5/4325 4846/5/4321
f 4847/5/4322 4851/5/4326 4848/5/4323
f 4847/5/4322 4852/5/4327 4851/5/4326
f 4849/5/4324 4853/5/4328 4850/5/4325
f 4853/5/4328 4854/5/4329 4850/5/4325
f 4852/5/4327 4855/5/4330 4851/5/4326
f 4853/5/4328 4821/5/4296 4854/5/4329
f 4855/5/4330 4822/5/4297 4825/5/4300
f 4853/5/4328 4819/5/4294 4821/5/4296
f 4856/5/4331 4857/5/4332 4858/5/4333
f 4856/5/4331 4859/5/4334 4857/5/4332
f 4860/5/4335 4861/5/4336 4862/5/4337
f 4860/5/4335 4862/5/4337 4863/5/4338
f 4864/5/4339 4865/5/4340 4866/5/4341
f 4864/5/4339 4866/5/4341 4867/5/4342
f 4861/5/4336 4868/5/4343 4862/5/4337
f 4859/5/4334 4869/5/4344 4857/5/4332
f 4865/5/4340 4870/5/4345 4866/5/4341
f 4868/5/4343 4867/5/4342 4862/5/4337
f 4869/5/4344 4871/5/4346 4857/5/4332
f 4870/5/4345 4872/5/4347 4866/5/4341
f 4868/5/4343 4864/5/4339 4867/5/4342
f 4869/5/4344 4873/5/4348 4871/5/4346
f 4873/5/4348 4874/5/4349 4871/5/4346
f 4870/5/4345 4846/5/4321 4872/5/4347
f 4846/5/4321 4875/5/4350 4872/5/4347
f 4846/5/4321 4876/5/4351 4875/5/4350
f 4873/5/4348 4877/5/4352 4878/5/4353
f 4873/5/4348 4878/5/4353 4874/5/4349
f 4876/5/4351 4858/5/4333 4875/5/4350
f 4876/5/4351 4879/5/4354 4858/5/4333
f 4877/5/4352 4880/5/4355 4878/5/4353
f 4880/5/4355 4863/5/4338 4878/5/4353
f 4879/5/4354 4856/5/4331 4858/5/4333
f 4880/5/4355 4860/5/4335 4863/5/4338
f 4611/5/4104 4610/5/4103 4881/5/4356
f 4882/5/4357 4883/5/4358 4884/5/4359
f 4611/5/4104 4881/5/4356 4885/5/4360
f 4886/5/4361 4882/5/4357 4884/5/4359
f 4887/5/4362 4611/5/4104 4885/5/4360
f 4886/5/4361 4884/5/4359 4888/5/4363
f 4887/5/4362 4885/5/4360 4889/5/4364
f 4890/5/4365 4886/5/4361 4888/5/4363
f 4891/5/4366 4887/5/4362 4889/5/4364
f 4890/5/4365 4888/5/4363 4892/5/4367
f 4891/5/4366 4889/5/4364 4893/5/4368
f 4894/5/4369 4890/5/4365 4892/5/4367
f 4895/5/4370 4891/5/4366 4893/5/4368
f 4894/5/4369 4892/5/4367 4896/5/4371
f 4895/5/4370 4893/5/4368 4897/5/4372
f 4898/5/4373 4894/5/4369 4896/5/4371
f 4899/5/4374 4895/5/4370 4897/5/4372
f 4898/5/4373 4896/5/4371 4900/5/4375
f 4899/5/4374 4897/5/4372 4845/5/4320
f 4901/5/4376 4899/5/4374 4845/5/4320
f 4902/5/4377 4898/5/4373 4900/5/4375
f 4902/5/4377 4900/5/4375 4844/5/4319
f 4901/5/4376 4845/5/4320 4903/5/4378
f 4904/5/4379 4902/5/4377 4844/5/4319
f 4904/5/4379 4844/5/4319 4905/5/4380
f 4906/5/4381 4901/5/4376 4903/5/4378
f 4907/5/4382 4904/5/4379 4905/5/4380
f 4907/5/4382 4905/5/4380 4908/5/4383
f 4909/5/4384 4910/5/4385 4838/5/4313
f 4911/5/4386 4907/5/4382 4908/5/4383
f 4911/5/4386 4908/5/4383 4912/5/4387
f 4913/5/4388 4909/5/4384 4838/5/4313
f 4913/5/4388 4838/5/4313 4914/5/4389
f 4915/5/4390 4911/5/4386 4912/5/4387
f 4915/5/4390 4912/5/4387 4916/5/4391
f 4917/5/4392 4913/5/4388 4914/5/4389
f 4918/5/4393 4915/5/4390 4916/5/4391
f 4917/5/4392 4914/5/4389 4919/5/4394
f 4918/5/4393 4916/5/4391 4920/5/4395
f 4921/5/4396 4917/5/4392 4919/5/4394
f 4922/5/4397 4918/5/4393 4920/5/4395
f 4921/5/4396 4919/5/4394 4923/5/4398
f 4922/5/4397 4920/5/4395 4924/5/4399
f 4925/5/4400 4921/5/4396 4923/5/4398
f 4610/5/4103 4922/5/4397 4924/5/4399
f 4925/5/4400 4923/5/4398 4883/5/4358
f 4610/5/4103 4924/5/4399 4881/5/4356
f 4882/5/4357 4925/5/4400 4883/5/4358
f 4884/5/4359 4883/5/4358 4822/5/4297
f 4885/5/4360 4881/5/4356 4819/5/4294
f 4885/5/4360 4819/5/4294 4853/5/4328
f 4888/5/4363 4884/5/4359 4822/5/4297
f 4888/5/4363 4822/5/4297 4855/5/4330
f 4889/5/4364 4885/5/4360 4853/5/4328
f 4892/5/4367 4888/5/4363 4855/5/4330
f 4892/5/4367 4855/5/4330 4852/5/4327
f 4893/5/4368 4889/5/4364 4853/5/4328
f 4893/5/4368 4853/5/4328 4849/5/4324
f 4896/5/4371 4892/5/4367 4852/5/4327
f 4897/5/4372 4893/5/4368 4849/5/4324
f 4896/5/4371 4852/5/4327 4847/5/4322
f 4900/5/4375 4896/5/4371 4847/5/4322
f 4845/5/4320 4897/5/4372 4849/5/4324
f 4844/5/4319 4900/5/4375 4847/5/4322
f 4903/5/4378 4845/5/4320 4841/5/4316
f 4905/5/4380 4844/5/4319 4840/5/4315
f 4906/5/4381 4903/5/4378 4841/5/4316
f 4910/5/4385 4926/5/4401 4827/5/4302
f 4908/5/4383 4905/5/4380 4840/5/4315
f 4927/5/4402 4906/5/4381 4841/5/4316
f 4838/5/4313 4910/5/4385 4827/5/4302
f 4927/5/4402 4841/5/4316 4835/5/4310
f 4912/5/4387 4908/5/4383 4840/5/4315
f 4912/5/4387 4840/5/4315 4834/5/4309
f 4928/5/4403 4927/5/4402 4835/5/4310
f 4914/5/4389 4838/5/4313 4832/5/4307
f 4916/5/4391 4912/5/4387 4834/5/4309
f 4929/5/4404 4928/5/4403 4835/5/4310
f 4929/5/4404 4835/5/4310 4828/5/4303
f 4916/5/4391 4834/5/4309 4826/5/4301
f 4919/5/4394 4914/5/4389 4832/5/4307
f 4919/5/4394 4832/5/4307 4823/5/4298
f 4930/5/4405 4929/5/4404 4828/5/4303
f 4920/5/4395 4916/5/4391 4826/5/4301
f 4923/5/4398 4919/5/4394 4823/5/4298
f 4926/5/4401 4930/5/4405 4828/5/4303
f 4926/5/4401 4828/5/4303 4827/5/4302
f 4924/5/4399 4920/5/4395 4826/5/4301
f 4924/5/4399 4826/5/4301 4819/5/4294
f 4883/5/4358 4923/5/4398 4823/5/4298
f 4883/5/4358 4823/5/4298 4822/5/4297
f 4881/5/4356 4924/5/4399 4819/5/4294
f 4931/5/4406 4932/5/4407 4925/5/4400
f 4931/5/4406 4925/5/4400 4882/5/4357
f 4609/5/4102 4933/5/4408 4610/5/4103
f 4932/5/4407 4934/5/4409 4925/5/4400
f 4933/5/4408 4935/5/4410 4922/5/4397
f 4933/5/4408 4922/5/4397 4610/5/4103
f 4936/5/4411 4937/5/4412 4926/5/4401
f 4934/5/4409 4938/5/4413 4921/5/4396
f 4934/5/4409 4921/5/4396 4925/5/4400
f 4935/5/4410 4939/5/4414 4922/5/4397
f 4937/5/4412 4940/5/4415 4930/5/4405
f 4937/5/4412 4930/5/4405 4926/5/4401
f 4938/5/4413 4941/5/4416 4921/5/4396
f 4939/5/4414 4942/5/4417 4918/5/4393
f 4939/5/4414 4918/5/4393 4922/5/4397
f 4940/5/4415 4943/5/4418 4930/5/4405
f 4941/5/4416 4944/5/4419 4917/5/4392
f 4941/5/4416 4917/5/4392 4921/5/4396
f 4942/5/4417 4945/5/4420 4918/5/4393
f 4943/5/4418 4946/5/4421 4929/5/4404
f 4943/5/4418 4929/5/4404 4930/5/4405
f 4944/5/4419 4947/5/4422 4917/5/4392
f 4945/5/4420 4948/5/4423 4915/5/4390
f 4945/5/4420 4915/5/4390 4918/5/4393
f 4946/5/4421 4949/5/4424 4929/5/4404
f 4947/5/4422 4950/5/4425 4913/5/4388
f 4947/5/4422 4913/5/4388 4917/5/4392
f 4948/5/4423 4951/5/4426 4915/5/4390
f 4949/5/4424 4952/5/4427 4928/5/4403
f 4949/5/4424 4928/5/4403 4929/5/4404
f 4950/5/4425 4953/5/4428 4913/5/4388
f 4951/5/4426 4954/5/4429 4911/5/4386
f 4951/5/4426 4911/5/4386 4915/5/4390
f 4952/5/4427 4955/5/4430 4928/5/4403
f 4953/5/4428 4956/5/4431 4909/5/4384
f 4953/5/4428 4909/5/4384 4913/5/4388
f 4954/5/4429 4957/5/4432 4911/5/4386
f 4955/5/4430 4958/5/4433 4927/5/4402
f 4955/5/4430 4927/5/4402 4928/5/4403
f 4956/5/4431 4959/5/4434 4909/5/4384
f 4957/5/4432 4960/5/4435 4907/5/4382
f 4957/5/4432 4907/5/4382 4911/5/4386
f 4958/5/4433 4961/5/4436 4927/5/4402
f 4959/5/4434 4962/5/4437 4910/5/4385
f 4959/5/4434 4910/5/4385 4909/5/4384
f 4960/5/4435 4963/5/4438 4907/5/4382
f 4961/5/4436 4964/5/4439 4906/5/4381
f 4961/5/4436 4906/5/4381 4927/5/4402
f 4965/5/4440 4936/5/4411 4926/5/4401
f 4965/5/4440 4926/5/4401 4910/5/4385
f 4963/5/4438 4966/5/4441 4904/5/4379
f 4963/5/4438 4904/5/4379 4907/5/4382
f 4962/5/4437 4965/5/4440 4910/5/4385
f 4964/5/4439 4967/5/4442 4906/5/4381
f 4966/5/4441 4968/5/4443 4904/5/4379
f 4967/5/4442 4969/5/4444 4901/5/4376
f 4967/5/4442 4901/5/4376 4906/5/4381
f 4968/5/4443 4970/5/4445 4902/5/4377
f 4968/5/4443 4902/5/4377 4904/5/4379
f 4969/5/4444 4971/5/4446 4901/5/4376
f 4970/5/4445 4972/5/4447 4902/5/4377
f 4971/5/4446 4973/5/4448 4901/5/4376
f 4972/5/4447 4974/5/4449 4898/5/4373
f 4972/5/4447 4898/5/4373 4902/5/4377
f 4973/5/4448 4975/5/4450 4899/5/4374
f 4973/5/4448 4899/5/4374 4901/5/4376
f 4974/5/4449 4976/5/4451 4898/5/4373
f 4975/5/4450 4977/5/4452 4899/5/4374
f 4976/5/4451 4978/5/4453 4898/5/4373
f 4977/5/4452 4979/5/4454 4895/5/4370
f 4977/5/4452 4895/5/4370 4899/5/4374
f 4978/5/4453 4980/5/4455 4894/5/4369
f 4978/5/4453 4894/5/4369 4898/5/4373
f 4979/5/4454 4981/5/4456 4895/5/4370
f 4980/5/4455 4982/5/4457 4894/5/4369
f 4981/5/4456 4983/5/4458 4891/5/4366
f 4981/5/4456 4891/5/4366 4895/5/4370
f 4982/5/4457 4984/5/4459 4890/5/4365
f 4982/5/4457 4890/5/4365 4894/5/4369
f 4983/5/4458 4985/5/4460 4891/5/4366
f 4984/5/4459 4986/5/4461 4890/5/4365
f 4985/5/4460 4987/5/4462 4887/5/4362
f 4985/5/4460 4887/5/4362 4891/5/4366
f 4986/5/4461 4988/5/4463 4886/5/4361
f 4986/5/4461 4886/5/4361 4890/5/4365
f 4987/5/4462 4989/5/4464 4887/5/4362
f 4988/5/4463 4990/5/4465 4886/5/4361
f 4989/5/4464 4991/5/4466 4611/5/4104
f 4989/5/4464 4611/5/4104 4887/5/4362
f 4992/5/4467 4931/5/4406 4882/5/4357
f 4990/5/4465 4992/5/4467 4882/5/4357
f 4990/5/4465 4882/5/4357 4886/5/4361
f 4991/5/4466 4608/5/4101 4611/5/4104
f 4825/5/4300 4860/5/4335 4880/5/4355
f 4821/5/4296 4856/5/4331 4879/5/4354
f 4855/5/4330 4825/5/4300 4880/5/4355
f 4854/5/4329 4821/5/4296 4879/5/4354
f 4851/5/4326 4855/5/4330 4880/5/4355
f 4851/5/4326 4880/5/4355 4877/5/4352
f 4850/5/4325 4854/5/4329 4879/5/4354
f 4850/5/4325 4879/5/4354 4876/5/4351
f 4848/5/4323 4851/5/4326 4877/5/4352
f 4848/5/4323 4877/5/4352 4873/5/4348
f 4846/5/4321 4850/5/4325 4876/5/4351
f 4843/5/4318 4848/5/4323 4873/5/4348
f 4842/5/4317 4846/5/4321 4870/5/4345
f 4839/5/4314 4829/5/4304 4864/5/4339
f 4836/5/4311 4843/5/4318 4873/5/4348
f 4836/5/4311 4873/5/4348 4869/5/4344
f 4839/5/4314 4864/5/4339 4868/5/4343
f 4837/5/4312 4842/5/4317 4870/5/4345
f 4833/5/4308 4839/5/4314 4868/5/4343
f 4830/5/4305 4837/5/4312 4870/5/4345
f 4830/5/4305 4870/5/4345 4865/5/4340
f 4831/5/4306 4836/5/4311 4869/5/4344
f 4831/5/4306 4869/5/4344 4859/5/4334
f 4833/5/4308 4868/5/4343 4861/5/4336
f 4824/5/4299 4833/5/4308 4861/5/4336
f 4820/5/4295 4831/5/4306 4859/5/4334
f 4829/5/4304 4830/5/4305 4865/5/4340
f 4829/5/4304 4865/5/4340 4864/5/4339
f 4824/5/4299 4861/5/4336 4860/5/4335
f 4820/5/4295 4859/5/4334 4856/5/4331
f 4825/5/4300 4824/5/4299 4860/5/4335
f 4821/5/4296 4820/5/4295 4856/5/4331
f 4858/5/4333 4857/5/4332 4818/5/4293
f 4858/5/4333 4818/5/4293 4811/5/4286
f 4863/5/4338 4816/5/4291 4813/5/4288
f 4863/5/4338 4862/5/4337 4816/5/4291
f 4867/5/4342 4866/5/4341 4814/5/4289
f 4867/5/4342 4814/5/4289 4817/5/4292
f 4857/5/4332 4815/5/4290 4818/5/4293
f 4862/5/4337 4867/5/4342 4817/5/4292
f 4862/5/4337 4817/5/4292 4816/5/4291
f 4857/5/4332 4871/5/4346 4815/5/4290
f 4866/5/4341 4872/5/4347 4814/5/4289
f 4871/5/4346 4874/5/4349 4815/5/4290
f 4874/5/4349 4812/5/4287 4815/5/4290
f 4872/5/4347 4875/5/4350 4810/5/4285
f 4872/5/4347 4810/5/4285 4814/5/4289
f 4874/5/4349 4878/5/4353 4812/5/4287
f 4875/5/4350 4858/5/4333 4810/5/4285
f 4878/5/4353 4813/5/4288 4812/5/4287
f 4858/5/4333 4811/5/4286 4810/5/4285
f 4878/5/4353 4863/5/4338 4813/5/4288
f 4993/5/4468 4994/5/4469 4995/5/4470
f 4996/5/4471 4997/5/4472 4998/5/4473
f 4996/5/4471 4998/5/4473 4999/5/4474
f 5000/5/4475 5001/5/4476 5002/5/4477
f 5000/5/4475 5002/5/4477 5003/5/4478
f 5001/5/4476 5004/5/4479 5005/5/4480
f 5001/5/4476 5005/5/4480 5002/5/4477
f 4713/5/4188 5006/5/4481 5007/5/4482
f 4713/5/4188 5007/5/4482 4714/5/4189
f 5004/5/4479 5008/5/4483 5009/5/4484
f 5004/5/4479 5009/5/4484 5005/5/4480
f 5006/5/4481 5010/5/4485 5011/5/4486
f 5006/5/4481 5011/5/4486 5007/5/4482
f 5008/5/4483 5012/5/4487 5013/5/4488
f 5008/5/4483 5013/5/4488 5009/5/4484
f 5010/5/4485 5014/5/4489 5015/5/4490
f 5010/5/4485 5015/5/4490 5011/5/4486
f 5012/5/4487 5016/5/4491 5017/5/4492
f 5012/5/4487 5017/5/4492 5013/5/4488
f 5014/5/4489 5018/5/4493 5019/5/4494
f 5014/5/4489 5019/5/4494 5015/5/4490
f 5016/5/4491 5020/5/4495 5021/5/4496
f 5016/5/4491 5021/5/4496 5017/5/4492
f 5018/5/4493 5022/5/4497 5023/5/4498
f 5018/5/4493 5023/5/4498 5019/5/4494
f 5020/5/4495 5024/5/4499 5021/5/4496
f 5022/5/4497 5025/5/4500 5026/5/4501
f 5022/5/4497 5026/5/4501 5023/5/4498
f 5024/5/4499 4995/5/4470 5021/5/4496
f 5024/5/4499 4993/5/4468 4995/5/4470
f 5025/5/4500 5027/5/4502 5028/5/4503
f 5025/5/4500 5028/5/4503 5026/5/4501
f 5029/5/4504 5030/5/4505 5031/5/4506
f 5029/5/4504 5031/5/4506 5032/5/4507
f 5027/5/4502 5033/5/4508 5028/5/4503
f 4997/5/4472 4712/5/4187 4715/5/4190
f 4997/5/4472 4715/5/4190 4998/5/4473
f 5027/5/4502 5034/5/4509 5033/5/4508
f 5034/5/4509 5035/5/4510 5036/5/4511
f 5034/5/4509 5036/5/4511 5037/5/4512
f 5034/5/4509 5037/5/4512 5033/5/4508
f 5038/5/4513 5039/5/4514 4994/5/4469
f 5040/5/4515 5041/5/4516 5042/5/4517
f 5040/5/4515 5042/5/4517 5043/5/4518
f 5038/5/4513 5044/5/4519 5039/5/4514
f 5035/5/4510 5045/5/4520 5046/5/4521
f 5035/5/4510 5046/5/4521 5036/5/4511
f 5044/5/4519 5047/5/4522 5039/5/4514
f 5041/5/4516 5048/5/4523 5049/5/4524
f 5041/5/4516 5049/5/4524 5042/5/4517
f 5044/5/4519 5050/5/4525 5051/5/4526
f 5044/5/4519 5051/5/4526 5047/5/4522
f 5045/5/4520 5052/5/4527 5053/5/4528
f 5045/5/4520 5053/5/4528 5046/5/4521
f 5052/5/4527 5054/5/4529 5055/5/4530
f 5052/5/4527 5055/5/4530 5053/5/4528
f 5048/5/4523 5056/5/4531 5057/5/4532
f 5048/5/4523 5057/5/4532 5049/5/4524
f 5050/5/4525 5058/5/4533 5059/5/4534
f 5050/5/4525 5059/5/4534 5051/5/4526
f 5056/5/4531 5060/5/4535 5057/5/4532
f 5054/5/4529 5061/5/4536 5062/5/4537
f 5054/5/4529 5062/5/4537 5055/5/4530
f 5060/5/4535 5063/5/4538 5057/5/4532
f 5058/5/4533 4996/5/4471 4999/5/4474
f 5058/5/4533 4999/5/4474 5059/5/4534
f 5060/5/4535 5064/5/4539 5063/5/4538
f 5064/5/4539 5065/5/4540 5063/5/4538
f 4993/5/4468 5038/5/4513 4994/5/4469
f 5064/5/4539 5000/5/4475 5065/5/4540
f 5000/5/4475 5003/5/4478 5065/5/4540
f 5030/5/4505 5040/5/4515 5043/5/4518
f 5066/5/4541 5067/5/4542 5068/5/4542
f 5066/5/4541 5068/5/4542 5069/5/4541
f 5070/5/4543 5071/5/4544 5072/5/4544
f 5070/5/4543 5072/5/4544 5073/5/4543
f 5074/5/4545 5075/5/4545 5076/5/4546
f 5074/5/4545 5076/5/4546 5077/5/4547
f 5078/5/4548 5079/5/4549 5080/5/4550
f 5078/5/4548 5080/5/4550 5081/5/4551
f 4706/5/4182 5082/5/4552 5083/5/4552
f 4706/5/4182 5083/5/4552 4707/5/4182
f 5084/5/4553 5085/5/4554 4711/5/4186
f 5084/5/4553 4711/5/4186 4710/5/4185
f 5086/5/4555 5070/5/4543 5073/5/4543
f 5086/5/4555 5073/5/4543 5087/5/4555
f 5088/5/4556 5089/5/4556 5090/5/4557
f 5088/5/4556 5090/5/4557 5091/5/4557
f 5067/5/4542 5092/5/4558 5093/5/4559
f 5067/5/4542 5093/5/4559 5068/5/4542
f 5094/5/4560 5026/5/4501 5028/5/4503
f 5094/5/4560 5028/5/4503 5095/5/4561
f 5096/5/4562 5097/5/4562 5085/5/4554
f 5096/5/4562 5085/5/4554 5084/5/4553
f 5098/5/4563 5099/5/4563 5089/5/4556
f 5098/5/4563 5089/5/4556 5088/5/4556
f 5100/5/4564 5101/5/4565 5102/5/4565
f 5103/5/4566 5104/5/4567 5105/5/4568
f 5103/5/4566 5105/5/4568 5106/5/4569
f 5107/5/4570 5108/5/4570 5097/5/4562
f 5107/5/4570 5097/5/4562 5096/5/4562
f 5109/5/4571 5110/5/4571 5099/5/4563
f 5109/5/4571 5099/5/4563 5098/5/4563
f 5082/5/4552 5066/5/4541 5069/5/4541
f 5082/5/4552 5069/5/4541 5083/5/4552
f 5111/5/4572 5112/5/4573 5105/5/4568
f 5111/5/4572 5105/5/4568 5104/5/4567
f 5071/5/4544 4629/5/4116 4630/5/4116
f 5071/5/4544 4630/5/4116 5072/5/4544
f 5109/5/4571 5113/5/4574 5114/5/4575
f 5109/5/4571 5114/5/4575 5110/5/4571
f 5115/5/4576 5116/5/4576 5108/5/4570
f 5115/5/4576 5108/5/4570 5107/5/4570
f 5117/5/4577 5118/5/4578 5112/5/4573
f 5117/5/4577 5112/5/4573 5111/5/4572
f 5092/5/4558 5103/5/4566 5106/5/4569
f 5092/5/4558 5106/5/4569 5093/5/4559
f 5113/5/4574 5119/5/4579 5120/5/4579
f 5113/5/4574 5120/5/4579 5114/5/4575
f 5091/5/4557 5090/5/4557 5116/5/4576
f 5091/5/4557 5116/5/4576 5115/5/4576
f 5121/5/4580 5122/5/4581 5118/5/4578
f 5121/5/4580 5118/5/4578 5117/5/4577
f 5119/5/4579 5123/5/4582 5124/5/4583
f 5119/5/4579 5124/5/4583 5120/5/4579
f 5125/5/4584 5126/5/4585 5122/5/4581
f 5125/5/4584 5122/5/4581 5121/5/4580
f 5123/5/4582 5127/5/4586 5128/5/4587
f 5123/5/4582 5128/5/4587 5124/5/4583
f 5129/5/4588 5130/5/4588 5126/5/4585
f 5129/5/4588 5126/5/4585 5125/5/4584
f 5127/5/4586 5131/5/4589 5132/5/4590
f 5127/5/4586 5132/5/4590 5128/5/4587
f 5133/5/4591 5134/5/4591 5130/5/4588
f 5133/5/4591 5130/5/4588 5129/5/4588
f 5131/5/4589 5135/5/4592 5136/5/4593
f 5131/5/4589 5136/5/4593 5132/5/4590
f 5137/5/4594 5138/5/4594 5134/5/4591
f 5137/5/4594 5134/5/4591 5133/5/4591
f 5135/5/4592 5078/5/4548 5081/5/4551
f 5135/5/4592 5081/5/4551 5136/5/4593
f 5077/5/4547 5076/5/4546 5138/5/4594
f 5077/5/4547 5138/5/4594 5137/5/4594
f 5079/5/4549 4667/5/4145 5080/5/4550
f 4664/5/4143 4663/5/4143 5075/5/4545
f 4664/5/4143 5075/5/4545 5074/5/4545
f 5139/5/4595 5026/5/4501 5094/5/4560
f 5140/5/4596 4715/5/4190 5141/5/4597
f 5142/5/4598 5003/5/4478 5002/5/4477
f 5142/5/4598 5002/5/4477 5143/5/4599
f 5141/5/4597 4715/5/4190 4714/5/4189
f 5141/5/4597 4714/5/4189 5144/5/4600
f 5143/5/4599 5002/5/4477 5145/5/4601
f 5144/5/4600 4714/5/4189 5146/5/4602
f 5145/5/4601 5002/5/4477 5005/5/4480
f 5145/5/4601 5005/5/4480 5147/5/4603
f 5146/5/4602 4714/5/4189 5007/5/4482
f 5146/5/4602 5007/5/4482 5148/5/4604
f 5147/5/4603 5005/5/4480 5009/5/4484
f 5147/5/4603 5009/5/4484 5149/5/4605
f 5148/5/4604 5007/5/4482 5011/5/4486
f 5148/5/4604 5011/5/4486 5150/5/4606
f 5149/5/4605 5009/5/4484 5151/5/4607
f 5150/5/4606 5011/5/4486 5152/5/4608
f 5151/5/4607 5009/5/4484 5013/5/4488
f 5151/5/4607 5013/5/4488 5153/5/4609
f 5152/5/4608 5011/5/4486 5015/5/4490
f 5152/5/4608 5015/5/4490 5154/5/4610
f 5153/5/4609 5013/5/4488 5017/5/4492
f 5153/5/4609 5017/5/4492 5155/5/4611
f 5154/5/4610 5015/5/4490 5019/5/4494
f 5154/5/4610 5019/5/4494 5156/5/4612
f 5155/5/4611 5017/5/4492 5157/5/4613
f 5156/5/4612 5019/5/4494 5158/5/4614
f 5157/5/4613 5017/5/4492 5021/5/4496
f 5157/5/4613 5021/5/4496 5159/5/4615
f 5158/5/4614 5019/5/4494 5023/5/4498
f 5158/5/4614 5023/5/4498 5160/5/4616
f 5159/5/4615 5021/5/4496 5161/5/4617
f 5160/5/4616 5023/5/4498 5026/5/4501
f 5160/5/4616 5026/5/4501 5139/5/4595
f 5161/5/4617 5021/5/4496 4995/5/4470
f 5161/5/4617 4995/5/4470 5162/5/4618
f 5163/5/4619 5032/5/4507 5031/5/4506
f 5163/5/4619 5031/5/4506 5164/5/4620
f 5162/5/4618 4995/5/4470 5165/5/4621
f 5164/5/4620 5031/5/4506 5043/5/4518
f 5164/5/4620 5043/5/4518 5166/5/4622
f 5165/5/4621 4995/5/4470 4994/5/4469
f 5165/5/4621 4994/5/4469 5167/5/4623
f 5166/5/4622 5043/5/4518 5168/5/4624
f 5166/5/4622 5168/5/4624 5169/5/4625
f 5167/5/4623 4994/5/4469 5170/5/4626
f 5169/5/4625 5168/5/4624 5171/5/4627
f 5170/5/4626 4994/5/4469 5039/5/4514
f 5170/5/4626 5039/5/4514 5172/5/4628
f 5173/5/4629 5033/5/4508 5174/5/4630
f 5171/5/4627 5168/5/4624 5042/5/4517
f 5171/5/4627 5042/5/4517 5175/5/4631
f 5172/5/4628 5039/5/4514 5176/5/4632
f 5174/5/4630 5033/5/4508 5037/5/4512
f 5174/5/4630 5037/5/4512 5177/5/4633
f 5175/5/4631 5042/5/4517 5049/5/4524
f 5175/5/4631 5049/5/4524 5178/5/4634
f 5176/5/4632 5039/5/4514 5047/5/4522
f 5176/5/4632 5047/5/4522 5179/5/4635
f 5177/5/4633 5037/5/4512 5036/5/4511
f 5177/5/4633 5036/5/4511 5180/5/4636
f 5178/5/4634 5049/5/4524 5181/5/4637
f 5179/5/4635 5047/5/4522 5051/5/4526
f 5179/5/4635 5051/5/4526 5182/5/4638
f 5180/5/4636 5036/5/4511 5183/5/4639
f 5181/5/4637 5049/5/4524 5057/5/4532
f 5181/5/4637 5057/5/4532 5184/5/4640
f 5182/5/4638 5051/5/4526 5185/5/4641
f 5183/5/4639 5036/5/4511 5046/5/4521
f 5183/5/4639 5046/5/4521 5186/5/4642
f 5184/5/4640 5057/5/4532 5187/5/4643
f 5185/5/4641 5051/5/4526 5059/5/4534
f 5185/5/4641 5059/5/4534 5188/5/4644
f 5186/5/4642 5046/5/4521 5189/5/4645
f 5187/5/4643 5057/5/4532 5063/5/4538
f 5187/5/4643 5063/5/4538 5190/5/4646
f 5188/5/4644 5059/5/4534 5191/5/4647
f 5189/5/4645 5046/5/4521 5053/5/4528
f 5189/5/4645 5053/5/4528 5192/5/4648
f 5190/5/4646 5063/5/4538 5193/5/4649
f 5191/5/4647 5059/5/4534 4999/5/4474
f 5191/5/4647 4999/5/4474 5194/5/4650
f 5192/5/4648 5053/5/4528 5055/5/4530
f 5192/5/4648 5055/5/4530 5195/5/4651
f 5195/5/4651 5055/5/4530 5196/5/4652
f 5194/5/4650 4999/5/4474 5197/5/4653
f 5196/5/4652 5055/5/4530 5062/5/4537
f 5196/5/4652 5062/5/4537 5198/5/4654
f 5197/5/4653 4999/5/4474 4998/5/4473
f 5197/5/4653 4998/5/4473 5199/5/4655
f 5193/5/4649 5063/5/4538 5065/5/4540
f 5193/5/4649 5065/5/4540 5200/5/4656
f 5095/5/4561 5028/5/4503 5033/5/4508
f 5095/5/4561 5033/5/4508 5173/5/4629
f 5199/5/4655 4998/5/4473 5201/5/4657
f 5200/5/4656 5065/5/4540 5202/5/4658
f 5201/5/4657 4998/5/4473 4715/5/4190
f 5201/5/4657 4715/5/4190 5140/5/4596
f 4709/5/4184 4708/5/4183 5203/5/4659
f 5043/5/4518 5042/5/4517 5168/5/4624
f 5202/5/4658 5065/5/4540 5003/5/4478
f 5202/5/4658 5003/5/4478 5142/5/4598
f 5101/5/4565 5100/5/4564 5204/5/4660
f 4708/5/4183 5205/5/4661 5203/5/4659
f 5100/5/4564 5206/5/4662 5207/5/4663
f 5100/5/4564 5207/5/4663 5204/5/4660
f 5205/5/4661 4655/5/4137 5203/5/4659
f 5206/5/4662 4583/5/4080 5208/5/4664
f 5206/5/4662 5208/5/4664 5207/5/4663
f 4583/5/4080 4582/5/4079 5208/5/4664
f 4582/5/4079 4595/5/4090 5209/5/4665
f 4595/5/4090 4606/5/4099 5209/5/4665
f 4642/5/4126 5210/5/4666 5211/5/4667
f 5210/5/4666 5212/5/4668 5211/5/4667
f 5212/5/4668 5213/5/4669 5214/5/4670
f 5213/5/4669 5215/5/4671 4620/5/4111
f 5213/5/4669 4620/5/4111 5214/5/4670
f 4659/5/4140 4667/5/4145 5216/5/4672
f 5215/5/4671 4613/5/4105 4620/5/4111
f 4667/5/4145 5079/5/4549 5216/5/4672
f 5217/5/4673 5218/5/4674 5219/5/4675
f 5218/5/4674 5220/5/4676 5221/5/4677
f 5218/5/4674 5221/5/4677 5219/5/4675
f 5220/5/4676 5222/5/4678 5223/5/4679
f 5220/5/4676 5223/5/4679 5221/5/4677
f 5222/5/4678 5224/5/4680 5223/5/4679
f 4678/5/4156 5225/5/4681 4680/5/4158
f 5225/5/4681 5226/5/4682 4681/5/4159
f 5225/5/4681 4681/5/4159 4680/5/4158
f 5226/5/4682 4682/5/4160 4681/5/4159
f 4694/5/4170 5227/5/4683 4695/5/4171
f 5227/5/4683 4696/5/4172 4695/5/4171
f 4662/5/4142 5228/5/4684 4658/5/4139
f 5228/5/4684 4653/5/4135 4658/5/4139
f 4653/5/4135 5229/5/4685 4654/5/4136
f 5229/5/4685 5230/5/4686 4643/5/4127
f 5229/5/4685 4643/5/4127 4654/5/4136
f 5230/5/4686 4639/5/4123 4643/5/4127
f 4635/5/4121 4631/5/4117 5231/5/4687
f 4638/5/4123 4635/5/4121 5231/5/4687
f 4694/5/4170 4695/5/4171 5232/5/4688
f 4693/5/4169 4694/5/4170 5232/5/4688
f 4691/5/4167 4693/5/4169 5233/5/4689
f 4690/5/4166 4691/5/4167 5233/5/4689
f 4690/5/4166 5233/5/4689 5234/5/4690
f 4689/5/4165 4690/5/4166 5234/5/4690
f 5223/5/4679 5224/5/4680 5235/5/4691
f 5217/5/4673 5219/5/4675 5236/5/4692
f 5237/5/4693 5217/5/4673 5236/5/4692
f 5237/5/4693 5236/5/4692 5238/5/4694
f 4675/5/4153 5237/5/4693 5238/5/4694
f 4675/5/4153 5238/5/4694 5239/5/4695
f 4674/5/4152 4675/5/4153 5239/5/4695
f 4672/5/4150 4674/5/4152 5240/5/4696
f 4565/5/4068 4672/5/4150 5240/5/4696
f 4565/5/4068 5240/5/4696 5241/5/4697
f 4563/5/4066 4565/5/4068 5241/5/4697
f 5212/5/4668 5214/5/4670 5242/5/4698
f 5211/5/4667 5212/5/4668 5242/5/4698
f 4642/5/4126 5211/5/4667 5243/5/4699
f 4640/5/4124 4642/5/4126 5243/5/4699
f 4655/5/4137 4648/5/4131 5244/5/4700
f 5203/5/4659 4655/5/4137 5244/5/4700
f 5061/5/4536 5054/5/4529 5245/5/4701
f 5054/5/4529 5246/5/4702 5245/5/4701
f 5054/5/4529 5052/5/4527 5246/5/4702
f 5052/5/4527 5045/5/4520 5247/5/4703
f 5045/5/4520 5248/5/4704 5247/5/4703
f 5045/5/4520 5035/5/4510 5249/5/4705
f 5045/5/4520 5249/5/4705 5248/5/4704
f 5035/5/4510 5250/5/4706 5249/5/4705
f 5035/5/4510 5034/5/4509 5251/5/4707
f 5035/5/4510 5251/5/4707 5250/5/4706
f 5034/5/4509 5252/5/4708 5251/5/4707
f 5034/5/4509 5027/5/4502 5253/5/4709
f 5034/5/4509 5253/5/4709 5252/5/4708
f 5027/5/4502 5254/5/4710 5253/5/4709
f 5027/5/4502 5025/5/4500 5255/5/4711
f 5027/5/4502 5255/5/4711 5254/5/4710
f 5025/5/4500 5256/5/4712 5255/5/4711
f 5025/5/4500 5022/5/4497 5256/5/4712
f 5022/5/4497 5018/5/4493 5257/5/4713
f 5018/5/4493 5258/5/4714 5257/5/4713
f 5018/5/4493 5014/5/4489 5258/5/4714
f 5014/5/4489 5010/5/4485 5259/5/4715
f 5010/5/4485 5260/5/4716 5259/5/4715
f 5010/5/4485 5006/5/4481 5260/5/4716
f 5006/5/4481 4713/5/4188 5261/5/4717
f 4713/5/4188 5262/5/4718 5261/5/4717
f 4713/5/4188 4712/5/4187 5263/5/4719
f 4713/5/4188 5263/5/4719 5262/5/4718
f 4712/5/4187 5264/5/4720 5263/5/4719
f 4712/5/4187 4997/5/4472 5265/5/4721
f 4712/5/4187 5265/5/4721 5264/5/4720
f 4997/5/4472 5266/5/4722 5265/5/4721
f 4997/5/4472 4996/5/4471 5267/5/4723
f 4997/5/4472 5267/5/4723 5266/5/4722
f 4996/5/4471 5268/5/4724 5267/5/4723
f 4996/5/4471 5058/5/4533 5269/5/4725
f 4996/5/4471 5269/5/4725 5268/5/4724
f 5058/5/4533 5270/5/4726 5269/5/4725
f 5058/5/4533 5050/5/4525 5271/5/4727
f 5058/5/4533 5271/5/4727 5270/5/4726
f 5050/5/4525 5272/5/4728 5271/5/4727
f 5050/5/4525 5044/5/4519 5273/5/4729
f 5050/5/4525 5273/5/4729 5272/5/4728
f 5044/5/4519 5274/5/4730 5273/5/4729
f 5044/5/4519 5038/5/4513 5275/5/4731
f 5044/5/4519 5275/5/4731 5274/5/4730
f 5038/5/4513 5276/5/4732 5275/5/4731
f 5038/5/4513 4993/5/4468 5277/5/4733
f 5038/5/4513 5277/5/4733 5276/5/4732
f 4993/5/4468 5278/5/4734 5277/5/4733
f 4993/5/4468 5024/5/4499 5279/5/4735
f 4993/5/4468 5279/5/4735 5278/5/4734
f 5024/5/4499 5280/5/4736 5279/5/4735
f 5024/5/4499 5020/5/4495 5280/5/4736
f 5020/5/4495 5016/5/4491 5281/5/4737
f 5016/5/4491 5282/5/4738 5281/5/4737
f 5016/5/4491 5012/5/4487 5282/5/4738
f 5012/5/4487 5008/5/4483 5283/5/4739
f 5008/5/4483 5284/5/4740 5283/5/4739
f 5008/5/4483 5004/5/4479 5284/5/4740
f 5004/5/4479 5001/5/4476 5285/5/4741
f 5001/5/4476 5286/5/4742 5285/5/4741
f 5001/5/4476 5000/5/4475 5287/5/4743
f 5001/5/4476 5287/5/4743 5286/5/4742
f 5000/5/4475 5288/5/4744 5287/5/4743
f 5000/5/4475 5064/5/4539 5289/5/4745
f 5000/5/4475 5289/5/4745 5288/5/4744
f 5064/5/4539 5290/5/4746 5289/5/4745
f 5064/5/4539 5060/5/4535 5291/5/4747
f 5064/5/4539 5291/5/4747 5290/5/4746
f 5060/5/4535 5292/5/4748 5291/5/4747
f 5060/5/4535 5056/5/4531 5292/5/4748
f 5056/5/4531 5048/5/4523 5293/5/4749
f 5048/5/4523 5294/5/4750 5293/5/4749
f 5048/5/4523 5041/5/4516 5295/5/4751
f 5048/5/4523 5295/5/4751 5294/5/4750
f 5041/5/4516 5296/5/4752 5295/5/4751
f 5041/5/4516 5040/5/4515 5296/5/4752
f 5040/5/4515 5030/5/4505 5297/5/4753
f 5030/5/4505 5298/5/4754 5297/5/4753
f 5030/5/4505 5029/5/4504 5298/5/4754
f 5101/5/4565 5086/5/4555 5087/5/4555
f 5101/5/4565 5087/5/4555 5102/5/4565
f 5030/5/4505 5043/5/4518 5031/5/4506
f 5299/5/4755 5300/5/4756 5301/5/4757
f 5302/5/4758 5300/5/4756 5299/5/4755
f 5301/5/4757 5300/5/4756 5303/5/4759
f 5303/5/4759 5300/5/4756 5302/5/4758
f 5304/5/4760 5305/5/4761 5306/5/4762
f 5307/5/4763 5308/5/4764 5306/5/4762
f 5305/5/4761 5307/5/4763 5306/5/4762
f 5308/5/4764 5304/5/4760 5306/5/4762
f 5309/5/4765 5302/5/4758 5299/5/4755
f 5310/5/4766 5303/5/4759 5311/5/4767
f 5310/5/4766 5301/5/4757 5303/5/4759
f 5312/5/4768 5302/5/4758 5309/5/4765
f 5312/5/4768 5303/5/4759 5302/5/4758
f 5313/5/4769 5301/5/4757 5310/5/4766
f 5314/5/4770 5303/5/4759 5312/5/4768
f 5315/5/4771 5299/5/4755 5316/5/4772
f 5316/5/4772 5299/5/4755 5301/5/4757
f 5316/5/4772 5301/5/4757 5313/5/4769
f 5311/5/4767 5303/5/4759 5314/5/4770
f 5309/5/4765 5299/5/4755 5315/5/4771
f 5317/5/4773 5318/5/4774 5319/5/4775
f 5317/5/4773 5319/5/4775 5320/5/4776
f 5321/5/4777 5322/5/4778 5323/5/4779
f 5323/5/4779 5322/5/4778 5324/5/4780
f 5325/5/3964 5326/5/3965 5327/5/4781
f 5327/5/4781 5326/5/3965 5328/5/4782
f 5320/5/4776 5319/5/4775 5329/5/4783
f 5320/5/4776 5329/5/4783 5330/5/3970
f 5323/5/4779 5324/5/4780 5331/5/4784
f 5331/5/4784 5324/5/4780 5332/5/4785
f 5327/5/4781 5328/5/4782 5333/5/4786
f 5333/5/4786 5328/5/4782 5334/5/4787
f 5330/5/3970 5329/5/4783 5335/5/4788
f 5330/5/3970 5335/5/4788 5336/5/3976
f 5331/5/4784 5332/5/4785 5337/5/4789
f 5333/5/4786 5334/5/4787 5338/5/4790
f 5331/5/4784 5337/5/4789 5339/5/4791
f 5336/5/3976 5335/5/4788 5325/5/3964
f 5338/5/4790 5334/5/4787 5340/5/4792
f 5325/5/3964 5335/5/4788 5326/5/3965
f 5339/5/4791 5337/5/4789 5341/5/4793
f 5338/5/4790 5340/5/4792 5342/5/4794
f 5339/5/4791 5341/5/4793 5343/5/4795
f 5342/5/4794 5340/5/4792 5344/5/4796
f 5342/5/4794 5344/5/4796 5345/5/4797
f 5345/5/4797 5344/5/4796 5346/5/4798
f 5343/5/4795 5341/5/4793 5347/5/4799
f 5343/5/4795 5347/5/4799 5348/5/4800
f 5345/5/4797 5346/5/4798 5349/5/4801
f 5348/5/4800 5347/5/4799 5350/5/4802
f 5349/5/4801 5346/5/4798 5351/5/4803
f 5350/5/4802 5347/5/4799 5352/5/4804
f 5349/5/4801 5351/5/4803 5353/5/4805
f 5350/5/4802 5352/5/4804 5354/5/4806
f 5353/5/4805 5351/5/4803 5321/5/4777
f 5354/5/4806 5352/5/4804 5318/5/4774
f 5321/5/4777 5351/5/4803 5322/5/4778
f 5354/5/4806 5318/5/4774 5317/5/4773
f 5355/5/4807 5356/5/4808 5357/5/4809
f 5358/5/4810 5359/5/4811 5360/5/4812
f 5355/5/4807 5357/5/4809 5361/5/4813
f 5362/5/4814 5363/5/4815 5364/5/4816
f 5362/5/4814 5364/5/4816 5365/5/4817
f 5358/5/4810 5360/5/4812 5366/5/4818
f 5361/5/4813 5357/5/4809 5359/5/4811
f 5361/5/4813 5359/5/4811 5367/5/4819
f 5366/5/4818 5360/5/4812 5368/5/4820
f 5366/5/4818 5368/5/4820 5369/5/4821
f 5365/5/4817 5364/5/4816 5370/5/4822
f 5370/5/4822 5364/5/4816 5371/5/4823
f 5369/5/4821 5368/5/4820 5372/5/4824
f 5367/5/4819 5359/5/4811 5358/5/4810
f 5372/5/4824 5368/5/4820 5373/5/4825
f 5370/5/4822 5371/5/4823 5374/5/4826
f 5372/5/4824 5373/5/4825 5375/5/4827
f 5374/5/4826 5371/5/4823 5376/5/4828
f 5376/5/4828 5371/5/4823 5377/5/4829
f 5375/5/4827 5373/5/4825 5378/5/4830
f 5375/5/4827 5378/5/4830 5379/5/4831
f 5376/5/4828 5377/5/4829 5380/5/4832
f 5380/5/4832 5377/5/4829 5356/5/4808
f 5379/5/4831 5378/5/4830 5381/5/4833
f 5380/5/4832 5356/5/4808 5318/5/4774
f 5318/5/4774 5356/5/4808 5355/5/4807
f 5381/5/4833 5378/5/4830 5363/5/4815
f 5381/5/4833 5363/5/4815 5362/5/4814
f 5382/5/4834 5383/5/4835 5384/5/4019
f 5385/5/4836 5386/5/4837 5317/5/4773
f 5382/5/4834 5353/5/4805 5383/5/4835
f 5387/5/4838 5353/5/4805 5382/5/4834
f 5388/5/4839 5386/5/4837 5385/5/4836
f 5387/5/4838 5389/5/4840 5353/5/4805
f 5390/5/4841 5389/5/4840 5387/5/4838
f 5391/5/4028 5392/5/4842 5388/5/4839
f 5390/5/4841 5393/5/4843 5389/5/4840
f 5394/5/4030 5392/5/4842 5391/5/4028
f 5395/5/4844 5393/5/4843 5390/5/4841
f 5394/5/4030 5396/5/4845 5392/5/4842
f 5395/5/4844 5397/5/4846 5393/5/4843
f 5398/5/4033 5396/5/4845 5394/5/4030
f 5399/5/4847 5397/5/4846 5395/5/4844
f 5398/5/4033 5400/5/4848 5396/5/4845
f 5399/5/4847 5401/5/4849 5397/5/4846
f 5402/5/4850 5401/5/4849 5399/5/4847
f 5403/5/4851 5404/5/4852 5400/5/4848
f 5403/5/4851 5400/5/4848 5398/5/4033
f 5402/5/4850 5342/5/4794 5401/5/4849
f 5405/5/4853 5406/5/4854 5404/5/4852
f 5405/5/4853 5404/5/4852 5403/5/4851
f 5407/5/4855 5342/5/4794 5402/5/4850
f 5408/5/4856 5409/5/4044 5410/5/4857
f 5411/5/4046 5412/5/4047 5406/5/4854
f 5411/5/4046 5406/5/4854 5405/5/4853
f 5413/5/4048 5336/5/3976 5408/5/4856
f 5414/5/4049 5415/5/4858 5412/5/4047
f 5414/5/4049 5412/5/4047 5411/5/4046
f 5416/5/4859 5333/5/4786 5417/5/4860
f 5418/5/4051 5419/5/4052 5336/5/3976
f 5418/5/4051 5336/5/3976 5413/5/4048
f 5420/5/4053 5421/5/4054 5415/5/4858
f 5420/5/4053 5415/5/4858 5414/5/4049
f 5422/5/4861 5333/5/4786 5416/5/4859
f 5423/5/4055 5419/5/4052 5418/5/4051
f 5424/5/4056 5421/5/4054 5420/5/4053
f 5424/5/4056 5425/5/4057 5421/5/4054
f 5426/5/4058 5425/5/4057 5424/5/4056
f 5410/5/4857 5409/5/4044 5427/5/4059
f 5426/5/4058 5428/5/4060 5425/5/4057
f 5384/5/4019 5428/5/4060 5426/5/4058
f 5429/5/4862 5317/5/4773 5430/5/4863
f 5384/5/4019 5383/5/4835 5428/5/4060
f 5385/5/4836 5317/5/4773 5429/5/4862
f 5386/5/4837 5354/5/4806 5317/5/4773
f 5353/5/4805 5321/5/4777 5383/5/4835
f 5388/5/4839 5354/5/4806 5386/5/4837
f 5388/5/4839 5350/5/4802 5354/5/4806
f 5389/5/4840 5349/5/4801 5353/5/4805
f 5392/5/4842 5350/5/4802 5388/5/4839
f 5393/5/4843 5349/5/4801 5389/5/4840
f 5392/5/4842 5348/5/4800 5350/5/4802
f 5396/5/4845 5348/5/4800 5392/5/4842
f 5397/5/4846 5349/5/4801 5393/5/4843
f 5397/5/4846 5345/5/4797 5349/5/4801
f 5400/5/4848 5343/5/4795 5348/5/4800
f 5400/5/4848 5348/5/4800 5396/5/4845
f 5401/5/4849 5345/5/4797 5397/5/4846
f 5404/5/4852 5343/5/4795 5400/5/4848
f 5342/5/4794 5345/5/4797 5401/5/4849
f 5406/5/4854 5339/5/4791 5343/5/4795
f 5406/5/4854 5343/5/4795 5404/5/4852
f 5407/5/4855 5338/5/4790 5342/5/4794
f 5408/5/4856 5325/5/3964 5409/5/4044
f 5412/5/4047 5339/5/4791 5406/5/4854
f 5417/5/4860 5338/5/4790 5407/5/4855
f 5336/5/3976 5325/5/3964 5408/5/4856
f 5415/5/4858 5331/5/4784 5339/5/4791
f 5415/5/4858 5339/5/4791 5412/5/4047
f 5333/5/4786 5338/5/4790 5417/5/4860
f 5419/5/4052 5330/5/3970 5336/5/3976
f 5421/5/4054 5331/5/4784 5415/5/4858
f 5422/5/4861 5327/5/4781 5333/5/4786
f 5421/5/4054 5323/5/4779 5331/5/4784
f 5423/5/4055 5320/5/4776 5330/5/3970
f 5423/5/4055 5330/5/3970 5419/5/4052
f 5427/5/4059 5327/5/4781 5422/5/4861
f 5425/5/4057 5323/5/4779 5421/5/4054
f 5430/5/4863 5320/5/4776 5423/5/4055
f 5409/5/4044 5325/5/3964 5327/5/4781
f 5409/5/4044 5327/5/4781 5427/5/4059
f 5428/5/4060 5323/5/4779 5425/5/4057
f 5428/5/4060 5321/5/4777 5323/5/4779
f 5317/5/4773 5320/5/4776 5430/5/4863
f 5383/5/4835 5321/5/4777 5428/5/4060
f 5431/5/4066 5432/5/4067 5433/5/4068
f 5434/5/4069 5435/5/4070 5436/5/4864
f 5437/5/4071 5438/5/4071 5432/5/4067
f 5437/5/4071 5432/5/4067 5431/5/4066
f 5439/5/4072 5434/5/4069 5440/5/4072
f 5441/5/4073 5442/5/4074 5438/5/4071
f 5441/5/4073 5438/5/4071 5437/5/4071
f 5443/5/4075 5444/5/4076 5445/5/4865
f 5446/5/4077 5447/5/4078 5442/5/4074
f 5446/5/4077 5442/5/4074 5441/5/4073
f 5448/5/4082 5449/5/4083 5447/5/4078
f 5448/5/4082 5447/5/4078 5446/5/4077
f 5450/5/4084 5439/5/4072 5440/5/4072
f 5450/5/4084 5440/5/4072 5451/5/4866
f 5452/5/4085 5453/5/4086 5449/5/4083
f 5452/5/4085 5449/5/4083 5448/5/4082
f 5445/5/4865 5444/5/4076 5454/5/4867
f 5455/5/4088 5456/5/4089 5453/5/4086
f 5455/5/4088 5453/5/4086 5452/5/4085
f 5457/5/4090 5458/5/4868 5459/5/4869
f 5460/5/4091 5461/5/4092 5456/5/4089
f 5460/5/4091 5456/5/4089 5455/5/4088
f 5462/5/4093 5450/5/4084 5451/5/4866
f 5462/5/4093 5451/5/4866 5463/5/4093
f 5464/5/4094 5465/5/4870 5461/5/4092
f 5464/5/4094 5461/5/4092 5460/5/4091
f 5454/5/4867 5466/5/4096 5467/5/4871
f 5468/5/4097 5469/5/4098 5465/5/4870
f 5468/5/4097 5465/5/4870 5464/5/4094
f 5470/5/4100 5457/5/4090 5459/5/4869
f 5471/5/4101 5472/5/4102 5473/5/4103
f 5471/5/4101 5473/5/4103 5474/5/4104
f 5475/5/4105 5476/5/4105 5469/5/4098
f 5475/5/4105 5469/5/4098 5468/5/4097
f 5477/5/4107 5462/5/4093 5463/5/4093
f 5478/5/4108 5479/5/4108 5480/5/4110
f 5478/5/4108 5480/5/4110 5481/5/4110
f 5482/5/4872 5483/5/4872 5476/5/4105
f 5482/5/4872 5476/5/4105 5475/5/4105
f 5467/5/4871 5466/5/4096 5484/5/4112
f 5467/5/4871 5484/5/4112 5485/5/4112
f 5486/5/4113 5487/5/4113 5479/5/4108
f 5486/5/4113 5479/5/4108 5478/5/4108
f 5488/5/4873 5489/5/4874 5483/5/4872
f 5488/5/4873 5483/5/4872 5482/5/4872
f 5490/5/4115 5491/5/4875 5487/5/4113
f 5490/5/4115 5487/5/4113 5486/5/4113
f 5492/5/4876 5493/5/4876 5489/5/4874
f 5492/5/4876 5489/5/4874 5488/5/4873
f 5494/5/4877 5477/5/4107 5495/5/4116
f 5496/5/4878 5497/5/4118 5491/5/4875
f 5496/5/4878 5491/5/4875 5490/5/4115
f 5485/5/4112 5484/5/4112 5498/5/4879
f 5485/5/4112 5498/5/4879 5499/5/4119
f 5500/5/4880 5501/5/4880 5493/5/4876
f 5500/5/4880 5493/5/4876 5492/5/4876
f 5502/5/4121 5503/5/4881 5497/5/4118
f 5502/5/4121 5497/5/4118 5496/5/4878
f 5504/5/4882 5505/5/4114 5506/5/4122
f 5507/5/4883 5508/5/4883 5501/5/4880
f 5507/5/4883 5501/5/4880 5500/5/4880
f 5509/5/4884 5510/5/4884 5503/5/4881
f 5509/5/4884 5503/5/4881 5502/5/4121
f 5511/5/4885 5512/5/4124 5508/5/4883
f 5511/5/4885 5508/5/4883 5507/5/4883
f 5513/5/4127 5514/5/4127 5510/5/4884
f 5513/5/4127 5510/5/4884 5509/5/4884
f 5499/5/4119 5498/5/4879 5515/5/4886
f 5499/5/4119 5515/5/4886 5516/5/4886
f 5517/5/4887 5518/5/4130 5512/5/4124
f 5517/5/4887 5512/5/4124 5511/5/4885
f 5519/5/4888 5520/5/4136 5514/5/4127
f 5519/5/4888 5514/5/4127 5513/5/4127
f 5521/5/4889 5522/5/4889 5518/5/4130
f 5521/5/4889 5518/5/4130 5517/5/4887
f 5523/5/4133 5504/5/4882 5506/5/4122
f 5523/5/4133 5506/5/4122 5524/5/4133
f 5525/5/4890 5520/5/4136 5519/5/4888
f 5526/5/4137 5527/5/4891 5522/5/4889
f 5526/5/4137 5522/5/4889 5521/5/4889
f 5516/5/4886 5515/5/4886 5528/5/4138
f 5529/5/4139 5530/5/4139 5525/5/4890
f 5531/5/4659 5532/5/4659 5527/5/4891
f 5531/5/4659 5527/5/4891 5526/5/4137
f 5533/5/4140 5523/5/4133 5524/5/4133
f 5534/5/4141 5535/5/4141 5530/5/4139
f 5534/5/4141 5530/5/4139 5529/5/4139
f 5528/5/4138 5536/5/4143 5537/5/4892
f 5538/5/4144 5539/5/4144 5535/5/4141
f 5538/5/4144 5535/5/4141 5534/5/4141
f 5540/5/4893 5533/5/4140 5541/5/4894
f 5542/5/4146 5543/5/4147 5539/5/4144
f 5542/5/4146 5539/5/4144 5538/5/4144
f 5544/5/4148 5545/5/4895 5543/5/4147
f 5544/5/4148 5543/5/4147 5542/5/4146
f 5322/5/4778 5381/5/4833 5362/5/4814
f 5351/5/4803 5381/5/4833 5322/5/4778
f 5352/5/4804 5380/5/4832 5318/5/4774
f 5351/5/4803 5379/5/4831 5381/5/4833
f 5347/5/4799 5380/5/4832 5352/5/4804
f 5346/5/4798 5379/5/4831 5351/5/4803
f 5347/5/4799 5376/5/4828 5380/5/4832
f 5346/5/4798 5375/5/4827 5379/5/4831
f 5341/5/4793 5376/5/4828 5347/5/4799
f 5344/5/4796 5375/5/4827 5346/5/4798
f 5341/5/4793 5374/5/4826 5376/5/4828
f 5344/5/4796 5372/5/4824 5375/5/4827
f 5340/5/4792 5372/5/4824 5344/5/4796
f 5337/5/4789 5370/5/4822 5374/5/4826
f 5337/5/4789 5374/5/4826 5341/5/4793
f 5335/5/4788 5358/5/4810 5326/5/3965
f 5335/5/4788 5367/5/4819 5358/5/4810
f 5334/5/4787 5369/5/4821 5372/5/4824
f 5334/5/4787 5372/5/4824 5340/5/4792
f 5332/5/4785 5365/5/4817 5370/5/4822
f 5332/5/4785 5370/5/4822 5337/5/4789
f 5329/5/4783 5367/5/4819 5335/5/4788
f 5328/5/4782 5366/5/4818 5369/5/4821
f 5328/5/4782 5369/5/4821 5334/5/4787
f 5329/5/4783 5361/5/4813 5367/5/4819
f 5324/5/4780 5365/5/4817 5332/5/4785
f 5319/5/4775 5361/5/4813 5329/5/4783
f 5326/5/3965 5358/5/4810 5366/5/4818
f 5326/5/3965 5366/5/4818 5328/5/4782
f 5324/5/4780 5362/5/4814 5365/5/4817
f 5319/5/4775 5355/5/4807 5361/5/4813
f 5322/5/4778 5362/5/4814 5324/5/4780
f 5318/5/4774 5355/5/4807 5319/5/4775
f 5356/5/4808 5309/5/4765 5357/5/4809
f 5357/5/4809 5309/5/4765 5315/5/4771
f 5363/5/4815 5311/5/4767 5314/5/4770
f 5359/5/4811 5316/5/4772 5313/5/4769
f 5359/5/4811 5313/5/4769 5360/5/4812
f 5363/5/4815 5314/5/4770 5364/5/4816
f 5357/5/4809 5315/5/4771 5316/5/4772
f 5357/5/4809 5316/5/4772 5359/5/4811
f 5360/5/4812 5313/5/4769 5368/5/4820
f 5364/5/4816 5314/5/4770 5312/5/4768
f 5364/5/4816 5312/5/4768 5371/5/4823
f 5368/5/4820 5313/5/4769 5310/5/4766
f 5368/5/4820 5310/5/4766 5373/5/4825
f 5371/5/4823 5312/5/4768 5377/5/4829
f 5373/5/4825 5310/5/4766 5378/5/4830
f 5377/5/4829 5312/5/4768 5309/5/4765
f 5378/5/4830 5310/5/4766 5311/5/4767
f 5377/5/4829 5309/5/4765 5356/5/4808
f 5378/5/4830 5311/5/4767 5363/5/4815
f 5433/5/4068 5546/5/4150 5547/5/4896
f 5547/5/4896 5546/5/4150 5548/5/4151
f 5547/5/4896 5548/5/4151 5549/5/4151
f 5549/5/4151 5548/5/4151 5550/5/4153
f 5549/5/4151 5550/5/4153 5551/5/4153
f 5551/5/4153 5550/5/4153 5552/5/4693
f 5551/5/4153 5552/5/4693 5553/5/4897
f 5553/5/4897 5552/5/4693 5554/5/4898
f 5553/5/4897 5554/5/4898 5555/5/4898
f 5555/5/4898 5554/5/4898 5556/5/4899
f 5557/5/4154 5558/5/4155 5559/5/4157
f 5557/5/4154 5559/5/4157 5560/5/4157
f 5560/5/4157 5559/5/4157 5561/5/4158
f 5560/5/4157 5561/5/4158 5562/5/4158
f 5562/5/4158 5561/5/4158 5563/5/4900
f 5562/5/4158 5563/5/4900 5564/5/4159
f 5564/5/4159 5563/5/4900 5565/5/4160
f 5565/5/4160 5566/5/4162 5567/5/4162
f 5567/5/4162 5566/5/4162 5568/5/4164
f 5567/5/4162 5568/5/4164 5569/5/4164
f 5569/5/4164 5568/5/4164 5570/5/4901
f 5569/5/4164 5570/5/4901 5571/5/4901
f 5571/5/4901 5570/5/4901 5572/5/4902
f 5571/5/4901 5572/5/4902 5573/5/4903
f 5573/5/4903 5572/5/4902 5574/5/4904
f 5573/5/4903 5574/5/4904 5575/5/4904
f 5575/5/4904 5574/5/4904 5576/5/4905
f 5575/5/4904 5576/5/4905 5577/5/4905
f 5577/5/4905 5576/5/4905 5578/5/4906
f 5577/5/4905 5578/5/4906 5579/5/4907
f 5579/5/4907 5578/5/4906 5580/5/4908
f 5579/5/4907 5580/5/4908 5581/5/4909
f 5581/5/4909 5580/5/4908 5582/5/4172
f 5581/5/4909 5582/5/4172 5583/5/4173
f 5583/5/4173 5582/5/4172 5584/5/4910
f 5583/5/4173 5584/5/4910 5585/5/4911
f 5585/5/4911 5584/5/4910 5586/5/4176
f 5585/5/4911 5586/5/4176 5587/5/4177
f 5587/5/4177 5586/5/4176 5588/5/4178
f 5587/5/4177 5588/5/4178 5589/5/4179
f 5589/5/4179 5588/5/4178 5590/5/4180
f 5589/5/4179 5590/5/4180 5591/5/4181
f 5591/5/4181 5590/5/4180 5545/5/4895
f 5591/5/4181 5545/5/4895 5544/5/4148
f 5435/5/4070 5592/5/4182 5593/5/4182
f 5435/5/4070 5593/5/4182 5436/5/4864
f 5481/5/4110 5480/5/4110 5594/5/4184
f 5481/5/4110 5594/5/4184 5595/5/4184
f 5596/5/4185 5597/5/4185 5443/5/4075
f 5598/5/4912 5599/5/4913 5600/5/4662
f 5601/5/4914 5602/5/4915 5603/5/4916
f 5601/5/4914 5603/5/4916 5604/5/4917
f 5605/5/4918 5390/5/4841 5387/5/4838
f 5606/5/4919 5390/5/4841 5605/5/4918
f 5607/5/4920 5394/5/4030 5391/5/4028
f 5607/5/4920 5391/5/4028 5608/5/4921
f 5606/5/4919 5395/5/4844 5390/5/4841
f 5609/5/4922 5395/5/4844 5606/5/4919
f 5607/5/4920 5398/5/4033 5394/5/4030
f 5609/5/4922 5399/5/4847 5395/5/4844
f 5610/5/4923 5398/5/4033 5607/5/4920
f 5611/5/4924 5399/5/4847 5609/5/4922
f 5611/5/4924 5402/5/4850 5399/5/4847
f 5612/5/4925 5403/5/4851 5398/5/4033
f 5612/5/4925 5398/5/4033 5610/5/4923
f 5613/5/4926 5402/5/4850 5611/5/4924
f 5614/5/4200 5405/5/4853 5403/5/4851
f 5614/5/4200 5403/5/4851 5612/5/4925
f 5615/5/4927 5407/5/4855 5402/5/4850
f 5615/5/4927 5402/5/4850 5613/5/4926
f 5616/5/4202 5408/5/4856 5410/5/4857
f 5616/5/4202 5410/5/4857 5617/5/4928
f 5618/5/4929 5411/5/4046 5405/5/4853
f 5618/5/4929 5405/5/4853 5614/5/4200
f 5615/5/4927 5417/5/4860 5407/5/4855
f 5619/5/4930 5413/5/4048 5408/5/4856
f 5619/5/4930 5408/5/4856 5616/5/4202
f 5620/5/4931 5417/5/4860 5615/5/4927
f 5621/5/4932 5414/5/4049 5411/5/4046
f 5621/5/4932 5411/5/4046 5618/5/4929
f 5620/5/4931 5416/5/4859 5417/5/4860
f 5622/5/4933 5418/5/4051 5413/5/4048
f 5622/5/4933 5413/5/4048 5619/5/4930
f 5623/5/4934 5416/5/4859 5620/5/4931
f 5624/5/4935 5420/5/4053 5414/5/4049
f 5624/5/4935 5414/5/4049 5621/5/4932
f 5623/5/4934 5422/5/4861 5416/5/4859
f 5625/5/4211 5423/5/4055 5418/5/4051
f 5625/5/4211 5418/5/4051 5622/5/4933
f 5626/5/4936 5427/5/4059 5422/5/4861
f 5626/5/4936 5422/5/4861 5623/5/4934
f 5627/5/4937 5424/5/4056 5420/5/4053
f 5627/5/4937 5420/5/4053 5624/5/4935
f 5628/5/4938 5430/5/4863 5423/5/4055
f 5628/5/4938 5423/5/4055 5625/5/4211
f 5617/5/4928 5410/5/4857 5427/5/4059
f 5617/5/4928 5427/5/4059 5626/5/4936
f 5629/5/4939 5426/5/4058 5424/5/4056
f 5629/5/4939 5424/5/4056 5627/5/4937
f 5630/5/4940 5429/5/4862 5430/5/4863
f 5630/5/4940 5430/5/4863 5628/5/4938
f 5631/5/4941 5384/5/4019 5426/5/4058
f 5631/5/4941 5426/5/4058 5629/5/4939
f 5632/5/4942 5385/5/4836 5429/5/4862
f 5632/5/4942 5429/5/4862 5630/5/4940
f 5633/5/4943 5382/5/4834 5384/5/4019
f 5633/5/4943 5384/5/4019 5631/5/4941
f 5634/5/4944 5385/5/4836 5632/5/4942
f 5605/5/4918 5387/5/4838 5382/5/4834
f 5605/5/4918 5382/5/4834 5633/5/4943
f 5634/5/4944 5388/5/4839 5385/5/4836
f 5608/5/4921 5391/5/4028 5388/5/4839
f 5608/5/4921 5388/5/4839 5634/5/4944
f 5616/5/4202 5617/5/4928 5635/5/4945
f 5616/5/4202 5635/5/4945 5636/5/4946
f 5616/5/4202 5636/5/4946 5637/5/4223
f 5619/5/4930 5616/5/4202 5637/5/4223
f 5619/5/4930 5637/5/4223 5638/5/4224
f 5619/5/4930 5638/5/4224 5639/5/4947
f 5622/5/4933 5619/5/4930 5639/5/4947
f 5622/5/4933 5639/5/4947 5640/5/4948
f 5622/5/4933 5640/5/4948 5641/5/4949
f 5625/5/4211 5622/5/4933 5641/5/4949
f 5625/5/4211 5641/5/4949 5642/5/4950
f 5625/5/4211 5642/5/4950 5643/5/4951
f 5628/5/4938 5625/5/4211 5643/5/4951
f 5628/5/4938 5643/5/4951 5644/5/4952
f 5628/5/4938 5644/5/4952 5645/5/4231
f 5630/5/4940 5628/5/4938 5645/5/4231
f 5630/5/4940 5645/5/4231 5646/5/4953
f 5630/5/4940 5646/5/4953 5647/5/4954
f 5632/5/4942 5630/5/4940 5647/5/4954
f 5632/5/4942 5647/5/4954 5648/5/4955
f 5632/5/4942 5648/5/4955 5649/5/4956
f 5634/5/4944 5632/5/4942 5649/5/4956
f 5634/5/4944 5649/5/4956 5650/5/4957
f 5634/5/4944 5650/5/4957 5651/5/4958
f 5608/5/4921 5634/5/4944 5651/5/4958
f 5608/5/4921 5651/5/4958 5652/5/4238
f 5608/5/4921 5652/5/4238 5653/5/4959
f 5607/5/4920 5608/5/4921 5653/5/4959
f 5607/5/4920 5653/5/4959 5654/5/4960
f 5607/5/4920 5654/5/4960 5655/5/4961
f 5607/5/4920 5655/5/4961 5656/5/4962
f 5610/5/4923 5607/5/4920 5656/5/4962
f 5610/5/4923 5656/5/4962 5657/5/4963
f 5610/5/4923 5657/5/4963 5658/5/4964
f 5612/5/4925 5610/5/4923 5658/5/4964
f 5612/5/4925 5658/5/4964 5659/5/4245
f 5612/5/4925 5659/5/4245 5660/5/4965
f 5614/5/4200 5612/5/4925 5660/5/4965
f 5614/5/4200 5660/5/4965 5661/5/4966
f 5614/5/4200 5661/5/4966 5662/5/4967
f 5618/5/4929 5614/5/4200 5662/5/4967
f 5618/5/4929 5662/5/4967 5663/5/4968
f 5618/5/4929 5663/5/4968 5664/5/4969
f 5621/5/4932 5618/5/4929 5664/5/4969
f 5621/5/4932 5664/5/4969 5665/5/4970
f 5621/5/4932 5665/5/4970 5666/5/4252
f 5624/5/4935 5621/5/4932 5666/5/4252
f 5624/5/4935 5666/5/4252 5667/5/4971
f 5624/5/4935 5667/5/4971 5668/5/4972
f 5627/5/4937 5624/5/4935 5668/5/4972
f 5627/5/4937 5668/5/4972 5669/5/4255
f 5627/5/4937 5669/5/4255 5670/5/4973
f 5629/5/4939 5627/5/4937 5670/5/4973
f 5629/5/4939 5670/5/4973 5671/5/4974
f 5629/5/4939 5671/5/4974 5672/5/4975
f 5631/5/4941 5629/5/4939 5672/5/4975
f 5631/5/4941 5672/5/4975 5673/5/4976
f 5631/5/4941 5673/5/4976 5674/5/4977
f 5633/5/4943 5631/5/4941 5674/5/4977
f 5633/5/4943 5674/5/4977 5675/5/4978
f 5633/5/4943 5675/5/4978 5676/5/4979
f 5605/5/4918 5633/5/4943 5676/5/4979
f 5605/5/4918 5676/5/4979 5677/5/4980
f 5605/5/4918 5677/5/4980 5678/5/4981
f 5605/5/4918 5678/5/4981 5679/5/4982
f 5606/5/4919 5605/5/4918 5679/5/4982
f 5606/5/4919 5679/5/4982 5680/5/4983
f 5606/5/4919 5680/5/4983 5681/5/4984
f 5609/5/4922 5606/5/4919 5681/5/4984
f 5609/5/4922 5681/5/4984 5682/5/4985
f 5609/5/4922 5682/5/4985 5683/5/4986
f 5611/5/4924 5609/5/4922 5683/5/4986
f 5611/5/4924 5683/5/4986 5684/5/4987
f 5611/5/4924 5684/5/4987 5685/5/4988
f 5613/5/4926 5611/5/4924 5685/5/4988
f 5613/5/4926 5685/5/4988 5686/5/4989
f 5613/5/4926 5686/5/4989 5687/5/4990
f 5615/5/4927 5613/5/4926 5687/5/4990
f 5615/5/4927 5687/5/4990 5688/5/4991
f 5615/5/4927 5688/5/4991 5689/5/4275
f 5615/5/4927 5689/5/4275 5690/5/4992
f 5620/5/4931 5615/5/4927 5690/5/4992
f 5620/5/4931 5690/5/4992 5691/5/4993
f 5620/5/4931 5691/5/4993 5692/5/4994
f 5623/5/4934 5620/5/4931 5692/5/4994
f 5623/5/4934 5692/5/4994 5693/5/4995
f 5623/5/4934 5693/5/4995 5694/5/4996
f 5626/5/4936 5623/5/4934 5694/5/4996
f 5626/5/4936 5694/5/4996 5695/5/4997
f 5626/5/4936 5695/5/4997 5696/5/4998
f 5617/5/4928 5626/5/4936 5696/5/4998
f 5617/5/4928 5696/5/4998 5697/5/4999
f 5617/5/4928 5697/5/4999 5698/5/5000
f 5617/5/4928 5698/5/5000 5635/5/4945
f 5699/5/5001 5700/5/5002 5307/5/4763
f 5701/5/5003 5702/5/5004 5304/5/4760
f 5703/5/5005 5699/5/5001 5307/5/4763
f 5703/5/5005 5307/5/4763 5305/5/4761
f 5701/5/5003 5304/5/4760 5308/5/4764
f 5700/5/5002 5701/5/5003 5308/5/4764
f 5704/5/5006 5705/5/5007 5305/5/4761
f 5704/5/5006 5305/5/4761 5304/5/4760
f 5705/5/5007 5703/5/5005 5305/5/4761
f 5702/5/5004 5704/5/5006 5304/5/4760
f 5700/5/5002 5308/5/4764 5307/5/4763
f 5706/5/4294 5707/5/5008 5708/5/5009
f 5709/5/5010 5710/5/5011 5711/5/5012
f 5709/5/5010 5711/5/5012 5712/5/5013
f 5706/5/4294 5713/5/4301 5707/5/5008
f 5714/5/4302 5715/5/4303 5716/5/4304
f 5715/5/4303 5717/5/4305 5716/5/4304
f 5713/5/4301 5718/5/5014 5707/5/5008
f 5710/5/5011 5719/5/4307 5720/5/4308
f 5710/5/5011 5720/5/4308 5711/5/5012
f 5713/5/4301 5721/5/5015 5718/5/5014
f 5715/5/4303 5722/5/4310 5717/5/4305
f 5721/5/5015 5723/5/5016 5718/5/5014
f 5722/5/4310 5724/5/4312 5717/5/4305
f 5719/5/4307 5725/5/4313 5726/5/4314
f 5719/5/4307 5726/5/4314 5720/5/4308
f 5721/5/5015 5727/5/5017 5723/5/5016
f 5722/5/4310 5728/5/5018 5724/5/4312
f 5725/5/4313 5714/5/4302 5726/5/4314
f 5728/5/5018 5729/5/4317 5724/5/4312
f 5727/5/5017 5730/5/5019 5723/5/5016
f 5714/5/4302 5716/5/4304 5726/5/4314
f 5727/5/5017 5731/5/5020 5730/5/5019
f 5728/5/5018 5732/5/5021 5729/5/4317
f 5732/5/5021 5733/5/5022 5729/5/4317
f 5732/5/5021 5734/5/5023 5733/5/5022
f 5731/5/5020 5735/5/5024 5730/5/5019
f 5734/5/5023 5736/5/5025 5733/5/5022
f 5731/5/5020 5737/5/5026 5735/5/5024
f 5737/5/5026 5738/5/5027 5735/5/5024
f 5734/5/5023 5739/5/4328 5736/5/5025
f 5737/5/5026 5740/5/5028 5738/5/5027
f 5739/5/4328 5741/5/5029 5736/5/5025
f 5740/5/5028 5742/5/5030 5712/5/5013
f 5740/5/5028 5712/5/5013 5738/5/5027
f 5739/5/4328 5708/5/5009 5741/5/5029
f 5739/5/4328 5706/5/4294 5708/5/5009
f 5742/5/5030 5709/5/5010 5712/5/5013
f 5743/5/5031 5744/5/5032 5745/5/5033
f 5746/5/5034 5747/5/5035 5748/5/5036
f 5743/5/5031 5749/5/5037 5744/5/5032
f 5746/5/5034 5750/5/5038 5747/5/5035
f 5751/5/4339 5752/5/4340 5753/5/5039
f 5751/5/4339 5753/5/5039 5754/5/5040
f 5750/5/5038 5755/5/5041 5747/5/5035
f 5749/5/5037 5756/5/5042 5744/5/5032
f 5750/5/5038 5757/5/5043 5755/5/5041
f 5752/5/4340 5758/5/4345 5753/5/5039
f 5756/5/5042 5754/5/5040 5744/5/5032
f 5758/5/4345 5759/5/5044 5753/5/5039
f 5757/5/5043 5760/5/5045 5755/5/5041
f 5756/5/5042 5751/5/4339 5754/5/5040
f 5757/5/5043 5761/5/5046 5760/5/5045
f 5758/5/4345 5733/5/5022 5759/5/5044
f 5733/5/5022 5762/5/5047 5759/5/5044
f 5761/5/5046 5735/5/5024 5763/5/5048
f 5761/5/5046 5763/5/5048 5760/5/5045
f 5733/5/5022 5764/5/5049 5762/5/5047
f 5735/5/5024 5765/5/5050 5763/5/5048
f 5765/5/5050 5745/5/5033 5763/5/5048
f 5764/5/5049 5766/5/5051 5762/5/5047
f 5766/5/5051 5748/5/5036 5762/5/5047
f 5765/5/5050 5743/5/5031 5745/5/5033
f 5766/5/5051 5746/5/5034 5748/5/5036
f 5474/5/4104 5473/5/4103 5767/5/4356
f 5474/5/4104 5767/5/4356 5768/5/4360
f 5769/5/5052 5770/5/5053 5771/5/5054
f 5769/5/5052 5771/5/5054 5772/5/5055
f 5773/5/5056 5474/5/4104 5768/5/4360
f 5773/5/5056 5768/5/4360 5774/5/5057
f 5775/5/5058 5769/5/5052 5772/5/5055
f 5776/5/5059 5773/5/5056 5774/5/5057
f 5775/5/5058 5772/5/5055 5777/5/5060
f 5776/5/5059 5774/5/5057 5778/5/5061
f 5779/5/4369 5775/5/5058 5777/5/5060
f 5779/5/4369 5777/5/5060 5780/5/5062
f 5781/5/5063 5776/5/5059 5778/5/5061
f 5782/5/4373 5779/5/4369 5780/5/5062
f 5782/5/4373 5780/5/5062 5783/5/5064
f 5784/5/5065 5781/5/5063 5732/5/5021
f 5785/5/5066 5782/5/4373 5783/5/5064
f 5785/5/5066 5783/5/5064 5786/5/5067
f 5787/5/5068 5784/5/5065 5732/5/5021
f 5788/5/5069 5785/5/5066 5786/5/5067
f 5788/5/5069 5786/5/5067 5789/5/5070
f 5790/5/4382 5788/5/5069 5789/5/5070
f 5790/5/4382 5789/5/5070 5791/5/4383
f 5792/5/4384 5793/5/5071 5725/5/4313
f 5794/5/4386 5790/5/4382 5791/5/4383
f 5794/5/4386 5791/5/4383 5795/5/4387
f 5796/5/4388 5792/5/4384 5725/5/4313
f 5796/5/4388 5725/5/4313 5797/5/4389
f 5798/5/4390 5794/5/4386 5795/5/4387
f 5798/5/4390 5795/5/4387 5799/5/5072
f 5800/5/4392 5796/5/4388 5797/5/4389
f 5801/5/4393 5798/5/4390 5799/5/5072
f 5800/5/4392 5797/5/4389 5802/5/5073
f 5801/5/4393 5799/5/5072 5803/5/4395
f 5804/5/5074 5800/5/4392 5802/5/5073
f 5805/5/4397 5801/5/4393 5803/5/4395
f 5804/5/5074 5802/5/5073 5806/5/5075
f 5805/5/4397 5803/5/4395 5807/5/4399
f 5808/5/5076 5804/5/5074 5806/5/5075
f 5473/5/4103 5805/5/4397 5807/5/4399
f 5473/5/4103 5807/5/4399 5767/5/4356
f 5770/5/5053 5808/5/5076 5806/5/5075
f 5770/5/5053 5806/5/5075 5771/5/5054
f 5771/5/5054 5709/5/5010 5742/5/5030
f 5768/5/4360 5767/5/4356 5706/5/4294
f 5772/5/5055 5771/5/5054 5742/5/5030
f 5768/5/4360 5706/5/4294 5739/5/4328
f 5774/5/5057 5768/5/4360 5739/5/4328
f 5772/5/5055 5742/5/5030 5740/5/5028
f 5777/5/5060 5772/5/5055 5740/5/5028
f 5778/5/5061 5774/5/5057 5739/5/4328
f 5777/5/5060 5740/5/5028 5737/5/5026
f 5778/5/5061 5739/5/4328 5734/5/5023
f 5780/5/5062 5777/5/5060 5737/5/5026
f 5781/5/5063 5778/5/5061 5734/5/5023
f 5783/5/5064 5780/5/5062 5737/5/5026
f 5783/5/5064 5737/5/5026 5731/5/5020
f 5732/5/5021 5781/5/5063 5734/5/5023
f 5786/5/5067 5783/5/5064 5731/5/5020
f 5787/5/5068 5732/5/5021 5728/5/5018
f 5789/5/5070 5786/5/5067 5731/5/5020
f 5789/5/5070 5731/5/5020 5727/5/5017
f 5809/5/5077 5787/5/5068 5728/5/5018
f 5793/5/5071 5810/5/4401 5714/5/4302
f 5791/5/4383 5789/5/5070 5727/5/5017
f 5811/5/4402 5809/5/5077 5728/5/5018
f 5725/5/4313 5793/5/5071 5714/5/4302
f 5811/5/4402 5728/5/5018 5722/5/4310
f 5795/5/4387 5791/5/4383 5727/5/5017
f 5795/5/4387 5727/5/5017 5721/5/5015
f 5812/5/4403 5811/5/4402 5722/5/4310
f 5797/5/4389 5725/5/4313 5719/5/4307
f 5799/5/5072 5795/5/4387 5721/5/5015
f 5813/5/4404 5812/5/4403 5722/5/4310
f 5813/5/4404 5722/5/4310 5715/5/4303
f 5799/5/5072 5721/5/5015 5713/5/4301
f 5802/5/5073 5797/5/4389 5719/5/4307
f 5802/5/5073 5719/5/4307 5710/5/5011
f 5814/5/4405 5813/5/4404 5715/5/4303
f 5803/5/4395 5799/5/5072 5713/5/4301
f 5806/5/5075 5802/5/5073 5710/5/5011
f 5810/5/4401 5814/5/4405 5715/5/4303
f 5810/5/4401 5715/5/4303 5714/5/4302
f 5807/5/4399 5803/5/4395 5713/5/4301
f 5807/5/4399 5713/5/4301 5706/5/4294
f 5806/5/5075 5710/5/5011 5709/5/5010
f 5767/5/4356 5807/5/4399 5706/5/4294
f 5771/5/5054 5806/5/5075 5709/5/5010
f 5815/5/4406 5816/5/4407 5808/5/5076
f 5815/5/4406 5808/5/5076 5770/5/5053
f 5472/5/4102 5817/5/4408 5473/5/4103
f 5816/5/4407 5818/5/4409 5808/5/5076
f 5817/5/4408 5819/5/4410 5805/5/4397
f 5817/5/4408 5805/5/4397 5473/5/4103
f 5820/5/4411 5821/5/4412 5810/5/4401
f 5818/5/4409 5822/5/4413 5804/5/5074
f 5818/5/4409 5804/5/5074 5808/5/5076
f 5819/5/4410 5823/5/4414 5805/5/4397
f 5821/5/4412 5824/5/4415 5814/5/4405
f 5821/5/4412 5814/5/4405 5810/5/4401
f 5822/5/4413 5825/5/4416 5804/5/5074
f 5823/5/4414 5826/5/4417 5801/5/4393
f 5823/5/4414 5801/5/4393 5805/5/4397
f 5824/5/4415 5827/5/4418 5814/5/4405
f 5825/5/4416 5828/5/5078 5800/5/4392
f 5825/5/4416 5800/5/4392 5804/5/5074
f 5826/5/4417 5829/5/4420 5801/5/4393
f 5827/5/4418 5830/5/5079 5813/5/4404
f 5827/5/4418 5813/5/4404 5814/5/4405
f 5828/5/5078 5831/5/4422 5800/5/4392
f 5829/5/4420 5832/5/4423 5798/5/4390
f 5829/5/4420 5798/5/4390 5801/5/4393
f 5830/5/5079 5833/5/4424 5813/5/4404
f 5831/5/4422 5834/5/4425 5796/5/4388
f 5831/5/4422 5796/5/4388 5800/5/4392
f 5832/5/4423 5835/5/4426 5798/5/4390
f 5833/5/4424 5836/5/4427 5812/5/4403
f 5833/5/4424 5812/5/4403 5813/5/4404
f 5834/5/4425 5837/5/5080 5796/5/4388
f 5835/5/4426 5838/5/5081 5794/5/4386
f 5835/5/4426 5794/5/4386 5798/5/4390
f 5836/5/4427 5839/5/5082 5812/5/4403
f 5837/5/5080 5840/5/4431 5792/5/4384
f 5837/5/5080 5792/5/4384 5796/5/4388
f 5838/5/5081 5841/5/4432 5794/5/4386
f 5839/5/5082 5842/5/4433 5811/5/4402
f 5839/5/5082 5811/5/4402 5812/5/4403
f 5840/5/4431 5843/5/5083 5792/5/4384
f 5841/5/4432 5844/5/4435 5790/5/4382
f 5841/5/4432 5790/5/4382 5794/5/4386
f 5842/5/4433 5845/5/4436 5811/5/4402
f 5843/5/5083 5846/5/4437 5793/5/5071
f 5843/5/5083 5793/5/5071 5792/5/4384
f 5844/5/4435 5847/5/4438 5790/5/4382
f 5845/5/4436 5848/5/4439 5809/5/5077
f 5845/5/4436 5809/5/5077 5811/5/4402
f 5849/5/4440 5820/5/4411 5810/5/4401
f 5849/5/4440 5810/5/4401 5793/5/5071
f 5847/5/4438 5850/5/4441 5788/5/5069
f 5847/5/4438 5788/5/5069 5790/5/4382
f 5846/5/4437 5849/5/4440 5793/5/5071
f 5848/5/4439 5851/5/5084 5809/5/5077
f 5850/5/4441 5852/5/5085 5788/5/5069
f 5851/5/5084 5853/5/5086 5787/5/5068
f 5851/5/5084 5787/5/5068 5809/5/5077
f 5852/5/5085 5854/5/4445 5785/5/5066
f 5852/5/5085 5785/5/5066 5788/5/5069
f 5853/5/5086 5855/5/5087 5787/5/5068
f 5854/5/4445 5856/5/4447 5785/5/5066
f 5855/5/5087 5857/5/5088 5784/5/5065
f 5855/5/5087 5784/5/5065 5787/5/5068
f 5856/5/4447 5858/5/4449 5782/5/4373
f 5856/5/4447 5782/5/4373 5785/5/5066
f 5857/5/5088 5859/5/5089 5784/5/5065
f 5858/5/4449 5860/5/4451 5782/5/4373
f 5859/5/5089 5861/5/5090 5781/5/5063
f 5859/5/5089 5781/5/5063 5784/5/5065
f 5860/5/4451 5862/5/4453 5782/5/4373
f 5861/5/5090 5863/5/5091 5781/5/5063
f 5862/5/4453 5864/5/5092 5779/5/4369
f 5862/5/4453 5779/5/4369 5782/5/4373
f 5863/5/5091 5865/5/5093 5776/5/5059
f 5863/5/5091 5776/5/5059 5781/5/5063
f 5864/5/5092 5866/5/5094 5779/5/4369
f 5865/5/5093 5867/5/5095 5776/5/5059
f 5866/5/5094 5868/5/5096 5775/5/5058
f 5866/5/5094 5775/5/5058 5779/5/4369
f 5867/5/5095 5869/5/5097 5776/5/5059
f 5868/5/5096 5870/5/4461 5775/5/5058
f 5869/5/5097 5871/5/4462 5773/5/5056
f 5869/5/5097 5773/5/5056 5776/5/5059
f 5870/5/4461 5872/5/5098 5769/5/5052
f 5870/5/4461 5769/5/5052 5775/5/5058
f 5871/5/4462 5873/5/4464 5773/5/5056
f 5872/5/5098 5874/5/4465 5769/5/5052
f 5873/5/4464 5875/5/5099 5474/5/4104
f 5873/5/4464 5474/5/4104 5773/5/5056
f 5876/5/5100 5815/5/4406 5770/5/5053
f 5874/5/4465 5876/5/5100 5770/5/5053
f 5874/5/4465 5770/5/5053 5769/5/5052
f 5875/5/5099 5471/5/4101 5474/5/4104
f 5708/5/5009 5746/5/5034 5766/5/5051
f 5712/5/5013 5743/5/5031 5765/5/5050
f 5741/5/5029 5708/5/5009 5766/5/5051
f 5738/5/5027 5712/5/5013 5765/5/5050
f 5736/5/5025 5741/5/5029 5766/5/5051
f 5736/5/5025 5766/5/5051 5764/5/5049
f 5735/5/5024 5738/5/5027 5765/5/5050
f 5733/5/5022 5736/5/5025 5764/5/5049
f 5730/5/5019 5735/5/5024 5761/5/5046
f 5729/5/4317 5733/5/5022 5758/5/4345
f 5726/5/4314 5716/5/4304 5751/5/4339
f 5723/5/5016 5730/5/5019 5761/5/5046
f 5723/5/5016 5761/5/5046 5757/5/5043
f 5726/5/4314 5751/5/4339 5756/5/5042
f 5724/5/4312 5729/5/4317 5758/5/4345
f 5720/5/4308 5726/5/4314 5756/5/5042
f 5717/5/4305 5724/5/4312 5758/5/4345
f 5717/5/4305 5758/5/4345 5752/5/4340
f 5718/5/5014 5723/5/5016 5757/5/5043
f 5718/5/5014 5757/5/5043 5750/5/5038
f 5720/5/4308 5756/5/5042 5749/5/5037
f 5711/5/5012 5720/5/4308 5749/5/5037
f 5707/5/5008 5718/5/5014 5750/5/5038
f 5716/5/4304 5717/5/4305 5752/5/4340
f 5716/5/4304 5752/5/4340 5751/5/4339
f 5707/5/5008 5750/5/5038 5746/5/5034
f 5711/5/5012 5749/5/5037 5743/5/5031
f 5712/5/5013 5711/5/5012 5743/5/5031
f 5708/5/5009 5707/5/5008 5746/5/5034
f 5745/5/5033 5744/5/5032 5702/5/5004
f 5748/5/5036 5747/5/5035 5700/5/5002
f 5744/5/5032 5704/5/5006 5702/5/5004
f 5754/5/5040 5753/5/5039 5703/5/5005
f 5754/5/5040 5703/5/5005 5705/5/5007
f 5747/5/5035 5755/5/5041 5700/5/5002
f 5744/5/5032 5754/5/5040 5705/5/5007
f 5744/5/5032 5705/5/5007 5704/5/5006
f 5755/5/5041 5701/5/5003 5700/5/5002
f 5753/5/5039 5759/5/5044 5703/5/5005
f 5755/5/5041 5760/5/5045 5701/5/5003
f 5759/5/5044 5762/5/5047 5699/5/5001
f 5759/5/5044 5699/5/5001 5703/5/5005
f 5760/5/5045 5763/5/5048 5701/5/5003
f 5763/5/5048 5702/5/5004 5701/5/5003
f 5763/5/5048 5745/5/5033 5702/5/5004
f 5762/5/5047 5748/5/5036 5699/5/5001
f 5748/5/5036 5700/5/5002 5699/5/5001
f 5877/5/5101 5878/5/5102 5879/5/5103
f 5880/5/5104 5881/5/5105 5882/5/5106
f 5883/5/5107 5884/5/5108 5885/5/5109
f 5883/5/5107 5885/5/5109 5886/5/5110
f 5884/5/5108 5887/5/5111 5888/5/5112
f 5884/5/5108 5888/5/5112 5885/5/5109
f 5602/5/4915 5889/5/5113 5890/5/4482
f 5602/5/4915 5890/5/4482 5603/5/4916
f 5887/5/5111 5891/5/5114 5892/5/5115
f 5887/5/5111 5892/5/5115 5888/5/5112
f 5889/5/5113 5893/5/5116 5894/5/4486
f 5889/5/5113 5894/5/4486 5890/5/4482
f 5891/5/5114 5895/5/5117 5896/5/4488
f 5891/5/5114 5896/5/4488 5892/5/5115
f 5893/5/5116 5897/5/5118 5898/5/5119
f 5893/5/5116 5898/5/5119 5894/5/4486
f 5895/5/5117 5899/5/4491 5900/5/4492
f 5895/5/5117 5900/5/4492 5896/5/4488
f 5897/5/5118 5901/5/5120 5898/5/5119
f 5897/5/5118 5902/5/5121 5901/5/5120
f 5899/5/4491 5903/5/5122 5904/5/5123
f 5899/5/4491 5904/5/5123 5900/5/4492
f 5902/5/5121 5905/5/5124 5901/5/5120
f 5902/5/5121 5906/5/5125 5907/5/5126
f 5902/5/5121 5907/5/5126 5905/5/5124
f 5903/5/5122 5908/5/5127 5879/5/5103
f 5903/5/5122 5879/5/5103 5904/5/5123
f 5908/5/5127 5877/5/5101 5879/5/5103
f 5906/5/5125 5909/5/5128 5910/5/5129
f 5906/5/5125 5910/5/5129 5907/5/5126
f 5911/5/5130 5912/5/5131 5913/5/5132
f 5911/5/5130 5913/5/5132 5914/5/4507
f 5881/5/5105 5601/5/4914 5915/5/5133
f 5909/5/5128 5916/5/5134 5917/5/5135
f 5909/5/5128 5917/5/5135 5910/5/5129
f 5916/5/5134 5918/5/5136 5919/5/5137
f 5916/5/5134 5919/5/5137 5917/5/5135
f 5920/5/5138 5921/5/5139 5922/5/5140
f 5920/5/5138 5922/5/5140 5923/5/5141
f 5924/5/5142 5925/5/5143 5926/5/5144
f 5924/5/5142 5926/5/5144 5927/5/5145
f 5918/5/5136 5928/5/5146 5929/5/5147
f 5918/5/5136 5929/5/5147 5919/5/5137
f 5921/5/5139 5930/5/5148 5931/5/5149
f 5921/5/5139 5931/5/5149 5922/5/5140
f 5925/5/5143 5932/5/5150 5933/5/5151
f 5925/5/5143 5933/5/5151 5926/5/5144
f 5928/5/5146 5934/5/5152 5935/5/5153
f 5928/5/5146 5935/5/5153 5929/5/5147
f 5934/5/5152 5936/5/5154 5935/5/5153
f 5930/5/5148 5937/5/5155 5938/5/5156
f 5930/5/5148 5938/5/5156 5931/5/5149
f 5932/5/5150 5939/5/5157 5940/5/5158
f 5932/5/5150 5940/5/5158 5933/5/5151
f 5936/5/5154 5941/5/5159 5935/5/5153
f 5936/5/5154 5942/5/5160 5943/5/5161
f 5936/5/5154 5943/5/5161 5941/5/5159
f 5937/5/5155 5944/5/5162 5945/5/5163
f 5937/5/5155 5945/5/5163 5938/5/5156
f 5939/5/5157 5880/5/5104 5946/5/5164
f 5939/5/5157 5946/5/5164 5940/5/5158
f 5601/5/4914 5604/5/4917 5915/5/5133
f 5880/5/5104 5882/5/5106 5946/5/5164
f 5944/5/5162 5947/5/5165 5948/5/5166
f 5944/5/5162 5948/5/5166 5945/5/5163
f 5881/5/5105 5915/5/5133 5882/5/5106
f 5877/5/5101 5924/5/5142 5927/5/5145
f 5877/5/5101 5927/5/5145 5878/5/5102
f 5947/5/5165 5883/5/5107 5886/5/5110
f 5947/5/5165 5886/5/5110 5948/5/5166
f 5949/5/5167 5950/5/4542 5951/5/4542
f 5949/5/5167 5951/5/4542 5952/5/5167
f 5953/5/5168 5954/5/4544 5955/5/4544
f 5956/5/4545 5957/5/4546 5958/5/5169
f 5959/5/4548 5960/5/4550 5961/5/5170
f 5959/5/4548 5961/5/5170 5962/5/4551
f 5592/5/4182 5963/5/4552 5964/5/4552
f 5592/5/4182 5964/5/4552 5593/5/4182
f 5965/5/4554 5966/5/4554 5597/5/4185
f 5965/5/4554 5597/5/4185 5596/5/4185
f 5599/5/4913 5967/5/4564 5600/5/4662
f 5968/5/5171 5969/5/5172 5970/5/4557
f 5950/5/4542 5971/5/4558 5972/5/4559
f 5950/5/4542 5972/5/4559 5951/5/4542
f 5973/5/5173 5907/5/5126 5910/5/5129
f 5973/5/5173 5910/5/5129 5974/5/5174
f 5975/5/4562 5976/5/4562 5966/5/4554
f 5975/5/4562 5966/5/4554 5965/5/4554
f 5977/5/4563 5969/5/5172 5968/5/5171
f 5978/5/4566 5979/5/5175 5980/5/5176
f 5978/5/4566 5980/5/5176 5981/5/4569
f 5982/5/5177 5983/5/5178 5976/5/4562
f 5982/5/5177 5976/5/4562 5975/5/4562
f 5984/5/5179 5985/5/4571 5977/5/4563
f 5963/5/4552 5949/5/5167 5952/5/5167
f 5963/5/4552 5952/5/5167 5964/5/4552
f 5986/5/5180 5987/5/5181 5980/5/5176
f 5986/5/5180 5980/5/5176 5979/5/5175
f 5954/5/4544 5494/5/4877 5495/5/4116
f 5954/5/4544 5495/5/4116 5955/5/4544
f 5984/5/5179 5988/5/4575 5985/5/4571
f 5989/5/4576 5983/5/5178 5982/5/5177
f 5990/5/5182 5991/5/4578 5987/5/5181
f 5990/5/5182 5987/5/5181 5986/5/5180
f 5971/5/4558 5978/5/4566 5981/5/4569
f 5971/5/4558 5981/5/4569 5972/5/4559
f 5988/5/4575 5992/5/4579 5993/5/5183
f 5994/5/4580 5995/5/4581 5991/5/4578
f 5994/5/4580 5991/5/4578 5990/5/5182
f 5992/5/4579 5996/5/4583 5997/5/5184
f 5992/5/4579 5997/5/5184 5993/5/5183
f 5998/5/4584 5999/5/4584 5995/5/4581
f 5998/5/4584 5995/5/4581 5994/5/4580
f 5996/5/4583 6000/5/4586 6001/5/4587
f 5996/5/4583 6001/5/4587 5997/5/5184
f 6002/5/5185 6003/5/5185 5999/5/4584
f 6002/5/5185 5999/5/4584 5998/5/4584
f 6000/5/4586 6004/5/5186 6005/5/4590
f 6000/5/4586 6005/5/4590 6001/5/4587
f 6006/5/4591 6007/5/4591 6003/5/5185
f 6006/5/4591 6003/5/5185 6002/5/5185
f 6004/5/5186 6008/5/4592 6009/5/4593
f 6004/5/5186 6009/5/4593 6005/5/4590
f 6010/5/4594 6011/5/4594 6007/5/4591
f 6010/5/4594 6007/5/4591 6006/5/4591
f 6008/5/4592 5959/5/4548 5962/5/4551
f 6008/5/4592 5962/5/4551 6009/5/4593
f 5958/5/5169 5957/5/4546 6011/5/4594
f 5958/5/5169 6011/5/4594 6010/5/4594
f 5960/5/4550 5540/5/4893 5541/5/4894
f 5960/5/4550 5541/5/4894 5961/5/5170
f 5537/5/4892 5536/5/4143 5956/5/4545
f 6012/5/4595 5907/5/5126 5973/5/5173
f 6013/5/5187 5915/5/5133 5604/5/4917
f 6013/5/5187 5604/5/4917 6014/5/5188
f 6015/5/5189 5886/5/5110 5885/5/5109
f 6015/5/5189 5885/5/5109 6016/5/5190
f 6014/5/5188 5604/5/4917 5603/5/4916
f 6014/5/5188 5603/5/4916 6017/5/5191
f 6016/5/5190 5885/5/5109 6018/5/5192
f 6017/5/5191 5603/5/4916 6019/5/4602
f 6018/5/5192 5885/5/5109 5888/5/5112
f 6018/5/5192 5888/5/5112 6020/5/4603
f 6019/5/4602 5603/5/4916 5890/5/4482
f 6019/5/4602 5890/5/4482 6021/5/4604
f 6020/5/4603 5888/5/5112 5892/5/5115
f 6020/5/4603 5892/5/5115 6022/5/5193
f 6021/5/4604 5890/5/4482 5894/5/4486
f 6021/5/4604 5894/5/4486 6023/5/5194
f 6022/5/5193 5892/5/5115 6024/5/5195
f 6023/5/5194 5894/5/4486 6025/5/4608
f 6024/5/5195 5892/5/5115 5896/5/4488
f 6024/5/5195 5896/5/4488 6026/5/5196
f 6025/5/4608 5894/5/4486 5898/5/5119
f 6025/5/4608 5898/5/5119 6027/5/5197
f 6026/5/5196 5896/5/4488 5900/5/4492
f 6026/5/5196 5900/5/4492 6028/5/5198
f 6027/5/5197 5898/5/5119 5901/5/5120
f 6027/5/5197 5901/5/5120 6029/5/5199
f 6028/5/5198 5900/5/4492 6030/5/5200
f 6029/5/5199 5901/5/5120 6031/5/4614
f 6030/5/5200 5900/5/4492 5904/5/5123
f 6030/5/5200 5904/5/5123 6032/5/4615
f 6031/5/4614 5901/5/5120 5905/5/5124
f 6031/5/4614 5905/5/5124 6033/5/4616
f 6032/5/4615 5904/5/5123 6034/5/5201
f 6033/5/4616 5905/5/5124 5907/5/5126
f 6033/5/4616 5907/5/5126 6012/5/4595
f 6034/5/5201 5904/5/5123 5879/5/5103
f 6034/5/5201 5879/5/5103 6035/5/5202
f 6036/5/4619 5914/5/4507 5913/5/5132
f 6036/5/4619 5913/5/5132 6037/5/5203
f 6035/5/5202 5879/5/5103 6038/5/5204
f 6037/5/5203 5913/5/5132 5923/5/5141
f 6037/5/5203 5923/5/5141 6039/5/5205
f 6038/5/5204 5879/5/5103 5878/5/5102
f 6038/5/5204 5878/5/5102 6040/5/5206
f 6039/5/5205 5923/5/5141 6041/5/5207
f 6040/5/5206 5878/5/5102 5927/5/5145
f 6040/5/5206 5927/5/5145 6042/5/5208
f 6041/5/5207 5923/5/5141 5922/5/5140
f 6041/5/5207 5922/5/5140 6043/5/5209
f 6042/5/5208 5927/5/5145 6044/5/5210
f 6045/5/5211 6046/5/5212 6047/5/5213
f 6043/5/5209 5922/5/5140 6048/5/5214
f 6044/5/5210 5927/5/5145 5926/5/5144
f 6044/5/5210 5926/5/5144 6049/5/5215
f 6047/5/5213 6046/5/5212 5917/5/5135
f 6047/5/5213 5917/5/5135 6050/5/5216
f 6048/5/5214 5922/5/5140 5931/5/5149
f 6048/5/5214 5931/5/5149 6051/5/5217
f 6049/5/5215 5926/5/5144 6052/5/5218
f 6050/5/5216 5917/5/5135 5919/5/5137
f 6050/5/5216 5919/5/5137 6053/5/5219
f 6051/5/5217 5931/5/5149 6054/5/5220
f 6052/5/5218 5926/5/5144 5933/5/5151
f 6052/5/5218 5933/5/5151 6055/5/5221
f 6053/5/5219 5919/5/5137 6056/5/5222
f 6054/5/5220 5931/5/5149 5938/5/5156
f 6054/5/5220 5938/5/5156 6057/5/5223
f 6055/5/5221 5933/5/5151 6058/5/5224
f 6055/5/5221 6058/5/5224 6059/5/5225
f 6056/5/5222 5919/5/5137 5929/5/5147
f 6056/5/5222 5929/5/5147 6060/5/5226
f 6057/5/5223 5938/5/5156 6061/5/5227
f 6059/5/5225 6058/5/5224 6062/5/5228
f 6060/5/5226 5929/5/5147 6063/5/5229
f 6060/5/5226 6063/5/5229 6064/5/5230
f 6061/5/5227 5938/5/5156 5945/5/5163
f 6061/5/5227 5945/5/5163 6065/5/5231
f 6062/5/5228 6058/5/5224 5940/5/5158
f 6062/5/5228 5940/5/5158 6066/5/5232
f 6064/5/5230 6063/5/5229 6067/5/5233
f 6065/5/5231 5945/5/5163 6068/5/4649
f 6066/5/5232 5940/5/5158 5946/5/5164
f 6066/5/5232 5946/5/5164 6069/5/5234
f 6067/5/5233 6063/5/5229 5935/5/5153
f 6067/5/5233 5935/5/5153 6070/5/5235
f 6070/5/5235 5935/5/5153 5941/5/5159
f 6070/5/5235 5941/5/5159 6071/5/5236
f 6069/5/5234 5946/5/5164 5882/5/5106
f 6069/5/5234 5882/5/5106 6072/5/5237
f 6071/5/5236 5941/5/5159 5943/5/5161
f 6071/5/5236 5943/5/5161 6073/5/4654
f 6072/5/5237 5882/5/5106 6074/5/5238
f 6068/5/4649 5945/5/5163 5948/5/5166
f 6068/5/4649 5948/5/5166 6075/5/4656
f 5974/5/5174 5910/5/5129 6046/5/5212
f 5974/5/5174 6046/5/5212 6045/5/5211
f 6074/5/5238 5882/5/5106 5915/5/5133
f 6074/5/5238 5915/5/5133 6076/5/5239
f 6075/5/4656 5948/5/5166 6077/5/5240
f 6076/5/5239 5915/5/5133 6013/5/5187
f 5595/5/4184 5594/5/4184 5532/5/4659
f 5595/5/4184 5532/5/4659 5531/5/4659
f 5910/5/5129 5917/5/5135 6046/5/5212
f 5933/5/5151 5940/5/5158 6058/5/5224
f 5929/5/5147 5935/5/5153 6063/5/5229
f 6077/5/5240 5948/5/5166 5886/5/5110
f 6077/5/5240 5886/5/5110 6015/5/5189
f 6078/5/4555 6079/5/4565 6080/5/5241
f 6078/5/4555 6080/5/5241 6081/5/5242
f 6079/5/4565 5967/5/4564 6082/5/5243
f 6079/5/4565 6082/5/5243 6080/5/5241
f 5967/5/4564 5599/5/4913 6082/5/5243
f 5599/5/4913 5598/5/4912 6083/5/5244
f 5598/5/4912 5458/5/4868 6083/5/5244
f 5457/5/4090 5470/5/4100 6084/5/5245
f 5470/5/4100 5505/5/4114 6085/5/5246
f 5470/5/4100 6085/5/5246 6084/5/5245
f 5505/5/4114 5504/5/4882 6085/5/5246
f 5523/5/4133 5533/5/4140 6086/5/5247
f 5533/5/4140 5540/5/4893 6086/5/5247
f 5992/5/4579 5988/5/4575 6087/5/5248
f 5988/5/4575 5984/5/5179 6087/5/5248
f 5984/5/5179 5977/5/4563 6088/5/5249
f 5977/5/4563 5968/5/5171 6088/5/5249
f 5968/5/5171 5970/5/4557 6089/5/5250
f 5970/5/4557 5989/5/4576 6090/5/5251
f 5970/5/4557 6090/5/5251 6089/5/5250
f 5989/5/4576 5982/5/5177 6090/5/5251
f 5596/5/4185 5443/5/4075 6091/5/5252
f 5443/5/4075 5445/5/4865 6091/5/5252
f 5445/5/4865 5454/5/4867 6092/5/5253
f 5454/5/4867 5467/5/4871 6092/5/5253
f 5563/5/4900 6093/5/5254 5565/5/4160
f 5516/5/4886 5528/5/4138 6094/5/5255
f 6093/5/5254 5566/5/4162 5565/5/4160
f 5528/5/4138 5537/5/4892 6094/5/5255
f 5537/5/4892 5956/5/4545 6095/5/5256
f 5956/5/4545 5958/5/5169 6095/5/5256
f 5462/5/4093 5477/5/4107 6096/5/5257
f 5477/5/4107 5494/5/4877 6096/5/5257
f 5954/5/4544 5953/5/5168 6097/5/5258
f 5953/5/5168 6078/5/4555 6081/5/5242
f 5953/5/5168 6081/5/5242 6097/5/5258
f 5525/5/4890 5519/5/4888 6098/5/5259
f 5529/5/4139 5525/5/4890 6098/5/5259
f 6099/5/5260 6100/5/5261 6101/5/5262
f 6099/5/5260 6101/5/5262 6102/5/5263
f 6103/5/4677 6099/5/5260 6102/5/5263
f 6103/5/4677 6102/5/5263 6104/5/5264
f 5556/5/4899 6103/5/4677 6104/5/5264
f 5556/5/4899 6104/5/5264 6105/5/5265
f 5555/5/4898 5556/5/4899 6105/5/5265
f 5433/5/4068 5547/5/4896 6106/5/4697
f 5431/5/4066 5433/5/4068 6106/5/4697
f 5942/5/5160 5936/5/5154 6107/5/5266
f 5936/5/5154 6108/5/5267 6107/5/5266
f 5936/5/5154 5934/5/5152 6108/5/5267
f 5934/5/5152 5928/5/5146 6109/5/5268
f 5928/5/5146 6110/5/5269 6109/5/5268
f 5598/5/4912 6111/5/5270 5458/5/4868
f 5928/5/5146 5918/5/5136 6112/5/5271
f 5928/5/5146 6112/5/5271 6110/5/5269
f 6111/5/5270 5459/5/4869 5458/5/4868
f 5918/5/5136 6113/5/5272 6112/5/5271
f 5918/5/5136 5916/5/5134 6114/5/5273
f 5918/5/5136 6114/5/5273 6113/5/5272
f 5916/5/5134 6115/5/5274 6114/5/5273
f 5916/5/5134 5909/5/5128 6116/5/5275
f 5916/5/5134 6116/5/5275 6115/5/5274
f 5909/5/5128 6117/5/5276 6116/5/5275
f 5909/5/5128 5906/5/5125 6118/5/5277
f 5909/5/5128 6118/5/5277 6117/5/5276
f 5906/5/5125 6119/5/5278 6118/5/5277
f 5906/5/5125 5902/5/5121 6120/5/5279
f 5906/5/5125 6120/5/5279 6119/5/5278
f 5902/5/5121 6121/5/5280 6120/5/5279
f 5902/5/5121 5897/5/5118 6122/5/5281
f 5902/5/5121 6122/5/5281 6121/5/5280
f 5897/5/5118 6123/5/5282 6122/5/5281
f 5897/5/5118 5893/5/5116 6124/5/5283
f 5897/5/5118 6124/5/5283 6123/5/5282
f 5893/5/5116 6125/5/5284 6124/5/5283
f 5893/5/5116 5889/5/5113 6125/5/5284
f 5889/5/5113 5602/5/4915 6126/5/5285
f 5602/5/4915 6127/5/5286 6126/5/5285
f 5602/5/4915 5601/5/4914 6128/5/5287
f 5602/5/4915 6128/5/5287 6127/5/5286
f 5601/5/4914 6129/5/5288 6128/5/5287
f 5601/5/4914 5881/5/5105 6130/5/5289
f 5601/5/4914 6130/5/5289 6129/5/5288
f 5881/5/5105 6131/5/5290 6130/5/5289
f 5881/5/5105 5880/5/5104 6132/5/5291
f 5881/5/5105 6132/5/5291 6131/5/5290
f 5880/5/5104 6133/5/5292 6132/5/5291
f 5880/5/5104 5939/5/5157 6134/5/4725
f 5880/5/5104 6134/5/4725 6133/5/5292
f 5939/5/5157 6135/5/4726 6134/5/4725
f 5939/5/5157 5932/5/5150 6136/5/4727
f 5939/5/5157 6136/5/4727 6135/5/4726
f 5932/5/5150 6137/5/4728 6136/5/4727
f 5932/5/5150 5925/5/5143 6138/5/4729
f 5932/5/5150 6138/5/4729 6137/5/4728
f 5925/5/5143 6139/5/5293 6138/5/4729
f 5925/5/5143 5924/5/5142 6140/5/5294
f 5925/5/5143 6140/5/5294 6139/5/5293
f 5924/5/5142 6141/5/4732 6140/5/5294
f 5924/5/5142 5877/5/5101 6142/5/5295
f 5924/5/5142 6142/5/5295 6141/5/4732
f 5877/5/5101 6143/5/5296 6142/5/5295
f 5877/5/5101 5908/5/5127 6143/5/5296
f 5908/5/5127 5903/5/5122 6144/5/5297
f 5903/5/5122 6145/5/5298 6144/5/5297
f 5903/5/5122 5899/5/4491 6146/5/5299
f 5903/5/5122 6146/5/5299 6145/5/5298
f 5899/5/4491 6147/5/5300 6146/5/5299
f 5899/5/4491 5895/5/5117 6147/5/5300
f 5895/5/5117 5891/5/5114 6148/5/5301
f 5891/5/5114 6149/5/5302 6148/5/5301
f 5891/5/5114 5887/5/5111 6149/5/5302
f 5887/5/5111 5884/5/5108 6150/5/5303
f 5884/5/5108 6151/5/5304 6150/5/5303
f 5884/5/5108 5883/5/5107 6151/5/5304
f 5883/5/5107 5947/5/5165 6152/5/5305
f 5947/5/5165 6153/5/5306 6152/5/5305
f 5947/5/5165 5944/5/5162 6154/5/5307
f 5947/5/5165 6154/5/5307 6153/5/5306
f 5944/5/5162 6155/5/5308 6154/5/5307
f 5944/5/5162 5937/5/5155 6156/5/5309
f 5944/5/5162 6156/5/5309 6155/5/5308
f 5937/5/5155 6157/5/5310 6156/5/5309
f 5436/5/4864 6158/5/5311 5434/5/4069
f 5937/5/5155 5930/5/5148 6159/5/5312
f 5937/5/5155 6159/5/5312 6157/5/5310
f 6158/5/5311 5440/5/4072 5434/5/4069
f 5930/5/5148 6160/5/5313 6159/5/5312
f 5930/5/5148 5921/5/5139 6161/5/4751
f 5930/5/5148 6161/5/4751 6160/5/5313
f 5921/5/5139 6162/5/5314 6161/5/4751
f 5921/5/5139 5920/5/5138 6163/5/5315
f 5921/5/5139 6163/5/5315 6162/5/5314
f 5920/5/5138 6164/5/5316 6163/5/5315
f 5920/5/5138 5912/5/5131 6164/5/5316
f 5912/5/5131 5920/5/5138 5923/5/5141
f 5912/5/5131 5923/5/5141 5913/5/5132
f 6165/5/5317 6166/5/5318 6167/5/5319
f 6167/5/5319 6166/5/5318 6168/5/5320
f 6169/5/5321 6166/5/5318 6170/5/5322
f 6168/5/5320 6166/5/5318 6169/5/5321
f 6170/5/5322 6166/5/5318 6165/5/5317
f 6171/5/5323 6172/5/5324 6173/5/5325
f 6174/5/5326 6175/5/5327 6173/5/5325
f 6175/5/5327 6171/5/5323 6173/5/5325
f 6172/5/5324 6174/5/5326 6173/5/5325
f 6176/5/5328 6165/5/5317 6177/5/5329
f 6178/5/5330 6168/5/5320 6169/5/5321
f 6179/5/5331 6165/5/5317 6176/5/5328
f 6180/5/5332 6168/5/5320 6178/5/5330
f 6179/5/5331 6170/5/5322 6165/5/5317
f 6181/5/5333 6168/5/5320 6180/5/5332
f 6182/5/5334 6170/5/5322 6179/5/5331
f 6183/5/5335 6165/5/5317 6167/5/5319
f 6177/5/5329 6165/5/5317 6183/5/5335
f 6183/5/5335 6168/5/5320 6181/5/5333
f 6183/5/5335 6167/5/5319 6168/5/5320
f 6182/5/5334 6169/5/5321 6170/5/5322
f 6178/5/5330 6169/5/5321 6182/5/5334
f 6184/5/5336 6185/5/5337 6186/5/5338
f 6187/5/5339 6188/5/5340 6189/5/5341
f 6187/5/5339 6189/5/5341 6190/5/5342
f 6191/5/5343 6192/5/5344 6193/5/5345
f 6193/5/5345 6192/5/5344 6194/5/5346
f 6186/5/5338 6185/5/5337 6195/5/5347
f 6186/5/5338 6195/5/5347 6196/5/5348
f 6190/5/5342 6189/5/5341 6197/5/5349
f 6190/5/5342 6197/5/5349 6198/5/5350
f 6193/5/5345 6194/5/5346 6199/5/5351
f 6199/5/5351 6194/5/5346 6200/5/5352
f 6196/5/5348 6195/5/5347 6201/5/5353
f 6196/5/5348 6201/5/5353 6202/5/5354
f 6198/5/5350 6197/5/5349 6203/5/5355
f 6198/5/5350 6203/5/5355 6204/5/5356
f 6199/5/5351 6200/5/5352 6205/5/5357
f 6202/5/5354 6201/5/5353 6191/5/5343
f 6205/5/5357 6200/5/5352 6206/5/5358
f 6191/5/5343 6201/5/5353 6192/5/5344
f 6204/5/5356 6203/5/5355 6207/5/5359
f 6204/5/5356 6207/5/5359 6208/5/5360
f 6205/5/5357 6206/5/5358 6209/5/5361
f 6209/5/5361 6206/5/5358 6210/5/5362
f 6209/5/5361 6210/5/5362 6211/5/5363
f 6211/5/5363 6210/5/5362 6212/5/5364
f 6208/5/5360 6207/5/5359 6213/5/5365
f 6208/5/5360 6213/5/5365 6214/5/5366
f 6211/5/5363 6212/5/5364 6215/5/5367
f 6214/5/5366 6213/5/5365 6216/5/5368
f 6215/5/5367 6212/5/5364 6217/5/5369
f 6216/5/5368 6213/5/5365 6218/5/5370
f 6216/5/5368 6218/5/5370 6219/5/5371
f 6215/5/5367 6217/5/5369 6188/5/5340
f 6215/5/5367 6188/5/5340 6187/5/5339
f 6219/5/5371 6218/5/5370 6184/5/5336
f 6220/5/5372 6221/5/5373 6222/5/5374
f 6223/5/5375 6224/5/5376 6225/5/5377
f 6223/5/5375 6225/5/5377 6226/5/5378
f 6227/5/5379 6228/5/5380 6229/5/5381
f 6227/5/5379 6229/5/5381 6230/5/5382
f 6222/5/5374 6221/5/5373 6231/5/5383
f 6222/5/5374 6231/5/5383 6232/5/5384
f 6226/5/5378 6225/5/5377 6233/5/5385
f 6226/5/5378 6233/5/5385 6234/5/5386
f 6230/5/5382 6229/5/5381 6235/5/5387
f 6230/5/5382 6235/5/5387 6236/5/5388
f 6234/5/5386 6233/5/5385 6237/5/5389
f 6232/5/5384 6231/5/5383 6228/5/5380
f 6237/5/5389 6233/5/5385 6238/5/5390
f 6232/5/5384 6228/5/5380 6227/5/5379
f 6237/5/5389 6238/5/5390 6239/5/5391
f 6236/5/5388 6235/5/5387 6240/5/5392
f 6236/5/5388 6240/5/5392 6241/5/5393
f 6239/5/5391 6238/5/5390 6242/5/5394
f 6241/5/5393 6240/5/5392 6243/5/5395
f 6241/5/5393 6243/5/5395 6244/5/5396
f 6242/5/5394 6238/5/5390 6245/5/5397
f 6242/5/5394 6245/5/5397 6246/5/5398
f 6244/5/5396 6243/5/5395 6247/5/5399
f 6246/5/5398 6245/5/5397 6248/5/5400
f 6247/5/5399 6243/5/5395 6224/5/5376
f 6246/5/5398 6248/5/5400 6220/5/5372
f 6247/5/5399 6224/5/5376 6223/5/5375
f 6220/5/5372 6248/5/5400 6221/5/5373
f 6249/5/5401 6250/5/5402 6251/5/5403
f 6249/5/5401 6252/5/5404 6250/5/5402
f 6253/5/5405 6252/5/5404 6249/5/5401
f 6253/5/5405 6254/5/5406 6252/5/5404
f 6255/5/5407 6216/5/5368 6256/5/5408
f 6257/5/5409 6254/5/5406 6253/5/5405
f 6258/5/5410 6259/5/5411 6216/5/5368
f 6258/5/5410 6216/5/5368 6255/5/5407
f 6260/5/5412 6254/5/5406 6257/5/5409
f 6261/5/5413 6259/5/5411 6258/5/5410
f 6261/5/5413 6262/5/5414 6259/5/5411
f 6263/5/5415 6209/5/5361 6264/5/5416
f 6265/5/5417 6266/5/5418 6262/5/5414
f 6265/5/5417 6262/5/5414 6261/5/5413
f 6267/5/5419 6209/5/5361 6263/5/5415
f 6268/5/5420 6269/5/5421 6266/5/5418
f 6268/5/5420 6266/5/5418 6265/5/5417
f 6270/5/5422 6271/5/5423 6267/5/5419
f 6272/5/5424 6273/5/5425 6269/5/5421
f 6272/5/5424 6269/5/5421 6268/5/5420
f 6274/5/5426 6271/5/5423 6270/5/5422
f 6275/5/5427 6202/5/5354 6276/5/5428
f 6274/5/5426 6277/5/5429 6271/5/5423
f 6278/5/5430 6279/5/5431 6273/5/5425
f 6278/5/5430 6273/5/5425 6272/5/5424
f 6280/5/5432 6277/5/5429 6274/5/5426
f 6281/5/5433 6202/5/5354 6275/5/5427
f 6282/5/5434 6283/5/5435 6279/5/5431
f 6282/5/5434 6279/5/5431 6278/5/5430
f 6284/5/5436 6277/5/5429 6280/5/5432
f 6285/5/5437 6283/5/5435 6282/5/5434
f 6285/5/5437 6286/5/5438 6283/5/5435
f 6287/5/5439 6286/5/5438 6285/5/5437
f 6287/5/5439 6288/5/5440 6286/5/5438
f 6251/5/5403 6288/5/5440 6287/5/5439
f 6251/5/5403 6250/5/5402 6288/5/5440
f 6289/5/5441 6219/5/5371 6184/5/5336
f 6252/5/5404 6187/5/5339 6250/5/5402
f 6256/5/5408 6219/5/5371 6289/5/5441
f 6252/5/5404 6215/5/5367 6187/5/5339
f 6254/5/5406 6215/5/5367 6252/5/5404
f 6216/5/5368 6219/5/5371 6256/5/5408
f 6259/5/5411 6214/5/5366 6216/5/5368
f 6260/5/5412 6211/5/5363 6215/5/5367
f 6260/5/5412 6215/5/5367 6254/5/5406
f 6264/5/5416 6211/5/5363 6260/5/5412
f 6262/5/5414 6208/5/5360 6214/5/5366
f 6262/5/5414 6214/5/5366 6259/5/5411
f 6209/5/5361 6211/5/5363 6264/5/5416
f 6266/5/5418 6208/5/5360 6262/5/5414
f 6267/5/5419 6205/5/5357 6209/5/5361
f 6269/5/5421 6204/5/5356 6208/5/5360
f 6269/5/5421 6208/5/5360 6266/5/5418
f 6276/5/5428 6191/5/5343 6290/5/5442
f 6271/5/5423 6205/5/5357 6267/5/5419
f 6273/5/5425 6204/5/5356 6269/5/5421
f 6202/5/5354 6191/5/5343 6276/5/5428
f 6277/5/5429 6199/5/5351 6205/5/5357
f 6277/5/5429 6205/5/5357 6271/5/5423
f 6279/5/5431 6198/5/5350 6204/5/5356
f 6279/5/5431 6204/5/5356 6273/5/5425
f 6281/5/5433 6196/5/5348 6202/5/5354
f 6283/5/5435 6198/5/5350 6279/5/5431
f 6284/5/5436 6193/5/5345 6199/5/5351
f 6284/5/5436 6199/5/5351 6277/5/5429
f 6291/5/5443 6196/5/5348 6281/5/5433
f 6283/5/5435 6190/5/5342 6198/5/5350
f 6291/5/5443 6186/5/5338 6196/5/5348
f 6292/5/5444 6193/5/5345 6284/5/5436
f 6286/5/5438 6190/5/5342 6283/5/5435
f 6293/5/5445 6186/5/5338 6291/5/5443
f 6290/5/5442 6191/5/5343 6193/5/5345
f 6290/5/5442 6193/5/5345 6292/5/5444
f 6288/5/5440 6190/5/5342 6286/5/5438
f 6294/5/5446 6186/5/5338 6293/5/5445
f 6288/5/5440 6187/5/5339 6190/5/5342
f 6294/5/5446 6184/5/5336 6186/5/5338
f 6250/5/5402 6187/5/5339 6288/5/5440
f 6289/5/5441 6184/5/5336 6294/5/5446
f 6295/5/5447 6296/5/5448 6297/5/5449
f 6298/5/5450 6299/5/5451 6300/5/5452
f 6301/5/5453 6302/5/5453 6296/5/5448
f 6301/5/5453 6296/5/5448 6295/5/5447
f 6303/5/5454 6298/5/5450 6300/5/5452
f 6303/5/5454 6300/5/5452 6304/5/5454
f 6305/5/5455 6306/5/5456 6302/5/5453
f 6305/5/5455 6302/5/5453 6301/5/5453
f 6307/5/5457 6308/5/5458 6309/5/5459
f 6307/5/5457 6309/5/5459 6310/5/5459
f 6311/5/5460 6312/5/5461 6306/5/5456
f 6311/5/5460 6306/5/5456 6305/5/5455
f 6313/5/5462 6314/5/5463 6315/5/5463
f 6313/5/5462 6315/5/5463 6316/5/5462
f 6317/5/5464 6318/5/5465 6312/5/5461
f 6317/5/5464 6312/5/5461 6311/5/5460
f 6319/5/5466 6303/5/5454 6304/5/5454
f 6319/5/5466 6304/5/5454 6320/5/5466
f 6321/5/5467 6322/5/5468 6318/5/5465
f 6321/5/5467 6318/5/5465 6317/5/5464
f 6310/5/5459 6309/5/5459 6323/5/5469
f 6310/5/5459 6323/5/5469 6324/5/5469
f 6325/5/5470 6326/5/5471 6322/5/5468
f 6325/5/5470 6322/5/5468 6321/5/5467
f 6327/5/5472 6313/5/5462 6316/5/5462
f 6327/5/5472 6316/5/5462 6328/5/5472
f 6329/5/5473 6330/5/5474 6326/5/5471
f 6329/5/5473 6326/5/5471 6325/5/5470
f 6331/5/5475 6319/5/5466 6320/5/5466
f 6332/5/5476 6333/5/5477 6330/5/5474
f 6332/5/5476 6330/5/5474 6329/5/5473
f 6324/5/5469 6323/5/5469 6334/5/5478
f 6324/5/5469 6334/5/5478 6335/5/5478
f 6336/5/5479 6337/5/5480 6333/5/5477
f 6336/5/5479 6333/5/5477 6332/5/5476
f 6338/5/5481 6327/5/5472 6328/5/5472
f 6338/5/5481 6328/5/5472 6339/5/5481
f 6340/5/5482 6341/5/5483 6342/5/5484
f 6340/5/5482 6342/5/5484 6343/5/5485
f 6344/5/5486 6345/5/5486 6337/5/5480
f 6344/5/5486 6337/5/5480 6336/5/5479
f 6346/5/5487 6331/5/5475 6347/5/5488
f 6348/5/5489 6349/5/5489 6350/5/5490
f 6348/5/5489 6350/5/5490 6351/5/5491
f 6352/5/5492 6345/5/5486 6344/5/5486
f 6335/5/5478 6334/5/5478 6353/5/5493
f 6354/5/5494 6355/5/5494 6349/5/5489
f 6354/5/5494 6349/5/5489 6348/5/5489
f 6356/5/5495 6357/5/5496 6352/5/5492
f 6358/5/5497 6338/5/5481 6339/5/5481
f 6358/5/5497 6339/5/5481 6359/5/5497
f 6360/5/5498 6355/5/5494 6354/5/5494
f 6361/5/5499 6357/5/5496 6356/5/5495
f 6362/5/5500 6346/5/5487 6347/5/5488
f 6362/5/5500 6347/5/5488 6363/5/5500
f 6353/5/5493 6364/5/5501 6365/5/5502
f 6366/5/5503 6367/5/5503 6368/5/5504
f 6369/5/5505 6358/5/5497 6359/5/5497
f 6369/5/5505 6359/5/5497 6370/5/5505
f 6371/5/5506 6372/5/5507 6373/5/5508
f 6374/5/5509 6375/5/5510 6367/5/5503
f 6374/5/5509 6367/5/5503 6366/5/5503
f 6376/5/5511 6372/5/5507 6371/5/5506
f 6377/5/5512 6375/5/5510 6374/5/5509
f 6365/5/5502 6364/5/5501 6378/5/5513
f 6365/5/5502 6378/5/5513 6379/5/5513
f 6380/5/5514 6381/5/5514 6377/5/5512
f 6382/5/5515 6369/5/5505 6370/5/5505
f 6382/5/5515 6370/5/5505 6383/5/5515
f 6384/5/5516 6385/5/5517 6381/5/5514
f 6384/5/5516 6381/5/5514 6380/5/5514
f 6379/5/5513 6378/5/5513 6386/5/5518
f 6379/5/5513 6386/5/5518 6387/5/5518
f 6388/5/5519 6389/5/5519 6385/5/5517
f 6388/5/5519 6385/5/5517 6384/5/5516
f 6390/5/5520 6391/5/5520 6392/5/5521
f 6393/5/5522 6382/5/5515 6383/5/5515
f 6393/5/5522 6383/5/5515 6394/5/5522
f 6395/5/5523 6396/5/5523 6389/5/5519
f 6395/5/5523 6389/5/5519 6388/5/5519
f 6387/5/5518 6386/5/5518 6397/5/5524
f 6398/5/5525 6399/5/5526 6396/5/5523
f 6398/5/5525 6396/5/5523 6395/5/5523
f 6400/5/5527 6393/5/5522 6394/5/5522
f 6400/5/5527 6394/5/5522 6401/5/5528
f 6402/5/5529 6403/5/5530 6399/5/5526
f 6402/5/5529 6399/5/5526 6398/5/5525
f 6404/5/5531 6405/5/5532 6403/5/5530
f 6404/5/5531 6403/5/5530 6402/5/5529
f 6218/5/5370 6220/5/5372 6184/5/5336
f 6217/5/5369 6223/5/5375 6188/5/5340
f 6217/5/5369 6247/5/5399 6223/5/5375
f 6218/5/5370 6246/5/5398 6220/5/5372
f 6213/5/5365 6246/5/5398 6218/5/5370
f 6212/5/5364 6247/5/5399 6217/5/5369
f 6212/5/5364 6244/5/5396 6247/5/5399
f 6213/5/5365 6242/5/5394 6246/5/5398
f 6207/5/5359 6242/5/5394 6213/5/5365
f 6210/5/5362 6244/5/5396 6212/5/5364
f 6210/5/5362 6241/5/5393 6244/5/5396
f 6207/5/5359 6239/5/5391 6242/5/5394
f 6206/5/5358 6241/5/5393 6210/5/5362
f 6203/5/5355 6239/5/5391 6207/5/5359
f 6201/5/5353 6227/5/5379 6192/5/5344
f 6206/5/5358 6236/5/5388 6241/5/5393
f 6203/5/5355 6237/5/5389 6239/5/5391
f 6200/5/5352 6236/5/5388 6206/5/5358
f 6201/5/5353 6232/5/5384 6227/5/5379
f 6197/5/5349 6237/5/5389 6203/5/5355
f 6195/5/5347 6232/5/5384 6201/5/5353
f 6194/5/5346 6236/5/5388 6200/5/5352
f 6197/5/5349 6234/5/5386 6237/5/5389
f 6194/5/5346 6230/5/5382 6236/5/5388
f 6189/5/5341 6234/5/5386 6197/5/5349
f 6189/5/5341 6226/5/5378 6234/5/5386
f 6185/5/5337 6222/5/5374 6232/5/5384
f 6185/5/5337 6232/5/5384 6195/5/5347
f 6192/5/5344 6230/5/5382 6194/5/5346
f 6192/5/5344 6227/5/5379 6230/5/5382
f 6188/5/5340 6226/5/5378 6189/5/5341
f 6188/5/5340 6223/5/5375 6226/5/5378
f 6184/5/5336 6220/5/5372 6222/5/5374
f 6184/5/5336 6222/5/5374 6185/5/5337
f 6224/5/5376 6178/5/5330 6225/5/5377
f 6225/5/5377 6178/5/5330 6182/5/5334
f 6228/5/5380 6183/5/5335 6229/5/5381
f 6221/5/5373 6177/5/5329 6231/5/5383
f 6225/5/5377 6182/5/5334 6233/5/5385
f 6229/5/5381 6183/5/5335 6181/5/5333
f 6229/5/5381 6181/5/5333 6235/5/5387
f 6231/5/5383 6177/5/5329 6183/5/5335
f 6231/5/5383 6183/5/5335 6228/5/5380
f 6233/5/5385 6182/5/5334 6238/5/5390
f 6235/5/5387 6181/5/5333 6240/5/5392
f 6238/5/5390 6182/5/5334 6179/5/5331
f 6240/5/5392 6181/5/5333 6180/5/5332
f 6240/5/5392 6180/5/5332 6243/5/5395
f 6238/5/5390 6179/5/5331 6245/5/5397
f 6243/5/5395 6180/5/5332 6178/5/5330
f 6245/5/5397 6179/5/5331 6176/5/5328
f 6245/5/5397 6176/5/5328 6248/5/5400
f 6243/5/5395 6178/5/5330 6224/5/5376
f 6248/5/5400 6176/5/5328 6177/5/5329
f 6248/5/5400 6177/5/5329 6221/5/5373
f 6406/5/5533 6407/5/5534 6408/5/5534
f 6408/5/5534 6407/5/5534 6409/5/5535
f 6408/5/5534 6409/5/5535 6410/5/5535
f 6410/5/5535 6409/5/5535 6411/5/5536
f 6410/5/5535 6411/5/5536 6412/5/5536
f 6412/5/5536 6411/5/5536 6413/5/5537
f 6414/5/5538 6415/5/5539 6416/5/5540
f 6417/5/5541 6418/5/5542 6419/5/5543
f 6419/5/5543 6418/5/5542 6420/5/5544
f 6420/5/5544 6421/5/5545 6422/5/5546
f 6422/5/5546 6421/5/5545 6423/5/5547
f 6423/5/5547 6424/5/5548 6425/5/5548
f 6425/5/5548 6424/5/5548 6426/5/5549
f 6427/5/5550 6428/5/5551 6429/5/5551
f 6429/5/5551 6428/5/5551 6430/5/5552
f 6429/5/5551 6430/5/5552 6431/5/5553
f 6431/5/5553 6430/5/5552 6432/5/5554
f 6431/5/5553 6432/5/5554 6433/5/5555
f 6433/5/5555 6432/5/5554 6434/5/5556
f 6433/5/5555 6434/5/5556 6435/5/5557
f 6435/5/5557 6434/5/5556 6436/5/5558
f 6435/5/5557 6436/5/5558 6437/5/5559
f 6437/5/5559 6436/5/5558 6438/5/5560
f 6437/5/5559 6438/5/5560 6439/5/5561
f 6439/5/5561 6438/5/5560 6440/5/5562
f 6439/5/5561 6440/5/5562 6441/5/5563
f 6441/5/5563 6440/5/5562 6442/5/5564
f 6441/5/5563 6442/5/5564 6443/5/5565
f 6443/5/5565 6442/5/5564 6405/5/5532
f 6443/5/5565 6405/5/5532 6404/5/5531
f 6299/5/5451 6444/5/5566 6445/5/5566
f 6351/5/5491 6350/5/5490 6446/5/5567
f 6447/5/5568 6448/5/5568 6308/5/5458
f 6447/5/5568 6308/5/5458 6307/5/5457
f 6314/5/5463 6449/5/5569 6450/5/5569
f 6314/5/5463 6450/5/5569 6315/5/5463
f 6451/5/5570 6452/5/5571 6453/5/5572
f 6454/5/5573 6257/5/5409 6253/5/5405
f 6455/5/5574 6257/5/5409 6454/5/5573
f 6456/5/5575 6258/5/5410 6255/5/5407
f 6456/5/5575 6255/5/5407 6457/5/5576
f 6455/5/5574 6260/5/5412 6257/5/5409
f 6458/5/5577 6260/5/5412 6455/5/5574
f 6456/5/5575 6261/5/5413 6258/5/5410
f 6458/5/5577 6264/5/5416 6260/5/5412
f 6459/5/5578 6261/5/5413 6456/5/5575
f 6460/5/5579 6264/5/5416 6458/5/5577
f 6460/5/5579 6263/5/5415 6264/5/5416
f 6461/5/5580 6265/5/5417 6261/5/5413
f 6461/5/5580 6261/5/5413 6459/5/5578
f 6462/5/5581 6263/5/5415 6460/5/5579
f 6462/5/5581 6267/5/5419 6263/5/5415
f 6463/5/5582 6268/5/5420 6265/5/5417
f 6463/5/5582 6265/5/5417 6461/5/5580
f 6464/5/5583 6270/5/5422 6267/5/5419
f 6464/5/5583 6267/5/5419 6462/5/5581
f 6465/5/5584 6276/5/5428 6290/5/5442
f 6465/5/5584 6290/5/5442 6466/5/5585
f 6467/5/5586 6272/5/5424 6268/5/5420
f 6467/5/5586 6268/5/5420 6463/5/5582
f 6464/5/5583 6274/5/5426 6270/5/5422
f 6468/5/5587 6275/5/5427 6276/5/5428
f 6468/5/5587 6276/5/5428 6465/5/5584
f 6469/5/5588 6274/5/5426 6464/5/5583
f 6470/5/5589 6278/5/5430 6272/5/5424
f 6470/5/5589 6272/5/5424 6467/5/5586
f 6469/5/5588 6280/5/5432 6274/5/5426
f 6471/5/5590 6281/5/5433 6275/5/5427
f 6471/5/5590 6275/5/5427 6468/5/5587
f 6472/5/5591 6280/5/5432 6469/5/5588
f 6473/5/5592 6282/5/5434 6278/5/5430
f 6473/5/5592 6278/5/5430 6470/5/5589
f 6472/5/5591 6284/5/5436 6280/5/5432
f 6474/5/5593 6291/5/5443 6281/5/5433
f 6474/5/5593 6281/5/5433 6471/5/5590
f 6475/5/5594 6284/5/5436 6472/5/5591
f 6476/5/5595 6285/5/5437 6282/5/5434
f 6476/5/5595 6282/5/5434 6473/5/5592
f 6475/5/5594 6292/5/5444 6284/5/5436
f 6477/5/5596 6293/5/5445 6291/5/5443
f 6477/5/5596 6291/5/5443 6474/5/5593
f 6466/5/5585 6292/5/5444 6475/5/5594
f 6478/5/5597 6287/5/5439 6285/5/5437
f 6478/5/5597 6285/5/5437 6476/5/5595
f 6466/5/5585 6290/5/5442 6292/5/5444
f 6479/5/5598 6294/5/5446 6293/5/5445
f 6479/5/5598 6293/5/5445 6477/5/5596
f 6480/5/5599 6251/5/5403 6287/5/5439
f 6480/5/5599 6287/5/5439 6478/5/5597
f 6481/5/5600 6289/5/5441 6294/5/5446
f 6481/5/5600 6294/5/5446 6479/5/5598
f 6482/5/5601 6249/5/5401 6251/5/5403
f 6482/5/5601 6251/5/5403 6480/5/5599
f 6483/5/5602 6256/5/5408 6289/5/5441
f 6483/5/5602 6289/5/5441 6481/5/5600
f 6454/5/5573 6253/5/5405 6249/5/5401
f 6454/5/5573 6249/5/5401 6482/5/5601
f 6457/5/5576 6255/5/5407 6256/5/5408
f 6457/5/5576 6256/5/5408 6483/5/5602
f 6465/5/5584 6466/5/5585 6484/5/5603
f 6465/5/5584 6484/5/5603 6485/5/5604
f 6465/5/5584 6485/5/5604 6486/5/5605
f 6468/5/5587 6465/5/5584 6486/5/5605
f 6468/5/5587 6486/5/5605 6487/5/5606
f 6468/5/5587 6487/5/5606 6488/5/5607
f 6471/5/5590 6468/5/5587 6488/5/5607
f 6471/5/5590 6488/5/5607 6489/5/5608
f 6471/5/5590 6489/5/5608 6490/5/5609
f 6474/5/5593 6471/5/5590 6490/5/5609
f 6474/5/5593 6490/5/5609 6491/5/5610
f 6474/5/5593 6491/5/5610 6492/5/5611
f 6477/5/5596 6474/5/5593 6492/5/5611
f 6477/5/5596 6492/5/5611 6493/5/5612
f 6477/5/5596 6493/5/5612 6494/5/5613
f 6479/5/5598 6477/5/5596 6494/5/5613
f 6479/5/5598 6494/5/5613 6495/5/5614
f 6479/5/5598 6495/5/5614 6496/5/5615
f 6481/5/5600 6479/5/5598 6496/5/5615
f 6481/5/5600 6496/5/5615 6497/5/5616
f 6481/5/5600 6497/5/5616 6498/5/5617
f 6483/5/5602 6481/5/5600 6498/5/5617
f 6483/5/5602 6498/5/5617 6499/5/5618
f 6483/5/5602 6499/5/5618 6500/5/5619
f 6457/5/5576 6483/5/5602 6500/5/5619
f 6457/5/5576 6500/5/5619 6501/5/5620
f 6457/5/5576 6501/5/5620 6502/5/5621
f 6456/5/5575 6457/5/5576 6502/5/5621
f 6456/5/5575 6502/5/5621 6503/5/5622
f 6456/5/5575 6503/5/5622 6504/5/5623
f 6456/5/5575 6504/5/5623 6505/5/5624
f 6459/5/5578 6456/5/5575 6505/5/5624
f 6459/5/5578 6505/5/5624 6506/5/5625
f 6459/5/5578 6506/5/5625 6507/5/5626
f 6461/5/5580 6459/5/5578 6507/5/5626
f 6461/5/5580 6507/5/5626 6508/5/5627
f 6461/5/5580 6508/5/5627 6509/5/5628
f 6463/5/5582 6461/5/5580 6509/5/5628
f 6463/5/5582 6509/5/5628 6510/5/5629
f 6463/5/5582 6510/5/5629 6511/5/5630
f 6467/5/5586 6463/5/5582 6511/5/5630
f 6467/5/5586 6511/5/5630 6512/5/5631
f 6467/5/5586 6512/5/5631 6513/5/5632
f 6470/5/5589 6467/5/5586 6513/5/5632
f 6470/5/5589 6513/5/5632 6514/5/5633
f 6470/5/5589 6514/5/5633 6515/5/5634
f 6473/5/5592 6470/5/5589 6515/5/5634
f 6473/5/5592 6515/5/5634 6516/5/5635
f 6473/5/5592 6516/5/5635 6517/5/5636
f 6476/5/5595 6473/5/5592 6517/5/5636
f 6476/5/5595 6517/5/5636 6518/5/5637
f 6476/5/5595 6518/5/5637 6519/5/5638
f 6478/5/5597 6476/5/5595 6519/5/5638
f 6478/5/5597 6519/5/5638 6520/5/5639
f 6478/5/5597 6520/5/5639 6521/5/5640
f 6480/5/5599 6478/5/5597 6521/5/5640
f 6480/5/5599 6521/5/5640 6522/5/5641
f 6480/5/5599 6522/5/5641 6523/5/5642
f 6482/5/5601 6480/5/5599 6523/5/5642
f 6482/5/5601 6523/5/5642 6524/5/5643
f 6482/5/5601 6524/5/5643 6525/5/5644
f 6454/5/5573 6482/5/5601 6525/5/5644
f 6454/5/5573 6525/5/5644 6526/5/5645
f 6454/5/5573 6526/5/5645 6527/5/5646
f 6454/5/5573 6527/5/5646 6528/5/5647
f 6455/5/5574 6454/5/5573 6528/5/5647
f 6455/5/5574 6528/5/5647 6529/5/5648
f 6455/5/5574 6529/5/5648 6530/5/5649
f 6458/5/5577 6455/5/5574 6530/5/5649
f 6458/5/5577 6530/5/5649 6531/5/5650
f 6458/5/5577 6531/5/5650 6532/5/5651
f 6460/5/5579 6458/5/5577 6532/5/5651
f 6460/5/5579 6532/5/5651 6533/5/5652
f 6460/5/5579 6533/5/5652 6534/5/5653
f 6462/5/5581 6460/5/5579 6534/5/5653
f 6462/5/5581 6534/5/5653 6535/5/5654
f 6462/5/5581 6535/5/5654 6536/5/5655
f 6464/5/5583 6462/5/5581 6536/5/5655
f 6464/5/5583 6536/5/5655 6537/5/5656
f 6464/5/5583 6537/5/5656 6538/5/5657
f 6464/5/5583 6538/5/5657 6539/5/5658
f 6469/5/5588 6464/5/5583 6539/5/5658
f 6469/5/5588 6539/5/5658 6540/5/5659
f 6469/5/5588 6540/5/5659 6541/5/5660
f 6472/5/5591 6469/5/5588 6541/5/5660
f 6472/5/5591 6541/5/5660 6542/5/5661
f 6472/5/5591 6542/5/5661 6543/5/5662
f 6475/5/5594 6472/5/5591 6543/5/5662
f 6475/5/5594 6543/5/5662 6544/5/5663
f 6475/5/5594 6544/5/5663 6545/5/5664
f 6466/5/5585 6475/5/5594 6545/5/5664
f 6466/5/5585 6545/5/5664 6546/5/5665
f 6466/5/5585 6546/5/5665 6547/5/5666
f 6466/5/5585 6547/5/5666 6484/5/5603
f 6548/5/5667 6549/5/5668 6174/5/5326
f 6550/5/5669 6551/5/5670 6171/5/5323
f 6550/5/5669 6171/5/5323 6175/5/5327
f 6548/5/5667 6174/5/5326 6172/5/5324
f 6552/5/5671 6548/5/5667 6172/5/5324
f 6553/5/5672 6550/5/5669 6175/5/5327
f 6554/5/5673 6172/5/5324 6171/5/5323
f 6553/5/5672 6175/5/5327 6174/5/5326
f 6555/5/5674 6554/5/5673 6171/5/5323
f 6549/5/5668 6553/5/5672 6174/5/5326
f 6554/5/5673 6552/5/5671 6172/5/5324
f 6551/5/5670 6555/5/5674 6171/5/5323
f 6556/5/5675 6557/5/5676 6558/5/5677
f 6559/5/5678 6560/5/5679 6561/5/5680
f 6556/5/5675 6562/5/5681 6557/5/5676
f 6559/5/5678 6563/5/5682 6560/5/5679
f 6564/5/5683 6565/5/5684 6566/5/5685
f 6565/5/5684 6567/5/5686 6566/5/5685
f 6562/5/5681 6568/5/5687 6557/5/5676
f 6563/5/5682 6569/5/5688 6560/5/5679
f 6562/5/5681 6570/5/5689 6568/5/5687
f 6563/5/5682 6571/5/5690 6569/5/5688
f 6565/5/5684 6572/5/5691 6567/5/5686
f 6571/5/5690 6573/5/5692 6569/5/5688
f 6572/5/5691 6574/5/5693 6567/5/5686
f 6570/5/5689 6575/5/5694 6576/5/5695
f 6570/5/5689 6576/5/5695 6568/5/5687
f 6571/5/5690 6577/5/5696 6573/5/5692
f 6572/5/5691 6578/5/5697 6574/5/5693
f 6575/5/5694 6564/5/5683 6576/5/5695
f 6578/5/5697 6579/5/5698 6574/5/5693
f 6577/5/5696 6580/5/5699 6573/5/5692
f 6564/5/5683 6566/5/5685 6576/5/5695
f 6577/5/5696 6581/5/5700 6580/5/5699
f 6578/5/5697 6582/5/5701 6579/5/5698
f 6581/5/5700 6583/5/5702 6584/5/5703
f 6581/5/5700 6584/5/5703 6580/5/5699
f 6582/5/5701 6585/5/5704 6586/5/5705
f 6582/5/5701 6586/5/5705 6579/5/5698
f 6583/5/5702 6587/5/5706 6584/5/5703
f 6585/5/5704 6588/5/5707 6586/5/5705
f 6583/5/5702 6589/5/5708 6587/5/5706
f 6585/5/5704 6590/5/5709 6588/5/5707
f 6589/5/5708 6591/5/5710 6558/5/5677
f 6589/5/5708 6558/5/5677 6587/5/5706
f 6590/5/5709 6561/5/5680 6588/5/5707
f 6591/5/5710 6556/5/5675 6558/5/5677
f 6590/5/5709 6559/5/5678 6561/5/5680
f 6592/5/5711 6593/5/5712 6594/5/5713
f 6595/5/5714 6596/5/5715 6597/5/5716
f 6595/5/5714 6597/5/5716 6598/5/5717
f 6599/5/5718 6600/5/5719 6601/5/5720
f 6599/5/5718 6601/5/5720 6602/5/5721
f 6593/5/5712 6603/5/5722 6594/5/5713
f 6603/5/5722 6602/5/5721 6594/5/5713
f 6596/5/5715 6604/5/5723 6605/5/5724
f 6596/5/5715 6605/5/5724 6597/5/5716
f 6600/5/5719 6606/5/5725 6601/5/5720
f 6603/5/5722 6607/5/5726 6602/5/5721
f 6606/5/5725 6608/5/5727 6601/5/5720
f 6606/5/5725 6609/5/5728 6608/5/5727
f 6604/5/5723 6610/5/5729 6611/5/5730
f 6604/5/5723 6611/5/5730 6605/5/5724
f 6607/5/5726 6599/5/5718 6602/5/5721
f 6609/5/5728 6586/5/5705 6612/5/5731
f 6609/5/5728 6612/5/5731 6608/5/5727
f 6610/5/5729 6613/5/5732 6611/5/5730
f 6613/5/5732 6614/5/5733 6611/5/5730
f 6586/5/5705 6615/5/5734 6612/5/5731
f 6613/5/5732 6616/5/5735 6614/5/5733
f 6616/5/5735 6617/5/5736 6614/5/5733
f 6615/5/5734 6618/5/5737 6598/5/5717
f 6615/5/5734 6598/5/5717 6612/5/5731
f 6616/5/5735 6592/5/5711 6617/5/5736
f 6618/5/5737 6595/5/5714 6598/5/5717
f 6592/5/5711 6594/5/5713 6617/5/5736
f 6343/5/5485 6342/5/5484 6619/5/5738
f 6343/5/5485 6619/5/5738 6620/5/5739
f 6621/5/5740 6622/5/5741 6591/5/5710
f 6623/5/5742 6343/5/5485 6620/5/5739
f 6624/5/5743 6621/5/5740 6591/5/5710
f 6623/5/5742 6620/5/5739 6625/5/5744
f 6624/5/5743 6591/5/5710 6626/5/5745
f 6627/5/5746 6623/5/5742 6625/5/5744
f 6627/5/5746 6625/5/5744 6628/5/5747
f 6629/5/5748 6624/5/5743 6626/5/5745
f 6629/5/5748 6626/5/5745 6630/5/5749
f 6631/5/5750 6627/5/5746 6628/5/5747
f 6632/5/5751 6629/5/5748 6630/5/5749
f 6632/5/5751 6630/5/5749 6633/5/5752
f 6634/5/5753 6631/5/5750 6582/5/5701
f 6635/5/5754 6632/5/5751 6633/5/5752
f 6635/5/5754 6633/5/5752 6581/5/5700
f 6636/5/5755 6634/5/5753 6582/5/5701
f 6637/5/5756 6635/5/5754 6581/5/5700
f 6637/5/5756 6581/5/5700 6638/5/5757
f 6639/5/5758 6637/5/5756 6638/5/5757
f 6639/5/5758 6638/5/5757 6640/5/5759
f 6641/5/5760 6642/5/5761 6575/5/5694
f 6643/5/5762 6639/5/5758 6640/5/5759
f 6643/5/5762 6640/5/5759 6644/5/5763
f 6645/5/5764 6641/5/5760 6575/5/5694
f 6645/5/5764 6575/5/5694 6646/5/5765
f 6647/5/5766 6643/5/5762 6644/5/5763
f 6647/5/5766 6644/5/5763 6648/5/5767
f 6649/5/5768 6645/5/5764 6646/5/5765
f 6650/5/5769 6647/5/5766 6648/5/5767
f 6649/5/5768 6646/5/5765 6651/5/5770
f 6650/5/5769 6648/5/5767 6652/5/5771
f 6653/5/5772 6649/5/5768 6651/5/5770
f 6654/5/5773 6650/5/5769 6652/5/5771
f 6653/5/5772 6651/5/5770 6655/5/5774
f 6654/5/5773 6652/5/5771 6656/5/5775
f 6657/5/5776 6653/5/5772 6655/5/5774
f 6342/5/5484 6654/5/5773 6656/5/5775
f 6342/5/5484 6656/5/5775 6619/5/5738
f 6622/5/5741 6657/5/5776 6655/5/5774
f 6620/5/5739 6619/5/5738 6559/5/5678
f 6591/5/5710 6622/5/5741 6556/5/5675
f 6620/5/5739 6559/5/5678 6590/5/5709
f 6625/5/5744 6620/5/5739 6590/5/5709
f 6626/5/5745 6591/5/5710 6589/5/5708
f 6628/5/5747 6625/5/5744 6590/5/5709
f 6628/5/5747 6590/5/5709 6585/5/5704
f 6630/5/5749 6626/5/5745 6589/5/5708
f 6631/5/5750 6628/5/5747 6585/5/5704
f 6630/5/5749 6589/5/5708 6583/5/5702
f 6633/5/5752 6630/5/5749 6583/5/5702
f 6582/5/5701 6631/5/5750 6585/5/5704
f 6581/5/5700 6633/5/5752 6583/5/5702
f 6636/5/5755 6582/5/5701 6578/5/5697
f 6638/5/5757 6581/5/5700 6577/5/5696
f 6658/5/5777 6636/5/5755 6578/5/5697
f 6642/5/5761 6659/5/5778 6564/5/5683
f 6640/5/5759 6638/5/5757 6577/5/5696
f 6660/5/5779 6658/5/5777 6578/5/5697
f 6575/5/5694 6642/5/5761 6564/5/5683
f 6660/5/5779 6578/5/5697 6572/5/5691
f 6644/5/5763 6640/5/5759 6577/5/5696
f 6644/5/5763 6577/5/5696 6571/5/5690
f 6661/5/5780 6660/5/5779 6572/5/5691
f 6646/5/5765 6575/5/5694 6570/5/5689
f 6648/5/5767 6644/5/5763 6571/5/5690
f 6662/5/5781 6661/5/5780 6572/5/5691
f 6662/5/5781 6572/5/5691 6565/5/5684
f 6648/5/5767 6571/5/5690 6563/5/5682
f 6651/5/5770 6646/5/5765 6570/5/5689
f 6651/5/5770 6570/5/5689 6562/5/5681
f 6663/5/5782 6662/5/5781 6565/5/5684
f 6652/5/5771 6648/5/5767 6563/5/5682
f 6655/5/5774 6651/5/5770 6562/5/5681
f 6659/5/5778 6663/5/5782 6565/5/5684
f 6659/5/5778 6565/5/5684 6564/5/5683
f 6656/5/5775 6652/5/5771 6563/5/5682
f 6656/5/5775 6563/5/5682 6559/5/5678
f 6655/5/5774 6562/5/5681 6556/5/5675
f 6619/5/5738 6656/5/5775 6559/5/5678
f 6622/5/5741 6655/5/5774 6556/5/5675
f 6664/5/5783 6665/5/5784 6657/5/5776
f 6664/5/5783 6657/5/5776 6622/5/5741
f 6341/5/5483 6666/5/5785 6342/5/5484
f 6665/5/5784 6667/5/5786 6657/5/5776
f 6666/5/5785 6668/5/5787 6654/5/5773
f 6666/5/5785 6654/5/5773 6342/5/5484
f 6669/5/5788 6670/5/5789 6659/5/5778
f 6667/5/5786 6671/5/5790 6653/5/5772
f 6667/5/5786 6653/5/5772 6657/5/5776
f 6668/5/5787 6672/5/5791 6654/5/5773
f 6670/5/5789 6673/5/5792 6663/5/5782
f 6670/5/5789 6663/5/5782 6659/5/5778
f 6671/5/5790 6674/5/5793 6653/5/5772
f 6672/5/5791 6675/5/5794 6650/5/5769
f 6672/5/5791 6650/5/5769 6654/5/5773
f 6673/5/5792 6676/5/5795 6663/5/5782
f 6674/5/5793 6677/5/5796 6649/5/5768
f 6674/5/5793 6649/5/5768 6653/5/5772
f 6675/5/5794 6678/5/5797 6650/5/5769
f 6676/5/5795 6679/5/5798 6662/5/5781
f 6676/5/5795 6662/5/5781 6663/5/5782
f 6677/5/5796 6680/5/5799 6649/5/5768
f 6678/5/5797 6681/5/5800 6647/5/5766
f 6678/5/5797 6647/5/5766 6650/5/5769
f 6679/5/5798 6682/5/5801 6662/5/5781
f 6680/5/5799 6683/5/5802 6645/5/5764
f 6680/5/5799 6645/5/5764 6649/5/5768
f 6681/5/5800 6684/5/5803 6647/5/5766
f 6682/5/5801 6685/5/5804 6661/5/5780
f 6682/5/5801 6661/5/5780 6662/5/5781
f 6683/5/5802 6686/5/5805 6645/5/5764
f 6684/5/5803 6687/5/5806 6643/5/5762
f 6684/5/5803 6643/5/5762 6647/5/5766
f 6685/5/5804 6688/5/5807 6661/5/5780
f 6686/5/5805 6689/5/5808 6641/5/5760
f 6686/5/5805 6641/5/5760 6645/5/5764
f 6687/5/5806 6690/5/5809 6643/5/5762
f 6688/5/5807 6691/5/5810 6660/5/5779
f 6688/5/5807 6660/5/5779 6661/5/5780
f 6689/5/5808 6692/5/5811 6641/5/5760
f 6690/5/5809 6693/5/5812 6639/5/5758
f 6690/5/5809 6639/5/5758 6643/5/5762
f 6691/5/5810 6694/5/5813 6660/5/5779
f 6692/5/5811 6695/5/5814 6642/5/5761
f 6692/5/5811 6642/5/5761 6641/5/5760
f 6693/5/5812 6696/5/5815 6639/5/5758
f 6694/5/5813 6697/5/5816 6658/5/5777
f 6694/5/5813 6658/5/5777 6660/5/5779
f 6698/5/5817 6669/5/5788 6659/5/5778
f 6698/5/5817 6659/5/5778 6642/5/5761
f 6696/5/5815 6699/5/5818 6637/5/5756
f 6696/5/5815 6637/5/5756 6639/5/5758
f 6695/5/5814 6698/5/5817 6642/5/5761
f 6697/5/5816 6700/5/5819 6658/5/5777
f 6699/5/5818 6701/5/5820 6637/5/5756
f 6700/5/5819 6702/5/5821 6636/5/5755
f 6700/5/5819 6636/5/5755 6658/5/5777
f 6701/5/5820 6703/5/5822 6635/5/5754
f 6701/5/5820 6635/5/5754 6637/5/5756
f 6702/5/5821 6704/5/5823 6636/5/5755
f 6703/5/5822 6705/5/5824 6635/5/5754
f 6704/5/5823 6706/5/5825 6634/5/5753
f 6704/5/5823 6634/5/5753 6636/5/5755
f 6705/5/5824 6707/5/5826 6632/5/5751
f 6705/5/5824 6632/5/5751 6635/5/5754
f 6706/5/5825 6708/5/5827 6634/5/5753
f 6707/5/5826 6709/5/5828 6632/5/5751
f 6708/5/5827 6710/5/5829 6631/5/5750
f 6708/5/5827 6631/5/5750 6634/5/5753
f 6709/5/5828 6711/5/5830 6632/5/5751
f 6710/5/5829 6712/5/5831 6631/5/5750
f 6711/5/5830 6713/5/5832 6629/5/5748
f 6711/5/5830 6629/5/5748 6632/5/5751
f 6712/5/5831 6714/5/5833 6627/5/5746
f 6712/5/5831 6627/5/5746 6631/5/5750
f 6713/5/5832 6715/5/5834 6629/5/5748
f 6714/5/5833 6716/5/5835 6627/5/5746
f 6715/5/5834 6717/5/5836 6624/5/5743
f 6715/5/5834 6624/5/5743 6629/5/5748
f 6716/5/5835 6718/5/5837 6627/5/5746
f 6717/5/5836 6719/5/5838 6624/5/5743
f 6718/5/5837 6720/5/5839 6623/5/5742
f 6718/5/5837 6623/5/5742 6627/5/5746
f 6719/5/5838 6721/5/5840 6624/5/5743
f 6720/5/5839 6722/5/5841 6623/5/5742
f 6721/5/5840 6723/5/5842 6621/5/5740
f 6721/5/5840 6621/5/5740 6624/5/5743
f 6722/5/5841 6724/5/5843 6343/5/5485
f 6722/5/5841 6343/5/5485 6623/5/5742
f 6725/5/5844 6664/5/5783 6622/5/5741
f 6725/5/5844 6622/5/5741 6621/5/5740
f 6723/5/5842 6725/5/5844 6621/5/5740
f 6724/5/5843 6340/5/5482 6343/5/5485
f 6561/5/5680 6595/5/5714 6618/5/5737
f 6558/5/5677 6592/5/5711 6616/5/5735
f 6588/5/5707 6561/5/5680 6618/5/5737
f 6588/5/5707 6618/5/5737 6615/5/5734
f 6587/5/5706 6558/5/5677 6616/5/5735
f 6587/5/5706 6616/5/5735 6613/5/5732
f 6586/5/5705 6588/5/5707 6615/5/5734
f 6584/5/5703 6587/5/5706 6613/5/5732
f 6580/5/5699 6584/5/5703 6613/5/5732
f 6580/5/5699 6613/5/5732 6610/5/5729
f 6579/5/5698 6586/5/5705 6609/5/5728
f 6576/5/5695 6566/5/5685 6599/5/5718
f 6576/5/5695 6599/5/5718 6607/5/5726
f 6573/5/5692 6580/5/5699 6610/5/5729
f 6573/5/5692 6610/5/5729 6604/5/5723
f 6574/5/5693 6579/5/5698 6609/5/5728
f 6574/5/5693 6609/5/5728 6606/5/5725
f 6568/5/5687 6576/5/5695 6607/5/5726
f 6568/5/5687 6607/5/5726 6603/5/5722
f 6567/5/5686 6574/5/5693 6606/5/5725
f 6567/5/5686 6606/5/5725 6600/5/5719
f 6569/5/5688 6573/5/5692 6604/5/5723
f 6569/5/5688 6604/5/5723 6596/5/5715
f 6560/5/5679 6569/5/5688 6596/5/5715
f 6557/5/5676 6568/5/5687 6603/5/5722
f 6557/5/5676 6603/5/5722 6593/5/5712
f 6566/5/5685 6567/5/5686 6600/5/5719
f 6566/5/5685 6600/5/5719 6599/5/5718
f 6560/5/5679 6596/5/5715 6595/5/5714
f 6557/5/5676 6593/5/5712 6592/5/5711
f 6561/5/5680 6560/5/5679 6595/5/5714
f 6558/5/5677 6557/5/5676 6592/5/5711
f 6594/5/5713 6555/5/5674 6551/5/5670
f 6602/5/5721 6552/5/5671 6554/5/5673
f 6598/5/5717 6597/5/5716 6553/5/5672
f 6598/5/5717 6553/5/5672 6549/5/5668
f 6602/5/5721 6601/5/5720 6552/5/5671
f 6594/5/5713 6554/5/5673 6555/5/5674
f 6594/5/5713 6602/5/5721 6554/5/5673
f 6597/5/5716 6605/5/5724 6553/5/5672
f 6605/5/5724 6550/5/5669 6553/5/5672
f 6601/5/5720 6608/5/5727 6552/5/5671
f 6608/5/5727 6548/5/5667 6552/5/5671
f 6605/5/5724 6611/5/5730 6550/5/5669
f 6608/5/5727 6612/5/5731 6548/5/5667
f 6611/5/5730 6614/5/5733 6550/5/5669
f 6614/5/5733 6551/5/5670 6550/5/5669
f 6614/5/5733 6617/5/5736 6551/5/5670
f 6612/5/5731 6549/5/5668 6548/5/5667
f 6612/5/5731 6598/5/5717 6549/5/5668
f 6617/5/5736 6594/5/5713 6551/5/5670
f 6726/5/5845 6727/5/5846 6728/5/5847
f 6726/5/5845 6728/5/5847 6729/5/5848
f 6730/5/5849 6731/5/5850 6732/5/5851
f 6733/5/5852 6734/5/5853 6735/5/5854
f 6733/5/5852 6735/5/5854 6736/5/5855
f 6451/5/5570 6737/5/5856 6452/5/5571
f 6737/5/5856 6738/5/5857 6452/5/5571
f 6734/5/5853 6739/5/5858 6740/5/5859
f 6734/5/5853 6740/5/5859 6735/5/5854
f 6737/5/5856 6741/5/5860 6742/5/5861
f 6737/5/5856 6742/5/5861 6738/5/5857
f 6739/5/5858 6743/5/5862 6744/5/5863
f 6739/5/5858 6744/5/5863 6740/5/5859
f 6741/5/5860 6745/5/5864 6746/5/5865
f 6741/5/5860 6746/5/5865 6742/5/5861
f 6743/5/5862 6747/5/5866 6744/5/5863
f 6745/5/5864 6748/5/5867 6746/5/5865
f 6743/5/5862 6749/5/5868 6747/5/5866
f 6745/5/5864 6750/5/5869 6748/5/5867
f 6749/5/5868 6751/5/5870 6747/5/5866
f 6750/5/5869 6752/5/5871 6748/5/5867
f 6749/5/5868 6753/5/5872 6751/5/5870
f 6750/5/5869 6754/5/5873 6752/5/5871
f 6753/5/5872 6726/5/5845 6729/5/5848
f 6753/5/5872 6729/5/5848 6751/5/5870
f 6754/5/5873 6755/5/5874 6752/5/5871
f 6754/5/5873 6756/5/5875 6755/5/5874
f 6757/5/5876 6758/5/5877 6759/5/5878
f 6757/5/5876 6759/5/5878 6760/5/5879
f 6756/5/5875 6761/5/5880 6755/5/5874
f 6731/5/5850 6762/5/5881 6453/5/5572
f 6731/5/5850 6453/5/5572 6763/5/5882
f 6756/5/5875 6764/5/5883 6761/5/5880
f 6764/5/5883 6765/5/5884 6766/5/5885
f 6764/5/5883 6766/5/5885 6767/5/5886
f 6764/5/5883 6767/5/5886 6761/5/5880
f 6727/5/5846 6768/5/5887 6769/5/5888
f 6727/5/5846 6769/5/5888 6728/5/5847
f 6770/5/5889 6771/5/5890 6772/5/5891
f 6770/5/5889 6772/5/5891 6773/5/5892
f 6768/5/5887 6774/5/5893 6769/5/5888
f 6765/5/5884 6775/5/5894 6776/5/5895
f 6765/5/5884 6776/5/5895 6766/5/5885
f 6774/5/5893 6777/5/5896 6769/5/5888
f 6771/5/5890 6778/5/5897 6779/5/5898
f 6771/5/5890 6779/5/5898 6772/5/5891
f 6774/5/5893 6780/5/5899 6781/5/5900
f 6774/5/5893 6781/5/5900 6777/5/5896
f 6775/5/5894 6782/5/5901 6783/5/5902
f 6775/5/5894 6783/5/5902 6776/5/5895
f 6782/5/5901 6784/5/5903 6783/5/5902
f 6778/5/5897 6785/5/5904 6786/5/5905
f 6778/5/5897 6786/5/5905 6779/5/5898
f 6780/5/5899 6787/5/5906 6788/5/5907
f 6780/5/5899 6788/5/5907 6781/5/5900
f 6782/5/5901 6789/5/5908 6784/5/5903
f 6787/5/5906 6790/5/5909 6788/5/5907
f 6789/5/5908 6791/5/5910 6792/5/5911
f 6789/5/5908 6792/5/5911 6784/5/5903
f 6785/5/5904 6793/5/5912 6794/5/5913
f 6785/5/5904 6794/5/5913 6786/5/5905
f 6790/5/5909 6795/5/5914 6788/5/5907
f 6762/5/5881 6451/5/5570 6453/5/5572
f 6790/5/5909 6730/5/5849 6732/5/5851
f 6790/5/5909 6732/5/5851 6795/5/5914
f 6793/5/5912 6796/5/5915 6797/5/5916
f 6793/5/5912 6797/5/5916 6794/5/5913
f 6731/5/5850 6763/5/5882 6732/5/5851
f 6796/5/5915 6733/5/5852 6736/5/5855
f 6796/5/5915 6736/5/5855 6797/5/5916
f 6798/5/5917 6799/5/5918 6800/5/5919
f 6798/5/5917 6800/5/5919 6801/5/5920
f 6802/5/5921 6803/5/5922 6804/5/5922
f 6802/5/5921 6804/5/5922 6805/5/5921
f 6806/5/5923 6807/5/5924 6808/5/5925
f 6806/5/5923 6808/5/5925 6809/5/5925
f 6810/5/5926 6811/5/5927 6812/5/5928
f 6810/5/5926 6812/5/5928 6813/5/5929
f 6444/5/5566 6814/5/5930 6815/5/5930
f 6444/5/5566 6815/5/5930 6445/5/5566
f 6816/5/5931 6817/5/5932 6448/5/5568
f 6816/5/5931 6448/5/5568 6447/5/5568
f 6818/5/5933 6802/5/5921 6805/5/5921
f 6818/5/5933 6805/5/5921 6819/5/5933
f 6449/5/5569 6820/5/5934 6821/5/5934
f 6449/5/5569 6821/5/5934 6450/5/5569
f 6822/5/5935 6823/5/5936 6824/5/5937
f 6799/5/5918 6825/5/5938 6826/5/5939
f 6799/5/5918 6826/5/5939 6800/5/5919
f 6827/5/5940 6755/5/5874 6828/5/5941
f 6829/5/5942 6830/5/5942 6817/5/5932
f 6829/5/5942 6817/5/5932 6816/5/5931
f 6831/5/5943 6832/5/5943 6822/5/5935
f 6820/5/5934 6833/5/5944 6834/5/5944
f 6820/5/5934 6834/5/5944 6821/5/5934
f 6835/5/5945 6836/5/5946 6837/5/5947
f 6835/5/5945 6837/5/5947 6838/5/5945
f 6839/5/5948 6840/5/5948 6830/5/5942
f 6839/5/5948 6830/5/5942 6829/5/5942
f 6841/5/5949 6842/5/5949 6832/5/5943
f 6841/5/5949 6832/5/5943 6831/5/5943
f 6814/5/5930 6798/5/5917 6801/5/5920
f 6814/5/5930 6801/5/5920 6815/5/5930
f 6843/5/5950 6844/5/5951 6837/5/5947
f 6843/5/5950 6837/5/5947 6836/5/5946
f 6803/5/5922 6362/5/5500 6363/5/5500
f 6803/5/5922 6363/5/5500 6804/5/5922
f 6841/5/5949 6845/5/5952 6846/5/5952
f 6841/5/5949 6846/5/5952 6842/5/5949
f 6847/5/5953 6848/5/5954 6840/5/5948
f 6847/5/5953 6840/5/5948 6839/5/5948
f 6849/5/5955 6850/5/5956 6844/5/5951
f 6849/5/5955 6844/5/5951 6843/5/5950
f 6825/5/5938 6835/5/5945 6838/5/5945
f 6825/5/5938 6838/5/5945 6826/5/5939
f 6845/5/5952 6851/5/5957 6852/5/5958
f 6845/5/5952 6852/5/5958 6846/5/5952
f 6824/5/5937 6823/5/5936 6848/5/5954
f 6824/5/5937 6848/5/5954 6847/5/5953
f 6853/5/5959 6854/5/5960 6850/5/5956
f 6853/5/5959 6850/5/5956 6849/5/5955
f 6851/5/5957 6855/5/5961 6856/5/5962
f 6851/5/5957 6856/5/5962 6852/5/5958
f 6857/5/5963 6858/5/5964 6854/5/5960
f 6857/5/5963 6854/5/5960 6853/5/5959
f 6855/5/5961 6859/5/5965 6860/5/5966
f 6855/5/5961 6860/5/5966 6856/5/5962
f 6861/5/5967 6862/5/5967 6858/5/5964
f 6861/5/5967 6858/5/5964 6857/5/5963
f 6859/5/5965 6863/5/5968 6864/5/5969
f 6859/5/5965 6864/5/5969 6860/5/5966
f 6865/5/5970 6866/5/5970 6862/5/5967
f 6865/5/5970 6862/5/5967 6861/5/5967
f 6863/5/5968 6867/5/5971 6868/5/5972
f 6863/5/5968 6868/5/5972 6864/5/5969
f 6869/5/5973 6870/5/5973 6866/5/5970
f 6869/5/5973 6866/5/5970 6865/5/5970
f 6867/5/5971 6810/5/5926 6813/5/5929
f 6867/5/5971 6813/5/5929 6868/5/5972
f 6809/5/5925 6808/5/5925 6870/5/5973
f 6809/5/5925 6870/5/5973 6869/5/5973
f 6811/5/5927 6400/5/5527 6401/5/5528
f 6811/5/5927 6401/5/5528 6812/5/5928
f 6397/5/5524 6807/5/5924 6806/5/5923
f 6871/5/5974 6752/5/5871 6755/5/5874
f 6871/5/5974 6755/5/5874 6827/5/5940
f 6872/5/5975 6453/5/5572 6873/5/5976
f 6874/5/5977 6736/5/5855 6875/5/5978
f 6873/5/5976 6453/5/5572 6452/5/5571
f 6873/5/5976 6452/5/5571 6876/5/5979
f 6875/5/5978 6736/5/5855 6735/5/5854
f 6875/5/5978 6735/5/5854 6877/5/5980
f 6876/5/5979 6452/5/5571 6878/5/5981
f 6877/5/5980 6735/5/5854 6879/5/5982
f 6878/5/5981 6452/5/5571 6738/5/5857
f 6878/5/5981 6738/5/5857 6880/5/5983
f 6879/5/5982 6735/5/5854 6740/5/5859
f 6879/5/5982 6740/5/5859 6881/5/5984
f 6880/5/5983 6738/5/5857 6742/5/5861
f 6880/5/5983 6742/5/5861 6882/5/5985
f 6881/5/5984 6740/5/5859 6883/5/5986
f 6882/5/5985 6742/5/5861 6884/5/5987
f 6883/5/5986 6740/5/5859 6744/5/5863
f 6883/5/5986 6744/5/5863 6885/5/5988
f 6884/5/5987 6742/5/5861 6746/5/5865
f 6884/5/5987 6746/5/5865 6886/5/5989
f 6885/5/5988 6744/5/5863 6747/5/5866
f 6885/5/5988 6747/5/5866 6887/5/5990
f 6886/5/5989 6746/5/5865 6748/5/5867
f 6886/5/5989 6748/5/5867 6888/5/5991
f 6887/5/5990 6747/5/5866 6889/5/5992
f 6888/5/5991 6748/5/5867 6890/5/5993
f 6889/5/5992 6747/5/5866 6751/5/5870
f 6889/5/5992 6751/5/5870 6891/5/5994
f 6890/5/5993 6748/5/5867 6752/5/5871
f 6890/5/5993 6752/5/5871 6892/5/5995
f 6891/5/5994 6751/5/5870 6893/5/5996
f 6892/5/5995 6752/5/5871 6871/5/5974
f 6893/5/5996 6751/5/5870 6729/5/5848
f 6893/5/5996 6729/5/5848 6894/5/5997
f 6895/5/5998 6760/5/5879 6759/5/5878
f 6895/5/5998 6759/5/5878 6896/5/5999
f 6894/5/5997 6729/5/5848 6897/5/6000
f 6896/5/5999 6759/5/5878 6773/5/5892
f 6896/5/5999 6773/5/5892 6898/5/6001
f 6897/5/6000 6729/5/5848 6728/5/5847
f 6897/5/6000 6728/5/5847 6899/5/6002
f 6898/5/6001 6773/5/5892 6900/5/6003
f 6898/5/6001 6900/5/6003 6901/5/6004
f 6899/5/6002 6728/5/5847 6902/5/6005
f 6901/5/6004 6900/5/6003 6903/5/6006
f 6902/5/6005 6728/5/5847 6769/5/5888
f 6902/5/6005 6769/5/5888 6904/5/6007
f 6905/5/6008 6761/5/5880 6906/5/6009
f 6903/5/6006 6900/5/6003 6772/5/5891
f 6903/5/6006 6772/5/5891 6907/5/6010
f 6904/5/6007 6769/5/5888 6908/5/6011
f 6906/5/6009 6761/5/5880 6767/5/5886
f 6906/5/6009 6767/5/5886 6909/5/6012
f 6907/5/6010 6772/5/5891 6779/5/5898
f 6907/5/6010 6779/5/5898 6910/5/6013
f 6908/5/6011 6769/5/5888 6777/5/5896
f 6908/5/6011 6777/5/5896 6911/5/6014
f 6909/5/6012 6767/5/5886 6766/5/5885
f 6909/5/6012 6766/5/5885 6912/5/6015
f 6910/5/6013 6779/5/5898 6913/5/6016
f 6911/5/6014 6777/5/5896 6781/5/5900
f 6911/5/6014 6781/5/5900 6914/5/6017
f 6912/5/6015 6766/5/5885 6915/5/6018
f 6913/5/6016 6779/5/5898 6786/5/5905
f 6913/5/6016 6786/5/5905 6916/5/6019
f 6914/5/6017 6781/5/5900 6917/5/6020
f 6915/5/6018 6766/5/5885 6776/5/5895
f 6915/5/6018 6776/5/5895 6918/5/6021
f 6916/5/6019 6786/5/5905 6919/5/6022
f 6916/5/6019 6919/5/6022 6920/5/6023
f 6917/5/6020 6781/5/5900 6788/5/5907
f 6917/5/6020 6788/5/5907 6921/5/6024
f 6918/5/6021 6776/5/5895 6922/5/6025
f 6920/5/6023 6919/5/6022 6923/5/6026
f 6921/5/6024 6788/5/5907 6924/5/6027
f 6922/5/6025 6776/5/5895 6783/5/5902
f 6922/5/6025 6783/5/5902 6925/5/6028
f 6923/5/6026 6919/5/6022 6794/5/5913
f 6923/5/6026 6794/5/5913 6926/5/6029
f 6924/5/6027 6788/5/5907 6795/5/5914
f 6924/5/6027 6795/5/5914 6927/5/6030
f 6925/5/6028 6783/5/5902 6784/5/5903
f 6925/5/6028 6784/5/5903 6928/5/6031
f 6928/5/6031 6784/5/5903 6929/5/6032
f 6927/5/6030 6795/5/5914 6732/5/5851
f 6927/5/6030 6732/5/5851 6930/5/6033
f 6929/5/6032 6784/5/5903 6792/5/5911
f 6929/5/6032 6792/5/5911 6931/5/6034
f 6930/5/6033 6732/5/5851 6932/5/6035
f 6926/5/6029 6794/5/5913 6797/5/5916
f 6926/5/6029 6797/5/5916 6933/5/6036
f 6828/5/5941 6755/5/5874 6761/5/5880
f 6828/5/5941 6761/5/5880 6905/5/6008
f 6932/5/6035 6732/5/5851 6763/5/5882
f 6932/5/6035 6763/5/5882 6934/5/6037
f 6933/5/6036 6797/5/5916 6935/5/6038
f 6934/5/6037 6763/5/5882 6453/5/5572
f 6934/5/6037 6453/5/5572 6872/5/5975
f 6446/5/5567 6391/5/5520 6390/5/5520
f 6773/5/5892 6772/5/5891 6900/5/6003
f 6786/5/5905 6794/5/5913 6919/5/6022
f 6935/5/6038 6797/5/5916 6736/5/5855
f 6935/5/6038 6736/5/5855 6874/5/5977
f 6350/5/5490 6936/5/6039 6446/5/5567
f 6936/5/6039 6391/5/5520 6446/5/5567
f 6392/5/5521 6937/5/6040 6938/5/6041
f 6937/5/6040 6939/5/6042 6940/5/6043
f 6937/5/6040 6940/5/6043 6938/5/6041
f 6939/5/6042 6941/5/6044 6376/5/5511
f 6939/5/6042 6376/5/5511 6940/5/6043
f 6941/5/6044 6372/5/5507 6376/5/5511
f 6372/5/5507 6942/5/6045 6373/5/5508
f 6942/5/6045 6361/5/5499 6373/5/5508
f 6357/5/5496 6943/5/6046 6352/5/5492
f 6943/5/6046 6345/5/5486 6352/5/5492
f 6831/5/5943 6822/5/5935 6944/5/6047
f 6822/5/5935 6824/5/5937 6944/5/6047
f 6297/5/5449 6945/5/6048 6406/5/5533
f 6945/5/6048 6407/5/5534 6406/5/5533
f 6946/5/6049 6947/5/6050 6948/5/6051
f 6415/5/5539 6949/5/6052 6416/5/5540
f 6335/5/5478 6353/5/5493 6950/5/6053
f 6949/5/6052 6951/5/6054 6417/5/5541
f 6949/5/6052 6417/5/5541 6416/5/5540
f 6353/5/5493 6365/5/5502 6950/5/6053
f 6951/5/6054 6418/5/5542 6417/5/5541
f 6387/5/5518 6397/5/5524 6952/5/6055
f 6421/5/5545 6953/5/6056 6423/5/5547
f 6397/5/5524 6806/5/5923 6952/5/6055
f 6953/5/6056 6424/5/5548 6423/5/5547
f 6426/5/5549 6954/5/6057 6427/5/5550
f 6954/5/6057 6428/5/5551 6427/5/5550
f 6444/5/5566 6299/5/5451 6955/5/6058
f 6299/5/5451 6298/5/5450 6955/5/6058
f 6319/5/5466 6331/5/5475 6956/5/6059
f 6331/5/5475 6346/5/5487 6956/5/6059
f 6368/5/5504 6957/5/6060 6360/5/5498
f 6957/5/6060 6355/5/5494 6360/5/5498
f 6368/5/5504 6360/5/5498 6958/5/6061
f 6366/5/5503 6368/5/5504 6958/5/6061
f 6377/5/5512 6374/5/5509 6959/5/6062
f 6380/5/5514 6377/5/5512 6959/5/6062
f 6426/5/5549 6427/5/5550 6960/5/6063
f 6425/5/5548 6426/5/5549 6960/5/6063
f 6420/5/5544 6422/5/5546 6961/5/6064
f 6419/5/5543 6420/5/5544 6961/5/6064
f 6946/5/6049 6948/5/6051 6962/5/6065
f 6963/5/6066 6946/5/6049 6962/5/6065
f 6963/5/6066 6962/5/6065 6964/5/6067
f 6965/5/6068 6963/5/6066 6964/5/6067
f 6965/5/6068 6964/5/6067 6966/5/6069
f 6413/5/5537 6965/5/6068 6966/5/6069
f 6413/5/5537 6966/5/6069 6967/5/6070
f 6412/5/5536 6413/5/5537 6967/5/6070
f 6297/5/5449 6406/5/5533 6968/5/6071
f 6295/5/5447 6297/5/5449 6968/5/6071
f 6361/5/5499 6356/5/5495 6969/5/6072
f 6373/5/5508 6361/5/5499 6969/5/6072
f 6392/5/5521 6938/5/6041 6970/5/6073
f 6390/5/5520 6392/5/5521 6970/5/6073
f 6789/5/5908 6782/5/5901 6971/5/6074
f 6782/5/5901 6972/5/6075 6971/5/6074
f 6782/5/5901 6775/5/5894 6973/5/6076
f 6782/5/5901 6973/5/6076 6972/5/6075
f 6775/5/5894 6974/5/6077 6973/5/6076
f 6775/5/5894 6765/5/5884 6975/5/6078
f 6775/5/5894 6975/5/6078 6974/5/6077
f 6765/5/5884 6976/5/6079 6975/5/6078
f 6765/5/5884 6764/5/5883 6977/5/6080
f 6765/5/5884 6977/5/6080 6976/5/6079
f 6764/5/5883 6978/5/6081 6977/5/6080
f 6764/5/5883 6756/5/5875 6979/5/6082
f 6764/5/5883 6979/5/6082 6978/5/6081
f 6756/5/5875 6980/5/6083 6979/5/6082
f 6756/5/5875 6754/5/5873 6981/5/6084
f 6756/5/5875 6981/5/6084 6980/5/6083
f 6754/5/5873 6982/5/6085 6981/5/6084
f 6754/5/5873 6750/5/5869 6983/5/6086
f 6754/5/5873 6983/5/6086 6982/5/6085
f 6750/5/5869 6984/5/6087 6983/5/6086
f 6750/5/5869 6745/5/5864 6985/5/6088
f 6750/5/5869 6985/5/6088 6984/5/6087
f 6745/5/5864 6986/5/6089 6985/5/6088
f 6745/5/5864 6741/5/5860 6987/5/6090
f 6745/5/5864 6987/5/6090 6986/5/6089
f 6741/5/5860 6988/5/6091 6987/5/6090
f 6741/5/5860 6737/5/5856 6989/5/6092
f 6741/5/5860 6989/5/6092 6988/5/6091
f 6737/5/5856 6990/5/6093 6989/5/6092
f 6737/5/5856 6451/5/5570 6991/5/6094
f 6737/5/5856 6991/5/6094 6990/5/6093
f 6451/5/5570 6992/5/6095 6991/5/6094
f 6451/5/5570 6762/5/5881 6992/5/6095
f 6762/5/5881 6731/5/5850 6993/5/6096
f 6731/5/5850 6994/5/6097 6993/5/6096
f 6731/5/5850 6730/5/5849 6994/5/6097
f 6730/5/5849 6790/5/5909 6995/5/6098
f 6790/5/5909 6996/5/6099 6995/5/6098
f 6790/5/5909 6787/5/5906 6996/5/6099
f 6787/5/5906 6780/5/5899 6997/5/6100
f 6780/5/5899 6998/5/6101 6997/5/6100
f 6780/5/5899 6774/5/5893 6999/5/6102
f 6780/5/5899 6999/5/6102 6998/5/6101
f 6774/5/5893 7000/5/6103 6999/5/6102
f 6774/5/5893 6768/5/5887 7000/5/6103
f 6768/5/5887 6727/5/5846 7001/5/6104
f 6727/5/5846 7002/5/6105 7001/5/6104
f 6727/5/5846 6726/5/5845 7003/5/6106
f 6727/5/5846 7003/5/6106 7002/5/6105
f 6726/5/5845 7004/5/6107 7003/5/6106
f 6726/5/5845 6753/5/5872 7004/5/6107
f 6753/5/5872 6749/5/5868 7005/5/6108
f 6749/5/5868 7006/5/6109 7005/5/6108
f 6749/5/5868 6743/5/5862 7007/5/6110
f 6749/5/5868 7007/5/6110 7006/5/6109
f 6743/5/5862 7008/5/6111 7007/5/6110
f 6743/5/5862 6739/5/5858 7009/5/6112
f 6743/5/5862 7009/5/6112 7008/5/6111
f 6739/5/5858 7010/5/6113 7009/5/6112
f 6739/5/5858 6734/5/5853 7011/5/6114
f 6739/5/5858 7011/5/6114 7010/5/6113
f 6734/5/5853 7012/5/6115 7011/5/6114
f 6734/5/5853 6733/5/5852 7013/5/6116
f 6734/5/5853 7013/5/6116 7012/5/6115
f 6733/5/5852 7014/5/6117 7013/5/6116
f 6733/5/5852 6796/5/5915 7015/5/6118
f 6733/5/5852 7015/5/6118 7014/5/6117
f 6796/5/5915 7016/5/6119 7015/5/6118
f 6796/5/5915 6793/5/5912 7017/5/6120
f 6796/5/5915 7017/5/6120 7016/5/6119
f 6793/5/5912 7018/5/6121 7017/5/6120
f 6793/5/5912 6785/5/5904 7019/5/6122
f 6793/5/5912 7019/5/6122 7018/5/6121
f 6785/5/5904 7020/5/6123 7019/5/6122
f 6785/5/5904 6778/5/5897 7021/5/6124
f 6785/5/5904 7021/5/6124 7020/5/6123
f 6778/5/5897 7022/5/6125 7021/5/6124
f 6778/5/5897 6771/5/5890 7023/5/6126
f 6778/5/5897 7023/5/6126 7022/5/6125
f 6771/5/5890 7024/5/6127 7023/5/6126
f 6771/5/5890 6770/5/5889 7025/5/6128
f 6771/5/5890 7025/5/6128 7024/5/6127
f 6770/5/5889 7026/5/6129 7025/5/6128
f 6770/5/5889 6758/5/5877 7026/5/6129
f 6833/5/5944 6818/5/5933 6819/5/5933
f 6833/5/5944 6819/5/5933 6834/5/5944
f 6758/5/5877 6770/5/5889 6773/5/5892
f 6758/5/5877 6773/5/5892 6759/5/5878
f 7027/5/6130 7028/5/6131 7029/5/6132
f 7030/5/6133 7028/5/6131 7027/5/6130
f 7029/5/6132 7028/5/6131 7031/5/6134
f 7031/5/6134 7028/5/6131 7030/5/6133
f 7032/5/6135 7033/5/6136 7034/5/6137
f 7035/5/6138 7036/5/6139 7034/5/6137
f 7036/5/6139 7032/5/6135 7034/5/6137
f 7033/5/6136 7035/5/6138 7034/5/6137
f 7037/5/6140 7031/5/6134 7038/5/6141
f 7037/5/6140 7029/5/6132 7031/5/6134
f 7039/5/6142 7030/5/6133 7040/5/6143
f 7041/5/6144 7029/5/6132 7037/5/6140
f 7039/5/6142 7031/5/6134 7030/5/6133
f 7042/5/6145 7031/5/6134 7039/5/6142
f 7043/5/6146 7027/5/6130 7029/5/6132
f 7043/5/6146 7029/5/6132 7041/5/6144
f 7040/5/6143 7027/5/6130 7044/5/6147
f 7044/5/6147 7027/5/6130 7043/5/6146
f 7038/5/6141 7031/5/6134 7042/5/6145
f 7040/5/6143 7030/5/6133 7027/5/6130
f 7045/5/5336 7046/5/5337 7047/5/5338
f 7048/5/6148 7049/5/6149 7050/5/6150
f 7051/5/6151 7052/5/5344 7053/5/6152
f 7050/5/6150 7049/5/6149 7054/5/6153
f 7053/5/6152 7052/5/5344 7055/5/5346
f 7047/5/5338 7046/5/5337 7056/5/5347
f 7047/5/5338 7056/5/5347 7057/5/5348
f 7050/5/6150 7054/5/6153 7058/5/6154
f 7053/5/6152 7055/5/5346 7059/5/6155
f 7058/5/6154 7054/5/6153 7060/5/6156
f 7059/5/6155 7055/5/5346 7061/5/6157
f 7057/5/5348 7056/5/5347 7062/5/5353
f 7057/5/5348 7062/5/5353 7063/5/5354
f 7058/5/6154 7060/5/6156 7064/5/6158
f 7059/5/6155 7061/5/6157 7065/5/6159
f 7063/5/5354 7062/5/5353 7051/5/6151
f 7065/5/6159 7061/5/6157 7066/5/6160
f 7064/5/6158 7060/5/6156 7067/5/6161
f 7051/5/6151 7062/5/5353 7052/5/5344
f 7064/5/6158 7067/5/6161 7068/5/6162
f 7065/5/6159 7066/5/6160 7069/5/6163
f 7068/5/6162 7067/5/6161 7070/5/6164
f 7069/5/6163 7066/5/6160 7071/5/6165
f 7069/5/6163 7071/5/6165 7072/5/6166
f 7068/5/6162 7070/5/6164 7073/5/6167
f 7068/5/6162 7073/5/6167 7074/5/6168
f 7072/5/6166 7071/5/6165 7075/5/6169
f 7072/5/6166 7075/5/6169 7076/5/6170
f 7074/5/6168 7073/5/6167 7077/5/6171
f 7077/5/6171 7073/5/6167 7078/5/6172
f 7076/5/6170 7075/5/6169 7079/5/6173
f 7077/5/6171 7078/5/6172 7080/5/6174
f 7076/5/6170 7079/5/6173 7048/5/6148
f 7080/5/6174 7078/5/6172 7045/5/5336
f 7048/5/6148 7079/5/6173 7049/5/6149
f 7081/5/6175 7082/5/6176 7083/5/5374
f 7084/5/6177 7085/5/6178 7086/5/6179
f 7084/5/6177 7086/5/6179 7087/5/6180
f 7088/5/5379 7089/5/6181 7090/5/6182
f 7088/5/5379 7090/5/6182 7091/5/6183
f 7083/5/5374 7082/5/6176 7092/5/6184
f 7083/5/5374 7092/5/6184 7093/5/5384
f 7087/5/6180 7086/5/6179 7094/5/6185
f 7091/5/6183 7090/5/6182 7095/5/5387
f 7091/5/6183 7095/5/5387 7096/5/6186
f 7087/5/6180 7094/5/6185 7097/5/6187
f 7093/5/5384 7092/5/6184 7089/5/6181
f 7093/5/5384 7089/5/6181 7088/5/5379
f 7097/5/6187 7094/5/6185 7098/5/6188
f 7096/5/6186 7095/5/5387 7099/5/6189
f 7096/5/6186 7099/5/6189 7100/5/6190
f 7098/5/6188 7094/5/6185 7101/5/6191
f 7098/5/6188 7101/5/6191 7070/5/6164
f 7100/5/6190 7099/5/6189 7102/5/6192
f 7100/5/6190 7102/5/6192 7071/5/6165
f 7070/5/6164 7101/5/6191 7103/5/6193
f 7071/5/6165 7102/5/6192 7104/5/6194
f 7103/5/6193 7101/5/6191 7105/5/6195
f 7104/5/6194 7102/5/6192 7085/5/6178
f 7104/5/6194 7085/5/6178 7106/5/6196
f 7103/5/6193 7105/5/6195 7081/5/6175
f 7106/5/6196 7085/5/6178 7084/5/6177
f 7081/5/6175 7105/5/6195 7082/5/6176
f 7107/5/5401 7108/5/5402 7109/5/5403
f 7107/5/5401 7110/5/5404 7108/5/5402
f 7111/5/6197 7112/5/6198 7113/5/6199
f 7114/5/5405 7110/5/5404 7107/5/5401
f 7114/5/5405 7115/5/5406 7110/5/5404
f 7116/5/6200 7112/5/6198 7111/5/6197
f 7117/5/5409 7115/5/5406 7114/5/5405
f 7116/5/6200 7118/5/6201 7112/5/6198
f 7119/5/6202 7118/5/6201 7116/5/6200
f 7120/5/5412 7115/5/5406 7117/5/5409
f 7119/5/6202 7121/5/6203 7118/5/6201
f 7122/5/6204 7121/5/6203 7119/5/6202
f 7122/5/6204 7123/5/6205 7121/5/6203
f 7124/5/6206 7069/5/6163 7125/5/6207
f 7126/5/5417 7127/5/6208 7123/5/6205
f 7126/5/5417 7123/5/6205 7122/5/6204
f 7124/5/6206 7128/5/6209 7069/5/6163
f 7129/5/5420 7130/5/5421 7127/5/6208
f 7129/5/5420 7127/5/6208 7126/5/5417
f 7131/5/6210 7128/5/6209 7124/5/6206
f 7132/5/6211 7133/5/6212 7134/5/6213
f 7135/5/5424 7136/5/5425 7130/5/5421
f 7135/5/5424 7130/5/5421 7129/5/5420
f 7137/5/6214 7128/5/6209 7131/5/6210
f 7138/5/6215 7063/5/5354 7132/5/6211
f 7139/5/5430 7140/5/6216 7136/5/5425
f 7139/5/5430 7136/5/5425 7135/5/5424
f 7141/5/5433 7063/5/5354 7138/5/6215
f 7142/5/5434 7143/5/5435 7140/5/6216
f 7142/5/5434 7140/5/6216 7139/5/5430
f 7144/5/5437 7143/5/5435 7142/5/5434
f 7144/5/5437 7145/5/5438 7143/5/5435
f 7146/5/5439 7145/5/5438 7144/5/5437
f 7134/5/6213 7133/5/6212 7147/5/6217
f 7146/5/5439 7148/5/5440 7145/5/5438
f 7109/5/5403 7148/5/5440 7146/5/5439
f 7109/5/5403 7108/5/5402 7148/5/5440
f 7113/5/6199 7080/5/6174 7045/5/5336
f 7110/5/5404 7048/5/6148 7108/5/5402
f 7112/5/6198 7080/5/6174 7113/5/6199
f 7110/5/5404 7076/5/6170 7048/5/6148
f 7115/5/5406 7076/5/6170 7110/5/5404
f 7112/5/6198 7077/5/6171 7080/5/6174
f 7118/5/6201 7077/5/6171 7112/5/6198
f 7118/5/6201 7074/5/6168 7077/5/6171
f 7120/5/5412 7072/5/6166 7076/5/6170
f 7120/5/5412 7076/5/6170 7115/5/5406
f 7121/5/6203 7074/5/6168 7118/5/6201
f 7125/5/6207 7072/5/6166 7120/5/5412
f 7123/5/6205 7068/5/6162 7074/5/6168
f 7123/5/6205 7074/5/6168 7121/5/6203
f 7069/5/6163 7072/5/6166 7125/5/6207
f 7127/5/6208 7068/5/6162 7123/5/6205
f 7128/5/6209 7065/5/6159 7069/5/6163
f 7130/5/5421 7064/5/6158 7068/5/6162
f 7130/5/5421 7068/5/6162 7127/5/6208
f 7132/5/6211 7051/5/6151 7133/5/6212
f 7136/5/5425 7064/5/6158 7130/5/5421
f 7137/5/6214 7065/5/6159 7128/5/6209
f 7063/5/5354 7051/5/6151 7132/5/6211
f 7137/5/6214 7059/5/6155 7065/5/6159
f 7140/5/6216 7058/5/6154 7064/5/6158
f 7140/5/6216 7064/5/6158 7136/5/5425
f 7149/5/6218 7059/5/6155 7137/5/6214
f 7141/5/5433 7057/5/5348 7063/5/5354
f 7143/5/5435 7058/5/6154 7140/5/6216
f 7150/5/6219 7053/5/6152 7059/5/6155
f 7150/5/6219 7059/5/6155 7149/5/6218
f 7151/5/5443 7057/5/5348 7141/5/5433
f 7143/5/5435 7050/5/6150 7058/5/6154
f 7151/5/5443 7047/5/5338 7057/5/5348
f 7147/5/6217 7053/5/6152 7150/5/6219
f 7145/5/5438 7050/5/6150 7143/5/5435
f 7152/5/5445 7047/5/5338 7151/5/5443
f 7133/5/6212 7051/5/6151 7053/5/6152
f 7133/5/6212 7053/5/6152 7147/5/6217
f 7148/5/5440 7050/5/6150 7145/5/5438
f 7153/5/5446 7047/5/5338 7152/5/5445
f 7148/5/5440 7048/5/6148 7050/5/6150
f 7153/5/5446 7045/5/5336 7047/5/5338
f 7108/5/5402 7048/5/6148 7148/5/5440
f 7113/5/6199 7045/5/5336 7153/5/5446
f 7154/5/5447 7155/5/5448 7156/5/6220
f 7154/5/5447 7156/5/6220 7157/5/6221
f 7158/5/5453 7159/5/6222 7155/5/5448
f 7158/5/5453 7155/5/5448 7154/5/5447
f 7160/5/5454 7161/5/6223 7162/5/5454
f 7163/5/5456 7164/5/6224 7159/5/6222
f 7163/5/5456 7159/5/6222 7158/5/5453
f 7165/5/5457 7166/5/5457 7167/5/6225
f 7168/5/5460 7169/5/5461 7164/5/6224
f 7168/5/5460 7164/5/6224 7163/5/5456
f 7170/5/5462 7171/5/5463 7172/5/5463
f 7170/5/5462 7172/5/5463 7173/5/5462
f 7174/5/5464 7175/5/5465 7169/5/5461
f 7174/5/5464 7169/5/5461 7168/5/5460
f 7176/5/5466 7160/5/5454 7162/5/5454
f 7176/5/5466 7162/5/5454 7177/5/5466
f 7178/5/6226 7179/5/6227 7175/5/5465
f 7178/5/6226 7175/5/5465 7174/5/5464
f 7167/5/6225 7180/5/6228 7181/5/6229
f 7182/5/5470 7183/5/5471 7179/5/6227
f 7182/5/5470 7179/5/6227 7178/5/6226
f 7184/5/5472 7170/5/5462 7173/5/5462
f 7185/5/5473 7186/5/5474 7183/5/5471
f 7185/5/5473 7183/5/5471 7182/5/5470
f 7187/5/5475 7176/5/5466 7177/5/5466
f 7188/5/5476 7189/5/5477 7186/5/5474
f 7188/5/5476 7186/5/5474 7185/5/5473
f 7181/5/6229 7180/5/6228 7190/5/6230
f 7191/5/5479 7192/5/5480 7189/5/5477
f 7191/5/5479 7189/5/5477 7188/5/5476
f 7193/5/6231 7184/5/5472 7194/5/5481
f 7195/5/5482 7196/5/5483 7197/5/5484
f 7195/5/5482 7197/5/5484 7198/5/5485
f 7199/5/5486 7192/5/5480 7191/5/5479
f 7200/5/6232 7187/5/5475 7201/5/6233
f 7202/5/5489 7203/5/5489 7204/5/5491
f 7202/5/5489 7204/5/5491 7205/5/5491
f 7190/5/6230 7206/5/5493 7207/5/5493
f 7208/5/5494 7209/5/5494 7203/5/5489
f 7208/5/5494 7203/5/5489 7202/5/5489
f 7210/5/6234 7211/5/6235 7212/5/5492
f 7213/5/5497 7193/5/6231 7194/5/5481
f 7213/5/5497 7194/5/5481 7214/5/6236
f 7215/5/6237 7216/5/6237 7209/5/5494
f 7215/5/6237 7209/5/5494 7208/5/5494
f 7217/5/5499 7218/5/5499 7211/5/6235
f 7217/5/5499 7211/5/6235 7210/5/6234
f 7219/5/5500 7200/5/6232 7201/5/6233
f 7220/5/6238 7221/5/6239 7216/5/6237
f 7220/5/6238 7216/5/6237 7215/5/6237
f 7207/5/5493 7206/5/5493 7222/5/5501
f 7207/5/5493 7222/5/5501 7223/5/6240
f 7224/5/5508 7225/5/6241 7218/5/5499
f 7224/5/5508 7218/5/5499 7217/5/5499
f 7226/5/6242 7227/5/5503 7221/5/6239
f 7226/5/6242 7221/5/6239 7220/5/6238
f 7228/5/5505 7213/5/5497 7214/5/6236
f 7229/5/6243 7230/5/5506 7225/5/6241
f 7229/5/6243 7225/5/6241 7224/5/5508
f 7231/5/6244 7232/5/6244 7227/5/5503
f 7231/5/6244 7227/5/5503 7226/5/6242
f 7233/5/5511 7234/5/6245 7230/5/5506
f 7233/5/5511 7230/5/5506 7229/5/6243
f 7235/5/5512 7236/5/5512 7232/5/6244
f 7235/5/5512 7232/5/6244 7231/5/6244
f 7223/5/6240 7222/5/5501 7237/5/6246
f 7223/5/6240 7237/5/6246 7238/5/6246
f 7239/5/6247 7240/5/6043 7234/5/6245
f 7239/5/6247 7234/5/6245 7233/5/5511
f 7241/5/5514 7242/5/5514 7236/5/5512
f 7241/5/5514 7236/5/5512 7235/5/5512
f 7243/5/6248 7240/5/6043 7239/5/6247
f 7244/5/6249 7228/5/5505 7245/5/5515
f 7246/5/5516 7247/5/5517 7242/5/5514
f 7246/5/5516 7242/5/5514 7241/5/5514
f 7248/5/6250 7249/5/6251 7243/5/6248
f 7238/5/6246 7237/5/6246 7250/5/5518
f 7251/5/6252 7252/5/5519 7247/5/5517
f 7251/5/6252 7247/5/5517 7246/5/5516
f 7253/5/5520 7254/5/5520 7249/5/6251
f 7253/5/5520 7249/5/6251 7248/5/6250
f 7255/5/5522 7244/5/6249 7245/5/5515
f 7256/5/5523 7257/5/5523 7252/5/5519
f 7256/5/5523 7252/5/5519 7251/5/6252
f 7250/5/5518 7258/5/5524 7259/5/6253
f 7260/5/5525 7261/5/5526 7257/5/5523
f 7260/5/5525 7257/5/5523 7256/5/5523
f 7262/5/6254 7255/5/5522 7263/5/5527
f 7264/5/5529 7265/5/6255 7261/5/5526
f 7264/5/5529 7261/5/5526 7260/5/5525
f 7266/5/6256 7267/5/6257 7265/5/6255
f 7266/5/6256 7265/5/6255 7264/5/5529
f 7079/5/6173 7084/5/6177 7049/5/6149
f 7079/5/6173 7106/5/6196 7084/5/6177
f 7078/5/6172 7081/5/6175 7045/5/5336
f 7078/5/6172 7103/5/6193 7081/5/6175
f 7075/5/6169 7104/5/6194 7106/5/6196
f 7075/5/6169 7106/5/6196 7079/5/6173
f 7073/5/6167 7103/5/6193 7078/5/6172
f 7071/5/6165 7104/5/6194 7075/5/6169
f 7070/5/6164 7103/5/6193 7073/5/6167
f 7066/5/6160 7100/5/6190 7071/5/6165
f 7067/5/6161 7098/5/6188 7070/5/6164
f 7062/5/5353 7088/5/5379 7052/5/5344
f 7066/5/6160 7096/5/6186 7100/5/6190
f 7060/5/6156 7098/5/6188 7067/5/6161
f 7061/5/6157 7096/5/6186 7066/5/6160
f 7060/5/6156 7097/5/6187 7098/5/6188
f 7062/5/5353 7093/5/5384 7088/5/5379
f 7056/5/5347 7093/5/5384 7062/5/5353
f 7055/5/5346 7096/5/6186 7061/5/6157
f 7054/5/6153 7087/5/6180 7097/5/6187
f 7054/5/6153 7097/5/6187 7060/5/6156
f 7055/5/5346 7091/5/6183 7096/5/6186
f 7046/5/5337 7083/5/5374 7093/5/5384
f 7046/5/5337 7093/5/5384 7056/5/5347
f 7052/5/5344 7091/5/6183 7055/5/5346
f 7049/5/6149 7087/5/6180 7054/5/6153
f 7052/5/5344 7088/5/5379 7091/5/6183
f 7049/5/6149 7084/5/6177 7087/5/6180
f 7045/5/5336 7081/5/6175 7083/5/5374
f 7045/5/5336 7083/5/5374 7046/5/5337
f 7085/5/6178 7038/5/6141 7086/5/6179
f 7086/5/6179 7038/5/6141 7042/5/6145
f 7089/5/6181 7044/5/6147 7043/5/6146
f 7089/5/6181 7043/5/6146 7090/5/6182
f 7082/5/6176 7040/5/6143 7092/5/6184
f 7086/5/6179 7042/5/6145 7094/5/6185
f 7092/5/6184 7040/5/6143 7044/5/6147
f 7090/5/6182 7043/5/6146 7041/5/6144
f 7090/5/6182 7041/5/6144 7095/5/5387
f 7092/5/6184 7044/5/6147 7089/5/6181
f 7095/5/5387 7041/5/6144 7099/5/6189
f 7094/5/6185 7042/5/6145 7039/5/6142
f 7094/5/6185 7039/5/6142 7101/5/6191
f 7099/5/6189 7041/5/6144 7037/5/6140
f 7099/5/6189 7037/5/6140 7102/5/6192
f 7101/5/6191 7039/5/6142 7040/5/6143
f 7101/5/6191 7040/5/6143 7105/5/6195
f 7102/5/6192 7037/5/6140 7085/5/6178
f 7085/5/6178 7037/5/6140 7038/5/6141
f 7105/5/6195 7040/5/6143 7082/5/6176
f 7157/5/6221 7156/5/6220 7268/5/6258
f 7157/5/6221 7268/5/6258 7269/5/6258
f 7269/5/6258 7268/5/6258 7270/5/5534
f 7269/5/6258 7270/5/5534 7271/5/5534
f 7271/5/5534 7270/5/5534 7272/5/6259
f 7271/5/5534 7272/5/6259 7273/5/6259
f 7273/5/6259 7272/5/6259 7274/5/6260
f 7273/5/6259 7274/5/6260 7275/5/5536
f 7275/5/5536 7274/5/6260 7276/5/5537
f 7275/5/5536 7276/5/5537 7277/5/5537
f 7277/5/5537 7276/5/5537 7278/5/6068
f 7277/5/5537 7278/5/6068 7279/5/6261
f 7279/5/6261 7278/5/6068 7280/5/6262
f 7281/5/6263 7282/5/6264 7283/5/6265
f 7284/5/6266 7285/5/6267 7286/5/6268
f 7286/5/6268 7285/5/6267 7287/5/6269
f 7286/5/6268 7287/5/6269 7288/5/5541
f 7288/5/5541 7287/5/6269 7289/5/6270
f 7288/5/5541 7289/5/6270 7290/5/5543
f 7290/5/5543 7289/5/6270 7291/5/5544
f 7291/5/5544 7292/5/6271 7293/5/6271
f 7293/5/6271 7292/5/6271 7294/5/6272
f 7293/5/6271 7294/5/6272 7295/5/6273
f 7295/5/6273 7294/5/6272 7296/5/5548
f 7296/5/5548 7297/5/6274 7298/5/6274
f 7298/5/6274 7297/5/6274 7299/5/6275
f 7298/5/6274 7299/5/6275 7300/5/6275
f 7300/5/6275 7299/5/6275 7301/5/5551
f 7300/5/6275 7301/5/5551 7302/5/5551
f 7302/5/5551 7301/5/5551 7303/5/5552
f 7302/5/5551 7303/5/5552 7304/5/5553
f 7304/5/5553 7303/5/5552 7305/5/6276
f 7304/5/5553 7305/5/6276 7306/5/6277
f 7306/5/6277 7305/5/6276 7307/5/5556
f 7306/5/6277 7307/5/5556 7308/5/5557
f 7308/5/5557 7307/5/5556 7309/5/5558
f 7308/5/5557 7309/5/5558 7310/5/5559
f 7310/5/5559 7309/5/5558 7311/5/5560
f 7310/5/5559 7311/5/5560 7312/5/5561
f 7312/5/5561 7311/5/5560 7313/5/6278
f 7312/5/5561 7313/5/6278 7314/5/5563
f 7314/5/5563 7313/5/6278 7315/5/6279
f 7314/5/5563 7315/5/6279 7316/5/5565
f 7316/5/5565 7315/5/6279 7267/5/6257
f 7316/5/5565 7267/5/6257 7266/5/6256
f 7317/5/6280 7318/5/5566 7319/5/6281
f 7205/5/5491 7204/5/5491 7320/5/6282
f 7205/5/5491 7320/5/6282 7321/5/6283
f 7322/5/5568 7323/5/5568 7166/5/5457
f 7322/5/5568 7166/5/5457 7165/5/5457
f 7171/5/5463 7324/5/5569 7325/5/5569
f 7171/5/5463 7325/5/5569 7172/5/5463
f 7326/5/6284 7327/5/6285 7328/5/6286
f 7329/5/6287 7117/5/5409 7114/5/5405
f 7330/5/6288 7117/5/5409 7329/5/6287
f 7331/5/5575 7119/5/6202 7116/5/6200
f 7331/5/5575 7116/5/6200 7332/5/6289
f 7330/5/6288 7120/5/5412 7117/5/5409
f 7333/5/6290 7120/5/5412 7330/5/6288
f 7331/5/5575 7122/5/6204 7119/5/6202
f 7333/5/6290 7125/5/6207 7120/5/5412
f 7334/5/6291 7122/5/6204 7331/5/5575
f 7335/5/6292 7125/5/6207 7333/5/6290
f 7335/5/6292 7124/5/6206 7125/5/6207
f 7336/5/6293 7126/5/5417 7122/5/6204
f 7336/5/6293 7122/5/6204 7334/5/6291
f 7337/5/6294 7124/5/6206 7335/5/6292
f 7338/5/6295 7129/5/5420 7126/5/5417
f 7338/5/6295 7126/5/5417 7336/5/6293
f 7337/5/6294 7131/5/6210 7124/5/6206
f 7339/5/6296 7132/5/6211 7134/5/6213
f 7340/5/6297 7131/5/6210 7337/5/6294
f 7341/5/6298 7135/5/5424 7129/5/5420
f 7341/5/6298 7129/5/5420 7338/5/6295
f 7340/5/6297 7137/5/6214 7131/5/6210
f 7342/5/6299 7138/5/6215 7132/5/6211
f 7342/5/6299 7132/5/6211 7339/5/6296
f 7343/5/6300 7137/5/6214 7340/5/6297
f 7344/5/6301 7139/5/5430 7135/5/5424
f 7344/5/6301 7135/5/5424 7341/5/6298
f 7343/5/6300 7149/5/6218 7137/5/6214
f 7345/5/6302 7141/5/5433 7138/5/6215
f 7345/5/6302 7138/5/6215 7342/5/6299
f 7346/5/6303 7149/5/6218 7343/5/6300
f 7347/5/6304 7142/5/5434 7139/5/5430
f 7347/5/6304 7139/5/5430 7344/5/6301
f 7346/5/6303 7150/5/6219 7149/5/6218
f 7348/5/6305 7151/5/5443 7141/5/5433
f 7348/5/6305 7141/5/5433 7345/5/6302
f 7349/5/6306 7147/5/6217 7150/5/6219
f 7349/5/6306 7150/5/6219 7346/5/6303
f 7350/5/5595 7144/5/5437 7142/5/5434
f 7350/5/5595 7142/5/5434 7347/5/6304
f 7351/5/6307 7152/5/5445 7151/5/5443
f 7351/5/6307 7151/5/5443 7348/5/6305
f 7352/5/6308 7134/5/6213 7147/5/6217
f 7352/5/6308 7147/5/6217 7349/5/6306
f 7353/5/5597 7146/5/5439 7144/5/5437
f 7353/5/5597 7144/5/5437 7350/5/5595
f 7354/5/6309 7153/5/5446 7152/5/5445
f 7354/5/6309 7152/5/5445 7351/5/6307
f 7339/5/6296 7134/5/6213 7352/5/6308
f 7355/5/6310 7109/5/5403 7146/5/5439
f 7355/5/6310 7146/5/5439 7353/5/5597
f 7356/5/5600 7113/5/6199 7153/5/5446
f 7356/5/5600 7153/5/5446 7354/5/6309
f 7357/5/6311 7107/5/5401 7109/5/5403
f 7357/5/6311 7109/5/5403 7355/5/6310
f 7358/5/6312 7111/5/6197 7113/5/6199
f 7358/5/6312 7113/5/6199 7356/5/5600
f 7329/5/6287 7114/5/5405 7107/5/5401
f 7329/5/6287 7107/5/5401 7357/5/6311
f 7332/5/6289 7116/5/6200 7111/5/6197
f 7332/5/6289 7111/5/6197 7358/5/6312
f 7339/5/6296 7359/5/6313 7360/5/6314
f 7339/5/6296 7360/5/6314 7361/5/6315
f 7342/5/6299 7339/5/6296 7361/5/6315
f 7342/5/6299 7361/5/6315 7362/5/6316
f 7342/5/6299 7362/5/6316 7363/5/6317
f 7345/5/6302 7342/5/6299 7363/5/6317
f 7345/5/6302 7363/5/6317 7364/5/6318
f 7345/5/6302 7364/5/6318 7365/5/6319
f 7348/5/6305 7345/5/6302 7365/5/6319
f 7348/5/6305 7365/5/6319 7366/5/6320
f 7348/5/6305 7366/5/6320 7367/5/6321
f 7351/5/6307 7348/5/6305 7367/5/6321
f 7351/5/6307 7367/5/6321 7368/5/6322
f 7351/5/6307 7368/5/6322 7369/5/6323
f 7354/5/6309 7351/5/6307 7369/5/6323
f 7354/5/6309 7369/5/6323 7370/5/6324
f 7354/5/6309 7370/5/6324 7371/5/6325
f 7356/5/5600 7354/5/6309 7371/5/6325
f 7356/5/5600 7371/5/6325 7372/5/6326
f 7356/5/5600 7372/5/6326 7373/5/6327
f 7358/5/6312 7356/5/5600 7373/5/6327
f 7358/5/6312 7373/5/6327 7374/5/6328
f 7358/5/6312 7374/5/6328 7375/5/5619
f 7332/5/6289 7358/5/6312 7375/5/5619
f 7332/5/6289 7375/5/5619 7376/5/6329
f 7332/5/6289 7376/5/6329 7377/5/6330
f 7331/5/5575 7332/5/6289 7377/5/6330
f 7331/5/5575 7377/5/6330 7378/5/6331
f 7331/5/5575 7378/5/6331 7379/5/6332
f 7331/5/5575 7379/5/6332 7380/5/6333
f 7334/5/6291 7331/5/5575 7380/5/6333
f 7334/5/6291 7380/5/6333 7381/5/6334
f 7334/5/6291 7381/5/6334 7382/5/6335
f 7336/5/6293 7334/5/6291 7382/5/6335
f 7336/5/6293 7382/5/6335 7383/5/6336
f 7336/5/6293 7383/5/6336 7384/5/6337
f 7338/5/6295 7336/5/6293 7384/5/6337
f 7338/5/6295 7384/5/6337 7385/5/6338
f 7338/5/6295 7385/5/6338 7386/5/5630
f 7341/5/6298 7338/5/6295 7386/5/5630
f 7341/5/6298 7386/5/5630 7387/5/6339
f 7341/5/6298 7387/5/6339 7388/5/5632
f 7344/5/6301 7341/5/6298 7388/5/5632
f 7344/5/6301 7388/5/5632 7389/5/6340
f 7344/5/6301 7389/5/6340 7390/5/6341
f 7347/5/6304 7344/5/6301 7390/5/6341
f 7347/5/6304 7390/5/6341 7391/5/6342
f 7347/5/6304 7391/5/6342 7392/5/6343
f 7350/5/5595 7347/5/6304 7392/5/6343
f 7350/5/5595 7392/5/6343 7393/5/6344
f 7350/5/5595 7393/5/6344 7394/5/5638
f 7353/5/5597 7350/5/5595 7394/5/5638
f 7353/5/5597 7394/5/5638 7395/5/6345
f 7353/5/5597 7395/5/6345 7396/5/6346
f 7355/5/6310 7353/5/5597 7396/5/6346
f 7355/5/6310 7396/5/6346 7397/5/6347
f 7355/5/6310 7397/5/6347 7398/5/6348
f 7357/5/6311 7355/5/6310 7398/5/6348
f 7357/5/6311 7398/5/6348 7399/5/6349
f 7357/5/6311 7399/5/6349 7400/5/5644
f 7329/5/6287 7357/5/6311 7400/5/5644
f 7329/5/6287 7400/5/5644 7401/5/6350
f 7329/5/6287 7401/5/6350 7402/5/6351
f 7329/5/6287 7402/5/6351 7403/5/6352
f 7330/5/6288 7329/5/6287 7403/5/6352
f 7330/5/6288 7403/5/6352 7404/5/6353
f 7330/5/6288 7404/5/6353 7405/5/6354
f 7333/5/6290 7330/5/6288 7405/5/6354
f 7333/5/6290 7405/5/6354 7406/5/6355
f 7333/5/6290 7406/5/6355 7407/5/6356
f 7335/5/6292 7333/5/6290 7407/5/6356
f 7335/5/6292 7407/5/6356 7408/5/6357
f 7335/5/6292 7408/5/6357 7409/5/6358
f 7335/5/6292 7409/5/6358 7410/5/6359
f 7337/5/6294 7335/5/6292 7410/5/6359
f 7337/5/6294 7410/5/6359 7411/5/6360
f 7337/5/6294 7411/5/6360 7412/5/6361
f 7340/5/6297 7337/5/6294 7412/5/6361
f 7340/5/6297 7412/5/6361 7413/5/6362
f 7340/5/6297 7413/5/6362 7414/5/6363
f 7343/5/6300 7340/5/6297 7414/5/6363
f 7343/5/6300 7414/5/6363 7415/5/6364
f 7343/5/6300 7415/5/6364 7416/5/5660
f 7346/5/6303 7343/5/6300 7416/5/5660
f 7346/5/6303 7416/5/5660 7417/5/6365
f 7346/5/6303 7417/5/6365 7418/5/6366
f 7349/5/6306 7346/5/6303 7418/5/6366
f 7349/5/6306 7418/5/6366 7419/5/6367
f 7349/5/6306 7419/5/6367 7420/5/6368
f 7352/5/6308 7349/5/6306 7420/5/6368
f 7352/5/6308 7420/5/6368 7421/5/6369
f 7352/5/6308 7421/5/6369 7422/5/6370
f 7339/5/6296 7352/5/6308 7422/5/6370
f 7339/5/6296 7422/5/6370 7359/5/6313
f 7423/5/6371 7424/5/6372 7035/5/6138
f 7425/5/6373 7426/5/6374 7032/5/6135
f 7425/5/6373 7032/5/6135 7036/5/6139
f 7427/5/6375 7423/5/6371 7035/5/6138
f 7427/5/6375 7035/5/6138 7033/5/6136
f 7428/5/6376 7425/5/6373 7036/5/6139
f 7429/5/6377 7430/5/6378 7033/5/6136
f 7424/5/6372 7428/5/6376 7036/5/6139
f 7429/5/6377 7033/5/6136 7032/5/6135
f 7430/5/6378 7427/5/6375 7033/5/6136
f 7424/5/6372 7036/5/6139 7035/5/6138
f 7426/5/6374 7429/5/6377 7032/5/6135
f 7431/5/6379 7432/5/6380 7433/5/6381
f 7431/5/6379 7434/5/6382 7432/5/6380
f 7435/5/6383 7436/5/6384 7437/5/6385
f 7436/5/6384 7438/5/6386 7437/5/6385
f 7439/5/5683 7440/5/5684 7441/5/5685
f 7440/5/5684 7442/5/5686 7441/5/5685
f 7434/5/6382 7443/5/5687 7432/5/6380
f 7434/5/6382 7444/5/5689 7443/5/5687
f 7436/5/6384 7445/5/6387 7438/5/6386
f 7440/5/5684 7446/5/5691 7442/5/5686
f 7445/5/6387 7447/5/6388 7438/5/6386
f 7446/5/5691 7448/5/6389 7442/5/5686
f 7444/5/5689 7449/5/5694 7450/5/5695
f 7444/5/5689 7450/5/5695 7443/5/5687
f 7445/5/6387 7451/5/6390 7447/5/6388
f 7446/5/5691 7452/5/6391 7448/5/6389
f 7449/5/5694 7439/5/5683 7450/5/5695
f 7452/5/6391 7453/5/6392 7448/5/6389
f 7451/5/6390 7454/5/6393 7447/5/6388
f 7439/5/5683 7441/5/5685 7450/5/5695
f 7451/5/6390 7455/5/6394 7454/5/6393
f 7452/5/6391 7456/5/6395 7453/5/6392
f 7456/5/6395 7457/5/6396 7453/5/6392
f 7456/5/6395 7458/5/6397 7457/5/6396
f 7455/5/6394 7459/5/6398 7454/5/6393
f 7458/5/6397 7460/5/6399 7457/5/6396
f 7455/5/6394 7461/5/6400 7459/5/6398
f 7461/5/6400 7462/5/6401 7459/5/6398
f 7458/5/6397 7463/5/6402 7460/5/6399
f 7461/5/6400 7464/5/6403 7462/5/6401
f 7463/5/6402 7465/5/6404 7460/5/6399
f 7464/5/6403 7466/5/6405 7433/5/6381
f 7464/5/6403 7433/5/6381 7462/5/6401
f 7463/5/6402 7435/5/6383 7465/5/6404
f 7435/5/6383 7437/5/6385 7465/5/6404
f 7466/5/6405 7431/5/6379 7433/5/6381
f 7467/5/6406 7468/5/6407 7469/5/6408
f 7467/5/6406 7470/5/6409 7468/5/6407
f 7471/5/6410 7472/5/6411 7473/5/6412
f 7474/5/5718 7475/5/5719 7476/5/6413
f 7474/5/5718 7476/5/6413 7477/5/6414
f 7470/5/6409 7478/5/6415 7468/5/6407
f 7472/5/6411 7479/5/6416 7473/5/6412
f 7478/5/6415 7477/5/6414 7468/5/6407
f 7472/5/6411 7480/5/6417 7479/5/6416
f 7475/5/5719 7481/5/6418 7476/5/6413
f 7478/5/6415 7482/5/5726 7477/5/6414
f 7480/5/6417 7483/5/6419 7479/5/6416
f 7481/5/6418 7484/5/6420 7476/5/6413
f 7481/5/6418 7485/5/6421 7484/5/6420
f 7480/5/6417 7486/5/6422 7483/5/6419
f 7482/5/5726 7474/5/5718 7477/5/6414
f 7485/5/6421 7487/5/6423 7484/5/6420
f 7486/5/6422 7488/5/6424 7483/5/6419
f 7488/5/6424 7489/5/6425 7483/5/6419
f 7487/5/6423 7490/5/6426 7484/5/6420
f 7488/5/6424 7491/5/6427 7489/5/6425
f 7487/5/6423 7492/5/6428 7490/5/6426
f 7491/5/6427 7469/5/6408 7489/5/6425
f 7491/5/6427 7467/5/6406 7469/5/6408
f 7492/5/6428 7473/5/6412 7490/5/6426
f 7492/5/6428 7471/5/6410 7473/5/6412
f 7198/5/5485 7197/5/5484 7493/5/5738
f 7198/5/5485 7493/5/5738 7494/5/5739
f 7495/5/6429 7496/5/6430 7497/5/6431
f 7498/5/6432 7198/5/5485 7494/5/5739
f 7499/5/6433 7495/5/6429 7497/5/6431
f 7498/5/6432 7494/5/5739 7500/5/6434
f 7499/5/6433 7497/5/6431 7501/5/6435
f 7502/5/6436 7498/5/6432 7500/5/6434
f 7502/5/6436 7500/5/6434 7503/5/6437
f 7504/5/5748 7499/5/6433 7501/5/6435
f 7505/5/6438 7502/5/6436 7503/5/6437
f 7504/5/5748 7501/5/6435 7506/5/6439
f 7505/5/6438 7503/5/6437 7507/5/6440
f 7508/5/5751 7504/5/5748 7506/5/6439
f 7508/5/5751 7506/5/6439 7509/5/6441
f 7510/5/6442 7505/5/6438 7507/5/6440
f 7510/5/6442 7507/5/6440 7456/5/6395
f 7511/5/6443 7508/5/5751 7509/5/6441
f 7511/5/6443 7509/5/6441 7512/5/6444
f 7513/5/5755 7510/5/6442 7456/5/6395
f 7514/5/6445 7511/5/6443 7512/5/6444
f 7514/5/6445 7512/5/6444 7515/5/6446
f 7516/5/5758 7514/5/6445 7515/5/6446
f 7516/5/5758 7515/5/6446 7517/5/5759
f 7518/5/5760 7519/5/5761 7449/5/5694
f 7520/5/5762 7516/5/5758 7517/5/5759
f 7520/5/5762 7517/5/5759 7521/5/5763
f 7522/5/6447 7518/5/5760 7449/5/5694
f 7522/5/6447 7449/5/5694 7523/5/5765
f 7524/5/6448 7520/5/5762 7521/5/5763
f 7524/5/6448 7521/5/5763 7525/5/5767
f 7526/5/5768 7522/5/6447 7523/5/5765
f 7527/5/5769 7524/5/6448 7525/5/5767
f 7526/5/5768 7523/5/5765 7528/5/5770
f 7527/5/5769 7525/5/5767 7529/5/5771
f 7530/5/5772 7526/5/5768 7528/5/5770
f 7531/5/6449 7527/5/5769 7529/5/5771
f 7530/5/5772 7528/5/5770 7532/5/6450
f 7531/5/6449 7529/5/5771 7533/5/5775
f 7534/5/5776 7530/5/5772 7532/5/6450
f 7197/5/5484 7531/5/6449 7533/5/5775
f 7197/5/5484 7533/5/5775 7493/5/5738
f 7496/5/6430 7534/5/5776 7532/5/6450
f 7496/5/6430 7431/5/6379 7466/5/6405
f 7494/5/5739 7493/5/5738 7435/5/6383
f 7497/5/6431 7496/5/6430 7466/5/6405
f 7494/5/5739 7435/5/6383 7463/5/6402
f 7500/5/6434 7494/5/5739 7463/5/6402
f 7501/5/6435 7497/5/6431 7466/5/6405
f 7501/5/6435 7466/5/6405 7464/5/6403
f 7503/5/6437 7500/5/6434 7463/5/6402
f 7501/5/6435 7464/5/6403 7461/5/6400
f 7503/5/6437 7463/5/6402 7458/5/6397
f 7506/5/6439 7501/5/6435 7461/5/6400
f 7507/5/6440 7503/5/6437 7458/5/6397
f 7509/5/6441 7506/5/6439 7461/5/6400
f 7509/5/6441 7461/5/6400 7455/5/6394
f 7456/5/6395 7507/5/6440 7458/5/6397
f 7512/5/6444 7509/5/6441 7455/5/6394
f 7513/5/5755 7456/5/6395 7452/5/6391
f 7515/5/6446 7512/5/6444 7455/5/6394
f 7515/5/6446 7455/5/6394 7451/5/6390
f 7535/5/5777 7513/5/5755 7452/5/6391
f 7519/5/5761 7536/5/5778 7439/5/5683
f 7517/5/5759 7515/5/6446 7451/5/6390
f 7537/5/5779 7535/5/5777 7452/5/6391
f 7449/5/5694 7519/5/5761 7439/5/5683
f 7537/5/5779 7452/5/6391 7446/5/5691
f 7521/5/5763 7517/5/5759 7451/5/6390
f 7521/5/5763 7451/5/6390 7445/5/6387
f 7538/5/5780 7537/5/5779 7446/5/5691
f 7523/5/5765 7449/5/5694 7444/5/5689
f 7525/5/5767 7521/5/5763 7445/5/6387
f 7539/5/5781 7538/5/5780 7446/5/5691
f 7539/5/5781 7446/5/5691 7440/5/5684
f 7525/5/5767 7445/5/6387 7436/5/6384
f 7528/5/5770 7523/5/5765 7444/5/5689
f 7528/5/5770 7444/5/5689 7434/5/6382
f 7540/5/5782 7539/5/5781 7440/5/5684
f 7529/5/5771 7525/5/5767 7436/5/6384
f 7532/5/6450 7528/5/5770 7434/5/6382
f 7536/5/5778 7540/5/5782 7440/5/5684
f 7536/5/5778 7440/5/5684 7439/5/5683
f 7533/5/5775 7529/5/5771 7436/5/6384
f 7533/5/5775 7436/5/6384 7435/5/6383
f 7532/5/6450 7434/5/6382 7431/5/6379
f 7493/5/5738 7533/5/5775 7435/5/6383
f 7496/5/6430 7532/5/6450 7431/5/6379
f 7541/5/6451 7542/5/5784 7534/5/5776
f 7541/5/6451 7534/5/5776 7496/5/6430
f 7196/5/5483 7543/5/5785 7197/5/5484
f 7542/5/5784 7544/5/6452 7534/5/5776
f 7543/5/5785 7545/5/6453 7531/5/6449
f 7543/5/5785 7531/5/6449 7197/5/5484
f 7546/5/5788 7547/5/5789 7536/5/5778
f 7544/5/6452 7548/5/6454 7530/5/5772
f 7544/5/6452 7530/5/5772 7534/5/5776
f 7545/5/6453 7549/5/5791 7531/5/6449
f 7547/5/5789 7550/5/5792 7540/5/5782
f 7547/5/5789 7540/5/5782 7536/5/5778
f 7548/5/6454 7551/5/5793 7530/5/5772
f 7549/5/5791 7552/5/5794 7527/5/5769
f 7549/5/5791 7527/5/5769 7531/5/6449
f 7550/5/5792 7553/5/5795 7540/5/5782
f 7551/5/5793 7554/5/5796 7526/5/5768
f 7551/5/5793 7526/5/5768 7530/5/5772
f 7552/5/5794 7555/5/5797 7527/5/5769
f 7553/5/5795 7556/5/6455 7539/5/5781
f 7553/5/5795 7539/5/5781 7540/5/5782
f 7554/5/5796 7557/5/5799 7526/5/5768
f 7555/5/5797 7558/5/5800 7524/5/6448
f 7555/5/5797 7524/5/6448 7527/5/5769
f 7556/5/6455 7559/5/5801 7539/5/5781
f 7557/5/5799 7560/5/6456 7522/5/6447
f 7557/5/5799 7522/5/6447 7526/5/5768
f 7558/5/5800 7561/5/5803 7524/5/6448
f 7559/5/5801 7562/5/5804 7538/5/5780
f 7559/5/5801 7538/5/5780 7539/5/5781
f 7560/5/6456 7563/5/6457 7522/5/6447
f 7561/5/5803 7564/5/6458 7520/5/5762
f 7561/5/5803 7520/5/5762 7524/5/6448
f 7562/5/5804 7565/5/5807 7538/5/5780
f 7563/5/6457 7566/5/5808 7518/5/5760
f 7563/5/6457 7518/5/5760 7522/5/6447
f 7564/5/6458 7567/5/5809 7520/5/5762
f 7565/5/5807 7568/5/5810 7537/5/5779
f 7565/5/5807 7537/5/5779 7538/5/5780
f 7566/5/5808 7569/5/6459 7518/5/5760
f 7567/5/5809 7570/5/5812 7516/5/5758
f 7567/5/5809 7516/5/5758 7520/5/5762
f 7568/5/5810 7571/5/5813 7537/5/5779
f 7569/5/6459 7572/5/5814 7519/5/5761
f 7569/5/6459 7519/5/5761 7518/5/5760
f 7570/5/5812 7573/5/5815 7516/5/5758
f 7571/5/5813 7574/5/5816 7535/5/5777
f 7571/5/5813 7535/5/5777 7537/5/5779
f 7575/5/5817 7546/5/5788 7536/5/5778
f 7575/5/5817 7536/5/5778 7519/5/5761
f 7573/5/5815 7576/5/5818 7514/5/6445
f 7573/5/5815 7514/5/6445 7516/5/5758
f 7572/5/5814 7575/5/5817 7519/5/5761
f 7574/5/5816 7577/5/5819 7535/5/5777
f 7576/5/5818 7578/5/5820 7514/5/6445
f 7577/5/5819 7579/5/5821 7513/5/5755
f 7577/5/5819 7513/5/5755 7535/5/5777
f 7578/5/5820 7580/5/5822 7511/5/6443
f 7578/5/5820 7511/5/6443 7514/5/6445
f 7579/5/5821 7581/5/6460 7513/5/5755
f 7580/5/5822 7582/5/5824 7511/5/6443
f 7581/5/6460 7583/5/5825 7510/5/6442
f 7581/5/6460 7510/5/6442 7513/5/5755
f 7582/5/5824 7584/5/5826 7508/5/5751
f 7582/5/5824 7508/5/5751 7511/5/6443
f 7583/5/5825 7585/5/6461 7510/5/6442
f 7584/5/5826 7586/5/5828 7508/5/5751
f 7585/5/6461 7587/5/6462 7505/5/6438
f 7585/5/6461 7505/5/6438 7510/5/6442
f 7586/5/5828 7588/5/5830 7508/5/5751
f 7587/5/6462 7589/5/6463 7505/5/6438
f 7588/5/5830 7590/5/6464 7504/5/5748
f 7588/5/5830 7504/5/5748 7508/5/5751
f 7589/5/6463 7591/5/6465 7505/5/6438
f 7590/5/6464 7592/5/5834 7504/5/5748
f 7591/5/6465 7593/5/6466 7502/5/6436
f 7591/5/6465 7502/5/6436 7505/5/6438
f 7592/5/5834 7594/5/5836 7499/5/6433
f 7592/5/5834 7499/5/6433 7504/5/5748
f 7593/5/6466 7595/5/6467 7502/5/6436
f 7594/5/5836 7596/5/6468 7499/5/6433
f 7595/5/6467 7597/5/6469 7498/5/6432
f 7595/5/6467 7498/5/6432 7502/5/6436
f 7596/5/6468 7598/5/6470 7499/5/6433
f 7597/5/6469 7599/5/6471 7498/5/6432
f 7598/5/6470 7600/5/6472 7495/5/6429
f 7598/5/6470 7495/5/6429 7499/5/6433
f 7599/5/6471 7601/5/5843 7198/5/5485
f 7599/5/6471 7198/5/5485 7498/5/6432
f 7602/5/5844 7541/5/6451 7496/5/6430
f 7602/5/5844 7496/5/6430 7495/5/6429
f 7600/5/6472 7602/5/5844 7495/5/6429
f 7601/5/5843 7195/5/5482 7198/5/5485
f 7465/5/6404 7437/5/6385 7471/5/6410
f 7465/5/6404 7471/5/6410 7492/5/6428
f 7433/5/6381 7467/5/6406 7491/5/6427
f 7462/5/6401 7433/5/6381 7491/5/6427
f 7465/5/6404 7492/5/6428 7487/5/6423
f 7460/5/6399 7465/5/6404 7487/5/6423
f 7462/5/6401 7491/5/6427 7488/5/6424
f 7459/5/6398 7462/5/6401 7488/5/6424
f 7457/5/6396 7460/5/6399 7487/5/6423
f 7454/5/6393 7459/5/6398 7488/5/6424
f 7454/5/6393 7488/5/6424 7486/5/6422
f 7457/5/6396 7487/5/6423 7485/5/6421
f 7453/5/6392 7457/5/6396 7485/5/6421
f 7450/5/5695 7441/5/5685 7474/5/5718
f 7450/5/5695 7474/5/5718 7482/5/5726
f 7447/5/6388 7454/5/6393 7486/5/6422
f 7447/5/6388 7486/5/6422 7480/5/6417
f 7448/5/6389 7453/5/6392 7485/5/6421
f 7448/5/6389 7485/5/6421 7481/5/6418
f 7443/5/5687 7450/5/5695 7482/5/5726
f 7443/5/5687 7482/5/5726 7478/5/6415
f 7442/5/5686 7448/5/6389 7481/5/6418
f 7442/5/5686 7481/5/6418 7475/5/5719
f 7438/5/6386 7447/5/6388 7480/5/6417
f 7438/5/6386 7480/5/6417 7472/5/6411
f 7432/5/6380 7443/5/5687 7478/5/6415
f 7432/5/6380 7478/5/6415 7470/5/6409
f 7441/5/5685 7442/5/5686 7475/5/5719
f 7441/5/5685 7475/5/5719 7474/5/5718
f 7437/5/6385 7438/5/6386 7472/5/6411
f 7437/5/6385 7472/5/6411 7471/5/6410
f 7432/5/6380 7470/5/6409 7467/5/6406
f 7433/5/6381 7432/5/6380 7467/5/6406
f 7469/5/6408 7468/5/6407 7426/5/6374
f 7468/5/6407 7429/5/6377 7426/5/6374
f 7477/5/6414 7476/5/6413 7430/5/6378
f 7473/5/6412 7479/5/6416 7424/5/6372
f 7476/5/6413 7427/5/6375 7430/5/6378
f 7468/5/6407 7477/5/6414 7429/5/6377
f 7479/5/6416 7428/5/6376 7424/5/6372
f 7477/5/6414 7430/5/6378 7429/5/6377
f 7479/5/6416 7483/5/6419 7428/5/6376
f 7476/5/6413 7484/5/6420 7427/5/6375
f 7483/5/6419 7425/5/6373 7428/5/6376
f 7484/5/6420 7423/5/6371 7427/5/6375
f 7483/5/6419 7489/5/6425 7425/5/6373
f 7484/5/6420 7490/5/6426 7423/5/6371
f 7489/5/6425 7426/5/6374 7425/5/6373
f 7489/5/6425 7469/5/6408 7426/5/6374
f 7490/5/6426 7473/5/6412 7423/5/6371
f 7473/5/6412 7424/5/6372 7423/5/6371
f 7603/5/6473 7604/5/6474 7605/5/6475
f 7603/5/6473 7605/5/6475 7606/5/6476
f 7607/5/6477 7608/5/6478 7609/5/6479
f 7610/5/6480 7611/5/6481 7612/5/6482
f 7610/5/6480 7612/5/6482 7613/5/6483
f 7326/5/6284 7614/5/6484 7327/5/6285
f 7611/5/6481 7615/5/6485 7616/5/6486
f 7611/5/6481 7616/5/6486 7612/5/6482
f 7614/5/6484 7617/5/5857 7327/5/6285
f 7615/5/6485 7618/5/6487 7619/5/6488
f 7615/5/6485 7619/5/6488 7616/5/6486
f 7614/5/6484 7620/5/6489 7621/5/6490
f 7614/5/6484 7621/5/6490 7617/5/5857
f 7618/5/6487 7622/5/6491 7623/5/6492
f 7618/5/6487 7623/5/6492 7619/5/6488
f 7620/5/6489 7624/5/6493 7625/5/5865
f 7620/5/6489 7625/5/5865 7621/5/6490
f 7622/5/6491 7626/5/6494 7623/5/6492
f 7624/5/6493 7627/5/6495 7625/5/5865
f 7622/5/6491 7628/5/6496 7626/5/6494
f 7624/5/6493 7629/5/6497 7627/5/6495
f 7628/5/6496 7630/5/6498 7626/5/6494
f 7629/5/6497 7631/5/5871 7627/5/6495
f 7628/5/6496 7632/5/6499 7630/5/6498
f 7629/5/6497 7633/5/5873 7631/5/5871
f 7632/5/6499 7603/5/6473 7606/5/6476
f 7632/5/6499 7606/5/6476 7630/5/6498
f 7633/5/5873 7634/5/6500 7631/5/5871
f 7633/5/5873 7635/5/6501 7634/5/6500
f 7636/5/5876 7637/5/6502 7638/5/6503
f 7636/5/5876 7638/5/6503 7639/5/5879
f 7635/5/6501 7640/5/5880 7634/5/6500
f 7608/5/6478 7641/5/6504 7642/5/6505
f 7635/5/6501 7643/5/6506 7640/5/5880
f 7643/5/6506 7644/5/6507 7645/5/6508
f 7643/5/6506 7645/5/6508 7646/5/5886
f 7643/5/6506 7646/5/5886 7640/5/5880
f 7604/5/6474 7647/5/6509 7648/5/6510
f 7649/5/6511 7650/5/6512 7651/5/6513
f 7649/5/6511 7651/5/6513 7652/5/6514
f 7647/5/6509 7653/5/6515 7648/5/6510
f 7644/5/6507 7654/5/6516 7655/5/6517
f 7644/5/6507 7655/5/6517 7645/5/6508
f 7647/5/6509 7656/5/6518 7653/5/6515
f 7650/5/6512 7657/5/6519 7658/5/6520
f 7650/5/6512 7658/5/6520 7651/5/6513
f 7656/5/6518 7659/5/6521 7660/5/6522
f 7656/5/6518 7660/5/6522 7653/5/6515
f 7654/5/6516 7661/5/6523 7662/5/6524
f 7654/5/6516 7662/5/6524 7655/5/6517
f 7657/5/6519 7663/5/6525 7664/5/6526
f 7657/5/6519 7664/5/6526 7658/5/6520
f 7659/5/6521 7665/5/6527 7666/5/6528
f 7659/5/6521 7666/5/6528 7660/5/6522
f 7661/5/6523 7667/5/6529 7668/5/6530
f 7661/5/6523 7668/5/6530 7662/5/6524
f 7667/5/6529 7669/5/6531 7670/5/6532
f 7667/5/6529 7670/5/6532 7668/5/6530
f 7663/5/6525 7671/5/6533 7672/5/5913
f 7663/5/6525 7672/5/5913 7664/5/6526
f 7665/5/6527 7607/5/6477 7673/5/6534
f 7665/5/6527 7673/5/6534 7666/5/6528
f 7641/5/6504 7326/5/6284 7328/5/6286
f 7641/5/6504 7328/5/6286 7642/5/6505
f 7607/5/6477 7609/5/6479 7673/5/6534
f 7671/5/6533 7674/5/6535 7675/5/6536
f 7671/5/6533 7675/5/6536 7672/5/5913
f 7608/5/6478 7642/5/6505 7609/5/6479
f 7604/5/6474 7648/5/6510 7605/5/6475
f 7674/5/6535 7610/5/6480 7613/5/6483
f 7674/5/6535 7613/5/6483 7675/5/6536
f 7676/5/5917 7677/5/5918 7678/5/6537
f 7679/5/6538 7680/5/6539 7681/5/5922
f 7679/5/6538 7681/5/5922 7682/5/5921
f 7683/5/5924 7684/5/5924 7685/5/5925
f 7683/5/5924 7685/5/5925 7686/5/5925
f 7687/5/5926 7688/5/5927 7689/5/5928
f 7687/5/5926 7689/5/5928 7690/5/5929
f 7318/5/5566 7691/5/6540 7692/5/5930
f 7318/5/5566 7692/5/5930 7319/5/6281
f 7693/5/6541 7694/5/6541 7323/5/5568
f 7693/5/6541 7323/5/5568 7322/5/5568
f 7695/5/5933 7679/5/6538 7682/5/5921
f 7324/5/5569 7696/5/5934 7697/5/5934
f 7324/5/5569 7697/5/5934 7325/5/5569
f 7698/5/5935 7699/5/5936 7700/5/5937
f 7677/5/5918 7701/5/5938 7702/5/5939
f 7677/5/5918 7702/5/5939 7678/5/6537
f 7703/5/6542 7634/5/6500 7704/5/6543
f 7705/5/5942 7706/5/5942 7694/5/6541
f 7705/5/5942 7694/5/6541 7693/5/6541
f 7696/5/5934 7707/5/6544 7708/5/5944
f 7696/5/5934 7708/5/5944 7697/5/5934
f 7709/5/5945 7710/5/5946 7711/5/6545
f 7709/5/5945 7711/5/6545 7712/5/6546
f 7713/5/6547 7714/5/6547 7706/5/5942
f 7713/5/6547 7706/5/5942 7705/5/5942
f 7715/5/5949 7716/5/5949 7717/5/6548
f 7691/5/6540 7676/5/5917 7692/5/5930
f 7718/5/5951 7719/5/5951 7711/5/6545
f 7718/5/5951 7711/5/6545 7710/5/5946
f 7680/5/6539 7219/5/5500 7681/5/5922
f 7715/5/5949 7720/5/5952 7721/5/5952
f 7715/5/5949 7721/5/5952 7716/5/5949
f 7722/5/5953 7723/5/5954 7714/5/6547
f 7722/5/5953 7714/5/6547 7713/5/6547
f 7724/5/6549 7725/5/5956 7719/5/5951
f 7724/5/6549 7719/5/5951 7718/5/5951
f 7701/5/5938 7709/5/5945 7712/5/6546
f 7701/5/5938 7712/5/6546 7702/5/5939
f 7720/5/5952 7726/5/5957 7727/5/5958
f 7720/5/5952 7727/5/5958 7721/5/5952
f 7700/5/5937 7699/5/5936 7723/5/5954
f 7700/5/5937 7723/5/5954 7722/5/5953
f 7728/5/6550 7729/5/6551 7725/5/5956
f 7728/5/6550 7725/5/5956 7724/5/6549
f 7726/5/5957 7730/5/5961 7731/5/5962
f 7726/5/5957 7731/5/5962 7727/5/5958
f 7732/5/5963 7729/5/6551 7728/5/6550
f 7730/5/5961 7733/5/5965 7734/5/5966
f 7730/5/5961 7734/5/5966 7731/5/5962
f 7735/5/6552 7736/5/5967 7732/5/5963
f 7733/5/5965 7737/5/5968 7738/5/5969
f 7733/5/5965 7738/5/5969 7734/5/5966
f 7739/5/5970 7736/5/5967 7735/5/6552
f 7737/5/5968 7740/5/5971 7741/5/5972
f 7737/5/5968 7741/5/5972 7738/5/5969
f 7742/5/6553 7743/5/6553 7739/5/5970
f 7740/5/5971 7687/5/5926 7690/5/5929
f 7740/5/5971 7690/5/5929 7741/5/5972
f 7686/5/5925 7685/5/5925 7743/5/6553
f 7686/5/5925 7743/5/6553 7742/5/6553
f 7688/5/5927 7262/5/6254 7263/5/5527
f 7688/5/5927 7263/5/5527 7689/5/5928
f 7259/5/6253 7258/5/5524 7684/5/5924
f 7259/5/6253 7684/5/5924 7683/5/5924
f 7744/5/5974 7631/5/5871 7634/5/6500
f 7744/5/5974 7634/5/6500 7703/5/6542
f 7745/5/6554 7642/5/6505 7328/5/6286
f 7745/5/6554 7328/5/6286 7746/5/6555
f 7747/5/6556 7613/5/6483 7612/5/6482
f 7747/5/6556 7612/5/6482 7748/5/6557
f 7746/5/6555 7328/5/6286 7327/5/6285
f 7746/5/6555 7327/5/6285 7749/5/6558
f 7748/5/6557 7612/5/6482 7750/5/6559
f 7749/5/6558 7327/5/6285 7751/5/6560
f 7750/5/6559 7612/5/6482 7616/5/6486
f 7750/5/6559 7616/5/6486 7752/5/6561
f 7751/5/6560 7327/5/6285 7617/5/5857
f 7751/5/6560 7617/5/5857 7753/5/5983
f 7752/5/6561 7616/5/6486 7619/5/6488
f 7752/5/6561 7619/5/6488 7754/5/6562
f 7753/5/5983 7617/5/5857 7621/5/6490
f 7753/5/5983 7621/5/6490 7755/5/6563
f 7754/5/6562 7619/5/6488 7756/5/5986
f 7755/5/6563 7621/5/6490 7757/5/6564
f 7756/5/5986 7619/5/6488 7623/5/6492
f 7756/5/5986 7623/5/6492 7758/5/6565
f 7757/5/6564 7621/5/6490 7625/5/5865
f 7757/5/6564 7625/5/5865 7759/5/5989
f 7758/5/6565 7623/5/6492 7626/5/6494
f 7758/5/6565 7626/5/6494 7760/5/6566
f 7759/5/5989 7625/5/5865 7627/5/6495
f 7759/5/5989 7627/5/6495 7761/5/5991
f 7760/5/6566 7626/5/6494 7762/5/6567
f 7760/5/6566 7762/5/6567 7763/5/6568
f 7761/5/5991 7627/5/6495 7764/5/5993
f 7763/5/6568 7762/5/6567 7765/5/6569
f 7764/5/5993 7627/5/6495 7631/5/5871
f 7764/5/5993 7631/5/5871 7766/5/5995
f 7765/5/6569 7762/5/6567 7767/5/6570
f 7765/5/6569 7767/5/6570 7768/5/6571
f 7766/5/5995 7631/5/5871 7744/5/5974
f 7768/5/6571 7767/5/6570 7769/5/6572
f 7770/5/5998 7639/5/5879 7638/5/6503
f 7770/5/5998 7638/5/6503 7771/5/6573
f 7769/5/6572 7767/5/6570 7606/5/6476
f 7769/5/6572 7606/5/6476 7772/5/6574
f 7771/5/6573 7638/5/6503 7652/5/6514
f 7771/5/6573 7652/5/6514 7773/5/6575
f 7772/5/6574 7606/5/6476 7605/5/6475
f 7772/5/6574 7605/5/6475 7774/5/6576
f 7773/5/6575 7652/5/6514 7775/5/6577
f 7774/5/6576 7605/5/6475 7648/5/6510
f 7774/5/6576 7648/5/6510 7776/5/6578
f 7775/5/6577 7652/5/6514 7651/5/6513
f 7775/5/6577 7651/5/6513 7777/5/6579
f 7776/5/6578 7648/5/6510 7778/5/6580
f 7779/5/6008 7640/5/5880 7780/5/6009
f 7777/5/6579 7651/5/6513 7781/5/6581
f 7778/5/6580 7648/5/6510 7653/5/6515
f 7778/5/6580 7653/5/6515 7782/5/6582
f 7780/5/6009 7640/5/5880 7646/5/5886
f 7780/5/6009 7646/5/5886 7783/5/6012
f 7781/5/6581 7651/5/6513 7658/5/6520
f 7781/5/6581 7658/5/6520 7784/5/6583
f 7782/5/6582 7653/5/6515 7785/5/6584
f 7783/5/6012 7646/5/5886 7645/5/6508
f 7783/5/6012 7645/5/6508 7786/5/6015
f 7784/5/6583 7658/5/6520 7787/5/6585
f 7785/5/6584 7653/5/6515 7660/5/6522
f 7785/5/6584 7660/5/6522 7788/5/6586
f 7786/5/6015 7645/5/6508 7789/5/6587
f 7787/5/6585 7658/5/6520 7664/5/6526
f 7787/5/6585 7664/5/6526 7790/5/6019
f 7788/5/6586 7660/5/6522 7791/5/6588
f 7788/5/6586 7791/5/6588 7792/5/6589
f 7789/5/6587 7645/5/6508 7655/5/6517
f 7789/5/6587 7655/5/6517 7793/5/6590
f 7790/5/6019 7664/5/6526 7794/5/6022
f 7790/5/6019 7794/5/6022 7795/5/6023
f 7792/5/6589 7791/5/6588 7796/5/6591
f 7793/5/6590 7655/5/6517 7797/5/6592
f 7793/5/6590 7797/5/6592 7798/5/6593
f 7795/5/6023 7794/5/6022 7799/5/6594
f 7796/5/6591 7791/5/6588 7666/5/6528
f 7796/5/6591 7666/5/6528 7800/5/6595
f 7798/5/6593 7797/5/6592 7801/5/6596
f 7799/5/6594 7794/5/6022 7672/5/5913
f 7799/5/6594 7672/5/5913 7802/5/6597
f 7800/5/6595 7666/5/6528 7673/5/6534
f 7800/5/6595 7673/5/6534 7803/5/6030
f 7801/5/6596 7797/5/6592 7662/5/6524
f 7801/5/6596 7662/5/6524 7804/5/6598
f 7804/5/6598 7662/5/6524 7668/5/6530
f 7804/5/6598 7668/5/6530 7805/5/6599
f 7803/5/6030 7673/5/6534 7609/5/6479
f 7803/5/6030 7609/5/6479 7806/5/6600
f 7805/5/6599 7668/5/6530 7670/5/6532
f 7805/5/6599 7670/5/6532 7807/5/6601
f 7806/5/6600 7609/5/6479 7808/5/6602
f 7802/5/6597 7672/5/5913 7675/5/6536
f 7802/5/6597 7675/5/6536 7809/5/6036
f 7704/5/6543 7634/5/6500 7640/5/5880
f 7704/5/6543 7640/5/5880 7779/5/6008
f 7808/5/6602 7609/5/6479 7642/5/6505
f 7808/5/6602 7642/5/6505 7810/5/6603
f 7809/5/6036 7675/5/6536 7811/5/6604
f 7810/5/6603 7642/5/6505 7745/5/6554
f 7321/5/6283 7320/5/6282 7254/5/5520
f 7321/5/6283 7254/5/5520 7253/5/5520
f 7626/5/6494 7630/5/6498 7762/5/6567
f 7630/5/6498 7767/5/6570 7762/5/6567
f 7630/5/6498 7606/5/6476 7767/5/6570
f 7660/5/6522 7666/5/6528 7791/5/6588
f 7655/5/6517 7662/5/6524 7797/5/6592
f 7664/5/6526 7672/5/5913 7794/5/6022
f 7811/5/6604 7675/5/6536 7613/5/6483
f 7811/5/6604 7613/5/6483 7747/5/6556
f 7695/5/5933 7707/5/6544 7812/5/6605
f 7170/5/5462 7184/5/5472 7813/5/6606
f 7184/5/5472 7193/5/6231 7813/5/6606
f 7213/5/5497 7228/5/5505 7814/5/6607
f 7228/5/5505 7244/5/6249 7814/5/6607
f 7244/5/6249 7255/5/5522 7815/5/6608
f 7211/5/6235 7816/5/6609 7212/5/5492
f 7255/5/5522 7262/5/6254 7815/5/6608
f 7816/5/6609 7817/5/6610 7199/5/5486
f 7816/5/6609 7199/5/5486 7212/5/5492
f 7817/5/6610 7192/5/5480 7199/5/5486
f 7715/5/5949 7717/5/6548 7818/5/6611
f 7717/5/6548 7698/5/5935 7819/5/6612
f 7717/5/6548 7819/5/6612 7818/5/6611
f 7698/5/5935 7700/5/5937 7819/5/6612
f 7165/5/5457 7167/5/6225 7820/5/6613
f 7280/5/6262 7821/5/6614 7281/5/6263
f 7167/5/6225 7181/5/6229 7820/5/6613
f 7821/5/6614 7282/5/6264 7281/5/6263
f 7289/5/6270 7822/5/6615 7291/5/5544
f 7238/5/6246 7250/5/5518 7823/5/6616
f 7822/5/6615 7292/5/6271 7291/5/5544
f 7250/5/5518 7259/5/6253 7823/5/6616
f 7294/5/6272 7824/5/6617 7296/5/5548
f 7824/5/6617 7297/5/6274 7296/5/5548
f 7742/5/6553 7739/5/5970 7825/5/6618
f 7739/5/5970 7735/5/6552 7825/5/6618
f 7735/5/6552 7732/5/5963 7826/5/6619
f 7732/5/5963 7728/5/6550 7826/5/6619
f 7677/5/5918 7676/5/5917 7827/5/6620
f 7676/5/5917 7691/5/6540 7827/5/6620
f 7318/5/5566 7317/5/6280 7828/5/6058
f 7317/5/6280 7161/5/6223 7828/5/6058
f 7176/5/5466 7187/5/5475 7829/5/6621
f 7187/5/5475 7200/5/6232 7829/5/6621
f 7200/5/6232 7219/5/5500 7830/5/6622
f 7219/5/5500 7680/5/6539 7830/5/6622
f 7679/5/6538 7695/5/5933 7812/5/6605
f 7284/5/6266 7286/5/6268 7831/5/6623
f 7280/5/6262 7281/5/6263 7832/5/6624
f 7279/5/6261 7280/5/6262 7832/5/6624
f 7243/5/6248 7239/5/6247 7833/5/6625
f 7248/5/6250 7243/5/6248 7833/5/6625
f 7667/5/6529 7661/5/6523 7834/5/6626
f 7661/5/6523 7835/5/6627 7834/5/6626
f 7661/5/6523 7654/5/6516 7836/5/6628
f 7661/5/6523 7836/5/6628 7835/5/6627
f 7654/5/6516 7837/5/6629 7836/5/6628
f 7654/5/6516 7644/5/6507 7838/5/6630
f 7654/5/6516 7838/5/6630 7837/5/6629
f 7644/5/6507 7839/5/6631 7838/5/6630
f 7644/5/6507 7643/5/6506 7840/5/6632
f 7644/5/6507 7840/5/6632 7839/5/6631
f 7643/5/6506 7841/5/6081 7840/5/6632
f 7643/5/6506 7635/5/6501 7842/5/6633
f 7643/5/6506 7842/5/6633 7841/5/6081
f 7635/5/6501 7843/5/6634 7842/5/6633
f 7635/5/6501 7633/5/5873 7844/5/6635
f 7635/5/6501 7844/5/6635 7843/5/6634
f 7633/5/5873 7845/5/6636 7844/5/6635
f 7633/5/5873 7629/5/6497 7846/5/6637
f 7633/5/5873 7846/5/6637 7845/5/6636
f 7629/5/6497 7847/5/6638 7846/5/6637
f 7629/5/6497 7624/5/6493 7848/5/6639
f 7629/5/6497 7848/5/6639 7847/5/6638
f 7624/5/6493 7849/5/6640 7848/5/6639
f 7624/5/6493 7620/5/6489 7850/5/6641
f 7624/5/6493 7850/5/6641 7849/5/6640
f 7620/5/6489 7851/5/6642 7850/5/6641
f 7620/5/6489 7614/5/6484 7852/5/6643
f 7620/5/6489 7852/5/6643 7851/5/6642
f 7614/5/6484 7853/5/6644 7852/5/6643
f 7614/5/6484 7326/5/6284 7854/5/6645
f 7614/5/6484 7854/5/6645 7853/5/6644
f 7326/5/6284 7855/5/6646 7854/5/6645
f 7326/5/6284 7641/5/6504 7855/5/6646
f 7641/5/6504 7608/5/6478 7856/5/6647
f 7608/5/6478 7857/5/6648 7856/5/6647
f 7608/5/6478 7607/5/6477 7858/5/6649
f 7608/5/6478 7858/5/6649 7857/5/6648
f 7607/5/6477 7859/5/6650 7858/5/6649
f 7607/5/6477 7665/5/6527 7860/5/6651
f 7607/5/6477 7860/5/6651 7859/5/6650
f 7665/5/6527 7861/5/6652 7860/5/6651
f 7665/5/6527 7659/5/6521 7862/5/6653
f 7665/5/6527 7862/5/6653 7861/5/6652
f 7659/5/6521 7863/5/6654 7862/5/6653
f 7659/5/6521 7656/5/6518 7863/5/6654
f 7180/5/6228 7864/5/6655 7190/5/6230
f 7656/5/6518 7647/5/6509 7865/5/6656
f 7864/5/6655 7206/5/5493 7190/5/6230
f 7647/5/6509 7866/5/6657 7865/5/6656
f 7647/5/6509 7604/5/6474 7867/5/6658
f 7647/5/6509 7867/5/6658 7866/5/6657
f 7604/5/6474 7868/5/6105 7867/5/6658
f 7604/5/6474 7603/5/6473 7869/5/6659
f 7604/5/6474 7869/5/6659 7868/5/6105
f 7603/5/6473 7870/5/6660 7869/5/6659
f 7603/5/6473 7632/5/6499 7870/5/6660
f 7632/5/6499 7628/5/6496 7871/5/6661
f 7628/5/6496 7872/5/6662 7871/5/6661
f 7628/5/6496 7622/5/6491 7873/5/6663
f 7628/5/6496 7873/5/6663 7872/5/6662
f 7622/5/6491 7874/5/6664 7873/5/6663
f 7622/5/6491 7618/5/6487 7875/5/6665
f 7622/5/6491 7875/5/6665 7874/5/6664
f 7618/5/6487 7876/5/6666 7875/5/6665
f 7618/5/6487 7615/5/6485 7876/5/6666
f 7615/5/6485 7611/5/6481 7877/5/6667
f 7611/5/6481 7878/5/6668 7877/5/6667
f 7611/5/6481 7610/5/6480 7878/5/6668
f 7610/5/6480 7674/5/6535 7879/5/6669
f 7674/5/6535 7880/5/6670 7879/5/6669
f 7674/5/6535 7671/5/6533 7881/5/6671
f 7674/5/6535 7881/5/6671 7880/5/6670
f 7671/5/6533 7882/5/6672 7881/5/6671
f 7671/5/6533 7663/5/6525 7883/5/6122
f 7671/5/6533 7883/5/6122 7882/5/6672
f 7663/5/6525 7884/5/6673 7883/5/6122
f 7317/5/6280 7885/5/6674 7161/5/6223
f 7663/5/6525 7657/5/6519 7886/5/6675
f 7663/5/6525 7886/5/6675 7884/5/6673
f 7885/5/6674 7162/5/5454 7161/5/6223
f 7657/5/6519 7887/5/6676 7886/5/6675
f 7657/5/6519 7650/5/6512 7888/5/6677
f 7657/5/6519 7888/5/6677 7887/5/6676
f 7650/5/6512 7889/5/6678 7888/5/6677
f 7650/5/6512 7649/5/6511 7890/5/6679
f 7650/5/6512 7890/5/6679 7889/5/6678
f 7649/5/6511 7891/5/6680 7890/5/6679
f 7649/5/6511 7637/5/6502 7891/5/6680
f 7707/5/6544 7695/5/5933 7708/5/5944
f 7637/5/6502 7649/5/6511 7652/5/6514
f 7637/5/6502 7652/5/6514 7638/5/6503
f 7892/5/6681 7893/5/6682 7894/5/6683
f 7895/5/6684 7893/5/6682 7896/5/6685
f 7894/5/6683 7893/5/6682 7895/5/6684
f 7896/5/6685 7893/5/6682 7892/5/6681
f 7897/5/6686 7898/5/6687 7899/5/6688
f 7900/5/6689 7897/5/6686 7899/5/6688
f 7898/5/6687 7901/5/6690 7899/5/6688
f 7901/5/6690 7900/5/6689 7899/5/6688
f 7902/5/6691 7895/5/6684 7903/5/6692
f 7904/5/6693 7892/5/6681 7905/5/6694
f 7906/5/6695 7895/5/6684 7902/5/6691
f 7907/5/6696 7892/5/6681 7904/5/6693
f 7906/5/6695 7894/5/6683 7895/5/6684
f 7907/5/6696 7896/5/6685 7892/5/6681
f 7908/5/6697 7894/5/6683 7909/5/6698
f 7910/5/6699 7896/5/6685 7907/5/6696
f 7908/5/6697 7892/5/6681 7894/5/6683
f 7909/5/6698 7894/5/6683 7906/5/6695
f 7910/5/6699 7895/5/6684 7896/5/6685
f 7903/5/6692 7895/5/6684 7910/5/6699
f 7905/5/6694 7892/5/6681 7908/5/6697
f 7911/5/6700 7912/5/6701 7913/5/6702
f 7914/5/6703 7915/5/6704 7916/5/6705
f 7911/5/6700 7913/5/6702 7917/5/6706
f 7918/5/6707 7919/5/6708 7920/5/6709
f 7918/5/6707 7920/5/6709 7921/5/6710
f 7916/5/6705 7915/5/6704 7922/5/6711
f 7917/5/6706 7913/5/6702 7923/5/6712
f 7916/5/6705 7922/5/6711 7924/5/6713
f 7917/5/6706 7923/5/6712 7925/5/6714
f 7921/5/6710 7920/5/6709 7926/5/6715
f 7921/5/6710 7926/5/6715 7927/5/6716
f 7924/5/6713 7922/5/6711 7928/5/6717
f 7924/5/6713 7928/5/6717 7929/5/6718
f 7925/5/6714 7923/5/6712 7930/5/6719
f 7925/5/6714 7930/5/6719 7931/5/6720
f 7927/5/6716 7926/5/6715 7932/5/6721
f 7927/5/6716 7932/5/6721 7933/5/6722
f 7929/5/6718 7928/5/6717 7919/5/6708
f 7929/5/6718 7919/5/6708 7918/5/6707
f 7931/5/6720 7930/5/6719 7934/5/6723
f 7931/5/6720 7934/5/6723 7935/5/6724
f 7933/5/6722 7932/5/6721 7936/5/6725
f 7935/5/6724 7934/5/6723 7937/5/6726
f 7936/5/6725 7938/5/6727 7939/5/6728
f 7935/5/6724 7937/5/6726 7940/5/6729
f 7940/5/6729 7937/5/6726 7941/5/6730
f 7939/5/6728 7938/5/6727 7942/5/6731
f 7939/5/6728 7942/5/6731 7943/5/6732
f 7941/5/6730 7944/5/6733 7945/5/6734
f 7943/5/6732 7942/5/6731 7912/5/6701
f 7943/5/6732 7912/5/6701 7911/5/6700
f 7945/5/6734 7944/5/6733 7914/5/6703
f 7946/5/6735 7947/5/6736 7948/5/6737
f 7946/5/6735 7948/5/6737 7949/5/6738
f 7950/5/6739 7951/5/6740 7952/5/6741
f 7952/5/6741 7951/5/6740 7953/5/6742
f 7954/5/6743 7955/5/6744 7956/5/6745
f 7952/5/6741 7953/5/6742 7957/5/6746
f 7949/5/6738 7948/5/6737 7958/5/6747
f 7949/5/6738 7958/5/6747 7959/5/6748
f 7956/5/6745 7955/5/6744 7960/5/6749
f 7956/5/6745 7960/5/6749 7961/5/6750
f 7957/5/6746 7953/5/6742 7962/5/6751
f 7959/5/6748 7958/5/6747 7963/5/6752
f 7961/5/6750 7960/5/6749 7964/5/6753
f 7961/5/6750 7964/5/6753 7965/5/6754
f 7962/5/6751 7953/5/6742 7955/5/6744
f 7962/5/6751 7955/5/6744 7954/5/6743
f 7963/5/6752 7958/5/6747 7966/5/6755
f 7963/5/6752 7966/5/6755 7967/5/6756
f 7965/5/6754 7964/5/6753 7968/5/6757
f 7965/5/6754 7968/5/6757 7969/5/6758
f 7967/5/6756 7966/5/6755 7970/5/6759
f 7969/5/6758 7968/5/6757 7971/5/6760
f 7970/5/6759 7966/5/6755 7972/5/6761
f 7970/5/6759 7972/5/6761 7973/5/6762
f 7971/5/6760 7968/5/6757 7947/5/6736
f 7971/5/6760 7947/5/6736 7946/5/6735
f 7973/5/6762 7972/5/6761 7950/5/6739
f 7950/5/6739 7972/5/6761 7951/5/6740
f 7974/5/5401 7975/5/5402 7976/5/5403
f 7974/5/5401 7977/5/6763 7975/5/5402
f 7978/5/6764 7979/5/6765 7980/5/6766
f 7981/5/6767 7977/5/6763 7974/5/5401
f 7981/5/6767 7982/5/6768 7977/5/6763
f 7978/5/6764 7983/5/6769 7979/5/6765
f 7984/5/6770 7982/5/6768 7981/5/6767
f 7985/5/6771 7983/5/6769 7978/5/6764
f 7984/5/6770 7986/5/6772 7982/5/6768
f 7987/5/6773 7988/5/6774 7983/5/6769
f 7987/5/6773 7983/5/6769 7985/5/6771
f 7989/5/6775 7986/5/6772 7984/5/6770
f 7990/5/6776 7991/5/6777 7988/5/6774
f 7990/5/6776 7988/5/6774 7987/5/6773
f 7992/5/6778 7993/5/5418 7991/5/6777
f 7992/5/6778 7991/5/6777 7990/5/6776
f 7994/5/5420 7995/5/5421 7993/5/5418
f 7994/5/5420 7993/5/5418 7992/5/6778
f 7996/5/5424 7997/5/5425 7995/5/5421
f 7996/5/5424 7995/5/5421 7994/5/5420
f 7998/5/5430 7999/5/5431 7997/5/5425
f 7998/5/5430 7997/5/5425 7996/5/5424
f 8000/5/6779 8001/5/6780 8002/5/6781
f 8003/5/5434 8004/5/5435 7999/5/5431
f 8003/5/5434 7999/5/5431 7998/5/5430
f 8005/5/6782 8001/5/6780 8000/5/6779
f 8006/5/5437 8004/5/5435 8003/5/5434
f 8006/5/5437 8007/5/5438 8004/5/5435
f 8008/5/6783 8007/5/5438 8006/5/5437
f 8009/5/6784 8010/5/6785 8005/5/6782
f 8008/5/6783 8011/5/5440 8007/5/5438
f 8012/5/6786 8010/5/6785 8009/5/6784
f 7976/5/5403 8011/5/5440 8008/5/6783
f 7976/5/5403 7975/5/5402 8011/5/5440
f 7980/5/6766 8010/5/6785 8012/5/6786
f 7980/5/6766 7945/5/6734 7914/5/6703
f 7977/5/6763 7911/5/6700 7975/5/5402
f 7979/5/6765 7945/5/6734 7980/5/6766
f 7977/5/6763 7943/5/6732 7911/5/6700
f 7982/5/6768 7943/5/6732 7977/5/6763
f 7983/5/6769 7941/5/6730 7945/5/6734
f 7983/5/6769 7945/5/6734 7979/5/6765
f 7986/5/6772 7939/5/6728 7943/5/6732
f 7986/5/6772 7943/5/6732 7982/5/6768
f 7983/5/6769 7940/5/6729 7941/5/6730
f 7988/5/6774 7940/5/6729 7983/5/6769
f 7989/5/6775 7939/5/6728 7986/5/6772
f 7991/5/6777 7935/5/6724 7940/5/6729
f 7991/5/6777 7940/5/6729 7988/5/6774
f 8013/5/6787 7936/5/6725 7939/5/6728
f 8013/5/6787 7939/5/6728 7989/5/6775
f 7993/5/5418 7935/5/6724 7991/5/6777
f 8014/5/6788 7933/5/6722 7936/5/6725
f 8014/5/6788 7936/5/6725 8013/5/6787
f 7995/5/5421 7931/5/6720 7935/5/6724
f 7995/5/5421 7935/5/6724 7993/5/5418
f 8015/5/6789 7933/5/6722 8014/5/6788
f 8016/5/6790 7929/5/6718 7918/5/6707
f 8016/5/6790 7918/5/6707 8017/5/6791
f 8015/5/6789 7927/5/6716 7933/5/6722
f 7997/5/5425 7931/5/6720 7995/5/5421
f 8018/5/6792 7927/5/6716 8015/5/6789
f 8002/5/6781 7929/5/6718 8016/5/6790
f 7999/5/5431 7925/5/6714 7931/5/6720
f 7999/5/5431 7931/5/6720 7997/5/5425
f 8019/5/6793 7927/5/6716 8018/5/6792
f 8001/5/6780 7924/5/6713 7929/5/6718
f 8001/5/6780 7929/5/6718 8002/5/6781
f 8019/5/6793 7921/5/6710 7927/5/6716
f 8004/5/5435 7925/5/6714 7999/5/5431
f 8020/5/6794 7921/5/6710 8019/5/6793
f 8004/5/5435 7917/5/6706 7925/5/6714
f 8005/5/6782 7916/5/6705 7924/5/6713
f 8005/5/6782 7924/5/6713 8001/5/6780
f 8021/5/6795 7921/5/6710 8020/5/6794
f 8007/5/5438 7917/5/6706 8004/5/5435
f 8021/5/6795 7918/5/6707 7921/5/6710
f 8010/5/6785 7916/5/6705 8005/5/6782
f 8017/5/6791 7918/5/6707 8021/5/6795
f 8011/5/5440 7917/5/6706 8007/5/5438
f 8011/5/5440 7911/5/6700 7917/5/6706
f 8010/5/6785 7914/5/6703 7916/5/6705
f 7975/5/5402 7911/5/6700 8011/5/5440
f 7980/5/6766 7914/5/6703 8010/5/6785
f 8022/5/5447 8023/5/5447 8024/5/6796
f 8025/5/5453 8026/5/5453 8023/5/5447
f 8025/5/5453 8023/5/5447 8022/5/5447
f 8027/5/5454 8028/5/6223 8029/5/5454
f 8030/5/5455 8031/5/5456 8026/5/5453
f 8030/5/5455 8026/5/5453 8025/5/5453
f 8032/5/5458 8033/5/5459 8034/5/6797
f 8035/5/6798 8036/5/6799 8031/5/5456
f 8035/5/6798 8031/5/5456 8030/5/5455
f 8037/5/6800 8038/5/5463 8039/5/5462
f 8040/5/5464 8041/5/5465 8036/5/6799
f 8040/5/5464 8036/5/6799 8035/5/6798
f 8042/5/5466 8027/5/5454 8029/5/5454
f 8042/5/5466 8029/5/5454 8043/5/5466
f 8044/5/6801 8045/5/6227 8041/5/5465
f 8044/5/6801 8041/5/5465 8040/5/5464
f 8034/5/6797 8033/5/5459 8046/5/6802
f 8034/5/6797 8046/5/6802 8047/5/6802
f 8048/5/5470 8049/5/6803 8045/5/6227
f 8048/5/5470 8045/5/6227 8044/5/6801
f 8050/5/5472 8037/5/6800 8039/5/5462
f 8050/5/5472 8039/5/5462 8051/5/5472
f 8052/5/5473 8053/5/5474 8049/5/6803
f 8052/5/5473 8049/5/6803 8048/5/5470
f 8054/5/5475 8042/5/5466 8043/5/5466
f 8054/5/5475 8043/5/5466 8055/5/6804
f 8056/5/6805 8057/5/5477 8053/5/5474
f 8056/5/6805 8053/5/5474 8052/5/5473
f 8047/5/6802 8046/5/6802 8058/5/5478
f 8047/5/6802 8058/5/5478 8059/5/5478
f 8060/5/5479 8061/5/5480 8057/5/5477
f 8060/5/5479 8057/5/5477 8056/5/6805
f 8062/5/5481 8050/5/5472 8051/5/5472
f 8062/5/5481 8051/5/5472 8063/5/5481
f 8064/5/5482 8065/5/5483 8066/5/6806
f 8064/5/5482 8066/5/6806 8067/5/5485
f 8068/5/5486 8069/5/5486 8061/5/5480
f 8068/5/5486 8061/5/5480 8060/5/5479
f 8070/5/5488 8054/5/5475 8055/5/6804
f 8071/5/5489 8072/5/5489 8073/5/5491
f 8071/5/5489 8073/5/5491 8074/5/5491
f 8075/5/5492 8076/5/5492 8069/5/5486
f 8075/5/5492 8069/5/5486 8068/5/5486
f 8059/5/5478 8058/5/5478 8077/5/5493
f 8059/5/5478 8077/5/5493 8078/5/5493
f 8079/5/5494 8080/5/5494 8072/5/5489
f 8079/5/5494 8072/5/5489 8071/5/5489
f 8081/5/6807 8076/5/5492 8075/5/5492
f 8082/5/5497 8062/5/5481 8063/5/5481
f 8083/5/6808 8084/5/6808 8080/5/5494
f 8083/5/6808 8080/5/5494 8079/5/5494
f 8085/5/6239 8086/5/6239 8084/5/6808
f 8085/5/6239 8084/5/6808 8083/5/6808
f 8078/5/5493 8077/5/5493 8087/5/6809
f 8078/5/5493 8087/5/6809 8088/5/6810
f 8089/5/6241 8090/5/6241 8091/5/6811
f 8092/5/5503 8093/5/5503 8086/5/6239
f 8092/5/5503 8086/5/6239 8085/5/6239
f 8094/5/6812 8082/5/5497 8095/5/5505
f 8096/5/5506 8097/5/5506 8090/5/6241
f 8096/5/5506 8090/5/6241 8089/5/6241
f 8098/5/6244 8099/5/6244 8093/5/5503
f 8098/5/6244 8093/5/5503 8092/5/5503
f 8100/5/6245 8101/5/6813 8097/5/5506
f 8100/5/6245 8097/5/5506 8096/5/5506
f 8102/5/5512 8099/5/6244 8098/5/6244
f 8088/5/6810 8087/5/6809 8103/5/5513
f 8088/5/6810 8103/5/5513 8104/5/6246
f 8105/5/6043 8106/5/6043 8101/5/6813
f 8105/5/6043 8101/5/6813 8100/5/6245
f 8107/5/6814 8108/5/6815 8102/5/5512
f 8109/5/6248 8110/5/6248 8106/5/6043
f 8109/5/6248 8106/5/6043 8105/5/6043
f 8111/5/5515 8094/5/6812 8095/5/5505
f 8111/5/5515 8095/5/5505 8112/5/5515
f 8113/5/5517 8108/5/6815 8107/5/6814
f 8114/5/6251 8115/5/6250 8110/5/6248
f 8114/5/6251 8110/5/6248 8109/5/6248
f 8104/5/6246 8103/5/5513 8116/5/5518
f 8104/5/6246 8116/5/5518 8117/5/5518
f 8118/5/6252 8119/5/6816 8113/5/5517
f 8120/5/6817 8121/5/5520 8115/5/6250
f 8120/5/6817 8115/5/6250 8114/5/6251
f 8122/5/5522 8111/5/5515 8112/5/5515
f 8122/5/5522 8112/5/5515 8123/5/5522
f 8124/5/6818 8125/5/5523 8119/5/6816
f 8124/5/6818 8119/5/6816 8118/5/6252
f 8117/5/5518 8116/5/5518 8126/5/5524
f 8117/5/5518 8126/5/5524 8127/5/5524
f 8128/5/5525 8129/5/5526 8125/5/5523
f 8128/5/5525 8125/5/5523 8124/5/6818
f 8130/5/5527 8122/5/5522 8123/5/5522
f 8130/5/5527 8123/5/5522 8131/5/5527
f 8132/5/5529 8133/5/5530 8129/5/5526
f 8132/5/5529 8129/5/5526 8128/5/5525
f 8134/5/6819 8135/5/6257 8133/5/5530
f 8134/5/6819 8133/5/5530 8132/5/5529
f 7944/5/6733 7950/5/6739 7914/5/6703
f 7944/5/6733 7973/5/6762 7950/5/6739
f 7942/5/6731 7971/5/6760 7946/5/6735
f 7942/5/6731 7946/5/6735 7912/5/6701
f 7941/5/6730 7973/5/6762 7944/5/6733
f 7938/5/6727 7971/5/6760 7942/5/6731
f 7941/5/6730 7970/5/6759 7973/5/6762
f 7937/5/6726 7970/5/6759 7941/5/6730
f 7938/5/6727 7969/5/6758 7971/5/6760
f 7936/5/6725 7969/5/6758 7938/5/6727
f 7934/5/6723 7967/5/6756 7970/5/6759
f 7934/5/6723 7970/5/6759 7937/5/6726
f 7936/5/6725 7965/5/6754 7969/5/6758
f 7932/5/6721 7965/5/6754 7936/5/6725
f 7930/5/6719 7963/5/6752 7967/5/6756
f 7930/5/6719 7967/5/6756 7934/5/6723
f 7928/5/6717 7962/5/6751 7954/5/6743
f 7928/5/6717 7954/5/6743 7919/5/6708
f 7926/5/6715 7961/5/6750 7965/5/6754
f 7926/5/6715 7965/5/6754 7932/5/6721
f 7923/5/6712 7959/5/6748 7963/5/6752
f 7923/5/6712 7963/5/6752 7930/5/6719
f 7922/5/6711 7957/5/6746 7962/5/6751
f 7922/5/6711 7962/5/6751 7928/5/6717
f 7920/5/6709 7956/5/6745 7961/5/6750
f 7920/5/6709 7961/5/6750 7926/5/6715
f 7913/5/6702 7949/5/6738 7959/5/6748
f 7913/5/6702 7959/5/6748 7923/5/6712
f 7915/5/6704 7952/5/6741 7957/5/6746
f 7915/5/6704 7957/5/6746 7922/5/6711
f 7919/5/6708 7954/5/6743 7956/5/6745
f 7919/5/6708 7956/5/6745 7920/5/6709
f 7915/5/6704 7950/5/6739 7952/5/6741
f 7912/5/6701 7946/5/6735 7949/5/6738
f 7912/5/6701 7949/5/6738 7913/5/6702
f 7914/5/6703 7950/5/6739 7915/5/6704
f 7951/5/6740 7905/5/6694 7908/5/6697
f 7947/5/6736 7903/5/6692 7910/5/6699
f 7947/5/6736 7910/5/6699 7948/5/6737
f 7951/5/6740 7908/5/6697 7953/5/6742
f 7955/5/6744 7909/5/6698 7906/5/6695
f 7948/5/6737 7910/5/6699 7958/5/6747
f 7955/5/6744 7906/5/6695 7960/5/6749
f 7958/5/6747 7910/5/6699 7907/5/6696
f 7953/5/6742 7908/5/6697 7909/5/6698
f 7960/5/6749 7906/5/6695 7964/5/6753
f 7953/5/6742 7909/5/6698 7955/5/6744
f 7958/5/6747 7907/5/6696 7966/5/6755
f 7966/5/6755 7907/5/6696 7904/5/6693
f 7964/5/6753 7906/5/6695 7902/5/6691
f 7964/5/6753 7902/5/6691 7968/5/6757
f 7966/5/6755 7904/5/6693 7972/5/6761
f 7972/5/6761 7904/5/6693 7905/5/6694
f 7968/5/6757 7902/5/6691 7903/5/6692
f 7968/5/6757 7903/5/6692 7947/5/6736
f 7972/5/6761 7905/5/6694 7951/5/6740
f 8024/5/6796 8136/5/6820 8137/5/5533
f 8137/5/5533 8136/5/6820 8138/5/6821
f 8137/5/5533 8138/5/6821 8139/5/5534
f 8139/5/5534 8138/5/6821 8140/5/6259
f 8139/5/5534 8140/5/6259 8141/5/5535
f 8141/5/5535 8140/5/6259 8142/5/5536
f 8141/5/5535 8142/5/5536 8143/5/5536
f 8143/5/5536 8142/5/5536 8144/5/5537
f 8143/5/5536 8144/5/5537 8145/5/6822
f 8145/5/6822 8144/5/5537 8146/5/6068
f 8145/5/6822 8146/5/6068 8147/5/6068
f 8147/5/6068 8146/5/6068 8148/5/6262
f 8147/5/6068 8148/5/6262 8149/5/6066
f 8149/5/6066 8148/5/6262 8150/5/6823
f 8150/5/6823 8151/5/6264 8152/5/6824
f 8153/5/5538 8154/5/6266 8155/5/6267
f 8155/5/6267 8156/5/5541 8157/5/6825
f 8157/5/6825 8156/5/5541 8158/5/5542
f 8157/5/6825 8158/5/5542 8159/5/5542
f 8159/5/5542 8158/5/5542 8160/5/5544
f 8159/5/5542 8160/5/5544 8161/5/5544
f 8161/5/5544 8160/5/5544 8162/5/6271
f 8161/5/5544 8162/5/6271 8163/5/6271
f 8163/5/6271 8162/5/6271 8164/5/5547
f 8163/5/6271 8164/5/5547 8165/5/6273
f 8165/5/6273 8164/5/5547 8166/5/5548
f 8165/5/6273 8166/5/5548 8167/5/5548
f 8167/5/5548 8166/5/5548 8168/5/6826
f 8167/5/5548 8168/5/6826 8169/5/6826
f 8169/5/6826 8168/5/6826 8170/5/6827
f 8169/5/6826 8170/5/6827 8171/5/6275
f 8171/5/6275 8170/5/6827 8172/5/6828
f 8171/5/6275 8172/5/6828 8173/5/5551
f 8173/5/5551 8172/5/6828 8174/5/5552
f 8173/5/5551 8174/5/5552 8175/5/5553
f 8175/5/5553 8174/5/5552 8176/5/6829
f 8175/5/5553 8176/5/6829 8177/5/6830
f 8177/5/6830 8176/5/6829 8178/5/5556
f 8177/5/6830 8178/5/5556 8179/5/5557
f 8179/5/5557 8178/5/5556 8180/5/5558
f 8179/5/5557 8180/5/5558 8181/5/6831
f 8181/5/6831 8180/5/5558 8182/5/6832
f 8181/5/6831 8182/5/6832 8183/5/5561
f 8183/5/5561 8182/5/6832 8184/5/6278
f 8183/5/5561 8184/5/6278 8185/5/5563
f 8185/5/5563 8184/5/6278 8186/5/5564
f 8185/5/5563 8186/5/5564 8187/5/5565
f 8187/5/5565 8186/5/5564 8135/5/6257
f 8187/5/5565 8135/5/6257 8134/5/6819
f 8074/5/5491 8073/5/5491 8188/5/6282
f 8074/5/5491 8188/5/6282 8189/5/5567
f 8038/5/5463 8190/5/5569 8191/5/5569
f 8192/5/6833 8193/5/6834 8194/5/6835
f 8195/5/6836 7984/5/6770 7981/5/6767
f 8196/5/6837 7985/5/6771 7978/5/6764
f 8197/5/6838 7984/5/6770 8195/5/6836
f 8198/5/6839 7985/5/6771 8196/5/6837
f 8198/5/6839 7987/5/6773 7985/5/6771
f 8199/5/6840 7989/5/6775 7984/5/6770
f 8199/5/6840 7984/5/6770 8197/5/6838
f 8200/5/6841 7990/5/6776 7987/5/6773
f 8200/5/6841 7987/5/6773 8198/5/6839
f 8201/5/6842 8013/5/6787 7989/5/6775
f 8201/5/6842 7989/5/6775 8199/5/6840
f 8202/5/6843 7992/5/6778 7990/5/6776
f 8202/5/6843 7990/5/6776 8200/5/6841
f 8203/5/6844 8014/5/6788 8013/5/6787
f 8203/5/6844 8013/5/6787 8201/5/6842
f 8204/5/6295 7994/5/5420 7992/5/6778
f 8204/5/6295 7992/5/6778 8202/5/6843
f 8205/5/6845 8015/5/6789 8014/5/6788
f 8205/5/6845 8014/5/6788 8203/5/6844
f 8206/5/6846 8016/5/6790 8017/5/6791
f 8207/5/5586 7996/5/5424 7994/5/5420
f 8207/5/5586 7994/5/5420 8204/5/6295
f 8208/5/6847 8016/5/6790 8206/5/6846
f 8205/5/6845 8018/5/6792 8015/5/6789
f 8208/5/6847 8002/5/6781 8016/5/6790
f 8209/5/6848 8018/5/6792 8205/5/6845
f 8210/5/6849 7998/5/5430 7996/5/5424
f 8210/5/6849 7996/5/5424 8207/5/5586
f 8211/5/6850 8002/5/6781 8208/5/6847
f 8209/5/6848 8019/5/6793 8018/5/6792
f 8211/5/6850 8000/5/6779 8002/5/6781
f 8212/5/6851 8019/5/6793 8209/5/6848
f 8213/5/6852 8003/5/5434 7998/5/5430
f 8213/5/6852 7998/5/5430 8210/5/6849
f 8214/5/6853 8000/5/6779 8211/5/6850
f 8212/5/6851 8020/5/6794 8019/5/6793
f 8214/5/6853 8005/5/6782 8000/5/6779
f 8215/5/6854 8020/5/6794 8212/5/6851
f 8216/5/6855 8006/5/5437 8003/5/5434
f 8216/5/6855 8003/5/5434 8213/5/6852
f 8215/5/6854 8021/5/6795 8020/5/6794
f 8217/5/6856 8009/5/6784 8005/5/6782
f 8217/5/6856 8005/5/6782 8214/5/6853
f 8218/5/6857 8021/5/6795 8215/5/6854
f 8219/5/6858 8008/5/6783 8006/5/5437
f 8219/5/6858 8006/5/5437 8216/5/6855
f 8218/5/6857 8017/5/6791 8021/5/6795
f 8220/5/6859 8012/5/6786 8009/5/6784
f 8220/5/6859 8009/5/6784 8217/5/6856
f 8206/5/6846 8017/5/6791 8218/5/6857
f 8221/5/6860 7976/5/5403 8008/5/6783
f 8221/5/6860 8008/5/6783 8219/5/6858
f 8222/5/6861 7980/5/6766 8012/5/6786
f 8222/5/6861 8012/5/6786 8220/5/6859
f 8223/5/6862 7974/5/5401 7976/5/5403
f 8223/5/6862 7976/5/5403 8221/5/6860
f 8224/5/6863 7978/5/6764 7980/5/6766
f 8224/5/6863 7980/5/6766 8222/5/6861
f 8195/5/6836 7981/5/6767 7974/5/5401
f 8195/5/6836 7974/5/5401 8223/5/6862
f 8196/5/6837 7978/5/6764 8224/5/6863
f 8206/5/6846 8225/5/6864 8226/5/6865
f 8208/5/6847 8206/5/6846 8226/5/6865
f 8208/5/6847 8226/5/6865 8227/5/6866
f 8208/5/6847 8227/5/6866 8228/5/6867
f 8211/5/6850 8208/5/6847 8228/5/6867
f 8211/5/6850 8228/5/6867 8229/5/6868
f 8211/5/6850 8229/5/6868 8230/5/6869
f 8214/5/6853 8211/5/6850 8230/5/6869
f 8214/5/6853 8230/5/6869 8231/5/6870
f 8214/5/6853 8231/5/6870 8232/5/6871
f 8214/5/6853 8232/5/6871 8233/5/6872
f 8217/5/6856 8214/5/6853 8233/5/6872
f 8217/5/6856 8233/5/6872 8234/5/6873
f 8217/5/6856 8234/5/6873 8235/5/5613
f 8220/5/6859 8217/5/6856 8235/5/5613
f 8220/5/6859 8235/5/5613 8236/5/6874
f 8220/5/6859 8236/5/6874 8237/5/6875
f 8222/5/6861 8220/5/6859 8237/5/6875
f 8222/5/6861 8237/5/6875 8238/5/6876
f 8222/5/6861 8238/5/6876 8239/5/6877
f 8224/5/6863 8222/5/6861 8239/5/6877
f 8224/5/6863 8239/5/6877 8240/5/6878
f 8224/5/6863 8240/5/6878 8241/5/6879
f 8196/5/6837 8224/5/6863 8241/5/6879
f 8196/5/6837 8241/5/6879 8242/5/6880
f 8196/5/6837 8242/5/6880 8243/5/6881
f 8198/5/6839 8196/5/6837 8243/5/6881
f 8198/5/6839 8243/5/6881 8244/5/5622
f 8198/5/6839 8244/5/5622 8245/5/6882
f 8198/5/6839 8245/5/6882 8246/5/5624
f 8200/5/6841 8198/5/6839 8246/5/5624
f 8200/5/6841 8246/5/5624 8247/5/5625
f 8200/5/6841 8247/5/5625 8248/5/6883
f 8202/5/6843 8200/5/6841 8248/5/6883
f 8202/5/6843 8248/5/6883 8249/5/6884
f 8202/5/6843 8249/5/6884 8250/5/6885
f 8204/5/6295 8202/5/6843 8250/5/6885
f 8204/5/6295 8250/5/6885 8251/5/6886
f 8204/5/6295 8251/5/6886 8252/5/6887
f 8207/5/5586 8204/5/6295 8252/5/6887
f 8207/5/5586 8252/5/6887 8253/5/6339
f 8207/5/5586 8253/5/6339 8254/5/5632
f 8210/5/6849 8207/5/5586 8254/5/5632
f 8210/5/6849 8254/5/5632 8255/5/6888
f 8210/5/6849 8255/5/6888 8256/5/5634
f 8213/5/6852 8210/5/6849 8256/5/5634
f 8213/5/6852 8256/5/5634 8257/5/6342
f 8213/5/6852 8257/5/6342 8258/5/5636
f 8216/5/6855 8213/5/6852 8258/5/5636
f 8216/5/6855 8258/5/5636 8259/5/6889
f 8216/5/6855 8259/5/6889 8260/5/6890
f 8219/5/6858 8216/5/6855 8260/5/6890
f 8219/5/6858 8260/5/6890 8261/5/5639
f 8219/5/6858 8261/5/5639 8262/5/6891
f 8221/5/6860 8219/5/6858 8262/5/6891
f 8221/5/6860 8262/5/6891 8263/5/6892
f 8221/5/6860 8263/5/6892 8264/5/6893
f 8223/5/6862 8221/5/6860 8264/5/6893
f 8223/5/6862 8264/5/6893 8265/5/6894
f 8223/5/6862 8265/5/6894 8266/5/6895
f 8195/5/6836 8223/5/6862 8266/5/6895
f 8195/5/6836 8266/5/6895 8267/5/6896
f 8195/5/6836 8267/5/6896 8268/5/6897
f 8195/5/6836 8268/5/6897 8269/5/6352
f 8197/5/6838 8195/5/6836 8269/5/6352
f 8197/5/6838 8269/5/6352 8270/5/6898
f 8197/5/6838 8270/5/6898 8271/5/6899
f 8199/5/6840 8197/5/6838 8271/5/6899
f 8199/5/6840 8271/5/6899 8272/5/6900
f 8199/5/6840 8272/5/6900 8273/5/6901
f 8201/5/6842 8199/5/6840 8273/5/6901
f 8201/5/6842 8273/5/6901 8274/5/6902
f 8201/5/6842 8274/5/6902 8275/5/6903
f 8203/5/6844 8201/5/6842 8275/5/6903
f 8203/5/6844 8275/5/6903 8276/5/6904
f 8203/5/6844 8276/5/6904 8277/5/6905
f 8205/5/6845 8203/5/6844 8277/5/6905
f 8205/5/6845 8277/5/6905 8278/5/6906
f 8205/5/6845 8278/5/6906 8279/5/6907
f 8205/5/6845 8279/5/6907 8280/5/5658
f 8209/5/6848 8205/5/6845 8280/5/5658
f 8209/5/6848 8280/5/5658 8281/5/6908
f 8209/5/6848 8281/5/6908 8282/5/6909
f 8212/5/6851 8209/5/6848 8282/5/6909
f 8212/5/6851 8282/5/6909 8283/5/6910
f 8212/5/6851 8283/5/6910 8284/5/6911
f 8215/5/6854 8212/5/6851 8284/5/6911
f 8215/5/6854 8284/5/6911 8285/5/6912
f 8215/5/6854 8285/5/6912 8286/5/6913
f 8218/5/6857 8215/5/6854 8286/5/6913
f 8218/5/6857 8286/5/6913 8287/5/6914
f 8218/5/6857 8287/5/6914 8288/5/6915
f 8206/5/6846 8218/5/6857 8288/5/6915
f 8206/5/6846 8288/5/6915 8225/5/6864
f 8289/5/6916 8290/5/6917 7898/5/6687
f 8291/5/6918 8292/5/6919 7900/5/6689
f 8293/5/6920 8289/5/6916 7898/5/6687
f 8294/5/6921 8291/5/6918 7900/5/6689
f 8294/5/6921 7900/5/6689 7901/5/6690
f 8293/5/6920 7898/5/6687 7897/5/6686
f 8290/5/6917 8294/5/6921 7901/5/6690
f 8292/5/6919 8295/5/6922 7897/5/6686
f 8295/5/6922 8293/5/6920 7897/5/6686
f 8292/5/6919 7897/5/6686 7900/5/6689
f 8290/5/6917 7901/5/6690 7898/5/6687
f 8296/5/6923 8297/5/6924 8298/5/6925
f 8299/5/5678 8300/5/6926 8301/5/6927
f 8296/5/6923 8302/5/6928 8297/5/6924
f 8299/5/5678 8303/5/6929 8300/5/6926
f 8304/5/6930 8305/5/6931 8306/5/5685
f 8305/5/6931 8307/5/6932 8306/5/5685
f 8302/5/6928 8308/5/6933 8297/5/6924
f 8303/5/6929 8309/5/6934 8300/5/6926
f 8302/5/6928 8310/5/5689 8308/5/6933
f 8303/5/6929 8311/5/6935 8309/5/6934
f 8305/5/6931 8312/5/6936 8307/5/6932
f 8312/5/6936 8313/5/6937 8307/5/6932
f 8310/5/5689 8314/5/5694 8315/5/5695
f 8310/5/5689 8315/5/5695 8308/5/6933
f 8311/5/6935 8316/5/6938 8317/5/6939
f 8311/5/6935 8317/5/6939 8309/5/6934
f 8312/5/6936 8318/5/6940 8313/5/6937
f 8314/5/5694 8304/5/6930 8315/5/5695
f 8318/5/6940 8319/5/6941 8313/5/6937
f 8304/5/6930 8306/5/5685 8315/5/5695
f 8316/5/6938 8320/5/6942 8317/5/6939
f 8316/5/6938 8321/5/6943 8320/5/6942
f 8318/5/6940 8322/5/6944 8319/5/6941
f 8322/5/6944 8323/5/6945 8324/5/6946
f 8322/5/6944 8324/5/6946 8319/5/6941
f 8321/5/6943 8325/5/6947 8320/5/6942
f 8321/5/6943 8326/5/6948 8325/5/6947
f 8323/5/6945 8327/5/6949 8324/5/6946
f 8326/5/6948 8328/5/6950 8325/5/6947
f 8323/5/6945 8329/5/5709 8327/5/6949
f 8326/5/6948 8330/5/6951 8328/5/6950
f 8329/5/5709 8301/5/6927 8327/5/6949
f 8330/5/6951 8331/5/6952 8298/5/6925
f 8330/5/6951 8298/5/6925 8328/5/6950
f 8329/5/5709 8299/5/5678 8301/5/6927
f 8331/5/6952 8296/5/6923 8298/5/6925
f 8332/5/6953 8333/5/6954 8334/5/6955
f 8335/5/6956 8336/5/6957 8337/5/6958
f 8335/5/6956 8337/5/6958 8338/5/6959
f 8339/5/6960 8340/5/6961 8341/5/6962
f 8332/5/6953 8342/5/6963 8343/5/6964
f 8332/5/6953 8343/5/6964 8333/5/6954
f 8340/5/6961 8344/5/6965 8345/5/6966
f 8340/5/6961 8345/5/6966 8341/5/6962
f 8336/5/6957 8346/5/6967 8347/5/6968
f 8336/5/6957 8347/5/6968 8337/5/6958
f 8342/5/6963 8348/5/6969 8343/5/6964
f 8348/5/6969 8349/5/6970 8343/5/6964
f 8344/5/6965 8350/5/6971 8345/5/6966
f 8346/5/6967 8339/5/6960 8341/5/6962
f 8346/5/6967 8341/5/6962 8347/5/6968
f 8348/5/6969 8351/5/6972 8349/5/6970
f 8350/5/6971 8352/5/6973 8345/5/6966
f 8350/5/6971 8324/5/6946 8352/5/6973
f 8351/5/6972 8353/5/6974 8349/5/6970
f 8351/5/6972 8354/5/6975 8353/5/6974
f 8324/5/6946 8355/5/6976 8352/5/6973
f 8354/5/6975 8356/5/6977 8338/5/6959
f 8354/5/6975 8338/5/6959 8353/5/6974
f 8355/5/6976 8357/5/6978 8352/5/6973
f 8357/5/6978 8334/5/6955 8352/5/6973
f 8356/5/6977 8335/5/6956 8338/5/6959
f 8357/5/6978 8332/5/6953 8334/5/6955
f 8067/5/5485 8066/5/6806 8358/5/5738
f 8359/5/6979 8296/5/6923 8360/5/6980
f 8067/5/5485 8358/5/5738 8361/5/5739
f 8362/5/6432 8067/5/5485 8361/5/5739
f 8363/5/6981 8359/5/6979 8360/5/6980
f 8362/5/6432 8361/5/5739 8364/5/6434
f 8365/5/6982 8362/5/6432 8364/5/6434
f 8366/5/6983 8363/5/6981 8367/5/6984
f 8365/5/6982 8364/5/6434 8368/5/6985
f 8369/5/6986 8366/5/6983 8367/5/6984
f 8370/5/6987 8365/5/6982 8368/5/6985
f 8369/5/6986 8367/5/6984 8371/5/6988
f 8370/5/6987 8368/5/6985 8372/5/6989
f 8373/5/5751 8369/5/6986 8371/5/6988
f 8374/5/6990 8370/5/6987 8372/5/6989
f 8373/5/5751 8371/5/6988 8375/5/6441
f 8374/5/6990 8372/5/6989 8322/5/6944
f 8376/5/6991 8374/5/6990 8322/5/6944
f 8377/5/6443 8373/5/5751 8375/5/6441
f 8377/5/6443 8375/5/6441 8378/5/6444
f 8376/5/6991 8322/5/6944 8379/5/6992
f 8380/5/6445 8377/5/6443 8378/5/6444
f 8380/5/6445 8378/5/6444 8381/5/6446
f 8382/5/6993 8376/5/6991 8379/5/6992
f 8383/5/6994 8384/5/6995 8385/5/6996
f 8386/5/5758 8380/5/6445 8381/5/6446
f 8386/5/5758 8381/5/6446 8387/5/5759
f 8388/5/5760 8383/5/6994 8314/5/5694
f 8389/5/5762 8386/5/5758 8387/5/5759
f 8389/5/5762 8387/5/5759 8390/5/5763
f 8391/5/6447 8388/5/5760 8314/5/5694
f 8391/5/6447 8314/5/5694 8392/5/5765
f 8393/5/5766 8389/5/5762 8390/5/5763
f 8393/5/5766 8390/5/5763 8394/5/5767
f 8395/5/5768 8391/5/6447 8392/5/5765
f 8396/5/5769 8393/5/5766 8394/5/5767
f 8395/5/5768 8392/5/5765 8397/5/6997
f 8396/5/5769 8394/5/5767 8398/5/5771
f 8399/5/6998 8395/5/5768 8397/5/6997
f 8400/5/5773 8396/5/5769 8398/5/5771
f 8399/5/6998 8397/5/6997 8401/5/6999
f 8384/5/6995 8402/5/7000 8385/5/6996
f 8400/5/5773 8398/5/5771 8403/5/5775
f 8404/5/7001 8399/5/6998 8401/5/6999
f 8066/5/6806 8400/5/5773 8403/5/5775
f 8404/5/7001 8401/5/6999 8296/5/6923
f 8066/5/6806 8403/5/5775 8358/5/5738
f 8359/5/6979 8404/5/7001 8296/5/6923
f 8360/5/6980 8296/5/6923 8331/5/6952
f 8361/5/5739 8358/5/5738 8299/5/5678
f 8361/5/5739 8299/5/5678 8329/5/5709
f 8363/5/6981 8360/5/6980 8331/5/6952
f 8364/5/6434 8361/5/5739 8329/5/5709
f 8363/5/6981 8331/5/6952 8330/5/6951
f 8367/5/6984 8363/5/6981 8330/5/6951
f 8368/5/6985 8364/5/6434 8329/5/5709
f 8367/5/6984 8330/5/6951 8326/5/6948
f 8368/5/6985 8329/5/5709 8323/5/6945
f 8371/5/6988 8367/5/6984 8326/5/6948
f 8372/5/6989 8368/5/6985 8323/5/6945
f 8375/5/6441 8371/5/6988 8326/5/6948
f 8375/5/6441 8326/5/6948 8321/5/6943
f 8322/5/6944 8372/5/6989 8323/5/6945
f 8378/5/6444 8375/5/6441 8321/5/6943
f 8379/5/6992 8322/5/6944 8318/5/6940
f 8381/5/6446 8378/5/6444 8321/5/6943
f 8381/5/6446 8321/5/6943 8316/5/6938
f 8382/5/6993 8379/5/6992 8318/5/6940
f 8383/5/6994 8385/5/6996 8304/5/6930
f 8387/5/5759 8381/5/6446 8316/5/6938
f 8405/5/5779 8382/5/6993 8318/5/6940
f 8314/5/5694 8383/5/6994 8304/5/6930
f 8405/5/5779 8318/5/6940 8312/5/6936
f 8390/5/5763 8387/5/5759 8316/5/6938
f 8390/5/5763 8316/5/6938 8311/5/6935
f 8406/5/7002 8405/5/5779 8312/5/6936
f 8392/5/5765 8314/5/5694 8310/5/5689
f 8394/5/5767 8390/5/5763 8311/5/6935
f 8407/5/7003 8406/5/7002 8312/5/6936
f 8407/5/7003 8312/5/6936 8305/5/6931
f 8394/5/5767 8311/5/6935 8303/5/6929
f 8397/5/6997 8392/5/5765 8310/5/5689
f 8397/5/6997 8310/5/5689 8302/5/6928
f 8402/5/7000 8407/5/7003 8305/5/6931
f 8398/5/5771 8394/5/5767 8303/5/6929
f 8401/5/6999 8397/5/6997 8302/5/6928
f 8385/5/6996 8402/5/7000 8305/5/6931
f 8385/5/6996 8305/5/6931 8304/5/6930
f 8403/5/5775 8398/5/5771 8303/5/6929
f 8403/5/5775 8303/5/6929 8299/5/5678
f 8296/5/6923 8401/5/6999 8302/5/6928
f 8358/5/5738 8403/5/5775 8299/5/5678
f 8408/5/7004 8409/5/5784 8404/5/7001
f 8408/5/7004 8404/5/7001 8359/5/6979
f 8065/5/5483 8410/5/5785 8066/5/6806
f 8409/5/5784 8411/5/6452 8404/5/7001
f 8410/5/5785 8412/5/5787 8400/5/5773
f 8410/5/5785 8400/5/5773 8066/5/6806
f 8413/5/7005 8414/5/7006 8384/5/6995
f 8411/5/6452 8415/5/6454 8399/5/6998
f 8411/5/6452 8399/5/6998 8404/5/7001
f 8412/5/5787 8416/5/5791 8400/5/5773
f 8414/5/7006 8417/5/7007 8384/5/6995
f 8415/5/6454 8418/5/5793 8399/5/6998
f 8416/5/5791 8419/5/5794 8396/5/5769
f 8416/5/5791 8396/5/5769 8400/5/5773
f 8417/5/7007 8420/5/7008 8402/5/7000
f 8417/5/7007 8402/5/7000 8384/5/6995
f 8418/5/5793 8421/5/7009 8395/5/5768
f 8418/5/5793 8395/5/5768 8399/5/6998
f 8419/5/5794 8422/5/5797 8396/5/5769
f 8420/5/7008 8423/5/7010 8402/5/7000
f 8421/5/7009 8424/5/5799 8395/5/5768
f 8422/5/5797 8425/5/5800 8393/5/5766
f 8422/5/5797 8393/5/5766 8396/5/5769
f 8423/5/7010 8426/5/7011 8407/5/7003
f 8423/5/7010 8407/5/7003 8402/5/7000
f 8424/5/5799 8427/5/5802 8391/5/6447
f 8424/5/5799 8391/5/6447 8395/5/5768
f 8425/5/5800 8428/5/5803 8393/5/5766
f 8426/5/7011 8429/5/5804 8406/5/7002
f 8426/5/7011 8406/5/7002 8407/5/7003
f 8427/5/5802 8430/5/7012 8391/5/6447
f 8428/5/5803 8431/5/5806 8389/5/5762
f 8428/5/5803 8389/5/5762 8393/5/5766
f 8429/5/5804 8432/5/5807 8406/5/7002
f 8430/5/7012 8433/5/7013 8388/5/5760
f 8430/5/7012 8388/5/5760 8391/5/6447
f 8431/5/5806 8434/5/5809 8389/5/5762
f 8432/5/5807 8435/5/5810 8405/5/5779
f 8432/5/5807 8405/5/5779 8406/5/7002
f 8433/5/7013 8436/5/7014 8388/5/5760
f 8434/5/5809 8437/5/7015 8386/5/5758
f 8434/5/5809 8386/5/5758 8389/5/5762
f 8435/5/5810 8438/5/7016 8405/5/5779
f 8436/5/7014 8439/5/5814 8383/5/6994
f 8436/5/7014 8383/5/6994 8388/5/5760
f 8437/5/7015 8440/5/5815 8386/5/5758
f 8438/5/7016 8441/5/5816 8382/5/6993
f 8438/5/7016 8382/5/6993 8405/5/5779
f 8442/5/7017 8413/5/7005 8384/5/6995
f 8442/5/7017 8384/5/6995 8383/5/6994
f 8440/5/5815 8443/5/5818 8380/5/6445
f 8440/5/5815 8380/5/6445 8386/5/5758
f 8439/5/5814 8442/5/7017 8383/5/6994
f 8441/5/5816 8444/5/7018 8382/5/6993
f 8443/5/5818 8445/5/7019 8380/5/6445
f 8444/5/7018 8446/5/7020 8376/5/6991
f 8444/5/7018 8376/5/6991 8382/5/6993
f 8445/5/7019 8447/5/5822 8377/5/6443
f 8445/5/7019 8377/5/6443 8380/5/6445
f 8446/5/7020 8448/5/7021 8376/5/6991
f 8447/5/5822 8449/5/5824 8377/5/6443
f 8448/5/7021 8450/5/7022 8376/5/6991
f 8449/5/5824 8451/5/5826 8373/5/5751
f 8449/5/5824 8373/5/5751 8377/5/6443
f 8450/5/7022 8452/5/7023 8374/5/6990
f 8450/5/7022 8374/5/6990 8376/5/6991
f 8451/5/5826 8453/5/5828 8373/5/5751
f 8452/5/7023 8454/5/7024 8374/5/6990
f 8453/5/5828 8455/5/5830 8373/5/5751
f 8454/5/7024 8456/5/7025 8370/5/6987
f 8454/5/7024 8370/5/6987 8374/5/6990
f 8455/5/5830 8457/5/5832 8369/5/6986
f 8455/5/5830 8369/5/6986 8373/5/5751
f 8456/5/7025 8458/5/7026 8370/5/6987
f 8457/5/5832 8459/5/7027 8369/5/6986
f 8458/5/7026 8460/5/6466 8365/5/6982
f 8458/5/7026 8365/5/6982 8370/5/6987
f 8459/5/7027 8461/5/7028 8366/5/6983
f 8459/5/7027 8366/5/6983 8369/5/6986
f 8460/5/6466 8462/5/6467 8365/5/6982
f 8461/5/7028 8463/5/7029 8366/5/6983
f 8462/5/6467 8464/5/5839 8362/5/6432
f 8462/5/6467 8362/5/6432 8365/5/6982
f 8463/5/7029 8465/5/7030 8363/5/6981
f 8463/5/7029 8363/5/6981 8366/5/6983
f 8464/5/5839 8466/5/6471 8362/5/6432
f 8465/5/7030 8467/5/7031 8359/5/6979
f 8465/5/7030 8359/5/6979 8363/5/6981
f 8466/5/6471 8468/5/5843 8067/5/5485
f 8466/5/6471 8067/5/5485 8362/5/6432
f 8469/5/7032 8408/5/7004 8359/5/6979
f 8467/5/7031 8469/5/7032 8359/5/6979
f 8468/5/5843 8064/5/5482 8067/5/5485
f 8301/5/6927 8332/5/6953 8357/5/6978
f 8298/5/6925 8335/5/6956 8356/5/6977
f 8328/5/6950 8298/5/6925 8356/5/6977
f 8327/5/6949 8301/5/6927 8357/5/6978
f 8327/5/6949 8357/5/6978 8355/5/6976
f 8328/5/6950 8356/5/6977 8354/5/6975
f 8325/5/6947 8328/5/6950 8354/5/6975
f 8324/5/6946 8327/5/6949 8355/5/6976
f 8325/5/6947 8354/5/6975 8351/5/6972
f 8320/5/6942 8325/5/6947 8351/5/6972
f 8319/5/6941 8324/5/6946 8350/5/6971
f 8320/5/6942 8351/5/6972 8348/5/6969
f 8317/5/6939 8320/5/6942 8348/5/6969
f 8315/5/5695 8306/5/5685 8339/5/6960
f 8315/5/5695 8339/5/6960 8346/5/6967
f 8319/5/6941 8350/5/6971 8344/5/6965
f 8313/5/6937 8319/5/6941 8344/5/6965
f 8309/5/6934 8317/5/6939 8348/5/6969
f 8309/5/6934 8348/5/6969 8342/5/6963
f 8308/5/6933 8315/5/5695 8346/5/6967
f 8308/5/6933 8346/5/6967 8336/5/6957
f 8307/5/6932 8313/5/6937 8344/5/6965
f 8307/5/6932 8344/5/6965 8340/5/6961
f 8309/5/6934 8342/5/6963 8332/5/6953
f 8300/5/6926 8309/5/6934 8332/5/6953
f 8297/5/6924 8308/5/6933 8336/5/6957
f 8306/5/5685 8307/5/6932 8340/5/6961
f 8306/5/5685 8340/5/6961 8339/5/6960
f 8297/5/6924 8336/5/6957 8335/5/6956
f 8301/5/6927 8300/5/6926 8332/5/6953
f 8298/5/6925 8297/5/6924 8335/5/6956
f 8334/5/6955 8333/5/6954 8290/5/6917
f 8338/5/6959 8337/5/6958 8292/5/6919
f 8333/5/6954 8343/5/6964 8290/5/6917
f 8341/5/6962 8293/5/6920 8295/5/6922
f 8337/5/6958 8295/5/6922 8292/5/6919
f 8343/5/6964 8294/5/6921 8290/5/6917
f 8341/5/6962 8345/5/6966 8293/5/6920
f 8337/5/6958 8347/5/6968 8295/5/6922
f 8343/5/6964 8349/5/6970 8294/5/6921
f 8347/5/6968 8341/5/6962 8295/5/6922
f 8349/5/6970 8291/5/6918 8294/5/6921
f 8345/5/6966 8352/5/6973 8289/5/6916
f 8345/5/6966 8289/5/6916 8293/5/6920
f 8349/5/6970 8353/5/6974 8291/5/6918
f 8353/5/6974 8338/5/6959 8291/5/6918
f 8352/5/6973 8334/5/6955 8289/5/6916
f 8338/5/6959 8292/5/6919 8291/5/6918
f 8334/5/6955 8290/5/6917 8289/5/6916
f 8470/5/7033 8471/5/7034 8472/5/7035
f 8470/5/7033 8472/5/7035 8473/5/7036
f 8474/5/7037 8475/5/7038 8476/5/7039
f 8477/5/7040 8478/5/7041 8479/5/7042
f 8477/5/7040 8479/5/7042 8480/5/7043
f 8193/5/6834 8481/5/7044 8194/5/6835
f 8478/5/7041 8482/5/7045 8483/5/6486
f 8478/5/7041 8483/5/6486 8479/5/7042
f 8193/5/6834 8484/5/7046 8481/5/7044
f 8482/5/7045 8485/5/7047 8486/5/6488
f 8482/5/7045 8486/5/6488 8483/5/6486
f 8484/5/7046 8487/5/7048 8488/5/7049
f 8484/5/7046 8488/5/7049 8481/5/7044
f 8485/5/7047 8489/5/7050 8490/5/7051
f 8485/5/7047 8490/5/7051 8486/5/6488
f 8487/5/7048 8491/5/7052 8492/5/7053
f 8487/5/7048 8492/5/7053 8488/5/7049
f 8489/5/7050 8493/5/7054 8494/5/7055
f 8489/5/7050 8494/5/7055 8490/5/7051
f 8491/5/7052 8495/5/7056 8492/5/7053
f 8495/5/7056 8496/5/7057 8492/5/7053
f 8493/5/7054 8497/5/7058 8498/5/7059
f 8493/5/7054 8498/5/7059 8494/5/7055
f 8495/5/7056 8499/5/7060 8496/5/7057
f 8499/5/7060 8500/5/7061 8501/5/7062
f 8499/5/7060 8501/5/7062 8496/5/7057
f 8497/5/7058 8470/5/7033 8473/5/7036
f 8497/5/7058 8473/5/7036 8498/5/7059
f 8500/5/7061 8502/5/7063 8503/5/7064
f 8500/5/7061 8503/5/7064 8501/5/7062
f 8504/5/7065 8505/5/7066 8506/5/6503
f 8504/5/7065 8506/5/6503 8507/5/5879
f 8475/5/7038 8192/5/6833 8508/5/7067
f 8502/5/7063 8509/5/7068 8510/5/7069
f 8502/5/7063 8510/5/7069 8503/5/7064
f 8509/5/7068 8511/5/7070 8512/5/7071
f 8509/5/7068 8512/5/7071 8510/5/7069
f 8471/5/7034 8513/5/7072 8514/5/7073
f 8471/5/7034 8514/5/7073 8472/5/7035
f 8515/5/7074 8516/5/7075 8517/5/7076
f 8515/5/7074 8517/5/7076 8518/5/7077
f 8511/5/7070 8519/5/7078 8520/5/7079
f 8511/5/7070 8520/5/7079 8512/5/7071
f 8513/5/7072 8521/5/7080 8522/5/7081
f 8513/5/7072 8522/5/7081 8514/5/7073
f 8516/5/7075 8523/5/7082 8524/5/7083
f 8516/5/7075 8524/5/7083 8517/5/7076
f 8521/5/7080 8525/5/7084 8526/5/7085
f 8521/5/7080 8526/5/7085 8522/5/7081
f 8519/5/7078 8527/5/7086 8528/5/7087
f 8519/5/7078 8528/5/7087 8520/5/7079
f 8527/5/7086 8529/5/7088 8528/5/7087
f 8523/5/7082 8530/5/7089 8531/5/7090
f 8523/5/7082 8531/5/7090 8524/5/7083
f 8525/5/7084 8532/5/7091 8533/5/7092
f 8525/5/7084 8533/5/7092 8526/5/7085
f 8529/5/7088 8534/5/7093 8528/5/7087
f 8530/5/7089 8535/5/7094 8531/5/7090
f 8532/5/7091 8536/5/7095 8533/5/7092
f 8529/5/7088 8537/5/7096 8538/5/7097
f 8529/5/7088 8538/5/7097 8534/5/7093
f 8535/5/7094 8539/5/7098 8531/5/7090
f 8532/5/7091 8474/5/7037 8536/5/7095
f 8192/5/6833 8194/5/6835 8508/5/7067
f 8535/5/7094 8540/5/7099 8539/5/7098
f 8474/5/7037 8476/5/7039 8536/5/7095
f 8540/5/7099 8541/5/7100 8539/5/7098
f 8475/5/7038 8508/5/7067 8476/5/7039
f 8540/5/7099 8477/5/7040 8541/5/7100
f 8477/5/7040 8480/5/7043 8541/5/7100
f 8542/5/7101 8543/5/5918 8544/5/6537
f 8545/5/5924 8546/5/5924 8547/5/7102
f 8545/5/5924 8547/5/7102 8548/5/7102
f 8549/5/5926 8550/5/5927 8551/5/5928
f 8549/5/5926 8551/5/5928 8552/5/5929
f 8553/5/5566 8554/5/7103 8555/5/7104
f 8556/5/6541 8557/5/5931 8558/5/7105
f 8190/5/5569 8559/5/7106 8560/5/7106
f 8190/5/5569 8560/5/7106 8191/5/5569
f 8561/5/5935 8562/5/7107 8563/5/5936
f 8561/5/5935 8563/5/5936 8564/5/5936
f 8543/5/5918 8565/5/5938 8566/5/5939
f 8543/5/5918 8566/5/5939 8544/5/6537
f 8567/5/7108 8501/5/7062 8503/5/7064
f 8567/5/7108 8503/5/7064 8568/5/7109
f 8569/5/5942 8570/5/5942 8557/5/5931
f 8569/5/5942 8557/5/5931 8556/5/6541
f 8571/5/6548 8572/5/5943 8562/5/7107
f 8571/5/6548 8562/5/7107 8561/5/5935
f 8559/5/7106 8573/5/6544 8574/5/5944
f 8559/5/7106 8574/5/5944 8560/5/7106
f 8575/5/7110 8576/5/5946 8577/5/5947
f 8575/5/7110 8577/5/5947 8578/5/6546
f 8579/5/6547 8580/5/6547 8570/5/5942
f 8579/5/6547 8570/5/5942 8569/5/5942
f 8581/5/5949 8582/5/5949 8572/5/5943
f 8581/5/5949 8572/5/5943 8571/5/6548
f 8554/5/7103 8542/5/7101 8555/5/7104
f 8583/5/5950 8584/5/5951 8577/5/5947
f 8583/5/5950 8577/5/5947 8576/5/5946
f 8581/5/5949 8585/5/5952 8586/5/7111
f 8581/5/5949 8586/5/7111 8582/5/5949
f 8587/5/5954 8588/5/5954 8580/5/6547
f 8587/5/5954 8580/5/6547 8579/5/6547
f 8589/5/5955 8590/5/5956 8584/5/5951
f 8589/5/5955 8584/5/5951 8583/5/5950
f 8565/5/5938 8575/5/7110 8578/5/6546
f 8565/5/5938 8578/5/6546 8566/5/5939
f 8585/5/5952 8591/5/5957 8592/5/5958
f 8585/5/5952 8592/5/5958 8586/5/7111
f 8564/5/5936 8563/5/5936 8588/5/5954
f 8564/5/5936 8588/5/5954 8587/5/5954
f 8593/5/5959 8594/5/5960 8590/5/5956
f 8593/5/5959 8590/5/5956 8589/5/5955
f 8591/5/5957 8595/5/5961 8596/5/5962
f 8591/5/5957 8596/5/5962 8592/5/5958
f 8597/5/5963 8598/5/5963 8594/5/5960
f 8597/5/5963 8594/5/5960 8593/5/5959
f 8595/5/5961 8599/5/5965 8600/5/7112
f 8595/5/5961 8600/5/7112 8596/5/5962
f 8601/5/7113 8602/5/5967 8598/5/5963
f 8601/5/7113 8598/5/5963 8597/5/5963
f 8599/5/5965 8603/5/5968 8604/5/5969
f 8599/5/5965 8604/5/5969 8600/5/7112
f 8605/5/5970 8602/5/5967 8601/5/7113
f 8603/5/5968 8606/5/5971 8607/5/5972
f 8603/5/5968 8607/5/5972 8604/5/5969
f 8608/5/6553 8609/5/6553 8605/5/5970
f 8606/5/5971 8549/5/5926 8552/5/5929
f 8606/5/5971 8552/5/5929 8607/5/5972
f 8548/5/7102 8547/5/7102 8609/5/6553
f 8548/5/7102 8609/5/6553 8608/5/6553
f 8550/5/5927 8130/5/5527 8131/5/5527
f 8550/5/5927 8131/5/5527 8551/5/5928
f 8127/5/5524 8126/5/5524 8546/5/5924
f 8127/5/5524 8546/5/5924 8545/5/5924
f 8610/5/7114 8501/5/7062 8567/5/7108
f 8611/5/7115 8508/5/7067 8194/5/6835
f 8611/5/7115 8194/5/6835 8612/5/7116
f 8613/5/6556 8480/5/7043 8479/5/7042
f 8613/5/6556 8479/5/7042 8614/5/7117
f 8612/5/7116 8194/5/6835 8615/5/7118
f 8614/5/7117 8479/5/7042 8616/5/7119
f 8615/5/7118 8194/5/6835 8481/5/7044
f 8615/5/7118 8481/5/7044 8617/5/7120
f 8616/5/7119 8479/5/7042 8483/5/6486
f 8616/5/7119 8483/5/6486 8618/5/6561
f 8617/5/7120 8481/5/7044 8619/5/7121
f 8618/5/6561 8483/5/6486 8486/5/6488
f 8618/5/6561 8486/5/6488 8620/5/7122
f 8619/5/7121 8481/5/7044 8488/5/7049
f 8619/5/7121 8488/5/7049 8621/5/7123
f 8620/5/7122 8486/5/6488 8622/5/5986
f 8621/5/7123 8488/5/7049 8623/5/7124
f 8622/5/5986 8486/5/6488 8490/5/7051
f 8622/5/5986 8490/5/7051 8624/5/5988
f 8623/5/7124 8488/5/7049 8492/5/7053
f 8623/5/7124 8492/5/7053 8625/5/7125
f 8624/5/5988 8490/5/7051 8494/5/7055
f 8624/5/5988 8494/5/7055 8626/5/7126
f 8625/5/7125 8492/5/7053 8627/5/7127
f 8626/5/7126 8494/5/7055 8628/5/7128
f 8627/5/7127 8492/5/7053 8496/5/7057
f 8627/5/7127 8496/5/7057 8629/5/7129
f 8628/5/7128 8494/5/7055 8498/5/7059
f 8628/5/7128 8498/5/7059 8630/5/5994
f 8629/5/7129 8496/5/7057 8631/5/7130
f 8630/5/5994 8498/5/7059 8632/5/5996
f 8631/5/7130 8496/5/7057 8501/5/7062
f 8631/5/7130 8501/5/7062 8610/5/7114
f 8632/5/5996 8498/5/7059 8473/5/7036
f 8632/5/5996 8473/5/7036 8633/5/7131
f 8634/5/5998 8507/5/5879 8506/5/6503
f 8634/5/5998 8506/5/6503 8635/5/7132
f 8633/5/7131 8473/5/7036 8636/5/6000
f 8635/5/7132 8506/5/6503 8518/5/7077
f 8635/5/7132 8518/5/7077 8637/5/6575
f 8636/5/6000 8473/5/7036 8472/5/7035
f 8636/5/6000 8472/5/7035 8638/5/7133
f 8637/5/6575 8518/5/7077 8639/5/6577
f 8638/5/7133 8472/5/7035 8640/5/6005
f 8639/5/6577 8518/5/7077 8517/5/7076
f 8639/5/6577 8517/5/7076 8641/5/6579
f 8640/5/6005 8472/5/7035 8514/5/7073
f 8640/5/6005 8514/5/7073 8642/5/6007
f 8643/5/7134 8644/5/7135 8645/5/7136
f 8641/5/6579 8517/5/7076 8646/5/7137
f 8642/5/6007 8514/5/7073 8647/5/6011
f 8645/5/7136 8644/5/7135 8648/5/7138
f 8645/5/7136 8648/5/7138 8649/5/7139
f 8646/5/7137 8517/5/7076 8524/5/7083
f 8646/5/7137 8524/5/7083 8650/5/7140
f 8647/5/6011 8514/5/7073 8522/5/7081
f 8647/5/6011 8522/5/7081 8651/5/7141
f 8649/5/7139 8648/5/7138 8652/5/7142
f 8650/5/7140 8524/5/7083 8653/5/7143
f 8650/5/7140 8653/5/7143 8654/5/7144
f 8651/5/7141 8522/5/7081 8526/5/7085
f 8651/5/7141 8526/5/7085 8655/5/6017
f 8652/5/7142 8648/5/7138 8656/5/7145
f 8652/5/7142 8656/5/7145 8657/5/7146
f 8654/5/7144 8653/5/7143 8658/5/7147
f 8655/5/6017 8526/5/7085 8659/5/7148
f 8657/5/7146 8656/5/7145 8660/5/7149
f 8658/5/7147 8653/5/7143 8661/5/7150
f 8658/5/7147 8661/5/7150 8662/5/7151
f 8659/5/7148 8526/5/7085 8533/5/7092
f 8659/5/7148 8533/5/7092 8663/5/7152
f 8660/5/7149 8656/5/7145 8664/5/7153
f 8660/5/7149 8664/5/7153 8665/5/6593
f 8662/5/7151 8661/5/7150 8666/5/6026
f 8663/5/7152 8533/5/7092 8536/5/7095
f 8663/5/7152 8536/5/7095 8667/5/7154
f 8665/5/6593 8664/5/7153 8668/5/6596
f 8666/5/6026 8661/5/7150 8539/5/7098
f 8666/5/6026 8539/5/7098 8669/5/6029
f 8667/5/7154 8536/5/7095 8670/5/7155
f 8668/5/6596 8664/5/7153 8528/5/7087
f 8668/5/6596 8528/5/7087 8671/5/6598
f 8671/5/6598 8528/5/7087 8534/5/7093
f 8671/5/6598 8534/5/7093 8672/5/7156
f 8670/5/7155 8536/5/7095 8476/5/7039
f 8670/5/7155 8476/5/7039 8673/5/7157
f 8672/5/7156 8534/5/7093 8538/5/7097
f 8672/5/7156 8538/5/7097 8674/5/7158
f 8673/5/7157 8476/5/7039 8675/5/6602
f 8669/5/6029 8539/5/7098 8541/5/7100
f 8669/5/6029 8541/5/7100 8676/5/7159
f 8568/5/7109 8503/5/7064 8644/5/7135
f 8568/5/7109 8644/5/7135 8643/5/7134
f 8675/5/6602 8476/5/7039 8508/5/7067
f 8675/5/6602 8508/5/7067 8677/5/7160
f 8676/5/7159 8541/5/7100 8678/5/6604
f 8677/5/7160 8508/5/7067 8611/5/7115
f 8189/5/5567 8188/5/6282 8121/5/5520
f 8189/5/5567 8121/5/5520 8120/5/6817
f 8503/5/7064 8510/5/7069 8644/5/7135
f 8510/5/7069 8648/5/7138 8644/5/7135
f 8510/5/7069 8512/5/7071 8648/5/7138
f 8512/5/7071 8656/5/7145 8648/5/7138
f 8512/5/7071 8520/5/7079 8656/5/7145
f 8520/5/7079 8664/5/7153 8656/5/7145
f 8524/5/7083 8531/5/7090 8653/5/7143
f 8520/5/7079 8528/5/7087 8664/5/7153
f 8531/5/7090 8661/5/7150 8653/5/7143
f 8531/5/7090 8539/5/7098 8661/5/7150
f 8678/5/6604 8541/5/7100 8480/5/7043
f 8678/5/6604 8480/5/7043 8613/5/6556
f 8679/5/5933 8573/5/6544 8680/5/7161
f 8190/5/5569 8038/5/5463 8681/5/7162
f 8038/5/5463 8037/5/6800 8681/5/7162
f 8062/5/5481 8082/5/5497 8682/5/7163
f 8082/5/5497 8094/5/6812 8682/5/7163
f 8091/5/6811 8683/5/7164 8081/5/6807
f 8683/5/7164 8076/5/5492 8081/5/6807
f 8556/5/6541 8558/5/7105 8684/5/7165
f 8558/5/7105 8032/5/5458 8685/5/7166
f 8558/5/7105 8685/5/7166 8684/5/7165
f 8032/5/5458 8034/5/6797 8685/5/7166
f 8148/5/6262 8686/5/7167 8150/5/6823
f 8686/5/7167 8151/5/6264 8150/5/6823
f 8608/5/6553 8605/5/5970 8687/5/6618
f 8605/5/5970 8601/5/7113 8687/5/6618
f 8543/5/5918 8542/5/7101 8688/5/7168
f 8542/5/7101 8554/5/7103 8688/5/7168
f 8554/5/7103 8553/5/5566 8689/5/7169
f 8553/5/5566 8690/5/7170 8691/5/7171
f 8553/5/5566 8691/5/7171 8689/5/7169
f 8690/5/7170 8028/5/6223 8691/5/7171
f 8108/5/6815 8692/5/7172 8102/5/5512
f 8692/5/7172 8099/5/6244 8102/5/5512
f 8070/5/5488 8693/5/5500 8694/5/7173
f 8693/5/5500 8695/5/7174 8696/5/7175
f 8693/5/5500 8696/5/7175 8694/5/7173
f 8695/5/7174 8697/5/5921 8698/5/7176
f 8695/5/7174 8698/5/7176 8696/5/7175
f 8697/5/5921 8679/5/5933 8680/5/7161
f 8697/5/5921 8680/5/7161 8698/5/7176
f 8113/5/5517 8107/5/6814 8699/5/7177
f 8118/5/6252 8113/5/5517 8699/5/7177
f 8155/5/6267 8157/5/6825 8700/5/7178
f 8153/5/5538 8155/5/6267 8700/5/7178
f 8024/5/6796 8137/5/5533 8701/5/6071
f 8022/5/5447 8024/5/6796 8701/5/6071
f 8091/5/6811 8081/5/6807 8702/5/6072
f 8089/5/6241 8091/5/6811 8702/5/6072
f 8537/5/7096 8529/5/7088 8703/5/7179
f 8529/5/7088 8704/5/7180 8703/5/7179
f 8529/5/7088 8527/5/7086 8704/5/7180
f 8527/5/7086 8519/5/7078 8705/5/7181
f 8519/5/7078 8706/5/7182 8705/5/7181
f 8519/5/7078 8511/5/7070 8707/5/7183
f 8519/5/7078 8707/5/7183 8706/5/7182
f 8511/5/7070 8708/5/7184 8707/5/7183
f 8511/5/7070 8509/5/7068 8709/5/7185
f 8511/5/7070 8709/5/7185 8708/5/7184
f 8509/5/7068 8710/5/7186 8709/5/7185
f 8509/5/7068 8502/5/7063 8711/5/6633
f 8509/5/7068 8711/5/6633 8710/5/7186
f 8502/5/7063 8712/5/6083 8711/5/6633
f 8502/5/7063 8500/5/7061 8713/5/7187
f 8502/5/7063 8713/5/7187 8712/5/6083
f 8500/5/7061 8714/5/7188 8713/5/7187
f 8500/5/7061 8499/5/7060 8714/5/7188
f 8499/5/7060 8495/5/7056 8715/5/7189
f 8495/5/7056 8716/5/7190 8715/5/7189
f 8495/5/7056 8491/5/7052 8716/5/7190
f 8491/5/7052 8487/5/7048 8717/5/7191
f 8487/5/7048 8718/5/7192 8717/5/7191
f 8487/5/7048 8484/5/7046 8718/5/7192
f 8484/5/7046 8193/5/6834 8719/5/7193
f 8193/5/6834 8720/5/7194 8719/5/7193
f 8193/5/6834 8192/5/6833 8721/5/7195
f 8193/5/6834 8721/5/7195 8720/5/7194
f 8192/5/6833 8722/5/7196 8721/5/7195
f 8192/5/6833 8475/5/7038 8723/5/7197
f 8192/5/6833 8723/5/7197 8722/5/7196
f 8475/5/7038 8724/5/7198 8723/5/7197
f 8475/5/7038 8474/5/7037 8725/5/7199
f 8475/5/7038 8725/5/7199 8724/5/7198
f 8474/5/7037 8726/5/7200 8725/5/7199
f 8474/5/7037 8532/5/7091 8727/5/6651
f 8474/5/7037 8727/5/6651 8726/5/7200
f 8532/5/7091 8728/5/7201 8727/5/6651
f 8532/5/7091 8525/5/7084 8729/5/7202
f 8532/5/7091 8729/5/7202 8728/5/7201
f 8525/5/7084 8730/5/7203 8729/5/7202
f 8525/5/7084 8521/5/7080 8730/5/7203
f 8521/5/7080 8513/5/7072 8731/5/7204
f 8513/5/7072 8732/5/7205 8731/5/7204
f 8513/5/7072 8471/5/7034 8733/5/7206
f 8513/5/7072 8733/5/7206 8732/5/7205
f 8471/5/7034 8734/5/7207 8733/5/7206
f 8471/5/7034 8470/5/7033 8735/5/7208
f 8471/5/7034 8735/5/7208 8734/5/7207
f 8470/5/7033 8736/5/7209 8735/5/7208
f 8470/5/7033 8497/5/7058 8737/5/7210
f 8470/5/7033 8737/5/7210 8736/5/7209
f 8497/5/7058 8738/5/7211 8737/5/7210
f 8497/5/7058 8493/5/7054 8739/5/7212
f 8497/5/7058 8739/5/7212 8738/5/7211
f 8493/5/7054 8740/5/7213 8739/5/7212
f 8493/5/7054 8489/5/7050 8740/5/7213
f 8489/5/7050 8485/5/7047 8741/5/7214
f 8485/5/7047 8742/5/7215 8741/5/7214
f 8485/5/7047 8482/5/7045 8742/5/7215
f 8482/5/7045 8478/5/7041 8743/5/6667
f 8478/5/7041 8744/5/7216 8743/5/6667
f 8478/5/7041 8477/5/7040 8745/5/7217
f 8478/5/7041 8745/5/7217 8744/5/7216
f 8477/5/7040 8746/5/7218 8745/5/7217
f 8477/5/7040 8540/5/7099 8747/5/7219
f 8477/5/7040 8747/5/7219 8746/5/7218
f 8540/5/7099 8748/5/7220 8747/5/7219
f 8540/5/7099 8535/5/7094 8749/5/7221
f 8540/5/7099 8749/5/7221 8748/5/7220
f 8535/5/7094 8750/5/7222 8749/5/7221
f 8535/5/7094 8530/5/7089 8750/5/7222
f 8690/5/7170 8751/5/6674 8028/5/6223
f 8530/5/7089 8523/5/7082 8752/5/7223
f 8751/5/6674 8029/5/5454 8028/5/6223
f 8523/5/7082 8753/5/6676 8752/5/7223
f 8523/5/7082 8516/5/7075 8754/5/6677
f 8523/5/7082 8754/5/6677 8753/5/6676
f 8516/5/7075 8755/5/7224 8754/5/6677
f 8055/5/6804 8756/5/7225 8070/5/5488
f 8516/5/7075 8515/5/7074 8757/5/6128
f 8516/5/7075 8757/5/6128 8755/5/7224
f 8756/5/7225 8693/5/5500 8070/5/5488
f 8515/5/7074 8758/5/7226 8757/5/6128
f 8515/5/7074 8505/5/7066 8758/5/7226
f 8573/5/6544 8679/5/5933 8574/5/5944
f 8505/5/7066 8515/5/7074 8518/5/7077
f 8505/5/7066 8518/5/7077 8506/5/6503
f 8759/5/7227 8760/5/7228 8761/5/7229
f 8762/5/7230 8760/5/7228 8759/5/7227
f 8763/5/7231 8760/5/7228 8764/5/7232
f 8761/5/7229 8760/5/7228 8763/5/7231
f 8764/5/7232 8760/5/7228 8762/5/7230
f 8765/5/7233 8766/5/7234 8767/5/7235
f 8768/5/7236 8765/5/7233 8767/5/7235
f 8766/5/7234 8769/5/7237 8767/5/7235
f 8770/5/7238 8768/5/7236 8767/5/7235
f 8769/5/7237 8770/5/7238 8767/5/7235
f 8771/5/7239 8762/5/7230 8772/5/7240
f 8773/5/7241 8763/5/7231 8774/5/7242
f 8773/5/7241 8761/5/7229 8763/5/7231
f 8771/5/7239 8764/5/7232 8762/5/7230
f 8775/5/7243 8764/5/7232 8771/5/7239
f 8776/5/7244 8761/5/7229 8773/5/7241
f 8777/5/7245 8764/5/7232 8775/5/7243
f 8772/5/7240 8759/5/7227 8778/5/7246
f 8776/5/7244 8759/5/7227 8761/5/7229
f 8778/5/7246 8759/5/7227 8776/5/7244
f 8774/5/7242 8764/5/7232 8777/5/7245
f 8772/5/7240 8762/5/7230 8759/5/7227
f 8774/5/7242 8763/5/7231 8764/5/7232
f 8779/5/7247 8780/5/7248 8781/5/7249
f 8782/5/7250 8783/5/7251 8784/5/7252
f 8779/5/7247 8781/5/7249 8785/5/7253
f 8784/5/7252 8783/5/7251 8786/5/7254
f 8787/5/7255 8788/5/7256 8789/5/7257
f 8789/5/7257 8788/5/7256 8790/5/7258
f 8785/5/7253 8781/5/7249 8791/5/7259
f 8784/5/7252 8786/5/7254 8792/5/7260
f 8785/5/7253 8791/5/7259 8793/5/7261
f 8789/5/7257 8790/5/7258 8794/5/7262
f 8792/5/7260 8786/5/7254 8795/5/7263
f 8792/5/7260 8795/5/7263 8796/5/7264
f 8794/5/7262 8790/5/7258 8797/5/7265
f 8793/5/7261 8791/5/7259 8798/5/7266
f 8793/5/7261 8798/5/7266 8799/5/7267
f 8794/5/7262 8797/5/7265 8800/5/7268
f 8794/5/7262 8800/5/7268 8801/5/7269
f 8799/5/7267 8798/5/7266 8787/5/7255
f 8796/5/7264 8795/5/7263 8802/5/7270
f 8796/5/7264 8802/5/7270 8803/5/7271
f 8787/5/7255 8798/5/7266 8788/5/7256
f 8801/5/7269 8800/5/7268 8804/5/7272
f 8803/5/7271 8802/5/7270 8805/5/7273
f 8804/5/7272 8806/5/7274 8807/5/7275
f 8805/5/7273 8802/5/7270 8808/5/7276
f 8805/5/7273 8808/5/7276 8809/5/7277
f 8805/5/7273 8809/5/7277 8810/5/7278
f 8807/5/7275 8806/5/7274 8811/5/7279
f 8807/5/7275 8811/5/7279 8812/5/7280
f 8810/5/7278 8809/5/7277 8813/5/7281
f 8813/5/7281 8809/5/7277 8780/5/7248
f 8812/5/7280 8811/5/7279 8814/5/7282
f 8812/5/7280 8814/5/7282 8782/5/7250
f 8813/5/7281 8780/5/7248 8779/5/7247
f 8782/5/7250 8814/5/7282 8783/5/7251
f 8815/5/7283 8816/5/7284 8817/5/7285
f 8818/5/7286 8819/5/7287 8820/5/7288
f 8821/5/7289 8822/5/7290 8823/5/7291
f 8817/5/7285 8816/5/7284 8824/5/7292
f 8823/5/7291 8822/5/7290 8825/5/7293
f 8820/5/7288 8819/5/7287 8826/5/7294
f 8817/5/7285 8824/5/7292 8827/5/7295
f 8823/5/7291 8825/5/7293 8797/5/7265
f 8820/5/7288 8826/5/7294 8828/5/7296
f 8797/5/7265 8825/5/7293 8829/5/7297
f 8797/5/7265 8829/5/7297 8830/5/7298
f 8828/5/7296 8826/5/7294 8822/5/7290
f 8827/5/7295 8824/5/7292 8831/5/7299
f 8827/5/7295 8831/5/7299 8832/5/7300
f 8828/5/7296 8822/5/7290 8821/5/7289
f 8830/5/7298 8829/5/7297 8833/5/7301
f 8830/5/7298 8833/5/7301 8834/5/7302
f 8832/5/7300 8831/5/7299 8835/5/7303
f 8832/5/7300 8835/5/7303 8836/5/7304
f 8834/5/7302 8833/5/7301 8837/5/7305
f 8836/5/7304 8835/5/7303 8838/5/7306
f 8837/5/7305 8833/5/7301 8839/5/7307
f 8838/5/7306 8835/5/7303 8840/5/7308
f 8838/5/7306 8840/5/7308 8818/5/7286
f 8837/5/7305 8839/5/7307 8815/5/7283
f 8818/5/7286 8840/5/7308 8819/5/7287
f 8815/5/7283 8839/5/7307 8816/5/7284
f 8841/5/7309 8842/5/7310 8843/5/7311
f 8841/5/7309 8844/5/7312 8842/5/7310
f 8845/5/7313 8813/5/7281 8846/5/7314
f 8847/5/7315 8844/5/7312 8841/5/7309
f 8848/5/7316 8813/5/7281 8845/5/7313
f 8847/5/7315 8849/5/7317 8844/5/7312
f 8848/5/7316 8850/5/7318 8813/5/7281
f 8851/5/7319 8849/5/7317 8847/5/7315
f 8852/5/7320 8850/5/7318 8848/5/7316
f 8853/5/7321 8849/5/7317 8851/5/7319
f 8852/5/7320 8854/5/7322 8850/5/7318
f 8855/5/7323 8854/5/7322 8852/5/7320
f 8856/5/7324 8857/5/7325 8853/5/7321
f 8855/5/7323 8858/5/7326 8854/5/7322
f 8859/5/7327 8857/5/7325 8856/5/7324
f 8860/5/7328 8861/5/7329 8858/5/7326
f 8860/5/7328 8858/5/7326 8855/5/7323
f 8859/5/7327 8862/5/7330 8857/5/7325
f 8863/5/7331 8864/5/7332 8861/5/7329
f 8863/5/7331 8861/5/7329 8860/5/7328
f 8865/5/7333 8862/5/7330 8859/5/7327
f 8866/5/7334 8867/5/7335 8868/5/7336
f 8869/5/7337 8870/5/7338 8864/5/7332
f 8869/5/7337 8864/5/7332 8863/5/7331
f 8871/5/7339 8799/5/7267 8866/5/7334
f 8872/5/7340 8873/5/7341 8870/5/7338
f 8872/5/7340 8870/5/7338 8869/5/7337
f 8874/5/7342 8875/5/7343 8799/5/7267
f 8874/5/7342 8799/5/7267 8871/5/7339
f 8876/5/7344 8877/5/7345 8873/5/7341
f 8876/5/7344 8873/5/7341 8872/5/7340
f 8878/5/7346 8875/5/7343 8874/5/7342
f 8879/5/7347 8877/5/7345 8876/5/7344
f 8879/5/7347 8880/5/7348 8877/5/7345
f 8881/5/7349 8880/5/7348 8879/5/7347
f 8882/5/7350 8883/5/7351 8878/5/7346
f 8868/5/7336 8867/5/7335 8884/5/7352
f 8881/5/7349 8885/5/7353 8880/5/7348
f 8886/5/7354 8883/5/7351 8882/5/7350
f 8843/5/7311 8885/5/7353 8881/5/7349
f 8843/5/7311 8842/5/7310 8885/5/7353
f 8846/5/7314 8883/5/7351 8886/5/7354
f 8844/5/7312 8782/5/7250 8842/5/7310
f 8813/5/7281 8779/5/7247 8846/5/7314
f 8849/5/7317 8812/5/7280 8782/5/7250
f 8849/5/7317 8782/5/7250 8844/5/7312
f 8850/5/7318 8810/5/7278 8813/5/7281
f 8853/5/7321 8807/5/7275 8812/5/7280
f 8853/5/7321 8812/5/7280 8849/5/7317
f 8854/5/7322 8810/5/7278 8850/5/7318
f 8854/5/7322 8805/5/7273 8810/5/7278
f 8857/5/7325 8807/5/7275 8853/5/7321
f 8858/5/7326 8805/5/7273 8854/5/7322
f 8857/5/7325 8804/5/7272 8807/5/7275
f 8861/5/7329 8803/5/7271 8805/5/7273
f 8861/5/7329 8805/5/7273 8858/5/7326
f 8862/5/7330 8804/5/7272 8857/5/7325
f 8862/5/7330 8801/5/7269 8804/5/7272
f 8864/5/7332 8803/5/7271 8861/5/7329
f 8865/5/7333 8801/5/7269 8862/5/7330
f 8866/5/7334 8787/5/7255 8867/5/7335
f 8870/5/7338 8796/5/7264 8803/5/7271
f 8870/5/7338 8803/5/7271 8864/5/7332
f 8887/5/7355 8801/5/7269 8865/5/7333
f 8799/5/7267 8787/5/7255 8866/5/7334
f 8887/5/7355 8794/5/7262 8801/5/7269
f 8873/5/7341 8796/5/7264 8870/5/7338
f 8888/5/7356 8794/5/7262 8887/5/7355
f 8875/5/7343 8793/5/7261 8799/5/7267
f 8877/5/7345 8792/5/7260 8796/5/7264
f 8877/5/7345 8796/5/7264 8873/5/7341
f 8889/5/7357 8789/5/7257 8794/5/7262
f 8889/5/7357 8794/5/7262 8888/5/7356
f 8878/5/7346 8785/5/7253 8793/5/7261
f 8878/5/7346 8793/5/7261 8875/5/7343
f 8884/5/7352 8789/5/7257 8889/5/7357
f 8880/5/7348 8784/5/7252 8792/5/7260
f 8880/5/7348 8792/5/7260 8877/5/7345
f 8883/5/7351 8785/5/7253 8878/5/7346
f 8867/5/7335 8787/5/7255 8789/5/7257
f 8867/5/7335 8789/5/7257 8884/5/7352
f 8885/5/7353 8784/5/7252 8880/5/7348
f 8883/5/7351 8779/5/7247 8785/5/7253
f 8842/5/7310 8782/5/7250 8784/5/7252
f 8842/5/7310 8784/5/7252 8885/5/7353
f 8846/5/7314 8779/5/7247 8883/5/7351
f 8890/5/7358 8891/5/7358 8892/5/7359
f 8890/5/7358 8892/5/7359 8893/5/7360
f 8894/5/7361 8895/5/7362 8896/5/7363
f 8897/5/7364 8898/5/7364 8891/5/7358
f 8897/5/7364 8891/5/7358 8890/5/7358
f 8899/5/7365 8894/5/7361 8896/5/7363
f 8899/5/7365 8896/5/7363 8900/5/7365
f 8901/5/7366 8902/5/7367 8898/5/7364
f 8901/5/7366 8898/5/7364 8897/5/7364
f 8903/5/7368 8904/5/7368 8905/5/7369
f 8903/5/7368 8905/5/7369 8906/5/7369
f 8907/5/7370 8908/5/7371 8902/5/7367
f 8907/5/7370 8902/5/7367 8901/5/7366
f 8909/5/7372 8910/5/7373 8908/5/7371
f 8909/5/7372 8908/5/7371 8907/5/7370
f 8911/5/7374 8899/5/7365 8900/5/7365
f 8911/5/7374 8900/5/7365 8912/5/7374
f 8913/5/7375 8914/5/7376 8910/5/7373
f 8913/5/7375 8910/5/7373 8909/5/7372
f 8906/5/7369 8905/5/7369 8915/5/7377
f 8906/5/7369 8915/5/7377 8916/5/7377
f 8917/5/7378 8918/5/7379 8914/5/7376
f 8917/5/7378 8914/5/7376 8913/5/7375
f 8919/5/7380 8920/5/7381 8921/5/7382
f 8922/5/7383 8923/5/7384 8918/5/7379
f 8922/5/7383 8918/5/7379 8917/5/7378
f 8924/5/7385 8911/5/7374 8912/5/7374
f 8925/5/7386 8926/5/7387 8923/5/7384
f 8925/5/7386 8923/5/7384 8922/5/7383
f 8916/5/7377 8915/5/7377 8927/5/7388
f 8916/5/7377 8927/5/7388 8928/5/7389
f 8929/5/7390 8930/5/7391 8926/5/7387
f 8929/5/7390 8926/5/7387 8925/5/7386
f 8931/5/7392 8919/5/7380 8921/5/7382
f 8931/5/7392 8921/5/7382 8932/5/7392
f 8933/5/7393 8934/5/7394 8935/5/7395
f 8933/5/7393 8935/5/7395 8936/5/7396
f 8937/5/7397 8938/5/7398 8930/5/7391
f 8937/5/7397 8930/5/7391 8929/5/7390
f 8939/5/7399 8924/5/7385 8940/5/7400
f 8941/5/7401 8942/5/7401 8943/5/7402
f 8941/5/7401 8943/5/7402 8944/5/7402
f 8945/5/7403 8946/5/7404 8938/5/7398
f 8945/5/7403 8938/5/7398 8937/5/7397
f 8928/5/7389 8927/5/7388 8947/5/7405
f 8928/5/7389 8947/5/7405 8948/5/7405
f 8949/5/7406 8950/5/7406 8942/5/7401
f 8949/5/7406 8942/5/7401 8941/5/7401
f 8951/5/7407 8952/5/7407 8946/5/7404
f 8951/5/7407 8946/5/7404 8945/5/7403
f 8953/5/7408 8931/5/7392 8932/5/7392
f 8954/5/7409 8955/5/7410 8950/5/7406
f 8954/5/7409 8950/5/7406 8949/5/7406
f 8956/5/7411 8957/5/7411 8952/5/7407
f 8956/5/7411 8952/5/7407 8951/5/7407
f 8958/5/7412 8939/5/7399 8940/5/7400
f 8958/5/7412 8940/5/7400 8959/5/7412
f 8960/5/7413 8961/5/7413 8955/5/7410
f 8960/5/7413 8955/5/7410 8954/5/7409
f 8948/5/7405 8947/5/7405 8962/5/7414
f 8948/5/7405 8962/5/7414 8963/5/7414
f 8964/5/7415 8965/5/7415 8957/5/7411
f 8964/5/7415 8957/5/7411 8956/5/7411
f 8966/5/7416 8967/5/7416 8961/5/7413
f 8966/5/7416 8961/5/7413 8960/5/7413
f 8968/5/7417 8969/5/7418 8965/5/7415
f 8968/5/7417 8965/5/7415 8964/5/7415
f 8970/5/7419 8971/5/7420 8967/5/7416
f 8970/5/7419 8967/5/7416 8966/5/7416
f 8972/5/7421 8973/5/7422 8969/5/7418
f 8972/5/7421 8969/5/7418 8968/5/7417
f 8974/5/7423 8975/5/7423 8971/5/7420
f 8974/5/7423 8971/5/7420 8970/5/7419
f 8963/5/7414 8962/5/7414 8976/5/7424
f 8963/5/7414 8976/5/7424 8977/5/7424
f 8978/5/7425 8979/5/7425 8973/5/7422
f 8978/5/7425 8973/5/7422 8972/5/7421
f 8980/5/7426 8981/5/7426 8975/5/7423
f 8980/5/7426 8975/5/7423 8974/5/7423
f 8982/5/7427 8983/5/7428 8979/5/7425
f 8982/5/7427 8979/5/7425 8978/5/7425
f 8984/5/7429 8985/5/7430 8981/5/7426
f 8984/5/7429 8981/5/7426 8980/5/7426
f 8986/5/7431 8987/5/7431 8983/5/7428
f 8986/5/7431 8983/5/7428 8982/5/7427
f 8977/5/7424 8976/5/7424 8988/5/7432
f 8977/5/7424 8988/5/7432 8989/5/7432
f 8990/5/7433 8991/5/7433 8985/5/7430
f 8990/5/7433 8985/5/7430 8984/5/7429
f 8992/5/7434 8993/5/7434 8987/5/7431
f 8992/5/7434 8987/5/7431 8986/5/7431
f 8994/5/7435 8995/5/7435 8991/5/7433
f 8994/5/7435 8991/5/7433 8990/5/7433
f 8989/5/7432 8988/5/7432 8996/5/7436
f 8997/5/7437 8998/5/7438 8995/5/7435
f 8997/5/7437 8995/5/7435 8994/5/7435
f 8999/5/7439 9000/5/7440 9001/5/7441
f 9002/5/7442 9003/5/7443 8998/5/7438
f 9002/5/7442 8998/5/7438 8997/5/7437
f 9004/5/7444 9005/5/7445 9003/5/7443
f 9004/5/7444 9003/5/7443 9002/5/7442
f 8814/5/7282 8837/5/7305 8815/5/7283
f 8814/5/7282 8815/5/7283 8783/5/7251
f 8780/5/7248 8838/5/7306 8818/5/7286
f 8811/5/7279 8837/5/7305 8814/5/7282
f 8809/5/7277 8838/5/7306 8780/5/7248
f 8809/5/7277 8836/5/7304 8838/5/7306
f 8806/5/7274 8834/5/7302 8837/5/7305
f 8806/5/7274 8837/5/7305 8811/5/7279
f 8808/5/7276 8836/5/7304 8809/5/7277
f 8802/5/7270 8832/5/7300 8836/5/7304
f 8802/5/7270 8836/5/7304 8808/5/7276
f 8804/5/7272 8830/5/7298 8834/5/7302
f 8804/5/7272 8834/5/7302 8806/5/7274
f 8800/5/7268 8830/5/7298 8804/5/7272
f 8798/5/7266 8828/5/7296 8821/5/7289
f 8798/5/7266 8821/5/7289 8788/5/7256
f 8795/5/7263 8827/5/7295 8832/5/7300
f 8795/5/7263 8832/5/7300 8802/5/7270
f 8800/5/7268 8797/5/7265 8830/5/7298
f 8791/5/7259 8820/5/7288 8828/5/7296
f 8791/5/7259 8828/5/7296 8798/5/7266
f 8790/5/7258 8823/5/7291 8797/5/7265
f 8786/5/7254 8817/5/7285 8827/5/7295
f 8786/5/7254 8827/5/7295 8795/5/7263
f 8781/5/7249 8820/5/7288 8791/5/7259
f 8788/5/7256 8821/5/7289 8823/5/7291
f 8788/5/7256 8823/5/7291 8790/5/7258
f 8781/5/7249 8818/5/7286 8820/5/7288
f 8783/5/7251 8815/5/7283 8817/5/7285
f 8783/5/7251 8817/5/7285 8786/5/7254
f 8780/5/7248 8818/5/7286 8781/5/7249
f 8816/5/7284 8774/5/7242 8777/5/7245
f 8822/5/7290 8778/5/7246 8776/5/7244
f 8816/5/7284 8777/5/7245 8824/5/7292
f 8822/5/7290 8776/5/7244 8825/5/7293
f 8819/5/7287 8772/5/7240 8778/5/7246
f 8819/5/7287 8778/5/7246 8826/5/7294
f 8825/5/7293 8776/5/7244 8829/5/7297
f 8824/5/7292 8777/5/7245 8775/5/7243
f 8829/5/7297 8776/5/7244 8773/5/7241
f 8826/5/7294 8778/5/7246 8822/5/7290
f 8824/5/7292 8775/5/7243 8831/5/7299
f 8831/5/7299 8775/5/7243 8771/5/7239
f 8829/5/7297 8773/5/7241 8833/5/7301
f 8831/5/7299 8771/5/7239 8835/5/7303
f 8833/5/7301 8773/5/7241 8774/5/7242
f 8833/5/7301 8774/5/7242 8839/5/7307
f 8835/5/7303 8771/5/7239 8840/5/7308
f 8840/5/7308 8771/5/7239 8772/5/7240
f 8840/5/7308 8772/5/7240 8819/5/7287
f 8839/5/7307 8774/5/7242 8816/5/7284
f 8893/5/7360 8892/5/7359 9006/5/7446
f 8893/5/7360 9006/5/7446 9007/5/7446
f 9007/5/7446 9006/5/7446 9008/5/7447
f 9007/5/7446 9008/5/7447 9009/5/7447
f 9009/5/7447 9008/5/7447 9010/5/7448
f 9009/5/7447 9010/5/7448 9011/5/7448
f 9011/5/7448 9010/5/7448 9012/5/7449
f 9011/5/7448 9012/5/7449 9013/5/7450
f 9013/5/7450 9012/5/7449 9014/5/7451
f 9014/5/7451 9015/5/7452 9016/5/7453
f 9016/5/7453 9015/5/7452 9017/5/7454
f 9016/5/7453 9017/5/7454 9018/5/7454
f 9018/5/7454 9017/5/7454 9019/5/7455
f 9018/5/7454 9019/5/7455 9020/5/7455
f 9020/5/7455 9019/5/7455 9021/5/7456
f 9020/5/7455 9021/5/7456 9022/5/7457
f 9023/5/7458 9024/5/7459 9025/5/7460
f 9023/5/7458 9025/5/7460 9026/5/7460
f 9026/5/7460 9025/5/7460 9027/5/7461
f 9026/5/7460 9027/5/7461 9028/5/7461
f 9028/5/7461 9027/5/7461 9029/5/7462
f 9028/5/7461 9029/5/7462 9030/5/7463
f 9030/5/7463 9029/5/7462 9031/5/7464
f 9031/5/7464 9032/5/7465 9033/5/7466
f 9033/5/7466 9032/5/7465 9034/5/7467
f 9033/5/7466 9034/5/7467 9035/5/7467
f 9035/5/7467 9034/5/7467 9036/5/7468
f 9035/5/7467 9036/5/7468 9037/5/7468
f 9037/5/7468 9036/5/7468 9038/5/7469
f 9037/5/7468 9038/5/7469 9039/5/7470
f 9039/5/7470 9038/5/7469 9040/5/7471
f 9039/5/7470 9040/5/7471 9041/5/7471
f 9041/5/7471 9040/5/7471 9042/5/7472
f 9041/5/7471 9042/5/7472 9043/5/7473
f 9043/5/7473 9042/5/7472 9044/5/7474
f 9044/5/7474 9045/5/7475 9046/5/7476
f 9046/5/7476 9045/5/7475 9047/5/7477
f 9046/5/7476 9047/5/7477 9048/5/7478
f 9048/5/7478 9047/5/7477 9049/5/7479
f 9048/5/7478 9049/5/7479 9050/5/7480
f 9050/5/7480 9049/5/7479 9051/5/7481
f 9050/5/7480 9051/5/7481 9052/5/7482
f 9052/5/7482 9051/5/7481 9053/5/7483
f 9052/5/7482 9053/5/7483 9054/5/7484
f 9054/5/7484 9053/5/7483 9055/5/7485
f 9054/5/7484 9055/5/7485 9056/5/7486
f 9056/5/7486 9055/5/7485 9005/5/7445
f 9056/5/7486 9005/5/7445 9004/5/7444
f 8895/5/7362 9057/5/7487 9058/5/7487
f 8944/5/7402 8943/5/7402 9059/5/7488
f 8944/5/7402 9059/5/7488 9060/5/7488
f 9061/5/7489 9062/5/7490 8904/5/7368
f 9061/5/7489 8904/5/7368 8903/5/7368
f 9063/5/7491 9064/5/7492 9065/5/7492
f 9066/5/7493 9067/5/7494 9068/5/7495
f 9069/5/7496 8851/5/7319 8847/5/7315
f 9070/5/7497 8851/5/7319 9069/5/7496
f 9071/5/7498 8852/5/7320 8848/5/7316
f 9071/5/7498 8848/5/7316 9072/5/7499
f 9070/5/7497 8853/5/7321 8851/5/7319
f 9073/5/7500 8853/5/7321 9070/5/7497
f 9071/5/7498 8855/5/7323 8852/5/7320
f 9073/5/7500 8856/5/7324 8853/5/7321
f 9074/5/7501 8855/5/7323 9071/5/7498
f 9075/5/7502 8856/5/7324 9073/5/7500
f 9075/5/7502 8859/5/7327 8856/5/7324
f 9076/5/7503 8860/5/7328 8855/5/7323
f 9076/5/7503 8855/5/7323 9074/5/7501
f 9077/5/7504 8859/5/7327 9075/5/7502
f 9078/5/7505 8863/5/7331 8860/5/7328
f 9078/5/7505 8860/5/7328 9076/5/7503
f 9079/5/7506 8865/5/7333 8859/5/7327
f 9079/5/7506 8859/5/7327 9077/5/7504
f 9080/5/7507 8866/5/7334 8868/5/7336
f 9080/5/7507 8868/5/7336 9081/5/7508
f 9082/5/7509 8869/5/7337 8863/5/7331
f 9082/5/7509 8863/5/7331 9078/5/7505
f 9079/5/7506 8887/5/7355 8865/5/7333
f 9083/5/7510 8871/5/7339 8866/5/7334
f 9083/5/7510 8866/5/7334 9080/5/7507
f 9084/5/7511 8887/5/7355 9079/5/7506
f 9085/5/7512 8872/5/7340 8869/5/7337
f 9085/5/7512 8869/5/7337 9082/5/7509
f 9084/5/7511 8888/5/7356 8887/5/7355
f 9086/5/7513 8874/5/7342 8871/5/7339
f 9086/5/7513 8871/5/7339 9083/5/7510
f 9087/5/7514 8888/5/7356 9084/5/7511
f 9088/5/7515 8876/5/7344 8872/5/7340
f 9088/5/7515 8872/5/7340 9085/5/7512
f 9087/5/7514 8889/5/7357 8888/5/7356
f 9089/5/7516 8878/5/7346 8874/5/7342
f 9089/5/7516 8874/5/7342 9086/5/7513
f 9090/5/7517 8884/5/7352 8889/5/7357
f 9090/5/7517 8889/5/7357 9087/5/7514
f 9091/5/7518 8879/5/7347 8876/5/7344
f 9091/5/7518 8876/5/7344 9088/5/7515
f 9092/5/7519 8882/5/7350 8878/5/7346
f 9092/5/7519 8878/5/7346 9089/5/7516
f 9081/5/7508 8868/5/7336 8884/5/7352
f 9081/5/7508 8884/5/7352 9090/5/7517
f 9093/5/7520 8881/5/7349 8879/5/7347
f 9093/5/7520 8879/5/7347 9091/5/7518
f 9094/5/7521 8886/5/7354 8882/5/7350
f 9094/5/7521 8882/5/7350 9092/5/7519
f 9095/5/7522 8843/5/7311 8881/5/7349
f 9095/5/7522 8881/5/7349 9093/5/7520
f 9096/5/7523 8846/5/7314 8886/5/7354
f 9096/5/7523 8886/5/7354 9094/5/7521
f 9097/5/7524 8841/5/7309 8843/5/7311
f 9097/5/7524 8843/5/7311 9095/5/7522
f 9096/5/7523 8845/5/7313 8846/5/7314
f 9098/5/7525 8845/5/7313 9096/5/7523
f 9069/5/7496 8847/5/7315 8841/5/7309
f 9069/5/7496 8841/5/7309 9097/5/7524
f 9098/5/7525 8848/5/7316 8845/5/7313
f 9072/5/7499 8848/5/7316 9098/5/7525
f 9080/5/7507 9081/5/7508 9099/5/7526
f 9080/5/7507 9099/5/7526 9100/5/7527
f 9080/5/7507 9100/5/7527 9101/5/7528
f 9083/5/7510 9080/5/7507 9101/5/7528
f 9083/5/7510 9101/5/7528 9102/5/7529
f 9083/5/7510 9102/5/7529 9103/5/7530
f 9086/5/7513 9083/5/7510 9103/5/7530
f 9086/5/7513 9103/5/7530 9104/5/7531
f 9086/5/7513 9104/5/7531 9105/5/7532
f 9089/5/7516 9086/5/7513 9105/5/7532
f 9089/5/7516 9105/5/7532 9106/5/7533
f 9089/5/7516 9106/5/7533 9107/5/7534
f 9092/5/7519 9089/5/7516 9107/5/7534
f 9092/5/7519 9107/5/7534 9108/5/7535
f 9092/5/7519 9108/5/7535 9109/5/7536
f 9094/5/7521 9092/5/7519 9109/5/7536
f 9094/5/7521 9109/5/7536 9110/5/7537
f 9094/5/7521 9110/5/7537 9111/5/7538
f 9096/5/7523 9094/5/7521 9111/5/7538
f 9096/5/7523 9111/5/7538 9112/5/7539
f 9096/5/7523 9112/5/7539 9113/5/7540
f 9098/5/7525 9096/5/7523 9113/5/7540
f 9098/5/7525 9113/5/7540 9114/5/7541
f 9098/5/7525 9114/5/7541 9115/5/7542
f 9072/5/7499 9098/5/7525 9115/5/7542
f 9072/5/7499 9115/5/7542 9116/5/7543
f 9072/5/7499 9116/5/7543 9117/5/7544
f 9071/5/7498 9072/5/7499 9117/5/7544
f 9071/5/7498 9117/5/7544 9118/5/7545
f 9071/5/7498 9118/5/7545 9119/5/7546
f 9071/5/7498 9119/5/7546 9120/5/7547
f 9074/5/7501 9071/5/7498 9120/5/7547
f 9074/5/7501 9120/5/7547 9121/5/7548
f 9074/5/7501 9121/5/7548 9122/5/7549
f 9076/5/7503 9074/5/7501 9122/5/7549
f 9076/5/7503 9122/5/7549 9123/5/7550
f 9076/5/7503 9123/5/7550 9124/5/7551
f 9078/5/7505 9076/5/7503 9124/5/7551
f 9078/5/7505 9124/5/7551 9125/5/7552
f 9078/5/7505 9125/5/7552 9126/5/7553
f 9082/5/7509 9078/5/7505 9126/5/7553
f 9082/5/7509 9126/5/7553 9127/5/7554
f 9082/5/7509 9127/5/7554 9128/5/7555
f 9085/5/7512 9082/5/7509 9128/5/7555
f 9085/5/7512 9128/5/7555 9129/5/7556
f 9085/5/7512 9129/5/7556 9130/5/7557
f 9088/5/7515 9085/5/7512 9130/5/7557
f 9088/5/7515 9130/5/7557 9131/5/7558
f 9088/5/7515 9131/5/7558 9132/5/7559
f 9091/5/7518 9088/5/7515 9132/5/7559
f 9091/5/7518 9132/5/7559 9133/5/7560
f 9091/5/7518 9133/5/7560 9134/5/7561
f 9093/5/7520 9091/5/7518 9134/5/7561
f 9093/5/7520 9134/5/7561 9135/5/7562
f 9093/5/7520 9135/5/7562 9136/5/7563
f 9095/5/7522 9093/5/7520 9136/5/7563
f 9095/5/7522 9136/5/7563 9137/5/7564
f 9095/5/7522 9137/5/7564 9138/5/7565
f 9097/5/7524 9095/5/7522 9138/5/7565
f 9097/5/7524 9138/5/7565 9139/5/7566
f 9097/5/7524 9139/5/7566 9140/5/7567
f 9069/5/7496 9097/5/7524 9140/5/7567
f 9069/5/7496 9140/5/7567 9141/5/7568
f 9069/5/7496 9141/5/7568 9142/5/7569
f 9069/5/7496 9142/5/7569 9143/5/7570
f 9070/5/7497 9069/5/7496 9143/5/7570
f 9070/5/7497 9143/5/7570 9144/5/7571
f 9070/5/7497 9144/5/7571 9145/5/7572
f 9073/5/7500 9070/5/7497 9145/5/7572
f 9073/5/7500 9145/5/7572 9146/5/7573
f 9073/5/7500 9146/5/7573 9147/5/7574
f 9075/5/7502 9073/5/7500 9147/5/7574
f 9075/5/7502 9147/5/7574 9148/5/7575
f 9075/5/7502 9148/5/7575 9149/5/7576
f 9077/5/7504 9075/5/7502 9149/5/7576
f 9077/5/7504 9149/5/7576 9150/5/7577
f 9077/5/7504 9150/5/7577 9151/5/7578
f 9079/5/7506 9077/5/7504 9151/5/7578
f 9079/5/7506 9151/5/7578 9152/5/7579
f 9079/5/7506 9152/5/7579 9153/5/7580
f 9079/5/7506 9153/5/7580 9154/5/7581
f 9084/5/7511 9079/5/7506 9154/5/7581
f 9084/5/7511 9154/5/7581 9155/5/7582
f 9084/5/7511 9155/5/7582 9156/5/7583
f 9087/5/7514 9084/5/7511 9156/5/7583
f 9087/5/7514 9156/5/7583 9157/5/7584
f 9087/5/7514 9157/5/7584 9158/5/7585
f 9090/5/7517 9087/5/7514 9158/5/7585
f 9090/5/7517 9158/5/7585 9159/5/7586
f 9090/5/7517 9159/5/7586 9160/5/7587
f 9081/5/7508 9090/5/7517 9160/5/7587
f 9081/5/7508 9160/5/7587 9161/5/7588
f 9081/5/7508 9161/5/7588 9162/5/7589
f 9081/5/7508 9162/5/7589 9099/5/7526
f 9163/5/7590 8765/5/7233 8768/5/7236
f 9164/5/7591 9163/5/7590 8768/5/7236
f 9165/5/7592 9166/5/7593 8769/5/7237
f 9165/5/7592 8769/5/7237 8766/5/7234
f 9167/5/7594 9164/5/7591 8768/5/7236
f 9168/5/7595 9165/5/7592 8766/5/7234
f 9169/5/7596 9167/5/7594 8768/5/7236
f 9169/5/7596 8768/5/7236 8770/5/7238
f 9170/5/7597 8770/5/7238 8769/5/7237
f 9168/5/7595 8766/5/7234 8765/5/7233
f 9163/5/7590 9168/5/7595 8765/5/7233
f 9166/5/7593 9170/5/7597 8769/5/7237
f 9170/5/7597 9169/5/7596 8770/5/7238
f 9171/5/7598 9172/5/7599 9173/5/7600
f 9171/5/7598 9174/5/7601 9172/5/7599
f 9175/5/7602 9176/5/7603 9177/5/7604
f 9175/5/7602 9177/5/7604 9178/5/7605
f 9179/5/7606 9180/5/7607 9181/5/7608
f 9180/5/7607 9182/5/7609 9181/5/7608
f 9174/5/7601 9183/5/7610 9172/5/7599
f 9174/5/7601 9184/5/7611 9183/5/7610
f 9176/5/7603 9185/5/7612 9186/5/7613
f 9176/5/7603 9186/5/7613 9177/5/7604
f 9180/5/7607 9187/5/7614 9182/5/7609
f 9187/5/7614 9188/5/7615 9182/5/7609
f 9184/5/7611 9189/5/7616 9190/5/7617
f 9184/5/7611 9190/5/7617 9183/5/7610
f 9185/5/7612 9191/5/7618 9192/5/7619
f 9185/5/7612 9192/5/7619 9186/5/7613
f 9187/5/7614 9193/5/7620 9188/5/7615
f 9189/5/7616 9179/5/7606 9190/5/7617
f 9193/5/7620 9194/5/7621 9188/5/7615
f 9179/5/7606 9181/5/7608 9190/5/7617
f 9191/5/7618 9195/5/7622 9196/5/7623
f 9191/5/7618 9196/5/7623 9192/5/7619
f 9193/5/7620 9197/5/7624 9194/5/7621
f 9197/5/7624 9198/5/7625 9194/5/7621
f 9197/5/7624 9199/5/7626 9198/5/7625
f 9199/5/7626 9200/5/7627 9198/5/7625
f 9195/5/7622 9201/5/7628 9202/5/7629
f 9195/5/7622 9202/5/7629 9196/5/7623
f 9201/5/7628 9203/5/7630 9202/5/7629
f 9199/5/7626 9204/5/7631 9200/5/7627
f 9204/5/7631 9205/5/7632 9200/5/7627
f 9203/5/7630 9173/5/7600 9202/5/7629
f 9203/5/7630 9171/5/7598 9173/5/7600
f 9204/5/7631 9175/5/7602 9178/5/7605
f 9204/5/7631 9178/5/7605 9205/5/7632
f 9206/5/7633 9207/5/7634 9208/5/7635
f 9209/5/7636 9210/5/7637 9211/5/7638
f 9207/5/7634 9212/5/7639 9208/5/7635
f 9209/5/7636 9213/5/7640 9210/5/7637
f 9207/5/7634 9214/5/7641 9212/5/7639
f 9213/5/7640 9215/5/7642 9210/5/7637
f 9216/5/7643 9217/5/7644 9218/5/7645
f 9216/5/7643 9218/5/7645 9219/5/7646
f 9214/5/7641 9220/5/7647 9221/5/7648
f 9214/5/7641 9221/5/7648 9212/5/7639
f 9213/5/7640 9222/5/7649 9215/5/7642
f 9222/5/7649 9223/5/7650 9215/5/7642
f 9217/5/7644 9224/5/7651 9225/5/7652
f 9217/5/7644 9225/5/7652 9218/5/7645
f 9220/5/7647 9216/5/7643 9219/5/7646
f 9220/5/7647 9219/5/7646 9221/5/7648
f 9222/5/7649 9226/5/7653 9223/5/7650
f 9226/5/7653 9227/5/7654 9223/5/7650
f 9224/5/7651 9198/5/7625 9228/5/7655
f 9224/5/7651 9228/5/7655 9225/5/7652
f 9226/5/7653 9229/5/7656 9227/5/7654
f 9198/5/7625 9230/5/7657 9228/5/7655
f 9229/5/7656 9231/5/7658 9227/5/7654
f 9230/5/7657 9211/5/7638 9228/5/7655
f 9231/5/7658 9208/5/7635 9227/5/7654
f 9230/5/7657 9232/5/7659 9211/5/7638
f 9231/5/7658 9206/5/7633 9208/5/7635
f 9232/5/7659 9209/5/7636 9211/5/7638
f 8936/5/7396 8935/5/7395 9233/5/7660
f 8936/5/7396 9233/5/7660 9234/5/7661
f 9235/5/7662 9236/5/7663 9237/5/7664
f 9238/5/7665 8936/5/7396 9234/5/7661
f 9239/5/7666 9235/5/7662 9237/5/7664
f 9238/5/7665 9234/5/7661 9240/5/7667
f 9239/5/7666 9237/5/7664 9241/5/7668
f 9242/5/7669 9238/5/7665 9240/5/7667
f 9242/5/7669 9240/5/7667 9243/5/7670
f 9244/5/7671 9239/5/7666 9241/5/7668
f 9245/5/7672 9242/5/7669 9243/5/7670
f 9244/5/7671 9241/5/7668 9201/5/7628
f 9245/5/7672 9243/5/7670 9246/5/7673
f 9247/5/7674 9244/5/7671 9201/5/7628
f 9248/5/7675 9245/5/7672 9246/5/7673
f 9247/5/7674 9201/5/7628 9249/5/7676
f 9248/5/7675 9246/5/7673 9197/5/7624
f 9250/5/7677 9248/5/7675 9197/5/7624
f 9251/5/7678 9247/5/7674 9249/5/7676
f 9251/5/7678 9249/5/7676 9252/5/7679
f 9250/5/7677 9197/5/7624 9253/5/7680
f 9254/5/7681 9251/5/7678 9252/5/7679
f 9254/5/7681 9252/5/7679 9255/5/7682
f 9256/5/7683 9250/5/7677 9253/5/7680
f 9257/5/7684 9254/5/7681 9255/5/7682
f 9257/5/7684 9255/5/7682 9258/5/7685
f 9259/5/7686 9260/5/7687 9189/5/7616
f 9261/5/7688 9257/5/7684 9258/5/7685
f 9261/5/7688 9258/5/7685 9262/5/7689
f 9263/5/7690 9259/5/7686 9189/5/7616
f 9263/5/7690 9189/5/7616 9264/5/7691
f 9265/5/7692 9261/5/7688 9262/5/7689
f 9265/5/7692 9262/5/7689 9266/5/7693
f 9267/5/7694 9263/5/7690 9264/5/7691
f 9268/5/7695 9265/5/7692 9266/5/7693
f 9267/5/7694 9264/5/7691 9269/5/7696
f 9268/5/7695 9266/5/7693 9270/5/7697
f 9271/5/7698 9267/5/7694 9269/5/7696
f 9272/5/7699 9268/5/7695 9270/5/7697
f 9271/5/7698 9269/5/7696 9273/5/7700
f 9272/5/7699 9270/5/7697 9274/5/7701
f 9275/5/7702 9271/5/7698 9273/5/7700
f 8935/5/7395 9272/5/7699 9274/5/7701
f 8935/5/7395 9274/5/7701 9233/5/7660
f 9236/5/7663 9275/5/7702 9273/5/7700
f 9234/5/7661 9233/5/7660 9175/5/7602
f 9237/5/7664 9236/5/7663 9171/5/7598
f 9234/5/7661 9175/5/7602 9204/5/7631
f 9237/5/7664 9171/5/7598 9203/5/7630
f 9240/5/7667 9234/5/7661 9204/5/7631
f 9241/5/7668 9237/5/7664 9203/5/7630
f 9243/5/7670 9240/5/7667 9204/5/7631
f 9243/5/7670 9204/5/7631 9199/5/7626
f 9201/5/7628 9241/5/7668 9203/5/7630
f 9246/5/7673 9243/5/7670 9199/5/7626
f 9249/5/7676 9201/5/7628 9195/5/7622
f 9197/5/7624 9246/5/7673 9199/5/7626
f 9252/5/7679 9249/5/7676 9195/5/7622
f 9253/5/7680 9197/5/7624 9193/5/7620
f 9255/5/7682 9252/5/7679 9195/5/7622
f 9255/5/7682 9195/5/7622 9191/5/7618
f 9256/5/7683 9253/5/7680 9193/5/7620
f 9260/5/7687 9276/5/7703 9179/5/7606
f 9258/5/7685 9255/5/7682 9191/5/7618
f 9277/5/7704 9256/5/7683 9193/5/7620
f 9189/5/7616 9260/5/7687 9179/5/7606
f 9277/5/7704 9193/5/7620 9187/5/7614
f 9262/5/7689 9258/5/7685 9191/5/7618
f 9262/5/7689 9191/5/7618 9185/5/7612
f 9278/5/7705 9277/5/7704 9187/5/7614
f 9264/5/7691 9189/5/7616 9184/5/7611
f 9266/5/7693 9262/5/7689 9185/5/7612
f 9279/5/7706 9278/5/7705 9187/5/7614
f 9279/5/7706 9187/5/7614 9180/5/7607
f 9266/5/7693 9185/5/7612 9176/5/7603
f 9269/5/7696 9264/5/7691 9184/5/7611
f 9269/5/7696 9184/5/7611 9174/5/7601
f 9280/5/7707 9279/5/7706 9180/5/7607
f 9270/5/7697 9266/5/7693 9176/5/7603
f 9273/5/7700 9269/5/7696 9174/5/7601
f 9276/5/7703 9280/5/7707 9180/5/7607
f 9276/5/7703 9180/5/7607 9179/5/7606
f 9274/5/7701 9270/5/7697 9176/5/7603
f 9274/5/7701 9176/5/7603 9175/5/7602
f 9273/5/7700 9174/5/7601 9171/5/7598
f 9233/5/7660 9274/5/7701 9175/5/7602
f 9236/5/7663 9273/5/7700 9171/5/7598
f 9281/5/7708 9282/5/7709 9275/5/7702
f 9281/5/7708 9275/5/7702 9236/5/7663
f 8934/5/7394 9283/5/7710 8935/5/7395
f 9282/5/7709 9284/5/7711 9275/5/7702
f 9283/5/7710 9285/5/7712 9272/5/7699
f 9283/5/7710 9272/5/7699 8935/5/7395
f 9286/5/7713 9287/5/7714 9276/5/7703
f 9284/5/7711 9288/5/7715 9271/5/7698
f 9284/5/7711 9271/5/7698 9275/5/7702
f 9285/5/7712 9289/5/7716 9272/5/7699
f 9287/5/7714 9290/5/7717 9280/5/7707
f 9287/5/7714 9280/5/7707 9276/5/7703
f 9288/5/7715 9291/5/7718 9271/5/7698
f 9289/5/7716 9292/5/7719 9268/5/7695
f 9289/5/7716 9268/5/7695 9272/5/7699
f 9290/5/7717 9293/5/7720 9280/5/7707
f 9291/5/7718 9294/5/7721 9267/5/7694
f 9291/5/7718 9267/5/7694 9271/5/7698
f 9292/5/7719 9295/5/7722 9268/5/7695
f 9293/5/7720 9296/5/7723 9279/5/7706
f 9293/5/7720 9279/5/7706 9280/5/7707
f 9294/5/7721 9297/5/7724 9267/5/7694
f 9295/5/7722 9298/5/7725 9265/5/7692
f 9295/5/7722 9265/5/7692 9268/5/7695
f 9296/5/7723 9299/5/7726 9279/5/7706
f 9297/5/7724 9300/5/7727 9263/5/7690
f 9297/5/7724 9263/5/7690 9267/5/7694
f 9298/5/7725 9301/5/7728 9265/5/7692
f 9299/5/7726 9302/5/7729 9278/5/7705
f 9299/5/7726 9278/5/7705 9279/5/7706
f 9300/5/7727 9303/5/7730 9263/5/7690
f 9301/5/7728 9304/5/7731 9261/5/7688
f 9301/5/7728 9261/5/7688 9265/5/7692
f 9302/5/7729 9305/5/7732 9278/5/7705
f 9303/5/7730 9306/5/7733 9259/5/7686
f 9303/5/7730 9259/5/7686 9263/5/7690
f 9304/5/7731 9307/5/7734 9261/5/7688
f 9305/5/7732 9308/5/7735 9277/5/7704
f 9305/5/7732 9277/5/7704 9278/5/7705
f 9306/5/7733 9309/5/7736 9259/5/7686
f 9307/5/7734 9310/5/7737 9257/5/7684
f 9307/5/7734 9257/5/7684 9261/5/7688
f 9308/5/7735 9311/5/7738 9277/5/7704
f 9309/5/7736 9312/5/7739 9260/5/7687
f 9309/5/7736 9260/5/7687 9259/5/7686
f 9310/5/7737 9313/5/7740 9257/5/7684
f 9311/5/7738 9314/5/7741 9256/5/7683
f 9311/5/7738 9256/5/7683 9277/5/7704
f 9315/5/7742 9286/5/7713 9276/5/7703
f 9315/5/7742 9276/5/7703 9260/5/7687
f 9313/5/7740 9316/5/7743 9254/5/7681
f 9313/5/7740 9254/5/7681 9257/5/7684
f 9312/5/7739 9315/5/7742 9260/5/7687
f 9314/5/7741 9317/5/7744 9256/5/7683
f 9316/5/7743 9318/5/7745 9254/5/7681
f 9317/5/7744 9319/5/7746 9250/5/7677
f 9317/5/7744 9250/5/7677 9256/5/7683
f 9318/5/7745 9320/5/7747 9251/5/7678
f 9318/5/7745 9251/5/7678 9254/5/7681
f 9319/5/7746 9321/5/7748 9250/5/7677
f 9320/5/7747 9322/5/7749 9251/5/7678
f 9321/5/7748 9323/5/7750 9250/5/7677
f 9322/5/7749 9324/5/7751 9247/5/7674
f 9322/5/7749 9247/5/7674 9251/5/7678
f 9323/5/7750 9325/5/7752 9248/5/7675
f 9323/5/7750 9248/5/7675 9250/5/7677
f 9324/5/7751 9326/5/7753 9247/5/7674
f 9325/5/7752 9327/5/7754 9248/5/7675
f 9326/5/7753 9328/5/7755 9247/5/7674
f 9327/5/7754 9329/5/7756 9245/5/7672
f 9327/5/7754 9245/5/7672 9248/5/7675
f 9328/5/7755 9330/5/7757 9244/5/7671
f 9328/5/7755 9244/5/7671 9247/5/7674
f 9329/5/7756 9331/5/7758 9245/5/7672
f 9330/5/7757 9332/5/7759 9244/5/7671
f 9331/5/7758 9333/5/7760 9242/5/7669
f 9331/5/7758 9242/5/7669 9245/5/7672
f 9332/5/7759 9334/5/7761 9239/5/7666
f 9332/5/7759 9239/5/7666 9244/5/7671
f 9333/5/7760 9335/5/7762 9242/5/7669
f 9334/5/7761 9336/5/7763 9239/5/7666
f 9335/5/7762 9337/5/7764 9238/5/7665
f 9335/5/7762 9238/5/7665 9242/5/7669
f 9336/5/7763 9338/5/7765 9239/5/7666
f 9337/5/7764 9339/5/7766 9238/5/7665
f 9338/5/7765 9340/5/7767 9235/5/7662
f 9338/5/7765 9235/5/7662 9239/5/7666
f 9339/5/7766 9341/5/7768 8936/5/7396
f 9339/5/7766 8936/5/7396 9238/5/7665
f 9342/5/7769 9281/5/7708 9236/5/7663
f 9342/5/7769 9236/5/7663 9235/5/7662
f 9340/5/7767 9342/5/7769 9235/5/7662
f 9341/5/7768 8933/5/7393 8936/5/7396
f 9178/5/7605 9209/5/7636 9232/5/7659
f 9205/5/7632 9178/5/7605 9232/5/7659
f 9173/5/7600 9206/5/7633 9231/5/7658
f 9205/5/7632 9232/5/7659 9230/5/7657
f 9202/5/7629 9173/5/7600 9231/5/7658
f 9200/5/7627 9205/5/7632 9230/5/7657
f 9202/5/7629 9231/5/7658 9229/5/7656
f 9196/5/7623 9202/5/7629 9229/5/7656
f 9198/5/7625 9200/5/7627 9230/5/7657
f 9196/5/7623 9229/5/7656 9226/5/7653
f 9194/5/7621 9198/5/7625 9224/5/7651
f 9192/5/7619 9196/5/7623 9226/5/7653
f 9190/5/7617 9181/5/7608 9216/5/7643
f 9192/5/7619 9226/5/7653 9222/5/7649
f 9190/5/7617 9216/5/7643 9220/5/7647
f 9188/5/7615 9194/5/7621 9224/5/7651
f 9188/5/7615 9224/5/7651 9217/5/7644
f 9186/5/7613 9192/5/7619 9222/5/7649
f 9183/5/7610 9190/5/7617 9220/5/7647
f 9182/5/7609 9188/5/7615 9217/5/7644
f 9186/5/7613 9222/5/7649 9213/5/7640
f 9183/5/7610 9220/5/7647 9214/5/7641
f 9182/5/7609 9217/5/7644 9216/5/7643
f 9177/5/7604 9186/5/7613 9213/5/7640
f 9172/5/7599 9183/5/7610 9214/5/7641
f 9172/5/7599 9214/5/7641 9207/5/7634
f 9181/5/7608 9182/5/7609 9216/5/7643
f 9177/5/7604 9213/5/7640 9209/5/7636
f 9178/5/7605 9177/5/7604 9209/5/7636
f 9173/5/7600 9172/5/7599 9207/5/7634
f 9173/5/7600 9207/5/7634 9206/5/7633
f 9211/5/7638 9210/5/7637 9163/5/7590
f 9208/5/7635 9212/5/7639 9166/5/7593
f 9219/5/7646 9169/5/7596 9170/5/7597
f 9212/5/7639 9170/5/7597 9166/5/7593
f 9210/5/7637 9215/5/7642 9168/5/7595
f 9210/5/7637 9168/5/7595 9163/5/7590
f 9219/5/7646 9218/5/7645 9169/5/7596
f 9212/5/7639 9221/5/7648 9170/5/7597
f 9215/5/7642 9223/5/7650 9168/5/7595
f 9218/5/7645 9225/5/7652 9167/5/7594
f 9218/5/7645 9167/5/7594 9169/5/7596
f 9221/5/7648 9219/5/7646 9170/5/7597
f 9223/5/7650 9227/5/7654 9165/5/7592
f 9223/5/7650 9165/5/7592 9168/5/7595
f 9225/5/7652 9228/5/7655 9167/5/7594
f 9228/5/7655 9164/5/7591 9167/5/7594
f 9228/5/7655 9211/5/7638 9164/5/7591
f 9227/5/7654 9208/5/7635 9166/5/7593
f 9227/5/7654 9166/5/7593 9165/5/7592
f 9211/5/7638 9163/5/7590 9164/5/7591
f 9343/5/7770 9344/5/7771 9345/5/7772
f 9346/5/7773 9347/5/7774 9348/5/7775
f 9346/5/7773 9348/5/7775 9349/5/7776
f 9350/5/7777 9351/5/7778 9352/5/7779
f 9350/5/7777 9352/5/7779 9353/5/7780
f 9066/5/7493 9354/5/7781 9067/5/7494
f 9351/5/7778 9355/5/7782 9356/5/7783
f 9351/5/7778 9356/5/7783 9352/5/7779
f 9354/5/7781 9357/5/7784 9067/5/7494
f 9355/5/7782 9358/5/7785 9359/5/7786
f 9355/5/7782 9359/5/7786 9356/5/7783
f 9354/5/7781 9360/5/7787 9361/5/7788
f 9354/5/7781 9361/5/7788 9357/5/7784
f 9358/5/7785 9362/5/7789 9363/5/7790
f 9358/5/7785 9363/5/7790 9359/5/7786
f 9360/5/7787 9364/5/7791 9365/5/7792
f 9360/5/7787 9365/5/7792 9361/5/7788
f 9362/5/7789 9366/5/7793 9363/5/7790
f 9364/5/7791 9367/5/7794 9368/5/7795
f 9364/5/7791 9368/5/7795 9365/5/7792
f 9366/5/7793 9369/5/7796 9363/5/7790
f 9366/5/7793 9370/5/7797 9369/5/7796
f 9367/5/7794 9371/5/7798 9372/5/7799
f 9367/5/7794 9372/5/7799 9368/5/7795
f 9370/5/7797 9373/5/7800 9369/5/7796
f 9371/5/7798 9374/5/7801 9375/5/7802
f 9371/5/7798 9375/5/7802 9372/5/7799
f 9370/5/7797 9343/5/7770 9373/5/7800
f 9343/5/7770 9345/5/7772 9373/5/7800
f 9374/5/7801 9376/5/7803 9377/5/7804
f 9374/5/7801 9377/5/7804 9375/5/7802
f 9378/5/7805 9379/5/7806 9380/5/7807
f 9378/5/7805 9380/5/7807 9381/5/7808
f 9347/5/7774 9382/5/7809 9068/5/7495
f 9347/5/7774 9068/5/7495 9348/5/7775
f 9376/5/7803 9383/5/7810 9384/5/7811
f 9376/5/7803 9384/5/7811 9377/5/7804
f 9383/5/7810 9385/5/7812 9386/5/7813
f 9383/5/7810 9386/5/7813 9384/5/7811
f 9344/5/7771 9387/5/7814 9388/5/7815
f 9389/5/7816 9390/5/7817 9391/5/7818
f 9389/5/7816 9391/5/7818 9392/5/7819
f 9387/5/7814 9393/5/7820 9394/5/7821
f 9387/5/7814 9394/5/7821 9388/5/7815
f 9385/5/7812 9395/5/7822 9396/5/7823
f 9385/5/7812 9396/5/7823 9386/5/7813
f 9390/5/7817 9397/5/7824 9398/5/7825
f 9390/5/7817 9398/5/7825 9391/5/7818
f 9393/5/7820 9399/5/7826 9400/5/7827
f 9393/5/7820 9400/5/7827 9394/5/7821
f 9395/5/7822 9401/5/7828 9402/5/7829
f 9395/5/7822 9402/5/7829 9396/5/7823
f 9401/5/7828 9403/5/7830 9402/5/7829
f 9397/5/7824 9404/5/7831 9405/5/7832
f 9397/5/7824 9405/5/7832 9398/5/7825
f 9399/5/7826 9406/5/7833 9407/5/7834
f 9399/5/7826 9407/5/7834 9400/5/7827
f 9401/5/7828 9408/5/7835 9403/5/7830
f 9404/5/7831 9409/5/7836 9410/5/7837
f 9404/5/7831 9410/5/7837 9405/5/7832
f 9408/5/7835 9411/5/7838 9412/5/7839
f 9408/5/7835 9412/5/7839 9403/5/7830
f 9406/5/7833 9346/5/7773 9349/5/7776
f 9406/5/7833 9349/5/7776 9407/5/7834
f 9382/5/7809 9066/5/7493 9068/5/7495
f 9409/5/7836 9413/5/7840 9414/5/7841
f 9409/5/7836 9414/5/7841 9410/5/7837
f 9413/5/7840 9415/5/7842 9414/5/7841
f 9344/5/7771 9388/5/7815 9345/5/7772
f 9413/5/7840 9350/5/7777 9415/5/7842
f 9350/5/7777 9353/5/7780 9415/5/7842
f 9389/5/7816 9392/5/7819 9380/5/7807
f 9416/5/7843 9417/5/7844 9418/5/7844
f 9416/5/7843 9418/5/7844 9419/5/7843
f 9420/5/7845 9421/5/7846 9422/5/7846
f 9420/5/7845 9422/5/7846 9423/5/7845
f 9424/5/7847 9425/5/7848 9426/5/7849
f 9424/5/7847 9426/5/7849 9427/5/7850
f 9428/5/7851 9429/5/7852 9430/5/7852
f 9428/5/7851 9430/5/7852 9431/5/7853
f 9057/5/7487 9432/5/7854 9433/5/7854
f 9057/5/7487 9433/5/7854 9058/5/7487
f 9434/5/7855 9435/5/7855 9062/5/7490
f 9434/5/7855 9062/5/7490 9061/5/7489
f 9436/5/7856 9420/5/7845 9423/5/7845
f 9064/5/7492 9437/5/7857 9438/5/7858
f 9064/5/7492 9438/5/7858 9065/5/7492
f 9439/5/7859 9440/5/7860 9441/5/7861
f 9417/5/7844 9442/5/7862 9443/5/7862
f 9417/5/7844 9443/5/7862 9418/5/7844
f 9444/5/7863 9375/5/7802 9377/5/7804
f 9444/5/7863 9377/5/7804 9445/5/7864
f 9446/5/7865 9447/5/7866 9435/5/7855
f 9446/5/7865 9435/5/7855 9434/5/7855
f 9448/5/7867 9449/5/7867 9439/5/7859
f 9437/5/7857 9450/5/7868 9451/5/7869
f 9437/5/7857 9451/5/7869 9438/5/7858
f 9452/5/7870 9453/5/7871 9454/5/7871
f 9452/5/7870 9454/5/7871 9455/5/7872
f 9456/5/7873 9457/5/7874 9447/5/7866
f 9456/5/7873 9447/5/7866 9446/5/7865
f 9458/5/7875 9459/5/7875 9449/5/7867
f 9458/5/7875 9449/5/7867 9448/5/7867
f 9432/5/7854 9416/5/7843 9419/5/7843
f 9432/5/7854 9419/5/7843 9433/5/7854
f 9460/5/7876 9461/5/7877 9454/5/7871
f 9460/5/7876 9454/5/7871 9453/5/7871
f 9421/5/7846 8958/5/7412 8959/5/7412
f 9421/5/7846 8959/5/7412 9422/5/7846
f 9458/5/7875 9462/5/7878 9463/5/7879
f 9458/5/7875 9463/5/7879 9459/5/7875
f 9464/5/7880 9457/5/7874 9456/5/7873
f 9465/5/7881 9466/5/7882 9461/5/7877
f 9465/5/7881 9461/5/7877 9460/5/7876
f 9442/5/7862 9452/5/7870 9455/5/7872
f 9442/5/7862 9455/5/7872 9443/5/7862
f 9462/5/7878 9467/5/7883 9468/5/7884
f 9462/5/7878 9468/5/7884 9463/5/7879
f 9441/5/7861 9440/5/7860 9464/5/7880
f 9469/5/7885 9470/5/7885 9466/5/7882
f 9469/5/7885 9466/5/7882 9465/5/7881
f 9467/5/7883 9471/5/7886 9472/5/7887
f 9467/5/7883 9472/5/7887 9468/5/7884
f 9473/5/7888 9474/5/7888 9470/5/7885
f 9473/5/7888 9470/5/7885 9469/5/7885
f 9471/5/7886 9475/5/7889 9476/5/7890
f 9471/5/7886 9476/5/7890 9472/5/7887
f 9477/5/7891 9478/5/7891 9474/5/7888
f 9477/5/7891 9474/5/7888 9473/5/7888
f 9475/5/7889 9479/5/7892 9480/5/7893
f 9475/5/7889 9480/5/7893 9476/5/7890
f 9481/5/7894 9482/5/7894 9478/5/7891
f 9481/5/7894 9478/5/7891 9477/5/7891
f 9479/5/7892 9483/5/7895 9484/5/7896
f 9479/5/7892 9484/5/7896 9480/5/7893
f 9485/5/7897 9486/5/7897 9482/5/7894
f 9485/5/7897 9482/5/7894 9481/5/7894
f 9483/5/7895 9428/5/7851 9431/5/7853
f 9483/5/7895 9431/5/7853 9484/5/7896
f 9427/5/7850 9426/5/7849 9486/5/7897
f 9427/5/7850 9486/5/7897 9485/5/7897
f 9429/5/7852 8999/5/7439 9001/5/7441
f 9429/5/7852 9001/5/7441 9430/5/7852
f 8996/5/7436 9425/5/7848 9424/5/7847
f 9487/5/7898 9375/5/7802 9444/5/7863
f 9488/5/7899 9068/5/7495 9489/5/7900
f 9490/5/7901 9353/5/7780 9352/5/7779
f 9490/5/7901 9352/5/7779 9491/5/7902
f 9489/5/7900 9068/5/7495 9067/5/7494
f 9489/5/7900 9067/5/7494 9492/5/7903
f 9491/5/7902 9352/5/7779 9493/5/7904
f 9492/5/7903 9067/5/7494 9494/5/7905
f 9493/5/7904 9352/5/7779 9356/5/7783
f 9493/5/7904 9356/5/7783 9495/5/7906
f 9494/5/7905 9067/5/7494 9357/5/7784
f 9494/5/7905 9357/5/7784 9496/5/7907
f 9495/5/7906 9356/5/7783 9359/5/7786
f 9495/5/7906 9359/5/7786 9497/5/7908
f 9496/5/7907 9357/5/7784 9361/5/7788
f 9496/5/7907 9361/5/7788 9498/5/7909
f 9497/5/7908 9359/5/7786 9499/5/7910
f 9498/5/7909 9361/5/7788 9500/5/7911
f 9499/5/7910 9359/5/7786 9363/5/7790
f 9499/5/7910 9363/5/7790 9501/5/7912
f 9500/5/7911 9361/5/7788 9365/5/7792
f 9500/5/7911 9365/5/7792 9502/5/7913
f 9501/5/7912 9363/5/7790 9503/5/7914
f 9501/5/7912 9503/5/7914 9504/5/7915
f 9502/5/7913 9365/5/7792 9368/5/7795
f 9502/5/7913 9368/5/7795 9505/5/7916
f 9504/5/7915 9503/5/7914 9506/5/7917
f 9505/5/7916 9368/5/7795 9507/5/7918
f 9506/5/7917 9503/5/7914 9508/5/7919
f 9506/5/7917 9508/5/7919 9509/5/7920
f 9507/5/7918 9368/5/7795 9372/5/7799
f 9507/5/7918 9372/5/7799 9510/5/7921
f 9509/5/7920 9508/5/7919 9511/5/7922
f 9510/5/7921 9372/5/7799 9375/5/7802
f 9510/5/7921 9375/5/7802 9487/5/7898
f 9511/5/7922 9508/5/7919 9512/5/7923
f 9511/5/7922 9512/5/7923 9513/5/7924
f 9514/5/7925 9381/5/7808 9380/5/7807
f 9514/5/7925 9380/5/7807 9515/5/7926
f 9513/5/7924 9512/5/7923 9516/5/7927
f 9515/5/7926 9380/5/7807 9517/5/7928
f 9516/5/7927 9512/5/7923 9518/5/7929
f 9516/5/7927 9518/5/7929 9519/5/7930
f 9517/5/7928 9380/5/7807 9392/5/7819
f 9517/5/7928 9392/5/7819 9520/5/7931
f 9519/5/7930 9518/5/7929 9521/5/7932
f 9520/5/7931 9392/5/7819 9391/5/7818
f 9520/5/7931 9391/5/7818 9522/5/7933
f 9521/5/7932 9518/5/7929 9523/5/7934
f 9521/5/7932 9523/5/7934 9524/5/7935
f 9525/5/7936 9526/5/7937 9527/5/7938
f 9522/5/7933 9391/5/7818 9528/5/7939
f 9524/5/7935 9523/5/7934 9529/5/7940
f 9527/5/7938 9526/5/7937 9384/5/7811
f 9527/5/7938 9384/5/7811 9530/5/7941
f 9528/5/7939 9391/5/7818 9398/5/7825
f 9528/5/7939 9398/5/7825 9531/5/7942
f 9529/5/7940 9523/5/7934 9532/5/7943
f 9529/5/7940 9532/5/7943 9533/5/7944
f 9530/5/7941 9384/5/7811 9386/5/7813
f 9530/5/7941 9386/5/7813 9534/5/7945
f 9531/5/7942 9398/5/7825 9535/5/7946
f 9533/5/7944 9532/5/7943 9536/5/7947
f 9534/5/7945 9386/5/7813 9537/5/7948
f 9535/5/7946 9398/5/7825 9405/5/7832
f 9535/5/7946 9405/5/7832 9538/5/7949
f 9536/5/7947 9532/5/7943 9539/5/7950
f 9536/5/7947 9539/5/7950 9540/5/7951
f 9537/5/7948 9386/5/7813 9396/5/7823
f 9537/5/7948 9396/5/7823 9541/5/7952
f 9538/5/7949 9405/5/7832 9410/5/7837
f 9538/5/7949 9410/5/7837 9542/5/7953
f 9540/5/7951 9539/5/7950 9543/5/7954
f 9541/5/7952 9396/5/7823 9544/5/7955
f 9542/5/7953 9410/5/7837 9545/5/7956
f 9543/5/7954 9539/5/7950 9407/5/7834
f 9543/5/7954 9407/5/7834 9546/5/7957
f 9544/5/7955 9396/5/7823 9402/5/7829
f 9544/5/7955 9402/5/7829 9547/5/7958
f 9545/5/7956 9410/5/7837 9414/5/7841
f 9545/5/7956 9414/5/7841 9548/5/7959
f 9546/5/7957 9407/5/7834 9349/5/7776
f 9546/5/7957 9349/5/7776 9549/5/7960
f 9547/5/7958 9402/5/7829 9403/5/7830
f 9547/5/7958 9403/5/7830 9550/5/7961
f 9550/5/7961 9403/5/7830 9551/5/7962
f 9549/5/7960 9349/5/7776 9552/5/7963
f 9551/5/7962 9403/5/7830 9412/5/7839
f 9551/5/7962 9412/5/7839 9553/5/7964
f 9552/5/7963 9349/5/7776 9348/5/7775
f 9552/5/7963 9348/5/7775 9554/5/7965
f 9548/5/7959 9414/5/7841 9415/5/7842
f 9548/5/7959 9415/5/7842 9555/5/7966
f 9445/5/7864 9377/5/7804 9526/5/7937
f 9445/5/7864 9526/5/7937 9525/5/7936
f 9554/5/7965 9348/5/7775 9556/5/7967
f 9555/5/7966 9415/5/7842 9557/5/7968
f 9556/5/7967 9348/5/7775 9068/5/7495
f 9556/5/7967 9068/5/7495 9488/5/7899
f 9060/5/7488 9059/5/7488 8993/5/7434
f 9060/5/7488 8993/5/7434 8992/5/7434
f 9363/5/7790 9369/5/7796 9503/5/7914
f 9369/5/7796 9508/5/7919 9503/5/7914
f 9369/5/7796 9373/5/7800 9508/5/7919
f 9373/5/7800 9512/5/7923 9508/5/7919
f 9373/5/7800 9345/5/7772 9512/5/7923
f 9345/5/7772 9518/5/7929 9512/5/7923
f 9345/5/7772 9388/5/7815 9518/5/7929
f 9377/5/7804 9384/5/7811 9526/5/7937
f 9388/5/7815 9523/5/7934 9518/5/7929
f 9388/5/7815 9394/5/7821 9523/5/7934
f 9394/5/7821 9532/5/7943 9523/5/7934
f 9394/5/7821 9400/5/7827 9532/5/7943
f 9400/5/7827 9539/5/7950 9532/5/7943
f 9400/5/7827 9407/5/7834 9539/5/7950
f 9557/5/7968 9415/5/7842 9353/5/7780
f 9557/5/7968 9353/5/7780 9490/5/7901
f 9436/5/7856 9450/5/7868 9558/5/7969
f 9064/5/7492 9063/5/7491 9559/5/7970
f 9063/5/7491 8920/5/7381 9560/5/7971
f 9063/5/7491 9560/5/7971 9559/5/7970
f 8920/5/7381 8919/5/7380 9560/5/7971
f 8931/5/7392 8953/5/7408 9561/5/7972
f 8953/5/7408 9562/5/7973 9563/5/7974
f 8953/5/7408 9563/5/7974 9561/5/7972
f 9562/5/7973 9564/5/7975 9565/5/7976
f 9562/5/7973 9565/5/7976 9563/5/7974
f 9564/5/7975 9000/5/7440 9566/5/7977
f 9564/5/7975 9566/5/7977 9565/5/7976
f 9000/5/7440 8999/5/7439 9566/5/7977
f 9448/5/7867 9439/5/7859 9567/5/7978
f 9439/5/7859 9441/5/7861 9567/5/7978
f 9441/5/7861 9464/5/7880 9568/5/7979
f 9464/5/7880 9456/5/7873 9568/5/7979
f 9012/5/7449 9569/5/7980 9014/5/7451
f 9569/5/7980 9015/5/7452 9014/5/7451
f 9029/5/7462 9570/5/7981 9031/5/7464
f 9570/5/7981 9032/5/7465 9031/5/7464
f 8989/5/7432 8996/5/7436 9571/5/7982
f 8996/5/7436 9424/5/7847 9571/5/7982
f 9042/5/7472 9572/5/7983 9044/5/7474
f 9572/5/7983 9045/5/7475 9044/5/7474
f 9057/5/7487 8895/5/7362 9573/5/7984
f 8895/5/7362 8894/5/7361 9573/5/7984
f 8911/5/7374 8924/5/7385 9574/5/7985
f 8924/5/7385 8939/5/7399 9574/5/7985
f 9420/5/7845 9436/5/7856 9558/5/7969
f 9408/5/7835 9401/5/7828 9575/5/7986
f 9401/5/7828 9576/5/7987 9575/5/7986
f 9401/5/7828 9395/5/7822 9577/5/7988
f 9401/5/7828 9577/5/7988 9576/5/7987
f 9395/5/7822 9578/5/7989 9577/5/7988
f 9395/5/7822 9385/5/7812 9579/5/7990
f 9395/5/7822 9579/5/7990 9578/5/7989
f 9385/5/7812 9580/5/7991 9579/5/7990
f 9385/5/7812 9383/5/7810 9581/5/7992
f 9385/5/7812 9581/5/7992 9580/5/7991
f 9383/5/7810 9582/5/7993 9581/5/7992
f 9383/5/7810 9376/5/7803 9583/5/7994
f 9383/5/7810 9583/5/7994 9582/5/7993
f 9376/5/7803 9584/5/7995 9583/5/7994
f 9376/5/7803 9374/5/7801 9585/5/7996
f 9376/5/7803 9585/5/7996 9584/5/7995
f 9374/5/7801 9586/5/7997 9585/5/7996
f 9374/5/7801 9371/5/7798 9586/5/7997
f 9371/5/7798 9367/5/7794 9587/5/7998
f 9367/5/7794 9588/5/7999 9587/5/7998
f 9367/5/7794 9364/5/7791 9588/5/7999
f 9364/5/7791 9360/5/7787 9589/5/8000
f 9360/5/7787 9590/5/8001 9589/5/8000
f 9360/5/7787 9354/5/7781 9591/5/8002
f 9360/5/7787 9591/5/8002 9590/5/8001
f 9354/5/7781 9592/5/8003 9591/5/8002
f 9354/5/7781 9066/5/7493 9593/5/8004
f 9354/5/7781 9593/5/8004 9592/5/8003
f 9066/5/7493 9594/5/8005 9593/5/8004
f 9066/5/7493 9382/5/7809 9594/5/8005
f 9382/5/7809 9347/5/7774 9595/5/8006
f 9347/5/7774 9596/5/8007 9595/5/8006
f 9347/5/7774 9346/5/7773 9597/5/8008
f 9347/5/7774 9597/5/8008 9596/5/8007
f 9346/5/7773 9598/5/8009 9597/5/8008
f 9346/5/7773 9406/5/7833 9599/5/8010
f 9346/5/7773 9599/5/8010 9598/5/8009
f 9406/5/7833 9600/5/8011 9599/5/8010
f 9406/5/7833 9399/5/7826 9601/5/8012
f 9406/5/7833 9601/5/8012 9600/5/8011
f 9399/5/7826 9602/5/8013 9601/5/8012
f 9399/5/7826 9393/5/7820 9603/5/8014
f 9399/5/7826 9603/5/8014 9602/5/8013
f 9393/5/7820 9604/5/8015 9603/5/8014
f 9393/5/7820 9387/5/7814 9604/5/8015
f 9387/5/7814 9344/5/7771 9605/5/8016
f 9344/5/7771 9606/5/8017 9605/5/8016
f 9344/5/7771 9343/5/7770 9607/5/8018
f 9344/5/7771 9607/5/8018 9606/5/8017
f 9343/5/7770 9608/5/8019 9607/5/8018
f 9343/5/7770 9370/5/7797 9609/5/8020
f 9343/5/7770 9609/5/8020 9608/5/8019
f 9370/5/7797 9610/5/8021 9609/5/8020
f 9370/5/7797 9366/5/7793 9611/5/8022
f 9370/5/7797 9611/5/8022 9610/5/8021
f 9366/5/7793 9612/5/8023 9611/5/8022
f 9366/5/7793 9362/5/7789 9612/5/8023
f 9362/5/7789 9358/5/7785 9613/5/8024
f 9358/5/7785 9614/5/8025 9613/5/8024
f 9358/5/7785 9355/5/7782 9614/5/8025
f 9355/5/7782 9351/5/7778 9615/5/8026
f 9351/5/7778 9616/5/8027 9615/5/8026
f 9351/5/7778 9350/5/7777 9617/5/8028
f 9351/5/7778 9617/5/8028 9616/5/8027
f 9350/5/7777 9618/5/8029 9617/5/8028
f 9350/5/7777 9413/5/7840 9619/5/8030
f 9350/5/7777 9619/5/8030 9618/5/8029
f 9413/5/7840 9620/5/8031 9619/5/8030
f 9413/5/7840 9409/5/7836 9621/5/8032
f 9413/5/7840 9621/5/8032 9620/5/8031
f 9409/5/7836 9622/5/8033 9621/5/8032
f 9409/5/7836 9404/5/7831 9622/5/8033
f 9404/5/7831 9397/5/7824 9623/5/8034
f 9397/5/7824 9624/5/8035 9623/5/8034
f 9397/5/7824 9390/5/7817 9625/5/8036
f 9397/5/7824 9625/5/8036 9624/5/8035
f 9390/5/7817 9626/5/8037 9625/5/8036
f 9390/5/7817 9389/5/7816 9627/5/8038
f 9390/5/7817 9627/5/8038 9626/5/8037
f 9389/5/7816 9628/5/8039 9627/5/8038
f 9389/5/7816 9379/5/7806 9628/5/8039
f 9450/5/7868 9436/5/7856 9451/5/7869
f 9379/5/7806 9389/5/7816 9380/5/7807
