v 27.993397 0.052010 -29.042393
v 27.493397 2.114510 -29.046162
v 27.993380 3.052010 -29.042406
v 27.493397 0.427010 -29.046162
v 27.489780 0.427010 -28.564980
v 27.490486 0.427010 -28.658674
v 27.493397 0.628573 -29.046162
v 27.490580 0.802010 -28.671173
v 27.490204 0.839510 -28.621174
v 27.493397 1.373885 -29.046162
v 27.490673 1.177010 -28.683674
v 27.490297 1.214510 -28.633675
v 27.490767 1.552010 -28.696173
v 27.490391 1.589510 -28.646173
v 27.493397 2.114510 -29.046162
v 27.490860 1.927010 -28.708672
v 27.490486 1.964510 -28.658674
v 27.490955 2.302010 -28.721172
v 27.490580 2.339510 -28.671173
v 27.993380 3.052010 -29.042406
v 28.294973 3.052010 -29.540154
v 27.997137 3.052010 -29.542393
v 28.550131 0.052010 -29.538237
v 27.993397 0.052010 -29.042393
v 27.997179 0.052010 -29.542393
v 27.993380 3.052010 -29.042406
v 27.997137 2.123885 -29.542393
v 27.993397 0.052010 -29.042393
v 28.288961 3.052010 -28.740177
v 19.053808 1.552010 -28.845181
v 19.007399 3.084263 -29.597164
v 19.054579 1.177010 -28.832705
v 19.053040 1.927010 -28.857658
v 19.052269 2.302010 -28.870134
v 19.051500 2.677010 -28.882610
v 20.005510 3.087038 -29.658764
v 20.048891 3.084497 -28.955673
v 20.049599 2.677010 -28.944210
v 20.051140 1.927010 -28.919258
v 20.051910 1.552010 -28.906780
v 20.005499 0.052010 -29.658764
v 20.050369 2.302010 -28.931734
v 20.052681 1.177010 -28.894304
v 20.053448 0.802010 -28.881828
v 19.154491 0.427010 -28.719948
v 19.060736 0.380636 -28.732956
v 19.062988 0.345284 -28.696474
v 19.158405 0.365576 -28.656553
v 19.148720 0.427010 -28.813467
v 19.056025 0.473358 -28.809294
v 19.053263 0.427010 -28.854038
v 20.054123 0.473358 -28.870893
v 19.961617 0.427010 -28.863636
v 20.051638 0.407142 -28.911175
v 20.016209 0.452094 -28.833496
v 19.961617 0.427010 -28.863636
v 20.054123 0.473358 -28.870893
v 19.961617 0.427010 -28.863636
v 20.054314 0.380636 -28.867809
v 20.051638 0.407142 -28.911175
v 19.053263 0.427010 -28.854038
v 19.056215 0.380636 -28.806210
v 19.148720 0.427010 -28.813467
v 19.148720 0.427010 -28.813467
v 19.098251 0.452094 -28.776844
v 19.056025 0.473358 -28.809294
v 19.050793 3.084158 -28.894064
v 6.818917 1.177010 -27.223206
v 6.771737 0.052010 -27.987663
v 6.819686 0.802010 -27.210728
v 6.818147 1.552010 -27.235682
v 6.817377 1.927010 -27.248158
v 6.816607 2.302010 -27.260633
v 6.815837 2.677010 -27.273109
v 7.769848 3.087039 -28.049265
v 7.813230 3.084497 -27.346174
v 7.813938 2.677010 -27.334709
v 7.815477 1.927010 -27.309757
v 7.816247 1.552010 -27.297281
v 7.769836 0.052010 -28.049263
v 7.814707 2.302010 -27.322233
v 7.817017 1.177010 -27.284805
v 7.817787 0.802010 -27.272327
v 6.922743 0.365576 -27.047054
v 6.918830 0.427010 -27.110449
v 6.825073 0.380636 -27.123455
v 6.827324 0.345284 -27.086975
v 6.913059 0.427010 -27.203968
v 6.820362 0.473358 -27.199795
v 6.817601 0.427010 -27.244537
v 7.818462 0.473358 -27.261395
v 7.725955 0.427010 -27.254137
v 7.815976 0.407142 -27.301674
v 7.780545 0.452094 -27.223997
v 7.725955 0.427010 -27.254137
v 7.818462 0.473358 -27.261395
v 7.725955 0.427010 -27.254137
v 7.818652 0.380636 -27.258308
v 7.815976 0.407142 -27.301674
v 6.817601 0.427010 -27.244537
v 6.820552 0.380636 -27.196709
v 6.913059 0.427010 -27.203968
v 6.913059 0.427010 -27.203968
v 6.862589 0.452094 -27.167343
v 6.820362 0.473358 -27.199795
v -5.530579 0.052010 -27.428633
v -5.526811 2.114510 -27.928633
v -5.530567 3.052010 -27.428650
v -5.526811 0.427010 -27.928633
v -6.007994 0.427010 -27.932249
v -5.914299 0.427010 -27.931545
v -5.526811 0.628573 -27.928633
v -5.901800 0.802010 -27.931450
v -5.951799 0.839510 -27.931826
v -5.526811 1.373885 -27.928633
v -5.889300 1.177010 -27.931356
v -5.939299 1.214510 -27.931732
v -5.876801 1.552010 -27.931263
v -5.926799 1.589510 -27.931639
v -5.526811 2.114510 -27.928633
v -5.864301 1.927010 -27.931170
v -5.914299 1.964510 -27.931545
v -5.851801 2.302010 -27.931076
v -5.901800 2.339510 -27.931450
v -5.530567 3.052010 -27.428650
v -5.032819 3.052010 -27.127058
v -5.030581 3.052011 -27.424892
v -5.033382 0.802010 -27.052061
v -5.030581 1.270760 -27.424892
v -5.033758 0.839510 -27.002062
v -5.033288 1.177010 -27.064560
v -5.033664 1.214510 -27.014561
v -5.033195 1.552010 -27.077061
v -5.030581 1.880135 -27.424892
v -5.033570 1.589510 -27.027061
v -5.033101 1.927010 -27.089560
v -5.033476 1.964510 -27.039560
v -5.033007 2.302010 -27.102058
v -5.030581 2.480135 -27.424892
v -5.033382 2.339510 -27.052061
v -5.032913 2.677010 -27.114559
v -5.030581 3.052011 -27.424892
v -5.034180 0.427010 -26.945866
v -5.034657 0.365577 -26.882353
v -5.033476 0.427010 -27.039560
v -5.030581 0.421709 -27.424892
v -5.034736 0.052010 -26.871901
v -5.530579 0.052010 -27.428633
v -5.030581 0.052010 -27.424850
v -5.530567 3.052010 -27.428650
v -5.030581 1.880135 -27.424892
v -5.530579 0.052010 -27.428633
v -5.832796 3.052010 -27.133070
v 28.313774 2.302010 -28.714991
v 28.363396 2.339510 -28.664616
v 27.490580 2.339510 -28.671173
v 27.490955 2.302010 -28.721172
v 28.468790 0.427010 -28.557625
v 27.489780 0.427010 -28.564980
v 27.489304 0.365576 -28.501465
v 28.531828 0.365576 -28.493633
v 28.400612 1.139510 -28.626835
v 27.490297 1.139510 -28.633675
v 27.490204 0.839510 -28.621174
v 28.413019 0.839510 -28.614241
v 28.413019 0.764510 -28.614241
v 27.490204 0.764510 -28.621174
v 27.490110 0.464510 -28.608675
v 28.425425 0.464510 -28.601646
v 28.375803 0.427010 -28.652021
v 28.425425 0.464510 -28.601646
v 27.490110 0.464510 -28.608675
v 27.490486 0.427010 -28.658674
v 28.375803 1.889510 -28.652021
v 27.490486 1.889510 -28.658674
v 27.490391 1.589510 -28.646173
v 28.388208 1.589510 -28.639427
v 28.350990 1.177010 -28.677208
v 27.490673 1.177010 -28.683674
v 27.490297 1.139510 -28.633675
v 28.400612 1.139510 -28.626835
v 28.388208 1.514510 -28.639427
v 27.490391 1.514510 -28.646173
v 27.490297 1.214510 -28.633675
v 28.400612 1.214510 -28.626835
v 28.301367 2.677010 -28.727583
v 27.491049 2.677010 -28.733671
v 27.490673 2.639510 -28.683674
v 28.350990 2.639510 -28.677208
v 28.350990 2.639510 -28.677208
v 27.490673 2.639510 -28.683674
v 27.490580 2.339510 -28.671173
v 28.363396 2.339510 -28.664616
v 28.363396 2.264510 -28.664616
v 27.490580 2.264510 -28.671173
v 27.490486 1.964510 -28.658674
v 28.375803 1.964510 -28.652021
v 28.363396 0.802010 -28.664616
v 27.490580 0.802010 -28.671173
v 27.490204 0.764510 -28.621174
v 28.413019 0.764510 -28.614241
v 28.350990 1.177010 -28.677208
v 28.400612 1.214510 -28.626835
v 27.490297 1.214510 -28.633675
v 27.490673 1.177010 -28.683674
v 28.338583 3.014510 -28.689802
v 27.520765 3.014510 -28.695948
v 27.520672 2.714510 -28.683447
v 28.350990 2.714510 -28.677208
v 28.338583 1.552010 -28.689802
v 27.490767 1.552010 -28.696173
v 27.490391 1.514510 -28.646173
v 28.388208 1.514510 -28.639427
v 28.326178 1.927010 -28.702396
v 27.490860 1.927010 -28.708672
v 27.490486 1.889510 -28.658674
v 28.375803 1.889510 -28.652021
v 28.301367 2.677010 -28.727583
v 28.350990 2.714510 -28.677208
v 27.520672 2.714510 -28.683447
v 27.491049 2.677010 -28.733671
v 28.375803 0.427010 -28.652021
v 27.490486 0.427010 -28.658674
v 27.489780 0.427010 -28.564980
v 28.468790 0.427010 -28.557625
v 28.288961 3.052010 -28.740177
v 27.491142 3.052010 -28.746170
v 27.520765 3.014510 -28.695948
v 28.338583 3.014510 -28.689802
v 28.531828 0.365576 -28.493633
v 27.489304 0.365576 -28.501465
v 27.489225 0.052010 -28.491013
v 28.542202 0.052010 -28.483101
v 28.338583 1.552010 -28.689802
v 28.388208 1.589510 -28.639427
v 27.490391 1.589510 -28.646173
v 27.490767 1.552010 -28.696173
v 28.313774 2.302010 -28.714991
v 27.490955 2.302010 -28.721172
v 27.490580 2.264510 -28.671173
v 28.363396 2.264510 -28.664616
v 28.326178 1.927010 -28.702396
v 28.375803 1.964510 -28.652021
v 27.490486 1.964510 -28.658674
v 27.490860 1.927010 -28.708672
v 28.363396 0.802010 -28.664616
v 28.413019 0.839510 -28.614241
v 27.490204 0.839510 -28.621174
v 27.490580 0.802010 -28.671173
v 28.357363 2.714510 -29.525356
v 28.350990 2.714510 -28.677208
v 28.301367 2.677010 -28.727583
v 28.307472 2.677010 -29.540060
v 28.419970 0.839510 -29.539215
v 28.413019 0.839510 -28.614241
v 28.363396 0.802010 -28.664616
v 28.369970 0.802010 -29.539591
v 28.419970 0.839510 -29.539215
v 28.407469 1.139510 -29.539309
v 28.400612 1.139510 -28.626835
v 28.413019 0.839510 -28.614241
v 28.344862 3.014510 -29.525450
v 28.294973 3.052010 -29.540154
v 28.288961 3.052010 -28.740177
v 28.338583 3.014510 -28.689802
v 28.357363 2.714510 -29.525356
v 28.344862 3.014510 -29.525450
v 28.338583 3.014510 -28.689802
v 28.350990 2.714510 -28.677208
v 28.357471 2.639510 -29.539684
v 28.307472 2.677010 -29.540060
v 28.301367 2.677010 -28.727583
v 28.350990 2.639510 -28.677208
v 28.369970 2.264510 -29.539591
v 28.319973 2.302010 -29.539967
v 28.313774 2.302010 -28.714991
v 28.363396 2.264510 -28.664616
v 28.382471 1.964510 -29.539497
v 28.369970 2.264510 -29.539591
v 28.363396 2.264510 -28.664616
v 28.375803 1.964510 -28.652021
v 28.369970 2.339510 -29.539591
v 28.363396 2.339510 -28.664616
v 28.313774 2.302010 -28.714991
v 28.319973 2.302010 -29.539967
v 28.382471 1.964510 -29.539497
v 28.375803 1.964510 -28.652021
v 28.326178 1.927010 -28.702396
v 28.332472 1.927010 -29.539873
v 28.407469 1.214510 -29.539309
v 28.394972 1.514510 -29.539402
v 28.388208 1.514510 -28.639427
v 28.400612 1.214510 -28.626835
v 28.382471 1.889510 -29.539497
v 28.332472 1.927010 -29.539873
v 28.326178 1.927010 -28.702396
v 28.375803 1.889510 -28.652021
v 28.539679 0.365577 -29.538315
v 28.476164 0.427010 -29.538792
v 28.468790 0.427010 -28.557625
v 28.531828 0.365576 -28.493633
v 28.394972 1.514510 -29.539402
v 28.344971 1.552010 -29.539780
v 28.338583 1.552010 -28.689802
v 28.388208 1.514510 -28.639427
v 28.432468 0.464510 -29.539122
v 28.419970 0.764510 -29.539215
v 28.413019 0.764510 -28.614241
v 28.425425 0.464510 -28.601646
v 28.394972 1.589510 -29.539402
v 28.388208 1.589510 -28.639427
v 28.338583 1.552010 -28.689802
v 28.344971 1.552010 -29.539780
v 28.476164 0.427010 -29.538792
v 28.382471 0.427010 -29.539497
v 28.407469 1.214510 -29.539309
v 28.400612 1.214510 -28.626835
v 28.350990 1.177010 -28.677208
v 28.357471 1.177010 -29.539684
v 28.419970 0.764510 -29.539215
v 28.369970 0.802010 -29.539591
v 28.363396 0.802010 -28.664616
v 28.413019 0.764510 -28.614241
v 28.550131 0.052010 -29.538237
v 28.539679 0.365577 -29.538315
v 28.531828 0.365576 -28.493633
v 28.542202 0.052010 -28.483101
v 28.369970 2.339510 -29.539591
v 28.357471 2.639510 -29.539684
v 28.350990 2.639510 -28.677208
v 28.363396 2.339510 -28.664616
v 28.432468 0.464510 -29.539122
v 28.425425 0.464510 -28.601646
v 28.375803 0.427010 -28.652021
v 28.382471 0.427010 -29.539497
v 28.407469 1.139510 -29.539309
v 28.357471 1.177010 -29.539684
v 28.350990 1.177010 -28.677208
v 28.400612 1.139510 -28.626835
v 28.394972 1.589510 -29.539402
v 28.382471 1.889510 -29.539497
v 28.375803 1.889510 -28.652021
v 28.388208 1.589510 -28.639427
v 27.491049 2.677010 -28.733671
v 27.520672 2.714510 -28.683447
v 27.520765 3.014510 -28.695948
v 27.491142 3.052010 -28.746170
v 27.489780 0.427010 -28.564980
v 27.493397 0.427010 -29.046162
v 27.493397 0.052010 -29.046162
v 27.489304 0.365576 -28.501465
v 27.493397 2.658260 -29.046162
v 27.493397 3.052010 -29.046162
v 27.493397 1.373885 -29.046162
v 27.493397 0.628573 -29.046162
v 27.489225 0.052010 -28.491013
v 27.490486 0.427010 -28.658674
v 27.490110 0.464510 -28.608675
v 27.490297 1.139510 -28.633675
v 27.493397 1.373885 -29.046162
v 27.490204 0.764510 -28.621174
v 27.490486 1.889510 -28.658674
v 27.493397 2.114510 -29.046162
v 27.490391 1.589510 -28.646173
v 27.493397 1.373885 -29.046162
v 27.490297 1.139510 -28.633675
v 27.490673 1.177010 -28.683674
v 27.490297 1.214510 -28.633675
v 27.490391 1.514510 -28.646173
v 27.490767 1.552010 -28.696173
v 27.490673 2.639510 -28.683674
v 27.493397 2.658260 -29.046162
v 27.490580 2.339510 -28.671173
v 27.493397 2.114510 -29.046162
v 27.490486 1.889510 -28.658674
v 27.490860 1.927010 -28.708672
v 27.490486 1.964510 -28.658674
v 27.490580 2.264510 -28.671173
v 27.490955 2.302010 -28.721172
v 27.491142 3.052010 -28.746170
v 27.493397 3.052010 -29.046162
v 27.491049 2.677010 -28.733671
v 27.997137 3.052010 -29.542393
v 27.997137 2.658260 -29.542393
v 27.997137 1.373885 -29.542393
v 27.997137 0.792635 -29.542393
v 27.493397 0.427010 -29.046162
v 27.493397 0.052010 -29.046162
v 27.997137 0.430472 -29.542393
v 27.493397 3.052010 -29.046162
v 27.491142 3.052010 -28.746170
v 27.993397 0.052010 -29.042393
v 27.997137 0.430472 -29.542393
v 27.997179 0.052010 -29.542393
v 19.184408 3.082963 -28.852737
v 19.922882 3.082963 -28.893051
v 19.979116 3.120462 -28.952383
v 19.120853 3.120462 -28.899414
v 19.120853 3.120462 -28.899414
v 19.979116 3.120462 -28.952383
v 19.935896 3.120462 -29.654469
v 19.077398 3.120462 -29.601484
v 19.967388 0.427010 -28.770119
v 19.961617 0.427010 -28.863636
v 19.148720 0.427010 -28.813467
v 19.154491 0.427010 -28.719948
v 19.063591 0.052010 -28.686718
v 19.056215 0.380636 -28.806210
v 19.053263 0.427010 -28.854038
v 19.007399 0.052010 -29.597164
v 19.055349 0.802010 -28.820229
v 19.098251 0.452094 -28.776844
v 19.119104 0.464510 -28.761543
v 19.118336 0.764510 -28.774021
v 19.055349 0.802010 -28.820229
v 19.056025 0.473358 -28.809294
v 19.056025 0.473358 -28.809294
v 19.113792 3.046385 -28.847639
v 19.050793 3.084158 -28.894064
v 19.051500 2.677010 -28.882610
v 19.114485 2.714510 -28.836403
v 19.115255 2.264510 -28.823925
v 19.052269 2.302010 -28.870134
v 19.053040 1.927010 -28.857658
v 19.116024 1.964510 -28.811449
v 19.995853 1.139510 -28.840702
v 20.052681 1.177010 -28.894304
v 19.054579 1.177010 -28.832705
v 19.117565 1.139510 -28.786497
v 19.996624 0.764510 -28.828226
v 20.053448 0.802010 -28.881828
v 19.055349 0.802010 -28.820229
v 19.118336 0.764510 -28.774021
v 19.995085 1.514510 -28.853178
v 20.051910 1.552010 -28.906780
v 19.053808 1.552010 -28.845181
v 19.116795 1.514510 -28.798973
v 19.114485 2.714510 -28.836403
v 19.992390 2.714510 -28.896847
v 19.992390 3.047389 -28.896847
v 19.922882 3.082963 -28.893051
v 19.184408 3.082963 -28.852737
v 19.113792 3.046385 -28.847639
v 20.016209 0.452094 -28.833496
v 19.997393 0.464510 -28.815750
v 19.119104 0.464510 -28.761543
v 19.098251 0.452094 -28.776844
v 19.148720 0.427010 -28.813467
v 19.961617 0.427010 -28.863636
v 19.116795 1.514510 -28.798973
v 19.053808 1.552010 -28.845181
v 19.054579 1.177010 -28.832705
v 19.117565 1.214510 -28.786497
v 19.115255 2.264510 -28.823925
v 19.993544 2.264510 -28.878132
v 20.050369 2.302010 -28.931734
v 19.052269 2.302010 -28.870134
v 19.117565 1.139510 -28.786497
v 19.054579 1.177010 -28.832705
v 19.055349 0.802010 -28.820229
v 19.118336 0.839510 -28.774021
v 19.114485 2.639510 -28.836403
v 19.051500 2.677010 -28.882610
v 19.052269 2.302010 -28.870134
v 19.115255 2.339510 -28.823925
v 19.114485 2.639510 -28.836403
v 19.992773 2.639510 -28.890608
v 20.049599 2.677010 -28.944210
v 19.051500 2.677010 -28.882610
v 19.116024 1.889510 -28.811449
v 19.994314 1.889510 -28.865654
v 20.051140 1.927010 -28.919258
v 19.053040 1.927010 -28.857658
v 19.116024 1.889510 -28.811449
v 19.053040 1.927010 -28.857658
v 19.053808 1.552010 -28.845181
v 19.116795 1.589510 -28.798973
v 19.996624 0.839510 -28.828226
v 19.118336 0.839510 -28.774021
v 19.055349 0.802010 -28.820229
v 20.053448 0.802010 -28.881828
v 19.116795 1.589510 -28.798973
v 19.053808 1.552010 -28.845181
v 20.051910 1.552010 -28.906780
v 19.995085 1.589510 -28.853178
v 19.992773 2.639510 -28.890608
v 19.114485 2.639510 -28.836403
v 19.115255 2.339510 -28.823925
v 19.993544 2.339510 -28.878132
v 19.994314 1.889510 -28.865654
v 19.116024 1.889510 -28.811449
v 19.116795 1.589510 -28.798973
v 19.995085 1.589510 -28.853178
v 19.995853 1.139510 -28.840702
v 19.117565 1.139510 -28.786497
v 19.118336 0.839510 -28.774021
v 19.996624 0.839510 -28.828226
v 19.117565 1.214510 -28.786497
v 19.054579 1.177010 -28.832705
v 20.052681 1.177010 -28.894304
v 19.995853 1.214510 -28.840702
v 19.992390 2.714510 -28.896847
v 19.114485 2.714510 -28.836403
v 19.051500 2.677010 -28.882610
v 20.049599 2.677010 -28.944210
v 19.971945 0.052010 -28.696291
v 19.159048 0.052010 -28.646122
v 19.063591 0.052010 -28.686718
v 20.061689 0.052010 -28.748318
v 19.992390 2.714510 -28.896847
v 20.049599 2.677010 -28.944210
v 20.048891 3.084497 -28.955673
v 19.992390 3.047389 -28.896847
v 19.993544 2.264510 -28.878132
v 19.115255 2.264510 -28.823925
v 19.116024 1.964510 -28.811449
v 19.994314 1.964510 -28.865654
v 19.995853 1.214510 -28.840702
v 19.995085 1.514510 -28.853178
v 19.116795 1.514510 -28.798973
v 19.117565 1.214510 -28.786497
v 19.996624 0.764510 -28.828226
v 19.118336 0.764510 -28.774021
v 19.119104 0.464510 -28.761543
v 19.997393 0.464510 -28.815750
v 19.007399 0.052010 -29.597164
v 20.005499 0.052010 -29.658764
v 19.971300 0.365576 -28.706722
v 19.158405 0.365576 -28.656553
v 19.159048 0.052010 -28.646122
v 19.971945 0.052010 -28.696291
v 19.115255 2.339510 -28.823925
v 19.052269 2.302010 -28.870134
v 20.050369 2.302010 -28.931734
v 19.993544 2.339510 -28.878132
v 19.116024 1.964510 -28.811449
v 19.053040 1.927010 -28.857658
v 20.051140 1.927010 -28.919258
v 19.994314 1.964510 -28.865654
v 19.154491 0.427010 -28.719948
v 19.158405 0.365576 -28.656553
v 19.971300 0.365576 -28.706722
v 19.967388 0.427010 -28.770119
v 20.061087 0.345284 -28.758074
v 20.061689 0.052010 -28.748318
v 20.054314 0.380636 -28.867809
v 20.058836 0.380636 -28.794556
v 20.051638 0.407142 -28.911175
v 20.052681 1.177010 -28.894304
v 20.051910 1.552010 -28.906780
v 19.995085 1.514510 -28.853178
v 19.995853 1.214510 -28.840702
v 20.051140 1.927010 -28.919258
v 20.050369 2.302010 -28.931734
v 19.993544 2.264510 -28.878132
v 19.994314 1.964510 -28.865654
v 20.054123 0.473358 -28.870893
v 20.050369 2.302010 -28.931734
v 20.049599 2.677010 -28.944210
v 19.992773 2.639510 -28.890608
v 19.993544 2.339510 -28.878132
v 20.053448 0.802010 -28.881828
v 20.052681 1.177010 -28.894304
v 19.995853 1.139510 -28.840702
v 19.996624 0.839510 -28.828226
v 20.051910 1.552010 -28.906780
v 20.051140 1.927010 -28.919258
v 19.994314 1.889510 -28.865654
v 19.995085 1.589510 -28.853178
v 20.053448 0.802010 -28.881828
v 19.996624 0.764510 -28.828226
v 19.997393 0.464510 -28.815750
v 20.016209 0.452094 -28.833496
v 20.054123 0.473358 -28.870893
v 19.159048 0.052010 -28.646122
v 19.158405 0.365576 -28.656553
v 19.062988 0.345284 -28.696474
v 19.063591 0.052010 -28.686718
v 19.148720 0.427010 -28.813467
v 19.056215 0.380636 -28.806210
v 19.060736 0.380636 -28.732956
v 19.154491 0.427010 -28.719948
v 19.971945 0.052010 -28.696291
v 20.061689 0.052010 -28.748318
v 20.061087 0.345284 -28.758074
v 19.971300 0.365576 -28.706722
v 19.971300 0.365576 -28.706722
v 20.061087 0.345284 -28.758074
v 20.058836 0.380636 -28.794556
v 19.967388 0.427010 -28.770119
v 20.058836 0.380636 -28.794556
v 20.054314 0.380636 -28.867809
v 19.961617 0.427010 -28.863636
v 19.967388 0.427010 -28.770119
v 19.062988 0.345284 -28.696474
v 19.060736 0.380636 -28.732956
v 19.007399 3.084263 -29.597164
v 19.050793 3.084158 -28.894064
v 19.120853 3.120462 -28.899414
v 19.077398 3.120462 -29.601484
v 19.120853 3.120462 -28.899414
v 19.050793 3.084158 -28.894064
v 19.113792 3.046385 -28.847639
v 19.184408 3.082963 -28.852737
v 19.992390 3.047389 -28.896847
v 20.048891 3.084497 -28.955673
v 19.979116 3.120462 -28.952383
v 19.922882 3.082963 -28.893051
v 20.005510 3.087038 -29.658764
v 19.935896 3.120462 -29.654469
v 19.979116 3.120462 -28.952383
v 20.048891 3.084497 -28.955673
v 6.948746 3.082963 -27.243237
v 7.687219 3.082963 -27.283550
v 7.743455 3.120462 -27.342884
v 6.885192 3.120462 -27.289913
v 6.885192 3.120462 -27.289913
v 7.743455 3.120462 -27.342884
v 7.700234 3.120462 -28.044968
v 6.841735 3.120462 -27.991985
v 7.731727 0.427010 -27.160618
v 7.725955 0.427010 -27.254137
v 6.913059 0.427010 -27.203968
v 6.918830 0.427010 -27.110449
v 6.827927 0.052010 -27.077217
v 6.820552 0.380636 -27.196709
v 6.817601 0.427010 -27.244537
v 6.862589 0.452094 -27.167343
v 6.883443 0.464510 -27.152044
v 6.882673 0.764510 -27.164520
v 6.819686 0.802010 -27.210728
v 6.820362 0.473358 -27.199795
v 6.820362 0.473358 -27.199795
v 6.878129 3.046385 -27.238140
v 6.815130 3.084158 -27.284565
v 6.815837 2.677010 -27.273109
v 6.878823 2.714510 -27.226902
v 6.879593 2.264510 -27.214426
v 6.816607 2.302010 -27.260633
v 6.817377 1.927010 -27.248158
v 6.880363 1.964510 -27.201950
v 6.881903 1.139510 -27.176998
v 7.760191 1.139510 -27.231201
v 7.817017 1.177010 -27.284805
v 6.818917 1.177010 -27.223206
v 7.760962 0.764510 -27.218725
v 7.817787 0.802010 -27.272327
v 6.819686 0.802010 -27.210728
v 6.882673 0.764510 -27.164520
v 7.759421 1.514510 -27.243679
v 7.816247 1.552010 -27.297281
v 6.818147 1.552010 -27.235682
v 6.881133 1.514510 -27.189472
v 6.878823 2.714510 -27.226902
v 7.756727 2.714510 -27.287346
v 7.756727 3.047389 -27.287346
v 7.687219 3.082963 -27.283550
v 6.948746 3.082963 -27.243237
v 6.878129 3.046385 -27.238140
v 7.780545 0.452094 -27.223997
v 7.761731 0.464510 -27.206249
v 6.883443 0.464510 -27.152044
v 6.862589 0.452094 -27.167343
v 6.913059 0.427010 -27.203968
v 7.725955 0.427010 -27.254137
v 6.881133 1.514510 -27.189472
v 6.818147 1.552010 -27.235682
v 6.818917 1.177010 -27.223206
v 6.881903 1.214510 -27.176998
v 6.879593 2.264510 -27.214426
v 7.757882 2.264510 -27.268631
v 7.814707 2.302010 -27.322233
v 6.816607 2.302010 -27.260633
v 6.881903 1.139510 -27.176998
v 6.818917 1.177010 -27.223206
v 6.819686 0.802010 -27.210728
v 6.882673 0.839510 -27.164520
v 6.878823 2.639510 -27.226902
v 6.815837 2.677010 -27.273109
v 6.816607 2.302010 -27.260633
v 6.879593 2.339510 -27.214426
v 7.757111 2.639510 -27.281107
v 7.813938 2.677010 -27.334709
v 6.815837 2.677010 -27.273109
v 6.878823 2.639510 -27.226902
v 6.880363 1.889510 -27.201950
v 7.758651 1.889510 -27.256153
v 7.815477 1.927010 -27.309757
v 6.817377 1.927010 -27.248158
v 6.880363 1.889510 -27.201950
v 6.817377 1.927010 -27.248158
v 6.818147 1.552010 -27.235682
v 6.881133 1.589510 -27.189472
v 6.882673 0.839510 -27.164520
v 6.819686 0.802010 -27.210728
v 7.817787 0.802010 -27.272327
v 7.760962 0.839510 -27.218725
v 7.759421 1.589510 -27.243679
v 6.881133 1.589510 -27.189472
v 6.818147 1.552010 -27.235682
v 7.816247 1.552010 -27.297281
v 7.757111 2.639510 -27.281107
v 6.878823 2.639510 -27.226902
v 6.879593 2.339510 -27.214426
v 7.757882 2.339510 -27.268631
v 7.758651 1.889510 -27.256153
v 6.880363 1.889510 -27.201950
v 6.881133 1.589510 -27.189472
v 7.759421 1.589510 -27.243679
v 7.760962 0.839510 -27.218725
v 7.760191 1.139510 -27.231201
v 6.881903 1.139510 -27.176998
v 6.882673 0.839510 -27.164520
v 6.881903 1.214510 -27.176998
v 6.818917 1.177010 -27.223206
v 7.817017 1.177010 -27.284805
v 7.760191 1.214510 -27.231201
v 7.756727 2.714510 -27.287346
v 6.878823 2.714510 -27.226902
v 6.815837 2.677010 -27.273109
v 7.813938 2.677010 -27.334709
v 7.736283 0.052010 -27.086790
v 6.923387 0.052010 -27.036621
v 6.827927 0.052010 -27.077217
v 7.826027 0.052010 -27.138817
v 7.756727 2.714510 -27.287346
v 7.813938 2.677010 -27.334709
v 7.813230 3.084497 -27.346174
v 7.756727 3.047389 -27.287346
v 7.758651 1.964510 -27.256153
v 7.757882 2.264510 -27.268631
v 6.879593 2.264510 -27.214426
v 6.880363 1.964510 -27.201950
v 7.759421 1.514510 -27.243679
v 6.881133 1.514510 -27.189472
v 6.881903 1.214510 -27.176998
v 7.760191 1.214510 -27.231201
v 7.761731 0.464510 -27.206249
v 7.760962 0.764510 -27.218725
v 6.882673 0.764510 -27.164520
v 6.883443 0.464510 -27.152044
v 6.771737 0.052010 -27.987663
v 7.769836 0.052010 -28.049263
v 7.735639 0.365576 -27.097223
v 6.922743 0.365576 -27.047054
v 6.923387 0.052010 -27.036621
v 7.736283 0.052010 -27.086790
v 6.879593 2.339510 -27.214426
v 6.816607 2.302010 -27.260633
v 7.814707 2.302010 -27.322233
v 7.757882 2.339510 -27.268631
v 6.880363 1.964510 -27.201950
v 6.817377 1.927010 -27.248158
v 7.815477 1.927010 -27.309757
v 7.758651 1.964510 -27.256153
v 6.918830 0.427010 -27.110449
v 6.922743 0.365576 -27.047054
v 7.735639 0.365576 -27.097223
v 7.731727 0.427010 -27.160618
v 7.825425 0.345284 -27.148575
v 7.826027 0.052010 -27.138817
v 7.818652 0.380636 -27.258308
v 7.823174 0.380636 -27.185055
v 7.815976 0.407142 -27.301674
v 7.817017 1.177010 -27.284805
v 7.816247 1.552010 -27.297281
v 7.759421 1.514510 -27.243679
v 7.760191 1.214510 -27.231201
v 7.815477 1.927010 -27.309757
v 7.814707 2.302010 -27.322233
v 7.757882 2.264510 -27.268631
v 7.758651 1.964510 -27.256153
v 7.818462 0.473358 -27.261395
v 7.814707 2.302010 -27.322233
v 7.813938 2.677010 -27.334709
v 7.757111 2.639510 -27.281107
v 7.757882 2.339510 -27.268631
v 7.817787 0.802010 -27.272327
v 7.817017 1.177010 -27.284805
v 7.760191 1.139510 -27.231201
v 7.760962 0.839510 -27.218725
v 7.816247 1.552010 -27.297281
v 7.815477 1.927010 -27.309757
v 7.758651 1.889510 -27.256153
v 7.759421 1.589510 -27.243679
v 7.817787 0.802010 -27.272327
v 7.760962 0.764510 -27.218725
v 7.761731 0.464510 -27.206249
v 7.780545 0.452094 -27.223997
v 7.818462 0.473358 -27.261395
v 6.923387 0.052010 -27.036621
v 6.922743 0.365576 -27.047054
v 6.827324 0.345284 -27.086975
v 6.827927 0.052010 -27.077217
v 6.913059 0.427010 -27.203968
v 6.820552 0.380636 -27.196709
v 6.825073 0.380636 -27.123455
v 6.918830 0.427010 -27.110449
v 7.736283 0.052010 -27.086790
v 7.826027 0.052010 -27.138817
v 7.825425 0.345284 -27.148575
v 7.735639 0.365576 -27.097223
v 7.735639 0.365576 -27.097223
v 7.825425 0.345284 -27.148575
v 7.823174 0.380636 -27.185055
v 7.731727 0.427010 -27.160618
v 7.823174 0.380636 -27.185055
v 7.818652 0.380636 -27.258308
v 7.725955 0.427010 -27.254137
v 7.731727 0.427010 -27.160618
v 6.827324 0.345284 -27.086975
v 6.825073 0.380636 -27.123455
v 6.771737 3.084267 -27.987663
v 6.815130 3.084158 -27.284565
v 6.885192 3.120462 -27.289913
v 6.841735 3.120462 -27.991985
v 6.885192 3.120462 -27.289913
v 6.815130 3.084158 -27.284565
v 6.878129 3.046385 -27.238140
v 6.948746 3.082963 -27.243237
v 7.756727 3.047389 -27.287346
v 7.813230 3.084497 -27.346174
v 7.743455 3.120462 -27.342884
v 7.687219 3.082963 -27.283550
v 7.769848 3.087039 -28.049265
v 7.700234 3.120462 -28.044968
v 7.743455 3.120462 -27.342884
v 7.813230 3.084497 -27.346174
v 6.815130 3.084158 -27.284565
v 6.771737 3.084267 -27.987663
v -5.857983 2.302010 -27.108257
v -5.908358 2.339510 -27.058636
v -5.901800 2.339510 -27.931450
v -5.851801 2.302010 -27.931076
v -6.015349 0.427010 -26.953239
v -6.007994 0.427010 -27.932249
v -6.071507 0.365576 -27.932726
v -6.079340 0.365576 -26.890202
v -5.946138 1.139510 -27.021418
v -5.939299 1.139510 -27.931732
v -5.951799 0.839510 -27.931826
v -5.958732 0.839510 -27.009012
v -5.958732 0.764510 -27.009012
v -5.951799 0.764510 -27.931826
v -5.964298 0.464510 -27.931919
v -5.971326 0.464510 -26.996605
v -5.920951 0.427010 -27.046228
v -5.971326 0.464510 -26.996605
v -5.964298 0.464510 -27.931919
v -5.914299 0.427010 -27.931545
v -5.920951 1.889510 -27.046228
v -5.914299 1.889510 -27.931545
v -5.926799 1.589510 -27.931639
v -5.933545 1.589510 -27.033823
v -5.895764 1.177010 -27.071041
v -5.889300 1.177010 -27.931356
v -5.939299 1.139510 -27.931732
v -5.946138 1.139510 -27.021418
v -5.933545 1.514510 -27.033823
v -5.926799 1.514510 -27.931639
v -5.939299 1.214510 -27.931732
v -5.946138 1.214510 -27.021418
v -5.845390 2.677010 -27.120663
v -5.839302 2.677010 -27.930981
v -5.889300 2.639510 -27.931356
v -5.895764 2.639510 -27.071041
v -5.895764 2.639510 -27.071041
v -5.889300 2.639510 -27.931356
v -5.901800 2.339510 -27.931450
v -5.908358 2.339510 -27.058636
v -5.908358 2.264510 -27.058636
v -5.901800 2.264510 -27.931450
v -5.914299 1.964510 -27.931545
v -5.920951 1.964510 -27.046228
v -5.908358 0.802010 -27.058636
v -5.901800 0.802010 -27.931450
v -5.951799 0.764510 -27.931826
v -5.958732 0.764510 -27.009012
v -5.895764 1.177010 -27.071041
v -5.946138 1.214510 -27.021418
v -5.939299 1.214510 -27.931732
v -5.889300 1.177010 -27.931356
v -5.883171 3.014510 -27.083447
v -5.877026 3.014510 -27.901264
v -5.889525 2.714510 -27.901358
v -5.895764 2.714510 -27.071041
v -5.883171 1.552010 -27.083447
v -5.876801 1.552010 -27.931263
v -5.926799 1.514510 -27.931639
v -5.933545 1.514510 -27.033823
v -5.870577 1.927010 -27.095852
v -5.864301 1.927010 -27.931170
v -5.914299 1.889510 -27.931545
v -5.920951 1.889510 -27.046228
v -5.845390 2.677010 -27.120663
v -5.895764 2.714510 -27.071041
v -5.889525 2.714510 -27.901358
v -5.839302 2.677010 -27.930981
v -5.920951 0.427010 -27.046228
v -5.914299 0.427010 -27.931545
v -6.007994 0.427010 -27.932249
v -6.015349 0.427010 -26.953239
v -5.832796 3.052010 -27.133070
v -5.826802 3.052010 -27.930887
v -5.877026 3.014510 -27.901264
v -5.883171 3.014510 -27.083447
v -6.079340 0.365576 -26.890202
v -6.071507 0.365576 -27.932726
v -6.081960 0.052010 -27.932804
v -6.089871 0.052010 -26.879829
v -5.883171 1.552010 -27.083447
v -5.933545 1.589510 -27.033823
v -5.926799 1.589510 -27.931639
v -5.876801 1.552010 -27.931263
v -5.857983 2.302010 -27.108257
v -5.851801 2.302010 -27.931076
v -5.901800 2.264510 -27.931450
v -5.908358 2.264510 -27.058636
v -5.870577 1.927010 -27.095852
v -5.920951 1.964510 -27.046228
v -5.914299 1.964510 -27.931545
v -5.864301 1.927010 -27.931170
v -5.908358 0.802010 -27.058636
v -5.958732 0.839510 -27.009012
v -5.951799 0.839510 -27.931826
v -5.901800 0.802010 -27.931450
v -5.047619 2.714510 -27.064667
v -5.895764 2.714510 -27.071041
v -5.845390 2.677010 -27.120663
v -5.032913 2.677010 -27.114559
v -5.033758 0.839510 -27.002062
v -5.958732 0.839510 -27.009012
v -5.908358 0.802010 -27.058636
v -5.033382 0.802010 -27.052061
v -5.033758 0.839510 -27.002062
v -5.033664 1.139510 -27.014561
v -5.946138 1.139510 -27.021418
v -5.958732 0.839510 -27.009012
v -5.047525 3.014510 -27.077168
v -5.032819 3.052010 -27.127058
v -5.832796 3.052010 -27.133070
v -5.883171 3.014510 -27.083447
v -5.047619 2.714510 -27.064667
v -5.047525 3.014510 -27.077168
v -5.883171 3.014510 -27.083447
v -5.895764 2.714510 -27.071041
v -5.033288 2.639510 -27.064560
v -5.032913 2.677010 -27.114559
v -5.845390 2.677010 -27.120663
v -5.895764 2.639510 -27.071041
v -5.033382 2.264510 -27.052061
v -5.033007 2.302010 -27.102058
v -5.857983 2.302010 -27.108257
v -5.908358 2.264510 -27.058636
v -5.033476 1.964510 -27.039560
v -5.033382 2.264510 -27.052061
v -5.908358 2.264510 -27.058636
v -5.920951 1.964510 -27.046228
v -5.033382 2.339510 -27.052061
v -5.908358 2.339510 -27.058636
v -5.857983 2.302010 -27.108257
v -5.033007 2.302010 -27.102058
v -5.033476 1.964510 -27.039560
v -5.920951 1.964510 -27.046228
v -5.870577 1.927010 -27.095852
v -5.033101 1.927010 -27.089560
v -5.033664 1.214510 -27.014561
v -5.033570 1.514510 -27.027061
v -5.933545 1.514510 -27.033823
v -5.946138 1.214510 -27.021418
v -5.033476 1.889510 -27.039560
v -5.033101 1.927010 -27.089560
v -5.870577 1.927010 -27.095852
v -5.920951 1.889510 -27.046228
v -5.034657 0.365577 -26.882353
v -5.034180 0.427010 -26.945866
v -6.015349 0.427010 -26.953239
v -6.079340 0.365576 -26.890202
v -5.033570 1.514510 -27.027061
v -5.033195 1.552010 -27.077061
v -5.883171 1.552010 -27.083447
v -5.933545 1.514510 -27.033823
v -5.033852 0.464510 -26.989563
v -5.033758 0.764510 -27.002062
v -5.958732 0.764510 -27.009012
v -5.971326 0.464510 -26.996605
v -5.033570 1.589510 -27.027061
v -5.933545 1.589510 -27.033823
v -5.883171 1.552010 -27.083447
v -5.033195 1.552010 -27.077061
v -5.034180 0.427010 -26.945866
v -5.033476 0.427010 -27.039560
v -5.033664 1.214510 -27.014561
v -5.946138 1.214510 -27.021418
v -5.895764 1.177010 -27.071041
v -5.033288 1.177010 -27.064560
v -5.033758 0.764510 -27.002062
v -5.033382 0.802010 -27.052061
v -5.908358 0.802010 -27.058636
v -5.958732 0.764510 -27.009012
v -5.034736 0.052010 -26.871901
v -5.034657 0.365577 -26.882353
v -6.079340 0.365576 -26.890202
v -6.089871 0.052010 -26.879829
v -5.033382 2.339510 -27.052061
v -5.033288 2.639510 -27.064560
v -5.895764 2.639510 -27.071041
v -5.908358 2.339510 -27.058636
v -5.033852 0.464510 -26.989563
v -5.971326 0.464510 -26.996605
v -5.920951 0.427010 -27.046228
v -5.033476 0.427010 -27.039560
v -5.033664 1.139510 -27.014561
v -5.033288 1.177010 -27.064560
v -5.895764 1.177010 -27.071041
v -5.946138 1.139510 -27.021418
v -5.033570 1.589510 -27.027061
v -5.033476 1.889510 -27.039560
v -5.920951 1.889510 -27.046228
v -5.933545 1.589510 -27.033823
v -5.839302 2.677010 -27.930981
v -5.889525 2.714510 -27.901358
v -5.877026 3.014510 -27.901264
v -5.826802 3.052010 -27.930887
v -5.032913 2.677010 -27.114559
v -5.032819 3.052010 -27.127058
v -5.047525 3.014510 -27.077168
v -5.047619 2.714510 -27.064667
v -6.007994 0.427010 -27.932249
v -5.526811 0.427010 -27.928633
v -5.526811 0.052010 -27.928633
v -6.071507 0.365576 -27.932726
v -5.526811 2.658260 -27.928633
v -5.526811 3.052010 -27.928633
v -5.526811 1.373885 -27.928633
v -5.526811 0.628573 -27.928633
v -6.081960 0.052010 -27.932804
v -5.914299 0.427010 -27.931545
v -5.964298 0.464510 -27.931919
v -5.939299 1.139510 -27.931732
v -5.951799 0.764510 -27.931826
v -5.914299 1.889510 -27.931545
v -5.926799 1.514510 -27.931639
v -5.889300 2.639510 -27.931356
v -5.526811 2.658260 -27.928633
v -5.901800 2.264510 -27.931450
v -5.826802 3.052010 -27.930887
v -5.526811 3.052010 -27.928633
v -5.839302 2.677010 -27.930981
v -5.030581 0.052010 -27.424850
v -5.034736 0.052010 -26.871901
v -5.030581 3.052011 -27.424892
v -5.030581 2.480135 -27.424892
v -5.030581 1.270760 -27.424892
v -5.030581 0.421709 -27.424892
v -5.526811 0.427010 -27.928633
v -5.526811 0.052010 -27.928633
v -5.033382 2.264510 -27.052061
v -5.033852 0.464510 -26.989563
v -5.033758 0.764510 -27.002062
v -5.033664 1.139510 -27.014561
v -5.033570 1.514510 -27.027061
v -5.033476 1.889510 -27.039560
v -5.526811 3.052010 -27.928633
v -5.826802 3.052010 -27.930887
v -5.033288 2.639510 -27.064560
v -5.032819 3.052010 -27.127058
v -5.530579 0.052010 -27.428633
v -5.030581 0.421709 -27.424892
v -5.030581 0.052010 -27.424850
v 12.916662 0.000000 38.798187
v 12.913587 2.062500 38.298180
v 12.916674 3.000000 38.798172
v 12.913587 0.375000 38.298180
v 12.432399 0.375000 38.301155
v 12.526094 0.375000 38.300575
v 12.913587 0.576563 38.298180
v 12.538593 0.750000 38.300499
v 12.488594 0.787500 38.300804
v 12.913587 1.321875 38.298180
v 12.551093 1.125000 38.300423
v 12.501095 1.162500 38.300728
v 12.563593 1.500000 38.300343
v 12.513594 1.537500 38.300652
v 12.913587 2.062500 38.298180
v 12.576093 1.875000 38.300266
v 12.526094 1.912500 38.300575
v 12.588593 2.250000 38.300186
v 12.538593 2.287500 38.300499
v 12.916674 3.000000 38.798172
v 13.418503 3.000000 39.092922
v 13.416664 3.000000 38.795082
v 13.420079 0.000000 39.348083
v 12.916662 0.000000 38.798187
v 13.416664 0.000000 38.795128
v 12.916674 3.000000 38.798172
v 13.416664 2.071876 38.795082
v 12.916662 0.000000 38.798187
v 12.618519 3.000000 39.097862
v 12.597107 1.500000 29.862133
v 13.348385 3.032253 29.805433
v 12.584642 1.125000 29.863073
v 12.609571 1.875000 29.861193
v 12.622036 2.250000 29.860250
v 12.634501 2.625000 29.859312
v 13.423640 3.035028 30.802610
v 12.721209 3.032487 30.855610
v 12.709755 2.625000 30.856474
v 12.684826 1.875000 30.858356
v 12.672361 1.500000 30.859297
v 13.423639 0.000000 30.802599
v 12.697291 2.250000 30.857416
v 12.659897 1.125000 30.860239
v 12.647433 0.750000 30.861177
v 12.473263 0.375000 29.964521
v 12.484985 0.328626 29.870594
v 12.448540 0.293274 29.873346
v 12.409927 0.313566 29.969301
v 12.566695 0.375000 29.957470
v 12.561254 0.421348 29.864840
v 12.605955 0.375000 29.861465
v 12.636509 0.421348 30.862001
v 12.627986 0.375000 30.769604
v 12.676752 0.355133 30.858965
v 12.598597 0.400084 30.824600
v 12.627986 0.375000 30.769604
v 12.636509 0.421348 30.862001
v 12.627986 0.375000 30.769604
v 12.633427 0.328626 30.862234
v 12.676752 0.355133 30.858965
v 12.605955 0.375000 29.861465
v 12.558171 0.328626 29.865072
v 12.566695 0.375000 29.957470
v 12.566695 0.375000 29.957470
v 12.529384 0.400084 29.907505
v 12.561254 0.421348 29.864840
v 12.645945 3.032148 29.858448
v 10.807816 1.125000 17.650585
v 11.571558 0.000000 17.592945
v 10.795352 0.750000 17.651525
v 10.820280 1.500000 17.649645
v 10.832745 1.875000 17.648703
v 10.845210 2.250000 17.647762
v 10.857674 2.625000 17.646822
v 11.646814 3.035029 18.590120
v 10.944384 3.032487 18.643122
v 10.932929 2.625000 18.643986
v 10.908001 1.875000 18.645866
v 10.895536 1.500000 18.646809
v 11.646814 0.000000 18.590109
v 10.920465 2.250000 18.644926
v 10.883071 1.125000 18.647749
v 10.870607 0.750000 18.648689
v 10.633102 0.313566 17.756813
v 10.696438 0.375000 17.752033
v 10.708160 0.328626 17.658106
v 10.671713 0.293274 17.660856
v 10.789869 0.375000 17.744982
v 10.784428 0.421348 17.652349
v 10.829128 0.375000 17.648975
v 10.859682 0.421348 18.649513
v 10.851160 0.375000 18.557116
v 10.899925 0.355133 18.646477
v 10.821770 0.400084 18.612114
v 10.851160 0.375000 18.557116
v 10.859682 0.421348 18.649513
v 10.851160 0.375000 18.557116
v 10.856601 0.328626 18.649746
v 10.899925 0.355133 18.646477
v 10.829128 0.375000 17.648975
v 10.781345 0.328626 17.652582
v 10.789869 0.375000 17.744982
v 10.789869 0.375000 17.744982
v 10.752558 0.400084 17.695017
v 10.784428 0.421348 17.652349
v 10.844191 0.000000 5.299431
v 11.344196 2.062500 5.296355
v 10.844208 3.000000 5.299443
v 11.344196 0.375000 5.296355
v 11.341225 0.375000 4.815167
v 11.341803 0.375000 4.908863
v 11.344196 0.576563 5.296355
v 11.341881 0.750000 4.921362
v 11.341572 0.787500 4.871363
v 11.344196 1.321875 5.296355
v 11.341957 1.125000 4.933862
v 11.341648 1.162500 4.883863
v 11.342035 1.500000 4.946362
v 11.341726 1.537500 4.896363
v 11.344196 2.062500 5.296355
v 11.342112 1.875000 4.958861
v 11.341803 1.912500 4.908863
v 11.342189 2.250000 4.971362
v 11.341881 2.287500 4.921362
v 10.844208 3.000000 5.299443
v 10.549458 3.000000 5.801272
v 10.847294 3.000001 5.799433
v 10.474459 0.750000 5.801735
v 10.847295 1.218750 5.799433
v 10.424459 0.787501 5.802044
v 10.486959 1.125000 5.801658
v 10.436959 1.162501 5.801967
v 10.499458 1.500000 5.801581
v 10.847295 1.828125 5.799433
v 10.449459 1.537501 5.801889
v 10.511958 1.875000 5.801504
v 10.461959 1.912501 5.801812
v 10.524458 2.250000 5.801426
v 10.847295 2.428125 5.799433
v 10.474459 2.287500 5.801735
v 10.536958 2.625000 5.801349
v 10.847294 3.000001 5.799433
v 10.368263 0.375000 5.802391
v 10.304749 0.313567 5.802783
v 10.461959 0.375000 5.801812
v 10.847294 0.369699 5.799433
v 10.294297 0.000000 5.802847
v 10.844191 0.000000 5.299431
v 10.847253 0.000000 5.799433
v 10.844208 3.000000 5.299443
v 10.847295 1.828125 5.799433
v 10.844191 0.000000 5.299431
v 10.544518 3.000000 5.001287
v 12.593674 2.250000 39.123013
v 12.543983 2.287500 39.173321
v 12.538593 2.287500 38.300499
v 12.588593 2.250000 38.300186
v 12.438444 0.375000 39.280174
v 12.432399 0.375000 38.301155
v 12.368884 0.313566 38.301544
v 12.375321 0.313566 39.344078
v 12.506716 1.087500 39.211052
v 12.501095 1.087500 38.300728
v 12.488594 0.787500 38.300804
v 12.494293 0.787500 39.223629
v 12.494293 0.712500 39.223629
v 12.488594 0.712500 38.300804
v 12.476095 0.412500 38.300880
v 12.481871 0.412500 39.236206
v 12.531561 0.375000 39.185898
v 12.481871 0.412500 39.236206
v 12.476095 0.412500 38.300880
v 12.526094 0.375000 38.300575
v 12.531561 1.837500 39.185898
v 12.526094 1.837500 38.300575
v 12.513594 1.537500 38.300652
v 12.519138 1.537500 39.198479
v 12.556405 1.125000 39.160744
v 12.551093 1.125000 38.300423
v 12.501095 1.087500 38.300728
v 12.506716 1.087500 39.211052
v 12.519138 1.462500 39.198479
v 12.513594 1.462500 38.300652
v 12.501095 1.162500 38.300728
v 12.506716 1.162500 39.211052
v 12.606096 2.625000 39.110435
v 12.601092 2.625000 38.300110
v 12.551093 2.587500 38.300423
v 12.556405 2.587500 39.160744
v 12.556405 2.587500 39.160744
v 12.551093 2.587500 38.300423
v 12.538593 2.287500 38.300499
v 12.543983 2.287500 39.173321
v 12.543983 2.212500 39.173321
v 12.538593 2.212500 38.300499
v 12.526094 1.912500 38.300575
v 12.531561 1.912500 39.185898
v 12.543983 0.750000 39.173321
v 12.538593 0.750000 38.300499
v 12.488594 0.712500 38.300804
v 12.494293 0.712500 39.223629
v 12.556405 1.125000 39.160744
v 12.506716 1.162500 39.211052
v 12.501095 1.162500 38.300728
v 12.551093 1.125000 38.300423
v 12.568829 2.962500 39.148167
v 12.563779 2.962500 38.330341
v 12.551279 2.662500 38.330421
v 12.556405 2.662500 39.160744
v 12.568829 1.500000 39.148167
v 12.563593 1.500000 38.300343
v 12.513594 1.462500 38.300652
v 12.519138 1.462500 39.198479
v 12.581251 1.875000 39.135590
v 12.576093 1.875000 38.300266
v 12.526094 1.837500 38.300575
v 12.531561 1.837500 39.185898
v 12.606096 2.625000 39.110435
v 12.556405 2.662500 39.160744
v 12.551279 2.662500 38.330421
v 12.601092 2.625000 38.300110
v 12.531561 0.375000 39.185898
v 12.526094 0.375000 38.300575
v 12.432399 0.375000 38.301155
v 12.438444 0.375000 39.280174
v 12.618519 3.000000 39.097862
v 12.613592 3.000000 38.300034
v 12.563779 2.962500 38.330341
v 12.568829 2.962500 39.148167
v 12.375321 0.313566 39.344078
v 12.368884 0.313566 38.301544
v 12.358433 0.000000 38.301609
v 12.364934 0.000000 39.354595
v 12.568829 1.500000 39.148167
v 12.519138 1.537500 39.198479
v 12.513594 1.537500 38.300652
v 12.563593 1.500000 38.300343
v 12.593674 2.250000 39.123013
v 12.588593 2.250000 38.300186
v 12.538593 2.212500 38.300499
v 12.543983 2.212500 39.173321
v 12.581251 1.875000 39.135590
v 12.531561 1.912500 39.185898
v 12.526094 1.912500 38.300575
v 12.576093 1.875000 38.300266
v 12.543983 0.750000 39.173321
v 12.494293 0.787500 39.223629
v 12.488594 0.787500 38.300804
v 12.538593 0.750000 38.300499
v 13.404560 2.662500 39.155510
v 12.556405 2.662500 39.160744
v 12.606096 2.625000 39.110435
v 13.418581 2.625000 39.105423
v 13.419275 0.787501 39.217918
v 12.494293 0.787500 39.223629
v 12.543983 0.750000 39.173321
v 13.418966 0.750000 39.167919
v 13.419275 0.787501 39.217918
v 13.419198 1.087500 39.205421
v 12.506716 1.087500 39.211052
v 12.494293 0.787500 39.223629
v 13.404483 2.962500 39.143005
v 13.418503 3.000000 39.092922
v 12.618519 3.000000 39.097862
v 12.568829 2.962500 39.148167
v 13.404560 2.662500 39.155510
v 13.404483 2.962500 39.143005
v 12.568829 2.962500 39.148167
v 12.556405 2.662500 39.160744
v 13.418889 2.587501 39.155418
v 13.418581 2.625000 39.105423
v 12.606096 2.625000 39.110435
v 12.556405 2.587500 39.160744
v 13.418966 2.212501 39.167919
v 13.418657 2.250000 39.117920
v 12.593674 2.250000 39.123013
v 12.543983 2.212500 39.173321
v 13.419044 1.912501 39.180420
v 13.418966 2.212501 39.167919
v 12.543983 2.212500 39.173321
v 12.531561 1.912500 39.185898
v 13.418966 2.287500 39.167919
v 12.543983 2.287500 39.173321
v 12.593674 2.250000 39.123013
v 13.418657 2.250000 39.117920
v 13.419044 1.912501 39.180420
v 12.531561 1.912500 39.185898
v 12.581251 1.875000 39.135590
v 13.418736 1.875000 39.130421
v 13.419198 1.162501 39.205421
v 13.419121 1.462500 39.192921
v 12.519138 1.462500 39.198479
v 12.506716 1.162500 39.211052
v 13.419044 1.837500 39.180420
v 13.418736 1.875000 39.130421
v 12.581251 1.875000 39.135590
v 12.531561 1.837500 39.185898
v 13.420014 0.313567 39.337631
v 13.419622 0.375000 39.274117
v 12.438444 0.375000 39.280174
v 12.375321 0.313566 39.344078
v 13.419121 1.462500 39.192921
v 13.418812 1.500000 39.142921
v 12.568829 1.500000 39.148167
v 12.519138 1.462500 39.198479
v 13.419353 0.412501 39.230415
v 13.419275 0.712500 39.217918
v 12.494293 0.712500 39.223629
v 12.481871 0.412500 39.236206
v 13.419121 1.537501 39.192921
v 12.519138 1.537500 39.198479
v 12.568829 1.500000 39.148167
v 13.418812 1.500000 39.142921
v 13.419622 0.375000 39.274117
v 13.419044 0.375000 39.180420
v 13.419198 1.162501 39.205421
v 12.506716 1.162500 39.211052
v 12.556405 1.125000 39.160744
v 13.418889 1.125000 39.155418
v 13.419275 0.712500 39.217918
v 13.418966 0.750000 39.167919
v 12.543983 0.750000 39.173321
v 12.494293 0.712500 39.223629
v 13.420079 0.000000 39.348083
v 13.420014 0.313567 39.337631
v 12.375321 0.313566 39.344078
v 12.364934 0.000000 39.354595
v 13.418966 2.287500 39.167919
v 13.418889 2.587501 39.155418
v 12.556405 2.587500 39.160744
v 12.543983 2.287500 39.173321
v 13.419353 0.412501 39.230415
v 12.481871 0.412500 39.236206
v 12.531561 0.375000 39.185898
v 13.419044 0.375000 39.180420
v 13.419198 1.087500 39.205421
v 13.418889 1.125000 39.155418
v 12.556405 1.125000 39.160744
v 12.506716 1.087500 39.211052
v 13.419121 1.537501 39.192921
v 13.419044 1.837500 39.180420
v 12.531561 1.837500 39.185898
v 12.519138 1.537500 39.198479
v 12.601092 2.625000 38.300110
v 12.551279 2.662500 38.330421
v 12.563779 2.962500 38.330341
v 12.613592 3.000000 38.300034
v 12.432399 0.375000 38.301155
v 12.913587 0.375000 38.298180
v 12.913587 0.000000 38.298180
v 12.368884 0.313566 38.301544
v 12.913587 2.606250 38.298180
v 12.913587 3.000000 38.298180
v 12.913587 1.321875 38.298180
v 12.913587 0.576563 38.298180
v 12.358433 0.000000 38.301609
v 12.526094 0.375000 38.300575
v 12.476095 0.412500 38.300880
v 12.501095 1.087500 38.300728
v 12.913587 1.321875 38.298180
v 12.488594 0.712500 38.300804
v 12.526094 1.837500 38.300575
v 12.913587 2.062500 38.298180
v 12.513594 1.537500 38.300652
v 12.913587 1.321875 38.298180
v 12.501095 1.087500 38.300728
v 12.551093 1.125000 38.300423
v 12.501095 1.162500 38.300728
v 12.513594 1.462500 38.300652
v 12.563593 1.500000 38.300343
v 12.551093 2.587500 38.300423
v 12.913587 2.606250 38.298180
v 12.538593 2.287500 38.300499
v 12.913587 2.062500 38.298180
v 12.526094 1.837500 38.300575
v 12.576093 1.875000 38.300266
v 12.526094 1.912500 38.300575
v 12.538593 2.212500 38.300499
v 12.588593 2.250000 38.300186
v 12.613592 3.000000 38.300034
v 12.913587 3.000000 38.298180
v 12.601092 2.625000 38.300110
v 13.416664 3.000000 38.795082
v 13.416664 2.606251 38.795082
v 13.416664 1.321876 38.795082
v 13.416664 0.740626 38.795082
v 12.913587 0.375000 38.298180
v 12.913587 0.000000 38.298180
v 13.416664 0.378462 38.795082
v 12.913587 3.000000 38.298180
v 12.613592 3.000000 38.300034
v 12.916662 0.000000 38.798187
v 13.416664 0.378462 38.795082
v 13.416664 0.000000 38.795128
v 12.606449 3.030953 29.992617
v 12.656867 3.030953 30.730469
v 12.716964 3.068453 30.785889
v 12.652252 3.068453 29.928429
v 12.652252 3.068453 29.928429
v 12.716964 3.068453 30.785889
v 13.418392 3.068453 30.733061
v 13.353662 3.068453 29.875368
v 12.534554 0.375000 30.776655
v 12.627986 0.375000 30.769604
v 12.566695 0.375000 29.957470
v 12.473263 0.375000 29.964521
v 12.438791 -0.000000 29.874083
v 12.558171 0.328626 29.865072
v 12.605955 0.375000 29.861465
v 13.348385 0.000000 29.805433
v 12.572178 0.750000 29.864016
v 12.529384 0.400084 29.907505
v 12.514372 0.412500 29.928566
v 12.526836 0.712500 29.927628
v 12.572178 0.750000 29.864016
v 12.561254 0.421348 29.864840
v 12.561254 0.421348 29.864840
v 12.600386 2.994375 29.922077
v 12.645945 3.032148 29.858448
v 12.634501 2.625000 29.859312
v 12.589159 2.662500 29.922922
v 12.576694 2.212500 29.923862
v 12.622036 2.250000 29.860250
v 12.609571 1.875000 29.861193
v 12.564230 1.912500 29.924805
v 12.605522 1.087500 30.804152
v 12.659897 1.125000 30.860239
v 12.584642 1.125000 29.863073
v 12.539301 1.087500 29.926685
v 12.593058 0.712500 30.805092
v 12.647433 0.750000 30.861177
v 12.572178 0.750000 29.864016
v 12.526836 0.712500 29.927628
v 12.617987 1.462500 30.803211
v 12.672361 1.500000 30.859297
v 12.597107 1.500000 29.862133
v 12.551765 1.462500 29.925745
v 12.589159 2.662500 29.922922
v 12.661613 2.662500 30.799919
v 12.661613 2.995379 30.799919
v 12.656867 3.030953 30.730469
v 12.606449 3.030953 29.992617
v 12.600386 2.994375 29.922077
v 12.598597 0.400084 30.824600
v 12.580593 0.412500 30.806032
v 12.514372 0.412500 29.928566
v 12.529384 0.400084 29.907505
v 12.566695 0.375000 29.957470
v 12.627986 0.375000 30.769604
v 12.551765 1.462500 29.925745
v 12.597107 1.500000 29.862133
v 12.584642 1.125000 29.863073
v 12.539301 1.162500 29.926685
v 12.576694 2.212500 29.923862
v 12.642916 2.212500 30.801331
v 12.697291 2.250000 30.857416
v 12.622036 2.250000 29.860250
v 12.539301 1.087500 29.926685
v 12.584642 1.125000 29.863073
v 12.572178 0.750000 29.864016
v 12.526836 0.787500 29.927628
v 12.589159 2.587500 29.922922
v 12.634501 2.625000 29.859312
v 12.622036 2.250000 29.860250
v 12.576694 2.287500 29.923862
v 12.589159 2.587500 29.922922
v 12.655380 2.587500 30.800388
v 12.709755 2.625000 30.856474
v 12.634501 2.625000 29.859312
v 12.564230 1.837500 29.924805
v 12.630451 1.837500 30.802271
v 12.684826 1.875000 30.858356
v 12.609571 1.875000 29.861193
v 12.564230 1.837500 29.924805
v 12.609571 1.875000 29.861193
v 12.597107 1.500000 29.862133
v 12.551765 1.537500 29.925745
v 12.593058 0.787500 30.805092
v 12.526836 0.787500 29.927628
v 12.572178 0.750000 29.864016
v 12.647433 0.750000 30.861177
v 12.551765 1.537500 29.925745
v 12.597107 1.500000 29.862133
v 12.672361 1.500000 30.859297
v 12.617987 1.537500 30.803211
v 12.655380 2.587500 30.800388
v 12.589159 2.587500 29.922922
v 12.576694 2.287500 29.923862
v 12.642916 2.287500 30.801331
v 12.630451 1.837500 30.802271
v 12.564230 1.837500 29.924805
v 12.551765 1.537500 29.925745
v 12.617987 1.537500 30.803211
v 12.605522 1.087500 30.804152
v 12.539301 1.087500 29.926685
v 12.526836 0.787500 29.927628
v 12.593058 0.787500 30.805092
v 12.539301 1.162500 29.926685
v 12.584642 1.125000 29.863073
v 12.659897 1.125000 30.860239
v 12.605522 1.162500 30.804152
v 12.661613 2.662500 30.799919
v 12.589159 2.662500 29.922922
v 12.634501 2.625000 29.859312
v 12.709755 2.625000 30.856474
v 12.460796 0.000000 30.782223
v 12.399506 0.000000 29.970089
v 12.438791 -0.000000 29.874083
v 12.514047 0.000000 30.871244
v 12.661613 2.662500 30.799919
v 12.709755 2.625000 30.856474
v 12.721209 3.032487 30.855610
v 12.661613 2.995379 30.799919
v 12.642916 2.212500 30.801331
v 12.576694 2.212500 29.923862
v 12.564230 1.912500 29.924805
v 12.630451 1.912500 30.802271
v 12.605522 1.162500 30.804152
v 12.617987 1.462500 30.803211
v 12.551765 1.462500 29.925745
v 12.539301 1.162500 29.926685
v 12.593058 0.712500 30.805092
v 12.526836 0.712500 29.927628
v 12.514372 0.412500 29.928566
v 12.580593 0.412500 30.806032
v 13.348385 0.000000 29.805433
v 13.423639 0.000000 30.802599
v 12.471220 0.313566 30.781435
v 12.409927 0.313566 29.969301
v 12.399506 0.000000 29.970089
v 12.460796 0.000000 30.782223
v 12.576694 2.287500 29.923862
v 12.622036 2.250000 29.860250
v 12.697291 2.250000 30.857416
v 12.642916 2.287500 30.801331
v 12.564230 1.912500 29.924805
v 12.609571 1.875000 29.861193
v 12.684826 1.875000 30.858356
v 12.630451 1.912500 30.802271
v 12.473263 0.375000 29.964521
v 12.409927 0.313566 29.969301
v 12.471220 0.313566 30.781435
v 12.534554 0.375000 30.776655
v 12.523795 0.293274 30.870510
v 12.514047 0.000000 30.871244
v 12.633427 0.328626 30.862234
v 12.560242 0.328626 30.867758
v 12.676752 0.355133 30.858965
v 12.659897 1.125000 30.860239
v 12.672361 1.500000 30.859297
v 12.617987 1.462500 30.803211
v 12.605522 1.162500 30.804152
v 12.684826 1.875000 30.858356
v 12.697291 2.250000 30.857416
v 12.642916 2.212500 30.801331
v 12.630451 1.912500 30.802271
v 12.636509 0.421348 30.862001
v 12.697291 2.250000 30.857416
v 12.709755 2.625000 30.856474
v 12.655380 2.587500 30.800388
v 12.642916 2.287500 30.801331
v 12.647433 0.750000 30.861177
v 12.659897 1.125000 30.860239
v 12.605522 1.087500 30.804152
v 12.593058 0.787500 30.805092
v 12.672361 1.500000 30.859297
v 12.684826 1.875000 30.858356
v 12.630451 1.837500 30.802271
v 12.617987 1.537500 30.803211
v 12.647433 0.750000 30.861177
v 12.593058 0.712500 30.805092
v 12.580593 0.412500 30.806032
v 12.598597 0.400084 30.824600
v 12.636509 0.421348 30.862001
v 12.399506 0.000000 29.970089
v 12.409927 0.313566 29.969301
v 12.448540 0.293274 29.873346
v 12.438791 -0.000000 29.874083
v 12.566695 0.375000 29.957470
v 12.558171 0.328626 29.865072
v 12.484985 0.328626 29.870594
v 12.473263 0.375000 29.964521
v 12.460796 0.000000 30.782223
v 12.514047 0.000000 30.871244
v 12.523795 0.293274 30.870510
v 12.471220 0.313566 30.781435
v 12.471220 0.313566 30.781435
v 12.523795 0.293274 30.870510
v 12.560242 0.328626 30.867758
v 12.534554 0.375000 30.776655
v 12.560242 0.328626 30.867758
v 12.633427 0.328626 30.862234
v 12.627986 0.375000 30.769604
v 12.534554 0.375000 30.776655
v 12.448540 0.293274 29.873346
v 12.484985 0.328626 29.870594
v 13.348385 3.032253 29.805433
v 12.645945 3.032148 29.858448
v 12.652252 3.068453 29.928429
v 13.353662 3.068453 29.875368
v 12.652252 3.068453 29.928429
v 12.645945 3.032148 29.858448
v 12.600386 2.994375 29.922077
v 12.606449 3.030953 29.992617
v 12.661613 2.995379 30.799919
v 12.721209 3.032487 30.855610
v 12.716964 3.068453 30.785889
v 12.656867 3.030953 30.730469
v 13.423640 3.035028 30.802610
v 13.418392 3.068453 30.733061
v 12.716964 3.068453 30.785889
v 12.721209 3.032487 30.855610
v 10.829623 3.030953 17.780128
v 10.880041 3.030953 18.517979
v 10.940138 3.068453 18.573399
v 10.875425 3.068453 17.715940
v 10.875425 3.068453 17.715940
v 10.940138 3.068453 18.573399
v 11.641565 3.068453 18.520573
v 11.576836 3.068453 17.662880
v 10.757729 0.375000 18.564167
v 10.851160 0.375000 18.557116
v 10.789869 0.375000 17.744982
v 10.696438 0.375000 17.752033
v 10.661965 -0.000000 17.661592
v 10.781345 0.328626 17.652582
v 10.829128 0.375000 17.648975
v 10.752558 0.400084 17.695017
v 10.737545 0.412500 17.716080
v 10.750010 0.712500 17.715137
v 10.795352 0.750000 17.651525
v 10.784428 0.421348 17.652349
v 10.784428 0.421348 17.652349
v 10.823560 2.994375 17.709587
v 10.869118 3.032148 17.645958
v 10.857674 2.625000 17.646822
v 10.812333 2.662500 17.710434
v 10.799868 2.212500 17.711376
v 10.845210 2.250000 17.647762
v 10.832745 1.875000 17.648703
v 10.787403 1.912500 17.712317
v 10.762474 1.087500 17.714197
v 10.828696 1.087500 18.591661
v 10.883071 1.125000 18.647749
v 10.807816 1.125000 17.650585
v 10.816232 0.712500 18.592602
v 10.870607 0.750000 18.648689
v 10.795352 0.750000 17.651525
v 10.750010 0.712500 17.715137
v 10.841161 1.462500 18.590721
v 10.895536 1.500000 18.646809
v 10.820280 1.500000 17.649645
v 10.774939 1.462500 17.713257
v 10.812333 2.662500 17.710434
v 10.884787 2.662500 18.587429
v 10.884787 2.995379 18.587429
v 10.880041 3.030953 18.517979
v 10.829623 3.030953 17.780128
v 10.823560 2.994375 17.709587
v 10.821770 0.400084 18.612114
v 10.803767 0.412500 18.593544
v 10.737545 0.412500 17.716080
v 10.752558 0.400084 17.695017
v 10.789869 0.375000 17.744982
v 10.851160 0.375000 18.557116
v 10.774939 1.462500 17.713257
v 10.820280 1.500000 17.649645
v 10.807816 1.125000 17.650585
v 10.762474 1.162500 17.714197
v 10.799868 2.212500 17.711376
v 10.866090 2.212500 18.588840
v 10.920465 2.250000 18.644926
v 10.845210 2.250000 17.647762
v 10.762474 1.087500 17.714197
v 10.807816 1.125000 17.650585
v 10.795352 0.750000 17.651525
v 10.750010 0.787500 17.715137
v 10.812333 2.587500 17.710434
v 10.857674 2.625000 17.646822
v 10.845210 2.250000 17.647762
v 10.799868 2.287500 17.711376
v 10.878555 2.587500 18.587898
v 10.932929 2.625000 18.643986
v 10.857674 2.625000 17.646822
v 10.812333 2.587500 17.710434
v 10.787403 1.837500 17.712317
v 10.853625 1.837500 18.589781
v 10.908001 1.875000 18.645866
v 10.832745 1.875000 17.648703
v 10.787403 1.837500 17.712317
v 10.832745 1.875000 17.648703
v 10.820280 1.500000 17.649645
v 10.774939 1.537500 17.713257
v 10.750010 0.787500 17.715137
v 10.795352 0.750000 17.651525
v 10.870607 0.750000 18.648689
v 10.816232 0.787500 18.592602
v 10.841161 1.537500 18.590721
v 10.774939 1.537500 17.713257
v 10.820280 1.500000 17.649645
v 10.895536 1.500000 18.646809
v 10.878555 2.587500 18.587898
v 10.812333 2.587500 17.710434
v 10.799868 2.287500 17.711376
v 10.866090 2.287500 18.588840
v 10.853625 1.837500 18.589781
v 10.787403 1.837500 17.712317
v 10.774939 1.537500 17.713257
v 10.841161 1.537500 18.590721
v 10.816232 0.787500 18.592602
v 10.828696 1.087500 18.591661
v 10.762474 1.087500 17.714197
v 10.750010 0.787500 17.715137
v 10.762474 1.162500 17.714197
v 10.807816 1.125000 17.650585
v 10.883071 1.125000 18.647749
v 10.828696 1.162500 18.591661
v 10.884787 2.662500 18.587429
v 10.812333 2.662500 17.710434
v 10.857674 2.625000 17.646822
v 10.932929 2.625000 18.643986
v 10.683971 0.000000 18.569733
v 10.622679 0.000000 17.757599
v 10.661965 -0.000000 17.661592
v 10.737221 0.000000 18.658756
v 10.884787 2.662500 18.587429
v 10.932929 2.625000 18.643986
v 10.944384 3.032487 18.643122
v 10.884787 2.995379 18.587429
v 10.853625 1.912500 18.589781
v 10.866090 2.212500 18.588840
v 10.799868 2.212500 17.711376
v 10.787403 1.912500 17.712317
v 10.841161 1.462500 18.590721
v 10.774939 1.462500 17.713257
v 10.762474 1.162500 17.714197
v 10.828696 1.162500 18.591661
v 10.803767 0.412500 18.593544
v 10.816232 0.712500 18.592602
v 10.750010 0.712500 17.715137
v 10.737545 0.412500 17.716080
v 11.571558 0.000000 17.592945
v 11.646814 0.000000 18.590109
v 10.694393 0.313566 18.568947
v 10.633102 0.313566 17.756813
v 10.622679 0.000000 17.757599
v 10.683971 0.000000 18.569733
v 10.799868 2.287500 17.711376
v 10.845210 2.250000 17.647762
v 10.920465 2.250000 18.644926
v 10.866090 2.287500 18.588840
v 10.787403 1.912500 17.712317
v 10.832745 1.875000 17.648703
v 10.908001 1.875000 18.645866
v 10.853625 1.912500 18.589781
v 10.696438 0.375000 17.752033
v 10.633102 0.313566 17.756813
v 10.694393 0.313566 18.568947
v 10.757729 0.375000 18.564167
v 10.746969 0.293274 18.658020
v 10.737221 0.000000 18.658756
v 10.856601 0.328626 18.649746
v 10.783415 0.328626 18.655270
v 10.899925 0.355133 18.646477
v 10.883071 1.125000 18.647749
v 10.895536 1.500000 18.646809
v 10.841161 1.462500 18.590721
v 10.828696 1.162500 18.591661
v 10.908001 1.875000 18.645866
v 10.920465 2.250000 18.644926
v 10.866090 2.212500 18.588840
v 10.853625 1.912500 18.589781
v 10.859682 0.421348 18.649513
v 10.920465 2.250000 18.644926
v 10.932929 2.625000 18.643986
v 10.878555 2.587500 18.587898
v 10.866090 2.287500 18.588840
v 10.870607 0.750000 18.648689
v 10.883071 1.125000 18.647749
v 10.828696 1.087500 18.591661
v 10.816232 0.787500 18.592602
v 10.895536 1.500000 18.646809
v 10.908001 1.875000 18.645866
v 10.853625 1.837500 18.589781
v 10.841161 1.537500 18.590721
v 10.870607 0.750000 18.648689
v 10.816232 0.712500 18.592602
v 10.803767 0.412500 18.593544
v 10.821770 0.400084 18.612114
v 10.859682 0.421348 18.649513
v 10.622679 0.000000 17.757599
v 10.633102 0.313566 17.756813
v 10.671713 0.293274 17.660856
v 10.661965 -0.000000 17.661592
v 10.789869 0.375000 17.744982
v 10.781345 0.328626 17.652582
v 10.708160 0.328626 17.658106
v 10.696438 0.375000 17.752033
v 10.683971 0.000000 18.569733
v 10.737221 0.000000 18.658756
v 10.746969 0.293274 18.658020
v 10.694393 0.313566 18.568947
v 10.694393 0.313566 18.568947
v 10.746969 0.293274 18.658020
v 10.783415 0.328626 18.655270
v 10.757729 0.375000 18.564167
v 10.783415 0.328626 18.655270
v 10.856601 0.328626 18.649746
v 10.851160 0.375000 18.557116
v 10.757729 0.375000 18.564167
v 10.671713 0.293274 17.660856
v 10.708160 0.328626 17.658106
v 11.571558 3.032257 17.592945
v 10.869118 3.032148 17.645958
v 10.875425 3.068453 17.715940
v 11.576836 3.068453 17.662880
v 10.875425 3.068453 17.715940
v 10.869118 3.032148 17.645958
v 10.823560 2.994375 17.709587
v 10.829623 3.030953 17.780128
v 10.884787 2.995379 18.587429
v 10.944384 3.032487 18.643122
v 10.940138 3.068453 18.573399
v 10.880041 3.030953 18.517979
v 11.646814 3.035029 18.590120
v 11.641565 3.068453 18.520573
v 10.940138 3.068453 18.573399
v 10.944384 3.032487 18.643122
v 10.869118 3.032148 17.645958
v 11.571558 3.032257 17.592945
v 10.519363 2.250000 4.976442
v 10.469055 2.287500 4.926752
v 11.341881 2.287500 4.921362
v 11.342189 2.250000 4.971362
v 10.362206 0.375000 4.821213
v 11.341225 0.375000 4.815167
v 11.340832 0.313566 4.751653
v 10.298298 0.313566 4.758090
v 10.431325 1.087500 4.889484
v 11.341648 1.087500 4.883863
v 11.341572 0.787500 4.871363
v 10.418748 0.787500 4.877062
v 10.418748 0.712500 4.877062
v 11.341572 0.712500 4.871363
v 11.341495 0.412500 4.858863
v 10.406172 0.412500 4.864639
v 10.456479 0.375000 4.914329
v 10.406172 0.412500 4.864639
v 11.341495 0.412500 4.858863
v 11.341803 0.375000 4.908863
v 10.456479 1.837500 4.914329
v 11.341803 1.837500 4.908863
v 11.341726 1.537500 4.896363
v 10.443902 1.537500 4.901906
v 10.481633 1.125000 4.939175
v 11.341957 1.125000 4.933862
v 11.341648 1.087500 4.883863
v 10.431325 1.087500 4.889484
v 10.443902 1.462500 4.901906
v 11.341726 1.462500 4.896363
v 11.341648 1.162500 4.883863
v 10.431325 1.162500 4.889484
v 10.531940 2.625000 4.988865
v 11.342266 2.625000 4.983861
v 11.341957 2.587500 4.933862
v 10.481633 2.587500 4.939175
v 10.481633 2.587500 4.939175
v 11.341957 2.587500 4.933862
v 11.341881 2.287500 4.921362
v 10.469055 2.287500 4.926752
v 10.469055 2.212500 4.926752
v 11.341881 2.212500 4.921362
v 11.341803 1.912500 4.908863
v 10.456479 1.912500 4.914329
v 10.469055 0.750000 4.926752
v 11.341881 0.750000 4.921362
v 11.341572 0.712500 4.871363
v 10.418748 0.712500 4.877062
v 10.481633 1.125000 4.939175
v 10.431325 1.162500 4.889484
v 11.341648 1.162500 4.883863
v 11.341957 1.125000 4.933862
v 10.494209 2.962500 4.951597
v 11.312036 2.962500 4.946548
v 11.311958 2.662500 4.934047
v 10.481633 2.662500 4.939175
v 10.494209 1.500000 4.951597
v 11.342035 1.500000 4.946362
v 11.341726 1.462500 4.896363
v 10.443902 1.462500 4.901906
v 10.506786 1.875000 4.964019
v 11.342112 1.875000 4.958861
v 11.341803 1.837500 4.908863
v 10.456479 1.837500 4.914329
v 10.531940 2.625000 4.988865
v 10.481633 2.662500 4.939175
v 11.311958 2.662500 4.934047
v 11.342266 2.625000 4.983861
v 10.456479 0.375000 4.914329
v 11.341803 0.375000 4.908863
v 11.341225 0.375000 4.815167
v 10.362206 0.375000 4.821213
v 10.544518 3.000000 5.001287
v 11.342343 3.000000 4.996361
v 11.312036 2.962500 4.946548
v 10.494209 2.962500 4.951597
v 10.298298 0.313566 4.758090
v 11.340832 0.313566 4.751653
v 11.340768 0.000000 4.741201
v 10.287783 0.000000 4.747703
v 10.494209 1.500000 4.951597
v 10.443902 1.537500 4.901906
v 11.341726 1.537500 4.896363
v 11.342035 1.500000 4.946362
v 10.519363 2.250000 4.976442
v 11.342189 2.250000 4.971362
v 11.341881 2.212500 4.921362
v 10.469055 2.212500 4.926752
v 10.506786 1.875000 4.964019
v 10.456479 1.912500 4.914329
v 11.341803 1.912500 4.908863
v 11.342112 1.875000 4.958861
v 10.469055 0.750000 4.926752
v 10.418748 0.787500 4.877062
v 11.341572 0.787500 4.871363
v 11.341881 0.750000 4.921362
v 10.486870 2.662500 5.787328
v 10.481633 2.662500 4.939175
v 10.531940 2.625000 4.988865
v 10.536958 2.625000 5.801349
v 10.424459 0.787501 5.802044
v 10.418748 0.787500 4.877062
v 10.469055 0.750000 4.926752
v 10.474459 0.750000 5.801735
v 10.424459 0.787501 5.802044
v 10.436959 1.087500 5.801967
v 10.431325 1.087500 4.889484
v 10.418748 0.787500 4.877062
v 10.499369 2.962500 5.787251
v 10.549458 3.000000 5.801272
v 10.544518 3.000000 5.001287
v 10.494209 2.962500 4.951597
v 10.486870 2.662500 5.787328
v 10.499369 2.962500 5.787251
v 10.494209 2.962500 4.951597
v 10.481633 2.662500 4.939175
v 10.486959 2.587501 5.801658
v 10.536958 2.625000 5.801349
v 10.531940 2.625000 4.988865
v 10.481633 2.587500 4.939175
v 10.474459 2.212501 5.801735
v 10.524458 2.250000 5.801426
v 10.519363 2.250000 4.976442
v 10.469055 2.212500 4.926752
v 10.461959 1.912501 5.801812
v 10.474459 2.212501 5.801735
v 10.469055 2.212500 4.926752
v 10.456479 1.912500 4.914329
v 10.474459 2.287500 5.801735
v 10.469055 2.287500 4.926752
v 10.519363 2.250000 4.976442
v 10.524458 2.250000 5.801426
v 10.461959 1.912501 5.801812
v 10.456479 1.912500 4.914329
v 10.506786 1.875000 4.964019
v 10.511958 1.875000 5.801504
v 10.436959 1.162501 5.801967
v 10.449459 1.462500 5.801889
v 10.443902 1.462500 4.901906
v 10.431325 1.162500 4.889484
v 10.461959 1.837500 5.801812
v 10.511958 1.875000 5.801504
v 10.506786 1.875000 4.964019
v 10.456479 1.837500 4.914329
v 10.304749 0.313567 5.802783
v 10.368263 0.375000 5.802391
v 10.362206 0.375000 4.821213
v 10.298298 0.313566 4.758090
v 10.449459 1.462500 5.801889
v 10.499458 1.500000 5.801581
v 10.494209 1.500000 4.951597
v 10.443902 1.462500 4.901906
v 10.411961 0.412501 5.802121
v 10.424459 0.712500 5.802044
v 10.418748 0.712500 4.877062
v 10.406172 0.412500 4.864639
v 10.449459 1.537501 5.801889
v 10.443902 1.537500 4.901906
v 10.494209 1.500000 4.951597
v 10.499458 1.500000 5.801581
v 10.368263 0.375000 5.802391
v 10.461959 0.375000 5.801812
v 10.436959 1.162501 5.801967
v 10.431325 1.162500 4.889484
v 10.481633 1.125000 4.939175
v 10.486959 1.125000 5.801658
v 10.424459 0.712500 5.802044
v 10.474459 0.750000 5.801735
v 10.469055 0.750000 4.926752
v 10.418748 0.712500 4.877062
v 10.294297 0.000000 5.802847
v 10.304749 0.313567 5.802783
v 10.298298 0.313566 4.758090
v 10.287783 0.000000 4.747703
v 10.474459 2.287500 5.801735
v 10.486959 2.587501 5.801658
v 10.481633 2.587500 4.939175
v 10.469055 2.287500 4.926752
v 10.411961 0.412501 5.802121
v 10.406172 0.412500 4.864639
v 10.456479 0.375000 4.914329
v 10.461959 0.375000 5.801812
v 10.436959 1.087500 5.801967
v 10.486959 1.125000 5.801658
v 10.481633 1.125000 4.939175
v 10.431325 1.087500 4.889484
v 10.449459 1.537501 5.801889
v 10.461959 1.837500 5.801812
v 10.456479 1.837500 4.914329
v 10.443902 1.537500 4.901906
v 11.342266 2.625000 4.983861
v 11.311958 2.662500 4.934047
v 11.312036 2.962500 4.946548
v 11.342343 3.000000 4.996361
v 10.536958 2.625000 5.801349
v 10.549458 3.000000 5.801272
v 10.499369 2.962500 5.787251
v 10.486870 2.662500 5.787328
v 11.341225 0.375000 4.815167
v 11.344196 0.375000 5.296355
v 11.344196 0.000000 5.296355
v 11.340832 0.313566 4.751653
v 11.344196 2.606250 5.296355
v 11.344196 3.000000 5.296355
v 11.344196 1.321875 5.296355
v 11.344196 0.576563 5.296355
v 11.340768 0.000000 4.741201
v 11.341803 0.375000 4.908863
v 11.341495 0.412500 4.858863
v 11.341648 1.087500 4.883863
v 11.341572 0.712500 4.871363
v 11.341803 1.837500 4.908863
v 11.341726 1.462500 4.896363
v 11.341957 2.587500 4.933862
v 11.344196 2.606250 5.296355
v 11.341881 2.212500 4.921362
v 11.342343 3.000000 4.996361
v 11.344196 3.000000 5.296355
v 11.342266 2.625000 4.983861
v 10.847253 0.000000 5.799433
v 10.294297 0.000000 5.802847
v 10.847294 3.000001 5.799433
v 10.847295 2.428125 5.799433
v 10.847295 1.218750 5.799433
v 10.847294 0.369699 5.799433
v 11.344196 0.375000 5.296355
v 11.344196 0.000000 5.296355
v 10.474459 2.212501 5.801735
v 10.411961 0.412501 5.802121
v 10.424459 0.712500 5.802044
v 10.436959 1.087500 5.801967
v 10.449459 1.462500 5.801889
v 10.461959 1.837500 5.801812
v 11.344196 3.000000 5.296355
v 11.342343 3.000000 4.996361
v 10.486959 2.587501 5.801658
v 10.549458 3.000000 5.801272
v 10.844191 0.000000 5.299431
v 10.847294 0.369699 5.799433
v 10.847253 0.000000 5.799433
v 23.156452 1.125000 -19.571453
v 23.161182 -0.000000 -18.805553
v 23.156374 0.750000 -19.583954
v 23.156528 1.500000 -19.558954
v 23.156607 1.875000 -19.546453
v 23.156683 2.250000 -19.533955
v 23.156761 2.625000 -19.521454
v 22.161190 3.035029 -18.799381
v 22.156851 3.032487 -19.503794
v 22.156780 2.625000 -19.515280
v 22.156626 1.875000 -19.540279
v 22.156548 1.500000 -19.552780
v 22.161201 0.000000 -18.799379
v 22.156702 2.250000 -19.527781
v 22.156471 1.125000 -19.565279
v 22.156393 0.750000 -19.577780
v 23.062550 0.313566 -19.753090
v 23.062943 0.375000 -19.689575
v 23.155834 0.328626 -19.671391
v 23.155609 0.293274 -19.707941
v 23.063520 0.375000 -19.595881
v 23.156307 0.421348 -19.594908
v 23.156584 0.375000 -19.550079
v 22.156326 0.421348 -19.588734
v 22.249094 0.375000 -19.590851
v 22.156574 0.355133 -19.548378
v 22.196259 0.400084 -19.623972
v 22.249094 0.375000 -19.590851
v 22.156326 0.421348 -19.588734
v 22.249094 0.375000 -19.590851
v 22.156307 0.328626 -19.591824
v 22.156574 0.355133 -19.548378
v 23.156584 0.375000 -19.550079
v 23.156288 0.328626 -19.598000
v 23.063520 0.375000 -19.595881
v 23.063520 0.375000 -19.595881
v 23.115944 0.400084 -19.629650
v 23.156307 0.421348 -19.594908
v 34.879021 0.000000 -19.564806
v 34.882095 3.000000 -19.064802
v 34.879009 3.000000 -19.564791
v 34.879009 3.000000 -19.564791
v 34.377182 3.000000 -19.859541
v 34.379021 3.000000 -19.561703
v 34.376717 0.750000 -19.934540
v 34.379021 0.740626 -19.561703
v 34.376411 0.787501 -19.984539
v 34.376797 1.125000 -19.922039
v 34.379021 1.321876 -19.561703
v 34.376488 1.162501 -19.972038
v 34.376873 1.500000 -19.909540
v 34.379021 1.321876 -19.561703
v 34.376564 1.537501 -19.959539
v 34.376953 1.875000 -19.897039
v 34.379021 2.062500 -19.561703
v 34.376640 1.912501 -19.947039
v 34.377029 2.250000 -19.884541
v 34.376717 2.287500 -19.934540
v 34.376060 0.375000 -20.040733
v 34.375671 0.313567 -20.104248
v 34.376640 0.375000 -19.947039
v 34.379021 0.377378 -19.561703
v 34.375607 0.000000 -20.114700
v 34.879021 0.000000 -19.564806
v 34.379021 0.000000 -19.561745
v 35.177166 3.000000 -19.864481
v 11.063129 0.375000 3.505045
v 10.581942 0.375000 3.508017
v 10.675637 0.375000 3.507437
v 11.063129 0.679688 3.505045
v 10.688137 0.750000 3.507360
v 10.638138 0.787500 3.507669
v 11.063129 1.098299 3.505045
v 10.700636 1.125000 3.507282
v 10.650638 1.162500 3.507593
v 11.063129 1.696875 3.505045
v 10.713137 1.500000 3.507206
v 10.663137 1.537500 3.507515
v 11.063129 1.696875 3.505045
v 10.725636 1.875000 3.507128
v 10.675637 1.912500 3.507437
v 11.063129 2.432813 3.505045
v 10.738136 2.250000 3.507051
v 10.688137 2.287500 3.507360
v 11.066217 3.000000 4.005033
v 11.566208 3.000000 4.001945
v 11.066217 0.000000 4.005037
v 11.568047 3.000000 4.299784
v 11.066217 3.000000 4.005033
v 10.768062 3.000000 4.304724
v 10.748878 1.125000 -7.993906
v 11.514776 0.000000 -7.998635
v 10.736378 0.750000 -7.993829
v 10.761377 1.500000 -7.993983
v 10.773877 1.875000 -7.994060
v 10.786377 2.250000 -7.994137
v 10.798876 2.625000 -7.994215
v 11.520951 3.035029 -6.998643
v 10.816537 3.032487 -6.994305
v 10.805052 2.625000 -6.994234
v 10.780052 1.875000 -6.994079
v 10.767551 1.500000 -6.994002
v 11.520952 0.000000 -6.998654
v 10.792551 2.250000 -6.994156
v 10.755053 1.125000 -6.993925
v 10.742552 0.750000 -6.993848
v 10.567241 0.313566 -7.900004
v 10.630754 0.375000 -7.900396
v 10.648939 0.328626 -7.993289
v 10.612391 0.293274 -7.993063
v 10.724451 0.375000 -7.900975
v 10.725423 0.421348 -7.993761
v 10.770250 0.375000 -7.994038
v 10.731598 0.421348 -6.993780
v 10.729479 0.375000 -7.086547
v 10.771954 0.355133 -6.994029
v 10.696360 0.400084 -7.033711
v 10.729479 0.375000 -7.086547
v 10.731598 0.421348 -6.993780
v 10.729479 0.375000 -7.086547
v 10.728506 0.328626 -6.993761
v 10.771954 0.355133 -6.994029
v 10.770250 0.375000 -7.994038
v 10.722332 0.328626 -7.993742
v 10.724451 0.375000 -7.900975
v 10.724451 0.375000 -7.900975
v 10.690681 0.400084 -7.953397
v 10.725423 0.421348 -7.993761
v 10.789228 1.125000 -11.903382
v 11.549192 0.000000 -11.808102
v 10.776825 0.750000 -11.904938
v 10.801631 1.500000 -11.901827
v 10.814034 1.875000 -11.900272
v 10.826437 2.250000 -11.898717
v 10.838840 2.625000 -11.897162
v 11.424789 3.035029 -10.815859
v 10.725835 3.032487 -10.903502
v 10.714437 2.625000 -10.904930
v 10.689632 1.875000 -10.908041
v 10.677229 1.500000 -10.909595
v 11.424791 0.000000 -10.815870
v 10.702035 2.250000 -10.906486
v 10.664826 1.125000 -10.911151
v 10.652424 0.750000 -10.912706
v 10.659911 0.375000 -11.826091
v 10.690065 0.328626 -11.915815
v 10.653799 0.293274 -11.920362
v 10.596889 0.313566 -11.833992
v 10.752880 0.375000 -11.814435
v 10.765955 0.421348 -11.906300
v 10.810436 0.375000 -11.900723
v 10.641554 0.421348 -10.914068
v 10.651562 0.375000 -11.006318
v 10.681597 0.355133 -10.909048
v 10.611829 0.400084 -10.958258
v 10.651562 0.375000 -11.006318
v 10.641554 0.421348 -10.914068
v 10.651562 0.375000 -11.006318
v 10.638487 0.328626 -10.914453
v 10.681597 0.355133 -10.909048
v 10.810436 0.375000 -11.900723
v 10.762888 0.328626 -11.906685
v 10.752880 0.375000 -11.814435
v 10.752880 0.375000 -11.814435
v 10.726242 0.400084 -11.870817
v 10.765955 0.421348 -11.906300
v 12.028092 1.125000 -15.882994
v 12.693747 0.000000 -15.504139
v 12.017229 0.750000 -15.889176
v 12.038956 1.500000 -15.876810
v 12.049820 1.875000 -15.870627
v 12.060684 2.250000 -15.864445
v 12.071548 2.625000 -15.858261
v 12.199097 3.035029 -14.635034
v 11.586887 3.032487 -14.983484
v 11.576904 2.625000 -14.989165
v 11.555177 1.875000 -15.001532
v 11.544313 1.500000 -15.007714
v 12.199102 0.000000 -14.635043
v 11.566040 2.250000 -14.995348
v 11.533449 1.125000 -15.013898
v 11.522585 0.750000 -15.020081
v 11.823840 0.313566 -15.892490
v 11.879042 0.375000 -15.861073
v 11.941236 0.328626 -15.932428
v 11.909470 0.293274 -15.950507
v 11.960473 0.375000 -15.814726
v 12.007708 0.421348 -15.894595
v 12.046669 0.375000 -15.872421
v 11.513064 0.421348 -15.025499
v 11.557614 0.375000 -15.106897
v 11.548140 0.355133 -15.005537
v 11.502513 0.400084 -15.077700
v 11.557614 0.375000 -15.106897
v 11.513064 0.421348 -15.025499
v 11.557614 0.375000 -15.106897
v 11.510378 0.328626 -15.027028
v 11.548140 0.355133 -15.005537
v 12.046669 0.375000 -15.872421
v 12.005022 0.328626 -15.896124
v 11.960473 0.375000 -15.814726
v 11.960473 0.375000 -15.814726
v 11.957438 0.400084 -15.877010
v 12.007708 0.421348 -15.894595
v 14.726622 0.000000 -18.208054
v 15.210392 0.937500 -18.081612
v 14.726642 3.000000 -18.208036
v 15.210392 0.375000 -18.081612
v 15.332063 0.375000 -18.547173
v 15.308372 0.375000 -18.456520
v 15.210392 0.375000 -18.081612
v 15.308372 0.375000 -18.456520
v 15.321014 0.412500 -18.504896
v 15.210392 0.937500 -18.081612
v 15.305211 0.750000 -18.444427
v 15.317854 0.787500 -18.492802
v 15.302051 1.125000 -18.432333
v 15.314693 1.162500 -18.480709
v 15.210392 1.509375 -18.081612
v 15.298890 1.500000 -18.420238
v 15.311533 1.537500 -18.468615
v 15.210392 2.120505 -18.081612
v 15.295730 1.875000 -18.408146
v 15.308372 1.912500 -18.456520
v 15.292568 2.250000 -18.396051
v 15.305211 2.287500 -18.444427
v 14.726642 3.000000 -18.208036
v 14.600216 0.923438 -17.724283
v 14.726622 0.000000 -18.208054
v 14.726642 3.000000 -18.208036
v 14.312052 3.000000 -17.799593
v 14.600216 3.000000 -17.724283
v 15.210392 0.000000 -18.081612
v 15.210392 0.375000 -18.081612
v 14.239489 0.750000 -17.818558
v 14.600216 0.923438 -17.724283
v 14.191113 0.787501 -17.831200
v 14.263677 1.500000 -17.812237
v 14.600216 1.335938 -17.724283
v 14.215302 1.537501 -17.824879
v 14.275770 1.875000 -17.809074
v 14.600216 2.062500 -17.724283
v 14.227395 1.912501 -17.821718
v 14.287864 2.250000 -17.805916
v 14.239489 2.287500 -17.818558
v 14.136743 0.375000 -17.845409
v 14.075291 0.313567 -17.861469
v 14.227395 0.375000 -17.821718
v 14.600217 0.377387 -17.724283
v 14.726622 0.000000 -18.208054
v 14.600217 0.377387 -17.724283
v 14.600176 0.000000 -17.724295
v 14.065179 0.000000 -17.864113
v 14.726622 0.000000 -18.208054
v 14.600176 0.000000 -17.724295
v 14.514332 3.000000 -18.573599
v 19.238615 1.125000 -19.610443
v 19.343275 0.000000 -18.851713
v 19.236908 0.750000 -19.622826
v 19.240324 1.500000 -19.598061
v 19.242031 1.875000 -19.585678
v 19.243740 2.250000 -19.573296
v 19.245447 2.625000 -19.560913
v 18.352644 3.035029 -18.715067
v 18.256397 3.032487 -19.412888
v 18.254827 2.625000 -19.424267
v 18.251411 1.875000 -19.449032
v 18.249704 1.500000 -19.461414
v 18.352655 0.000000 -18.715069
v 18.253120 2.250000 -19.436649
v 18.247995 1.125000 -19.473799
v 18.246288 0.750000 -19.486181
v 19.130487 0.375000 -19.715349
v 19.224958 0.328626 -19.709446
v 19.219965 0.293274 -19.745651
v 19.121809 0.313566 -19.778269
v 19.143291 0.375000 -19.622532
v 19.235411 0.421348 -19.633678
v 19.241535 0.375000 -19.589272
v 18.244791 0.421348 -19.497032
v 18.336487 0.375000 -19.511242
v 18.250305 0.355133 -19.457054
v 18.279781 0.400084 -19.537182
v 18.336487 0.375000 -19.511242
v 18.244791 0.421348 -19.497032
v 18.336487 0.375000 -19.511242
v 18.244368 0.328626 -19.500095
v 18.250305 0.355133 -19.457054
v 19.241535 0.375000 -19.589272
v 19.234989 0.328626 -19.636740
v 19.143291 0.375000 -19.622532
v 19.143291 0.375000 -19.622532
v 19.190857 0.400084 -19.662855
v 19.235411 0.421348 -19.633678
v 23.025711 3.030953 -19.558649
v 22.286140 3.030953 -19.559336
v 22.226702 3.068453 -19.503212
v 23.086582 3.068453 -19.508522
v 23.086582 3.068453 -19.508522
v 22.226702 3.068453 -19.503212
v 22.230934 3.068453 -18.799810
v 23.091051 3.068453 -18.805120
v 22.248514 0.375000 -19.684547
v 22.249094 0.375000 -19.590851
v 23.063520 0.375000 -19.595881
v 23.062943 0.375000 -19.689575
v 23.155548 -0.000000 -19.717716
v 23.156288 0.328626 -19.598000
v 23.156584 0.375000 -19.550079
v 23.115944 0.400084 -19.629650
v 23.095970 0.412500 -19.646082
v 23.096046 0.712500 -19.633581
v 23.156374 0.750000 -19.583954
v 23.156307 0.421348 -19.594908
v 23.156307 0.421348 -19.594908
v 23.096502 2.994375 -19.559824
v 23.156832 3.032148 -19.509979
v 23.156761 2.625000 -19.521454
v 23.096432 2.662500 -19.571083
v 23.096355 2.212500 -19.583584
v 23.156683 2.250000 -19.533955
v 23.156607 1.875000 -19.546453
v 23.096279 1.912500 -19.596083
v 22.216181 1.087500 -19.615648
v 22.156471 1.125000 -19.565279
v 23.156452 1.125000 -19.571453
v 23.096125 1.087500 -19.621082
v 22.216105 0.712500 -19.628149
v 22.156393 0.750000 -19.577780
v 23.156374 0.750000 -19.583954
v 23.096046 0.712500 -19.633581
v 22.216259 1.462500 -19.603149
v 22.156548 1.500000 -19.552780
v 23.156528 1.500000 -19.558954
v 23.096201 1.462500 -19.608582
v 23.096432 2.662500 -19.571083
v 22.216528 2.662500 -19.559401
v 22.216528 2.995379 -19.559401
v 22.286140 3.030953 -19.559336
v 23.025711 3.030953 -19.558649
v 23.096502 2.994375 -19.559824
v 22.196259 0.400084 -19.623972
v 22.216026 0.412500 -19.640648
v 23.095970 0.412500 -19.646082
v 23.115944 0.400084 -19.629650
v 23.063520 0.375000 -19.595881
v 22.249094 0.375000 -19.590851
v 23.096201 1.462500 -19.608582
v 23.156528 1.500000 -19.558954
v 23.156452 1.125000 -19.571453
v 23.096125 1.162500 -19.621082
v 22.216412 2.212500 -19.578150
v 22.156702 2.250000 -19.527781
v 23.156683 2.250000 -19.533955
v 23.096355 2.212500 -19.583584
v 23.096125 1.087500 -19.621082
v 23.156452 1.125000 -19.571453
v 23.156374 0.750000 -19.583954
v 23.096046 0.787500 -19.633581
v 23.096432 2.587500 -19.571083
v 23.156761 2.625000 -19.521454
v 23.156683 2.250000 -19.533955
v 23.096355 2.287500 -19.583584
v 22.216490 2.587500 -19.565649
v 22.156780 2.625000 -19.515280
v 23.156761 2.625000 -19.521454
v 23.096432 2.587500 -19.571083
v 22.216335 1.837500 -19.590649
v 22.156626 1.875000 -19.540279
v 23.156607 1.875000 -19.546453
v 23.096279 1.837500 -19.596083
v 23.096279 1.837500 -19.596083
v 23.156607 1.875000 -19.546453
v 23.156528 1.500000 -19.558954
v 23.096201 1.537500 -19.608582
v 23.096046 0.787500 -19.633581
v 23.156374 0.750000 -19.583954
v 22.156393 0.750000 -19.577780
v 22.216105 0.787500 -19.628149
v 23.096201 1.537500 -19.608582
v 23.156528 1.500000 -19.558954
v 22.156548 1.500000 -19.552780
v 22.216259 1.537500 -19.603149
v 22.216490 2.587500 -19.565649
v 23.096432 2.587500 -19.571083
v 23.096355 2.287500 -19.583584
v 22.216412 2.287500 -19.578150
v 22.216335 1.837500 -19.590649
v 23.096279 1.837500 -19.596083
v 23.096201 1.537500 -19.608582
v 22.216259 1.537500 -19.603149
v 22.216181 1.087500 -19.615648
v 23.096125 1.087500 -19.621082
v 23.096046 0.787500 -19.633581
v 22.216105 0.787500 -19.628149
v 23.096125 1.162500 -19.621082
v 23.156452 1.125000 -19.571453
v 22.156471 1.125000 -19.565279
v 22.216181 1.162500 -19.615648
v 22.216528 2.662500 -19.559401
v 23.096432 2.662500 -19.571083
v 23.156761 2.625000 -19.521454
v 22.156780 2.625000 -19.515280
v 22.248058 0.000000 -19.758512
v 23.062485 0.000000 -19.763542
v 23.155548 -0.000000 -19.717716
v 22.155567 0.000000 -19.711542
v 22.216528 2.662500 -19.559401
v 22.156780 2.625000 -19.515280
v 22.156851 3.032487 -19.503794
v 22.216528 2.995379 -19.559401
v 22.216412 2.212500 -19.578150
v 23.096355 2.212500 -19.583584
v 23.096279 1.912500 -19.596083
v 22.216335 1.912500 -19.590649
v 22.216259 1.462500 -19.603149
v 23.096201 1.462500 -19.608582
v 23.096125 1.162500 -19.621082
v 22.216181 1.162500 -19.615648
v 22.216105 0.712500 -19.628149
v 23.096046 0.712500 -19.633581
v 23.095970 0.412500 -19.646082
v 22.216026 0.412500 -19.640648
v 23.161182 -0.000000 -18.805553
v 22.161201 0.000000 -18.799379
v 22.248123 0.313566 -19.748062
v 23.062550 0.313566 -19.753090
v 23.062485 0.000000 -19.763542
v 22.248058 0.000000 -19.758512
v 23.096355 2.287500 -19.583584
v 23.156683 2.250000 -19.533955
v 22.156702 2.250000 -19.527781
v 22.216412 2.287500 -19.578150
v 23.096279 1.912500 -19.596083
v 23.156607 1.875000 -19.546453
v 22.156626 1.875000 -19.540279
v 22.216335 1.912500 -19.590649
v 23.062943 0.375000 -19.689575
v 23.062550 0.313566 -19.753090
v 22.248123 0.313566 -19.748062
v 22.248514 0.375000 -19.684547
v 22.155628 0.293274 -19.701767
v 22.155567 0.000000 -19.711542
v 22.156307 0.328626 -19.591824
v 22.155853 0.328626 -19.665216
v 22.156574 0.355133 -19.548378
v 22.156471 1.125000 -19.565279
v 22.156548 1.500000 -19.552780
v 22.216259 1.462500 -19.603149
v 22.216181 1.162500 -19.615648
v 22.156626 1.875000 -19.540279
v 22.156702 2.250000 -19.527781
v 22.216412 2.212500 -19.578150
v 22.216335 1.912500 -19.590649
v 22.156326 0.421348 -19.588734
v 22.156702 2.250000 -19.527781
v 22.156780 2.625000 -19.515280
v 22.216490 2.587500 -19.565649
v 22.216412 2.287500 -19.578150
v 22.156393 0.750000 -19.577780
v 22.156471 1.125000 -19.565279
v 22.216181 1.087500 -19.615648
v 22.216105 0.787500 -19.628149
v 22.156548 1.500000 -19.552780
v 22.156626 1.875000 -19.540279
v 22.216335 1.837500 -19.590649
v 22.216259 1.537500 -19.603149
v 22.156393 0.750000 -19.577780
v 22.216105 0.712500 -19.628149
v 22.216026 0.412500 -19.640648
v 22.196259 0.400084 -19.623972
v 22.156326 0.421348 -19.588734
v 23.062485 0.000000 -19.763542
v 23.062550 0.313566 -19.753090
v 23.155609 0.293274 -19.707941
v 23.155548 -0.000000 -19.717716
v 23.063520 0.375000 -19.595881
v 23.156288 0.328626 -19.598000
v 23.155834 0.328626 -19.671391
v 23.062943 0.375000 -19.689575
v 22.248058 0.000000 -19.758512
v 22.155567 0.000000 -19.711542
v 22.155628 0.293274 -19.701767
v 22.248123 0.313566 -19.748062
v 22.248123 0.313566 -19.748062
v 22.155628 0.293274 -19.701767
v 22.155853 0.328626 -19.665216
v 22.248514 0.375000 -19.684547
v 22.155853 0.328626 -19.665216
v 22.156307 0.328626 -19.591824
v 22.249094 0.375000 -19.590851
v 22.248514 0.375000 -19.684547
v 23.155609 0.293274 -19.707941
v 23.155834 0.328626 -19.671391
v 23.161182 3.032257 -18.805553
v 23.156832 3.032148 -19.509979
v 23.086582 3.068453 -19.508522
v 23.091051 3.068453 -18.805120
v 23.086582 3.068453 -19.508522
v 23.156832 3.032148 -19.509979
v 23.096502 2.994375 -19.559824
v 23.025711 3.030953 -19.558649
v 22.216528 2.995379 -19.559401
v 22.156851 3.032487 -19.503794
v 22.226702 3.068453 -19.503212
v 22.286140 3.030953 -19.559336
v 22.161190 3.035029 -18.799381
v 22.230934 3.068453 -18.799810
v 22.226702 3.068453 -19.503212
v 22.156851 3.032487 -19.503794
v 23.156832 3.032148 -19.509979
v 23.161182 3.032257 -18.805553
v 35.202011 2.250000 -19.889635
v 35.251701 2.287500 -19.939941
v 35.257088 2.287500 -19.067118
v 35.207092 2.250000 -19.066809
v 35.357239 0.375000 -20.046793
v 35.363285 0.375000 -19.067774
v 35.426804 0.313566 -19.068165
v 35.420364 0.313566 -20.110699
v 35.288971 1.087500 -19.977673
v 35.294590 1.087500 -19.067348
v 35.307091 0.787500 -19.067427
v 35.301392 0.787500 -19.990250
v 35.301392 0.712500 -19.990250
v 35.307091 0.712500 -19.067427
v 35.319588 0.412500 -19.067505
v 35.313812 0.412500 -20.002827
v 35.264122 0.375000 -19.952518
v 35.313812 0.412500 -20.002827
v 35.319588 0.412500 -19.067505
v 35.269592 0.375000 -19.067196
v 35.264122 1.837500 -19.952518
v 35.269592 1.837500 -19.067196
v 35.282089 1.537500 -19.067272
v 35.276546 1.537500 -19.965096
v 35.239281 1.125000 -19.927364
v 35.244591 1.125000 -19.067039
v 35.294590 1.087500 -19.067348
v 35.288971 1.087500 -19.977673
v 35.276546 1.462500 -19.965096
v 35.282089 1.462500 -19.067272
v 35.294590 1.162500 -19.067348
v 35.288971 1.162500 -19.977673
v 35.189590 2.625000 -19.877056
v 35.194592 2.625000 -19.066732
v 35.244591 2.587500 -19.067039
v 35.239281 2.587500 -19.927364
v 35.239281 2.587500 -19.927364
v 35.244591 2.587500 -19.067039
v 35.257088 2.287500 -19.067118
v 35.251701 2.287500 -19.939941
v 35.251701 2.212500 -19.939941
v 35.257088 2.212500 -19.067118
v 35.269592 1.912500 -19.067196
v 35.264122 1.912500 -19.952518
v 35.251701 0.750000 -19.939941
v 35.257088 0.750000 -19.067118
v 35.307091 0.712500 -19.067427
v 35.301392 0.712500 -19.990250
v 35.239281 1.125000 -19.927364
v 35.288971 1.162500 -19.977673
v 35.294590 1.162500 -19.067348
v 35.244591 1.125000 -19.067039
v 35.226856 2.962500 -19.914789
v 35.231907 2.962500 -19.096962
v 35.244408 2.662500 -19.097040
v 35.239281 2.662500 -19.927364
v 35.226856 1.500000 -19.914789
v 35.232094 1.500000 -19.066963
v 35.282089 1.462500 -19.067272
v 35.276546 1.462500 -19.965096
v 35.214436 1.875000 -19.902210
v 35.219593 1.875000 -19.066887
v 35.269592 1.837500 -19.067196
v 35.264122 1.837500 -19.952518
v 35.189590 2.625000 -19.877056
v 35.239281 2.662500 -19.927364
v 35.244408 2.662500 -19.097040
v 35.194592 2.625000 -19.066732
v 35.264122 0.375000 -19.952518
v 35.269592 0.375000 -19.067196
v 35.363285 0.375000 -19.067774
v 35.357239 0.375000 -20.046793
v 35.177166 3.000000 -19.864481
v 35.182091 3.000000 -19.066654
v 35.231907 2.962500 -19.096962
v 35.226856 2.962500 -19.914789
v 35.420364 0.313566 -20.110699
v 35.426804 0.313566 -19.068165
v 35.437256 0.000000 -19.068230
v 35.430752 0.000000 -20.121216
v 35.226856 1.500000 -19.914789
v 35.276546 1.537500 -19.965096
v 35.282089 1.537500 -19.067272
v 35.232094 1.500000 -19.066963
v 35.202011 2.250000 -19.889635
v 35.207092 2.250000 -19.066809
v 35.257088 2.212500 -19.067118
v 35.251701 2.212500 -19.939941
v 35.214436 1.875000 -19.902210
v 35.264122 1.912500 -19.952518
v 35.269592 1.912500 -19.067196
v 35.219593 1.875000 -19.066887
v 35.251701 0.750000 -19.939941
v 35.301392 0.787500 -19.990250
v 35.307091 0.787500 -19.067427
v 35.257088 0.750000 -19.067118
v 34.391129 2.662500 -19.922129
v 35.239281 2.662500 -19.927364
v 35.189590 2.625000 -19.877056
v 34.377106 2.625000 -19.872040
v 34.376411 0.787501 -19.984539
v 35.301392 0.787500 -19.990250
v 35.251701 0.750000 -19.939941
v 34.376717 0.750000 -19.934540
v 34.376411 0.787501 -19.984539
v 34.376488 1.087500 -19.972038
v 35.288971 1.087500 -19.977673
v 35.301392 0.787500 -19.990250
v 34.391205 2.962500 -19.909630
v 34.377182 3.000000 -19.859541
v 35.177166 3.000000 -19.864481
v 35.226856 2.962500 -19.914789
v 34.391129 2.662500 -19.922129
v 34.391205 2.962500 -19.909630
v 35.226856 2.962500 -19.914789
v 35.239281 2.662500 -19.927364
v 34.376797 2.587501 -19.922039
v 34.377106 2.625000 -19.872040
v 35.189590 2.625000 -19.877056
v 35.239281 2.587500 -19.927364
v 34.376717 2.212501 -19.934540
v 34.377029 2.250000 -19.884541
v 35.202011 2.250000 -19.889635
v 35.251701 2.212500 -19.939941
v 34.376640 1.912501 -19.947039
v 34.376717 2.212501 -19.934540
v 35.251701 2.212500 -19.939941
v 35.264122 1.912500 -19.952518
v 34.376717 2.287500 -19.934540
v 35.251701 2.287500 -19.939941
v 35.202011 2.250000 -19.889635
v 34.377029 2.250000 -19.884541
v 34.376640 1.912501 -19.947039
v 35.264122 1.912500 -19.952518
v 35.214436 1.875000 -19.902210
v 34.376953 1.875000 -19.897039
v 34.376488 1.162501 -19.972038
v 34.376564 1.462500 -19.959539
v 35.276546 1.462500 -19.965096
v 35.288971 1.162500 -19.977673
v 34.376640 1.837500 -19.947039
v 34.376953 1.875000 -19.897039
v 35.214436 1.875000 -19.902210
v 35.264122 1.837500 -19.952518
v 34.375671 0.313567 -20.104248
v 34.376060 0.375000 -20.040733
v 35.357239 0.375000 -20.046793
v 35.420364 0.313566 -20.110699
v 34.376564 1.462500 -19.959539
v 34.376873 1.500000 -19.909540
v 35.226856 1.500000 -19.914789
v 35.276546 1.462500 -19.965096
v 34.376335 0.412501 -19.997038
v 34.376411 0.712500 -19.984539
v 35.301392 0.712500 -19.990250
v 35.313812 0.412500 -20.002827
v 34.376564 1.537501 -19.959539
v 35.276546 1.537500 -19.965096
v 35.226856 1.500000 -19.914789
v 34.376873 1.500000 -19.909540
v 34.376060 0.375000 -20.040733
v 34.376640 0.375000 -19.947039
v 34.376488 1.162501 -19.972038
v 35.288971 1.162500 -19.977673
v 35.239281 1.125000 -19.927364
v 34.376797 1.125000 -19.922039
v 34.376411 0.712500 -19.984539
v 34.376717 0.750000 -19.934540
v 35.251701 0.750000 -19.939941
v 35.301392 0.712500 -19.990250
v 34.375607 0.000000 -20.114700
v 34.375671 0.313567 -20.104248
v 35.420364 0.313566 -20.110699
v 35.430752 0.000000 -20.121216
v 34.376717 2.287500 -19.934540
v 34.376797 2.587501 -19.922039
v 35.239281 2.587500 -19.927364
v 35.251701 2.287500 -19.939941
v 34.376335 0.412501 -19.997038
v 35.313812 0.412500 -20.002827
v 35.264122 0.375000 -19.952518
v 34.376640 0.375000 -19.947039
v 34.376488 1.087500 -19.972038
v 34.376797 1.125000 -19.922039
v 35.239281 1.125000 -19.927364
v 35.288971 1.087500 -19.977673
v 34.376564 1.537501 -19.959539
v 34.376640 1.837500 -19.947039
v 35.264122 1.837500 -19.952518
v 35.276546 1.537500 -19.965096
v 34.377106 2.625000 -19.872040
v 34.377182 3.000000 -19.859541
v 34.391205 2.962500 -19.909630
v 34.391129 2.662500 -19.922129
v 34.379021 2.606251 -19.561703
v 34.879021 0.000000 -19.564806
v 34.879009 3.000000 -19.564791
v 34.379021 3.000000 -19.561703
v 34.882095 0.000000 -19.064802
v 34.379021 0.000000 -19.561745
v 34.375607 0.000000 -20.114700
v 34.379021 1.321876 -19.561703
v 34.379021 0.740626 -19.561703
v 34.379021 2.062500 -19.561703
v 34.379021 0.377378 -19.561703
v 34.376411 0.712500 -19.984539
v 34.376335 0.412501 -19.997038
v 34.376488 1.087500 -19.972038
v 34.376640 1.837500 -19.947039
v 34.376564 1.537501 -19.959539
v 34.376797 1.125000 -19.922039
v 34.376488 1.087500 -19.972038
v 34.379021 1.321876 -19.561703
v 34.376564 1.462500 -19.959539
v 34.376873 1.500000 -19.909540
v 34.379021 2.606251 -19.561703
v 34.376797 2.587501 -19.922039
v 34.376717 2.212501 -19.934540
v 34.379021 3.000000 -19.561703
v 34.377182 3.000000 -19.859541
v 34.377106 2.625000 -19.872040
v 34.882095 3.000000 -19.064802
v 35.182091 3.000000 -19.066654
v 34.879021 0.000000 -19.564806
v 34.379021 0.377378 -19.561703
v 34.379021 0.000000 -19.561745
v 10.743217 2.250000 4.329878
v 10.693526 2.287500 4.380184
v 10.688137 2.287500 3.507360
v 10.738136 2.250000 3.507051
v 10.587988 0.375000 4.487036
v 10.581942 0.375000 3.508017
v 10.518428 0.313566 3.508410
v 10.524865 0.313566 4.550941
v 10.656259 1.087500 4.417915
v 10.650638 1.087500 3.507593
v 10.638138 0.787500 3.507669
v 10.643836 0.787500 4.430494
v 10.643836 0.712500 4.430494
v 10.638138 0.712500 3.507669
v 10.625638 0.412500 3.507746
v 10.631413 0.412500 4.443069
v 10.681104 0.375000 4.392761
v 10.631413 0.412500 4.443069
v 10.625638 0.412500 3.507746
v 10.675637 0.375000 3.507437
v 10.681104 1.837500 4.392761
v 10.675637 1.837500 3.507437
v 10.663137 1.537500 3.507515
v 10.668681 1.537500 4.405340
v 10.705949 1.125000 4.367607
v 10.700636 1.125000 3.507282
v 10.650638 1.087500 3.507593
v 10.656259 1.087500 4.417915
v 10.668681 1.462500 4.405340
v 10.663137 1.462500 3.507515
v 10.650638 1.162500 3.507593
v 10.656259 1.162500 4.417915
v 10.755639 2.625000 4.317301
v 10.750635 2.625000 3.506975
v 10.700636 2.587500 3.507282
v 10.705949 2.587500 4.367607
v 10.705949 2.587500 4.367607
v 10.700636 2.587500 3.507282
v 10.688137 2.287500 3.507360
v 10.693526 2.287500 4.380184
v 10.693526 2.212500 4.380184
v 10.688137 2.212500 3.507360
v 10.675637 1.912500 3.507437
v 10.681104 1.912500 4.392761
v 10.693526 0.750000 4.380184
v 10.688137 0.750000 3.507360
v 10.638138 0.712500 3.507669
v 10.643836 0.712500 4.430494
v 10.705949 1.125000 4.367607
v 10.656259 1.162500 4.417915
v 10.650638 1.162500 3.507593
v 10.700636 1.125000 3.507282
v 10.718372 2.962500 4.355030
v 10.713322 2.962500 3.537205
v 10.700822 2.662500 3.537281
v 10.705949 2.662500 4.367607
v 10.718372 1.500000 4.355030
v 10.713137 1.500000 3.507206
v 10.663137 1.462500 3.507515
v 10.668681 1.462500 4.405340
v 10.730794 1.875000 4.342455
v 10.725636 1.875000 3.507128
v 10.675637 1.837500 3.507437
v 10.681104 1.837500 4.392761
v 10.755639 2.625000 4.317301
v 10.705949 2.662500 4.367607
v 10.700822 2.662500 3.537281
v 10.750635 2.625000 3.506975
v 10.681104 0.375000 4.392761
v 10.675637 0.375000 3.507437
v 10.581942 0.375000 3.508017
v 10.587988 0.375000 4.487036
v 10.768062 3.000000 4.304724
v 10.763136 3.000000 3.506897
v 10.713322 2.962500 3.537205
v 10.718372 2.962500 4.355030
v 10.524865 0.313566 4.550941
v 10.518428 0.313566 3.508410
v 10.507976 0.000000 3.508472
v 10.514477 0.000000 4.561459
v 10.718372 1.500000 4.355030
v 10.668681 1.537500 4.405340
v 10.663137 1.537500 3.507515
v 10.713137 1.500000 3.507206
v 10.743217 2.250000 4.329878
v 10.738136 2.250000 3.507051
v 10.688137 2.212500 3.507360
v 10.693526 2.212500 4.380184
v 10.730794 1.875000 4.342455
v 10.681104 1.912500 4.392761
v 10.675637 1.912500 3.507437
v 10.725636 1.875000 3.507128
v 10.693526 0.750000 4.380184
v 10.643836 0.787500 4.430494
v 10.638138 0.787500 3.507669
v 10.688137 0.750000 3.507360
v 11.554104 2.662500 4.362371
v 10.705949 2.662500 4.367607
v 10.755639 2.625000 4.317301
v 11.568124 2.625000 4.312283
v 11.568819 0.787501 4.424782
v 10.643836 0.787500 4.430494
v 10.693526 0.750000 4.380184
v 11.568510 0.750000 4.374781
v 11.568819 0.787501 4.424782
v 11.568741 1.087500 4.412281
v 10.656259 1.087500 4.417915
v 10.643836 0.787500 4.430494
v 11.554026 2.962500 4.349871
v 11.568047 3.000000 4.299784
v 10.768062 3.000000 4.304724
v 10.718372 2.962500 4.355030
v 11.554104 2.662500 4.362371
v 11.554026 2.962500 4.349871
v 10.718372 2.962500 4.355030
v 10.705949 2.662500 4.367607
v 11.568433 2.587501 4.362282
v 11.568124 2.625000 4.312283
v 10.755639 2.625000 4.317301
v 10.705949 2.587500 4.367607
v 11.568510 2.212501 4.374781
v 11.568201 2.250000 4.324783
v 10.743217 2.250000 4.329878
v 10.693526 2.212500 4.380184
v 11.568586 1.912501 4.387281
v 11.568510 2.212501 4.374781
v 10.693526 2.212500 4.380184
v 10.681104 1.912500 4.392761
v 11.568510 2.287500 4.374781
v 10.693526 2.287500 4.380184
v 10.743217 2.250000 4.329878
v 11.568201 2.250000 4.324783
v 11.568586 1.912501 4.387281
v 10.681104 1.912500 4.392761
v 10.730794 1.875000 4.342455
v 11.568278 1.875000 4.337284
v 11.568741 1.162501 4.412281
v 11.568665 1.462500 4.399782
v 10.668681 1.462500 4.405340
v 10.656259 1.162500 4.417915
v 11.568586 1.837500 4.387281
v 11.568278 1.875000 4.337284
v 10.730794 1.875000 4.342455
v 10.681104 1.837500 4.392761
v 11.569557 0.313567 4.544491
v 11.569166 0.375000 4.480976
v 10.587988 0.375000 4.487036
v 10.524865 0.313566 4.550941
v 11.568665 1.462500 4.399782
v 11.568356 1.500000 4.349781
v 10.718372 1.500000 4.355030
v 10.668681 1.462500 4.405340
v 11.568895 0.412501 4.437281
v 11.568819 0.712500 4.424782
v 10.643836 0.712500 4.430494
v 10.631413 0.412500 4.443069
v 11.568665 1.537501 4.399782
v 10.668681 1.537500 4.405340
v 10.718372 1.500000 4.355030
v 11.568356 1.500000 4.349781
v 11.569166 0.375000 4.480976
v 11.568586 0.375000 4.387281
v 11.568741 1.162501 4.412281
v 10.656259 1.162500 4.417915
v 10.705949 1.125000 4.367607
v 11.568433 1.125000 4.362282
v 11.568819 0.712500 4.424782
v 11.568510 0.750000 4.374781
v 10.693526 0.750000 4.380184
v 10.643836 0.712500 4.430494
v 11.569622 0.000000 4.554943
v 11.569557 0.313567 4.544491
v 10.524865 0.313566 4.550941
v 10.514477 0.000000 4.561459
v 11.568510 2.287500 4.374781
v 11.568433 2.587501 4.362282
v 10.705949 2.587500 4.367607
v 10.693526 2.287500 4.380184
v 11.568895 0.412501 4.437281
v 10.631413 0.412500 4.443069
v 10.681104 0.375000 4.392761
v 11.568586 0.375000 4.387281
v 11.568741 1.087500 4.412281
v 11.568433 1.125000 4.362282
v 10.705949 1.125000 4.367607
v 10.656259 1.087500 4.417915
v 11.568665 1.537501 4.399782
v 11.568586 1.837500 4.387281
v 10.681104 1.837500 4.392761
v 10.668681 1.537500 4.405340
v 10.750635 2.625000 3.506975
v 10.700822 2.662500 3.537281
v 10.713322 2.962500 3.537205
v 10.763136 3.000000 3.506897
v 11.063129 3.000000 3.505045
v 11.066217 3.000000 4.005033
v 11.066217 0.000000 4.005037
v 11.063129 2.432813 3.505045
v 10.581942 0.375000 3.508017
v 11.063129 0.375000 3.505045
v 11.063129 -0.000000 3.505049
v 10.518428 0.313566 3.508410
v 11.063129 1.696875 3.505045
v 11.063129 1.098299 3.505045
v 11.063129 0.679688 3.505045
v 10.507976 0.000000 3.508472
v 10.675637 0.375000 3.507437
v 10.625638 0.412500 3.507746
v 11.063129 0.679688 3.505045
v 10.650638 1.087500 3.507593
v 11.063129 1.098299 3.505045
v 10.638138 0.787500 3.507669
v 10.638138 0.712500 3.507669
v 11.063129 0.679688 3.505045
v 10.638138 0.712500 3.507669
v 10.688137 0.750000 3.507360
v 10.663137 1.462500 3.507515
v 10.650638 1.162500 3.507593
v 11.063129 1.098299 3.505045
v 10.650638 1.087500 3.507593
v 10.700636 1.125000 3.507282
v 10.688137 2.212500 3.507360
v 10.675637 1.912500 3.507437
v 11.063129 1.696875 3.505045
v 10.663137 1.462500 3.507515
v 10.713137 1.500000 3.507206
v 10.675637 1.837500 3.507437
v 10.725636 1.875000 3.507128
v 10.763136 3.000000 3.506897
v 11.063129 3.000000 3.505045
v 10.750635 2.625000 3.506975
v 10.700636 2.587500 3.507282
v 11.063129 3.000000 3.505045
v 10.763136 3.000000 3.506897
v 11.566208 0.000000 4.001959
v 11.063129 0.375000 3.505045
v 11.063129 -0.000000 3.505049
v 10.761682 3.030953 -7.863166
v 10.760996 3.030953 -7.123593
v 10.817120 3.068453 -7.064155
v 10.811810 3.068453 -7.924035
v 10.811810 3.068453 -7.924035
v 10.817120 3.068453 -7.064155
v 11.520521 3.068453 -7.068388
v 11.515209 3.068453 -7.928504
v 10.635784 0.375000 -7.085968
v 10.729479 0.375000 -7.086547
v 10.724451 0.375000 -7.900975
v 10.630754 0.375000 -7.900396
v 10.602613 -0.000000 -7.993003
v 10.722332 0.328626 -7.993742
v 10.770250 0.375000 -7.994038
v 10.690681 0.400084 -7.953397
v 10.674250 0.412500 -7.933424
v 10.686749 0.712500 -7.933501
v 10.736378 0.750000 -7.993829
v 10.725423 0.421348 -7.993761
v 10.725423 0.421348 -7.993761
v 10.760507 2.994375 -7.933956
v 10.810352 3.032148 -7.994286
v 10.798876 2.625000 -7.994215
v 10.749249 2.662500 -7.933887
v 10.736748 2.212500 -7.933810
v 10.786377 2.250000 -7.994137
v 10.773877 1.875000 -7.994060
v 10.724249 1.912500 -7.933733
v 10.704682 1.087500 -7.053635
v 10.755053 1.125000 -6.993925
v 10.748878 1.125000 -7.993906
v 10.699249 1.087500 -7.933578
v 10.692183 0.712500 -7.053558
v 10.742552 0.750000 -6.993848
v 10.736378 0.750000 -7.993829
v 10.686749 0.712500 -7.933501
v 10.717182 1.462500 -7.053712
v 10.767551 1.500000 -6.994002
v 10.761377 1.500000 -7.993983
v 10.711748 1.462500 -7.933655
v 10.749249 2.662500 -7.933887
v 10.760931 2.662500 -7.053983
v 10.760931 2.995379 -7.053983
v 10.760996 3.030953 -7.123593
v 10.761682 3.030953 -7.863166
v 10.760507 2.994375 -7.933956
v 10.696360 0.400084 -7.033711
v 10.679684 0.412500 -7.053481
v 10.674250 0.412500 -7.933424
v 10.690681 0.400084 -7.953397
v 10.724451 0.375000 -7.900975
v 10.729479 0.375000 -7.086547
v 10.711748 1.462500 -7.933655
v 10.761377 1.500000 -7.993983
v 10.748878 1.125000 -7.993906
v 10.699249 1.162500 -7.933578
v 10.742182 2.212500 -7.053867
v 10.792551 2.250000 -6.994156
v 10.786377 2.250000 -7.994137
v 10.736748 2.212500 -7.933810
v 10.699249 1.087500 -7.933578
v 10.748878 1.125000 -7.993906
v 10.736378 0.750000 -7.993829
v 10.686749 0.787500 -7.933501
v 10.749249 2.587500 -7.933887
v 10.798876 2.625000 -7.994215
v 10.786377 2.250000 -7.994137
v 10.736748 2.287500 -7.933810
v 10.749249 2.587500 -7.933887
v 10.754682 2.587500 -7.053944
v 10.805052 2.625000 -6.994234
v 10.798876 2.625000 -7.994215
v 10.729682 1.837500 -7.053790
v 10.780052 1.875000 -6.994079
v 10.773877 1.875000 -7.994060
v 10.724249 1.837500 -7.933733
v 10.724249 1.837500 -7.933733
v 10.773877 1.875000 -7.994060
v 10.761377 1.500000 -7.993983
v 10.711748 1.537500 -7.933655
v 10.686749 0.787500 -7.933501
v 10.736378 0.750000 -7.993829
v 10.742552 0.750000 -6.993848
v 10.692183 0.787500 -7.053558
v 10.711748 1.537500 -7.933655
v 10.761377 1.500000 -7.993983
v 10.767551 1.500000 -6.994002
v 10.717182 1.537500 -7.053712
v 10.754682 2.587500 -7.053944
v 10.749249 2.587500 -7.933887
v 10.736748 2.287500 -7.933810
v 10.742182 2.287500 -7.053867
v 10.729682 1.837500 -7.053790
v 10.724249 1.837500 -7.933733
v 10.711748 1.537500 -7.933655
v 10.717182 1.537500 -7.053712
v 10.704682 1.087500 -7.053635
v 10.699249 1.087500 -7.933578
v 10.686749 0.787500 -7.933501
v 10.692183 0.787500 -7.053558
v 10.699249 1.162500 -7.933578
v 10.748878 1.125000 -7.993906
v 10.755053 1.125000 -6.993925
v 10.704682 1.162500 -7.053635
v 10.760931 2.662500 -7.053983
v 10.749249 2.662500 -7.933887
v 10.798876 2.625000 -7.994215
v 10.805052 2.625000 -6.994234
v 10.561817 0.000000 -7.085512
v 10.556789 0.000000 -7.899940
v 10.602613 -0.000000 -7.993003
v 10.608789 0.000000 -6.993021
v 10.760931 2.662500 -7.053983
v 10.805052 2.625000 -6.994234
v 10.816537 3.032487 -6.994305
v 10.760931 2.995379 -7.053983
v 10.742182 2.212500 -7.053867
v 10.736748 2.212500 -7.933810
v 10.724249 1.912500 -7.933733
v 10.729682 1.912500 -7.053790
v 10.717182 1.462500 -7.053712
v 10.711748 1.462500 -7.933655
v 10.699249 1.162500 -7.933578
v 10.704682 1.162500 -7.053635
v 10.692183 0.712500 -7.053558
v 10.686749 0.712500 -7.933501
v 10.674250 0.412500 -7.933424
v 10.679684 0.412500 -7.053481
v 11.514776 0.000000 -7.998635
v 11.520952 0.000000 -6.998654
v 10.572269 0.313566 -7.085576
v 10.567241 0.313566 -7.900004
v 10.556789 0.000000 -7.899940
v 10.561817 0.000000 -7.085512
v 10.742182 2.287500 -7.053867
v 10.736748 2.287500 -7.933810
v 10.786377 2.250000 -7.994137
v 10.792551 2.250000 -6.994156
v 10.724249 1.912500 -7.933733
v 10.773877 1.875000 -7.994060
v 10.780052 1.875000 -6.994079
v 10.729682 1.912500 -7.053790
v 10.630754 0.375000 -7.900396
v 10.567241 0.313566 -7.900004
v 10.572269 0.313566 -7.085576
v 10.635784 0.375000 -7.085968
v 10.618565 0.293274 -6.993082
v 10.608789 0.000000 -6.993021
v 10.728506 0.328626 -6.993761
v 10.655115 0.328626 -6.993308
v 10.771954 0.355133 -6.994029
v 10.755053 1.125000 -6.993925
v 10.767551 1.500000 -6.994002
v 10.717182 1.462500 -7.053712
v 10.704682 1.162500 -7.053635
v 10.780052 1.875000 -6.994079
v 10.792551 2.250000 -6.994156
v 10.742182 2.212500 -7.053867
v 10.729682 1.912500 -7.053790
v 10.731598 0.421348 -6.993780
v 10.792551 2.250000 -6.994156
v 10.805052 2.625000 -6.994234
v 10.754682 2.587500 -7.053944
v 10.742182 2.287500 -7.053867
v 10.742552 0.750000 -6.993848
v 10.755053 1.125000 -6.993925
v 10.704682 1.087500 -7.053635
v 10.692183 0.787500 -7.053558
v 10.767551 1.500000 -6.994002
v 10.780052 1.875000 -6.994079
v 10.729682 1.837500 -7.053790
v 10.717182 1.537500 -7.053712
v 10.742552 0.750000 -6.993848
v 10.692183 0.712500 -7.053558
v 10.679684 0.412500 -7.053481
v 10.696360 0.400084 -7.033711
v 10.731598 0.421348 -6.993780
v 10.556789 0.000000 -7.899940
v 10.567241 0.313566 -7.900004
v 10.612391 0.293274 -7.993063
v 10.602613 -0.000000 -7.993003
v 10.724451 0.375000 -7.900975
v 10.722332 0.328626 -7.993742
v 10.648939 0.328626 -7.993289
v 10.630754 0.375000 -7.900396
v 10.561817 0.000000 -7.085512
v 10.608789 0.000000 -6.993021
v 10.618565 0.293274 -6.993082
v 10.572269 0.313566 -7.085576
v 10.572269 0.313566 -7.085576
v 10.618565 0.293274 -6.993082
v 10.655115 0.328626 -6.993308
v 10.635784 0.375000 -7.085968
v 10.655115 0.328626 -6.993308
v 10.728506 0.328626 -6.993761
v 10.729479 0.375000 -7.086547
v 10.635784 0.375000 -7.085968
v 10.612391 0.293274 -7.993063
v 10.648939 0.328626 -7.993289
v 11.514776 3.032257 -7.998635
v 10.810352 3.032148 -7.994286
v 10.811810 3.068453 -7.924035
v 11.515209 3.068453 -7.928504
v 10.811810 3.068453 -7.924035
v 10.810352 3.032148 -7.994286
v 10.760507 2.994375 -7.933956
v 10.761682 3.030953 -7.863166
v 10.760931 2.995379 -7.053983
v 10.816537 3.032487 -6.994305
v 10.817120 3.068453 -7.064155
v 10.760996 3.030953 -7.123593
v 11.520951 3.035029 -6.998643
v 11.520521 3.068453 -7.068388
v 10.817120 3.068453 -7.064155
v 10.816537 3.032487 -6.994305
v 10.810352 3.032148 -7.994286
v 11.514776 3.032257 -7.998635
v 10.784858 3.030953 -11.772089
v 10.687644 3.030953 -11.038934
v 10.735529 3.068453 -10.972678
v 10.842503 3.068453 -11.825894
v 10.842503 3.068453 -11.825894
v 10.735529 3.068453 -10.972678
v 11.433466 3.068453 -10.885063
v 11.540468 3.068453 -11.738514
v 10.558593 0.375000 -11.017975
v 10.651562 0.375000 -11.006318
v 10.752880 0.375000 -11.814435
v 10.659911 0.375000 -11.826091
v 10.644098 -0.000000 -11.921577
v 10.762888 0.328626 -11.906685
v 10.810436 0.375000 -11.900723
v 10.726242 0.400084 -11.870817
v 10.707344 0.412500 -11.853159
v 10.719748 0.712500 -11.851604
v 10.776825 0.750000 -11.904938
v 10.765955 0.421348 -11.906300
v 10.765955 0.421348 -11.906300
v 10.792933 2.994375 -11.842428
v 10.850227 3.032148 -11.895735
v 10.838840 2.625000 -11.897162
v 10.781761 2.662500 -11.843828
v 10.769359 2.212500 -11.845384
v 10.826437 2.250000 -11.898717
v 10.814034 1.875000 -11.900272
v 10.756955 1.912500 -11.846939
v 10.732149 1.087500 -11.850049
v 10.622681 1.087500 -10.976924
v 10.664826 1.125000 -10.911151
v 10.789228 1.125000 -11.903382
v 10.610278 0.712500 -10.978479
v 10.652424 0.750000 -10.912706
v 10.776825 0.750000 -11.904938
v 10.719748 0.712500 -11.851604
v 10.635084 1.462500 -10.975369
v 10.677229 1.500000 -10.909595
v 10.801631 1.500000 -11.901827
v 10.744553 1.462500 -11.848494
v 10.781761 2.662500 -11.843828
v 10.678494 2.662500 -10.969927
v 10.678494 2.995379 -10.969927
v 10.687644 3.030953 -11.038934
v 10.784858 3.030953 -11.772089
v 10.792933 2.994375 -11.842428
v 10.611829 0.400084 -10.958258
v 10.597876 0.412500 -10.980034
v 10.707344 0.412500 -11.853159
v 10.726242 0.400084 -11.870817
v 10.752880 0.375000 -11.814435
v 10.651562 0.375000 -11.006318
v 10.744553 1.462500 -11.848494
v 10.801631 1.500000 -11.901827
v 10.789228 1.125000 -11.903382
v 10.732149 1.162500 -11.850049
v 10.659889 2.212500 -10.972260
v 10.702035 2.250000 -10.906486
v 10.826437 2.250000 -11.898717
v 10.769359 2.212500 -11.845384
v 10.732149 1.087500 -11.850049
v 10.789228 1.125000 -11.903382
v 10.776825 0.750000 -11.904938
v 10.719748 0.787500 -11.851604
v 10.781761 2.587500 -11.843828
v 10.838840 2.625000 -11.897162
v 10.826437 2.250000 -11.898717
v 10.769359 2.287500 -11.845384
v 10.781761 2.587500 -11.843828
v 10.672293 2.587500 -10.970704
v 10.714437 2.625000 -10.904930
v 10.838840 2.625000 -11.897162
v 10.756955 1.837500 -11.846939
v 10.647488 1.837500 -10.973814
v 10.689632 1.875000 -10.908041
v 10.814034 1.875000 -11.900272
v 10.756955 1.837500 -11.846939
v 10.814034 1.875000 -11.900272
v 10.801631 1.500000 -11.901827
v 10.744553 1.537500 -11.848494
v 10.610278 0.787500 -10.978479
v 10.719748 0.787500 -11.851604
v 10.776825 0.750000 -11.904938
v 10.652424 0.750000 -10.912706
v 10.744553 1.537500 -11.848494
v 10.801631 1.500000 -11.901827
v 10.677229 1.500000 -10.909595
v 10.635084 1.537500 -10.975369
v 10.659889 2.287500 -10.972260
v 10.672293 2.587500 -10.970704
v 10.781761 2.587500 -11.843828
v 10.769359 2.287500 -11.845384
v 10.647488 1.837500 -10.973814
v 10.756955 1.837500 -11.846939
v 10.744553 1.537500 -11.848494
v 10.635084 1.537500 -10.975369
v 10.622681 1.087500 -10.976924
v 10.732149 1.087500 -11.850049
v 10.719748 0.787500 -11.851604
v 10.610278 0.787500 -10.978479
v 10.732149 1.162500 -11.850049
v 10.789228 1.125000 -11.903382
v 10.664826 1.125000 -10.911151
v 10.622681 1.162500 -10.976924
v 10.678494 2.662500 -10.969927
v 10.781761 2.662500 -11.843828
v 10.838840 2.625000 -11.897162
v 10.714437 2.625000 -10.904930
v 10.485200 0.000000 -11.027176
v 10.586517 0.000000 -11.835293
v 10.644098 -0.000000 -11.921577
v 10.519696 0.000000 -10.929346
v 10.678494 2.662500 -10.969927
v 10.714437 2.625000 -10.904930
v 10.725835 3.032487 -10.903502
v 10.678494 2.995379 -10.969927
v 10.659889 2.212500 -10.972260
v 10.769359 2.212500 -11.845384
v 10.756955 1.912500 -11.846939
v 10.647488 1.912500 -10.973814
v 10.635084 1.462500 -10.975369
v 10.744553 1.462500 -11.848494
v 10.732149 1.162500 -11.850049
v 10.622681 1.162500 -10.976924
v 10.610278 0.712500 -10.978479
v 10.719748 0.712500 -11.851604
v 10.707344 0.412500 -11.853159
v 10.597876 0.412500 -10.980034
v 11.549192 0.000000 -11.808102
v 11.424791 0.000000 -10.815870
v 10.495571 0.313566 -11.025876
v 10.596889 0.313566 -11.833992
v 10.586517 0.000000 -11.835293
v 10.485200 0.000000 -11.027176
v 10.659889 2.287500 -10.972260
v 10.769359 2.287500 -11.845384
v 10.826437 2.250000 -11.898717
v 10.702035 2.250000 -10.906486
v 10.756955 1.912500 -11.846939
v 10.814034 1.875000 -11.900272
v 10.689632 1.875000 -10.908041
v 10.647488 1.912500 -10.973814
v 10.558593 0.375000 -11.017975
v 10.659911 0.375000 -11.826091
v 10.596889 0.313566 -11.833992
v 10.495571 0.313566 -11.025876
v 10.529397 0.293274 -10.928130
v 10.519696 0.000000 -10.929346
v 10.638487 0.328626 -10.914453
v 10.565663 0.328626 -10.923584
v 10.681597 0.355133 -10.909048
v 10.664826 1.125000 -10.911151
v 10.677229 1.500000 -10.909595
v 10.635084 1.462500 -10.975369
v 10.622681 1.162500 -10.976924
v 10.689632 1.875000 -10.908041
v 10.702035 2.250000 -10.906486
v 10.659889 2.212500 -10.972260
v 10.647488 1.912500 -10.973814
v 10.641554 0.421348 -10.914068
v 10.702035 2.250000 -10.906486
v 10.714437 2.625000 -10.904930
v 10.672293 2.587500 -10.970704
v 10.659889 2.287500 -10.972260
v 10.652424 0.750000 -10.912706
v 10.664826 1.125000 -10.911151
v 10.622681 1.087500 -10.976924
v 10.610278 0.787500 -10.978479
v 10.677229 1.500000 -10.909595
v 10.689632 1.875000 -10.908041
v 10.647488 1.837500 -10.973814
v 10.635084 1.537500 -10.975369
v 10.652424 0.750000 -10.912706
v 10.610278 0.712500 -10.978479
v 10.597876 0.412500 -10.980034
v 10.611829 0.400084 -10.958258
v 10.641554 0.421348 -10.914068
v 10.586517 0.000000 -11.835293
v 10.596889 0.313566 -11.833992
v 10.653799 0.293274 -11.920362
v 10.644098 -0.000000 -11.921577
v 10.752880 0.375000 -11.814435
v 10.762888 0.328626 -11.906685
v 10.690065 0.328626 -11.915815
v 10.659911 0.375000 -11.826091
v 10.485200 0.000000 -11.027176
v 10.519696 0.000000 -10.929346
v 10.529397 0.293274 -10.928130
v 10.495571 0.313566 -11.025876
v 10.558593 0.375000 -11.017975
v 10.495571 0.313566 -11.025876
v 10.529397 0.293274 -10.928130
v 10.565663 0.328626 -10.923584
v 10.565663 0.328626 -10.923584
v 10.638487 0.328626 -10.914453
v 10.651562 0.375000 -11.006318
v 10.558593 0.375000 -11.017975
v 10.653799 0.293274 -11.920362
v 10.690065 0.328626 -11.915815
v 11.549192 3.032257 -11.808102
v 10.850227 3.032148 -11.895735
v 10.842503 3.068453 -11.825894
v 11.540468 3.068453 -11.738514
v 10.842503 3.068453 -11.825894
v 10.850227 3.032148 -11.895735
v 10.792933 2.994375 -11.842428
v 10.784858 3.030953 -11.772089
v 10.678494 2.995379 -10.969927
v 10.725835 3.032487 -10.903502
v 10.735529 3.068453 -10.972678
v 10.687644 3.030953 -11.038934
v 11.424789 3.035029 -10.815859
v 11.433466 3.068453 -10.885063
v 10.735529 3.068453 -10.972678
v 10.725835 3.032487 -10.903502
v 10.850227 3.032148 -11.895735
v 11.549192 3.032257 -11.808102
v 11.973812 3.030953 -15.763367
v 11.603431 3.030953 -15.123221
v 11.622316 3.068453 -15.043685
v 12.047658 3.068453 -15.791018
v 12.047658 3.068453 -15.791018
v 11.622316 3.068453 -15.043685
v 12.233597 3.068453 -14.695650
v 12.659056 3.068453 -15.443188
v 11.879042 0.375000 -15.861073
v 11.476182 0.375000 -15.153244
v 11.557614 0.375000 -15.106897
v 11.960473 0.375000 -15.814726
v 11.900974 -0.000000 -15.955343
v 12.005022 0.328626 -15.896124
v 12.046669 0.375000 -15.872421
v 11.957438 0.400084 -15.877010
v 11.933222 0.412500 -15.867929
v 11.944086 0.712500 -15.861746
v 12.017229 0.750000 -15.889176
v 12.007708 0.421348 -15.894595
v 12.007708 0.421348 -15.894595
v 12.008189 2.994375 -15.825261
v 12.081522 3.032148 -15.852585
v 12.071548 2.625000 -15.858261
v 11.998404 2.662500 -15.830831
v 11.987540 2.212500 -15.837013
v 12.060684 2.250000 -15.864445
v 12.049820 1.875000 -15.870627
v 11.976677 1.912500 -15.843197
v 11.519683 1.087500 -15.090793
v 11.533449 1.125000 -15.013898
v 12.028092 1.125000 -15.882994
v 11.954949 1.087500 -15.855563
v 11.508820 0.712500 -15.096975
v 11.522585 0.750000 -15.020081
v 12.017229 0.750000 -15.889176
v 11.944086 0.712500 -15.861746
v 11.965813 1.462500 -15.849380
v 11.530546 1.462500 -15.084610
v 11.544313 1.500000 -15.007714
v 12.038956 1.500000 -15.876810
v 11.998404 2.662500 -15.830831
v 11.568569 2.662500 -15.062969
v 11.568569 2.995379 -15.062969
v 11.603431 3.030953 -15.123221
v 11.973812 3.030953 -15.763367
v 12.008189 2.994375 -15.825261
v 11.502513 0.400084 -15.077700
v 11.497955 0.412500 -15.103159
v 11.933222 0.412500 -15.867929
v 11.957438 0.400084 -15.877010
v 11.960473 0.375000 -15.814726
v 11.557614 0.375000 -15.106897
v 11.965813 1.462500 -15.849380
v 12.038956 1.500000 -15.876810
v 12.028092 1.125000 -15.882994
v 11.954949 1.162500 -15.855563
v 11.552274 2.212500 -15.072244
v 11.566040 2.250000 -14.995348
v 12.060684 2.250000 -15.864445
v 11.987540 2.212500 -15.837013
v 11.954949 1.087500 -15.855563
v 12.028092 1.125000 -15.882994
v 12.017229 0.750000 -15.889176
v 11.944086 0.787500 -15.861746
v 11.998404 2.587500 -15.830831
v 12.071548 2.625000 -15.858261
v 12.060684 2.250000 -15.864445
v 11.987540 2.287500 -15.837013
v 11.563138 2.587500 -15.066061
v 11.576904 2.625000 -14.989165
v 12.071548 2.625000 -15.858261
v 11.998404 2.587500 -15.830831
v 11.541410 1.837500 -15.078426
v 11.555177 1.875000 -15.001532
v 12.049820 1.875000 -15.870627
v 11.976677 1.837500 -15.843197
v 11.976677 1.837500 -15.843197
v 12.049820 1.875000 -15.870627
v 12.038956 1.500000 -15.876810
v 11.965813 1.537500 -15.849380
v 11.508820 0.787500 -15.096975
v 11.944086 0.787500 -15.861746
v 12.017229 0.750000 -15.889176
v 11.522585 0.750000 -15.020081
v 11.965813 1.537500 -15.849380
v 12.038956 1.500000 -15.876810
v 11.544313 1.500000 -15.007714
v 11.530546 1.537500 -15.084610
v 11.563138 2.587500 -15.066061
v 11.998404 2.587500 -15.830831
v 11.987540 2.287500 -15.837013
v 11.552274 2.287500 -15.072244
v 11.541410 1.837500 -15.078426
v 11.976677 1.837500 -15.843197
v 11.965813 1.537500 -15.849380
v 11.530546 1.537500 -15.084610
v 11.519683 1.087500 -15.090793
v 11.954949 1.087500 -15.855563
v 11.944086 0.787500 -15.861746
v 11.508820 0.787500 -15.096975
v 11.519683 1.162500 -15.090793
v 11.954949 1.162500 -15.855563
v 12.028092 1.125000 -15.882994
v 11.533449 1.125000 -15.013898
v 11.568569 2.662500 -15.062969
v 11.998404 2.662500 -15.830831
v 12.071548 2.625000 -15.858261
v 11.576904 2.625000 -14.989165
v 11.411898 0.000000 -15.189831
v 11.814756 0.000000 -15.897660
v 11.900974 -0.000000 -15.955343
v 11.406330 -0.000000 -15.086246
v 11.568569 2.662500 -15.062969
v 11.576904 2.625000 -14.989165
v 11.586887 3.032487 -14.983484
v 11.568569 2.995379 -15.062969
v 11.552274 2.212500 -15.072244
v 11.987540 2.212500 -15.837013
v 11.976677 1.912500 -15.843197
v 11.541410 1.912500 -15.078426
v 11.530546 1.462500 -15.084610
v 11.965813 1.462500 -15.849380
v 11.954949 1.162500 -15.855563
v 11.519683 1.162500 -15.090793
v 11.508820 0.712500 -15.096975
v 11.944086 0.712500 -15.861746
v 11.933222 0.412500 -15.867929
v 11.497955 0.412500 -15.103159
v 12.693747 0.000000 -15.504139
v 12.199102 0.000000 -14.635043
v 11.420980 0.313566 -15.184661
v 11.823840 0.313566 -15.892490
v 11.814756 0.000000 -15.897660
v 11.411898 0.000000 -15.189831
v 11.987540 2.287500 -15.837013
v 12.060684 2.250000 -15.864445
v 11.566040 2.250000 -14.995348
v 11.552274 2.287500 -15.072244
v 11.541410 1.912500 -15.078426
v 11.976677 1.912500 -15.843197
v 12.049820 1.875000 -15.870627
v 11.555177 1.875000 -15.001532
v 11.879042 0.375000 -15.861073
v 11.823840 0.313566 -15.892490
v 11.420980 0.313566 -15.184661
v 11.476182 0.375000 -15.153244
v 11.414827 0.293274 -15.081411
v 11.406330 -0.000000 -15.086246
v 11.510378 0.328626 -15.027028
v 11.446592 0.328626 -15.063332
v 11.548140 0.355133 -15.005537
v 11.533449 1.125000 -15.013898
v 11.544313 1.500000 -15.007714
v 11.530546 1.462500 -15.084610
v 11.519683 1.162500 -15.090793
v 11.555177 1.875000 -15.001532
v 11.566040 2.250000 -14.995348
v 11.552274 2.212500 -15.072244
v 11.541410 1.912500 -15.078426
v 11.513064 0.421348 -15.025499
v 11.566040 2.250000 -14.995348
v 11.576904 2.625000 -14.989165
v 11.563138 2.587500 -15.066061
v 11.552274 2.287500 -15.072244
v 11.522585 0.750000 -15.020081
v 11.533449 1.125000 -15.013898
v 11.519683 1.087500 -15.090793
v 11.508820 0.787500 -15.096975
v 11.544313 1.500000 -15.007714
v 11.555177 1.875000 -15.001532
v 11.541410 1.837500 -15.078426
v 11.530546 1.537500 -15.084610
v 11.522585 0.750000 -15.020081
v 11.508820 0.712500 -15.096975
v 11.497955 0.412500 -15.103159
v 11.502513 0.400084 -15.077700
v 11.513064 0.421348 -15.025499
v 11.814756 0.000000 -15.897660
v 11.823840 0.313566 -15.892490
v 11.909470 0.293274 -15.950507
v 11.900974 -0.000000 -15.955343
v 11.960473 0.375000 -15.814726
v 12.005022 0.328626 -15.896124
v 11.941236 0.328626 -15.932428
v 11.879042 0.375000 -15.861073
v 11.411898 0.000000 -15.189831
v 11.406330 -0.000000 -15.086246
v 11.414827 0.293274 -15.081411
v 11.420980 0.313566 -15.184661
v 11.420980 0.313566 -15.184661
v 11.414827 0.293274 -15.081411
v 11.446592 0.328626 -15.063332
v 11.476182 0.375000 -15.153244
v 11.446592 0.328626 -15.063332
v 11.510378 0.328626 -15.027028
v 11.557614 0.375000 -15.106897
v 11.476182 0.375000 -15.153244
v 11.909470 0.293274 -15.950507
v 11.941236 0.328626 -15.932428
v 12.693747 3.032257 -15.504139
v 12.081522 3.032148 -15.852585
v 12.047658 3.068453 -15.791018
v 12.659056 3.068453 -15.443188
v 12.047658 3.068453 -15.791018
v 12.081522 3.032148 -15.852585
v 12.008189 2.994375 -15.825261
v 11.973812 3.030953 -15.763367
v 11.568569 2.995379 -15.062969
v 11.586887 3.032487 -14.983484
v 11.622316 3.068453 -15.043685
v 11.603431 3.030953 -15.123221
v 12.199097 3.035029 -14.635034
v 12.233597 3.068453 -14.695650
v 11.622316 3.068453 -15.043685
v 11.586887 3.032487 -14.983484
v 12.081522 3.032148 -15.852585
v 12.693747 3.032257 -15.504139
v 14.496466 2.250000 -18.604107
v 14.460732 2.287500 -18.665125
v 15.305211 2.287500 -18.444427
v 15.292568 2.250000 -18.396051
v 14.384838 0.375000 -18.794724
v 15.332063 0.375000 -18.547173
v 15.348123 0.313566 -18.608624
v 14.339447 0.313566 -18.872234
v 14.433933 1.087500 -18.710888
v 15.314693 1.087500 -18.480709
v 15.317854 0.787500 -18.492802
v 14.425000 0.787500 -18.726143
v 14.425000 0.712500 -18.726143
v 15.317854 0.712500 -18.492802
v 15.321014 0.412500 -18.504896
v 14.416067 0.412500 -18.741398
v 14.451799 0.375000 -18.680378
v 14.416067 0.412500 -18.741398
v 15.321014 0.412500 -18.504896
v 15.308372 0.375000 -18.456520
v 14.451799 1.837500 -18.680378
v 15.308372 1.837500 -18.456520
v 15.311533 1.537500 -18.468615
v 14.442866 1.537500 -18.695633
v 14.469666 1.125000 -18.649870
v 15.302051 1.125000 -18.432333
v 15.314693 1.087500 -18.480709
v 14.433933 1.087500 -18.710888
v 14.442866 1.462500 -18.695633
v 15.311533 1.462500 -18.468615
v 15.314693 1.162500 -18.480709
v 14.433933 1.162500 -18.710888
v 14.505399 2.625000 -18.588852
v 15.289408 2.625000 -18.383957
v 15.302051 2.587500 -18.432333
v 14.469666 2.587500 -18.649870
v 14.469666 2.587500 -18.649870
v 15.302051 2.587500 -18.432333
v 15.305211 2.287500 -18.444427
v 14.460732 2.287500 -18.665125
v 14.460732 2.212500 -18.665125
v 15.305211 2.212500 -18.444427
v 15.308372 1.912500 -18.456520
v 14.451799 1.912500 -18.680378
v 14.460732 0.750000 -18.665125
v 15.305211 0.750000 -18.444427
v 15.317854 0.712500 -18.492802
v 14.425000 0.712500 -18.726143
v 14.469666 1.125000 -18.649870
v 14.433933 1.162500 -18.710888
v 15.314693 1.162500 -18.480709
v 15.302051 1.125000 -18.432333
v 14.478600 2.962500 -18.634615
v 15.269865 2.962500 -18.427826
v 15.273026 2.662500 -18.439919
v 14.469666 2.662500 -18.649870
v 14.478600 1.500000 -18.634615
v 15.298890 1.500000 -18.420238
v 15.311533 1.462500 -18.468615
v 14.442866 1.462500 -18.695633
v 14.487533 1.875000 -18.619362
v 15.295730 1.875000 -18.408146
v 15.308372 1.837500 -18.456520
v 14.451799 1.837500 -18.680378
v 14.505399 2.625000 -18.588852
v 14.469666 2.662500 -18.649870
v 15.273026 2.662500 -18.439919
v 15.289408 2.625000 -18.383957
v 14.451799 0.375000 -18.680378
v 15.308372 0.375000 -18.456520
v 15.332063 0.375000 -18.547173
v 14.384838 0.375000 -18.794724
v 14.514332 3.000000 -18.573599
v 15.286247 3.000000 -18.371864
v 15.269865 2.962500 -18.427826
v 14.478600 2.962500 -18.634615
v 14.339447 0.313566 -18.872234
v 15.348123 0.313566 -18.608624
v 15.350765 0.000000 -18.618736
v 14.331977 0.000000 -18.884991
v 14.478600 1.500000 -18.634615
v 14.442866 1.537500 -18.695633
v 15.311533 1.537500 -18.468615
v 15.298890 1.500000 -18.420238
v 14.496466 2.250000 -18.604107
v 15.292568 2.250000 -18.396051
v 15.305211 2.212500 -18.444427
v 14.460732 2.212500 -18.665125
v 14.487533 1.875000 -18.619362
v 14.451799 1.912500 -18.680378
v 15.308372 1.912500 -18.456520
v 15.295730 1.875000 -18.408146
v 14.460732 0.750000 -18.665125
v 14.425000 0.787500 -18.726143
v 15.317854 0.787500 -18.492802
v 15.305211 0.750000 -18.444427
v 14.255206 2.662500 -17.829262
v 14.469666 2.662500 -18.649870
v 14.505399 2.625000 -18.588852
v 14.299958 2.625000 -17.802753
v 14.191113 0.787501 -17.831200
v 14.425000 0.787500 -18.726143
v 14.460732 0.750000 -18.665125
v 14.239489 0.750000 -17.818558
v 14.191113 0.787501 -17.831200
v 14.203207 1.087500 -17.828039
v 14.433933 1.087500 -18.710888
v 14.425000 0.787500 -18.726143
v 14.267300 2.962500 -17.826101
v 14.312052 3.000000 -17.799593
v 14.514332 3.000000 -18.573599
v 14.478600 2.962500 -18.634615
v 14.255206 2.662500 -17.829262
v 14.267300 2.962500 -17.826101
v 14.478600 2.962500 -18.634615
v 14.469666 2.662500 -18.649870
v 14.251583 2.587501 -17.815395
v 14.299958 2.625000 -17.802753
v 14.505399 2.625000 -18.588852
v 14.469666 2.587500 -18.649870
v 14.239489 2.212501 -17.818558
v 14.287864 2.250000 -17.805916
v 14.496466 2.250000 -18.604107
v 14.460732 2.212500 -18.665125
v 14.227395 1.912501 -17.821718
v 14.239489 2.212501 -17.818558
v 14.460732 2.212500 -18.665125
v 14.451799 1.912500 -18.680378
v 14.239489 2.287500 -17.818558
v 14.460732 2.287500 -18.665125
v 14.496466 2.250000 -18.604107
v 14.287864 2.250000 -17.805916
v 14.227395 1.912501 -17.821718
v 14.451799 1.912500 -18.680378
v 14.487533 1.875000 -18.619362
v 14.275770 1.875000 -17.809074
v 14.203207 1.162501 -17.828039
v 14.215302 1.462500 -17.824879
v 14.442866 1.462500 -18.695633
v 14.433933 1.162500 -18.710888
v 14.227395 1.837500 -17.821718
v 14.275770 1.875000 -17.809074
v 14.487533 1.875000 -18.619362
v 14.451799 1.837500 -18.680378
v 14.075291 0.313567 -17.861469
v 14.136743 0.375000 -17.845409
v 14.384838 0.375000 -18.794724
v 14.339447 0.313566 -18.872234
v 14.215302 1.462500 -17.824879
v 14.263677 1.500000 -17.812237
v 14.478600 1.500000 -18.634615
v 14.442866 1.462500 -18.695633
v 14.179020 0.412501 -17.834360
v 14.191113 0.712500 -17.831200
v 14.425000 0.712500 -18.726143
v 14.416067 0.412500 -18.741398
v 14.215302 1.537501 -17.824879
v 14.442866 1.537500 -18.695633
v 14.478600 1.500000 -18.634615
v 14.263677 1.500000 -17.812237
v 14.136743 0.375000 -17.845409
v 14.227395 0.375000 -17.821718
v 14.203207 1.162501 -17.828039
v 14.433933 1.162500 -18.710888
v 14.469666 1.125000 -18.649870
v 14.251583 1.125000 -17.815395
v 14.191113 0.712500 -17.831200
v 14.239489 0.750000 -17.818558
v 14.460732 0.750000 -18.665125
v 14.425000 0.712500 -18.726143
v 14.065179 0.000000 -17.864113
v 14.075291 0.313567 -17.861469
v 14.339447 0.313566 -18.872234
v 14.331977 0.000000 -18.884991
v 14.239489 2.287500 -17.818558
v 14.251583 2.587501 -17.815395
v 14.469666 2.587500 -18.649870
v 14.460732 2.287500 -18.665125
v 14.179020 0.412501 -17.834360
v 14.416067 0.412500 -18.741398
v 14.451799 0.375000 -18.680378
v 14.227395 0.375000 -17.821718
v 14.203207 1.087500 -17.828039
v 14.251583 1.125000 -17.815395
v 14.469666 1.125000 -18.649870
v 14.433933 1.087500 -18.710888
v 14.215302 1.537501 -17.824879
v 14.227395 1.837500 -17.821718
v 14.451799 1.837500 -18.680378
v 14.442866 1.537500 -18.695633
v 15.289408 2.625000 -18.383957
v 15.273026 2.662500 -18.439919
v 15.269865 2.962500 -18.427826
v 15.286247 3.000000 -18.371864
v 14.299958 2.625000 -17.802753
v 14.312052 3.000000 -17.799593
v 14.267300 2.962500 -17.826101
v 14.255206 2.662500 -17.829262
v 15.348123 0.313566 -18.608624
v 15.210392 0.000000 -18.081612
v 15.350765 0.000000 -18.618736
v 15.210392 2.120505 -18.081612
v 15.210392 3.000000 -18.081612
v 15.210392 1.509375 -18.081612
v 14.600216 1.335938 -17.724283
v 15.317854 0.712500 -18.492802
v 15.332063 0.375000 -18.547173
v 15.311533 1.462500 -18.468615
v 15.314693 1.087500 -18.480709
v 15.308372 1.837500 -18.456520
v 15.286247 3.000000 -18.371864
v 15.210392 3.000000 -18.081612
v 15.289408 2.625000 -18.383957
v 15.210392 2.120505 -18.081612
v 15.308372 1.837500 -18.456520
v 15.295730 1.875000 -18.408146
v 15.305211 2.212500 -18.444427
v 15.302051 2.587500 -18.432333
v 14.600176 0.000000 -17.724295
v 14.065179 0.000000 -17.864113
v 14.600216 3.000000 -17.724283
v 14.600216 2.606251 -17.724283
v 14.600216 2.062500 -17.724283
v 14.600217 0.377387 -17.724283
v 14.191113 0.712500 -17.831200
v 14.179020 0.412501 -17.834360
v 14.203207 1.162501 -17.828039
v 14.251583 1.125000 -17.815395
v 14.203207 1.087500 -17.828039
v 14.227395 1.837500 -17.821718
v 14.215302 1.462500 -17.824879
v 14.600216 2.606251 -17.724283
v 14.251583 2.587501 -17.815395
v 14.275770 1.875000 -17.809074
v 14.227395 1.837500 -17.821718
v 14.600216 2.062500 -17.724283
v 14.239489 2.212501 -17.818558
v 14.600216 3.000000 -17.724283
v 14.312052 3.000000 -17.799593
v 14.299958 2.625000 -17.802753
v 15.210392 3.000000 -18.081612
v 15.286247 3.000000 -18.371864
v 19.110666 3.030953 -19.580685
v 18.377331 3.030953 -19.484831
v 18.325726 3.068453 -19.421429
v 19.177557 3.068453 -19.538929
v 19.177557 3.068453 -19.538929
v 18.325726 3.068453 -19.421429
v 18.421736 3.068453 -18.724598
v 19.273800 3.068453 -18.842129
v 19.130487 0.375000 -19.715349
v 18.323685 0.375000 -19.604059
v 18.336487 0.375000 -19.511242
v 19.143291 0.375000 -19.622532
v 19.218630 -0.000000 -19.755337
v 19.234989 0.328626 -19.636740
v 19.241535 0.375000 -19.589272
v 19.190857 0.400084 -19.662855
v 19.168911 0.412500 -19.676538
v 19.170618 0.712500 -19.664156
v 19.236908 0.750000 -19.622826
v 19.235411 0.421348 -19.633678
v 19.235411 0.421348 -19.633678
v 19.180696 2.994375 -19.591089
v 19.247017 3.032148 -19.549543
v 19.245447 2.625000 -19.560913
v 19.179159 2.662500 -19.602242
v 19.177450 2.212500 -19.614624
v 19.243740 2.250000 -19.573296
v 19.242031 1.875000 -19.585678
v 19.175743 1.912500 -19.627007
v 19.172327 1.087500 -19.651773
v 18.300621 1.087500 -19.531530
v 18.247995 1.125000 -19.473799
v 19.238615 1.125000 -19.610443
v 19.170618 0.712500 -19.664156
v 18.298912 0.712500 -19.543913
v 18.246288 0.750000 -19.486181
v 19.236908 0.750000 -19.622826
v 19.174034 1.462500 -19.639391
v 18.302328 1.462500 -19.519148
v 18.249704 1.500000 -19.461414
v 19.240324 1.500000 -19.598061
v 19.179159 2.662500 -19.602242
v 18.308306 2.662500 -19.475807
v 18.308306 2.995379 -19.475807
v 18.377331 3.030953 -19.484831
v 19.110666 3.030953 -19.580685
v 19.180696 2.994375 -19.591089
v 18.279781 0.400084 -19.537182
v 18.297205 0.412500 -19.556297
v 19.168911 0.412500 -19.676538
v 19.190857 0.400084 -19.662855
v 19.143291 0.375000 -19.622532
v 18.336487 0.375000 -19.511242
v 19.174034 1.462500 -19.639391
v 19.240324 1.500000 -19.598061
v 19.238615 1.125000 -19.610443
v 19.172327 1.162500 -19.651773
v 19.177450 2.212500 -19.614624
v 18.305744 2.212500 -19.494381
v 18.253120 2.250000 -19.436649
v 19.243740 2.250000 -19.573296
v 19.172327 1.087500 -19.651773
v 19.238615 1.125000 -19.610443
v 19.236908 0.750000 -19.622826
v 19.170618 0.787500 -19.664156
v 19.179159 2.587500 -19.602242
v 19.245447 2.625000 -19.560913
v 19.243740 2.250000 -19.573296
v 19.177450 2.287500 -19.614624
v 18.307453 2.587500 -19.482000
v 18.254827 2.625000 -19.424267
v 19.245447 2.625000 -19.560913
v 19.179159 2.587500 -19.602242
v 18.304037 1.837500 -19.506765
v 18.251411 1.875000 -19.449032
v 19.242031 1.875000 -19.585678
v 19.175743 1.837500 -19.627007
v 19.175743 1.837500 -19.627007
v 19.242031 1.875000 -19.585678
v 19.240324 1.500000 -19.598061
v 19.174034 1.537500 -19.639391
v 19.170618 0.787500 -19.664156
v 19.236908 0.750000 -19.622826
v 18.246288 0.750000 -19.486181
v 18.298912 0.787500 -19.543913
v 19.174034 1.537500 -19.639391
v 19.240324 1.500000 -19.598061
v 18.249704 1.500000 -19.461414
v 18.302328 1.537500 -19.519148
v 18.307453 2.587500 -19.482000
v 19.179159 2.587500 -19.602242
v 19.177450 2.287500 -19.614624
v 18.305744 2.287500 -19.494381
v 18.304037 1.837500 -19.506765
v 19.175743 1.837500 -19.627007
v 19.174034 1.537500 -19.639391
v 18.302328 1.537500 -19.519148
v 18.300621 1.087500 -19.531530
v 19.172327 1.087500 -19.651773
v 19.170618 0.787500 -19.664156
v 18.298912 0.787500 -19.543913
v 19.172327 1.162500 -19.651773
v 19.238615 1.125000 -19.610443
v 18.247995 1.125000 -19.473799
v 18.300621 1.162500 -19.531530
v 18.308306 2.662500 -19.475807
v 19.179159 2.662500 -19.602242
v 19.245447 2.625000 -19.560913
v 18.254827 2.625000 -19.424267
v 18.313578 0.000000 -19.677334
v 19.120380 0.000000 -19.788624
v 19.218630 -0.000000 -19.755337
v 18.228010 -0.000000 -19.618692
v 18.308306 2.662500 -19.475807
v 18.254827 2.625000 -19.424267
v 18.256397 3.032487 -19.412888
v 18.308306 2.995379 -19.475807
v 18.304037 1.912500 -19.506765
v 18.305744 2.212500 -19.494381
v 19.177450 2.212500 -19.614624
v 19.175743 1.912500 -19.627007
v 18.302328 1.462500 -19.519148
v 19.174034 1.462500 -19.639391
v 19.172327 1.162500 -19.651773
v 18.300621 1.162500 -19.531530
v 18.298912 0.712500 -19.543913
v 19.170618 0.712500 -19.664156
v 19.168911 0.412500 -19.676538
v 18.297205 0.412500 -19.556297
v 19.343275 0.000000 -18.851713
v 18.352655 0.000000 -18.715069
v 18.315004 0.313566 -19.666979
v 19.121809 0.313566 -19.778269
v 19.120380 0.000000 -19.788624
v 18.313578 0.000000 -19.677334
v 19.177450 2.287500 -19.614624
v 19.243740 2.250000 -19.573296
v 18.253120 2.250000 -19.436649
v 18.305744 2.287500 -19.494381
v 18.304037 1.912500 -19.506765
v 19.175743 1.912500 -19.627007
v 19.242031 1.875000 -19.585678
v 18.251411 1.875000 -19.449032
v 19.130487 0.375000 -19.715349
v 19.121809 0.313566 -19.778269
v 18.315004 0.313566 -19.666979
v 18.323685 0.375000 -19.604059
v 18.229345 0.293274 -19.609007
v 18.228010 -0.000000 -19.618692
v 18.244368 0.328626 -19.500095
v 18.234339 0.328626 -19.572800
v 18.250305 0.355133 -19.457054
v 18.247995 1.125000 -19.473799
v 18.249704 1.500000 -19.461414
v 18.302328 1.462500 -19.519148
v 18.300621 1.162500 -19.531530
v 18.251411 1.875000 -19.449032
v 18.253120 2.250000 -19.436649
v 18.305744 2.212500 -19.494381
v 18.304037 1.912500 -19.506765
v 18.244791 0.421348 -19.497032
v 18.253120 2.250000 -19.436649
v 18.254827 2.625000 -19.424267
v 18.307453 2.587500 -19.482000
v 18.305744 2.287500 -19.494381
v 18.246288 0.750000 -19.486181
v 18.247995 1.125000 -19.473799
v 18.300621 1.087500 -19.531530
v 18.298912 0.787500 -19.543913
v 18.249704 1.500000 -19.461414
v 18.251411 1.875000 -19.449032
v 18.304037 1.837500 -19.506765
v 18.302328 1.537500 -19.519148
v 18.246288 0.750000 -19.486181
v 18.298912 0.712500 -19.543913
v 18.297205 0.412500 -19.556297
v 18.279781 0.400084 -19.537182
v 18.244791 0.421348 -19.497032
v 19.120380 0.000000 -19.788624
v 19.121809 0.313566 -19.778269
v 19.219965 0.293274 -19.745651
v 19.218630 -0.000000 -19.755337
v 19.143291 0.375000 -19.622532
v 19.234989 0.328626 -19.636740
v 19.224958 0.328626 -19.709446
v 19.130487 0.375000 -19.715349
v 18.313578 0.000000 -19.677334
v 18.228010 -0.000000 -19.618692
v 18.229345 0.293274 -19.609007
v 18.315004 0.313566 -19.666979
v 18.323685 0.375000 -19.604059
v 18.315004 0.313566 -19.666979
v 18.229345 0.293274 -19.609007
v 18.234339 0.328626 -19.572800
v 18.234339 0.328626 -19.572800
v 18.244368 0.328626 -19.500095
v 18.336487 0.375000 -19.511242
v 18.323685 0.375000 -19.604059
v 19.219965 0.293274 -19.745651
v 19.224958 0.328626 -19.709446
v 19.343275 3.032257 -18.851713
v 19.247017 3.032148 -19.549543
v 19.177557 3.068453 -19.538929
v 19.273800 3.068453 -18.842129
v 19.177557 3.068453 -19.538929
v 19.247017 3.032148 -19.549543
v 19.180696 2.994375 -19.591089
v 19.110666 3.030953 -19.580685
v 18.308306 2.995379 -19.475807
v 18.256397 3.032487 -19.412888
v 18.325726 3.068453 -19.421429
v 18.377331 3.030953 -19.484831
v 18.352644 3.035029 -18.715067
v 18.421736 3.068453 -18.724598
v 18.325726 3.068453 -19.421429
v 18.256397 3.032487 -19.412888
v 19.247017 3.032148 -19.549543
v 19.343275 3.032257 -18.851713
vt 0.000000 0.000000
vt 0.000000 0.000000
vt 0.000000 0.000000
vn 0.0075 -0.0000 -1.0000
vn -0.0234 -0.9997 -0.0002
vn -1.0000 -0.0000 -0.0075
vn -1.0000 -0.0001 -0.0075
vn -0.0000 1.0000 -0.0000
vn -0.0000 -1.0000 -0.0000
vn -0.9981 -0.0000 0.0616
vn 0.9981 -0.0000 -0.0616
vn -0.4079 0.6429 0.6482
vn -0.4079 0.6429 0.6483
vn -0.4079 0.6430 0.6482
vn -0.2958 -0.6543 0.6960
vn 0.3147 -0.5019 0.8056
vn 0.4434 -0.8944 -0.0589
vn 0.4145 0.7876 0.4558
vn -0.2872 0.6788 0.6758
vn -0.4474 -0.8944 -0.0039
vn 0.3147 -0.5019 0.8057
vn 0.4435 -0.8944 -0.0589
vn -0.2872 0.6788 0.6759
vn -0.4473 -0.8944 -0.0039
vn 1.0000 -0.0000 0.0075
vn -0.0045 -0.8000 0.6000
vn -0.0052 0.7188 0.6952
vn -0.0075 0.0416 0.9991
vn -0.0045 0.8000 0.6000
vn -0.0075 0.0333 0.9994
vn 0.6000 -0.8000 0.0045
vn 0.5999 -0.8000 0.0045
vn 0.9991 0.0416 0.0075
vn 0.6000 0.8000 0.0045
vn 0.6952 0.7188 0.0052
vn 0.5999 0.8000 0.0045
vn 0.9994 0.0333 0.0075
vn -0.8612 0.0191 0.5079
vn -0.8612 0.0191 0.5080
vn -1.0000 0.0004 -0.0075
vn -1.0000 -0.0001 -0.0076
vn 0.0337 0.8170 0.5757
vn -0.5908 0.0286 0.8063
vn -0.5922 0.0236 0.8055
vn -0.5921 0.0236 0.8055
vn -0.5913 0.0284 0.8060
vn 0.0370 0.8000 0.5989
vn 0.0616 0.0170 0.9980
vn 0.0370 -0.8000 0.5989
vn 0.0369 -0.8000 0.5989
vn -0.5912 0.0284 0.8060
vn 0.0615 0.0416 0.9972
vn 0.0405 -0.7809 0.6234
vn 0.6825 0.0120 0.7308
vn 0.6826 0.0120 0.7307
vn 0.6825 0.0120 0.7307
vn 0.0616 0.0333 0.9975
vn 0.0428 0.7188 0.6939
vn 0.6859 0.0284 0.7272
vn 0.6858 0.0284 0.7272
vn 0.6854 0.0286 0.7276
vn -0.3912 0.0298 0.9198
vn -0.4462 0.8945 0.0275
vn -0.4463 0.8945 0.0275
vn 0.5013 0.0298 0.8648
vn 0.4846 0.6429 0.5932
vn 0.4463 0.8945 -0.0275
vn 0.4462 0.8945 -0.0275
vn -0.4580 0.8885 0.0282
vn -0.4582 0.8884 0.0284
vn -0.4580 0.8885 0.0286
vn -0.2377 0.5716 0.7854
vn -0.2377 0.5716 0.7853
vn -0.2379 0.5716 0.7853
vn -0.2378 0.5716 0.7853
vn 0.3481 0.6065 0.7149
vn 0.3479 0.6065 0.7149
vn 0.3478 0.6065 0.7150
vn 0.3480 0.6065 0.7149
vn 0.4444 0.8955 -0.0258
vn 0.6855 0.0286 0.7276
vn 0.4846 0.6429 0.5931
vn 0.4845 0.6430 0.5931
vn -0.4579 0.8886 0.0282
vn -0.4579 0.8886 0.0284
vn -0.4581 0.8885 0.0285
vn -0.4578 0.8886 0.0283
vn 0.3480 0.6065 0.7148
vn -0.6000 -0.8000 -0.0045
vn -0.6952 0.7188 -0.0052
vn -0.9991 0.0416 -0.0075
vn -0.6000 0.8000 -0.0045
vn -0.9994 0.0333 -0.0075
vn -0.5080 0.0191 -0.8612
vn -0.5079 0.0191 -0.8612
vn 0.9591 0.0102 0.2827
vn 0.9592 0.0102 0.2827
vn 0.0076 -0.0001 -1.0000
vn 1.0000 -0.0000 -0.0062
vn -0.0001 -0.9997 -0.0234
vn -0.0062 -0.0000 -1.0000
vn -0.0062 -0.0001 -1.0000
vn -0.0000 1.0000 -0.0000
vn -0.0000 -1.0000 -0.0000
vn -0.0753 -0.0000 -0.9972
vn 0.0752 -0.0000 0.9972
vn 0.0753 -0.0000 0.9972
vn -0.6538 0.6429 -0.3990
vn -0.6538 0.6430 -0.3990
vn -0.7000 -0.6543 -0.2862
vn -0.8013 -0.5019 0.3257
vn 0.0650 -0.8944 0.4426
vn -0.4501 0.7876 0.4207
vn -0.6797 0.6788 -0.2780
vn -0.0022 -0.8944 -0.4474
vn -0.7000 -0.6543 -0.2863
vn 0.0062 -0.0000 1.0000
vn -0.6000 -0.8000 0.0037
vn -0.6952 0.7188 0.0043
vn -0.9991 0.0416 0.0062
vn -0.6000 0.8000 0.0037
vn -0.9994 0.0333 0.0062
vn 0.0037 -0.8000 0.6000
vn 0.0037 -0.8000 0.5999
vn 0.0062 0.0416 0.9991
vn 0.0037 0.8000 0.6000
vn 0.0043 0.7188 0.6952
vn 0.0037 0.8000 0.5999
vn 0.0062 0.0333 0.9994
vn -0.5197 0.0191 -0.8541
vn -0.0062 0.0004 -1.0000
vn -0.0061 -0.0001 -1.0000
vn -0.5751 0.8170 0.0416
vn -0.5751 0.8170 0.0415
vn -0.8143 0.0286 -0.5797
vn -0.8135 0.0236 -0.5811
vn -0.8140 0.0284 -0.5802
vn -0.5983 0.8000 0.0452
vn -0.9970 0.0170 0.0753
vn -0.5983 -0.8000 0.0452
vn -0.5983 -0.8000 0.0451
vn -0.9963 0.0416 0.0752
vn -0.6228 -0.7809 0.0490
vn -0.7213 0.0120 0.6925
vn -0.7214 0.0120 0.6925
vn -0.9966 0.0333 0.0752
vn -0.6933 0.7188 0.0523
vn -0.7177 0.0284 0.6958
vn -0.7177 0.0284 0.6957
vn -0.7181 0.0286 0.6953
vn -0.9251 0.0298 -0.3786
vn -0.0336 0.8945 -0.4458
vn -0.8578 0.0298 0.5131
vn -0.5865 0.6429 0.4926
vn 0.0337 0.8945 0.4458
vn 0.0336 0.8945 0.4458
vn -0.0752 -0.0000 -0.9972
vn -0.0347 0.8884 -0.4578
vn -0.0346 0.8884 -0.4578
vn -0.7886 0.5716 -0.2269
vn -0.7885 0.5716 -0.2270
vn -0.7885 0.5716 -0.2271
vn -0.7100 0.6065 0.3578
vn -0.7101 0.6065 0.3576
vn -0.7101 0.6065 0.3575
vn -0.7101 0.6065 0.3577
vn 0.0318 0.8955 0.4440
vn -0.5752 0.8170 0.0416
vn -0.9970 0.0170 0.0752
vn -0.7214 0.0120 0.6924
vn -0.9251 0.0298 -0.3785
vn -0.5865 0.6430 0.4926
vn -0.0346 0.8886 -0.4575
vn -0.0346 0.8886 -0.4573
vn -0.0037 -0.8000 -0.6000
vn -0.0043 0.7188 -0.6952
vn -0.0062 0.0416 -0.9991
vn -0.0037 0.8000 -0.6000
vn -0.0062 0.0333 -0.9994
vn 0.8541 0.0191 -0.5197
vn -0.2696 0.0102 0.9629
vn 1.0000 -0.0001 -0.0061
vn 1.0000 -0.0000 -0.0062
vn -1.0000 -0.0000 0.0062
vn 0.4432 0.6429 -0.6246
vn 0.4432 0.6430 -0.6246
vn 0.3339 -0.6543 -0.6785
vn -0.2695 -0.5019 -0.8218
vn -0.4461 -0.8944 0.0342
vn -0.3886 0.7876 -0.4781
vn 0.3243 0.6788 -0.6589
vn 0.4464 -0.8944 0.0287
vn -0.0000 1.0000 -0.0000
vn -1.0000 -0.0000 0.0061
vn -0.0000 -1.0000 -0.0000
vn -0.0001 -0.9997 -0.0234
vn -0.0062 0.0001 -1.0000
vn -0.0062 -0.0000 -1.0000
vn -0.0062 -0.0001 -1.0000
vn 0.0062 -0.0000 1.0000
vn -0.6246 0.6429 -0.4433
vn -0.6246 0.6429 -0.4432
vn -0.6785 -0.6543 -0.3339
vn -0.8218 -0.5019 0.2695
vn 0.0342 -0.8944 0.4460
vn -0.4781 0.7876 0.3886
vn -0.6589 0.6788 -0.3243
vn 0.0287 -0.8944 -0.4464
vn 0.1244 -0.0000 -0.9922
vn -0.1244 -0.0000 0.9922
vn -0.5614 0.6429 -0.5210
vn -0.6291 -0.6543 -0.4196
vn -0.8500 -0.5019 0.1599
vn -0.0243 -0.8944 0.4467
vn -0.5248 0.7876 0.3229
vn -0.6109 0.6788 -0.4075
vn 0.0867 -0.8944 -0.4389
vn 0.4946 -0.0000 -0.8691
vn -0.4947 -0.0000 0.8691
vn -0.4946 -0.0000 0.8691
vn -0.3193 0.6429 -0.6962
vn -0.4207 -0.6543 -0.6285
vn -0.8465 -0.5019 -0.1775
vn -0.1934 -0.8944 0.4034
vn -0.6084 0.7876 0.0975
vn -0.4085 0.6788 -0.6103
vn 0.2481 -0.8944 -0.3723
vn -0.2529 -0.0000 0.9675
vn 0.3163 0.9482 0.0287
vn 0.9675 -0.0000 0.2528
vn 0.9675 -0.0000 0.2529
vn -0.2528 -0.0000 0.9675
vn 0.9675 -0.0001 0.2529
vn 0.9906 -0.0000 -0.1366
vn -0.9906 -0.0000 0.1366
vn 0.3579 0.6429 -0.6771
vn 0.2425 -0.6543 -0.7163
vn -0.3745 -0.5019 -0.7796
vn -0.4378 -0.8944 0.0922
vn -0.4477 0.7876 -0.4233
vn 0.2355 0.6788 -0.6956
vn 0.4464 -0.8944 -0.0298
vn -0.0017 0.8170 -0.5767
vn 0.6346 0.0286 -0.7723
vn 0.6346 0.0286 -0.7724
vn 0.6345 0.0286 -0.7724
vn 0.6359 0.0236 -0.7714
vn 0.6350 0.0284 -0.7720
vn 0.6351 0.0284 -0.7719
vn -0.0037 0.8000 -0.6000
vn -0.0063 0.0170 -0.9998
vn -0.0037 -0.8000 -0.6000
vn -0.0062 0.0416 -0.9991
vn -0.0060 -0.7809 -0.6247
vn -0.0060 -0.7809 -0.6246
vn -0.6410 0.0120 -0.7675
vn -0.0062 0.0333 -0.9994
vn -0.0043 0.7188 -0.6952
vn -0.6446 0.0284 -0.7640
vn -0.6445 0.0284 -0.7641
vn -0.6445 0.0284 -0.7640
vn -0.6440 0.0286 -0.7645
vn -0.6441 0.0286 -0.7644
vn 0.4416 0.0298 -0.8967
vn 0.4471 0.8945 -0.0028
vn -0.4526 0.0298 -0.8912
vn -0.4509 0.6430 -0.6191
vn -0.4509 0.6429 -0.6191
vn -0.4471 0.8945 0.0028
vn 0.4588 0.8886 -0.0029
vn 0.4586 0.8886 -0.0029
vn 0.2809 0.5716 -0.7710
vn 0.2811 0.5716 -0.7709
vn 0.2810 0.5716 -0.7709
vn -0.3079 0.6065 -0.7330
vn -0.3077 0.6065 -0.7331
vn -0.3076 0.6065 -0.7331
vn -0.3078 0.6065 -0.7331
vn -0.4451 0.8955 0.0011
vn -0.4451 0.8955 0.0010
vn 0.6000 -0.8000 -0.0037
vn 0.6952 0.7188 -0.0043
vn 0.9991 0.0416 -0.0062
vn 0.6000 0.8000 -0.0037
vn 0.9994 0.0333 -0.0062
vn -0.9629 0.0102 -0.2695
vn -0.9629 0.0102 -0.2696
vn -1.0000 -0.0000 0.0064
vn 0.0061 -0.0001 1.0000
vn -0.6000 -0.8000 0.0037
vn -0.6952 0.7188 0.0043
vn -0.9991 0.0416 0.0062
vn -0.6000 0.8000 0.0037
vn -0.9994 0.0333 0.0062
vn 0.0037 -0.8000 0.6000
vn 0.0062 0.0416 0.9991
vn 0.0037 0.8000 0.6000
vn 0.0043 0.7188 0.6952
vn 0.0062 0.0333 0.9994
vn -0.5197 0.0191 -0.8541
vn -0.5197 0.0191 -0.8542
vn -0.0062 -0.0003 -1.0000
vn -0.5767 0.8170 0.0017
vn -0.7724 0.0286 -0.6345
vn -0.7723 0.0286 -0.6346
vn -0.7714 0.0236 -0.6359
vn -0.7720 0.0284 -0.6350
vn -0.7719 0.0284 -0.6351
vn -0.9998 0.0170 0.0063
vn -0.6246 -0.7809 0.0060
vn -0.6247 -0.7809 0.0060
vn -0.7675 0.0120 0.6410
vn -0.7675 0.0120 0.6409
vn -0.7640 0.0284 0.6446
vn -0.7641 0.0284 0.6445
vn -0.7640 0.0284 0.6445
vn -0.7645 0.0286 0.6440
vn -0.7644 0.0286 0.6441
vn -0.8967 0.0298 -0.4416
vn -0.0028 0.8945 -0.4471
vn -0.8912 0.0298 0.4526
vn -0.6191 0.6430 0.4509
vn -0.6191 0.6429 0.4509
vn 0.0028 0.8945 0.4471
vn -0.0029 0.8886 -0.4588
vn -0.0029 0.8886 -0.4586
vn -0.7710 0.5716 -0.2809
vn -0.7709 0.5716 -0.2809
vn -0.7709 0.5716 -0.2811
vn -0.7709 0.5716 -0.2810
vn -0.7330 0.6065 0.3079
vn -0.7331 0.6065 0.3077
vn -0.7331 0.6065 0.3076
vn -0.7331 0.6065 0.3078
vn 0.0011 0.8955 0.4451
vn 0.0010 0.8955 0.4451
vn -0.5720 0.8170 -0.0736
vn -0.5719 0.8170 -0.0736
vn -0.6829 0.0286 -0.7300
vn -0.6818 0.0236 -0.7311
vn -0.6818 0.0236 -0.7312
vn -0.6824 0.0284 -0.7304
vn -0.5953 0.8000 -0.0746
vn -0.9921 0.0170 -0.1244
vn -0.5953 -0.8000 -0.0746
vn -0.5953 -0.8000 -0.0747
vn -0.9914 0.0416 -0.1243
vn -0.6201 -0.7809 -0.0757
vn -0.8446 0.0120 0.5352
vn -0.8446 0.0120 0.5353
vn -0.9917 0.0333 -0.1243
vn -0.6898 0.7188 -0.0865
vn -0.8416 0.0284 0.5393
vn -0.8417 0.0284 0.5393
vn -0.8420 0.0286 0.5388
vn -0.8419 0.0286 0.5388
vn -0.8314 0.0298 -0.5548
vn 0.0556 0.8945 -0.4436
vn -0.9427 0.0298 0.3324
vn -0.6727 0.6429 0.3663
vn -0.6727 0.6430 0.3662
vn -0.0556 0.8945 0.4436
vn 0.0570 0.8884 -0.4555
vn 0.0570 0.8885 -0.4554
vn -0.7276 0.5716 -0.3794
vn -0.7277 0.5716 -0.3791
vn -0.7276 0.5716 -0.3793
vn -0.7276 0.5716 -0.3792
vn -0.7670 0.6065 0.2096
vn -0.7670 0.6065 0.2095
vn -0.7670 0.6064 0.2097
vn -0.0570 0.8955 0.4415
vn -0.0570 0.8955 0.4414
vn -0.5003 0.8170 -0.2869
vn -0.3516 0.0286 -0.9357
vn -0.3501 0.0236 -0.9364
vn -0.3510 0.0284 -0.9359
vn -0.3510 0.0284 -0.9360
vn -0.5215 0.8000 -0.2968
vn -0.8690 0.0170 -0.4945
vn -0.8690 0.0170 -0.4946
vn -0.5215 -0.8000 -0.2968
vn -0.8683 0.0416 -0.4942
vn -0.5439 -0.7809 -0.3071
vn -0.5439 -0.7809 -0.3072
vn -0.9852 0.0120 0.1713
vn -0.9852 0.0120 0.1712
vn -0.9851 0.0120 0.1713
vn -0.8686 0.0333 -0.4944
vn -0.6042 0.7188 -0.3439
vn -0.9839 0.0284 0.1762
vn -0.9840 0.0284 0.1762
vn -0.9841 0.0286 0.1756
vn -0.9840 0.0286 0.1756
vn -0.5558 0.0298 -0.8308
vn 0.2212 0.8945 -0.3886
vn -0.9981 0.0298 -0.0536
vn -0.7616 0.6429 0.0810
vn -0.2212 0.8945 0.3886
vn 0.2268 0.8886 -0.3988
vn 0.2269 0.8884 -0.3990
vn -0.5273 0.5716 -0.6287
vn -0.5272 0.5716 -0.6287
vn -0.5271 0.5716 -0.6289
vn -0.5271 0.5716 -0.6288
vn -0.7888 0.6065 -0.0999
vn -0.7887 0.6065 -0.1001
vn -0.7887 0.6065 -0.1002
vn -0.7888 0.6065 -0.1000
vn -0.2216 0.8955 0.3860
vn -0.2216 0.8955 0.3861
vn 0.1517 -0.8000 -0.5805
vn 0.1758 0.7188 -0.6726
vn 0.2526 0.0416 -0.9667
vn 0.1517 0.8000 -0.5805
vn 0.2527 0.0333 -0.9670
vn -0.5805 -0.8000 -0.1517
vn -0.9667 0.0416 -0.2526
vn -0.5805 0.8000 -0.1517
vn -0.6726 0.7188 -0.1758
vn -0.9670 0.0333 -0.2527
vn 0.9595 0.0191 -0.2809
vn -0.5096 0.0102 0.8604
vn 0.9675 -0.0001 0.2527
vn -0.2529 -0.0001 0.9675
vn -0.0769 0.8170 -0.5715
vn 0.5283 0.0286 -0.8485
vn 0.5284 0.0286 -0.8485
vn 0.5283 0.0286 -0.8486
vn 0.9906 -0.0000 -0.1367
vn 0.5298 0.0236 -0.8478
vn 0.5288 0.0284 -0.8482
vn 0.5289 0.0284 -0.8482
vn -0.0820 0.8000 -0.5944
vn -0.1367 0.0170 -0.9905
vn -0.0820 -0.8000 -0.5944
vn -0.1365 0.0416 -0.9898
vn -0.0874 -0.7809 -0.6186
vn -0.0874 -0.7809 -0.6185
vn -0.7356 0.0120 -0.6773
vn -0.1366 0.0333 -0.9901
vn -0.0950 0.7188 -0.6887
vn -0.7388 0.0284 -0.6734
vn -0.7388 0.0284 -0.6733
vn -0.7383 0.0286 -0.6738
vn -0.7384 0.0286 -0.6738
vn 0.3207 0.0298 -0.9467
vn 0.4429 0.8945 -0.0611
vn -0.5651 0.0298 -0.8245
vn -0.5279 0.6429 -0.5549
vn -0.4429 0.8945 0.0611
vn 0.4543 0.8886 -0.0628
vn 0.4544 0.8886 -0.0628
vn 0.4547 0.8884 -0.0629
vn 0.4546 0.8885 -0.0628
vn 0.1781 0.5716 -0.8009
vn 0.1780 0.5716 -0.8010
vn 0.1779 0.5716 -0.8010
vn -0.4009 0.6065 -0.6866
vn -0.4008 0.6065 -0.6867
vn -0.4006 0.6065 -0.6867
vn -0.4411 0.8955 0.0592
vn -0.4412 0.8955 0.0592
f 1/1/1 2/1/1 3/1/1
f 4/1/2 5/1/2 6/1/2
f 7/1/3 8/1/3 9/1/3
f 10/1/4 11/1/4 12/1/4
f 10/1/4 13/1/4 14/1/4
f 15/1/4 16/1/4 17/1/4
f 15/1/4 18/1/4 19/1/4
f 20/1/5 21/1/5 22/1/5
f 23/1/6 24/1/6 25/1/6
f 26/1/3 27/1/3 28/1/3
f 21/1/5 20/1/5 29/1/5
f 30/1/7 31/1/7 32/1/7
f 33/1/7 31/1/7 30/1/7
f 34/1/7 31/1/7 33/1/7
f 35/1/7 31/1/7 34/1/7
f 36/1/8 37/1/8 38/1/8
f 39/1/8 40/1/8 36/1/8
f 36/1/8 40/1/8 41/1/8
f 38/1/8 42/1/8 36/1/8
f 43/1/8 41/1/8 40/1/8
f 42/1/8 39/1/8 36/1/8
f 41/1/8 43/1/8 44/1/8
f 45/1/9 46/1/10 47/1/9
f 45/1/9 47/1/9 48/1/11
f 49/1/12 50/1/12 51/1/12
f 52/1/13 53/1/13 54/1/13
f 55/1/14 56/1/14 57/1/14
f 58/1/15 59/1/15 60/1/15
f 61/1/16 62/1/16 63/1/16
f 64/1/17 65/1/17 66/1/17
f 67/1/7 31/1/7 35/1/7
f 68/1/7 69/1/7 70/1/7
f 71/1/7 69/1/7 68/1/7
f 72/1/7 69/1/7 71/1/7
f 73/1/7 69/1/7 72/1/7
f 74/1/7 69/1/7 73/1/7
f 75/1/8 76/1/8 77/1/8
f 78/1/8 79/1/8 75/1/8
f 75/1/8 79/1/8 80/1/8
f 77/1/8 81/1/8 75/1/8
f 82/1/8 80/1/8 79/1/8
f 81/1/8 78/1/8 75/1/8
f 80/1/8 82/1/8 83/1/8
f 84/1/9 85/1/9 86/1/9
f 84/1/9 86/1/9 87/1/9
f 88/1/12 89/1/12 90/1/12
f 91/1/18 92/1/18 93/1/18
f 94/1/19 95/1/19 96/1/19
f 97/1/15 98/1/15 99/1/15
f 100/1/20 101/1/20 102/1/20
f 103/1/21 104/1/21 105/1/21
f 106/1/22 107/1/22 108/1/22
f 109/1/5 110/1/5 111/1/5
f 112/1/1 113/1/1 114/1/1
f 115/1/1 116/1/1 117/1/1
f 115/1/1 118/1/1 119/1/1
f 120/1/1 121/1/1 122/1/1
f 120/1/1 123/1/1 124/1/1
f 125/1/5 126/1/5 127/1/5
f 128/1/22 129/1/22 130/1/22
f 131/1/22 129/1/22 132/1/22
f 133/1/22 134/1/22 135/1/22
f 136/1/22 134/1/22 137/1/22
f 138/1/22 139/1/22 140/1/22
f 141/1/22 139/1/22 142/1/22
f 143/1/22 144/1/22 145/1/22
f 144/1/22 146/1/22 145/1/22
f 147/1/6 148/1/6 149/1/6
f 150/1/1 151/1/1 152/1/1
f 126/1/5 125/1/5 153/1/5
f 154/1/23 155/1/23 156/1/23
f 154/1/23 156/1/23 157/1/23
f 158/1/24 159/1/24 160/1/24
f 158/1/24 160/1/24 161/1/24
f 162/1/25 163/1/25 164/1/25
f 162/1/25 164/1/25 165/1/25
f 166/1/25 167/1/25 168/1/25
f 166/1/25 168/1/25 169/1/25
f 170/1/23 171/1/23 172/1/23
f 170/1/23 172/1/23 173/1/23
f 174/1/25 175/1/25 176/1/25
f 174/1/25 176/1/25 177/1/25
f 178/1/26 179/1/26 180/1/26
f 178/1/26 180/1/26 181/1/26
f 182/1/25 183/1/25 184/1/25
f 182/1/25 184/1/25 185/1/25
f 186/1/26 187/1/26 188/1/26
f 186/1/26 188/1/26 189/1/26
f 190/1/25 191/1/25 192/1/25
f 190/1/25 192/1/25 193/1/25
f 194/1/25 195/1/25 196/1/25
f 194/1/25 196/1/25 197/1/25
f 198/1/26 199/1/26 200/1/26
f 198/1/26 200/1/26 201/1/26
f 202/1/23 203/1/23 204/1/23
f 202/1/23 204/1/23 205/1/23
f 206/1/25 207/1/25 208/1/25
f 206/1/25 208/1/25 209/1/25
f 210/1/26 211/1/26 212/1/26
f 210/1/26 212/1/26 213/1/26
f 214/1/26 215/1/26 216/1/26
f 214/1/26 216/1/26 217/1/26
f 218/1/23 219/1/23 220/1/23
f 218/1/23 220/1/23 221/1/23
f 222/1/5 223/1/5 224/1/5
f 222/1/5 224/1/5 225/1/5
f 226/1/26 227/1/26 228/1/26
f 226/1/26 228/1/26 229/1/26
f 230/1/27 231/1/27 232/1/27
f 230/1/27 232/1/27 233/1/27
f 234/1/23 235/1/23 236/1/23
f 234/1/23 236/1/23 237/1/23
f 238/1/26 239/1/26 240/1/26
f 238/1/26 240/1/26 241/1/26
f 242/1/23 243/1/23 244/1/23
f 242/1/23 244/1/23 245/1/23
f 246/1/23 247/1/23 248/1/23
f 246/1/23 248/1/23 249/1/23
f 250/1/28 251/1/28 252/1/28
f 250/1/28 252/1/28 253/1/28
f 254/1/29 255/1/28 256/1/28
f 254/1/29 256/1/28 257/1/29
f 258/1/30 259/1/30 260/1/30
f 258/1/30 260/1/30 261/1/30
f 262/1/31 263/1/31 264/1/31
f 262/1/31 264/1/31 265/1/31
f 266/1/30 267/1/30 268/1/30
f 266/1/30 268/1/30 269/1/30
f 270/1/31 271/1/31 272/1/31
f 270/1/31 272/1/31 273/1/31
f 274/1/31 275/1/31 276/1/31
f 274/1/31 276/1/31 277/1/31
f 278/1/30 279/1/30 280/1/30
f 278/1/30 280/1/30 281/1/30
f 282/1/28 283/1/28 284/1/28
f 282/1/28 284/1/28 285/1/28
f 286/1/28 287/1/28 288/1/28
f 286/1/28 288/1/28 289/1/28
f 290/1/30 291/1/30 292/1/30
f 290/1/30 292/1/30 293/1/30
f 294/1/31 295/1/31 296/1/31
f 294/1/31 296/1/31 297/1/31
f 298/1/32 299/1/32 300/1/32
f 298/1/32 300/1/32 301/1/32
f 302/1/31 303/1/31 304/1/33
f 302/1/31 304/1/33 305/1/33
f 306/1/30 307/1/30 308/1/30
f 306/1/30 308/1/30 309/1/30
f 310/1/28 311/1/29 312/1/29
f 310/1/28 312/1/29 313/1/28
f 314/1/5 315/1/5 222/1/5
f 314/1/5 222/1/5 225/1/5
f 316/1/28 317/1/28 318/1/28
f 316/1/28 318/1/28 319/1/28
f 320/1/33 321/1/33 322/1/31
f 320/1/33 322/1/31 323/1/31
f 324/1/34 325/1/34 326/1/34
f 324/1/34 326/1/34 327/1/34
f 328/1/30 329/1/30 330/1/30
f 328/1/30 330/1/30 331/1/30
f 332/1/28 333/1/28 334/1/28
f 332/1/28 334/1/28 335/1/28
f 336/1/31 337/1/31 338/1/31
f 336/1/31 338/1/31 339/1/31
f 340/1/30 341/1/30 342/1/30
f 340/1/30 342/1/30 343/1/30
f 344/1/35 345/1/36 346/1/36
f 344/1/35 346/1/36 347/1/35
f 348/1/3 349/1/3 350/1/3
f 348/1/3 350/1/3 351/1/3
f 3/1/1 352/1/1 353/1/1
f 3/1/1 2/1/1 352/1/1
f 1/1/1 354/1/1 2/1/1
f 1/1/1 355/1/1 354/1/1
f 350/1/3 356/1/3 351/1/3
f 357/1/3 358/1/3 7/1/3
f 357/1/3 7/1/3 349/1/3
f 359/1/3 360/1/3 7/1/3
f 359/1/3 7/1/3 9/1/3
f 7/1/3 358/1/3 361/1/3
f 7/1/3 361/1/3 8/1/3
f 362/1/3 363/1/3 360/1/3
f 362/1/3 360/1/3 364/1/3
f 365/1/37 366/1/37 367/1/37
f 360/1/3 368/1/3 369/1/3
f 360/1/3 369/1/3 370/1/3
f 371/1/3 372/1/3 363/1/3
f 371/1/3 363/1/3 373/1/3
f 374/1/37 375/1/37 376/1/37
f 363/1/3 377/1/3 378/1/3
f 363/1/3 378/1/3 379/1/3
f 380/1/3 381/1/3 372/1/3
f 380/1/3 372/1/3 382/1/3
f 372/1/3 371/1/3 382/1/3
f 26/1/3 383/1/3 384/1/3
f 28/1/3 385/1/3 386/1/3
f 26/1/3 384/1/3 27/1/3
f 1/1/1 387/1/1 355/1/1
f 388/1/1 387/1/1 1/1/1
f 28/1/3 386/1/3 389/1/3
f 20/1/5 390/1/5 391/1/5
f 20/1/5 391/1/5 29/1/5
f 392/1/38 393/1/38 394/1/38
f 28/1/3 27/1/3 385/1/3
f 395/1/39 396/1/39 397/1/39
f 395/1/39 397/1/39 398/1/39
f 399/1/5 400/1/5 401/1/5
f 399/1/5 401/1/5 402/1/5
f 403/1/5 404/1/5 405/1/5
f 403/1/5 405/1/5 406/1/5
f 407/1/7 408/1/7 409/1/7
f 407/1/7 409/1/7 410/1/7
f 410/1/7 411/1/7 32/1/7
f 410/1/7 32/1/7 31/1/7
f 412/1/40 413/1/40 414/1/40
f 414/1/40 415/1/40 416/1/40
f 414/1/40 416/1/40 412/1/40
f 410/1/7 409/1/7 417/1/7
f 410/1/7 417/1/7 411/1/7
f 418/1/41 419/1/42 420/1/41
f 418/1/41 420/1/41 421/1/41
f 422/1/43 423/1/43 424/1/43
f 422/1/43 424/1/43 425/1/43
f 426/1/44 427/1/44 428/1/44
f 426/1/44 428/1/44 429/1/44
f 430/1/44 431/1/44 432/1/44
f 430/1/44 432/1/44 433/1/44
f 434/1/44 435/1/44 436/1/44
f 434/1/44 436/1/44 437/1/44
f 438/1/45 439/1/45 440/1/45
f 440/1/45 441/1/45 442/1/45
f 442/1/45 443/1/45 438/1/45
f 440/1/45 442/1/45 438/1/45
f 444/1/46 445/1/46 446/1/46
f 446/1/46 447/1/47 448/1/46
f 448/1/46 449/1/46 444/1/46
f 446/1/46 448/1/46 444/1/46
f 450/1/43 451/1/43 452/1/43
f 450/1/43 452/1/43 453/1/43
f 454/1/44 455/1/44 456/1/44
f 454/1/44 456/1/44 457/1/44
f 458/1/43 459/1/43 460/1/43
f 458/1/43 460/1/43 461/1/48
f 462/1/43 463/1/43 464/1/43
f 462/1/43 464/1/43 465/1/43
f 466/1/44 467/1/44 468/1/44
f 466/1/44 468/1/44 469/1/44
f 470/1/44 471/1/44 472/1/44
f 470/1/44 472/1/44 473/1/44
f 474/1/43 475/1/43 476/1/43
f 474/1/43 476/1/43 477/1/43
f 478/1/46 479/1/46 480/1/46
f 478/1/46 480/1/46 481/1/46
f 482/1/46 483/1/46 484/1/46
f 482/1/46 484/1/46 485/1/46
f 486/1/49 487/1/49 488/1/49
f 486/1/49 488/1/49 489/1/49
f 490/1/49 491/1/49 492/1/49
f 490/1/49 492/1/49 493/1/49
f 494/1/49 495/1/49 496/1/49
f 494/1/49 496/1/49 497/1/49
f 498/1/46 499/1/46 500/1/46
f 498/1/46 500/1/46 501/1/46
f 502/1/50 503/1/50 504/1/50
f 502/1/50 504/1/50 505/1/50
f 506/1/6 507/1/6 508/1/6
f 506/1/6 508/1/6 509/1/6
f 510/1/51 511/1/51 512/1/52
f 510/1/51 512/1/52 513/1/53
f 514/1/49 515/1/49 516/1/49
f 514/1/49 516/1/49 517/1/49
f 518/1/49 519/1/49 520/1/49
f 518/1/49 520/1/49 521/1/49
f 522/1/49 523/1/49 524/1/49
f 522/1/49 524/1/49 525/1/49
f 508/1/6 526/1/6 527/1/6
f 508/1/6 527/1/6 509/1/6
f 528/1/54 529/1/54 530/1/54
f 528/1/54 530/1/54 531/1/54
f 532/1/46 533/1/46 534/1/46
f 532/1/46 534/1/46 535/1/46
f 536/1/46 537/1/46 538/1/46
f 536/1/46 538/1/46 539/1/46
f 540/1/55 541/1/55 542/1/55
f 540/1/55 542/1/55 543/1/55
f 544/1/8 545/1/8 546/1/8
f 544/1/8 546/1/8 547/1/8
f 548/1/8 546/1/8 545/1/8
f 548/1/8 545/1/8 41/1/8
f 549/1/56 550/1/57 551/1/56
f 549/1/56 551/1/56 552/1/56
f 553/1/56 554/1/57 555/1/56
f 553/1/56 555/1/56 556/1/56
f 548/1/8 41/1/8 44/1/8
f 548/1/8 44/1/8 557/1/8
f 558/1/56 559/1/57 560/1/56
f 558/1/56 560/1/56 561/1/57
f 562/1/56 563/1/56 564/1/57
f 562/1/56 564/1/57 565/1/56
f 566/1/56 567/1/57 568/1/56
f 566/1/56 568/1/56 569/1/56
f 570/1/58 571/1/58 572/1/58
f 572/1/58 573/1/58 574/1/58
f 572/1/58 574/1/58 570/1/58
f 575/1/59 576/1/59 577/1/59
f 575/1/59 577/1/59 578/1/59
f 579/1/60 580/1/60 581/1/60
f 579/1/60 581/1/60 582/1/61
f 583/1/62 584/1/62 585/1/62
f 583/1/62 585/1/62 586/1/62
f 587/1/63 588/1/63 589/1/63
f 587/1/63 589/1/63 590/1/63
f 591/1/64 592/1/64 593/1/64
f 591/1/64 593/1/64 594/1/65
f 408/1/7 407/1/7 595/1/7
f 408/1/7 595/1/7 596/1/7
f 597/1/66 598/1/67 599/1/68
f 597/1/66 599/1/68 600/1/67
f 601/1/69 602/1/70 603/1/71
f 601/1/69 603/1/71 604/1/72
f 605/1/73 606/1/74 607/1/75
f 605/1/73 607/1/75 608/1/76
f 609/1/77 610/1/77 611/1/77
f 609/1/77 611/1/77 612/1/77
f 613/1/39 614/1/39 615/1/39
f 613/1/39 615/1/39 616/1/39
f 617/1/5 618/1/5 619/1/5
f 617/1/5 619/1/5 620/1/5
f 621/1/5 622/1/5 623/1/5
f 621/1/5 623/1/5 624/1/5
f 625/1/7 626/1/7 627/1/7
f 625/1/7 627/1/7 69/1/7
f 628/1/40 629/1/40 630/1/40
f 630/1/40 631/1/40 632/1/40
f 630/1/40 632/1/40 628/1/40
f 69/1/7 627/1/7 633/1/7
f 69/1/7 633/1/7 70/1/7
f 634/1/41 635/1/41 636/1/41
f 634/1/41 636/1/41 637/1/41
f 638/1/43 639/1/43 640/1/43
f 638/1/43 640/1/43 641/1/43
f 642/1/44 643/1/44 644/1/44
f 642/1/44 644/1/44 645/1/44
f 646/1/44 647/1/44 648/1/44
f 646/1/44 648/1/44 649/1/44
f 650/1/44 651/1/44 652/1/44
f 650/1/44 652/1/44 653/1/44
f 654/1/45 655/1/45 656/1/45
f 656/1/45 657/1/45 658/1/45
f 658/1/45 659/1/45 654/1/45
f 656/1/45 658/1/45 654/1/45
f 660/1/46 661/1/46 662/1/46
f 662/1/46 663/1/47 664/1/46
f 664/1/46 665/1/46 660/1/46
f 662/1/46 664/1/46 660/1/46
f 666/1/43 667/1/43 668/1/43
f 666/1/43 668/1/43 669/1/43
f 670/1/44 671/1/44 672/1/44
f 670/1/44 672/1/44 673/1/44
f 674/1/43 675/1/43 676/1/43
f 674/1/43 676/1/43 677/1/43
f 678/1/43 679/1/43 680/1/43
f 678/1/43 680/1/43 681/1/48
f 682/1/44 683/1/44 684/1/44
f 682/1/44 684/1/44 685/1/44
f 686/1/44 687/1/44 688/1/44
f 686/1/44 688/1/44 689/1/44
f 690/1/43 691/1/43 692/1/43
f 690/1/43 692/1/43 693/1/43
f 694/1/46 695/1/46 696/1/46
f 694/1/46 696/1/46 697/1/46
f 698/1/46 699/1/46 700/1/46
f 698/1/46 700/1/46 701/1/46
f 702/1/49 703/1/49 704/1/49
f 702/1/49 704/1/49 705/1/49
f 706/1/49 707/1/49 708/1/49
f 706/1/49 708/1/49 709/1/49
f 710/1/49 711/1/49 712/1/49
f 710/1/49 712/1/49 713/1/49
f 714/1/46 715/1/46 716/1/46
f 714/1/46 716/1/46 717/1/46
f 718/1/50 719/1/50 720/1/50
f 718/1/50 720/1/50 721/1/50
f 722/1/6 723/1/6 724/1/6
f 722/1/6 724/1/6 725/1/6
f 726/1/51 727/1/51 728/1/52
f 726/1/51 728/1/52 729/1/53
f 730/1/49 731/1/49 732/1/49
f 730/1/49 732/1/49 733/1/49
f 734/1/49 735/1/49 736/1/49
f 734/1/49 736/1/49 737/1/49
f 738/1/49 739/1/49 740/1/49
f 738/1/49 740/1/49 741/1/49
f 724/1/6 742/1/6 743/1/6
f 724/1/6 743/1/6 725/1/6
f 744/1/54 745/1/54 746/1/54
f 744/1/54 746/1/54 747/1/54
f 748/1/46 749/1/46 750/1/46
f 748/1/46 750/1/46 751/1/46
f 752/1/46 753/1/46 754/1/46
f 752/1/46 754/1/46 755/1/46
f 756/1/55 757/1/55 758/1/55
f 756/1/55 758/1/55 759/1/55
f 760/1/8 761/1/8 762/1/8
f 760/1/8 762/1/8 763/1/8
f 764/1/8 762/1/8 761/1/8
f 764/1/8 761/1/8 80/1/8
f 765/1/56 766/1/56 767/1/56
f 765/1/56 767/1/56 768/1/56
f 769/1/56 770/1/56 771/1/56
f 769/1/56 771/1/56 772/1/57
f 764/1/8 80/1/8 83/1/8
f 764/1/8 83/1/8 773/1/8
f 774/1/56 775/1/57 776/1/56
f 774/1/56 776/1/56 777/1/56
f 778/1/57 779/1/57 780/1/56
f 778/1/57 780/1/56 781/1/56
f 782/1/56 783/1/56 784/1/56
f 782/1/56 784/1/56 785/1/56
f 786/1/58 787/1/78 788/1/58
f 788/1/58 789/1/58 790/1/58
f 788/1/58 790/1/58 786/1/58
f 791/1/59 792/1/59 793/1/59
f 791/1/59 793/1/59 794/1/59
f 795/1/60 796/1/60 797/1/60
f 795/1/60 797/1/60 798/1/60
f 799/1/62 800/1/62 801/1/62
f 799/1/62 801/1/62 802/1/62
f 803/1/79 804/1/80 805/1/79
f 803/1/79 805/1/79 806/1/79
f 807/1/65 808/1/65 809/1/65
f 807/1/65 809/1/65 810/1/65
f 626/1/7 625/1/7 811/1/7
f 626/1/7 811/1/7 812/1/7
f 813/1/81 814/1/82 815/1/83
f 813/1/81 815/1/83 816/1/84
f 817/1/69 818/1/72 819/1/71
f 817/1/69 819/1/71 820/1/72
f 821/1/85 822/1/75 823/1/75
f 821/1/85 823/1/75 824/1/76
f 825/1/77 826/1/77 827/1/77
f 825/1/77 827/1/77 828/1/77
f 69/1/7 74/1/7 829/1/7
f 69/1/7 829/1/7 830/1/7
f 831/1/86 832/1/86 833/1/86
f 831/1/86 833/1/86 834/1/86
f 835/1/87 836/1/87 837/1/87
f 835/1/87 837/1/87 838/1/87
f 839/1/88 840/1/88 841/1/88
f 839/1/88 841/1/88 842/1/88
f 843/1/88 844/1/88 845/1/88
f 843/1/88 845/1/88 846/1/88
f 847/1/86 848/1/86 849/1/86
f 847/1/86 849/1/86 850/1/86
f 851/1/88 852/1/88 853/1/88
f 851/1/88 853/1/88 854/1/88
f 855/1/89 856/1/89 857/1/89
f 855/1/89 857/1/89 858/1/89
f 859/1/88 860/1/88 861/1/88
f 859/1/88 861/1/88 862/1/88
f 863/1/89 864/1/89 865/1/89
f 863/1/89 865/1/89 866/1/89
f 867/1/88 868/1/88 869/1/88
f 867/1/88 869/1/88 870/1/88
f 871/1/88 872/1/88 873/1/88
f 871/1/88 873/1/88 874/1/88
f 875/1/89 876/1/89 877/1/89
f 875/1/89 877/1/89 878/1/89
f 879/1/86 880/1/86 881/1/86
f 879/1/86 881/1/86 882/1/86
f 883/1/88 884/1/88 885/1/88
f 883/1/88 885/1/88 886/1/88
f 887/1/89 888/1/89 889/1/89
f 887/1/89 889/1/89 890/1/89
f 891/1/89 892/1/89 893/1/89
f 891/1/89 893/1/89 894/1/89
f 895/1/86 896/1/86 897/1/86
f 895/1/86 897/1/86 898/1/86
f 899/1/5 900/1/5 901/1/5
f 899/1/5 901/1/5 902/1/5
f 903/1/89 904/1/89 905/1/89
f 903/1/89 905/1/89 906/1/89
f 907/1/90 908/1/90 909/1/90
f 907/1/90 909/1/90 910/1/90
f 911/1/86 912/1/86 913/1/86
f 911/1/86 913/1/86 914/1/86
f 915/1/89 916/1/89 917/1/89
f 915/1/89 917/1/89 918/1/89
f 919/1/86 920/1/86 921/1/86
f 919/1/86 921/1/86 922/1/86
f 923/1/86 924/1/86 925/1/86
f 923/1/86 925/1/86 926/1/86
f 927/1/23 928/1/23 929/1/23
f 927/1/23 929/1/23 930/1/23
f 931/1/23 932/1/23 933/1/23
f 931/1/23 933/1/23 934/1/23
f 935/1/25 936/1/25 937/1/25
f 935/1/25 937/1/25 938/1/25
f 939/1/26 940/1/26 941/1/26
f 939/1/26 941/1/26 942/1/26
f 943/1/25 944/1/25 945/1/25
f 943/1/25 945/1/25 946/1/25
f 947/1/26 948/1/26 949/1/26
f 947/1/26 949/1/26 950/1/26
f 951/1/26 952/1/26 953/1/26
f 951/1/26 953/1/26 954/1/26
f 955/1/25 956/1/25 957/1/25
f 955/1/25 957/1/25 958/1/25
f 959/1/23 960/1/23 961/1/23
f 959/1/23 961/1/23 962/1/23
f 963/1/23 964/1/23 965/1/23
f 963/1/23 965/1/23 966/1/23
f 967/1/25 968/1/25 969/1/25
f 967/1/25 969/1/25 970/1/25
f 971/1/26 972/1/26 973/1/26
f 971/1/26 973/1/26 974/1/26
f 975/1/24 976/1/24 977/1/24
f 975/1/24 977/1/24 978/1/24
f 979/1/26 980/1/26 981/1/26
f 979/1/26 981/1/26 982/1/26
f 983/1/25 984/1/25 985/1/25
f 983/1/25 985/1/25 986/1/25
f 987/1/23 988/1/23 989/1/23
f 987/1/23 989/1/23 990/1/23
f 991/1/5 992/1/5 899/1/5
f 991/1/5 899/1/5 902/1/5
f 993/1/23 994/1/23 995/1/23
f 993/1/23 995/1/23 996/1/23
f 997/1/26 998/1/26 999/1/26
f 997/1/26 999/1/26 1000/1/26
f 1001/1/27 1002/1/27 1003/1/27
f 1001/1/27 1003/1/27 1004/1/27
f 1005/1/25 1006/1/25 1007/1/25
f 1005/1/25 1007/1/25 1008/1/25
f 1009/1/23 1010/1/23 1011/1/23
f 1009/1/23 1011/1/23 1012/1/23
f 1013/1/26 1014/1/26 1015/1/26
f 1013/1/26 1015/1/26 1016/1/26
f 1017/1/25 1018/1/25 1019/1/25
f 1017/1/25 1019/1/25 1020/1/25
f 1021/1/91 1022/1/92 1023/1/91
f 1021/1/91 1023/1/91 1024/1/92
f 1025/1/93 1026/1/93 1027/1/93
f 1025/1/93 1027/1/93 1028/1/94
f 1029/1/1 1030/1/1 1031/1/1
f 1029/1/1 1031/1/1 1032/1/1
f 108/1/22 1033/1/22 1034/1/22
f 108/1/22 107/1/22 1033/1/22
f 106/1/22 1035/1/22 107/1/22
f 106/1/22 1036/1/22 1035/1/22
f 1031/1/1 1037/1/1 1032/1/1
f 1038/1/1 1039/1/1 112/1/1
f 1038/1/1 112/1/1 1030/1/1
f 1040/1/1 115/1/1 112/1/1
f 1040/1/1 112/1/1 114/1/1
f 112/1/1 1039/1/1 1041/1/1
f 112/1/1 1041/1/1 113/1/1
f 1042/1/1 120/1/1 115/1/1
f 1042/1/1 115/1/1 119/1/1
f 115/1/1 1040/1/1 116/1/1
f 115/1/1 117/1/1 1043/1/1
f 115/1/1 1043/1/1 118/1/1
f 1044/1/1 1045/1/1 120/1/1
f 1044/1/1 120/1/1 124/1/1
f 120/1/1 1042/1/1 121/1/1
f 120/1/1 122/1/1 1046/1/1
f 120/1/1 1046/1/1 123/1/1
f 1047/1/1 1048/1/1 1045/1/1
f 1047/1/1 1045/1/1 1049/1/1
f 1045/1/1 1044/1/1 1049/1/1
f 1050/1/22 146/1/22 144/1/22
f 1050/1/22 144/1/22 1051/1/22
f 150/1/1 1052/1/1 1053/1/1
f 152/1/1 1054/1/1 1055/1/1
f 106/1/22 1056/1/22 1036/1/22
f 1057/1/22 1056/1/22 106/1/22
f 150/1/1 1053/1/1 151/1/1
f 134/1/22 139/1/22 138/1/22
f 134/1/22 138/1/22 1058/1/22
f 146/1/22 1059/1/22 145/1/22
f 1060/1/22 1059/1/22 146/1/22
f 128/1/22 1060/1/22 146/1/22
f 128/1/22 146/1/22 129/1/22
f 1061/1/22 130/1/22 129/1/22
f 131/1/22 1061/1/22 129/1/22
f 1062/1/22 132/1/22 129/1/22
f 133/1/22 1062/1/22 129/1/22
f 133/1/22 129/1/22 134/1/22
f 1063/1/22 135/1/22 134/1/22
f 136/1/22 1063/1/22 134/1/22
f 1058/1/22 137/1/22 134/1/22
f 125/1/5 1064/1/5 1065/1/5
f 125/1/5 1065/1/5 153/1/5
f 1066/1/22 140/1/22 139/1/22
f 141/1/22 1066/1/22 139/1/22
f 1067/1/22 141/1/22 142/1/22
f 1068/1/95 1069/1/95 1070/1/95
f 152/1/1 151/1/1 1054/1/1
f 1071/2/96 1072/2/96 1073/2/96
f 1074/2/97 1075/2/97 1076/2/97
f 1077/2/98 1078/2/98 1079/2/98
f 1080/2/99 1081/2/99 1082/2/99
f 1080/2/99 1083/2/99 1084/2/99
f 1085/2/99 1086/2/99 1087/2/99
f 1085/2/99 1088/2/99 1089/2/99
f 1090/2/100 1091/2/100 1092/2/100
f 1093/2/101 1094/2/101 1095/2/101
f 1096/2/98 1097/2/98 1098/2/98
f 1091/2/100 1090/2/100 1099/2/100
f 1100/2/102 1101/2/102 1102/2/102
f 1103/2/102 1101/2/102 1100/2/102
f 1104/2/102 1101/2/102 1103/2/102
f 1105/2/102 1101/2/102 1104/2/102
f 1106/2/103 1107/2/103 1108/2/103
f 1109/2/103 1110/2/103 1106/2/103
f 1106/2/103 1110/2/103 1111/2/103
f 1108/2/103 1112/2/103 1106/2/103
f 1113/2/104 1111/2/104 1110/2/104
f 1112/2/103 1109/2/103 1106/2/103
f 1111/2/104 1113/2/104 1114/2/104
f 1115/2/105 1116/2/105 1117/2/105
f 1115/2/106 1117/2/106 1118/2/106
f 1119/2/107 1120/2/107 1121/2/107
f 1122/2/108 1123/2/108 1124/2/108
f 1125/2/109 1126/2/109 1127/2/109
f 1128/2/110 1129/2/110 1130/2/110
f 1131/2/111 1132/2/111 1133/2/111
f 1134/2/112 1135/2/112 1136/2/112
f 1137/2/102 1101/2/102 1105/2/102
f 1138/2/102 1139/2/102 1140/2/102
f 1141/2/102 1139/2/102 1138/2/102
f 1142/2/102 1139/2/102 1141/2/102
f 1143/2/102 1139/2/102 1142/2/102
f 1144/2/102 1139/2/102 1143/2/102
f 1145/2/103 1146/2/103 1147/2/103
f 1148/2/103 1149/2/103 1145/2/103
f 1145/2/103 1149/2/103 1150/2/103
f 1147/2/103 1151/2/103 1145/2/103
f 1152/2/104 1150/2/104 1149/2/104
f 1151/2/103 1148/2/103 1145/2/103
f 1150/2/104 1152/2/104 1153/2/104
f 1154/2/105 1155/2/105 1156/2/105
f 1154/2/105 1156/2/105 1157/2/105
f 1158/2/113 1159/2/113 1160/2/113
f 1161/2/108 1162/2/108 1163/2/108
f 1164/2/109 1165/2/109 1166/2/109
f 1167/2/110 1168/2/110 1169/2/110
f 1170/2/111 1171/2/111 1172/2/111
f 1173/2/112 1174/2/112 1175/2/112
f 1176/2/114 1177/2/114 1178/2/114
f 1179/2/100 1180/2/100 1181/2/100
f 1182/2/96 1183/2/96 1184/2/96
f 1185/2/96 1186/2/96 1187/2/96
f 1185/2/96 1188/2/96 1189/2/96
f 1190/2/96 1191/2/96 1192/2/96
f 1190/2/96 1193/2/96 1194/2/96
f 1195/2/100 1196/2/100 1197/2/100
f 1198/2/114 1199/2/114 1200/2/114
f 1201/2/114 1199/2/114 1202/2/114
f 1203/2/114 1204/2/114 1205/2/114
f 1206/2/114 1204/2/114 1207/2/114
f 1208/2/114 1209/2/114 1210/2/114
f 1211/2/114 1209/2/114 1212/2/114
f 1213/2/114 1214/2/114 1215/2/114
f 1214/2/114 1216/2/114 1215/2/114
f 1217/2/101 1218/2/101 1219/2/101
f 1220/2/96 1221/2/96 1222/2/96
f 1196/2/100 1195/2/100 1223/2/100
f 1224/2/115 1225/2/115 1226/2/115
f 1224/2/115 1226/2/115 1227/2/115
f 1228/2/116 1229/2/116 1230/2/116
f 1228/2/116 1230/2/116 1231/2/116
f 1232/2/117 1233/2/117 1234/2/117
f 1232/2/117 1234/2/117 1235/2/117
f 1236/2/117 1237/2/117 1238/2/117
f 1236/2/117 1238/2/117 1239/2/117
f 1240/2/115 1241/2/115 1242/2/115
f 1240/2/115 1242/2/115 1243/2/115
f 1244/2/117 1245/2/117 1246/2/117
f 1244/2/117 1246/2/117 1247/2/117
f 1248/2/118 1249/2/118 1250/2/118
f 1248/2/118 1250/2/118 1251/2/118
f 1252/2/117 1253/2/117 1254/2/117
f 1252/2/117 1254/2/117 1255/2/117
f 1256/2/118 1257/2/118 1258/2/118
f 1256/2/118 1258/2/118 1259/2/118
f 1260/2/117 1261/2/117 1262/2/117
f 1260/2/117 1262/2/117 1263/2/117
f 1264/2/117 1265/2/117 1266/2/117
f 1264/2/117 1266/2/117 1267/2/117
f 1268/2/118 1269/2/118 1270/2/118
f 1268/2/118 1270/2/118 1271/2/118
f 1272/2/115 1273/2/115 1274/2/115
f 1272/2/115 1274/2/115 1275/2/115
f 1276/2/117 1277/2/117 1278/2/117
f 1276/2/117 1278/2/117 1279/2/117
f 1280/2/118 1281/2/118 1282/2/118
f 1280/2/118 1282/2/118 1283/2/118
f 1284/2/118 1285/2/118 1286/2/118
f 1284/2/118 1286/2/118 1287/2/118
f 1288/2/115 1289/2/115 1290/2/115
f 1288/2/115 1290/2/115 1291/2/115
f 1292/2/100 1293/2/100 1294/2/100
f 1292/2/100 1294/2/100 1295/2/100
f 1296/2/118 1297/2/118 1298/2/118
f 1296/2/118 1298/2/118 1299/2/118
f 1300/2/119 1301/2/119 1302/2/119
f 1300/2/119 1302/2/119 1303/2/119
f 1304/2/115 1305/2/115 1306/2/115
f 1304/2/115 1306/2/115 1307/2/115
f 1308/2/118 1309/2/118 1310/2/118
f 1308/2/118 1310/2/118 1311/2/118
f 1312/2/115 1313/2/115 1314/2/115
f 1312/2/115 1314/2/115 1315/2/115
f 1316/2/115 1317/2/115 1318/2/115
f 1316/2/115 1318/2/115 1319/2/115
f 1320/2/120 1321/2/120 1322/2/120
f 1320/2/120 1322/2/120 1323/2/120
f 1324/2/120 1325/2/120 1326/2/120
f 1324/2/121 1326/2/121 1327/2/121
f 1328/2/122 1329/2/122 1330/2/122
f 1328/2/122 1330/2/122 1331/2/122
f 1332/2/123 1333/2/123 1334/2/123
f 1332/2/123 1334/2/123 1335/2/123
f 1336/2/122 1337/2/122 1338/2/122
f 1336/2/122 1338/2/122 1339/2/122
f 1340/2/123 1341/2/123 1342/2/123
f 1340/2/123 1342/2/123 1343/2/123
f 1344/2/123 1345/2/123 1346/2/123
f 1344/2/123 1346/2/123 1347/2/123
f 1348/2/122 1349/2/122 1350/2/122
f 1348/2/122 1350/2/122 1351/2/122
f 1352/2/120 1353/2/120 1354/2/120
f 1352/2/120 1354/2/120 1355/2/120
f 1356/2/120 1357/2/120 1358/2/120
f 1356/2/120 1358/2/120 1359/2/120
f 1360/2/122 1361/2/122 1362/2/122
f 1360/2/122 1362/2/122 1363/2/122
f 1364/2/123 1365/2/123 1366/2/123
f 1364/2/123 1366/2/123 1367/2/123
f 1368/2/124 1369/2/124 1370/2/124
f 1368/2/124 1370/2/124 1371/2/124
f 1372/2/123 1373/2/123 1374/2/123
f 1372/2/125 1374/2/125 1375/2/125
f 1376/2/122 1377/2/122 1378/2/122
f 1376/2/122 1378/2/122 1379/2/122
f 1380/2/121 1381/2/121 1382/2/121
f 1380/2/120 1382/2/120 1383/2/120
f 1384/2/100 1385/2/100 1292/2/100
f 1384/2/100 1292/2/100 1295/2/100
f 1386/2/120 1387/2/120 1388/2/120
f 1386/2/120 1388/2/120 1389/2/120
f 1390/2/125 1391/2/125 1392/2/125
f 1390/2/123 1392/2/123 1393/2/123
f 1394/2/126 1395/2/126 1396/2/126
f 1394/2/126 1396/2/126 1397/2/126
f 1398/2/122 1399/2/122 1400/2/122
f 1398/2/122 1400/2/122 1401/2/122
f 1402/2/120 1403/2/120 1404/2/120
f 1402/2/120 1404/2/120 1405/2/120
f 1406/2/123 1407/2/123 1408/2/123
f 1406/2/123 1408/2/123 1409/2/123
f 1410/2/122 1411/2/122 1412/2/122
f 1410/2/122 1412/2/122 1413/2/122
f 1414/2/127 1415/2/127 1416/2/127
f 1414/2/127 1416/2/127 1417/2/127
f 1418/2/98 1419/2/98 1420/2/98
f 1418/2/98 1420/2/98 1421/2/98
f 1073/2/96 1422/2/96 1423/2/96
f 1073/2/96 1072/2/96 1422/2/96
f 1071/2/96 1424/2/96 1072/2/96
f 1071/2/96 1425/2/96 1424/2/96
f 1420/2/98 1426/2/98 1421/2/98
f 1427/2/98 1428/2/98 1077/2/98
f 1427/2/98 1077/2/98 1419/2/98
f 1429/2/98 1430/2/98 1077/2/98
f 1429/2/98 1077/2/98 1079/2/98
f 1077/2/98 1428/2/98 1431/2/98
f 1077/2/98 1431/2/98 1078/2/98
f 1432/2/98 1433/2/98 1430/2/98
f 1432/2/98 1430/2/98 1434/2/98
f 1435/2/128 1436/2/128 1437/2/128
f 1430/2/98 1438/2/98 1439/2/98
f 1430/2/98 1439/2/98 1440/2/98
f 1441/2/98 1442/2/98 1433/2/98
f 1441/2/98 1433/2/98 1443/2/98
f 1444/2/128 1445/2/128 1446/2/128
f 1433/2/98 1447/2/98 1448/2/98
f 1433/2/98 1448/2/98 1449/2/98
f 1450/2/98 1451/2/98 1442/2/98
f 1450/2/98 1442/2/98 1452/2/98
f 1442/2/98 1441/2/98 1452/2/98
f 1096/2/98 1453/2/98 1454/2/98
f 1098/2/98 1455/2/98 1456/2/98
f 1096/2/98 1454/2/98 1097/2/98
f 1071/2/96 1457/2/96 1425/2/96
f 1458/2/96 1457/2/96 1071/2/96
f 1098/2/98 1456/2/98 1459/2/98
f 1090/2/100 1460/2/100 1461/2/100
f 1090/2/100 1461/2/100 1099/2/100
f 1462/2/129 1463/2/129 1464/2/129
f 1098/2/98 1097/2/98 1455/2/98
f 1465/2/130 1466/2/130 1467/2/131
f 1465/2/130 1467/2/131 1468/2/130
f 1469/2/100 1470/2/100 1471/2/100
f 1469/2/100 1471/2/100 1472/2/100
f 1473/2/100 1474/2/100 1475/2/100
f 1473/2/100 1475/2/100 1476/2/100
f 1477/2/102 1478/2/102 1479/2/102
f 1477/2/102 1479/2/102 1480/2/102
f 1480/2/102 1481/2/102 1102/2/102
f 1480/2/102 1102/2/102 1101/2/102
f 1482/2/132 1483/2/132 1484/2/132
f 1484/2/132 1485/2/132 1486/2/132
f 1484/2/132 1486/2/132 1482/2/132
f 1480/2/102 1479/2/102 1487/2/102
f 1480/2/102 1487/2/102 1481/2/102
f 1488/2/133 1489/2/133 1490/2/133
f 1488/2/133 1490/2/133 1491/2/133
f 1492/2/134 1493/2/134 1494/2/134
f 1492/2/134 1494/2/134 1495/2/134
f 1496/2/135 1497/2/135 1498/2/135
f 1496/2/135 1498/2/135 1499/2/135
f 1500/2/135 1501/2/135 1502/2/135
f 1500/2/135 1502/2/135 1503/2/135
f 1504/2/135 1505/2/135 1506/2/135
f 1504/2/135 1506/2/135 1507/2/135
f 1508/2/136 1509/2/136 1510/2/136
f 1510/2/136 1511/2/136 1512/2/136
f 1512/2/136 1513/2/136 1508/2/136
f 1510/2/136 1512/2/136 1508/2/136
f 1514/2/137 1515/2/137 1516/2/137
f 1516/2/138 1517/2/138 1518/2/138
f 1518/2/137 1519/2/137 1514/2/137
f 1516/2/137 1518/2/137 1514/2/137
f 1520/2/134 1521/2/134 1522/2/134
f 1520/2/134 1522/2/134 1523/2/134
f 1524/2/135 1525/2/135 1526/2/135
f 1524/2/135 1526/2/135 1527/2/135
f 1528/2/134 1529/2/134 1530/2/134
f 1528/2/134 1530/2/134 1531/2/134
f 1532/2/134 1533/2/134 1534/2/134
f 1532/2/134 1534/2/134 1535/2/134
f 1536/2/135 1537/2/135 1538/2/135
f 1536/2/135 1538/2/135 1539/2/135
f 1540/2/135 1541/2/135 1542/2/135
f 1540/2/135 1542/2/135 1543/2/135
f 1544/2/134 1545/2/134 1546/2/134
f 1544/2/134 1546/2/134 1547/2/134
f 1548/2/137 1549/2/137 1550/2/137
f 1548/2/137 1550/2/137 1551/2/137
f 1552/2/137 1553/2/137 1554/2/137
f 1552/2/137 1554/2/137 1555/2/137
f 1556/2/139 1557/2/139 1558/2/139
f 1556/2/139 1558/2/139 1559/2/139
f 1560/2/139 1561/2/139 1562/2/139
f 1560/2/139 1562/2/139 1563/2/139
f 1564/2/139 1565/2/139 1566/2/139
f 1564/2/139 1566/2/139 1567/2/139
f 1568/2/137 1569/2/137 1570/2/137
f 1568/2/137 1570/2/137 1571/2/137
f 1572/2/140 1573/2/140 1574/2/140
f 1572/2/140 1574/2/140 1575/2/140
f 1576/2/101 1577/2/101 1578/2/101
f 1576/2/101 1578/2/101 1579/2/101
f 1580/2/141 1581/2/142 1582/2/141
f 1580/2/141 1582/2/141 1583/2/141
f 1584/2/139 1585/2/139 1586/2/139
f 1584/2/139 1586/2/139 1587/2/139
f 1588/2/139 1589/2/139 1590/2/139
f 1588/2/139 1590/2/139 1591/2/139
f 1592/2/139 1593/2/139 1594/2/139
f 1592/2/139 1594/2/139 1595/2/139
f 1578/2/101 1596/2/101 1597/2/101
f 1578/2/101 1597/2/101 1579/2/101
f 1598/2/143 1599/2/143 1600/2/143
f 1598/2/143 1600/2/143 1601/2/143
f 1602/2/137 1603/2/137 1604/2/137
f 1602/2/137 1604/2/137 1605/2/137
f 1606/2/137 1607/2/137 1608/2/137
f 1606/2/137 1608/2/137 1609/2/137
f 1610/2/144 1611/2/144 1612/2/144
f 1610/2/144 1612/2/144 1613/2/144
f 1614/2/104 1615/2/104 1616/2/104
f 1614/2/104 1616/2/104 1617/2/104
f 1618/2/104 1616/2/104 1615/2/104
f 1618/2/104 1615/2/104 1111/2/104
f 1619/2/145 1620/2/146 1621/2/146
f 1619/2/145 1621/2/146 1622/2/146
f 1623/2/146 1624/2/146 1625/2/146
f 1623/2/146 1625/2/146 1626/2/145
f 1618/2/104 1111/2/104 1114/2/104
f 1618/2/104 1114/2/104 1627/2/104
f 1628/2/146 1629/2/146 1630/2/146
f 1628/2/146 1630/2/146 1631/2/146
f 1632/2/145 1633/2/145 1634/2/146
f 1632/2/145 1634/2/146 1635/2/145
f 1636/2/145 1637/2/146 1638/2/146
f 1636/2/145 1638/2/146 1639/2/145
f 1640/2/147 1641/2/147 1642/2/147
f 1642/2/147 1643/2/147 1644/2/147
f 1642/2/147 1644/2/147 1640/2/147
f 1645/2/148 1646/2/148 1647/2/148
f 1645/2/148 1647/2/148 1648/2/148
f 1649/2/149 1650/2/149 1651/2/149
f 1649/2/149 1651/2/149 1652/2/149
f 1653/2/150 1654/2/150 1655/2/150
f 1653/2/150 1655/2/150 1656/2/150
f 1657/2/151 1658/2/151 1659/2/151
f 1657/2/151 1659/2/151 1660/2/151
f 1661/2/152 1662/2/152 1663/2/152
f 1661/2/153 1663/2/153 1664/2/153
f 1478/2/102 1477/2/102 1665/2/102
f 1478/2/154 1665/2/154 1666/2/154
f 1667/2/155 1668/2/155 1669/2/155
f 1667/2/156 1669/2/156 1670/2/156
f 1671/2/157 1672/2/158 1673/2/159
f 1671/2/157 1673/2/159 1674/2/159
f 1675/2/160 1676/2/161 1677/2/162
f 1675/2/160 1677/2/162 1678/2/163
f 1679/2/164 1680/2/164 1681/2/164
f 1679/2/164 1681/2/164 1682/2/164
f 1683/2/131 1684/2/165 1685/2/131
f 1683/2/131 1685/2/131 1686/2/130
f 1687/2/100 1688/2/100 1689/2/100
f 1687/2/100 1689/2/100 1690/2/100
f 1691/2/100 1692/2/100 1693/2/100
f 1691/2/100 1693/2/100 1694/2/100
f 1695/2/102 1696/2/102 1697/2/102
f 1695/2/102 1697/2/102 1139/2/102
f 1698/2/132 1699/2/132 1700/2/132
f 1700/2/132 1701/2/132 1702/2/132
f 1700/2/132 1702/2/132 1698/2/132
f 1139/2/102 1697/2/102 1703/2/102
f 1139/2/102 1703/2/102 1140/2/102
f 1704/2/133 1705/2/133 1706/2/133
f 1704/2/133 1706/2/133 1707/2/133
f 1708/2/134 1709/2/134 1710/2/134
f 1708/2/134 1710/2/134 1711/2/134
f 1712/2/135 1713/2/135 1714/2/135
f 1712/2/135 1714/2/135 1715/2/135
f 1716/2/135 1717/2/135 1718/2/135
f 1716/2/135 1718/2/135 1719/2/135
f 1720/2/135 1721/2/135 1722/2/135
f 1720/2/135 1722/2/135 1723/2/135
f 1724/2/136 1725/2/136 1726/2/136
f 1726/2/136 1727/2/166 1728/2/136
f 1728/2/136 1729/2/136 1724/2/136
f 1726/2/136 1728/2/136 1724/2/136
f 1730/2/137 1731/2/137 1732/2/137
f 1732/2/138 1733/2/138 1734/2/138
f 1734/2/137 1735/2/137 1730/2/137
f 1732/2/137 1734/2/137 1730/2/137
f 1736/2/134 1737/2/134 1738/2/134
f 1736/2/134 1738/2/134 1739/2/134
f 1740/2/135 1741/2/135 1742/2/135
f 1740/2/135 1742/2/135 1743/2/135
f 1744/2/134 1745/2/134 1746/2/134
f 1744/2/134 1746/2/134 1747/2/134
f 1748/2/134 1749/2/134 1750/2/134
f 1748/2/134 1750/2/134 1751/2/134
f 1752/2/135 1753/2/135 1754/2/135
f 1752/2/135 1754/2/135 1755/2/135
f 1756/2/135 1757/2/135 1758/2/135
f 1756/2/135 1758/2/135 1759/2/135
f 1760/2/134 1761/2/134 1762/2/134
f 1760/2/134 1762/2/134 1763/2/134
f 1764/2/137 1765/2/137 1766/2/137
f 1764/2/137 1766/2/137 1767/2/137
f 1768/2/137 1769/2/137 1770/2/137
f 1768/2/137 1770/2/137 1771/2/137
f 1772/2/139 1773/2/139 1774/2/139
f 1772/2/139 1774/2/139 1775/2/139
f 1776/2/139 1777/2/139 1778/2/139
f 1776/2/139 1778/2/139 1779/2/139
f 1780/2/139 1781/2/139 1782/2/139
f 1780/2/139 1782/2/139 1783/2/139
f 1784/2/137 1785/2/137 1786/2/137
f 1784/2/137 1786/2/137 1787/2/137
f 1788/2/140 1789/2/140 1790/2/140
f 1788/2/140 1790/2/140 1791/2/140
f 1792/2/101 1793/2/101 1794/2/101
f 1792/2/101 1794/2/101 1795/2/101
f 1796/2/142 1797/2/167 1798/2/141
f 1796/2/142 1798/2/141 1799/2/141
f 1800/2/139 1801/2/139 1802/2/139
f 1800/2/139 1802/2/139 1803/2/139
f 1804/2/139 1805/2/139 1806/2/139
f 1804/2/139 1806/2/139 1807/2/139
f 1808/2/139 1809/2/139 1810/2/139
f 1808/2/139 1810/2/139 1811/2/139
f 1794/2/101 1812/2/101 1813/2/101
f 1794/2/101 1813/2/101 1795/2/101
f 1814/2/143 1815/2/143 1816/2/143
f 1814/2/143 1816/2/143 1817/2/143
f 1818/2/137 1819/2/137 1820/2/137
f 1818/2/137 1820/2/137 1821/2/137
f 1822/2/137 1823/2/137 1824/2/137
f 1822/2/137 1824/2/137 1825/2/137
f 1826/2/144 1827/2/144 1828/2/144
f 1826/2/144 1828/2/144 1829/2/144
f 1830/2/104 1831/2/104 1832/2/104
f 1830/2/104 1832/2/104 1833/2/104
f 1834/2/104 1832/2/104 1831/2/104
f 1834/2/104 1831/2/104 1150/2/104
f 1835/2/145 1836/2/146 1837/2/146
f 1835/2/145 1837/2/146 1838/2/145
f 1839/2/146 1840/2/146 1841/2/146
f 1839/2/146 1841/2/146 1842/2/146
f 1834/2/104 1150/2/104 1153/2/104
f 1834/2/104 1153/2/104 1843/2/104
f 1844/2/146 1845/2/146 1846/2/146
f 1844/2/146 1846/2/146 1847/2/145
f 1848/2/146 1849/2/146 1850/2/146
f 1848/2/146 1850/2/146 1851/2/145
f 1852/2/145 1853/2/146 1854/2/145
f 1852/2/145 1854/2/145 1855/2/145
f 1856/2/147 1857/2/147 1858/2/147
f 1858/2/147 1859/2/147 1860/2/147
f 1858/2/147 1860/2/147 1856/2/147
f 1861/2/168 1862/2/168 1863/2/168
f 1861/2/168 1863/2/168 1864/2/168
f 1865/2/149 1866/2/149 1867/2/149
f 1865/2/149 1867/2/149 1868/2/149
f 1869/2/150 1870/2/150 1871/2/150
f 1869/2/150 1871/2/150 1872/2/150
f 1873/2/169 1874/2/169 1875/2/169
f 1873/2/151 1875/2/151 1876/2/151
f 1877/2/153 1878/2/153 1879/2/153
f 1877/2/153 1879/2/153 1880/2/153
f 1696/2/102 1695/2/102 1881/2/102
f 1696/2/102 1881/2/102 1882/2/102
f 1883/2/170 1884/2/170 1885/2/170
f 1883/2/171 1885/2/171 1886/2/171
f 1887/2/157 1888/2/159 1889/2/159
f 1887/2/157 1889/2/159 1890/2/159
f 1891/2/160 1892/2/161 1893/2/162
f 1891/2/160 1893/2/162 1894/2/163
f 1895/2/164 1896/2/164 1897/2/164
f 1895/2/164 1897/2/164 1898/2/164
f 1139/2/102 1144/2/102 1899/2/102
f 1139/2/102 1899/2/102 1900/2/102
f 1901/2/172 1902/2/172 1903/2/172
f 1901/2/172 1903/2/172 1904/2/172
f 1905/2/173 1906/2/173 1907/2/173
f 1905/2/173 1907/2/173 1908/2/173
f 1909/2/174 1910/2/174 1911/2/174
f 1909/2/174 1911/2/174 1912/2/174
f 1913/2/174 1914/2/174 1915/2/174
f 1913/2/174 1915/2/174 1916/2/174
f 1917/2/172 1918/2/172 1919/2/172
f 1917/2/172 1919/2/172 1920/2/172
f 1921/2/174 1922/2/174 1923/2/174
f 1921/2/174 1923/2/174 1924/2/174
f 1925/2/175 1926/2/175 1927/2/175
f 1925/2/175 1927/2/175 1928/2/175
f 1929/2/174 1930/2/174 1931/2/174
f 1929/2/174 1931/2/174 1932/2/174
f 1933/2/175 1934/2/175 1935/2/175
f 1933/2/175 1935/2/175 1936/2/175
f 1937/2/174 1938/2/174 1939/2/174
f 1937/2/174 1939/2/174 1940/2/174
f 1941/2/174 1942/2/174 1943/2/174
f 1941/2/174 1943/2/174 1944/2/174
f 1945/2/175 1946/2/175 1947/2/175
f 1945/2/175 1947/2/175 1948/2/175
f 1949/2/172 1950/2/172 1951/2/172
f 1949/2/172 1951/2/172 1952/2/172
f 1953/2/174 1954/2/174 1955/2/174
f 1953/2/174 1955/2/174 1956/2/174
f 1957/2/175 1958/2/175 1959/2/175
f 1957/2/175 1959/2/175 1960/2/175
f 1961/2/175 1962/2/175 1963/2/175
f 1961/2/175 1963/2/175 1964/2/175
f 1965/2/172 1966/2/172 1967/2/172
f 1965/2/172 1967/2/172 1968/2/172
f 1969/2/100 1970/2/100 1971/2/100
f 1969/2/100 1971/2/100 1972/2/100
f 1973/2/175 1974/2/175 1975/2/175
f 1973/2/175 1975/2/175 1976/2/175
f 1977/2/176 1978/2/176 1979/2/176
f 1977/2/176 1979/2/176 1980/2/176
f 1981/2/172 1982/2/172 1983/2/172
f 1981/2/172 1983/2/172 1984/2/172
f 1985/2/175 1986/2/175 1987/2/175
f 1985/2/175 1987/2/175 1988/2/175
f 1989/2/172 1990/2/172 1991/2/172
f 1989/2/172 1991/2/172 1992/2/172
f 1993/2/172 1994/2/172 1995/2/172
f 1993/2/172 1995/2/172 1996/2/172
f 1997/2/115 1998/2/115 1999/2/115
f 1997/2/115 1999/2/115 2000/2/115
f 2001/2/115 2002/2/115 2003/2/115
f 2001/2/115 2003/2/115 2004/2/115
f 2005/2/117 2006/2/117 2007/2/117
f 2005/2/117 2007/2/117 2008/2/117
f 2009/2/118 2010/2/118 2011/2/118
f 2009/2/118 2011/2/118 2012/2/118
f 2013/2/117 2014/2/117 2015/2/117
f 2013/2/117 2015/2/117 2016/2/117
f 2017/2/118 2018/2/118 2019/2/118
f 2017/2/118 2019/2/118 2020/2/118
f 2021/2/118 2022/2/118 2023/2/118
f 2021/2/118 2023/2/118 2024/2/118
f 2025/2/117 2026/2/117 2027/2/117
f 2025/2/117 2027/2/117 2028/2/117
f 2029/2/115 2030/2/115 2031/2/115
f 2029/2/115 2031/2/115 2032/2/115
f 2033/2/115 2034/2/115 2035/2/115
f 2033/2/115 2035/2/115 2036/2/115
f 2037/2/117 2038/2/117 2039/2/117
f 2037/2/117 2039/2/117 2040/2/117
f 2041/2/118 2042/2/118 2043/2/118
f 2041/2/118 2043/2/118 2044/2/118
f 2045/2/116 2046/2/116 2047/2/116
f 2045/2/116 2047/2/116 2048/2/116
f 2049/2/118 2050/2/118 2051/2/118
f 2049/2/118 2051/2/118 2052/2/118
f 2053/2/117 2054/2/117 2055/2/117
f 2053/2/117 2055/2/117 2056/2/117
f 2057/2/115 2058/2/115 2059/2/115
f 2057/2/115 2059/2/115 2060/2/115
f 2061/2/100 2062/2/100 1969/2/100
f 2061/2/100 1969/2/100 1972/2/100
f 2063/2/115 2064/2/115 2065/2/115
f 2063/2/115 2065/2/115 2066/2/115
f 2067/2/118 2068/2/118 2069/2/118
f 2067/2/118 2069/2/118 2070/2/118
f 2071/2/119 2072/2/119 2073/2/119
f 2071/2/119 2073/2/119 2074/2/119
f 2075/2/117 2076/2/117 2077/2/117
f 2075/2/117 2077/2/117 2078/2/117
f 2079/2/115 2080/2/115 2081/2/115
f 2079/2/115 2081/2/115 2082/2/115
f 2083/2/118 2084/2/118 2085/2/118
f 2083/2/118 2085/2/118 2086/2/118
f 2087/2/117 2088/2/117 2089/2/117
f 2087/2/117 2089/2/117 2090/2/117
f 2091/2/177 2092/2/177 2093/2/177
f 2091/2/177 2093/2/177 2094/2/177
f 2095/2/178 2096/2/178 2097/2/178
f 2095/2/178 2097/2/178 2098/2/178
f 2099/2/96 2100/2/96 2101/2/96
f 2099/2/96 2101/2/96 2102/2/96
f 1178/2/114 2103/2/114 2104/2/114
f 1178/2/114 1177/2/114 2103/2/114
f 1176/2/114 2105/2/114 1177/2/114
f 1176/2/114 2106/2/114 2105/2/114
f 2101/2/96 2107/2/96 2102/2/96
f 2108/2/96 2109/2/96 1182/2/96
f 2108/2/96 1182/2/96 2100/2/96
f 2110/2/96 1185/2/96 1182/2/96
f 2110/2/96 1182/2/96 1184/2/96
f 1182/2/96 2109/2/96 2111/2/96
f 1182/2/96 2111/2/96 1183/2/96
f 2112/2/96 1190/2/96 1185/2/96
f 2112/2/96 1185/2/96 1189/2/96
f 1185/2/96 2110/2/96 1186/2/96
f 1185/2/96 1187/2/96 2113/2/96
f 1185/2/96 2113/2/96 1188/2/96
f 2114/2/96 2115/2/96 1190/2/96
f 2114/2/96 1190/2/96 1194/2/96
f 1190/2/96 2112/2/96 1191/2/96
f 1190/2/96 1192/2/96 2116/2/96
f 1190/2/96 2116/2/96 1193/2/96
f 2117/2/96 2118/2/96 2115/2/96
f 2117/2/96 2115/2/96 2119/2/96
f 2115/2/96 2114/2/96 2119/2/96
f 2120/2/114 1216/2/114 1214/2/114
f 2120/2/114 1214/2/114 2121/2/114
f 1220/2/96 2122/2/96 2123/2/96
f 1222/2/96 2124/2/96 2125/2/96
f 1176/2/114 2126/2/114 2106/2/114
f 2127/2/114 2126/2/114 1176/2/114
f 1220/2/96 2123/2/96 1221/2/96
f 1204/2/114 1209/2/114 1208/2/114
f 1204/2/114 1208/2/114 2128/2/114
f 1216/2/114 2129/2/114 1215/2/114
f 2130/2/114 2129/2/114 1216/2/114
f 1198/2/114 2130/2/114 1216/2/114
f 1198/2/114 1216/2/114 1199/2/114
f 2131/2/114 1200/2/114 1199/2/114
f 1201/2/114 2131/2/114 1199/2/114
f 2132/2/114 1202/2/114 1199/2/114
f 1203/2/114 2132/2/114 1199/2/114
f 1203/2/114 1199/2/114 1204/2/114
f 2133/2/114 1205/2/114 1204/2/114
f 1206/2/114 2133/2/114 1204/2/114
f 2128/2/114 1207/2/114 1204/2/114
f 1195/2/100 2134/2/100 2135/2/100
f 1195/2/100 2135/2/100 1223/2/100
f 2136/2/114 1210/2/114 1209/2/114
f 1211/2/114 2136/2/114 1209/2/114
f 2137/2/114 1211/2/114 1212/2/114
f 2138/2/179 2139/2/179 2140/2/179
f 1222/2/96 1221/2/96 2124/2/96
f 2141/3/180 2142/3/180 2143/3/180
f 2144/3/180 2142/3/180 2141/3/180
f 2145/3/180 2142/3/180 2144/3/180
f 2146/3/180 2142/3/180 2145/3/180
f 2147/3/180 2142/3/180 2146/3/180
f 2148/3/181 2149/3/181 2150/3/181
f 2151/3/181 2152/3/181 2148/3/181
f 2148/3/181 2152/3/181 2153/3/181
f 2150/3/181 2154/3/181 2148/3/181
f 2155/3/181 2153/3/181 2152/3/181
f 2154/3/181 2151/3/181 2148/3/181
f 2153/3/181 2155/3/181 2156/3/181
f 2157/3/182 2158/3/182 2159/3/182
f 2157/3/183 2159/3/183 2160/3/183
f 2161/3/184 2162/3/184 2163/3/184
f 2164/3/185 2165/3/185 2166/3/185
f 2167/3/186 2168/3/186 2169/3/186
f 2170/3/187 2171/3/187 2172/3/187
f 2173/3/188 2174/3/188 2175/3/188
f 2176/3/189 2177/3/189 2178/3/189
f 2179/3/181 2180/3/181 2181/3/181
f 2182/3/190 2183/3/190 2184/3/190
f 2185/3/181 2186/3/181 2187/3/181
f 2188/3/181 2189/3/181 2190/3/181
f 2191/3/191 2192/3/191 2193/3/191
f 2194/3/181 2195/3/181 2196/3/181
f 2197/3/181 2195/3/181 2198/3/181
f 2199/3/181 2200/3/181 2201/3/181
f 2200/3/181 2202/3/181 2201/3/181
f 2203/3/192 2204/3/192 2205/3/192
f 2183/3/190 2182/3/190 2206/3/190
f 2207/3/193 2208/3/193 2209/3/193
f 2210/3/194 2211/3/194 2212/3/194
f 2213/3/194 2214/3/194 2215/3/194
f 2216/3/195 2217/3/195 2218/3/195
f 2219/3/196 2220/3/196 2221/3/196
f 2222/3/195 2223/3/195 2224/3/195
f 2225/3/195 2226/3/195 2227/3/195
f 2228/3/190 2229/3/190 2230/3/190
f 2231/3/195 2232/3/195 2233/3/195
f 2234/3/195 2232/3/195 2231/3/195
f 2235/3/195 2232/3/195 2234/3/195
f 2236/3/195 2232/3/195 2235/3/195
f 2237/3/195 2232/3/195 2236/3/195
f 2238/3/197 2239/3/197 2240/3/197
f 2241/3/197 2242/3/197 2238/3/197
f 2238/3/197 2242/3/197 2243/3/197
f 2240/3/197 2244/3/197 2238/3/197
f 2245/3/197 2243/3/197 2242/3/197
f 2244/3/197 2241/3/197 2238/3/197
f 2243/3/197 2245/3/197 2246/3/197
f 2247/3/198 2248/3/198 2249/3/198
f 2247/3/199 2249/3/199 2250/3/199
f 2251/3/200 2252/3/200 2253/3/200
f 2254/3/201 2255/3/201 2256/3/201
f 2257/3/202 2258/3/202 2259/3/202
f 2260/3/203 2261/3/203 2262/3/203
f 2263/3/204 2264/3/204 2265/3/204
f 2266/3/205 2267/3/205 2268/3/205
f 2269/3/206 2270/3/206 2271/3/206
f 2272/3/206 2270/3/206 2269/3/206
f 2273/3/206 2270/3/206 2272/3/206
f 2274/3/206 2270/3/206 2273/3/206
f 2275/3/206 2270/3/206 2274/3/206
f 2276/3/207 2277/3/207 2278/3/207
f 2279/3/207 2280/3/207 2276/3/207
f 2276/3/207 2280/3/207 2281/3/207
f 2278/3/207 2282/3/207 2276/3/207
f 2283/3/207 2281/3/207 2280/3/207
f 2282/3/207 2279/3/207 2276/3/207
f 2281/3/207 2283/3/207 2284/3/207
f 2285/3/208 2286/3/208 2287/3/208
f 2285/3/208 2287/3/208 2288/3/208
f 2289/3/209 2290/3/209 2291/3/209
f 2292/3/210 2293/3/210 2294/3/210
f 2295/3/211 2296/3/211 2297/3/211
f 2298/3/212 2299/3/212 2300/3/212
f 2301/3/213 2302/3/213 2303/3/213
f 2304/3/214 2305/3/214 2306/3/214
f 2307/3/215 2308/3/215 2309/3/215
f 2310/3/215 2308/3/215 2307/3/215
f 2311/3/215 2308/3/215 2310/3/215
f 2312/3/215 2308/3/215 2311/3/215
f 2313/3/215 2308/3/215 2312/3/215
f 2314/3/216 2315/3/216 2316/3/216
f 2317/3/216 2318/3/216 2314/3/216
f 2314/3/217 2318/3/217 2319/3/217
f 2316/3/216 2320/3/216 2314/3/216
f 2321/3/217 2319/3/217 2318/3/217
f 2320/3/216 2317/3/216 2314/3/216
f 2319/3/217 2321/3/217 2322/3/217
f 2323/3/218 2324/3/218 2325/3/218
f 2323/3/218 2325/3/218 2326/3/218
f 2327/3/219 2328/3/219 2329/3/219
f 2330/3/220 2331/3/220 2332/3/220
f 2333/3/221 2334/3/221 2335/3/221
f 2336/3/222 2337/3/222 2338/3/222
f 2339/3/223 2340/3/223 2341/3/223
f 2342/3/224 2343/3/224 2344/3/224
f 2345/3/225 2346/3/225 2347/3/225
f 2348/3/226 2349/3/226 2350/3/226
f 2351/3/227 2352/3/227 2353/3/227
f 2354/3/227 2355/3/227 2356/3/227
f 2354/3/228 2357/3/228 2358/3/228
f 2359/3/228 2360/3/228 2361/3/228
f 2362/3/227 2363/3/227 2364/3/227
f 2362/3/228 2365/3/228 2366/3/228
f 2367/3/227 2368/3/227 2369/3/227
f 2370/3/190 2371/3/190 2372/3/190
f 2345/3/225 2373/3/225 2374/3/225
f 2375/3/225 2376/3/225 2377/3/225
f 2378/3/225 2379/3/225 2380/3/225
f 2381/3/229 2382/3/229 2383/3/229
f 2384/3/225 2382/3/225 2385/3/225
f 2386/3/225 2387/3/225 2388/3/225
f 2387/3/229 2389/3/229 2388/3/229
f 2390/3/230 2391/3/230 2392/3/230
f 2393/3/192 2394/3/192 2395/3/192
f 2371/3/190 2370/3/190 2396/3/190
f 2397/3/231 2398/3/231 2399/3/231
f 2400/3/231 2398/3/231 2397/3/231
f 2401/3/231 2398/3/231 2400/3/231
f 2402/3/231 2398/3/231 2401/3/231
f 2403/3/231 2398/3/231 2402/3/231
f 2404/3/232 2405/3/232 2406/3/232
f 2407/3/232 2408/3/232 2404/3/232
f 2404/3/232 2408/3/232 2409/3/232
f 2406/3/232 2410/3/232 2404/3/232
f 2411/3/232 2409/3/232 2408/3/232
f 2410/3/232 2407/3/232 2404/3/232
f 2409/3/232 2411/3/232 2412/3/232
f 2413/3/233 2414/3/233 2415/3/233
f 2413/3/233 2415/3/233 2416/3/233
f 2417/3/234 2418/3/234 2419/3/234
f 2420/3/235 2421/3/235 2422/3/235
f 2423/3/236 2424/3/236 2425/3/236
f 2426/3/237 2427/3/237 2428/3/237
f 2429/3/238 2430/3/238 2431/3/238
f 2432/3/239 2433/3/239 2434/3/239
f 2435/3/240 2436/3/240 2437/3/240
f 2435/3/240 2437/3/240 2438/3/240
f 2439/3/190 2440/3/190 2441/3/190
f 2439/3/190 2441/3/190 2442/3/190
f 2443/3/190 2444/3/190 2445/3/190
f 2443/3/190 2445/3/190 2446/3/190
f 2447/3/180 2448/3/180 2449/3/180
f 2447/3/180 2449/3/180 2142/3/180
f 2450/3/241 2451/3/242 2452/3/243
f 2452/3/243 2453/3/241 2454/3/243
f 2452/3/243 2454/3/243 2450/3/241
f 2142/3/180 2449/3/180 2455/3/180
f 2142/3/180 2455/3/180 2143/3/180
f 2456/3/244 2457/3/244 2458/3/244
f 2456/3/244 2458/3/244 2459/3/244
f 2460/3/245 2461/3/246 2462/3/246
f 2460/3/245 2462/3/246 2463/3/246
f 2464/3/247 2465/3/247 2466/3/247
f 2464/3/247 2466/3/247 2467/3/247
f 2468/3/247 2469/3/247 2470/3/247
f 2468/3/247 2470/3/247 2471/3/247
f 2472/3/247 2473/3/247 2474/3/247
f 2472/3/247 2474/3/247 2475/3/247
f 2476/3/248 2477/3/248 2478/3/248
f 2478/3/248 2479/3/248 2480/3/248
f 2480/3/248 2481/3/248 2476/3/248
f 2478/3/248 2480/3/248 2476/3/248
f 2482/3/249 2483/3/249 2484/3/249
f 2484/3/249 2485/3/249 2486/3/249
f 2486/3/249 2487/3/249 2482/3/249
f 2484/3/249 2486/3/249 2482/3/249
f 2488/3/246 2489/3/246 2490/3/246
f 2488/3/246 2490/3/246 2491/3/246
f 2492/3/247 2493/3/247 2494/3/247
f 2492/3/247 2494/3/247 2495/3/247
f 2496/3/246 2497/3/246 2498/3/246
f 2496/3/246 2498/3/246 2499/3/246
f 2500/3/246 2501/3/246 2502/3/246
f 2500/3/246 2502/3/246 2503/3/246
f 2504/3/247 2505/3/247 2506/3/247
f 2504/3/247 2506/3/247 2507/3/247
f 2508/3/247 2509/3/247 2510/3/247
f 2508/3/247 2510/3/247 2511/3/247
f 2512/3/245 2513/3/246 2514/3/246
f 2512/3/245 2514/3/246 2515/3/246
f 2516/3/249 2517/3/249 2518/3/249
f 2516/3/249 2518/3/249 2519/3/249
f 2520/3/249 2521/3/249 2522/3/249
f 2520/3/249 2522/3/249 2523/3/249
f 2524/3/250 2525/3/250 2526/3/250
f 2524/3/250 2526/3/250 2527/3/250
f 2528/3/250 2529/3/250 2530/3/250
f 2528/3/250 2530/3/250 2531/3/250
f 2532/3/250 2533/3/250 2534/3/250
f 2532/3/250 2534/3/250 2535/3/250
f 2536/3/249 2537/3/249 2538/3/249
f 2536/3/249 2538/3/249 2539/3/249
f 2540/3/251 2541/3/252 2542/3/252
f 2540/3/251 2542/3/252 2543/3/251
f 2544/3/192 2545/3/192 2546/3/192
f 2544/3/192 2546/3/192 2547/3/192
f 2548/3/253 2549/3/253 2550/3/253
f 2548/3/253 2550/3/253 2551/3/253
f 2552/3/250 2553/3/250 2554/3/250
f 2552/3/250 2554/3/250 2555/3/250
f 2556/3/250 2557/3/250 2558/3/250
f 2556/3/250 2558/3/250 2559/3/250
f 2560/3/250 2561/3/250 2562/3/250
f 2560/3/250 2562/3/250 2563/3/250
f 2546/3/192 2564/3/192 2565/3/192
f 2546/3/192 2565/3/192 2547/3/192
f 2566/3/254 2567/3/254 2568/3/254
f 2566/3/254 2568/3/254 2569/3/254
f 2570/3/249 2571/3/249 2572/3/249
f 2570/3/249 2572/3/249 2573/3/249
f 2574/3/249 2575/3/249 2576/3/249
f 2574/3/249 2576/3/249 2577/3/249
f 2578/3/255 2579/3/255 2580/3/255
f 2578/3/255 2580/3/255 2581/3/255
f 2582/3/181 2583/3/181 2584/3/181
f 2582/3/181 2584/3/181 2585/3/181
f 2586/3/181 2584/3/181 2583/3/181
f 2586/3/181 2583/3/181 2153/3/181
f 2587/3/256 2588/3/257 2589/3/257
f 2587/3/256 2589/3/257 2590/3/258
f 2591/3/257 2592/3/257 2593/3/257
f 2591/3/257 2593/3/257 2594/3/258
f 2586/3/181 2153/3/181 2156/3/181
f 2586/3/181 2156/3/181 2595/3/181
f 2596/3/256 2597/3/257 2598/3/257
f 2596/3/256 2598/3/257 2599/3/258
f 2600/3/256 2601/3/257 2602/3/257
f 2600/3/256 2602/3/257 2603/3/258
f 2604/3/256 2605/3/257 2606/3/257
f 2604/3/256 2606/3/257 2607/3/258
f 2608/3/259 2609/3/260 2610/3/260
f 2610/3/260 2611/3/260 2612/3/259
f 2610/3/260 2612/3/259 2608/3/259
f 2613/3/261 2614/3/261 2615/3/261
f 2613/3/261 2615/3/261 2616/3/261
f 2617/3/262 2618/3/262 2619/3/262
f 2617/3/262 2619/3/262 2620/3/262
f 2621/3/263 2622/3/263 2623/3/263
f 2621/3/263 2623/3/263 2624/3/263
f 2625/3/264 2626/3/264 2627/3/264
f 2625/3/265 2627/3/265 2628/3/265
f 2629/3/266 2630/3/266 2631/3/266
f 2629/3/266 2631/3/266 2632/3/266
f 2448/3/180 2447/3/180 2633/3/180
f 2448/3/180 2633/3/180 2634/3/180
f 2635/3/267 2636/3/267 2637/3/267
f 2635/3/268 2637/3/268 2638/3/268
f 2639/3/269 2640/3/269 2641/3/270
f 2639/3/269 2641/3/270 2642/3/271
f 2643/3/272 2644/3/273 2645/3/274
f 2643/3/272 2645/3/274 2646/3/275
f 2647/3/276 2648/3/277 2649/3/277
f 2647/3/276 2649/3/277 2650/3/277
f 2142/3/180 2147/3/180 2651/3/180
f 2142/3/180 2651/3/180 2652/3/180
f 2653/3/278 2654/3/278 2655/3/278
f 2653/3/278 2655/3/278 2656/3/278
f 2657/3/279 2658/3/279 2659/3/279
f 2657/3/279 2659/3/279 2660/3/279
f 2661/3/280 2662/3/280 2663/3/280
f 2661/3/280 2663/3/280 2664/3/280
f 2665/3/280 2666/3/280 2667/3/280
f 2665/3/280 2667/3/280 2668/3/280
f 2669/3/278 2670/3/278 2671/3/278
f 2669/3/278 2671/3/278 2672/3/278
f 2673/3/280 2674/3/280 2675/3/280
f 2673/3/280 2675/3/280 2676/3/280
f 2677/3/281 2678/3/281 2679/3/281
f 2677/3/281 2679/3/281 2680/3/281
f 2681/3/280 2682/3/280 2683/3/280
f 2681/3/280 2683/3/280 2684/3/280
f 2685/3/281 2686/3/281 2687/3/281
f 2685/3/281 2687/3/281 2688/3/281
f 2689/3/280 2690/3/280 2691/3/280
f 2689/3/280 2691/3/280 2692/3/280
f 2693/3/280 2694/3/280 2695/3/280
f 2693/3/280 2695/3/280 2696/3/280
f 2697/3/281 2698/3/281 2699/3/281
f 2697/3/281 2699/3/281 2700/3/281
f 2701/3/278 2702/3/278 2703/3/278
f 2701/3/278 2703/3/278 2704/3/278
f 2705/3/280 2706/3/280 2707/3/280
f 2705/3/280 2707/3/280 2708/3/280
f 2709/3/281 2710/3/281 2711/3/281
f 2709/3/281 2711/3/281 2712/3/281
f 2713/3/281 2714/3/281 2715/3/281
f 2713/3/281 2715/3/281 2716/3/281
f 2717/3/278 2718/3/278 2719/3/278
f 2717/3/278 2719/3/278 2720/3/278
f 2721/3/190 2722/3/190 2723/3/190
f 2721/3/190 2723/3/190 2724/3/190
f 2725/3/281 2726/3/281 2727/3/281
f 2725/3/281 2727/3/281 2728/3/281
f 2729/3/282 2730/3/282 2731/3/282
f 2729/3/282 2731/3/282 2732/3/282
f 2733/3/278 2734/3/278 2735/3/278
f 2733/3/278 2735/3/278 2736/3/278
f 2737/3/281 2738/3/281 2739/3/281
f 2737/3/281 2739/3/281 2740/3/281
f 2741/3/278 2742/3/278 2743/3/278
f 2741/3/278 2743/3/278 2744/3/278
f 2745/3/278 2746/3/278 2747/3/278
f 2745/3/278 2747/3/278 2748/3/278
f 2749/3/249 2750/3/249 2751/3/249
f 2749/3/249 2751/3/249 2752/3/249
f 2753/3/249 2754/3/249 2755/3/249
f 2753/3/249 2755/3/249 2756/3/249
f 2757/3/250 2758/3/250 2759/3/250
f 2757/3/250 2759/3/250 2760/3/250
f 2761/3/247 2762/3/247 2763/3/247
f 2761/3/247 2763/3/247 2764/3/247
f 2765/3/250 2766/3/250 2767/3/250
f 2765/3/250 2767/3/250 2768/3/250
f 2769/3/247 2770/3/247 2771/3/247
f 2769/3/247 2771/3/247 2772/3/247
f 2773/3/247 2774/3/247 2775/3/247
f 2773/3/247 2775/3/247 2776/3/247
f 2777/3/250 2778/3/250 2779/3/250
f 2777/3/250 2779/3/250 2780/3/250
f 2781/3/249 2782/3/249 2783/3/249
f 2781/3/249 2783/3/249 2784/3/249
f 2785/3/249 2786/3/249 2787/3/249
f 2785/3/249 2787/3/249 2788/3/249
f 2789/3/250 2790/3/250 2791/3/250
f 2789/3/250 2791/3/250 2792/3/250
f 2793/3/247 2794/3/247 2795/3/247
f 2793/3/247 2795/3/247 2796/3/247
f 2797/3/255 2798/3/255 2799/3/255
f 2797/3/255 2799/3/255 2800/3/255
f 2801/3/247 2802/3/247 2803/3/247
f 2801/3/247 2803/3/247 2804/3/247
f 2805/3/250 2806/3/250 2807/3/250
f 2805/3/250 2807/3/250 2808/3/250
f 2809/3/249 2810/3/249 2811/3/249
f 2809/3/249 2811/3/249 2812/3/249
f 2813/3/190 2814/3/190 2721/3/190
f 2813/3/190 2721/3/190 2724/3/190
f 2815/3/249 2816/3/249 2817/3/249
f 2815/3/249 2817/3/249 2818/3/249
f 2819/3/247 2820/3/247 2821/3/247
f 2819/3/247 2821/3/247 2822/3/247
f 2823/3/254 2824/3/254 2825/3/254
f 2823/3/254 2825/3/254 2826/3/254
f 2827/3/250 2828/3/250 2829/3/250
f 2827/3/250 2829/3/250 2830/3/250
f 2831/3/249 2832/3/249 2833/3/249
f 2831/3/249 2833/3/249 2834/3/249
f 2835/3/247 2836/3/247 2837/3/247
f 2835/3/247 2837/3/247 2838/3/247
f 2839/3/250 2840/3/250 2841/3/250
f 2839/3/250 2841/3/250 2842/3/250
f 2843/3/283 2844/3/284 2845/3/283
f 2843/3/283 2845/3/283 2846/3/283
f 2847/3/197 2848/3/197 2849/3/197
f 2847/3/197 2849/3/197 2850/3/197
f 2179/3/191 2851/3/191 2180/3/191
f 2852/3/181 2202/3/181 2200/3/181
f 2852/3/181 2200/3/181 2853/3/181
f 2848/3/197 2854/3/197 2855/3/197
f 2848/3/197 2847/3/197 2856/3/197
f 2848/3/197 2855/3/197 2857/3/197
f 2202/3/181 2186/3/181 2858/3/181
f 2202/3/181 2858/3/181 2859/3/181
f 2202/3/181 2859/3/181 2201/3/181
f 2186/3/181 2189/3/181 2860/3/181
f 2186/3/181 2860/3/181 2187/3/181
f 2185/3/181 2858/3/181 2186/3/181
f 2189/3/181 2195/3/181 2861/3/181
f 2189/3/181 2861/3/181 2862/3/181
f 2863/3/285 2864/3/285 2865/3/285
f 2866/3/181 2190/3/181 2189/3/181
f 2867/3/181 2866/3/181 2189/3/181
f 2195/3/181 2868/3/181 2869/3/181
f 2195/3/181 2869/3/181 2198/3/181
f 2194/3/181 2861/3/181 2195/3/181
f 2870/3/181 2196/3/181 2195/3/181
f 2197/3/181 2870/3/181 2195/3/181
f 2868/3/181 2871/3/181 2872/3/181
f 2868/3/181 2872/3/181 2873/3/181
f 2873/3/181 2869/3/181 2868/3/181
f 2182/3/190 2874/3/190 2875/3/190
f 2182/3/190 2875/3/190 2206/3/190
f 2876/3/286 2877/3/286 2878/3/286
f 2848/3/197 2856/3/197 2854/3/197
f 2879/3/287 2880/3/287 2881/3/287
f 2879/3/287 2881/3/287 2882/3/287
f 2883/3/288 2884/3/288 2885/3/288
f 2883/3/288 2885/3/288 2886/3/288
f 2887/3/289 2888/3/289 2889/3/289
f 2887/3/289 2889/3/289 2890/3/289
f 2891/3/289 2892/3/289 2893/3/289
f 2891/3/289 2893/3/289 2894/3/289
f 2895/3/287 2896/3/287 2897/3/287
f 2895/3/287 2897/3/287 2898/3/287
f 2899/3/289 2900/3/289 2901/3/289
f 2899/3/289 2901/3/289 2902/3/289
f 2903/3/290 2904/3/290 2905/3/290
f 2903/3/290 2905/3/290 2906/3/290
f 2907/3/289 2908/3/289 2909/3/289
f 2907/3/289 2909/3/289 2910/3/289
f 2911/3/290 2912/3/290 2913/3/290
f 2911/3/290 2913/3/290 2914/3/290
f 2915/3/289 2916/3/289 2917/3/289
f 2915/3/289 2917/3/289 2918/3/289
f 2919/3/289 2920/3/289 2921/3/289
f 2919/3/289 2921/3/289 2922/3/289
f 2923/3/290 2924/3/290 2925/3/290
f 2923/3/290 2925/3/290 2926/3/290
f 2927/3/287 2928/3/287 2929/3/287
f 2927/3/287 2929/3/287 2930/3/287
f 2931/3/289 2932/3/289 2933/3/289
f 2931/3/289 2933/3/289 2934/3/289
f 2935/3/290 2936/3/290 2937/3/290
f 2935/3/290 2937/3/290 2938/3/290
f 2939/3/290 2940/3/290 2941/3/290
f 2939/3/290 2941/3/290 2942/3/290
f 2943/3/287 2944/3/287 2945/3/287
f 2943/3/287 2945/3/287 2946/3/287
f 2947/3/190 2948/3/190 2949/3/190
f 2947/3/190 2949/3/190 2950/3/190
f 2951/3/290 2952/3/290 2953/3/290
f 2951/3/290 2953/3/290 2954/3/290
f 2955/3/291 2956/3/291 2957/3/291
f 2955/3/291 2957/3/291 2958/3/291
f 2959/3/287 2960/3/287 2961/3/287
f 2959/3/287 2961/3/287 2962/3/287
f 2963/3/290 2964/3/290 2965/3/290
f 2963/3/290 2965/3/290 2966/3/290
f 2967/3/287 2968/3/287 2969/3/287
f 2967/3/287 2969/3/287 2970/3/287
f 2971/3/287 2972/3/287 2973/3/287
f 2971/3/287 2973/3/287 2974/3/287
f 2975/3/292 2976/3/292 2977/3/292
f 2975/3/292 2977/3/292 2978/3/292
f 2979/3/292 2980/3/292 2981/3/292
f 2979/3/292 2981/3/292 2982/3/292
f 2983/3/293 2984/3/293 2985/3/293
f 2983/3/293 2985/3/293 2986/3/293
f 2987/3/294 2988/3/294 2989/3/294
f 2987/3/294 2989/3/294 2990/3/294
f 2991/3/293 2992/3/293 2993/3/293
f 2991/3/293 2993/3/293 2994/3/293
f 2995/3/294 2996/3/294 2997/3/294
f 2995/3/294 2997/3/294 2998/3/294
f 2999/3/294 3000/3/294 3001/3/294
f 2999/3/294 3001/3/294 3002/3/294
f 3003/3/293 3004/3/293 3005/3/293
f 3003/3/293 3005/3/293 3006/3/293
f 3007/3/292 3008/3/292 3009/3/292
f 3007/3/292 3009/3/292 3010/3/292
f 3011/3/292 3012/3/292 3013/3/292
f 3011/3/292 3013/3/292 3014/3/292
f 3015/3/293 3016/3/293 3017/3/293
f 3015/3/293 3017/3/293 3018/3/293
f 3019/3/294 3020/3/294 3021/3/294
f 3019/3/294 3021/3/294 3022/3/294
f 3023/3/295 3024/3/295 3025/3/295
f 3023/3/295 3025/3/295 3026/3/295
f 3027/3/294 3028/3/294 3029/3/294
f 3027/3/294 3029/3/294 3030/3/294
f 3031/3/293 3032/3/293 3033/3/293
f 3031/3/293 3033/3/293 3034/3/293
f 3035/3/292 3036/3/292 3037/3/292
f 3035/3/292 3037/3/292 3038/3/292
f 3039/3/190 3040/3/190 2947/3/190
f 3039/3/190 2947/3/190 2950/3/190
f 3041/3/292 3042/3/292 3043/3/292
f 3041/3/292 3043/3/292 3044/3/292
f 3045/3/294 3046/3/294 3047/3/294
f 3045/3/294 3047/3/294 3048/3/294
f 3049/3/296 3050/3/296 3051/3/296
f 3049/3/296 3051/3/296 3052/3/296
f 3053/3/293 3054/3/293 3055/3/293
f 3053/3/293 3055/3/293 3056/3/293
f 3057/3/292 3058/3/292 3059/3/292
f 3057/3/292 3059/3/292 3060/3/292
f 3061/3/294 3062/3/294 3063/3/294
f 3061/3/294 3063/3/294 3064/3/294
f 3065/3/293 3066/3/293 3067/3/293
f 3065/3/293 3067/3/293 3068/3/293
f 3069/3/297 3070/3/298 3071/3/297
f 3069/3/297 3071/3/297 3072/3/297
f 3073/3/180 3074/3/180 3075/3/180
f 3073/3/180 3075/3/180 3076/3/180
f 3077/3/195 3078/3/195 3079/3/195
f 3077/3/195 3079/3/195 3080/3/195
f 3075/3/180 3081/3/180 3076/3/180
f 3075/3/180 3082/3/180 3081/3/180
f 3075/3/180 3083/3/180 3082/3/180
f 3079/3/195 3084/3/195 3080/3/195
f 3085/3/195 3086/3/195 3087/3/195
f 3085/3/195 3087/3/195 3078/3/195
f 3088/3/195 3089/3/195 3087/3/195
f 3088/3/195 3087/3/195 3090/3/195
f 3087/3/195 3086/3/195 3091/3/195
f 3092/3/196 3093/3/196 3094/3/196
f 3095/3/195 2216/3/195 3089/3/195
f 3095/3/195 3089/3/195 3096/3/195
f 3097/3/196 3098/3/196 3099/3/196
f 3100/3/195 2222/3/195 2216/3/195
f 3100/3/195 2216/3/195 3101/3/195
f 3102/3/299 3103/3/299 3104/3/299
f 2216/3/195 2218/3/195 3105/3/195
f 2216/3/195 3105/3/195 3106/3/195
f 3107/3/195 3108/3/195 2222/3/195
f 3107/3/195 2222/3/195 3109/3/195
f 2222/3/195 3100/3/195 2223/3/195
f 2222/3/195 2224/3/195 3110/3/195
f 2222/3/195 3110/3/195 3109/3/195
f 2229/3/190 3111/3/190 3112/3/190
f 2229/3/190 3112/3/190 2230/3/190
f 2227/3/195 2226/3/195 3113/3/195
f 3075/3/180 3114/3/180 3083/3/180
f 3115/3/180 3114/3/180 3075/3/180
f 3116/3/300 3117/3/300 3118/3/300
f 3116/3/300 3118/3/300 3119/3/300
f 3120/3/190 3121/3/190 3122/3/190
f 3120/3/190 3122/3/190 3123/3/190
f 3124/3/190 3125/3/190 3126/3/190
f 3124/3/190 3126/3/190 3127/3/190
f 3128/3/195 3129/3/195 3130/3/195
f 3128/3/195 3130/3/195 2232/3/195
f 3131/3/301 3132/3/302 3133/3/301
f 3133/3/301 3134/3/301 3135/3/301
f 3133/3/301 3135/3/301 3131/3/301
f 2232/3/195 3130/3/195 3136/3/195
f 2232/3/195 3136/3/195 2233/3/195
f 3137/3/303 3138/3/303 3139/3/303
f 3137/3/303 3139/3/303 3140/3/303
f 3141/3/304 3142/3/304 3143/3/305
f 3141/3/304 3143/3/305 3144/3/305
f 3145/3/290 3146/3/290 3147/3/290
f 3145/3/290 3147/3/290 3148/3/290
f 3149/3/290 3150/3/290 3151/3/290
f 3149/3/290 3151/3/290 3152/3/290
f 3153/3/290 3154/3/290 3155/3/290
f 3153/3/290 3155/3/290 3156/3/290
f 3157/3/306 3158/3/306 3159/3/306
f 3159/3/306 3160/3/306 3161/3/306
f 3161/3/306 3162/3/306 3157/3/306
f 3159/3/306 3161/3/306 3157/3/306
f 3163/3/287 3164/3/287 3165/3/287
f 3165/3/287 3166/3/287 3167/3/287
f 3167/3/287 3168/3/287 3163/3/287
f 3165/3/287 3167/3/287 3163/3/287
f 3169/3/304 3170/3/305 3171/3/305
f 3169/3/304 3171/3/305 3172/3/305
f 3173/3/290 3174/3/290 3175/3/290
f 3173/3/290 3175/3/290 3176/3/290
f 3177/3/304 3178/3/304 3179/3/305
f 3177/3/304 3179/3/305 3180/3/305
f 3181/3/304 3182/3/304 3183/3/305
f 3181/3/304 3183/3/305 3184/3/304
f 3185/3/290 3186/3/290 3187/3/290
f 3185/3/290 3187/3/290 3188/3/290
f 3189/3/290 3190/3/290 3191/3/290
f 3189/3/290 3191/3/290 3192/3/290
f 3193/3/305 3194/3/305 3195/3/305
f 3193/3/305 3195/3/305 3196/3/305
f 3197/3/287 3198/3/287 3199/3/287
f 3197/3/287 3199/3/287 3200/3/287
f 3201/3/287 3202/3/287 3203/3/287
f 3201/3/287 3203/3/287 3204/3/287
f 3205/3/289 3206/3/289 3207/3/289
f 3205/3/289 3207/3/289 3208/3/289
f 3209/3/289 3210/3/289 3211/3/289
f 3209/3/289 3211/3/289 3212/3/289
f 3213/3/289 3214/3/289 3215/3/289
f 3213/3/289 3215/3/289 3216/3/289
f 3217/3/287 3218/3/287 3219/3/287
f 3217/3/287 3219/3/287 3220/3/287
f 3221/3/307 3222/3/307 3223/3/308
f 3221/3/307 3223/3/308 3224/3/308
f 3225/3/192 3226/3/192 3227/3/192
f 3225/3/192 3227/3/192 3228/3/192
f 3229/3/309 3230/3/310 3231/3/309
f 3229/3/309 3231/3/309 3232/3/309
f 3233/3/289 3234/3/289 3235/3/289
f 3233/3/289 3235/3/289 3236/3/289
f 3237/3/289 3238/3/289 3239/3/289
f 3237/3/289 3239/3/289 3240/3/289
f 3241/3/289 3242/3/289 3243/3/289
f 3241/3/289 3243/3/289 3244/3/289
f 3227/3/192 3245/3/192 3246/3/192
f 3227/3/192 3246/3/192 3228/3/192
f 3247/3/291 3248/3/291 3249/3/291
f 3247/3/291 3249/3/291 3250/3/291
f 3251/3/287 3252/3/287 3253/3/287
f 3251/3/287 3253/3/287 3254/3/287
f 3255/3/287 3256/3/287 3257/3/287
f 3255/3/287 3257/3/287 3258/3/287
f 3259/3/288 3260/3/288 3261/3/288
f 3259/3/288 3261/3/288 3262/3/288
f 3263/3/197 3264/3/197 3265/3/197
f 3263/3/197 3265/3/197 3266/3/197
f 3267/3/197 3265/3/197 3264/3/197
f 3267/3/197 3264/3/197 2243/3/197
f 3268/3/311 3269/3/312 3270/3/312
f 3268/3/311 3270/3/312 3271/3/313
f 3272/3/313 3273/3/312 3274/3/312
f 3272/3/313 3274/3/312 3275/3/313
f 3267/3/197 2243/3/197 2246/3/197
f 3267/3/197 2246/3/197 3276/3/197
f 3277/3/313 3278/3/312 3279/3/313
f 3277/3/313 3279/3/313 3280/3/312
f 3281/3/311 3282/3/312 3283/3/312
f 3281/3/311 3283/3/312 3284/3/313
f 3285/3/312 3286/3/313 3287/3/313
f 3285/3/312 3287/3/313 3288/3/313
f 3289/3/314 3290/3/314 3291/3/315
f 3291/3/315 3292/3/315 3293/3/315
f 3291/3/315 3293/3/315 3289/3/314
f 3294/3/316 3295/3/316 3296/3/316
f 3294/3/316 3296/3/316 3297/3/316
f 3298/3/317 3299/3/317 3300/3/317
f 3298/3/317 3300/3/317 3301/3/317
f 3302/3/318 3303/3/318 3304/3/318
f 3302/3/318 3304/3/318 3305/3/318
f 3306/3/319 3307/3/319 3308/3/319
f 3306/3/320 3308/3/320 3309/3/320
f 3310/3/321 3311/3/321 3312/3/321
f 3310/3/321 3312/3/321 3313/3/321
f 3129/3/195 3128/3/195 3314/3/195
f 3129/3/195 3314/3/195 3315/3/195
f 3316/3/322 3317/3/322 3318/3/322
f 3316/3/323 3318/3/323 3319/3/323
f 3320/3/324 3321/3/325 3322/3/326
f 3320/3/324 3322/3/326 3323/3/327
f 3324/3/328 3325/3/329 3326/3/330
f 3324/3/328 3326/3/330 3327/3/331
f 3328/3/332 3329/3/333 3330/3/333
f 3328/3/332 3330/3/333 3331/3/333
f 2232/3/195 2237/3/195 3332/3/195
f 2232/3/195 3332/3/195 3333/3/195
f 3334/3/334 3335/3/335 3336/3/335
f 3334/3/334 3336/3/335 3337/3/334
f 3338/3/190 3339/3/190 3340/3/190
f 3338/3/190 3340/3/190 3341/3/190
f 3342/3/190 3343/3/190 3344/3/190
f 3342/3/190 3344/3/190 3345/3/190
f 3346/3/206 3347/3/206 3348/3/206
f 3346/3/206 3348/3/206 2270/3/206
f 3349/3/336 3350/3/336 3351/3/336
f 3351/3/336 3352/3/336 3353/3/336
f 3351/3/336 3353/3/336 3349/3/336
f 2270/3/206 3348/3/206 3354/3/206
f 2270/3/206 3354/3/206 2271/3/206
f 3355/3/337 3356/3/338 3357/3/338
f 3355/3/337 3357/3/338 3358/3/338
f 3359/3/339 3360/3/339 3361/3/339
f 3359/3/339 3361/3/339 3362/3/339
f 3363/3/340 3364/3/340 3365/3/340
f 3363/3/340 3365/3/340 3366/3/340
f 3367/3/340 3368/3/340 3369/3/340
f 3367/3/340 3369/3/340 3370/3/340
f 3371/3/340 3372/3/340 3373/3/340
f 3371/3/340 3373/3/340 3374/3/340
f 3375/3/341 3376/3/341 3377/3/341
f 3377/3/341 3378/3/341 3379/3/341
f 3379/3/341 3380/3/341 3375/3/341
f 3377/3/341 3379/3/341 3375/3/341
f 3381/3/342 3382/3/342 3383/3/342
f 3383/3/343 3384/3/343 3385/3/343
f 3385/3/342 3386/3/342 3381/3/342
f 3383/3/342 3385/3/342 3381/3/342
f 3387/3/339 3388/3/339 3389/3/339
f 3387/3/339 3389/3/339 3390/3/339
f 3391/3/340 3392/3/340 3393/3/340
f 3391/3/340 3393/3/340 3394/3/340
f 3395/3/339 3396/3/339 3397/3/339
f 3395/3/339 3397/3/339 3398/3/339
f 3399/3/339 3400/3/339 3401/3/339
f 3399/3/339 3401/3/339 3402/3/339
f 3403/3/340 3404/3/340 3405/3/340
f 3403/3/340 3405/3/340 3406/3/340
f 3407/3/340 3408/3/340 3409/3/340
f 3407/3/340 3409/3/340 3410/3/340
f 3411/3/339 3412/3/339 3413/3/339
f 3411/3/339 3413/3/339 3414/3/339
f 3415/3/342 3416/3/342 3417/3/342
f 3415/3/342 3417/3/342 3418/3/342
f 3419/3/342 3420/3/342 3421/3/342
f 3419/3/342 3421/3/342 3422/3/342
f 3423/3/344 3424/3/344 3425/3/344
f 3423/3/344 3425/3/344 3426/3/344
f 3427/3/344 3428/3/344 3429/3/344
f 3427/3/344 3429/3/344 3430/3/344
f 3431/3/344 3432/3/344 3433/3/344
f 3431/3/344 3433/3/344 3434/3/344
f 3435/3/342 3436/3/342 3437/3/342
f 3435/3/342 3437/3/342 3438/3/342
f 3439/3/345 3440/3/345 3441/3/345
f 3439/3/345 3441/3/345 3442/3/345
f 3443/3/192 3444/3/192 3445/3/192
f 3443/3/192 3445/3/192 3446/3/192
f 3447/3/346 3448/3/346 3449/3/346
f 3447/3/346 3449/3/346 3450/3/347
f 3451/3/344 3452/3/344 3453/3/344
f 3451/3/344 3453/3/344 3454/3/344
f 3455/3/344 3456/3/344 3457/3/344
f 3455/3/344 3457/3/344 3458/3/344
f 3459/3/344 3460/3/344 3461/3/344
f 3459/3/344 3461/3/344 3462/3/344
f 3445/3/192 3463/3/192 3464/3/192
f 3445/3/192 3464/3/192 3446/3/192
f 3465/3/348 3466/3/348 3467/3/348
f 3465/3/348 3467/3/348 3468/3/348
f 3469/3/342 3470/3/342 3471/3/342
f 3469/3/342 3471/3/342 3472/3/342
f 3473/3/342 3474/3/342 3475/3/342
f 3473/3/342 3475/3/342 3476/3/342
f 3477/3/349 3478/3/349 3479/3/349
f 3477/3/349 3479/3/349 3480/3/349
f 3481/3/207 3482/3/207 3483/3/207
f 3481/3/207 3483/3/207 3484/3/207
f 3485/3/207 3483/3/207 3482/3/207
f 3485/3/207 3482/3/207 2281/3/207
f 3486/3/350 3487/3/351 3488/3/350
f 3486/3/350 3488/3/350 3489/3/351
f 3490/3/351 3491/3/350 3492/3/350
f 3490/3/351 3492/3/350 3493/3/350
f 3485/3/207 2281/3/207 2284/3/207
f 3485/3/207 2284/3/207 3494/3/207
f 3495/3/351 3496/3/350 3497/3/350
f 3495/3/351 3497/3/350 3498/3/350
f 3499/3/350 3500/3/351 3501/3/350
f 3499/3/350 3501/3/350 3502/3/351
f 3503/3/351 3504/3/350 3505/3/350
f 3503/3/351 3505/3/350 3506/3/350
f 3507/3/352 3508/3/352 3509/3/353
f 3509/3/353 3510/3/352 3511/3/352
f 3509/3/353 3511/3/352 3507/3/352
f 3512/3/354 3513/3/354 3514/3/354
f 3512/3/354 3514/3/354 3515/3/354
f 3516/3/355 3517/3/355 3518/3/355
f 3516/3/355 3518/3/355 3519/3/355
f 3520/3/356 3521/3/356 3522/3/356
f 3520/3/356 3522/3/356 3523/3/356
f 3524/3/357 3525/3/357 3526/3/357
f 3524/3/358 3526/3/358 3527/3/358
f 3528/3/359 3529/3/359 3530/3/359
f 3528/3/359 3530/3/359 3531/3/359
f 3347/3/206 3346/3/206 3532/3/206
f 3347/3/206 3532/3/206 3533/3/206
f 3534/3/360 3535/3/360 3536/3/360
f 3534/3/361 3536/3/361 3537/3/361
f 3538/3/362 3539/3/363 3540/3/364
f 3538/3/362 3540/3/364 3541/3/365
f 3542/3/366 3543/3/367 3544/3/368
f 3542/3/366 3544/3/368 3545/3/367
f 3546/3/369 3547/3/370 3548/3/370
f 3546/3/369 3548/3/370 3549/3/370
f 2270/3/206 2275/3/206 3550/3/206
f 2270/3/206 3550/3/206 3551/3/206
f 3552/3/371 3553/3/371 3554/3/371
f 3552/3/371 3554/3/371 3555/3/371
f 3556/3/190 3557/3/190 3558/3/190
f 3556/3/190 3558/3/190 3559/3/190
f 3560/3/190 3561/3/190 3562/3/190
f 3560/3/190 3562/3/190 3563/3/190
f 3564/3/215 3565/3/215 3566/3/215
f 3564/3/215 3566/3/215 2308/3/215
f 3567/3/372 3568/3/372 3569/3/372
f 3569/3/372 3570/3/372 3571/3/372
f 3569/3/372 3571/3/372 3567/3/372
f 2308/3/215 3566/3/215 3572/3/215
f 2308/3/215 3572/3/215 2309/3/215
f 3573/3/373 3574/3/373 3575/3/373
f 3573/3/373 3575/3/373 3576/3/373
f 3577/3/374 3578/3/375 3579/3/375
f 3577/3/374 3579/3/375 3580/3/374
f 3581/3/376 3582/3/376 3583/3/376
f 3581/3/376 3583/3/376 3584/3/376
f 3585/3/376 3586/3/376 3587/3/376
f 3585/3/376 3587/3/376 3588/3/376
f 3589/3/376 3590/3/376 3591/3/376
f 3589/3/376 3591/3/376 3592/3/376
f 3593/3/377 3594/3/377 3595/3/377
f 3595/3/377 3596/3/377 3597/3/378
f 3597/3/378 3598/3/377 3593/3/377
f 3595/3/377 3597/3/378 3593/3/377
f 3599/3/379 3600/3/379 3601/3/379
f 3601/3/379 3602/3/379 3603/3/379
f 3603/3/379 3604/3/379 3599/3/379
f 3601/3/379 3603/3/379 3599/3/379
f 3605/3/375 3606/3/375 3607/3/375
f 3605/3/375 3607/3/375 3608/3/375
f 3609/3/376 3610/3/376 3611/3/376
f 3609/3/376 3611/3/376 3612/3/376
f 3613/3/374 3614/3/375 3615/3/375
f 3613/3/374 3615/3/375 3616/3/374
f 3617/3/375 3618/3/375 3619/3/375
f 3617/3/375 3619/3/375 3620/3/374
f 3621/3/376 3622/3/376 3623/3/376
f 3621/3/376 3623/3/376 3624/3/376
f 3625/3/376 3626/3/376 3627/3/376
f 3625/3/376 3627/3/376 3628/3/376
f 3629/3/375 3630/3/375 3631/3/375
f 3629/3/375 3631/3/375 3632/3/374
f 3633/3/379 3634/3/379 3635/3/379
f 3633/3/379 3635/3/379 3636/3/379
f 3637/3/379 3638/3/379 3639/3/379
f 3637/3/379 3639/3/379 3640/3/379
f 3641/3/380 3642/3/380 3643/3/380
f 3641/3/380 3643/3/380 3644/3/380
f 3645/3/380 3646/3/380 3647/3/380
f 3645/3/380 3647/3/380 3648/3/380
f 3649/3/380 3650/3/380 3651/3/380
f 3649/3/380 3651/3/380 3652/3/380
f 3653/3/379 3654/3/379 3655/3/379
f 3653/3/379 3655/3/379 3656/3/379
f 3657/3/381 3658/3/381 3659/3/382
f 3657/3/381 3659/3/382 3660/3/382
f 3661/3/192 3662/3/192 3663/3/192
f 3661/3/192 3663/3/192 3664/3/192
f 3665/3/383 3666/3/384 3667/3/385
f 3665/3/383 3667/3/385 3668/3/385
f 3669/3/380 3670/3/380 3671/3/380
f 3669/3/380 3671/3/380 3672/3/380
f 3673/3/380 3674/3/380 3675/3/380
f 3673/3/380 3675/3/380 3676/3/380
f 3677/3/380 3678/3/380 3679/3/380
f 3677/3/380 3679/3/380 3680/3/380
f 3663/3/192 3681/3/192 3682/3/192
f 3663/3/192 3682/3/192 3664/3/192
f 3683/3/386 3684/3/386 3685/3/386
f 3683/3/386 3685/3/386 3686/3/386
f 3687/3/379 3688/3/379 3689/3/379
f 3687/3/379 3689/3/379 3690/3/379
f 3691/3/379 3692/3/379 3693/3/379
f 3691/3/379 3693/3/379 3694/3/379
f 3695/3/387 3696/3/387 3697/3/387
f 3695/3/387 3697/3/387 3698/3/387
f 3699/3/217 3700/3/217 3701/3/217
f 3699/3/217 3701/3/217 3702/3/217
f 3703/3/217 3701/3/217 3700/3/217
f 3703/3/217 3700/3/217 2319/3/217
f 3704/3/388 3705/3/389 3706/3/388
f 3704/3/388 3706/3/388 3707/3/388
f 3708/3/388 3709/3/388 3710/3/388
f 3708/3/388 3710/3/388 3711/3/389
f 3703/3/217 2319/3/217 2322/3/217
f 3703/3/217 2322/3/217 3712/3/217
f 3713/3/388 3714/3/389 3715/3/389
f 3713/3/388 3715/3/389 3716/3/388
f 3717/3/388 3718/3/388 3719/3/388
f 3717/3/388 3719/3/388 3720/3/388
f 3721/3/388 3722/3/388 3723/3/388
f 3721/3/388 3723/3/388 3724/3/388
f 3725/3/390 3726/3/390 3727/3/391
f 3727/3/391 3728/3/391 3729/3/391
f 3727/3/391 3729/3/391 3725/3/390
f 3730/3/392 3731/3/392 3732/3/392
f 3730/3/392 3732/3/392 3733/3/392
f 3734/3/393 3735/3/393 3736/3/393
f 3734/3/393 3736/3/393 3737/3/393
f 3738/3/394 3739/3/394 3740/3/394
f 3738/3/394 3740/3/394 3741/3/394
f 3742/3/395 3743/3/395 3744/3/395
f 3742/3/395 3744/3/395 3745/3/395
f 3746/3/396 3747/3/396 3748/3/396
f 3746/3/396 3748/3/396 3749/3/396
f 3565/3/215 3564/3/215 3750/3/215
f 3565/3/215 3750/3/215 3751/3/215
f 3752/3/397 3753/3/397 3754/3/397
f 3752/3/398 3754/3/398 3755/3/398
f 3756/3/399 3757/3/400 3758/3/401
f 3756/3/399 3758/3/401 3759/3/402
f 3760/3/403 3761/3/404 3762/3/405
f 3760/3/403 3762/3/405 3763/3/406
f 3764/3/407 3765/3/408 3766/3/408
f 3764/3/407 3766/3/408 3767/3/408
f 2308/3/215 2313/3/215 3768/3/215
f 2308/3/215 3768/3/215 3769/3/215
f 3770/3/409 3771/3/409 3772/3/409
f 3770/3/409 3772/3/409 3773/3/409
f 3774/3/410 3775/3/410 3776/3/410
f 3774/3/410 3776/3/410 3777/3/410
f 3778/3/411 3779/3/411 3780/3/411
f 3778/3/411 3780/3/411 3781/3/411
f 3782/3/411 3783/3/411 3784/3/411
f 3782/3/411 3784/3/411 3785/3/411
f 3786/3/409 3787/3/409 3788/3/409
f 3786/3/409 3788/3/409 3789/3/409
f 3790/3/411 3791/3/411 3792/3/411
f 3790/3/411 3792/3/411 3793/3/411
f 3794/3/412 3795/3/412 3796/3/412
f 3794/3/412 3796/3/412 3797/3/412
f 3798/3/411 3799/3/411 3800/3/411
f 3798/3/411 3800/3/411 3801/3/411
f 3802/3/412 3803/3/412 3804/3/412
f 3802/3/412 3804/3/412 3805/3/412
f 3806/3/411 3807/3/411 3808/3/411
f 3806/3/411 3808/3/411 3809/3/411
f 3810/3/411 3811/3/411 3812/3/411
f 3810/3/411 3812/3/411 3813/3/411
f 3814/3/412 3815/3/412 3816/3/412
f 3814/3/412 3816/3/412 3817/3/412
f 3818/3/409 3819/3/409 3820/3/409
f 3818/3/409 3820/3/409 3821/3/409
f 3822/3/411 3823/3/411 3824/3/411
f 3822/3/411 3824/3/411 3825/3/411
f 3826/3/412 3827/3/412 3828/3/412
f 3826/3/412 3828/3/412 3829/3/412
f 3830/3/412 3831/3/412 3832/3/412
f 3830/3/412 3832/3/412 3833/3/412
f 3834/3/409 3835/3/409 3836/3/409
f 3834/3/409 3836/3/409 3837/3/409
f 3838/3/190 3839/3/190 3840/3/190
f 3838/3/190 3840/3/190 3841/3/190
f 3842/3/412 3843/3/412 3844/3/412
f 3842/3/412 3844/3/412 3845/3/412
f 3846/3/413 3847/3/413 3848/3/413
f 3846/3/413 3848/3/413 3849/3/413
f 3850/3/409 3851/3/409 3852/3/409
f 3850/3/409 3852/3/409 3853/3/409
f 3854/3/412 3855/3/412 3856/3/412
f 3854/3/412 3856/3/412 3857/3/412
f 3858/3/409 3859/3/409 3860/3/409
f 3858/3/409 3860/3/409 3861/3/409
f 3862/3/409 3863/3/409 3864/3/409
f 3862/3/409 3864/3/409 3865/3/409
f 3866/3/414 3867/3/414 3868/3/414
f 3866/3/414 3868/3/414 3869/3/414
f 3870/3/414 3871/3/414 3872/3/414
f 3870/3/414 3872/3/414 3873/3/414
f 3874/3/415 3875/3/415 3876/3/415
f 3874/3/415 3876/3/415 3877/3/415
f 3878/3/416 3879/3/416 3880/3/416
f 3878/3/416 3880/3/416 3881/3/416
f 3882/3/415 3883/3/415 3884/3/415
f 3882/3/415 3884/3/415 3885/3/415
f 3886/3/416 3887/3/416 3888/3/416
f 3886/3/416 3888/3/416 3889/3/416
f 3890/3/416 3891/3/416 3892/3/416
f 3890/3/416 3892/3/416 3893/3/416
f 3894/3/415 3895/3/415 3896/3/415
f 3894/3/415 3896/3/415 3897/3/415
f 3898/3/414 3899/3/414 3900/3/414
f 3898/3/414 3900/3/414 3901/3/414
f 3902/3/414 3903/3/414 3904/3/414
f 3902/3/414 3904/3/414 3905/3/414
f 3906/3/415 3907/3/415 3908/3/415
f 3906/3/415 3908/3/415 3909/3/415
f 3910/3/416 3911/3/416 3912/3/416
f 3910/3/416 3912/3/416 3913/3/416
f 3914/3/417 3915/3/417 3916/3/417
f 3914/3/417 3916/3/417 3917/3/417
f 3918/3/416 3919/3/416 3920/3/416
f 3918/3/416 3920/3/416 3921/3/416
f 3922/3/415 3923/3/415 3924/3/415
f 3922/3/415 3924/3/415 3925/3/415
f 3926/3/414 3927/3/414 3928/3/414
f 3926/3/414 3928/3/414 3929/3/414
f 3930/3/190 3931/3/190 3838/3/190
f 3930/3/190 3838/3/190 3841/3/190
f 3932/3/414 3933/3/414 3934/3/414
f 3932/3/414 3934/3/414 3935/3/414
f 3936/3/416 3937/3/416 3938/3/416
f 3936/3/416 3938/3/416 3939/3/416
f 3940/3/418 3941/3/418 3942/3/418
f 3940/3/418 3942/3/418 3943/3/418
f 3944/3/415 3945/3/415 3946/3/415
f 3944/3/415 3946/3/415 3947/3/415
f 3948/3/414 3949/3/414 3950/3/414
f 3948/3/414 3950/3/414 3951/3/414
f 3952/3/416 3953/3/416 3954/3/416
f 3952/3/416 3954/3/416 3955/3/416
f 3956/3/415 3957/3/415 3958/3/415
f 3956/3/415 3958/3/415 3959/3/415
f 3960/3/419 3961/3/419 3962/3/419
f 3960/3/419 3962/3/419 3963/3/419
f 3964/3/420 3965/3/420 3966/3/420
f 3964/3/420 3966/3/420 3967/3/420
f 3968/3/228 2351/3/228 3969/3/228
f 3968/3/227 3969/3/227 3970/3/227
f 2347/3/229 3971/3/229 3972/3/229
f 2347/3/225 3973/3/225 3971/3/225
f 2347/3/229 2346/3/229 3973/3/229
f 2345/3/225 2374/3/225 2346/3/225
f 2367/3/228 3974/3/228 2368/3/228
f 3975/3/227 2354/3/227 2351/3/227
f 3975/3/228 2351/3/228 2353/3/228
f 2351/3/227 3968/3/227 3976/3/227
f 3977/3/228 2359/3/228 2354/3/228
f 3977/3/227 2354/3/227 2358/3/227
f 2354/3/228 3975/3/228 2355/3/228
f 2354/3/227 2356/3/227 3978/3/227
f 2354/3/227 3978/3/227 2357/3/227
f 3979/3/227 2362/3/227 2359/3/227
f 3979/3/227 2359/3/227 2361/3/227
f 2359/3/227 3977/3/227 2360/3/227
f 3980/3/227 3981/3/227 2362/3/227
f 3980/3/227 2362/3/227 3982/3/227
f 3983/3/421 3984/3/421 3985/3/421
f 2362/3/228 2364/3/228 3986/3/228
f 2362/3/227 3986/3/227 2365/3/227
f 2362/3/228 2366/3/228 3987/3/228
f 2362/3/228 3987/3/228 3982/3/228
f 3988/3/229 2389/3/229 2387/3/229
f 3988/3/225 2387/3/225 3989/3/225
f 2367/3/228 3990/3/228 3991/3/228
f 2367/3/228 3991/3/228 3992/3/228
f 2369/3/227 2368/3/227 3993/3/227
f 2389/3/225 2376/3/225 3994/3/225
f 2389/3/225 3994/3/225 3995/3/225
f 2389/3/229 3995/3/229 2388/3/229
f 2379/3/229 3996/3/229 3997/3/229
f 2379/3/225 3997/3/225 2376/3/225
f 2375/3/225 3994/3/225 2376/3/225
f 3998/3/225 2377/3/225 2376/3/225
f 3997/3/229 3998/3/229 2376/3/229
f 2379/3/229 2382/3/229 3999/3/229
f 2379/3/229 3999/3/229 2380/3/229
f 4000/3/229 3996/3/229 2379/3/229
f 2378/3/229 4000/3/229 2379/3/229
f 2382/3/225 4001/3/225 4002/3/225
f 2382/3/225 4002/3/225 2385/3/225
f 4003/3/422 4004/3/422 4005/3/422
f 4006/3/225 2383/3/225 2382/3/225
f 2384/3/229 4006/3/229 2382/3/229
f 4001/3/229 4007/3/229 4008/3/229
f 4001/3/225 4008/3/225 4009/3/225
f 4009/3/229 4002/3/229 4001/3/229
f 2370/3/190 4010/3/190 4011/3/190
f 2370/3/190 4011/3/190 2396/3/190
f 2367/3/227 3992/3/227 3974/3/227
f 4012/3/423 4013/3/423 4014/3/423
f 4012/3/423 4014/3/423 4015/3/423
f 4016/3/190 4017/3/190 4018/3/190
f 4016/3/190 4018/3/190 4019/3/190
f 4020/3/190 4021/3/190 4022/3/190
f 4020/3/190 4022/3/190 4023/3/190
f 4024/3/231 4025/3/231 4026/3/231
f 4024/3/231 4026/3/231 2398/3/231
f 4027/3/424 4028/3/425 4029/3/426
f 4029/3/426 4030/3/426 4031/3/424
f 4029/3/426 4031/3/424 4027/3/424
f 2398/3/427 4026/3/427 4032/3/427
f 2398/3/231 4032/3/231 2399/3/231
f 4033/3/428 4034/3/428 4035/3/428
f 4033/3/428 4035/3/428 4036/3/428
f 4037/3/429 4038/3/429 4039/3/429
f 4037/3/429 4039/3/429 4040/3/430
f 4041/3/431 4042/3/431 4043/3/431
f 4041/3/431 4043/3/431 4044/3/431
f 4045/3/431 4046/3/431 4047/3/431
f 4045/3/431 4047/3/431 4048/3/431
f 4049/3/431 4050/3/431 4051/3/431
f 4049/3/431 4051/3/431 4052/3/431
f 4053/3/432 4054/3/432 4055/3/432
f 4055/3/432 4056/3/432 4057/3/432
f 4057/3/432 4058/3/432 4053/3/432
f 4055/3/432 4057/3/432 4053/3/432
f 4059/3/433 4060/3/433 4061/3/433
f 4061/3/433 4062/3/433 4063/3/433
f 4063/3/433 4064/3/433 4059/3/433
f 4061/3/433 4063/3/433 4059/3/433
f 4065/3/429 4066/3/429 4067/3/429
f 4065/3/429 4067/3/429 4068/3/430
f 4069/3/431 4070/3/431 4071/3/431
f 4069/3/431 4071/3/431 4072/3/431
f 4073/3/429 4074/3/429 4075/3/429
f 4073/3/429 4075/3/429 4076/3/430
f 4077/3/429 4078/3/429 4079/3/429
f 4077/3/429 4079/3/429 4080/3/430
f 4081/3/431 4082/3/431 4083/3/431
f 4081/3/431 4083/3/431 4084/3/431
f 4085/3/431 4086/3/431 4087/3/431
f 4085/3/431 4087/3/431 4088/3/431
f 4089/3/429 4090/3/429 4091/3/429
f 4089/3/429 4091/3/429 4092/3/430
f 4093/3/433 4094/3/433 4095/3/433
f 4093/3/433 4095/3/433 4096/3/433
f 4097/3/433 4098/3/433 4099/3/433
f 4097/3/433 4099/3/433 4100/3/433
f 4101/3/434 4102/3/434 4103/3/434
f 4101/3/434 4103/3/434 4104/3/434
f 4105/3/434 4106/3/434 4107/3/434
f 4105/3/434 4107/3/434 4108/3/434
f 4109/3/434 4110/3/434 4111/3/434
f 4109/3/434 4111/3/434 4112/3/434
f 4113/3/433 4114/3/433 4115/3/433
f 4113/3/433 4115/3/433 4116/3/433
f 4117/3/435 4118/3/435 4119/3/436
f 4117/3/435 4119/3/436 4120/3/435
f 4121/3/192 4122/3/192 4123/3/192
f 4121/3/192 4123/3/192 4124/3/192
f 4125/3/437 4126/3/437 4127/3/437
f 4125/3/437 4127/3/437 4128/3/437
f 4129/3/434 4130/3/434 4131/3/434
f 4129/3/434 4131/3/434 4132/3/434
f 4133/3/434 4134/3/434 4135/3/434
f 4133/3/434 4135/3/434 4136/3/434
f 4137/3/434 4138/3/434 4139/3/434
f 4137/3/434 4139/3/434 4140/3/434
f 4123/3/192 4141/3/192 4142/3/192
f 4123/3/192 4142/3/192 4124/3/192
f 4143/3/438 4144/3/438 4145/3/438
f 4143/3/438 4145/3/438 4146/3/438
f 4147/3/433 4148/3/433 4149/3/433
f 4147/3/433 4149/3/433 4150/3/433
f 4151/3/433 4152/3/433 4153/3/433
f 4151/3/433 4153/3/433 4154/3/433
f 4155/3/439 4156/3/439 4157/3/439
f 4155/3/439 4157/3/439 4158/3/439
f 4159/3/232 4160/3/232 4161/3/232
f 4159/3/232 4161/3/232 4162/3/232
f 4163/3/232 4161/3/232 4160/3/232
f 4163/3/232 4160/3/232 2409/3/232
f 4164/3/440 4165/3/440 4166/3/440
f 4164/3/440 4166/3/440 4167/3/441
f 4168/3/440 4169/3/440 4170/3/440
f 4168/3/440 4170/3/440 4171/3/441
f 4163/3/232 2409/3/232 2412/3/232
f 4163/3/232 2412/3/232 4172/3/232
f 4173/3/441 4174/3/440 4175/3/440
f 4173/3/441 4175/3/440 4176/3/441
f 4177/3/440 4178/3/440 4179/3/440
f 4177/3/440 4179/3/440 4180/3/441
f 4181/3/440 4182/3/440 4183/3/440
f 4181/3/440 4183/3/440 4184/3/441
f 4185/3/442 4186/3/442 4187/3/443
f 4187/3/443 4188/3/442 4189/3/442
f 4187/3/443 4189/3/442 4185/3/442
f 4190/3/444 4191/3/444 4192/3/444
f 4190/3/444 4192/3/444 4193/3/444
f 4194/3/445 4195/3/445 4196/3/445
f 4194/3/445 4196/3/445 4197/3/445
f 4198/3/446 4199/3/446 4200/3/446
f 4198/3/446 4200/3/446 4201/3/446
f 4202/3/447 4203/3/447 4204/3/447
f 4202/3/447 4204/3/447 4205/3/447
f 4206/3/448 4207/3/448 4208/3/448
f 4206/3/448 4208/3/448 4209/3/448
f 4025/3/231 4024/3/231 4210/3/231
f 4025/3/231 4210/3/231 4211/3/231
f 4212/3/449 4213/3/450 4214/3/451
f 4212/3/449 4214/3/451 4215/3/452
f 4216/3/453 4217/3/454 4218/3/454
f 4216/3/453 4218/3/454 4219/3/455
f 4220/3/456 4221/3/457 4222/3/458
f 4220/3/456 4222/3/458 4223/3/457
f 4224/3/459 4225/3/459 4226/3/460
f 4224/3/459 4226/3/460 4227/3/459
f 2398/3/231 2403/3/231 4228/3/231
f 2398/3/231 4228/3/231 4229/3/231
