v 7.093902 0.014170 -8.249847
v 7.098563 0.014170 -7.494987
v 7.098563 0.001477 -7.494987
v 7.093902 0.001477 -8.249847
v 7.848763 0.014170 -8.254508
v 7.093902 0.014170 -8.249847
v 7.093902 0.001477 -8.249847
v 7.848763 0.001477 -8.254508
v 7.098563 0.014170 -7.494987
v 7.853423 0.014170 -7.499648
v 7.853423 0.001477 -7.499648
v 7.098563 0.001477 -7.494987
v 7.038289 -0.028975 -8.406727
v 7.902433 -0.028975 -8.412063
v 7.929003 -0.028975 -8.408731
v 7.953806 -0.028975 -8.398637
v 7.975151 -0.028975 -8.382467
v 7.991583 -0.028975 -8.361323
v 8.001984 -0.028975 -8.336647
v 8.005642 -0.028975 -8.310121
v 8.010978 -0.028975 -7.445977
v 8.007647 -0.028975 -7.419406
v 7.997552 -0.028975 -7.394604
v 7.981382 -0.028975 -7.373259
v 7.960238 -0.028975 -7.356827
v 7.935563 -0.028975 -7.346426
v 7.909036 -0.028975 -7.342767
v 7.044892 -0.028975 -7.337432
v 7.018322 -0.028975 -7.340763
v 6.993519 -0.028975 -7.350858
v 6.972174 -0.028975 -7.367028
v 6.955742 -0.028975 -7.388171
v 6.945342 -0.028975 -7.412847
v 6.941682 -0.028975 -7.439374
v 6.936347 -0.028975 -8.303518
v 6.939678 -0.028975 -8.330089
v 6.949773 -0.028975 -8.354891
v 6.965943 -0.028975 -8.376236
v 6.987086 -0.028975 -8.392668
v 7.011762 -0.028975 -8.403069
v 7.935563 0.006617 -7.346426
v 7.935563 -0.028975 -7.346426
v 7.960238 -0.028975 -7.356827
v 7.960238 0.006617 -7.356827
v 8.007647 0.006617 -7.419406
v 8.007647 -0.028975 -7.419406
v 8.010978 -0.028975 -7.445977
v 8.010978 0.006617 -7.445977
v 7.011762 0.006617 -8.403069
v 7.011762 -0.028975 -8.403069
v 6.987086 -0.028975 -8.392668
v 6.987086 0.006617 -8.392668
v 7.991583 -0.028975 -8.361323
v 7.991583 0.006617 -8.361323
v 8.001984 0.006617 -8.336647
v 8.001984 -0.028975 -8.336647
v 7.008693 0.029737 -8.334010
v 7.078238 0.029737 -8.265318
v 7.864233 0.029737 -8.270171
v 7.932925 0.029737 -8.339716
v 7.913206 0.029737 -8.386502
v 7.027833 0.029737 -8.381035
v 7.014400 0.029737 -7.409778
v 7.083092 0.029737 -7.479323
v 6.961908 0.029737 -8.314291
v 6.967374 0.029737 -7.428917
v 7.938632 0.029737 -7.415485
v 7.869086 0.029737 -7.484177
v 7.034119 0.029737 -7.362993
v 7.919492 0.029737 -7.368459
v 7.909036 0.006617 -7.342767
v 7.909036 -0.028975 -7.342767
v 7.935563 -0.028975 -7.346426
v 7.935563 0.006617 -7.346426
v 7.960238 0.006617 -7.356827
v 7.960238 -0.028975 -7.356827
v 7.981382 -0.028975 -7.373259
v 7.981382 0.006617 -7.373259
v 7.981382 0.006617 -7.373259
v 7.981382 -0.028975 -7.373259
v 7.997552 -0.028975 -7.394604
v 7.997552 0.006617 -7.394604
v 7.997552 0.006617 -7.394604
v 7.997552 -0.028975 -7.394604
v 8.007647 -0.028975 -7.419406
v 8.007647 0.006617 -7.419406
v 7.979950 0.029737 -8.320577
v 7.977438 0.029737 -8.337738
v 8.010978 -0.028975 -7.445977
v 8.005642 -0.028975 -8.310121
v 8.005642 0.006617 -8.310121
v 8.010978 0.006617 -7.445977
v 8.001984 -0.028975 -8.336647
v 8.001984 0.006617 -8.336647
v 8.005642 0.006617 -8.310121
v 8.005642 -0.028975 -8.310121
v 7.975151 -0.028975 -8.382467
v 7.975151 0.006617 -8.382467
v 7.991583 0.006617 -8.361323
v 7.991583 -0.028975 -8.361323
v 7.953806 -0.028975 -8.398637
v 7.953806 0.006617 -8.398637
v 7.975151 0.006617 -8.382467
v 7.975151 -0.028975 -8.382467
v 7.929003 -0.028975 -8.408731
v 7.929003 0.006617 -8.408731
v 7.953806 0.006617 -8.398637
v 7.953806 -0.028975 -8.398637
v 7.010672 0.029737 -8.378524
v 7.902433 -0.028975 -8.412063
v 7.038289 -0.028975 -8.406727
v 7.038289 0.006617 -8.406727
v 7.902433 0.006617 -8.412063
v 7.038289 0.006617 -8.406727
v 7.038289 -0.028975 -8.406727
v 7.011762 -0.028975 -8.403069
v 7.011762 0.006617 -8.403069
v 6.987086 0.006617 -8.392668
v 6.987086 -0.028975 -8.392668
v 6.965943 -0.028975 -8.376236
v 6.965943 0.006617 -8.376236
v 6.965943 0.006617 -8.376236
v 6.965943 -0.028975 -8.376236
v 6.949773 -0.028975 -8.354891
v 6.949773 0.006617 -8.354891
v 6.949773 0.006617 -8.354891
v 6.949773 -0.028975 -8.354891
v 6.939678 -0.028975 -8.330089
v 6.939678 0.006617 -8.330089
v 6.969886 0.029737 -7.411757
v 6.936347 -0.028975 -8.303518
v 6.941682 -0.028975 -7.439374
v 6.941682 0.006617 -7.439374
v 6.936347 0.006617 -8.303518
v 6.945342 -0.028975 -7.412847
v 6.945342 0.006617 -7.412847
v 6.941682 0.006617 -7.439374
v 6.941682 -0.028975 -7.439374
v 6.972174 -0.028975 -7.367028
v 6.972174 0.006617 -7.367028
v 6.955742 0.006617 -7.388171
v 6.955742 -0.028975 -7.388171
v 6.993519 -0.028975 -7.350858
v 6.993519 0.006617 -7.350858
v 6.972174 0.006617 -7.367028
v 6.972174 -0.028975 -7.367028
v 7.018322 -0.028975 -7.340763
v 7.018322 0.006617 -7.340763
v 6.993519 0.006617 -7.350858
v 6.993519 -0.028975 -7.350858
v 6.955742 -0.028975 -7.388171
v 6.955742 0.006617 -7.388171
v 6.945342 0.006617 -7.412847
v 6.945342 -0.028975 -7.412847
v 7.016928 0.029737 -7.365292
v 7.000996 0.029737 -7.371954
v 6.987342 0.029737 -7.382384
v 6.976744 0.029737 -7.395907
v 7.044892 -0.028975 -7.337432
v 7.044892 0.006617 -7.337432
v 7.018322 0.006617 -7.340763
v 7.018322 -0.028975 -7.340763
v 6.939678 0.006617 -8.330089
v 6.939678 -0.028975 -8.330089
v 6.936347 -0.028975 -8.303518
v 6.936347 0.006617 -8.303518
v 6.994823 0.029737 -8.371665
v 6.981299 0.029737 -8.361068
v 6.970869 0.029737 -8.347414
v 6.964207 0.029737 -8.331482
v 7.930397 0.029737 -8.384202
v 7.946330 0.029737 -8.377541
v 7.959983 0.029737 -8.367111
v 7.970581 0.029737 -8.353587
v 7.902433 -0.028975 -8.412063
v 7.902433 0.006617 -8.412063
v 7.929003 0.006617 -8.408731
v 7.929003 -0.028975 -8.408731
v 7.044892 -0.028975 -7.337432
v 7.909036 -0.028975 -7.342767
v 7.909036 0.006617 -7.342767
v 7.044892 0.006617 -7.337432
v 7.936653 0.029737 -7.370971
v 7.952502 0.029737 -7.377829
v 7.966026 0.029737 -7.388427
v 7.976456 0.029737 -7.402081
v 7.983118 0.029737 -7.418013
v 7.985417 0.029737 -7.435204
v 7.853423 0.014170 -7.499648
v 7.848763 0.014170 -8.254508
v 7.848763 0.001477 -8.254508
v 7.853423 0.001477 -7.499648
v 7.909036 0.006617 -7.342767
v 7.935563 0.006617 -7.346426
v 7.935600 0.012601 -7.347263
v 7.909392 0.012601 -7.343643
v 7.909392 0.012601 -7.343643
v 7.935600 0.012601 -7.347263
v 7.935709 0.018177 -7.349715
v 7.910437 0.018177 -7.346210
v 7.910437 0.018177 -7.346210
v 7.935709 0.018177 -7.349715
v 7.935882 0.022965 -7.353615
v 7.912098 0.022965 -7.350292
v 7.912098 0.022965 -7.350292
v 7.935882 0.022965 -7.353615
v 7.936108 0.026639 -7.358699
v 7.914264 0.026639 -7.355613
v 7.914264 0.026639 -7.355613
v 7.936108 0.026639 -7.358699
v 7.936371 0.028949 -7.364618
v 7.916786 0.028949 -7.361810
v 7.916786 0.028949 -7.361810
v 7.936371 0.028949 -7.364618
v 7.936653 0.029737 -7.370971
v 7.919492 0.029737 -7.368459
v 7.935563 0.006617 -7.346426
v 7.960238 0.006617 -7.356827
v 7.959975 0.012601 -7.357542
v 7.935600 0.012601 -7.347263
v 7.935600 0.012601 -7.347263
v 7.959975 0.012601 -7.357542
v 7.959202 0.018177 -7.359641
v 7.935709 0.018177 -7.349715
v 7.935709 0.018177 -7.349715
v 7.959202 0.018177 -7.359641
v 7.957973 0.022965 -7.362978
v 7.935882 0.022965 -7.353615
v 7.935882 0.022965 -7.353615
v 7.957973 0.022965 -7.362978
v 7.956370 0.026639 -7.367328
v 7.936108 0.026639 -7.358699
v 7.936108 0.026639 -7.358699
v 7.956370 0.026639 -7.367328
v 7.954504 0.028949 -7.372394
v 7.936371 0.028949 -7.364618
v 7.936371 0.028949 -7.364618
v 7.954504 0.028949 -7.372394
v 7.952502 0.029737 -7.377829
v 7.936653 0.029737 -7.370971
v 7.960238 0.006617 -7.356827
v 7.981382 0.006617 -7.373259
v 7.980859 0.012601 -7.373776
v 7.959975 0.012601 -7.357542
v 7.959975 0.012601 -7.357542
v 7.980859 0.012601 -7.373776
v 7.979325 0.018177 -7.375291
v 7.959202 0.018177 -7.359641
v 7.959202 0.018177 -7.359641
v 7.979325 0.018177 -7.375291
v 7.976884 0.022965 -7.377702
v 7.957973 0.022965 -7.362978
v 7.957973 0.022965 -7.362978
v 7.976884 0.022965 -7.377702
v 7.973704 0.026639 -7.380843
v 7.956370 0.026639 -7.367328
v 7.956370 0.026639 -7.367328
v 7.973704 0.026639 -7.380843
v 7.970000 0.028949 -7.384501
v 7.954504 0.028949 -7.372394
v 7.954504 0.028949 -7.372394
v 7.970000 0.028949 -7.384501
v 7.966026 0.029737 -7.388427
v 7.952502 0.029737 -7.377829
v 7.981382 0.006617 -7.373259
v 7.997552 0.006617 -7.394604
v 7.996833 0.012601 -7.394858
v 7.980859 0.012601 -7.373776
v 7.980859 0.012601 -7.373776
v 7.996833 0.012601 -7.394858
v 7.994726 0.018177 -7.395606
v 7.979325 0.018177 -7.375291
v 7.979325 0.018177 -7.375291
v 7.994726 0.018177 -7.395606
v 7.991373 0.022965 -7.396793
v 7.976884 0.022965 -7.377702
v 7.976884 0.022965 -7.377702
v 7.991373 0.022965 -7.396793
v 7.987004 0.026639 -7.398342
v 7.973704 0.026639 -7.380843
v 7.973704 0.026639 -7.380843
v 7.987004 0.026639 -7.398342
v 7.981916 0.028949 -7.400145
v 7.970000 0.028949 -7.384501
v 7.970000 0.028949 -7.384501
v 7.981916 0.028949 -7.400145
v 7.976456 0.029737 -7.402081
v 7.966026 0.029737 -7.388427
v 7.997552 0.006617 -7.394604
v 8.007647 0.006617 -7.419406
v 8.006811 0.012601 -7.419359
v 7.996833 0.012601 -7.394858
v 7.996833 0.012601 -7.394858
v 8.006811 0.012601 -7.419359
v 8.004360 0.018177 -7.419219
v 7.994726 0.018177 -7.395606
v 7.994726 0.018177 -7.395606
v 8.004360 0.018177 -7.419219
v 8.000463 0.022965 -7.418998
v 7.991373 0.022965 -7.396793
v 7.991373 0.022965 -7.396793
v 8.000463 0.022965 -7.418998
v 7.995382 0.026639 -7.418710
v 7.987004 0.026639 -7.398342
v 7.987004 0.026639 -7.398342
v 7.995382 0.026639 -7.418710
v 7.989466 0.028949 -7.418374
v 7.981916 0.028949 -7.400145
v 7.981916 0.028949 -7.400145
v 7.989466 0.028949 -7.418374
v 7.983118 0.029737 -7.418013
v 7.976456 0.029737 -7.402081
v 8.007647 0.006617 -7.419406
v 8.010978 0.006617 -7.445977
v 8.010107 0.012601 -7.445610
v 8.006811 0.012601 -7.419359
v 8.006811 0.012601 -7.419359
v 8.010107 0.012601 -7.445610
v 8.007553 0.018177 -7.444533
v 8.004360 0.018177 -7.419219
v 8.004360 0.018177 -7.419219
v 8.007553 0.018177 -7.444533
v 8.003491 0.022965 -7.442821
v 8.000463 0.022965 -7.418998
v 8.000463 0.022965 -7.418998
v 8.003491 0.022965 -7.442821
v 7.998198 0.026639 -7.440590
v 7.995382 0.026639 -7.418710
v 7.995382 0.026639 -7.418710
v 7.998198 0.026639 -7.440590
v 7.992033 0.028949 -7.437992
v 7.989466 0.028949 -7.418374
v 7.989466 0.028949 -7.418374
v 7.992033 0.028949 -7.437992
v 7.985417 0.029737 -7.435204
v 7.983118 0.029737 -7.418013
v 8.005642 0.006617 -8.310121
v 8.001984 0.006617 -8.336647
v 8.001147 0.012601 -8.336684
v 8.004766 0.012601 -8.310476
v 8.004766 0.012601 -8.310476
v 8.001147 0.012601 -8.336684
v 7.998695 0.018177 -8.336794
v 8.002200 0.018177 -8.311522
v 8.002200 0.018177 -8.311522
v 7.998695 0.018177 -8.336794
v 7.994794 0.022965 -8.336967
v 7.998117 0.022965 -8.313183
v 7.998117 0.022965 -8.313183
v 7.994794 0.022965 -8.336967
v 7.989711 0.026639 -8.337193
v 7.992796 0.026639 -8.315349
v 7.992796 0.026639 -8.315349
v 7.989711 0.026639 -8.337193
v 7.983791 0.028949 -8.337456
v 7.986600 0.028949 -8.317871
v 7.986600 0.028949 -8.317871
v 7.983791 0.028949 -8.337456
v 7.977438 0.029737 -8.337738
v 7.979950 0.029737 -8.320577
v 8.001984 0.006617 -8.336647
v 7.991583 0.006617 -8.361323
v 7.990868 0.012601 -8.361060
v 8.001147 0.012601 -8.336684
v 8.001147 0.012601 -8.336684
v 7.990868 0.012601 -8.361060
v 7.988770 0.018177 -8.360287
v 7.998695 0.018177 -8.336794
v 7.998695 0.018177 -8.336794
v 7.988770 0.018177 -8.360287
v 7.985432 0.022965 -8.359057
v 7.994794 0.022965 -8.336967
v 7.994794 0.022965 -8.336967
v 7.985432 0.022965 -8.359057
v 7.981082 0.026639 -8.357455
v 7.989711 0.026639 -8.337193
v 7.989711 0.026639 -8.337193
v 7.981082 0.026639 -8.357455
v 7.976017 0.028949 -8.355590
v 7.983791 0.028949 -8.337456
v 7.983791 0.028949 -8.337456
v 7.976017 0.028949 -8.355590
v 7.970581 0.029737 -8.353587
v 7.977438 0.029737 -8.337738
v 7.991583 0.006617 -8.361323
v 7.975151 0.006617 -8.382467
v 7.974634 0.012601 -8.381944
v 7.990868 0.012601 -8.361060
v 7.990868 0.012601 -8.361060
v 7.974634 0.012601 -8.381944
v 7.973119 0.018177 -8.380409
v 7.988770 0.018177 -8.360287
v 7.988770 0.018177 -8.360287
v 7.973119 0.018177 -8.380409
v 7.970708 0.022965 -8.377970
v 7.985432 0.022965 -8.359057
v 7.985432 0.022965 -8.359057
v 7.970708 0.022965 -8.377970
v 7.967567 0.026639 -8.374789
v 7.981082 0.026639 -8.357455
v 7.981082 0.026639 -8.357455
v 7.967567 0.026639 -8.374789
v 7.963909 0.028949 -8.371085
v 7.976017 0.028949 -8.355590
v 7.976017 0.028949 -8.355590
v 7.963909 0.028949 -8.371085
v 7.959983 0.029737 -8.367111
v 7.970581 0.029737 -8.353587
v 7.975151 0.006617 -8.382467
v 7.953806 0.006617 -8.398637
v 7.953551 0.012601 -8.397919
v 7.974634 0.012601 -8.381944
v 7.974634 0.012601 -8.381944
v 7.953551 0.012601 -8.397919
v 7.952805 0.018177 -8.395811
v 7.973119 0.018177 -8.380409
v 7.973119 0.018177 -8.380409
v 7.952805 0.018177 -8.395811
v 7.951616 0.022965 -8.392458
v 7.970708 0.022965 -8.377970
v 7.970708 0.022965 -8.377970
v 7.951616 0.022965 -8.392458
v 7.950068 0.026639 -8.388089
v 7.967567 0.026639 -8.374789
v 7.967567 0.026639 -8.374789
v 7.950068 0.026639 -8.388089
v 7.948265 0.028949 -8.383000
v 7.963909 0.028949 -8.371085
v 7.963909 0.028949 -8.371085
v 7.948265 0.028949 -8.383000
v 7.946330 0.029737 -8.377541
v 7.959983 0.029737 -8.367111
v 7.953806 0.006617 -8.398637
v 7.929003 0.006617 -8.408731
v 7.929051 0.012601 -8.407896
v 7.953551 0.012601 -8.397919
v 7.953551 0.012601 -8.397919
v 7.929051 0.012601 -8.407896
v 7.929190 0.018177 -8.405445
v 7.952805 0.018177 -8.395811
v 7.952805 0.018177 -8.395811
v 7.929190 0.018177 -8.405445
v 7.929411 0.022965 -8.401547
v 7.951616 0.022965 -8.392458
v 7.951616 0.022965 -8.392458
v 7.929411 0.022965 -8.401547
v 7.929700 0.026639 -8.396467
v 7.950068 0.026639 -8.388089
v 7.950068 0.026639 -8.388089
v 7.929700 0.026639 -8.396467
v 7.930037 0.028949 -8.390551
v 7.948265 0.028949 -8.383000
v 7.948265 0.028949 -8.383000
v 7.930037 0.028949 -8.390551
v 7.930397 0.029737 -8.384202
v 7.946330 0.029737 -8.377541
v 7.929003 0.006617 -8.408731
v 7.902433 0.006617 -8.412063
v 7.902800 0.012601 -8.411192
v 7.929051 0.012601 -8.407896
v 7.929051 0.012601 -8.407896
v 7.902800 0.012601 -8.411192
v 7.903876 0.018177 -8.408638
v 7.929190 0.018177 -8.405445
v 7.929190 0.018177 -8.405445
v 7.903876 0.018177 -8.408638
v 7.905589 0.022965 -8.404576
v 7.929411 0.022965 -8.401547
v 7.929411 0.022965 -8.401547
v 7.905589 0.022965 -8.404576
v 7.907820 0.026639 -8.399282
v 7.929700 0.026639 -8.396467
v 7.929700 0.026639 -8.396467
v 7.907820 0.026639 -8.399282
v 7.910418 0.028949 -8.393118
v 7.930037 0.028949 -8.390551
v 7.930037 0.028949 -8.390551
v 7.910418 0.028949 -8.393118
v 7.913206 0.029737 -8.386502
v 7.930397 0.029737 -8.384202
v 7.038289 0.006617 -8.406727
v 7.011762 0.006617 -8.403069
v 7.011725 0.012601 -8.402232
v 7.037933 0.012601 -8.405851
v 7.037933 0.012601 -8.405851
v 7.011725 0.012601 -8.402232
v 7.011616 0.018177 -8.399780
v 7.036889 0.018177 -8.403285
v 7.036889 0.018177 -8.403285
v 7.011616 0.018177 -8.399780
v 7.011443 0.022965 -8.395879
v 7.035227 0.022965 -8.399202
v 7.035227 0.022965 -8.399202
v 7.011443 0.022965 -8.395879
v 7.011217 0.026639 -8.390796
v 7.033061 0.026639 -8.393881
v 7.033061 0.026639 -8.393881
v 7.011217 0.026639 -8.390796
v 7.010954 0.028949 -8.384876
v 7.030539 0.028949 -8.387685
v 7.030539 0.028949 -8.387685
v 7.010954 0.028949 -8.384876
v 7.010672 0.029737 -8.378524
v 7.027833 0.029737 -8.381035
v 7.011762 0.006617 -8.403069
v 6.987086 0.006617 -8.392668
v 6.987350 0.012601 -8.391953
v 7.011725 0.012601 -8.402232
v 7.011725 0.012601 -8.402232
v 6.987350 0.012601 -8.391953
v 6.988123 0.018177 -8.389854
v 7.011616 0.018177 -8.399780
v 7.011616 0.018177 -8.399780
v 6.988123 0.018177 -8.389854
v 6.989352 0.022965 -8.386517
v 7.011443 0.022965 -8.395879
v 7.011443 0.022965 -8.395879
v 6.989352 0.022965 -8.386517
v 6.990954 0.026639 -8.382167
v 7.011217 0.026639 -8.390796
v 7.011217 0.026639 -8.390796
v 6.990954 0.026639 -8.382167
v 6.992820 0.028949 -8.377101
v 7.010954 0.028949 -8.384876
v 7.010954 0.028949 -8.384876
v 6.992820 0.028949 -8.377101
v 6.994823 0.029737 -8.371665
v 7.010672 0.029737 -8.378524
v 6.987086 0.006617 -8.392668
v 6.965943 0.006617 -8.376236
v 6.966466 0.012601 -8.375719
v 6.987350 0.012601 -8.391953
v 6.987350 0.012601 -8.391953
v 6.966466 0.012601 -8.375719
v 6.968000 0.018177 -8.374204
v 6.988123 0.018177 -8.389854
v 6.988123 0.018177 -8.389854
v 6.968000 0.018177 -8.374204
v 6.970440 0.022965 -8.371793
v 6.989352 0.022965 -8.386517
v 6.989352 0.022965 -8.386517
v 6.970440 0.022965 -8.371793
v 6.973621 0.026639 -8.368651
v 6.990954 0.026639 -8.382167
v 6.990954 0.026639 -8.382167
v 6.973621 0.026639 -8.368651
v 6.977324 0.028949 -8.364994
v 6.992820 0.028949 -8.377101
v 6.992820 0.028949 -8.377101
v 6.977324 0.028949 -8.364994
v 6.981299 0.029737 -8.361068
v 6.994823 0.029737 -8.371665
v 6.965943 0.006617 -8.376236
v 6.949773 0.006617 -8.354891
v 6.950491 0.012601 -8.354636
v 6.966466 0.012601 -8.375719
v 6.966466 0.012601 -8.375719
v 6.950491 0.012601 -8.354636
v 6.952599 0.018177 -8.353889
v 6.968000 0.018177 -8.374204
v 6.968000 0.018177 -8.374204
v 6.952599 0.018177 -8.353889
v 6.955952 0.022965 -8.352701
v 6.970440 0.022965 -8.371793
v 6.970440 0.022965 -8.371793
v 6.955952 0.022965 -8.352701
v 6.960321 0.026639 -8.351152
v 6.973621 0.026639 -8.368651
v 6.973621 0.026639 -8.368651
v 6.960321 0.026639 -8.351152
v 6.965409 0.028949 -8.349349
v 6.977324 0.028949 -8.364994
v 6.977324 0.028949 -8.364994
v 6.965409 0.028949 -8.349349
v 6.970869 0.029737 -8.347414
v 6.981299 0.029737 -8.361068
v 6.949773 0.006617 -8.354891
v 6.939678 0.006617 -8.330089
v 6.940514 0.012601 -8.330135
v 6.950491 0.012601 -8.354636
v 6.950491 0.012601 -8.354636
v 6.940514 0.012601 -8.330135
v 6.942965 0.018177 -8.330275
v 6.952599 0.018177 -8.353889
v 6.952599 0.018177 -8.353889
v 6.942965 0.018177 -8.330275
v 6.946863 0.022965 -8.330497
v 6.955952 0.022965 -8.352701
v 6.955952 0.022965 -8.352701
v 6.946863 0.022965 -8.330497
v 6.951943 0.026639 -8.330785
v 6.960321 0.026639 -8.351152
v 6.960321 0.026639 -8.351152
v 6.951943 0.026639 -8.330785
v 6.957859 0.028949 -8.331121
v 6.965409 0.028949 -8.349349
v 6.965409 0.028949 -8.349349
v 6.957859 0.028949 -8.331121
v 6.964207 0.029737 -8.331482
v 6.970869 0.029737 -8.347414
v 6.939678 0.006617 -8.330089
v 6.936347 0.006617 -8.303518
v 6.937218 0.012601 -8.303885
v 6.940514 0.012601 -8.330135
v 6.940514 0.012601 -8.330135
v 6.937218 0.012601 -8.303885
v 6.939772 0.018177 -8.304961
v 6.942965 0.018177 -8.330275
v 6.942965 0.018177 -8.330275
v 6.939772 0.018177 -8.304961
v 6.943833 0.022965 -8.306673
v 6.946863 0.022965 -8.330497
v 6.946863 0.022965 -8.330497
v 6.943833 0.022965 -8.306673
v 6.949127 0.026639 -8.308905
v 6.951943 0.026639 -8.330785
v 6.951943 0.026639 -8.330785
v 6.949127 0.026639 -8.308905
v 6.955292 0.028949 -8.311502
v 6.957859 0.028949 -8.331121
v 6.957859 0.028949 -8.331121
v 6.955292 0.028949 -8.311502
v 6.961908 0.029737 -8.314291
v 6.964207 0.029737 -8.331482
v 6.941682 0.006617 -7.439374
v 6.945342 0.006617 -7.412847
v 6.946178 0.012601 -7.412810
v 6.942558 0.012601 -7.439018
v 6.942558 0.012601 -7.439018
v 6.946178 0.012601 -7.412810
v 6.948630 0.018177 -7.412701
v 6.945125 0.018177 -7.437973
v 6.945125 0.018177 -7.437973
v 6.948630 0.018177 -7.412701
v 6.952530 0.022965 -7.412528
v 6.949207 0.022965 -7.436312
v 6.949207 0.022965 -7.436312
v 6.952530 0.022965 -7.412528
v 6.957614 0.026639 -7.412302
v 6.954529 0.026639 -7.434146
v 6.954529 0.026639 -7.434146
v 6.957614 0.026639 -7.412302
v 6.963533 0.028949 -7.412039
v 6.960725 0.028949 -7.431624
v 6.960725 0.028949 -7.431624
v 6.963533 0.028949 -7.412039
v 6.969886 0.029737 -7.411757
v 6.967374 0.029737 -7.428917
v 6.945342 0.006617 -7.412847
v 6.955742 0.006617 -7.388171
v 6.956457 0.012601 -7.388435
v 6.946178 0.012601 -7.412810
v 6.946178 0.012601 -7.412810
v 6.956457 0.012601 -7.388435
v 6.958556 0.018177 -7.389207
v 6.948630 0.018177 -7.412701
v 6.948630 0.018177 -7.412701
v 6.958556 0.018177 -7.389207
v 6.961893 0.022965 -7.390437
v 6.952530 0.022965 -7.412528
v 6.952530 0.022965 -7.412528
v 6.961893 0.022965 -7.390437
v 6.966243 0.026639 -7.392039
v 6.957614 0.026639 -7.412302
v 6.957614 0.026639 -7.412302
v 6.966243 0.026639 -7.392039
v 6.971309 0.028949 -7.393905
v 6.963533 0.028949 -7.412039
v 6.963533 0.028949 -7.412039
v 6.971309 0.028949 -7.393905
v 6.976744 0.029737 -7.395907
v 6.969886 0.029737 -7.411757
v 6.955742 0.006617 -7.388171
v 6.972174 0.006617 -7.367028
v 6.972691 0.012601 -7.367551
v 6.956457 0.012601 -7.388435
v 6.956457 0.012601 -7.388435
v 6.972691 0.012601 -7.367551
v 6.974206 0.018177 -7.369085
v 6.958556 0.018177 -7.389207
v 6.958556 0.018177 -7.389207
v 6.974206 0.018177 -7.369085
v 6.976617 0.022965 -7.371525
v 6.961893 0.022965 -7.390437
v 6.961893 0.022965 -7.390437
v 6.976617 0.022965 -7.371525
v 6.979758 0.026639 -7.374706
v 6.966243 0.026639 -7.392039
v 6.966243 0.026639 -7.392039
v 6.979758 0.026639 -7.374706
v 6.983416 0.028949 -7.378409
v 6.971309 0.028949 -7.393905
v 6.971309 0.028949 -7.393905
v 6.983416 0.028949 -7.378409
v 6.987342 0.029737 -7.382384
v 6.976744 0.029737 -7.395907
v 6.972174 0.006617 -7.367028
v 6.993519 0.006617 -7.350858
v 6.993773 0.012601 -7.351576
v 6.972691 0.012601 -7.367551
v 6.972691 0.012601 -7.367551
v 6.993773 0.012601 -7.351576
v 6.994521 0.018177 -7.353684
v 6.974206 0.018177 -7.369085
v 6.974206 0.018177 -7.369085
v 6.994521 0.018177 -7.353684
v 6.995708 0.022965 -7.357037
v 6.976617 0.022965 -7.371525
v 6.976617 0.022965 -7.371525
v 6.995708 0.022965 -7.357037
v 6.997257 0.026639 -7.361406
v 6.979758 0.026639 -7.374706
v 6.979758 0.026639 -7.374706
v 6.997257 0.026639 -7.361406
v 6.999060 0.028949 -7.366494
v 6.983416 0.028949 -7.378409
v 6.983416 0.028949 -7.378409
v 6.999060 0.028949 -7.366494
v 7.000996 0.029737 -7.371954
v 6.987342 0.029737 -7.382384
v 6.993519 0.006617 -7.350858
v 7.018322 0.006617 -7.340763
v 7.018274 0.012601 -7.341599
v 6.993773 0.012601 -7.351576
v 6.993773 0.012601 -7.351576
v 7.018274 0.012601 -7.341599
v 7.018135 0.018177 -7.344049
v 6.994521 0.018177 -7.353684
v 6.994521 0.018177 -7.353684
v 7.018135 0.018177 -7.344049
v 7.017913 0.022965 -7.347948
v 6.995708 0.022965 -7.357037
v 6.995708 0.022965 -7.357037
v 7.017913 0.022965 -7.347948
v 7.017625 0.026639 -7.353027
v 6.997257 0.026639 -7.361406
v 6.997257 0.026639 -7.361406
v 7.017625 0.026639 -7.353027
v 7.017289 0.028949 -7.358943
v 6.999060 0.028949 -7.366494
v 6.999060 0.028949 -7.366494
v 7.017289 0.028949 -7.358943
v 7.016928 0.029737 -7.365292
v 7.000996 0.029737 -7.371954
v 7.018322 0.006617 -7.340763
v 7.044892 0.006617 -7.337432
v 7.044525 0.012601 -7.338303
v 7.018274 0.012601 -7.341599
v 7.018274 0.012601 -7.341599
v 7.044525 0.012601 -7.338303
v 7.043448 0.018177 -7.340857
v 7.018135 0.018177 -7.344049
v 7.018135 0.018177 -7.344049
v 7.043448 0.018177 -7.340857
v 7.041736 0.022965 -7.344918
v 7.017913 0.022965 -7.347948
v 7.017913 0.022965 -7.347948
v 7.041736 0.022965 -7.344918
v 7.039505 0.026639 -7.350212
v 7.017625 0.026639 -7.353027
v 7.017625 0.026639 -7.353027
v 7.039505 0.026639 -7.350212
v 7.036907 0.028949 -7.356377
v 7.017289 0.028949 -7.358943
v 7.017289 0.028949 -7.358943
v 7.036907 0.028949 -7.356377
v 7.034119 0.029737 -7.362993
v 7.016928 0.029737 -7.365292
v 7.979950 0.029737 -8.320577
v 7.985417 0.029737 -7.435204
v 7.992033 0.028949 -7.437992
v 7.986600 0.028949 -8.317871
v 7.986600 0.028949 -8.317871
v 7.992033 0.028949 -7.437992
v 7.998198 0.026639 -7.440590
v 7.992796 0.026639 -8.315349
v 7.992796 0.026639 -8.315349
v 7.998198 0.026639 -7.440590
v 8.003491 0.022965 -7.442821
v 7.998117 0.022965 -8.313183
v 7.998117 0.022965 -8.313183
v 8.003491 0.022965 -7.442821
v 8.007553 0.018177 -7.444533
v 8.002200 0.018177 -8.311522
v 8.002200 0.018177 -8.311522
v 8.007553 0.018177 -7.444533
v 8.010107 0.012601 -7.445610
v 8.004766 0.012601 -8.310476
v 8.004766 0.012601 -8.310476
v 8.010107 0.012601 -7.445610
v 8.010978 0.006617 -7.445977
v 8.005642 0.006617 -8.310121
v 7.027833 0.029737 -8.381035
v 7.913206 0.029737 -8.386502
v 7.910418 0.028949 -8.393118
v 7.030539 0.028949 -8.387685
v 7.030539 0.028949 -8.387685
v 7.910418 0.028949 -8.393118
v 7.907820 0.026639 -8.399282
v 7.033061 0.026639 -8.393881
v 7.033061 0.026639 -8.393881
v 7.907820 0.026639 -8.399282
v 7.905589 0.022965 -8.404576
v 7.035227 0.022965 -8.399202
v 7.035227 0.022965 -8.399202
v 7.905589 0.022965 -8.404576
v 7.903876 0.018177 -8.408638
v 7.036889 0.018177 -8.403285
v 7.036889 0.018177 -8.403285
v 7.903876 0.018177 -8.408638
v 7.902800 0.012601 -8.411192
v 7.037933 0.012601 -8.405851
v 7.037933 0.012601 -8.405851
v 7.902800 0.012601 -8.411192
v 7.902433 0.006617 -8.412063
v 7.038289 0.006617 -8.406727
v 6.967374 0.029737 -7.428917
v 6.961908 0.029737 -8.314291
v 6.955292 0.028949 -8.311502
v 6.960725 0.028949 -7.431624
v 6.960725 0.028949 -7.431624
v 6.955292 0.028949 -8.311502
v 6.949127 0.026639 -8.308905
v 6.954529 0.026639 -7.434146
v 6.954529 0.026639 -7.434146
v 6.949127 0.026639 -8.308905
v 6.943833 0.022965 -8.306673
v 6.949207 0.022965 -7.436312
v 6.949207 0.022965 -7.436312
v 6.943833 0.022965 -8.306673
v 6.939772 0.018177 -8.304961
v 6.945125 0.018177 -7.437973
v 6.945125 0.018177 -7.437973
v 6.939772 0.018177 -8.304961
v 6.937218 0.012601 -8.303885
v 6.942558 0.012601 -7.439018
v 6.942558 0.012601 -7.439018
v 6.937218 0.012601 -8.303885
v 6.936347 0.006617 -8.303518
v 6.941682 0.006617 -7.439374
v 7.919492 0.029737 -7.368459
v 7.034119 0.029737 -7.362993
v 7.036907 0.028949 -7.356377
v 7.916786 0.028949 -7.361810
v 7.916786 0.028949 -7.361810
v 7.036907 0.028949 -7.356377
v 7.039505 0.026639 -7.350212
v 7.914264 0.026639 -7.355613
v 7.914264 0.026639 -7.355613
v 7.039505 0.026639 -7.350212
v 7.041736 0.022965 -7.344918
v 7.912098 0.022965 -7.350292
v 7.912098 0.022965 -7.350292
v 7.041736 0.022965 -7.344918
v 7.043448 0.018177 -7.340857
v 7.910437 0.018177 -7.346210
v 7.910437 0.018177 -7.346210
v 7.043448 0.018177 -7.340857
v 7.044525 0.012601 -7.338303
v 7.909392 0.012601 -7.343643
v 7.909392 0.012601 -7.343643
v 7.044525 0.012601 -7.338303
v 7.044892 0.006617 -7.337432
v 7.909036 0.006617 -7.342767
v 7.869086 0.029737 -7.484177
v 7.864233 0.029737 -8.270171
v 7.848763 0.014170 -8.254508
v 7.853423 0.014170 -7.499648
v 7.864233 0.029737 -8.270171
v 7.078238 0.029737 -8.265318
v 7.093902 0.014170 -8.249847
v 7.848763 0.014170 -8.254508
v 7.078238 0.029737 -8.265318
v 7.083092 0.029737 -7.479323
v 7.098563 0.014170 -7.494987
v 7.093902 0.014170 -8.249847
v 7.083092 0.029737 -7.479323
v 7.869086 0.029737 -7.484177
v 7.853423 0.014170 -7.499648
v 7.098563 0.014170 -7.494987
v 7.268363 0.014170 20.006107
v 8.023224 0.014170 20.001448
v 8.023224 0.001477 20.001448
v 7.268363 0.001477 20.006107
v 7.263702 0.014170 19.251247
v 7.268363 0.014170 20.006107
v 7.268363 0.001477 20.006107
v 7.263702 0.001477 19.251247
v 8.023224 0.014170 20.001448
v 8.018563 0.014170 19.246586
v 8.018563 0.001477 19.246586
v 8.023224 0.001477 20.001448
v 7.111483 -0.028975 20.061720
v 7.106148 -0.028975 19.197577
v 7.109479 -0.028975 19.171007
v 7.119574 -0.028975 19.146204
v 7.135744 -0.028975 19.124859
v 7.156887 -0.028975 19.108427
v 7.181563 -0.028975 19.098026
v 7.208090 -0.028975 19.094368
v 8.072234 -0.028975 19.089031
v 8.098804 -0.028975 19.092363
v 8.123607 -0.028975 19.102457
v 8.144951 -0.028975 19.118628
v 8.161384 -0.028975 19.139771
v 8.171783 -0.028975 19.164448
v 8.175443 -0.028975 19.190975
v 8.180779 -0.028975 20.055119
v 8.177447 -0.028975 20.081688
v 8.167353 -0.028975 20.106491
v 8.151183 -0.028975 20.127836
v 8.130039 -0.028975 20.144268
v 8.105363 -0.028975 20.154669
v 8.078836 -0.028975 20.158327
v 7.214693 -0.028975 20.163664
v 7.188122 -0.028975 20.160332
v 7.163320 -0.028975 20.150238
v 7.141975 -0.028975 20.134068
v 7.125543 -0.028975 20.112923
v 7.115142 -0.028975 20.088247
v 8.171783 0.006617 19.164448
v 8.171783 -0.028975 19.164448
v 8.161384 -0.028975 19.139771
v 8.161384 0.006617 19.139771
v 8.098804 0.006617 19.092363
v 8.098804 -0.028975 19.092363
v 8.072234 -0.028975 19.089031
v 8.072234 0.006617 19.089031
v 7.115142 0.006617 20.088247
v 7.115142 -0.028975 20.088247
v 7.125543 -0.028975 20.112923
v 7.125543 0.006617 20.112923
v 7.156887 -0.028975 19.108427
v 7.156887 0.006617 19.108427
v 7.181563 0.006617 19.098026
v 7.181563 -0.028975 19.098026
v 7.184201 0.029737 20.091316
v 7.252892 0.029737 20.021770
v 7.248039 0.029737 19.235777
v 7.178494 0.029737 19.167086
v 7.131709 0.029737 19.186804
v 7.137176 0.029737 20.072178
v 8.108432 0.029737 20.085609
v 8.038887 0.029737 20.016918
v 7.203919 0.029737 20.138102
v 8.089293 0.029737 20.132635
v 8.102725 0.029737 19.161379
v 8.034034 0.029737 19.230925
v 8.155218 0.029737 20.065891
v 8.149751 0.029737 19.180517
v 8.175443 0.006617 19.190975
v 8.175443 -0.028975 19.190975
v 8.171783 -0.028975 19.164448
v 8.171783 0.006617 19.164448
v 8.161384 0.006617 19.139771
v 8.161384 -0.028975 19.139771
v 8.144951 -0.028975 19.118628
v 8.144951 0.006617 19.118628
v 8.144951 0.006617 19.118628
v 8.144951 -0.028975 19.118628
v 8.123607 -0.028975 19.102457
v 8.123607 0.006617 19.102457
v 8.123607 0.006617 19.102457
v 8.123607 -0.028975 19.102457
v 8.098804 -0.028975 19.092363
v 8.098804 0.006617 19.092363
v 7.197633 0.029737 19.120060
v 7.180472 0.029737 19.122572
v 8.072234 -0.028975 19.089031
v 7.208090 -0.028975 19.094368
v 7.208090 0.006617 19.094368
v 8.072234 0.006617 19.089031
v 7.181563 -0.028975 19.098026
v 7.181563 0.006617 19.098026
v 7.208090 0.006617 19.094368
v 7.208090 -0.028975 19.094368
v 7.135744 -0.028975 19.124859
v 7.135744 0.006617 19.124859
v 7.156887 0.006617 19.108427
v 7.156887 -0.028975 19.108427
v 7.119574 -0.028975 19.146204
v 7.119574 0.006617 19.146204
v 7.135744 0.006617 19.124859
v 7.135744 -0.028975 19.124859
v 7.109479 -0.028975 19.171007
v 7.109479 0.006617 19.171007
v 7.119574 0.006617 19.146204
v 7.119574 -0.028975 19.146204
v 7.139687 0.029737 20.089338
v 7.106148 -0.028975 19.197577
v 7.111483 -0.028975 20.061720
v 7.111483 0.006617 20.061720
v 7.106148 0.006617 19.197577
v 7.111483 0.006617 20.061720
v 7.111483 -0.028975 20.061720
v 7.115142 -0.028975 20.088247
v 7.115142 0.006617 20.088247
v 7.125543 0.006617 20.112923
v 7.125543 -0.028975 20.112923
v 7.141975 -0.028975 20.134068
v 7.141975 0.006617 20.134068
v 7.141975 0.006617 20.134068
v 7.141975 -0.028975 20.134068
v 7.163320 -0.028975 20.150238
v 7.163320 0.006617 20.150238
v 7.163320 0.006617 20.150238
v 7.163320 -0.028975 20.150238
v 7.188122 -0.028975 20.160332
v 7.188122 0.006617 20.160332
v 8.106454 0.029737 20.130123
v 7.214693 -0.028975 20.163664
v 8.078836 -0.028975 20.158327
v 8.078836 0.006617 20.158327
v 7.214693 0.006617 20.163664
v 8.105363 -0.028975 20.154669
v 8.105363 0.006617 20.154669
v 8.078836 0.006617 20.158327
v 8.078836 -0.028975 20.158327
v 8.151183 -0.028975 20.127836
v 8.151183 0.006617 20.127836
v 8.130039 0.006617 20.144268
v 8.130039 -0.028975 20.144268
v 8.167353 -0.028975 20.106491
v 8.167353 0.006617 20.106491
v 8.151183 0.006617 20.127836
v 8.151183 -0.028975 20.127836
v 8.177447 -0.028975 20.081688
v 8.177447 0.006617 20.081688
v 8.167353 0.006617 20.106491
v 8.167353 -0.028975 20.106491
v 8.130039 -0.028975 20.144268
v 8.130039 0.006617 20.144268
v 8.105363 0.006617 20.154669
v 8.105363 -0.028975 20.154669
v 8.152918 0.029737 20.083082
v 8.146256 0.029737 20.099014
v 8.135826 0.029737 20.112667
v 8.122303 0.029737 20.123266
v 8.180779 -0.028975 20.055119
v 8.180779 0.006617 20.055119
v 8.177447 0.006617 20.081688
v 8.177447 -0.028975 20.081688
v 7.188122 0.006617 20.160332
v 7.188122 -0.028975 20.160332
v 7.214693 -0.028975 20.163664
v 7.214693 0.006617 20.163664
v 7.146545 0.029737 20.105186
v 7.157143 0.029737 20.118711
v 7.170796 0.029737 20.129141
v 7.186728 0.029737 20.135803
v 7.134008 0.029737 19.169613
v 7.140670 0.029737 19.153681
v 7.151100 0.029737 19.140026
v 7.164623 0.029737 19.129429
v 7.106148 -0.028975 19.197577
v 7.106148 0.006617 19.197577
v 7.109479 0.006617 19.171007
v 7.109479 -0.028975 19.171007
v 8.180779 -0.028975 20.055119
v 8.175443 -0.028975 19.190975
v 8.175443 0.006617 19.190975
v 8.180779 0.006617 20.055119
v 8.147239 0.029737 19.163357
v 8.140381 0.029737 19.147509
v 8.129784 0.029737 19.133984
v 8.116130 0.029737 19.123554
v 8.100198 0.029737 19.116892
v 8.083007 0.029737 19.114594
v 8.018563 0.014170 19.246586
v 7.263702 0.014170 19.251247
v 7.263702 0.001477 19.251247
v 8.018563 0.001477 19.246586
v 8.175443 0.006617 19.190975
v 8.171783 0.006617 19.164448
v 8.170947 0.012601 19.164410
v 8.174567 0.012601 19.190619
v 8.174567 0.012601 19.190619
v 8.170947 0.012601 19.164410
v 8.168495 0.018177 19.164301
v 8.172001 0.018177 19.189573
v 8.172001 0.018177 19.189573
v 8.168495 0.018177 19.164301
v 8.164595 0.022965 19.164127
v 8.167918 0.022965 19.187912
v 8.167918 0.022965 19.187912
v 8.164595 0.022965 19.164127
v 8.159512 0.026639 19.163902
v 8.162597 0.026639 19.185745
v 8.162597 0.026639 19.185745
v 8.159512 0.026639 19.163902
v 8.153592 0.028949 19.163639
v 8.156401 0.028949 19.183224
v 8.156401 0.028949 19.183224
v 8.153592 0.028949 19.163639
v 8.147239 0.029737 19.163357
v 8.149751 0.029737 19.180517
v 8.171783 0.006617 19.164448
v 8.161384 0.006617 19.139771
v 8.160668 0.012601 19.140036
v 8.170947 0.012601 19.164410
v 8.170947 0.012601 19.164410
v 8.160668 0.012601 19.140036
v 8.158570 0.018177 19.140808
v 8.168495 0.018177 19.164301
v 8.168495 0.018177 19.164301
v 8.158570 0.018177 19.140808
v 8.155232 0.022965 19.142036
v 8.164595 0.022965 19.164127
v 8.164595 0.022965 19.164127
v 8.155232 0.022965 19.142036
v 8.150883 0.026639 19.143639
v 8.159512 0.026639 19.163902
v 8.159512 0.026639 19.163902
v 8.150883 0.026639 19.143639
v 8.145817 0.028949 19.145506
v 8.153592 0.028949 19.163639
v 8.153592 0.028949 19.163639
v 8.145817 0.028949 19.145506
v 8.140381 0.029737 19.147509
v 8.147239 0.029737 19.163357
v 8.161384 0.006617 19.139771
v 8.144951 0.006617 19.118628
v 8.144434 0.012601 19.119152
v 8.160668 0.012601 19.140036
v 8.160668 0.012601 19.140036
v 8.144434 0.012601 19.119152
v 8.142920 0.018177 19.120686
v 8.158570 0.018177 19.140808
v 8.158570 0.018177 19.140808
v 8.142920 0.018177 19.120686
v 8.140509 0.022965 19.123125
v 8.155232 0.022965 19.142036
v 8.155232 0.022965 19.142036
v 8.140509 0.022965 19.123125
v 8.137367 0.026639 19.126307
v 8.150883 0.026639 19.143639
v 8.150883 0.026639 19.143639
v 8.137367 0.026639 19.126307
v 8.133709 0.028949 19.130009
v 8.145817 0.028949 19.145506
v 8.145817 0.028949 19.145506
v 8.133709 0.028949 19.130009
v 8.129784 0.029737 19.133984
v 8.140381 0.029737 19.147509
v 8.144951 0.006617 19.118628
v 8.123607 0.006617 19.102457
v 8.123352 0.012601 19.103176
v 8.144434 0.012601 19.119152
v 8.144434 0.012601 19.119152
v 8.123352 0.012601 19.103176
v 8.122604 0.018177 19.105284
v 8.142920 0.018177 19.120686
v 8.142920 0.018177 19.120686
v 8.122604 0.018177 19.105284
v 8.121417 0.022965 19.108637
v 8.140509 0.022965 19.123125
v 8.140509 0.022965 19.123125
v 8.121417 0.022965 19.108637
v 8.119868 0.026639 19.113007
v 8.137367 0.026639 19.126307
v 8.137367 0.026639 19.126307
v 8.119868 0.026639 19.113007
v 8.118065 0.028949 19.118093
v 8.133709 0.028949 19.130009
v 8.133709 0.028949 19.130009
v 8.118065 0.028949 19.118093
v 8.116130 0.029737 19.123554
v 8.129784 0.029737 19.133984
v 8.123607 0.006617 19.102457
v 8.098804 0.006617 19.092363
v 8.098851 0.012601 19.093199
v 8.123352 0.012601 19.103176
v 8.123352 0.012601 19.103176
v 8.098851 0.012601 19.093199
v 8.098990 0.018177 19.095650
v 8.122604 0.018177 19.105284
v 8.122604 0.018177 19.105284
v 8.098990 0.018177 19.095650
v 8.099213 0.022965 19.099548
v 8.121417 0.022965 19.108637
v 8.121417 0.022965 19.108637
v 8.099213 0.022965 19.099548
v 8.099501 0.026639 19.104628
v 8.119868 0.026639 19.113007
v 8.119868 0.026639 19.113007
v 8.099501 0.026639 19.104628
v 8.099837 0.028949 19.110544
v 8.118065 0.028949 19.118093
v 8.118065 0.028949 19.118093
v 8.099837 0.028949 19.110544
v 8.100198 0.029737 19.116892
v 8.116130 0.029737 19.123554
v 8.098804 0.006617 19.092363
v 8.072234 0.006617 19.089031
v 8.072600 0.012601 19.089903
v 8.098851 0.012601 19.093199
v 8.098851 0.012601 19.093199
v 8.072600 0.012601 19.089903
v 8.073677 0.018177 19.092457
v 8.098990 0.018177 19.095650
v 8.098990 0.018177 19.095650
v 8.073677 0.018177 19.092457
v 8.075389 0.022965 19.096519
v 8.099213 0.022965 19.099548
v 8.099213 0.022965 19.099548
v 8.075389 0.022965 19.096519
v 8.077621 0.026639 19.101812
v 8.099501 0.026639 19.104628
v 8.099501 0.026639 19.104628
v 8.077621 0.026639 19.101812
v 8.080218 0.028949 19.107977
v 8.099837 0.028949 19.110544
v 8.099837 0.028949 19.110544
v 8.080218 0.028949 19.107977
v 8.083007 0.029737 19.114594
v 8.100198 0.029737 19.116892
v 7.208090 0.006617 19.094368
v 7.181563 0.006617 19.098026
v 7.181526 0.012601 19.098864
v 7.207734 0.012601 19.095243
v 7.207734 0.012601 19.095243
v 7.181526 0.012601 19.098864
v 7.181417 0.018177 19.101315
v 7.206689 0.018177 19.097809
v 7.206689 0.018177 19.097809
v 7.181417 0.018177 19.101315
v 7.181243 0.022965 19.105215
v 7.205028 0.022965 19.101892
v 7.205028 0.022965 19.101892
v 7.181243 0.022965 19.105215
v 7.181018 0.026639 19.110298
v 7.202862 0.026639 19.107214
v 7.202862 0.026639 19.107214
v 7.181018 0.026639 19.110298
v 7.180755 0.028949 19.116219
v 7.200340 0.028949 19.113411
v 7.200340 0.028949 19.113411
v 7.180755 0.028949 19.116219
v 7.180472 0.029737 19.122572
v 7.197633 0.029737 19.120060
v 7.181563 0.006617 19.098026
v 7.156887 0.006617 19.108427
v 7.157151 0.012601 19.109142
v 7.181526 0.012601 19.098864
v 7.181526 0.012601 19.098864
v 7.157151 0.012601 19.109142
v 7.157924 0.018177 19.111240
v 7.181417 0.018177 19.101315
v 7.181417 0.018177 19.101315
v 7.157924 0.018177 19.111240
v 7.159153 0.022965 19.114578
v 7.181243 0.022965 19.105215
v 7.181243 0.022965 19.105215
v 7.159153 0.022965 19.114578
v 7.160755 0.026639 19.118929
v 7.181018 0.026639 19.110298
v 7.181018 0.026639 19.110298
v 7.160755 0.026639 19.118929
v 7.162621 0.028949 19.123993
v 7.180755 0.028949 19.116219
v 7.180755 0.028949 19.116219
v 7.162621 0.028949 19.123993
v 7.164623 0.029737 19.129429
v 7.180472 0.029737 19.122572
v 7.156887 0.006617 19.108427
v 7.135744 0.006617 19.124859
v 7.136267 0.012601 19.125376
v 7.157151 0.012601 19.109142
v 7.157151 0.012601 19.109142
v 7.136267 0.012601 19.125376
v 7.137801 0.018177 19.126892
v 7.157924 0.018177 19.111240
v 7.157924 0.018177 19.111240
v 7.137801 0.018177 19.126892
v 7.140241 0.022965 19.129301
v 7.159153 0.022965 19.114578
v 7.159153 0.022965 19.114578
v 7.140241 0.022965 19.129301
v 7.143422 0.026639 19.132442
v 7.160755 0.026639 19.118929
v 7.160755 0.026639 19.118929
v 7.143422 0.026639 19.132442
v 7.147125 0.028949 19.136101
v 7.162621 0.028949 19.123993
v 7.162621 0.028949 19.123993
v 7.147125 0.028949 19.136101
v 7.151100 0.029737 19.140026
v 7.164623 0.029737 19.129429
v 7.135744 0.006617 19.124859
v 7.119574 0.006617 19.146204
v 7.120292 0.012601 19.146460
v 7.136267 0.012601 19.125376
v 7.136267 0.012601 19.125376
v 7.120292 0.012601 19.146460
v 7.122400 0.018177 19.147205
v 7.137801 0.018177 19.126892
v 7.137801 0.018177 19.126892
v 7.122400 0.018177 19.147205
v 7.125752 0.022965 19.148394
v 7.140241 0.022965 19.129301
v 7.140241 0.022965 19.129301
v 7.125752 0.022965 19.148394
v 7.130122 0.026639 19.149942
v 7.143422 0.026639 19.132442
v 7.143422 0.026639 19.132442
v 7.130122 0.026639 19.149942
v 7.135210 0.028949 19.151745
v 7.147125 0.028949 19.136101
v 7.147125 0.028949 19.136101
v 7.135210 0.028949 19.151745
v 7.140670 0.029737 19.153681
v 7.151100 0.029737 19.140026
v 7.119574 0.006617 19.146204
v 7.109479 0.006617 19.171007
v 7.110315 0.012601 19.170959
v 7.120292 0.012601 19.146460
v 7.120292 0.012601 19.146460
v 7.110315 0.012601 19.170959
v 7.112765 0.018177 19.170820
v 7.122400 0.018177 19.147205
v 7.122400 0.018177 19.147205
v 7.112765 0.018177 19.170820
v 7.116663 0.022965 19.170599
v 7.125752 0.022965 19.148394
v 7.125752 0.022965 19.148394
v 7.116663 0.022965 19.170599
v 7.121744 0.026639 19.170309
v 7.130122 0.026639 19.149942
v 7.130122 0.026639 19.149942
v 7.121744 0.026639 19.170309
v 7.127659 0.028949 19.169973
v 7.135210 0.028949 19.151745
v 7.135210 0.028949 19.151745
v 7.127659 0.028949 19.169973
v 7.134008 0.029737 19.169613
v 7.140670 0.029737 19.153681
v 7.109479 0.006617 19.171007
v 7.106148 0.006617 19.197577
v 7.107018 0.012601 19.197210
v 7.110315 0.012601 19.170959
v 7.110315 0.012601 19.170959
v 7.107018 0.012601 19.197210
v 7.109572 0.018177 19.196133
v 7.112765 0.018177 19.170820
v 7.112765 0.018177 19.170820
v 7.109572 0.018177 19.196133
v 7.113634 0.022965 19.194422
v 7.116663 0.022965 19.170599
v 7.116663 0.022965 19.170599
v 7.113634 0.022965 19.194422
v 7.118928 0.026639 19.192190
v 7.121744 0.026639 19.170309
v 7.121744 0.026639 19.170309
v 7.118928 0.026639 19.192190
v 7.125093 0.028949 19.189592
v 7.127659 0.028949 19.169973
v 7.127659 0.028949 19.169973
v 7.125093 0.028949 19.189592
v 7.131709 0.029737 19.186804
v 7.134008 0.029737 19.169613
v 7.111483 0.006617 20.061720
v 7.115142 0.006617 20.088247
v 7.115979 0.012601 20.088285
v 7.112359 0.012601 20.062077
v 7.112359 0.012601 20.062077
v 7.115979 0.012601 20.088285
v 7.118431 0.018177 20.088394
v 7.114925 0.018177 20.063122
v 7.114925 0.018177 20.063122
v 7.118431 0.018177 20.088394
v 7.122331 0.022965 20.088568
v 7.119008 0.022965 20.064783
v 7.119008 0.022965 20.064783
v 7.122331 0.022965 20.088568
v 7.127415 0.026639 20.088793
v 7.124330 0.026639 20.066948
v 7.124330 0.026639 20.066948
v 7.127415 0.026639 20.088793
v 7.133334 0.028949 20.089056
v 7.130526 0.028949 20.069471
v 7.130526 0.028949 20.069471
v 7.133334 0.028949 20.089056
v 7.139687 0.029737 20.089338
v 7.137176 0.029737 20.072178
v 7.115142 0.006617 20.088247
v 7.125543 0.006617 20.112923
v 7.126258 0.012601 20.112659
v 7.115979 0.012601 20.088285
v 7.115979 0.012601 20.088285
v 7.126258 0.012601 20.112659
v 7.128356 0.018177 20.111887
v 7.118431 0.018177 20.088394
v 7.118431 0.018177 20.088394
v 7.128356 0.018177 20.111887
v 7.131694 0.022965 20.110657
v 7.122331 0.022965 20.088568
v 7.122331 0.022965 20.088568
v 7.131694 0.022965 20.110657
v 7.136044 0.026639 20.109055
v 7.127415 0.026639 20.088793
v 7.127415 0.026639 20.088793
v 7.136044 0.026639 20.109055
v 7.141109 0.028949 20.107189
v 7.133334 0.028949 20.089056
v 7.133334 0.028949 20.089056
v 7.141109 0.028949 20.107189
v 7.146545 0.029737 20.105186
v 7.139687 0.029737 20.089338
v 7.125543 0.006617 20.112923
v 7.141975 0.006617 20.134068
v 7.142492 0.012601 20.133543
v 7.126258 0.012601 20.112659
v 7.126258 0.012601 20.112659
v 7.142492 0.012601 20.133543
v 7.144007 0.018177 20.132010
v 7.128356 0.018177 20.111887
v 7.128356 0.018177 20.111887
v 7.144007 0.018177 20.132010
v 7.146418 0.022965 20.129570
v 7.131694 0.022965 20.110657
v 7.131694 0.022965 20.110657
v 7.146418 0.022965 20.129570
v 7.149559 0.026639 20.126389
v 7.136044 0.026639 20.109055
v 7.136044 0.026639 20.109055
v 7.149559 0.026639 20.126389
v 7.153217 0.028949 20.122684
v 7.141109 0.028949 20.107189
v 7.141109 0.028949 20.107189
v 7.153217 0.028949 20.122684
v 7.157143 0.029737 20.118711
v 7.146545 0.029737 20.105186
v 7.141975 0.006617 20.134068
v 7.163320 0.006617 20.150238
v 7.163574 0.012601 20.149519
v 7.142492 0.012601 20.133543
v 7.142492 0.012601 20.133543
v 7.163574 0.012601 20.149519
v 7.164321 0.018177 20.147411
v 7.144007 0.018177 20.132010
v 7.144007 0.018177 20.132010
v 7.164321 0.018177 20.147411
v 7.165509 0.022965 20.144058
v 7.146418 0.022965 20.129570
v 7.146418 0.022965 20.129570
v 7.165509 0.022965 20.144058
v 7.167058 0.026639 20.139688
v 7.149559 0.026639 20.126389
v 7.149559 0.026639 20.126389
v 7.167058 0.026639 20.139688
v 7.168861 0.028949 20.134602
v 7.153217 0.028949 20.122684
v 7.153217 0.028949 20.122684
v 7.168861 0.028949 20.134602
v 7.170796 0.029737 20.129141
v 7.157143 0.029737 20.118711
v 7.163320 0.006617 20.150238
v 7.188122 0.006617 20.160332
v 7.188075 0.012601 20.159496
v 7.163574 0.012601 20.149519
v 7.163574 0.012601 20.149519
v 7.188075 0.012601 20.159496
v 7.187935 0.018177 20.157045
v 7.164321 0.018177 20.147411
v 7.164321 0.018177 20.147411
v 7.187935 0.018177 20.157045
v 7.187714 0.022965 20.153147
v 7.165509 0.022965 20.144058
v 7.165509 0.022965 20.144058
v 7.187714 0.022965 20.153147
v 7.187426 0.026639 20.148067
v 7.167058 0.026639 20.139688
v 7.167058 0.026639 20.139688
v 7.187426 0.026639 20.148067
v 7.187089 0.028949 20.142151
v 7.168861 0.028949 20.134602
v 7.168861 0.028949 20.134602
v 7.187089 0.028949 20.142151
v 7.186728 0.029737 20.135803
v 7.170796 0.029737 20.129141
v 7.188122 0.006617 20.160332
v 7.214693 0.006617 20.163664
v 7.214325 0.012601 20.162792
v 7.188075 0.012601 20.159496
v 7.188075 0.012601 20.159496
v 7.214325 0.012601 20.162792
v 7.213249 0.018177 20.160238
v 7.187935 0.018177 20.157045
v 7.187935 0.018177 20.157045
v 7.213249 0.018177 20.160238
v 7.211537 0.022965 20.156176
v 7.187714 0.022965 20.153147
v 7.187714 0.022965 20.153147
v 7.211537 0.022965 20.156176
v 7.209306 0.026639 20.150883
v 7.187426 0.026639 20.148067
v 7.187426 0.026639 20.148067
v 7.209306 0.026639 20.150883
v 7.206707 0.028949 20.144718
v 7.187089 0.028949 20.142151
v 7.187089 0.028949 20.142151
v 7.206707 0.028949 20.144718
v 7.203919 0.029737 20.138102
v 7.186728 0.029737 20.135803
v 8.078836 0.006617 20.158327
v 8.105363 0.006617 20.154669
v 8.105400 0.012601 20.153831
v 8.079192 0.012601 20.157452
v 8.079192 0.012601 20.157452
v 8.105400 0.012601 20.153831
v 8.105509 0.018177 20.151381
v 8.080237 0.018177 20.154884
v 8.080237 0.018177 20.154884
v 8.105509 0.018177 20.151381
v 8.105682 0.022965 20.147480
v 8.081899 0.022965 20.150803
v 8.081899 0.022965 20.150803
v 8.105682 0.022965 20.147480
v 8.105908 0.026639 20.142395
v 8.084064 0.026639 20.145481
v 8.084064 0.026639 20.145481
v 8.105908 0.026639 20.142395
v 8.106172 0.028949 20.136477
v 8.086586 0.028949 20.139284
v 8.086586 0.028949 20.139284
v 8.106172 0.028949 20.136477
v 8.106454 0.029737 20.130123
v 8.089293 0.029737 20.132635
v 8.105363 0.006617 20.154669
v 8.130039 0.006617 20.144268
v 8.129776 0.012601 20.143553
v 8.105400 0.012601 20.153831
v 8.105400 0.012601 20.153831
v 8.129776 0.012601 20.143553
v 8.129003 0.018177 20.141455
v 8.105509 0.018177 20.151381
v 8.105509 0.018177 20.151381
v 8.129003 0.018177 20.141455
v 8.127773 0.022965 20.138117
v 8.105682 0.022965 20.147480
v 8.105682 0.022965 20.147480
v 8.127773 0.022965 20.138117
v 8.126171 0.026639 20.133766
v 8.105908 0.026639 20.142395
v 8.105908 0.026639 20.142395
v 8.126171 0.026639 20.133766
v 8.124305 0.028949 20.128702
v 8.106172 0.028949 20.136477
v 8.106172 0.028949 20.136477
v 8.124305 0.028949 20.128702
v 8.122303 0.029737 20.123266
v 8.106454 0.029737 20.130123
v 8.130039 0.006617 20.144268
v 8.151183 0.006617 20.127836
v 8.150660 0.012601 20.127319
v 8.129776 0.012601 20.143553
v 8.129776 0.012601 20.143553
v 8.150660 0.012601 20.127319
v 8.149125 0.018177 20.125803
v 8.129003 0.018177 20.141455
v 8.129003 0.018177 20.141455
v 8.149125 0.018177 20.125803
v 8.146685 0.022965 20.123394
v 8.127773 0.022965 20.138117
v 8.127773 0.022965 20.138117
v 8.146685 0.022965 20.123394
v 8.143505 0.026639 20.120253
v 8.126171 0.026639 20.133766
v 8.126171 0.026639 20.133766
v 8.143505 0.026639 20.120253
v 8.139801 0.028949 20.116594
v 8.124305 0.028949 20.128702
v 8.124305 0.028949 20.128702
v 8.139801 0.028949 20.116594
v 8.135826 0.029737 20.112667
v 8.122303 0.029737 20.123266
v 8.151183 0.006617 20.127836
v 8.167353 0.006617 20.106491
v 8.166634 0.012601 20.106236
v 8.150660 0.012601 20.127319
v 8.150660 0.012601 20.127319
v 8.166634 0.012601 20.106236
v 8.164526 0.018177 20.105490
v 8.149125 0.018177 20.125803
v 8.149125 0.018177 20.125803
v 8.164526 0.018177 20.105490
v 8.161174 0.022965 20.104301
v 8.146685 0.022965 20.123394
v 8.146685 0.022965 20.123394
v 8.161174 0.022965 20.104301
v 8.156804 0.026639 20.102753
v 8.143505 0.026639 20.120253
v 8.143505 0.026639 20.120253
v 8.156804 0.026639 20.102753
v 8.151716 0.028949 20.100950
v 8.139801 0.028949 20.116594
v 8.139801 0.028949 20.116594
v 8.151716 0.028949 20.100950
v 8.146256 0.029737 20.099014
v 8.135826 0.029737 20.112667
v 8.167353 0.006617 20.106491
v 8.177447 0.006617 20.081688
v 8.176612 0.012601 20.081736
v 8.166634 0.012601 20.106236
v 8.166634 0.012601 20.106236
v 8.176612 0.012601 20.081736
v 8.174161 0.018177 20.081875
v 8.164526 0.018177 20.105490
v 8.164526 0.018177 20.105490
v 8.174161 0.018177 20.081875
v 8.170263 0.022965 20.082096
v 8.161174 0.022965 20.104301
v 8.161174 0.022965 20.104301
v 8.170263 0.022965 20.082096
v 8.165183 0.026639 20.082386
v 8.156804 0.026639 20.102753
v 8.156804 0.026639 20.102753
v 8.165183 0.026639 20.082386
v 8.159266 0.028949 20.082722
v 8.151716 0.028949 20.100950
v 8.151716 0.028949 20.100950
v 8.159266 0.028949 20.082722
v 8.152918 0.029737 20.083082
v 8.146256 0.029737 20.099014
v 8.177447 0.006617 20.081688
v 8.180779 0.006617 20.055119
v 8.179908 0.012601 20.055485
v 8.176612 0.012601 20.081736
v 8.176612 0.012601 20.081736
v 8.179908 0.012601 20.055485
v 8.177354 0.018177 20.056561
v 8.174161 0.018177 20.081875
v 8.174161 0.018177 20.081875
v 8.177354 0.018177 20.056561
v 8.173292 0.022965 20.058273
v 8.170263 0.022965 20.082096
v 8.170263 0.022965 20.082096
v 8.173292 0.022965 20.058273
v 8.167998 0.026639 20.060505
v 8.165183 0.026639 20.082386
v 8.165183 0.026639 20.082386
v 8.167998 0.026639 20.060505
v 8.161833 0.028949 20.063103
v 8.159266 0.028949 20.082722
v 8.159266 0.028949 20.082722
v 8.161833 0.028949 20.063103
v 8.155218 0.029737 20.065891
v 8.152918 0.029737 20.083082
v 7.197633 0.029737 19.120060
v 8.083007 0.029737 19.114594
v 8.080218 0.028949 19.107977
v 7.200340 0.028949 19.113411
v 7.200340 0.028949 19.113411
v 8.080218 0.028949 19.107977
v 8.077621 0.026639 19.101812
v 7.202862 0.026639 19.107214
v 7.202862 0.026639 19.107214
v 8.077621 0.026639 19.101812
v 8.075389 0.022965 19.096519
v 7.205028 0.022965 19.101892
v 7.205028 0.022965 19.101892
v 8.075389 0.022965 19.096519
v 8.073677 0.018177 19.092457
v 7.206689 0.018177 19.097809
v 7.206689 0.018177 19.097809
v 8.073677 0.018177 19.092457
v 8.072600 0.012601 19.089903
v 7.207734 0.012601 19.095243
v 7.207734 0.012601 19.095243
v 8.072600 0.012601 19.089903
v 8.072234 0.006617 19.089031
v 7.208090 0.006617 19.094368
v 7.137176 0.029737 20.072178
v 7.131709 0.029737 19.186804
v 7.125093 0.028949 19.189592
v 7.130526 0.028949 20.069471
v 7.130526 0.028949 20.069471
v 7.125093 0.028949 19.189592
v 7.118928 0.026639 19.192190
v 7.124330 0.026639 20.066948
v 7.124330 0.026639 20.066948
v 7.118928 0.026639 19.192190
v 7.113634 0.022965 19.194422
v 7.119008 0.022965 20.064783
v 7.119008 0.022965 20.064783
v 7.113634 0.022965 19.194422
v 7.109572 0.018177 19.196133
v 7.114925 0.018177 20.063122
v 7.114925 0.018177 20.063122
v 7.109572 0.018177 19.196133
v 7.107018 0.012601 19.197210
v 7.112359 0.012601 20.062077
v 7.112359 0.012601 20.062077
v 7.107018 0.012601 19.197210
v 7.106148 0.006617 19.197577
v 7.111483 0.006617 20.061720
v 8.089293 0.029737 20.132635
v 7.203919 0.029737 20.138102
v 7.206707 0.028949 20.144718
v 8.086586 0.028949 20.139284
v 8.086586 0.028949 20.139284
v 7.206707 0.028949 20.144718
v 7.209306 0.026639 20.150883
v 8.084064 0.026639 20.145481
v 8.084064 0.026639 20.145481
v 7.209306 0.026639 20.150883
v 7.211537 0.022965 20.156176
v 8.081899 0.022965 20.150803
v 8.081899 0.022965 20.150803
v 7.211537 0.022965 20.156176
v 7.213249 0.018177 20.160238
v 8.080237 0.018177 20.154884
v 8.080237 0.018177 20.154884
v 7.213249 0.018177 20.160238
v 7.214325 0.012601 20.162792
v 8.079192 0.012601 20.157452
v 8.079192 0.012601 20.157452
v 7.214325 0.012601 20.162792
v 7.214693 0.006617 20.163664
v 8.078836 0.006617 20.158327
v 8.149751 0.029737 19.180517
v 8.155218 0.029737 20.065891
v 8.161833 0.028949 20.063103
v 8.156401 0.028949 19.183224
v 8.156401 0.028949 19.183224
v 8.161833 0.028949 20.063103
v 8.167998 0.026639 20.060505
v 8.162597 0.026639 19.185745
v 8.162597 0.026639 19.185745
v 8.167998 0.026639 20.060505
v 8.173292 0.022965 20.058273
v 8.167918 0.022965 19.187912
v 8.167918 0.022965 19.187912
v 8.173292 0.022965 20.058273
v 8.177354 0.018177 20.056561
v 8.172001 0.018177 19.189573
v 8.172001 0.018177 19.189573
v 8.177354 0.018177 20.056561
v 8.179908 0.012601 20.055485
v 8.174567 0.012601 19.190619
v 8.174567 0.012601 19.190619
v 8.179908 0.012601 20.055485
v 8.180779 0.006617 20.055119
v 8.175443 0.006617 19.190975
v 8.034034 0.029737 19.230925
v 7.248039 0.029737 19.235777
v 7.263702 0.014170 19.251247
v 8.018563 0.014170 19.246586
v 7.248039 0.029737 19.235777
v 7.252892 0.029737 20.021770
v 7.268363 0.014170 20.006107
v 7.263702 0.014170 19.251247
v 7.252892 0.029737 20.021770
v 8.038887 0.029737 20.016918
v 8.023224 0.014170 20.001448
v 7.268363 0.014170 20.006107
v 8.038887 0.029737 20.016918
v 8.034034 0.029737 19.230925
v 8.018563 0.014170 19.246586
v 8.023224 0.014170 20.001448
vt 0.628131 0.639078
vt 0.628131 0.355466
vt 0.634013 0.356104
vt 0.634013 0.639716
vt 0.634013 0.639078
vt 0.634013 0.355466
vt 0.639896 0.356104
vt 0.639896 0.639716
vt 0.639896 0.639078
vt 0.639896 0.355466
vt 0.645779 0.356104
vt 0.645779 0.639716
vt 0.000000 0.455231
vt 0.000000 0.048303
vt 0.001646 0.035801
vt 0.006471 0.024152
vt 0.014148 0.014148
vt 0.024152 0.006471
vt 0.035802 0.001646
vt 0.048303 0.000000
vt 0.455231 0.000000
vt 0.467733 0.001646
vt 0.479383 0.006471
vt 0.489387 0.014148
vt 0.497063 0.024152
vt 0.501889 0.035802
vt 0.503535 0.048303
vt 0.503534 0.455231
vt 0.501889 0.467733
vt 0.497063 0.479383
vt 0.489387 0.489387
vt 0.479383 0.497063
vt 0.467733 0.501889
vt 0.455231 0.503535
vt 0.048303 0.503534
vt 0.035801 0.501889
vt 0.024152 0.497063
vt 0.014148 0.489387
vt 0.006471 0.479383
vt 0.001646 0.467733
vt 0.518081 0.691165
vt 0.534609 0.692626
vt 0.533996 0.704799
vt 0.517468 0.703338
vt 0.512979 0.738792
vt 0.529507 0.740253
vt 0.527468 0.749026
vt 0.510940 0.747565
vt 0.549230 0.691165
vt 0.565758 0.692626
vt 0.565145 0.704799
vt 0.548617 0.703338
vt 0.596294 0.704799
vt 0.579766 0.703338
vt 0.580379 0.691165
vt 0.596907 0.692626
vt 0.030621 0.534156
vt 0.063169 0.566704
vt 0.063169 0.936831
vt 0.030621 0.969379
vt 0.008533 0.960230
vt 0.008533 0.543305
vt 0.465844 0.534156
vt 0.433296 0.566704
vt 0.039770 0.512068
vt 0.456695 0.512068
vt 0.465844 0.969379
vt 0.433296 0.936831
vt 0.487932 0.543305
vt 0.487932 0.960230
vt 0.518156 0.680210
vt 0.534684 0.681671
vt 0.532886 0.717359
vt 0.516358 0.715898
vt 0.531355 0.729452
vt 0.514827 0.727991
vt 0.039770 0.991467
vt 0.031682 0.990334
vt 0.590559 0.357063
vt 0.596982 0.681671
vt 0.580454 0.680210
vt 0.574031 0.355602
vt 0.595184 0.717360
vt 0.578656 0.715898
vt 0.593653 0.729452
vt 0.577125 0.727991
vt 0.591805 0.740253
vt 0.575277 0.738792
vt 0.009666 0.535217
vt 0.559410 0.357063
vt 0.565833 0.681671
vt 0.549305 0.680210
vt 0.542882 0.355602
vt 0.564035 0.717360
vt 0.547507 0.715898
vt 0.562504 0.729452
vt 0.545976 0.727991
vt 0.560656 0.740253
vt 0.544128 0.738792
vt 0.464784 0.513200
vt 0.621708 0.357063
vt 0.628130 0.681671
vt 0.611603 0.680210
vt 0.605180 0.355602
vt 0.628056 0.692626
vt 0.611528 0.691165
vt 0.626333 0.717360
vt 0.609805 0.715898
vt 0.610915 0.703338
vt 0.627443 0.704799
vt 0.624802 0.729452
vt 0.608274 0.727991
vt 0.622954 0.740253
vt 0.606426 0.738792
vt 0.486800 0.535217
vt 0.483616 0.527734
vt 0.478665 0.521335
vt 0.472266 0.516384
vt 0.620915 0.749026
vt 0.604387 0.747565
vt 0.558617 0.749026
vt 0.542089 0.747565
vt 0.012849 0.527734
vt 0.017800 0.521335
vt 0.024199 0.516384
vt 0.031682 0.513200
vt 0.009666 0.968318
vt 0.012849 0.975801
vt 0.017800 0.982200
vt 0.024199 0.987151
vt 0.589766 0.749026
vt 0.573238 0.747565
vt 0.528261 0.357063
vt 0.511733 0.355602
vt 0.486800 0.968318
vt 0.483616 0.975801
vt 0.478665 0.982200
vt 0.472266 0.987151
vt 0.464783 0.990334
vt 0.456695 0.991467
vt 0.645779 0.639078
vt 0.645779 0.355466
vt 0.651662 0.356104
vt 0.651662 0.639716
vt 0.515238 0.691170
vt 0.515312 0.680346
vt 0.512459 0.691677
vt 0.512531 0.681235
vt 0.509934 0.692650
vt 0.510004 0.682816
vt 0.496465 0.956695
vt 0.494970 0.967904
vt 0.492577 0.968026
vt 0.493966 0.957731
vt 0.489790 0.968167
vt 0.491056 0.958936
vt 0.514632 0.703196
vt 0.511873 0.703273
vt 0.509381 0.703562
vt 0.490625 0.978334
vt 0.488572 0.977592
vt 0.486182 0.976728
vt 0.513535 0.715604
vt 0.510816 0.715230
vt 0.508386 0.714804
vt 0.483747 0.987282
vt 0.482259 0.985793
vt 0.480525 0.984060
vt 0.512023 0.727549
vt 0.509359 0.726744
vt 0.507016 0.725630
vt 0.474799 0.994160
vt 0.474057 0.992107
vt 0.473193 0.989716
vt 0.510197 0.738221
vt 0.507599 0.737036
vt 0.505362 0.735319
vt 0.464370 0.998504
vt 0.464491 0.996111
vt 0.464632 0.993325
vt 0.508183 0.746890
vt 0.505657 0.745401
vt 0.503534 0.743201
vt 0.453161 1.000000
vt 0.454196 0.997501
vt 0.455402 0.994590
vt 0.577536 0.691170
vt 0.577610 0.680346
vt 0.574757 0.691677
vt 0.574829 0.681235
vt 0.572232 0.692650
vt 0.572302 0.682816
vt 0.043305 1.000000
vt 0.032096 0.998504
vt 0.031974 0.996111
vt 0.042269 0.997501
vt 0.031833 0.993325
vt 0.041064 0.994590
vt 0.576930 0.703196
vt 0.574171 0.703273
vt 0.571679 0.703562
vt 0.021666 0.994160
vt 0.022408 0.992107
vt 0.023272 0.989716
vt 0.575833 0.715604
vt 0.573114 0.715230
vt 0.570684 0.714804
vt 0.012718 0.987282
vt 0.014207 0.985793
vt 0.015940 0.984060
vt 0.574321 0.727549
vt 0.571657 0.726744
vt 0.569314 0.725630
vt 0.005840 0.978334
vt 0.007893 0.977592
vt 0.010284 0.976728
vt 0.572495 0.738221
vt 0.569897 0.737036
vt 0.567660 0.735319
vt 0.001496 0.967904
vt 0.003889 0.968026
vt 0.006675 0.968167
vt 0.570481 0.746890
vt 0.567955 0.745401
vt 0.565832 0.743201
vt 0.000000 0.956695
vt 0.002499 0.957731
vt 0.005410 0.958936
vt 0.546387 0.691170
vt 0.546461 0.680346
vt 0.543608 0.691677
vt 0.543680 0.681235
vt 0.541083 0.692650
vt 0.541153 0.682816
vt 0.000000 0.546839
vt 0.001496 0.535630
vt 0.003889 0.535509
vt 0.002499 0.545804
vt 0.006675 0.535368
vt 0.005410 0.544598
vt 0.545781 0.703196
vt 0.543022 0.703273
vt 0.540530 0.703562
vt 0.005840 0.525201
vt 0.007893 0.525943
vt 0.010284 0.526807
vt 0.544684 0.715604
vt 0.541965 0.715230
vt 0.539535 0.714804
vt 0.012718 0.516253
vt 0.014207 0.517741
vt 0.015940 0.519475
vt 0.543172 0.727549
vt 0.540508 0.726744
vt 0.538165 0.725630
vt 0.021666 0.509375
vt 0.022408 0.511428
vt 0.023272 0.513818
vt 0.541346 0.738221
vt 0.538749 0.737036
vt 0.536511 0.735319
vt 0.032096 0.505030
vt 0.031974 0.507423
vt 0.031833 0.510210
vt 0.539332 0.746890
vt 0.536806 0.745401
vt 0.534684 0.743201
vt 0.043305 0.503535
vt 0.042269 0.506034
vt 0.041064 0.508944
vt 0.608685 0.691170
vt 0.608759 0.680346
vt 0.605906 0.691677
vt 0.605978 0.681235
vt 0.603381 0.692650
vt 0.603451 0.682816
vt 0.453161 0.503535
vt 0.464370 0.505030
vt 0.464491 0.507423
vt 0.454196 0.506034
vt 0.464632 0.510210
vt 0.455402 0.508944
vt 0.608079 0.703196
vt 0.605320 0.703273
vt 0.602828 0.703562
vt 0.474799 0.509375
vt 0.474057 0.511428
vt 0.473194 0.513818
vt 0.606982 0.715604
vt 0.604263 0.715230
vt 0.601833 0.714804
vt 0.483747 0.516253
vt 0.482259 0.517741
vt 0.480525 0.519475
vt 0.605470 0.727549
vt 0.602806 0.726744
vt 0.600463 0.725630
vt 0.490625 0.525201
vt 0.488572 0.525943
vt 0.486182 0.526807
vt 0.603644 0.738221
vt 0.601046 0.737036
vt 0.598809 0.735319
vt 0.494970 0.535630
vt 0.492577 0.535509
vt 0.489790 0.535368
vt 0.601630 0.746890
vt 0.599104 0.745401
vt 0.596982 0.743201
vt 0.496465 0.546839
vt 0.493966 0.545804
vt 0.491056 0.544599
vt 0.565833 0.355872
vt 0.568385 0.355558
vt 0.571182 0.355466
vt 0.534684 0.355873
vt 0.537236 0.355558
vt 0.540033 0.355466
vt 0.596982 0.355873
vt 0.599534 0.355558
vt 0.602331 0.355466
vt 0.503534 0.355872
vt 0.506087 0.355558
vt 0.508884 0.355466
vt 0.070500 0.929500
vt 0.425966 0.929500
vt 0.070500 0.574034
vt 0.425966 0.574034
vt 0.628131 0.639078
vt 0.628131 0.355466
vt 0.634013 0.356104
vt 0.634013 0.639716
vt 0.634013 0.639078
vt 0.634013 0.355466
vt 0.639896 0.356104
vt 0.639896 0.639716
vt 0.639896 0.639078
vt 0.639896 0.355466
vt 0.645779 0.356104
vt 0.645779 0.639716
vt 0.000000 0.455231
vt 0.000000 0.048303
vt 0.001646 0.035801
vt 0.006471 0.024152
vt 0.014148 0.014148
vt 0.024152 0.006471
vt 0.035802 0.001646
vt 0.048303 0.000000
vt 0.455231 0.000000
vt 0.467733 0.001646
vt 0.479383 0.006471
vt 0.489387 0.014148
vt 0.497063 0.024152
vt 0.501889 0.035802
vt 0.503535 0.048303
vt 0.503534 0.455231
vt 0.501889 0.467733
vt 0.497063 0.479383
vt 0.489387 0.489387
vt 0.479383 0.497063
vt 0.467733 0.501889
vt 0.455231 0.503535
vt 0.048303 0.503534
vt 0.035801 0.501889
vt 0.024152 0.497063
vt 0.014148 0.489387
vt 0.006471 0.479383
vt 0.001646 0.467733
vt 0.518081 0.691165
vt 0.534609 0.692626
vt 0.533996 0.704799
vt 0.517468 0.703338
vt 0.512979 0.738792
vt 0.529507 0.740253
vt 0.527468 0.749026
vt 0.510940 0.747565
vt 0.549230 0.691165
vt 0.565758 0.692626
vt 0.565145 0.704799
vt 0.548617 0.703338
vt 0.596294 0.704799
vt 0.579766 0.703338
vt 0.580379 0.691165
vt 0.596907 0.692626
vt 0.030621 0.534156
vt 0.063169 0.566704
vt 0.063169 0.936831
vt 0.030621 0.969379
vt 0.008533 0.960230
vt 0.008533 0.543305
vt 0.465844 0.534156
vt 0.433296 0.566704
vt 0.039770 0.512068
vt 0.456695 0.512068
vt 0.465844 0.969379
vt 0.433296 0.936831
vt 0.487932 0.543305
vt 0.487932 0.960230
vt 0.518156 0.680210
vt 0.534684 0.681671
vt 0.532886 0.717359
vt 0.516358 0.715898
vt 0.531355 0.729452
vt 0.514827 0.727991
vt 0.039770 0.991467
vt 0.031682 0.990334
vt 0.590559 0.357063
vt 0.596982 0.681671
vt 0.580454 0.680210
vt 0.574031 0.355602
vt 0.595184 0.717360
vt 0.578656 0.715898
vt 0.593653 0.729452
vt 0.577125 0.727991
vt 0.591805 0.740253
vt 0.575277 0.738792
vt 0.009666 0.535217
vt 0.559410 0.357063
vt 0.565833 0.681671
vt 0.549305 0.680210
vt 0.542882 0.355602
vt 0.564035 0.717360
vt 0.547507 0.715898
vt 0.562504 0.729452
vt 0.545976 0.727991
vt 0.560656 0.740253
vt 0.544128 0.738792
vt 0.464784 0.513200
vt 0.621708 0.357063
vt 0.628130 0.681671
vt 0.611603 0.680210
vt 0.605180 0.355602
vt 0.628056 0.692626
vt 0.611528 0.691165
vt 0.626333 0.717360
vt 0.609805 0.715898
vt 0.610915 0.703338
vt 0.627443 0.704799
vt 0.624802 0.729452
vt 0.608274 0.727991
vt 0.622954 0.740253
vt 0.606426 0.738792
vt 0.486800 0.535217
vt 0.483616 0.527734
vt 0.478665 0.521335
vt 0.472266 0.516384
vt 0.620915 0.749026
vt 0.604387 0.747565
vt 0.558617 0.749026
vt 0.542089 0.747565
vt 0.012849 0.527734
vt 0.017800 0.521335
vt 0.024199 0.516384
vt 0.031682 0.513200
vt 0.009666 0.968318
vt 0.012849 0.975801
vt 0.017800 0.982200
vt 0.024199 0.987151
vt 0.589766 0.749026
vt 0.573238 0.747565
vt 0.528261 0.357063
vt 0.511733 0.355602
vt 0.486800 0.968318
vt 0.483616 0.975801
vt 0.478665 0.982200
vt 0.472266 0.987151
vt 0.464783 0.990334
vt 0.456695 0.991467
vt 0.645779 0.639078
vt 0.645779 0.355466
vt 0.651662 0.356104
vt 0.651662 0.639716
vt 0.515238 0.691170
vt 0.515312 0.680346
vt 0.512459 0.691677
vt 0.512531 0.681235
vt 0.509934 0.692650
vt 0.510004 0.682816
vt 0.496465 0.956695
vt 0.494970 0.967904
vt 0.492577 0.968026
vt 0.493966 0.957731
vt 0.489790 0.968167
vt 0.491056 0.958936
vt 0.514632 0.703196
vt 0.511873 0.703273
vt 0.509381 0.703562
vt 0.490625 0.978334
vt 0.488572 0.977592
vt 0.486182 0.976728
vt 0.513535 0.715604
vt 0.510816 0.715230
vt 0.508386 0.714804
vt 0.483747 0.987282
vt 0.482259 0.985793
vt 0.480525 0.984060
vt 0.512023 0.727549
vt 0.509359 0.726744
vt 0.507016 0.725630
vt 0.474799 0.994160
vt 0.474057 0.992107
vt 0.473193 0.989716
vt 0.510197 0.738221
vt 0.507599 0.737036
vt 0.505362 0.735319
vt 0.464370 0.998504
vt 0.464491 0.996111
vt 0.464632 0.993325
vt 0.508183 0.746890
vt 0.505657 0.745401
vt 0.503534 0.743201
vt 0.453161 1.000000
vt 0.454196 0.997501
vt 0.455402 0.994590
vt 0.577536 0.691170
vt 0.577610 0.680346
vt 0.574757 0.691677
vt 0.574829 0.681235
vt 0.572232 0.692650
vt 0.572302 0.682816
vt 0.043305 1.000000
vt 0.032096 0.998504
vt 0.031974 0.996111
vt 0.042269 0.997501
vt 0.031833 0.993325
vt 0.041064 0.994590
vt 0.576930 0.703196
vt 0.574171 0.703273
vt 0.571679 0.703562
vt 0.021666 0.994160
vt 0.022408 0.992107
vt 0.023272 0.989716
vt 0.575833 0.715604
vt 0.573114 0.715230
vt 0.570684 0.714804
vt 0.012718 0.987282
vt 0.014207 0.985793
vt 0.015940 0.984060
vt 0.574321 0.727549
vt 0.571657 0.726744
vt 0.569314 0.725630
vt 0.005840 0.978334
vt 0.007893 0.977592
vt 0.010284 0.976728
vt 0.572495 0.738221
vt 0.569897 0.737036
vt 0.567660 0.735319
vt 0.001496 0.967904
vt 0.003889 0.968026
vt 0.006675 0.968167
vt 0.570481 0.746890
vt 0.567955 0.745401
vt 0.565832 0.743201
vt 0.000000 0.956695
vt 0.002499 0.957731
vt 0.005410 0.958936
vt 0.546387 0.691170
vt 0.546461 0.680346
vt 0.543608 0.691677
vt 0.543680 0.681235
vt 0.541083 0.692650
vt 0.541153 0.682816
vt 0.000000 0.546839
vt 0.001496 0.535630
vt 0.003889 0.535509
vt 0.002499 0.545804
vt 0.006675 0.535368
vt 0.005410 0.544598
vt 0.545781 0.703196
vt 0.543022 0.703273
vt 0.540530 0.703562
vt 0.005840 0.525201
vt 0.007893 0.525943
vt 0.010284 0.526807
vt 0.544684 0.715604
vt 0.541965 0.715230
vt 0.539535 0.714804
vt 0.012718 0.516253
vt 0.014207 0.517741
vt 0.015940 0.519475
vt 0.543172 0.727549
vt 0.540508 0.726744
vt 0.538165 0.725630
vt 0.021666 0.509375
vt 0.022408 0.511428
vt 0.023272 0.513818
vt 0.541346 0.738221
vt 0.538749 0.737036
vt 0.536511 0.735319
vt 0.032096 0.505030
vt 0.031974 0.507423
vt 0.031833 0.510210
vt 0.539332 0.746890
vt 0.536806 0.745401
vt 0.534684 0.743201
vt 0.043305 0.503535
vt 0.042269 0.506034
vt 0.041064 0.508944
vt 0.608685 0.691170
vt 0.608759 0.680346
vt 0.605906 0.691677
vt 0.605978 0.681235
vt 0.603381 0.692650
vt 0.603451 0.682816
vt 0.453161 0.503535
vt 0.464370 0.505030
vt 0.464491 0.507423
vt 0.454196 0.506034
vt 0.464632 0.510210
vt 0.455402 0.508944
vt 0.608079 0.703196
vt 0.605320 0.703273
vt 0.602828 0.703562
vt 0.474799 0.509375
vt 0.474057 0.511428
vt 0.473194 0.513818
vt 0.606982 0.715604
vt 0.604263 0.715230
vt 0.601833 0.714804
vt 0.483747 0.516253
vt 0.482259 0.517741
vt 0.480525 0.519475
vt 0.605470 0.727549
vt 0.602806 0.726744
vt 0.600463 0.725630
vt 0.490625 0.525201
vt 0.488572 0.525943
vt 0.486182 0.526807
vt 0.603644 0.738221
vt 0.601046 0.737036
vt 0.598809 0.735319
vt 0.494970 0.535630
vt 0.492577 0.535509
vt 0.489790 0.535368
vt 0.601630 0.746890
vt 0.599104 0.745401
vt 0.596982 0.743201
vt 0.496465 0.546839
vt 0.493966 0.545804
vt 0.491056 0.544599
vt 0.565833 0.355872
vt 0.568385 0.355558
vt 0.571182 0.355466
vt 0.534684 0.355873
vt 0.537236 0.355558
vt 0.540033 0.355466
vt 0.596982 0.355873
vt 0.599534 0.355558
vt 0.602331 0.355466
vt 0.503534 0.355872
vt 0.506087 0.355558
vt 0.508884 0.355466
vt 0.070500 0.929500
vt 0.425966 0.929500
vt 0.070500 0.574034
vt 0.425966 0.574034
vn 1.0000 -0.0000 -0.0062
vn 0.0062 -0.0000 1.0000
vn -0.0062 -0.0000 -1.0000
vn -0.0000 -1.0000 -0.0000
vn 0.3884 -0.0000 0.9215
vn 0.9922 -0.0000 0.1244
vn -0.3884 -0.0000 -0.9215
vn 0.9215 -0.0000 -0.3884
vn -0.0000 1.0000 -0.0000
vn 0.1366 -0.0000 0.9906
vn 0.6136 -0.0000 0.7896
vn 0.7971 -0.0000 0.6038
vn 0.7971 -0.0000 0.6039
vn 0.9262 -0.0000 0.3770
vn 0.9906 -0.0000 -0.1366
vn 0.7896 -0.0000 -0.6136
vn 0.6038 -0.0000 -0.7971
vn 0.6039 -0.0000 -0.7971
vn 0.3770 -0.0000 -0.9262
vn -0.1366 -0.0000 -0.9906
vn -0.6136 -0.0000 -0.7896
vn -0.7971 -0.0000 -0.6038
vn -0.7971 -0.0000 -0.6039
vn -0.9262 -0.0000 -0.3770
vn -1.0000 -0.0000 0.0062
vn -0.9906 -0.0000 0.1366
vn -0.7896 -0.0000 0.6136
vn -0.6038 -0.0000 0.7971
vn -0.6039 -0.0000 0.7971
vn -0.3770 -0.0000 0.9262
vn -0.9215 -0.0000 0.3884
vn -0.1244 -0.0000 0.9922
vn -0.9922 -0.0000 -0.1244
vn 0.1244 -0.0000 -0.9922
vn 0.1354 0.1363 0.9814
vn 0.1356 0.1355 0.9815
vn 0.1259 0.3964 0.9094
vn 0.1259 0.3963 0.9094
vn 0.1259 0.3963 0.9095
vn 0.1077 0.6243 0.7737
vn 0.1077 0.6245 0.7736
vn 0.1076 0.6245 0.7736
vn 0.1077 0.6244 0.7737
vn 0.0826 0.8050 0.5876
vn 0.0825 0.8050 0.5874
vn 0.0825 0.8050 0.5875
vn 0.0521 0.9291 0.3662
vn 0.0520 0.9291 0.3660
vn 0.0520 0.9291 0.3661
vn 0.0181 0.9920 0.1246
vn 0.0179 0.9921 0.1243
vn 0.0179 0.9921 0.1241
vn 0.3854 0.1258 0.9142
vn 0.3854 0.1257 0.9142
vn 0.3612 0.3705 0.8557
vn 0.3612 0.3707 0.8557
vn 0.3611 0.3707 0.8557
vn 0.3134 0.5944 0.7406
vn 0.3134 0.5945 0.7406
vn 0.2437 0.7820 0.5736
vn 0.2436 0.7821 0.5736
vn 0.1553 0.9185 0.3635
vn 0.1554 0.9185 0.3636
vn 0.0537 0.9908 0.1246
vn 0.0536 0.9908 0.1244
vn 0.0534 0.9908 0.1242
vn 0.6091 0.1210 0.7838
vn 0.6092 0.1206 0.7838
vn 0.5733 0.3574 0.7373
vn 0.5732 0.3577 0.7372
vn 0.5010 0.5783 0.6438
vn 0.5009 0.5785 0.6438
vn 0.5011 0.5782 0.6439
vn 0.3927 0.7693 0.5040
vn 0.3926 0.7694 0.5040
vn 0.2517 0.9125 0.3224
vn 0.2517 0.9125 0.3225
vn 0.0870 0.9900 0.1111
vn 0.7913 0.1206 0.5994
vn 0.7912 0.1210 0.5995
vn 0.7441 0.3578 0.5641
vn 0.7443 0.3574 0.5641
vn 0.7443 0.3575 0.5641
vn 0.7442 0.3577 0.5641
vn 0.6499 0.5785 0.4930
vn 0.6500 0.5784 0.4930
vn 0.6503 0.5779 0.4931
vn 0.6499 0.5784 0.4930
vn 0.5088 0.7693 0.3864
vn 0.5089 0.7692 0.3864
vn 0.3255 0.9125 0.2477
vn 0.3256 0.9125 0.2477
vn 0.1125 0.9900 0.0857
vn 0.1118 0.9900 0.0854
vn 0.9189 0.1257 0.3740
vn 0.9187 0.1263 0.3742
vn 0.8600 0.3707 0.3506
vn 0.8601 0.3705 0.3506
vn 0.8601 0.3706 0.3506
vn 0.7444 0.5944 0.3042
vn 0.5766 0.7820 0.2366
vn 0.5766 0.7821 0.2366
vn 0.3654 0.9185 0.1508
vn 0.3654 0.9186 0.1508
vn 0.1251 0.9908 0.0521
vn 0.1253 0.9907 0.0521
vn 0.1252 0.9908 0.0521
vn 0.9831 0.1355 0.1233
vn 0.9830 0.1360 0.1234
vn 0.9109 0.3963 0.1147
vn 0.9110 0.3962 0.1147
vn 0.7749 0.6245 0.0981
vn 0.7749 0.6244 0.0981
vn 0.7750 0.6243 0.0981
vn 0.5884 0.8050 0.0753
vn 0.5885 0.8050 0.0753
vn 0.5884 0.8051 0.0753
vn 0.3668 0.9291 0.0475
vn 0.3669 0.9291 0.0475
vn 0.3669 0.9290 0.0475
vn 0.1250 0.9920 0.0164
vn 0.1245 0.9921 0.0165
vn 0.9814 0.1363 -0.1354
vn 0.9814 0.1360 -0.1354
vn 0.9094 0.3963 -0.1259
vn 0.9094 0.3964 -0.1259
vn 0.7737 0.6244 -0.1077
vn 0.7736 0.6245 -0.1076
vn 0.5876 0.8049 -0.0826
vn 0.5875 0.8050 -0.0825
vn 0.3662 0.9291 -0.0521
vn 0.3661 0.9291 -0.0520
vn 0.1246 0.9920 -0.0181
vn 0.1243 0.9921 -0.0179
vn 0.1241 0.9921 -0.0179
vn 0.9141 0.1260 -0.3853
vn 0.9141 0.1254 -0.3855
vn 0.8557 0.3705 -0.3612
vn 0.8557 0.3707 -0.3612
vn 0.8556 0.3708 -0.3611
vn 0.7406 0.5944 -0.3134
vn 0.7406 0.5945 -0.3134
vn 0.5736 0.7820 -0.2437
vn 0.5737 0.7820 -0.2437
vn 0.3636 0.9185 -0.1554
vn 0.3635 0.9185 -0.1553
vn 0.1249 0.9907 -0.0539
vn 0.1245 0.9908 -0.0536
vn 0.1247 0.9907 -0.0538
vn 0.7838 0.1210 -0.6091
vn 0.7838 0.1206 -0.6092
vn 0.7373 0.3574 -0.5733
vn 0.7373 0.3576 -0.5732
vn 0.7372 0.3578 -0.5731
vn 0.7372 0.3576 -0.5732
vn 0.6440 0.5779 -0.5013
vn 0.6438 0.5785 -0.5009
vn 0.6438 0.5783 -0.5010
vn 0.6439 0.5782 -0.5011
vn 0.5040 0.7693 -0.3927
vn 0.5040 0.7693 -0.3926
vn 0.5040 0.7694 -0.3926
vn 0.3224 0.9126 -0.2516
vn 0.3225 0.9125 -0.2517
vn 0.3224 0.9125 -0.2517
vn 0.1109 0.9900 -0.0867
vn 0.1110 0.9900 -0.0868
vn 0.5994 0.1206 -0.7913
vn 0.5995 0.1210 -0.7912
vn 0.5641 0.3575 -0.7443
vn 0.5641 0.3574 -0.7443
vn 0.5641 0.3576 -0.7443
vn 0.4930 0.5785 -0.6499
vn 0.4930 0.5783 -0.6500
vn 0.4930 0.5782 -0.6501
vn 0.4929 0.5786 -0.6498
vn 0.3864 0.7693 -0.5088
vn 0.3864 0.7693 -0.5089
vn 0.2478 0.9124 -0.3257
vn 0.2477 0.9125 -0.3255
vn 0.2477 0.9125 -0.3256
vn 0.0855 0.9900 -0.1122
vn 0.0854 0.9900 -0.1118
vn 0.3740 0.1257 -0.9189
vn 0.3741 0.1263 -0.9187
vn 0.3506 0.3707 -0.8600
vn 0.3506 0.3705 -0.8601
vn 0.3506 0.3706 -0.8601
vn 0.3042 0.5944 -0.7444
vn 0.2366 0.7820 -0.5766
vn 0.2366 0.7821 -0.5765
vn 0.2366 0.7821 -0.5766
vn 0.1508 0.9185 -0.3654
vn 0.1509 0.9185 -0.3654
vn 0.1509 0.9185 -0.3655
vn 0.0521 0.9908 -0.1251
vn 0.0521 0.9908 -0.1252
vn 0.0521 0.9907 -0.1253
vn 0.1233 0.1355 -0.9831
vn 0.1234 0.1360 -0.9830
vn 0.1147 0.3964 -0.9109
vn 0.1147 0.3963 -0.9109
vn 0.0981 0.6244 -0.7749
vn 0.0753 0.8051 -0.5884
vn 0.0753 0.8050 -0.5885
vn 0.0476 0.9291 -0.3666
vn 0.0475 0.9291 -0.3668
vn 0.0164 0.9920 -0.1250
vn 0.0165 0.9921 -0.1245
vn -0.1354 0.1360 -0.9814
vn -0.1355 0.1359 -0.9814
vn -0.1259 0.3963 -0.9094
vn -0.1259 0.3964 -0.9094
vn -0.1259 0.3963 -0.9095
vn -0.1077 0.6244 -0.7737
vn -0.1076 0.6245 -0.7736
vn -0.1077 0.6243 -0.7737
vn -0.0826 0.8050 -0.5876
vn -0.0825 0.8050 -0.5874
vn -0.0825 0.8050 -0.5875
vn -0.0521 0.9291 -0.3662
vn -0.0520 0.9291 -0.3660
vn -0.0520 0.9291 -0.3661
vn -0.0181 0.9920 -0.1246
vn -0.0179 0.9921 -0.1243
vn -0.0180 0.9921 -0.1244
vn -0.3854 0.1258 -0.9142
vn -0.3855 0.1254 -0.9141
vn -0.3613 0.3704 -0.8557
vn -0.3612 0.3707 -0.8557
vn -0.3611 0.3707 -0.8557
vn -0.3612 0.3706 -0.8557
vn -0.3134 0.5944 -0.7406
vn -0.3134 0.5945 -0.7406
vn -0.2437 0.7820 -0.5736
vn -0.1553 0.9185 -0.3635
vn -0.1554 0.9185 -0.3636
vn -0.0537 0.9908 -0.1246
vn -0.0536 0.9908 -0.1245
vn -0.6091 0.1210 -0.7838
vn -0.6092 0.1206 -0.7838
vn -0.5732 0.3575 -0.7373
vn -0.5732 0.3577 -0.7372
vn -0.5733 0.3575 -0.7373
vn -0.5010 0.5783 -0.6438
vn -0.5009 0.5785 -0.6438
vn -0.5011 0.5782 -0.6439
vn -0.3927 0.7693 -0.5040
vn -0.3926 0.7694 -0.5040
vn -0.3927 0.7692 -0.5040
vn -0.2518 0.9125 -0.3225
vn -0.2516 0.9125 -0.3224
vn -0.2517 0.9125 -0.3224
vn -0.2517 0.9125 -0.3225
vn -0.0867 0.9900 -0.1109
vn -0.0870 0.9900 -0.1111
vn -0.7913 0.1206 -0.5994
vn -0.7912 0.1210 -0.5995
vn -0.7443 0.3574 -0.5641
vn -0.7445 0.3571 -0.5641
vn -0.7442 0.3577 -0.5641
vn -0.6499 0.5785 -0.4930
vn -0.6500 0.5784 -0.4930
vn -0.6503 0.5779 -0.4931
vn -0.6499 0.5784 -0.4930
vn -0.5088 0.7693 -0.3864
vn -0.5089 0.7692 -0.3864
vn -0.3256 0.9125 -0.2477
vn -0.3255 0.9125 -0.2477
vn -0.1125 0.9900 -0.0857
vn -0.1118 0.9900 -0.0854
vn -0.9189 0.1257 -0.3740
vn -0.9187 0.1263 -0.3742
vn -0.8601 0.3707 -0.3506
vn -0.8601 0.3706 -0.3506
vn -0.8602 0.3704 -0.3506
vn -0.7444 0.5944 -0.3042
vn -0.5766 0.7820 -0.2366
vn -0.5766 0.7821 -0.2366
vn -0.3655 0.9185 -0.1509
vn -0.3654 0.9186 -0.1508
vn -0.1251 0.9908 -0.0521
vn -0.1253 0.9907 -0.0521
vn -0.1252 0.9908 -0.0521
vn -0.9831 0.1355 -0.1233
vn -0.9830 0.1360 -0.1234
vn -0.9109 0.3963 -0.1147
vn -0.9109 0.3964 -0.1147
vn -0.9110 0.3962 -0.1147
vn -0.7749 0.6245 -0.0981
vn -0.7749 0.6244 -0.0981
vn -0.7750 0.6243 -0.0981
vn -0.5884 0.8050 -0.0753
vn -0.5885 0.8050 -0.0753
vn -0.5886 0.8049 -0.0752
vn -0.5884 0.8051 -0.0753
vn -0.3667 0.9291 -0.0476
vn -0.3669 0.9291 -0.0475
vn -0.3669 0.9290 -0.0475
vn -0.3668 0.9291 -0.0475
vn -0.1250 0.9920 -0.0164
vn -0.1245 0.9921 -0.0165
vn -0.9814 0.1363 0.1354
vn -0.9814 0.1360 0.1354
vn -0.9094 0.3963 0.1259
vn -0.9094 0.3964 0.1259
vn -0.7737 0.6244 0.1077
vn -0.7736 0.6245 0.1076
vn -0.5875 0.8050 0.0825
vn -0.5874 0.8050 0.0825
vn -0.3662 0.9291 0.0521
vn -0.3661 0.9291 0.0520
vn -0.1246 0.9920 0.0181
vn -0.1243 0.9921 0.0179
vn -0.1241 0.9921 0.0179
vn -0.9141 0.1260 0.3853
vn -0.9141 0.1254 0.3855
vn -0.8557 0.3705 0.3612
vn -0.8557 0.3707 0.3612
vn -0.8557 0.3707 0.3611
vn -0.8557 0.3706 0.3612
vn -0.7406 0.5944 0.3134
vn -0.5736 0.7820 0.2437
vn -0.5737 0.7820 0.2437
vn -0.3635 0.9185 0.1553
vn -0.3636 0.9185 0.1554
vn -0.1249 0.9907 0.0539
vn -0.1245 0.9908 0.0536
vn -0.1247 0.9907 0.0538
vn -0.7838 0.1210 0.6091
vn -0.7838 0.1206 0.6092
vn -0.7373 0.3574 0.5733
vn -0.7373 0.3575 0.5733
vn -0.7372 0.3578 0.5731
vn -0.7372 0.3576 0.5732
vn -0.6440 0.5779 0.5013
vn -0.6438 0.5785 0.5009
vn -0.6438 0.5783 0.5010
vn -0.6439 0.5782 0.5011
vn -0.5040 0.7693 0.3927
vn -0.5040 0.7693 0.3926
vn -0.5040 0.7694 0.3926
vn -0.3224 0.9125 0.2517
vn -0.3225 0.9125 0.2517
vn -0.3225 0.9125 0.2518
vn -0.1109 0.9900 0.0867
vn -0.1110 0.9900 0.0868
vn -0.5994 0.1206 0.7913
vn -0.5995 0.1210 0.7912
vn -0.5641 0.3575 0.7443
vn -0.5641 0.3576 0.7443
vn -0.4930 0.5785 0.6499
vn -0.4930 0.5783 0.6500
vn -0.4930 0.5782 0.6501
vn -0.4929 0.5786 0.6498
vn -0.3863 0.7694 0.5087
vn -0.3864 0.7693 0.5088
vn -0.3864 0.7692 0.5089
vn -0.3864 0.7693 0.5089
vn -0.2477 0.9125 0.3255
vn -0.2477 0.9125 0.3256
vn -0.0857 0.9900 0.1125
vn -0.0854 0.9900 0.1118
vn -0.3741 0.1260 0.9188
vn -0.3741 0.1263 0.9187
vn -0.3506 0.3707 0.8600
vn -0.3506 0.3706 0.8601
vn -0.3506 0.3705 0.8601
vn -0.3042 0.5944 0.7444
vn -0.2366 0.7820 0.5766
vn -0.1508 0.9185 0.3654
vn -0.1509 0.9185 0.3654
vn -0.1509 0.9185 0.3655
vn -0.0521 0.9908 0.1248
vn -0.0521 0.9907 0.1253
vn -0.0521 0.9907 0.1257
vn -0.0521 0.9908 0.1252
vn -0.1233 0.1355 0.9831
vn -0.1234 0.1360 0.9830
vn -0.1147 0.3964 0.9109
vn -0.1147 0.3963 0.9109
vn -0.0981 0.6245 0.7749
vn -0.0981 0.6244 0.7749
vn -0.0753 0.8051 0.5884
vn -0.0753 0.8050 0.5885
vn -0.0476 0.9291 0.3666
vn -0.0475 0.9291 0.3668
vn -0.0164 0.9920 0.1250
vn -0.0165 0.9921 0.1244
vn 0.1179 0.9930 -0.0007
vn 0.3500 0.9367 -0.0022
vn 0.5692 0.8222 -0.0035
vn 0.7617 0.6479 -0.0047
vn 0.9088 0.4173 -0.0056
vn 0.9895 0.1444 -0.0061
vn -0.0007 0.9930 -0.1179
vn -0.0022 0.9367 -0.3500
vn -0.0035 0.8222 -0.5692
vn -0.0047 0.6479 -0.7617
vn -0.0056 0.4173 -0.9088
vn -0.0061 0.1444 -0.9895
vn -0.1179 0.9930 0.0007
vn -0.3500 0.9367 0.0022
vn -0.5692 0.8222 0.0035
vn -0.7617 0.6479 0.0047
vn -0.9088 0.4173 0.0056
vn -0.9895 0.1444 0.0061
vn 0.0007 0.9930 0.1179
vn 0.0022 0.9367 0.3500
vn 0.0035 0.8222 0.5692
vn 0.0047 0.6479 0.7617
vn 0.0056 0.4173 0.9088
vn 0.0061 0.1444 0.9895
vn -0.7071 0.7071 0.0044
vn 0.0044 0.7071 0.7071
vn 0.7071 0.7071 -0.0044
vn -0.0044 0.7071 -0.7071
vn -0.0062 -0.0000 -1.0000
vn 1.0000 -0.0000 -0.0062
vn -1.0000 -0.0000 0.0062
vn -0.0000 -1.0000 -0.0000
vn 0.9215 -0.0000 -0.3884
vn 0.1244 -0.0000 -0.9922
vn -0.9215 -0.0000 0.3884
vn -0.3884 -0.0000 -0.9215
vn -0.0000 1.0000 -0.0000
vn 0.9906 -0.0000 -0.1366
vn 0.7896 -0.0000 -0.6136
vn 0.6038 -0.0000 -0.7971
vn 0.6039 -0.0000 -0.7971
vn 0.3770 -0.0000 -0.9262
vn -0.1366 -0.0000 -0.9906
vn -0.6136 -0.0000 -0.7896
vn -0.7971 -0.0000 -0.6038
vn -0.7971 -0.0000 -0.6039
vn -0.9262 -0.0000 -0.3770
vn -0.9906 -0.0000 0.1366
vn -0.7896 -0.0000 0.6136
vn -0.6038 -0.0000 0.7971
vn -0.6039 -0.0000 0.7971
vn -0.3770 -0.0000 0.9262
vn 0.0062 -0.0000 1.0000
vn 0.1366 -0.0000 0.9906
vn 0.6136 -0.0000 0.7896
vn 0.7971 -0.0000 0.6038
vn 0.7971 -0.0000 0.6039
vn 0.9262 -0.0000 0.3770
vn 0.3884 -0.0000 0.9215
vn 0.9922 -0.0000 0.1244
vn -0.1244 -0.0000 0.9922
vn -0.9922 -0.0000 -0.1244
vn 0.9814 0.1363 -0.1354
vn 0.9815 0.1355 -0.1356
vn 0.9094 0.3964 -0.1259
vn 0.9094 0.3963 -0.1259
vn 0.9095 0.3963 -0.1259
vn 0.7737 0.6243 -0.1077
vn 0.7736 0.6245 -0.1077
vn 0.7736 0.6245 -0.1076
vn 0.7737 0.6244 -0.1077
vn 0.5876 0.8050 -0.0826
vn 0.5874 0.8050 -0.0825
vn 0.5875 0.8050 -0.0825
vn 0.3662 0.9291 -0.0521
vn 0.3660 0.9291 -0.0520
vn 0.3661 0.9291 -0.0520
vn 0.1246 0.9920 -0.0181
vn 0.1243 0.9921 -0.0179
vn 0.1241 0.9921 -0.0179
vn 0.9142 0.1258 -0.3854
vn 0.9142 0.1257 -0.3854
vn 0.8557 0.3705 -0.3612
vn 0.8557 0.3707 -0.3612
vn 0.8557 0.3707 -0.3611
vn 0.7406 0.5944 -0.3134
vn 0.7406 0.5945 -0.3134
vn 0.5736 0.7820 -0.2437
vn 0.5736 0.7821 -0.2436
vn 0.3635 0.9185 -0.1553
vn 0.3636 0.9185 -0.1554
vn 0.1246 0.9908 -0.0537
vn 0.1244 0.9908 -0.0536
vn 0.1242 0.9908 -0.0534
vn 0.7838 0.1210 -0.6091
vn 0.7838 0.1206 -0.6092
vn 0.7373 0.3574 -0.5733
vn 0.7372 0.3577 -0.5732
vn 0.6438 0.5783 -0.5010
vn 0.6438 0.5785 -0.5009
vn 0.6439 0.5782 -0.5011
vn 0.5040 0.7693 -0.3927
vn 0.5040 0.7694 -0.3926
vn 0.3224 0.9125 -0.2517
vn 0.3225 0.9125 -0.2517
vn 0.1111 0.9900 -0.0870
vn 0.5994 0.1206 -0.7913
vn 0.5995 0.1210 -0.7912
vn 0.5641 0.3578 -0.7441
vn 0.5641 0.3574 -0.7443
vn 0.5641 0.3575 -0.7443
vn 0.5641 0.3577 -0.7442
vn 0.4930 0.5785 -0.6499
vn 0.4930 0.5784 -0.6500
vn 0.4931 0.5779 -0.6503
vn 0.4930 0.5784 -0.6499
vn 0.3864 0.7693 -0.5088
vn 0.3864 0.7692 -0.5089
vn 0.2477 0.9125 -0.3255
vn 0.2477 0.9125 -0.3256
vn 0.0857 0.9900 -0.1125
vn 0.0854 0.9900 -0.1118
vn 0.3740 0.1257 -0.9189
vn 0.3742 0.1263 -0.9187
vn 0.3506 0.3707 -0.8600
vn 0.3506 0.3705 -0.8601
vn 0.3506 0.3706 -0.8601
vn 0.3042 0.5944 -0.7444
vn 0.2366 0.7820 -0.5766
vn 0.2366 0.7821 -0.5766
vn 0.1508 0.9185 -0.3654
vn 0.1508 0.9186 -0.3654
vn 0.0521 0.9908 -0.1251
vn 0.0521 0.9907 -0.1253
vn 0.0521 0.9908 -0.1252
vn 0.1233 0.1355 -0.9831
vn 0.1234 0.1360 -0.9830
vn 0.1147 0.3963 -0.9109
vn 0.1147 0.3962 -0.9110
vn 0.0981 0.6245 -0.7749
vn 0.0981 0.6244 -0.7749
vn 0.0981 0.6243 -0.7750
vn 0.0753 0.8050 -0.5884
vn 0.0753 0.8050 -0.5885
vn 0.0753 0.8051 -0.5884
vn 0.0475 0.9291 -0.3668
vn 0.0475 0.9291 -0.3669
vn 0.0475 0.9290 -0.3669
vn 0.0164 0.9920 -0.1250
vn 0.0165 0.9921 -0.1245
vn -0.1354 0.1363 -0.9814
vn -0.1354 0.1360 -0.9814
vn -0.1259 0.3963 -0.9094
vn -0.1259 0.3964 -0.9094
vn -0.1077 0.6244 -0.7737
vn -0.1076 0.6245 -0.7736
vn -0.0826 0.8049 -0.5876
vn -0.0825 0.8050 -0.5875
vn -0.0521 0.9291 -0.3662
vn -0.0520 0.9291 -0.3661
vn -0.0181 0.9920 -0.1246
vn -0.0179 0.9921 -0.1243
vn -0.0179 0.9921 -0.1241
vn -0.3853 0.1260 -0.9141
vn -0.3855 0.1254 -0.9141
vn -0.3612 0.3705 -0.8557
vn -0.3612 0.3707 -0.8557
vn -0.3611 0.3708 -0.8556
vn -0.3134 0.5944 -0.7406
vn -0.3134 0.5945 -0.7406
vn -0.2437 0.7820 -0.5736
vn -0.2437 0.7820 -0.5737
vn -0.1554 0.9185 -0.3636
vn -0.1553 0.9185 -0.3635
vn -0.0539 0.9907 -0.1249
vn -0.0536 0.9908 -0.1245
vn -0.0538 0.9907 -0.1247
vn -0.6091 0.1210 -0.7838
vn -0.6092 0.1206 -0.7838
vn -0.5733 0.3574 -0.7373
vn -0.5732 0.3576 -0.7373
vn -0.5731 0.3578 -0.7372
vn -0.5732 0.3576 -0.7372
vn -0.5013 0.5779 -0.6440
vn -0.5009 0.5785 -0.6438
vn -0.5010 0.5783 -0.6438
vn -0.5011 0.5782 -0.6439
vn -0.3927 0.7693 -0.5040
vn -0.3926 0.7693 -0.5040
vn -0.3926 0.7694 -0.5040
vn -0.2516 0.9126 -0.3224
vn -0.2517 0.9125 -0.3225
vn -0.2517 0.9125 -0.3224
vn -0.0867 0.9900 -0.1109
vn -0.0868 0.9900 -0.1110
vn -0.7913 0.1206 -0.5994
vn -0.7912 0.1210 -0.5995
vn -0.7443 0.3575 -0.5641
vn -0.7443 0.3574 -0.5641
vn -0.7443 0.3576 -0.5641
vn -0.6499 0.5785 -0.4930
vn -0.6500 0.5783 -0.4930
vn -0.6501 0.5782 -0.4930
vn -0.6498 0.5786 -0.4929
vn -0.5088 0.7693 -0.3864
vn -0.5089 0.7693 -0.3864
vn -0.3257 0.9124 -0.2478
vn -0.3255 0.9125 -0.2477
vn -0.3256 0.9125 -0.2477
vn -0.1122 0.9900 -0.0855
vn -0.1118 0.9900 -0.0854
vn -0.9189 0.1257 -0.3740
vn -0.9187 0.1263 -0.3741
vn -0.8600 0.3707 -0.3506
vn -0.8601 0.3705 -0.3506
vn -0.8601 0.3706 -0.3506
vn -0.7444 0.5944 -0.3042
vn -0.5766 0.7820 -0.2366
vn -0.5765 0.7821 -0.2366
vn -0.5766 0.7821 -0.2366
vn -0.3654 0.9185 -0.1508
vn -0.3654 0.9185 -0.1509
vn -0.3655 0.9185 -0.1509
vn -0.1251 0.9908 -0.0521
vn -0.1252 0.9908 -0.0521
vn -0.1253 0.9907 -0.0521
vn -0.9831 0.1355 -0.1233
vn -0.9830 0.1360 -0.1234
vn -0.9109 0.3964 -0.1147
vn -0.9109 0.3963 -0.1147
vn -0.7749 0.6244 -0.0981
vn -0.5884 0.8051 -0.0753
vn -0.5885 0.8050 -0.0753
vn -0.3666 0.9291 -0.0476
vn -0.3668 0.9291 -0.0475
vn -0.1250 0.9920 -0.0164
vn -0.1245 0.9921 -0.0165
vn -0.9814 0.1360 0.1354
vn -0.9814 0.1359 0.1355
vn -0.9094 0.3963 0.1259
vn -0.9094 0.3964 0.1259
vn -0.9095 0.3963 0.1259
vn -0.7737 0.6244 0.1077
vn -0.7736 0.6245 0.1076
vn -0.7737 0.6243 0.1077
vn -0.5876 0.8050 0.0826
vn -0.5874 0.8050 0.0825
vn -0.5875 0.8050 0.0825
vn -0.3662 0.9291 0.0521
vn -0.3660 0.9291 0.0520
vn -0.3661 0.9291 0.0520
vn -0.1246 0.9920 0.0181
vn -0.1243 0.9921 0.0179
vn -0.1244 0.9921 0.0180
vn -0.9142 0.1258 0.3854
vn -0.9141 0.1254 0.3855
vn -0.8557 0.3704 0.3613
vn -0.8557 0.3707 0.3612
vn -0.8557 0.3707 0.3611
vn -0.8557 0.3706 0.3612
vn -0.7406 0.5944 0.3134
vn -0.7406 0.5945 0.3134
vn -0.5736 0.7820 0.2437
vn -0.3635 0.9185 0.1553
vn -0.3636 0.9185 0.1554
vn -0.1246 0.9908 0.0537
vn -0.1245 0.9908 0.0536
vn -0.7838 0.1210 0.6091
vn -0.7838 0.1206 0.6092
vn -0.7373 0.3575 0.5732
vn -0.7372 0.3577 0.5732
vn -0.7373 0.3575 0.5733
vn -0.6438 0.5783 0.5010
vn -0.6438 0.5785 0.5009
vn -0.6439 0.5782 0.5011
vn -0.5040 0.7693 0.3927
vn -0.5040 0.7694 0.3926
vn -0.5040 0.7692 0.3927
vn -0.3225 0.9125 0.2518
vn -0.3224 0.9125 0.2516
vn -0.3224 0.9125 0.2517
vn -0.3225 0.9125 0.2517
vn -0.1109 0.9900 0.0867
vn -0.1111 0.9900 0.0870
vn -0.5994 0.1206 0.7913
vn -0.5995 0.1210 0.7912
vn -0.5641 0.3574 0.7443
vn -0.5641 0.3571 0.7445
vn -0.5641 0.3577 0.7442
vn -0.4930 0.5785 0.6499
vn -0.4930 0.5784 0.6500
vn -0.4931 0.5779 0.6503
vn -0.4930 0.5784 0.6499
vn -0.3864 0.7693 0.5088
vn -0.3864 0.7692 0.5089
vn -0.2477 0.9125 0.3256
vn -0.2477 0.9125 0.3255
vn -0.0857 0.9900 0.1125
vn -0.0854 0.9900 0.1118
vn -0.3740 0.1257 0.9189
vn -0.3742 0.1263 0.9187
vn -0.3506 0.3707 0.8601
vn -0.3506 0.3706 0.8601
vn -0.3506 0.3704 0.8602
vn -0.3042 0.5944 0.7444
vn -0.2366 0.7820 0.5766
vn -0.2366 0.7821 0.5766
vn -0.1509 0.9185 0.3655
vn -0.1508 0.9186 0.3654
vn -0.0521 0.9908 0.1251
vn -0.0521 0.9907 0.1253
vn -0.0521 0.9908 0.1252
vn -0.1233 0.1355 0.9831
vn -0.1234 0.1360 0.9830
vn -0.1147 0.3963 0.9109
vn -0.1147 0.3964 0.9109
vn -0.1147 0.3962 0.9110
vn -0.0981 0.6245 0.7749
vn -0.0981 0.6244 0.7749
vn -0.0981 0.6243 0.7750
vn -0.0753 0.8050 0.5884
vn -0.0753 0.8050 0.5885
vn -0.0752 0.8049 0.5886
vn -0.0753 0.8051 0.5884
vn -0.0476 0.9291 0.3667
vn -0.0475 0.9291 0.3669
vn -0.0475 0.9290 0.3669
vn -0.0475 0.9291 0.3668
vn -0.0164 0.9920 0.1250
vn -0.0165 0.9921 0.1245
vn 0.1354 0.1363 0.9814
vn 0.1354 0.1360 0.9814
vn 0.1259 0.3963 0.9094
vn 0.1259 0.3964 0.9094
vn 0.1077 0.6244 0.7737
vn 0.1076 0.6245 0.7736
vn 0.0825 0.8050 0.5875
vn 0.0825 0.8050 0.5874
vn 0.0521 0.9291 0.3662
vn 0.0520 0.9291 0.3661
vn 0.0181 0.9920 0.1246
vn 0.0179 0.9921 0.1243
vn 0.0179 0.9921 0.1241
vn 0.3853 0.1260 0.9141
vn 0.3855 0.1254 0.9141
vn 0.3612 0.3705 0.8557
vn 0.3612 0.3707 0.8557
vn 0.3611 0.3707 0.8557
vn 0.3612 0.3706 0.8557
vn 0.3134 0.5944 0.7406
vn 0.2437 0.7820 0.5736
vn 0.2437 0.7820 0.5737
vn 0.1553 0.9185 0.3635
vn 0.1554 0.9185 0.3636
vn 0.0539 0.9907 0.1249
vn 0.0536 0.9908 0.1245
vn 0.0538 0.9907 0.1247
vn 0.6091 0.1210 0.7838
vn 0.6092 0.1206 0.7838
vn 0.5733 0.3574 0.7373
vn 0.5733 0.3575 0.7373
vn 0.5731 0.3578 0.7372
vn 0.5732 0.3576 0.7372
vn 0.5013 0.5779 0.6440
vn 0.5009 0.5785 0.6438
vn 0.5010 0.5783 0.6438
vn 0.5011 0.5782 0.6439
vn 0.3927 0.7693 0.5040
vn 0.3926 0.7693 0.5040
vn 0.3926 0.7694 0.5040
vn 0.2517 0.9125 0.3224
vn 0.2517 0.9125 0.3225
vn 0.2518 0.9125 0.3225
vn 0.0867 0.9900 0.1109
vn 0.0868 0.9900 0.1110
vn 0.7913 0.1206 0.5994
vn 0.7912 0.1210 0.5995
vn 0.7443 0.3575 0.5641
vn 0.7443 0.3576 0.5641
vn 0.6499 0.5785 0.4930
vn 0.6500 0.5783 0.4930
vn 0.6501 0.5782 0.4930
vn 0.6498 0.5786 0.4929
vn 0.5087 0.7694 0.3863
vn 0.5088 0.7693 0.3864
vn 0.5089 0.7692 0.3864
vn 0.5089 0.7693 0.3864
vn 0.3255 0.9125 0.2477
vn 0.3256 0.9125 0.2477
vn 0.1125 0.9900 0.0857
vn 0.1118 0.9900 0.0854
vn 0.9188 0.1260 0.3741
vn 0.9187 0.1263 0.3741
vn 0.8600 0.3707 0.3506
vn 0.8601 0.3706 0.3506
vn 0.8601 0.3705 0.3506
vn 0.7444 0.5944 0.3042
vn 0.5766 0.7820 0.2366
vn 0.3654 0.9185 0.1508
vn 0.3654 0.9185 0.1509
vn 0.3655 0.9185 0.1509
vn 0.1248 0.9908 0.0521
vn 0.1253 0.9907 0.0521
vn 0.1257 0.9907 0.0521
vn 0.1252 0.9908 0.0521
vn 0.9831 0.1355 0.1233
vn 0.9830 0.1360 0.1234
vn 0.9109 0.3964 0.1147
vn 0.9109 0.3963 0.1147
vn 0.7749 0.6245 0.0981
vn 0.7749 0.6244 0.0981
vn 0.5884 0.8051 0.0753
vn 0.5885 0.8050 0.0753
vn 0.3666 0.9291 0.0476
vn 0.3668 0.9291 0.0475
vn 0.1250 0.9920 0.0164
vn 0.1244 0.9921 0.0165
vn -0.0007 0.9930 -0.1179
vn -0.0022 0.9367 -0.3500
vn -0.0035 0.8222 -0.5692
vn -0.0047 0.6479 -0.7617
vn -0.0056 0.4173 -0.9088
vn -0.0061 0.1444 -0.9895
vn -0.1179 0.9930 0.0007
vn -0.3500 0.9367 0.0022
vn -0.5692 0.8222 0.0035
vn -0.7617 0.6479 0.0047
vn -0.9088 0.4173 0.0056
vn -0.9895 0.1444 0.0061
vn 0.0007 0.9930 0.1179
vn 0.0022 0.9367 0.3500
vn 0.0035 0.8222 0.5692
vn 0.0047 0.6479 0.7617
vn 0.0056 0.4173 0.9088
vn 0.0061 0.1444 0.9895
vn 0.1179 0.9930 -0.0007
vn 0.3500 0.9367 -0.0022
vn 0.5692 0.8222 -0.0035
vn 0.7617 0.6479 -0.0047
vn 0.9088 0.4173 -0.0056
vn 0.9895 0.1444 -0.0061
vn 0.0044 0.7071 0.7071
vn 0.7071 0.7071 -0.0044
vn -0.0044 0.7071 -0.7071
vn -0.7071 0.7071 0.0044
f 1/1/1 2/2/1 3/3/1
f 1/1/1 3/3/1 4/4/1
f 5/5/2 6/6/2 7/7/2
f 5/5/2 7/7/2 8/8/2
f 9/9/3 10/10/3 11/11/3
f 9/9/3 11/11/3 12/12/3
f 13/13/4 14/14/4 15/15/4
f 15/15/4 16/16/4 17/17/4
f 17/17/4 18/18/4 19/19/4
f 19/19/4 20/20/4 21/21/4
f 21/21/4 22/22/4 23/23/4
f 23/23/4 24/24/4 25/25/4
f 25/25/4 26/26/4 27/27/4
f 27/27/4 28/28/4 29/29/4
f 29/29/4 30/30/4 31/31/4
f 31/31/4 32/32/4 33/33/4
f 33/33/4 34/34/4 35/35/4
f 35/35/4 36/36/4 37/37/4
f 37/37/4 38/38/4 39/39/4
f 39/39/4 40/40/4 13/13/4
f 13/13/4 15/15/4 17/17/4
f 17/17/4 19/19/4 21/21/4
f 21/21/4 23/23/4 25/25/4
f 25/25/4 27/27/4 29/29/4
f 29/29/4 31/31/4 33/33/4
f 33/33/4 35/35/4 37/37/4
f 37/37/4 39/39/4 13/13/4
f 13/13/4 17/17/4 21/21/4
f 21/21/4 25/25/4 29/29/4
f 29/29/4 33/33/4 37/37/4
f 37/37/4 13/13/4 21/21/4
f 21/21/4 29/29/4 37/37/4
f 41/41/5 42/42/5 43/43/5
f 41/41/5 43/43/5 44/44/5
f 45/45/6 46/46/6 47/47/6
f 45/45/6 47/47/6 48/48/6
f 49/49/7 50/50/7 51/51/7
f 49/49/7 51/51/7 52/52/7
f 53/53/8 54/54/8 55/55/8
f 53/53/8 55/55/8 56/56/8
f 57/57/9 58/58/9 59/59/9
f 59/59/9 60/60/9 61/61/9
f 61/61/9 62/62/9 57/57/9
f 59/59/9 61/61/9 57/57/9
f 63/63/9 64/64/9 58/58/9
f 58/58/9 57/57/9 65/65/9
f 65/65/9 66/66/9 63/63/9
f 58/58/9 65/65/9 63/63/9
f 67/67/9 68/68/9 64/64/9
f 64/64/9 63/63/9 69/69/9
f 69/69/9 70/70/9 67/67/9
f 64/64/9 69/69/9 67/67/9
f 71/71/10 72/72/10 73/42/10
f 71/71/10 73/42/10 74/41/10
f 75/44/11 76/43/11 77/73/11
f 75/44/11 77/73/11 78/74/11
f 79/74/12 80/73/12 81/75/12
f 79/74/13 81/75/13 82/76/13
f 83/76/14 84/75/14 85/46/14
f 83/76/14 85/46/14 86/45/14
f 87/77/9 88/78/9 60/60/9
f 89/79/1 90/80/1 91/81/1
f 89/79/1 91/81/1 92/82/1
f 93/56/15 94/55/15 95/81/15
f 93/56/15 95/81/15 96/80/15
f 97/83/16 98/84/16 99/54/16
f 97/83/16 99/54/16 100/53/16
f 101/85/17 102/86/17 103/84/17
f 101/85/18 103/84/18 104/83/18
f 105/87/19 106/88/19 107/86/19
f 105/87/19 107/86/19 108/85/19
f 62/62/9 109/89/9 57/57/9
f 110/90/3 111/91/3 112/92/3
f 110/90/3 112/92/3 113/93/3
f 114/92/20 115/91/20 116/50/20
f 114/92/20 116/50/20 117/49/20
f 118/52/21 119/51/21 120/94/21
f 118/52/21 120/94/21 121/95/21
f 122/95/22 123/94/22 124/96/22
f 122/95/23 124/96/23 125/97/23
f 126/97/24 127/96/24 128/98/24
f 126/97/24 128/98/24 129/99/24
f 66/66/9 130/100/9 63/63/9
f 131/101/25 132/102/25 133/103/25
f 131/101/25 133/103/25 134/104/25
f 135/105/26 136/106/26 137/103/26
f 135/105/26 137/103/26 138/102/26
f 139/107/27 140/108/27 141/109/27
f 139/107/27 141/109/27 142/110/27
f 143/111/28 144/112/28 145/108/28
f 143/111/29 145/108/29 146/107/29
f 147/113/30 148/114/30 149/112/30
f 147/113/30 149/112/30 150/111/30
f 151/110/31 152/109/31 153/106/31
f 151/110/31 153/106/31 154/105/31
f 155/115/9 69/69/9 63/63/9
f 156/116/9 155/115/9 63/63/9
f 157/117/9 156/116/9 63/63/9
f 158/118/9 157/117/9 63/63/9
f 130/100/9 158/118/9 63/63/9
f 159/119/32 160/120/32 161/114/32
f 159/119/32 161/114/32 162/113/32
f 163/99/33 164/98/33 165/121/33
f 163/99/33 165/121/33 166/122/33
f 109/89/9 167/123/9 57/57/9
f 167/123/9 168/124/9 57/57/9
f 168/124/9 169/125/9 57/57/9
f 169/125/9 170/126/9 57/57/9
f 170/126/9 65/65/9 57/57/9
f 171/127/9 61/61/9 60/60/9
f 172/128/9 171/127/9 60/60/9
f 173/129/9 172/128/9 60/60/9
f 174/130/9 173/129/9 60/60/9
f 88/78/9 174/130/9 60/60/9
f 175/131/34 176/132/34 177/88/34
f 175/131/34 177/88/34 178/87/34
f 179/133/2 180/72/2 181/71/2
f 179/133/2 181/71/2 182/134/2
f 183/135/9 184/136/9 67/67/9
f 184/136/9 185/137/9 67/67/9
f 185/137/9 186/138/9 67/67/9
f 186/138/9 187/139/9 67/67/9
f 187/139/9 188/140/9 67/67/9
f 189/141/25 190/142/25 191/143/25
f 189/141/25 191/143/25 192/144/25
f 193/71/35 194/41/35 195/145/35
f 193/71/36 195/145/36 196/146/36
f 197/146/37 198/145/38 199/147/37
f 197/146/37 199/147/37 200/148/39
f 201/148/40 202/147/41 203/149/42
f 201/148/40 203/149/42 204/150/43
f 205/151/44 206/152/45 207/153/46
f 205/151/44 207/153/46 208/154/46
f 209/154/47 210/153/47 211/155/48
f 209/154/47 211/155/48 212/156/49
f 213/156/50 214/155/51 215/135/52
f 213/156/50 215/135/52 216/70/50
f 217/41/53 218/44/53 219/157/53
f 217/41/54 219/157/54 220/145/54
f 221/145/55 222/157/56 223/158/57
f 221/145/55 223/158/57 224/147/55
f 225/147/58 226/158/58 227/159/59
f 225/147/58 227/159/59 228/149/58
f 229/152/60 230/160/61 231/161/60
f 229/152/60 231/161/60 232/153/60
f 233/153/62 234/161/63 235/162/63
f 233/153/62 235/162/63 236/155/63
f 237/155/64 238/162/65 239/136/66
f 237/155/64 239/136/66 240/135/64
f 241/44/67 242/74/67 243/163/67
f 241/44/68 243/163/68 244/157/68
f 245/157/69 246/163/70 247/164/69
f 245/157/69 247/164/69 248/158/69
f 249/158/71 250/164/72 251/165/72
f 249/158/71 251/165/72 252/159/73
f 253/160/74 254/166/75 255/167/75
f 253/160/74 255/167/75 256/161/74
f 257/161/76 258/167/77 259/168/76
f 257/161/76 259/168/76 260/162/77
f 261/162/78 262/168/78 263/137/78
f 261/162/78 263/137/78 264/136/78
f 265/74/79 266/76/79 267/169/79
f 265/74/80 267/169/80 268/163/80
f 269/163/81 270/169/82 271/170/83
f 269/163/81 271/170/83 272/164/84
f 273/164/85 274/170/86 275/171/87
f 273/164/85 275/171/87 276/165/88
f 277/166/89 278/172/89 279/173/89
f 277/166/89 279/173/89 280/167/90
f 281/167/91 282/173/91 283/174/92
f 281/167/91 283/174/92 284/168/92
f 285/168/93 286/174/93 287/138/93
f 285/168/94 287/138/94 288/137/94
f 289/76/95 290/45/95 291/175/95
f 289/76/96 291/175/96 292/169/96
f 293/169/97 294/175/98 295/176/99
f 293/169/97 295/176/99 296/170/99
f 297/170/100 298/176/100 299/177/100
f 297/170/100 299/177/100 300/171/100
f 301/172/101 302/178/101 303/179/101
f 301/172/101 303/179/101 304/173/102
f 305/173/103 306/179/104 307/180/103
f 305/173/103 307/180/103 308/174/103
f 309/174/105 310/180/106 311/139/107
f 309/174/105 311/139/107 312/138/107
f 313/45/108 314/48/108 315/181/108
f 313/45/109 315/181/109 316/175/109
f 317/175/110 318/181/110 319/182/111
f 317/175/110 319/182/111 320/176/111
f 321/176/112 322/182/113 323/183/114
f 321/176/112 323/183/114 324/177/113
f 325/178/115 326/184/116 327/185/116
f 325/178/115 327/185/116 328/179/117
f 329/179/118 330/185/119 331/186/120
f 329/179/118 331/186/120 332/180/118
f 333/180/121 334/186/121 335/140/121
f 333/180/122 335/140/122 336/139/122
f 337/81/123 338/55/123 339/187/123
f 337/81/124 339/187/124 340/188/124
f 341/188/125 342/187/125 343/189/126
f 341/188/125 343/189/126 344/190/125
f 345/190/127 346/189/128 347/191/128
f 345/190/127 347/191/128 348/192/127
f 349/193/129 350/194/130 351/195/130
f 349/193/129 351/195/130 352/196/130
f 353/196/131 354/195/131 355/197/132
f 353/196/131 355/197/132 356/198/131
f 357/198/133 358/197/134 359/78/135
f 357/198/133 359/78/135 360/77/133
f 361/55/136 362/54/136 363/199/136
f 361/55/137 363/199/137 364/187/137
f 365/187/138 366/199/139 367/200/140
f 365/187/138 367/200/140 368/189/138
f 369/189/141 370/200/141 371/201/141
f 369/189/141 371/201/141 372/191/142
f 373/194/143 374/202/144 375/203/144
f 373/194/143 375/203/144 376/195/143
f 377/195/145 378/203/145 379/204/145
f 377/195/145 379/204/145 380/197/146
f 381/197/147 382/204/148 383/130/148
f 381/197/147 383/130/148 384/78/149
f 385/54/150 386/84/150 387/205/150
f 385/54/151 387/205/151 388/199/151
f 389/199/152 390/205/153 391/206/154
f 389/199/152 391/206/154 392/200/155
f 393/200/156 394/206/157 395/207/158
f 393/200/156 395/207/158 396/201/159
f 397/202/160 398/208/161 399/209/161
f 397/202/160 399/209/161 400/203/162
f 401/203/163 402/209/164 403/210/165
f 401/203/163 403/210/165 404/204/164
f 405/204/166 406/210/166 407/129/166
f 405/204/167 407/129/167 408/130/167
f 409/84/168 410/86/168 411/211/168
f 409/84/169 411/211/169 412/205/169
f 413/205/170 414/211/170 415/212/171
f 413/205/170 415/212/171 416/206/172
f 417/206/173 418/212/174 419/213/175
f 417/206/173 419/213/175 420/207/176
f 421/208/177 422/214/177 423/215/177
f 421/208/177 423/215/177 424/209/178
f 425/209/179 426/215/180 427/216/181
f 425/209/179 427/216/181 428/210/181
f 429/210/182 430/216/182 431/128/182
f 429/210/183 431/128/183 432/129/183
f 433/86/184 434/88/184 435/217/184
f 433/86/185 435/217/185 436/211/185
f 437/211/186 438/217/187 439/218/187
f 437/211/186 439/218/187 440/212/188
f 441/212/189 442/218/189 443/219/189
f 441/212/189 443/219/189 444/213/189
f 445/214/190 446/220/190 447/221/191
f 445/214/190 447/221/191 448/215/192
f 449/215/193 450/221/194 451/222/193
f 449/215/193 451/222/193 452/216/195
f 453/216/196 454/222/197 455/127/198
f 453/216/196 455/127/198 456/128/197
f 457/88/199 458/132/199 459/223/199
f 457/88/200 459/223/200 460/217/200
f 461/217/201 462/223/202 463/224/202
f 461/217/201 463/224/202 464/218/201
f 465/218/203 466/224/203 467/225/203
f 465/218/203 467/225/203 468/219/203
f 469/220/204 470/226/205 471/227/205
f 469/220/204 471/227/205 472/221/205
f 473/221/206 474/227/207 475/228/207
f 473/221/206 475/228/207 476/222/207
f 477/222/208 478/228/208 479/61/208
f 477/222/209 479/61/209 480/127/209
f 481/92/210 482/49/210 483/229/210
f 481/92/211 483/229/211 484/230/211
f 485/230/212 486/229/212 487/231/213
f 485/230/212 487/231/213 488/232/214
f 489/232/215 490/231/216 491/233/216
f 489/232/215 491/233/216 492/234/217
f 493/235/218 494/236/219 495/237/220
f 493/235/218 495/237/220 496/238/220
f 497/238/221 498/237/221 499/239/222
f 497/238/221 499/239/222 500/240/223
f 501/240/224 502/239/225 503/89/226
f 501/240/224 503/89/226 504/62/224
f 505/49/227 506/52/227 507/241/227
f 505/49/228 507/241/228 508/229/228
f 509/229/229 510/241/230 511/242/231
f 509/229/229 511/242/231 512/231/232
f 513/231/233 514/242/233 515/243/234
f 513/231/233 515/243/234 516/233/233
f 517/236/235 518/244/235 519/245/235
f 517/236/235 519/245/235 520/237/235
f 521/237/236 522/245/237 523/246/237
f 521/237/236 523/246/237 524/239/237
f 525/239/238 526/246/239 527/123/239
f 525/239/238 527/123/239 528/89/238
f 529/52/240 530/95/240 531/247/240
f 529/52/241 531/247/241 532/241/241
f 533/241/242 534/247/243 535/248/242
f 533/241/242 535/248/242 536/242/244
f 537/242/245 538/248/246 539/249/246
f 537/242/245 539/249/246 540/243/247
f 541/244/248 542/250/249 543/251/250
f 541/244/248 543/251/250 544/245/248
f 545/245/251 546/251/252 547/252/253
f 545/245/251 547/252/253 548/246/254
f 549/246/255 550/252/255 551/124/255
f 549/246/256 551/124/256 552/123/256
f 553/95/257 554/97/257 555/253/257
f 553/95/258 555/253/258 556/247/258
f 557/247/259 558/253/259 559/254/260
f 557/247/259 559/254/260 560/248/261
f 561/248/262 562/254/263 563/255/264
f 561/248/262 563/255/264 564/249/265
f 565/250/266 566/256/266 567/257/266
f 565/250/266 567/257/266 568/251/267
f 569/251/268 570/257/269 571/258/268
f 569/251/268 571/258/268 572/252/269
f 573/252/270 574/258/270 575/125/270
f 573/252/271 575/125/271 576/124/271
f 577/97/272 578/99/272 579/259/272
f 577/97/273 579/259/273 580/253/273
f 581/253/274 582/259/275 583/260/276
f 581/253/274 583/260/276 584/254/275
f 585/254/277 586/260/277 587/261/277
f 585/254/277 587/261/277 588/255/277
f 589/256/278 590/262/278 591/263/278
f 589/256/278 591/263/278 592/257/279
f 593/257/280 594/263/281 595/264/281
f 593/257/280 595/264/281 596/258/280
f 597/258/282 598/264/283 599/126/284
f 597/258/282 599/126/284 600/125/284
f 601/99/285 602/122/285 603/265/285
f 601/99/286 603/265/286 604/259/286
f 605/259/287 606/265/288 607/266/287
f 605/259/287 607/266/287 608/260/289
f 609/260/290 610/266/291 611/267/292
f 609/260/290 611/267/292 612/261/291
f 613/262/293 614/268/294 615/269/295
f 613/262/293 615/269/295 616/263/296
f 617/263/297 618/269/298 619/270/299
f 617/263/297 619/270/299 620/264/300
f 621/264/301 622/270/301 623/65/301
f 621/264/302 623/65/302 624/126/302
f 625/103/303 626/106/303 627/271/303
f 625/103/304 627/271/304 628/272/304
f 629/272/305 630/271/305 631/273/306
f 629/272/305 631/273/306 632/274/305
f 633/274/307 634/273/308 635/275/308
f 633/274/307 635/275/308 636/276/307
f 637/277/309 638/278/310 639/279/309
f 637/277/309 639/279/309 640/280/309
f 641/280/311 642/279/312 643/281/311
f 641/280/311 643/281/311 644/282/311
f 645/282/313 646/281/314 647/100/315
f 645/282/313 647/100/315 648/66/313
f 649/106/316 650/109/316 651/283/316
f 649/106/317 651/283/317 652/271/317
f 653/271/318 654/283/319 655/284/320
f 653/271/318 655/284/320 656/273/321
f 657/273/322 658/284/322 659/285/322
f 657/273/322 659/285/322 660/275/322
f 661/278/323 662/286/324 663/287/324
f 661/278/323 663/287/324 664/279/323
f 665/279/325 666/287/326 667/288/326
f 665/279/325 667/288/326 668/281/326
f 669/281/327 670/288/328 671/118/328
f 669/281/327 671/118/328 672/100/329
f 673/109/330 674/108/330 675/289/330
f 673/109/331 675/289/331 676/283/331
f 677/283/332 678/289/333 679/290/334
f 677/283/332 679/290/334 680/284/335
f 681/284/336 682/290/337 683/291/338
f 681/284/336 683/291/338 684/285/339
f 685/286/340 686/292/341 687/293/341
f 685/286/340 687/293/341 688/287/342
f 689/287/343 690/293/344 691/294/345
f 689/287/343 691/294/345 692/288/344
f 693/288/346 694/294/346 695/117/346
f 693/288/347 695/117/347 696/118/347
f 697/108/348 698/112/348 699/295/348
f 697/108/349 699/295/349 700/289/349
f 701/289/350 702/295/350 703/296/351
f 701/289/350 703/296/351 704/290/351
f 705/290/352 706/296/353 707/297/354
f 705/290/352 707/297/354 708/291/355
f 709/292/356 710/298/357 711/299/358
f 709/292/356 711/299/358 712/293/359
f 713/293/360 714/299/361 715/300/361
f 713/293/360 715/300/361 716/294/361
f 717/294/362 718/300/362 719/116/362
f 717/294/363 719/116/363 720/117/363
f 721/112/364 722/114/364 723/301/364
f 721/112/365 723/301/365 724/295/365
f 725/295/366 726/301/367 727/302/368
f 725/295/366 727/302/368 728/296/366
f 729/296/369 730/302/369 731/303/369
f 729/296/369 731/303/369 732/297/369
f 733/298/370 734/304/370 735/305/370
f 733/298/370 735/305/370 736/299/370
f 737/299/371 738/305/372 739/306/371
f 737/299/371 739/306/371 740/300/373
f 741/300/374 742/306/375 743/115/376
f 741/300/374 743/115/376 744/116/377
f 745/114/378 746/120/378 747/307/378
f 745/114/379 747/307/379 748/301/379
f 749/301/380 750/307/381 751/308/381
f 749/301/380 751/308/381 752/302/381
f 753/302/382 754/308/383 755/309/383
f 753/302/382 755/309/383 756/303/383
f 757/304/384 758/310/385 759/311/385
f 757/304/384 759/311/385 760/305/385
f 761/305/386 762/311/387 763/312/387
f 761/305/386 763/312/387 764/306/387
f 765/306/388 766/312/388 767/69/388
f 765/306/389 767/69/389 768/115/389
f 769/77/390 770/140/390 771/186/390
f 769/77/390 771/186/390 772/198/390
f 773/198/391 774/186/391 775/185/391
f 773/198/391 775/185/391 776/196/391
f 777/196/392 778/185/392 779/184/392
f 777/196/392 779/184/392 780/193/392
f 781/192/393 782/313/393 783/314/393
f 781/192/393 783/314/393 784/190/393
f 785/190/394 786/314/394 787/315/394
f 785/190/394 787/315/394 788/188/394
f 789/188/395 790/315/395 791/82/395
f 789/188/395 791/82/395 792/81/395
f 793/62/396 794/61/396 795/228/396
f 793/62/396 795/228/396 796/240/396
f 797/240/397 798/228/397 799/227/397
f 797/240/397 799/227/397 800/238/397
f 801/238/398 802/227/398 803/226/398
f 801/238/398 803/226/398 804/235/398
f 805/234/399 806/316/399 807/317/399
f 805/234/399 807/317/399 808/232/399
f 809/232/400 810/317/400 811/318/400
f 809/232/400 811/318/400 812/230/400
f 813/230/401 814/318/401 815/93/401
f 813/230/401 815/93/401 816/92/401
f 817/66/402 818/65/402 819/270/402
f 817/66/402 819/270/402 820/282/402
f 821/282/403 822/270/403 823/269/403
f 821/282/403 823/269/403 824/280/403
f 825/280/404 826/269/404 827/268/404
f 825/280/404 827/268/404 828/277/404
f 829/276/405 830/319/405 831/320/405
f 829/276/405 831/320/405 832/274/405
f 833/274/406 834/320/406 835/321/406
f 833/274/406 835/321/406 836/272/406
f 837/272/407 838/321/407 839/104/407
f 837/272/407 839/104/407 840/103/407
f 841/70/408 842/69/408 843/312/408
f 841/70/408 843/312/408 844/156/408
f 845/156/409 846/312/409 847/311/409
f 845/156/409 847/311/409 848/154/409
f 849/154/410 850/311/410 851/310/410
f 849/154/410 851/310/410 852/151/410
f 853/150/411 854/322/411 855/323/411
f 853/150/411 855/323/411 856/148/411
f 857/148/412 858/323/412 859/324/412
f 857/148/412 859/324/412 860/146/412
f 861/146/413 862/324/413 863/134/413
f 861/146/413 863/134/413 864/71/413
f 70/70/9 183/135/9 67/67/9
f 865/68/414 866/59/414 867/325/414
f 865/68/414 867/325/414 868/326/414
f 869/59/415 870/58/415 871/327/415
f 869/59/415 871/327/415 872/325/415
f 873/58/416 874/64/416 875/328/416
f 873/58/416 875/328/416 876/327/416
f 877/64/417 878/68/417 879/326/417
f 877/64/417 879/326/417 880/328/417
f 60/60/9 59/59/9 68/68/9
f 68/68/9 67/67/9 188/140/9
f 188/140/9 87/77/9 60/60/9
f 68/68/9 188/140/9 60/60/9
f 881/329/418 882/330/418 883/331/418
f 881/329/418 883/331/418 884/332/418
f 885/333/419 886/334/419 887/335/419
f 885/333/419 887/335/419 888/336/419
f 889/337/420 890/338/420 891/339/420
f 889/337/420 891/339/420 892/340/420
f 893/341/421 894/342/421 895/343/421
f 895/343/421 896/344/421 897/345/421
f 897/345/421 898/346/421 899/347/421
f 899/347/421 900/348/421 901/349/421
f 901/349/421 902/350/421 903/351/421
f 903/351/421 904/352/421 905/353/421
f 905/353/421 906/354/421 907/355/421
f 907/355/421 908/356/421 909/357/421
f 909/357/421 910/358/421 911/359/421
f 911/359/421 912/360/421 913/361/421
f 913/361/421 914/362/421 915/363/421
f 915/363/421 916/364/421 917/365/421
f 917/365/421 918/366/421 919/367/421
f 919/367/421 920/368/421 893/341/421
f 893/341/421 895/343/421 897/345/421
f 897/345/421 899/347/421 901/349/421
f 901/349/421 903/351/421 905/353/421
f 905/353/421 907/355/421 909/357/421
f 909/357/421 911/359/421 913/361/421
f 913/361/421 915/363/421 917/365/421
f 917/365/421 919/367/421 893/341/421
f 893/341/421 897/345/421 901/349/421
f 901/349/421 905/353/421 909/357/421
f 909/357/421 913/361/421 917/365/421
f 917/365/421 893/341/421 901/349/421
f 901/349/421 909/357/421 917/365/421
f 921/369/422 922/370/422 923/371/422
f 921/369/422 923/371/422 924/372/422
f 925/373/423 926/374/423 927/375/423
f 925/373/423 927/375/423 928/376/423
f 929/377/424 930/378/424 931/379/424
f 929/377/424 931/379/424 932/380/424
f 933/381/425 934/382/425 935/383/425
f 933/381/425 935/383/425 936/384/425
f 937/385/426 938/386/426 939/387/426
f 939/387/426 940/388/426 941/389/426
f 941/389/426 942/390/426 937/385/426
f 939/387/426 941/389/426 937/385/426
f 943/391/426 944/392/426 938/386/426
f 938/386/426 937/385/426 945/393/426
f 945/393/426 946/394/426 943/391/426
f 938/386/426 945/393/426 943/391/426
f 947/395/426 948/396/426 944/392/426
f 944/392/426 943/391/426 949/397/426
f 949/397/426 950/398/426 947/395/426
f 944/392/426 949/397/426 947/395/426
f 951/399/427 952/400/427 953/370/427
f 951/399/427 953/370/427 954/369/427
f 955/372/428 956/371/428 957/401/428
f 955/372/428 957/401/428 958/402/428
f 959/402/429 960/401/429 961/403/429
f 959/402/430 961/403/430 962/404/430
f 963/404/431 964/403/431 965/374/431
f 963/404/431 965/374/431 966/373/431
f 967/405/426 968/406/426 940/388/426
f 969/407/418 970/408/418 971/409/418
f 969/407/418 971/409/418 972/410/418
f 973/384/432 974/383/432 975/409/432
f 973/384/432 975/409/432 976/408/432
f 977/411/433 978/412/433 979/382/433
f 977/411/433 979/382/433 980/381/433
f 981/413/434 982/414/434 983/412/434
f 981/413/435 983/412/435 984/411/435
f 985/415/436 986/416/436 987/414/436
f 985/415/436 987/414/436 988/413/436
f 942/390/426 989/417/426 937/385/426
f 990/418/420 991/419/420 992/420/420
f 990/418/420 992/420/420 993/421/420
f 994/420/437 995/419/437 996/378/437
f 994/420/437 996/378/437 997/377/437
f 998/380/438 999/379/438 1000/422/438
f 998/380/438 1000/422/438 1001/423/438
f 1002/423/439 1003/422/439 1004/424/439
f 1002/423/440 1004/424/440 1005/425/440
f 1006/425/441 1007/424/441 1008/426/441
f 1006/425/441 1008/426/441 1009/427/441
f 946/394/426 1010/428/426 943/391/426
f 1011/429/442 1012/430/442 1013/431/442
f 1011/429/442 1013/431/442 1014/432/442
f 1015/433/443 1016/434/443 1017/431/443
f 1015/433/443 1017/431/443 1018/430/443
f 1019/435/444 1020/436/444 1021/437/444
f 1019/435/444 1021/437/444 1022/438/444
f 1023/439/445 1024/440/445 1025/436/445
f 1023/439/446 1025/436/446 1026/435/446
f 1027/441/447 1028/442/447 1029/440/447
f 1027/441/447 1029/440/447 1030/439/447
f 1031/438/448 1032/437/448 1033/434/448
f 1031/438/448 1033/434/448 1034/433/448
f 1035/443/426 949/397/426 943/391/426
f 1036/444/426 1035/443/426 943/391/426
f 1037/445/426 1036/444/426 943/391/426
f 1038/446/426 1037/445/426 943/391/426
f 1010/428/426 1038/446/426 943/391/426
f 1039/447/449 1040/448/449 1041/442/449
f 1039/447/449 1041/442/449 1042/441/449
f 1043/427/450 1044/426/450 1045/449/450
f 1043/427/450 1045/449/450 1046/450/450
f 989/417/426 1047/451/426 937/385/426
f 1047/451/426 1048/452/426 937/385/426
f 1048/452/426 1049/453/426 937/385/426
f 1049/453/426 1050/454/426 937/385/426
f 1050/454/426 945/393/426 937/385/426
f 1051/455/426 941/389/426 940/388/426
f 1052/456/426 1051/455/426 940/388/426
f 1053/457/426 1052/456/426 940/388/426
f 1054/458/426 1053/457/426 940/388/426
f 968/406/426 1054/458/426 940/388/426
f 1055/459/451 1056/460/451 1057/416/451
f 1055/459/451 1057/416/451 1058/415/451
f 1059/461/419 1060/400/419 1061/399/419
f 1059/461/419 1061/399/419 1062/462/419
f 1063/463/426 1064/464/426 947/395/426
f 1064/464/426 1065/465/426 947/395/426
f 1065/465/426 1066/466/426 947/395/426
f 1066/466/426 1067/467/426 947/395/426
f 1067/467/426 1068/468/426 947/395/426
f 1069/469/442 1070/470/442 1071/471/442
f 1069/469/442 1071/471/442 1072/472/442
f 1073/399/452 1074/369/452 1075/473/452
f 1073/399/453 1075/473/453 1076/474/453
f 1077/474/454 1078/473/455 1079/475/454
f 1077/474/454 1079/475/454 1080/476/456
f 1081/476/457 1082/475/458 1083/477/459
f 1081/476/457 1083/477/459 1084/478/460
f 1085/479/461 1086/480/462 1087/481/463
f 1085/479/461 1087/481/463 1088/482/463
f 1089/482/464 1090/481/464 1091/483/465
f 1089/482/464 1091/483/465 1092/484/466
f 1093/484/467 1094/483/468 1095/463/469
f 1093/484/467 1095/463/469 1096/398/467
f 1097/369/470 1098/372/470 1099/485/470
f 1097/369/471 1099/485/471 1100/473/471
f 1101/473/472 1102/485/473 1103/486/474
f 1101/473/472 1103/486/474 1104/475/472
f 1105/475/475 1106/486/475 1107/487/476
f 1105/475/475 1107/487/476 1108/477/475
f 1109/480/477 1110/488/478 1111/489/477
f 1109/480/477 1111/489/477 1112/481/477
f 1113/481/479 1114/489/480 1115/490/480
f 1113/481/479 1115/490/480 1116/483/480
f 1117/483/481 1118/490/482 1119/464/483
f 1117/483/481 1119/464/483 1120/463/481
f 1121/372/484 1122/402/484 1123/491/484
f 1121/372/485 1123/491/485 1124/485/485
f 1125/485/486 1126/491/487 1127/492/486
f 1125/485/486 1127/492/486 1128/486/486
f 1129/486/488 1130/492/489 1131/493/489
f 1129/486/488 1131/493/489 1132/487/490
f 1133/488/491 1134/494/492 1135/495/492
f 1133/488/491 1135/495/492 1136/489/491
f 1137/489/493 1138/495/494 1139/496/493
f 1137/489/493 1139/496/493 1140/490/494
f 1141/490/495 1142/496/495 1143/465/495
f 1141/490/495 1143/465/495 1144/464/495
f 1145/402/496 1146/404/496 1147/497/496
f 1145/402/497 1147/497/497 1148/491/497
f 1149/491/498 1150/497/499 1151/498/500
f 1149/491/498 1151/498/500 1152/492/501
f 1153/492/502 1154/498/503 1155/499/504
f 1153/492/502 1155/499/504 1156/493/505
f 1157/494/506 1158/500/506 1159/501/506
f 1157/494/506 1159/501/506 1160/495/507
f 1161/495/508 1162/501/508 1163/502/509
f 1161/495/508 1163/502/509 1164/496/509
f 1165/496/510 1166/502/510 1167/466/510
f 1165/496/511 1167/466/511 1168/465/511
f 1169/404/512 1170/373/512 1171/503/512
f 1169/404/513 1171/503/513 1172/497/513
f 1173/497/514 1174/503/515 1175/504/516
f 1173/497/514 1175/504/516 1176/498/516
f 1177/498/517 1178/504/517 1179/505/517
f 1177/498/517 1179/505/517 1180/499/517
f 1181/500/518 1182/506/518 1183/507/518
f 1181/500/518 1183/507/518 1184/501/519
f 1185/501/520 1186/507/521 1187/508/520
f 1185/501/520 1187/508/520 1188/502/520
f 1189/502/522 1190/508/523 1191/467/524
f 1189/502/522 1191/467/524 1192/466/524
f 1193/373/525 1194/376/525 1195/509/525
f 1193/373/526 1195/509/526 1196/503/526
f 1197/503/527 1198/509/527 1199/510/528
f 1197/503/527 1199/510/528 1200/504/528
f 1201/504/529 1202/510/530 1203/511/531
f 1201/504/529 1203/511/531 1204/505/530
f 1205/506/532 1206/512/533 1207/513/533
f 1205/506/532 1207/513/533 1208/507/534
f 1209/507/535 1210/513/536 1211/514/537
f 1209/507/535 1211/514/537 1212/508/535
f 1213/508/538 1214/514/538 1215/468/538
f 1213/508/539 1215/468/539 1216/467/539
f 1217/409/540 1218/383/540 1219/515/540
f 1217/409/541 1219/515/541 1220/516/541
f 1221/516/542 1222/515/542 1223/517/543
f 1221/516/542 1223/517/543 1224/518/542
f 1225/518/544 1226/517/545 1227/519/545
f 1225/518/544 1227/519/545 1228/520/544
f 1229/521/546 1230/522/547 1231/523/547
f 1229/521/546 1231/523/547 1232/524/547
f 1233/524/548 1234/523/548 1235/525/549
f 1233/524/548 1235/525/549 1236/526/548
f 1237/526/550 1238/525/551 1239/406/552
f 1237/526/550 1239/406/552 1240/405/550
f 1241/383/553 1242/382/553 1243/527/553
f 1241/383/554 1243/527/554 1244/515/554
f 1245/515/555 1246/527/556 1247/528/557
f 1245/515/555 1247/528/557 1248/517/555
f 1249/517/558 1250/528/558 1251/529/558
f 1249/517/558 1251/529/558 1252/519/559
f 1253/522/560 1254/530/561 1255/531/561
f 1253/522/560 1255/531/561 1256/523/560
f 1257/523/562 1258/531/562 1259/532/562
f 1257/523/562 1259/532/562 1260/525/563
f 1261/525/564 1262/532/565 1263/458/565
f 1261/525/564 1263/458/565 1264/406/566
f 1265/382/567 1266/412/567 1267/533/567
f 1265/382/568 1267/533/568 1268/527/568
f 1269/527/569 1270/533/570 1271/534/571
f 1269/527/569 1271/534/571 1272/528/572
f 1273/528/573 1274/534/574 1275/535/575
f 1273/528/573 1275/535/575 1276/529/576
f 1277/530/577 1278/536/578 1279/537/578
f 1277/530/577 1279/537/578 1280/531/579
f 1281/531/580 1282/537/581 1283/538/582
f 1281/531/580 1283/538/582 1284/532/581
f 1285/532/583 1286/538/583 1287/457/583
f 1285/532/584 1287/457/584 1288/458/584
f 1289/412/585 1290/414/585 1291/539/585
f 1289/412/586 1291/539/586 1292/533/586
f 1293/533/587 1294/539/587 1295/540/588
f 1293/533/587 1295/540/588 1296/534/589
f 1297/534/590 1298/540/591 1299/541/592
f 1297/534/590 1299/541/592 1300/535/593
f 1301/536/594 1302/542/594 1303/543/594
f 1301/536/594 1303/543/594 1304/537/595
f 1305/537/596 1306/543/597 1307/544/598
f 1305/537/596 1307/544/598 1308/538/598
f 1309/538/599 1310/544/599 1311/456/599
f 1309/538/600 1311/456/600 1312/457/600
f 1313/414/601 1314/416/601 1315/545/601
f 1313/414/602 1315/545/602 1316/539/602
f 1317/539/603 1318/545/604 1319/546/604
f 1317/539/603 1319/546/604 1320/540/605
f 1321/540/606 1322/546/606 1323/547/606
f 1321/540/606 1323/547/606 1324/541/606
f 1325/542/607 1326/548/607 1327/549/608
f 1325/542/607 1327/549/608 1328/543/609
f 1329/543/610 1330/549/611 1331/550/610
f 1329/543/610 1331/550/610 1332/544/612
f 1333/544/613 1334/550/614 1335/455/615
f 1333/544/613 1335/455/615 1336/456/614
f 1337/416/616 1338/460/616 1339/551/616
f 1337/416/617 1339/551/617 1340/545/617
f 1341/545/618 1342/551/619 1343/552/619
f 1341/545/618 1343/552/619 1344/546/618
f 1345/546/620 1346/552/620 1347/553/620
f 1345/546/620 1347/553/620 1348/547/620
f 1349/548/621 1350/554/622 1351/555/622
f 1349/548/621 1351/555/622 1352/549/622
f 1353/549/623 1354/555/624 1355/556/624
f 1353/549/623 1355/556/624 1356/550/624
f 1357/550/625 1358/556/625 1359/389/625
f 1357/550/626 1359/389/626 1360/455/626
f 1361/420/627 1362/377/627 1363/557/627
f 1361/420/628 1363/557/628 1364/558/628
f 1365/558/629 1366/557/629 1367/559/630
f 1365/558/629 1367/559/630 1368/560/631
f 1369/560/632 1370/559/633 1371/561/633
f 1369/560/632 1371/561/633 1372/562/634
f 1373/563/635 1374/564/636 1375/565/637
f 1373/563/635 1375/565/637 1376/566/637
f 1377/566/638 1378/565/638 1379/567/639
f 1377/566/638 1379/567/639 1380/568/640
f 1381/568/641 1382/567/642 1383/417/643
f 1381/568/641 1383/417/643 1384/390/641
f 1385/377/644 1386/380/644 1387/569/644
f 1385/377/645 1387/569/645 1388/557/645
f 1389/557/646 1390/569/647 1391/570/648
f 1389/557/646 1391/570/648 1392/559/649
f 1393/559/650 1394/570/650 1395/571/651
f 1393/559/650 1395/571/651 1396/561/650
f 1397/564/652 1398/572/652 1399/573/652
f 1397/564/652 1399/573/652 1400/565/652
f 1401/565/653 1402/573/654 1403/574/654
f 1401/565/653 1403/574/654 1404/567/654
f 1405/567/655 1406/574/656 1407/451/656
f 1405/567/655 1407/451/656 1408/417/655
f 1409/380/657 1410/423/657 1411/575/657
f 1409/380/658 1411/575/658 1412/569/658
f 1413/569/659 1414/575/660 1415/576/659
f 1413/569/659 1415/576/659 1416/570/661
f 1417/570/662 1418/576/663 1419/577/663
f 1417/570/662 1419/577/663 1420/571/664
f 1421/572/665 1422/578/666 1423/579/667
f 1421/572/665 1423/579/667 1424/573/665
f 1425/573/668 1426/579/669 1427/580/670
f 1425/573/668 1427/580/670 1428/574/671
f 1429/574/672 1430/580/672 1431/452/672
f 1429/574/673 1431/452/673 1432/451/673
f 1433/423/674 1434/425/674 1435/581/674
f 1433/423/675 1435/581/675 1436/575/675
f 1437/575/676 1438/581/676 1439/582/677
f 1437/575/676 1439/582/677 1440/576/678
f 1441/576/679 1442/582/680 1443/583/681
f 1441/576/679 1443/583/681 1444/577/682
f 1445/578/683 1446/584/683 1447/585/683
f 1445/578/683 1447/585/683 1448/579/684
f 1449/579/685 1450/585/686 1451/586/685
f 1449/579/685 1451/586/685 1452/580/686
f 1453/580/687 1454/586/687 1455/453/687
f 1453/580/688 1455/453/688 1456/452/688
f 1457/425/689 1458/427/689 1459/587/689
f 1457/425/690 1459/587/690 1460/581/690
f 1461/581/691 1462/587/692 1463/588/693
f 1461/581/691 1463/588/693 1464/582/692
f 1465/582/694 1466/588/694 1467/589/694
f 1465/582/694 1467/589/694 1468/583/694
f 1469/584/695 1470/590/695 1471/591/695
f 1469/584/695 1471/591/695 1472/585/696
f 1473/585/697 1474/591/698 1475/592/698
f 1473/585/697 1475/592/698 1476/586/697
f 1477/586/699 1478/592/700 1479/454/701
f 1477/586/699 1479/454/701 1480/453/701
f 1481/427/702 1482/450/702 1483/593/702
f 1481/427/703 1483/593/703 1484/587/703
f 1485/587/704 1486/593/705 1487/594/704
f 1485/587/704 1487/594/704 1488/588/706
f 1489/588/707 1490/594/708 1491/595/709
f 1489/588/707 1491/595/709 1492/589/708
f 1493/590/710 1494/596/711 1495/597/712
f 1493/590/710 1495/597/712 1496/591/713
f 1497/591/714 1498/597/715 1499/598/716
f 1497/591/714 1499/598/716 1500/592/717
f 1501/592/718 1502/598/718 1503/393/718
f 1501/592/719 1503/393/719 1504/454/719
f 1505/431/720 1506/434/720 1507/599/720
f 1505/431/721 1507/599/721 1508/600/721
f 1509/600/722 1510/599/722 1511/601/723
f 1509/600/722 1511/601/723 1512/602/722
f 1513/602/724 1514/601/725 1515/603/725
f 1513/602/724 1515/603/725 1516/604/724
f 1517/605/726 1518/606/727 1519/607/726
f 1517/605/726 1519/607/726 1520/608/726
f 1521/608/728 1522/607/729 1523/609/728
f 1521/608/728 1523/609/728 1524/610/728
f 1525/610/730 1526/609/731 1527/428/732
f 1525/610/730 1527/428/732 1528/394/730
f 1529/434/733 1530/437/733 1531/611/733
f 1529/434/734 1531/611/734 1532/599/734
f 1533/599/735 1534/611/736 1535/612/737
f 1533/599/735 1535/612/737 1536/601/738
f 1537/601/739 1538/612/739 1539/613/739
f 1537/601/739 1539/613/739 1540/603/739
f 1541/606/740 1542/614/741 1543/615/741
f 1541/606/740 1543/615/741 1544/607/740
f 1545/607/742 1546/615/743 1547/616/743
f 1545/607/742 1547/616/743 1548/609/743
f 1549/609/744 1550/616/745 1551/446/745
f 1549/609/744 1551/446/745 1552/428/746
f 1553/437/747 1554/436/747 1555/617/747
f 1553/437/748 1555/617/748 1556/611/748
f 1557/611/749 1558/617/750 1559/618/751
f 1557/611/749 1559/618/751 1560/612/752
f 1561/612/753 1562/618/754 1563/619/755
f 1561/612/753 1563/619/755 1564/613/756
f 1565/614/757 1566/620/758 1567/621/758
f 1565/614/757 1567/621/758 1568/615/759
f 1569/615/760 1570/621/761 1571/622/762
f 1569/615/760 1571/622/762 1572/616/761
f 1573/616/763 1574/622/763 1575/445/763
f 1573/616/764 1575/445/764 1576/446/764
f 1577/436/765 1578/440/765 1579/623/765
f 1577/436/766 1579/623/766 1580/617/766
f 1581/617/767 1582/623/767 1583/624/768
f 1581/617/767 1583/624/768 1584/618/768
f 1585/618/769 1586/624/770 1587/625/771
f 1585/618/769 1587/625/771 1588/619/772
f 1589/620/773 1590/626/774 1591/627/775
f 1589/620/773 1591/627/775 1592/621/776
f 1593/621/777 1594/627/778 1595/628/778
f 1593/621/777 1595/628/778 1596/622/778
f 1597/622/779 1598/628/779 1599/444/779
f 1597/622/780 1599/444/780 1600/445/780
f 1601/440/781 1602/442/781 1603/629/781
f 1601/440/782 1603/629/782 1604/623/782
f 1605/623/783 1606/629/784 1607/630/785
f 1605/623/783 1607/630/785 1608/624/783
f 1609/624/786 1610/630/786 1611/631/786
f 1609/624/786 1611/631/786 1612/625/786
f 1613/626/787 1614/632/787 1615/633/787
f 1613/626/787 1615/633/787 1616/627/787
f 1617/627/788 1618/633/789 1619/634/788
f 1617/627/788 1619/634/788 1620/628/790
f 1621/628/791 1622/634/792 1623/443/793
f 1621/628/791 1623/443/793 1624/444/794
f 1625/442/795 1626/448/795 1627/635/795
f 1625/442/796 1627/635/796 1628/629/796
f 1629/629/797 1630/635/798 1631/636/798
f 1629/629/797 1631/636/798 1632/630/798
f 1633/630/799 1634/636/800 1635/637/800
f 1633/630/799 1635/637/800 1636/631/800
f 1637/632/801 1638/638/802 1639/639/802
f 1637/632/801 1639/639/802 1640/633/802
f 1641/633/803 1642/639/804 1643/640/804
f 1641/633/803 1643/640/804 1644/634/804
f 1645/634/805 1646/640/805 1647/397/805
f 1645/634/806 1647/397/806 1648/443/806
f 1649/405/807 1650/468/807 1651/514/807
f 1649/405/807 1651/514/807 1652/526/807
f 1653/526/808 1654/514/808 1655/513/808
f 1653/526/808 1655/513/808 1656/524/808
f 1657/524/809 1658/513/809 1659/512/809
f 1657/524/809 1659/512/809 1660/521/809
f 1661/520/810 1662/641/810 1663/642/810
f 1661/520/810 1663/642/810 1664/518/810
f 1665/518/811 1666/642/811 1667/643/811
f 1665/518/811 1667/643/811 1668/516/811
f 1669/516/812 1670/643/812 1671/410/812
f 1669/516/812 1671/410/812 1672/409/812
f 1673/390/813 1674/389/813 1675/556/813
f 1673/390/813 1675/556/813 1676/568/813
f 1677/568/814 1678/556/814 1679/555/814
f 1677/568/814 1679/555/814 1680/566/814
f 1681/566/815 1682/555/815 1683/554/815
f 1681/566/815 1683/554/815 1684/563/815
f 1685/562/816 1686/644/816 1687/645/816
f 1685/562/816 1687/645/816 1688/560/816
f 1689/560/817 1690/645/817 1691/646/817
f 1689/560/817 1691/646/817 1692/558/817
f 1693/558/818 1694/646/818 1695/421/818
f 1693/558/818 1695/421/818 1696/420/818
f 1697/394/819 1698/393/819 1699/598/819
f 1697/394/819 1699/598/819 1700/610/819
f 1701/610/820 1702/598/820 1703/597/820
f 1701/610/820 1703/597/820 1704/608/820
f 1705/608/821 1706/597/821 1707/596/821
f 1705/608/821 1707/596/821 1708/605/821
f 1709/604/822 1710/647/822 1711/648/822
f 1709/604/822 1711/648/822 1712/602/822
f 1713/602/823 1714/648/823 1715/649/823
f 1713/602/823 1715/649/823 1716/600/823
f 1717/600/824 1718/649/824 1719/432/824
f 1717/600/824 1719/432/824 1720/431/824
f 1721/398/825 1722/397/825 1723/640/825
f 1721/398/825 1723/640/825 1724/484/825
f 1725/484/826 1726/640/826 1727/639/826
f 1725/484/826 1727/639/826 1728/482/826
f 1729/482/827 1730/639/827 1731/638/827
f 1729/482/827 1731/638/827 1732/479/827
f 1733/478/828 1734/650/828 1735/651/828
f 1733/478/828 1735/651/828 1736/476/828
f 1737/476/829 1738/651/829 1739/652/829
f 1737/476/829 1739/652/829 1740/474/829
f 1741/474/830 1742/652/830 1743/462/830
f 1741/474/830 1743/462/830 1744/399/830
f 950/398/426 1063/463/426 947/395/426
f 1745/396/831 1746/387/831 1747/653/831
f 1745/396/831 1747/653/831 1748/654/831
f 1749/387/832 1750/386/832 1751/655/832
f 1749/387/832 1751/655/832 1752/653/832
f 1753/386/833 1754/392/833 1755/656/833
f 1753/386/833 1755/656/833 1756/655/833
f 1757/392/834 1758/396/834 1759/654/834
f 1757/392/834 1759/654/834 1760/656/834
f 940/388/426 939/387/426 948/396/426
f 948/396/426 947/395/426 1068/468/426
f 1068/468/426 967/405/426 940/388/426
f 948/396/426 1068/468/426 940/388/426
