v -5.255937 1.912509 -31.783400
v -5.261389 0.903494 -31.826530
v -5.272595 0.857914 -31.797077
v -5.308217 1.917437 -31.779663
v -5.326213 0.794540 -31.756170
v -5.313654 1.957211 -31.754393
v -5.252181 1.884466 -31.812298
v -5.221654 1.878825 -31.816504
v -5.313179 0.839868 -31.798174
v -5.322820 0.836923 -31.779276
v -5.230891 0.908886 -31.829309
v -5.319576 0.839009 -32.161671
v -5.311887 1.957603 -32.177822
v -5.321765 0.792727 -32.182915
v -5.299600 1.912636 -32.141872
v -5.310678 0.839846 -32.145252
v -5.261063 0.864994 -32.144581
v -5.253243 1.912512 -32.141495
v -5.250253 1.885990 -32.111156
v -5.306991 1.927936 -32.158340
v -5.219570 0.908886 -32.109802
v -5.219467 1.878824 -32.107540
v -5.249382 0.901965 -32.114220
v -5.301392 1.927883 -32.992634
v -5.313005 1.040860 -33.016506
v -5.316901 0.793662 -33.014618
v -5.313848 0.835699 -32.995480
v -5.293490 1.912565 -32.976013
v -5.256259 0.862017 -32.979061
v -5.247381 1.912511 -32.975620
v -5.244680 0.932837 -32.947815
v -5.213199 1.878824 -32.941666
v -5.243420 1.884302 -32.946144
v -5.305338 1.960711 -33.012604
v -5.304406 0.839803 -32.979118
v -5.213475 0.916675 -32.943546
v -5.302801 1.919924 -32.613323
v -5.308431 1.685135 -32.588257
v -5.310039 1.959425 -32.591610
v -5.316432 0.833740 -32.613766
v -5.321257 0.792849 -32.596012
v -5.306916 0.839809 -32.632404
v -5.249671 1.912509 -32.617535
v -5.254493 0.909521 -32.660107
v -5.265185 0.865391 -32.631638
v -5.215375 1.878825 -32.650620
v -5.224539 0.918645 -32.663311
v -5.320224 0.948592 -32.591995
v -5.245790 1.886028 -32.646507
v -5.310039 1.959425 -32.591610
v -5.308431 1.685135 -32.588257
v -5.411800 1.965339 -32.584122
v -5.585533 1.647729 -32.585072
v -5.677013 1.959810 -32.577045
v -5.672881 1.996251 -32.578716
v -5.694324 1.655632 -32.577656
v -5.698202 1.614601 -32.576572
v -5.715329 1.280135 -32.583035
v -5.320224 0.948592 -32.591995
v -5.321257 0.792849 -32.596012
v -5.668780 0.577983 -32.595661
v -5.745167 0.906145 -32.586063
v -5.719207 1.258651 -32.579098
v -5.766428 0.567223 -32.589504
v -5.834043 0.651641 -32.586773
v -5.820478 0.819237 -32.584713
v -5.806842 0.540556 -32.589973
v -5.823201 0.478118 -32.581264
v -5.805885 0.594112 -32.583157
v -5.790516 0.509017 -33.049892
v -5.816051 0.436626 -33.055443
v -5.845776 0.475684 -33.047535
v -5.852999 0.422676 -33.055824
v -5.858820 0.301944 -33.052212
v -5.880007 0.286768 -33.044495
v -5.321257 0.792849 -32.596012
v -5.316901 0.793662 -33.014618
v -5.427243 0.719336 -33.021496
v -5.608541 0.607381 -33.035084
v -5.832621 0.483104 -32.811642
v -5.668780 0.577983 -32.595661
v -5.886069 0.376525 -32.995113
v -5.887002 0.413718 -32.746029
v -5.888496 0.295940 -32.815449
v -5.882226 0.169441 -33.037418
v -5.890464 0.052700 -32.815285
v -5.908507 0.261254 -32.813423
v -5.909167 0.430037 -32.693642
v -5.889401 0.052624 -33.061729
v -5.823201 0.478118 -32.581264
v -5.914597 0.434132 -32.585381
v -5.878536 0.307157 -32.568657
v -5.906211 0.115949 -32.549183
v -5.906320 0.267454 -32.571957
v -5.878572 0.439828 -32.572205
v -5.893901 0.052266 -32.526352
v -5.696043 2.404066 -33.963779
v -5.634270 2.356688 -33.963963
v -5.682585 2.368609 -32.991501
v -5.639154 2.662697 -32.977642
v -5.619323 2.679084 -33.963699
v -5.631748 2.661848 -33.963501
v -5.620458 2.669598 -33.482105
v -5.669215 2.653640 -32.989647
v -5.662245 2.657509 -33.964001
v -5.639540 2.313477 -33.560978
v -5.635079 2.323371 -33.963867
v -5.705881 2.404823 -33.024105
v -5.693393 2.613386 -33.025299
v -5.686718 2.619528 -33.964809
v -5.643853 2.353939 -32.973888
v -5.625550 2.671034 -32.954430
v -5.655650 2.315090 -33.108250
v -5.645475 2.309184 -33.532642
v -5.644226 2.316137 -33.004875
v -5.681917 2.657483 -31.831656
v -5.647574 2.660836 -32.930618
v -5.696114 2.609066 -32.886658
v -5.669215 2.653640 -32.989647
v -5.682585 2.368609 -32.991501
v -5.643853 2.353939 -32.973888
v -5.639154 2.662697 -32.977642
v -5.625550 2.671034 -32.954430
v -5.648478 2.353825 -32.938030
v -5.648478 2.353825 -32.938030
v -5.657142 2.312108 -32.404377
v -5.644226 2.316137 -33.004875
v -5.655650 2.315090 -33.108250
v -5.647574 2.660836 -32.930618
v -5.689306 2.375691 -32.919655
v -5.707534 2.405411 -32.890026
v -5.630234 2.673068 -32.539299
v -5.625550 2.671034 -32.954430
v -5.637584 2.681453 -31.807455
v -5.649766 2.665632 -31.820345
v -5.630238 2.674314 -32.374763
v -5.648478 2.353825 -32.938030
v -5.691841 2.377449 -31.832150
v -5.689306 2.375691 -32.919655
v -5.651069 2.356000 -31.804176
v -5.648916 2.320658 -32.379860
v -5.663396 2.366736 -31.820797
v -5.702806 2.619607 -31.864431
v -5.632486 2.677243 -32.143105
v -5.703890 2.407948 -31.860329
v -5.650665 2.319752 -32.000496
v -5.691841 2.377449 -31.832150
v -5.681917 2.657483 -31.831656
v -5.661707 2.319756 -31.825760
v -5.714770 2.411556 -31.863329
v -5.703890 2.407948 -31.860329
v -5.642906 2.673391 -31.773846
v -5.637584 2.681453 -31.807455
v -5.651069 2.356000 -31.804176
v -5.649766 2.665632 -31.820345
v -5.663396 2.366736 -31.820797
v -5.681252 2.659927 -31.759050
v -5.695831 2.379726 -31.764296
v -5.664146 2.363726 -31.776863
v -5.630964 2.673949 -31.505505
v -5.634099 2.686956 -31.739433
v -5.642906 2.673391 -31.773846
v -5.644068 2.680722 -30.813457
v -5.706972 2.619063 -30.815914
v -5.681252 2.659927 -31.759050
v -5.704226 2.620957 -31.729744
v -5.677878 2.660868 -30.814434
v -5.705133 2.407161 -31.737274
v -5.716348 2.409725 -31.736437
v -5.721132 2.412129 -30.814356
v -5.654570 2.322074 -31.215008
v -5.661707 2.319756 -31.825760
v -5.660462 2.322533 -31.639135
v -5.699490 2.378420 -30.814426
v -5.705133 2.407161 -31.737274
v -5.695831 2.379726 -31.764296
v -5.651069 2.356000 -31.804176
v -5.660174 2.358963 -30.814087
v -5.664146 2.363726 -31.776863
v -5.641102 2.684395 -31.269882
v -5.659321 2.320102 -30.814198
v -5.677591 1.958929 -32.193775
v -5.312018 1.957531 -32.176922
v -5.667919 1.996398 -32.192062
v -5.705232 1.612194 -32.202381
v -5.321765 0.792727 -32.182915
v -5.384237 0.758394 -32.192108
v -5.743736 0.917333 -32.205135
v -5.717836 1.296232 -32.200928
v -5.727805 1.305083 -32.205784
v -5.746822 0.950335 -32.208603
v -5.727064 1.259794 -32.206219
v -5.770798 0.686932 -32.211769
v -5.587522 0.769168 -32.202999
v -5.764309 0.755820 -32.218292
v -5.618207 0.608061 -32.200790
v -5.769457 0.569681 -32.208302
v -5.819071 0.487901 -32.206493
v -5.618207 0.608061 -32.200790
v -5.321765 0.792727 -32.182915
v -5.384237 0.758394 -32.192108
v -5.415941 0.730181 -31.764841
v -5.634090 0.599072 -31.765553
v -5.864997 0.442812 -32.213760
v -5.880263 0.382631 -32.217945
v -5.913209 0.428648 -32.208118
v -5.819071 0.487901 -32.206493
v -5.912547 0.268429 -32.214317
v -5.904483 0.289625 -32.122509
v -5.886976 0.297853 -32.219204
v -5.912847 0.429443 -32.066265
v -5.936712 0.352925 -32.058590
v -5.895894 0.052283 -32.251602
v -5.900241 0.052298 -31.723494
v -5.910754 0.120429 -32.215061
v -5.326213 0.794540 -31.756170
v -5.746029 0.532827 -31.755150
v -5.815969 0.492837 -31.738539
v -5.926436 0.423648 -31.744949
v -5.905416 0.292690 -31.882526
v -5.912339 0.146767 -31.735619
v -5.921889 0.431063 -31.876810
v -5.940588 0.365980 -31.772490
v -5.955792 0.402061 -31.777155
v -5.912343 0.261088 -31.754028
v -5.894892 0.303611 -31.739788
v -5.828513 0.460707 -31.738071
v -5.871728 0.419604 -31.739468
v -5.912704 0.265771 -31.738445
v -5.682928 2.298137 -33.584686
v -5.635079 2.323371 -33.963867
v -5.699215 2.275087 -33.960835
v -5.639540 2.313477 -33.560978
v -5.707282 2.255971 -33.622734
v -5.715538 2.043483 -33.963001
v -5.651021 1.998965 -33.964096
v -5.690537 2.012738 -33.586033
v -5.718927 2.051676 -33.622772
v -5.656353 1.992429 -33.549934
v -5.682928 2.298137 -33.584686
v -5.690537 2.012738 -33.586033
v -5.639540 2.313477 -33.560978
v -5.656353 1.992429 -33.549934
v -5.645475 2.309184 -33.532642
v -5.670055 2.006505 -33.523693
v -5.685676 2.295640 -33.519642
v -5.700162 2.020469 -33.513866
v -5.700222 2.265442 -33.492901
v -5.712034 2.262440 -33.488956
v -5.723063 2.046563 -33.487461
v -5.718794 2.259574 -32.450130
v -5.700222 2.265442 -33.492901
v -5.685676 2.295640 -33.519642
v -5.657142 2.312108 -32.404377
v -5.645475 2.309184 -33.532642
v -5.655650 2.315090 -33.108250
v -5.656353 1.992429 -33.549934
v -5.658234 1.996308 -33.282078
v -5.674191 1.995980 -32.934940
v -5.670055 2.006505 -33.523693
v -5.731037 2.053695 -32.448154
v -5.660902 1.991161 -33.029282
v -5.694003 2.299150 -32.417244
v -5.672881 1.996251 -32.578716
v -5.699119 2.013630 -32.411011
v -5.666133 1.998326 -32.382732
v -5.694003 2.299150 -32.417244
v -5.699119 2.013630 -32.411011
v -5.648916 2.320658 -32.379860
v -5.657142 2.312108 -32.404377
v -5.666133 1.998326 -32.382732
v -5.686514 2.306078 -32.349998
v -5.695874 2.015654 -32.354240
v -5.723245 2.265905 -31.297407
v -5.686514 2.306078 -32.349998
v -5.719764 2.267248 -32.314472
v -5.650665 2.319752 -32.000496
v -5.648916 2.320658 -32.379860
v -5.667919 1.996398 -32.192062
v -5.695874 2.015654 -32.354240
v -5.666133 1.998326 -32.382732
v -5.732343 2.056325 -32.314121
v -5.678980 2.000863 -32.167107
v -5.686122 2.014459 -31.255850
v -5.683173 2.002672 -31.849815
v -5.662596 2.320668 -31.815018
v -5.701946 2.301944 -31.263317
v -5.670691 2.312985 -31.252090
v -5.710143 2.024829 -31.268059
v -5.653477 2.323504 -31.243547
v -5.727772 2.269922 -30.815298
v -5.702352 2.300870 -31.198315
v -5.725412 2.266405 -31.164749
v -5.672096 2.000041 -31.740496
v -5.672569 2.000360 -31.224537
v -5.737064 2.055533 -31.298038
v -5.710143 2.024829 -31.268059
v -5.701946 2.301944 -31.263317
v -5.686122 2.014459 -31.255850
v -5.653477 2.323504 -31.243547
v -5.670691 2.312985 -31.252090
v -5.672569 2.000360 -31.224537
v -5.654319 2.322018 -31.214472
v -5.702352 2.300870 -31.198315
v -5.735454 2.046035 -31.185295
v -5.659321 2.320102 -30.814198
v -5.654319 2.322018 -31.214472
v -5.739421 2.044217 -30.816162
v -5.672569 2.000360 -31.224537
v -5.675333 1.998124 -30.814186
v -5.664910 1.957474 -33.037884
v -5.654467 1.964852 -33.964264
v -5.700140 1.941540 -33.964359
v -5.651021 1.998965 -33.964096
v -5.656353 1.992429 -33.549934
v -5.677783 1.646512 -33.964195
v -5.682994 1.609288 -33.964428
v -5.697074 1.612726 -33.032837
v -5.682994 1.609288 -33.964428
v -5.727221 1.590255 -33.963940
v -5.734450 1.597769 -33.052189
v -5.691338 1.656002 -33.037483
v -5.720719 1.670653 -33.964874
v -5.723238 1.907568 -33.964211
v -5.739207 1.706651 -33.964825
v -5.740157 1.700267 -33.528851
v -5.712873 1.933501 -33.053272
v -5.658234 1.996308 -33.282078
v -5.697074 1.612726 -33.032837
v -5.748858 1.707764 -33.083889
v -5.758480 1.555032 -33.085880
v -5.746593 1.555523 -33.964695
v -5.660902 1.991161 -33.029282
v -5.733763 1.907507 -33.079617
v -5.721355 1.670826 -33.048367
v -5.721355 1.670826 -33.048367
v -5.712873 1.933501 -33.053272
v -5.691338 1.656002 -33.037483
v -5.664910 1.957474 -33.037884
v -5.744038 1.318132 -33.964527
v -5.701989 1.290628 -33.964504
v -5.725887 1.307944 -33.052891
v -5.761340 1.240637 -33.058872
v -5.706300 1.258693 -33.964546
v -5.760677 1.222894 -33.963768
v -5.718222 1.295268 -33.035938
v -5.721033 1.258618 -33.038609
v -5.764285 1.206056 -33.374008
v -5.774880 1.195576 -33.820667
v -5.726774 0.903279 -33.964409
v -5.742564 0.946025 -33.042717
v -5.729506 0.940057 -33.964691
v -5.793880 0.993568 -33.509426
v -5.786653 0.989947 -33.964756
v -5.749541 0.547375 -33.965015
v -5.750282 0.571628 -33.484791
v -5.770284 0.586583 -33.964592
v -5.749978 0.543134 -33.628048
v -5.790313 0.517513 -33.394798
v -5.760349 0.525275 -33.360455
v -5.788451 0.527005 -33.964928
v -5.778708 0.590071 -33.037556
v -5.815077 0.618596 -33.062805
v -5.787098 0.883867 -33.058781
v -5.772180 0.879760 -33.965080
v -5.799364 0.843104 -33.965481
v -5.803323 0.848828 -33.499207
v -5.816765 0.635366 -33.514904
v -5.811114 0.629776 -33.965027
v -5.844541 0.423018 -33.965336
v -5.852999 0.422676 -33.055824
v -5.801281 0.445329 -33.965248
v -5.853909 0.283729 -33.965504
v -5.815469 0.435706 -33.055462
v -5.885149 0.265727 -33.540497
v -5.883403 0.266146 -33.966019
v -5.880926 0.169452 -33.037403
v -5.883796 0.051776 -33.966236
v -5.773061 1.344258 -33.086170
v -5.762720 1.347137 -33.964802
v -5.771845 1.203164 -33.551151
v -5.756714 1.328199 -33.059010
v -5.782677 1.189263 -33.091980
v -5.775443 0.966913 -33.060471
v -5.762693 0.957160 -33.964779
v -5.786365 1.123714 -33.497135
v -5.745793 0.903554 -33.034981
v -5.858081 0.286371 -33.510334
v -5.858820 0.301944 -33.052212
v -5.880007 0.286768 -33.044495
v -5.756714 1.328199 -33.059010
v -5.734450 1.597769 -33.052189
v -5.718222 1.295268 -33.035938
v -5.697074 1.612726 -33.032837
v -5.725887 1.307944 -33.052891
v -5.798305 0.999426 -33.088776
v -5.761340 1.240637 -33.058872
v -5.742564 0.946025 -33.042717
v -5.721033 1.258618 -33.038609
v -5.755997 0.567970 -33.040981
v -5.790553 0.509039 -33.050110
v -5.755554 0.527753 -33.046741
v -5.778708 0.590071 -33.037556
v -5.745793 0.903554 -33.034981
v -5.787098 0.883867 -33.058781
v -5.809832 0.860092 -33.083561
v -5.820956 0.706115 -33.081329
v -5.889401 0.052624 -33.061729
v -5.715051 1.950029 -30.813995
v -5.678468 1.966235 -31.737373
v -5.725499 1.937889 -31.717148
v -5.672569 2.000360 -31.224537
v -5.672096 2.000041 -31.740496
v -5.725499 1.937889 -31.717148
v -5.678468 1.966235 -31.737373
v -5.707693 1.659827 -31.744591
v -5.757983 1.702314 -31.697985
v -5.768460 1.560547 -31.700331
v -5.745104 1.598716 -31.729301
v -5.769509 1.330138 -31.733139
v -5.700890 1.619774 -31.749611
v -5.702342 1.651498 -30.814548
v -5.707693 1.659827 -31.744591
v -5.761344 1.706207 -30.815100
v -5.745354 1.910172 -30.815268
v -5.743372 1.914788 -31.684433
v -5.678444 1.964397 -30.814148
v -5.708215 1.609401 -30.814342
v -5.738482 1.671399 -30.817116
v -5.712093 1.606260 -31.742682
v -5.745104 1.598716 -31.729301
v -5.749212 1.593733 -30.814661
v -5.770358 1.555897 -30.815090
v -5.675333 1.998124 -30.814186
v -5.780840 0.958891 -31.755598
v -5.730737 1.259812 -31.751436
v -5.750791 1.172101 -31.762325
v -5.712093 1.606260 -31.742682
v -5.734446 1.307501 -31.755611
v -5.768792 1.239725 -31.734308
v -5.784055 1.355011 -31.702560
v -5.730327 1.260458 -30.814627
v -5.721108 1.289379 -31.757299
v -5.730737 1.259812 -31.751436
v -5.784764 1.349562 -30.815681
v -5.769509 1.330138 -31.733139
v -5.810143 1.000247 -31.703922
v -5.795200 1.210394 -31.701059
v -5.743090 0.899998 -31.483368
v -5.746416 0.944807 -31.760168
v -5.754462 0.891224 -31.761772
v -5.804383 0.838974 -31.762310
v -5.787127 0.855532 -31.267342
v -5.809272 0.847461 -31.517870
v -5.809817 0.995099 -30.816067
v -5.788960 1.201396 -31.276957
v -5.812492 0.539250 -31.721548
v -5.775589 0.553014 -31.731903
v -5.815969 0.492837 -31.738539
v -5.808405 0.529752 -30.817259
v -5.771828 0.584250 -31.744759
v -5.773422 0.542131 -30.815004
v -5.836413 0.654928 -31.748047
v -5.806774 0.604474 -31.742792
v -5.831140 0.631970 -31.543613
v -5.833649 0.721113 -31.299519
v -5.834169 0.632864 -30.815603
v -5.912704 0.265771 -31.738445
v -5.894892 0.303611 -31.739788
v -5.912343 0.261088 -31.754028
v -5.871728 0.419604 -31.739468
v -5.864858 0.422988 -31.194050
v -5.828513 0.460707 -31.738071
v -5.881035 0.299240 -31.495728
v -5.768792 1.239725 -31.734308
v -5.786355 1.221678 -30.816004
v -5.726065 1.293601 -30.814615
v -5.763965 1.313995 -30.815063
v -5.734446 1.307501 -31.755611
v -5.780840 0.958891 -31.755598
v -5.789509 0.960732 -30.816448
v -5.753091 0.899413 -31.106176
v -5.816225 0.849718 -31.101042
v -5.773389 0.577704 -30.814955
v -5.818273 0.599137 -30.815277
v -5.830285 0.754304 -30.815077
v -5.905918 0.267096 -30.816563
v -5.907279 0.051940 -30.815718
v -5.912339 0.146767 -31.735619
v -5.821177 0.449072 -30.815310
v -5.868784 0.422604 -30.815762
v -5.899831 0.052381 -31.723495
v -5.750039 0.936288 -30.814751
v -5.759038 0.897135 -30.814651
v -5.815201 0.864161 -30.816034
v -5.880513 0.287669 -30.814928
v -5.253243 1.912512 -32.141495
v -5.250253 1.885990 -32.111156
v -5.252181 1.884466 -31.812298
v -5.306991 1.927936 -32.158340
v -5.313654 1.957211 -31.754393
v -5.311887 1.957603 -32.177822
v -5.308217 1.917437 -31.779663
v -5.299600 1.912636 -32.141872
v -5.255937 1.912509 -31.783400
v -5.219467 1.878824 -32.107540
v -5.221654 1.878825 -31.816504
v -5.272595 0.857914 -31.797077
v -5.261063 0.864994 -32.144581
v -5.310678 0.839846 -32.145252
v -5.322820 0.836923 -31.779276
v -5.319576 0.839009 -32.161671
v -5.321765 0.792727 -32.182915
v -5.326213 0.794540 -31.756170
v -5.313179 0.839868 -31.798174
v -5.261389 0.903494 -31.826530
v -5.249382 0.901965 -32.114220
v -5.219570 0.908886 -32.109802
v -5.230891 0.908886 -31.829309
v -5.249671 1.912509 -32.617535
v -5.243420 1.884302 -32.946144
v -5.245790 1.886028 -32.646507
v -5.301392 1.927883 -32.992634
v -5.302801 1.919924 -32.613323
v -5.310039 1.959425 -32.591610
v -5.305338 1.960711 -33.012604
v -5.293490 1.912565 -32.976013
v -5.247381 1.912511 -32.975620
v -5.215375 1.878825 -32.650620
v -5.213199 1.878824 -32.941666
v -5.256259 0.862017 -32.979061
v -5.213475 0.916675 -32.943546
v -5.244680 0.932837 -32.947815
v -5.316432 0.833740 -32.613766
v -5.313848 0.835699 -32.995480
v -5.316901 0.793662 -33.014618
v -5.254493 0.909521 -32.660107
v -5.224539 0.918645 -32.663311
v -5.304406 0.839803 -32.979118
v -5.306916 0.839809 -32.632404
v -5.265185 0.865391 -32.631638
v -5.321257 0.792849 -32.596012
v -5.685598 2.963652 -32.443825
v -5.670081 2.975922 -33.875637
v -5.683135 2.754317 -33.880566
v -5.631207 3.008756 -32.396236
v -5.607883 3.023716 -33.937504
v -5.641547 3.012311 -33.919224
v -5.614274 3.052359 -32.393715
v -5.599726 3.052262 -33.963711
v -5.616362 3.024199 -32.372627
v -5.632072 2.698259 -32.383766
v -5.619323 2.679084 -33.963699
v -5.620458 2.669598 -33.482105
v -5.663452 2.724412 -33.918537
v -5.626613 2.707661 -33.938911
v -5.675204 2.724394 -32.411762
v -5.658432 3.005473 -32.405170
v -5.625550 2.671034 -32.954430
v -5.645879 2.711910 -32.397377
v -5.695540 2.756952 -32.444324
v -5.632072 2.698259 -32.383766
v -5.645879 2.711910 -32.397377
v -5.631207 3.008756 -32.396236
v -5.658432 3.005473 -32.405170
v -5.631412 2.674109 -32.374722
v -5.675204 2.724394 -32.411762
v -5.616362 3.024199 -32.372627
v -5.632072 2.698259 -32.383766
v -5.675325 2.723848 -32.332977
v -5.662992 3.002775 -32.325176
v -5.630021 3.013576 -32.341564
v -5.641722 2.710137 -32.346310
v -5.693307 2.756541 -32.298660
v -5.685538 2.963907 -32.295242
v -5.701434 2.759392 -31.563898
v -5.638956 3.021051 -30.840843
v -5.616362 3.024199 -32.372627
v -5.630021 3.013576 -32.341564
v -5.662992 3.002775 -32.325176
v -5.612616 3.052278 -32.393826
v -5.623188 3.052285 -30.813883
v -5.637584 2.681453 -31.807455
v -5.632072 2.698259 -32.383766
v -5.629676 2.674321 -32.374744
v -5.642906 2.673391 -31.773846
v -5.634099 2.686956 -31.739433
v -5.675325 2.723848 -32.332977
v -5.641722 2.710137 -32.346310
v -5.666779 2.722598 -30.847271
v -5.668921 3.009854 -30.854176
v -5.637735 2.704826 -31.435192
v -5.646334 2.706353 -30.833778
v -5.692739 2.971306 -30.885351
v -5.624885 3.030988 -30.832016
v -5.701780 2.763184 -30.888590
v -5.666779 2.722598 -30.847271
v -5.668921 3.009854 -30.854176
v -5.646334 2.706353 -30.833778
v -5.638956 3.021051 -30.840843
v -5.644068 2.680722 -30.813457
v -5.623188 3.052285 -30.813883
v -5.624885 3.030988 -30.832016
v -5.619323 2.679084 -33.963699
v -5.641102 2.684395 -31.269882
v -5.644068 2.680722 -30.813457
v -5.630964 2.673949 -31.505505
v -5.677013 1.959810 -32.577045
v -5.694324 1.655632 -32.577656
v -5.713855 1.942759 -32.557976
v -5.666133 1.998326 -32.382732
v -5.672881 1.996251 -32.578716
v -5.677013 1.959810 -32.577045
v -5.705235 1.949203 -32.210510
v -5.747594 1.689540 -32.547050
v -5.739858 1.893116 -32.524117
v -5.701486 1.657827 -32.198837
v -5.694324 1.655632 -32.577656
v -5.698202 1.614601 -32.576572
v -5.754849 1.700463 -32.236061
v -5.737504 1.907102 -32.246281
v -5.741070 1.601158 -32.219334
v -5.758000 1.573823 -32.540169
v -5.698202 1.614601 -32.576572
v -5.715329 1.280135 -32.583035
v -5.749951 1.317422 -32.567093
v -5.780529 1.229786 -32.549084
v -5.719207 1.258651 -32.579098
v -5.801314 0.982758 -32.553883
v -5.715329 1.280135 -32.583035
v -5.717836 1.296232 -32.200928
v -5.749951 1.317422 -32.567093
v -5.777106 1.357083 -32.530117
v -5.773133 1.342071 -32.240189
v -5.744051 0.944600 -32.586185
v -5.813623 0.856651 -32.582176
v -5.745157 0.906119 -32.585163
v -5.820478 0.819237 -32.584713
v -5.794519 0.890986 -32.227325
v -5.743736 0.917333 -32.205135
v -5.744051 0.944600 -32.586185
v -5.786871 1.221583 -32.238476
v -5.746822 0.950335 -32.208603
v -5.802070 0.985357 -32.247704
v -5.811533 0.540723 -32.228523
v -5.766428 0.567223 -32.589504
v -5.806842 0.540556 -32.589973
v -5.769457 0.569681 -32.208302
v -5.805885 0.594112 -32.583157
v -5.808184 0.599489 -32.224258
v -5.834043 0.651641 -32.586773
v -5.823201 0.478118 -32.581264
v -5.815804 0.855037 -32.258392
v -5.906211 0.115949 -32.549183
v -5.912547 0.268429 -32.214317
v -5.906320 0.267454 -32.571957
v -5.878536 0.307157 -32.568657
v -5.864997 0.442812 -32.213760
v -5.878572 0.439828 -32.572205
v -5.886976 0.297853 -32.219204
v -5.819071 0.487901 -32.206493
v -5.893901 0.052266 -32.526352
v -5.895894 0.052283 -32.251602
v -5.910754 0.120429 -32.215061
v -5.667919 1.996398 -32.192062
v -5.677591 1.958929 -32.193775
v -5.705958 1.614903 -32.200878
v -5.705235 1.949203 -32.210510
v -5.701486 1.657827 -32.198837
v -5.677591 1.958929 -32.193775
v -5.765577 1.558880 -32.250256
v -5.727805 1.305083 -32.205784
v -5.727064 1.259794 -32.206219
v -5.719207 1.258651 -32.579098
v -5.741070 1.601158 -32.219334
v -5.727805 1.305083 -32.205784
v -5.705958 1.614903 -32.200878
v -5.746822 0.950335 -32.208603
v -5.727064 1.259794 -32.206219
v -5.764309 0.755820 -32.218292
v -5.743736 0.917333 -32.205135
v -5.794519 0.890986 -32.227325
v -5.770798 0.686932 -32.211769
v -5.824206 0.649367 -32.256924
v -5.880263 0.382631 -32.217945
v -5.678980 2.000863 -32.167107
v -5.424214 1.969677 -32.181568
v -5.311887 1.957603 -32.177822
v -5.667919 1.996398 -32.192062
v -5.683173 2.002672 -31.849815
v -5.313654 1.957211 -31.754393
v -5.672096 2.000041 -31.740496
v -5.678468 1.966235 -31.737373
v -5.700890 1.619774 -31.749611
v -5.374122 1.187083 -31.762661
v -5.707693 1.659827 -31.744591
v -5.734446 1.307501 -31.755611
v -5.712093 1.606260 -31.742682
v -5.326213 0.794540 -31.756170
v -5.415941 0.730181 -31.764841
v -5.504786 0.697092 -31.758873
v -5.641350 1.132452 -31.760017
v -5.721108 1.289379 -31.757299
v -5.730737 1.259812 -31.751436
v -5.750791 1.172101 -31.762325
v -5.754462 0.891224 -31.761772
v -5.746416 0.944807 -31.760168
v -5.780840 0.958891 -31.755598
v -5.634090 0.599072 -31.765553
v -5.746029 0.532827 -31.755150
v -5.634090 0.599072 -31.765553
v -5.759998 0.612460 -31.755276
v -5.804383 0.838974 -31.762310
v -5.806774 0.604474 -31.742792
v -5.771828 0.584250 -31.744759
v -5.775589 0.553014 -31.731903
v -5.836413 0.654928 -31.748047
v -5.815969 0.492837 -31.738539
v -5.660902 1.991161 -33.029282
v -5.305338 1.960711 -33.012604
v -5.310039 1.959425 -32.591610
v -5.672881 1.996251 -32.578716
v -5.674191 1.995980 -32.934940
v -5.697074 1.612726 -33.032837
v -5.691338 1.656002 -33.037483
v -5.664910 1.957474 -33.037884
v -5.411800 1.965339 -32.584122
v -5.742564 0.946025 -33.042717
v -5.610317 1.099862 -33.027714
v -5.719354 1.280948 -33.036961
v -5.608541 0.607381 -33.035084
v -5.778708 0.590071 -33.037556
v -5.755997 0.567970 -33.040981
v -5.755554 0.527753 -33.046741
v -5.313005 1.040860 -33.016506
v -5.427243 0.719336 -33.021496
v -5.316901 0.793662 -33.014618
v -5.745793 0.903554 -33.034981
v -5.623188 3.052285 -30.813883
v -5.372512 2.552263 -30.811930
v -5.372292 3.052262 -30.811928
v -5.644068 2.680722 -30.813457
v -5.373452 0.052275 -30.811945
v -5.905067 0.266102 -30.816574
v -5.907279 0.051940 -30.815718
v -5.880513 0.287669 -30.814928
v -5.868784 0.422604 -30.815762
v -5.821177 0.449072 -30.815310
v -5.373162 0.885598 -30.811934
v -5.677878 2.660868 -30.814434
v -5.773422 0.542131 -30.815004
v -5.808405 0.529752 -30.817259
v -5.773389 0.577704 -30.814955
v -5.818273 0.599137 -30.815277
v -5.834169 0.632864 -30.815603
v -5.830285 0.754304 -30.815077
v -5.815201 0.864161 -30.816034
v -5.706265 2.618999 -30.815914
v -5.721132 2.412129 -30.814356
v -5.699490 2.378420 -30.814426
v -5.660174 2.358963 -30.814087
v -5.372817 1.802263 -30.811932
v -5.659321 2.320102 -30.814198
v -5.750039 0.936288 -30.814751
v -5.730327 1.260458 -30.814627
v -5.809817 0.995099 -30.816067
v -5.675333 1.998124 -30.814186
v -5.727772 2.269922 -30.815298
v -5.739421 2.044217 -30.816162
v -5.745354 1.910172 -30.815268
v -5.678444 1.964397 -30.814148
v -5.715051 1.950029 -30.813995
v -5.702342 1.651498 -30.814548
v -5.761344 1.706207 -30.815100
v -5.738482 1.671399 -30.817116
v -5.784764 1.349562 -30.815681
v -5.708215 1.609401 -30.814342
v -5.770358 1.555897 -30.815090
v -5.759038 0.897135 -30.814651
v -5.726065 1.293601 -30.814615
v -5.763965 1.313995 -30.815063
v -5.749212 1.593733 -30.814661
v -5.786355 1.221678 -30.816004
v -5.789509 0.960732 -30.816448
v -5.372310 3.052263 -30.811928
v -5.373395 0.052272 -30.811941
v -5.370606 2.890796 -30.948622
v -5.370735 0.213958 -30.948624
v -5.348865 0.052268 -33.961838
v -5.890619 0.052721 -32.809559
v -5.883796 0.051776 -33.966236
v -5.893766 0.052274 -32.534206
v -5.348865 0.052268 -33.961838
v -5.900241 0.052298 -31.723494
v -5.893766 0.052274 -32.534206
v -5.373452 0.052275 -30.811945
v -5.900241 0.052298 -31.723494
v -5.348865 0.052268 -33.961838
v -5.373452 0.052275 -30.811945
v -5.901023 0.052412 -31.495707
v -5.900241 0.052298 -31.723494
v -5.907279 0.051940 -30.815718
v -5.370735 0.213958 -30.948624
v -5.373452 0.052275 -30.811945
v -5.348865 0.052268 -33.961838
v -5.348975 0.213958 -33.832413
v -5.607922 3.052273 -33.150059
v -5.348125 3.052262 -33.961826
v -5.599726 3.052262 -33.963711
v -5.612188 3.052262 -32.393852
v -5.348125 3.052262 -33.961826
v -5.607922 3.052273 -33.150059
v -5.615719 3.052298 -32.095829
v -5.348125 3.052262 -33.961826
v -5.623188 3.052285 -30.813883
v -5.623188 3.052285 -30.813883
v -5.372292 3.052262 -30.811928
v -5.348125 3.052262 -33.961826
v -5.372292 3.052262 -30.811928
v -5.370606 2.890796 -30.948622
v -5.348933 2.890796 -33.832409
v 27.990667 2.313477 -29.900362
v 27.984087 2.356688 -29.322927
v 27.984896 2.323371 -29.323065
v 28.033978 2.298137 -29.866529
v 27.984896 2.323371 -29.323065
v 28.049044 2.275087 -29.327620
v 28.058210 2.255971 -29.812092
v 28.049044 2.275087 -29.327620
v 28.065359 2.043483 -29.324570
v 28.000837 1.998965 -29.322794
v 28.041584 2.012738 -29.864628
v 28.073053 1.907578 -29.322865
v 28.089024 1.706651 -29.322033
v 28.091391 1.700267 -29.946722
v 28.070534 1.670653 -29.321905
v 28.125166 1.195576 -29.528704
v 28.110498 1.222894 -29.323618
v 28.136471 0.989947 -29.322289
v 28.099358 0.547375 -29.321796
v 28.138268 0.527005 -29.322048
v 28.100891 0.543134 -29.804617
v 27.957785 3.023716 -29.360752
v 27.949543 3.052262 -29.323174
v 27.969141 2.679084 -29.323257
v 27.976513 2.707661 -29.358795
v 27.991508 3.012311 -29.387056
v 28.013416 2.724412 -29.388111
v 28.020185 2.975922 -29.449602
v 28.033224 2.754317 -29.442579
v 27.697947 2.552262 -29.325054
v 27.949543 3.052262 -29.323174
v 27.697943 3.052262 -29.325056
v 27.969141 2.679084 -29.323257
v 28.233219 0.266146 -29.320795
v 27.698681 0.052268 -29.325047
v 28.233610 0.051776 -29.320484
v 28.203724 0.283729 -29.321434
v 28.194357 0.423018 -29.321642
v 28.151098 0.445329 -29.321632
v 28.151098 0.445329 -29.321632
v 27.698347 0.885597 -29.325050
v 27.698681 0.052268 -29.325047
v 27.981565 2.661848 -29.323580
v 28.099358 0.547375 -29.321796
v 28.151098 0.445329 -29.321632
v 28.138268 0.527005 -29.322048
v 27.698347 0.885597 -29.325050
v 28.120102 0.586583 -29.322470
v 28.160931 0.629776 -29.321978
v 28.149178 0.843104 -29.321291
v 28.121996 0.879760 -29.321774
v 28.076591 0.903279 -29.322592
v 28.079323 0.940057 -29.322193
v 27.698227 1.385597 -29.325050
v 28.112511 0.957160 -29.322174
v 28.136471 0.989947 -29.322289
v 28.110498 1.222894 -29.323618
v 28.056116 1.258693 -29.322327
v 28.051805 1.290628 -29.322371
v 27.698112 1.885596 -29.325052
v 28.093855 1.318132 -29.322479
v 28.112537 1.347137 -29.322140
v 28.096409 1.555523 -29.322245
v 28.012062 2.657509 -29.322968
v 28.036533 2.619528 -29.321886
v 28.045862 2.404066 -29.323391
v 27.984087 2.356688 -29.322927
v 27.984896 2.323371 -29.323065
v 28.032810 1.609288 -29.322418
v 28.077040 1.590255 -29.323265
v 28.027599 1.646512 -29.322739
v 28.070534 1.670653 -29.321905
v 28.089024 1.706651 -29.322033
v 28.071859 1.908615 -29.322868
v 28.049955 1.941540 -29.322573
v 28.004282 1.964852 -29.322559
v 28.000837 1.998965 -29.322794
v 28.065359 2.043483 -29.324570
v 28.049044 2.275087 -29.327620
v 27.699213 0.213958 -29.510494
v 27.698557 0.052268 -29.325047
v 27.699169 2.890796 -29.510494
v 27.697903 3.052262 -29.325056
v 26.429922 1.912509 -29.296062
v 26.376328 0.903494 -29.290689
v 26.412952 0.857914 -29.279430
v 26.434662 1.917437 -29.243774
v 26.463890 0.794540 -29.225737
v 26.466076 1.957211 -29.238293
v 26.394001 1.884466 -29.299871
v 26.388716 1.878825 -29.330408
v 26.411665 0.839868 -29.238848
v 26.435171 0.836923 -29.229172
v 26.372818 0.908886 -29.321194
v 25.959921 0.839009 -29.233112
v 25.939837 1.957603 -29.240833
v 25.933525 0.792727 -29.230963
v 25.984488 1.912636 -29.253054
v 25.980309 0.839846 -29.241982
v 25.981052 0.864994 -29.291597
v 25.984875 1.912512 -29.299410
v 26.022573 1.885990 -29.302345
v 25.964039 1.927936 -29.245693
v 26.024202 0.908886 -29.333027
v 26.027014 1.878824 -29.333126
v 26.018768 0.901965 -29.303221
v 24.927168 1.927883 -29.252813
v 24.897516 1.040860 -29.241243
v 24.899868 0.793662 -29.237345
v 24.923651 0.835699 -29.240362
v 24.947809 1.912565 -29.260685
v 24.943949 0.862017 -29.297922
v 24.948210 1.912511 -29.306795
v 24.982763 0.932837 -29.309444
v 24.990347 1.878824 -29.340914
v 24.984838 1.884302 -29.310701
v 24.902355 1.960711 -29.248905
v 24.943970 0.839803 -29.249775
v 24.988010 0.916675 -29.340641
v 25.398577 1.919924 -29.250713
v 25.429737 1.685135 -29.245037
v 25.425575 1.959425 -29.243435
v 25.398050 0.833740 -29.237083
v 25.420128 0.792849 -29.232224
v 25.374868 0.839809 -29.246632
v 25.393244 1.912509 -29.303852
v 25.340347 0.909521 -29.299107
v 25.375744 0.865391 -29.288363
v 25.352064 1.878825 -29.338207
v 25.336311 0.918645 -29.329067
v 25.425114 0.948592 -29.233250
v 25.357231 1.886028 -29.307785
v 25.425575 1.959425 -29.243435
v 25.429737 1.685135 -29.245037
v 25.435064 1.965339 -29.141659
v 25.434204 1.647729 -28.967926
v 25.444344 1.959810 -28.876431
v 25.442263 1.996251 -28.880566
v 25.443617 1.655632 -28.859119
v 25.444969 1.614601 -28.855240
v 25.436974 1.280135 -28.838123
v 25.425114 0.948592 -29.233250
v 25.420128 0.792849 -29.232224
v 25.421194 0.577983 -28.884697
v 25.432886 0.906181 -28.808283
v 25.441872 1.258651 -28.834240
v 25.429022 0.567223 -28.787037
v 25.432541 0.651641 -28.719416
v 25.435074 0.819237 -28.732975
v 25.428513 0.540556 -28.746622
v 25.439365 0.478118 -28.730247
v 25.436983 0.594112 -28.747566
v 24.856945 0.509201 -28.763884
v 24.850042 0.436626 -28.738262
v 24.859926 0.475684 -28.708523
v 24.849638 0.422676 -28.701313
v 24.854141 0.301944 -28.695488
v 24.863768 0.286768 -28.674286
v 25.420128 0.792849 -29.232224
v 24.899868 0.793662 -29.237345
v 24.891523 0.719336 -29.127014
v 24.874969 0.607381 -28.945740
v 25.153072 0.483104 -28.721247
v 25.421194 0.577983 -28.884697
v 24.925152 0.376525 -28.668133
v 25.234715 0.413718 -28.666746
v 25.148443 0.295940 -28.665379
v 24.872568 0.169441 -28.672052
v 25.148649 0.052700 -28.663410
v 25.150997 0.261254 -28.645363
v 25.299862 0.430037 -28.644485
v 24.842369 0.052624 -28.664923
v 25.439365 0.478118 -28.730247
v 25.434420 0.434132 -28.638859
v 25.455137 0.307157 -28.674889
v 25.479389 0.115949 -28.647177
v 25.451088 0.267454 -28.647110
v 25.450731 0.439828 -28.674858
v 25.507744 0.052266 -28.659445
v 23.720943 2.404066 -28.859928
v 23.720604 2.356688 -28.921703
v 24.929272 2.368609 -28.871613
v 24.946415 2.662697 -28.915020
v 23.720903 2.679084 -28.936649
v 23.721170 2.661848 -28.924225
v 24.319431 2.669598 -28.934637
v 24.931547 2.653640 -28.884981
v 23.720608 2.657509 -28.893728
v 24.221443 2.313477 -28.915699
v 23.720720 2.323371 -28.920895
v 24.888790 2.404823 -28.848377
v 24.887281 2.613386 -28.860867
v 23.719645 2.619528 -28.869257
v 24.951086 2.353939 -28.910315
v 24.975233 2.671034 -28.928581
v 24.784121 2.315090 -28.898762
v 24.256670 2.309184 -28.909710
v 24.912575 2.316137 -28.909998
v 26.370726 2.657483 -28.870167
v 25.004871 2.660836 -28.906513
v 25.059593 2.609066 -28.857893
v 24.931547 2.653640 -28.884981
v 24.929272 2.368609 -28.871613
v 24.951086 2.353939 -28.910315
v 24.946415 2.662697 -28.915020
v 24.975233 2.671034 -28.928581
v 24.995661 2.353825 -28.905624
v 24.995661 2.353825 -28.905624
v 25.658901 2.312108 -28.895985
v 24.912575 2.316137 -28.909998
v 24.784121 2.315090 -28.898762
v 25.004871 2.660836 -28.906513
v 25.018572 2.375691 -28.864761
v 25.055426 2.405411 -28.846478
v 25.491167 2.673068 -28.923141
v 24.975233 2.671034 -28.928581
v 26.400723 2.681453 -28.914455
v 26.384724 2.665632 -28.902296
v 25.695652 2.674314 -28.922836
v 24.995661 2.353825 -28.905624
v 26.370129 2.377449 -28.860243
v 25.018572 2.375691 -28.864761
v 26.404823 2.356000 -28.900965
v 25.689356 2.320658 -28.904167
v 26.384186 2.366736 -28.888666
v 26.330029 2.619607 -28.849337
v 25.983564 2.677243 -28.920166
v 26.335131 2.407948 -28.848246
v 26.160833 2.319752 -28.901726
v 26.370129 2.377449 -28.860243
v 26.370726 2.657483 -28.870167
v 26.378016 2.319756 -28.890366
v 26.331421 2.411556 -28.837370
v 26.335131 2.407948 -28.848246
v 26.442501 2.673391 -28.909071
v 26.400723 2.681453 -28.914455
v 26.404823 2.356000 -28.900965
v 26.384724 2.665632 -28.902296
v 26.384186 2.366736 -28.888666
v 26.460958 2.659927 -28.870697
v 26.454468 2.379726 -28.856129
v 26.438787 2.363726 -28.887836
v 26.775972 2.673949 -28.920525
v 26.485252 2.686956 -28.917816
v 26.442501 2.673391 -28.909071
v 27.636078 2.680722 -28.906158
v 27.633135 2.619065 -28.843258
v 26.460958 2.659927 -28.870697
v 26.497425 2.620957 -28.847672
v 27.634924 2.660868 -28.872351
v 26.488066 2.407161 -28.846777
v 26.489128 2.409725 -28.835560
v 27.635101 2.412129 -28.829094
v 27.137049 2.322074 -28.896389
v 26.378016 2.319756 -28.890366
v 26.609953 2.322533 -28.891270
v 27.634972 2.378420 -28.850737
v 26.488066 2.407161 -28.846777
v 26.454468 2.379726 -28.856129
v 26.404823 2.356000 -28.900965
v 27.635324 2.358963 -28.890053
v 26.438787 2.363726 -28.887836
v 27.068827 2.684395 -28.909956
v 27.635185 2.320102 -28.890907
v 25.920673 1.958929 -28.875153
v 25.940952 1.957535 -29.240631
v 25.922787 1.996398 -28.884821
v 25.910519 1.611909 -28.847572
v 25.933525 0.792727 -29.230963
v 25.922213 0.758394 -29.168507
v 25.906675 0.917333 -28.809027
v 25.911860 1.296232 -28.834919
v 25.905844 1.305083 -28.824959
v 25.902374 0.950335 -28.805946
v 25.905302 1.259794 -28.825701
v 25.898483 0.686932 -28.781977
v 25.909046 0.769168 -28.965240
v 25.890362 0.755820 -28.788479
v 25.911846 0.608061 -28.934549
v 25.902788 0.569681 -28.783310
v 25.905123 0.487901 -28.733694
v 25.911846 0.608061 -28.934549
v 25.933525 0.792727 -29.230963
v 25.922213 0.758394 -29.168507
v 26.453278 0.730181 -29.136024
v 26.452791 0.599072 -28.917873
v 25.896179 0.442812 -28.687780
v 25.891006 0.382631 -28.672522
v 25.903276 0.428648 -28.639557
v 25.905123 0.487901 -28.733694
v 25.895575 0.268429 -28.640230
v 26.009657 0.289625 -28.648129
v 25.889456 0.297853 -28.665810
v 26.079573 0.429443 -28.639660
v 26.089157 0.352925 -28.615782
v 25.849205 0.052283 -28.656952
v 26.505548 0.052298 -28.651640
v 25.894646 0.120429 -28.642025
v 26.463890 0.794540 -29.225737
v 26.465923 0.532827 -28.805912
v 26.486696 0.492837 -28.735943
v 26.478931 0.423648 -28.625484
v 26.307913 0.292690 -28.646755
v 26.490503 0.146767 -28.639565
v 26.315044 0.431063 -28.630274
v 26.444729 0.365980 -28.611385
v 26.438959 0.402061 -28.596188
v 26.467623 0.261088 -28.639595
v 26.485287 0.303611 -28.657021
v 26.487301 0.460707 -28.723396
v 26.485645 0.419604 -28.680183
v 26.486990 0.265771 -28.639206
v 24.192057 2.298137 -28.872353
v 23.720720 2.323371 -28.920895
v 23.724607 2.275087 -28.856750
v 24.221443 2.313477 -28.915699
v 24.144814 2.255971 -28.848068
v 23.721947 2.043483 -28.840431
v 23.720470 1.998965 -28.904951
v 24.190401 2.012738 -28.864746
v 24.144791 2.051676 -28.836422
v 24.235195 1.992429 -28.898865
v 24.192057 2.298137 -28.872353
v 24.190401 2.012738 -28.864746
v 24.221443 2.313477 -28.915699
v 24.235195 1.992429 -28.898865
v 24.256670 2.309184 -28.909710
v 24.267834 2.006505 -28.885113
v 24.272900 2.295640 -28.869486
v 24.280104 2.020469 -28.854988
v 24.306156 2.265442 -28.854891
v 24.311083 2.262440 -28.843071
v 24.312962 2.046563 -28.832041
v 25.602152 2.259574 -28.834415
v 24.306156 2.265442 -28.854891
v 24.272900 2.295640 -28.869486
v 25.658901 2.312108 -28.895985
v 24.256670 2.309184 -28.909710
v 24.784121 2.315090 -28.898762
v 24.235195 1.992429 -28.898865
v 24.568094 1.996308 -28.896496
v 24.999548 1.995980 -28.879906
v 24.267834 2.006505 -28.885113
v 25.604633 2.053688 -28.822168
v 24.882277 1.991161 -28.893366
v 25.642977 2.299150 -28.859148
v 25.442263 1.996251 -28.880566
v 25.650736 2.013630 -28.854021
v 25.685820 1.998326 -28.886955
v 25.642977 2.299150 -28.859148
v 25.650736 2.013630 -28.854021
v 25.689356 2.320658 -28.904167
v 25.658901 2.312108 -28.895985
v 25.685820 1.998326 -28.886955
v 25.726538 2.306078 -28.866514
v 25.721279 2.015654 -28.857162
v 27.034767 2.265905 -28.827862
v 25.726538 2.306078 -28.866514
v 25.770748 2.267248 -28.833199
v 26.160833 2.319752 -28.901726
v 25.689356 2.320658 -28.904167
v 25.922787 1.996398 -28.884821
v 25.721279 2.015654 -28.857162
v 25.685820 1.998326 -28.886955
v 25.771210 2.056325 -28.820620
v 25.953821 2.000863 -28.873714
v 27.086346 2.014459 -28.864910
v 26.348158 2.002672 -28.868942
v 26.391373 2.320668 -28.889456
v 27.077095 2.301944 -28.849100
v 27.090992 2.312985 -28.880335
v 27.071217 2.024829 -28.840912
v 27.101578 2.323504 -28.897533
v 27.633942 2.269922 -28.822456
v 27.157883 2.300870 -28.848576
v 27.199638 2.266405 -28.825455
v 26.484003 2.000041 -28.879820
v 27.125238 2.000360 -28.878407
v 27.034008 2.055533 -28.814045
v 27.071217 2.024829 -28.840912
v 27.077095 2.301944 -28.849100
v 27.086346 2.014459 -28.864910
v 27.101578 2.323504 -28.897533
v 27.090992 2.312985 -28.880335
v 27.125238 2.000360 -28.878407
v 27.137712 2.322018 -28.896639
v 27.157883 2.300870 -28.848576
v 27.174124 2.046035 -28.815449
v 27.635185 2.320102 -28.890907
v 27.137712 2.322018 -28.896639
v 27.632889 2.044217 -28.810808
v 27.125238 2.000360 -28.878407
v 27.635229 1.998124 -28.874895
v 24.871595 1.957474 -28.889372
v 23.720263 1.964852 -28.901506
v 23.720230 1.941540 -28.855833
v 23.720470 1.998965 -28.904951
v 24.235195 1.992429 -28.898865
v 23.720396 1.646512 -28.878189
v 23.720112 1.609288 -28.872978
v 24.877924 1.612726 -28.857201
v 23.720112 1.609288 -28.872978
v 23.720802 1.590255 -28.828751
v 24.853941 1.597769 -28.819859
v 24.872137 1.656002 -28.862946
v 23.719629 1.670653 -28.835255
v 23.720461 1.907572 -28.832735
v 23.719721 1.706651 -28.816765
v 24.261557 1.700267 -28.815022
v 24.852556 1.933501 -28.841438
v 24.568094 1.996308 -28.896496
v 24.877924 1.612726 -28.857201
v 24.814571 1.707764 -28.805508
v 24.812113 1.555032 -28.795891
v 23.719900 1.555523 -28.809380
v 24.882277 1.991161 -28.893366
v 24.819853 1.907507 -28.820595
v 24.858667 1.670826 -28.832947
v 24.858667 1.670826 -28.832947
v 24.852556 1.933501 -28.841438
v 24.872137 1.656002 -28.862946
v 24.871595 1.957474 -28.889372
v 23.720104 1.318132 -28.811935
v 23.720051 1.290628 -28.853985
v 24.853050 1.307944 -28.828423
v 24.845682 1.240637 -28.792980
v 23.720009 1.258693 -28.849672
v 23.721075 1.222894 -28.795294
v 24.874107 1.295268 -28.836056
v 24.870794 1.258618 -28.833252
v 24.454039 1.206056 -28.790609
v 23.898943 1.195576 -28.780828
v 23.719898 0.989947 -28.769320
v 23.720219 0.903279 -28.829197
v 24.865728 0.946025 -28.811726
v 23.719872 0.940057 -28.826468
v 24.285789 0.993568 -28.761261
v 23.719507 0.547375 -28.806431
v 24.316330 0.571628 -28.804815
v 23.720070 0.586583 -28.785688
v 24.138288 0.543134 -28.805382
v 24.428244 0.517513 -28.764620
v 24.470873 0.525275 -28.794521
v 23.719687 0.527005 -28.767521
v 24.872208 0.590071 -28.775574
v 24.840895 0.618596 -28.739250
v 24.845842 0.883867 -28.767221
v 23.719463 0.879760 -28.783794
v 23.719019 0.843104 -28.756611
v 24.298510 0.848828 -28.751799
v 24.279022 0.635366 -28.738386
v 23.719603 0.629776 -28.744858
v 23.719278 0.423018 -28.711432
v 24.849638 0.422676 -28.701313
v 23.719313 0.445329 -28.754692
v 23.719090 0.283729 -28.702065
v 24.850019 0.435745 -28.738871
v 24.247343 0.265727 -28.670048
v 23.718506 0.266146 -28.672569
v 24.872585 0.169424 -28.673353
v 23.718235 0.051776 -28.672176
v 24.811777 1.344258 -28.781307
v 23.719791 1.347137 -28.793253
v 24.233898 1.203164 -28.783373
v 24.845505 1.328199 -28.797607
v 24.804575 1.189263 -28.771704
v 24.843723 0.966913 -28.778881
v 23.719822 0.957160 -28.793280
v 24.301056 1.123714 -28.768755
v 24.875345 0.903554 -28.808483
v 24.284781 0.286371 -28.697062
v 24.854141 0.301944 -28.695488
v 24.863768 0.286768 -28.674286
v 24.845505 1.328199 -28.797607
v 24.853941 1.597769 -28.819859
v 24.874107 1.295268 -28.836056
v 24.877924 1.612726 -28.857201
v 24.853050 1.307944 -28.828423
v 24.808590 0.999426 -28.756069
v 24.845682 1.240637 -28.792980
v 24.865728 0.946025 -28.811726
v 24.870794 1.258618 -28.833252
v 24.867907 0.567970 -28.798290
v 24.856625 0.509039 -28.763752
v 24.860750 0.527753 -28.798744
v 24.872208 0.590071 -28.775574
v 24.875345 0.903554 -28.808483
v 24.845842 0.883867 -28.767221
v 24.815088 0.860092 -28.744534
v 24.817881 0.706115 -28.733404
v 24.842369 0.052624 -28.664923
v 27.635538 1.950029 -28.835175
v 26.487894 1.966235 -28.873444
v 26.513115 1.937889 -28.826374
v 27.125238 2.000360 -28.878407
v 26.484003 2.000041 -28.879820
v 26.513115 1.937889 -28.826374
v 26.487894 1.966235 -28.873444
v 26.478977 1.659827 -28.844231
v 26.536993 1.702314 -28.793854
v 26.534094 1.560547 -28.783382
v 26.498047 1.598716 -28.806791
v 26.493322 1.330138 -28.782393
v 26.472727 1.619774 -28.851044
v 27.634827 1.651498 -28.847885
v 26.478977 1.659827 -28.844231
v 27.634251 1.706207 -28.788883
v 27.634012 1.910172 -28.804874
v 26.553808 1.914788 -28.808441
v 27.635281 1.964397 -28.871782
v 27.635094 1.609401 -28.842010
v 27.631704 1.671399 -28.811749
v 26.481358 1.606260 -28.839827
v 26.498047 1.598716 -28.806791
v 27.634773 1.593733 -28.801014
v 27.634279 1.555897 -28.779869
v 27.635229 1.998124 -28.874895
v 26.465429 0.958891 -28.771103
v 26.470512 1.259812 -28.821199
v 26.457016 1.172101 -28.801165
v 26.481358 1.606260 -28.839827
v 26.465330 1.307501 -28.817497
v 26.491869 1.239725 -28.783112
v 26.531351 1.355011 -28.767790
v 27.634781 1.260458 -28.819901
v 26.463207 1.289379 -28.830837
v 26.470512 1.259812 -28.821199
v 27.633568 1.349562 -28.765465
v 26.493322 1.330138 -28.782393
v 26.529707 1.000247 -28.741705
v 26.533237 1.210394 -28.756641
v 26.803690 0.899998 -28.808357
v 26.459688 0.944807 -28.805534
v 26.457710 0.891224 -28.797493
v 26.457130 0.838974 -28.747572
v 27.072248 0.855532 -28.763924
v 26.760933 0.847461 -28.742235
v 27.633137 0.995099 -28.740410
v 27.060301 1.201396 -28.762108
v 26.507805 0.539250 -28.739388
v 26.494869 0.553014 -28.776310
v 26.486696 0.492837 -28.735943
v 27.631651 0.529752 -28.741825
v 26.478886 0.584250 -28.780094
v 27.634390 0.542131 -28.776806
v 26.474916 0.654928 -28.715515
v 26.481392 0.604474 -28.745144
v 26.728979 0.631970 -28.720415
v 27.032347 0.721113 -28.717461
v 27.633757 0.632864 -28.716059
v 26.486990 0.265771 -28.639206
v 26.485287 0.303611 -28.657021
v 26.467623 0.261088 -28.639595
v 26.485645 0.419604 -28.680183
v 27.163479 0.422988 -28.686058
v 26.487301 0.460707 -28.723396
v 26.788580 0.299240 -28.670431
v 26.491869 1.239725 -28.783112
v 27.633171 1.221678 -28.763874
v 27.634787 1.293601 -28.824162
v 27.634298 1.313995 -28.786263
v 26.465330 1.307501 -28.817497
v 26.465429 0.958891 -28.771103
v 27.632626 0.960732 -28.760719
v 27.272509 0.899413 -28.797667
v 27.278980 0.849718 -28.734524
v 27.634451 0.577704 -28.776836
v 27.634132 0.599137 -28.731953
v 27.634405 0.754304 -28.719940
v 27.632687 0.267091 -28.644306
v 27.633749 0.051940 -28.642948
v 26.490503 0.146767 -28.639565
v 27.634096 0.449072 -28.729050
v 27.633621 0.422604 -28.681442
v 26.505545 0.052381 -28.652050
v 27.634663 0.936288 -28.800188
v 27.634804 0.897135 -28.791187
v 27.633188 0.864161 -28.735027
v 27.634680 0.287669 -28.669712
v 25.984875 1.912512 -29.299410
v 26.022573 1.885990 -29.302345
v 26.394001 1.884466 -29.299871
v 25.964039 1.927936 -29.245693
v 26.466076 1.957211 -29.238293
v 25.939837 1.957603 -29.240833
v 26.434662 1.917437 -29.243774
v 25.984488 1.912636 -29.253054
v 26.429922 1.912509 -29.296062
v 26.027014 1.878824 -29.333126
v 26.388716 1.878825 -29.330408
v 26.412952 0.857914 -29.279430
v 25.981052 0.864994 -29.291597
v 25.980309 0.839846 -29.241982
v 26.435171 0.836923 -29.229172
v 25.959921 0.839009 -29.233112
v 25.933525 0.792727 -29.230963
v 26.463890 0.794540 -29.225737
v 26.411665 0.839868 -29.238848
v 26.376328 0.903494 -29.290689
v 26.018768 0.901965 -29.303221
v 26.024202 0.908886 -29.333027
v 26.372818 0.908886 -29.321194
v 25.393244 1.912509 -29.303852
v 24.984838 1.884302 -29.310701
v 25.357231 1.886028 -29.307785
v 24.927168 1.927883 -29.252813
v 25.398577 1.919924 -29.250713
v 25.425575 1.959425 -29.243435
v 24.902355 1.960711 -29.248905
v 24.947809 1.912565 -29.260685
v 24.948210 1.912511 -29.306795
v 25.352064 1.878825 -29.338207
v 24.990347 1.878824 -29.340914
v 24.943949 0.862017 -29.297922
v 24.988010 0.916675 -29.340641
v 24.982763 0.932837 -29.309444
v 25.398050 0.833740 -29.237083
v 24.923651 0.835699 -29.240362
v 24.899868 0.793662 -29.237345
v 25.340347 0.909521 -29.299107
v 25.336311 0.918645 -29.329067
v 24.943970 0.839803 -29.249775
v 25.374868 0.839809 -29.246632
v 25.375744 0.865391 -29.288363
v 25.420128 0.792849 -29.232224
v 23.753435 3.023716 -28.948042
v 23.720850 3.052262 -28.956247
v 23.720903 2.679084 -28.936649
v 23.751720 2.707661 -28.929314
v 23.776218 3.012311 -28.914345
v 23.777109 2.724412 -28.892437
v 23.830441 2.975922 -28.885731
v 23.824335 2.754317 -28.872684
v 25.609926 2.963652 -28.867601
v 25.668972 3.008756 -28.921906
v 23.753435 3.023716 -28.948042
v 23.776218 3.012311 -28.914345
v 25.672073 3.052359 -28.938835
v 23.720850 3.052262 -28.956247
v 25.698284 3.024199 -28.936708
v 25.684469 2.698259 -28.921019
v 23.720903 2.679084 -28.936649
v 24.319431 2.669598 -28.934637
v 23.777109 2.724412 -28.892437
v 23.751720 2.707661 -28.929314
v 25.649754 2.724394 -28.877937
v 25.657919 3.005473 -28.894697
v 24.975233 2.671034 -28.928581
v 25.667580 2.711910 -28.907236
v 25.609324 2.756952 -28.857658
v 25.684469 2.698259 -28.921019
v 25.667580 2.711910 -28.907236
v 25.668972 3.008756 -28.921906
v 25.657919 3.005473 -28.894697
v 25.695704 2.674109 -28.921661
v 25.649754 2.724394 -28.877937
v 25.698284 3.024199 -28.936708
v 25.684469 2.698259 -28.921019
v 25.747671 2.723848 -28.877672
v 25.757341 3.002775 -28.889992
v 25.736916 3.013576 -28.922993
v 25.731039 2.710137 -28.911301
v 25.790354 2.756541 -28.859627
v 25.794582 2.963907 -28.867390
v 26.703533 2.759392 -28.850159
v 27.602030 3.021051 -28.911320
v 25.698284 3.024199 -28.936708
v 25.736916 3.013576 -28.922993
v 25.757341 3.002775 -28.889992
v 25.671936 3.052278 -28.940493
v 27.635509 3.052285 -28.927040
v 26.400723 2.681453 -28.914455
v 25.684469 2.698259 -28.921019
v 25.695675 2.674321 -28.923399
v 26.442501 2.673391 -28.909071
v 26.485252 2.686956 -28.917816
v 25.747671 2.723848 -28.877672
v 25.731039 2.710137 -28.911301
v 27.594091 2.722598 -28.883509
v 27.585516 3.009854 -28.881378
v 26.863369 2.704826 -28.913626
v 27.610825 2.706353 -28.903929
v 27.546814 2.971306 -28.857618
v 27.612976 3.030988 -28.925375
v 27.542807 2.763184 -28.848583
v 27.594091 2.722598 -28.883509
v 27.585516 3.009854 -28.881378
v 27.610825 2.706353 -28.903929
v 27.602030 3.021051 -28.911320
v 27.636078 2.680722 -28.906158
v 27.635509 3.052285 -28.927040
v 27.612976 3.030988 -28.925375
v 23.720903 2.679084 -28.936649
v 27.068827 2.684395 -28.909956
v 27.636078 2.680722 -28.906158
v 26.775972 2.673949 -28.920525
v 25.444344 1.959810 -28.876431
v 25.443617 1.655632 -28.859119
v 25.468111 1.942759 -28.839554
v 25.685820 1.998326 -28.886955
v 25.442263 1.996251 -28.880566
v 25.444344 1.959810 -28.876431
v 25.899925 1.949203 -28.847538
v 25.481754 1.689540 -28.805794
v 25.510241 1.893116 -28.813488
v 25.914425 1.657827 -28.851267
v 25.443617 1.655632 -28.859119
v 25.444969 1.614601 -28.855240
v 25.868263 1.700463 -28.797970
v 25.855532 1.907102 -28.815334
v 25.889027 1.601158 -28.811718
v 25.490324 1.573823 -28.795374
v 25.444969 1.614601 -28.855240
v 25.436974 1.280135 -28.838123
v 25.456846 1.317422 -28.803473
v 25.479284 1.229786 -28.772861
v 25.441872 1.258651 -28.834240
v 25.473356 0.982758 -28.752085
v 25.436974 1.280135 -28.838123
v 25.911860 1.296232 -28.834919
v 25.456846 1.317422 -28.803473
v 25.502850 1.357083 -28.776249
v 25.863167 1.342071 -28.779694
v 25.433105 0.944600 -28.809406
v 25.438215 0.856651 -28.739826
v 25.434381 0.906119 -28.808300
v 25.435074 0.819237 -28.732975
v 25.879192 0.890986 -28.758284
v 25.906675 0.917333 -28.809027
v 25.433105 0.944600 -28.809406
v 25.865318 1.221583 -28.765953
v 25.902374 0.950335 -28.805946
v 25.853878 0.985357 -28.750771
v 25.877731 0.540723 -28.741272
v 25.429022 0.567223 -28.787037
v 25.428513 0.540556 -28.746622
v 25.902788 0.569681 -28.783310
v 25.436983 0.594112 -28.747566
v 25.883026 0.599489 -28.744614
v 25.432541 0.651641 -28.719416
v 25.439365 0.478118 -28.730247
v 25.840618 0.855037 -28.737055
v 25.479389 0.115949 -28.647177
v 25.895575 0.268429 -28.640230
v 25.451088 0.267454 -28.647110
v 25.455137 0.307157 -28.674889
v 25.896179 0.442812 -28.687780
v 25.450731 0.439828 -28.674858
v 25.889456 0.297853 -28.665810
v 25.905123 0.487901 -28.733694
v 25.507744 0.052266 -28.659445
v 25.849205 0.052283 -28.656952
v 25.894646 0.120429 -28.642025
v 25.922787 1.996398 -28.884821
v 25.920673 1.958929 -28.875153
v 25.911901 1.614903 -28.846798
v 25.899925 1.949203 -28.847538
v 25.914425 1.657827 -28.851267
v 25.920673 1.958929 -28.875153
v 25.850643 1.558880 -28.787270
v 25.905844 1.305083 -28.824959
v 25.905302 1.259794 -28.825701
v 25.441872 1.258651 -28.834240
v 25.889027 1.601158 -28.811718
v 25.905844 1.305083 -28.824959
v 25.911901 1.614903 -28.846798
v 25.902374 0.950335 -28.805946
v 25.905302 1.259794 -28.825701
v 25.890362 0.755820 -28.788479
v 25.906675 0.917333 -28.809027
v 25.879192 0.890986 -28.758284
v 25.898483 0.686932 -28.781977
v 25.842461 0.649367 -28.728649
v 25.891006 0.382631 -28.672522
v 25.953821 2.000863 -28.873714
v 25.935385 1.969677 -29.128510
v 25.939837 1.957603 -29.240833
v 25.922787 1.996398 -28.884821
v 26.348158 2.002672 -28.868942
v 26.466076 1.957211 -29.238293
v 26.484003 2.000041 -28.879820
v 26.487894 1.966235 -28.873444
v 26.472727 1.619774 -28.851044
v 26.455912 1.187083 -29.177839
v 26.478977 1.659827 -28.844231
v 26.465330 1.307501 -28.817497
v 26.481358 1.606260 -28.839827
v 26.463890 0.794540 -29.225737
v 26.453278 0.730181 -29.136024
v 26.460855 0.697092 -29.047167
v 26.459682 1.132452 -28.910603
v 26.463207 1.289379 -28.830837
v 26.470512 1.259812 -28.821199
v 26.457016 1.172101 -28.801165
v 26.457710 0.891224 -28.797493
v 26.459688 0.944807 -28.805534
v 26.465429 0.958891 -28.771103
v 26.452791 0.599072 -28.917873
v 26.465923 0.532827 -28.805912
v 26.452791 0.599072 -28.917873
v 26.465794 0.612460 -28.791945
v 26.457130 0.838974 -28.747572
v 26.481392 0.604474 -28.745144
v 26.478886 0.584250 -28.780094
v 26.494869 0.553014 -28.776310
v 26.474916 0.654928 -28.715515
v 26.486696 0.492837 -28.735943
v 24.882277 1.991161 -28.893366
v 24.902355 1.960711 -29.248905
v 25.425575 1.959425 -29.243435
v 25.442263 1.996251 -28.880566
v 24.999548 1.995980 -28.879906
v 24.877924 1.612726 -28.857201
v 24.872137 1.656002 -28.862946
v 24.871595 1.957474 -28.889372
v 25.435064 1.965339 -29.141659
v 24.865728 0.946025 -28.811726
v 24.884132 1.099862 -28.943949
v 24.872759 1.279999 -28.834846
v 24.874969 0.607381 -28.945740
v 24.872208 0.590071 -28.775574
v 24.867907 0.567970 -28.798290
v 24.860750 0.527753 -28.798744
v 24.897516 1.040860 -29.241243
v 24.891523 0.719336 -29.127014
v 24.899868 0.793662 -29.237345
v 24.875345 0.903554 -28.808483
v 23.722733 2.552262 -29.207844
v 23.720850 3.052262 -28.956247
v 23.722733 3.052262 -29.207848
v 23.720903 2.679084 -28.936649
v 23.718506 0.266146 -28.672569
v 23.722723 0.052268 -29.207109
v 23.718235 0.051776 -28.672176
v 23.719090 0.283729 -28.702065
v 23.719278 0.423018 -28.711432
v 23.719313 0.445329 -28.754692
v 23.719313 0.445329 -28.754692
v 23.722729 0.885597 -29.207443
v 23.722723 0.052268 -29.207109
v 23.721170 2.661848 -28.924225
v 23.719507 0.547375 -28.806431
v 23.719313 0.445329 -28.754692
v 23.719687 0.527005 -28.767521
v 23.722729 0.885597 -29.207443
v 23.720070 0.586583 -28.785688
v 23.719603 0.629776 -28.744858
v 23.719019 0.843104 -28.756611
v 23.719463 0.879760 -28.783794
v 23.720219 0.903279 -28.829197
v 23.719872 0.940057 -28.826468
v 23.722729 1.385597 -29.207561
v 23.719822 0.957160 -28.793280
v 23.719898 0.989947 -28.769320
v 23.721075 1.222894 -28.795294
v 23.720009 1.258693 -28.849672
v 23.720051 1.290628 -28.853985
v 23.722731 1.885596 -29.207678
v 23.720104 1.318132 -28.811935
v 23.719791 1.347137 -28.793253
v 23.719900 1.555523 -28.809380
v 23.720608 2.657509 -28.893728
v 23.719645 2.619528 -28.869257
v 23.720943 2.404066 -28.859928
v 23.720604 2.356688 -28.921703
v 23.720720 2.323371 -28.920895
v 23.720112 1.609288 -28.872978
v 23.720802 1.590255 -28.828751
v 23.720396 1.646512 -28.878189
v 23.719629 1.670653 -28.835255
v 23.719721 1.706651 -28.816765
v 23.720465 1.908615 -28.833931
v 23.720230 1.941540 -28.855833
v 23.720263 1.964852 -28.901506
v 23.720470 1.998965 -28.904951
v 23.721947 2.043483 -28.840431
v 23.724607 2.275087 -28.856750
v 23.883575 0.213958 -29.206762
v 23.722727 0.052270 -29.207230
v 23.883574 2.890796 -29.206804
v 23.722734 3.052263 -29.207914
v 27.635509 3.052285 -28.927040
v 27.637480 2.552263 -29.177715
v 27.637482 3.052262 -29.177935
v 27.636078 2.680722 -28.906158
v 27.637465 0.052275 -29.176775
v 27.632679 0.266102 -28.645161
v 27.633749 0.051940 -28.642948
v 27.634680 0.287669 -28.669712
v 27.633621 0.422604 -28.681442
v 27.634096 0.449072 -28.729050
v 27.637476 0.885598 -29.177065
v 27.634924 2.660868 -28.872351
v 27.634390 0.542131 -28.776806
v 27.631651 0.529752 -28.741825
v 27.634451 0.577704 -28.776836
v 27.634132 0.599137 -28.731953
v 27.633757 0.632864 -28.716059
v 27.634405 0.754304 -28.719940
v 27.633188 0.864161 -28.735027
v 27.633139 2.618999 -28.843964
v 27.635101 2.412129 -28.829094
v 27.634972 2.378420 -28.850737
v 27.635324 2.358963 -28.890053
v 27.637478 1.802263 -29.177410
v 27.635185 2.320102 -28.890907
v 27.634663 0.936288 -28.800188
v 27.634781 1.260458 -28.819901
v 27.633137 0.995099 -28.740410
v 27.635229 1.998124 -28.874895
v 27.633942 2.269922 -28.822456
v 27.632889 2.044217 -28.810808
v 27.634012 1.910172 -28.804874
v 27.635281 1.964397 -28.871782
v 27.635538 1.950029 -28.835175
v 27.634827 1.651498 -28.847885
v 27.634251 1.706207 -28.788883
v 27.631704 1.671399 -28.811749
v 27.633568 1.349562 -28.765465
v 27.635094 1.609401 -28.842010
v 27.634279 1.555897 -28.779869
v 27.634804 0.897135 -28.791187
v 27.634787 1.293601 -28.824162
v 27.634298 1.313995 -28.786263
v 27.634773 1.593733 -28.801014
v 27.633171 1.221678 -28.763874
v 27.632626 0.960732 -28.760719
v 27.637482 3.052262 -29.177917
v 27.637468 0.052272 -29.176832
v 27.467594 2.890796 -29.179871
v 27.467590 0.213958 -29.179741
v 23.722723 0.052268 -29.207109
v 25.155853 0.052721 -28.663244
v 23.718235 0.051776 -28.672176
v 25.498095 0.052274 -28.659595
v 23.722723 0.052268 -29.207109
v 26.505548 0.052298 -28.651640
v 25.498095 0.052274 -28.659595
v 27.637465 0.052275 -29.176775
v 26.505548 0.052298 -28.651640
v 27.637465 0.052275 -29.176775
v 26.788643 0.052412 -28.650444
v 27.633749 0.051940 -28.642948
v 27.467590 0.213958 -29.179741
v 27.637465 0.052275 -29.176775
v 23.722723 0.052268 -29.207109
v 23.883575 0.213958 -29.206762
v 24.732075 3.052273 -28.946568
v 23.722733 3.052262 -29.207848
v 23.720850 3.052262 -28.956247
v 25.671900 3.052262 -28.940922
v 23.722733 3.052262 -29.207848
v 24.732075 3.052273 -28.946568
v 26.042290 3.052298 -28.936848
v 25.671900 3.052262 -28.940922
v 27.635509 3.052285 -28.927040
v 23.722733 3.052262 -29.207848
v 26.042290 3.052298 -28.936848
v 27.635509 3.052285 -28.927040
v 27.637482 3.052262 -29.177935
v 23.722733 3.052262 -29.207848
v 27.637482 3.052262 -29.177935
v 27.467594 2.890796 -29.179871
v 23.883574 2.890796 -29.206804
v 17.915504 1.912509 -29.137932
v 17.862427 0.903494 -29.125122
v 17.900759 0.857914 -29.119087
v 17.927479 1.917437 -29.086805
v 17.959322 0.794540 -29.073023
v 17.959785 1.957211 -29.085764
v 17.878906 1.884466 -29.136686
v 17.869387 1.878825 -29.166191
v 17.905064 0.839868 -29.078712
v 17.930002 0.836923 -29.072412
v 17.854694 0.908886 -29.154846
v 17.452190 0.839009 -29.009933
v 17.430956 1.957603 -29.014774
v 17.425978 0.792727 -29.004118
v 17.474112 1.912636 -29.033115
v 17.471439 0.839846 -29.021564
v 17.465342 0.864994 -29.070810
v 17.468103 1.912512 -29.079082
v 17.505558 1.885990 -29.087255
v 17.454588 1.927936 -29.022968
v 17.502962 0.908886 -29.117870
v 17.505770 1.878824 -29.118361
v 17.501614 0.901965 -29.087591
v 16.412327 1.927883 -28.885191
v 16.384144 1.040860 -28.869591
v 16.387047 0.793662 -28.866058
v 16.410513 0.835699 -28.872368
v 16.431969 1.912565 -28.895870
v 16.422955 0.862017 -28.932213
v 16.426010 1.912511 -28.941595
v 16.460342 0.932837 -28.949047
v 16.463619 1.878824 -28.981274
v 16.462254 1.884302 -28.950581
v 16.387947 1.960711 -28.877853
v 16.429619 0.839803 -28.884529
v 16.461309 0.916675 -28.980679
v 16.886030 1.919924 -28.948957
v 16.918108 1.685135 -28.947689
v 16.914148 1.959425 -28.945520
v 16.887383 0.833740 -28.935383
v 16.910223 0.792849 -28.933655
v 16.862783 0.839809 -28.941605
v 16.873343 1.912509 -29.000843
v 16.820875 0.909521 -28.988754
v 16.857906 0.865391 -28.983057
v 16.827248 1.878825 -29.029118
v 16.812687 0.918645 -29.017864
v 16.915091 0.948592 -28.935368
v 16.836636 1.886028 -28.999708
v 16.914148 1.959425 -28.945520
v 16.918108 1.685135 -28.947689
v 16.937719 1.965339 -28.846043
v 16.960825 1.647729 -28.673851
v 16.983631 1.959810 -28.584646
v 16.980970 1.996251 -28.588449
v 16.985287 1.655632 -28.567398
v 16.987183 1.614601 -28.563745
v 16.981512 1.280135 -28.545677
v 16.915091 0.948592 -28.935368
v 16.910223 0.792849 -28.933655
v 16.959242 0.577983 -28.589600
v 16.981508 0.906184 -28.515547
v 16.986969 1.258651 -28.542513
v 16.980577 0.567223 -28.493967
v 16.993441 0.651641 -28.427485
v 16.994114 0.819237 -28.441269
v 16.985641 0.540556 -28.453869
v 16.998800 0.478118 -28.439165
v 16.994019 0.594112 -28.455986
v 16.409264 0.509215 -28.391136
v 16.405865 0.436626 -28.364788
v 16.419891 0.475684 -28.336712
v 16.410557 0.422676 -28.328136
v 16.415880 0.301944 -28.322994
v 16.428474 0.286768 -28.303339
v 16.910223 0.792849 -28.933655
v 16.387047 0.793662 -28.866058
v 16.393888 0.719336 -28.755615
v 16.402271 0.607381 -28.573761
v 16.712530 0.483104 -28.390263
v 16.959242 0.577983 -28.589600
v 16.490967 0.376525 -28.305820
v 16.802040 0.413718 -28.347687
v 16.715590 0.295940 -28.334282
v 16.437618 0.169441 -28.302357
v 16.716066 0.052700 -28.332359
v 16.720917 0.261254 -28.314814
v 16.870535 0.430037 -28.334736
v 16.408276 0.052624 -28.291077
v 16.998800 0.478118 -28.439165
v 17.006441 0.434132 -28.347960
v 17.022278 0.307157 -28.386539
v 17.050453 0.115949 -28.362480
v 17.022043 0.267454 -28.358459
v 17.017855 0.439828 -28.385895
v 17.077238 0.052266 -28.378593
v 15.255174 2.404066 -28.327579
v 15.246310 2.356688 -28.388716
v 16.467030 2.368609 -28.507931
v 16.478260 2.662697 -28.553316
v 15.244550 2.679084 -28.403561
v 15.246533 2.661848 -28.391293
v 15.845901 2.669598 -28.485168
v 16.467472 2.653640 -28.521488
v 15.250175 2.657509 -28.361008
v 15.750112 2.313477 -28.452724
v 15.246540 2.323371 -28.387930
v 16.429585 2.404823 -28.479261
v 16.426346 2.613386 -28.491421
v 15.252586 2.619528 -28.336636
v 16.483601 2.353939 -28.549307
v 16.505329 2.671034 -28.570774
v 16.317520 2.315090 -28.514545
v 15.786313 2.309184 -28.451715
v 16.444969 2.316137 -28.543615
v 17.914820 2.657483 -28.707838
v 16.538139 2.660836 -28.553057
v 16.599800 2.609066 -28.512545
v 16.467472 2.653640 -28.521488
v 16.467030 2.368609 -28.507931
v 16.483601 2.353939 -28.549307
v 16.478260 2.662697 -28.553316
v 16.505329 2.671034 -28.570774
v 16.529011 2.353825 -28.550888
v 16.529011 2.353825 -28.550888
v 17.196404 2.312108 -28.633984
v 16.444969 2.316137 -28.543615
v 16.317520 2.315090 -28.514545
v 16.538139 2.660836 -28.553057
v 16.557659 2.375691 -28.513618
v 16.597191 2.405411 -28.500658
v 17.024210 2.673068 -28.637449
v 16.505329 2.671034 -28.570774
v 17.938831 2.681453 -28.755894
v 17.924444 2.665632 -28.741617
v 17.229609 2.674314 -28.665710
v 16.529011 2.353825 -28.550888
v 17.915590 2.377449 -28.697926
v 16.557659 2.375691 -28.513618
v 17.944811 2.356000 -28.743105
v 17.225859 2.320658 -28.646341
v 17.925785 2.366736 -28.728043
v 17.876822 2.619607 -28.681522
v 17.519114 2.677243 -28.703281
v 17.882095 2.407948 -28.681154
v 17.699677 2.319752 -28.709778
v 17.915590 2.377449 -28.697926
v 17.914820 2.657483 -28.707838
v 17.919353 2.319756 -28.728863
v 17.879869 2.411556 -28.669867
v 17.882095 2.407948 -28.681154
v 17.981533 2.673391 -28.756397
v 17.938831 2.681453 -28.755894
v 17.944811 2.356000 -28.743105
v 17.924444 2.665632 -28.741617
v 17.925785 2.366736 -28.728043
v 18.005362 2.659927 -28.720970
v 18.000853 2.379726 -28.705631
v 17.980732 2.363726 -28.734846
v 18.314842 2.673949 -28.814320
v 18.023256 2.686956 -28.771029
v 17.981533 2.673391 -28.756397
v 19.180586 2.680722 -28.920231
v 19.186308 2.619066 -28.857521
v 18.005362 2.659927 -28.720970
v 18.045158 2.620957 -28.703255
v 19.184092 2.660868 -28.886583
v 18.035883 2.407161 -28.701063
v 18.038498 2.409725 -28.690102
v 19.190237 2.412129 -28.843765
v 18.680782 2.322074 -28.840851
v 17.919353 2.319756 -28.728863
v 18.152149 2.322533 -28.762154
v 19.187122 2.378420 -28.865185
v 18.035883 2.407161 -28.701063
v 18.000853 2.379726 -28.705631
v 17.944811 2.356000 -28.743105
v 19.182053 2.358963 -28.904173
v 17.980732 2.363726 -28.734846
v 18.610397 2.684395 -28.844759
v 19.181793 2.320102 -28.904999
v 17.462162 1.958929 -28.649914
v 17.432104 1.957536 -29.014725
v 17.462950 1.996398 -28.659786
v 17.455799 1.611879 -28.621185
v 17.425978 0.792727 -29.004118
v 17.423235 0.758394 -28.940678
v 17.457228 0.917333 -28.582466
v 17.458862 1.296232 -28.608835
v 17.454195 1.305083 -28.598129
v 17.453335 0.950335 -28.578815
v 17.453548 1.259794 -28.598789
v 17.452734 0.686932 -28.554531
v 17.438059 0.769168 -28.737516
v 17.443682 0.755820 -28.559834
v 17.445105 0.608061 -28.707510
v 17.456875 0.569681 -28.556454
v 17.466064 0.487901 -28.507637
v 17.445105 0.608061 -28.707510
v 17.425978 0.792727 -29.004118
v 17.423235 0.758394 -28.940678
v 17.961042 0.730181 -28.982685
v 17.990650 0.599072 -28.766552
v 17.463415 0.442812 -28.460913
v 17.460323 0.382631 -28.445076
v 17.477198 0.428648 -28.414141
v 17.466064 0.487901 -28.507637
v 17.469368 0.268429 -28.413733
v 17.582848 0.289625 -28.437489
v 17.459692 0.297853 -28.438213
v 17.654230 0.429443 -28.438869
v 17.667147 0.352925 -28.416557
v 17.420496 0.052283 -28.423817
v 18.080362 0.052298 -28.510235
v 17.468189 0.120429 -28.415380
v 17.959322 0.794540 -29.073023
v 18.019285 0.532827 -28.657497
v 18.049801 0.492837 -28.591097
v 18.057243 0.423648 -28.480610
v 17.882561 0.292690 -28.477791
v 18.066919 0.146767 -28.496174
v 17.891998 0.431063 -28.462461
v 18.024841 0.365980 -28.461868
v 18.021143 0.402061 -28.446011
v 18.043938 0.261088 -28.493006
v 18.059275 0.303611 -28.512733
v 18.052137 0.460707 -28.578754
v 18.056437 0.419604 -28.535725
v 18.063440 0.265771 -28.495325
v 15.726578 2.298137 -28.405689
v 15.246540 2.323371 -28.387930
v 15.259294 2.275087 -28.324944
v 15.750112 2.313477 -28.452724
v 15.682487 2.255971 -28.375038
v 15.258873 2.043483 -28.308409
v 15.248488 1.998965 -28.372105
v 15.725964 2.012738 -28.397923
v 15.684071 2.051676 -28.363499
v 15.766245 1.992429 -28.437973
v 15.726578 2.298137 -28.405689
v 15.725964 2.012738 -28.397923
v 15.750112 2.313477 -28.452724
v 15.766245 1.992429 -28.437973
v 15.786313 2.309184 -28.451715
v 15.800918 2.006505 -28.428913
v 15.808162 2.295640 -28.414141
v 15.817396 2.020469 -28.400789
v 15.843575 2.265442 -28.404331
v 15.850151 2.262440 -28.393312
v 15.853561 2.046563 -28.382650
v 17.147907 2.259574 -28.565077
v 15.843575 2.265442 -28.404331
v 15.808162 2.295640 -28.414141
v 17.196404 2.312108 -28.633984
v 15.786313 2.309184 -28.451715
v 16.317520 2.315090 -28.514545
v 15.766245 1.992429 -28.437973
v 16.100887 1.996308 -28.482124
v 16.536463 1.995980 -28.525959
v 15.800918 2.006505 -28.428913
v 17.152088 2.053687 -28.553291
v 16.416836 1.991161 -28.522911
v 17.185493 2.299150 -28.595276
v 16.980970 1.996251 -28.588449
v 17.193991 2.013630 -28.591280
v 17.224682 1.998326 -28.628799
v 17.185493 2.299150 -28.595276
v 17.193991 2.013630 -28.591280
v 17.225859 2.320658 -28.646341
v 17.196404 2.312108 -28.633984
v 17.224682 1.998326 -28.628799
v 17.268393 2.306078 -28.614243
v 17.264402 2.015654 -28.604244
v 18.587521 2.265905 -28.758692
v 17.268393 2.306078 -28.614243
v 17.317390 2.267248 -28.587420
v 17.699677 2.319752 -28.709778
v 17.225859 2.320658 -28.646341
v 17.462950 1.996398 -28.659786
v 17.264402 2.015654 -28.604244
v 17.224682 1.998326 -28.628799
v 17.319586 2.056325 -28.575026
v 17.495649 2.000863 -28.653120
v 18.634207 2.014459 -28.802589
v 17.892323 2.002672 -28.703474
v 17.932894 2.320668 -28.729828
v 18.627098 2.301944 -28.785639
v 18.636744 2.312985 -28.818516
v 18.622324 2.024829 -28.776707
v 18.645002 2.323504 -28.837029
v 19.189989 2.269922 -28.837030
v 18.708300 2.300870 -28.796404
v 18.753424 2.266405 -28.779335
v 18.027245 2.000041 -28.733223
v 18.671402 2.000360 -28.821390
v 18.588665 2.055533 -28.744900
v 18.622324 2.024829 -28.776707
v 18.627098 2.301944 -28.785639
v 18.634207 2.014459 -28.802589
v 18.645002 2.323504 -28.837029
v 18.636744 2.312985 -28.818516
v 18.671402 2.000360 -28.821390
v 18.681416 2.322018 -28.841190
v 18.708300 2.300870 -28.796404
v 18.729179 2.046035 -28.765862
v 19.181793 2.320102 -28.904999
v 18.681416 2.322018 -28.841190
v 19.190538 2.044217 -28.825346
v 18.671402 2.000360 -28.821390
v 19.184048 1.998124 -28.889145
v 16.406658 1.957474 -28.517464
v 15.248756 1.964852 -28.368664
v 15.255023 1.941540 -28.323423
v 15.248488 1.998965 -28.372105
v 15.766245 1.992429 -28.437973
v 15.252106 1.646512 -28.345589
v 15.252539 1.609288 -28.340389
v 16.417454 1.612726 -28.486483
v 15.252539 1.609288 -28.340389
v 15.259336 1.590255 -28.296679
v 16.398521 1.597769 -28.446148
v 16.410849 1.656002 -28.491364
v 15.257260 1.670653 -28.302956
v 15.258441 1.907573 -28.300579
v 15.259903 1.706651 -28.284657
v 15.804283 1.700267 -28.358612
v 16.394154 1.933501 -28.467327
v 16.100887 1.996308 -28.482124
v 16.417454 1.612726 -28.486483
v 16.360966 1.707764 -28.426435
v 16.359821 1.555032 -28.416567
v 15.261100 1.555523 -28.277367
v 16.416836 1.991161 -28.522911
v 16.364187 1.907507 -28.442116
v 16.401463 1.670826 -28.459770
v 16.401463 1.670826 -28.459770
v 16.394154 1.933501 -28.467327
v 16.410849 1.656002 -28.491364
v 16.406658 1.957474 -28.517464
v 15.260954 1.318132 -28.279926
v 15.255100 1.290628 -28.321568
v 16.396446 1.307944 -28.454506
v 16.393936 1.240637 -28.418373
v 15.255651 1.258693 -28.317291
v 15.264227 1.222894 -28.263580
v 16.416538 1.295268 -28.465008
v 16.413597 1.258618 -28.461767
v 16.000954 1.206056 -28.361320
v 15.444847 1.195576 -28.274097
v 15.266626 0.989947 -28.237690
v 15.258688 0.903279 -28.297041
v 16.411480 0.946025 -28.439741
v 15.258716 0.940057 -28.294287
v 15.836039 0.993568 -28.308752
v 15.261114 0.547375 -28.274393
v 15.860700 0.571628 -28.356155
v 15.264542 0.586583 -28.253927
v 15.681822 0.543134 -28.331848
v 15.978637 0.517513 -28.331976
v 16.017319 0.525275 -28.367546
v 15.266664 0.527005 -28.235880
v 16.422974 0.590071 -28.404839
v 16.396542 0.618596 -28.364489
v 16.397650 0.883867 -28.392883
v 15.264194 0.879760 -28.251965
v 15.267497 0.843104 -28.224979
v 15.850117 0.848828 -28.301159
v 15.832400 0.635366 -28.285151
v 15.269706 0.629776 -28.213421
v 15.273991 0.423018 -28.180267
v 16.410557 0.422676 -28.328136
v 15.268057 0.445329 -28.223120
v 15.275093 0.283729 -28.170965
v 16.405758 0.435747 -28.365387
v 15.810013 0.265727 -28.213041
v 15.278575 0.266146 -28.141670
v 16.437456 0.169425 -28.303646
v 15.278358 0.051776 -28.141243
v 16.361496 1.344258 -28.402077
v 15.263219 1.347137 -28.261379
v 15.780875 1.203164 -28.323404
v 16.393118 1.328199 -28.422930
v 16.355591 1.189263 -28.391558
v 16.393913 0.966913 -28.404135
v 15.263245 0.957160 -28.261410
v 15.850335 1.123714 -28.318306
v 16.421585 0.903554 -28.437872
v 15.843884 0.286371 -28.245026
v 16.415880 0.301944 -28.322994
v 16.428474 0.286768 -28.303339
v 16.393118 1.328199 -28.422930
v 16.398521 1.597769 -28.446148
v 16.416538 1.295268 -28.465008
v 16.417454 1.612726 -28.486483
v 16.396446 1.307944 -28.454506
v 16.361776 0.999426 -28.376633
v 16.393936 1.240637 -28.418373
v 16.411480 0.946025 -28.439741
v 16.413597 1.258618 -28.461767
v 16.415524 0.567970 -28.426737
v 16.408958 0.509039 -28.390953
v 16.408272 0.527753 -28.426188
v 16.422974 0.590071 -28.404839
v 16.421585 0.903554 -28.437872
v 16.397650 0.883867 -28.392883
v 16.369896 0.860092 -28.366116
v 16.374235 0.706115 -28.355484
v 16.408276 0.052624 -28.291077
v 19.189838 1.950029 -28.849850
v 18.032032 1.966235 -28.727449
v 18.063854 1.937889 -28.684355
v 18.671402 2.000360 -28.821390
v 18.027245 2.000041 -28.733223
v 18.063854 1.937889 -28.684355
v 18.032032 1.966235 -28.727449
v 18.027105 1.659827 -28.697271
v 18.092319 1.702314 -28.655479
v 18.090855 1.560547 -28.644703
v 18.051424 1.598716 -28.662853
v 18.050047 1.330138 -28.638029
v 18.019890 1.619774 -28.703146
v 19.187368 1.651498 -28.862339
v 18.027105 1.659827 -28.697271
v 19.194931 1.706207 -28.803822
v 19.192486 1.910172 -28.819626
v 18.107193 1.914788 -28.672276
v 19.184528 1.964397 -28.886072
v 19.188448 1.609401 -28.856560
v 19.189217 1.671399 -28.826113
v 18.030106 1.606260 -28.693243
v 18.051424 1.598716 -28.662853
v 19.193783 1.593733 -28.815910
v 19.196205 1.555897 -28.794897
v 19.184048 1.998124 -28.889145
v 18.023594 0.958891 -28.622952
v 18.021784 1.259812 -28.673279
v 18.010994 1.172101 -28.651548
v 18.030106 1.606260 -28.693243
v 18.017088 1.307501 -28.668888
v 18.048489 1.239725 -28.638538
v 18.090252 1.355011 -28.628878
v 19.191185 1.260458 -28.834616
v 18.013119 1.289379 -28.681805
v 18.021784 1.259812 -28.673279
v 19.197477 1.349562 -28.780531
v 18.050047 1.330138 -28.638029
v 18.092197 1.000247 -28.602814
v 18.093683 1.210394 -28.618099
v 18.358150 0.899998 -28.707096
v 18.013073 0.944807 -28.656252
v 18.012199 0.891224 -28.648010
v 18.018505 0.838974 -28.598484
v 18.633982 0.855532 -28.700602
v 18.324333 0.847461 -28.635635
v 19.200500 0.995099 -28.755657
v 18.622236 1.201396 -28.697136
v 18.070524 0.539250 -28.597458
v 18.052439 0.553014 -28.632221
v 18.049801 0.492837 -28.591097
v 19.198814 0.529752 -28.756849
v 18.035864 0.584250 -28.633736
v 19.196739 0.542131 -28.791878
v 18.040789 0.654928 -28.569220
v 18.043205 0.604474 -28.599470
v 18.295256 0.631970 -28.609560
v 18.600321 0.721113 -28.649008
v 19.204483 0.632864 -28.731625
v 18.063440 0.265771 -28.495325
v 18.059275 0.303611 -28.512733
v 18.043938 0.261088 -28.493006
v 18.056437 0.419604 -28.535725
v 18.736345 0.422988 -28.636223
v 18.052137 0.460707 -28.578754
v 18.362007 0.299240 -28.568380
v 18.048489 1.239725 -28.638538
v 19.197298 1.221678 -28.778900
v 19.190603 1.293601 -28.838837
v 19.195343 1.313995 -28.801231
v 18.017088 1.307501 -28.668888
v 18.023594 0.958891 -28.622952
v 19.197184 0.960732 -28.775700
v 18.830437 0.899413 -28.761993
v 18.845650 0.849718 -28.700357
v 19.196795 0.577704 -28.791920
v 19.202667 0.599137 -28.747419
v 19.204597 0.754304 -28.735559
v 19.213305 0.267089 -28.660408
v 19.214560 0.051940 -28.659210
v 18.066919 0.146767 -28.496174
v 19.203032 0.449072 -28.744537
v 19.209126 0.422604 -28.697319
v 18.080305 0.052381 -28.510639
v 19.193787 0.936288 -28.815075
v 19.195168 0.897135 -28.806181
v 19.201294 0.864161 -28.750332
v 19.211803 0.287669 -28.685850
v 17.468103 1.912512 -29.079082
v 17.505558 1.885990 -29.087255
v 17.878906 1.884466 -29.136686
v 17.454588 1.927936 -29.022968
v 17.959785 1.957211 -29.085764
v 17.430956 1.957603 -29.014774
v 17.927479 1.917437 -29.086805
v 17.474112 1.912636 -29.033115
v 17.915504 1.912509 -29.137932
v 17.505770 1.878824 -29.118361
v 17.869387 1.878825 -29.166191
v 17.900759 0.857914 -29.119087
v 17.465342 0.864994 -29.070810
v 17.471439 0.839846 -29.021564
v 17.930002 0.836923 -29.072412
v 17.452190 0.839009 -29.009933
v 17.425978 0.792727 -29.004118
v 17.959322 0.794540 -29.073023
v 17.905064 0.839868 -29.078712
v 17.862427 0.903494 -29.125122
v 17.501614 0.901965 -29.087591
v 17.502962 0.908886 -29.117870
v 17.854694 0.908886 -29.154846
v 16.873343 1.912509 -29.000843
v 16.462254 1.884302 -28.950581
v 16.836636 1.886028 -28.999708
v 16.412327 1.927883 -28.885191
v 16.886030 1.919924 -28.948957
v 16.914148 1.959425 -28.945520
v 16.387947 1.960711 -28.877853
v 16.431969 1.912565 -28.895870
v 16.426010 1.912511 -28.941595
v 16.827248 1.878825 -29.029118
v 16.463619 1.878824 -28.981274
v 16.422955 0.862017 -28.932213
v 16.461309 0.916675 -28.980679
v 16.460342 0.932837 -28.949047
v 16.887383 0.833740 -28.935383
v 16.410513 0.835699 -28.872368
v 16.387047 0.793662 -28.866058
v 16.820875 0.909521 -28.988754
v 16.812687 0.918645 -29.017864
v 16.429619 0.839803 -28.884529
v 16.862783 0.839809 -28.941605
v 16.857906 0.865391 -28.983057
v 16.910223 0.792849 -28.933655
v 15.275649 3.023716 -28.419388
v 15.241794 3.052262 -28.422964
v 15.244550 2.679084 -28.403561
v 15.276511 2.707661 -28.400600
v 15.303179 3.012311 -28.389194
v 15.307097 2.724412 -28.367622
v 15.361578 2.975922 -28.368427
v 15.357248 2.754317 -28.354656
v 17.151134 2.963652 -28.599030
v 17.202938 3.008756 -28.661062
v 15.275649 3.023716 -28.419388
v 15.303179 3.012311 -28.389194
v 17.203720 3.052359 -28.678263
v 15.241794 3.052262 -28.422964
v 17.230335 3.024199 -28.679819
v 17.218626 2.698259 -28.662348
v 15.244550 2.679084 -28.403561
v 15.845901 2.669598 -28.485168
v 15.307097 2.724412 -28.367622
v 15.276511 2.707661 -28.400600
v 17.189707 2.724394 -28.614830
v 17.195593 3.005473 -28.632570
v 16.505329 2.671034 -28.570774
v 17.203564 2.711910 -28.646339
v 17.151901 2.756952 -28.589100
v 17.218626 2.698259 -28.662348
v 17.203564 2.711910 -28.646339
v 17.202938 3.008756 -28.661062
v 17.195593 3.005473 -28.632570
v 17.229822 2.674109 -28.664555
v 17.189707 2.724394 -28.614830
v 17.230335 3.024199 -28.679819
v 17.218626 2.698259 -28.662348
v 17.288076 2.723848 -28.628244
v 17.296087 3.002775 -28.641796
v 17.271021 3.013576 -28.671629
v 17.266733 2.710137 -28.659227
v 17.333429 2.756541 -28.616333
v 17.336607 2.963907 -28.624613
v 18.251801 2.759392 -28.734509
v 19.145681 3.021051 -28.920588
v 17.230335 3.024199 -28.679819
v 17.271021 3.013576 -28.671629
v 17.296087 3.002775 -28.641796
v 17.203352 3.052278 -28.679886
v 19.177135 3.052285 -28.940832
v 17.938831 2.681453 -28.755894
v 17.218626 2.698259 -28.662348
v 17.229553 2.674321 -28.666271
v 17.981533 2.673391 -28.756397
v 18.023256 2.686956 -28.771029
v 17.288076 2.723848 -28.628244
v 17.266733 2.710137 -28.659227
v 19.141548 2.722598 -28.891932
v 19.133228 3.009854 -28.888624
v 18.403561 2.704826 -28.819695
v 19.155535 2.706353 -28.914494
v 19.097639 2.971306 -28.859684
v 19.154734 3.030988 -28.936037
v 19.094862 2.763184 -28.850178
v 19.141548 2.722598 -28.891932
v 19.133228 3.009854 -28.888624
v 19.155535 2.706353 -28.914494
v 19.145681 3.021051 -28.920588
v 19.180586 2.680722 -28.920231
v 19.177135 3.052285 -28.940832
v 19.154734 3.030988 -28.936037
v 15.244550 2.679084 -28.403561
v 18.610397 2.684395 -28.844759
v 19.180586 2.680722 -28.920231
v 18.314842 2.673949 -28.814320
v 16.983631 1.959810 -28.584646
v 16.985287 1.655632 -28.567398
v 17.012589 1.942759 -28.551441
v 17.224682 1.998326 -28.628799
v 16.980970 1.996251 -28.588449
v 16.983631 1.959810 -28.584646
v 17.445139 1.949203 -28.619667
v 17.030945 1.689540 -28.519909
v 17.058491 1.893116 -28.531509
v 17.459183 1.657827 -28.625385
v 16.985287 1.655632 -28.567398
v 16.987183 1.614601 -28.563745
v 17.420179 1.700463 -28.566149
v 17.404997 1.907102 -28.581568
v 17.439135 1.601158 -28.582666
v 17.040993 1.573823 -28.510788
v 16.987183 1.614601 -28.563745
v 16.981512 1.280135 -28.545677
v 17.006252 1.317422 -28.514132
v 17.033009 1.229786 -28.486948
v 16.986969 1.258651 -28.542513
v 17.029922 0.982758 -28.465542
v 16.981512 1.280135 -28.545677
v 17.458862 1.296232 -28.608835
v 17.006252 1.317422 -28.514132
v 17.056206 1.357083 -28.493595
v 17.417583 1.342071 -28.547335
v 16.981592 0.944600 -28.516693
v 16.996325 0.856651 -28.448494
v 16.983027 0.906119 -28.515776
v 16.994114 0.819237 -28.441269
v 17.436630 0.890986 -28.528368
v 17.457228 0.917333 -28.582466
v 16.981592 0.944600 -28.516693
v 17.421638 1.221583 -28.534027
v 17.453335 0.950335 -28.578815
v 17.412245 0.985357 -28.517391
v 17.437511 0.540723 -28.511314
v 16.980577 0.567223 -28.493967
v 16.985641 0.540556 -28.453869
v 17.456875 0.569681 -28.556454
v 16.994019 0.594112 -28.455986
v 17.442368 0.599489 -28.515364
v 16.993441 0.651641 -28.427485
v 16.998800 0.478118 -28.439165
v 17.400822 0.855037 -28.501955
v 17.050453 0.115949 -28.362480
v 17.469368 0.268429 -28.413733
v 17.022043 0.267454 -28.358459
v 17.022278 0.307157 -28.386539
v 17.463415 0.442812 -28.460913
v 17.017855 0.439828 -28.385895
v 17.459692 0.297853 -28.438213
v 17.466064 0.487901 -28.507637
v 17.077238 0.052266 -28.378593
v 17.420496 0.052283 -28.423817
v 17.468189 0.120429 -28.415380
v 17.462950 1.996398 -28.659786
v 17.462162 1.958929 -28.649914
v 17.457266 1.614903 -28.620605
v 17.445139 1.949203 -28.619667
v 17.459183 1.657827 -28.625385
v 17.462162 1.958929 -28.649914
v 17.403959 1.558880 -28.553089
v 17.454195 1.305083 -28.598129
v 17.453548 1.259794 -28.598789
v 16.986969 1.258651 -28.542513
v 17.439135 1.601158 -28.582666
v 17.454195 1.305083 -28.598129
v 17.457266 1.614903 -28.620605
v 17.453335 0.950335 -28.578815
v 17.453548 1.259794 -28.598789
v 17.443682 0.755820 -28.559834
v 17.457228 0.917333 -28.582466
v 17.436630 0.890986 -28.528368
v 17.452734 0.686932 -28.554531
v 17.403831 0.649367 -28.493889
v 17.460323 0.382631 -28.445076
v 17.495649 2.000863 -28.653120
v 17.441982 1.969677 -28.902905
v 17.430956 1.957603 -29.014774
v 17.462950 1.996398 -28.659786
v 17.892323 2.002672 -28.703474
v 17.959785 1.957211 -29.085764
v 18.027245 2.000041 -28.733223
v 18.032032 1.966235 -28.727449
v 18.019890 1.619774 -28.703146
v 17.957916 1.187083 -29.024467
v 18.027105 1.659827 -28.697271
v 18.017088 1.307501 -28.668888
v 18.030106 1.606260 -28.693243
v 17.959322 0.794540 -29.073023
v 17.961042 0.730181 -28.982685
v 17.980911 0.697092 -28.895735
v 17.998575 1.132452 -28.760315
v 18.013119 1.289379 -28.681805
v 18.021784 1.259812 -28.673279
v 18.010994 1.172101 -28.651548
v 18.012199 0.891224 -28.648010
v 18.013073 0.944807 -28.656252
v 18.023594 0.958891 -28.622952
v 17.990650 0.599072 -28.766552
v 18.019285 0.532827 -28.657497
v 17.990650 0.599072 -28.766552
v 18.021082 0.612460 -28.643644
v 18.018505 0.838974 -28.598484
v 18.043205 0.604474 -28.599470
v 18.035864 0.584250 -28.633736
v 18.052439 0.553014 -28.632221
v 18.040789 0.654928 -28.569220
v 18.049801 0.492837 -28.591097
v 16.416836 1.991161 -28.522911
v 16.387947 1.960711 -28.877853
v 16.914148 1.959425 -28.945520
v 16.980970 1.996251 -28.588449
v 16.536463 1.995980 -28.525959
v 16.417454 1.612726 -28.486483
v 16.410849 1.656002 -28.491364
v 16.406658 1.957474 -28.517464
v 16.937719 1.965339 -28.846043
v 16.411480 0.946025 -28.439741
v 16.411722 1.099862 -28.573269
v 16.415348 1.279934 -28.463615
v 16.402271 0.607381 -28.573761
v 16.422974 0.590071 -28.404839
v 16.415524 0.567970 -28.426737
v 16.408272 0.527753 -28.426188
v 16.384144 1.040860 -28.869591
v 16.393888 0.719336 -28.755615
v 16.387047 0.793662 -28.866058
v 16.421585 0.903554 -28.437872
v 15.208971 2.552262 -28.672417
v 15.241794 3.052262 -28.422964
v 15.208972 3.052262 -28.672421
v 15.244550 2.679084 -28.403561
v 15.278575 0.266146 -28.141670
v 15.209065 0.052268 -28.671688
v 15.278358 0.051776 -28.141243
v 15.275093 0.283729 -28.170965
v 15.273991 0.423018 -28.180267
v 15.268057 0.445329 -28.223120
v 15.268057 0.445329 -28.223120
v 15.209022 0.885597 -28.672018
v 15.209065 0.052268 -28.671688
v 15.246533 2.661848 -28.391293
v 15.261114 0.547375 -28.274393
v 15.268057 0.445329 -28.223120
v 15.266664 0.527005 -28.235880
v 15.209022 0.885597 -28.672018
v 15.264542 0.586583 -28.253927
v 15.269706 0.629776 -28.213421
v 15.267497 0.843104 -28.224979
v 15.264194 0.879760 -28.251965
v 15.258688 0.903279 -28.297041
v 15.258716 0.940057 -28.294287
v 15.209006 1.385597 -28.672138
v 15.263245 0.957160 -28.261410
v 15.266626 0.989947 -28.237690
v 15.264227 1.222894 -28.263580
v 15.255651 1.258693 -28.317291
v 15.255100 1.290628 -28.321568
v 15.208992 1.885596 -28.672253
v 15.260954 1.318132 -28.279926
v 15.263219 1.347137 -28.261379
v 15.261100 1.555523 -28.277367
v 15.250175 2.657509 -28.361008
v 15.252586 2.619528 -28.336636
v 15.255174 2.404066 -28.327579
v 15.246310 2.356688 -28.388716
v 15.246540 2.323371 -28.387930
v 15.252539 1.609288 -28.340389
v 15.259336 1.590255 -28.296679
v 15.252106 1.646512 -28.345589
v 15.257260 1.670653 -28.302956
v 15.259903 1.706651 -28.284657
v 15.258282 1.908615 -28.301762
v 15.255023 1.941540 -28.323423
v 15.248756 1.964852 -28.368664
v 15.248488 1.998965 -28.372105
v 15.258873 2.043483 -28.308409
v 15.259294 2.275087 -28.324944
v 15.370647 0.213958 -28.693811
v 15.209048 0.052268 -28.671810
v 15.370643 2.890796 -28.693853
v 15.208967 3.052262 -28.672461
v 19.177135 3.052285 -28.940832
v 19.144529 2.552263 -29.189386
v 19.144501 3.052262 -29.189606
v 19.180586 2.680722 -28.920231
v 19.144642 0.052275 -29.188454
v 19.213181 0.266102 -28.661253
v 19.214560 0.051940 -28.659210
v 19.211803 0.287669 -28.685850
v 19.209126 0.422604 -28.697319
v 19.203032 0.449072 -28.744537
v 19.144615 0.885598 -29.188742
v 19.184092 2.660868 -28.886583
v 19.196739 0.542131 -28.791878
v 19.198814 0.529752 -28.756849
v 19.196795 0.577704 -28.791920
v 19.202667 0.599137 -28.747419
v 19.204483 0.632864 -28.731625
v 19.204597 0.754304 -28.735559
v 19.201294 0.864161 -28.750332
v 19.186214 2.618999 -28.858219
v 19.190237 2.412129 -28.843765
v 19.187122 2.378420 -28.865185
v 19.182053 2.358963 -28.904173
v 19.144569 1.802263 -29.189083
v 19.181793 2.320102 -28.904999
v 19.193787 0.936288 -28.815075
v 19.191185 1.260458 -28.834616
v 19.200500 0.995099 -28.755657
v 19.184048 1.998124 -28.889145
v 19.189989 2.269922 -28.837030
v 19.190538 2.044217 -28.825346
v 19.192486 1.910172 -28.819626
v 19.184528 1.964397 -28.886072
v 19.189838 1.950029 -28.849850
v 19.187368 1.651498 -28.862339
v 19.194931 1.706207 -28.803822
v 19.189217 1.671399 -28.826113
v 19.197477 1.349562 -28.780531
v 19.188448 1.609401 -28.856560
v 19.196205 1.555897 -28.794897
v 19.195168 0.897135 -28.806181
v 19.190603 1.293601 -28.838837
v 19.195343 1.313995 -28.801231
v 19.193783 1.593733 -28.815910
v 19.197298 1.221678 -28.778900
v 19.197184 0.960732 -28.775700
v 18.973623 2.890796 -29.167791
v 19.144501 3.052263 -29.189598
v 19.144644 0.052271 -29.188475
v 18.973637 0.213958 -29.167664
v 15.209065 0.052268 -28.671688
v 16.723282 0.052721 -28.333197
v 15.278358 0.051776 -28.141243
v 17.067421 0.052274 -28.377378
v 15.209065 0.052268 -28.671688
v 18.080362 0.052298 -28.510235
v 17.067421 0.052274 -28.377378
v 19.144642 0.052275 -29.188454
v 18.080362 0.052298 -28.510235
v 19.144642 0.052275 -29.188454
v 18.364828 0.052412 -28.548592
v 19.214560 0.051940 -28.659210
v 18.973637 0.213958 -29.167664
v 19.144642 0.052275 -29.188454
v 15.209065 0.052268 -28.671688
v 15.370647 0.213958 -28.693811
v 16.258656 3.052273 -28.554623
v 15.208972 3.052262 -28.672421
v 15.241794 3.052262 -28.422964
v 17.203255 3.052262 -28.680305
v 15.208972 3.052262 -28.672421
v 16.258656 3.052273 -28.554623
v 17.575787 3.052298 -28.728006
v 15.208972 3.052262 -28.672421
v 17.203255 3.052262 -28.680305
v 19.177135 3.052285 -28.940832
v 15.208972 3.052262 -28.672421
v 17.575787 3.052298 -28.728006
v 19.177135 3.052285 -28.940832
v 19.144501 3.052262 -29.189606
v 15.208972 3.052262 -28.672421
v 19.144501 3.052262 -29.189606
v 18.973623 2.890796 -29.167791
v 15.370643 2.890796 -28.693853
v 10.419370 1.912509 -28.151876
v 10.366291 0.903494 -28.139069
v 10.404625 0.857914 -28.133034
v 10.431344 1.917437 -28.100750
v 10.463186 0.794540 -28.086967
v 10.463651 1.957211 -28.099709
v 10.382771 1.884466 -28.150631
v 10.373252 1.878825 -28.180138
v 10.408931 0.839868 -28.092659
v 10.433869 0.836923 -28.086359
v 10.358558 0.908886 -28.168791
v 9.956056 0.839009 -28.023880
v 9.934820 1.957603 -28.028719
v 9.929844 0.792727 -28.018063
v 9.977977 1.912636 -28.047060
v 9.975305 0.839846 -28.035511
v 9.969208 0.864994 -28.084755
v 9.971970 1.912512 -28.093029
v 10.009421 1.885990 -28.101200
v 9.958453 1.927936 -28.036913
v 10.006825 0.908886 -28.131817
v 10.009633 1.878824 -28.132305
v 10.005481 0.901965 -28.101536
v 8.916191 1.927883 -27.899136
v 8.888010 1.040860 -27.883535
v 8.890911 0.793662 -27.880003
v 8.914378 0.835699 -27.886312
v 8.935833 1.912565 -27.909817
v 8.926820 0.862017 -27.946157
v 8.929875 1.912511 -27.955540
v 8.964209 0.932837 -27.962992
v 8.967484 1.878824 -27.995220
v 8.966119 1.884302 -27.964527
v 8.891811 1.960711 -27.891798
v 8.933482 0.839803 -27.898474
v 8.965175 0.916675 -27.994623
v 9.389894 1.919924 -27.962902
v 9.421973 1.685135 -27.961634
v 9.418014 1.959425 -27.959465
v 9.391248 0.833740 -27.949329
v 9.414086 0.792849 -27.947601
v 9.366650 0.839809 -27.955549
v 9.377208 1.912509 -28.014788
v 9.324739 0.909521 -28.002701
v 9.361773 0.865391 -27.997004
v 9.331112 1.878825 -28.043064
v 9.316553 0.918645 -28.031811
v 9.418955 0.948592 -27.949314
v 9.340500 1.886028 -28.013653
v 9.418014 1.959425 -27.959465
v 9.421973 1.685135 -27.961634
v 9.441585 1.965339 -27.859989
v 9.464689 1.647729 -27.687796
v 9.487496 1.959810 -27.598591
v 9.484836 1.996251 -27.602396
v 9.489154 1.655632 -27.581345
v 9.491048 1.614601 -27.577690
v 9.485379 1.280135 -27.559622
v 9.418955 0.948592 -27.949314
v 9.414086 0.792849 -27.947601
v 9.463105 0.577983 -27.603546
v 9.485373 0.906184 -27.529491
v 9.490835 1.258651 -27.556458
v 9.484443 0.567223 -27.507912
v 9.497307 0.651641 -27.441429
v 9.497980 0.819237 -27.455214
v 9.489509 0.540556 -27.467813
v 9.502666 0.478118 -27.453110
v 9.497884 0.594112 -27.469933
v 8.913128 0.509215 -27.405081
v 8.909730 0.436626 -27.378733
v 8.923757 0.475684 -27.350658
v 8.914421 0.422676 -27.342083
v 8.919745 0.301944 -27.336939
v 8.932339 0.286768 -27.317286
v 9.414086 0.792849 -27.947601
v 8.890911 0.793662 -27.880003
v 8.897754 0.719336 -27.769560
v 8.906137 0.607381 -27.587708
v 9.216395 0.483104 -27.404207
v 9.463105 0.577983 -27.603546
v 8.994833 0.376525 -27.319765
v 9.305904 0.413718 -27.361631
v 9.219455 0.295940 -27.348227
v 8.941484 0.169441 -27.316301
v 9.219932 0.052700 -27.346306
v 9.224781 0.261254 -27.328758
v 9.374400 0.430037 -27.348682
v 8.912141 0.052624 -27.305023
v 9.502666 0.478118 -27.453110
v 9.510305 0.434132 -27.361904
v 9.526141 0.307157 -27.400484
v 9.554318 0.115949 -27.376427
v 9.525908 0.267454 -27.372406
v 9.521720 0.439828 -27.399841
v 9.581102 0.052266 -27.392536
v 7.759040 2.404066 -27.341524
v 7.750176 2.356688 -27.402660
v 8.970896 2.368609 -27.521875
v 8.982125 2.662697 -27.567261
v 7.748415 2.679084 -27.417505
v 7.750398 2.661848 -27.405235
v 8.349766 2.669598 -27.499115
v 8.971338 2.653640 -27.535433
v 7.754041 2.657509 -27.374952
v 8.253977 2.313477 -27.466671
v 7.750405 2.323371 -27.401875
v 8.933450 2.404823 -27.493206
v 8.930211 2.613386 -27.505367
v 7.756451 2.619528 -27.350582
v 8.987465 2.353939 -27.563253
v 9.009195 2.671034 -27.584719
v 8.821383 2.315090 -27.528490
v 8.290178 2.309184 -27.465660
v 8.948834 2.316137 -27.557560
v 10.418683 2.657483 -27.721783
v 9.042003 2.660836 -27.567001
v 9.103666 2.609066 -27.526489
v 8.971338 2.653640 -27.535433
v 8.970896 2.368609 -27.521875
v 8.987465 2.353939 -27.563253
v 8.982125 2.662697 -27.567261
v 9.009195 2.671034 -27.584719
v 9.032876 2.353825 -27.564835
v 9.032876 2.353825 -27.564835
v 9.700267 2.312108 -27.647930
v 8.948834 2.316137 -27.557560
v 8.821383 2.315090 -27.528490
v 9.042003 2.660836 -27.567001
v 9.061523 2.375691 -27.527563
v 9.101056 2.405411 -27.514603
v 9.528076 2.673068 -27.651394
v 9.009195 2.671034 -27.584719
v 10.442697 2.681453 -27.769838
v 10.428308 2.665632 -27.755562
v 9.733472 2.674314 -27.679657
v 9.032876 2.353825 -27.564835
v 10.419454 2.377449 -27.711872
v 9.061523 2.375691 -27.527563
v 10.448674 2.356000 -27.757050
v 9.729723 2.320658 -27.660286
v 10.429647 2.366736 -27.741987
v 10.380687 2.619607 -27.695469
v 10.022977 2.677243 -27.717226
v 10.385961 2.407948 -27.695099
v 10.203543 2.319752 -27.723724
v 10.419454 2.377449 -27.711872
v 10.418683 2.657483 -27.721783
v 10.423217 2.319756 -27.742807
v 10.383736 2.411556 -27.683811
v 10.385961 2.407948 -27.695099
v 10.485396 2.673391 -27.770344
v 10.442697 2.681453 -27.769838
v 10.448674 2.356000 -27.757050
v 10.428308 2.665632 -27.755562
v 10.429647 2.366736 -27.741987
v 10.509227 2.659927 -27.734915
v 10.504717 2.379726 -27.719578
v 10.484597 2.363726 -27.748793
v 10.818706 2.673949 -27.828266
v 10.527122 2.686956 -27.784975
v 10.485396 2.673391 -27.770344
v 11.684451 2.680722 -27.934175
v 11.690174 2.619066 -27.871466
v 10.509227 2.659927 -27.734915
v 10.549023 2.620957 -27.717201
v 11.687958 2.660868 -27.900528
v 10.539748 2.407161 -27.715008
v 10.542362 2.409725 -27.704048
v 11.694102 2.412129 -27.857712
v 11.184649 2.322074 -27.854795
v 10.423217 2.319756 -27.742807
v 10.656014 2.322533 -27.776100
v 11.690988 2.378420 -27.879129
v 10.539748 2.407161 -27.715008
v 10.504717 2.379726 -27.719578
v 10.448674 2.356000 -27.757050
v 11.685916 2.358963 -27.918118
v 10.484597 2.363726 -27.748793
v 11.114263 2.684395 -27.858704
v 11.685658 2.320102 -27.918945
v 9.966027 1.958929 -27.663858
v 9.935969 1.957536 -28.028671
v 9.966817 1.996398 -27.673731
v 9.959664 1.611881 -27.635130
v 9.929844 0.792727 -28.018063
v 9.927101 0.758394 -27.954624
v 9.961095 0.917333 -27.596411
v 9.962729 1.296232 -27.622780
v 9.958061 1.305083 -27.612076
v 9.957198 0.950335 -27.592760
v 9.957413 1.259794 -27.612734
v 9.956599 0.686932 -27.568476
v 9.941922 0.769168 -27.751461
v 9.947546 0.755820 -27.573780
v 9.948968 0.608061 -27.721455
v 9.960741 0.569681 -27.570398
v 9.969930 0.487901 -27.521582
v 9.948968 0.608061 -27.721455
v 9.929844 0.792727 -28.018063
v 9.927101 0.758394 -27.954624
v 10.464907 0.730181 -27.996630
v 10.494515 0.599072 -27.780497
v 9.967281 0.442812 -27.474857
v 9.964190 0.382631 -27.459023
v 9.981063 0.428648 -27.428087
v 9.969930 0.487901 -27.521582
v 9.973234 0.268429 -27.427677
v 10.086713 0.289625 -27.451435
v 9.963559 0.297853 -27.452160
v 10.158093 0.429443 -27.452814
v 10.171013 0.352925 -27.430502
v 9.924362 0.052283 -27.437763
v 10.584228 0.052298 -27.524179
v 9.972054 0.120429 -27.429325
v 10.463186 0.794540 -28.086967
v 10.523149 0.532827 -27.671442
v 10.553665 0.492837 -27.605042
v 10.561107 0.423648 -27.494556
v 10.386425 0.292690 -27.491735
v 10.570785 0.146767 -27.510118
v 10.395863 0.431063 -27.476406
v 10.528706 0.365980 -27.475813
v 10.525007 0.402061 -27.459955
v 10.547803 0.261088 -27.506952
v 10.563138 0.303611 -27.526678
v 10.556003 0.460707 -27.592701
v 10.560301 0.419604 -27.549669
v 10.567307 0.265771 -27.509270
v 8.230442 2.298137 -27.419634
v 7.750405 2.323371 -27.401875
v 7.763158 2.275087 -27.338888
v 8.253977 2.313477 -27.466671
v 8.186352 2.255971 -27.388983
v 7.762738 2.043483 -27.322353
v 7.752353 1.998965 -27.386051
v 8.229830 2.012738 -27.411869
v 8.187935 2.051676 -27.377445
v 8.270109 1.992429 -27.451918
v 8.230442 2.298137 -27.419634
v 8.229830 2.012738 -27.411869
v 8.253977 2.313477 -27.466671
v 8.270109 1.992429 -27.451918
v 8.290178 2.309184 -27.465660
v 8.304783 2.006505 -27.442858
v 8.312026 2.295640 -27.428087
v 8.321262 2.020469 -27.414736
v 8.347441 2.265442 -27.418276
v 8.354017 2.262440 -27.407257
v 8.357426 2.046563 -27.396595
v 9.651772 2.259574 -27.579021
v 8.347441 2.265442 -27.418276
v 8.312026 2.295640 -27.428087
v 9.700267 2.312108 -27.647930
v 8.290178 2.309184 -27.465660
v 8.821383 2.315090 -27.528490
v 8.270109 1.992429 -27.451918
v 8.604752 1.996308 -27.496071
v 9.040328 1.995980 -27.539904
v 8.304783 2.006505 -27.442858
v 9.655954 2.053687 -27.567238
v 8.920702 1.991161 -27.536856
v 9.689358 2.299150 -27.609221
v 9.484836 1.996251 -27.602396
v 9.697858 2.013630 -27.605225
v 9.728547 1.998326 -27.642746
v 9.689358 2.299150 -27.609221
v 9.697858 2.013630 -27.605225
v 9.729723 2.320658 -27.660286
v 9.700267 2.312108 -27.647930
v 9.728547 1.998326 -27.642746
v 9.772258 2.306078 -27.628185
v 9.768269 2.015654 -27.618191
v 11.091385 2.265905 -27.772638
v 9.772258 2.306078 -27.628185
v 9.821254 2.267248 -27.601366
v 10.203543 2.319752 -27.723724
v 9.729723 2.320658 -27.660286
v 9.966817 1.996398 -27.673731
v 9.768269 2.015654 -27.618191
v 9.728547 1.998326 -27.642746
v 9.823451 2.056325 -27.588970
v 9.999516 2.000863 -27.667065
v 11.138073 2.014459 -27.816536
v 10.396189 2.002672 -27.717421
v 10.436769 2.320668 -27.743774
v 11.130963 2.301944 -27.799583
v 11.140608 2.312985 -27.832462
v 11.126188 2.024829 -27.790653
v 11.148867 2.323504 -27.850975
v 11.693854 2.269922 -27.850975
v 11.212165 2.300870 -27.810349
v 11.257289 2.266405 -27.793282
v 10.531109 2.000041 -27.747168
v 11.175268 2.000360 -27.835335
v 11.092529 2.055533 -27.758846
v 11.126188 2.024829 -27.790653
v 11.130963 2.301944 -27.799583
v 11.138073 2.014459 -27.816536
v 11.148867 2.323504 -27.850975
v 11.140608 2.312985 -27.832462
v 11.175268 2.000360 -27.835335
v 11.185281 2.322018 -27.855135
v 11.212165 2.300870 -27.810349
v 11.233046 2.046035 -27.779808
v 11.685658 2.320102 -27.918945
v 11.185281 2.322018 -27.855135
v 11.694403 2.044217 -27.839293
v 11.175268 2.000360 -27.835335
v 11.687911 1.998124 -27.903091
v 8.910523 1.957474 -27.531408
v 7.752621 1.964852 -27.382610
v 7.758888 1.941540 -27.337368
v 7.752353 1.998965 -27.386051
v 8.270109 1.992429 -27.451918
v 7.755970 1.646512 -27.359533
v 7.756404 1.609288 -27.354334
v 8.921320 1.612726 -27.500427
v 7.756404 1.609288 -27.354334
v 7.763201 1.590255 -27.310623
v 8.902387 1.597769 -27.460094
v 8.914714 1.656002 -27.505310
v 7.761126 1.670653 -27.316902
v 7.762305 1.907573 -27.314524
v 7.763769 1.706651 -27.298603
v 8.308148 1.700267 -27.372559
v 8.898019 1.933501 -27.481274
v 8.604752 1.996308 -27.496071
v 8.921320 1.612726 -27.500427
v 8.864830 1.707764 -27.440380
v 8.863686 1.555032 -27.430511
v 7.764965 1.555523 -27.291313
v 8.920702 1.991161 -27.536856
v 8.868052 1.907507 -27.456062
v 8.905328 1.670826 -27.473717
v 8.905328 1.670826 -27.473717
v 8.898019 1.933501 -27.481274
v 8.914714 1.656002 -27.505310
v 8.910523 1.957474 -27.531408
v 7.764819 1.318132 -27.293873
v 7.758965 1.290628 -27.335512
v 8.900311 1.307944 -27.468451
v 8.897802 1.240637 -27.432318
v 7.759517 1.258693 -27.331236
v 7.768091 1.222894 -27.277525
v 8.920404 1.295268 -27.478954
v 8.917462 1.258618 -27.475712
v 8.504819 1.206056 -27.375267
v 7.948713 1.195576 -27.288044
v 7.770491 0.989947 -27.251635
v 7.762553 0.903279 -27.310986
v 8.915346 0.946025 -27.453686
v 7.762581 0.940057 -27.308233
v 8.339904 0.993568 -27.322699
v 7.764978 0.547375 -27.288338
v 8.364565 0.571628 -27.370100
v 7.768406 0.586583 -27.267872
v 8.185687 0.543134 -27.345793
v 8.482501 0.517513 -27.345922
v 8.521185 0.525275 -27.381493
v 7.770528 0.527005 -27.249825
v 8.926839 0.590071 -27.418783
v 8.900407 0.618596 -27.378433
v 8.901515 0.883867 -27.406830
v 7.768058 0.879760 -27.265911
v 7.771361 0.843104 -27.238924
v 8.353983 0.848828 -27.315104
v 8.336266 0.635366 -27.299095
v 7.773571 0.629776 -27.227367
v 7.777856 0.423018 -27.194214
v 8.914421 0.422676 -27.342083
v 7.771922 0.445329 -27.237064
v 7.778958 0.283729 -27.184910
v 8.909624 0.435745 -27.379332
v 8.313877 0.265727 -27.226986
v 7.782441 0.266146 -27.155617
v 8.941321 0.169420 -27.317593
v 7.782223 0.051776 -27.155190
v 8.865362 1.344258 -27.416023
v 7.767083 1.347137 -27.275324
v 8.284740 1.203164 -27.337349
v 8.896983 1.328199 -27.436876
v 8.859454 1.189263 -27.405502
v 8.897779 0.966913 -27.418079
v 7.767109 0.957160 -27.275356
v 8.354200 1.123714 -27.332253
v 8.925450 0.903554 -27.451817
v 8.347748 0.286371 -27.258970
v 8.919745 0.301944 -27.336939
v 8.932339 0.286768 -27.317286
v 8.896983 1.328199 -27.436876
v 8.902387 1.597769 -27.460094
v 8.920404 1.295268 -27.478954
v 8.921320 1.612726 -27.500427
v 8.900311 1.307944 -27.468451
v 8.865642 0.999426 -27.390579
v 8.897802 1.240637 -27.432318
v 8.915346 0.946025 -27.453686
v 8.917462 1.258618 -27.475712
v 8.919388 0.567970 -27.440681
v 8.912823 0.509039 -27.404898
v 8.912138 0.527753 -27.440132
v 8.926839 0.590071 -27.418783
v 8.925450 0.903554 -27.451817
v 8.901515 0.883867 -27.406830
v 8.873762 0.860092 -27.380060
v 8.878100 0.706115 -27.369429
v 8.912141 0.052624 -27.305023
v 11.693703 1.950029 -27.863796
v 10.535897 1.966235 -27.741394
v 10.567719 1.937889 -27.698299
v 11.175268 2.000360 -27.835335
v 10.531109 2.000041 -27.747168
v 10.567719 1.937889 -27.698299
v 10.535897 1.966235 -27.741394
v 10.530972 1.659827 -27.711216
v 10.596184 1.702314 -27.669426
v 10.594720 1.560547 -27.658649
v 10.555288 1.598716 -27.676800
v 10.553910 1.330138 -27.651974
v 10.523756 1.619774 -27.717091
v 11.691235 1.651498 -27.876284
v 10.530972 1.659827 -27.711216
v 11.698795 1.706207 -27.817766
v 11.696350 1.910172 -27.833570
v 10.611059 1.914788 -27.686222
v 11.688395 1.964397 -27.900017
v 11.692315 1.609401 -27.870504
v 11.693083 1.671399 -27.840057
v 10.533971 1.606260 -27.707188
v 10.555288 1.598716 -27.676800
v 11.697647 1.593733 -27.829855
v 11.700068 1.555897 -27.808842
v 11.687911 1.998124 -27.903091
v 10.527457 0.958891 -27.636896
v 10.525649 1.259812 -27.687223
v 10.514860 1.172101 -27.665495
v 10.533971 1.606260 -27.707188
v 10.520955 1.307501 -27.682833
v 10.552351 1.239725 -27.652483
v 10.594116 1.355011 -27.642822
v 11.695049 1.260458 -27.848560
v 10.516983 1.289379 -27.695749
v 10.525649 1.259812 -27.687223
v 11.701343 1.349562 -27.794476
v 10.553910 1.330138 -27.651974
v 10.596065 1.000247 -27.616758
v 10.597548 1.210394 -27.632046
v 10.862016 0.899998 -27.721041
v 10.516940 0.944807 -27.670197
v 10.516064 0.891224 -27.661955
v 10.522369 0.838974 -27.612431
v 11.137846 0.855532 -27.714546
v 10.828199 0.847461 -27.649582
v 11.704365 0.995099 -27.769602
v 11.126101 1.201396 -27.711081
v 10.574390 0.539250 -27.611404
v 10.556304 0.553014 -27.646166
v 10.553665 0.492837 -27.605042
v 11.702679 0.529752 -27.770796
v 10.539729 0.584250 -27.647682
v 11.700603 0.542131 -27.805824
v 10.544653 0.654928 -27.583164
v 10.547069 0.604474 -27.613415
v 10.799121 0.631970 -27.623505
v 11.104185 0.721113 -27.662952
v 11.708347 0.632864 -27.745569
v 10.567307 0.265771 -27.509270
v 10.563138 0.303611 -27.526678
v 10.547803 0.261088 -27.506952
v 10.560301 0.419604 -27.549669
v 11.240209 0.422988 -27.650167
v 10.556003 0.460707 -27.592701
v 10.865872 0.299240 -27.582325
v 10.552351 1.239725 -27.652483
v 11.701162 1.221678 -27.792845
v 11.694467 1.293601 -27.852783
v 11.699205 1.313995 -27.815178
v 10.520955 1.307501 -27.682833
v 10.527457 0.958891 -27.636896
v 11.701048 0.960732 -27.789646
v 11.334300 0.899413 -27.775938
v 11.349516 0.849718 -27.714302
v 11.700660 0.577704 -27.805864
v 11.706532 0.599137 -27.761366
v 11.708463 0.754304 -27.749504
v 11.717171 0.267092 -27.674355
v 11.718426 0.051940 -27.673157
v 10.570785 0.146767 -27.510118
v 11.706898 0.449072 -27.758484
v 11.712988 0.422604 -27.711266
v 10.584169 0.052381 -27.524586
v 11.697650 0.936288 -27.829021
v 11.699032 0.897135 -27.820126
v 11.705157 0.864161 -27.764277
v 11.715669 0.287669 -27.699795
v 9.971970 1.912512 -28.093029
v 10.009421 1.885990 -28.101200
v 10.382771 1.884466 -28.150631
v 9.958453 1.927936 -28.036913
v 10.463651 1.957211 -28.099709
v 9.934820 1.957603 -28.028719
v 10.431344 1.917437 -28.100750
v 9.977977 1.912636 -28.047060
v 10.419370 1.912509 -28.151876
v 10.009633 1.878824 -28.132305
v 10.373252 1.878825 -28.180138
v 10.404625 0.857914 -28.133034
v 9.969208 0.864994 -28.084755
v 9.975305 0.839846 -28.035511
v 10.433869 0.836923 -28.086359
v 9.956056 0.839009 -28.023880
v 9.929844 0.792727 -28.018063
v 10.463186 0.794540 -28.086967
v 10.408931 0.839868 -28.092659
v 10.366291 0.903494 -28.139069
v 10.005481 0.901965 -28.101536
v 10.006825 0.908886 -28.131817
v 10.358558 0.908886 -28.168791
v 9.377208 1.912509 -28.014788
v 8.966119 1.884302 -27.964527
v 9.340500 1.886028 -28.013653
v 8.916191 1.927883 -27.899136
v 9.389894 1.919924 -27.962902
v 9.418014 1.959425 -27.959465
v 8.891811 1.960711 -27.891798
v 8.935833 1.912565 -27.909817
v 8.929875 1.912511 -27.955540
v 9.331112 1.878825 -28.043064
v 8.967484 1.878824 -27.995220
v 8.926820 0.862017 -27.946157
v 8.965175 0.916675 -27.994623
v 8.964209 0.932837 -27.962992
v 9.391248 0.833740 -27.949329
v 8.914378 0.835699 -27.886312
v 8.890911 0.793662 -27.880003
v 9.324739 0.909521 -28.002701
v 9.316553 0.918645 -28.031811
v 8.933482 0.839803 -27.898474
v 9.366650 0.839809 -27.955549
v 9.361773 0.865391 -27.997004
v 9.414086 0.792849 -27.947601
v 7.779515 3.023716 -27.433334
v 7.745659 3.052262 -27.436909
v 7.748415 2.679084 -27.417505
v 7.780377 2.707661 -27.414545
v 7.807043 3.012311 -27.403139
v 7.810962 2.724412 -27.381569
v 7.865444 2.975922 -27.382374
v 7.861113 2.754317 -27.368601
v 9.655000 2.963652 -27.612974
v 9.706804 3.008756 -27.675009
v 7.779515 3.023716 -27.433334
v 7.807043 3.012311 -27.403139
v 9.707584 3.052359 -27.692207
v 7.745659 3.052262 -27.436909
v 9.734200 3.024199 -27.693764
v 9.722492 2.698259 -27.676294
v 7.748415 2.679084 -27.417505
v 8.349766 2.669598 -27.499115
v 7.810962 2.724412 -27.381569
v 7.780377 2.707661 -27.414545
v 9.693573 2.724394 -27.628775
v 9.699459 3.005473 -27.646515
v 9.009195 2.671034 -27.584719
v 9.707431 2.711910 -27.660282
v 9.655766 2.756952 -27.603045
v 9.722492 2.698259 -27.676294
v 9.707431 2.711910 -27.660282
v 9.706804 3.008756 -27.675009
v 9.699459 3.005473 -27.646515
v 9.733686 2.674109 -27.678501
v 9.693573 2.724394 -27.628775
v 9.734200 3.024199 -27.693764
v 9.722492 2.698259 -27.676294
v 9.791941 2.723848 -27.642189
v 9.799954 3.002775 -27.655743
v 9.774886 3.013576 -27.685575
v 9.770598 2.710137 -27.673172
v 9.837296 2.756541 -27.630280
v 9.840473 2.963907 -27.638559
v 10.755665 2.759392 -27.748455
v 11.649548 3.021051 -27.934532
v 9.734200 3.024199 -27.693764
v 9.774886 3.013576 -27.685575
v 9.799954 3.002775 -27.655743
v 9.707216 3.052278 -27.693830
v 11.681000 3.052285 -27.954777
v 10.442697 2.681453 -27.769838
v 9.722492 2.698259 -27.676294
v 9.733418 2.674321 -27.680218
v 10.485396 2.673391 -27.770344
v 10.527122 2.686956 -27.784975
v 9.791941 2.723848 -27.642189
v 9.770598 2.710137 -27.673172
v 11.645412 2.722598 -27.905878
v 11.637094 3.009854 -27.902569
v 10.907427 2.704826 -27.833639
v 11.659398 2.706353 -27.928440
v 11.601505 2.971306 -27.873631
v 11.658600 3.030988 -27.949982
v 11.598727 2.763184 -27.864122
v 11.645412 2.722598 -27.905878
v 11.637094 3.009854 -27.902569
v 11.659398 2.706353 -27.928440
v 11.649548 3.021051 -27.934532
v 11.684451 2.680722 -27.934175
v 11.681000 3.052285 -27.954777
v 11.658600 3.030988 -27.949982
v 7.748415 2.679084 -27.417505
v 11.114263 2.684395 -27.858704
v 11.684451 2.680722 -27.934175
v 10.818706 2.673949 -27.828266
v 9.487496 1.959810 -27.598591
v 9.489154 1.655632 -27.581345
v 9.516453 1.942759 -27.565386
v 9.728547 1.998326 -27.642746
v 9.484836 1.996251 -27.602396
v 9.487496 1.959810 -27.598591
v 9.949003 1.949203 -27.633612
v 9.534810 1.689540 -27.533855
v 9.562357 1.893116 -27.545454
v 9.963049 1.657827 -27.639330
v 9.489154 1.655632 -27.581345
v 9.491048 1.614601 -27.577690
v 9.924045 1.700463 -27.580093
v 9.908863 1.907102 -27.595514
v 9.942998 1.601158 -27.596611
v 9.544855 1.573823 -27.524733
v 9.491048 1.614601 -27.577690
v 9.485379 1.280135 -27.559622
v 9.510117 1.317422 -27.528076
v 9.536872 1.229786 -27.500893
v 9.490835 1.258651 -27.556458
v 9.533787 0.982758 -27.479486
v 9.485379 1.280135 -27.559622
v 9.962729 1.296232 -27.622780
v 9.510117 1.317422 -27.528076
v 9.560073 1.357083 -27.507542
v 9.921448 1.342071 -27.561281
v 9.485459 0.944600 -27.530640
v 9.500190 0.856651 -27.462437
v 9.486892 0.906119 -27.529720
v 9.497980 0.819237 -27.455214
v 9.940495 0.890986 -27.542313
v 9.961095 0.917333 -27.596411
v 9.485459 0.944600 -27.530640
v 9.925504 1.221583 -27.547972
v 9.957198 0.950335 -27.592760
v 9.916108 0.985357 -27.531336
v 9.941375 0.540723 -27.525261
v 9.484443 0.567223 -27.507912
v 9.489509 0.540556 -27.467813
v 9.960741 0.569681 -27.570398
v 9.497884 0.594112 -27.469933
v 9.946231 0.599489 -27.529308
v 9.497307 0.651641 -27.441429
v 9.502666 0.478118 -27.453110
v 9.904687 0.855037 -27.515900
v 9.554318 0.115949 -27.376427
v 9.973234 0.268429 -27.427677
v 9.525908 0.267454 -27.372406
v 9.526141 0.307157 -27.400484
v 9.967281 0.442812 -27.474857
v 9.521720 0.439828 -27.399841
v 9.963559 0.297853 -27.452160
v 9.969930 0.487901 -27.521582
v 9.581102 0.052266 -27.392536
v 9.924362 0.052283 -27.437763
v 9.972054 0.120429 -27.429325
v 9.966817 1.996398 -27.673731
v 9.966027 1.958929 -27.663858
v 9.961131 1.614903 -27.634550
v 9.949003 1.949203 -27.633612
v 9.963049 1.657827 -27.639330
v 9.966027 1.958929 -27.663858
v 9.907825 1.558880 -27.567034
v 9.958061 1.305083 -27.612076
v 9.957413 1.259794 -27.612734
v 9.490835 1.258651 -27.556458
v 9.942998 1.601158 -27.596611
v 9.958061 1.305083 -27.612076
v 9.961131 1.614903 -27.634550
v 9.957198 0.950335 -27.592760
v 9.957413 1.259794 -27.612734
v 9.947546 0.755820 -27.573780
v 9.961095 0.917333 -27.596411
v 9.940495 0.890986 -27.542313
v 9.956599 0.686932 -27.568476
v 9.907696 0.649367 -27.507833
v 9.964190 0.382631 -27.459023
v 9.999516 2.000863 -27.667065
v 9.945846 1.969677 -27.916849
v 9.934820 1.957603 -28.028719
v 9.966817 1.996398 -27.673731
v 10.396189 2.002672 -27.717421
v 10.463651 1.957211 -28.099709
v 10.531109 2.000041 -27.747168
v 10.535897 1.966235 -27.741394
v 10.523756 1.619774 -27.717091
v 10.461782 1.187083 -28.038414
v 10.530972 1.659827 -27.711216
v 10.520955 1.307501 -27.682833
v 10.533971 1.606260 -27.707188
v 10.463186 0.794540 -28.086967
v 10.464907 0.730181 -27.996630
v 10.484776 0.697092 -27.909679
v 10.502441 1.132452 -27.774258
v 10.516983 1.289379 -27.695749
v 10.525649 1.259812 -27.687223
v 10.514860 1.172101 -27.665495
v 10.516064 0.891224 -27.661955
v 10.516940 0.944807 -27.670197
v 10.527457 0.958891 -27.636896
v 10.494515 0.599072 -27.780497
v 10.523149 0.532827 -27.671442
v 10.494515 0.599072 -27.780497
v 10.524947 0.612460 -27.657589
v 10.522369 0.838974 -27.612431
v 10.547069 0.604474 -27.613415
v 10.539729 0.584250 -27.647682
v 10.556304 0.553014 -27.646166
v 10.544653 0.654928 -27.583164
v 10.553665 0.492837 -27.605042
v 8.920702 1.991161 -27.536856
v 8.891811 1.960711 -27.891798
v 9.418014 1.959425 -27.959465
v 9.484836 1.996251 -27.602396
v 9.040328 1.995980 -27.539904
v 8.921320 1.612726 -27.500427
v 8.914714 1.656002 -27.505310
v 8.910523 1.957474 -27.531408
v 9.441585 1.965339 -27.859989
v 8.915346 0.946025 -27.453686
v 8.915587 1.099862 -27.587214
v 8.919212 1.279935 -27.477562
v 8.906137 0.607381 -27.587708
v 8.926839 0.590071 -27.418783
v 8.919388 0.567970 -27.440681
v 8.912138 0.527753 -27.440132
v 8.888010 1.040860 -27.883535
v 8.897754 0.719336 -27.769560
v 8.890911 0.793662 -27.880003
v 8.925450 0.903554 -27.451817
v 7.712836 2.552262 -27.686361
v 7.745659 3.052262 -27.436909
v 7.712837 3.052262 -27.686367
v 7.748415 2.679084 -27.417505
v 7.782441 0.266146 -27.155617
v 7.712930 0.052268 -27.685633
v 7.782223 0.051776 -27.155190
v 7.778958 0.283729 -27.184910
v 7.777856 0.423018 -27.194214
v 7.771922 0.445329 -27.237064
v 7.771922 0.445329 -27.237064
v 7.712886 0.885597 -27.685963
v 7.712930 0.052268 -27.685633
v 7.750398 2.661848 -27.405235
v 7.764978 0.547375 -27.288338
v 7.771922 0.445329 -27.237064
v 7.770528 0.527005 -27.249825
v 7.712886 0.885597 -27.685963
v 7.768406 0.586583 -27.267872
v 7.773571 0.629776 -27.227367
v 7.771361 0.843104 -27.238924
v 7.768058 0.879760 -27.265911
v 7.762553 0.903279 -27.310986
v 7.762581 0.940057 -27.308233
v 7.712871 1.385597 -27.686083
v 7.767109 0.957160 -27.275356
v 7.770491 0.989947 -27.251635
v 7.768091 1.222894 -27.277525
v 7.759517 1.258693 -27.331236
v 7.758965 1.290628 -27.335512
v 7.712857 1.885596 -27.686197
v 7.764819 1.318132 -27.293873
v 7.767083 1.347137 -27.275324
v 7.764965 1.555523 -27.291313
v 7.754041 2.657509 -27.374952
v 7.756451 2.619528 -27.350582
v 7.759040 2.404066 -27.341524
v 7.750176 2.356688 -27.402660
v 7.750405 2.323371 -27.401875
v 7.756404 1.609288 -27.354334
v 7.763201 1.590255 -27.310623
v 7.755970 1.646512 -27.359533
v 7.761126 1.670653 -27.316902
v 7.763769 1.706651 -27.298603
v 7.762147 1.908615 -27.315708
v 7.758888 1.941540 -27.337368
v 7.752621 1.964852 -27.382610
v 7.752353 1.998965 -27.386051
v 7.762738 2.043483 -27.322353
v 7.763158 2.275087 -27.338888
v 7.874513 0.213958 -27.707756
v 7.712914 0.052268 -27.685745
v 7.874507 2.890796 -27.707798
v 7.712827 3.052262 -27.686443
v 11.681000 3.052285 -27.954777
v 11.648394 2.552263 -28.203331
v 11.648365 3.052262 -28.203550
v 11.684451 2.680722 -27.934175
v 11.648506 0.052275 -28.202396
v 11.717046 0.266102 -27.675200
v 11.718426 0.051940 -27.673157
v 11.715669 0.287669 -27.699795
v 11.712988 0.422604 -27.711266
v 11.706898 0.449072 -27.758484
v 11.648479 0.885598 -28.202686
v 11.687958 2.660868 -27.900528
v 11.700603 0.542131 -27.805824
v 11.702679 0.529752 -27.770796
v 11.700660 0.577704 -27.805864
v 11.706532 0.599137 -27.761366
v 11.708347 0.632864 -27.745569
v 11.708463 0.754304 -27.749504
v 11.705157 0.864161 -27.764277
v 11.690080 2.618999 -27.872166
v 11.694102 2.412129 -27.857712
v 11.690988 2.378420 -27.879129
v 11.685916 2.358963 -27.918118
v 11.648434 1.802263 -28.203030
v 11.685658 2.320102 -27.918945
v 11.697650 0.936288 -27.829021
v 11.695049 1.260458 -27.848560
v 11.704365 0.995099 -27.769602
v 11.687911 1.998124 -27.903091
v 11.693854 2.269922 -27.850975
v 11.694403 2.044217 -27.839293
v 11.696350 1.910172 -27.833570
v 11.688395 1.964397 -27.900017
v 11.693703 1.950029 -27.863796
v 11.691235 1.651498 -27.876284
v 11.698795 1.706207 -27.817766
v 11.693083 1.671399 -27.840057
v 11.701343 1.349562 -27.794476
v 11.692315 1.609401 -27.870504
v 11.700068 1.555897 -27.808842
v 11.699032 0.897135 -27.820126
v 11.694467 1.293601 -27.852783
v 11.699205 1.313995 -27.815178
v 11.697647 1.593733 -27.829855
v 11.701162 1.221678 -27.792845
v 11.701048 0.960732 -27.789646
v 11.648368 3.052263 -28.203533
v 11.648502 0.052272 -28.202454
v 11.477489 2.890796 -28.181736
v 11.477504 0.213958 -28.181608
v 7.712930 0.052268 -27.685633
v 9.227157 0.052721 -27.347143
v 7.782223 0.051776 -27.155190
v 9.571347 0.052274 -27.391331
v 7.712930 0.052268 -27.685633
v 10.584228 0.052298 -27.524179
v 9.571347 0.052274 -27.391331
v 11.648506 0.052275 -28.202396
v 10.584228 0.052298 -27.524179
v 7.712930 0.052268 -27.685633
v 11.648506 0.052275 -28.202396
v 10.868693 0.052412 -27.562538
v 11.718426 0.051940 -27.673157
v 11.477504 0.213958 -28.181608
v 11.648506 0.052275 -28.202396
v 7.712930 0.052268 -27.685633
v 7.874513 0.213958 -27.707756
v 8.762520 3.052273 -27.568567
v 7.712837 3.052262 -27.686367
v 7.745659 3.052262 -27.436909
v 9.707120 3.052262 -27.694250
v 7.712837 3.052262 -27.686367
v 8.762520 3.052273 -27.568567
v 10.079652 3.052298 -27.741951
v 7.712837 3.052262 -27.686367
v 9.707120 3.052262 -27.694250
v 11.681000 3.052285 -27.954777
v 7.712837 3.052262 -27.686367
v 10.079652 3.052298 -27.741951
v 11.681000 3.052285 -27.954777
v 11.648365 3.052262 -28.203550
v 7.712837 3.052262 -27.686367
v 11.648365 3.052262 -28.203550
v 11.477489 2.890796 -28.181736
v 7.874507 2.890796 -27.707798
v 5.946224 1.912509 -27.748537
v 5.903093 0.903494 -27.743084
v 5.932546 0.857914 -27.731878
v 5.949961 1.917437 -27.696257
v 5.973454 0.794540 -27.678261
v 5.975231 1.957211 -27.690819
v 5.917326 1.884466 -27.752293
v 5.913119 1.878825 -27.782820
v 5.931450 0.839868 -27.691294
v 5.950348 0.836923 -27.681654
v 5.900314 0.908886 -27.773582
v 5.567953 0.839009 -27.684896
v 5.551803 1.957603 -27.692585
v 5.546710 0.792727 -27.682709
v 5.587751 1.912636 -27.704872
v 5.584370 0.839846 -27.693796
v 5.585042 0.864994 -27.743412
v 5.588129 1.912512 -27.751230
v 5.618466 1.885990 -27.754221
v 5.571283 1.927936 -27.697483
v 5.619823 0.908886 -27.784904
v 5.622084 1.878824 -27.785007
v 5.615406 0.901965 -27.755091
v 4.736991 1.927883 -27.703081
v 4.713116 1.040860 -27.691467
v 4.715004 0.793662 -27.687572
v 4.734144 0.835699 -27.690624
v 4.753612 1.912565 -27.710983
v 4.750561 0.862017 -27.748215
v 4.754003 1.912511 -27.757092
v 4.781809 0.932837 -27.759792
v 4.787957 1.878824 -27.791273
v 4.783480 1.884302 -27.761053
v 4.717021 1.960711 -27.699135
v 4.750505 0.839803 -27.700068
v 4.786077 0.916675 -27.790998
v 5.116301 1.919924 -27.701672
v 5.141367 1.685135 -27.696043
v 5.138015 1.959425 -27.694435
v 5.115858 0.833740 -27.688042
v 5.133613 0.792849 -27.683216
v 5.097219 0.839809 -27.697557
v 5.112088 1.912509 -27.754803
v 5.069517 0.909521 -27.749981
v 5.097986 0.865391 -27.739288
v 5.079003 1.878825 -27.789099
v 5.066315 0.918645 -27.779934
v 5.137628 0.948592 -27.684250
v 5.083117 1.886028 -27.758684
v 5.138015 1.959425 -27.694435
v 5.141367 1.685135 -27.696043
v 5.145501 1.965339 -27.592674
v 5.144553 1.647729 -27.418941
v 5.152577 1.959810 -27.327461
v 5.150908 1.996251 -27.331593
v 5.151967 1.655632 -27.310150
v 5.153050 1.614601 -27.306271
v 5.146591 1.280135 -27.289145
v 5.137628 0.948592 -27.684250
v 5.133613 0.792849 -27.683216
v 5.133962 0.577983 -27.335693
v 5.143561 0.906145 -27.259306
v 5.150527 1.258651 -27.285267
v 5.140119 0.567223 -27.238045
v 5.142851 0.651641 -27.170431
v 5.144910 0.819237 -27.183994
v 5.139649 0.540556 -27.197632
v 5.148357 0.478118 -27.181273
v 5.146467 0.594112 -27.198587
v 4.679729 0.509017 -27.213957
v 4.674179 0.436626 -27.188423
v 4.682088 0.475684 -27.158697
v 4.673799 0.422676 -27.151474
v 4.677413 0.301944 -27.145653
v 4.685129 0.286768 -27.124466
v 5.133613 0.792849 -27.683216
v 4.715004 0.793662 -27.687572
v 4.708128 0.719336 -27.577230
v 4.694540 0.607381 -27.395933
v 4.917983 0.483104 -27.171852
v 5.133962 0.577983 -27.335693
v 4.734511 0.376525 -27.118404
v 4.983595 0.413718 -27.117472
v 4.914175 0.295940 -27.115978
v 4.692205 0.169441 -27.122246
v 4.914337 0.052700 -27.114010
v 4.916202 0.261254 -27.095966
v 5.035983 0.430037 -27.095306
v 4.667896 0.052624 -27.115072
v 5.148357 0.478118 -27.181273
v 5.144243 0.434132 -27.089878
v 5.160967 0.307157 -27.125938
v 5.180439 0.115949 -27.098263
v 5.157668 0.267454 -27.098152
v 5.157421 0.439828 -27.125902
v 5.203273 0.052266 -27.110573
v 3.765843 2.404066 -27.308430
v 3.765661 2.356688 -27.370203
v 4.738124 2.368609 -27.321888
v 4.751984 2.662697 -27.365318
v 3.765925 2.679084 -27.385151
v 3.766122 2.661848 -27.372725
v 4.247518 2.669598 -27.384016
v 4.739976 2.653640 -27.335258
v 3.765624 2.657509 -27.342228
v 4.168647 2.313477 -27.364933
v 3.765755 2.323371 -27.369394
v 4.705518 2.404823 -27.298592
v 4.704323 2.613386 -27.311081
v 3.764814 2.619528 -27.317755
v 4.755734 2.353939 -27.360620
v 4.775192 2.671034 -27.378923
v 4.621372 2.315090 -27.348824
v 4.196982 2.309184 -27.358997
v 4.724747 2.316137 -27.360247
v 5.897968 2.657483 -27.322556
v 4.799006 2.660836 -27.356899
v 4.842967 2.609066 -27.308359
v 4.739976 2.653640 -27.335258
v 4.738124 2.368609 -27.321888
v 4.755734 2.353939 -27.360620
v 4.751984 2.662697 -27.365318
v 4.775192 2.671034 -27.378923
v 4.791595 2.353825 -27.355995
v 4.791595 2.353825 -27.355995
v 5.325246 2.312108 -27.347332
v 4.724747 2.316137 -27.360247
v 4.621372 2.315090 -27.348824
v 4.799006 2.660836 -27.356899
v 4.809970 2.375691 -27.315166
v 4.839597 2.405411 -27.296940
v 5.190323 2.673068 -27.374239
v 4.775192 2.671034 -27.378923
v 5.922169 2.681453 -27.366890
v 5.909279 2.665632 -27.354708
v 5.354858 2.674314 -27.374235
v 4.791595 2.353825 -27.355995
v 5.897474 2.377449 -27.312634
v 4.809970 2.375691 -27.315166
v 5.925448 2.356000 -27.353405
v 5.349763 2.320658 -27.355558
v 5.908825 2.366736 -27.341076
v 5.865191 2.619607 -27.301666
v 5.586518 2.677243 -27.371986
v 5.869295 2.407948 -27.300583
v 5.729127 2.319752 -27.353809
v 5.897474 2.377449 -27.312634
v 5.897968 2.657483 -27.322556
v 5.903863 2.319756 -27.342766
v 5.866294 2.411556 -27.289703
v 5.869295 2.407948 -27.300583
v 5.955779 2.673391 -27.361568
v 5.922169 2.681453 -27.366890
v 5.925448 2.356000 -27.353405
v 5.909279 2.665632 -27.354708
v 5.908825 2.366736 -27.341076
v 5.970574 2.659927 -27.323221
v 5.965328 2.379726 -27.308641
v 5.952760 2.363726 -27.340326
v 6.224119 2.673949 -27.373508
v 5.990190 2.686956 -27.370375
v 5.955779 2.673391 -27.361568
v 6.916166 2.680722 -27.360405
v 6.913709 2.619063 -27.297501
v 5.970574 2.659927 -27.323221
v 5.999880 2.620957 -27.300247
v 6.915189 2.660868 -27.326595
v 5.992349 2.407161 -27.299339
v 5.993186 2.409725 -27.288126
v 6.915268 2.412129 -27.283340
v 6.514616 2.322074 -27.349903
v 5.903863 2.319756 -27.342766
v 6.090489 2.322533 -27.344011
v 6.915197 2.378420 -27.304983
v 5.992349 2.407161 -27.299339
v 5.965328 2.379726 -27.308641
v 5.925448 2.356000 -27.353405
v 6.915537 2.358963 -27.344299
v 5.952760 2.363726 -27.340326
v 6.459743 2.684395 -27.363371
v 6.915426 2.320102 -27.345154
v 5.535848 1.958929 -27.326881
v 5.552702 1.957531 -27.692455
v 5.537561 1.996398 -27.336555
v 5.527241 1.612197 -27.299242
v 5.546710 0.792727 -27.682709
v 5.537517 0.758394 -27.620235
v 5.524487 0.917333 -27.260738
v 5.528697 1.296232 -27.286636
v 5.523841 1.305083 -27.276669
v 5.521021 0.950335 -27.257652
v 5.523406 1.259794 -27.277409
v 5.517856 0.686932 -27.233677
v 5.526625 0.769168 -27.416952
v 5.511330 0.755820 -27.240164
v 5.528831 0.608061 -27.386265
v 5.521323 0.569681 -27.235016
v 5.523129 0.487901 -27.185402
v 5.528831 0.608061 -27.386265
v 5.546710 0.792727 -27.682709
v 5.537517 0.758394 -27.620235
v 5.964782 0.730181 -27.588533
v 5.964071 0.599072 -27.370382
v 5.515863 0.442812 -27.139477
v 5.511677 0.382631 -27.124210
v 5.521504 0.428648 -27.091263
v 5.523129 0.487901 -27.185402
v 5.515307 0.268429 -27.091927
v 5.607113 0.289625 -27.099991
v 5.510420 0.297853 -27.117496
v 5.663358 0.429443 -27.091625
v 5.671034 0.352925 -27.067762
v 5.478022 0.052283 -27.108580
v 6.006130 0.052298 -27.104233
v 5.514563 0.120429 -27.093719
v 5.973454 0.794540 -27.678261
v 5.974473 0.532827 -27.258444
v 5.991085 0.492837 -27.188505
v 5.984675 0.423648 -27.078037
v 5.847098 0.292690 -27.099056
v 5.994006 0.146767 -27.092134
v 5.852813 0.431063 -27.082584
v 5.957135 0.365980 -27.063887
v 5.952469 0.402061 -27.048681
v 5.975596 0.261088 -27.092131
v 5.989835 0.303611 -27.109581
v 5.991552 0.460707 -27.175961
v 5.990156 0.419604 -27.132746
v 5.991179 0.265771 -27.091770
v 4.144936 2.298137 -27.321547
v 3.765755 2.323371 -27.369394
v 3.768788 2.275087 -27.305258
v 4.168647 2.313477 -27.364933
v 4.106889 2.255971 -27.297192
v 3.766623 2.043483 -27.288937
v 3.765529 1.998965 -27.353451
v 4.143592 2.012738 -27.313936
v 4.106853 2.051676 -27.285545
v 4.179688 1.992429 -27.348120
v 4.144936 2.298137 -27.321547
v 4.143592 2.012738 -27.313936
v 4.168647 2.313477 -27.364933
v 4.179688 1.992429 -27.348120
v 4.196982 2.309184 -27.358997
v 4.205929 2.006505 -27.334417
v 4.209981 2.295640 -27.318796
v 4.215758 2.020469 -27.304312
v 4.236721 2.265442 -27.304251
v 4.240667 2.262440 -27.292439
v 4.242163 2.046563 -27.281410
v 5.279494 2.259574 -27.285679
v 4.236721 2.265442 -27.304251
v 4.209981 2.295640 -27.318796
v 5.325246 2.312108 -27.347332
v 4.196982 2.309184 -27.358997
v 4.621372 2.315090 -27.348824
v 4.179688 1.992429 -27.348120
v 4.447547 1.996308 -27.346239
v 4.794683 1.995980 -27.330282
v 4.205929 2.006505 -27.334417
v 5.281469 2.053695 -27.273436
v 4.700344 1.991161 -27.343571
v 5.312380 2.299150 -27.310471
v 5.150908 1.996251 -27.331593
v 5.318614 2.013630 -27.305355
v 5.346893 1.998326 -27.338341
v 5.312380 2.299150 -27.310471
v 5.318614 2.013630 -27.305355
v 5.349763 2.320658 -27.355558
v 5.325246 2.312108 -27.347332
v 5.346893 1.998326 -27.338341
v 5.379626 2.306078 -27.317959
v 5.375382 2.015654 -27.308599
v 6.432217 2.265905 -27.281227
v 5.379626 2.306078 -27.317959
v 5.415152 2.267248 -27.284710
v 5.729127 2.319752 -27.353809
v 5.349763 2.320658 -27.355558
v 5.537561 1.996398 -27.336555
v 5.375382 2.015654 -27.308599
v 5.346893 1.998326 -27.338341
v 5.415503 2.056325 -27.272131
v 5.562516 2.000863 -27.325493
v 6.473773 2.014459 -27.318352
v 5.879807 2.002672 -27.321301
v 5.914609 2.320668 -27.341877
v 6.466306 2.301944 -27.302528
v 6.477533 2.312985 -27.333782
v 6.461564 2.024829 -27.294331
v 6.486076 2.323504 -27.350996
v 6.914326 2.269922 -27.276701
v 6.531309 2.300870 -27.302122
v 6.564875 2.266405 -27.279062
v 5.989129 2.000041 -27.332378
v 6.505087 2.000360 -27.331905
v 6.431586 2.055533 -27.267410
v 6.461564 2.024829 -27.294331
v 6.466306 2.301944 -27.302528
v 6.473773 2.014459 -27.318352
v 6.486076 2.323504 -27.350996
v 6.477533 2.312985 -27.333782
v 6.505087 2.000360 -27.331905
v 6.515152 2.322018 -27.350155
v 6.531309 2.300870 -27.302122
v 6.544328 2.046035 -27.269020
v 6.915426 2.320102 -27.345154
v 6.515152 2.322018 -27.350155
v 6.913461 2.044217 -27.265053
v 6.505087 2.000360 -27.331905
v 6.915438 1.998124 -27.329142
v 4.691741 1.957474 -27.339561
v 3.765358 1.964852 -27.350006
v 3.765263 1.941540 -27.304333
v 3.765529 1.998965 -27.353451
v 4.179688 1.992429 -27.348120
v 3.765430 1.646512 -27.326691
v 3.765194 1.609288 -27.321480
v 4.696788 1.612726 -27.307400
v 3.765194 1.609288 -27.321480
v 3.765685 1.590255 -27.277252
v 4.677436 1.597769 -27.270023
v 4.692139 1.656002 -27.313137
v 3.764751 1.670653 -27.283752
v 3.765413 1.907568 -27.281235
v 3.764797 1.706651 -27.265266
v 4.200774 1.700267 -27.264317
v 4.676353 1.933501 -27.291601
v 4.447547 1.996308 -27.346239
v 4.696788 1.612726 -27.307400
v 4.645737 1.707764 -27.255615
v 4.643743 1.555032 -27.245995
v 3.764929 1.555523 -27.257881
v 4.700344 1.991161 -27.343571
v 4.650008 1.907507 -27.270710
v 4.681258 1.670826 -27.283117
v 4.681258 1.670826 -27.283117
v 4.676353 1.933501 -27.291601
v 4.692139 1.656002 -27.313137
v 4.691741 1.957474 -27.339561
v 3.765098 1.318132 -27.260435
v 3.765118 1.290628 -27.302485
v 4.676732 1.307944 -27.278585
v 4.670752 1.240637 -27.243134
v 3.765077 1.258693 -27.298172
v 3.765856 1.222894 -27.243795
v 4.693686 1.295268 -27.286251
v 4.691014 1.258618 -27.283440
v 4.355618 1.206056 -27.240189
v 3.908955 1.195576 -27.229591
v 3.764870 0.989947 -27.217819
v 3.765216 0.903279 -27.277699
v 4.686908 0.946025 -27.261909
v 3.764933 0.940057 -27.274967
v 4.220196 0.993568 -27.210594
v 3.764610 0.547375 -27.254932
v 4.244834 0.571628 -27.254190
v 3.765033 0.586583 -27.234188
v 4.101575 0.543134 -27.254496
v 4.334825 0.517513 -27.214161
v 4.369169 0.525275 -27.244123
v 3.764698 0.527005 -27.216022
v 4.692068 0.590071 -27.225765
v 4.666820 0.618596 -27.189396
v 4.670841 0.883867 -27.217375
v 3.764542 0.879760 -27.232294
v 3.764143 0.843104 -27.205109
v 4.230416 0.848828 -27.201149
v 4.214718 0.635366 -27.187708
v 3.764597 0.629776 -27.193359
v 3.764287 0.423018 -27.159931
v 4.673799 0.422676 -27.151474
v 3.764377 0.445329 -27.203192
v 3.764120 0.283729 -27.150566
v 4.674161 0.435706 -27.189005
v 4.189126 0.265727 -27.119324
v 3.763607 0.266146 -27.121069
v 4.692223 0.169452 -27.123547
v 3.763389 0.051776 -27.120678
v 4.643452 1.344258 -27.231411
v 3.764820 1.347137 -27.241753
v 4.178474 1.203164 -27.232628
v 4.670614 1.328199 -27.247759
v 4.637644 1.189263 -27.221796
v 4.669153 0.966913 -27.229031
v 3.764844 0.957160 -27.241779
v 4.232490 1.123714 -27.218109
v 4.694641 0.903554 -27.258680
v 4.219290 0.286371 -27.146391
v 4.677413 0.301944 -27.145653
v 4.685129 0.286768 -27.124466
v 4.670614 1.328199 -27.247759
v 4.677436 1.597769 -27.270023
v 4.693686 1.295268 -27.286251
v 4.696788 1.612726 -27.307400
v 4.676732 1.307944 -27.278585
v 4.640850 0.999426 -27.206167
v 4.670752 1.240637 -27.243134
v 4.686908 0.946025 -27.261909
v 4.691014 1.258618 -27.283440
v 4.688642 0.567970 -27.248476
v 4.679513 0.509039 -27.213921
v 4.682884 0.527753 -27.248920
v 4.692068 0.590071 -27.225765
v 4.694641 0.903554 -27.258680
v 4.670841 0.883867 -27.217375
v 4.646063 0.860092 -27.194641
v 4.648293 0.706115 -27.183517
v 4.667896 0.052624 -27.115072
v 6.915629 1.950029 -27.289421
v 5.992250 1.966235 -27.326006
v 6.012475 1.937889 -27.278975
v 6.505087 2.000360 -27.331905
v 5.989129 2.000041 -27.332378
v 6.012475 1.937889 -27.278975
v 5.992250 1.966235 -27.326006
v 5.985032 1.659827 -27.296780
v 6.031640 1.702314 -27.246490
v 6.029293 1.560547 -27.236013
v 6.000321 1.598716 -27.259369
v 5.996485 1.330138 -27.234964
v 5.980013 1.619774 -27.303583
v 6.915074 1.651498 -27.302132
v 5.985032 1.659827 -27.296780
v 6.914524 1.706207 -27.243130
v 6.914356 1.910172 -27.259121
v 6.045191 1.914788 -27.261101
v 6.915476 1.964397 -27.326031
v 6.915282 1.609401 -27.296259
v 6.912508 1.671399 -27.265991
v 5.986941 1.606260 -27.292381
v 6.000321 1.598716 -27.259369
v 6.914963 1.593733 -27.255260
v 6.914535 1.555897 -27.234116
v 6.915438 1.998124 -27.329142
v 5.974026 0.958891 -27.223633
v 5.978187 1.259812 -27.273737
v 5.967299 1.172101 -27.253683
v 5.986941 1.606260 -27.292381
v 5.974012 1.307501 -27.270027
v 5.995316 1.239725 -27.235682
v 6.027062 1.355011 -27.220417
v 6.914997 1.260458 -27.274147
v 5.972324 1.289379 -27.283365
v 5.978187 1.259812 -27.273737
v 6.913942 1.349562 -27.219709
v 5.996485 1.330138 -27.234964
v 6.025701 1.000247 -27.194332
v 6.028564 1.210394 -27.209274
v 6.246255 0.899998 -27.261383
v 5.969455 0.944807 -27.258057
v 5.967853 0.891224 -27.250011
v 5.967313 0.838974 -27.200090
v 6.462281 0.855532 -27.217346
v 6.211754 0.847461 -27.195202
v 6.913557 0.995099 -27.194656
v 6.452666 1.201396 -27.215513
v 6.008076 0.539250 -27.191982
v 5.997721 0.553014 -27.228886
v 5.991085 0.492837 -27.188505
v 6.912364 0.529752 -27.196068
v 5.984864 0.584250 -27.232645
v 6.914620 0.542131 -27.231052
v 5.981576 0.654928 -27.168060
v 5.986831 0.604474 -27.197701
v 6.186011 0.631970 -27.173334
v 6.430106 0.721113 -27.170824
v 6.914020 0.632864 -27.170305
v 5.991179 0.265771 -27.091770
v 5.989835 0.303611 -27.109581
v 5.975596 0.261088 -27.092131
v 5.990156 0.419604 -27.132746
v 6.535574 0.422988 -27.139616
v 5.991552 0.460707 -27.175961
v 6.233896 0.299240 -27.123438
v 5.995316 1.239725 -27.235682
v 6.913619 1.221678 -27.218119
v 6.915008 1.293601 -27.278408
v 6.914560 1.313995 -27.240509
v 5.974012 1.307501 -27.270027
v 5.974026 0.958891 -27.223633
v 6.913175 0.960732 -27.214964
v 6.623448 0.899413 -27.251383
v 6.628582 0.849718 -27.188248
v 6.914668 0.577704 -27.231085
v 6.914346 0.599137 -27.186201
v 6.914547 0.754304 -27.174189
v 6.913060 0.267096 -27.098555
v 6.913907 0.051940 -27.097195
v 5.994006 0.146767 -27.092134
v 6.914313 0.449072 -27.183296
v 6.913861 0.422604 -27.135689
v 6.006128 0.052381 -27.104641
v 6.914873 0.936288 -27.254435
v 6.914972 0.897135 -27.245436
v 6.913589 0.864161 -27.189272
v 6.914695 0.287669 -27.123962
v 5.588129 1.912512 -27.751230
v 5.618466 1.885990 -27.754221
v 5.917326 1.884466 -27.752293
v 5.571283 1.927936 -27.697483
v 5.975231 1.957211 -27.690819
v 5.551803 1.957603 -27.692585
v 5.949961 1.917437 -27.696257
v 5.587751 1.912636 -27.704872
v 5.946224 1.912509 -27.748537
v 5.622084 1.878824 -27.785007
v 5.913119 1.878825 -27.782820
v 5.932546 0.857914 -27.731878
v 5.585042 0.864994 -27.743412
v 5.584370 0.839846 -27.693796
v 5.950348 0.836923 -27.681654
v 5.567953 0.839009 -27.684896
v 5.546710 0.792727 -27.682709
v 5.973454 0.794540 -27.678261
v 5.931450 0.839868 -27.691294
v 5.903093 0.903494 -27.743084
v 5.615406 0.901965 -27.755091
v 5.619823 0.908886 -27.784904
v 5.900314 0.908886 -27.773582
v 5.112088 1.912509 -27.754803
v 4.783480 1.884302 -27.761053
v 5.083117 1.886028 -27.758684
v 4.736991 1.927883 -27.703081
v 5.116301 1.919924 -27.701672
v 5.138015 1.959425 -27.694435
v 4.717021 1.960711 -27.699135
v 4.753612 1.912565 -27.710983
v 4.754003 1.912511 -27.757092
v 5.079003 1.878825 -27.789099
v 4.787957 1.878824 -27.791273
v 4.750561 0.862017 -27.748215
v 4.786077 0.916675 -27.790998
v 4.781809 0.932837 -27.759792
v 5.115858 0.833740 -27.688042
v 4.734144 0.835699 -27.690624
v 4.715004 0.793662 -27.687572
v 5.069517 0.909521 -27.749981
v 5.066315 0.918645 -27.779934
v 4.750505 0.839803 -27.700068
v 5.097219 0.839809 -27.697557
v 5.097986 0.865391 -27.739288
v 5.133613 0.792849 -27.683216
v 3.792118 3.023716 -27.396591
v 3.765911 3.052262 -27.404747
v 3.765925 2.679084 -27.385151
v 3.790711 2.707661 -27.377861
v 3.810401 3.012311 -27.362926
v 3.811086 2.724412 -27.341022
v 3.853987 2.975922 -27.334393
v 3.849056 2.754317 -27.321339
v 5.285797 2.963652 -27.318874
v 5.333387 3.008756 -27.373266
v 3.792118 3.023716 -27.396591
v 3.810401 3.012311 -27.362926
v 5.335910 3.052359 -27.390198
v 3.765911 3.052262 -27.404747
v 5.356996 3.024199 -27.388111
v 5.345857 2.698259 -27.372400
v 3.765925 2.679084 -27.385151
v 4.247518 2.669598 -27.384016
v 3.811086 2.724412 -27.341022
v 3.790711 2.707661 -27.377861
v 5.317860 2.724394 -27.329269
v 5.324454 3.005473 -27.346041
v 4.775192 2.671034 -27.378923
v 5.332246 2.711910 -27.358593
v 5.285298 2.756952 -27.308933
v 5.345857 2.698259 -27.372400
v 5.332246 2.711910 -27.358593
v 5.333387 3.008756 -27.373266
v 5.324454 3.005473 -27.346041
v 5.354901 2.674109 -27.373062
v 5.317860 2.724394 -27.329269
v 5.356996 3.024199 -27.388111
v 5.345857 2.698259 -27.372400
v 5.396646 2.723848 -27.329147
v 5.404446 3.002775 -27.341480
v 5.388059 3.013576 -27.374453
v 5.383314 2.710137 -27.362751
v 5.430965 2.756541 -27.311165
v 5.434380 2.963907 -27.318935
v 6.165726 2.759392 -27.303040
v 6.888780 3.021051 -27.365517
v 5.356996 3.024199 -27.388111
v 5.388059 3.013576 -27.374453
v 5.404446 3.002775 -27.341480
v 5.335799 3.052278 -27.391857
v 6.915740 3.052285 -27.381287
v 5.922169 2.681453 -27.366890
v 5.345857 2.698259 -27.372400
v 5.354877 2.674321 -27.374798
v 5.955779 2.673391 -27.361568
v 5.990190 2.686956 -27.370375
v 5.396646 2.723848 -27.329147
v 5.383314 2.710137 -27.362751
v 6.882351 2.722598 -27.337696
v 6.875447 3.009854 -27.335552
v 6.294430 2.704826 -27.366737
v 6.895845 2.706353 -27.358139
v 6.844272 2.971306 -27.311735
v 6.897606 3.030988 -27.379589
v 6.841034 2.763184 -27.302694
v 6.882351 2.722598 -27.337696
v 6.875447 3.009854 -27.335552
v 6.895845 2.706353 -27.358139
v 6.888780 3.021051 -27.365517
v 6.916166 2.680722 -27.360405
v 6.915740 3.052285 -27.381287
v 6.897606 3.030988 -27.379589
v 3.765925 2.679084 -27.385151
v 6.459743 2.684395 -27.363371
v 6.916166 2.680722 -27.360405
v 6.224119 2.673949 -27.373508
v 5.152577 1.959810 -27.327461
v 5.151967 1.655632 -27.310150
v 5.171648 1.942759 -27.290619
v 5.346893 1.998326 -27.338341
v 5.150908 1.996251 -27.331593
v 5.152577 1.959810 -27.327461
v 5.519114 1.949203 -27.299238
v 5.182575 1.689540 -27.256880
v 5.205507 1.893116 -27.264616
v 5.530785 1.657827 -27.302988
v 5.151967 1.655632 -27.310150
v 5.153050 1.614601 -27.306271
v 5.493564 1.700463 -27.249624
v 5.483345 1.907102 -27.266970
v 5.510290 1.601158 -27.263403
v 5.189456 1.573823 -27.246473
v 5.153050 1.614601 -27.306271
v 5.146591 1.280135 -27.289145
v 5.162530 1.317422 -27.254522
v 5.180539 1.229786 -27.223946
v 5.150527 1.258651 -27.285267
v 5.175740 0.982758 -27.203159
v 5.146591 1.280135 -27.289145
v 5.528697 1.296232 -27.286636
v 5.162530 1.317422 -27.254522
v 5.199506 1.357083 -27.227367
v 5.489436 1.342071 -27.231340
v 5.143438 0.944600 -27.260422
v 5.147447 0.856651 -27.190849
v 5.144463 0.906119 -27.259315
v 5.144910 0.819237 -27.183994
v 5.502298 0.890986 -27.209953
v 5.524487 0.917333 -27.260738
v 5.143438 0.944600 -27.260422
v 5.491146 1.221583 -27.217602
v 5.521021 0.950335 -27.257652
v 5.481919 0.985357 -27.202404
v 5.501099 0.540723 -27.192940
v 5.140119 0.567223 -27.238045
v 5.139649 0.540556 -27.197632
v 5.521323 0.569681 -27.235016
v 5.146467 0.594112 -27.198587
v 5.505363 0.599489 -27.196289
v 5.142851 0.651641 -27.170431
v 5.148357 0.478118 -27.181273
v 5.471231 0.855037 -27.188669
v 5.180439 0.115949 -27.098263
v 5.515307 0.268429 -27.091927
v 5.157668 0.267454 -27.098152
v 5.160967 0.307157 -27.125938
v 5.515863 0.442812 -27.139477
v 5.157421 0.439828 -27.125902
v 5.510420 0.297853 -27.117496
v 5.523129 0.487901 -27.185402
v 5.203273 0.052266 -27.110573
v 5.478022 0.052283 -27.108580
v 5.514563 0.120429 -27.093719
v 5.537561 1.996398 -27.336555
v 5.535848 1.958929 -27.326881
v 5.528748 1.614903 -27.298515
v 5.519114 1.949203 -27.299238
v 5.530785 1.657827 -27.302988
v 5.535848 1.958929 -27.326881
v 5.479370 1.558880 -27.238897
v 5.523841 1.305083 -27.276669
v 5.523406 1.259794 -27.277409
v 5.150527 1.258651 -27.285267
v 5.510290 1.601158 -27.263403
v 5.523841 1.305083 -27.276669
v 5.528748 1.614903 -27.298515
v 5.521021 0.950335 -27.257652
v 5.523406 1.259794 -27.277409
v 5.511330 0.755820 -27.240164
v 5.524487 0.917333 -27.260738
v 5.502298 0.890986 -27.209953
v 5.517856 0.686932 -27.233677
v 5.472700 0.649367 -27.180267
v 5.511677 0.382631 -27.124210
v 5.562516 2.000863 -27.325493
v 5.548056 1.969677 -27.580259
v 5.551803 1.957603 -27.692585
v 5.537561 1.996398 -27.336555
v 5.879807 2.002672 -27.321301
v 5.975231 1.957211 -27.690819
v 5.989129 2.000041 -27.332378
v 5.992250 1.966235 -27.326006
v 5.980013 1.619774 -27.303583
v 5.966963 1.187083 -27.630352
v 5.985032 1.659827 -27.296780
v 5.974012 1.307501 -27.270027
v 5.986941 1.606260 -27.292381
v 5.973454 0.794540 -27.678261
v 5.964782 0.730181 -27.588533
v 5.970750 0.697092 -27.499687
v 5.969606 1.132452 -27.363123
v 5.972324 1.289379 -27.283365
v 5.978187 1.259812 -27.273737
v 5.967299 1.172101 -27.253683
v 5.967853 0.891224 -27.250011
v 5.969455 0.944807 -27.258057
v 5.974026 0.958891 -27.223633
v 5.964071 0.599072 -27.370382
v 5.974473 0.532827 -27.258444
v 5.964071 0.599072 -27.370382
v 5.974349 0.612460 -27.244476
v 5.967313 0.838974 -27.200090
v 5.986831 0.604474 -27.197701
v 5.984864 0.584250 -27.232645
v 5.997721 0.553014 -27.228886
v 5.981576 0.654928 -27.168060
v 5.991085 0.492837 -27.188505
v 4.700344 1.991161 -27.343571
v 4.717021 1.960711 -27.699135
v 5.138015 1.959425 -27.694435
v 5.150908 1.996251 -27.331593
v 4.794683 1.995980 -27.330282
v 4.696788 1.612726 -27.307400
v 4.692139 1.656002 -27.313137
v 4.691741 1.957474 -27.339561
v 5.145501 1.965339 -27.592674
v 4.686908 0.946025 -27.261909
v 4.701912 1.099862 -27.394156
v 4.692665 1.280946 -27.285118
v 4.694540 0.607381 -27.395933
v 4.692068 0.590071 -27.225765
v 4.688642 0.567970 -27.248476
v 4.682884 0.527753 -27.248920
v 4.713116 1.040860 -27.691467
v 4.708128 0.719336 -27.577230
v 4.715004 0.793662 -27.687572
v 4.694641 0.903554 -27.258680
v 3.767795 2.552262 -27.656343
v 3.765911 3.052262 -27.404747
v 3.767796 3.052262 -27.656349
v 3.765925 2.679084 -27.385151
v 3.763607 0.266146 -27.121069
v 3.767787 0.052268 -27.655609
v 3.763389 0.051776 -27.120678
v 3.764120 0.283729 -27.150566
v 3.764287 0.423018 -27.159931
v 3.764377 0.445329 -27.203192
v 3.764377 0.445329 -27.203192
v 3.767790 0.885597 -27.655943
v 3.767787 0.052268 -27.655609
v 3.766122 2.661848 -27.372725
v 3.764610 0.547375 -27.254932
v 3.764377 0.445329 -27.203192
v 3.764698 0.527005 -27.216022
v 3.767790 0.885597 -27.655943
v 3.765033 0.586583 -27.234188
v 3.764597 0.629776 -27.193359
v 3.764143 0.843104 -27.205109
v 3.764542 0.879760 -27.232294
v 3.765216 0.903279 -27.277699
v 3.764933 0.940057 -27.274967
v 3.767791 1.385597 -27.656063
v 3.764844 0.957160 -27.241779
v 3.764870 0.989947 -27.217819
v 3.765856 1.222894 -27.243795
v 3.765077 1.258693 -27.298172
v 3.765118 1.290628 -27.302485
v 3.767792 1.885596 -27.656178
v 3.765098 1.318132 -27.260435
v 3.764820 1.347137 -27.241753
v 3.764929 1.555523 -27.257881
v 3.765624 2.657509 -27.342228
v 3.764814 2.619528 -27.317755
v 3.765843 2.404066 -27.308430
v 3.765661 2.356688 -27.370203
v 3.765755 2.323371 -27.369394
v 3.765194 1.609288 -27.321480
v 3.765685 1.590255 -27.277252
v 3.765430 1.646512 -27.326691
v 3.764751 1.670653 -27.283752
v 3.764797 1.706651 -27.265266
v 3.765421 1.908615 -27.282433
v 3.765263 1.941540 -27.304333
v 3.765358 1.964852 -27.350006
v 3.765529 1.998965 -27.353451
v 3.766623 2.043483 -27.288937
v 3.768788 2.275087 -27.305258
v 3.897213 0.213958 -27.655499
v 3.767787 0.052268 -27.655722
v 3.897213 2.890796 -27.655540
v 3.767796 3.052262 -27.656427
v 6.915740 3.052285 -27.381287
v 6.917694 2.552263 -27.631962
v 6.917696 3.052262 -27.632181
v 6.916166 2.680722 -27.360405
v 6.917679 0.052275 -27.631021
v 6.913048 0.266102 -27.099407
v 6.913907 0.051940 -27.097195
v 6.914695 0.287669 -27.123962
v 6.913861 0.422604 -27.135689
v 6.914313 0.449072 -27.183296
v 6.917689 0.885598 -27.631311
v 6.915189 2.660868 -27.326595
v 6.914620 0.542131 -27.231052
v 6.912364 0.529752 -27.196068
v 6.914668 0.577704 -27.231085
v 6.914346 0.599137 -27.186201
v 6.914020 0.632864 -27.170305
v 6.914547 0.754304 -27.174189
v 6.913589 0.864161 -27.189272
v 6.913711 2.618999 -27.298208
v 6.915268 2.412129 -27.283340
v 6.915197 2.378420 -27.304983
v 6.915537 2.358963 -27.344299
v 6.917692 1.802263 -27.631657
v 6.915426 2.320102 -27.345154
v 6.914873 0.936288 -27.254435
v 6.914997 1.260458 -27.274147
v 6.913557 0.995099 -27.194656
v 6.915438 1.998124 -27.329142
v 6.914326 2.269922 -27.276701
v 6.913461 2.044217 -27.265053
v 6.914356 1.910172 -27.259121
v 6.915476 1.964397 -27.326031
v 6.915629 1.950029 -27.289421
v 6.915074 1.651498 -27.302132
v 6.914524 1.706207 -27.243130
v 6.912508 1.671399 -27.265991
v 6.913942 1.349562 -27.219709
v 6.915282 1.609401 -27.296259
v 6.914535 1.555897 -27.234116
v 6.914972 0.897135 -27.245436
v 6.915008 1.293601 -27.278408
v 6.914560 1.313995 -27.240509
v 6.914963 1.593733 -27.255260
v 6.913619 1.221678 -27.218119
v 6.913175 0.960732 -27.214964
v 6.917696 3.052262 -27.632164
v 6.917683 0.052272 -27.631079
v 6.781002 2.890796 -27.633867
v 6.781000 0.213958 -27.633739
v 3.767787 0.052268 -27.655609
v 4.920065 0.052721 -27.113855
v 3.763389 0.051776 -27.120678
v 5.195419 0.052274 -27.110706
v 3.767787 0.052268 -27.655609
v 6.006130 0.052298 -27.104233
v 5.195419 0.052274 -27.110706
v 6.917679 0.052275 -27.631021
v 6.006130 0.052298 -27.104233
v 3.767787 0.052268 -27.655609
v 6.917679 0.052275 -27.631021
v 6.233917 0.052412 -27.103451
v 6.006130 0.052298 -27.104233
v 6.913907 0.051940 -27.097195
v 6.781000 0.213958 -27.633739
v 6.917679 0.052275 -27.631021
v 3.767787 0.052268 -27.655609
v 3.897213 0.213958 -27.655499
v 4.579564 3.052273 -27.396551
v 3.767796 3.052262 -27.656349
v 3.765911 3.052262 -27.404747
v 5.335770 3.052262 -27.392286
v 3.767796 3.052262 -27.656349
v 4.579564 3.052273 -27.396551
v 5.633796 3.052298 -27.388754
v 5.335770 3.052262 -27.392286
v 6.915740 3.052285 -27.381287
v 3.767796 3.052262 -27.656349
v 5.633796 3.052298 -27.388754
v 6.915740 3.052285 -27.381287
v 6.917696 3.052262 -27.632181
v 3.767796 3.052262 -27.656349
v 6.917696 3.052262 -27.632181
v 6.781002 2.890796 -27.633867
v 3.897213 2.890796 -27.655540
v -3.053523 1.912509 -27.816158
v -3.096653 0.903494 -27.810705
v -3.067201 0.857914 -27.799500
v -3.049786 1.917437 -27.763878
v -3.026294 0.794540 -27.745882
v -3.024516 1.957211 -27.758440
v -3.082420 1.884466 -27.819914
v -3.086627 1.878825 -27.850441
v -3.068297 0.839868 -27.758915
v -3.049399 0.836923 -27.749275
v -3.099432 0.908886 -27.841204
v -3.431794 0.839009 -27.752518
v -3.447944 1.957603 -27.760208
v -3.453037 0.792727 -27.750330
v -3.411996 1.912636 -27.772495
v -3.415377 0.839846 -27.761417
v -3.414705 0.864994 -27.811031
v -3.411618 1.912512 -27.818851
v -3.381280 1.885990 -27.821842
v -3.428464 1.927936 -27.765104
v -3.379924 0.908886 -27.852524
v -3.377663 1.878824 -27.852627
v -3.384341 0.901965 -27.822712
v -4.262755 1.927883 -27.770702
v -4.286630 1.040860 -27.759089
v -4.284742 0.793662 -27.755194
v -4.265603 0.835699 -27.758245
v -4.246135 1.912565 -27.778605
v -4.249186 0.862017 -27.815834
v -4.245744 1.912511 -27.824715
v -4.217938 0.932837 -27.827415
v -4.211790 1.878824 -27.858894
v -4.216266 1.884302 -27.828674
v -4.282726 1.960711 -27.766756
v -4.249241 0.839803 -27.767689
v -4.213670 0.916675 -27.858620
v -3.883446 1.919924 -27.769295
v -3.858379 1.685135 -27.763664
v -3.861732 1.959425 -27.762056
v -3.883889 0.833740 -27.755663
v -3.866134 0.792849 -27.750837
v -3.902527 0.839809 -27.765179
v -3.887659 1.912509 -27.822424
v -3.930229 0.909521 -27.817602
v -3.901761 0.865391 -27.806910
v -3.920743 1.878825 -27.856720
v -3.933432 0.918645 -27.847555
v -3.862118 0.948592 -27.751871
v -3.916629 1.886028 -27.826305
v -3.861732 1.959425 -27.762056
v -3.858379 1.685135 -27.763664
v -3.854246 1.965339 -27.660294
v -3.855194 1.647729 -27.486561
v -3.847169 1.959810 -27.395081
v -3.848838 1.996251 -27.399214
v -3.847780 1.655632 -27.377769
v -3.846697 1.614601 -27.373892
v -3.853156 1.280135 -27.356766
v -3.862118 0.948592 -27.751871
v -3.866134 0.792849 -27.750837
v -3.865785 0.577983 -27.403315
v -3.856186 0.906145 -27.326927
v -3.849219 1.258651 -27.352888
v -3.859628 0.567223 -27.305668
v -3.856895 0.651641 -27.238052
v -3.854837 0.819237 -27.251616
v -3.860097 0.540556 -27.265253
v -3.851389 0.478118 -27.248894
v -3.853280 0.594112 -27.266209
v -4.320018 0.509017 -27.281578
v -4.325567 0.436626 -27.256044
v -4.317659 0.475684 -27.226318
v -4.325947 0.422676 -27.219095
v -4.322334 0.301944 -27.213276
v -4.314618 0.286768 -27.192087
v -3.866134 0.792849 -27.750837
v -4.284742 0.793662 -27.755194
v -4.291618 0.719336 -27.644852
v -4.305207 0.607381 -27.463554
v -4.081764 0.483104 -27.239473
v -3.865785 0.577983 -27.403315
v -4.265235 0.376525 -27.186024
v -4.016152 0.413718 -27.185093
v -4.085571 0.295940 -27.183599
v -4.307541 0.169441 -27.189867
v -4.085409 0.052700 -27.181629
v -4.083545 0.261254 -27.163588
v -3.963764 0.430037 -27.162928
v -4.331851 0.052624 -27.182693
v -3.851389 0.478118 -27.248894
v -3.855504 0.434132 -27.157497
v -3.838780 0.307157 -27.193558
v -3.819308 0.115949 -27.165884
v -3.842079 0.267454 -27.165775
v -3.842326 0.439828 -27.193523
v -3.796474 0.052266 -27.178192
v -5.233903 2.404066 -27.376051
v -5.234085 2.356688 -27.437824
v -4.261623 2.368609 -27.389509
v -4.247764 2.662697 -27.432940
v -5.233822 2.679084 -27.452770
v -5.233625 2.661848 -27.440346
v -4.752229 2.669598 -27.451637
v -4.259771 2.653640 -27.402880
v -5.234122 2.657509 -27.409849
v -4.831100 2.313477 -27.432554
v -5.233992 2.323371 -27.437016
v -4.294228 2.404823 -27.366213
v -4.295424 2.613386 -27.378700
v -5.234932 2.619528 -27.385376
v -4.244012 2.353939 -27.428242
v -4.224554 2.671034 -27.446545
v -4.378375 2.315090 -27.416445
v -4.802765 2.309184 -27.426620
v -4.275000 2.316137 -27.427868
v -3.101778 2.657483 -27.390177
v -4.200741 2.660836 -27.424520
v -4.156780 2.609066 -27.375980
v -4.259771 2.653640 -27.402880
v -4.261623 2.368609 -27.389509
v -4.244012 2.353939 -27.428242
v -4.247764 2.662697 -27.432940
v -4.224554 2.671034 -27.446545
v -4.208152 2.353825 -27.423618
v -4.208152 2.353825 -27.423618
v -3.674500 2.312108 -27.414953
v -4.275000 2.316137 -27.427868
v -4.378375 2.315090 -27.416445
v -4.200741 2.660836 -27.424520
v -4.189776 2.375691 -27.382790
v -4.160150 2.405411 -27.364559
v -3.809423 2.673068 -27.441860
v -4.224554 2.671034 -27.446545
v -3.077578 2.681453 -27.434511
v -3.090467 2.665632 -27.422329
v -3.644888 2.674314 -27.441856
v -4.208152 2.353825 -27.423618
v -3.102272 2.377449 -27.380253
v -4.189776 2.375691 -27.382790
v -3.074299 2.356000 -27.421026
v -3.649983 2.320658 -27.423180
v -3.090921 2.366736 -27.408699
v -3.134555 2.619607 -27.369289
v -3.413229 2.677243 -27.439610
v -3.130452 2.407948 -27.368204
v -3.270620 2.319752 -27.421429
v -3.102272 2.377449 -27.380253
v -3.101778 2.657483 -27.390177
v -3.095883 2.319756 -27.410389
v -3.133453 2.411556 -27.357325
v -3.130452 2.407948 -27.368204
v -3.043968 2.673391 -27.429188
v -3.077578 2.681453 -27.434511
v -3.074299 2.356000 -27.421026
v -3.090467 2.665632 -27.422329
v -3.090921 2.366736 -27.408699
v -3.029173 2.659927 -27.390842
v -3.034418 2.379726 -27.376263
v -3.046987 2.363726 -27.407948
v -2.775628 2.673949 -27.441132
v -3.009557 2.686956 -27.437996
v -3.043968 2.673391 -27.429188
v -2.083580 2.680722 -27.428026
v -2.086038 2.619063 -27.365124
v -3.029173 2.659927 -27.390842
v -2.999866 2.620957 -27.367868
v -2.084557 2.660868 -27.394218
v -3.007398 2.407161 -27.366962
v -3.006560 2.409725 -27.355747
v -2.084479 2.412129 -27.350962
v -2.485131 2.322074 -27.417524
v -3.095883 2.319756 -27.410389
v -2.909258 2.322533 -27.411633
v -2.084550 2.378420 -27.372604
v -3.007398 2.407161 -27.366962
v -3.034418 2.379726 -27.376263
v -3.074299 2.356000 -27.421026
v -2.084210 2.358963 -27.411921
v -3.046987 2.363726 -27.407948
v -2.540004 2.684395 -27.430992
v -2.084321 2.320102 -27.412773
v -3.463899 1.958929 -27.394505
v -3.447045 1.957531 -27.760077
v -3.462185 1.996398 -27.404175
v -3.472506 1.612195 -27.366863
v -3.453037 0.792727 -27.750330
v -3.462230 0.758394 -27.687859
v -3.475259 0.917333 -27.328358
v -3.471049 1.296232 -27.354259
v -3.475905 1.305083 -27.344290
v -3.478725 0.950335 -27.325274
v -3.476341 1.259794 -27.345030
v -3.481891 0.686932 -27.301296
v -3.473122 0.769168 -27.484573
v -3.488417 0.755820 -27.307785
v -3.470915 0.608061 -27.453888
v -3.478424 0.569681 -27.302637
v -3.476618 0.487901 -27.253023
v -3.470915 0.608061 -27.453888
v -3.453037 0.792727 -27.750330
v -3.462230 0.758394 -27.687859
v -3.034964 0.730181 -27.656155
v -3.035676 0.599072 -27.438004
v -3.483883 0.442812 -27.207098
v -3.488070 0.382631 -27.191832
v -3.478242 0.428648 -27.158886
v -3.476618 0.487901 -27.253023
v -3.484439 0.268429 -27.159548
v -3.392633 0.289625 -27.167612
v -3.489326 0.297853 -27.185118
v -3.336389 0.429443 -27.159248
v -3.328712 0.352925 -27.135384
v -3.521725 0.052283 -27.176201
v -2.993617 0.052298 -27.171852
v -3.485184 0.120429 -27.161341
v -3.026294 0.794540 -27.745882
v -3.025274 0.532827 -27.326065
v -3.008662 0.492837 -27.256126
v -3.015072 0.423648 -27.145658
v -3.152649 0.292690 -27.166677
v -3.005741 0.146767 -27.159756
v -3.146934 0.431063 -27.150206
v -3.042612 0.365980 -27.131508
v -3.047277 0.402061 -27.116302
v -3.024151 0.261088 -27.159752
v -3.009912 0.303611 -27.177202
v -3.008194 0.460707 -27.243582
v -3.009591 0.419604 -27.200367
v -3.008568 0.265771 -27.159389
v -4.854811 2.298137 -27.389168
v -5.233992 2.323371 -27.437016
v -5.230959 2.275087 -27.372879
v -4.831100 2.313477 -27.432554
v -4.892858 2.255971 -27.364813
v -5.233124 2.043483 -27.356556
v -5.234217 1.998965 -27.421072
v -4.856154 2.012738 -27.381557
v -4.892894 2.051676 -27.353167
v -4.820059 1.992429 -27.415741
v -4.854811 2.298137 -27.389168
v -4.856154 2.012738 -27.381557
v -4.831100 2.313477 -27.432554
v -4.820059 1.992429 -27.415741
v -4.802765 2.309184 -27.426620
v -4.793818 2.006505 -27.402039
v -4.789765 2.295640 -27.386417
v -4.783988 2.020469 -27.371933
v -4.763025 2.265442 -27.371872
v -4.759079 2.262440 -27.360060
v -4.757584 2.046563 -27.349033
v -3.720253 2.259574 -27.353300
v -4.763025 2.265442 -27.371872
v -4.789765 2.295640 -27.386417
v -3.674500 2.312108 -27.414953
v -4.802765 2.309184 -27.426620
v -4.378375 2.315090 -27.416445
v -4.820059 1.992429 -27.415741
v -4.552200 1.996308 -27.413860
v -4.205063 1.995980 -27.397903
v -4.793818 2.006505 -27.402039
v -3.718277 2.053695 -27.341057
v -4.299403 1.991161 -27.411192
v -3.687367 2.299150 -27.378092
v -3.848838 1.996251 -27.399214
v -3.681132 2.013630 -27.372976
v -3.652854 1.998326 -27.405962
v -3.687367 2.299150 -27.378092
v -3.681132 2.013630 -27.372976
v -3.649983 2.320658 -27.423180
v -3.674500 2.312108 -27.414953
v -3.652854 1.998326 -27.405962
v -3.620121 2.306078 -27.385582
v -3.624364 2.015654 -27.376221
v -2.567530 2.265905 -27.348850
v -3.620121 2.306078 -27.385582
v -3.584595 2.267248 -27.352331
v -3.270620 2.319752 -27.421429
v -3.649983 2.320658 -27.423180
v -3.462185 1.996398 -27.404175
v -3.624364 2.015654 -27.376221
v -3.652854 1.998326 -27.405962
v -3.584244 2.056325 -27.339752
v -3.437231 2.000863 -27.393116
v -2.525973 2.014459 -27.385971
v -3.119939 2.002672 -27.388922
v -3.085137 2.320668 -27.409498
v -2.533440 2.301944 -27.370150
v -2.522213 2.312985 -27.401405
v -2.538182 2.024829 -27.361952
v -2.513670 2.323504 -27.418617
v -2.085421 2.269922 -27.344322
v -2.468437 2.300870 -27.369743
v -2.434872 2.266405 -27.346684
v -3.010618 2.000041 -27.399998
v -2.494659 2.000360 -27.399525
v -2.568161 2.055533 -27.335030
v -2.538182 2.024829 -27.361952
v -2.533440 2.301944 -27.370150
v -2.525973 2.014459 -27.385971
v -2.513670 2.323504 -27.418617
v -2.522213 2.312985 -27.401405
v -2.494659 2.000360 -27.399525
v -2.484595 2.322018 -27.417776
v -2.468437 2.300870 -27.369743
v -2.455419 2.046035 -27.336641
v -2.084321 2.320102 -27.412773
v -2.484595 2.322018 -27.417776
v -2.086286 2.044217 -27.332674
v -2.494659 2.000360 -27.399525
v -2.084309 1.998124 -27.396763
v -4.308005 1.957474 -27.407185
v -5.234389 1.964852 -27.417627
v -5.234483 1.941540 -27.371956
v -5.234217 1.998965 -27.421072
v -4.820059 1.992429 -27.415741
v -5.234317 1.646512 -27.394312
v -5.234552 1.609288 -27.389101
v -4.302959 1.612726 -27.375021
v -5.234552 1.609288 -27.389101
v -5.234062 1.590255 -27.344872
v -4.322311 1.597769 -27.337645
v -4.307608 1.656002 -27.380756
v -5.234996 1.670653 -27.351376
v -5.234334 1.907568 -27.348858
v -5.234949 1.706651 -27.332886
v -4.798973 1.700267 -27.331938
v -4.323393 1.933501 -27.359222
v -4.552200 1.996308 -27.413860
v -4.302959 1.612726 -27.375021
v -4.354011 1.707764 -27.323236
v -4.356004 1.555032 -27.313614
v -5.234817 1.555523 -27.325500
v -4.299403 1.991161 -27.411192
v -4.349738 1.907507 -27.338331
v -4.318489 1.670826 -27.350739
v -4.318489 1.670826 -27.350739
v -4.323393 1.933501 -27.359222
v -4.307608 1.656002 -27.380756
v -4.308005 1.957474 -27.407185
v -5.234648 1.318132 -27.328056
v -5.234628 1.290628 -27.370106
v -4.323015 1.307944 -27.346207
v -4.328995 1.240637 -27.310755
v -5.234669 1.258693 -27.365795
v -5.233891 1.222894 -27.311417
v -4.306061 1.295268 -27.353872
v -4.308733 1.258618 -27.351063
v -4.644129 1.206056 -27.307810
v -5.090792 1.195576 -27.297215
v -5.234877 0.989947 -27.285442
v -5.234530 0.903279 -27.345320
v -4.312839 0.946025 -27.329531
v -5.234814 0.940057 -27.342588
v -4.779551 0.993568 -27.278215
v -5.235137 0.547375 -27.322552
v -4.754913 0.571628 -27.321812
v -5.234714 0.586583 -27.301811
v -4.898171 0.543134 -27.322117
v -4.664922 0.517513 -27.281782
v -4.630578 0.525275 -27.311745
v -5.235049 0.527005 -27.283644
v -4.307679 0.590071 -27.293386
v -4.332927 0.618596 -27.257019
v -4.328905 0.883867 -27.284996
v -5.235204 0.879760 -27.299915
v -5.235603 0.843104 -27.272732
v -4.769331 0.848828 -27.268770
v -4.785029 0.635366 -27.255329
v -5.235150 0.629776 -27.260981
v -5.235460 0.423018 -27.227552
v -4.325947 0.422676 -27.219095
v -5.235369 0.445329 -27.270813
v -5.235627 0.283729 -27.218185
v -4.325585 0.435706 -27.256626
v -4.810621 0.265727 -27.186945
v -5.236140 0.266146 -27.188690
v -4.307524 0.169452 -27.191170
v -5.236357 0.051776 -27.188299
v -4.356294 1.344258 -27.299034
v -5.234926 1.347137 -27.309374
v -4.821273 1.203164 -27.300249
v -4.329133 1.328199 -27.315380
v -4.362103 1.189263 -27.289417
v -4.330594 0.966913 -27.296652
v -5.234902 0.957160 -27.309402
v -4.767257 1.123714 -27.285730
v -4.305106 0.903554 -27.326302
v -4.780457 0.286371 -27.214012
v -4.322334 0.301944 -27.213276
v -4.314618 0.286768 -27.192087
v -4.329133 1.328199 -27.315380
v -4.322311 1.597769 -27.337645
v -4.306061 1.295268 -27.353872
v -4.302959 1.612726 -27.375021
v -4.323015 1.307944 -27.346207
v -4.358897 0.999426 -27.273788
v -4.328995 1.240637 -27.310755
v -4.312839 0.946025 -27.329531
v -4.308733 1.258618 -27.351063
v -4.311105 0.567970 -27.316097
v -4.320235 0.509039 -27.281542
v -4.316863 0.527753 -27.316542
v -4.307679 0.590071 -27.293386
v -4.305106 0.903554 -27.326302
v -4.328905 0.883867 -27.284996
v -4.353683 0.860092 -27.262262
v -4.351453 0.706115 -27.251139
v -4.331851 0.052624 -27.182693
v -2.084118 1.950029 -27.357044
v -3.007496 1.966235 -27.393627
v -2.987272 1.937889 -27.346596
v -2.494659 2.000360 -27.399525
v -3.010618 2.000041 -27.399998
v -2.987272 1.937889 -27.346596
v -3.007496 1.966235 -27.393627
v -3.014715 1.659827 -27.364403
v -2.968107 1.702314 -27.314112
v -2.970453 1.560547 -27.303635
v -2.999425 1.598716 -27.326992
v -3.003262 1.330138 -27.302586
v -3.019734 1.619774 -27.371204
v -2.084672 1.651498 -27.369753
v -3.014715 1.659827 -27.364403
v -2.085222 1.706207 -27.310751
v -2.085391 1.910172 -27.326740
v -2.954556 1.914788 -27.328722
v -2.084271 1.964397 -27.393650
v -2.084465 1.609401 -27.363880
v -2.087238 1.671399 -27.333612
v -3.012805 1.606260 -27.360003
v -2.999425 1.598716 -27.326992
v -2.084784 1.593733 -27.322884
v -2.085212 1.555897 -27.301737
v -2.084309 1.998124 -27.396763
v -3.025721 0.958891 -27.291256
v -3.021560 1.259812 -27.341358
v -3.032448 1.172101 -27.321304
v -3.012805 1.606260 -27.360003
v -3.025735 1.307501 -27.337650
v -3.004431 1.239725 -27.303303
v -2.972684 1.355011 -27.288040
v -2.084750 1.260458 -27.341768
v -3.027423 1.289379 -27.350986
v -3.021560 1.259812 -27.341358
v -2.085805 1.349562 -27.287331
v -3.003262 1.330138 -27.302586
v -2.974046 1.000247 -27.261951
v -2.971183 1.210394 -27.276894
v -2.753492 0.899998 -27.329004
v -3.030292 0.944807 -27.325678
v -3.031894 0.891224 -27.317633
v -3.032434 0.838974 -27.267712
v -2.537466 0.855532 -27.284967
v -2.787993 0.847461 -27.262821
v -2.086190 0.995099 -27.262278
v -2.547080 1.201396 -27.283134
v -2.991671 0.539250 -27.259604
v -3.002026 0.553014 -27.296507
v -3.008662 0.492837 -27.256126
v -2.087383 0.529752 -27.263689
v -3.014883 0.584250 -27.300266
v -2.085127 0.542131 -27.298674
v -3.018170 0.654928 -27.235682
v -3.012916 0.604474 -27.265320
v -2.813736 0.631970 -27.240955
v -2.569641 0.721113 -27.238445
v -2.085727 0.632864 -27.237926
v -3.008568 0.265771 -27.159389
v -3.009912 0.303611 -27.177202
v -3.024151 0.261088 -27.159752
v -3.009591 0.419604 -27.200367
v -2.464172 0.422988 -27.207237
v -3.008194 0.460707 -27.243582
v -2.765851 0.299240 -27.191059
v -3.004431 1.239725 -27.303303
v -2.086128 1.221678 -27.285740
v -2.084739 1.293601 -27.346031
v -2.085187 1.313995 -27.308128
v -3.025735 1.307501 -27.337650
v -3.025721 0.958891 -27.291256
v -2.086572 0.960732 -27.282585
v -2.376299 0.899413 -27.319004
v -2.371165 0.849718 -27.255871
v -2.085078 0.577704 -27.298706
v -2.085401 0.599137 -27.253822
v -2.085199 0.754304 -27.241810
v -2.086686 0.267096 -27.166176
v -2.085841 0.051940 -27.164816
v -3.005741 0.146767 -27.159756
v -2.085433 0.449072 -27.250917
v -2.085886 0.422604 -27.203310
v -2.993619 0.052381 -27.172264
v -2.084874 0.936288 -27.322056
v -2.084775 0.897135 -27.313057
v -2.086157 0.864161 -27.256893
v -2.085052 0.287669 -27.191582
v -3.411618 1.912512 -27.818851
v -3.381280 1.885990 -27.821842
v -3.082420 1.884466 -27.819914
v -3.428464 1.927936 -27.765104
v -3.024516 1.957211 -27.758440
v -3.447944 1.957603 -27.760208
v -3.049786 1.917437 -27.763878
v -3.411996 1.912636 -27.772495
v -3.053523 1.912509 -27.816158
v -3.377663 1.878824 -27.852627
v -3.086627 1.878825 -27.850441
v -3.067201 0.857914 -27.799500
v -3.414705 0.864994 -27.811031
v -3.415377 0.839846 -27.761417
v -3.049399 0.836923 -27.749275
v -3.431794 0.839009 -27.752518
v -3.453037 0.792727 -27.750330
v -3.026294 0.794540 -27.745882
v -3.068297 0.839868 -27.758915
v -3.096653 0.903494 -27.810705
v -3.384341 0.901965 -27.822712
v -3.379924 0.908886 -27.852524
v -3.099432 0.908886 -27.841204
v -3.887659 1.912509 -27.822424
v -4.216266 1.884302 -27.828674
v -3.916629 1.886028 -27.826305
v -4.262755 1.927883 -27.770702
v -3.883446 1.919924 -27.769295
v -3.861732 1.959425 -27.762056
v -4.282726 1.960711 -27.766756
v -4.246135 1.912565 -27.778605
v -4.245744 1.912511 -27.824715
v -3.920743 1.878825 -27.856720
v -4.211790 1.878824 -27.858894
v -4.249186 0.862017 -27.815834
v -4.213670 0.916675 -27.858620
v -4.217938 0.932837 -27.827415
v -3.883889 0.833740 -27.755663
v -4.265603 0.835699 -27.758245
v -4.284742 0.793662 -27.755194
v -3.930229 0.909521 -27.817602
v -3.933432 0.918645 -27.847555
v -4.249241 0.839803 -27.767689
v -3.902527 0.839809 -27.765179
v -3.901761 0.865391 -27.806910
v -3.866134 0.792849 -27.750837
v -5.207629 3.023716 -27.464211
v -5.233835 3.052262 -27.472368
v -5.233822 2.679084 -27.452770
v -5.209036 2.707661 -27.445480
v -5.189346 3.012311 -27.430548
v -5.188661 2.724412 -27.408642
v -5.145760 2.975922 -27.402012
v -5.150690 2.754317 -27.388958
v -3.713949 2.963652 -27.386496
v -3.666360 3.008756 -27.440887
v -5.207629 3.023716 -27.464211
v -5.189346 3.012311 -27.430548
v -3.663836 3.052359 -27.457821
v -5.233835 3.052262 -27.472368
v -3.642751 3.024199 -27.455734
v -3.653890 2.698259 -27.440022
v -5.233822 2.679084 -27.452770
v -4.752229 2.669598 -27.451637
v -5.188661 2.724412 -27.408642
v -5.209036 2.707661 -27.445480
v -3.681887 2.724394 -27.396891
v -3.675292 3.005473 -27.413662
v -4.224554 2.671034 -27.446545
v -3.667500 2.711910 -27.426216
v -3.714448 2.756952 -27.376554
v -3.653890 2.698259 -27.440022
v -3.667500 2.711910 -27.426216
v -3.666360 3.008756 -27.440887
v -3.675292 3.005473 -27.413662
v -3.644845 2.674109 -27.440683
v -3.681887 2.724394 -27.396891
v -3.642751 3.024199 -27.455734
v -3.653890 2.698259 -27.440022
v -3.603101 2.723848 -27.396769
v -3.595301 3.002775 -27.409103
v -3.611688 3.013576 -27.442074
v -3.616433 2.710137 -27.430372
v -3.568782 2.756541 -27.378788
v -3.565367 2.963907 -27.386557
v -2.834021 2.759392 -27.370661
v -2.110967 3.021051 -27.433140
v -3.642751 3.024199 -27.455734
v -3.611688 3.013576 -27.442074
v -3.595301 3.002775 -27.409103
v -3.663948 3.052278 -27.459478
v -2.084006 3.052285 -27.448908
v -3.077578 2.681453 -27.434511
v -3.653890 2.698259 -27.440022
v -3.644869 2.674321 -27.442419
v -3.043968 2.673391 -27.429188
v -3.009557 2.686956 -27.437996
v -3.603101 2.723848 -27.396769
v -3.616433 2.710137 -27.430372
v -2.117395 2.722598 -27.405315
v -2.124299 3.009854 -27.403173
v -2.705316 2.704826 -27.434361
v -2.103902 2.706353 -27.425760
v -2.155475 2.971306 -27.379356
v -2.102140 3.030988 -27.447210
v -2.158713 2.763184 -27.370316
v -2.117395 2.722598 -27.405315
v -2.124299 3.009854 -27.403173
v -2.103902 2.706353 -27.425760
v -2.110967 3.021051 -27.433140
v -2.083580 2.680722 -27.428026
v -2.084006 3.052285 -27.448908
v -2.102140 3.030988 -27.447210
v -5.233822 2.679084 -27.452770
v -2.540004 2.684395 -27.430992
v -2.083580 2.680722 -27.428026
v -2.775628 2.673949 -27.441132
v -3.847169 1.959810 -27.395081
v -3.847780 1.655632 -27.377769
v -3.828099 1.942759 -27.358240
v -3.652854 1.998326 -27.405962
v -3.848838 1.996251 -27.399214
v -3.847169 1.959810 -27.395081
v -3.480633 1.949203 -27.366859
v -3.817172 1.689540 -27.324501
v -3.794240 1.893116 -27.332237
v -3.468962 1.657827 -27.370609
v -3.847780 1.655632 -27.377769
v -3.846697 1.614601 -27.373892
v -3.506183 1.700463 -27.317245
v -3.516402 1.907102 -27.334591
v -3.489457 1.601158 -27.331024
v -3.810290 1.573823 -27.314095
v -3.846697 1.614601 -27.373892
v -3.853156 1.280135 -27.356766
v -3.837217 1.317422 -27.322144
v -3.819208 1.229786 -27.291565
v -3.849219 1.258651 -27.352888
v -3.824007 0.982758 -27.270781
v -3.853156 1.280135 -27.356766
v -3.471049 1.296232 -27.354259
v -3.837217 1.317422 -27.322144
v -3.800240 1.357083 -27.294989
v -3.510311 1.342071 -27.298962
v -3.856308 0.944600 -27.328043
v -3.852299 0.856651 -27.258471
v -3.855284 0.906119 -27.326939
v -3.854837 0.819237 -27.251616
v -3.497448 0.890986 -27.277575
v -3.475259 0.917333 -27.328358
v -3.856308 0.944600 -27.328043
v -3.508601 1.221583 -27.285225
v -3.478725 0.950335 -27.325274
v -3.517828 0.985357 -27.270025
v -3.498648 0.540723 -27.260561
v -3.859628 0.567223 -27.305668
v -3.860097 0.540556 -27.265253
v -3.478424 0.569681 -27.302637
v -3.853280 0.594112 -27.266209
v -3.494383 0.599489 -27.263910
v -3.856895 0.651641 -27.238052
v -3.851389 0.478118 -27.248894
v -3.528516 0.855037 -27.256290
v -3.819308 0.115949 -27.165884
v -3.484439 0.268429 -27.159548
v -3.842079 0.267454 -27.165775
v -3.838780 0.307157 -27.193558
v -3.483883 0.442812 -27.207098
v -3.842326 0.439828 -27.193523
v -3.489326 0.297853 -27.185118
v -3.476618 0.487901 -27.253023
v -3.796474 0.052266 -27.178192
v -3.521725 0.052283 -27.176201
v -3.485184 0.120429 -27.161341
v -3.462185 1.996398 -27.404175
v -3.463899 1.958929 -27.394505
v -3.470999 1.614903 -27.366137
v -3.480633 1.949203 -27.366859
v -3.468962 1.657827 -27.370609
v -3.463899 1.958929 -27.394505
v -3.520377 1.558880 -27.306519
v -3.475905 1.305083 -27.344290
v -3.476341 1.259794 -27.345030
v -3.849219 1.258651 -27.352888
v -3.489457 1.601158 -27.331024
v -3.475905 1.305083 -27.344290
v -3.470999 1.614903 -27.366137
v -3.478725 0.950335 -27.325274
v -3.476341 1.259794 -27.345030
v -3.488417 0.755820 -27.307785
v -3.475259 0.917333 -27.328358
v -3.497448 0.890986 -27.277575
v -3.481891 0.686932 -27.301296
v -3.527047 0.649367 -27.247889
v -3.488070 0.382631 -27.191832
v -3.437231 2.000863 -27.393116
v -3.451691 1.969677 -27.647881
v -3.447944 1.957603 -27.760208
v -3.462185 1.996398 -27.404175
v -3.119939 2.002672 -27.388922
v -3.024516 1.957211 -27.758440
v -3.010618 2.000041 -27.399998
v -3.007496 1.966235 -27.393627
v -3.019734 1.619774 -27.371204
v -3.032783 1.187083 -27.697973
v -3.014715 1.659827 -27.364403
v -3.025735 1.307501 -27.337650
v -3.012805 1.606260 -27.360003
v -3.026294 0.794540 -27.745882
v -3.034964 0.730181 -27.656155
v -3.028997 0.697092 -27.567308
v -3.030140 1.132452 -27.430744
v -3.027423 1.289379 -27.350986
v -3.021560 1.259812 -27.341358
v -3.032448 1.172101 -27.321304
v -3.031894 0.891224 -27.317633
v -3.030292 0.944807 -27.325678
v -3.025721 0.958891 -27.291256
v -3.035676 0.599072 -27.438004
v -3.025274 0.532827 -27.326065
v -3.035676 0.599072 -27.438004
v -3.025398 0.612460 -27.312098
v -3.032434 0.838974 -27.267712
v -3.012916 0.604474 -27.265320
v -3.014883 0.584250 -27.300266
v -3.002026 0.553014 -27.296507
v -3.018170 0.654928 -27.235682
v -3.008662 0.492837 -27.256126
v -4.299403 1.991161 -27.411192
v -4.282726 1.960711 -27.766756
v -3.861732 1.959425 -27.762056
v -3.848838 1.996251 -27.399214
v -4.205063 1.995980 -27.397903
v -4.302959 1.612726 -27.375021
v -4.307608 1.656002 -27.380756
v -4.308005 1.957474 -27.407185
v -3.854246 1.965339 -27.660294
v -4.312839 0.946025 -27.329531
v -4.297835 1.099862 -27.461777
v -4.307082 1.280944 -27.352739
v -4.305207 0.607381 -27.463554
v -4.307679 0.590071 -27.293386
v -4.311105 0.567970 -27.316097
v -4.316863 0.527753 -27.316542
v -4.286630 1.040860 -27.759089
v -4.291618 0.719336 -27.644852
v -4.284742 0.793662 -27.755194
v -4.305106 0.903554 -27.326302
v -5.231952 2.552262 -27.723965
v -5.233835 3.052262 -27.472368
v -5.231951 3.052262 -27.723969
v -5.233822 2.679084 -27.452770
v -5.236140 0.266146 -27.188690
v -5.231960 0.052268 -27.723230
v -5.236357 0.051776 -27.188299
v -5.235627 0.283729 -27.218185
v -5.235460 0.423018 -27.227552
v -5.235369 0.445329 -27.270813
v -5.235369 0.445329 -27.270813
v -5.231956 0.885597 -27.723564
v -5.231960 0.052268 -27.723230
v -5.233625 2.661848 -27.440346
v -5.235137 0.547375 -27.322552
v -5.235369 0.445329 -27.270813
v -5.235049 0.527005 -27.283644
v -5.231956 0.885597 -27.723564
v -5.234714 0.586583 -27.301811
v -5.235150 0.629776 -27.260981
v -5.235603 0.843104 -27.272732
v -5.235204 0.879760 -27.299915
v -5.234530 0.903279 -27.345320
v -5.234814 0.940057 -27.342588
v -5.231956 1.385597 -27.723684
v -5.234902 0.957160 -27.309402
v -5.234877 0.989947 -27.285442
v -5.233891 1.222894 -27.311417
v -5.234669 1.258693 -27.365795
v -5.234628 1.290628 -27.370106
v -5.231954 1.885596 -27.723799
v -5.234648 1.318132 -27.328056
v -5.234926 1.347137 -27.309374
v -5.234817 1.555523 -27.325500
v -5.234122 2.657509 -27.409849
v -5.234932 2.619528 -27.385376
v -5.233903 2.404066 -27.376051
v -5.234085 2.356688 -27.437824
v -5.233992 2.323371 -27.437016
v -5.234552 1.609288 -27.389101
v -5.234062 1.590255 -27.344872
v -5.234317 1.646512 -27.394312
v -5.234996 1.670653 -27.351376
v -5.234949 1.706651 -27.332886
v -5.234325 1.908615 -27.350054
v -5.234483 1.941540 -27.371956
v -5.234389 1.964852 -27.417627
v -5.234217 1.998965 -27.421072
v -5.233124 2.043483 -27.356556
v -5.230959 2.275087 -27.372879
v -5.102534 0.213958 -27.723118
v -5.231959 0.052269 -27.723343
v -5.102534 2.890796 -27.723162
v -5.231951 3.052263 -27.724049
v -2.084006 3.052285 -27.448908
v -2.082053 2.552263 -27.699583
v -2.082051 3.052262 -27.699802
v -2.083580 2.680722 -27.428026
v -2.082067 0.052275 -27.698643
v -2.086698 0.266102 -27.167028
v -2.085841 0.051940 -27.164816
v -2.085052 0.287669 -27.191582
v -2.085886 0.422604 -27.203310
v -2.085433 0.449072 -27.250917
v -2.082057 0.885598 -27.698933
v -2.084557 2.660868 -27.394218
v -2.085127 0.542131 -27.298674
v -2.087383 0.529752 -27.263689
v -2.085078 0.577704 -27.298706
v -2.085401 0.599137 -27.253822
v -2.085727 0.632864 -27.237926
v -2.085199 0.754304 -27.241810
v -2.086157 0.864161 -27.256893
v -2.086036 2.618999 -27.365829
v -2.084479 2.412129 -27.350962
v -2.084550 2.378420 -27.372604
v -2.084210 2.358963 -27.411921
v -2.082055 1.802263 -27.699278
v -2.084321 2.320102 -27.412773
v -2.084874 0.936288 -27.322056
v -2.084750 1.260458 -27.341768
v -2.086190 0.995099 -27.262278
v -2.084309 1.998124 -27.396763
v -2.085421 2.269922 -27.344322
v -2.086286 2.044217 -27.332674
v -2.085391 1.910172 -27.326740
v -2.084271 1.964397 -27.393650
v -2.084118 1.950029 -27.357044
v -2.084672 1.651498 -27.369753
v -2.085222 1.706207 -27.310751
v -2.087238 1.671399 -27.333612
v -2.085805 1.349562 -27.287331
v -2.084465 1.609401 -27.363880
v -2.085212 1.555897 -27.301737
v -2.084775 0.897135 -27.313057
v -2.084739 1.293601 -27.346031
v -2.085187 1.313995 -27.308128
v -2.084784 1.593733 -27.322884
v -2.086128 1.221678 -27.285740
v -2.086572 0.960732 -27.282585
v -2.082051 3.052263 -27.699785
v -2.082064 0.052272 -27.698700
v -2.218745 2.890796 -27.701488
v -2.218747 0.213958 -27.701361
v -5.231960 0.052268 -27.723230
v -4.079681 0.052721 -27.181477
v -5.236357 0.051776 -27.188299
v -3.804327 0.052274 -27.178329
v -5.231960 0.052268 -27.723230
v -2.993617 0.052298 -27.171852
v -3.804327 0.052274 -27.178329
v -2.082067 0.052275 -27.698643
v -2.993617 0.052298 -27.171852
v -5.231960 0.052268 -27.723230
v -2.082067 0.052275 -27.698643
v -2.765830 0.052412 -27.171072
v -2.993617 0.052298 -27.171852
v -2.085841 0.051940 -27.164816
v -2.218747 0.213958 -27.701361
v -2.082067 0.052275 -27.698643
v -5.231960 0.052268 -27.723230
v -5.102534 0.213958 -27.723118
v -4.420183 3.052273 -27.464172
v -5.231951 3.052262 -27.723969
v -5.233835 3.052262 -27.472368
v -3.663976 3.052262 -27.459908
v -5.231951 3.052262 -27.723969
v -4.420183 3.052273 -27.464172
v -3.365951 3.052298 -27.456375
v -3.663976 3.052262 -27.459908
v -2.084006 3.052285 -27.448908
v -5.231951 3.052262 -27.723969
v -3.365951 3.052298 -27.456375
v -2.084006 3.052285 -27.448908
v -2.082051 3.052262 -27.699802
v -5.231951 3.052262 -27.723969
v -2.082051 3.052262 -27.699802
v -2.218745 2.890796 -27.701488
v -5.102534 2.890796 -27.723162
v 15.202310 1.860499 5.514441
v 15.245361 0.851484 5.508399
v 15.215758 0.805904 5.497598
v 15.197858 1.865427 5.462217
v 15.174121 0.742530 5.444545
v 15.172515 1.905201 5.457127
v 15.231256 1.832457 5.517801
v 15.235880 1.826815 5.548267
v 15.216299 0.787858 5.457002
v 15.197270 0.784913 5.447621
v 15.248557 0.856876 5.538857
v 15.579675 0.787000 5.445630
v 15.595928 1.905593 5.453098
v 15.600885 0.740717 5.443151
v 15.560152 1.860626 5.465875
v 15.563380 0.787836 5.454753
v 15.563388 0.812984 5.504373
v 15.560408 1.860502 5.512233
v 15.530114 1.833980 5.515638
v 15.576517 1.875926 5.458260
v 15.529178 0.856876 5.546337
v 15.526918 1.826815 5.546471
v 15.533186 0.849955 5.516467
v 16.410807 1.875873 5.452439
v 16.434521 0.988850 5.440500
v 16.432579 0.741652 5.436630
v 16.413483 0.783689 5.439945
v 16.394297 1.860555 5.460567
v 16.397856 0.810007 5.497754
v 16.394537 1.860501 5.506678
v 16.366770 0.880827 5.509759
v 16.361053 1.826814 5.541321
v 16.365116 1.832292 5.511042
v 16.430721 1.908701 5.448220
v 16.397253 0.787793 5.449611
v 16.362930 0.864665 5.541019
v 16.031513 1.867914 5.456223
v 16.006372 1.633125 5.450936
v 16.009703 1.907415 5.449283
v 16.031771 0.781730 5.442586
v 16.013950 0.740840 5.438004
v 16.050537 0.787799 5.451846
v 16.036453 1.860499 5.509289
v 16.078955 0.857511 5.503885
v 16.050343 0.813381 5.493583
v 16.070004 1.826815 5.543129
v 16.082567 0.866635 5.533793
v 16.009949 0.896583 5.439093
v 16.065474 1.834018 5.512774
v 16.009703 1.907415 5.449283
v 16.006372 1.633125 5.450936
v 16.000824 1.913329 5.347633
v 15.999394 1.595719 5.173903
v 15.990118 1.907800 5.082541
v 15.991843 1.944241 5.086650
v 15.990492 1.603623 5.065224
v 15.989356 1.562591 5.061361
v 15.995581 1.228125 5.044147
v 16.009949 0.896583 5.439093
v 16.013950 0.740840 5.438004
v 16.008844 0.525973 5.090519
v 15.998201 0.854136 5.014270
v 15.991590 1.206641 5.040324
v 16.001352 0.515213 4.992964
v 15.997694 0.599632 4.925393
v 15.995822 0.767227 4.938984
v 16.001268 0.488546 4.952548
v 15.992337 0.426108 4.936309
v 15.994465 0.542102 4.953598
v 16.461369 0.457007 4.962576
v 16.466568 0.384616 4.936968
v 16.458254 0.423674 4.907355
v 16.466442 0.370666 4.900019
v 16.462749 0.249934 4.894248
v 16.454744 0.234758 4.873168
v 16.013950 0.740840 5.438004
v 16.432579 0.741652 5.436630
v 16.437944 0.667326 5.326204
v 16.449051 0.555371 5.144738
v 16.222561 0.431095 4.923737
v 16.008844 0.525973 5.090519
v 16.405285 0.324515 4.867782
v 16.156210 0.361709 4.870259
v 16.225603 0.243930 4.867815
v 16.447639 0.117431 4.871046
v 16.225414 0.000690 4.865849
v 16.223303 0.209245 4.847834
v 16.103525 0.378028 4.848813
v 16.471848 0.000614 4.863539
v 15.992337 0.426108 4.936309
v 15.995200 0.382123 4.844866
v 15.978971 0.255147 4.881152
v 15.959123 0.063939 4.853746
v 15.981890 0.215444 4.853325
v 15.982516 0.387818 4.881068
v 15.936459 0.000256 4.866367
v 17.376463 2.352056 5.044532
v 17.377491 2.304678 5.106297
v 16.404457 2.316600 5.071297
v 16.391193 2.610687 5.114913
v 17.377432 2.627074 5.121246
v 17.377064 2.609838 5.108825
v 16.895868 2.617588 5.126704
v 16.402788 2.601630 5.084692
v 17.377144 2.605499 5.078324
v 16.974470 2.261467 5.106544
v 17.377386 2.271361 5.105490
v 16.436741 2.352813 5.047557
v 16.438107 2.561377 5.060028
v 17.377619 2.567518 5.053843
v 16.387379 2.301929 5.110266
v 16.368172 2.619025 5.128835
v 16.521566 2.263080 5.096632
v 16.946056 2.257174 5.100997
v 16.418358 2.264127 5.109469
v 15.244730 2.605473 5.087840
v 16.344059 2.608826 5.107138
v 16.299438 2.557056 5.059205
v 16.402788 2.601630 5.084692
v 16.404457 2.316600 5.071297
v 16.387379 2.301929 5.110266
v 16.391193 2.610687 5.114913
v 16.368172 2.619025 5.128835
v 16.351458 2.301815 5.106133
v 16.351458 2.301815 5.106133
v 15.817738 2.260098 5.104774
v 16.418358 2.264127 5.109469
v 16.521566 2.263080 5.096632
v 16.344059 2.608826 5.107138
v 16.332525 2.323681 5.065560
v 16.302652 2.353401 5.047739
v 15.953016 2.621058 5.129833
v 16.368172 2.619025 5.128835
v 15.221138 2.629443 5.132500
v 15.233860 2.613622 5.120143
v 15.788496 2.622304 5.132082
v 16.351458 2.301815 5.106133
v 15.245089 2.325439 5.077911
v 16.332525 2.323681 5.065560
v 15.217675 2.303990 5.119062
v 15.793335 2.268648 5.113335
v 15.234127 2.314726 5.106508
v 15.277218 2.567597 5.066504
v 15.556828 2.625233 5.133004
v 15.273100 2.355938 5.065477
v 15.413983 2.267742 5.116778
v 15.245089 2.325439 5.077911
v 15.244730 2.605473 5.087840
v 15.239112 2.267746 5.108130
v 15.275951 2.359546 5.054557
v 15.273100 2.355938 5.065477
v 15.187459 2.621381 5.127639
v 15.221138 2.629443 5.132500
v 15.217675 2.303990 5.119062
v 15.233860 2.613622 5.120143
v 15.234127 2.314726 5.106508
v 15.172140 2.607917 5.089499
v 15.177186 2.327716 5.074850
v 15.190187 2.311717 5.106359
v 14.919308 2.621939 5.143253
v 15.153172 2.634946 5.136916
v 15.187459 2.621381 5.127639
v 14.227144 2.628712 5.139623
v 14.228741 2.567053 5.076691
v 15.172140 2.607917 5.089499
v 15.142523 2.568948 5.066928
v 14.227659 2.608858 5.105803
v 15.150041 2.355151 5.065918
v 15.149050 2.357715 5.054716
v 14.226989 2.360119 5.062553
v 14.628514 2.270064 5.123626
v 15.239112 2.267746 5.108130
v 15.052521 2.270523 5.111928
v 14.227356 2.326410 5.084193
v 15.150041 2.355151 5.065918
v 15.177186 2.327716 5.074850
v 15.217675 2.303990 5.119062
v 14.227554 2.306953 5.123509
v 15.190187 2.311717 5.106359
v 14.683567 2.632385 5.136341
v 14.227676 2.268092 5.124361
v 15.606876 1.906919 5.087210
v 15.595028 1.905521 5.452979
v 15.605294 1.944388 5.096904
v 15.615104 1.560185 5.059453
v 15.600885 0.740717 5.443151
v 15.609222 0.706384 5.380559
v 15.617330 0.865323 5.020915
v 15.613475 1.244222 5.046871
v 15.618194 1.253074 5.036836
v 15.620754 0.898326 5.017782
v 15.618640 1.207785 5.037570
v 15.623590 0.634922 4.993765
v 15.617331 0.717158 5.177145
v 15.630204 0.703810 5.000165
v 15.614704 0.556051 5.146491
v 15.620142 0.517671 4.995153
v 15.617658 0.435891 4.945569
v 15.614704 0.556051 5.146491
v 15.600885 0.740717 5.443151
v 15.609222 0.706384 5.380559
v 15.181562 0.678171 5.354706
v 15.179289 0.547062 5.136568
v 15.624293 0.390802 4.899548
v 15.628270 0.330622 4.884225
v 15.617993 0.376638 4.851417
v 15.617658 0.435891 4.945569
v 15.624199 0.216419 4.851995
v 15.532511 0.237615 4.861315
v 15.629435 0.245843 4.877496
v 15.476158 0.377433 4.853721
v 15.468155 0.300915 4.829963
v 15.661708 0.000273 4.868136
v 15.133590 0.000289 4.871017
v 15.624968 0.068419 4.853777
v 15.174121 0.742530 5.444545
v 15.167356 0.480818 5.024782
v 15.149788 0.440827 4.955076
v 15.154685 0.371638 4.844530
v 15.292537 0.240681 4.863666
v 15.145548 0.094757 4.858755
v 15.286596 0.379053 4.847273
v 15.182028 0.313970 4.830004
v 15.186485 0.350052 4.814736
v 15.163956 0.209079 4.858500
v 15.149958 0.251601 4.876143
v 15.149148 0.408697 4.942539
v 15.149953 0.367594 4.899309
v 15.148370 0.213761 4.858351
v 16.997585 2.246127 5.062835
v 17.377386 2.271361 5.105490
v 17.373474 2.223077 5.041401
v 16.974470 2.261467 5.106544
v 17.035295 2.203961 5.037963
v 17.375416 1.991473 5.025050
v 17.377392 1.946955 5.089546
v 16.998823 1.960728 5.055209
v 17.035172 1.999666 5.026318
v 16.963200 1.940419 5.089884
v 16.997585 2.246127 5.062835
v 16.998823 1.960728 5.055209
v 16.974470 2.261467 5.106544
v 16.963200 1.940419 5.089884
v 16.946056 2.257174 5.100997
v 16.936773 1.954495 5.076541
v 16.932507 2.243631 5.060977
v 16.926533 1.968459 5.046572
v 16.905571 2.213432 5.046799
v 16.901464 2.210430 5.035042
v 16.899818 1.994553 5.024035
v 15.862641 2.207564 5.042501
v 16.905571 2.213432 5.046799
v 16.932507 2.243631 5.060977
v 15.817738 2.260098 5.104774
v 16.946056 2.257174 5.100997
v 16.521566 2.263080 5.096632
v 16.963200 1.940419 5.089884
v 16.695341 1.944298 5.091669
v 16.348017 1.943970 5.080465
v 16.936773 1.954495 5.076541
v 15.860498 2.001685 5.030287
v 16.442530 1.939151 5.092461
v 15.830099 2.247140 5.067741
v 15.991843 1.944241 5.086650
v 15.823794 1.961621 5.062711
v 15.795970 1.946316 5.096080
v 15.830099 2.247140 5.067741
v 15.823794 1.961621 5.062711
v 15.793335 2.268648 5.113335
v 15.817738 2.260098 5.104774
v 15.795970 1.946316 5.096080
v 15.762961 2.254068 5.076149
v 15.767076 1.963644 5.066732
v 14.709966 2.213896 5.053829
v 15.762961 2.254068 5.076149
v 15.726984 2.215238 5.043388
v 15.413983 2.267742 5.116778
v 15.793335 2.268648 5.113335
v 15.605294 1.944388 5.096904
v 15.767076 1.963644 5.066732
v 15.795970 1.946316 5.096080
v 15.726460 2.004315 5.030816
v 15.580191 1.948853 5.086185
v 14.668921 1.962449 5.091516
v 15.262872 1.950662 5.086336
v 15.228358 2.268658 5.107388
v 14.676170 2.249934 5.075593
v 14.665373 2.260976 5.106999
v 14.680800 1.972819 5.067331
v 14.657066 2.271495 5.124327
v 14.227839 2.217912 5.055902
v 14.611169 2.248860 5.076077
v 14.577291 2.214395 5.053478
v 15.153713 1.948031 5.098908
v 14.637795 1.948350 5.105497
v 14.710407 2.003524 5.040002
v 14.680800 1.972819 5.067331
v 14.676170 2.249934 5.075593
v 14.668921 1.962449 5.091516
v 14.657066 2.271495 5.124327
v 14.665373 2.260976 5.106999
v 14.637795 1.948350 5.105497
v 14.627981 2.270009 5.123884
v 14.611169 2.248860 5.076077
v 14.597698 1.994025 5.043155
v 14.227676 2.268092 5.124361
v 14.627981 2.270009 5.123884
v 14.228545 1.992207 5.044241
v 14.637795 1.948350 5.105497
v 14.227446 1.946114 5.108351
v 16.451077 1.905465 5.088335
v 17.377516 1.912842 5.086099
v 17.376986 1.889530 5.040429
v 17.377392 1.946955 5.089546
v 16.963200 1.940419 5.089884
v 17.377127 1.594502 5.062785
v 17.377291 1.557278 5.057571
v 16.445591 1.560716 5.056243
v 17.377291 1.557278 5.057571
v 17.376194 1.538245 5.013354
v 16.464430 1.545760 5.018606
v 16.450317 1.603992 5.061916
v 17.377216 1.618643 5.019844
v 17.376520 1.855558 5.017334
v 17.376917 1.654641 5.001358
v 16.940969 1.648257 5.006376
v 16.465807 1.881491 5.040166
v 16.695341 1.944298 5.091669
v 16.445591 1.560716 5.056243
v 16.495928 1.655754 5.003765
v 16.497791 1.503023 4.994118
v 17.376684 1.503513 4.993975
v 16.442530 1.939151 5.092461
v 16.491863 1.855497 5.018918
v 16.460787 1.618816 5.031752
v 16.460787 1.618816 5.031752
v 16.465807 1.881491 5.040166
v 16.450317 1.603992 5.061916
v 16.451077 1.905465 5.088335
v 17.376551 1.266122 4.996532
v 17.377106 1.238618 5.038578
v 16.465250 1.255935 5.027159
v 16.470745 1.188627 4.991627
v 17.377089 1.206684 5.034266
v 17.375565 1.170884 4.979904
v 16.448402 1.243258 5.035055
v 16.451036 1.206608 5.032208
v 16.785809 1.154046 4.984369
v 17.232285 1.143566 4.967661
v 17.376669 0.851270 5.013795
v 16.454847 0.894015 5.010623
v 17.376915 0.888047 5.011060
v 16.920813 0.941558 4.952923
v 17.376196 0.937938 4.953918
v 17.376963 0.495365 4.991022
v 16.896774 0.519618 4.996854
v 17.376257 0.534573 4.970288
v 17.040024 0.491125 4.995198
v 16.806244 0.465503 4.958059
v 16.772312 0.473265 4.988490
v 17.376343 0.474995 4.952117
v 16.449194 0.538061 4.974553
v 16.473940 0.566587 4.937842
v 16.470303 0.831857 4.965873
v 17.376722 0.827750 4.968386
v 17.376747 0.791094 4.941198
v 16.910465 0.796818 4.943621
v 16.925978 0.583357 4.929965
v 17.376135 0.577766 4.929454
v 17.375986 0.371009 4.896027
v 16.466442 0.370666 4.900019
v 17.376488 0.393319 4.939284
v 17.376024 0.231719 4.886658
v 16.466595 0.383696 4.937550
v 16.950632 0.213717 4.861238
v 17.376135 0.214137 4.857159
v 16.447639 0.117442 4.872347
v 17.376347 -0.000234 4.856763
v 16.497881 1.292248 4.979533
v 17.376574 1.295127 4.977847
v 16.962833 1.151154 4.974385
v 16.470945 1.276189 4.996251
v 16.503557 1.137253 4.969840
v 16.472151 0.914903 4.977504
v 17.376549 0.905151 4.977874
v 16.908623 1.071705 4.960606
v 16.447071 0.851544 5.007500
v 16.920841 0.234361 4.888716
v 16.462749 0.249934 4.894248
v 16.454744 0.234758 4.873168
v 16.470945 1.276189 4.996251
v 16.464430 1.545760 5.018606
v 16.448402 1.243258 5.035055
v 16.445591 1.560716 5.056243
v 16.465250 1.255935 5.027159
v 16.500137 0.947416 4.954256
v 16.470745 1.188627 4.991627
v 16.454847 0.894015 5.010623
v 16.451036 1.206608 5.032208
v 16.452930 0.515960 4.997214
v 16.461584 0.457029 4.962537
v 16.458693 0.475743 4.997580
v 16.449194 0.538061 4.974553
v 16.447071 0.851544 5.007500
v 16.470303 0.831857 4.965873
v 16.494768 0.808082 4.942802
v 16.492386 0.654105 4.931709
v 16.471848 0.000614 4.863539
v 14.226710 1.898019 5.068638
v 15.150504 1.914226 5.092579
v 15.129637 1.885879 5.045830
v 14.637795 1.948350 5.105497
v 15.153713 1.948031 5.098908
v 15.129637 1.885879 5.045830
v 15.150504 1.914226 5.092579
v 15.157322 1.607817 5.063259
v 15.110030 1.650305 5.013610
v 15.112232 1.508537 5.003103
v 15.141521 1.546706 5.026060
v 15.145023 1.278128 5.001606
v 15.162434 1.567764 5.069992
v 14.227439 1.599488 5.081339
v 15.157322 1.607817 5.063259
v 14.227181 1.654197 5.022335
v 14.227569 1.858162 5.038322
v 15.096680 1.862779 5.028406
v 14.227365 1.912387 5.105240
v 14.227152 1.557391 5.075469
v 14.229510 1.619389 5.045167
v 15.155352 1.554250 5.058886
v 15.141521 1.546706 5.026060
v 14.226909 1.541723 5.034472
v 14.227048 1.503887 5.013322
v 14.227446 1.946114 5.108351
v 15.167326 0.906881 4.989967
v 15.163851 1.207802 5.040123
v 15.174463 1.120091 5.019922
v 15.155352 1.554250 5.058886
v 15.167974 1.255491 5.036358
v 15.146202 1.187716 5.002306
v 15.114250 1.303001 4.987478
v 14.227134 1.208448 5.053356
v 15.169845 1.237370 5.049671
v 15.163851 1.207802 5.040123
v 14.227444 1.297552 4.998909
v 15.145023 1.278128 5.001606
v 15.115253 0.948237 4.961375
v 15.112597 1.158384 4.976355
v 14.895638 0.847989 5.031440
v 15.172367 0.892797 5.024326
v 15.173860 0.839214 5.016259
v 15.173716 0.786964 4.966335
v 14.679029 0.803522 4.990364
v 14.929231 0.795451 4.964791
v 14.227486 0.943089 4.973853
v 14.688618 1.149386 4.988400
v 15.132845 0.487241 4.958785
v 15.143704 0.501004 4.995543
v 15.149788 0.440827 4.955076
v 14.228698 0.477742 4.975248
v 15.156611 0.532240 4.999127
v 14.226921 0.490121 5.010260
v 15.159015 0.602918 4.934504
v 15.154167 0.552464 4.964211
v 14.954672 0.579961 4.942574
v 14.710566 0.669103 4.943406
v 14.226689 0.580854 4.949510
v 15.148370 0.213761 4.858351
v 15.149958 0.251601 4.876143
v 15.163956 0.209079 4.858500
v 15.149953 0.367594 4.899309
v 14.604679 0.370978 4.913644
v 15.149148 0.408697 4.942539
v 14.906109 0.247230 4.893339
v 15.146202 1.187716 5.002306
v 14.227744 1.169668 4.997313
v 14.227181 1.241592 5.057618
v 14.227111 1.261986 5.019714
v 15.167974 1.255491 5.036358
v 15.167326 0.906881 4.989967
v 14.228146 0.908722 4.994154
v 14.518345 0.847403 5.026604
v 14.512346 0.797708 4.963545
v 14.226872 0.525694 5.010293
v 14.226581 0.547127 4.965410
v 14.226215 0.702294 4.953400
v 14.226666 0.215086 4.877754
v 14.225802 -0.000070 4.876406
v 15.145548 0.094757 4.858755
v 14.226574 0.397062 4.962504
v 14.226374 0.370595 4.914896
v 15.133598 0.000371 4.871427
v 14.226988 0.884278 5.033644
v 14.226766 0.845125 5.024647
v 14.227379 0.812151 4.968470
v 14.225380 0.235660 4.903180
v 15.560408 1.860502 5.512233
v 15.530114 1.833980 5.515638
v 15.231256 1.832457 5.517801
v 15.576517 1.875926 5.458260
v 15.172515 1.905201 5.457127
v 15.595928 1.905593 5.453098
v 15.197858 1.865427 5.462217
v 15.560152 1.860626 5.465875
v 15.202310 1.860499 5.514441
v 15.526918 1.826815 5.546471
v 15.235880 1.826815 5.548267
v 15.215758 0.805904 5.497598
v 15.563388 0.812984 5.504373
v 15.563380 0.787836 5.454753
v 15.197270 0.784913 5.447621
v 15.579675 0.787000 5.445630
v 15.600885 0.740717 5.443151
v 15.174121 0.742530 5.444545
v 15.216299 0.787858 5.457002
v 15.245361 0.851484 5.508399
v 15.533186 0.849955 5.516467
v 15.529178 0.856876 5.546337
v 15.248557 0.856876 5.538857
v 16.036453 1.860499 5.509289
v 16.365116 1.832292 5.511042
v 16.065474 1.834018 5.512774
v 16.410807 1.875873 5.452439
v 16.031513 1.867914 5.456223
v 16.009703 1.907415 5.449283
v 16.430721 1.908701 5.448220
v 16.394297 1.860555 5.460567
v 16.394537 1.860501 5.506678
v 16.070004 1.826815 5.543129
v 16.361053 1.826814 5.541321
v 16.397856 0.810007 5.497754
v 16.362930 0.864665 5.541019
v 16.366770 0.880827 5.509759
v 16.031771 0.781730 5.442586
v 16.413483 0.783689 5.439945
v 16.432579 0.741652 5.436630
v 16.078955 0.857511 5.503885
v 16.082567 0.866635 5.533793
v 16.397253 0.787793 5.449611
v 16.050537 0.787799 5.451846
v 16.050343 0.813381 5.493583
v 16.013950 0.740840 5.438004
v 15.856793 2.911642 5.075780
v 17.288683 2.923912 5.071699
v 17.293434 2.702307 5.058578
v 15.809953 2.956746 5.130818
v 17.351397 2.971706 5.133044
v 17.332655 2.960301 5.099633
v 15.807662 3.000349 5.147784
v 17.377712 3.000252 5.140841
v 15.786550 2.972190 5.145985
v 15.797472 2.646249 5.130124
v 17.377432 2.627074 5.121246
v 16.895868 2.617588 5.126704
v 17.331669 2.672403 5.077740
v 17.352547 2.655652 5.114296
v 15.824876 2.672384 5.086612
v 15.818512 2.953463 5.103474
v 16.368172 2.619025 5.128835
v 15.810893 2.659900 5.116131
v 15.857157 2.704942 5.065832
v 15.797472 2.646249 5.130124
v 15.810893 2.659900 5.116131
v 15.809953 2.956746 5.130818
v 15.818512 2.953463 5.103474
v 15.788437 2.622099 5.130908
v 15.824876 2.672384 5.086612
v 15.786550 2.972190 5.145985
v 15.797472 2.646249 5.130124
v 15.746096 2.671839 5.087569
v 15.738465 2.950765 5.100009
v 15.755302 2.961566 5.132752
v 15.759887 2.658128 5.120987
v 15.711534 2.704531 5.070059
v 15.708226 2.911898 5.077874
v 14.976730 2.707382 5.071990
v 14.254599 2.969041 5.144359
v 15.786550 2.972190 5.145985
v 15.755302 2.961566 5.132752
v 15.738465 2.950765 5.100009
v 15.807796 3.000268 5.149440
v 14.227857 3.000275 5.160496
v 15.221138 2.629443 5.132500
v 15.797472 2.646249 5.130124
v 15.788485 2.622311 5.132644
v 15.187459 2.621381 5.127639
v 15.153172 2.634946 5.136916
v 15.746096 2.671839 5.087569
v 15.759887 2.658128 5.120987
v 14.260646 2.670588 5.116452
v 14.267520 2.957844 5.114214
v 14.848909 2.652816 5.137445
v 14.247434 2.654343 5.137078
v 14.298367 2.919296 5.089972
v 14.245966 2.978978 5.158550
v 14.301480 2.711174 5.080888
v 14.260646 2.670588 5.116452
v 14.267520 2.957844 5.114214
v 14.247434 2.654343 5.137078
v 14.254599 2.969041 5.144359
v 14.227144 2.628712 5.139623
v 14.227857 3.000275 5.160496
v 14.245966 2.978978 5.158550
v 17.377432 2.627074 5.121246
v 14.683567 2.632385 5.136341
v 14.227144 2.628712 5.139623
v 14.919308 2.621939 5.143253
v 15.990118 1.907800 5.082541
v 15.990492 1.603623 5.065224
v 15.970545 1.890749 5.045964
v 15.795970 1.946316 5.096080
v 15.991843 1.944241 5.086650
v 15.990118 1.907800 5.082541
v 15.623230 1.897193 5.059339
v 15.959158 1.637530 5.012378
v 15.936333 1.841106 5.020427
v 15.611611 1.605817 5.063248
v 15.990492 1.603623 5.065224
v 15.989356 1.562591 5.061361
v 15.648099 1.648453 5.009379
v 15.658554 1.855092 5.026583
v 15.631562 1.549148 5.023386
v 15.952134 1.521813 5.002067
v 15.989356 1.562591 5.061361
v 15.995581 1.228125 5.044147
v 15.979169 1.265412 5.009746
v 15.960743 1.177776 4.979418
v 15.991590 1.206641 5.040324
v 15.965258 0.930748 4.958569
v 15.995581 1.228125 5.044147
v 15.613475 1.244222 5.046871
v 15.979169 1.265412 5.009746
v 15.941824 1.305074 4.983100
v 15.651976 1.290061 4.991041
v 15.998339 0.892590 5.015384
v 15.993378 0.804642 4.945874
v 15.997300 0.854109 5.014293
v 15.995822 0.767227 4.938984
v 15.638822 0.838976 4.969833
v 15.617330 0.865323 5.020915
v 15.998339 0.892590 5.015384
v 15.650078 1.169574 4.977328
v 15.620754 0.898326 5.017782
v 15.659096 0.933347 4.962004
v 15.639789 0.488713 4.952804
v 16.001352 0.515213 4.992964
v 16.001268 0.488546 4.952548
v 15.620142 0.517671 4.995153
v 15.994465 0.542102 4.953598
v 15.635570 0.547480 4.956212
v 15.997694 0.599632 4.925393
v 15.992337 0.426108 4.936309
v 15.669595 0.803027 4.948125
v 15.959123 0.063939 4.853746
v 15.624199 0.216419 4.851995
v 15.981890 0.215444 4.853325
v 15.978971 0.255147 4.881152
v 15.624293 0.390802 4.899548
v 15.982516 0.387818 4.881068
v 15.629435 0.245843 4.877496
v 15.617658 0.435891 4.945569
v 15.936459 0.000256 4.866367
v 15.661708 0.000273 4.868136
v 15.624968 0.068419 4.853777
v 15.605294 1.944388 5.096904
v 15.606876 1.906919 5.087210
v 15.613587 1.562893 5.058748
v 15.623230 1.897193 5.059339
v 15.611611 1.605817 5.063248
v 15.606876 1.906919 5.087210
v 15.662145 1.506870 4.998459
v 15.618194 1.253074 5.036836
v 15.618640 1.207785 5.037570
v 15.991590 1.206641 5.040324
v 15.631562 1.549148 5.023386
v 15.618194 1.253074 5.036836
v 15.613587 1.562893 5.058748
v 15.620754 0.898326 5.017782
v 15.618640 1.207785 5.037570
v 15.630204 0.703810 5.000165
v 15.617330 0.865323 5.020915
v 15.638822 0.838976 4.969833
v 15.623590 0.634922 4.993765
v 15.668011 0.597357 4.939744
v 15.628270 0.330622 4.884225
v 15.580191 1.948853 5.086185
v 15.598137 1.917668 5.340729
v 15.595928 1.905593 5.453098
v 15.605294 1.944388 5.096904
v 15.262872 1.950662 5.086336
v 15.172515 1.905201 5.457127
v 15.153713 1.948031 5.098908
v 15.150504 1.914226 5.092579
v 15.162434 1.567764 5.069992
v 15.179955 1.135073 5.396551
v 15.157322 1.607817 5.063259
v 15.167974 1.255491 5.036358
v 15.155352 1.554250 5.058886
v 15.174121 0.742530 5.444545
v 15.181562 0.678171 5.354706
v 15.174379 0.645082 5.265951
v 15.173654 1.080443 5.129385
v 15.169845 1.237370 5.049671
v 15.163851 1.207802 5.040123
v 15.174463 1.120091 5.019922
v 15.173860 0.839214 5.016259
v 15.172367 0.892797 5.024326
v 15.167326 0.906881 4.989967
v 15.179289 0.547062 5.136568
v 15.167356 0.480818 5.024782
v 15.179289 0.547062 5.136568
v 15.167289 0.560450 5.010813
v 15.173716 0.786964 4.966335
v 15.154167 0.552464 4.964211
v 15.156611 0.532240 4.999127
v 15.143704 0.501004 4.995543
v 15.159015 0.602918 4.934504
v 15.149788 0.440827 4.955076
v 16.442530 1.939151 5.092461
v 16.430721 1.908701 5.448220
v 16.009703 1.907415 5.449283
v 15.991843 1.944241 5.086650
v 16.348017 1.943970 5.080465
v 16.445591 1.560716 5.056243
v 16.450317 1.603992 5.061916
v 16.451077 1.905465 5.088335
v 16.000824 1.913329 5.347633
v 16.454847 0.894015 5.010623
v 16.441654 1.047852 5.143063
v 16.449409 1.228938 5.033909
v 16.449051 0.555371 5.144738
v 16.449194 0.538061 4.974553
v 16.452930 0.515960 4.997214
v 16.458693 0.475743 4.997580
v 16.434521 0.988850 5.440500
v 16.437944 0.667326 5.326204
v 16.432579 0.741652 5.436630
v 16.447071 0.851544 5.007500
v 14.227857 3.000275 5.160496
v 14.229334 2.500253 5.411175
v 14.229336 3.000252 5.411395
v 14.227144 2.628712 5.139623
v 14.229337 0.000265 5.410234
v 14.226690 0.214092 4.878605
v 14.225802 -0.000070 4.876406
v 14.225380 0.235660 4.903180
v 14.226374 0.370595 4.914896
v 14.226574 0.397062 4.962504
v 14.229330 0.833588 5.410525
v 14.227659 2.608858 5.105803
v 14.226921 0.490121 5.010260
v 14.228698 0.477742 4.975248
v 14.226872 0.525694 5.010293
v 14.226581 0.547127 4.965410
v 14.226689 0.580854 4.949510
v 14.226215 0.702294 4.953400
v 14.227379 0.812151 4.968470
v 14.228749 2.566990 5.077398
v 14.226989 2.360119 5.062553
v 14.227356 2.326410 5.084193
v 14.227554 2.306953 5.123509
v 14.229332 1.750253 5.410870
v 14.227676 2.268092 5.124361
v 14.226988 0.884278 5.033644
v 14.227134 1.208448 5.053356
v 14.227486 0.943089 4.973853
v 14.227446 1.946114 5.108351
v 14.227839 2.217912 5.055902
v 14.228545 1.992207 5.044241
v 14.227569 1.858162 5.038322
v 14.227365 1.912387 5.105240
v 14.226710 1.898019 5.068638
v 14.227439 1.599488 5.081339
v 14.227181 1.654197 5.022335
v 14.229510 1.619389 5.045167
v 14.227444 1.297552 4.998909
v 14.227152 1.557391 5.075469
v 14.227048 1.503887 5.013322
v 14.226766 0.845125 5.024647
v 14.227181 1.241592 5.057618
v 14.227111 1.261986 5.019714
v 14.226909 1.541723 5.034472
v 14.227744 1.169668 4.997313
v 14.228146 0.908722 4.994154
v 14.229336 3.000253 5.411377
v 14.229334 0.000262 5.410292
v 14.366040 2.838786 5.411209
v 14.366040 0.161949 5.411080
v 17.379271 0.000258 5.391705
v 16.219685 0.000711 4.865773
v 17.376347 -0.000234 4.856763
v 15.944314 0.000265 4.866395
v 17.379271 0.000258 5.391705
v 15.133590 0.000289 4.871017
v 15.944314 0.000265 4.866395
v 14.229337 0.000265 5.410234
v 15.133590 0.000289 4.871017
v 17.379271 0.000258 5.391705
v 14.229337 0.000265 5.410234
v 14.905813 0.000402 4.873353
v 15.133590 0.000289 4.871017
v 14.225802 -0.000070 4.876406
v 14.366040 0.161949 5.411080
v 14.229337 0.000265 5.410234
v 17.379271 0.000258 5.391705
v 17.249855 0.161948 5.393366
v 16.564024 3.000263 5.143784
v 17.379272 3.000252 5.392444
v 17.377712 3.000252 5.140841
v 15.807830 3.000252 5.149868
v 17.379272 3.000252 5.392444
v 16.564024 3.000263 5.143784
v 15.509783 3.000288 5.150416
v 17.379272 3.000252 5.392444
v 14.227857 3.000275 5.160496
v 14.227857 3.000275 5.160496
v 14.229336 3.000252 5.411395
v 17.379272 3.000252 5.392444
v 14.229336 3.000252 5.411395
v 14.366040 2.838786 5.411209
v 17.249857 2.838786 5.393408
v 13.774513 2.261467 38.783714
v 13.197042 2.304678 38.785034
v 13.197190 2.271361 38.785843
v 13.741276 2.246127 38.827484
v 13.197190 2.271361 38.785843
v 13.202623 2.223077 38.849922
v 13.687176 2.203961 38.852455
v 13.202623 2.223077 38.849922
v 13.199797 1.991473 38.866280
v 13.197138 1.946955 38.801788
v 13.739479 1.960728 38.835114
v 13.198196 1.855568 38.873997
v 13.197582 1.654641 38.889977
v 13.822247 1.648257 38.883793
v 13.197203 1.618643 38.871490
v 13.404729 1.143566 38.923286
v 13.199463 1.170884 38.911427
v 13.198490 0.937938 38.937416
v 13.197489 0.495365 38.900314
v 13.198274 0.474995 38.939217
v 13.680285 0.491125 38.895237
v 13.234502 2.971706 38.758221
v 13.196815 3.000252 38.750492
v 13.197166 2.627074 38.770088
v 13.232802 2.655652 38.776970
v 13.261267 2.960301 38.791580
v 13.262620 2.672403 38.813473
v 13.324199 2.923912 38.819397
v 13.317355 2.702307 38.832535
v 13.195251 2.500252 38.498894
v 13.196815 3.000252 38.750492
v 13.195253 3.000252 38.498890
v 13.197166 2.627074 38.770088
v 13.198319 0.214137 39.034172
v 13.195253 0.000258 38.499626
v 13.198013 -0.000234 39.034569
v 13.198555 0.231719 39.004677
v 13.198635 0.371009 38.995308
v 13.198032 0.393319 38.952049
v 13.198032 0.393319 38.952049
v 13.195252 0.833588 38.499294
v 13.195253 0.000258 38.499626
v 13.197660 2.609838 38.782509
v 13.197489 0.495365 38.900314
v 13.198032 0.393319 38.952049
v 13.198274 0.474995 38.939217
v 13.195252 0.833588 38.499294
v 13.198446 0.534573 38.921043
v 13.198513 0.577766 38.961876
v 13.197665 0.791094 38.950134
v 13.197775 0.827750 38.922951
v 13.197972 0.851270 38.877541
v 13.197612 0.888047 38.880272
v 13.195251 1.333587 38.499176
v 13.198048 0.905151 38.913460
v 13.198490 0.937938 38.937416
v 13.199463 1.170884 38.911427
v 13.197426 1.206684 38.857071
v 13.197412 1.238618 38.852753
v 13.195251 1.833586 38.499062
v 13.198095 1.266122 38.894802
v 13.198013 1.295127 38.913486
v 13.197897 1.503513 38.897362
v 13.197464 2.605499 38.813011
v 13.196718 2.567518 38.837494
v 13.198350 2.352056 38.846802
v 13.197042 2.304678 38.785034
v 13.197190 2.271361 38.785843
v 13.197199 1.557278 38.833763
v 13.198650 1.538245 38.877975
v 13.197449 1.594502 38.828548
v 13.197203 1.618643 38.871490
v 13.197582 1.654641 38.889977
v 13.198185 1.856605 38.872803
v 13.197588 1.889530 38.850906
v 13.196951 1.912842 38.805237
v 13.197138 1.946955 38.801788
v 13.199797 1.991473 38.866280
v 13.202623 2.223077 38.849922
v 13.380692 0.161948 38.497623
v 13.195252 0.000258 38.499504
v 13.380692 2.838786 38.497581
v 13.195253 3.000252 38.498848
v 13.148908 1.860499 37.231384
v 13.142801 0.851484 37.177872
v 13.132044 0.805904 37.214645
v 13.096689 1.865427 37.236839
v 13.079052 0.742530 37.266312
v 13.091638 1.905201 37.268326
v 13.152224 1.832457 37.195415
v 13.182684 1.826815 37.189713
v 13.091447 0.787858 37.213913
v 13.082094 0.784913 37.237549
v 13.173254 0.856876 37.173943
v 13.079530 0.787000 36.762291
v 13.086973 1.905593 36.742104
v 13.077019 0.740717 36.735924
v 13.099804 1.860626 36.786583
v 13.088677 0.787836 36.782555
v 13.138298 0.812984 36.782619
v 13.146162 1.860502 36.786331
v 13.149613 1.833980 36.823990
v 13.092165 1.875926 36.766235
v 13.180314 0.856876 36.825195
v 13.180451 1.826815 36.828007
v 13.150436 0.849955 36.820171
v 13.085093 1.875873 35.729362
v 13.073118 0.988850 35.699875
v 13.069252 0.741652 35.702278
v 13.072595 0.783689 35.726017
v 13.093246 1.860555 35.749893
v 13.130426 0.810007 35.745525
v 13.139357 1.860501 35.749664
v 13.142479 0.880827 35.784180
v 13.174049 1.826814 35.791328
v 13.143764 1.832292 35.786236
v 13.080844 1.908701 35.704605
v 13.082285 0.787793 35.746204
v 13.173746 0.864665 35.788998
v 13.089445 1.867914 36.200756
v 13.084196 1.633125 36.231995
v 13.082538 1.907415 36.227852
v 13.075809 0.781730 36.200417
v 13.071253 0.740840 36.222557
v 13.085040 0.787799 36.177109
v 13.142505 1.860499 36.194695
v 13.137037 0.857511 36.141869
v 13.126778 0.813381 36.177414
v 13.176294 1.826815 36.153053
v 13.166939 0.866635 36.137424
v 13.072348 0.896583 36.227531
v 13.145946 1.834018 36.158634
v 13.082538 1.907415 36.227852
v 13.084196 1.633125 36.231995
v 12.980900 1.913329 36.238735
v 12.807171 1.595719 36.240253
v 12.715822 1.907800 36.251640
v 12.719929 1.944241 36.249504
v 12.698503 1.603623 36.251152
v 12.694643 1.562591 36.252560
v 12.677420 1.228125 36.244797
v 13.072348 0.896583 36.227531
v 13.071253 0.740840 36.222557
v 12.723772 0.525973 36.228378
v 12.647526 0.854171 36.241119
v 12.673602 1.206641 36.249748
v 12.626228 0.515213 36.237549
v 12.558661 0.599632 36.241989
v 12.572256 0.767227 36.244339
v 12.585811 0.488546 36.237591
v 12.569586 0.426108 36.248665
v 12.586870 0.542102 36.246048
v 12.595247 0.457191 35.665840
v 12.569534 0.384616 35.659286
v 12.539932 0.423674 35.669579
v 12.532583 0.370666 35.659393
v 12.526819 0.249934 35.663971
v 12.505751 0.234758 35.673889
v 13.071253 0.740840 36.222557
v 13.069252 0.741652 35.702278
v 12.958817 0.667326 35.695446
v 12.777332 0.555371 35.681374
v 12.556667 0.431095 35.962524
v 12.723772 0.525973 36.228378
v 12.500439 0.324515 35.735352
v 12.503289 0.361709 36.044903
v 12.500742 0.243930 35.958656
v 12.503638 0.117431 35.682716
v 12.498775 0.000690 35.958893
v 12.480762 0.209245 35.961487
v 12.481922 0.378028 36.110352
v 12.496096 0.000614 35.652618
v 12.569586 0.426108 36.248665
v 12.478138 0.382123 36.244972
v 12.514448 0.255147 36.265198
v 12.487072 0.063939 36.289822
v 12.486616 0.215444 36.261528
v 12.514359 0.387818 36.260788
v 12.499727 0.000256 36.318008
v 12.675735 2.352056 34.528629
v 12.737498 2.304678 34.527443
v 12.703957 2.316600 35.736687
v 12.747593 2.610687 35.753235
v 12.752447 2.627074 34.527538
v 12.740026 2.609838 34.527977
v 12.758627 2.617588 35.126038
v 12.717354 2.601630 35.738777
v 12.709526 2.605499 34.527832
v 12.738350 2.261467 35.028320
v 12.736691 2.271361 34.527573
v 12.680168 2.352813 35.696526
v 12.692636 2.561377 35.694847
v 12.685043 2.567518 34.527206
v 12.742952 2.301929 35.757969
v 12.761549 2.619025 35.781860
v 12.729116 2.263080 35.591175
v 12.732843 2.257174 35.063625
v 12.742109 2.264127 35.719467
v 12.722239 2.605473 37.178024
v 12.739888 2.608826 35.811798
v 12.692022 2.557056 35.867184
v 12.717354 2.601630 35.738777
v 12.703957 2.316600 35.736687
v 12.742952 2.301929 35.757969
v 12.747593 2.610687 35.753235
v 12.761549 2.619025 35.781860
v 12.738873 2.301815 35.802605
v 12.738873 2.301815 35.802605
v 12.738314 2.260098 36.465912
v 12.742109 2.264127 35.719467
v 12.729116 2.263080 35.591175
v 12.739888 2.608826 35.811798
v 12.698328 2.323681 35.826073
v 12.680552 2.353401 35.863174
v 12.763170 2.621058 36.297821
v 12.761549 2.619025 35.781860
v 12.766935 2.629443 37.207413
v 12.754559 2.613622 37.191582
v 12.765665 2.622304 36.502293
v 12.738873 2.301815 35.802605
v 12.712309 2.325439 37.177567
v 12.698328 2.323681 35.826073
v 12.753502 2.303990 37.211697
v 12.746912 2.268648 36.496254
v 12.740923 2.314726 37.191231
v 12.700855 2.567597 37.137619
v 12.766935 2.625233 36.790215
v 12.699833 2.355938 37.142731
v 12.750924 2.267742 36.967720
v 12.712309 2.325439 37.177567
v 12.722239 2.605473 37.178024
v 12.742537 2.267746 37.185040
v 12.688910 2.359546 37.139172
v 12.699833 2.355938 37.142731
v 12.762124 2.621381 37.249260
v 12.766935 2.629443 37.207413
v 12.753502 2.303990 37.211697
v 12.754559 2.613622 37.191582
v 12.740923 2.314726 37.191231
v 12.724007 2.607917 37.268242
v 12.709349 2.327716 37.261951
v 12.740840 2.311717 37.245838
v 12.778141 2.621939 37.582542
v 12.771452 2.634946 37.291885
v 12.762124 2.621381 37.249260
v 12.775547 2.628712 38.442764
v 12.712614 2.567055 38.440681
v 12.724007 2.607917 37.268242
v 12.701481 2.568948 37.305016
v 12.741728 2.608858 38.442074
v 12.700459 2.355151 37.295670
v 12.689259 2.357715 37.296886
v 12.698478 2.360119 38.442841
v 12.758949 2.270064 37.943916
v 12.742537 2.267746 37.185040
v 12.746614 2.270523 37.416939
v 12.720117 2.326410 38.442417
v 12.700459 2.355151 37.295670
v 12.709349 2.327716 37.261951
v 12.753502 2.303990 37.211697
v 12.759434 2.306953 38.442230
v 12.740840 2.311717 37.245838
v 12.771582 2.632385 37.875515
v 12.760285 2.268092 38.442078
v 12.721066 1.906919 36.727943
v 13.086788 1.905525 36.743217
v 12.730762 1.944388 36.729927
v 12.693349 1.559900 36.718170
v 13.077019 0.740717 36.735924
v 13.014414 0.706384 36.725471
v 12.654755 0.865323 36.714851
v 12.680717 1.244222 36.719681
v 12.670675 1.253074 36.713806
v 12.651617 0.898326 36.710594
v 12.671409 1.207785 36.713249
v 12.627596 0.634922 36.707031
v 12.810986 0.717158 36.715088
v 12.633985 0.703810 36.698822
v 12.780336 0.556051 36.718307
v 12.628988 0.517671 36.711319
v 12.579407 0.435891 36.714333
v 12.780336 0.556051 36.718307
v 13.077019 0.740717 36.735924
v 13.014414 0.706384 36.725471
v 12.989202 0.678171 37.256931
v 12.771065 0.547062 37.259430
v 12.533376 0.390802 36.706017
v 12.518047 0.330622 36.701054
v 12.485253 0.376638 36.713776
v 12.579407 0.435891 36.714333
v 12.485822 0.216419 36.706062
v 12.495279 0.237615 36.820030
v 12.511316 0.245843 36.699593
v 12.487770 0.377433 36.890053
v 12.464025 0.300915 36.899963
v 12.501907 0.000273 36.659470
v 12.505581 0.000289 37.315826
v 12.487602 0.068419 36.705109
v 13.079052 0.742530 37.266312
v 12.659296 0.480818 37.274094
v 12.589616 0.440827 37.295822
v 12.479063 0.371638 37.289570
v 12.497991 0.240681 37.118275
v 12.493299 0.094757 37.300945
v 12.481607 0.379053 37.125633
v 12.464495 0.313970 37.255562
v 12.449221 0.350052 37.250000
v 12.493017 0.209079 37.278069
v 12.510682 0.251601 37.295490
v 12.577080 0.408697 37.296593
v 12.533848 0.367594 37.295532
v 12.492891 0.213761 37.297440
v 12.694606 2.246127 34.999527
v 12.736691 2.271361 34.527573
v 12.672607 2.223077 34.532337
v 12.738350 2.261467 35.028320
v 12.669677 2.203961 34.952621
v 12.656254 1.991473 34.529900
v 12.720747 1.946955 34.527542
v 12.686977 1.960728 34.997978
v 12.658031 1.999666 34.952759
v 12.721705 1.940419 35.042301
v 12.694606 2.246127 34.999527
v 12.686977 1.960728 34.997978
v 12.738350 2.261467 35.028320
v 12.721705 1.940419 35.042301
v 12.732843 2.257174 35.063625
v 12.708403 1.954495 35.075123
v 12.692844 2.243631 35.080399
v 12.678448 1.968459 35.087807
v 12.678707 2.213432 35.113857
v 12.666956 2.210430 35.118942
v 12.655952 1.994553 35.120975
v 12.675973 2.207564 36.410011
v 12.678707 2.213432 35.113857
v 12.692844 2.243631 35.080399
v 12.738314 2.260098 36.465912
v 12.732843 2.257174 35.063625
v 12.729116 2.263080 35.591175
v 12.721705 1.940419 35.042301
v 12.723892 1.944298 35.375198
v 12.713209 1.943970 35.806839
v 12.708403 1.954495 35.075123
v 12.663759 2.001678 36.412659
v 12.725064 1.939151 35.689396
v 12.701262 2.247140 36.450493
v 12.719929 1.944241 36.249504
v 12.696241 1.961621 36.458321
v 12.729652 1.946316 36.492950
v 12.701262 2.247140 36.450493
v 12.696241 1.961621 36.458321
v 12.746912 2.268648 36.496254
v 12.738314 2.260098 36.465912
v 12.729652 1.946316 36.492950
v 12.709771 2.254068 36.533947
v 12.700348 1.963644 36.528816
v 12.689030 2.213896 37.842583
v 12.709771 2.254068 36.533947
v 12.677064 2.215238 36.578609
v 12.750924 2.267742 36.967720
v 12.746912 2.268648 36.496254
v 12.730762 1.944388 36.729927
v 12.700348 1.963644 36.528816
v 12.729652 1.946316 36.492950
v 12.664492 2.004315 36.579243
v 12.720081 1.948853 36.761108
v 12.726778 1.962449 37.893650
v 12.720707 1.950662 37.155476
v 12.741810 2.268658 37.198402
v 12.710844 2.249934 37.884617
v 12.742267 2.260976 37.898087
v 12.702576 1.972819 37.878853
v 12.759607 2.271495 37.908432
v 12.691825 2.217912 38.441772
v 12.711426 2.248860 37.965401
v 12.688877 2.214395 38.007469
v 12.733443 1.948031 37.291161
v 12.740807 1.948350 37.932354
v 12.675201 2.003524 37.842010
v 12.702576 1.972819 37.878853
v 12.710844 2.249934 37.884617
v 12.726778 1.962449 37.893650
v 12.759607 2.271495 37.908432
v 12.742267 2.260976 37.898087
v 12.740807 1.948350 37.932354
v 12.759208 2.270009 37.944580
v 12.711426 2.248860 37.965401
v 12.678524 1.994025 37.982094
v 12.760285 2.268092 38.442078
v 12.759208 2.270009 37.944580
v 12.680164 1.992207 38.440880
v 12.740807 1.948350 37.932354
v 12.744276 1.946114 38.442345
v 12.720924 1.905465 35.678768
v 12.717299 1.912842 34.527382
v 12.671630 1.889530 34.527969
v 12.720747 1.946955 34.527542
v 12.721705 1.940419 35.042301
v 12.693987 1.594502 34.527832
v 12.688772 1.557278 34.527618
v 12.688842 1.560716 35.685539
v 12.688772 1.557278 34.527618
v 12.644556 1.538245 34.528915
v 12.651176 1.545760 35.662071
v 12.694508 1.603992 35.679672
v 12.651044 1.618643 34.527657
v 12.648537 1.855562 34.528519
v 12.632559 1.654641 34.528000
v 12.638230 1.648257 35.069805
v 12.672734 1.881491 35.660393
v 12.723892 1.944298 35.375198
v 12.688842 1.560716 35.685539
v 12.636287 1.655754 35.622902
v 12.626637 1.503023 35.620575
v 12.625175 1.503513 34.528275
v 12.725064 1.939151 35.689396
v 12.651445 1.855497 35.627975
v 12.664327 1.618816 35.666618
v 12.664327 1.618816 35.666618
v 12.672734 1.881491 35.660393
v 12.694508 1.603992 35.679672
v 12.720924 1.905465 35.678768
v 12.627733 1.266122 34.528446
v 12.669779 1.238618 34.527817
v 12.659726 1.255935 35.661064
v 12.624187 1.188627 35.654182
v 12.665466 1.206684 34.527836
v 12.611107 1.170884 34.529648
v 12.667648 1.243258 35.682011
v 12.664798 1.206608 35.678734
v 12.616457 1.154046 35.262604
v 12.599078 1.143566 34.707695
v 12.585119 0.937938 34.528824
v 12.644997 0.851270 34.528324
v 12.643206 0.894015 35.673965
v 12.642262 0.888047 34.528015
v 12.584808 0.941558 35.094772
v 12.622223 0.495365 34.527924
v 12.628775 0.519618 35.124718
v 12.601488 0.534573 34.528770
v 12.626904 0.491125 34.946682
v 12.590116 0.465503 35.237167
v 12.620597 0.473265 35.279381
v 12.583319 0.474995 34.528637
v 12.607145 0.538061 35.680939
v 12.570396 0.566587 35.650127
v 12.598433 0.831857 35.654694
v 12.599586 0.827750 34.528191
v 12.572399 0.791094 34.528118
v 12.575521 0.796818 35.107620
v 12.561842 0.583357 35.088322
v 12.560656 0.577766 34.528862
v 12.527227 0.371009 34.528999
v 12.532583 0.370666 35.659393
v 12.570485 0.393319 34.528439
v 12.517860 0.231719 34.528938
v 12.570141 0.383735 35.659256
v 12.493076 0.213717 35.057579
v 12.488359 0.214137 34.528755
v 12.504939 0.117415 35.682716
v 12.487964 -0.000234 34.528492
v 12.612053 1.292248 35.620438
v 12.609049 1.295127 34.528389
v 12.606207 1.151154 35.042587
v 12.628811 1.276189 35.653938
v 12.602349 1.137253 35.613365
v 12.610062 0.914903 35.652412
v 12.609076 0.905151 34.528419
v 12.592509 1.071705 35.109936
v 12.640095 0.851544 35.683624
v 12.520599 0.234361 35.094643
v 12.526819 0.249934 35.663971
v 12.505751 0.234758 35.673889
v 12.628811 1.276189 35.653938
v 12.651176 1.545760 35.662071
v 12.667648 1.243258 35.682011
v 12.688842 1.560716 35.685539
v 12.659726 1.255935 35.661064
v 12.586771 0.947416 35.617596
v 12.624187 1.188627 35.654182
v 12.643206 0.894015 35.673965
v 12.664798 1.206608 35.678734
v 12.629801 0.515960 35.676327
v 12.595110 0.457029 35.665524
v 12.630157 0.475743 35.669167
v 12.607145 0.538061 35.680939
v 12.640095 0.851544 35.683624
v 12.598433 0.831857 35.654694
v 12.575325 0.808082 35.624252
v 12.564236 0.654105 35.627197
v 12.496096 0.000614 35.652618
v 12.704563 1.898019 38.443199
v 12.727119 1.914226 37.295135
v 12.680402 1.885879 37.320999
v 12.740807 1.948350 37.932354
v 12.733443 1.948031 37.291161
v 12.680402 1.885879 37.320999
v 12.727119 1.914226 37.295135
v 12.697788 1.607817 37.286621
v 12.648211 1.650305 37.345322
v 12.637699 1.508537 37.342567
v 12.660614 1.546706 37.306198
v 12.636153 1.278128 37.301811
v 12.704515 1.567764 37.280281
v 12.717263 1.599488 38.442314
v 12.697788 1.607817 37.286621
v 12.658259 1.654197 38.442543
v 12.674245 1.858162 38.442085
v 12.663027 1.862779 37.361935
v 12.741165 1.912387 38.442436
v 12.711394 1.557391 38.442657
v 12.681087 1.619389 38.439682
v 12.693418 1.554250 37.289062
v 12.660614 1.546706 37.306198
v 12.670397 1.541723 38.442902
v 12.649246 1.503887 38.442696
v 12.744276 1.946114 38.442345
v 12.624482 0.906881 37.274078
v 12.674644 1.207802 37.278473
v 12.654426 1.120091 37.265251
v 12.693418 1.554250 37.289062
v 12.670872 1.255491 37.273338
v 12.636852 1.187716 37.300346
v 12.622072 1.303001 37.340034
v 12.689281 1.208448 38.442650
v 12.684181 1.237370 37.271034
v 12.674644 1.207802 37.278473
v 12.634832 1.297552 38.442181
v 12.636153 1.278128 37.301811
v 12.595967 0.948237 37.338749
v 12.610951 1.158384 37.342075
v 12.666363 0.847989 37.611794
v 12.658833 0.892797 37.267860
v 12.650764 0.839214 37.265995
v 12.600839 0.786964 37.266098
v 12.625610 0.803522 37.880936
v 12.599663 0.795451 37.569946
v 12.609776 0.943089 38.442093
v 12.623631 1.149386 37.869015
v 12.593349 0.487241 37.316879
v 12.630093 0.501004 37.303440
v 12.589616 0.440827 37.295822
v 12.611170 0.477742 38.440590
v 12.633657 0.532240 37.287407
v 12.646185 0.490121 38.442848
v 12.569029 0.602918 37.284325
v 12.598745 0.552464 37.290390
v 12.577406 0.579961 37.538292
v 12.578604 0.669103 37.841671
v 12.585434 0.580854 38.443047
v 12.492891 0.213761 37.297440
v 12.510682 0.251601 37.295490
v 12.493017 0.209079 37.278069
v 12.533848 0.367594 37.295532
v 12.549000 0.370978 37.973221
v 12.577080 0.408697 37.296593
v 12.528244 0.247230 37.598572
v 12.636852 1.187716 37.300346
v 12.633237 1.169668 38.441807
v 12.693542 1.241592 38.442596
v 12.655639 1.261986 38.442627
v 12.670872 1.255491 37.273338
v 12.624482 0.906881 37.274078
v 12.630075 0.908722 38.441303
v 12.662090 0.847403 38.080715
v 12.599041 0.797708 38.088051
v 12.646217 0.525694 38.442909
v 12.601334 0.547127 38.443207
v 12.589325 0.702294 38.443642
v 12.513676 0.215081 38.442959
v 12.512331 -0.000070 38.444038
v 12.493299 0.094757 37.300945
v 12.598429 0.397062 38.443207
v 12.550819 0.370595 38.443382
v 12.505991 0.000371 37.315819
v 12.669568 0.884278 38.442802
v 12.660572 0.845125 38.443062
v 12.604393 0.812151 38.442215
v 12.539106 0.235660 38.444603
v 13.146162 1.860502 36.786331
v 13.149613 1.833980 36.823990
v 13.152224 1.832457 37.195415
v 13.092165 1.875926 36.766235
v 13.091638 1.905201 37.268326
v 13.086973 1.905593 36.742104
v 13.096689 1.865427 37.236839
v 13.099804 1.860626 36.786583
v 13.148908 1.860499 37.231384
v 13.180451 1.826815 36.828007
v 13.182684 1.826815 37.189713
v 13.132044 0.805904 37.214645
v 13.138298 0.812984 36.782619
v 13.088677 0.787836 36.782555
v 13.082094 0.784913 37.237549
v 13.079530 0.787000 36.762291
v 13.077019 0.740717 36.735924
v 13.079052 0.742530 37.266312
v 13.091447 0.787858 37.213913
v 13.142801 0.851484 37.177872
v 13.150436 0.849955 36.820171
v 13.180314 0.856876 36.825195
v 13.173254 0.856876 37.173943
v 13.142505 1.860499 36.194695
v 13.143764 1.832292 35.786236
v 13.145946 1.834018 36.158634
v 13.085093 1.875873 35.729362
v 13.089445 1.867914 36.200756
v 13.082538 1.907415 36.227852
v 13.080844 1.908701 35.704605
v 13.093246 1.860555 35.749893
v 13.139357 1.860501 35.749664
v 13.176294 1.826815 36.153053
v 13.174049 1.826814 35.791328
v 13.130426 0.810007 35.745525
v 13.173746 0.864665 35.788998
v 13.142479 0.880827 35.784180
v 13.075809 0.781730 36.200417
v 13.072595 0.783689 35.726017
v 13.069252 0.741652 35.702278
v 13.137037 0.857511 36.141869
v 13.166939 0.866635 36.137424
v 13.082285 0.787793 35.746204
v 13.085040 0.787799 36.177109
v 13.126778 0.813381 36.177414
v 13.071253 0.740840 36.222557
v 12.764284 2.971706 34.559914
v 12.772043 3.000252 34.527218
v 12.752447 2.627074 34.527538
v 12.745535 2.655652 34.558453
v 12.730902 2.960301 34.583153
v 12.709009 2.672403 34.584343
v 12.703032 2.923912 34.637764
v 12.689905 2.702307 34.631836
v 12.709261 2.911642 36.417328
v 12.764370 2.956746 36.475628
v 12.764284 2.971706 34.559914
v 12.730902 2.960301 34.583153
v 12.781340 3.000349 36.478500
v 12.772043 3.000252 34.527218
v 12.779572 2.972190 36.504734
v 12.763694 2.646249 36.491135
v 12.752447 2.627074 34.527538
v 12.758627 2.617588 35.126038
v 12.709009 2.672403 34.584343
v 12.745535 2.655652 34.558453
v 12.720141 2.672384 36.457016
v 12.737012 2.953463 36.464951
v 12.761549 2.619025 35.781860
v 12.749681 2.659900 36.474434
v 12.699312 2.704942 36.416862
v 12.763694 2.646249 36.491135
v 12.749681 2.659900 36.474434
v 12.764370 2.956746 36.475628
v 12.737012 2.953463 36.464951
v 12.764491 2.622099 36.502361
v 12.720141 2.672384 36.457016
v 12.779572 2.972190 36.504734
v 12.763694 2.646249 36.491135
v 12.721216 2.671839 36.554924
v 12.733667 2.950765 36.564426
v 12.766386 2.961566 36.543549
v 12.754614 2.658128 36.537834
v 12.703758 2.704531 36.597847
v 12.711578 2.911898 36.601974
v 12.706791 2.707382 37.511070
v 12.780243 2.969041 38.408649
v 12.779572 2.972190 36.504734
v 12.766386 2.961566 36.543549
v 12.733667 2.950765 36.564426
v 12.782995 3.000268 36.478340
v 12.796420 3.000275 38.441910
v 12.766935 2.629443 37.207413
v 12.763694 2.646249 36.491135
v 12.766228 2.622311 36.502308
v 12.762124 2.621381 37.249260
v 12.771452 2.634946 37.291885
v 12.721216 2.671839 36.554924
v 12.754614 2.658128 36.537834
v 12.752325 2.670588 38.401093
v 12.750078 2.957844 38.392548
v 12.772438 2.652816 37.670029
v 12.772974 2.654343 38.417545
v 12.725790 2.919296 38.354172
v 12.794447 2.978978 38.419403
v 12.716702 2.711174 38.350292
v 12.752325 2.670588 38.401093
v 12.750078 2.957844 38.392548
v 12.772974 2.654343 38.417545
v 12.780243 2.969041 38.408649
v 12.775547 2.628712 38.442764
v 12.796420 3.000275 38.441910
v 12.794447 2.978978 38.419403
v 12.752447 2.627074 34.527538
v 12.771582 2.632385 37.875515
v 12.775547 2.628712 38.442764
v 12.778141 2.621939 37.582542
v 12.715822 1.907800 36.251640
v 12.698503 1.603623 36.251152
v 12.679275 1.890749 36.275913
v 12.729652 1.946316 36.492950
v 12.719929 1.944241 36.249504
v 12.715822 1.907800 36.251640
v 12.693171 1.897193 36.707581
v 12.645704 1.637530 36.290016
v 12.653788 1.841106 36.318398
v 12.697096 1.605817 36.722023
v 12.698503 1.603623 36.251152
v 12.694643 1.562591 36.252560
v 12.643173 1.648453 36.676598
v 12.660361 1.855092 36.663628
v 12.657205 1.549148 36.697166
v 12.635404 1.521813 36.298729
v 12.694643 1.562591 36.252560
v 12.677420 1.228125 36.244797
v 12.643044 1.265412 36.265144
v 12.612742 1.177776 36.287994
v 12.673602 1.206641 36.249748
v 12.591887 0.930748 36.282352
v 12.677420 1.228125 36.244797
v 12.680717 1.244222 36.719681
v 12.643044 1.265412 36.265144
v 12.616453 1.305074 36.311516
v 12.624828 1.290061 36.671753
v 12.648653 0.892590 36.241325
v 12.579149 0.804642 36.247387
v 12.647563 0.854109 36.242615
v 12.572256 0.767227 36.244339
v 12.603640 0.838976 36.688065
v 12.654755 0.865323 36.714851
v 12.648653 0.892590 36.241325
v 12.611118 1.169574 36.674091
v 12.651617 0.898326 36.710594
v 12.595781 0.933347 36.662857
v 12.586609 0.488713 36.686836
v 12.626228 0.515213 36.237549
v 12.585811 0.488546 36.237591
v 12.628988 0.517671 36.711319
v 12.586870 0.542102 36.246048
v 12.590023 0.547480 36.692085
v 12.558661 0.599632 36.241989
v 12.569586 0.426108 36.248665
v 12.581886 0.803027 36.649788
v 12.487072 0.063939 36.289822
v 12.485822 0.216419 36.706062
v 12.486616 0.215444 36.261528
v 12.514448 0.255147 36.265198
v 12.533376 0.390802 36.706017
v 12.514359 0.387818 36.260788
v 12.511316 0.245843 36.699593
v 12.579407 0.435891 36.714333
v 12.499727 0.000256 36.318008
v 12.501907 0.000273 36.659470
v 12.487602 0.068419 36.705109
v 12.730762 1.944388 36.729927
v 12.721066 1.906919 36.727943
v 12.692593 1.562893 36.719563
v 12.693171 1.897193 36.707581
v 12.697096 1.605817 36.722023
v 12.721066 1.906919 36.727943
v 12.632232 1.506870 36.659126
v 12.670675 1.253074 36.713806
v 12.671409 1.207785 36.713249
v 12.673602 1.206641 36.249748
v 12.657205 1.549148 36.697166
v 12.670675 1.253074 36.713806
v 12.692593 1.562893 36.719563
v 12.651617 0.898326 36.710594
v 12.671409 1.207785 36.713249
v 12.633985 0.703810 36.698822
v 12.654755 0.865323 36.714851
v 12.603640 0.838976 36.688065
v 12.627596 0.634922 36.707031
v 12.573506 0.597357 36.651749
v 12.518047 0.330622 36.701054
v 12.720081 1.948853 36.761108
v 12.974601 1.917668 36.739189
v 13.086973 1.905593 36.742104
v 12.730762 1.944388 36.729927
v 12.720707 1.950662 37.155476
v 13.091638 1.905201 37.268326
v 12.733443 1.948031 37.291161
v 12.727119 1.914226 37.295135
v 12.704515 1.567764 37.280281
v 13.031050 1.135073 37.258991
v 12.697788 1.607817 37.286621
v 12.670872 1.255491 37.273338
v 12.693418 1.554250 37.289062
v 13.079052 0.742530 37.266312
v 12.989202 0.678171 37.256931
v 12.900457 0.645082 37.265724
v 12.763890 1.080443 37.266418
v 12.684181 1.237370 37.271034
v 12.674644 1.207802 37.278473
v 12.654426 1.120091 37.265251
v 12.650764 0.839214 37.265995
v 12.658833 0.892797 37.267860
v 12.624482 0.906881 37.274078
v 12.771065 0.547062 37.259430
v 12.659296 0.480818 37.274094
v 12.771065 0.547062 37.259430
v 12.645327 0.560450 37.274155
v 12.600839 0.786964 37.266098
v 12.598745 0.552464 37.290390
v 12.633657 0.532240 37.287407
v 12.630093 0.501004 37.303440
v 12.569029 0.602918 37.284325
v 12.589616 0.440827 37.295822
v 12.725064 1.939151 35.689396
v 13.080844 1.908701 35.704605
v 13.082538 1.907415 36.227852
v 12.719929 1.944241 36.249504
v 12.713209 1.943970 35.806839
v 12.688842 1.560716 35.685539
v 12.694508 1.603992 35.679672
v 12.720924 1.905465 35.678768
v 12.980900 1.913329 36.238735
v 12.643206 0.894015 35.673965
v 12.775667 1.047852 35.690559
v 12.666420 1.227989 35.680679
v 12.777332 0.555371 35.681374
v 12.607145 0.538061 35.680939
v 12.629801 0.515960 35.676327
v 12.630157 0.475743 35.669167
v 13.073118 0.988850 35.699875
v 12.958817 0.667326 35.695446
v 13.069252 0.741652 35.702278
v 12.640095 0.851544 35.683624
v 13.023642 2.500252 34.525658
v 12.772043 3.000252 34.527218
v 13.023645 3.000252 34.525658
v 12.752447 2.627074 34.527538
v 12.488359 0.214137 34.528755
v 13.022906 0.000258 34.525658
v 12.487964 -0.000234 34.528492
v 12.517860 0.231719 34.528938
v 12.527227 0.371009 34.528999
v 12.570485 0.393319 34.528439
v 12.570485 0.393319 34.528439
v 13.023240 0.833588 34.525658
v 13.022906 0.000258 34.525658
v 12.740026 2.609838 34.527977
v 12.622223 0.495365 34.527924
v 12.570485 0.393319 34.528439
v 12.583319 0.474995 34.528637
v 13.023240 0.833588 34.525658
v 12.601488 0.534573 34.528770
v 12.560656 0.577766 34.528862
v 12.572399 0.791094 34.528118
v 12.599586 0.827750 34.528191
v 12.644997 0.851270 34.528324
v 12.642262 0.888047 34.528015
v 13.023360 1.333587 34.525658
v 12.609076 0.905151 34.528419
v 12.585119 0.937938 34.528824
v 12.611107 1.170884 34.529648
v 12.665466 1.206684 34.527836
v 12.669779 1.238618 34.527817
v 13.023476 1.833586 34.525658
v 12.627733 1.266122 34.528446
v 12.609049 1.295127 34.528389
v 12.625175 1.503513 34.528275
v 12.709526 2.605499 34.527832
v 12.685043 2.567518 34.527206
v 12.675735 2.352056 34.528629
v 12.737498 2.304678 34.527443
v 12.736691 2.271361 34.527573
v 12.688772 1.557278 34.527618
v 12.644556 1.538245 34.528915
v 12.693987 1.594502 34.527832
v 12.651044 1.618643 34.527657
v 12.632559 1.654641 34.528000
v 12.649732 1.856605 34.528507
v 12.671630 1.889530 34.527969
v 12.717299 1.912842 34.527382
v 12.720747 1.946955 34.527542
v 12.656254 1.991473 34.529900
v 12.672607 2.223077 34.532337
v 13.024761 0.161948 34.686501
v 13.023028 0.000260 34.525658
v 13.024803 2.838786 34.686497
v 13.023712 3.000253 34.525658
v 12.796420 3.000275 38.441910
v 13.047098 2.500253 38.440453
v 13.047319 3.000252 38.440449
v 12.775547 2.628712 38.442764
v 13.046159 0.000265 38.440445
v 12.514529 0.214092 38.442940
v 12.512331 -0.000070 38.444038
v 12.539106 0.235660 38.444603
v 12.550819 0.370595 38.443382
v 12.598429 0.397062 38.443207
v 13.046450 0.833588 38.440453
v 12.741728 2.608858 38.442074
v 12.646185 0.490121 38.442848
v 12.611170 0.477742 38.440590
v 12.646217 0.525694 38.442909
v 12.601334 0.547127 38.443207
v 12.585434 0.580854 38.443047
v 12.589325 0.702294 38.443642
v 12.604393 0.812151 38.442215
v 12.713320 2.566990 38.440674
v 12.698478 2.360119 38.442841
v 12.720117 2.326410 38.442417
v 12.759434 2.306953 38.442230
v 13.046795 1.750253 38.440453
v 12.760285 2.268092 38.442078
v 12.669568 0.884278 38.442802
v 12.689281 1.208448 38.442650
v 12.609776 0.943089 38.442093
v 12.744276 1.946114 38.442345
v 12.691825 2.217912 38.441772
v 12.680164 1.992207 38.440880
v 12.674245 1.858162 38.442085
v 12.741165 1.912387 38.442436
v 12.704563 1.898019 38.443199
v 12.717263 1.599488 38.442314
v 12.658259 1.654197 38.442543
v 12.681087 1.619389 38.439682
v 12.634832 1.297552 38.442181
v 12.711394 1.557391 38.442657
v 12.649246 1.503887 38.442696
v 12.660572 0.845125 38.443062
v 12.693542 1.241592 38.442596
v 12.655639 1.261986 38.442627
v 12.670397 1.541723 38.442902
v 12.633237 1.169668 38.441807
v 12.630075 0.908722 38.441303
v 13.047301 3.000252 38.440449
v 13.046216 0.000262 38.440453
v 13.046928 2.838786 38.270554
v 13.046801 0.161949 38.270550
v 13.022906 0.000258 34.525658
v 12.498709 0.000711 35.966103
v 12.487964 -0.000234 34.528492
v 12.499744 0.000265 36.308357
v 13.022906 0.000258 34.525658
v 12.505581 0.000289 37.315826
v 12.499744 0.000265 36.308357
v 13.046159 0.000265 38.440445
v 12.505581 0.000289 37.315826
v 13.046159 0.000265 38.440445
v 12.508259 0.000402 37.598907
v 12.512331 -0.000070 38.444038
v 13.046801 0.161949 38.270550
v 13.046159 0.000265 38.440445
v 13.022906 0.000258 34.525658
v 13.024761 0.161948 34.686501
v 12.776204 3.000263 35.538483
v 13.023645 3.000252 34.525658
v 12.772043 3.000252 34.527218
v 12.783423 3.000252 36.478294
v 13.023645 3.000252 34.525658
v 12.776204 3.000263 35.538483
v 12.784419 3.000288 36.848709
v 12.783423 3.000252 36.478294
v 12.796420 3.000275 38.441910
v 13.023645 3.000252 34.525658
v 12.784419 3.000288 36.848709
v 12.796420 3.000275 38.441910
v 13.047319 3.000252 38.440449
v 13.023645 3.000252 34.525658
v 13.047319 3.000252 38.440449
v 13.046928 2.838786 38.270554
v 13.024803 2.838786 34.686497
v 12.874249 1.860499 28.719927
v 12.860716 0.851484 28.667030
v 12.855206 0.805904 28.705441
v 12.823292 1.865427 28.732599
v 12.809946 0.742530 28.764629
v 12.822692 1.905201 28.764919
v 12.872503 1.832457 28.683352
v 12.901875 1.826815 28.673429
v 12.814893 0.787858 28.710299
v 12.808935 0.784913 28.735323
v 12.890329 0.856876 28.658892
v 12.739922 0.787000 28.258410
v 12.744470 1.905593 28.237110
v 12.733747 0.740717 28.232279
v 12.763401 1.860626 28.280010
v 12.751816 0.787836 28.277500
v 12.800972 0.812984 28.270727
v 12.809282 1.860502 28.273375
v 12.817966 1.833980 28.310713
v 12.752987 1.875926 28.260628
v 12.848543 0.856876 28.307697
v 12.849072 1.826815 28.310497
v 12.818249 0.849955 28.306765
v 12.600958 1.875873 27.220348
v 12.584972 0.988850 27.192383
v 12.581479 0.741652 27.195333
v 12.588110 0.783689 27.218712
v 12.611904 1.860555 27.239843
v 12.648120 0.810007 27.230335
v 12.657543 1.860501 27.233261
v 12.665463 0.880827 27.267488
v 12.697735 1.826814 27.270321
v 12.667025 1.832292 27.269379
v 12.593287 1.908701 27.196072
v 12.600533 0.787793 27.237648
v 12.697106 0.864665 27.268021
v 12.671201 1.867914 27.693136
v 12.670372 1.633125 27.725229
v 12.668150 1.907415 27.721298
v 12.657646 0.781730 27.694674
v 12.656233 0.740840 27.717535
v 12.663530 0.787799 27.669994
v 12.722908 1.860499 27.679739
v 12.710103 0.857511 27.627443
v 12.704914 0.813381 27.664549
v 12.750550 1.826815 27.633263
v 12.739099 0.866635 27.618858
v 12.658011 0.896583 27.722380
v 12.721272 1.834018 27.643051
v 12.668150 1.907415 27.721298
v 12.670372 1.633125 27.725229
v 12.569004 1.913329 27.746231
v 12.397144 1.595719 27.771690
v 12.308260 1.907800 27.795715
v 12.312027 1.944241 27.793003
v 12.291037 1.603623 27.797607
v 12.287411 1.562591 27.799551
v 12.269265 1.228125 27.794130
v 12.658011 0.896583 27.722380
v 12.656233 0.740840 27.717535
v 12.312880 0.525973 27.771259
v 12.239139 0.854174 27.794537
v 12.266176 1.206641 27.799629
v 12.217548 0.515213 27.793901
v 12.151247 0.599632 27.807674
v 12.165039 0.767227 27.808161
v 12.177521 0.488546 27.799515
v 12.163000 0.426108 27.812874
v 12.179754 0.542102 27.807863
v 12.106905 0.457205 27.224049
v 12.080514 0.384616 27.221012
v 12.052633 0.423674 27.235422
v 12.043930 0.370666 27.226204
v 12.038861 0.249934 27.231598
v 12.019382 0.234758 27.244461
v 12.656233 0.740840 27.717535
v 12.581479 0.741652 27.195333
v 12.471142 0.667326 27.203686
v 12.289419 0.555371 27.214558
v 12.110184 0.431095 27.527300
v 12.312880 0.525973 27.771259
v 12.022717 0.324515 27.306915
v 12.068836 0.361709 27.617384
v 12.054249 0.243930 27.531124
v 12.018524 0.117431 27.253616
v 12.052335 0.000690 27.531628
v 12.034857 0.209245 27.536718
v 12.056827 0.378028 27.686049
v 12.006844 0.000614 27.224430
v 12.163000 0.426108 27.812874
v 12.071908 0.382123 27.821762
v 12.110701 0.255147 27.837069
v 12.087030 0.063939 27.865572
v 12.082621 0.215444 27.837219
v 12.109996 0.387818 27.832655
v 12.103506 0.000256 27.892134
v 12.027558 2.352056 26.070938
v 12.088568 2.304678 26.061239
v 12.224480 2.316600 27.280212
v 12.270016 2.610687 27.290821
v 12.103388 2.627074 26.059277
v 12.091146 2.609838 26.061426
v 12.193220 2.617588 26.659452
v 12.238043 2.601630 27.280470
v 12.060916 2.605499 26.065483
v 12.159467 2.261467 26.564117
v 12.087786 2.271361 26.061480
v 12.195302 2.352813 27.243164
v 12.207417 2.561377 27.239758
v 12.036579 2.567518 26.068226
v 12.266081 2.301929 27.296215
v 12.287843 2.619025 27.317650
v 12.229048 2.263080 27.130625
v 12.158953 2.257174 26.600327
v 12.259860 2.264127 27.257664
v 12.444186 2.605473 28.725128
v 12.270575 2.608826 27.350697
v 12.230911 2.557056 27.412907
v 12.238043 2.601630 27.280470
v 12.224480 2.316600 27.280212
v 12.266081 2.301929 27.296215
v 12.270016 2.610687 27.290821
v 12.287843 2.619025 27.317650
v 12.268284 2.301815 27.341599
v 12.268284 2.301815 27.341599
v 12.360506 2.260098 28.007792
v 12.259860 2.264127 27.257664
v 12.229048 2.263080 27.130625
v 12.270575 2.608826 27.350697
v 12.231407 2.323681 27.370754
v 12.218990 2.353401 27.410460
v 12.361614 2.621058 27.835567
v 12.287843 2.619025 27.317650
v 12.492565 2.629443 28.748482
v 12.478094 2.613622 28.734291
v 12.392685 2.622304 28.040558
v 12.268284 2.301815 27.341599
v 12.434286 2.325439 28.726034
v 12.231407 2.323681 27.370754
v 12.479860 2.303990 28.754635
v 12.373265 2.268648 28.037075
v 12.464539 2.314726 28.735817
v 12.417353 2.567597 28.687494
v 12.434214 2.625233 28.329523
v 12.417057 2.355938 28.692774
v 12.443182 2.267742 28.509979
v 12.434286 2.325439 28.726034
v 12.444186 2.605473 28.725128
v 12.465271 2.267746 28.729374
v 12.405740 2.359546 28.690702
v 12.417057 2.355938 28.692774
v 12.493654 2.621381 28.791172
v 12.492565 2.629443 28.748482
v 12.479860 2.303990 28.754635
v 12.478094 2.613622 28.734291
v 12.464539 2.314726 28.735817
v 12.458555 2.607917 28.815485
v 12.443157 2.327716 28.811184
v 12.472095 2.311717 28.790665
v 12.556133 2.621939 29.123657
v 12.508856 2.634946 28.832691
v 12.493654 2.621381 28.791172
v 12.673883 2.628712 29.987871
v 12.611258 2.567057 29.994452
v 12.458555 2.607917 28.815485
v 12.441387 2.568948 28.855518
v 12.640288 2.608858 29.991838
v 12.439068 2.355151 28.846273
v 12.428144 2.357715 28.849039
v 12.597559 2.360119 29.998568
v 12.587671 2.270064 29.489202
v 12.465271 2.267746 28.729374
v 12.501746 2.270523 28.961695
v 12.618933 2.326410 29.995161
v 12.439068 2.355151 28.846273
v 12.443157 2.327716 28.811184
v 12.479860 2.303990 28.754635
v 12.657848 2.306953 29.989557
v 12.472095 2.311717 28.790665
v 12.590614 2.632385 29.418768
v 12.658670 2.268092 29.989286
v 12.380072 1.906919 28.273310
v 12.744438 1.905526 28.238260
v 12.389954 1.944388 28.273962
v 12.351259 1.559870 28.267340
v 12.733747 0.740717 28.232279
v 12.670277 0.706384 28.230406
v 12.312563 0.865323 28.269299
v 12.338951 1.244222 28.270573
v 12.328184 1.253074 28.266052
v 12.308859 0.898326 28.265453
v 12.328834 1.207785 28.265396
v 12.284568 0.634922 28.265186
v 12.467336 0.717158 28.248007
v 12.289747 0.703810 28.256062
v 12.437428 0.556051 28.255463
v 12.286547 0.517671 28.269302
v 12.237861 0.435891 28.279158
v 12.437428 0.556051 28.255463
v 12.733747 0.740717 28.232279
v 12.670277 0.706384 28.230406
v 12.719640 0.678171 28.767588
v 12.503932 0.547062 28.800148
v 12.191105 0.390802 28.277149
v 12.175228 0.330622 28.274275
v 12.144527 0.376638 28.291569
v 12.237861 0.435891 28.279158
v 12.144011 0.216419 28.283745
v 12.169319 0.237615 28.396889
v 12.168358 0.245843 28.273737
v 12.171675 0.377433 28.468245
v 12.149542 0.300915 28.481468
v 12.153427 0.000273 28.234741
v 12.248867 0.000289 28.893362
v 12.145642 0.068419 28.282545
v 12.809946 0.742530 28.764629
v 12.395279 0.480818 28.830275
v 12.329304 0.440827 28.861696
v 12.218929 0.371638 28.870649
v 12.213718 0.240681 28.696022
v 12.234623 0.094757 28.880114
v 12.198521 0.379053 28.705667
v 12.199745 0.313970 28.838509
v 12.183838 0.350052 28.835026
v 12.231142 0.209079 28.857178
v 12.251076 0.251601 28.872240
v 12.316996 0.408697 28.864202
v 12.274027 0.367594 28.869089
v 12.233728 0.213761 28.876648
v 12.112114 2.246127 26.541227
v 12.087786 2.271361 26.061480
v 12.024980 2.223077 26.075092
v 12.159467 2.261467 26.564117
v 12.080862 2.203961 26.497561
v 12.008441 1.991473 26.074898
v 12.071989 1.946955 26.063644
v 12.104341 1.960728 26.540722
v 12.069346 1.999666 26.499302
v 12.144938 1.940419 26.580450
v 12.112114 2.246127 26.541227
v 12.104341 1.960728 26.540722
v 12.159467 2.261467 26.564117
v 12.144938 1.940419 26.580450
v 12.158953 2.257174 26.600327
v 12.136353 1.954495 26.615242
v 12.121681 2.243631 26.622688
v 12.108458 1.968459 26.632107
v 12.112357 2.213432 26.658234
v 12.101430 2.210430 26.664959
v 12.090815 1.994553 26.668514
v 12.290941 2.207564 27.960243
v 12.112357 2.213432 26.658234
v 12.121681 2.243631 26.622688
v 12.360506 2.260098 28.007792
v 12.158953 2.257174 26.600327
v 12.229048 2.263080 27.130625
v 12.144938 1.940419 26.580450
v 12.193666 1.944298 26.914455
v 12.243458 1.943970 27.349392
v 12.136353 1.954495 26.615242
v 12.279214 2.001677 27.964586
v 12.238772 1.939151 27.229818
v 12.321651 2.247140 27.997412
v 12.312027 1.944241 27.793003
v 12.317772 1.961621 28.005964
v 12.355709 1.946316 28.036139
v 12.321651 2.247140 27.997412
v 12.317772 1.961621 28.005964
v 12.373265 2.268648 28.037075
v 12.360506 2.260098 28.007792
v 12.355709 1.946316 28.036139
v 12.341750 2.254068 28.080044
v 12.331699 1.963644 28.076195
v 12.504244 2.213896 29.397070
v 12.341750 2.254068 28.080044
v 12.315602 2.215238 28.129404
v 12.443182 2.267742 28.509979
v 12.373265 2.268648 28.037075
v 12.389954 1.944388 28.273962
v 12.331699 1.963644 28.076195
v 12.355709 1.946316 28.036139
v 12.303239 2.004315 28.131771
v 12.383736 1.948853 28.306747
v 12.548776 1.962449 29.443153
v 12.439515 1.950662 28.702694
v 12.466421 2.268658 28.742903
v 12.531729 2.249934 29.436277
v 12.564735 2.260976 29.445473
v 12.522733 1.972819 29.431625
v 12.583359 2.271495 29.453476
v 12.590820 2.217912 29.998413
v 12.543605 2.248860 29.517323
v 12.527155 2.214395 29.562679
v 12.471107 1.948031 28.837196
v 12.568083 1.948350 29.480089
v 12.490468 2.003524 29.398403
v 12.522733 1.972819 29.431625
v 12.531729 2.249934 29.436277
v 12.548776 1.962449 29.443153
v 12.583359 2.271495 29.453476
v 12.564735 2.260976 29.445473
v 12.568083 1.948350 29.480089
v 12.588018 2.270009 29.489830
v 12.543605 2.248860 29.517323
v 12.513351 1.994025 29.538620
v 12.658670 2.268092 29.989286
v 12.588018 2.270009 29.489830
v 12.579145 1.992207 29.999123
v 12.568083 1.948350 29.480089
v 12.642851 1.946114 29.991758
v 12.233186 1.905465 27.219715
v 12.068552 1.912842 26.063957
v 12.023400 1.889530 26.070843
v 12.071989 1.946955 26.063644
v 12.144938 1.940419 26.580450
v 12.045525 1.594502 26.067623
v 12.040331 1.557278 26.068127
v 12.202355 1.560716 27.230934
v 12.040331 1.557278 26.068127
v 11.996717 1.538245 26.075523
v 12.161766 1.545760 27.212555
v 12.207147 1.603992 27.224262
v 12.002967 1.618643 26.073360
v 12.000605 1.855564 26.074574
v 11.984706 1.654641 26.076256
v 12.066106 1.648257 26.619572
v 12.182884 1.881491 27.207897
v 12.193666 1.944298 26.914455
v 12.202355 1.560716 27.230934
v 12.141541 1.655754 27.175272
v 12.131658 1.503023 27.174263
v 11.977433 1.503513 26.077551
v 12.238772 1.939151 27.229818
v 12.157265 1.855497 27.178280
v 12.175428 1.618816 27.215309
v 12.175428 1.618816 27.215309
v 12.182884 1.881491 27.207897
v 12.207147 1.603992 27.224262
v 12.233186 1.905465 27.219715
v 11.979990 1.266122 26.077370
v 12.021546 1.238618 26.070946
v 12.170095 1.255935 27.210365
v 12.133931 1.188627 27.208351
v 12.017277 1.206684 26.071556
v 11.963690 1.170884 26.080866
v 12.180871 1.243258 27.230312
v 12.177589 1.206608 27.227417
v 12.071506 1.154046 26.816185
v 11.976679 1.143566 26.261326
v 11.937835 0.937938 26.083618
v 11.997071 0.851270 26.074869
v 12.155537 0.894015 27.225601
v 11.994318 0.888047 26.074936
v 12.016685 0.941558 26.652006
v 11.974459 0.495365 26.077606
v 12.064421 0.519618 26.676016
v 11.954041 0.534573 26.081312
v 12.037666 0.491125 26.497488
v 12.041859 0.465503 26.794271
v 12.077953 0.473265 26.832466
v 11.936026 0.474995 26.083679
v 12.120795 0.538061 27.237572
v 12.080087 0.566587 27.211693
v 12.108495 0.831857 27.212414
v 11.952076 0.827750 26.080992
v 11.925137 0.791094 26.084663
v 12.009283 0.796818 26.666187
v 11.993034 0.583357 26.648691
v 11.913610 0.577766 26.087029
v 11.880520 0.371009 26.091770
v 12.043930 0.370666 27.226204
v 11.923286 0.393319 26.085249
v 11.871231 0.231719 26.092999
v 12.081112 0.383737 27.220898
v 11.920626 0.213717 26.627293
v 11.841988 0.214137 26.096882
v 12.019812 0.117415 27.253437
v 11.841558 -0.000234 26.096670
v 12.117193 1.292248 27.176138
v 11.961475 1.295127 26.079887
v 12.030580 1.151154 26.596645
v 12.138477 1.276189 27.207470
v 12.106594 1.137253 27.170376
v 12.119694 0.914903 27.208523
v 11.961507 0.905151 26.079914
v 12.026433 1.071705 26.666170
v 12.153807 0.851544 27.235731
v 11.953071 0.234361 26.660721
v 12.038861 0.249934 27.231598
v 12.019382 0.234758 27.244461
v 12.138477 1.276189 27.207470
v 12.161766 1.545760 27.212555
v 12.180871 1.243258 27.230312
v 12.202355 1.560716 27.230934
v 12.170095 1.255935 27.210365
v 12.091755 0.947416 27.176765
v 12.133931 1.188627 27.208351
v 12.155537 0.894015 27.225601
v 12.177589 1.206608 27.227417
v 12.142590 0.515960 27.229820
v 12.106718 0.457029 27.223745
v 12.141941 0.475743 27.222580
v 12.120795 0.538061 27.237572
v 12.153807 0.851544 27.235731
v 12.108495 0.831857 27.212414
v 12.081349 0.808082 27.185028
v 12.070778 0.654105 27.189514
v 12.006844 0.000614 27.224430
v 12.603636 1.898019 29.998087
v 12.465401 1.914226 28.842064
v 12.422745 1.885879 28.874474
v 12.568083 1.948350 29.480089
v 12.471107 1.948031 28.837196
v 12.422745 1.885879 28.874474
v 12.465401 1.914226 28.842064
v 12.435158 1.607817 28.837551
v 12.394262 1.650305 28.903330
v 12.383467 1.508537 28.902012
v 12.401075 1.546706 28.862337
v 12.376234 1.278128 28.861300
v 12.440932 1.567764 28.830256
v 12.616091 1.599488 29.995445
v 12.435158 1.607817 28.837551
v 12.557682 1.654197 30.003805
v 12.573452 1.858162 30.001146
v 12.411261 1.862779 28.917973
v 12.639782 1.912387 29.992283
v 12.610327 1.557391 29.996605
v 12.579893 1.619389 29.997789
v 12.431170 1.554250 28.840605
v 12.401075 1.546706 28.862337
v 12.569754 1.541723 30.002493
v 12.548777 1.503887 30.005201
v 12.642851 1.946114 29.991758
v 12.360796 0.906881 28.835054
v 12.411093 1.207802 28.832558
v 12.389219 1.120091 28.822065
v 12.431170 1.554250 28.840605
v 12.406639 1.255491 28.827923
v 12.376722 1.187716 28.859734
v 12.367634 1.303001 28.901627
v 12.588423 1.208448 29.999641
v 12.419500 1.237370 28.823776
v 12.411093 1.207802 28.832558
v 12.534428 1.297552 30.006672
v 12.376234 1.278128 28.861300
v 12.341599 0.948237 28.903929
v 12.356905 1.158384 28.905203
v 12.449512 0.847989 29.168430
v 12.393950 0.892797 28.824081
v 12.385696 0.839214 28.823320
v 12.336262 0.786964 28.830303
v 12.446794 0.803522 29.444323
v 12.377596 0.795451 29.135593
v 12.509599 0.943089 30.010035
v 12.443167 1.149386 29.432627
v 12.335948 0.487241 28.882332
v 12.370460 0.501004 28.863771
v 12.329304 0.440827 28.861696
v 12.510769 0.477742 30.008331
v 12.371748 0.532240 28.847178
v 12.545765 0.490121 30.005777
v 12.307304 0.602918 28.852985
v 12.337585 0.552464 28.854986
v 12.351124 0.579961 29.106874
v 12.394745 0.669103 29.411371
v 12.485622 0.580854 30.014345
v 12.233728 0.213761 28.876648
v 12.251076 0.251601 28.872240
v 12.231142 0.209079 28.857178
v 12.274027 0.367594 28.869089
v 12.383822 0.370978 29.547558
v 12.316996 0.408697 28.864202
v 12.310862 0.247230 29.174185
v 12.376722 1.187716 28.859734
v 12.532795 1.169668 30.006514
v 12.592636 1.241592 29.999001
v 12.555098 1.261986 30.004253
v 12.406639 1.255491 28.827923
v 12.360796 0.906881 28.835054
v 12.529594 0.908722 30.006443
v 12.510868 0.847403 29.639921
v 12.449446 0.797708 29.655975
v 12.545806 0.525694 30.005833
v 12.501391 0.547127 30.012314
v 12.489559 0.702294 30.014406
v 12.414534 0.215079 30.024143
v 12.413354 -0.000070 30.025414
v 12.234623 0.094757 28.880114
v 12.498515 0.397062 30.012718
v 12.451385 0.370595 30.019457
v 12.249271 0.000371 28.893299
v 12.568919 0.884278 30.002508
v 12.560045 0.845125 30.004011
v 12.504284 0.812151 30.010900
v 12.439953 0.235660 30.022293
v 12.809282 1.860502 28.273375
v 12.817966 1.833980 28.310713
v 12.872503 1.832457 28.683352
v 12.752987 1.875926 28.260628
v 12.822692 1.905201 28.764919
v 12.744470 1.905593 28.237110
v 12.823292 1.865427 28.732599
v 12.763401 1.860626 28.280010
v 12.874249 1.860499 28.719927
v 12.849072 1.826815 28.310497
v 12.901875 1.826815 28.673429
v 12.855206 0.805904 28.705441
v 12.800972 0.812984 28.270727
v 12.751816 0.787836 28.277500
v 12.808935 0.784913 28.735323
v 12.739922 0.787000 28.258410
v 12.733747 0.740717 28.232279
v 12.809946 0.742530 28.764629
v 12.814893 0.787858 28.710299
v 12.860716 0.851484 28.667030
v 12.818249 0.849955 28.306765
v 12.848543 0.856876 28.307697
v 12.890329 0.856876 28.658892
v 12.722908 1.860499 27.679739
v 12.667025 1.832292 27.269379
v 12.721272 1.834018 27.643051
v 12.600958 1.875873 27.220348
v 12.671201 1.867914 27.693136
v 12.668150 1.907415 27.721298
v 12.593287 1.908701 27.196072
v 12.611904 1.860555 27.239843
v 12.657543 1.860501 27.233261
v 12.750550 1.826815 27.633263
v 12.697735 1.826814 27.270321
v 12.648120 0.810007 27.230335
v 12.697106 0.864665 27.268021
v 12.665463 0.880827 27.267488
v 12.657646 0.781730 27.694674
v 12.588110 0.783689 27.218712
v 12.581479 0.741652 27.195333
v 12.710103 0.857511 27.627443
v 12.739099 0.866635 27.618858
v 12.600533 0.787793 27.237648
v 12.663530 0.787799 27.669994
v 12.704914 0.813381 27.664549
v 12.656233 0.740840 27.717535
v 12.119638 2.971706 26.090155
v 12.122751 3.000252 26.056253
v 12.103388 2.627074 26.059277
v 12.100864 2.655652 26.091274
v 12.089826 2.960301 26.118095
v 12.068309 2.672403 26.122307
v 12.069860 2.923912 26.176773
v 12.056029 2.702307 26.172632
v 12.324934 2.911642 27.963005
v 12.387671 2.956746 28.013956
v 12.119638 2.971706 26.090155
v 12.089826 2.960301 26.118095
v 12.404881 3.000349 28.014502
v 12.122751 3.000252 26.056253
v 12.406800 2.972190 28.041094
v 12.389172 2.646249 28.029625
v 12.103388 2.627074 26.059277
v 12.193220 2.617588 26.659452
v 12.068309 2.672403 26.122307
v 12.100864 2.655652 26.091274
v 12.341262 2.672384 28.001358
v 12.359081 2.953463 28.007000
v 12.287843 2.619025 27.317650
v 12.372957 2.659900 28.014784
v 12.315016 2.704942 27.963909
v 12.389172 2.646249 28.029625
v 12.372957 2.659900 28.014784
v 12.387671 2.956746 28.013956
v 12.359081 2.953463 28.007000
v 12.391532 2.622099 28.040789
v 12.341262 2.672384 28.001358
v 12.406800 2.972190 28.041094
v 12.389172 2.646249 28.029625
v 12.356021 2.671839 28.099533
v 12.369682 2.950765 28.107359
v 12.399169 2.961566 28.081886
v 12.386709 2.658128 28.077770
v 12.344732 2.704531 28.145048
v 12.353055 2.911898 28.148111
v 12.475468 2.707382 29.061714
v 12.673763 2.969041 29.952967
v 12.406800 2.972190 28.041094
v 12.399169 2.961566 28.081886
v 12.369682 2.950765 28.107359
v 12.406498 3.000268 28.014111
v 12.694437 3.000275 29.984138
v 12.492565 2.629443 28.748482
v 12.389172 2.646249 28.029625
v 12.393244 2.622311 28.040497
v 12.493654 2.621381 28.791172
v 12.508856 2.634946 28.832691
v 12.356021 2.671839 28.099533
v 12.386709 2.658128 28.077770
v 12.645054 2.670588 29.949224
v 12.641633 2.957844 29.940948
v 12.562721 2.652816 29.212294
v 12.667807 2.654343 29.962900
v 12.612209 2.919296 29.905760
v 12.689335 2.978978 29.961805
v 12.602663 2.711174 29.903114
v 12.645054 2.670588 29.949224
v 12.641633 2.957844 29.940948
v 12.667807 2.654343 29.962900
v 12.673763 2.969041 29.952967
v 12.673883 2.628712 29.987871
v 12.694437 3.000275 29.984138
v 12.689335 2.978978 29.961805
v 12.103388 2.627074 26.059277
v 12.590614 2.632385 29.418768
v 12.673883 2.628712 29.987871
v 12.556133 2.621939 29.123657
v 12.308260 1.907800 27.795715
v 12.291037 1.603623 27.797607
v 12.275455 1.890749 27.825125
v 12.355709 1.946316 28.036139
v 12.312027 1.944241 27.793003
v 12.308260 1.907800 27.795715
v 12.349594 1.897193 28.256699
v 12.244178 1.637530 27.843910
v 12.256153 1.841106 27.871296
v 12.355503 1.605817 28.270666
v 12.291037 1.603623 27.797607
v 12.287411 1.562591 27.799551
v 12.295740 1.648453 28.232475
v 12.310950 1.855092 28.217083
v 12.312515 1.549148 28.251202
v 12.235193 1.521813 27.854080
v 12.287411 1.562591 27.799551
v 12.269265 1.228125 27.794130
v 12.238062 1.265412 27.819298
v 12.211246 1.177776 27.846424
v 12.266176 1.206641 27.799629
v 12.189800 0.930748 27.843632
v 12.269265 1.228125 27.794130
v 12.338951 1.244222 28.270573
v 12.238062 1.265412 27.819298
v 12.218211 1.305074 27.869532
v 12.276893 1.290061 28.230137
v 12.240286 0.892590 27.794607
v 12.172293 0.804642 27.810270
v 12.239388 0.854109 27.796053
v 12.165039 0.767227 27.808161
v 12.258188 0.838976 28.249441
v 12.312563 0.865323 28.269299
v 12.240286 0.892590 27.794607
v 12.263639 1.169574 28.234373
v 12.308859 0.898326 28.265453
v 12.246878 0.933347 28.225208
v 12.241148 0.488713 28.250555
v 12.217548 0.515213 27.793901
v 12.177521 0.488546 27.799515
v 12.286547 0.517671 28.269302
v 12.179754 0.542102 27.807863
v 12.245264 0.547480 28.255356
v 12.151247 0.599632 27.807674
v 12.163000 0.426108 27.812874
v 12.231287 0.803027 28.213997
v 12.087030 0.063939 27.865572
v 12.144011 0.216419 28.283745
v 12.082621 0.215444 27.837219
v 12.110701 0.255147 27.837069
v 12.191105 0.390802 28.277149
v 12.109996 0.387818 27.832655
v 12.168358 0.245843 28.273737
v 12.237861 0.435891 28.279158
v 12.103506 0.000256 27.892134
v 12.153427 0.000273 28.234741
v 12.145642 0.068419 28.282545
v 12.389954 1.944388 28.273962
v 12.380072 1.906919 28.273310
v 12.350698 1.562893 28.268814
v 12.349594 1.897193 28.256699
v 12.355503 1.605817 28.270666
v 12.380072 1.906919 28.273310
v 12.282459 1.506870 28.216436
v 12.328184 1.253074 28.266052
v 12.328834 1.207785 28.265396
v 12.266176 1.206641 27.799629
v 12.312515 1.549148 28.251202
v 12.328184 1.253074 28.266052
v 12.350698 1.562893 28.268814
v 12.308859 0.898326 28.265453
v 12.328834 1.207785 28.265396
v 12.289747 0.703810 28.256062
v 12.312563 0.865323 28.269299
v 12.258188 0.838976 28.249441
v 12.284568 0.634922 28.265186
v 12.223263 0.597357 28.217117
v 12.175228 0.330622 28.274275
v 12.383736 1.948853 28.306747
v 12.632762 1.917668 28.249666
v 12.744470 1.905593 28.237110
v 12.389954 1.944388 28.273962
v 12.439515 1.950662 28.702694
v 12.822692 1.905201 28.764919
v 12.471107 1.948031 28.837196
v 12.465401 1.914226 28.842064
v 12.440932 1.567764 28.830256
v 12.761376 1.135073 28.763889
v 12.435158 1.607817 28.837551
v 12.406639 1.255491 28.827923
v 12.431170 1.554250 28.840605
v 12.809946 0.742530 28.764629
v 12.719640 0.678171 28.767588
v 12.632971 0.645082 28.788641
v 12.497803 1.080443 28.808159
v 12.419500 1.237370 28.823776
v 12.411093 1.207802 28.832558
v 12.389219 1.120091 28.822065
v 12.385696 0.839214 28.823320
v 12.393950 0.892797 28.824081
v 12.360796 0.906881 28.835054
v 12.503932 0.547062 28.800148
v 12.395279 0.480818 28.830275
v 12.503932 0.547062 28.800148
v 12.381453 0.560450 28.832262
v 12.336262 0.786964 28.830303
v 12.337585 0.552464 28.854986
v 12.371748 0.532240 28.847178
v 12.370460 0.501004 28.863771
v 12.307304 0.602918 28.852985
v 12.329304 0.440827 28.861696
v 12.238772 1.939151 27.229818
v 12.593287 1.908701 27.196072
v 12.668150 1.907415 27.721298
v 12.312027 1.944241 27.793003
v 12.243458 1.943970 27.349392
v 12.202355 1.560716 27.230934
v 12.207147 1.603992 27.224262
v 12.233186 1.905465 27.219715
v 12.569004 1.913329 27.746231
v 12.155537 0.894015 27.225601
v 12.289056 1.047852 27.224014
v 12.179462 1.227924 27.229141
v 12.289419 0.555371 27.214558
v 12.120795 0.538061 27.237572
v 12.142590 0.515960 27.229820
v 12.141941 0.475743 27.222580
v 12.584972 0.988850 27.192383
v 12.471142 0.667326 27.203686
v 12.581479 0.741652 27.195333
v 12.153807 0.851544 27.235731
v 12.371731 2.500252 26.020020
v 12.122751 3.000252 26.056253
v 12.371736 3.000252 26.020020
v 12.103388 2.627074 26.059277
v 11.841988 0.214137 26.096882
v 12.371004 0.000258 26.020123
v 11.841558 -0.000234 26.096670
v 11.871231 0.231719 26.092999
v 11.880520 0.371009 26.091770
v 11.923286 0.393319 26.085249
v 11.923286 0.393319 26.085249
v 12.371334 0.833588 26.020075
v 12.371004 0.000258 26.020123
v 12.091146 2.609838 26.061426
v 11.974459 0.495365 26.077606
v 11.923286 0.393319 26.085249
v 11.936026 0.474995 26.083679
v 12.371334 0.833588 26.020075
v 11.954041 0.534573 26.081312
v 11.913610 0.577766 26.087029
v 11.925137 0.791094 26.084663
v 11.952076 0.827750 26.080992
v 11.997071 0.851270 26.074869
v 11.994318 0.888047 26.074936
v 12.371453 1.333587 26.020058
v 11.961507 0.905151 26.079914
v 11.937835 0.937938 26.083618
v 11.963690 1.170884 26.080866
v 12.017277 1.206684 26.071556
v 12.021546 1.238618 26.070946
v 12.371567 1.833586 26.020042
v 11.979990 1.266122 26.077370
v 11.961475 1.295127 26.079887
v 11.977433 1.503513 26.077551
v 12.060916 2.605499 26.065483
v 12.036579 2.567518 26.068226
v 12.027558 2.352056 26.070938
v 12.088568 2.304678 26.061239
v 12.087786 2.271361 26.061480
v 12.040331 1.557278 26.068127
v 11.996717 1.538245 26.075523
v 12.045525 1.594502 26.067623
v 12.002967 1.618643 26.073360
v 11.984706 1.654641 26.076256
v 12.001787 1.856605 26.074398
v 12.023400 1.889530 26.070843
v 12.068552 1.912842 26.063957
v 12.071989 1.946955 26.063644
v 12.008441 1.991473 26.074898
v 12.024980 2.223077 26.075092
v 12.395338 0.161948 26.181387
v 12.371126 0.000259 26.020103
v 12.395380 2.838786 26.181381
v 12.371775 3.000252 26.020014
v 12.694437 3.000275 29.984138
v 12.942521 2.500253 29.948133
v 12.942739 3.000252 29.948101
v 12.673883 2.628712 29.987871
v 12.941589 0.000265 29.948259
v 12.415378 0.214092 30.024008
v 12.413354 -0.000070 30.025414
v 12.439953 0.235660 30.022293
v 12.451385 0.370595 30.019457
v 12.498515 0.397062 30.012718
v 12.941877 0.833588 29.948227
v 12.640288 2.608858 29.991838
v 12.545765 0.490121 30.005777
v 12.510769 0.477742 30.008331
v 12.545806 0.525694 30.005833
v 12.501391 0.547127 30.012314
v 12.485622 0.580854 30.014345
v 12.489559 0.702294 30.014406
v 12.504284 0.812151 30.010900
v 12.611958 2.566990 29.994349
v 12.597559 2.360119 29.998568
v 12.618933 2.326410 29.995161
v 12.657848 2.306953 29.989557
v 12.942219 1.750253 29.948177
v 12.658670 2.268092 29.989286
v 12.568919 0.884278 30.002508
v 12.588423 1.208448 29.999641
v 12.509599 0.943089 30.010035
v 12.642851 1.946114 29.991758
v 12.590820 2.217912 29.998413
v 12.579145 1.992207 29.999123
v 12.573452 1.858162 30.001146
v 12.639782 1.912387 29.992283
v 12.603636 1.898019 29.998087
v 12.616091 1.599488 29.995445
v 12.557682 1.654197 30.003805
v 12.579893 1.619389 29.997789
v 12.534428 1.297552 30.006672
v 12.610327 1.557391 29.996605
v 12.548777 1.503887 30.005201
v 12.560045 0.845125 30.004011
v 12.592636 1.241592 29.999001
v 12.555098 1.261986 30.004253
v 12.569754 1.541723 30.002493
v 12.532795 1.169668 30.006514
v 12.529594 0.908722 30.006443
v 12.918589 2.838786 29.777540
v 12.942734 3.000253 29.948101
v 12.941611 0.000261 29.948261
v 12.918461 0.161949 29.777555
v 12.371004 0.000258 26.020123
v 12.053270 0.000711 27.538832
v 11.841558 -0.000234 26.096670
v 12.102158 0.000265 27.882334
v 12.371004 0.000258 26.020123
v 12.248867 0.000289 28.893362
v 12.102158 0.000265 27.882334
v 12.941589 0.000265 29.948259
v 12.248867 0.000289 28.893362
v 12.941589 0.000265 29.948259
v 12.291115 0.000402 29.177277
v 12.413354 -0.000070 30.025414
v 12.918461 0.161949 29.777555
v 12.941589 0.000265 29.948259
v 12.371004 0.000258 26.020123
v 12.395338 0.161948 26.181387
v 12.268316 3.000263 27.071217
v 12.371736 3.000252 26.020020
v 12.122751 3.000252 26.056253
v 12.406916 3.000252 28.014009
v 12.371736 3.000252 26.020020
v 12.268316 3.000263 27.071217
v 12.459711 3.000288 28.385851
v 12.371736 3.000252 26.020020
v 12.406916 3.000252 28.014009
v 12.694437 3.000275 29.984138
v 12.371736 3.000252 26.020020
v 12.459711 3.000288 28.385851
v 12.694437 3.000275 29.984138
v 12.942739 3.000252 29.948101
v 12.371736 3.000252 26.020020
v 12.942739 3.000252 29.948101
v 12.918589 2.838786 29.777540
v 12.395380 2.838786 26.181381
v 11.785683 1.860499 21.237991
v 11.772149 0.851484 21.185091
v 11.766639 0.805904 21.223503
v 11.734726 1.865427 21.250664
v 11.721379 0.742530 21.282692
v 11.734125 1.905201 21.282980
v 11.783937 1.832457 21.201412
v 11.813309 1.826815 21.191490
v 11.726326 0.787858 21.228363
v 11.720369 0.784913 21.253384
v 11.801764 0.856876 21.176952
v 11.651356 0.787000 20.776470
v 11.655903 1.905593 20.755173
v 11.645181 0.740717 20.750341
v 11.674835 1.860626 20.798073
v 11.663250 0.787836 20.795559
v 11.712406 0.812984 20.788788
v 11.720716 1.860502 20.791435
v 11.729401 1.833980 20.828773
v 11.664421 1.875926 20.778690
v 11.759977 0.856876 20.825760
v 11.760506 1.826815 20.828560
v 11.729681 0.849955 20.824829
v 11.512391 1.875873 19.738411
v 11.496406 0.988850 19.710445
v 11.492913 0.741652 19.713394
v 11.499544 0.783689 19.736774
v 11.523338 1.860555 19.757904
v 11.559553 0.810007 19.748396
v 11.568977 1.860501 19.751324
v 11.576897 0.880827 19.785549
v 11.609168 1.826814 19.788383
v 11.578458 1.832292 19.787439
v 11.504721 1.908701 19.714134
v 11.511966 0.787793 19.755711
v 11.608540 0.864665 19.786083
v 11.582634 1.867914 20.211197
v 11.581805 1.633125 20.243290
v 11.579584 1.907415 20.239361
v 11.569080 0.781730 20.212736
v 11.567666 0.740840 20.235596
v 11.574965 0.787799 20.188057
v 11.634341 1.860499 20.197803
v 11.621537 0.857511 20.145504
v 11.616347 0.813381 20.182611
v 11.661983 1.826815 20.151325
v 11.650532 0.866635 20.136921
v 11.569446 0.896583 20.240440
v 11.632706 1.834018 20.161114
v 11.579584 1.907415 20.239361
v 11.581805 1.633125 20.243290
v 11.480437 1.913329 20.264292
v 11.308577 1.595719 20.289753
v 11.219693 1.907800 20.313778
v 11.223461 1.944241 20.311066
v 11.202471 1.603623 20.315670
v 11.198843 1.562591 20.317614
v 11.180698 1.228125 20.312193
v 11.569446 0.896583 20.240440
v 11.567666 0.740840 20.235596
v 11.224314 0.525973 20.289322
v 11.150572 0.854174 20.312601
v 11.177610 1.206641 20.317692
v 11.128982 0.515213 20.311966
v 11.062681 0.599632 20.325737
v 11.076473 0.767227 20.326221
v 11.088955 0.488546 20.317577
v 11.074434 0.426108 20.330936
v 11.091188 0.542102 20.325924
v 11.018339 0.457206 19.742111
v 10.991947 0.384616 19.739075
v 10.964067 0.423674 19.753485
v 10.955364 0.370666 19.744267
v 10.950294 0.249934 19.749660
v 10.930815 0.234758 19.762520
v 11.567666 0.740840 20.235596
v 11.492913 0.741652 19.713394
v 11.382575 0.667326 19.721748
v 11.200853 0.555371 19.732620
v 11.021617 0.431095 20.045362
v 11.224314 0.525973 20.289322
v 10.934150 0.324515 19.824976
v 10.980270 0.361709 20.135445
v 10.965683 0.243930 20.049187
v 10.929957 0.117431 19.771679
v 10.963768 0.000690 20.049690
v 10.946291 0.209245 20.054781
v 10.968260 0.378028 20.204113
v 10.918277 0.000614 19.742493
v 11.074434 0.426108 20.330936
v 10.983341 0.382123 20.339825
v 11.022135 0.255147 20.355129
v 10.998464 0.063939 20.383633
v 10.994055 0.215444 20.355282
v 11.021429 0.387818 20.350718
v 11.014940 0.000256 20.410194
v 10.938992 2.352056 18.589001
v 11.000002 2.304678 18.579300
v 11.135914 2.316600 19.798275
v 11.181450 2.610687 19.808880
v 11.014821 2.627074 18.577337
v 11.002581 2.609838 18.579489
v 11.104652 2.617588 19.177515
v 11.149476 2.601630 19.798531
v 10.972349 2.605499 18.583544
v 11.070900 2.261467 19.082178
v 10.999220 2.271361 18.579540
v 11.106735 2.352813 19.761223
v 11.118851 2.561377 19.757820
v 10.948013 2.567518 18.586288
v 11.177514 2.301929 19.814274
v 11.199276 2.619025 19.835711
v 11.140482 2.263080 19.648685
v 11.070387 2.257174 19.118389
v 11.171293 2.264127 19.775726
v 11.355619 2.605473 21.243191
v 11.182009 2.608826 19.868755
v 11.142345 2.557056 19.930969
v 11.149476 2.601630 19.798531
v 11.135914 2.316600 19.798275
v 11.177514 2.301929 19.814274
v 11.181450 2.610687 19.808880
v 11.199276 2.619025 19.835711
v 11.179717 2.301815 19.859661
v 11.179717 2.301815 19.859661
v 11.271939 2.260098 20.525852
v 11.171293 2.264127 19.775726
v 11.140482 2.263080 19.648685
v 11.182009 2.608826 19.868755
v 11.142841 2.323681 19.888817
v 11.130424 2.353401 19.928524
v 11.273048 2.621058 20.353630
v 11.199276 2.619025 19.835711
v 11.403999 2.629443 21.266544
v 11.389527 2.613622 21.252354
v 11.304117 2.622304 20.558620
v 11.179717 2.301815 19.859661
v 11.345720 2.325439 21.244097
v 11.142841 2.323681 19.888817
v 11.391294 2.303990 21.272697
v 11.284698 2.268648 20.555138
v 11.375973 2.314726 21.253878
v 11.328787 2.567597 21.205559
v 11.345648 2.625233 20.847584
v 11.328491 2.355938 21.210838
v 11.354616 2.267742 21.028042
v 11.345720 2.325439 21.244097
v 11.355619 2.605473 21.243191
v 11.376705 2.267746 21.247437
v 11.317173 2.359546 21.208767
v 11.328491 2.355938 21.210838
v 11.405088 2.621381 21.309235
v 11.403999 2.629443 21.266544
v 11.391294 2.303990 21.272697
v 11.389527 2.613622 21.252354
v 11.375973 2.314726 21.253878
v 11.369989 2.607917 21.333546
v 11.354591 2.327716 21.329247
v 11.383528 2.311717 21.308729
v 11.467567 2.621939 21.641718
v 11.420290 2.634946 21.350754
v 11.405088 2.621381 21.309235
v 11.585318 2.628712 22.505932
v 11.522692 2.567056 22.512512
v 11.369989 2.607917 21.333546
v 11.352821 2.568948 21.373581
v 11.551722 2.608858 22.509899
v 11.350502 2.355151 21.364338
v 11.339579 2.357715 21.367100
v 11.508993 2.360119 22.516630
v 11.499104 2.270064 22.007263
v 11.376705 2.267746 21.247437
v 11.413179 2.270523 21.479755
v 11.530367 2.326410 22.513222
v 11.350502 2.355151 21.364338
v 11.354591 2.327716 21.329247
v 11.391294 2.303990 21.272697
v 11.569283 2.306953 22.507618
v 11.383528 2.311717 21.308729
v 11.502048 2.632385 21.936831
v 11.570105 2.268092 22.507347
v 11.291506 1.906919 20.791370
v 11.655871 1.905526 20.756321
v 11.301387 1.944388 20.792023
v 11.262692 1.559871 20.785400
v 11.645181 0.740717 20.750341
v 11.581710 0.706384 20.748466
v 11.223996 0.865323 20.787361
v 11.250385 1.244222 20.788633
v 11.239617 1.253074 20.784113
v 11.220293 0.898326 20.783514
v 11.240267 1.207785 20.783455
v 11.196001 0.634922 20.783249
v 11.378769 0.717158 20.766068
v 11.201181 0.703810 20.774122
v 11.348862 0.556051 20.773523
v 11.197981 0.517671 20.787363
v 11.149294 0.435891 20.797218
v 11.348862 0.556051 20.773523
v 11.645181 0.740717 20.750341
v 11.581710 0.706384 20.748466
v 11.631073 0.678171 21.285648
v 11.415365 0.547062 21.318211
v 11.102539 0.390802 20.795212
v 11.086662 0.330622 20.792336
v 11.055961 0.376638 20.809631
v 11.149294 0.435891 20.797218
v 11.055445 0.216419 20.801809
v 11.080752 0.237615 20.914951
v 11.079791 0.245843 20.791800
v 11.083109 0.377433 20.986305
v 11.060976 0.300915 20.999531
v 11.064860 0.000273 20.752804
v 11.160300 0.000289 21.411425
v 11.057076 0.068419 20.800606
v 11.721379 0.742530 21.282692
v 11.306713 0.480818 21.348335
v 11.240738 0.440827 21.379757
v 11.130363 0.371638 21.388710
v 11.125153 0.240681 21.214085
v 11.146057 0.094757 21.398174
v 11.109955 0.379053 21.223732
v 11.111178 0.313970 21.356569
v 11.095272 0.350052 21.353088
v 11.142576 0.209079 21.375240
v 11.162510 0.251601 21.390301
v 11.228429 0.408697 21.382263
v 11.185461 0.367594 21.387150
v 11.145162 0.213761 21.394709
v 11.023547 2.246127 19.059290
v 10.999220 2.271361 18.579540
v 10.936413 2.223077 18.593155
v 11.070900 2.261467 19.082178
v 10.992295 2.203961 19.015623
v 10.919874 1.991473 18.592960
v 10.983422 1.946955 18.581705
v 11.015774 1.960728 19.058783
v 10.980781 1.999666 19.017365
v 11.056372 1.940419 19.098511
v 11.023547 2.246127 19.059290
v 11.015774 1.960728 19.058783
v 11.070900 2.261467 19.082178
v 11.056372 1.940419 19.098511
v 11.070387 2.257174 19.118389
v 11.047786 1.954495 19.133307
v 11.033115 2.243631 19.140751
v 11.019892 1.968459 19.150167
v 11.023790 2.213432 19.176296
v 11.012863 2.210430 19.183022
v 11.002249 1.994553 19.186577
v 11.202374 2.207564 20.478306
v 11.023790 2.213432 19.176296
v 11.033115 2.243631 19.140751
v 11.271939 2.260098 20.525852
v 11.070387 2.257174 19.118389
v 11.140482 2.263080 19.648685
v 11.056372 1.940419 19.098511
v 11.105100 1.944298 19.432518
v 11.154891 1.943970 19.867455
v 11.047786 1.954495 19.133307
v 11.190648 2.001677 20.482647
v 11.150206 1.939151 19.747879
v 11.233084 2.247140 20.515474
v 11.223461 1.944241 20.311066
v 11.229206 1.961621 20.524027
v 11.267143 1.946316 20.554199
v 11.233084 2.247140 20.515474
v 11.229206 1.961621 20.524027
v 11.284698 2.268648 20.555138
v 11.271939 2.260098 20.525852
v 11.267143 1.946316 20.554199
v 11.253183 2.254068 20.598106
v 11.243134 1.963644 20.594255
v 11.415677 2.213896 21.915134
v 11.253183 2.254068 20.598106
v 11.227036 2.215238 20.647465
v 11.354616 2.267742 21.028042
v 11.284698 2.268648 20.555138
v 11.301387 1.944388 20.792023
v 11.243134 1.963644 20.594255
v 11.267143 1.946316 20.554199
v 11.214672 2.004315 20.649832
v 11.295170 1.948853 20.824810
v 11.460209 1.962449 21.961216
v 11.350949 1.950662 21.220758
v 11.377857 2.268658 21.260975
v 11.443163 2.249934 21.954338
v 11.476170 2.260976 21.963533
v 11.434166 1.972819 21.949688
v 11.494793 2.271495 21.971539
v 11.502254 2.217912 22.516476
v 11.455038 2.248860 22.035385
v 11.438589 2.214395 22.080742
v 11.382541 1.948031 21.355259
v 11.479517 1.948350 21.998150
v 11.401901 2.003524 21.916466
v 11.434166 1.972819 21.949688
v 11.443163 2.249934 21.954338
v 11.460209 1.962449 21.961216
v 11.494793 2.271495 21.971539
v 11.476170 2.260976 21.963533
v 11.479517 1.948350 21.998150
v 11.499453 2.270009 22.007893
v 11.455038 2.248860 22.035385
v 11.424786 1.994025 22.056683
v 11.570105 2.268092 22.507347
v 11.499453 2.270009 22.007893
v 11.490580 1.992207 22.517181
v 11.479517 1.948350 21.998150
v 11.554283 1.946114 22.509819
v 11.144619 1.905465 19.737778
v 10.979986 1.912842 18.582020
v 10.934834 1.889530 18.588905
v 10.983422 1.946955 18.581705
v 11.056372 1.940419 19.098511
v 10.956958 1.594502 18.585686
v 10.951764 1.557278 18.586189
v 11.113790 1.560716 19.748997
v 10.951764 1.557278 18.586189
v 10.908152 1.538245 18.593584
v 11.073200 1.545760 19.730618
v 11.118580 1.603992 19.742325
v 10.914400 1.618643 18.591423
v 10.912039 1.855563 18.592636
v 10.896139 1.654641 18.594316
v 10.977539 1.648257 19.137634
v 11.094317 1.881491 19.725960
v 11.105100 1.944298 19.432518
v 11.113790 1.560716 19.748997
v 11.052975 1.655754 19.693335
v 11.043091 1.503023 19.692326
v 10.888866 1.503513 18.595612
v 11.150206 1.939151 19.747879
v 11.068699 1.855497 19.696342
v 11.086862 1.618816 19.733372
v 11.086862 1.618816 19.733372
v 11.094317 1.881491 19.725960
v 11.118580 1.603992 19.742325
v 11.144619 1.905465 19.737778
v 10.891423 1.266122 18.595432
v 10.932980 1.238618 18.589008
v 11.081529 1.255935 19.728428
v 11.045364 1.188627 19.726414
v 10.928711 1.206684 18.589619
v 10.875124 1.170884 18.598927
v 11.092304 1.243258 19.748375
v 11.089024 1.206608 19.745478
v 10.982940 1.154046 19.334248
v 10.888113 1.143566 18.779388
v 10.849268 0.937938 18.601681
v 10.908504 0.851270 18.592932
v 11.066971 0.894015 19.743664
v 10.905752 0.888047 18.592997
v 10.928119 0.941558 19.170067
v 10.885893 0.495365 18.595667
v 10.975855 0.519618 19.194078
v 10.865475 0.534573 18.599375
v 10.949100 0.491125 19.015549
v 10.953292 0.465503 19.312334
v 10.989388 0.473265 19.350529
v 10.847459 0.474995 18.601742
v 11.032228 0.538061 19.755634
v 10.991520 0.566587 19.729755
v 11.019928 0.831857 19.730476
v 10.863509 0.827750 18.599052
v 10.836571 0.791094 18.602726
v 10.920717 0.796818 19.184250
v 10.904469 0.583357 19.166752
v 10.825045 0.577766 18.605093
v 10.791953 0.371009 18.609831
v 10.955364 0.370666 19.744267
v 10.834720 0.393319 18.603312
v 10.782665 0.231719 18.611061
v 10.992544 0.383735 19.738960
v 10.832060 0.213717 19.145353
v 10.753422 0.214137 18.614944
v 10.931246 0.117411 19.771500
v 10.752993 -0.000234 18.614733
v 11.028627 1.292248 19.694199
v 10.872909 1.295127 18.597950
v 10.942013 1.151154 19.114708
v 11.049911 1.276189 19.725533
v 11.018027 1.137253 19.688438
v 11.031128 0.914903 19.726585
v 10.872940 0.905151 18.597975
v 10.937866 1.071705 19.184233
v 11.065240 0.851544 19.753794
v 10.864504 0.234361 19.178783
v 10.950294 0.249934 19.749660
v 10.930815 0.234758 19.762520
v 11.049911 1.276189 19.725533
v 11.073200 1.545760 19.730618
v 11.092304 1.243258 19.748375
v 11.113790 1.560716 19.748997
v 11.081529 1.255935 19.728428
v 11.003189 0.947416 19.694828
v 11.045364 1.188627 19.726414
v 11.066971 0.894015 19.743664
v 11.089024 1.206608 19.745478
v 11.054024 0.515960 19.747883
v 11.018152 0.457029 19.741808
v 11.053375 0.475743 19.740643
v 11.032228 0.538061 19.755634
v 11.065240 0.851544 19.753794
v 11.019928 0.831857 19.730476
v 10.992783 0.808082 19.703091
v 10.982212 0.654105 19.707575
v 10.918277 0.000614 19.742493
v 11.515070 1.898019 22.516148
v 11.376834 1.914226 21.360126
v 11.334179 1.885879 21.392534
v 11.479517 1.948350 21.998150
v 11.382541 1.948031 21.355259
v 11.334179 1.885879 21.392534
v 11.376834 1.914226 21.360126
v 11.346592 1.607817 21.355614
v 11.305696 1.650305 21.421392
v 11.294901 1.508537 21.420074
v 11.312510 1.546706 21.380398
v 11.287668 1.278128 21.379360
v 11.352365 1.567764 21.348316
v 11.527525 1.599488 22.513508
v 11.346592 1.607817 21.355614
v 11.469116 1.654197 22.521870
v 11.484885 1.858162 22.519207
v 11.322695 1.862779 21.436035
v 11.551216 1.912387 22.510344
v 11.521761 1.557391 22.514668
v 11.491327 1.619389 22.515852
v 11.342604 1.554250 21.358667
v 11.312510 1.546706 21.380398
v 11.481188 1.541723 22.520555
v 11.460211 1.503887 22.523264
v 11.554283 1.946114 22.509819
v 11.272229 0.906881 21.353115
v 11.322527 1.207802 21.350620
v 11.300653 1.120091 21.340130
v 11.342604 1.554250 21.358667
v 11.318073 1.255491 21.345985
v 11.288156 1.187716 21.377794
v 11.279068 1.303001 21.419689
v 11.499856 1.208448 22.517702
v 11.330934 1.237370 21.341839
v 11.322527 1.207802 21.350620
v 11.445862 1.297552 22.524734
v 11.287668 1.278128 21.379360
v 11.253033 0.948237 21.421993
v 11.268338 1.158384 21.423267
v 11.360945 0.847989 21.686491
v 11.305383 0.892797 21.342144
v 11.297131 0.839214 21.341381
v 11.247696 0.786964 21.348364
v 11.358227 0.803522 21.962385
v 11.289029 0.795451 21.653656
v 11.421032 0.943089 22.528099
v 11.354601 1.149386 21.950687
v 11.247382 0.487241 21.400394
v 11.281893 0.501004 21.381832
v 11.240738 0.440827 21.379757
v 11.422201 0.477742 22.526394
v 11.283181 0.532240 21.365238
v 11.457199 0.490121 22.523842
v 11.218739 0.602918 21.371046
v 11.249020 0.552464 21.373049
v 11.262558 0.579961 21.624939
v 11.306177 0.669103 21.929434
v 11.397056 0.580854 22.532410
v 11.145162 0.213761 21.394709
v 11.162510 0.251601 21.390301
v 11.142576 0.209079 21.375240
v 11.185461 0.367594 21.387150
v 11.295256 0.370978 22.065620
v 11.228429 0.408697 21.382263
v 11.222296 0.247230 21.692245
v 11.288156 1.187716 21.377794
v 11.444229 1.169668 22.524578
v 11.504070 1.241592 22.517063
v 11.466532 1.261986 22.522316
v 11.318073 1.255491 21.345985
v 11.272229 0.906881 21.353115
v 11.441028 0.908722 22.524506
v 11.422302 0.847403 22.157982
v 11.360880 0.797708 22.174038
v 11.457240 0.525694 22.523895
v 11.412825 0.547127 22.530376
v 11.400992 0.702294 22.532471
v 11.325968 0.215082 22.542206
v 11.324787 -0.000070 22.543476
v 11.146057 0.094757 21.398174
v 11.409948 0.397062 22.530783
v 11.362819 0.370595 22.537518
v 11.160706 0.000371 21.411362
v 11.480352 0.884278 22.520571
v 11.471478 0.845125 22.522074
v 11.415718 0.812151 22.528965
v 11.351387 0.235660 22.540356
v 11.720716 1.860502 20.791435
v 11.729401 1.833980 20.828773
v 11.783937 1.832457 21.201412
v 11.664421 1.875926 20.778690
v 11.734125 1.905201 21.282980
v 11.655903 1.905593 20.755173
v 11.734726 1.865427 21.250664
v 11.674835 1.860626 20.798073
v 11.785683 1.860499 21.237991
v 11.760506 1.826815 20.828560
v 11.813309 1.826815 21.191490
v 11.766639 0.805904 21.223503
v 11.712406 0.812984 20.788788
v 11.663250 0.787836 20.795559
v 11.720369 0.784913 21.253384
v 11.651356 0.787000 20.776470
v 11.645181 0.740717 20.750341
v 11.721379 0.742530 21.282692
v 11.726326 0.787858 21.228363
v 11.772149 0.851484 21.185091
v 11.729681 0.849955 20.824829
v 11.759977 0.856876 20.825760
v 11.801764 0.856876 21.176952
v 11.634341 1.860499 20.197803
v 11.578458 1.832292 19.787439
v 11.632706 1.834018 20.161114
v 11.512391 1.875873 19.738411
v 11.582634 1.867914 20.211197
v 11.579584 1.907415 20.239361
v 11.504721 1.908701 19.714134
v 11.523338 1.860555 19.757904
v 11.568977 1.860501 19.751324
v 11.661983 1.826815 20.151325
v 11.609168 1.826814 19.788383
v 11.559553 0.810007 19.748396
v 11.608540 0.864665 19.786083
v 11.576897 0.880827 19.785549
v 11.569080 0.781730 20.212736
v 11.499544 0.783689 19.736774
v 11.492913 0.741652 19.713394
v 11.621537 0.857511 20.145504
v 11.650532 0.866635 20.136921
v 11.511966 0.787793 19.755711
v 11.574965 0.787799 20.188057
v 11.616347 0.813381 20.182611
v 11.567666 0.740840 20.235596
v 11.031073 2.971706 18.608215
v 11.034184 3.000252 18.574314
v 11.014821 2.627074 18.577337
v 11.012299 2.655652 18.609335
v 11.001259 2.960301 18.636156
v 10.979743 2.672403 18.640369
v 10.981295 2.923912 18.694836
v 10.967463 2.702307 18.690693
v 11.236368 2.911642 20.481068
v 11.299105 2.956746 20.532019
v 11.031073 2.971706 18.608215
v 11.001259 2.960301 18.636156
v 11.316314 3.000349 20.532562
v 11.034184 3.000252 18.574314
v 11.318234 2.972190 20.559155
v 11.300606 2.646249 20.547688
v 11.014821 2.627074 18.577337
v 11.104652 2.617588 19.177515
v 10.979743 2.672403 18.640369
v 11.012299 2.655652 18.609335
v 11.252695 2.672384 20.519421
v 11.270515 2.953463 20.525063
v 11.199276 2.619025 19.835711
v 11.284390 2.659900 20.532846
v 11.226450 2.704942 20.481970
v 11.300606 2.646249 20.547688
v 11.284390 2.659900 20.532846
v 11.299105 2.956746 20.532019
v 11.270515 2.953463 20.525063
v 11.302965 2.622099 20.558851
v 11.252695 2.672384 20.519421
v 11.318234 2.972190 20.559155
v 11.300606 2.646249 20.547688
v 11.267455 2.671839 20.617596
v 11.281116 2.950765 20.625423
v 11.310602 2.961566 20.599949
v 11.298143 2.658128 20.595833
v 11.256166 2.704531 20.663111
v 11.264488 2.911898 20.666174
v 11.386901 2.707382 21.579775
v 11.585197 2.969041 22.471027
v 11.318234 2.972190 20.559155
v 11.310602 2.961566 20.599949
v 11.281116 2.950765 20.625423
v 11.317932 3.000268 20.532173
v 11.605871 3.000275 22.502199
v 11.403999 2.629443 21.266544
v 11.300606 2.646249 20.547688
v 11.304678 2.622311 20.558559
v 11.405088 2.621381 21.309235
v 11.420290 2.634946 21.350754
v 11.267455 2.671839 20.617596
v 11.298143 2.658128 20.595833
v 11.556488 2.670588 22.467285
v 11.553066 2.957844 22.459011
v 11.474155 2.652816 21.730358
v 11.579240 2.654343 22.480961
v 11.523643 2.919296 22.423824
v 11.600768 2.978978 22.479866
v 11.514097 2.711174 22.421177
v 11.556488 2.670588 22.467285
v 11.553066 2.957844 22.459011
v 11.579240 2.654343 22.480961
v 11.585197 2.969041 22.471027
v 11.585318 2.628712 22.505932
v 11.605871 3.000275 22.502199
v 11.600768 2.978978 22.479866
v 11.014821 2.627074 18.577337
v 11.502048 2.632385 21.936831
v 11.585318 2.628712 22.505932
v 11.467567 2.621939 21.641718
v 11.219693 1.907800 20.313778
v 11.202471 1.603623 20.315670
v 11.186888 1.890749 20.343185
v 11.267143 1.946316 20.554199
v 11.223461 1.944241 20.311066
v 11.219693 1.907800 20.313778
v 11.261028 1.897193 20.774761
v 11.155611 1.637530 20.361973
v 11.167587 1.841106 20.389357
v 11.266937 1.605817 20.788727
v 11.202471 1.603623 20.315670
v 11.198843 1.562591 20.317614
v 11.207174 1.648453 20.750538
v 11.222383 1.855092 20.735146
v 11.223949 1.549148 20.769264
v 11.146627 1.521813 20.372141
v 11.198843 1.562591 20.317614
v 11.180698 1.228125 20.312193
v 11.149495 1.265412 20.337360
v 11.122681 1.177776 20.364487
v 11.177610 1.206641 20.317692
v 11.101233 0.930748 20.361694
v 11.180698 1.228125 20.312193
v 11.250385 1.244222 20.788633
v 11.149495 1.265412 20.337360
v 11.129644 1.305074 20.387592
v 11.188326 1.290061 20.748198
v 11.151720 0.892590 20.312672
v 11.083727 0.804642 20.328333
v 11.150821 0.854109 20.314116
v 11.076473 0.767227 20.326221
v 11.169621 0.838976 20.767504
v 11.223996 0.865323 20.787361
v 11.151720 0.892590 20.312672
v 11.175074 1.169574 20.752436
v 11.220293 0.898326 20.783514
v 11.158312 0.933347 20.743271
v 11.152582 0.488713 20.768618
v 11.128982 0.515213 20.311966
v 11.088955 0.488546 20.317577
v 11.197981 0.517671 20.787363
v 11.091188 0.542102 20.325924
v 11.156697 0.547480 20.773417
v 11.062681 0.599632 20.325737
v 11.074434 0.426108 20.330936
v 11.142721 0.803027 20.732059
v 10.998464 0.063939 20.383633
v 11.055445 0.216419 20.801809
v 10.994055 0.215444 20.355282
v 11.022135 0.255147 20.355129
v 11.102539 0.390802 20.795212
v 11.021429 0.387818 20.350718
v 11.079791 0.245843 20.791800
v 11.149294 0.435891 20.797218
v 11.014940 0.000256 20.410194
v 11.064860 0.000273 20.752804
v 11.057076 0.068419 20.800606
v 11.301387 1.944388 20.792023
v 11.291506 1.906919 20.791370
v 11.262133 1.562893 20.786875
v 11.261028 1.897193 20.774761
v 11.266937 1.605817 20.788727
v 11.291506 1.906919 20.791370
v 11.193893 1.506870 20.734497
v 11.239617 1.253074 20.784113
v 11.240267 1.207785 20.783455
v 11.177610 1.206641 20.317692
v 11.223949 1.549148 20.769264
v 11.239617 1.253074 20.784113
v 11.262133 1.562893 20.786875
v 11.220293 0.898326 20.783514
v 11.240267 1.207785 20.783455
v 11.201181 0.703810 20.774122
v 11.223996 0.865323 20.787361
v 11.169621 0.838976 20.767504
v 11.196001 0.634922 20.783249
v 11.134696 0.597357 20.735180
v 11.086662 0.330622 20.792336
v 11.295170 1.948853 20.824810
v 11.544195 1.917668 20.767727
v 11.655903 1.905593 20.755173
v 11.301387 1.944388 20.792023
v 11.350949 1.950662 21.220758
v 11.734125 1.905201 21.282980
v 11.382541 1.948031 21.355259
v 11.376834 1.914226 21.360126
v 11.352365 1.567764 21.348316
v 11.672810 1.135073 21.281952
v 11.346592 1.607817 21.355614
v 11.318073 1.255491 21.345985
v 11.342604 1.554250 21.358667
v 11.721379 0.742530 21.282692
v 11.631073 0.678171 21.285648
v 11.544404 0.645082 21.306705
v 11.409237 1.080443 21.326221
v 11.330934 1.237370 21.341839
v 11.322527 1.207802 21.350620
v 11.300653 1.120091 21.340130
v 11.297131 0.839214 21.341381
v 11.305383 0.892797 21.342144
v 11.272229 0.906881 21.353115
v 11.415365 0.547062 21.318211
v 11.306713 0.480818 21.348335
v 11.415365 0.547062 21.318211
v 11.292887 0.560450 21.350323
v 11.247696 0.786964 21.348364
v 11.249020 0.552464 21.373049
v 11.283181 0.532240 21.365238
v 11.281893 0.501004 21.381832
v 11.218739 0.602918 21.371046
v 11.240738 0.440827 21.379757
v 11.150206 1.939151 19.747879
v 11.504721 1.908701 19.714134
v 11.579584 1.907415 20.239361
v 11.223461 1.944241 20.311066
v 11.154891 1.943970 19.867455
v 11.113790 1.560716 19.748997
v 11.118580 1.603992 19.742325
v 11.144619 1.905465 19.737778
v 11.480437 1.913329 20.264292
v 11.066971 0.894015 19.743664
v 11.200489 1.047852 19.742077
v 11.090897 1.227926 19.747202
v 11.200853 0.555371 19.732620
v 11.032228 0.538061 19.755634
v 11.054024 0.515960 19.747883
v 11.053375 0.475743 19.740643
v 11.496406 0.988850 19.710445
v 11.382575 0.667326 19.721748
v 11.492913 0.741652 19.713394
v 11.065240 0.851544 19.753794
v 11.283165 2.500252 18.538082
v 11.034184 3.000252 18.574314
v 11.283170 3.000252 18.538082
v 11.014821 2.627074 18.577337
v 10.753422 0.214137 18.614944
v 11.282438 0.000258 18.538185
v 10.752993 -0.000234 18.614733
v 10.782665 0.231719 18.611061
v 10.791953 0.371009 18.609831
v 10.834720 0.393319 18.603312
v 10.834720 0.393319 18.603312
v 11.282768 0.833588 18.538136
v 11.282438 0.000258 18.538185
v 11.002581 2.609838 18.579489
v 10.885893 0.495365 18.595667
v 10.834720 0.393319 18.603312
v 10.847459 0.474995 18.601742
v 11.282768 0.833588 18.538136
v 10.865475 0.534573 18.599375
v 10.825045 0.577766 18.605093
v 10.836571 0.791094 18.602726
v 10.863509 0.827750 18.599052
v 10.908504 0.851270 18.592932
v 10.905752 0.888047 18.592997
v 11.282887 1.333587 18.538120
v 10.872940 0.905151 18.597975
v 10.849268 0.937938 18.601681
v 10.875124 1.170884 18.598927
v 10.928711 1.206684 18.589619
v 10.932980 1.238618 18.589008
v 11.283001 1.833586 18.538105
v 10.891423 1.266122 18.595432
v 10.872909 1.295127 18.597950
v 10.888866 1.503513 18.595612
v 10.972349 2.605499 18.583544
v 10.948013 2.567518 18.586288
v 10.938992 2.352056 18.589001
v 11.000002 2.304678 18.579300
v 10.999220 2.271361 18.579540
v 10.951764 1.557278 18.586189
v 10.908152 1.538245 18.593584
v 10.956958 1.594502 18.585686
v 10.914400 1.618643 18.591423
v 10.896139 1.654641 18.594316
v 10.913220 1.856605 18.592461
v 10.934834 1.889530 18.588905
v 10.979986 1.912842 18.582020
v 10.983422 1.946955 18.581705
v 10.919874 1.991473 18.592960
v 10.936413 2.223077 18.593155
v 11.306771 0.161948 18.699450
v 11.282550 0.000258 18.538168
v 11.306813 2.838786 18.699444
v 11.283247 3.000252 18.538071
v 11.605871 3.000275 22.502199
v 11.853954 2.500253 22.466194
v 11.854173 3.000252 22.466164
v 11.585318 2.628712 22.505932
v 11.853023 0.000265 22.466320
v 11.326811 0.214092 22.542068
v 11.324787 -0.000070 22.543476
v 11.351387 0.235660 22.540356
v 11.362819 0.370595 22.537518
v 11.409948 0.397062 22.530783
v 11.853312 0.833588 22.466290
v 11.551722 2.608858 22.509899
v 11.457199 0.490121 22.523842
v 11.422201 0.477742 22.526394
v 11.457240 0.525694 22.523895
v 11.412825 0.547127 22.530376
v 11.397056 0.580854 22.532410
v 11.400992 0.702294 22.532471
v 11.415718 0.812151 22.528965
v 11.523390 2.566990 22.512409
v 11.508993 2.360119 22.516630
v 11.530367 2.326410 22.513222
v 11.569283 2.306953 22.507618
v 11.853653 1.750253 22.466240
v 11.570105 2.268092 22.507347
v 11.480352 0.884278 22.520571
v 11.499856 1.208448 22.517702
v 11.421032 0.943089 22.528099
v 11.554283 1.946114 22.509819
v 11.502254 2.217912 22.516476
v 11.490580 1.992207 22.517181
v 11.484885 1.858162 22.519207
v 11.551216 1.912387 22.510344
v 11.515070 1.898019 22.516148
v 11.527525 1.599488 22.513508
v 11.469116 1.654197 22.521870
v 11.491327 1.619389 22.515852
v 11.445862 1.297552 22.524734
v 11.521761 1.557391 22.514668
v 11.460211 1.503887 22.523264
v 11.471478 0.845125 22.522074
v 11.504070 1.241592 22.517063
v 11.466532 1.261986 22.522316
v 11.481188 1.541723 22.520555
v 11.444229 1.169668 22.524578
v 11.441028 0.908722 22.524506
v 11.854155 3.000253 22.466166
v 11.853080 0.000262 22.466316
v 11.830023 2.838786 22.295601
v 11.829895 0.161949 22.295618
v 11.282438 0.000258 18.538185
v 10.964706 0.000711 20.056904
v 10.752993 -0.000234 18.614733
v 11.013601 0.000265 20.400457
v 11.282438 0.000258 18.538185
v 11.160300 0.000289 21.411425
v 11.013601 0.000265 20.400457
v 11.853023 0.000265 22.466320
v 11.160300 0.000289 21.411425
v 11.282438 0.000258 18.538185
v 11.853023 0.000265 22.466320
v 11.202548 0.000402 21.695337
v 11.324787 -0.000070 22.543476
v 11.829895 0.161949 22.295618
v 11.853023 0.000265 22.466320
v 11.282438 0.000258 18.538185
v 11.306771 0.161948 18.699450
v 11.179750 3.000263 19.589279
v 11.283170 3.000252 18.538082
v 11.034184 3.000252 18.574314
v 11.318350 3.000252 20.532070
v 11.283170 3.000252 18.538082
v 11.179750 3.000263 19.589279
v 11.371145 3.000288 20.903915
v 11.283170 3.000252 18.538082
v 11.318350 3.000252 20.532070
v 11.605871 3.000275 22.502199
v 11.283170 3.000252 18.538082
v 11.371145 3.000288 20.903915
v 11.605871 3.000275 22.502199
v 11.854173 3.000252 22.466164
v 11.283170 3.000252 18.538082
v 11.854173 3.000252 22.466164
v 11.830023 2.838786 22.295601
v 11.306813 2.838786 18.699444
v 11.321154 1.860499 16.770782
v 11.315111 0.851484 16.727732
v 11.304310 0.805904 16.757334
v 11.268929 1.865427 16.775234
v 11.251257 0.742530 16.798971
v 11.263840 1.905201 16.800577
v 11.324512 1.832457 16.741837
v 11.354980 1.826815 16.737213
v 11.263714 0.787858 16.756794
v 11.254333 0.784913 16.775822
v 11.345570 0.856876 16.724535
v 11.252342 0.787000 16.393417
v 11.259809 1.905593 16.377165
v 11.249863 0.740717 16.372208
v 11.272587 1.860626 16.412941
v 11.261465 0.787836 16.409712
v 11.311085 0.812984 16.409704
v 11.318945 1.860502 16.412685
v 11.322351 1.833980 16.442978
v 11.264973 1.875926 16.396576
v 11.353049 0.856876 16.443914
v 11.353184 1.826815 16.446175
v 11.323179 0.849955 16.439905
v 11.259151 1.875873 15.562285
v 11.247211 0.988850 15.538571
v 11.243342 0.741652 15.540512
v 11.246656 0.783689 15.559609
v 11.267279 1.860555 15.578796
v 11.304465 0.810007 15.575236
v 11.313391 1.860501 15.578556
v 11.316471 0.880827 15.606322
v 11.348033 1.826814 15.612040
v 11.317753 1.832292 15.607977
v 11.254932 1.908701 15.542371
v 11.256323 0.787793 15.575840
v 11.347731 0.864665 15.610163
v 11.262935 1.867914 15.941580
v 11.257648 1.633125 15.966721
v 11.255995 1.907415 15.963390
v 11.249298 0.781730 15.941322
v 11.244717 0.740840 15.959142
v 11.258558 0.787799 15.922556
v 11.316002 1.860499 15.936640
v 11.310597 0.857511 15.894138
v 11.300295 0.813381 15.922750
v 11.349841 1.826815 15.903088
v 11.340506 0.866635 15.890526
v 11.245805 0.896583 15.963142
v 11.319486 1.834018 15.907618
v 11.255995 1.907415 15.963390
v 11.257648 1.633125 15.966721
v 11.154345 1.913329 15.972269
v 10.980616 1.595719 15.973699
v 10.889254 1.907800 15.982975
v 10.893362 1.944241 15.981249
v 10.871936 1.603623 15.982600
v 10.868073 1.562591 15.983736
v 10.850859 1.228125 15.977512
v 11.245805 0.896583 15.963142
v 11.244717 0.740840 15.959142
v 10.897231 0.525973 15.964248
v 10.820982 0.854136 15.974892
v 10.847035 1.206641 15.981502
v 10.799677 0.515213 15.971741
v 10.732105 0.599632 15.975398
v 10.745697 0.767227 15.977270
v 10.759260 0.488546 15.971825
v 10.743021 0.426108 15.980756
v 10.760309 0.542102 15.978628
v 10.769289 0.457007 15.511724
v 10.743681 0.384616 15.506524
v 10.714067 0.423674 15.514838
v 10.706731 0.370666 15.506649
v 10.700960 0.249934 15.510343
v 10.679880 0.234758 15.518348
v 11.244717 0.740840 15.959142
v 11.243342 0.741652 15.540512
v 11.132916 0.667326 15.535149
v 10.951450 0.555371 15.524042
v 10.730449 0.431095 15.750530
v 10.897231 0.525973 15.964248
v 10.674494 0.324515 15.567808
v 10.676971 0.361709 15.816881
v 10.674528 0.243930 15.747489
v 10.677757 0.117431 15.525454
v 10.672562 0.000690 15.747679
v 10.654546 0.209245 15.749789
v 10.655525 0.378028 15.869568
v 10.670251 0.000614 15.501245
v 10.743021 0.426108 15.980756
v 10.651579 0.382123 15.977892
v 10.687864 0.255147 15.994122
v 10.660459 0.063939 16.013969
v 10.660038 0.215444 15.991203
v 10.687780 0.387818 15.990576
v 10.673079 0.000256 16.036634
v 10.851244 2.352056 14.596630
v 10.913010 2.304678 14.595602
v 10.878010 2.316600 15.568636
v 10.921625 2.610687 15.581900
v 10.927958 2.627074 14.595661
v 10.915537 2.609838 14.596028
v 10.933416 2.617588 15.077225
v 10.891403 2.601630 15.570305
v 10.885036 2.605499 14.595948
v 10.913256 2.261467 14.998623
v 10.912201 2.271361 14.595707
v 10.854269 2.352813 15.536352
v 10.866739 2.561377 15.534986
v 10.860555 2.567518 14.595473
v 10.916979 2.301929 15.585714
v 10.935547 2.619025 15.604919
v 10.903345 2.263080 15.451526
v 10.907709 2.257174 15.027037
v 10.916182 2.264127 15.554735
v 10.894552 2.605473 16.728363
v 10.913849 2.608826 15.629033
v 10.865917 2.557056 15.673654
v 10.891403 2.601630 15.570305
v 10.878010 2.316600 15.568636
v 10.916979 2.301929 15.585714
v 10.921625 2.610687 15.581900
v 10.935547 2.619025 15.604919
v 10.912846 2.301815 15.621634
v 10.912846 2.301815 15.621634
v 10.911487 2.260098 16.155354
v 10.916182 2.264127 15.554735
v 10.903345 2.263080 15.451526
v 10.913849 2.608826 15.629033
v 10.872272 2.323681 15.640568
v 10.854451 2.353401 15.670441
v 10.936544 2.621058 16.020077
v 10.935547 2.619025 15.604919
v 10.939213 2.629443 16.751953
v 10.926855 2.613622 16.739231
v 10.938793 2.622304 16.184595
v 10.912846 2.301815 15.621634
v 10.884623 2.325439 16.728004
v 10.872272 2.323681 15.640568
v 10.925775 2.303990 16.755417
v 10.920048 2.268648 16.179756
v 10.913220 2.314726 16.738966
v 10.873217 2.567597 16.695875
v 10.939716 2.625233 16.416265
v 10.872190 2.355938 16.699993
v 10.923491 2.267742 16.559109
v 10.884623 2.325439 16.728004
v 10.894552 2.605473 16.728363
v 10.914842 2.267746 16.733980
v 10.861270 2.359546 16.697140
v 10.872190 2.355938 16.699993
v 10.934351 2.621381 16.785633
v 10.939213 2.629443 16.751953
v 10.925775 2.303990 16.755417
v 10.926855 2.613622 16.739231
v 10.913220 2.314726 16.738966
v 10.896212 2.607917 16.800953
v 10.881561 2.327716 16.795906
v 10.913072 2.311717 16.782906
v 10.949965 2.621939 17.053785
v 10.943628 2.634946 16.819920
v 10.934351 2.621381 16.785633
v 10.946335 2.628712 17.745947
v 10.883403 2.567053 17.744350
v 10.896212 2.607917 16.800953
v 10.873641 2.568948 16.830570
v 10.912516 2.608858 17.745434
v 10.872630 2.355151 16.823051
v 10.861428 2.357715 16.824043
v 10.869266 2.360119 17.746103
v 10.930338 2.270064 17.344578
v 10.914842 2.267746 16.733980
v 10.918640 2.270523 16.920570
v 10.890905 2.326410 17.745737
v 10.872630 2.355151 16.823051
v 10.881561 2.327716 16.795906
v 10.925775 2.303990 16.755417
v 10.930222 2.306953 17.745539
v 10.913072 2.311717 16.782906
v 10.943053 2.632385 17.289526
v 10.931074 2.268092 17.745415
v 10.893922 1.906919 16.366217
v 11.259691 1.905521 16.378065
v 10.903616 1.944388 16.367798
v 10.866165 1.560187 16.357988
v 11.249863 0.740717 16.372208
v 11.187271 0.706384 16.363871
v 10.827627 0.865323 16.355762
v 10.853582 1.244222 16.359617
v 10.843548 1.253074 16.354898
v 10.824494 0.898326 16.352339
v 10.844282 1.207785 16.354452
v 10.800478 0.634922 16.349503
v 10.983856 0.717158 16.355761
v 10.806877 0.703810 16.342888
v 10.953203 0.556051 16.358387
v 10.801865 0.517671 16.352951
v 10.752281 0.435891 16.355434
v 10.953203 0.556051 16.358387
v 11.249863 0.740717 16.372208
v 11.187271 0.706384 16.363871
v 11.161419 0.678171 16.791531
v 10.943279 0.547062 16.793804
v 10.706260 0.390802 16.348799
v 10.690937 0.330622 16.344822
v 10.658129 0.376638 16.355099
v 10.752281 0.435891 16.355434
v 10.658707 0.216419 16.348894
v 10.668027 0.237615 16.440582
v 10.684208 0.245843 16.343658
v 10.660433 0.377433 16.496935
v 10.636676 0.300915 16.504938
v 10.674849 0.000273 16.311384
v 10.677729 0.000289 16.839502
v 10.660489 0.068419 16.348125
v 11.251257 0.742530 16.798971
v 10.831493 0.480818 16.805737
v 10.761788 0.440827 16.823305
v 10.651243 0.371638 16.818407
v 10.670378 0.240681 16.680555
v 10.665467 0.094757 16.827545
v 10.653986 0.379053 16.686495
v 10.636717 0.313970 16.791063
v 10.621449 0.350052 16.786606
v 10.665212 0.209079 16.809137
v 10.682856 0.251601 16.823135
v 10.749251 0.408697 16.823944
v 10.706021 0.367594 16.823139
v 10.665063 0.213761 16.824722
v 10.869547 2.246127 14.975508
v 10.912201 2.271361 14.595707
v 10.848112 2.223077 14.599618
v 10.913256 2.261467 14.998623
v 10.844675 2.203961 14.937798
v 10.831762 1.991473 14.597675
v 10.896257 1.946955 14.595699
v 10.861920 1.960728 14.974268
v 10.833030 1.999666 14.937922
v 10.896595 1.940419 15.009892
v 10.869547 2.246127 14.975508
v 10.861920 1.960728 14.974268
v 10.913256 2.261467 14.998623
v 10.896595 1.940419 15.009892
v 10.907709 2.257174 15.027037
v 10.883253 1.954495 15.036319
v 10.867689 2.243631 15.040585
v 10.853284 1.968459 15.046559
v 10.853510 2.213432 15.067521
v 10.841753 2.210430 15.071628
v 10.830748 1.994553 15.073275
v 10.849213 2.207564 16.110451
v 10.853510 2.213432 15.067521
v 10.867689 2.243631 15.040585
v 10.911487 2.260098 16.155354
v 10.907709 2.257174 15.027037
v 10.903345 2.263080 15.451526
v 10.896595 1.940419 15.009892
v 10.898381 1.944298 15.277752
v 10.887177 1.943970 15.625075
v 10.883253 1.954495 15.036319
v 10.836999 2.001685 16.112595
v 10.899174 1.939151 15.530562
v 10.874453 2.247140 16.142994
v 10.893362 1.944241 15.981249
v 10.869423 1.961621 16.149300
v 10.902792 1.946316 16.177122
v 10.874453 2.247140 16.142994
v 10.869423 1.961621 16.149300
v 10.920048 2.268648 16.179756
v 10.911487 2.260098 16.155354
v 10.902792 1.946316 16.177122
v 10.882862 2.254068 16.210131
v 10.873445 1.963644 16.206017
v 10.860541 2.213896 17.263126
v 10.882862 2.254068 16.210131
v 10.850101 2.215238 16.246109
v 10.923491 2.267742 16.559109
v 10.920048 2.268648 16.179756
v 10.903616 1.944388 16.367798
v 10.873445 1.963644 16.206017
v 10.902792 1.946316 16.177122
v 10.837528 2.004315 16.246632
v 10.892899 1.948853 16.392902
v 10.898229 1.962449 17.304173
v 10.893048 1.950662 16.710220
v 10.914101 2.268658 16.744738
v 10.882305 2.249934 17.296921
v 10.913712 2.260976 17.307720
v 10.874043 1.972819 17.292292
v 10.931040 2.271495 17.316027
v 10.862614 2.217912 17.745253
v 10.882790 2.248860 17.361923
v 10.860190 2.214395 17.395802
v 10.905621 1.948031 16.819380
v 10.912210 1.948350 17.335297
v 10.846714 2.003524 17.262686
v 10.874043 1.972819 17.292292
v 10.882305 2.249934 17.296921
v 10.898229 1.962449 17.304173
v 10.931040 2.271495 17.316027
v 10.913712 2.260976 17.307720
v 10.912210 1.948350 17.335297
v 10.930596 2.270009 17.345110
v 10.882790 2.248860 17.361923
v 10.849868 1.994025 17.375395
v 10.931074 2.268092 17.745415
v 10.930596 2.270009 17.345110
v 10.850954 1.992207 17.744547
v 10.912210 1.948350 17.335297
v 10.915064 1.946114 17.745647
v 10.895046 1.905465 15.522016
v 10.892811 1.912842 14.595575
v 10.847140 1.889530 14.596107
v 10.896257 1.946955 14.595699
v 10.896595 1.940419 15.009892
v 10.869497 1.594502 14.595966
v 10.864283 1.557278 14.595802
v 10.862955 1.560716 15.527501
v 10.864283 1.557278 14.595802
v 10.820066 1.538245 14.596898
v 10.825318 1.545760 15.508663
v 10.868628 1.603992 15.522775
v 10.826555 1.618643 14.595876
v 10.824046 1.855558 14.596572
v 10.808069 1.654641 14.596175
v 10.813087 1.648257 15.032124
v 10.846878 1.881491 15.507285
v 10.898381 1.944298 15.277752
v 10.862955 1.560716 15.527501
v 10.810476 1.655754 15.477163
v 10.800830 1.503023 15.475302
v 10.800687 1.503513 14.596408
v 10.899174 1.939151 15.530562
v 10.825630 1.855497 15.481229
v 10.838463 1.618816 15.512305
v 10.838463 1.618816 15.512305
v 10.846878 1.881491 15.507285
v 10.868628 1.603992 15.522775
v 10.895046 1.905465 15.522016
v 10.803244 1.266122 14.596542
v 10.845289 1.238618 14.595986
v 10.833870 1.255935 15.507841
v 10.798340 1.188627 15.502348
v 10.840977 1.206684 14.596004
v 10.786615 1.170884 14.597528
v 10.841766 1.243258 15.524690
v 10.838921 1.206608 15.522057
v 10.791081 1.154046 15.187283
v 10.774372 1.143566 14.740807
v 10.760630 0.937938 14.596897
v 10.820507 0.851270 14.596424
v 10.817335 0.894015 15.518246
v 10.817772 0.888047 14.596177
v 10.759636 0.941558 15.052279
v 10.797733 0.495365 14.596128
v 10.803566 0.519618 15.076318
v 10.776999 0.534573 14.596836
v 10.801910 0.491125 14.933068
v 10.764771 0.465503 15.166848
v 10.795201 0.473265 15.200779
v 10.758829 0.474995 14.596749
v 10.781265 0.538061 15.523899
v 10.744555 0.566587 15.499152
v 10.772585 0.831857 15.502790
v 10.775098 0.827750 14.596371
v 10.747910 0.791094 14.596345
v 10.750333 0.796818 15.062628
v 10.736677 0.583357 15.047115
v 10.736166 0.577766 14.596958
v 10.702738 0.371009 14.597106
v 10.706731 0.370666 15.506649
v 10.745996 0.393319 14.596604
v 10.693371 0.231719 14.597068
v 10.744263 0.383696 15.506498
v 10.667950 0.213717 15.022461
v 10.663870 0.214137 14.596958
v 10.679058 0.117442 15.525454
v 10.663475 -0.000234 14.596746
v 10.786245 1.292248 15.475211
v 10.784559 1.295127 14.596519
v 10.781097 1.151154 15.010260
v 10.802963 1.276189 15.502147
v 10.776551 1.137253 15.469535
v 10.784216 0.914903 15.500942
v 10.784586 0.905151 14.596543
v 10.767319 1.071705 15.064469
v 10.814212 0.851544 15.526022
v 10.695427 0.234361 15.052252
v 10.700960 0.249934 15.510343
v 10.679880 0.234758 15.518348
v 10.802963 1.276189 15.502147
v 10.825318 1.545760 15.508663
v 10.841766 1.243258 15.524690
v 10.862955 1.560716 15.527501
v 10.833870 1.255935 15.507841
v 10.760967 0.947416 15.472955
v 10.798340 1.188627 15.502348
v 10.817335 0.894015 15.518246
v 10.838921 1.206608 15.522057
v 10.803926 0.515960 15.520163
v 10.769249 0.457029 15.511507
v 10.804292 0.475743 15.514400
v 10.781265 0.538061 15.523899
v 10.814212 0.851544 15.526022
v 10.772585 0.831857 15.502790
v 10.749514 0.808082 15.478325
v 10.738421 0.654105 15.480707
v 10.670251 0.000614 15.501245
v 10.875351 1.898019 17.746382
v 10.899292 1.914226 16.822590
v 10.852543 1.885879 16.843456
v 10.912210 1.948350 17.335297
v 10.905621 1.948031 16.819380
v 10.852543 1.885879 16.843456
v 10.899292 1.914226 16.822590
v 10.869970 1.607817 16.815771
v 10.820322 1.650305 16.863062
v 10.809815 1.508537 16.860859
v 10.832773 1.546706 16.831572
v 10.808317 1.278128 16.828068
v 10.876704 1.567764 16.810659
v 10.888052 1.599488 17.745653
v 10.869970 1.607817 16.815771
v 10.829048 1.654197 17.745911
v 10.845035 1.858162 17.745523
v 10.835118 1.862779 16.876413
v 10.911953 1.912387 17.745728
v 10.882182 1.557391 17.745941
v 10.851879 1.619389 17.743582
v 10.865598 1.554250 16.817741
v 10.832773 1.546706 16.831572
v 10.841185 1.541723 17.746183
v 10.820034 1.503887 17.746044
v 10.915064 1.946114 17.745647
v 10.796680 0.906881 16.805767
v 10.846836 1.207802 16.809242
v 10.826633 1.120091 16.798630
v 10.865598 1.554250 16.817741
v 10.843071 1.255491 16.805119
v 10.809019 1.187716 16.826891
v 10.794190 1.303001 16.858843
v 10.860068 1.208448 17.745958
v 10.856382 1.237370 16.803247
v 10.846836 1.207802 16.809242
v 10.805622 1.297552 17.745649
v 10.808317 1.278128 16.828068
v 10.768087 0.948237 16.857838
v 10.783068 1.158384 16.860497
v 10.838152 0.847989 17.077454
v 10.831038 0.892797 16.800726
v 10.822971 0.839214 16.799232
v 10.773046 0.786964 16.799377
v 10.797076 0.803522 17.294062
v 10.771503 0.795451 17.043861
v 10.780565 0.943089 17.745607
v 10.795113 1.149386 17.284473
v 10.765497 0.487241 16.840248
v 10.802256 0.501004 16.829388
v 10.761788 0.440827 16.823305
v 10.781961 0.477742 17.744396
v 10.805840 0.532240 16.816481
v 10.816973 0.490121 17.746172
v 10.741217 0.602918 16.814077
v 10.770924 0.552464 16.818926
v 10.749287 0.579961 17.018421
v 10.750118 0.669103 17.262527
v 10.756223 0.580854 17.746403
v 10.665063 0.213761 16.824722
v 10.682856 0.251601 16.823135
v 10.665212 0.209079 16.809137
v 10.706021 0.367594 16.823139
v 10.720356 0.370978 17.368412
v 10.749251 0.408697 16.823944
v 10.700050 0.247230 17.066984
v 10.809019 1.187716 16.826891
v 10.804026 1.169668 17.745348
v 10.864330 1.241592 17.745911
v 10.826427 1.261986 17.745983
v 10.843071 1.255491 16.805119
v 10.796680 0.906881 16.805767
v 10.800866 0.908722 17.744947
v 10.833315 0.847403 17.454748
v 10.770258 0.797708 17.460747
v 10.817005 0.525694 17.746220
v 10.772121 0.547127 17.746511
v 10.760113 0.702294 17.746878
v 10.684466 0.215086 17.746426
v 10.683119 -0.000070 17.747292
v 10.665467 0.094757 16.827545
v 10.769217 0.397062 17.746519
v 10.721608 0.370595 17.746719
v 10.678139 0.000371 16.839495
v 10.840357 0.884278 17.746105
v 10.831360 0.845125 17.746326
v 10.775182 0.812151 17.745712
v 10.709892 0.235660 17.747711
v 11.318945 1.860502 16.412685
v 11.322351 1.833980 16.442978
v 11.324512 1.832457 16.741837
v 11.264973 1.875926 16.396576
v 11.263840 1.905201 16.800577
v 11.259809 1.905593 16.377165
v 11.268929 1.865427 16.775234
v 11.272587 1.860626 16.412941
v 11.321154 1.860499 16.770782
v 11.353184 1.826815 16.446175
v 11.354980 1.826815 16.737213
v 11.304310 0.805904 16.757334
v 11.311085 0.812984 16.409704
v 11.261465 0.787836 16.409712
v 11.254333 0.784913 16.775822
v 11.252342 0.787000 16.393417
v 11.249863 0.740717 16.372208
v 11.251257 0.742530 16.798971
v 11.263714 0.787858 16.756794
v 11.315111 0.851484 16.727732
v 11.323179 0.849955 16.439905
v 11.353049 0.856876 16.443914
v 11.345570 0.856876 16.724535
v 11.316002 1.860499 15.936640
v 11.317753 1.832292 15.607977
v 11.319486 1.834018 15.907618
v 11.259151 1.875873 15.562285
v 11.262935 1.867914 15.941580
v 11.255995 1.907415 15.963390
v 11.254932 1.908701 15.542371
v 11.267279 1.860555 15.578796
v 11.313391 1.860501 15.578556
v 11.349841 1.826815 15.903088
v 11.348033 1.826814 15.612040
v 11.304465 0.810007 15.575236
v 11.347731 0.864665 15.610163
v 11.316471 0.880827 15.606322
v 11.249298 0.781730 15.941322
v 11.246656 0.783689 15.559609
v 11.243342 0.741652 15.540512
v 11.310597 0.857511 15.894138
v 11.340506 0.866635 15.890526
v 11.256323 0.787793 15.575840
v 11.258558 0.787799 15.922556
v 11.300295 0.813381 15.922750
v 11.244717 0.740840 15.959142
v 10.939755 2.971706 14.621696
v 10.947554 3.000252 14.595379
v 10.927958 2.627074 14.595661
v 10.921007 2.655652 14.620545
v 10.906345 2.960301 14.640437
v 10.884452 2.672403 14.641422
v 10.878410 2.923912 14.684410
v 10.865290 2.702307 14.679659
v 10.882492 2.911642 16.116299
v 10.937531 2.956746 16.163139
v 10.939755 2.971706 14.621696
v 10.906345 2.960301 14.640437
v 10.954496 3.000349 16.165432
v 10.947554 3.000252 14.595379
v 10.952698 2.972190 16.186543
v 10.936836 2.646249 16.175621
v 10.927958 2.627074 14.595661
v 10.933416 2.617588 15.077225
v 10.884452 2.672403 14.641422
v 10.921007 2.655652 14.620545
v 10.893324 2.672384 16.148216
v 10.910186 2.953463 16.154581
v 10.935547 2.619025 15.604919
v 10.922844 2.659900 16.162201
v 10.872544 2.704942 16.115936
v 10.936836 2.646249 16.175621
v 10.922844 2.659900 16.162201
v 10.937531 2.956746 16.163139
v 10.910186 2.953463 16.154581
v 10.937620 2.622099 16.184654
v 10.893324 2.672384 16.148216
v 10.952698 2.972190 16.186543
v 10.936836 2.646249 16.175621
v 10.894281 2.671839 16.226997
v 10.906721 2.950765 16.234627
v 10.939465 2.961566 16.217791
v 10.927699 2.658128 16.213205
v 10.876771 2.704531 16.261559
v 10.884586 2.911898 16.264866
v 10.878702 2.707382 16.996363
v 10.951072 2.969041 17.718494
v 10.952698 2.972190 16.186543
v 10.939465 2.961566 16.217791
v 10.906721 2.950765 16.234627
v 10.956152 3.000268 16.165297
v 10.967209 3.000275 17.745235
v 10.939213 2.629443 16.751953
v 10.936836 2.646249 16.175621
v 10.939356 2.622311 16.184607
v 10.934351 2.621381 16.785633
v 10.943628 2.634946 16.819920
v 10.894281 2.671839 16.226997
v 10.927699 2.658128 16.213205
v 10.923164 2.670588 17.712446
v 10.920927 2.957844 17.705572
v 10.944158 2.652816 17.124184
v 10.943790 2.654343 17.725658
v 10.896685 2.919296 17.674725
v 10.965262 2.978978 17.727127
v 10.887600 2.711174 17.671612
v 10.923164 2.670588 17.712446
v 10.920927 2.957844 17.705572
v 10.943790 2.654343 17.725658
v 10.951072 2.969041 17.718494
v 10.946335 2.628712 17.745947
v 10.967209 3.000275 17.745235
v 10.965262 2.978978 17.727127
v 10.927958 2.627074 14.595661
v 10.943053 2.632385 17.289526
v 10.946335 2.628712 17.745947
v 10.949965 2.621939 17.053785
v 10.889254 1.907800 15.982975
v 10.871936 1.603623 15.982600
v 10.852676 1.890749 16.002548
v 10.902792 1.946316 16.177122
v 10.893362 1.944241 15.981249
v 10.889254 1.907800 15.982975
v 10.866051 1.897193 16.349861
v 10.819090 1.637530 16.013935
v 10.827139 1.841106 16.036758
v 10.869960 1.605817 16.361481
v 10.871936 1.603623 15.982600
v 10.868073 1.562591 15.983736
v 10.816092 1.648453 16.324993
v 10.833296 1.855092 16.314539
v 10.830099 1.549148 16.341530
v 10.808779 1.521813 16.020958
v 10.868073 1.562591 15.983736
v 10.850859 1.228125 15.977512
v 10.816458 1.265412 15.993924
v 10.786131 1.177776 16.012348
v 10.847035 1.206641 15.981502
v 10.765281 0.930748 16.007835
v 10.850859 1.228125 15.977512
v 10.853582 1.244222 16.359617
v 10.816458 1.265412 15.993924
v 10.789812 1.305074 16.031269
v 10.797753 1.290061 16.321117
v 10.822096 0.892590 15.974753
v 10.752586 0.804642 15.979714
v 10.821005 0.854109 15.975792
v 10.745697 0.767227 15.977270
v 10.776545 0.838976 16.334270
v 10.827627 0.865323 16.355762
v 10.822096 0.892590 15.974753
v 10.784040 1.169574 16.323015
v 10.824494 0.898326 16.352339
v 10.768717 0.933347 16.313995
v 10.759516 0.488713 16.333303
v 10.799677 0.515213 15.971741
v 10.759260 0.488546 15.971825
v 10.801865 0.517671 16.352951
v 10.760309 0.542102 15.978628
v 10.762924 0.547480 16.337523
v 10.732105 0.599632 15.975398
v 10.743021 0.426108 15.980756
v 10.754837 0.803027 16.303497
v 10.660459 0.063939 16.013969
v 10.658707 0.216419 16.348894
v 10.660038 0.215444 15.991203
v 10.687864 0.255147 15.994122
v 10.706260 0.390802 16.348799
v 10.687780 0.387818 15.990576
v 10.684208 0.245843 16.343658
v 10.752281 0.435891 16.355434
v 10.673079 0.000256 16.036634
v 10.674849 0.000273 16.311384
v 10.660489 0.068419 16.348125
v 10.903616 1.944388 16.367798
v 10.893922 1.906919 16.366217
v 10.865459 1.562893 16.359505
v 10.866051 1.897193 16.349861
v 10.869960 1.605817 16.361481
v 10.893922 1.906919 16.366217
v 10.805172 1.506870 16.310947
v 10.843548 1.253074 16.354898
v 10.844282 1.207785 16.354452
v 10.847035 1.206641 15.981502
v 10.830099 1.549148 16.341530
v 10.843548 1.253074 16.354898
v 10.865459 1.562893 16.359505
v 10.824494 0.898326 16.352339
v 10.844282 1.207785 16.354452
v 10.806877 0.703810 16.342888
v 10.827627 0.865323 16.355762
v 10.776545 0.838976 16.334270
v 10.800478 0.634922 16.349503
v 10.746456 0.597357 16.305080
v 10.690937 0.330622 16.344822
v 10.892899 1.948853 16.392902
v 11.147442 1.917668 16.374956
v 11.259809 1.905593 16.377165
v 10.903616 1.944388 16.367798
v 10.893048 1.950662 16.710220
v 11.263840 1.905201 16.800577
v 10.905621 1.948031 16.819380
v 10.899292 1.914226 16.822590
v 10.876704 1.567764 16.810659
v 11.203263 1.135073 16.793139
v 10.869970 1.607817 16.815771
v 10.843071 1.255491 16.805119
v 10.865598 1.554250 16.817741
v 11.251257 0.742530 16.798971
v 11.161419 0.678171 16.791531
v 11.072663 0.645082 16.798714
v 10.936096 1.080443 16.799438
v 10.856382 1.237370 16.803247
v 10.846836 1.207802 16.809242
v 10.826633 1.120091 16.798630
v 10.822971 0.839214 16.799232
v 10.831038 0.892797 16.800726
v 10.796680 0.906881 16.805767
v 10.943279 0.547062 16.793804
v 10.831493 0.480818 16.805737
v 10.943279 0.547062 16.793804
v 10.817526 0.560450 16.805805
v 10.773046 0.786964 16.799377
v 10.770924 0.552464 16.818926
v 10.805840 0.532240 16.816481
v 10.802256 0.501004 16.829388
v 10.741217 0.602918 16.814077
v 10.761788 0.440827 16.823305
v 10.899174 1.939151 15.530562
v 11.254932 1.908701 15.542371
v 11.255995 1.907415 15.963390
v 10.893362 1.944241 15.981249
v 10.887177 1.943970 15.625075
v 10.862955 1.560716 15.527501
v 10.868628 1.603992 15.522775
v 10.895046 1.905465 15.522016
v 11.154345 1.913329 15.972269
v 10.817335 0.894015 15.518246
v 10.949775 1.047852 15.531438
v 10.840620 1.228936 15.523684
v 10.951450 0.555371 15.524042
v 10.781265 0.538061 15.523899
v 10.803926 0.515960 15.520163
v 10.804292 0.475743 15.514400
v 11.247211 0.988850 15.538571
v 11.132916 0.667326 15.535149
v 11.243342 0.741652 15.540512
v 10.814212 0.851544 15.526022
v 11.199152 2.500252 14.593819
v 10.947554 3.000252 14.595379
v 11.199156 3.000252 14.593820
v 10.927958 2.627074 14.595661
v 10.663870 0.214137 14.596958
v 11.198418 0.000258 14.593822
v 10.663475 -0.000234 14.596746
v 10.693371 0.231719 14.597068
v 10.702738 0.371009 14.597106
v 10.745996 0.393319 14.596604
v 10.745996 0.393319 14.596604
v 11.198750 0.833588 14.593820
v 11.198418 0.000258 14.593822
v 10.915537 2.609838 14.596028
v 10.797733 0.495365 14.596128
v 10.745996 0.393319 14.596604
v 10.758829 0.474995 14.596749
v 11.198750 0.833588 14.593820
v 10.776999 0.534573 14.596836
v 10.736166 0.577766 14.596958
v 10.747910 0.791094 14.596345
v 10.775098 0.827750 14.596371
v 10.820507 0.851270 14.596424
v 10.817772 0.888047 14.596177
v 11.198871 1.333587 14.593820
v 10.784586 0.905151 14.596543
v 10.760630 0.937938 14.596897
v 10.786615 1.170884 14.597528
v 10.840977 1.206684 14.596004
v 10.845289 1.238618 14.595986
v 11.198986 1.833586 14.593819
v 10.803244 1.266122 14.596542
v 10.784559 1.295127 14.596519
v 10.800687 1.503513 14.596408
v 10.885036 2.605499 14.595948
v 10.860555 2.567518 14.595473
v 10.851244 2.352056 14.596630
v 10.913010 2.304678 14.595602
v 10.912201 2.271361 14.595707
v 10.864283 1.557278 14.595802
v 10.820066 1.538245 14.596898
v 10.869497 1.594502 14.595966
v 10.826555 1.618643 14.595876
v 10.808069 1.654641 14.596175
v 10.825243 1.856605 14.596563
v 10.847140 1.889530 14.596107
v 10.892811 1.912842 14.595575
v 10.896257 1.946955 14.595699
v 10.831762 1.991473 14.597675
v 10.848112 2.223077 14.599618
v 11.200077 0.161948 14.723237
v 11.198530 0.000258 14.593821
v 11.200121 2.838786 14.723236
v 11.199235 3.000252 14.593819
v 10.967209 3.000275 17.745235
v 11.217887 2.500253 17.743759
v 11.218107 3.000252 17.743757
v 10.946335 2.628712 17.745947
v 11.216946 0.000265 17.743755
v 10.685318 0.214092 17.746403
v 10.683119 -0.000070 17.747292
v 10.709892 0.235660 17.747711
v 10.721608 0.370595 17.746719
v 10.769217 0.397062 17.746519
v 11.217237 0.833588 17.743763
v 10.912516 2.608858 17.745434
v 10.816973 0.490121 17.746172
v 10.781961 0.477742 17.744396
v 10.817005 0.525694 17.746220
v 10.772121 0.547127 17.746511
v 10.756223 0.580854 17.746403
v 10.760113 0.702294 17.746878
v 10.775182 0.812151 17.745712
v 10.884109 2.566990 17.744343
v 10.869266 2.360119 17.746103
v 10.890905 2.326410 17.745737
v 10.930222 2.306953 17.745539
v 11.217583 1.750253 17.743759
v 10.931074 2.268092 17.745415
v 10.840357 0.884278 17.746105
v 10.860068 1.208448 17.745958
v 10.780565 0.943089 17.745607
v 10.915064 1.946114 17.745647
v 10.862614 2.217912 17.745253
v 10.850954 1.992207 17.744547
v 10.845035 1.858162 17.745523
v 10.911953 1.912387 17.745728
v 10.875351 1.898019 17.746382
v 10.888052 1.599488 17.745653
v 10.829048 1.654197 17.745911
v 10.851879 1.619389 17.743582
v 10.805622 1.297552 17.745649
v 10.882182 1.557391 17.745941
v 10.820034 1.503887 17.746044
v 10.831360 0.845125 17.746326
v 10.864330 1.241592 17.745911
v 10.826427 1.261986 17.745983
v 10.841185 1.541723 17.746183
v 10.804026 1.169668 17.745348
v 10.800866 0.908722 17.744947
v 11.218090 3.000252 17.743757
v 11.217004 0.000262 17.743759
v 11.217922 2.838786 17.607052
v 11.217793 0.161949 17.607052
v 11.198418 0.000258 14.593822
v 10.672485 0.000711 15.753407
v 10.663475 -0.000234 14.596746
v 10.673107 0.000265 16.028778
v 11.198418 0.000258 14.593822
v 10.677729 0.000289 16.839502
v 10.673107 0.000265 16.028778
v 11.216946 0.000265 17.743755
v 10.677729 0.000289 16.839502
v 11.198418 0.000258 14.593822
v 11.216946 0.000265 17.743755
v 10.680066 0.000402 17.067278
v 10.677729 0.000289 16.839502
v 10.683119 -0.000070 17.747292
v 11.217793 0.161949 17.607052
v 11.216946 0.000265 17.743755
v 11.198418 0.000258 14.593822
v 11.200077 0.161948 14.723237
v 10.950495 3.000263 15.409068
v 11.199156 3.000252 14.593820
v 10.947554 3.000252 14.595379
v 10.956581 3.000252 16.165262
v 11.199156 3.000252 14.593820
v 10.950495 3.000263 15.409068
v 10.957129 3.000288 16.463308
v 10.956581 3.000252 16.165262
v 10.967209 3.000275 17.745235
v 11.199156 3.000252 14.593820
v 10.957129 3.000288 16.463308
v 10.967209 3.000275 17.745235
v 11.218107 3.000252 17.743757
v 11.199156 3.000252 14.593820
v 11.218107 3.000252 17.743757
v 11.217922 2.838786 17.607052
v 11.200121 2.838786 14.723236
v 11.265584 1.860499 7.770951
v 11.259542 0.851484 7.727900
v 11.248740 0.805904 7.757503
v 11.213360 1.865427 7.775403
v 11.195687 0.742530 7.799140
v 11.208269 1.905201 7.800746
v 11.268944 1.832457 7.742005
v 11.299410 1.826815 7.737381
v 11.208145 0.787858 7.756962
v 11.198763 0.784913 7.775990
v 11.289999 0.856876 7.724703
v 11.196773 0.787000 7.393587
v 11.204241 1.905593 7.377333
v 11.194294 0.740717 7.372375
v 11.217018 1.860626 7.413109
v 11.205895 0.787836 7.409880
v 11.255515 0.812984 7.409873
v 11.263376 1.860502 7.412853
v 11.266781 1.833980 7.443146
v 11.209403 1.875926 7.396744
v 11.297480 0.856876 7.444083
v 11.297613 1.826815 7.446342
v 11.267609 0.849955 7.440074
v 11.203581 1.875873 6.562454
v 11.191642 0.988850 6.538740
v 11.187773 0.741652 6.540681
v 11.191088 0.783689 6.559778
v 11.211710 1.860555 6.578965
v 11.248896 0.810007 6.575405
v 11.257820 1.860501 6.578724
v 11.260901 0.880827 6.606491
v 11.292463 1.826814 6.612208
v 11.262184 1.832292 6.608145
v 11.199362 1.908701 6.542539
v 11.200753 0.787793 6.576009
v 11.292162 0.864665 6.610332
v 11.207365 1.867914 6.941748
v 11.202078 1.633125 6.966888
v 11.200425 1.907415 6.963558
v 11.193727 0.781730 6.941491
v 11.189147 0.740840 6.959311
v 11.202989 0.787799 6.922724
v 11.260431 1.860499 6.936808
v 11.255028 0.857511 6.894307
v 11.244726 0.813381 6.922919
v 11.294271 1.826815 6.903257
v 11.284935 0.866635 6.890694
v 11.190235 0.896583 6.963311
v 11.263916 1.834018 6.907787
v 11.200425 1.907415 6.963558
v 11.202078 1.633125 6.966888
v 11.098776 1.913329 6.972437
v 10.925045 1.595719 6.973867
v 10.833684 1.907800 6.983143
v 10.837793 1.944241 6.981418
v 10.816366 1.603623 6.982769
v 10.812504 1.562591 6.983905
v 10.795290 1.228125 6.977681
v 11.190235 0.896583 6.963311
v 11.189147 0.740840 6.959311
v 10.841661 0.525973 6.964416
v 10.765413 0.854136 6.975060
v 10.791466 1.206641 6.981670
v 10.744106 0.515213 6.971909
v 10.676536 0.599632 6.975567
v 10.690126 0.767227 6.977439
v 10.703690 0.488546 6.971993
v 10.687452 0.426108 6.980925
v 10.704741 0.542102 6.978796
v 10.713718 0.457007 6.511892
v 10.688110 0.384616 6.506692
v 10.658497 0.423674 6.515007
v 10.651161 0.370666 6.506818
v 10.645391 0.249934 6.510510
v 10.624311 0.234758 6.518516
v 11.189147 0.740840 6.959311
v 11.187773 0.741652 6.540681
v 11.077347 0.667326 6.535317
v 10.895882 0.555371 6.524210
v 10.674879 0.431095 6.750700
v 10.841661 0.525973 6.964416
v 10.618924 0.324515 6.567977
v 10.621401 0.361709 6.817050
v 10.618958 0.243930 6.747657
v 10.622188 0.117431 6.525622
v 10.616991 0.000690 6.747847
v 10.598976 0.209245 6.749958
v 10.599956 0.378028 6.869736
v 10.614681 0.000614 6.501414
v 10.687452 0.426108 6.980925
v 10.596008 0.382123 6.978061
v 10.632295 0.255147 6.994289
v 10.604889 0.063939 7.014139
v 10.604467 0.215444 6.991371
v 10.632210 0.387818 6.990744
v 10.617510 0.000256 7.036803
v 10.795675 2.352056 5.596798
v 10.857440 2.304678 5.595771
v 10.822439 2.316600 6.568804
v 10.866055 2.610687 6.582067
v 10.872389 2.627074 5.595829
v 10.859967 2.609838 5.596197
v 10.877847 2.617588 6.077393
v 10.835835 2.601630 6.570473
v 10.829466 2.605499 5.596117
v 10.857686 2.261467 5.998792
v 10.856632 2.271361 5.595875
v 10.798699 2.352813 6.536520
v 10.811170 2.561377 6.535154
v 10.804985 2.567518 5.595642
v 10.861408 2.301929 6.585883
v 10.879977 2.619025 6.605089
v 10.847775 2.263080 6.451695
v 10.852139 2.257174 6.027205
v 10.860612 2.264127 6.554904
v 10.838983 2.605473 7.728531
v 10.858280 2.608826 6.629202
v 10.810347 2.557056 6.673822
v 10.835835 2.601630 6.570473
v 10.822439 2.316600 6.568804
v 10.861408 2.301929 6.585883
v 10.866055 2.610687 6.582067
v 10.879977 2.619025 6.605089
v 10.857275 2.301815 6.621803
v 10.857275 2.301815 6.621803
v 10.855917 2.260098 7.155523
v 10.860612 2.264127 6.554904
v 10.847775 2.263080 6.451695
v 10.858280 2.608826 6.629202
v 10.816703 2.323681 6.640736
v 10.798882 2.353401 6.670609
v 10.880976 2.621058 7.020245
v 10.879977 2.619025 6.605089
v 10.883643 2.629443 7.752123
v 10.871285 2.613622 7.739401
v 10.883224 2.622304 7.184764
v 10.857275 2.301815 6.621803
v 10.829054 2.325439 7.728173
v 10.816703 2.323681 6.640736
v 10.870205 2.303990 7.755586
v 10.864477 2.268648 7.179926
v 10.857651 2.314726 7.739134
v 10.817648 2.567597 7.696043
v 10.884147 2.625233 7.416434
v 10.816620 2.355938 7.700161
v 10.867922 2.267742 7.559278
v 10.829054 2.325439 7.728173
v 10.838983 2.605473 7.728531
v 10.859272 2.267746 7.734149
v 10.805700 2.359546 7.697309
v 10.816620 2.355938 7.700161
v 10.878782 2.621381 7.785802
v 10.883643 2.629443 7.752123
v 10.870205 2.303990 7.755586
v 10.871285 2.613622 7.739401
v 10.857651 2.314726 7.739134
v 10.840641 2.607917 7.801121
v 10.825993 2.327716 7.796075
v 10.857502 2.311717 7.783074
v 10.894396 2.621939 8.053953
v 10.888059 2.634946 7.820089
v 10.878782 2.621381 7.785802
v 10.890766 2.628712 8.746117
v 10.827834 2.567053 8.744520
v 10.840641 2.607917 7.801121
v 10.818071 2.568948 7.830739
v 10.856946 2.608858 8.745602
v 10.817060 2.355151 7.823220
v 10.805859 2.357715 7.824212
v 10.813696 2.360119 8.746272
v 10.874768 2.270064 8.344748
v 10.859272 2.267746 7.734149
v 10.863071 2.270523 7.920740
v 10.835335 2.326410 8.745905
v 10.817060 2.355151 7.823220
v 10.825993 2.327716 7.796075
v 10.870205 2.303990 7.755586
v 10.874653 2.306953 8.745707
v 10.857502 2.311717 7.783074
v 10.887484 2.632385 8.289694
v 10.875504 2.268092 8.745584
v 10.838352 1.906919 7.366385
v 11.204121 1.905521 7.378233
v 10.848047 1.944388 7.367966
v 10.810596 1.560186 7.358158
v 11.194294 0.740717 7.372375
v 11.131701 0.706384 7.364039
v 10.772058 0.865323 7.355931
v 10.798014 1.244222 7.359787
v 10.787978 1.253074 7.355067
v 10.768925 0.898326 7.352508
v 10.788713 1.207785 7.354621
v 10.744907 0.634922 7.349670
v 10.928288 0.717158 7.355930
v 10.751307 0.703810 7.343057
v 10.897634 0.556051 7.358557
v 10.746296 0.517671 7.353119
v 10.696712 0.435891 7.355604
v 10.897634 0.556051 7.358557
v 11.194294 0.740717 7.372375
v 11.131701 0.706384 7.364039
v 11.105849 0.678171 7.791698
v 10.887711 0.547062 7.793973
v 10.650690 0.390802 7.348968
v 10.635367 0.330622 7.344991
v 10.602560 0.376638 7.355268
v 10.696712 0.435891 7.355604
v 10.603137 0.216419 7.349062
v 10.612457 0.237615 7.440750
v 10.628639 0.245843 7.343826
v 10.604864 0.377433 7.497103
v 10.581106 0.300915 7.505106
v 10.619278 0.000273 7.311553
v 10.622160 0.000289 7.839671
v 10.604919 0.068419 7.348294
v 11.195687 0.742530 7.799140
v 10.775925 0.480818 7.805906
v 10.706219 0.440827 7.823473
v 10.595673 0.371638 7.818576
v 10.614808 0.240681 7.680725
v 10.609898 0.094757 7.827713
v 10.598416 0.379053 7.686665
v 10.581147 0.313970 7.791233
v 10.565879 0.350052 7.786776
v 10.609642 0.209079 7.809305
v 10.627285 0.251601 7.823304
v 10.693682 0.408697 7.824113
v 10.650452 0.367594 7.823308
v 10.609493 0.213761 7.824892
v 10.813978 2.246127 5.975676
v 10.856632 2.271361 5.595875
v 10.792543 2.223077 5.599786
v 10.857686 2.261467 5.998792
v 10.789105 2.203961 5.937966
v 10.776192 1.991473 5.597844
v 10.840688 1.946955 5.595868
v 10.806351 1.960728 5.974437
v 10.777460 1.999666 5.938090
v 10.841026 1.940419 6.010061
v 10.813978 2.246127 5.975676
v 10.806351 1.960728 5.974437
v 10.857686 2.261467 5.998792
v 10.841026 1.940419 6.010061
v 10.852139 2.257174 6.027205
v 10.827682 1.954495 6.036488
v 10.812119 2.243631 6.040753
v 10.797714 1.968459 6.046728
v 10.797941 2.213432 6.067690
v 10.786184 2.210430 6.071797
v 10.775178 1.994553 6.073444
v 10.793644 2.207564 7.110620
v 10.797941 2.213432 6.067690
v 10.812119 2.243631 6.040753
v 10.855917 2.260098 7.155523
v 10.852139 2.257174 6.027205
v 10.847775 2.263080 6.451695
v 10.841026 1.940419 6.010061
v 10.842812 1.944298 6.277921
v 10.831608 1.943970 6.625244
v 10.827682 1.954495 6.036488
v 10.781429 2.001685 7.112762
v 10.843603 1.939151 6.530731
v 10.818884 2.247140 7.143162
v 10.837793 1.944241 6.981418
v 10.813853 1.961621 7.149467
v 10.847223 1.946316 7.177291
v 10.818884 2.247140 7.143162
v 10.813853 1.961621 7.149467
v 10.864477 2.268648 7.179926
v 10.855917 2.260098 7.155523
v 10.847223 1.946316 7.177291
v 10.827291 2.254068 7.210300
v 10.817875 1.963644 7.206185
v 10.804972 2.213896 8.263295
v 10.827291 2.254068 7.210300
v 10.794531 2.215238 7.246277
v 10.867922 2.267742 7.559278
v 10.864477 2.268648 7.179926
v 10.848047 1.944388 7.367966
v 10.817875 1.963644 7.206185
v 10.847223 1.946316 7.177291
v 10.781959 2.004315 7.246800
v 10.837328 1.948853 7.393070
v 10.842659 1.962449 8.304340
v 10.837479 1.950662 7.710389
v 10.858530 2.268658 7.744906
v 10.826735 2.249934 8.297091
v 10.858141 2.260976 8.307888
v 10.818474 1.972819 8.292460
v 10.875469 2.271495 8.316195
v 10.807045 2.217912 8.745421
v 10.827220 2.248860 8.362092
v 10.804621 2.214395 8.395970
v 10.850050 1.948031 7.819548
v 10.856640 1.948350 8.335465
v 10.791145 2.003524 8.262854
v 10.818474 1.972819 8.292460
v 10.826735 2.249934 8.297091
v 10.842659 1.962449 8.304340
v 10.875469 2.271495 8.316195
v 10.858141 2.260976 8.307888
v 10.856640 1.948350 8.335465
v 10.875027 2.270009 8.345280
v 10.827220 2.248860 8.362092
v 10.794298 1.994025 8.375563
v 10.875504 2.268092 8.745584
v 10.875027 2.270009 8.345280
v 10.795384 1.992207 8.744716
v 10.856640 1.948350 8.335465
v 10.859494 1.946114 8.745815
v 10.839478 1.905465 6.522184
v 10.837240 1.912842 5.595744
v 10.791571 1.889530 5.596275
v 10.840688 1.946955 5.595868
v 10.841026 1.940419 6.010061
v 10.813927 1.594502 5.596135
v 10.808714 1.557278 5.595971
v 10.807386 1.560716 6.527670
v 10.808714 1.557278 5.595971
v 10.764496 1.538245 5.597067
v 10.769749 1.545760 6.508831
v 10.813059 1.603992 6.522943
v 10.770986 1.618643 5.596044
v 10.768476 1.855558 5.596740
v 10.752500 1.654641 5.596344
v 10.757518 1.648257 6.032292
v 10.791309 1.881491 6.507453
v 10.842812 1.944298 6.277921
v 10.807386 1.560716 6.527670
v 10.754908 1.655754 6.477333
v 10.745260 1.503023 6.475471
v 10.745117 1.503513 5.596576
v 10.843603 1.939151 6.530731
v 10.770060 1.855497 6.481397
v 10.782894 1.618816 6.512474
v 10.782894 1.618816 6.512474
v 10.791309 1.881491 6.507453
v 10.813059 1.603992 6.522943
v 10.839478 1.905465 6.522184
v 10.747675 1.266122 5.596710
v 10.789721 1.238618 5.596155
v 10.778301 1.255935 6.508010
v 10.742769 1.188627 6.502516
v 10.785408 1.206684 5.596173
v 10.731047 1.170884 5.597696
v 10.786198 1.243258 6.524858
v 10.783350 1.206608 6.522225
v 10.735512 1.154046 6.187451
v 10.718803 1.143566 5.740976
v 10.705059 0.937938 5.597065
v 10.764937 0.851270 5.596592
v 10.761765 0.894015 6.518414
v 10.762202 0.888047 5.596345
v 10.704065 0.941558 6.052447
v 10.742165 0.495365 5.596298
v 10.747996 0.519618 6.076487
v 10.721430 0.534573 5.597004
v 10.746340 0.491125 5.933238
v 10.709202 0.465503 6.167017
v 10.739632 0.473265 6.200948
v 10.703259 0.474995 5.596917
v 10.725696 0.538061 6.524068
v 10.688984 0.566587 6.499320
v 10.717015 0.831857 6.502959
v 10.719528 0.827750 5.596539
v 10.692341 0.791094 5.596513
v 10.694763 0.796818 6.062797
v 10.681107 0.583357 6.047284
v 10.680597 0.577766 5.597127
v 10.647169 0.371009 5.597274
v 10.651161 0.370666 6.506818
v 10.690426 0.393319 5.596773
v 10.637800 0.231719 5.597236
v 10.688693 0.383696 6.506667
v 10.612380 0.213717 6.022630
v 10.608301 0.214137 5.597126
v 10.623489 0.117442 6.525622
v 10.607905 -0.000234 5.596914
v 10.730676 1.292248 6.475380
v 10.728989 1.295127 5.596688
v 10.725527 1.151154 6.010428
v 10.747394 1.276189 6.502315
v 10.720982 1.137253 6.469703
v 10.728647 0.914903 6.501111
v 10.729017 0.905151 5.596712
v 10.711748 1.071705 6.064638
v 10.758642 0.851544 6.526191
v 10.639858 0.234361 6.052421
v 10.645391 0.249934 6.510510
v 10.624311 0.234758 6.518516
v 10.747394 1.276189 6.502315
v 10.769749 1.545760 6.508831
v 10.786198 1.243258 6.524858
v 10.807386 1.560716 6.527670
v 10.778301 1.255935 6.508010
v 10.705399 0.947416 6.473123
v 10.742769 1.188627 6.502516
v 10.761765 0.894015 6.518414
v 10.783350 1.206608 6.522225
v 10.748357 0.515960 6.520331
v 10.713680 0.457029 6.511676
v 10.748722 0.475743 6.514568
v 10.725696 0.538061 6.524068
v 10.758642 0.851544 6.526191
v 10.717015 0.831857 6.502959
v 10.693944 0.808082 6.478494
v 10.682852 0.654105 6.480876
v 10.614681 0.000614 6.501414
v 10.819780 1.898019 8.746551
v 10.843721 1.914226 7.822757
v 10.796972 1.885879 7.843624
v 10.856640 1.948350 8.335465
v 10.850050 1.948031 7.819548
v 10.796972 1.885879 7.843624
v 10.843721 1.914226 7.822757
v 10.814402 1.607817 7.815939
v 10.764753 1.650305 7.863231
v 10.754246 1.508537 7.861029
v 10.777203 1.546706 7.831739
v 10.752748 1.278128 7.828238
v 10.821135 1.567764 7.810828
v 10.832481 1.599488 8.745822
v 10.814402 1.607817 7.815939
v 10.773478 1.654197 8.746079
v 10.789465 1.858162 8.745692
v 10.779549 1.862779 7.876581
v 10.856383 1.912387 8.745895
v 10.826612 1.557391 8.746109
v 10.796310 1.619389 8.743751
v 10.810028 1.554250 7.817909
v 10.777203 1.546706 7.831739
v 10.785614 1.541723 8.746352
v 10.764465 1.503887 8.746213
v 10.859494 1.946114 8.745815
v 10.741110 0.906881 7.805935
v 10.791265 1.207802 7.809411
v 10.771065 1.120091 7.798798
v 10.810028 1.554250 7.817909
v 10.787500 1.255491 7.805286
v 10.753448 1.187716 7.827059
v 10.738621 1.303001 7.859012
v 10.804499 1.208448 8.746127
v 10.800814 1.237370 7.803416
v 10.791265 1.207802 7.809411
v 10.750051 1.297552 8.745817
v 10.752748 1.278128 7.828238
v 10.712518 0.948237 7.858007
v 10.727498 1.158384 7.860665
v 10.782583 0.847989 8.077622
v 10.775469 0.892797 7.800894
v 10.767402 0.839214 7.799401
v 10.717478 0.786964 7.799545
v 10.741507 0.803522 8.294231
v 10.715934 0.795451 8.044031
v 10.724997 0.943089 8.745775
v 10.739543 1.149386 8.284643
v 10.709928 0.487241 7.840416
v 10.746686 0.501004 7.829556
v 10.706219 0.440827 7.823473
v 10.726391 0.477742 8.744563
v 10.750270 0.532240 7.816649
v 10.761403 0.490121 8.746340
v 10.685646 0.602918 7.814246
v 10.715354 0.552464 7.819094
v 10.693716 0.579961 8.018589
v 10.694549 0.669103 8.262695
v 10.700653 0.580854 8.746572
v 10.609493 0.213761 7.824892
v 10.627285 0.251601 7.823304
v 10.609642 0.209079 7.809305
v 10.650452 0.367594 7.823308
v 10.664786 0.370978 8.368582
v 10.693682 0.408697 7.824113
v 10.644482 0.247230 8.067152
v 10.753448 1.187716 7.827059
v 10.748457 1.169668 8.745517
v 10.808761 1.241592 8.746079
v 10.770857 1.261986 8.746150
v 10.787500 1.255491 7.805286
v 10.741110 0.906881 7.805935
v 10.745296 0.908722 8.745115
v 10.777746 0.847403 8.454916
v 10.714688 0.797708 8.460915
v 10.761436 0.525694 8.746388
v 10.716553 0.547127 8.746680
v 10.704543 0.702294 8.747046
v 10.628897 0.215086 8.746594
v 10.627548 -0.000070 8.747458
v 10.609898 0.094757 7.827713
v 10.713648 0.397062 8.746687
v 10.666039 0.370595 8.746887
v 10.622570 0.000371 7.839664
v 10.784786 0.884278 8.746273
v 10.775789 0.845125 8.746495
v 10.719612 0.812151 8.745882
v 10.654324 0.235660 8.747881
v 11.263376 1.860502 7.412853
v 11.266781 1.833980 7.443146
v 11.268944 1.832457 7.742005
v 11.209403 1.875926 7.396744
v 11.208269 1.905201 7.800746
v 11.204241 1.905593 7.377333
v 11.213360 1.865427 7.775403
v 11.217018 1.860626 7.413109
v 11.265584 1.860499 7.770951
v 11.297613 1.826815 7.446342
v 11.299410 1.826815 7.737381
v 11.248740 0.805904 7.757503
v 11.255515 0.812984 7.409873
v 11.205895 0.787836 7.409880
v 11.198763 0.784913 7.775990
v 11.196773 0.787000 7.393587
v 11.194294 0.740717 7.372375
v 11.195687 0.742530 7.799140
v 11.208145 0.787858 7.756962
v 11.259542 0.851484 7.727900
v 11.267609 0.849955 7.440074
v 11.297480 0.856876 7.444083
v 11.289999 0.856876 7.724703
v 11.260431 1.860499 6.936808
v 11.262184 1.832292 6.608145
v 11.263916 1.834018 6.907787
v 11.203581 1.875873 6.562454
v 11.207365 1.867914 6.941748
v 11.200425 1.907415 6.963558
v 11.199362 1.908701 6.542539
v 11.211710 1.860555 6.578965
v 11.257820 1.860501 6.578724
v 11.294271 1.826815 6.903257
v 11.292463 1.826814 6.612208
v 11.248896 0.810007 6.575405
v 11.292162 0.864665 6.610332
v 11.260901 0.880827 6.606491
v 11.193727 0.781730 6.941491
v 11.191088 0.783689 6.559778
v 11.187773 0.741652 6.540681
v 11.255028 0.857511 6.894307
v 11.284935 0.866635 6.890694
v 11.200753 0.787793 6.576009
v 11.202989 0.787799 6.922724
v 11.244726 0.813381 6.922919
v 11.189147 0.740840 6.959311
v 10.884186 2.971706 5.621864
v 10.891984 3.000252 5.595548
v 10.872389 2.627074 5.595829
v 10.865438 2.655652 5.620713
v 10.850775 2.960301 5.640606
v 10.828882 2.672403 5.641591
v 10.822841 2.923912 5.684579
v 10.809720 2.702307 5.679827
v 10.826923 2.911642 7.116467
v 10.881961 2.956746 7.163309
v 10.884186 2.971706 5.621864
v 10.850775 2.960301 5.640606
v 10.898926 3.000349 7.165599
v 10.891984 3.000252 5.595548
v 10.897127 2.972190 7.186712
v 10.881266 2.646249 7.175789
v 10.872389 2.627074 5.595829
v 10.877847 2.617588 6.077393
v 10.828882 2.672403 5.641591
v 10.865438 2.655652 5.620713
v 10.837755 2.672384 7.148385
v 10.854616 2.953463 7.154749
v 10.879977 2.619025 6.605089
v 10.867273 2.659900 7.162369
v 10.816975 2.704942 7.116105
v 10.881266 2.646249 7.175789
v 10.867273 2.659900 7.162369
v 10.881961 2.956746 7.163309
v 10.854616 2.953463 7.154749
v 10.882051 2.622099 7.184823
v 10.837755 2.672384 7.148385
v 10.897127 2.972190 7.186712
v 10.881266 2.646249 7.175789
v 10.838712 2.671839 7.227165
v 10.851151 2.950765 7.234796
v 10.883896 2.961566 7.217958
v 10.872129 2.658128 7.213374
v 10.821201 2.704531 7.261727
v 10.829017 2.911898 7.265036
v 10.823133 2.707382 7.996531
v 10.895502 2.969041 8.718662
v 10.897127 2.972190 7.186712
v 10.883896 2.961566 7.217958
v 10.851151 2.950765 7.234796
v 10.900583 3.000268 7.165465
v 10.911638 3.000275 8.745404
v 10.883643 2.629443 7.752123
v 10.881266 2.646249 7.175789
v 10.883786 2.622311 7.184776
v 10.878782 2.621381 7.785802
v 10.888059 2.634946 7.820089
v 10.838712 2.671839 7.227165
v 10.872129 2.658128 7.213374
v 10.867594 2.670588 8.712615
v 10.865356 2.957844 8.705741
v 10.888588 2.652816 8.124352
v 10.888222 2.654343 8.725827
v 10.841116 2.919296 8.674894
v 10.909693 2.978978 8.727295
v 10.832031 2.711174 8.671781
v 10.867594 2.670588 8.712615
v 10.865356 2.957844 8.705741
v 10.888222 2.654343 8.725827
v 10.895502 2.969041 8.718662
v 10.890766 2.628712 8.746117
v 10.911638 3.000275 8.745404
v 10.909693 2.978978 8.727295
v 10.872389 2.627074 5.595829
v 10.887484 2.632385 8.289694
v 10.890766 2.628712 8.746117
v 10.894396 2.621939 8.053953
v 10.833684 1.907800 6.983143
v 10.816366 1.603623 6.982769
v 10.797107 1.890749 7.002716
v 10.847223 1.946316 7.177291
v 10.837793 1.944241 6.981418
v 10.833684 1.907800 6.983143
v 10.810482 1.897193 7.350030
v 10.763520 1.637530 7.014103
v 10.771569 1.841106 7.036928
v 10.814390 1.605817 7.361650
v 10.816366 1.603623 6.982769
v 10.812504 1.562591 6.983905
v 10.760522 1.648453 7.325162
v 10.777726 1.855092 7.314707
v 10.774529 1.549148 7.341699
v 10.753209 1.521813 7.021127
v 10.812504 1.562591 6.983905
v 10.795290 1.228125 6.977681
v 10.760889 1.265412 6.994092
v 10.730560 1.177776 7.012518
v 10.791466 1.206641 6.981670
v 10.709711 0.930748 7.008004
v 10.795290 1.228125 6.977681
v 10.798014 1.244222 7.359787
v 10.760889 1.265412 6.994092
v 10.734242 1.305074 7.031437
v 10.742184 1.290061 7.321285
v 10.766527 0.892590 6.974922
v 10.697016 0.804642 6.979883
v 10.765436 0.854109 6.975961
v 10.690126 0.767227 6.977439
v 10.720976 0.838976 7.334440
v 10.772058 0.865323 7.355931
v 10.766527 0.892590 6.974922
v 10.728471 1.169574 7.323184
v 10.768925 0.898326 7.352508
v 10.713147 0.933347 7.314165
v 10.703947 0.488713 7.333472
v 10.744106 0.515213 6.971909
v 10.703690 0.488546 6.971993
v 10.746296 0.517671 7.353119
v 10.704741 0.542102 6.978796
v 10.707354 0.547480 7.337691
v 10.676536 0.599632 6.975567
v 10.687452 0.426108 6.980925
v 10.699267 0.803027 7.303666
v 10.604889 0.063939 7.014139
v 10.603137 0.216419 7.349062
v 10.604467 0.215444 6.991371
v 10.632295 0.255147 6.994289
v 10.650690 0.390802 7.348968
v 10.632210 0.387818 6.990744
v 10.628639 0.245843 7.343826
v 10.696712 0.435891 7.355604
v 10.617510 0.000256 7.036803
v 10.619278 0.000273 7.311553
v 10.604919 0.068419 7.348294
v 10.848047 1.944388 7.367966
v 10.838352 1.906919 7.366385
v 10.809891 1.562893 7.359674
v 10.810482 1.897193 7.350030
v 10.814390 1.605817 7.361650
v 10.838352 1.906919 7.366385
v 10.749601 1.506870 7.311116
v 10.787978 1.253074 7.355067
v 10.788713 1.207785 7.354621
v 10.791466 1.206641 6.981670
v 10.774529 1.549148 7.341699
v 10.787978 1.253074 7.355067
v 10.809891 1.562893 7.359674
v 10.768925 0.898326 7.352508
v 10.788713 1.207785 7.354621
v 10.751307 0.703810 7.343057
v 10.772058 0.865323 7.355931
v 10.720976 0.838976 7.334440
v 10.744907 0.634922 7.349670
v 10.690886 0.597357 7.305250
v 10.635367 0.330622 7.344991
v 10.837328 1.948853 7.393070
v 11.091871 1.917668 7.375124
v 11.204241 1.905593 7.377333
v 10.848047 1.944388 7.367966
v 10.837479 1.950662 7.710389
v 11.208269 1.905201 7.800746
v 10.850050 1.948031 7.819548
v 10.843721 1.914226 7.822757
v 10.821135 1.567764 7.810828
v 11.147694 1.135073 7.793306
v 10.814402 1.607817 7.815939
v 10.787500 1.255491 7.805286
v 10.810028 1.554250 7.817909
v 11.195687 0.742530 7.799140
v 11.105849 0.678171 7.791698
v 11.017094 0.645082 7.798882
v 10.880527 1.080443 7.799607
v 10.800814 1.237370 7.803416
v 10.791265 1.207802 7.809411
v 10.771065 1.120091 7.798798
v 10.767402 0.839214 7.799401
v 10.775469 0.892797 7.800894
v 10.741110 0.906881 7.805935
v 10.887711 0.547062 7.793973
v 10.775925 0.480818 7.805906
v 10.887711 0.547062 7.793973
v 10.761955 0.560450 7.805973
v 10.717478 0.786964 7.799545
v 10.715354 0.552464 7.819094
v 10.750270 0.532240 7.816649
v 10.746686 0.501004 7.829556
v 10.685646 0.602918 7.814246
v 10.706219 0.440827 7.823473
v 10.843603 1.939151 6.530731
v 11.199362 1.908701 6.542539
v 11.200425 1.907415 6.963558
v 10.837793 1.944241 6.981418
v 10.831608 1.943970 6.625244
v 10.807386 1.560716 6.527670
v 10.813059 1.603992 6.522943
v 10.839478 1.905465 6.522184
v 11.098776 1.913329 6.972437
v 10.761765 0.894015 6.518414
v 10.894205 1.047852 6.531606
v 10.785051 1.228935 6.523852
v 10.895882 0.555371 6.524210
v 10.725696 0.538061 6.524068
v 10.748357 0.515960 6.520331
v 10.748722 0.475743 6.514568
v 11.191642 0.988850 6.538740
v 11.077347 0.667326 6.535317
v 11.187773 0.741652 6.540681
v 10.758642 0.851544 6.526191
v 11.143581 2.500252 5.593987
v 10.891984 3.000252 5.595548
v 11.143587 3.000252 5.593988
v 10.872389 2.627074 5.595829
v 10.608301 0.214137 5.597126
v 11.142847 0.000258 5.593989
v 10.607905 -0.000234 5.596914
v 10.637800 0.231719 5.597236
v 10.647169 0.371009 5.597274
v 10.690426 0.393319 5.596773
v 10.690426 0.393319 5.596773
v 11.143181 0.833588 5.593988
v 11.142847 0.000258 5.593989
v 10.859967 2.609838 5.596197
v 10.742165 0.495365 5.596298
v 10.690426 0.393319 5.596773
v 10.703259 0.474995 5.596917
v 11.143181 0.833588 5.593988
v 10.721430 0.534573 5.597004
v 10.680597 0.577766 5.597127
v 10.692341 0.791094 5.596513
v 10.719528 0.827750 5.596539
v 10.764937 0.851270 5.596592
v 10.762202 0.888047 5.596345
v 11.143301 1.333587 5.593987
v 10.729017 0.905151 5.596712
v 10.705059 0.937938 5.597065
v 10.731047 1.170884 5.597696
v 10.785408 1.206684 5.596173
v 10.789721 1.238618 5.596155
v 11.143415 1.833586 5.593987
v 10.747675 1.266122 5.596710
v 10.728989 1.295127 5.596688
v 10.745117 1.503513 5.596576
v 10.829466 2.605499 5.596117
v 10.804985 2.567518 5.595642
v 10.795675 2.352056 5.596798
v 10.857440 2.304678 5.595771
v 10.856632 2.271361 5.595875
v 10.808714 1.557278 5.595971
v 10.764496 1.538245 5.597067
v 10.813927 1.594502 5.596135
v 10.770986 1.618643 5.596044
v 10.752500 1.654641 5.596344
v 10.769672 1.856605 5.596732
v 10.791571 1.889530 5.596275
v 10.837240 1.912842 5.595744
v 10.840688 1.946955 5.595868
v 10.776192 1.991473 5.597844
v 10.792543 2.223077 5.599786
v 11.144508 0.161948 5.723405
v 11.142961 0.000259 5.593989
v 11.144550 2.838786 5.723405
v 11.143665 3.000253 5.593987
v 10.911638 3.000275 8.745404
v 11.162317 2.500253 8.743927
v 11.162538 3.000252 8.743925
v 10.890766 2.628712 8.746117
v 11.161377 0.000265 8.743924
v 10.629747 0.214092 8.746571
v 10.627548 -0.000070 8.747458
v 10.654324 0.235660 8.747881
v 10.666039 0.370595 8.746887
v 10.713648 0.397062 8.746687
v 11.161668 0.833588 8.743931
v 10.856946 2.608858 8.745602
v 10.761403 0.490121 8.746340
v 10.726391 0.477742 8.744563
v 10.761436 0.525694 8.746388
v 10.716553 0.547127 8.746680
v 10.700653 0.580854 8.746572
v 10.704543 0.702294 8.747046
v 10.719612 0.812151 8.745882
v 10.828541 2.566990 8.744512
v 10.813696 2.360119 8.746272
v 10.835335 2.326410 8.745905
v 10.874653 2.306953 8.745707
v 11.162012 1.750253 8.743929
v 10.875504 2.268092 8.745584
v 10.784786 0.884278 8.746273
v 10.804499 1.208448 8.746127
v 10.724997 0.943089 8.745775
v 10.859494 1.946114 8.745815
v 10.807045 2.217912 8.745421
v 10.795384 1.992207 8.744716
v 10.789465 1.858162 8.745692
v 10.856383 1.912387 8.745895
v 10.819780 1.898019 8.746551
v 10.832481 1.599488 8.745822
v 10.773478 1.654197 8.746079
v 10.796310 1.619389 8.743751
v 10.750051 1.297552 8.745817
v 10.826612 1.557391 8.746109
v 10.764465 1.503887 8.746213
v 10.775789 0.845125 8.746495
v 10.808761 1.241592 8.746079
v 10.770857 1.261986 8.746150
v 10.785614 1.541723 8.746352
v 10.748457 1.169668 8.745517
v 10.745296 0.908722 8.745115
v 11.162519 3.000253 8.743925
v 11.161434 0.000262 8.743927
v 11.162352 2.838786 8.607221
v 11.162224 0.161949 8.607221
v 11.142847 0.000258 5.593989
v 10.616916 0.000711 6.753576
v 10.607905 -0.000234 5.596914
v 10.617537 0.000265 7.028947
v 11.142847 0.000258 5.593989
v 10.622160 0.000289 7.839671
v 10.617537 0.000265 7.028947
v 11.161377 0.000265 8.743924
v 10.622160 0.000289 7.839671
v 11.142847 0.000258 5.593989
v 11.161377 0.000265 8.743924
v 10.624496 0.000402 8.067448
v 10.622160 0.000289 7.839671
v 10.627548 -0.000070 8.747458
v 11.162224 0.161949 8.607221
v 11.161377 0.000265 8.743924
v 11.142847 0.000258 5.593989
v 11.144508 0.161948 5.723405
v 10.894926 3.000263 6.409237
v 11.143587 3.000252 5.593988
v 10.891984 3.000252 5.595548
v 10.901011 3.000252 7.165431
v 11.143587 3.000252 5.593988
v 10.894926 3.000263 6.409237
v 10.901560 3.000288 7.463478
v 10.901011 3.000252 7.165431
v 10.911638 3.000275 8.745404
v 11.143587 3.000252 5.593988
v 10.901560 3.000288 7.463478
v 10.911638 3.000275 8.745404
v 11.162538 3.000252 8.743925
v 11.143587 3.000252 5.593988
v 11.162538 3.000252 8.743925
v 11.162352 2.838786 8.607221
v 11.144550 2.838786 5.723405
vt 0.000000 0.000000
vt 0.000000 0.000000
vn -0.4964 0.0192 -0.8679
vn -0.6900 0.0189 -0.7236
vn -0.5248 0.0183 -0.8510
vn -0.7440 0.0171 -0.6680
vn -0.9847 0.0138 -0.1737
vn -0.9739 0.0109 -0.2266
vn -0.7191 0.0156 -0.6947
vn -0.1115 0.0148 -0.9937
vn -0.2128 0.0138 -0.9770
vn -0.9608 0.0134 -0.2769
vn -0.0932 0.0140 -0.9955
vn -0.9660 0.0093 0.2582
vn -0.9844 0.0102 0.1758
vn -0.9963 0.0081 0.0850
vn -0.1713 -0.0014 0.9852
vn -0.4718 0.0012 0.8817
vn -0.4955 -0.0017 0.8686
vn -0.5478 0.0011 0.8366
vn -0.7198 -0.0014 0.6941
vn -0.9278 0.0058 0.3729
vn -0.1301 -0.0027 0.9915
vn -0.1172 -0.0023 0.9931
vn -0.6628 -0.0025 0.7488
vn -0.9586 0.0086 0.2845
vn -0.9944 0.0096 0.1052
vn -0.9965 0.0117 0.0826
vn -0.9501 0.0111 0.3118
vn -0.1675 -0.0014 0.9859
vn -0.2964 -0.0007 0.9551
vn -0.7130 -0.0012 0.7012
vn -0.7045 0.0015 0.7097
vn -0.1409 -0.0017 0.9900
vn -0.7371 -0.0013 0.6758
vn -0.9787 0.0073 0.2054
vn -0.4693 0.0016 0.8831
vn -0.1365 -0.0019 0.9906
vn -0.7276 0.0167 -0.6858
vn -0.9924 0.0102 -0.1230
vn -0.9536 -0.0093 -0.3010
vn -0.9376 0.0130 -0.3475
vn -0.9720 0.0123 -0.2345
vn -0.2151 0.0145 -0.9765
vn -0.4900 0.0192 -0.8715
vn -0.6917 0.0186 -0.7219
vn -0.5128 0.0178 -0.8583
vn -0.1197 0.0145 -0.9927
vn -0.1106 0.0142 -0.9938
vn -0.9918 0.0154 -0.1267
vn -0.7191 0.0146 -0.6947
vn -0.0741 -0.0126 -0.9972
vn -0.0178 0.0049 -0.9998
vn -0.0264 0.0082 -0.9996
vn -0.0205 0.0079 -0.9998
vn -0.0384 0.0124 -0.9992
vn -0.0258 -0.0428 -0.9988
vn -0.0677 0.0039 -0.9977
vn -0.0810 0.0201 -0.9965
vn -0.0804 0.0186 -0.9966
vn -0.0142 0.0102 -0.9998
vn -0.0170 0.0259 -0.9995
vn -0.0221 0.0203 -0.9996
vn -0.0295 0.0327 -0.9990
vn -0.8825 0.0742 -0.4645
vn -0.0518 0.0077 -0.9986
vn -0.0363 0.0043 -0.9993
vn -0.0354 0.0151 -0.9993
vn -0.0201 -0.0776 -0.9968
vn -0.0036 -0.1372 -0.9905
vn -0.2865 -0.1991 -0.9372
vn -0.4868 0.7180 -0.4975
vn -0.0909 0.1307 -0.9872
vn -0.5868 0.8077 -0.0576
vn -0.9268 0.3230 -0.1914
vn -0.3345 -0.0121 -0.9423
vn -0.9959 0.0093 -0.0903
vn -0.5344 0.8451 -0.0130
vn -0.5585 0.8295 -0.0042
vn -0.5309 0.8473 -0.0135
vn -0.5027 0.8644 -0.0075
vn -0.5927 0.8054 -0.0102
vn -0.5181 0.8553 -0.0080
vn -0.9380 0.3333 -0.0954
vn -0.9710 0.2084 -0.1173
vn -0.9982 0.0130 -0.0577
vn -0.9994 0.0234 -0.0264
vn -0.9978 -0.0393 -0.0543
vn -0.9964 0.0615 -0.0592
vn -0.9952 -0.0008 -0.0979
vn -0.9981 0.0622 -0.0043
vn -0.5024 0.8630 0.0528
vn -0.7740 0.6189 0.1335
vn -0.9963 0.0220 0.0826
vn -0.9971 -0.0745 -0.0177
vn -0.9894 0.1452 0.0024
vn -0.3642 0.1799 0.9138
vn -0.9809 -0.1939 -0.0120
vn -0.9618 -0.2733 -0.0142
vn -0.8156 -0.5784 -0.0149
vn -0.6251 -0.7805 -0.0075
vn -0.4442 0.8959 -0.0021
vn -0.9595 0.0552 -0.2764
vn -0.8823 0.4444 -0.1550
vn -0.1818 0.9833 0.0078
vn -0.5438 0.8392 0.0005
vn -0.7142 0.7000 -0.0041
vn -0.9893 0.1455 -0.0101
vn -0.6007 0.7994 -0.0080
vn -0.9989 0.0098 0.0454
vn -0.9799 0.1969 0.0311
vn -0.9922 0.1242 -0.0057
vn -0.9015 -0.4324 -0.0212
vn -0.5134 0.8581 -0.0073
vn -0.2457 0.9693 -0.0106
vn -0.6654 0.7460 -0.0263
vn -0.9494 0.3132 -0.0242
vn -0.7006 0.7136 -0.0009
vn -0.5998 0.7999 -0.0186
vn -0.9650 0.2498 -0.0800
vn -0.7130 0.0273 0.7007
vn -0.5503 0.0221 0.8347
vn -0.8707 0.0416 0.4901
vn -0.5521 0.0213 0.8335
vn -0.9887 0.0403 -0.1441
vn -0.7778 0.0403 -0.6272
vn -0.9854 0.1136 -0.1267
vn -0.4228 0.9062 -0.0114
vn -0.9901 0.1403 0.0090
vn -0.1265 0.9920 0.0039
vn -0.6259 0.0481 -0.7784
vn -0.6382 0.0592 -0.7676
vn -0.9991 -0.0002 -0.0421
vn -0.3450 0.9385 -0.0124
vn -0.4284 0.9036 -0.0093
vn -0.5935 0.8048 -0.0121
vn -0.4675 0.8839 -0.0131
vn 0.2707 0.9626 -0.0086
vn -0.6841 -0.7292 0.0188
vn -0.6229 -0.7823 0.0046
vn -0.7593 -0.6506 -0.0096
vn -0.9859 -0.1669 -0.0089
vn -0.9837 0.1798 -0.0081
vn -0.4643 -0.8857 -0.0015
vn -0.9955 0.0859 0.0387
vn -0.0186 0.9997 -0.0128
vn -0.8367 -0.5477 0.0054
vn -0.9933 0.1138 -0.0216
vn -0.6475 0.0230 0.7617
vn -0.6551 0.0166 0.7554
vn -0.9476 0.3138 -0.0599
vn -0.9997 0.0132 0.0192
vn -0.8090 0.0160 0.5876
vn -0.7415 0.0530 -0.6689
vn -0.9644 0.0398 0.2615
vn -0.9964 0.0574 -0.0630
vn -0.4423 0.0223 0.8966
vn -0.6202 0.0275 0.7839
vn -0.6121 0.0429 -0.7896
vn -0.6144 0.0424 -0.7878
vn -0.6610 0.0512 -0.7487
vn -0.6253 0.7804 -0.0014
vn -0.8796 0.4742 0.0382
vn -0.3888 0.9213 -0.0023
vn -0.9601 0.0533 -0.2747
vn -0.9382 -0.0040 -0.3462
vn -0.7304 0.6829 -0.0120
vn -0.9932 0.1008 -0.0574
vn -0.6346 0.7729 -0.0020
vn -0.8110 0.0243 -0.5845
vn -0.9997 0.0077 -0.0213
vn -0.9710 -0.2387 -0.0158
vn -0.9952 0.0495 0.0850
vn -0.9469 0.3214 0.0081
vn 0.9107 0.4128 -0.0122
vn -0.9072 -0.4204 -0.0145
vn -0.8319 -0.5549 -0.0088
vn -0.6276 -0.7785 -0.0027
vn -0.9860 -0.1668 0.0077
vn -0.7789 -0.6270 -0.0143
vn -0.4694 -0.8830 -0.0013
vn -0.8202 -0.5719 -0.0099
vn -0.5251 0.8510 -0.0036
vn -0.0465 -0.0194 0.9987
vn -0.0568 -0.0056 0.9984
vn -0.0462 -0.0338 0.9984
vn -0.0157 -0.0077 0.9998
vn -0.1435 -0.0039 0.9896
vn -0.0488 -0.0098 0.9988
vn -0.0428 -0.0127 0.9990
vn -0.0671 -0.0020 0.9977
vn -0.4226 0.0210 0.9061
vn -0.5851 0.0311 0.8104
vn -0.5872 0.0313 0.8088
vn -0.0652 0.0416 0.9970
vn -0.0651 -0.0037 0.9979
vn -0.0845 -0.0238 0.9961
vn -0.0566 0.0298 0.9980
vn -0.0597 0.0400 0.9974
vn -0.0650 0.0614 0.9960
vn -0.5203 0.8540 0.0058
vn -0.5432 0.8395 0.0100
vn -0.4577 0.6792 0.5738
vn -0.5320 0.8467 0.0016
vn -0.5133 0.8582 -0.0015
vn -0.1719 0.1995 -0.9647
vn -0.9555 -0.0443 -0.2915
vn -0.8352 0.5081 -0.2103
vn -0.5127 0.8585 -0.0086
vn -0.9991 0.0422 -0.0062
vn -0.9858 -0.0925 -0.1404
vn -0.9530 0.2635 -0.1498
vn -0.8468 0.5255 -0.0821
vn -0.9926 -0.0646 -0.1025
vn -0.9779 -0.2089 -0.0080
vn -0.9865 -0.1640 -0.0013
vn -0.9957 -0.0925 -0.0024
vn -0.5822 0.8130 -0.0095
vn -0.5050 0.8631 -0.0043
vn -0.5157 0.8566 0.0179
vn -0.5410 0.8213 0.1811
vn -0.9737 -0.2265 0.0238
vn -0.9993 -0.0387 0.0002
vn -0.8165 0.5757 -0.0439
vn -0.9767 -0.2134 0.0241
vn -0.9606 0.0882 0.2635
vn -0.9974 0.0720 0.0051
vn -0.8525 -0.2011 0.4825
vn -0.0916 0.0576 0.9941
vn -0.0976 0.0285 0.9948
vn -0.9997 -0.0036 -0.0221
vn -0.6292 0.7772 0.0041
vn -0.5991 0.8006 -0.0096
vn -0.9310 0.3645 -0.0178
vn -0.3426 0.9393 0.0193
vn -0.9946 0.0968 0.0370
vn -0.9911 -0.1318 -0.0184
vn -0.9941 0.1081 -0.0134
vn -0.6271 -0.7788 -0.0147
vn -0.9897 -0.0420 0.1370
vn -0.4949 -0.8687 -0.0201
vn -0.7065 0.0184 0.7074
vn -0.6673 0.0299 0.7442
vn -0.8058 0.0405 0.5908
vn -0.9839 0.0668 0.1655
vn -0.7743 0.0347 -0.6319
vn -0.5195 0.0099 -0.8544
vn -0.5021 0.0087 -0.8648
vn -0.7299 -0.6664 -0.1522
vn -0.7957 0.0502 -0.6036
vn -0.9938 0.0934 -0.0607
vn -0.9990 0.0179 -0.0411
vn -0.9923 0.1154 0.0458
vn -0.8130 0.5821 -0.0141
vn -0.5377 0.8431 -0.0064
vn -0.4036 0.9149 -0.0041
vn -0.4730 0.8810 -0.0116
vn -0.6390 -0.7692 -0.0046
vn -0.5236 -0.8519 -0.0073
vn -0.0406 -0.9992 -0.0014
vn -0.7097 -0.7044 -0.0110
vn -0.5863 -0.8101 -0.0062
vn -0.9752 0.0809 0.2063
vn -0.4806 -0.8766 -0.0229
vn -0.7390 0.6737 0.0039
vn -0.6624 -0.7491 -0.0037
vn -0.6387 -0.7694 0.0025
vn -0.4380 -0.8986 0.0246
vn -0.6155 0.0240 0.7877
vn -0.7053 0.0486 0.7072
vn -0.9744 0.0672 -0.2145
vn -0.6769 0.0846 0.7312
vn -0.9972 0.0529 0.0534
vn -0.6986 0.0342 -0.7147
vn -0.6795 0.0355 -0.7328
vn -0.9880 0.1495 0.0393
vn -0.6384 0.7696 -0.0130
vn -0.9848 0.1648 -0.0542
vn -0.2816 0.9595 -0.0097
vn -0.3612 0.9325 0.0006
vn -0.4910 -0.8709 -0.0214
vn -0.6477 -0.7618 -0.0066
vn -0.5130 -0.8583 -0.0135
vn -0.9960 -0.0615 -0.0642
vn -0.7452 -0.6668 -0.0030
vn -0.6130 -0.7901 0.0029
vn -0.7150 -0.6991 0.0046
vn -0.4681 0.8837 -0.0019
vn -0.6732 0.7394 0.0025
vn -0.4365 0.8997 -0.0016
vn -0.6866 -0.7270 0.0078
vn -0.5229 0.8524 0.0041
vn -0.9496 0.3131 -0.0153
vn -0.6063 0.7952 0.0060
vn -0.9949 0.0816 -0.0601
vn -0.2347 -0.9721 0.0004
vn -0.5888 -0.8083 0.0051
vn -0.9981 -0.0396 0.0478
vn -0.7193 0.0266 0.6941
vn -0.6018 0.0051 0.7986
vn -0.6108 0.0262 0.7913
vn -0.9256 0.0622 0.3733
vn -0.3789 0.0082 0.9254
vn -0.8978 0.0858 -0.4319
vn -0.6432 0.0533 -0.7638
vn -0.5977 0.0331 -0.8010
vn -0.9461 -0.1289 -0.2970
vn -0.5235 0.8520 -0.0043
vn -0.4031 0.9151 -0.0007
vn -0.9908 -0.1346 -0.0168
vn -0.5875 -0.8092 -0.0093
vn -0.9941 0.1085 -0.0087
vn -0.7479 0.6638 -0.0087
vn -0.7638 0.6454 -0.0036
vn -0.7173 0.6968 -0.0040
vn -0.9941 0.1084 -0.0106
vn -0.9954 0.0951 -0.0103
vn -0.9768 -0.2136 -0.0109
vn -0.6375 0.7704 -0.0131
vn -0.8910 0.4538 -0.0114
vn -0.6374 0.7704 -0.0134
vn -0.7662 0.6424 -0.0118
vn -0.5914 0.8063 -0.0086
vn -0.7682 -0.6402 -0.0101
vn -0.7400 -0.6726 -0.0030
vn -0.9809 0.1480 0.1263
vn -1.0000 0.0056 -0.0027
vn -0.9751 -0.1282 -0.1811
vn -0.6755 0.7374 0.0022
vn -0.9930 0.1178 -0.0085
vn -0.8909 0.4540 0.0104
vn -0.9964 -0.0613 0.0594
vn -0.9822 0.1834 0.0415
vn -0.9934 0.1137 -0.0123
vn -0.9927 0.1202 -0.0080
vn -0.9885 0.1431 0.0496
vn -0.6744 -0.7383 0.0059
vn -0.6143 0.0382 0.7881
vn -0.5525 0.0333 0.8329
vn -0.3217 0.0289 0.9464
vn -0.3186 0.0292 0.9475
vn -0.7350 -0.6781 -0.0026
vn -0.8830 -0.4692 -0.0095
vn -0.5976 -0.8018 -0.0101
vn -0.6907 0.7230 -0.0106
vn -0.8021 0.5970 -0.0163
vn -0.8545 0.5186 -0.0294
vn -0.9997 -0.0203 -0.0122
vn -0.7755 0.6313 -0.0139
vn -0.9216 0.3880 -0.0072
vn -0.9673 0.2525 -0.0221
vn -0.9395 0.3421 -0.0149
vn -0.8672 -0.4977 -0.0138
vn -0.8655 -0.5009 -0.0090
vn -1.0000 0.0042 0.0035
vn -0.9818 -0.1886 -0.0235
vn -0.9990 0.0421 0.0166
vn -0.9144 -0.4048 -0.0047
vn -0.9023 -0.4311 0.0009
vn -0.6829 0.7304 0.0147
vn -0.8933 0.4492 0.0147
vn -0.8408 0.5411 -0.0147
vn -0.8621 0.5066 0.0056
vn -0.6138 -0.7894 -0.0042
vn -0.8792 -0.4617 0.1176
vn -0.6793 0.7338 -0.0067
vn -0.8426 0.5383 -0.0161
vn -0.8771 0.4801 -0.0129
vn -0.9940 0.1088 -0.0135
vn -0.9937 -0.1109 -0.0143
vn -0.9985 -0.0536 -0.0097
vn -0.9498 0.3127 -0.0088
vn -0.9518 0.3068 -0.0037
vn -0.8464 0.5326 -0.0050
vn -0.9903 0.1382 -0.0143
vn -0.5676 0.8076 -0.1599
vn -0.9737 0.2279 -0.0044
vn -0.9923 0.1236 -0.0049
vn -0.9993 0.0366 -0.0019
vn -0.9996 0.0294 -0.0015
vn -0.9986 0.0456 0.0281
vn -0.9952 -0.0975 -0.0108
vn -0.9830 0.1831 -0.0110
vn -0.7045 -0.7097 0.0021
vn -0.9895 0.1332 0.0564
vn -0.7920 -0.5621 0.2383
vn -0.7038 -0.7104 -0.0049
vn -0.9949 0.0975 -0.0263
vn -0.6857 0.7278 -0.0105
vn -0.9542 0.2992 -0.0047
vn -0.9436 0.3305 -0.0189
vn -0.9960 0.0890 0.0051
vn -0.6128 0.0265 0.7898
vn -0.6743 0.0335 0.7377
vn -0.8937 0.0552 0.4453
vn -0.4971 0.0015 0.8677
vn -0.5334 -0.0147 0.8457
vn -0.9980 -0.0229 0.0590
vn -0.6746 0.0264 0.7377
vn -0.4650 0.0204 0.8851
vn -0.4605 0.0194 0.8875
vn -0.9951 0.0977 -0.0119
vn -0.8914 0.4532 0.0076
vn -0.0195 -0.1419 0.9897
vn -0.5292 0.0461 0.8473
vn -0.5155 0.0471 0.8556
vn -0.6135 0.0536 0.7878
vn -0.9837 0.1733 0.0480
vn -0.9983 0.0401 0.0419
vn -0.9971 0.0763 -0.0055
vn -0.6164 0.7874 -0.0009
vn -0.7172 0.6969 0.0009
vn -0.6960 0.7180 -0.0077
vn -0.9879 0.1549 -0.0013
vn -0.9827 0.1852 -0.0010
vn -0.6450 0.0528 -0.7624
vn -0.4255 0.0619 -0.9028
vn -0.5604 0.0456 -0.8269
vn -0.9815 -0.1707 -0.0870
vn -0.9876 0.1439 -0.0621
vn -0.6370 0.0646 -0.7681
vn -0.6486 0.0728 -0.7576
vn -0.9937 0.1124 -0.0042
vn -0.9454 -0.3259 -0.0091
vn -0.7369 -0.6760 -0.0007
vn -1.0000 0.0013 -0.0075
vn -0.9535 0.3011 -0.0114
vn -0.9944 0.0991 -0.0367
vn -0.7585 0.6516 -0.0032
vn -0.6378 0.7701 -0.0116
vn -0.7071 -0.7071 -0.0027
vn -0.4236 0.9058 0.0063
vn -0.6482 0.7614 -0.0110
vn -0.7308 0.6825 -0.0104
vn -0.9934 0.1138 -0.0113
vn -0.9940 0.1085 -0.0102
vn -0.7778 0.0970 -0.6210
vn -0.6754 0.1211 -0.7274
vn -0.8631 0.1370 0.4862
vn -0.4572 0.0642 -0.8870
vn -0.5034 0.0749 -0.8608
vn -0.7282 0.0722 -0.6816
vn -0.9982 0.0473 -0.0362
vn -0.8014 0.5979 -0.0144
vn -1.0000 0.0081 -0.0043
vn -0.7157 0.6984 0.0032
vn -0.9971 -0.0756 -0.0103
vn -0.7692 -0.6388 -0.0158
vn -0.9963 -0.0349 -0.0783
vn -0.9926 0.1147 -0.0398
vn -0.8628 0.5055 0.0014
vn -0.8391 -0.5440 -0.0017
vn -0.8768 0.4805 0.0207
vn -0.8450 0.5347 -0.0120
vn -0.6154 0.7878 -0.0241
vn -0.9747 0.2232 -0.0118
vn -0.9923 -0.1216 -0.0236
vn -0.9813 0.1922 0.0067
vn -0.8324 0.5530 -0.0369
vn -0.6032 0.7976 0.0010
vn -0.9845 0.1753 -0.0061
vn -0.8637 0.5040 0.0067
vn -0.9434 -0.3315 -0.0037
vn -0.9930 0.1165 0.0182
vn -0.9971 0.0747 -0.0147
vn -0.6651 -0.7466 -0.0117
vn -0.9767 -0.2145 -0.0002
vn -0.9968 0.0804 -0.0043
vn -0.9996 -0.0280 -0.0099
vn -0.9964 0.0845 0.0017
vn -0.9640 0.2596 0.0577
vn -0.8970 0.4171 -0.1461
vn -0.9562 0.2919 0.0215
vn -0.9349 0.3550 0.0033
vn -0.7424 0.6699 0.0112
vn -0.9582 0.2855 0.0179
vn -0.6560 0.7548 -0.0023
vn -0.8573 0.5141 -0.0256
vn -0.8410 -0.5410 -0.0079
vn -0.6673 -0.7448 -0.0018
vn -0.5770 -0.8167 -0.0063
vn -0.7359 -0.6769 -0.0156
vn -0.6808 -0.7325 -0.0050
vn -0.8995 0.4344 0.0477
vn -0.9117 0.4103 -0.0223
vn -0.9054 -0.4244 0.0043
vn -0.8998 -0.4363 -0.0071
vn -0.9901 0.1402 -0.0102
vn -0.8460 0.4162 -0.3333
vn -0.9996 0.0284 -0.0013
vn -0.9980 -0.0638 -0.0021
vn -0.8332 0.5530 -0.0043
vn -0.9509 0.3095 -0.0091
vn -0.9913 -0.1311 -0.0064
vn -0.8812 -0.4727 -0.0096
vn -0.8605 0.5093 -0.0127
vn -0.8300 0.5576 -0.0111
vn -0.9868 0.1619 -0.0065
vn -0.4850 -0.8745 0.0019
vn -0.6953 -0.7186 -0.0128
vn -0.7226 -0.6913 -0.0017
vn -0.9781 -0.2079 -0.0059
vn -0.9892 -0.1468 -0.0052
vn -0.9862 -0.1656 -0.0043
vn -0.4813 -0.8765 0.0062
vn -0.2701 -0.9628 0.0055
vn -0.5282 -0.8491 -0.0047
vn -0.2042 -0.9789 -0.0042
vn -0.1819 -0.9833 -0.0014
vn -0.6680 0.7441 -0.0083
vn -0.8247 0.5652 -0.0195
vn -0.3961 0.9182 0.0061
vn -0.9673 0.2533 -0.0093
vn -0.9665 0.2565 -0.0057
vn -0.9980 0.0627 -0.0097
vn -0.9972 0.0740 -0.0107
vn -0.3867 0.9222 -0.0044
vn -0.7664 0.6417 -0.0279
vn -0.7063 0.7071 -0.0347
vn -0.1994 0.9799 -0.0112
vn -0.1747 0.9846 -0.0071
vn -0.4938 -0.8695 0.0045
vn -0.7202 -0.6937 -0.0077
vn -0.6942 -0.7198 0.0045
vn -0.9760 -0.2176 -0.0100
vn -0.6785 -0.7346 0.0061
vn -0.9883 -0.1524 -0.0094
vn -0.9919 -0.1261 -0.0115
vn -0.2030 -0.9792 0.0048
vn -0.5096 -0.8604 -0.0032
vn -0.2043 -0.9789 0.0016
vn -0.1782 -0.9840 -0.0013
vn -0.7175 0.6966 -0.0044
vn -0.6696 0.7424 0.0215
vn -0.2997 -0.3437 0.8900
vn -0.9607 0.2776 -0.0078
vn -0.9590 0.2835 -0.0047
vn -0.9955 0.0948 -0.0088
vn -0.7922 0.6076 -0.0571
vn -0.2931 0.9559 -0.0183
vn -0.4354 0.9002 -0.0012
vn -0.4764 0.8791 -0.0111
vn -0.8093 0.5867 -0.0263
vn -0.9936 0.1128 -0.0101
vn -0.9952 0.0943 0.0256
vn -0.9660 0.0597 -0.2516
vn -0.9568 0.0532 -0.2859
vn -0.3651 0.9310 -0.0076
vn -0.9649 0.0779 -0.2509
vn -0.9612 0.0442 -0.2723
vn -0.9951 0.0990 0.0067
vn -0.9713 0.0598 -0.2303
vn -0.9501 0.3118 -0.0035
vn -0.9634 -0.2670 -0.0219
vn -0.9599 0.0543 -0.2752
vn -0.9917 -0.1282 -0.0069
vn -0.9482 0.0593 -0.3122
vn -0.9543 0.0270 -0.2975
vn -0.5877 -0.8091 -0.0020
vn -0.7090 0.7050 0.0163
vn -0.9997 -0.0244 -0.0102
vn -0.5124 -0.8587 -0.0093
vn -0.9944 -0.0963 0.0426
vn -0.9515 -0.3072 0.0133
vn -0.5880 0.0172 0.8087
vn -0.6302 0.0301 0.7759
vn -0.6589 0.0198 0.7520
vn -0.9993 -0.0375 0.0062
vn -0.6772 0.0271 0.7353
vn -0.9982 0.0452 0.0387
vn -0.9954 0.0492 0.0818
vn -0.5887 0.0457 -0.8070
vn -0.7321 0.0412 -0.6800
vn -0.6240 0.0465 -0.7801
vn -0.8332 0.0472 -0.5510
vn -0.9923 -0.1012 -0.0719
vn -0.9945 0.0960 -0.0419
vn -0.9989 0.0463 0.0077
vn -0.9795 0.0512 -0.1947
vn -0.9112 0.4118 0.0038
vn -0.4202 0.9074 -0.0012
vn -0.6776 0.7352 -0.0168
vn -0.9914 0.1301 -0.0156
vn -0.9736 0.0501 -0.2227
vn -0.7080 -0.7052 -0.0382
vn -0.9737 -0.2277 -0.0076
vn -0.9961 -0.0880 -0.0000
vn -0.8702 0.4927 0.0050
vn -0.9972 0.0742 -0.0016
vn -0.7151 -0.6990 -0.0097
vn -0.5134 -0.8581 0.0062
vn -0.9734 0.0654 -0.2198
vn -0.9818 0.0324 -0.1871
vn -0.9288 -0.3705 -0.0093
vn -0.9697 0.0544 -0.2381
vn -0.9783 0.0312 -0.2048
vn -0.9763 0.0549 -0.2094
vn -0.9723 0.0744 -0.2214
vn -0.9752 0.0777 -0.2072
vn -0.9839 0.0256 -0.1766
vn -0.9684 0.0719 -0.2387
vn -0.9820 0.0448 -0.1835
vn -0.9636 0.0725 -0.2574
vn -0.9748 0.0402 -0.2193
vn -0.9757 0.0332 -0.2165
vn -0.9573 0.0437 -0.2857
vn -0.9988 -0.0459 -0.0163
vn -0.9606 0.0620 -0.2708
vn -0.9837 -0.1791 -0.0148
vn -0.4699 0.0285 -0.8823
vn -0.4784 0.0276 -0.8777
vn -0.7868 0.4609 -0.4105
vn -0.9772 0.2122 0.0111
vn -0.9929 0.1141 0.0330
vn -0.7803 0.6254 0.0036
vn -0.5818 0.8133 0.0073
vn -0.9386 -0.2867 -0.1919
vn -0.9928 0.0992 -0.0672
vn -0.8602 -0.5100 -0.0062
vn -0.8320 -0.5547 -0.0133
vn -0.8085 0.5878 -0.0265
vn -0.9881 -0.0427 0.1476
vn -0.9680 0.2373 0.0816
vn -0.6282 0.7779 -0.0139
vn -0.9321 0.2885 -0.2190
vn -0.4840 0.0566 -0.8733
vn -0.3843 0.0375 -0.9225
vn -0.5718 0.0562 -0.8184
vn -0.9037 0.4031 -0.1443
vn -0.4611 0.0563 -0.8856
vn -0.9752 -0.1211 -0.1854
vn -0.9743 -0.2254 0.0006
vn -0.9183 -0.3959 0.0099
vn -0.7233 -0.6905 0.0106
vn -0.9971 0.0123 -0.0756
vn -0.9652 -0.1845 0.1854
vn -0.4617 0.0565 -0.8852
vn -0.9299 0.3658 -0.0384
vn -0.6883 0.7229 -0.0614
vn -0.4325 0.1503 -0.8890
vn -0.6185 0.7852 -0.0286
vn -0.8906 0.4546 -0.0136
vn -0.8759 -0.4825 0.0039
vn -0.9726 0.1561 0.1720
vn -0.6799 -0.7333 -0.0006
vn -0.9801 -0.1198 0.1581
vn -0.8452 0.5328 0.0410
vn -0.8955 0.4445 -0.0196
vn -0.8448 0.5350 -0.0123
vn -0.9367 -0.3114 0.1603
vn -0.7301 -0.6833 0.0034
vn -0.8744 -0.4020 0.2716
vn -0.9993 -0.0332 0.0154
vn -0.8454 0.5342 -0.0007
vn -0.9933 0.0988 0.0599
vn -0.9978 -0.0645 -0.0132
vn -0.9899 0.1410 -0.0141
vn -0.9899 0.1406 -0.0204
vn -0.9664 0.2563 -0.0190
vn -0.7747 0.6322 0.0115
vn -0.9711 0.2386 0.0015
vn -0.9917 0.1280 -0.0133
vn -0.8783 0.4764 0.0399
vn -0.9813 -0.1922 -0.0071
vn -0.9796 -0.2007 -0.0093
vn -0.9970 -0.0766 -0.0125
vn -0.9635 0.2678 -0.0025
vn -0.7772 0.6292 -0.0000
vn -0.8098 0.5864 -0.0177
vn -0.6181 0.0445 0.7848
vn -0.5464 0.0265 0.8371
vn -0.5247 0.0273 0.8509
vn -0.9938 0.0959 0.0557
vn -0.6434 -0.7654 0.0128
vn -0.6887 0.7249 -0.0113
vn -0.6087 0.7934 -0.0072
vn -0.6196 0.0219 0.7846
vn -0.5453 0.0138 0.8381
vn -0.4711 0.0193 0.8819
vn -0.5265 0.0160 0.8500
vn -0.4866 0.0243 0.8733
vn -0.3021 -0.0037 0.9533
vn -0.3891 -0.0254 0.9208
vn -0.6108 0.0287 0.7913
vn -0.2975 0.0367 0.9540
vn -0.9916 -0.0121 0.1289
vn -0.9888 0.1481 0.0194
vn -0.1155 -0.9932 0.0168
vn -0.1128 -0.9838 0.1393
vn -0.1198 -0.9928 0.0022
vn -0.1135 -0.9855 0.1260
vn -0.1195 -0.9928 -0.0010
vn -0.0619 -0.3966 -0.9159
vn -0.1241 -0.9533 -0.2754
vn -0.0461 0.0214 -0.9987
vn -0.0162 0.0171 -0.9997
vn -0.0065 0.0089 -0.9999
vn -0.0504 0.0338 -0.9982
vn -0.3429 0.0550 -0.9377
vn -0.5915 0.0790 -0.8024
vn 0.1232 -0.0014 -0.9924
vn 0.0062 0.0195 -0.9998
vn -0.0067 -0.0106 -0.9999
vn -0.0048 0.0079 -1.0000
vn -0.0262 0.0107 -0.9996
vn -0.0105 0.0607 -0.9981
vn -0.0034 0.0154 -0.9999
vn 0.0094 0.0024 -1.0000
vn -0.0195 -0.0070 -0.9998
vn -0.1364 -0.0120 -0.9906
vn -0.1713 0.2901 -0.9415
vn -0.1534 0.0985 -0.9832
vn -0.4167 0.5965 -0.6860
vn -0.0410 -0.0359 -0.9985
vn -0.0196 -0.0292 -0.9994
vn -0.2122 -0.2383 -0.9477
vn -0.1616 -0.2836 -0.9452
vn -0.5296 0.1160 -0.8403
vn -0.1375 -0.0793 -0.9873
vn -0.4079 0.3660 -0.8365
vn -0.1107 -0.9286 0.3541
vn -0.0753 -0.3216 0.9439
vn -0.0930 -0.9957 -0.0024
vn -0.1084 -0.9941 -0.0001
vn -0.3288 -0.9444 0.0019
vn -0.0489 -0.0052 0.9988
vn -0.9922 0.0903 -0.0861
vn -0.9889 0.0868 0.1207
vn -0.0932 -0.6564 -0.7486
vn -0.1204 0.0047 0.9927
vn -0.0627 0.0101 0.9980
vn -0.0244 0.0185 0.9995
vn -0.0018 -0.1287 0.9917
vn -0.0393 -0.0173 0.9991
vn -0.0006 -0.1459 0.9893
vn -0.0017 -0.1417 0.9899
vn -0.0474 -0.0018 0.9989
vn -0.0432 -0.0076 0.9990
vn -0.0680 0.0087 0.9976
vn -0.0431 -0.0033 0.9991
vn -0.0069 0.0005 1.0000
vn -0.0081 -0.0001 1.0000
vn -0.0078 -0.0000 1.0000
vn -0.0054 0.0005 1.0000
vn -0.0075 0.0003 1.0000
vn -0.0088 -0.0003 1.0000
vn -0.0071 0.0041 1.0000
vn -0.0066 -0.0017 1.0000
vn -0.0046 0.0041 1.0000
vn -0.0338 0.0044 0.9994
vn -0.0076 -0.0000 1.0000
vn -0.0165 -0.0233 0.9996
vn -0.0119 0.0023 0.9999
vn -0.0771 0.0363 0.9964
vn -0.0069 -0.0008 1.0000
vn -0.0092 0.0026 1.0000
vn -0.0068 -0.0021 1.0000
vn -0.0075 0.0023 1.0000
vn -0.0094 0.0018 1.0000
vn -0.0113 0.0033 0.9999
vn -0.0095 0.0065 0.9999
vn -0.0061 -0.0030 1.0000
vn -0.0085 0.0002 1.0000
vn -0.0082 0.0001 1.0000
vn -0.0137 -0.0032 0.9999
vn -0.0091 0.0004 1.0000
vn -0.0084 0.0001 1.0000
vn -0.0241 0.0004 0.9997
vn -0.0099 0.0021 0.9999
vn -0.0111 0.0004 0.9999
vn -0.0324 -0.0022 0.9995
vn -0.0091 -0.0006 1.0000
vn -0.0089 -0.0058 0.9999
vn 0.0238 -0.0500 0.9985
vn -0.0115 -0.0000 0.9999
vn -0.0081 0.0017 1.0000
vn -0.1571 -0.1596 0.9746
vn -0.0076 -0.0017 1.0000
vn -0.0070 -0.0017 1.0000
vn -0.0094 -0.0030 1.0000
vn -0.0073 -0.0105 0.9999
vn -0.0102 0.0018 0.9999
vn -0.0137 0.0046 0.9999
vn -0.0044 -0.0089 1.0000
vn -0.0263 0.0024 0.9997
vn -0.0784 -0.0574 0.9953
vn 0.9999 -0.0004 0.0129
vn 0.9998 -0.0001 0.0190
vn 0.9999 -0.0001 0.0154
vn 0.9998 -0.0000 0.0191
vn -0.0000 -1.0000 0.0001
vn -0.0031 -1.0000 -0.0010
vn 0.0009 -1.0000 0.0008
vn -0.0056 -1.0000 -0.0005
vn 0.0001 -1.0000 -0.0000
vn -0.0000 -1.0000 -0.0000
vn -0.0000 -1.0000 -0.0001
vn 0.0003 -1.0000 -0.0004
vn 0.0001 -1.0000 -0.0001
vn 0.0006 -1.0000 -0.0007
vn 0.9999 -0.0079 0.0077
vn 0.9999 -0.0102 0.0078
vn 1.0000 -0.0054 0.0075
vn -0.0000 1.0000 -0.0000
vn 0.0001 1.0000 -0.0000
vn -0.0000 1.0000 0.0005
vn -0.0004 1.0000 -0.0004
vn 0.0002 1.0000 -0.0000
vn 1.0000 0.0025 0.0076
vn 1.0000 0.0039 0.0077
vn 1.0000 0.0026 0.0076
vn 1.0000 0.0010 0.0075
vn 0.9916 0.1293 0.0104
vn 0.8163 -0.5776 0.0052
vn 0.6007 0.7994 0.0086
vn 0.5909 0.8064 0.0206
vn 0.6044 0.7966 0.0054
vn 0.9300 0.3672 0.0137
vn 0.9898 0.1358 0.0434
vn 0.9301 0.3670 0.0137
vn 0.9903 -0.1382 0.0116
vn 0.9941 0.1087 0.0024
vn 0.6094 -0.7926 0.0209
vn 0.9808 0.1494 -0.1257
vn 1.0000 0.0046 0.0033
vn 0.9712 -0.1485 0.1865
vn 0.7405 -0.6720 0.0035
vn 0.9669 0.2546 0.0190
vn 0.8570 0.5149 0.0190
vn 0.9823 -0.1859 0.0208
vn 0.9992 0.0402 -0.0081
vn 0.8622 0.5066 -0.0017
vn 0.6803 0.7329 0.0038
vn 0.9835 0.0657 0.1687
vn 0.9830 0.0516 0.1764
vn 0.9758 0.0521 0.2125
vn 0.9788 0.0427 0.2002
vn 0.9890 0.1030 0.1066
vn 0.9883 0.0113 0.1521
vn 0.9852 0.0726 0.1556
vn 0.9803 0.0462 0.1918
vn -0.0070 -0.0000 1.0000
vn -0.0071 -0.0002 1.0000
vn -0.0075 -0.0000 1.0000
vn -0.0051 -0.0031 1.0000
vn -0.0094 0.0038 0.9999
vn -0.0078 0.0008 1.0000
vn -0.0085 0.0014 1.0000
vn -0.0091 0.0043 0.9999
vn -0.0058 -0.0014 1.0000
vn -0.0063 -0.0017 1.0000
vn -0.0068 0.0043 1.0000
vn -0.0033 0.0046 1.0000
vn -0.0058 -0.0001 1.0000
vn 0.0100 0.0067 0.9999
vn -0.0074 -0.0000 1.0000
vn -0.0027 0.0050 1.0000
vn -0.0086 -0.0035 1.0000
vn -0.0085 -0.0013 1.0000
vn -0.0076 0.0118 0.9999
vn -0.0067 0.0037 1.0000
vn -0.0066 -0.0005 1.0000
vn -0.0067 -0.0000 1.0000
vn -0.0023 0.0045 1.0000
vn -0.0015 0.0053 1.0000
vn -0.0041 -0.0017 1.0000
vn -0.0234 -0.0445 0.9987
vn -0.0058 0.0011 1.0000
vn -0.0072 -0.0000 1.0000
vn -0.0051 0.0010 1.0000
vn -0.0089 -0.0015 1.0000
vn -0.0061 0.0009 1.0000
vn -0.0139 0.0216 0.9997
vn -0.0091 -0.0010 1.0000
vn -0.0056 -0.0019 1.0000
vn -0.0056 0.0018 1.0000
vn 0.0084 0.0018 1.0000
vn -0.0365 -0.0352 0.9987
vn 0.0418 0.0526 0.9977
vn -0.0086 -0.0021 1.0000
vn -0.0093 -0.0015 1.0000
vn -0.0056 0.0046 1.0000
vn -0.0059 0.0004 1.0000
vn -0.0052 -0.0117 0.9999
vn -0.0074 -0.0030 1.0000
vn -0.0015 0.0016 1.0000
vn 0.0455 0.0077 0.9989
vn 0.0851 0.0191 0.9962
vn -1.0000 0.0002 -0.0045
vn -1.0000 -0.0000 -0.0038
vn -1.0000 -0.0003 -0.0055
vn -1.0000 -0.0002 -0.0066
vn -0.8362 0.0224 0.5480
vn -0.6974 0.0203 0.7164
vn -0.8331 0.0233 0.5526
vn -0.6512 0.0199 0.7586
vn -0.1510 0.0101 0.9885
vn -0.1854 0.0110 0.9826
vn -0.6857 0.0204 0.7276
vn -0.9893 0.0185 0.1449
vn -0.9675 0.0221 0.2520
vn -0.2390 0.0125 0.9709
vn -0.9929 0.0174 0.1173
vn 0.2200 0.0091 0.9755
vn 0.1265 0.0082 0.9919
vn 0.0671 0.0081 0.9977
vn 0.9799 -0.0015 0.1992
vn 0.8560 0.0036 0.5169
vn 0.8472 -0.0004 0.5312
vn 0.8089 0.0009 0.5880
vn 0.6903 0.0017 0.7235
vn 0.3225 0.0131 0.9465
vn 0.9867 -0.0035 0.1626
vn 0.9897 -0.0029 0.1434
vn 0.7179 -0.0039 0.6961
vn 0.2403 0.0106 0.9706
vn 0.1187 0.0097 0.9929
vn 0.0574 0.0126 0.9983
vn 0.2696 0.0090 0.9629
vn 0.9803 -0.0016 0.1977
vn 0.9443 -0.0005 0.3290
vn 0.6677 -0.0016 0.7445
vn 0.6795 0.0020 0.7336
vn 0.9848 -0.0021 0.1738
vn 0.6664 0.0009 0.7456
vn 0.1651 0.0073 0.9863
vn 0.8584 0.0035 0.5130
vn 0.9859 -0.0023 0.1670
vn -0.6596 0.0200 0.7513
vn -0.1107 0.0099 0.9938
vn -0.2474 -0.0094 0.9689
vn -0.2974 0.0110 0.9547
vn -0.1916 0.0124 0.9814
vn -0.9662 0.0221 0.2567
vn -0.8405 0.0224 0.5414
vn -0.6942 0.0191 0.7195
vn -0.8404 0.0237 0.5414
vn -0.9882 0.0181 0.1524
vn -0.9902 0.0176 0.1387
vn -0.0840 0.0151 0.9964
vn -0.6856 0.0200 0.7277
vn -0.9955 -0.0157 0.0937
vn -0.9997 0.0062 0.0243
vn -0.9992 0.0087 0.0380
vn -0.9994 0.0101 0.0319
vn -0.9988 0.0096 0.0477
vn -0.9980 -0.0531 0.0338
vn -0.9963 0.0022 0.0860
vn -0.9946 0.0217 0.1014
vn -0.9935 0.0238 0.1110
vn -0.9997 0.0136 0.0192
vn -0.9992 0.0321 0.0229
vn -0.9992 0.0219 0.0333
vn -0.9986 0.0361 0.0378
vn -0.3882 0.0775 0.9183
vn -0.9971 0.0225 0.0729
vn -0.9987 0.0019 0.0518
vn -0.9985 0.0193 0.0512
vn -0.9945 -0.1016 0.0251
vn -0.9855 -0.1696 0.0063
vn -0.9071 -0.2395 0.3460
vn -0.5500 0.7048 0.4480
vn -0.9803 0.1640 0.1104
vn -0.0427 0.8104 0.5843
vn -0.1805 0.3183 0.9307
vn -0.9143 -0.0146 0.4048
vn -0.0764 0.0192 0.9969
vn -0.0114 0.8459 0.5332
vn -0.0042 0.8295 0.5585
vn -0.0119 0.8471 0.5313
vn -0.0057 0.8647 0.5022
vn -0.0153 0.8045 0.5937
vn -0.0078 0.8540 0.5202
vn -0.0750 0.3396 0.9376
vn -0.0687 0.1995 0.9775
vn -0.0557 0.0144 0.9983
vn -0.0230 0.0254 0.9994
vn -0.0509 -0.0392 0.9979
vn -0.0479 0.0632 0.9969
vn -0.0398 0.0129 0.9991
vn -0.0049 0.0622 0.9981
vn 0.0447 0.8633 0.5027
vn 0.1026 0.6164 0.7807
vn 0.0760 0.0233 0.9968
vn -0.0172 -0.0770 0.9969
vn 0.0062 0.1426 0.9898
vn 0.8750 0.2231 0.4297
vn -0.0111 -0.1939 0.9810
vn -0.0122 -0.2743 0.9616
vn -0.0130 -0.5778 0.8161
vn -0.0189 -0.7949 0.6064
vn -0.0020 0.8933 0.4495
vn -0.2745 0.0531 0.9601
vn -0.1562 0.4443 0.8821
vn 0.0043 0.9835 0.1808
vn -0.0050 0.8530 0.5218
vn -0.0058 0.6994 0.7147
vn -0.0103 0.1352 0.9908
vn -0.0083 0.7994 0.6007
vn -0.0156 -0.0155 0.9998
vn -0.0131 0.2188 0.9757
vn -0.0057 0.1239 0.9923
vn -0.0006 -0.4123 0.9111
vn -0.0066 0.8581 0.5134
vn -0.0115 0.9695 0.2449
vn -0.0222 0.7461 0.6654
vn -0.0067 0.3044 0.9525
vn -0.0282 0.7351 0.6774
vn -0.0073 0.8070 0.5905
vn -0.0254 0.2728 0.9617
vn 0.6267 0.0454 0.7779
vn 0.7753 0.0252 0.6311
vn 0.4742 0.0413 0.8795
vn 0.7863 0.0147 0.6176
vn -0.1350 0.0429 0.9899
vn -0.5915 0.0413 0.8052
vn -0.1037 0.1139 0.9881
vn 0.0053 0.9058 0.4237
vn -0.0168 0.1539 0.9879
vn 0.0030 0.9920 0.1265
vn -0.7096 0.0483 0.7030
vn -0.6981 0.0570 0.7137
vn 0.0132 -0.0261 0.9996
vn -0.0102 0.9385 0.3450
vn -0.0081 0.9036 0.4284
vn -0.0045 0.8037 0.5950
vn 0.0048 0.8767 0.4810
vn -0.0066 0.9626 -0.2708
vn -0.0187 -0.7159 0.6980
vn -0.0030 -0.8016 0.5979
vn 0.0110 -0.6662 0.7457
vn -0.0058 -0.1467 0.9892
vn -0.0070 0.1667 0.9860
vn 0.0085 -0.8816 0.4719
vn -0.0139 0.1081 0.9940
vn -0.0103 0.9998 0.0193
vn -0.0041 -0.5311 0.8473
vn -0.0210 0.1105 0.9937
vn 0.6950 0.0166 0.7188
vn 0.6892 0.0304 0.7240
vn -0.0496 0.3140 0.9481
vn -0.0174 -0.0039 0.9998
vn 0.5373 0.0166 0.8432
vn -0.6418 0.0480 0.7653
vn 0.2502 0.0436 0.9672
vn -0.0614 0.0489 0.9969
vn 0.8521 0.0149 0.5232
vn 0.7260 0.0323 0.6869
vn -0.7236 0.0569 0.6879
vn -0.7250 0.0412 0.6875
vn -0.6971 0.0589 0.7146
vn 0.0006 0.7826 0.6225
vn 0.0294 0.4744 0.8798
vn -0.0022 0.9277 0.3734
vn -0.2770 0.0550 0.9593
vn -0.3473 -0.0033 0.9377
vn 0.0129 0.7013 0.7128
vn -0.0025 0.1231 0.9924
vn -0.0023 0.7728 0.6346
vn -0.5556 0.0276 0.8310
vn -0.0102 0.0019 0.9999
vn -0.0157 -0.2381 0.9711
vn 0.0852 0.0481 0.9952
vn 0.0083 0.3207 0.9472
vn -0.0085 0.4125 -0.9109
vn -0.0134 -0.4207 0.9071
vn -0.0056 -0.5414 0.8407
vn -0.0042 -0.7964 0.6048
vn -0.0149 -0.1278 0.9917
vn -0.0140 -0.6271 0.7788
vn -0.0038 -0.8823 0.4707
vn -0.0092 -0.5720 0.8202
vn -0.0025 0.8510 0.5252
vn 0.9981 -0.0251 0.0558
vn 0.9977 -0.0085 0.0672
vn 0.9976 -0.0419 0.0555
vn 0.9996 -0.0085 0.0287
vn 0.9844 -0.0048 0.1756
vn 0.9978 -0.0112 0.0656
vn 0.9979 -0.0193 0.0614
vn 0.9949 -0.0020 0.1010
vn 0.8649 0.0237 0.5013
vn 0.7444 0.0354 0.6668
vn 0.7423 0.0357 0.6691
vn 0.9953 0.0544 0.0803
vn 0.9969 -0.0063 0.0780
vn 0.9945 -0.0172 0.1037
vn 0.9970 0.0366 0.0687
vn 0.9960 0.0519 0.0728
vn 0.9940 0.0762 0.0789
vn 0.0049 0.8537 0.5207
vn 0.0078 0.8408 0.5413
vn 0.4908 0.7230 0.4863
vn 0.0011 0.8463 0.5327
vn -0.0023 0.8586 0.5127
vn -0.9427 0.2563 0.2135
vn -0.2517 -0.0468 0.9667
vn -0.1945 0.5125 0.8364
vn -0.0074 0.8578 0.5139
vn -0.0010 0.0517 0.9987
vn -0.1211 -0.0972 0.9879
vn -0.1225 0.2663 0.9561
vn -0.0645 0.5329 0.8437
vn -0.0758 -0.0654 0.9950
vn -0.0079 -0.2089 0.9779
vn -0.0028 -0.1626 0.9867
vn -0.0028 -0.0951 0.9955
vn -0.0085 0.8130 0.5822
vn -0.0041 0.8632 0.5048
vn 0.0209 0.8521 0.5230
vn 0.1666 0.8090 0.5637
vn 0.0172 -0.2281 0.9735
vn -0.0017 -0.0396 0.9992
vn -0.0332 0.5733 0.8187
vn -0.0284 -0.2555 0.9664
vn 0.2429 0.1138 0.9633
vn 0.0005 0.0781 0.9969
vn 0.4676 -0.2033 0.8602
vn 0.9913 0.0699 0.1112
vn 0.9921 0.0396 0.1189
vn -0.0192 -0.0036 0.9998
vn -0.0112 0.7948 0.6068
vn -0.0070 0.7981 0.6025
vn -0.0151 0.3662 0.9304
vn 0.0150 0.9394 0.3426
vn -0.0141 0.1200 0.9927
vn -0.0142 -0.1359 0.9906
vn -0.0068 0.1085 0.9941
vn -0.0184 -0.7870 0.6167
vn 0.0760 -0.0604 0.9953
vn -0.0169 -0.8688 0.4950
vn 0.6283 0.0300 0.7774
vn 0.6688 0.0365 0.7425
vn 0.5749 0.0500 0.8167
vn 0.1436 0.0660 0.9874
vn -0.5971 0.0324 0.8015
vn -0.8148 0.0241 0.5793
vn -0.8150 0.0097 0.5793
vn -0.1226 -0.6647 0.7370
vn -0.5495 0.0597 0.8334
vn -0.0098 0.1133 0.9935
vn 0.0043 0.0071 1.0000
vn -0.0084 0.1394 0.9902
vn -0.0030 0.5635 0.8261
vn -0.0067 0.8582 0.5132
vn -0.0082 0.9154 0.4025
vn -0.0012 0.8818 0.4717
vn -0.0046 -0.7692 0.6389
vn -0.0120 -0.8509 0.5252
vn -0.0035 -0.9992 0.0392
vn -0.0111 -0.6928 0.7211
vn -0.0109 -0.8060 0.5919
vn 0.1362 0.0635 0.9887
vn -0.0191 -0.8767 0.4807
vn -0.0229 0.6914 0.7221
vn -0.0037 -0.7481 0.6636
vn -0.0109 -0.7813 0.6241
vn 0.0191 -0.8988 0.4380
vn 0.7248 0.0370 0.6880
vn 0.6247 0.0507 0.7792
vn -0.1800 0.0687 0.9813
vn 0.6949 0.0759 0.7151
vn 0.0444 0.0527 0.9976
vn -0.6333 0.0405 0.7728
vn -0.6549 0.0400 0.7547
vn -0.0079 0.1720 0.9851
vn 0.0055 0.7804 0.6253
vn 0.0032 0.1901 0.9818
vn -0.0064 0.9598 0.2806
vn -0.0001 0.9325 0.3612
vn -0.0136 -0.8719 0.4895
vn 0.0024 -0.7696 0.6385
vn -0.0116 -0.8583 0.5130
vn -0.0040 -0.0882 0.9961
vn 0.0012 -0.6616 0.7498
vn 0.0040 -0.7845 0.6201
vn 0.0021 -0.6897 0.7241
vn -0.0033 0.8823 0.4706
vn -0.0160 0.7571 0.6531
vn -0.0010 0.8979 0.4403
vn -0.0144 -0.7383 0.6743
vn 0.0025 0.8524 0.5229
vn -0.0184 0.3154 0.9488
vn 0.0113 0.8080 0.5891
vn -0.0046 0.1036 0.9946
vn -0.0000 -0.9721 0.2347
vn 0.0067 -0.8079 0.5893
vn -0.0148 -0.0663 0.9977
vn 0.6146 0.0171 0.7887
vn 0.7379 0.0130 0.6748
vn 0.7436 0.0384 0.6675
vn 0.3471 0.0631 0.9357
vn 0.8899 0.0094 0.4561
vn -0.4267 0.0716 0.9015
vn -0.7504 0.0440 0.6595
vn -0.7436 0.0435 0.6672
vn -0.2411 -0.1405 0.9603
vn -0.0093 0.8500 0.5266
vn -0.0011 0.9151 0.4031
vn -0.0159 -0.1371 0.9904
vn -0.0083 -0.8091 0.5876
vn -0.0123 0.1085 0.9940
vn 0.0027 0.6488 0.7610
vn -0.0037 0.6458 0.7635
vn -0.0043 0.6968 0.7173
vn -0.0100 0.1085 0.9940
vn -0.0095 0.0948 0.9955
vn -0.0111 -0.2143 0.9767
vn -0.0111 0.7703 0.6375
vn -0.0182 0.4538 0.8909
vn -0.0108 0.7703 0.6375
vn -0.0110 0.6426 0.7661
vn -0.0119 0.8198 0.5725
vn -0.0007 -0.6219 0.7831
vn -0.0033 -0.6723 0.7403
vn 0.1260 0.1490 0.9808
vn -0.0031 0.0051 1.0000
vn -0.1848 -0.1410 0.9726
vn -0.0115 0.7480 0.6636
vn -0.0082 0.1179 0.9930
vn -0.0423 0.4540 0.8900
vn 0.0025 -0.0862 0.9963
vn -0.0041 0.2043 0.9789
vn -0.0113 0.1137 0.9935
vn -0.0079 0.1202 0.9927
vn -0.0076 0.1673 0.9859
vn -0.0080 -0.7496 0.6618
vn 0.7285 0.0348 0.6842
vn 0.7784 0.0437 0.6262
vn 0.9207 0.0348 0.3887
vn 0.9226 0.0353 0.3841
vn -0.0033 -0.6779 0.7352
vn -0.0090 -0.4699 0.8827
vn 0.0088 -0.7972 0.6037
vn -0.0170 0.7407 0.6717
vn -0.0140 0.5965 0.8025
vn -0.0227 0.5162 0.8562
vn -0.0192 0.0009 0.9998
vn -0.0093 0.6124 0.7905
vn -0.0083 0.3876 0.9218
vn -0.0200 0.2540 0.9670
vn -0.0219 -0.1870 0.9821
vn -0.0139 0.3419 0.9396
vn -0.0049 -0.4727 0.8812
vn -0.0086 -0.5015 0.8651
vn -0.0246 0.0024 0.9997
vn 0.0133 0.0408 0.9991
vn -0.0032 -0.4047 0.9145
vn -0.0020 -0.4293 0.9031
vn 0.0028 0.7319 0.6814
vn -0.0172 0.4535 0.8911
vn -0.0154 0.5385 0.8425
vn 0.0031 0.5065 0.8622
vn -0.0049 -0.7879 0.6158
vn 0.0818 -0.4752 0.8761
vn -0.0240 0.7429 0.6689
vn -0.0147 0.5380 0.8428
vn -0.0115 0.4804 0.8770
vn -0.0157 0.1096 0.9939
vn -0.0120 -0.1111 0.9937
vn -0.0100 -0.0541 0.9985
vn -0.0085 0.3128 0.9498
vn -0.0021 0.3070 0.9517
vn -0.0054 0.5320 0.8467
vn -0.0147 0.1373 0.9904
vn -0.1597 0.8079 0.5673
vn -0.0042 0.2297 0.9732
vn -0.0056 0.1249 0.9922
vn -0.0036 0.0371 0.9993
vn -0.0032 0.0282 0.9996
vn -0.0346 0.0185 0.9992
vn -0.0104 -0.0970 0.9952
vn -0.0151 0.1886 0.9819
vn -0.0107 -0.7152 0.6988
vn 0.0124 0.1503 0.9886
vn 0.1995 -0.5614 0.8031
vn -0.0052 -0.7104 0.7038
vn -0.0125 0.1038 0.9945
vn -0.0187 0.7177 0.6961
vn -0.0133 0.2968 0.9548
vn -0.0049 0.3410 0.9401
vn 0.0113 0.0723 0.9973
vn 0.7372 0.0144 0.6755
vn 0.6623 0.0452 0.7479
vn 0.3706 0.0573 0.9270
vn 0.8166 0.0040 0.5772
vn 0.8119 -0.0009 0.5838
vn 0.0102 -0.0319 0.9994
vn 0.6614 0.0387 0.7491
vn 0.8376 0.0240 0.5458
vn 0.8409 0.0228 0.5406
vn 0.0023 0.0857 0.9963
vn 0.0094 0.4488 0.8936
vn 0.9843 -0.1754 0.0223
vn 0.7886 0.0533 0.6125
vn 0.7997 0.0548 0.5979
vn 0.7171 0.0619 0.6942
vn -0.0110 0.1974 0.9803
vn -0.0054 0.0456 0.9989
vn -0.0056 0.0764 0.9971
vn -0.0021 0.7875 0.6164
vn -0.0056 0.6848 0.7287
vn 0.0040 0.7284 0.6851
vn -0.0027 0.1551 0.9879
vn -0.0023 0.1851 0.9827
vn -0.6916 0.0652 0.7193
vn -0.8600 0.0732 0.5049
vn -0.7633 0.0525 0.6439
vn -0.0302 -0.1947 0.9804
vn -0.0094 0.1647 0.9863
vn -0.6983 0.0819 0.7111
vn -0.6855 0.0810 0.7236
vn 0.0018 0.1003 0.9950
vn -0.0111 -0.3228 0.9464
vn -0.0120 -0.6605 0.7508
vn -0.0087 0.0023 1.0000
vn -0.0127 0.3016 0.9533
vn 0.0138 0.1203 0.9926
vn -0.0040 0.6520 0.7582
vn -0.0127 0.7702 0.6377
vn -0.0025 -0.7068 0.7074
vn -0.0103 0.8985 0.4388
vn 0.0116 0.7799 0.6258
vn -0.0118 0.6827 0.7306
vn -0.0127 0.1141 0.9934
vn -0.0104 0.1085 0.9940
vn -0.5451 0.1044 0.8319
vn -0.6499 0.1372 0.7476
vn 0.4079 0.1432 0.9017
vn -0.8434 0.0744 0.5321
vn -0.8055 0.0870 0.5862
vn -0.5978 0.0952 0.7960
vn 0.0165 0.0235 0.9996
vn -0.0156 0.5972 0.8019
vn -0.0019 0.0036 1.0000
vn -0.0052 0.6855 0.7281
vn -0.0113 -0.0756 0.9971
vn 0.0028 -0.6537 0.7567
vn -0.0254 -0.0559 0.9981
vn 0.0194 0.1407 0.9899
vn -0.0050 0.5080 0.8614
vn -0.0066 -0.5335 0.8457
vn 0.0154 0.4796 0.8774
vn -0.0109 0.5345 0.8451
vn -0.0149 0.7875 0.6161
vn -0.0189 0.2324 0.9724
vn -0.0248 -0.1210 0.9923
vn 0.0050 0.1922 0.9813
vn 0.0095 0.5643 0.8255
vn -0.0184 0.7938 0.6079
vn -0.0064 0.1887 0.9820
vn 0.0049 0.5054 0.8628
vn -0.0018 -0.3485 0.9373
vn 0.0094 0.1124 0.9936
vn -0.0163 0.0773 0.9969
vn -0.0097 -0.7452 0.6667
vn -0.0059 -0.2154 0.9765
vn -0.0049 0.0802 0.9968
vn -0.0101 -0.0270 0.9996
vn 0.0096 0.0835 0.9965
vn 0.0417 0.2609 0.9645
vn -0.1194 0.4185 0.9003
vn 0.0158 0.2951 0.9553
vn 0.0033 0.3558 0.9345
vn 0.0078 0.6696 0.7427
vn 0.0132 0.2848 0.9585
vn 0.0073 0.7638 0.6454
vn -0.0273 0.5146 0.8570
vn -0.0075 -0.5412 0.8409
vn -0.0015 -0.7447 0.6674
vn -0.0099 -0.8112 0.5846
vn 0.0079 -0.6929 0.7210
vn -0.0040 -0.7325 0.6808
vn 0.0525 0.4362 0.8983
vn -0.0149 0.4100 0.9120
vn 0.0044 -0.4251 0.9051
vn -0.0060 -0.4365 0.8997
vn -0.0116 0.1396 0.9901
vn -0.3363 0.4188 0.8435
vn -0.0038 0.0303 0.9995
vn -0.0033 -0.0639 0.9980
vn -0.0056 0.5542 0.8324
vn -0.0081 0.3093 0.9509
vn -0.0065 -0.1311 0.9913
vn -0.0079 -0.4710 0.8821
vn -0.0120 0.5084 0.8610
vn -0.0105 0.5575 0.8301
vn -0.0121 0.1580 0.9874
vn 0.0006 -0.8980 0.4400
vn -0.0020 -0.7046 0.7096
vn -0.0124 -0.6740 0.7387
vn -0.0092 -0.1983 0.9801
vn -0.0065 -0.1466 0.9892
vn -0.0049 -0.1656 0.9862
vn -0.0076 -0.8645 0.5026
vn 0.0052 -0.9583 0.2858
vn -0.0029 -0.8732 0.4874
vn -0.0032 -0.9788 0.2048
vn -0.0014 -0.9833 0.1819
vn -0.0096 0.7597 0.6502
vn -0.0175 0.5844 0.8113
vn -0.0057 0.9192 0.3937
vn -0.0077 0.2168 0.9762
vn -0.0083 0.2121 0.9772
vn -0.0088 0.0625 0.9980
vn -0.0101 0.0740 0.9972
vn -0.0013 0.9224 0.3861
vn -0.0248 0.6271 0.7785
vn -0.0266 0.6933 0.7202
vn -0.0087 0.9797 0.2002
vn -0.0059 0.9846 0.1747
vn 0.0032 -0.8912 0.4536
vn 0.0015 -0.6772 0.7358
vn -0.0090 -0.7047 0.7095
vn -0.0097 -0.2047 0.9788
vn -0.0009 -0.7208 0.6931
vn -0.0088 -0.1528 0.9882
vn -0.0107 -0.1262 0.9919
vn 0.0056 -0.9758 0.2187
vn -0.0031 -0.8834 0.4686
vn 0.0004 -0.9788 0.2050
vn -0.0013 -0.9840 0.1782
vn -0.0085 0.6994 0.7147
vn -0.0065 0.7376 0.6752
vn 0.8438 -0.4052 0.3518
vn -0.0070 0.2481 0.9687
vn -0.0060 0.2463 0.9692
vn -0.0076 0.0945 0.9955
vn -0.0518 0.5927 0.8038
vn -0.0151 0.9559 0.2932
vn -0.0039 0.9004 0.4350
vn -0.0099 0.8786 0.4774
vn -0.0226 0.6027 0.7976
vn -0.0096 0.1128 0.9936
vn -0.2015 0.0576 0.9778
vn -0.2013 0.0513 0.9782
vn -0.2461 0.0533 0.9678
vn -0.2400 0.0493 0.9695
vn -0.1748 0.0741 0.9818
vn -0.2176 0.0352 0.9754
vn -0.1915 0.0672 0.9792
vn -0.2268 0.0496 0.9727
vn -0.0291 0.1198 0.9924
vn 0.0108 0.9254 0.3789
vn -0.2004 0.0243 0.9794
vn -0.1827 0.0609 0.9813
vn 0.0049 0.0991 0.9951
vn -0.2137 0.0439 0.9759
vn -0.0080 0.3055 0.9522
vn -0.0073 -0.2672 0.9636
vn -0.2755 0.0543 0.9598
vn -0.0074 -0.1284 0.9917
vn -0.2242 0.0457 0.9735
vn -0.2427 0.0827 0.9666
vn -0.0068 -0.8220 0.5694
vn -0.0249 0.7292 0.6838
vn -0.0098 -0.0244 0.9997
vn 0.0017 -0.8535 0.5212
vn -0.0074 -0.1193 0.9928
vn -0.0283 -0.3077 0.9511
vn 0.7463 0.0196 0.6653
vn 0.7253 0.0286 0.6878
vn 0.6872 0.0346 0.7257
vn 0.0070 -0.0368 0.9993
vn 0.6606 0.0210 0.7505
vn 0.0426 0.0460 0.9980
vn 0.0645 0.0408 0.9971
vn -0.7460 0.0474 0.6642
vn -0.5959 0.0604 0.8008
vn -0.7337 0.0398 0.6783
vn -0.5057 0.0482 0.8614
vn -0.0281 -0.1206 0.9923
vn 0.0114 0.1202 0.9927
vn -0.0189 0.0351 0.9992
vn -0.2631 0.0523 0.9634
vn -0.0120 0.3906 0.9205
vn -0.0124 0.9040 0.4274
vn 0.0044 0.7529 0.6581
vn -0.0159 0.1296 0.9914
vn -0.2236 0.0542 0.9732
vn -0.0119 -0.7059 0.7083
vn -0.0073 -0.2152 0.9765
vn 0.0004 -0.0876 0.9962
vn 0.0022 0.4938 0.8696
vn 0.0003 0.0626 0.9980
vn 0.0115 -0.7180 0.6959
vn -0.0091 -0.8533 0.5214
vn -0.3003 0.0398 0.9530
vn -0.2720 0.0739 0.9594
vn -0.0077 -0.3691 0.9294
vn -0.2798 0.0550 0.9585
vn -0.2590 0.0753 0.9629
vn -0.2429 0.0487 0.9688
vn -0.2865 0.0277 0.9577
vn -0.3127 0.0262 0.9495
vn -0.2823 0.0818 0.9558
vn -0.2828 0.0334 0.9586
vn -0.2739 0.0594 0.9599
vn -0.2918 0.0343 0.9559
vn -0.2262 0.0628 0.9721
vn -0.2355 0.0712 0.9693
vn -0.2635 0.0644 0.9625
vn -0.0149 -0.0435 0.9989
vn -0.2799 0.0453 0.9590
vn -0.0150 -0.1810 0.9834
vn -0.8330 0.0334 0.5523
vn -0.8268 0.0323 0.5616
vn -0.3634 0.4634 0.8082
vn 0.0100 0.2141 0.9768
vn 0.0251 0.1141 0.9931
vn -0.0012 0.6052 0.7961
vn -0.0050 0.8247 0.5655
vn -0.1435 -0.3015 0.9426
vn -0.0157 0.1187 0.9928
vn -0.0084 -0.4909 0.8712
vn -0.0106 -0.5373 0.8433
vn -0.0238 0.5712 0.8204
vn 0.0858 -0.0637 0.9943
vn 0.0300 0.2578 0.9657
vn -0.0229 0.7924 0.6096
vn -0.1621 0.3062 0.9381
vn -0.8192 0.0663 0.5697
vn -0.8866 0.0447 0.4603
vn -0.7582 0.0580 0.6494
vn -0.0975 0.4206 0.9020
vn -0.8373 0.0661 0.5428
vn -0.1332 -0.1382 0.9814
vn 0.0006 -0.2219 0.9751
vn 0.0043 -0.3844 0.9232
vn 0.0050 -0.6926 0.7213
vn -0.0154 -0.0127 0.9998
vn 0.1269 -0.2022 0.9711
vn -0.8368 0.0663 0.5434
vn -0.0216 0.3704 0.9286
vn -0.0609 0.7196 0.6917
vn -0.9412 0.1232 0.3145
vn -0.0281 0.7969 0.6034
vn -0.0124 0.4414 0.8972
vn 0.0021 -0.4648 0.8854
vn 0.1151 0.1752 0.9778
vn 0.0090 -0.7179 0.6961
vn 0.0956 -0.1409 0.9854
vn -0.0068 0.5272 0.8497
vn 0.0047 0.4625 0.8866
vn -0.0089 0.5385 0.8426
vn 0.1450 -0.3053 0.9411
vn 0.0010 -0.6845 0.7290
vn 0.2350 -0.3876 0.8914
vn 0.0121 -0.0329 0.9994
vn -0.0018 0.5288 0.8487
vn 0.0055 0.1200 0.9928
vn -0.0131 -0.0602 0.9981
vn -0.0137 0.1386 0.9903
vn -0.0123 0.1430 0.9896
vn -0.0172 0.2575 0.9661
vn 0.0108 0.6326 0.7744
vn 0.0012 0.2440 0.9698
vn -0.0057 0.1296 0.9915
vn 0.0360 0.4866 0.8729
vn -0.0072 -0.1922 0.9813
vn -0.0084 -0.2012 0.9795
vn -0.0116 -0.0724 0.9973
vn -0.0036 0.2671 0.9637
vn -0.0007 0.6096 0.7927
vn -0.0147 0.5653 0.8248
vn 0.7140 0.0520 0.6982
vn 0.7763 0.0306 0.6296
vn 0.7937 0.0317 0.6075
vn 0.0003 0.1181 0.9930
vn 0.0105 -0.7648 0.6441
vn -0.0020 0.7123 0.7019
vn -0.0229 0.7802 0.6251
vn 0.7144 0.0295 0.6992
vn 0.7765 0.0160 0.6299
vn 0.8333 0.0226 0.5523
vn 0.7917 0.0180 0.6107
vn 0.8222 0.0285 0.5685
vn 0.9569 0.0140 0.2901
vn 0.8854 -0.0304 0.4638
vn 0.7294 0.0353 0.6832
vn 0.9292 0.0437 0.3669
vn 0.0836 -0.0161 0.9964
vn 0.0142 0.1503 0.9885
vn 0.0074 -0.9930 0.1179
vn 0.1079 -0.9877 0.1128
vn 0.0021 -0.9928 0.1194
vn 0.1015 -0.9883 0.1136
vn -0.0004 -0.9928 0.1198
vn -0.9141 -0.4001 0.0661
vn -0.2706 -0.9541 0.1282
vn -0.9981 0.0156 0.0592
vn -0.9985 0.0271 0.0481
vn -0.9999 0.0101 -0.0053
vn -0.9959 0.0539 0.0731
vn -0.9284 0.0612 0.3665
vn -0.7342 0.0897 0.6730
vn -0.9893 -0.0024 -0.1456
vn -0.9997 0.0255 0.0028
vn -0.9993 0.0211 0.0300
vn -0.9999 0.0106 0.0067
vn -0.9991 0.0104 0.0413
vn -0.9975 0.0477 0.0515
vn -0.9996 0.0285 -0.0024
vn -1.0000 0.0032 -0.0091
vn -0.9992 -0.0019 0.0399
vn -0.9853 -0.0149 0.1704
vn -0.9135 0.3497 0.2081
vn -0.9684 0.1159 0.2207
vn -0.6045 0.6524 0.4570
vn -0.9958 -0.0566 0.0713
vn -0.9991 -0.0341 0.0248
vn -0.9223 -0.2876 0.2583
vn -0.9188 -0.3580 0.1663
vn -0.7838 0.1404 0.6050
vn -0.9796 -0.1014 0.1732
vn -0.7752 0.4212 0.4708
vn 0.3587 -0.9236 0.1353
vn 0.9425 -0.3248 0.0786
vn -0.0022 -0.9956 0.0940
vn -0.0019 -0.9942 0.1076
vn 0.0011 -0.9444 0.3288
vn 0.9977 -0.0055 0.0679
vn -0.0305 0.0935 0.9952
vn 0.0961 0.0871 0.9916
vn -0.6725 -0.7326 0.1053
vn 0.9828 0.0394 0.1802
vn 0.9971 0.0127 0.0755
vn 0.9991 0.0179 0.0375
vn 0.9876 -0.1573 0.0005
vn 0.9985 -0.0349 0.0429
vn 0.9836 -0.1806 -0.0011
vn 0.9845 -0.1752 0.0003
vn 0.9984 -0.0015 0.0569
vn 0.9986 -0.0093 0.0524
vn 0.9965 0.0108 0.0826
vn 0.9980 0.0039 0.0632
vn -1.0000 -0.0000 -0.0071
vn -1.0000 -0.0000 -0.0070
vn -1.0000 -0.0000 -0.0075
vn -1.0000 -0.0019 -0.0058
vn -1.0000 0.0030 -0.0091
vn -1.0000 0.0012 -0.0079
vn -1.0000 0.0012 -0.0084
vn -1.0000 0.0033 -0.0087
vn -1.0000 -0.0010 -0.0063
vn -1.0000 -0.0009 -0.0069
vn -1.0000 0.0028 -0.0065
vn -1.0000 0.0040 -0.0038
vn -1.0000 -0.0003 -0.0068
vn -1.0000 0.0057 0.0076
vn -1.0000 -0.0000 -0.0074
vn -1.0000 0.0041 -0.0034
vn -1.0000 -0.0031 -0.0084
vn -1.0000 -0.0016 -0.0084
vn -0.9999 0.0104 -0.0075
vn -1.0000 0.0026 -0.0067
vn -1.0000 -0.0005 -0.0068
vn -1.0000 -0.0003 -0.0071
vn -1.0000 0.0039 -0.0030
vn -1.0000 0.0047 -0.0023
vn -1.0000 -0.0013 -0.0045
vn -0.9992 -0.0349 -0.0199
vn -1.0000 0.0009 -0.0062
vn -1.0000 -0.0000 -0.0072
vn -1.0000 0.0009 -0.0054
vn -1.0000 -0.0011 -0.0085
vn -1.0000 -0.0000 -0.0069
vn -0.9997 0.0187 -0.0130
vn -1.0000 -0.0017 -0.0088
vn -1.0000 -0.0020 -0.0060
vn -1.0000 0.0012 -0.0062
vn -1.0000 0.0018 0.0055
vn -0.9998 -0.0099 -0.0181
vn -0.9983 0.0455 0.0352
vn -1.0000 -0.0022 -0.0086
vn -1.0000 -0.0015 -0.0092
vn -1.0000 0.0044 -0.0057
vn -1.0000 0.0008 -0.0061
vn -0.9999 -0.0103 -0.0054
vn -1.0000 -0.0026 -0.0074
vn -1.0000 0.0012 -0.0027
vn -0.9992 0.0072 0.0403
vn -0.9972 0.0166 0.0729
vn 0.0041 0.0002 -1.0000
vn 0.0032 -0.0000 -1.0000
vn 0.0053 -0.0003 -1.0000
vn 0.0067 -0.0002 -1.0000
vn 1.0000 0.0007 0.0064
vn 1.0000 -0.0002 0.0083
vn 1.0000 -0.0000 0.0079
vn 1.0000 -0.0022 0.0061
vn 1.0000 0.0003 0.0075
vn 0.9999 -0.0052 0.0111
vn 1.0000 0.0051 0.0070
vn 0.9999 -0.0065 0.0085
vn 1.0000 0.0049 0.0041
vn 1.0000 0.0005 0.0090
vn 1.0000 -0.0000 0.0076
vn 0.9994 -0.0290 0.0187
vn 0.9999 0.0039 0.0149
vn 0.9946 0.0450 0.0938
vn 1.0000 -0.0011 0.0067
vn 0.9999 0.0033 0.0096
vn 1.0000 -0.0018 0.0070
vn 1.0000 0.0026 0.0075
vn 0.9999 0.0022 0.0098
vn 0.9999 0.0017 0.0126
vn 0.9999 0.0067 0.0095
vn 1.0000 -0.0037 0.0057
vn 1.0000 -0.0000 0.0084
vn 1.0000 0.0001 0.0083
vn 0.9999 -0.0039 0.0152
vn 0.9999 0.0002 0.0106
vn 1.0000 0.0002 0.0093
vn 0.9996 -0.0007 0.0289
vn 0.9999 0.0024 0.0109
vn 0.9999 -0.0000 0.0127
vn 0.9993 -0.0027 0.0384
vn 1.0000 -0.0022 0.0088
vn 0.9999 -0.0072 0.0088
vn 0.9976 -0.0621 -0.0314
vn 0.9999 -0.0013 0.0141
vn 0.9999 -0.0018 0.0119
vn 0.9619 -0.1958 0.1910
vn 1.0000 -0.0006 0.0093
vn 1.0000 -0.0024 0.0065
vn 0.9999 -0.0038 0.0098
vn 0.9999 -0.0146 0.0073
vn 0.9999 0.0016 0.0100
vn 0.9999 0.0057 0.0152
vn 0.9999 -0.0111 0.0036
vn 0.9995 0.0030 0.0308
vn 0.9929 -0.0712 0.0953
vn 0.0118 -0.0004 -0.9999
vn 0.0167 -0.0001 -0.9999
vn 0.0144 -0.0002 -0.9999
vn 0.0167 -0.0000 -0.9999
vn -0.0008 -1.0000 0.0031
vn 0.0007 -1.0000 -0.0009
vn -0.0001 -1.0000 0.0056
vn -0.0005 -1.0000 -0.0005
vn -0.0003 -1.0000 -0.0001
vn -0.0006 -1.0000 -0.0006
vn 0.0076 -0.0081 -0.9999
vn 0.0077 -0.0102 -0.9999
vn 0.0076 -0.0079 -0.9999
vn 0.0075 -0.0054 -1.0000
vn -0.0000 1.0000 -0.0001
vn -0.0000 1.0000 0.0001
vn -0.0000 1.0000 0.0004
vn -0.0000 1.0000 -0.0002
vn 0.0075 0.0022 -1.0000
vn 0.0076 0.0039 -1.0000
vn 0.0075 0.0026 -1.0000
vn 0.0075 0.0010 -1.0000
vn -0.7501 0.0226 0.6610
vn -0.5902 0.0204 0.8070
vn -0.7476 0.0237 0.6638
vn -0.5394 0.0200 0.8418
vn -0.0120 0.0098 0.9999
vn -0.0457 0.0110 0.9989
vn -0.5782 0.0207 0.8156
vn -0.9592 0.0187 0.2822
vn -0.9226 0.0226 0.3852
vn -0.1005 0.0124 0.9949
vn -0.9669 0.0176 0.2547
vn 0.3501 0.0091 0.9367
vn 0.2593 0.0080 0.9658
vn 0.2029 0.0081 0.9792
vn 0.9980 -0.0015 0.0637
vn 0.9179 0.0038 0.3967
vn 0.9113 -0.0003 0.4118
vn 0.8808 0.0009 0.4735
vn 0.7833 0.0019 0.6216
vn 0.4471 0.0135 0.8944
vn 0.9996 -0.0035 0.0274
vn 1.0000 -0.0029 0.0074
vn 0.8055 -0.0040 0.5926
vn 0.3694 0.0107 0.9292
vn 0.2551 0.0097 0.9669
vn 0.1931 0.0126 0.9811
vn 0.3974 0.0089 0.9176
vn 0.9981 -0.0016 0.0622
vn 0.9802 -0.0005 0.1978
vn 0.7622 -0.0016 0.6474
vn 0.7727 0.0020 0.6348
vn 0.9992 -0.0021 0.0389
vn 0.7623 0.0010 0.6472
vn 0.2973 0.0073 0.9548
vn 0.9198 0.0036 0.3925
vn 0.9995 -0.0024 0.0317
vn -0.5481 0.0202 0.8362
vn 0.0281 0.0099 0.9996
vn -0.1083 -0.0094 0.9941
vn -0.1598 0.0109 0.9871
vn -0.0520 0.0124 0.9986
vn -0.9206 0.0226 0.3898
vn -0.7553 0.0226 0.6549
vn -0.5866 0.0191 0.8097
vn -0.7563 0.0241 0.6538
vn -0.9570 0.0183 0.2894
vn -0.9610 0.0178 0.2759
vn 0.0567 0.0151 0.9983
vn -0.5782 0.0204 0.8156
vn -0.9727 -0.0159 0.2314
vn -0.9867 0.0062 0.1623
vn -0.9843 0.0087 0.1761
vn -0.9854 0.0103 0.1701
vn -0.9826 0.0093 0.1856
vn -0.9837 -0.0539 0.1716
vn -0.9746 0.0021 0.2238
vn -0.9708 0.0218 0.2389
vn -0.9682 0.0241 0.2490
vn -0.9875 0.0138 0.1572
vn -0.9864 0.0326 0.1609
vn -0.9849 0.0220 0.1715
vn -0.9838 0.0364 0.1757
vn -0.2531 0.0777 0.9643
vn -0.9772 0.0235 0.2112
vn -0.9818 0.0017 0.1900
vn -0.9817 0.0196 0.1895
vn -0.9813 -0.1033 0.1623
vn -0.9748 -0.1720 0.1422
vn -0.8480 -0.2421 0.4715
vn -0.4862 0.7041 0.5175
vn -0.9549 0.1663 0.2458
vn 0.0393 0.8105 0.5844
vn -0.0497 0.3181 0.9468
vn -0.8470 -0.0147 0.5314
vn 0.0627 0.0199 0.9978
vn 0.0623 0.8459 0.5297
vn 0.0728 0.8295 0.5537
vn 0.0616 0.8471 0.5279
vn 0.0637 0.8648 0.4981
vn 0.0665 0.8045 0.5903
vn 0.0640 0.8540 0.5164
vn 0.0559 0.3400 0.9388
vn 0.0696 0.1990 0.9775
vn 0.0826 0.0145 0.9965
vn 0.1152 0.0256 0.9930
vn 0.0873 -0.0391 0.9954
vn 0.0908 0.0633 0.9939
vn 0.1016 0.0138 0.9947
vn 0.1327 0.0622 0.9892
vn 0.1131 0.8634 0.4917
vn 0.2071 0.6162 0.7599
vn 0.2124 0.0235 0.9769
vn 0.1204 -0.0772 0.9897
vn 0.1428 0.1425 0.9794
vn 0.9238 0.2255 0.3095
vn 0.1243 -0.1939 0.9731
vn 0.1205 -0.2743 0.9540
vn 0.0997 -0.5778 0.8101
vn 0.0639 -0.7959 0.6020
vn 0.0600 0.8931 0.4459
vn -0.1394 0.0531 0.9888
vn -0.0332 0.4444 0.8952
vn 0.0289 0.9835 0.1785
vn 0.0664 0.8540 0.5161
vn 0.0927 0.6994 0.7087
vn 0.1264 0.1346 0.9828
vn 0.0745 0.7994 0.5962
vn 0.1187 -0.0172 0.9928
vn 0.1190 0.2202 0.9682
vn 0.1312 0.1239 0.9836
vn 0.1263 -0.4110 0.9029
vn 0.0643 0.8581 0.5094
vn 0.0223 0.9695 0.2441
vn 0.0700 0.7461 0.6621
vn 0.1257 0.3040 0.9444
vn 0.0634 0.7366 0.6734
vn 0.0748 0.8075 0.5852
vn 0.1106 0.2744 0.9552
vn 0.7235 0.0467 0.6887
vn 0.8514 0.0254 0.5239
vn 0.5897 0.0413 0.8065
vn 0.8614 0.0143 0.5077
vn 0.0034 0.0431 0.9991
vn -0.4723 0.0413 0.8805
vn 0.0349 0.1139 0.9929
vn 0.0647 0.9058 0.4187
vn 0.1181 0.1547 0.9809
vn 0.0203 0.9920 0.1249
vn -0.6008 0.0483 0.7979
vn -0.5877 0.0569 0.8071
vn 0.1541 -0.0278 0.9877
vn 0.0375 0.9386 0.3430
vn 0.0511 0.9036 0.4254
vn 0.0781 0.8036 0.5900
vn 0.0723 0.8762 0.4766
vn -0.0438 0.9626 -0.2675
vn 0.0755 -0.7148 0.6952
vn 0.0788 -0.8028 0.5910
vn 0.1149 -0.6673 0.7358
vn 0.1307 -0.1454 0.9807
vn 0.1291 0.1659 0.9777
vn 0.0741 -0.8813 0.4667
vn 0.1201 0.1096 0.9867
vn -0.0075 0.9998 0.0199
vn 0.1122 -0.5300 0.8405
vn 0.1162 0.1103 0.9871
vn 0.7835 0.0162 0.6212
vn 0.7785 0.0313 0.6268
vn 0.0822 0.3140 0.9459
vn 0.1180 -0.0051 0.9930
vn 0.6456 0.0166 0.7635
vn -0.5282 0.0477 0.8477
vn 0.3804 0.0439 0.9238
vn 0.0766 0.0484 0.9959
vn 0.9137 0.0144 0.4062
vn 0.8105 0.0326 0.5848
vn -0.6167 0.0578 0.7851
vn -0.6184 0.0411 0.7848
vn -0.5881 0.0593 0.8066
vn 0.0865 0.7827 0.6163
vn 0.1500 0.4744 0.8674
vn 0.0492 0.9280 0.3692
vn -0.1423 0.0551 0.9883
vn -0.2149 -0.0033 0.9766
vn 0.1125 0.7025 0.7028
vn 0.1376 0.1247 0.9826
vn 0.0852 0.7729 0.6288
vn -0.4338 0.0278 0.9006
vn 0.1286 0.0014 0.9917
vn 0.1184 -0.2381 0.9640
vn 0.2216 0.0480 0.9740
vn 0.1388 0.3206 0.9370
vn -0.1338 0.4124 -0.9011
vn 0.1117 -0.4208 0.9002
vn 0.1106 -0.5405 0.8340
vn 0.0789 -0.7975 0.5981
vn 0.1205 -0.1254 0.9848
vn 0.0936 -0.6271 0.7733
vn 0.0610 -0.8823 0.4668
vn 0.1040 -0.5720 0.8136
vn 0.0700 0.8510 0.5205
vn 0.9963 -0.0255 -0.0816
vn 0.9975 -0.0087 -0.0703
vn 0.9957 -0.0425 -0.0819
vn 0.9941 -0.0085 -0.1084
vn 0.9992 -0.0049 0.0406
vn 0.9974 -0.0113 -0.0713
vn 0.9970 -0.0198 -0.0754
vn 0.9994 -0.0020 -0.0348
vn 0.9235 0.0239 0.3828
vn 0.8252 0.0357 0.5637
vn 0.8235 0.0360 0.5662
vn 0.9969 0.0554 -0.0566
vn 0.9982 -0.0065 -0.0593
vn 0.9993 -0.0168 -0.0330
vn 0.9970 0.0372 -0.0685
vn 0.9965 0.0529 -0.0642
vn 0.9953 0.0774 -0.0579
vn 0.0765 0.8537 0.5151
vn 0.0823 0.8409 0.5350
vn 0.5482 0.7254 0.4163
vn 0.0745 0.8463 0.5275
vn 0.0684 0.8586 0.5081
vn -0.9023 0.2598 0.3440
vn -0.1137 -0.0467 0.9924
vn -0.0762 0.5128 0.8551
vn 0.0637 0.8578 0.5101
vn 0.1370 0.0523 0.9892
vn 0.0173 -0.0973 0.9951
vn 0.0121 0.2665 0.9638
vn 0.0535 0.5333 0.8442
vn 0.0636 -0.0655 0.9958
vn 0.1270 -0.2089 0.9696
vn 0.1332 -0.1625 0.9777
vn 0.1344 -0.0953 0.9863
vn 0.0719 0.8130 0.5778
vn 0.0655 0.8633 0.5004
vn 0.0930 0.8518 0.5156
vn 0.2419 0.8082 0.5369
vn 0.1509 -0.2282 0.9619
vn 0.1360 -0.0396 0.9899
vn 0.0806 0.5732 0.8154
vn 0.1020 -0.2578 0.9608
vn 0.3720 0.1153 0.9211
vn 0.1377 0.0785 0.9874
vn 0.5810 -0.2035 0.7881
vn 0.9972 0.0708 -0.0251
vn 0.9990 0.0404 -0.0176
vn 0.1189 -0.0036 0.9929
vn 0.0715 0.7959 0.6011
vn 0.0763 0.7979 0.5979
vn 0.1135 0.3662 0.9236
vn 0.0619 0.9394 0.3373
vn 0.1199 0.1215 0.9853
vn 0.1228 -0.1361 0.9831
vn 0.1307 0.1084 0.9855
vn 0.0665 -0.7875 0.6127
vn 0.2089 -0.0615 0.9760
vn 0.0517 -0.8688 0.4925
vn 0.7247 0.0307 0.6883
vn 0.7605 0.0369 0.6482
vn 0.6809 0.0505 0.7306
vn 0.2770 0.0660 0.9586
vn -0.4784 0.0323 0.8775
vn -0.7239 0.0249 0.6894
vn -0.7233 0.0098 0.6905
vn -0.0178 -0.6646 0.7470
vn -0.4258 0.0604 0.9028
vn 0.1307 0.1147 0.9848
vn 0.1448 0.0064 0.9894
vn 0.1250 0.1410 0.9821
vn 0.1117 0.5623 0.8193
vn 0.0640 0.8592 0.5076
vn 0.0471 0.9154 0.3998
vn 0.0645 0.8818 0.4672
vn 0.0835 -0.7692 0.6335
vn 0.0602 -0.8508 0.5220
vn 0.0018 -0.9992 0.0392
vn 0.0885 -0.6922 0.7163
vn 0.0705 -0.8057 0.5881
vn 0.2669 0.0622 0.9617
vn 0.0475 -0.8767 0.4787
vn 0.0749 0.6927 0.7174
vn 0.0879 -0.7481 0.6578
vn 0.0742 -0.7821 0.6187
vn 0.0791 -0.8988 0.4313
vn 0.8089 0.0379 0.5867
vn 0.7213 0.0509 0.6907
vn -0.0408 0.0687 0.9968
vn 0.7849 0.0754 0.6151
vn 0.1810 0.0527 0.9821
vn -0.5148 0.0409 0.8563
vn -0.5388 0.0403 0.8415
vn 0.1252 0.1735 0.9768
vn 0.0927 0.7811 0.6175
vn 0.1419 0.1918 0.9711
vn 0.0325 0.9599 0.2786
vn 0.0497 0.9325 0.3577
vn 0.0544 -0.8720 0.4865
vn 0.0908 -0.7701 0.6315
vn 0.0593 -0.8583 0.5097
vn 0.1370 -0.0900 0.9865
vn 0.1048 -0.6613 0.7428
vn 0.0897 -0.7841 0.6141
vn 0.1019 -0.6894 0.7172
vn 0.0615 0.8822 0.4668
vn 0.0728 0.7583 0.6478
vn 0.0597 0.8977 0.4365
vn 0.0771 -0.7391 0.6692
vn 0.0745 0.8524 0.5176
vn 0.1123 0.3156 0.9422
vn 0.0926 0.8088 0.5807
vn 0.1358 0.1049 0.9852
vn 0.0323 -0.9721 0.2324
vn 0.0879 -0.8079 0.5828
vn 0.1191 -0.0680 0.9905
vn 0.7126 0.0164 0.7014
vn 0.8204 0.0135 0.5717
vn 0.8259 0.0392 0.5625
vn 0.4710 0.0632 0.8799
vn 0.9423 0.0094 0.3346
vn -0.2978 0.0708 0.9520
vn -0.6512 0.0438 0.7577
vn -0.6399 0.0442 0.7672
vn -0.1026 -0.1414 0.9846
vn 0.0631 0.8499 0.5231
vn 0.0544 0.9151 0.3995
vn 0.1209 -0.1373 0.9831
vn 0.0728 -0.8091 0.5832
vn 0.1246 0.1085 0.9863
vn 0.1085 0.6477 0.7542
vn 0.1015 0.6458 0.7567
vn 0.0946 0.6968 0.7110
vn 0.1272 0.1086 0.9859
vn 0.1279 0.0948 0.9872
vn 0.1236 -0.2143 0.9689
vn 0.0770 0.7703 0.6330
vn 0.1042 0.4538 0.8850
vn 0.0773 0.7704 0.6329
vn 0.0948 0.6427 0.7602
vn 0.0668 0.8207 0.5674
vn 0.1081 -0.6206 0.7767
vn 0.0988 -0.6723 0.7337
vn 0.2600 0.1490 0.9540
vn 0.1348 0.0050 0.9909
vn -0.0491 -0.1418 0.9887
vn 0.0791 0.7487 0.6582
vn 0.1288 0.1179 0.9846
vn 0.0772 0.4541 0.8876
vn 0.1364 -0.0878 0.9868
vn 0.1281 0.2057 0.9702
vn 0.1258 0.1137 0.9855
vn 0.1290 0.1202 0.9843
vn 0.1250 0.1689 0.9777
vn 0.0824 -0.7504 0.6558
vn 0.8123 0.0345 0.5822
vn 0.8542 0.0444 0.5180
vn 0.9642 0.0352 0.2627
vn 0.9655 0.0357 0.2579
vn 0.0980 -0.6779 0.7286
vn 0.1128 -0.4699 0.8755
vn 0.0932 -0.7968 0.5970
vn 0.0751 0.7418 0.6664
vn 0.0969 0.5964 0.7968
vn 0.0959 0.5161 0.8512
vn 0.1183 0.0022 0.9930
vn 0.1002 0.6111 0.7852
vn 0.1187 0.3875 0.9142
vn 0.1137 0.2541 0.9605
vn 0.1139 -0.1869 0.9758
vn 0.1158 0.3419 0.9326
vn 0.1173 -0.4709 0.8744
vn 0.1108 -0.5016 0.8580
vn 0.1118 0.0024 0.9937
vn 0.1508 0.0408 0.9877
vn 0.1230 -0.4047 0.9061
vn 0.1224 -0.4293 0.8948
vn 0.0959 0.7321 0.6745
vn 0.1040 0.4538 0.8850
vn 0.1008 0.5384 0.8366
vn 0.1218 0.5065 0.8536
vn 0.0800 -0.7877 0.6109
vn 0.1995 -0.4762 0.8564
vn 0.0672 0.7435 0.6653
vn 0.1017 0.5380 0.8368
vn 0.1096 0.4804 0.8702
vn 0.1214 0.1095 0.9865
vn 0.1253 -0.1113 0.9859
vn 0.1276 -0.0542 0.9903
vn 0.1225 0.3127 0.9419
vn 0.1292 0.3070 0.9429
vn 0.1114 0.5319 0.8394
vn 0.1220 0.1372 0.9830
vn -0.0800 0.8079 0.5839
vn 0.1301 0.2299 0.9645
vn 0.1312 0.1250 0.9834
vn 0.1341 0.0371 0.9903
vn 0.1345 0.0282 0.9905
vn 0.0998 0.0168 0.9949
vn 0.1269 -0.0970 0.9872
vn 0.1202 0.1890 0.9746
vn 0.0849 -0.7156 0.6933
vn 0.1461 0.1515 0.9776
vn 0.3058 -0.5615 0.7689
vn 0.0919 -0.7104 0.6977
vn 0.1255 0.1042 0.9866
vn 0.0769 0.7170 0.6928
vn 0.1181 0.2967 0.9476
vn 0.1257 0.3417 0.9314
vn 0.1491 0.0712 0.9863
vn 0.8202 0.0135 0.5719
vn 0.7546 0.0459 0.6546
vn 0.4906 0.0574 0.8695
vn 0.8854 0.0042 0.4647
vn 0.8829 -0.0001 0.4695
vn 0.1450 -0.0325 0.9889
vn 0.7537 0.0395 0.6560
vn 0.9021 0.0243 0.4309
vn 0.9048 0.0230 0.4252
vn 0.1406 0.0847 0.9864
vn 0.1326 0.4486 0.8838
vn 0.9775 -0.1778 -0.1134
vn 0.8621 0.0538 0.5038
vn 0.8713 0.0552 0.4877
vn 0.8018 0.0624 0.5943
vn 0.1206 0.1991 0.9725
vn 0.1295 0.0460 0.9905
vn 0.1319 0.0764 0.9883
vn 0.0828 0.7875 0.6107
vn 0.0947 0.6840 0.7234
vn 0.0991 0.7292 0.6771
vn 0.1335 0.1551 0.9788
vn 0.1332 0.1851 0.9736
vn -0.5804 0.0660 0.8116
vn -0.7784 0.0739 0.6234
vn -0.6623 0.0529 0.7474
vn 0.1087 -0.1963 0.9745
vn 0.1298 0.1661 0.9775
vn -0.5882 0.0830 0.8045
vn -0.5737 0.0815 0.8150
vn 0.1394 0.0994 0.9852
vn 0.1194 -0.3225 0.9390
vn 0.0909 -0.6593 0.7463
vn 0.1292 0.0023 0.9916
vn 0.1188 0.3017 0.9460
vn 0.1534 0.1216 0.9806
vn 0.1006 0.6520 0.7515
vn 0.0754 0.7702 0.6333
vn 0.0950 -0.7068 0.7010
vn 0.0493 0.8980 0.4372
vn 0.0990 0.7811 0.6165
vn 0.0891 0.6826 0.7253
vn 0.1244 0.1141 0.9856
vn 0.1267 0.1085 0.9860
vn -0.4201 0.1049 0.9014
vn -0.5347 0.1382 0.8337
vn 0.5237 0.1436 0.8397
vn -0.7581 0.0751 0.6478
vn -0.7123 0.0878 0.6963
vn -0.4762 0.0966 0.8740
vn 0.1572 0.0220 0.9873
vn 0.0950 0.5972 0.7965
vn 0.1362 0.0033 0.9907
vn 0.0948 0.6846 0.7228
vn 0.1263 -0.0756 0.9891
vn 0.1082 -0.6547 0.7481
vn 0.1155 -0.0573 0.9916
vn 0.1591 0.1424 0.9769
vn 0.1135 0.5082 0.8538
vn 0.1098 -0.5328 0.8391
vn 0.1359 0.4795 0.8670
vn 0.1058 0.5345 0.8385
vn 0.0707 0.7875 0.6122
vn 0.1150 0.2330 0.9657
vn 0.1123 -0.1210 0.9863
vn 0.1402 0.1922 0.9713
vn 0.1261 0.5651 0.8153
vn 0.0643 0.7935 0.6052
vn 0.1290 0.1896 0.9733
vn 0.1238 0.5055 0.8539
vn 0.1275 -0.3497 0.9281
vn 0.1457 0.1121 0.9830
vn 0.1212 0.0777 0.9896
vn 0.0824 -0.7452 0.6617
vn 0.1284 -0.2156 0.9680
vn 0.1326 0.0801 0.9879
vn 0.1278 -0.0269 0.9914
vn 0.1473 0.0835 0.9856
vn 0.1733 0.2610 0.9497
vn 0.0075 0.4186 0.9081
vn 0.1471 0.2952 0.9440
vn 0.1320 0.3559 0.9251
vn 0.1100 0.6696 0.7346
vn 0.1450 0.2847 0.9476
vn 0.0967 0.7644 0.6374
vn 0.0910 0.5147 0.8525
vn 0.1086 -0.5412 0.8339
vn 0.0905 -0.7447 0.6612
vn 0.0706 -0.8109 0.5810
vn 0.1085 -0.6939 0.7118
vn 0.0899 -0.7325 0.6748
vn 0.1761 0.4363 0.8824
vn 0.1115 0.4100 0.9052
vn 0.1292 -0.4252 0.8958
vn 0.1182 -0.4366 0.8919
vn 0.1249 0.1395 0.9823
vn -0.2170 0.4190 0.8817
vn 0.1339 0.0304 0.9905
vn 0.1343 -0.0639 0.9889
vn 0.1092 0.5542 0.8252
vn 0.1231 0.3093 0.9430
vn 0.1303 -0.1311 0.9828
vn 0.1138 -0.4709 0.8748
vn 0.1069 0.5085 0.8544
vn 0.1041 0.5575 0.8236
vn 0.1237 0.1577 0.9797
vn 0.0607 -0.8994 0.4328
vn 0.0966 -0.7037 0.7039
vn 0.0889 -0.6729 0.7344
vn 0.1259 -0.1977 0.9721
vn 0.1298 -0.1466 0.9806
vn 0.1311 -0.1656 0.9774
vn 0.0610 -0.8637 0.5003
vn 0.0447 -0.9580 0.2833
vn 0.0642 -0.8747 0.4805
vn 0.0251 -0.9788 0.2033
vn 0.0237 -0.9833 0.1804
vn 0.0799 0.7607 0.6442
vn 0.0946 0.5857 0.8050
vn 0.0479 0.9193 0.3906
vn 0.1271 0.2147 0.9684
vn 0.1263 0.2095 0.9696
vn 0.1290 0.0625 0.9897
vn 0.1275 0.0740 0.9891
vn 0.0521 0.9225 0.3825
vn 0.0830 0.6262 0.7752
vn 0.0735 0.6924 0.7178
vn 0.0191 0.9797 0.1995
vn 0.0183 0.9846 0.1739
vn 0.0653 -0.8925 0.4462
vn 0.1037 -0.6761 0.7295
vn 0.0881 -0.7037 0.7050
vn 0.1254 -0.2039 0.9709
vn 0.0943 -0.7199 0.6877
vn 0.1275 -0.1528 0.9800
vn 0.1262 -0.1262 0.9839
vn 0.0360 -0.9756 0.2168
vn 0.0611 -0.8848 0.4619
vn 0.0286 -0.9787 0.2031
vn 0.0232 -0.9840 0.1766
vn 0.0897 0.6997 0.7088
vn 0.0847 0.7375 0.6701
vn 0.8814 -0.4092 0.2360
vn 0.1268 0.2463 0.9609
vn 0.1277 0.2440 0.9613
vn 0.1298 0.0945 0.9870
vn 0.0598 0.5917 0.8039
vn 0.0256 0.9559 0.2924
vn 0.0561 0.9005 0.4313
vn 0.0561 0.8786 0.4742
vn 0.0877 0.6038 0.7923
vn 0.1275 0.1129 0.9854
vn -0.0615 0.0583 0.9964
vn -0.0619 0.0514 0.9968
vn -0.1068 0.0532 0.9929
vn -0.1000 0.0487 0.9938
vn -0.0311 0.0769 0.9966
vn -0.0745 0.0329 0.9967
vn -0.0510 0.0676 0.9964
vn -0.0869 0.0493 0.9950
vn 0.1046 0.1215 0.9871
vn 0.0643 0.9250 0.3745
vn -0.0601 0.0210 0.9980
vn -0.0397 0.0622 0.9973
vn 0.1419 0.0991 0.9849
vn -0.0761 0.0429 0.9962
vn 0.1231 0.3051 0.9443
vn 0.1265 -0.2671 0.9553
vn -0.1405 0.0543 0.9886
vn 0.1294 -0.1283 0.9833
vn -0.0821 0.0446 0.9956
vn -0.1032 0.0862 0.9909
vn 0.0714 -0.8228 0.5638
vn 0.0667 0.7308 0.6793
vn 0.1282 -0.0244 0.9915
vn 0.0743 -0.8531 0.5165
vn 0.1266 -0.1208 0.9846
vn 0.1003 -0.3079 0.9461
vn 0.8274 0.0198 0.5613
vn 0.8104 0.0285 0.5851
vn 0.7768 0.0356 0.6287
vn 0.1447 -0.0368 0.9888
vn 0.7533 0.0206 0.6574
vn 0.1798 0.0461 0.9826
vn 0.2002 0.0402 0.9789
vn -0.6426 0.0475 0.7648
vn -0.4736 0.0616 0.8786
vn -0.6298 0.0394 0.7758
vn -0.3789 0.0483 0.9242
vn 0.1116 -0.1219 0.9863
vn 0.1513 0.1219 0.9809
vn 0.1176 0.0344 0.9925
vn -0.1325 0.0526 0.9898
vn 0.1140 0.3893 0.9140
vn 0.0460 0.9037 0.4257
vn 0.0963 0.7541 0.6496
vn 0.1209 0.1296 0.9842
vn -0.0873 0.0545 0.9947
vn 0.0873 -0.7059 0.7029
vn 0.1275 -0.2144 0.9684
vn 0.1378 -0.0875 0.9866
vn 0.1218 0.4938 0.8610
vn 0.1380 0.0619 0.9885
vn 0.1084 -0.7192 0.6862
vn 0.0620 -0.8529 0.5183
vn -0.1713 0.0379 0.9845
vn -0.1428 0.0768 0.9868
vn 0.1207 -0.3689 0.9216
vn -0.1478 0.0549 0.9875
vn -0.1271 0.0782 0.9888
vn -0.1093 0.0485 0.9928
vn -0.1557 0.0246 0.9875
vn -0.1855 0.0226 0.9824
vn -0.1548 0.0857 0.9842
vn -0.1508 0.0308 0.9881
vn -0.1451 0.0605 0.9876
vn -0.1591 0.0318 0.9867
vn -0.0904 0.0643 0.9938
vn -0.1010 0.0736 0.9922
vn -0.1267 0.0657 0.9898
vn 0.1231 -0.0433 0.9915
vn -0.1455 0.0442 0.9884
vn 0.1208 -0.1811 0.9760
vn -0.7446 0.0337 0.6667
vn -0.7371 0.0326 0.6750
vn -0.2452 0.4636 0.8514
vn 0.1444 0.2143 0.9660
vn 0.1613 0.1141 0.9803
vn 0.1085 0.6038 0.7898
vn 0.0721 0.8254 0.5599
vn -0.0091 -0.3025 0.9531
vn 0.1243 0.1200 0.9850
vn 0.1117 -0.4896 0.8648
vn 0.1060 -0.5361 0.8375
vn 0.0898 0.5700 0.8167
vn 0.2181 -0.0652 0.9737
vn 0.1598 0.2592 0.9525
vn 0.0606 0.7933 0.6058
vn -0.0275 0.3074 0.9512
vn -0.7283 0.0670 0.6820
vn -0.8113 0.0452 0.5828
vn -0.6565 0.0581 0.7520
vn 0.0307 0.4218 0.9062
vn -0.7505 0.0667 0.6575
vn 0.0068 -0.1395 0.9902
vn 0.1349 -0.2216 0.9658
vn 0.1312 -0.3837 0.9141
vn 0.1039 -0.6928 0.7136
vn 0.1262 -0.0143 0.9919
vn 0.2558 -0.2033 0.9451
vn -0.7497 0.0670 0.6584
vn 0.1077 0.3707 0.9225
vn 0.0351 0.7195 0.6936
vn -0.8928 0.1216 0.4338
vn 0.0552 0.7977 0.6005
vn 0.1115 0.4404 0.8909
vn 0.1242 -0.4635 0.8773
vn 0.2451 0.1766 0.9533
vn 0.1058 -0.7168 0.6892
vn 0.2266 -0.1424 0.9635
vn 0.1075 0.5268 0.8432
vn 0.1285 0.4637 0.8766
vn 0.1075 0.5388 0.8355
vn 0.2724 -0.3049 0.9126
vn 0.1013 -0.6846 0.7219
vn 0.3533 -0.3868 0.8518
vn 0.1496 -0.0328 0.9882
vn 0.1152 0.5284 0.8411
vn 0.1391 0.1214 0.9828
vn 0.1246 -0.0599 0.9904
vn 0.1229 0.1383 0.9827
vn 0.1247 0.1433 0.9818
vn 0.1163 0.2575 0.9592
vn 0.1175 0.6326 0.7655
vn 0.1349 0.2444 0.9602
vn 0.1315 0.1298 0.9828
vn 0.1557 0.4873 0.8593
vn 0.1282 -0.1922 0.9729
vn 0.1268 -0.2013 0.9713
vn 0.1261 -0.0721 0.9894
vn 0.1291 0.2671 0.9550
vn 0.1088 0.6083 0.7862
vn 0.0995 0.5638 0.8199
vn 0.7992 0.0525 0.5987
vn 0.8521 0.0308 0.5224
vn 0.8666 0.0320 0.4981
vn 0.1339 0.1196 0.9838
vn 0.0991 -0.7648 0.6366
vn 0.0956 0.7114 0.6963
vn 0.0625 0.7793 0.6236
vn 0.7998 0.0300 0.5995
vn 0.8524 0.0162 0.5226
vn 0.8988 0.0229 0.4378
vn 0.8650 0.0181 0.5015
vn 0.8898 0.0288 0.4554
vn 0.9878 0.0153 0.1547
vn 0.9390 -0.0308 0.3426
vn 0.8130 0.0357 0.5812
vn 0.9697 0.0442 0.2402
vn 0.2176 -0.0163 0.9759
vn 0.1500 0.1504 0.9772
vn 0.0230 -0.9930 0.1159
vn 0.1207 -0.9879 0.0971
vn 0.0185 -0.9928 0.1180
vn 0.1148 -0.9885 0.0987
vn 0.0161 -0.9928 0.1187
vn -0.8961 -0.4003 0.1918
vn -0.2499 -0.9542 0.1644
vn -0.9802 0.0152 0.1972
vn -0.9819 0.0278 0.1875
vn -0.9912 0.0101 0.1317
vn -0.9759 0.0554 0.2113
vn -0.8682 0.0616 0.4924
vn -0.6290 0.0903 0.7721
vn -1.0000 -0.0024 -0.0094
vn -0.9896 0.0260 0.1412
vn -0.9853 0.0232 0.1691
vn -0.9894 0.0108 0.1447
vn -0.9837 0.0104 0.1796
vn -0.9804 0.0467 0.1913
vn -0.9904 0.0294 0.1349
vn -0.9917 0.0033 0.1288
vn -0.9839 -0.0015 0.1788
vn -0.9516 -0.0151 0.3070
vn -0.8736 0.3537 0.3342
vn -0.9270 0.1169 0.3563
vn -0.5301 0.6558 0.5375
vn -0.9760 -0.0580 0.2100
vn -0.9861 -0.0344 0.1627
vn -0.8754 -0.2911 0.3858
vn -0.8850 -0.3629 0.2915
vn -0.6884 0.1421 0.7113
vn -0.9455 -0.1029 0.3090
vn -0.6981 0.4246 0.5765
vn 0.3744 -0.9233 0.0862
vn 0.9443 -0.3250 -0.0519
vn 0.0108 -0.9956 0.0935
vn 0.0127 -0.9942 0.1067
vn 0.0463 -0.9444 0.3255
vn 0.9976 -0.0056 -0.0689
vn 0.1102 0.0937 0.9895
vn 0.2305 0.0871 0.9692
vn -0.6463 -0.7372 0.1970
vn 0.9980 0.0418 0.0471
vn 0.9980 0.0130 -0.0617
vn 0.9949 0.0178 -0.0997
vn 0.9779 -0.1593 -0.1358
vn 0.9948 -0.0362 -0.0949
vn 0.9735 -0.1830 -0.1368
vn 0.9748 -0.1775 -0.1354
vn 0.9967 -0.0015 -0.0807
vn 0.9963 -0.0094 -0.0850
vn 0.9985 0.0109 -0.0545
vn 0.9973 0.0044 -0.0735
vn -0.9914 -0.0000 0.1308
vn -0.9914 0.0001 0.1310
vn -0.9915 -0.0000 0.1305
vn -0.9912 -0.0021 0.1322
vn -0.9917 0.0030 0.1288
vn -0.9915 0.0008 0.1301
vn -0.9916 0.0013 0.1295
vn -0.9916 0.0035 0.1291
vn -0.9913 -0.0009 0.1317
vn -0.9914 -0.0011 0.1311
vn -0.9915 -0.0000 0.1304
vn -0.9913 0.0026 0.1313
vn -0.9910 0.0042 0.1342
vn -0.9913 -0.0003 0.1313
vn -0.9893 0.0059 0.1457
vn -0.9914 -0.0000 0.1305
vn -0.9909 0.0040 0.1344
vn -0.9916 -0.0031 0.1295
vn -0.9916 -0.0014 0.1296
vn -0.9914 0.0105 0.1304
vn -0.9914 0.0027 0.1312
vn -0.9913 -0.0004 0.1313
vn -0.9914 -0.0003 0.1308
vn -0.9908 0.0040 0.1350
vn -0.9907 0.0049 0.1358
vn -0.9911 -0.0013 0.1335
vn -0.9924 -0.0358 0.1176
vn -0.9913 0.0011 0.1320
vn -0.9914 -0.0000 0.1307
vn -0.9912 0.0007 0.1323
vn -0.9916 -0.0011 0.1294
vn -0.9914 0.0001 0.1311
vn -0.9920 0.0190 0.1248
vn -0.9916 -0.0016 0.1292
vn -0.9913 -0.0020 0.1320
vn -0.9913 0.0012 0.1318
vn -0.9896 0.0018 0.1437
vn -0.9929 -0.0159 0.1182
vn -0.9838 0.0462 0.1731
vn -0.9916 -0.0021 0.1294
vn -0.9917 -0.0015 0.1288
vn -0.9912 0.0045 0.1323
vn -0.9913 0.0008 0.1318
vn -0.9911 -0.0101 0.1325
vn -0.9914 -0.0025 0.1305
vn -0.9908 0.0012 0.1352
vn -0.9840 0.0072 0.1781
vn -0.9774 0.0168 0.2108
vn -0.1338 0.0002 -0.9910
vn -0.1346 -0.0000 -0.9909
vn -0.1327 -0.0003 -0.9912
vn -0.1314 -0.0002 -0.9913
vn 0.9914 0.0006 -0.1312
vn 0.9916 -0.0002 -0.1296
vn 0.9915 -0.0000 -0.1301
vn 0.9913 -0.0022 -0.1317
vn 0.9915 0.0003 -0.1304
vn 0.9919 -0.0054 -0.1268
vn 0.9914 0.0051 -0.1310
vn 0.9916 -0.0067 -0.1293
vn 0.9910 0.0049 -0.1337
vn 0.9917 0.0005 -0.1289
vn 0.9915 -0.0000 -0.1303
vn 0.9924 -0.0294 -0.1191
vn 0.9924 0.0040 -0.1228
vn 0.9980 0.0456 -0.0430
vn 0.9914 -0.0008 -0.1310
vn 0.9917 0.0033 -0.1283
vn 0.9914 -0.0018 -0.1309
vn 0.9915 0.0028 -0.1304
vn 0.9918 0.0022 -0.1281
vn 0.9921 0.0016 -0.1252
vn 0.9917 0.0067 -0.1285
vn 0.9912 -0.0032 -0.1320
vn 0.9916 0.0002 -0.1292
vn 0.9916 0.0001 -0.1296
vn 0.9924 -0.0040 -0.1227
vn 0.9919 0.0001 -0.1272
vn 0.9917 0.0002 -0.1285
vn 0.9941 -0.0009 -0.1087
vn 0.9918 0.0027 -0.1279
vn 0.9921 -0.0001 -0.1251
vn 0.9951 -0.0027 -0.0993
vn 0.9916 -0.0024 -0.1291
vn 0.9916 -0.0074 -0.1293
vn 0.9836 -0.0632 -0.1691
vn 0.9923 -0.0013 -0.1236
vn 0.9921 -0.0020 -0.1257
vn 0.9783 -0.1984 0.0591
vn 0.9917 -0.0005 -0.1285
vn 0.9913 -0.0024 -0.1313
vn 0.9918 -0.0038 -0.1281
vn 0.9913 -0.0150 -0.1306
vn 0.9919 0.0020 -0.1274
vn 0.9924 0.0057 -0.1227
vn 0.9909 -0.0111 -0.1344
vn 0.9943 0.0031 -0.1069
vn 0.9965 -0.0722 -0.0412
vn -0.1238 -0.0003 -0.9923
vn -0.1262 -0.0004 -0.9920
vn -0.1213 -0.0001 -0.9926
vn -0.1214 0.0001 -0.9926
vn -0.0004 -1.0000 0.0033
vn 0.0005 -1.0000 -0.0010
vn 0.0007 -1.0000 0.0056
vn -0.0001 -1.0000 -0.0000
vn -0.0002 -1.0000 -0.0000
vn -0.1304 -0.0081 -0.9914
vn -0.1302 -0.0102 -0.9914
vn -0.1304 -0.0079 -0.9914
vn -0.1304 -0.0054 -0.9914
vn -0.0000 1.0000 0.0003
vn -0.0000 1.0000 0.0008
vn -0.1304 0.0023 -0.9915
vn -0.1303 0.0039 -0.9915
vn -0.1303 0.0027 -0.9915
vn -0.1304 0.0010 -0.9915
vn -0.7501 0.0226 0.6609
vn -0.7475 0.0237 0.6638
vn -0.1006 0.0124 0.9949
vn -0.9668 0.0176 0.2548
vn 0.3502 0.0091 0.9366
vn 0.2592 0.0080 0.9658
vn 0.2030 0.0081 0.9792
vn 0.9980 -0.0015 0.0638
vn 1.0000 -0.0029 0.0075
vn 0.8055 -0.0040 0.5925
vn 0.9802 -0.0005 0.1979
vn 0.7621 -0.0016 0.6474
vn 0.7624 0.0010 0.6472
vn 0.9198 0.0036 0.3924
vn -0.5480 0.0202 0.8362
vn -0.1082 -0.0094 0.9941
vn -0.0529 0.0124 0.9985
vn -0.5865 0.0191 0.8097
vn -0.5781 0.0204 0.8157
vn -0.9682 0.0241 0.2489
vn -0.9817 0.0195 0.1895
vn -0.9748 -0.1719 0.1422
vn 0.0615 0.8471 0.5279
vn 0.0638 0.8648 0.4981
vn 0.2124 0.0234 0.9769
vn 0.1189 0.2202 0.9682
vn 0.1263 -0.4109 0.9029
vn 0.1257 0.3039 0.9444
vn 0.8515 0.0254 0.5238
vn 0.0647 0.9058 0.4188
vn 0.0376 0.9385 0.3432
vn 0.0781 0.8037 0.5899
vn -0.0438 0.9625 -0.2677
vn 0.7785 0.0314 0.6268
vn 0.6457 0.0166 0.7634
vn -0.5283 0.0477 0.8477
vn 0.3805 0.0439 0.9238
vn 0.0767 0.0484 0.9959
vn 0.0865 0.7828 0.6163
vn -0.4339 0.0278 0.9005
vn 0.1286 0.0015 0.9917
vn -0.1338 0.4127 -0.9010
vn 0.1118 -0.4208 0.9002
vn 0.0936 -0.6270 0.7734
vn 0.1040 -0.5720 0.8137
vn 0.9975 -0.0086 -0.0702
vn 0.9994 -0.0020 -0.0347
vn 0.9235 0.0240 0.3829
vn 0.8251 0.0357 0.5639
vn 0.9993 -0.0167 -0.0330
vn 0.9970 0.0371 -0.0685
vn 0.9965 0.0528 -0.0642
vn 0.9953 0.0773 -0.0579
vn 0.0688 0.8582 0.5086
vn -0.9022 0.2600 0.3440
vn 0.0121 0.2664 0.9638
vn 0.0931 0.8518 0.5156
vn 0.1020 -0.2579 0.9608
vn 0.3720 0.1153 0.9210
vn 0.5809 -0.2035 0.7881
vn 0.9972 0.0707 -0.0251
vn 0.1307 0.1146 0.9848
vn 0.1449 0.0064 0.9894
vn 0.0835 -0.7693 0.6335
vn 0.0885 -0.6921 0.7163
vn 0.0749 0.6926 0.7174
vn 0.7848 0.0754 0.6151
vn -0.5148 0.0409 0.8564
vn 0.0325 0.9598 0.2786
vn 0.0909 -0.7701 0.6315
vn 0.0897 -0.7842 0.6141
vn 0.1019 -0.6893 0.7173
vn 0.0323 -0.9721 0.2325
vn 0.1191 -0.0680 0.9906
vn 0.8259 0.0391 0.5625
vn -0.6512 0.0438 0.7576
vn -0.1025 -0.1415 0.9846
vn 0.0544 0.9151 0.3994
vn 0.1210 -0.1373 0.9831
vn 0.0728 -0.8091 0.5831
vn 0.1085 0.6477 0.7541
vn 0.1236 -0.2145 0.9689
vn 0.1042 0.4537 0.8850
vn 0.1288 0.1177 0.9847
vn 0.0969 0.5965 0.7968
vn 0.0959 0.5160 0.8512
vn 0.1184 0.0022 0.9930
vn 0.1188 0.3875 0.9142
vn 0.1224 -0.4292 0.8949
vn 0.1278 -0.0543 0.9903
vn -0.0800 0.8079 0.5838
vn 0.1301 0.2298 0.9645
vn 0.1341 0.0372 0.9903
vn 0.0919 -0.7105 0.6977
vn 0.4907 0.0574 0.8694
vn 0.8854 0.0042 0.4648
vn 0.8830 -0.0001 0.4694
vn 0.8713 0.0553 0.4877
vn 0.1319 0.0763 0.9883
vn 0.0947 0.6839 0.7234
vn 0.0991 0.7291 0.6772
vn 0.1334 0.1551 0.9789
vn 0.1394 0.0995 0.9852
vn 0.1193 -0.3225 0.9390
vn 0.1006 0.6521 0.7515
vn -0.4202 0.1048 0.9014
vn 0.5238 0.1436 0.8396
vn -0.4761 0.0966 0.8741
vn 0.1362 0.0032 0.9907
vn 0.1098 -0.5329 0.8390
vn 0.0643 0.7936 0.6051
vn 0.1291 0.1896 0.9733
vn 0.1326 0.0802 0.9879
vn 0.1474 0.0834 0.9856
vn 0.1734 0.2610 0.9496
vn 0.1085 -0.5412 0.8339
vn 0.1762 0.4362 0.8824
vn 0.1292 -0.4253 0.8958
vn 0.1231 0.3093 0.9429
vn 0.1040 0.5575 0.8236
vn 0.1238 0.1578 0.9797
vn 0.1259 -0.1976 0.9722
vn 0.0642 -0.8747 0.4804
vn 0.0799 0.7607 0.6441
vn 0.0945 0.5857 0.8050
vn 0.0480 0.9193 0.3905
vn 0.0881 -0.7036 0.7051
vn 0.0561 0.8786 0.4743
vn 0.1275 0.1128 0.9854
vn -0.0614 0.0583 0.9964
vn -0.0870 0.0493 0.9950
vn 0.1047 0.1215 0.9870
vn -0.0760 0.0429 0.9962
vn 0.1265 -0.1208 0.9846
vn 0.8273 0.0198 0.5614
vn 0.7533 0.0206 0.6573
vn -0.6425 0.0475 0.7648
vn -0.0873 0.0544 0.9947
vn 0.1274 -0.2146 0.9684
vn 0.1378 -0.0876 0.9866
vn 0.0620 -0.8530 0.5183
vn -0.1558 0.0246 0.9875
vn -0.1856 0.0226 0.9824
vn -0.1507 0.0308 0.9881
vn -0.1450 0.0604 0.9876
vn -0.1009 0.0736 0.9922
vn 0.1231 -0.0434 0.9915
vn -0.7446 0.0337 0.6666
vn -0.2453 0.4637 0.8514
vn 0.1444 0.2142 0.9660
vn 0.0721 0.8255 0.5597
vn 0.1060 -0.5360 0.8375
vn 0.0898 0.5701 0.8167
vn 0.2181 -0.0653 0.9737
vn -0.7283 0.0669 0.6820
vn -0.8114 0.0452 0.5828
vn -0.6566 0.0581 0.7520
vn -0.7504 0.0667 0.6576
vn 0.1312 -0.3836 0.9141
vn 0.1078 0.3707 0.9225
vn -0.8928 0.1215 0.4337
vn 0.1075 0.5268 0.8431
vn 0.1391 0.1215 0.9828
vn 0.1268 -0.2012 0.9713
vn 0.7993 0.0524 0.5986
vn 0.8666 0.0320 0.4980
vn 0.0991 -0.7648 0.6367
vn 0.0625 0.7793 0.6235
vn 0.9879 0.0153 0.1546
vn 0.8130 0.0358 0.5812
vn 0.1206 -0.9879 0.0971
vn 0.0186 -0.9928 0.1179
vn -0.2498 -0.9542 0.1644
vn -0.9819 0.0278 0.1874
vn -0.9759 0.0553 0.2113
vn -0.8681 0.0617 0.4925
vn -0.9853 0.0233 0.1691
vn -0.9837 0.0104 0.1797
vn -0.9917 0.0032 0.1289
vn -0.9839 -0.0015 0.1787
vn -0.9516 -0.0151 0.3069
vn -0.8736 0.3538 0.3342
vn -0.9270 0.1170 0.3563
vn -0.5302 0.6558 0.5375
vn -0.8754 -0.2912 0.3858
vn -0.8851 -0.3629 0.2913
vn -0.6981 0.4246 0.5766
vn 0.0128 -0.9942 0.1068
vn 0.1103 0.0937 0.9895
vn -0.6463 -0.7373 0.1970
vn 0.9980 0.0419 0.0471
vn 0.9980 0.0129 -0.0617
vn 0.9778 -0.1594 -0.1358
vn 0.9948 -0.0361 -0.0949
vn 0.9747 -0.1776 -0.1354
vn 0.9967 -0.0016 -0.0807
vn -0.9914 -0.0002 0.1308
vn -0.9917 0.0029 0.1288
vn -0.9915 0.0013 0.1300
vn -0.9916 0.0033 0.1292
vn -0.9913 -0.0011 0.1317
vn -0.9913 0.0028 0.1314
vn -0.9909 0.0042 0.1345
vn -0.9916 -0.0015 0.1295
vn -0.9914 -0.0004 0.1312
vn -0.9907 0.0047 0.1357
vn -0.9911 -0.0012 0.1335
vn -0.9924 -0.0357 0.1176
vn -0.9913 0.0009 0.1317
vn -0.9916 -0.0010 0.1294
vn -0.9913 0.0013 0.1319
vn -0.9929 -0.0151 0.1181
vn -0.9916 -0.0021 0.1293
vn -0.9913 0.0037 0.1319
vn -0.9913 0.0007 0.1318
vn -0.9911 -0.0106 0.1325
vn -0.9914 -0.0024 0.1305
vn -0.9908 0.0013 0.1354
vn -0.1347 -0.0000 -0.9909
vn -0.1324 -0.0003 -0.9912
vn -0.1312 -0.0002 -0.9914
vn 0.9913 -0.0023 -0.1318
vn 0.9919 -0.0055 -0.1268
vn 0.9916 -0.0068 -0.1293
vn 0.9910 0.0048 -0.1338
vn 0.9917 0.0005 -0.1288
vn 0.9980 0.0457 -0.0430
vn 0.9914 -0.0011 -0.1312
vn 0.9914 -0.0019 -0.1308
vn 0.9915 0.0026 -0.1305
vn 0.9912 -0.0034 -0.1321
vn 0.9924 -0.0040 -0.1228
vn 0.9920 0.0022 -0.1266
vn 0.9921 -0.0001 -0.1252
vn 0.9916 -0.0023 -0.1291
vn 0.9916 -0.0073 -0.1291
vn 0.9836 -0.0630 -0.1691
vn 0.9923 -0.0014 -0.1237
vn 0.9921 -0.0020 -0.1258
vn 0.9918 -0.0038 -0.1280
vn 0.9913 -0.0149 -0.1306
vn 0.9918 0.0016 -0.1279
vn 0.9909 -0.0112 -0.1343
vn -0.1214 -0.0001 -0.9926
vn -0.1237 -0.0002 -0.9923
vn -0.1217 0.0001 -0.9926
vn -0.0004 -1.0000 0.0032
vn -0.1304 -0.0080 -0.9914
vn -0.1304 -0.0078 -0.9914
vn -0.1303 0.0024 -0.9915
vn -0.8679 0.0192 0.4964
vn -0.7236 0.0189 0.6899
vn -0.8510 0.0183 0.5248
vn -0.6679 0.0171 0.7440
vn -0.1737 0.0138 0.9847
vn -0.2266 0.0109 0.9739
vn -0.6947 0.0156 0.7191
vn -0.9937 0.0148 0.1115
vn -0.9770 0.0138 0.2128
vn -0.2769 0.0134 0.9608
vn -0.9955 0.0140 0.0932
vn 0.2582 0.0093 0.9660
vn 0.1758 0.0102 0.9844
vn 0.0851 0.0081 0.9963
vn 0.9852 -0.0014 0.1713
vn 0.8817 0.0011 0.4717
vn 0.8686 -0.0017 0.4955
vn 0.8366 0.0011 0.5478
vn 0.6941 -0.0014 0.7198
vn 0.3729 0.0058 0.9278
vn 0.9915 -0.0027 0.1300
vn 0.9931 -0.0023 0.1172
vn 0.7488 -0.0025 0.6628
vn 0.2846 0.0086 0.9586
vn 0.1051 0.0096 0.9944
vn 0.0827 0.0117 0.9965
vn 0.3118 0.0111 0.9501
vn 0.9859 -0.0014 0.1675
vn 0.9551 -0.0007 0.2964
vn 0.7012 -0.0012 0.7130
vn 0.7097 0.0015 0.7045
vn 0.9900 -0.0017 0.1409
vn 0.6758 -0.0013 0.7371
vn 0.2054 0.0073 0.9786
vn 0.8830 0.0016 0.4693
vn 0.9906 -0.0019 0.1365
vn -0.6858 0.0167 0.7276
vn -0.1230 0.0102 0.9923
vn -0.3010 -0.0093 0.9536
vn -0.3475 0.0130 0.9376
vn -0.2345 0.0123 0.9720
vn -0.9765 0.0145 0.2150
vn -0.8716 0.0192 0.4899
vn -0.7220 0.0186 0.6917
vn -0.8583 0.0178 0.5128
vn -0.9927 0.0145 0.1197
vn -0.9938 0.0142 0.1106
vn -0.1266 0.0154 0.9918
vn -0.6948 0.0146 0.7190
vn -0.9972 -0.0126 0.0741
vn -0.9998 0.0049 0.0178
vn -0.9996 0.0082 0.0264
vn -0.9998 0.0079 0.0205
vn -0.9992 0.0124 0.0384
vn -0.9988 -0.0428 0.0258
vn -0.9977 0.0039 0.0677
vn -0.9965 0.0201 0.0810
vn -0.9966 0.0186 0.0804
vn -0.9998 0.0103 0.0142
vn -0.9995 0.0259 0.0170
vn -0.9996 0.0203 0.0221
vn -0.9990 0.0327 0.0295
vn -0.4643 0.0742 0.8826
vn -0.9986 0.0078 0.0518
vn -0.9993 0.0043 0.0363
vn -0.9993 0.0151 0.0354
vn -0.9968 -0.0776 0.0201
vn -0.9905 -0.1372 0.0036
vn -0.9372 -0.1991 0.2865
vn -0.4975 0.7180 0.4868
vn -0.9872 0.1307 0.0909
vn -0.0576 0.8077 0.5868
vn -0.1914 0.3230 0.9269
vn -0.9423 -0.0121 0.3345
vn -0.0903 0.0093 0.9959
vn -0.0130 0.8452 0.5343
vn -0.0135 0.8473 0.5309
vn -0.0075 0.8644 0.5028
vn -0.0102 0.8054 0.5927
vn -0.0080 0.8553 0.5181
vn -0.0954 0.3333 0.9380
vn -0.1173 0.2084 0.9710
vn -0.0577 0.0130 0.9982
vn -0.0264 0.0235 0.9994
vn -0.0543 -0.0393 0.9978
vn -0.0592 0.0615 0.9964
vn -0.0979 -0.0008 0.9952
vn -0.0043 0.0622 0.9981
vn 0.0528 0.8630 0.5024
vn 0.1335 0.6189 0.7740
vn 0.0826 0.0220 0.9963
vn -0.0177 -0.0745 0.9971
vn 0.0024 0.1452 0.9894
vn 0.9138 0.1800 0.3642
vn -0.0120 -0.1939 0.9809
vn -0.0142 -0.2733 0.9618
vn -0.0149 -0.5784 0.8156
vn -0.0075 -0.7805 0.6251
vn -0.0021 0.8959 0.4442
vn -0.2764 0.0553 0.9594
vn -0.1550 0.4444 0.8823
vn 0.0078 0.9833 0.1818
vn 0.0005 0.8392 0.5438
vn -0.0041 0.7000 0.7142
vn -0.0101 0.1455 0.9893
vn -0.0080 0.7994 0.6007
vn 0.0454 0.0098 0.9989
vn 0.0311 0.1969 0.9799
vn -0.0057 0.1242 0.9922
vn -0.0212 -0.4324 0.9014
vn -0.0073 0.8581 0.5134
vn -0.0106 0.9693 0.2457
vn -0.0263 0.7461 0.6654
vn -0.0242 0.3132 0.9494
vn -0.0009 0.7136 0.7006
vn -0.0186 0.7999 0.5998
vn -0.0800 0.2498 0.9650
vn 0.7007 0.0273 0.7130
vn 0.8347 0.0221 0.5503
vn 0.4900 0.0416 0.8707
vn 0.8336 0.0213 0.5520
vn -0.1441 0.0403 0.9887
vn -0.6272 0.0403 0.7778
vn -0.1268 0.1136 0.9854
vn -0.0114 0.9062 0.4226
vn 0.0090 0.1403 0.9901
vn 0.0039 0.9920 0.1265
vn -0.7784 0.0481 0.6259
vn -0.7676 0.0592 0.6382
vn -0.0421 -0.0002 0.9991
vn -0.0125 0.9386 0.3449
vn -0.0093 0.9035 0.4284
vn -0.0121 0.8048 0.5935
vn -0.0131 0.8839 0.4676
vn -0.0086 0.9626 -0.2708
vn 0.0188 -0.7292 0.6840
vn 0.0046 -0.7823 0.6229
vn -0.0096 -0.6506 0.7593
vn -0.0089 -0.1669 0.9859
vn -0.0081 0.1798 0.9837
vn -0.0015 -0.8857 0.4643
vn 0.0387 0.0859 0.9956
vn -0.0128 0.9997 0.0189
vn 0.0054 -0.5477 0.8367
vn -0.0216 0.1138 0.9933
vn 0.7617 0.0230 0.6475
vn 0.7554 0.0166 0.6551
vn -0.0599 0.3138 0.9476
vn 0.0192 0.0131 0.9997
vn 0.5875 0.0160 0.8090
vn -0.6688 0.0530 0.7415
vn 0.2614 0.0398 0.9644
vn -0.0630 0.0574 0.9964
vn 0.8966 0.0223 0.4423
vn 0.7839 0.0275 0.6202
vn -0.7896 0.0429 0.6121
vn -0.7878 0.0424 0.6144
vn -0.7487 0.0512 0.6610
vn -0.0014 0.7804 0.6253
vn 0.0382 0.4742 0.8796
vn -0.0023 0.9213 0.3887
vn -0.2747 0.0533 0.9601
vn -0.3462 -0.0040 0.9382
vn -0.0120 0.6829 0.7304
vn -0.0573 0.1008 0.9933
vn -0.0020 0.7728 0.6346
vn -0.5845 0.0243 0.8110
vn -0.0213 0.0078 0.9997
vn -0.0158 -0.2386 0.9710
vn 0.0850 0.0495 0.9952
vn 0.0081 0.3214 0.9469
vn -0.0122 0.4124 -0.9109
vn -0.0145 -0.4204 0.9072
vn -0.0088 -0.5549 0.8319
vn -0.0027 -0.7785 0.6276
vn 0.0077 -0.1667 0.9860
vn -0.0142 -0.6270 0.7789
vn -0.0013 -0.8830 0.4694
vn -0.0099 -0.5720 0.8202
vn -0.0036 0.8510 0.5252
vn 0.9987 -0.0194 0.0465
vn 0.9984 -0.0056 0.0568
vn 0.9984 -0.0337 0.0462
vn 0.9998 -0.0077 0.0157
vn 0.9896 -0.0039 0.1435
vn 0.9988 -0.0098 0.0488
vn 0.9990 -0.0127 0.0428
vn 0.9977 -0.0020 0.0672
vn 0.9061 0.0210 0.4226
vn 0.8103 0.0311 0.5851
vn 0.8088 0.0313 0.5872
vn 0.9970 0.0416 0.0652
vn 0.9979 -0.0037 0.0651
vn 0.9961 -0.0238 0.0845
vn 0.9980 0.0296 0.0567
vn 0.9974 0.0400 0.0597
vn 0.9960 0.0614 0.0650
vn 0.0059 0.8541 0.5200
vn 0.0100 0.8395 0.5432
vn 0.5737 0.6793 0.4577
vn 0.0016 0.8467 0.5321
vn -0.0016 0.8583 0.5131
vn -0.9647 0.1995 0.1719
vn -0.2915 -0.0443 0.9555
vn -0.2103 0.5081 0.8352
vn -0.0086 0.8585 0.5127
vn -0.0062 0.0424 0.9991
vn -0.1404 -0.0924 0.9858
vn -0.1498 0.2635 0.9530
vn -0.0821 0.5255 0.8468
vn -0.1024 -0.0646 0.9926
vn -0.0080 -0.2089 0.9779
vn -0.0013 -0.1640 0.9865
vn -0.0024 -0.0925 0.9957
vn -0.0095 0.8130 0.5822
vn -0.0043 0.8632 0.5048
vn 0.0179 0.8566 0.5157
vn 0.1811 0.8213 0.5410
vn 0.0238 -0.2265 0.9737
vn 0.0002 -0.0387 0.9993
vn -0.0439 0.5757 0.8165
vn 0.0240 -0.2134 0.9767
vn 0.2635 0.0882 0.9606
vn 0.0051 0.0720 0.9974
vn 0.4825 -0.2011 0.8525
vn 0.9941 0.0576 0.0916
vn 0.9948 0.0285 0.0976
vn -0.0221 -0.0036 0.9997
vn 0.0041 0.7772 0.6292
vn -0.0096 0.8006 0.5991
vn -0.0178 0.3645 0.9310
vn 0.0193 0.9393 0.3426
vn 0.0370 0.0968 0.9946
vn -0.0184 -0.1318 0.9911
vn -0.0134 0.1081 0.9941
vn -0.0147 -0.7788 0.6271
vn 0.1370 -0.0420 0.9897
vn -0.0201 -0.8687 0.4949
vn 0.7074 0.0184 0.7065
vn 0.7442 0.0299 0.6673
vn 0.5908 0.0405 0.8058
vn 0.1655 0.0668 0.9839
vn -0.6319 0.0347 0.7743
vn -0.8544 0.0099 0.5195
vn -0.8648 0.0087 0.5021
vn -0.1522 -0.6664 0.7299
vn -0.6036 0.0502 0.7957
vn -0.0606 0.0933 0.9938
vn -0.0411 0.0179 0.9990
vn 0.0458 0.1154 0.9923
vn -0.0141 0.5821 0.8130
vn -0.0064 0.8431 0.5377
vn -0.0041 0.9149 0.4036
vn -0.0116 0.8810 0.4730
vn -0.0046 -0.7693 0.6389
vn -0.0073 -0.8519 0.5236
vn -0.0014 -0.9992 0.0406
vn -0.0110 -0.7043 0.7098
vn -0.0062 -0.8101 0.5863
vn 0.2063 0.0809 0.9751
vn -0.0229 -0.8766 0.4806
vn 0.0039 0.6737 0.7390
vn -0.0037 -0.7491 0.6625
vn 0.0025 -0.7694 0.6387
vn 0.0246 -0.8986 0.4380
vn 0.7877 0.0240 0.6155
vn 0.7072 0.0486 0.7053
vn -0.2145 0.0672 0.9744
vn 0.7312 0.0846 0.6769
vn 0.0535 0.0529 0.9972
vn -0.7147 0.0342 0.6986
vn -0.7328 0.0355 0.6795
vn 0.0393 0.1495 0.9880
vn -0.0130 0.7696 0.6384
vn -0.0542 0.1648 0.9848
vn -0.0097 0.9595 0.2816
vn 0.0006 0.9325 0.3612
vn -0.0214 -0.8709 0.4910
vn -0.0066 -0.7618 0.6477
vn -0.0135 -0.8583 0.5130
vn -0.0642 -0.0615 0.9960
vn -0.0030 -0.6668 0.7452
vn 0.0029 -0.7901 0.6129
vn 0.0047 -0.6989 0.7152
vn -0.0019 0.8837 0.4681
vn 0.0025 0.7395 0.6732
vn -0.0016 0.8997 0.4364
vn 0.0078 -0.7269 0.6867
vn 0.0041 0.8524 0.5229
vn -0.0153 0.3131 0.9496
vn 0.0060 0.7952 0.6063
vn -0.0601 0.0816 0.9949
vn 0.0004 -0.9721 0.2347
vn 0.0051 -0.8083 0.5888
vn 0.0478 -0.0396 0.9981
vn 0.6942 0.0266 0.7193
vn 0.7986 0.0051 0.6018
vn 0.7913 0.0262 0.6108
vn 0.3733 0.0622 0.9256
vn 0.9254 0.0082 0.3789
vn -0.4319 0.0858 0.8978
vn -0.7638 0.0533 0.6432
vn -0.8010 0.0331 0.5977
vn -0.2970 -0.1289 0.9461
vn -0.0043 0.8520 0.5235
vn -0.0007 0.9151 0.4031
vn -0.0168 -0.1346 0.9908
vn -0.0093 -0.8092 0.5875
vn -0.0087 0.1085 0.9941
vn -0.0087 0.6638 0.7479
vn -0.0036 0.6454 0.7638
vn -0.0040 0.6968 0.7173
vn -0.0106 0.1084 0.9941
vn -0.0103 0.0950 0.9954
vn -0.0109 -0.2136 0.9769
vn -0.0131 0.7703 0.6375
vn -0.0114 0.4539 0.8910
vn -0.0134 0.7704 0.6374
vn -0.0118 0.6424 0.7662
vn -0.0086 0.8063 0.5914
vn -0.0101 -0.6401 0.7682
vn -0.0030 -0.6726 0.7400
vn 0.1263 0.1480 0.9809
vn -0.0027 0.0057 1.0000
vn -0.1811 -0.1282 0.9751
vn 0.0022 0.7373 0.6755
vn -0.0085 0.1178 0.9930
vn 0.0104 0.4540 0.8909
vn 0.0593 -0.0613 0.9964
vn 0.0415 0.1834 0.9822
vn -0.0123 0.1137 0.9934
vn -0.0080 0.1202 0.9927
vn 0.0496 0.1431 0.9885
vn 0.0059 -0.7383 0.6744
vn 0.7881 0.0382 0.6143
vn 0.8328 0.0333 0.5525
vn 0.9464 0.0289 0.3217
vn 0.9474 0.0292 0.3186
vn -0.0026 -0.6781 0.7350
vn -0.0095 -0.4692 0.8830
vn -0.0101 -0.8018 0.5976
vn -0.0106 0.7230 0.6907
vn -0.0163 0.5970 0.8021
vn -0.0294 0.5185 0.8546
vn -0.0122 -0.0203 0.9997
vn -0.0139 0.6313 0.7755
vn -0.0072 0.3880 0.9216
vn -0.0221 0.2525 0.9673
vn -0.0235 -0.1885 0.9818
vn -0.0149 0.3421 0.9395
vn -0.0138 -0.4977 0.8672
vn -0.0091 -0.5009 0.8654
vn 0.0035 0.0041 1.0000
vn 0.0166 0.0421 0.9990
vn -0.0047 -0.4048 0.9144
vn 0.0009 -0.4310 0.9023
vn 0.0147 0.7304 0.6829
vn 0.0147 0.4492 0.8933
vn -0.0147 0.5411 0.8408
vn 0.0056 0.5066 0.8621
vn -0.0042 -0.7894 0.6138
vn 0.1176 -0.4617 0.8792
vn -0.0067 0.7339 0.6793
vn -0.0161 0.5383 0.8426
vn -0.0129 0.4800 0.8772
vn -0.0135 0.1089 0.9940
vn -0.0143 -0.1109 0.9937
vn -0.0096 -0.0537 0.9985
vn -0.0088 0.3127 0.9498
vn -0.0034 0.3069 0.9518
vn -0.0050 0.5326 0.8464
vn -0.0143 0.1382 0.9903
vn -0.1599 0.8076 0.5676
vn -0.0044 0.2279 0.9737
vn -0.0049 0.1236 0.9923
vn -0.0019 0.0365 0.9993
vn -0.0015 0.0293 0.9996
vn 0.0281 0.0456 0.9986
vn -0.0108 -0.0974 0.9952
vn -0.0110 0.1831 0.9830
vn 0.0021 -0.7098 0.7044
vn 0.0564 0.1332 0.9895
vn 0.2383 -0.5621 0.7920
vn -0.0049 -0.7104 0.7038
vn -0.0263 0.0975 0.9949
vn -0.0105 0.7278 0.6857
vn -0.0048 0.2992 0.9542
vn -0.0189 0.3306 0.9436
vn 0.0051 0.0890 0.9960
vn 0.7898 0.0265 0.6128
vn 0.7377 0.0335 0.6743
vn 0.4453 0.0552 0.8937
vn 0.8677 0.0015 0.4971
vn 0.8458 -0.0147 0.5334
vn 0.0589 -0.0230 0.9980
vn 0.7377 0.0264 0.6746
vn 0.8851 0.0204 0.4650
vn 0.8875 0.0194 0.4605
vn -0.0119 0.0977 0.9951
vn 0.0076 0.4532 0.8914
vn 0.9897 -0.1419 0.0195
vn 0.8473 0.0461 0.5292
vn 0.8556 0.0471 0.5154
vn 0.7878 0.0536 0.6135
vn 0.0480 0.1733 0.9837
vn 0.0419 0.0401 0.9983
vn -0.0055 0.0764 0.9971
vn -0.0009 0.7874 0.6164
vn 0.0009 0.6969 0.7172
vn -0.0077 0.7180 0.6960
vn -0.0013 0.1548 0.9879
vn -0.0010 0.1851 0.9827
vn -0.7624 0.0528 0.6450
vn -0.9028 0.0619 0.4255
vn -0.8269 0.0456 0.5604
vn -0.0870 -0.1707 0.9815
vn -0.0621 0.1439 0.9876
vn -0.7681 0.0646 0.6370
vn -0.7576 0.0728 0.6486
vn -0.0042 0.1124 0.9936
vn -0.0091 -0.3259 0.9453
vn -0.0007 -0.6760 0.7369
vn -0.0075 0.0013 1.0000
vn -0.0114 0.3011 0.9535
vn -0.0367 0.0991 0.9944
vn -0.0032 0.6516 0.7585
vn -0.0116 0.7701 0.6378
vn -0.0027 -0.7071 0.7071
vn 0.0063 0.9058 0.4237
vn -0.0110 0.7614 0.6482
vn -0.0104 0.6824 0.7309
vn -0.0113 0.1138 0.9934
vn -0.0102 0.1085 0.9940
vn -0.6210 0.0970 0.7778
vn -0.7274 0.1211 0.6754
vn 0.4862 0.1370 0.8630
vn -0.8870 0.0642 0.4573
vn -0.8608 0.0749 0.5034
vn -0.6816 0.0722 0.7282
vn -0.0362 0.0473 0.9982
vn -0.0144 0.5979 0.8014
vn -0.0043 0.0080 1.0000
vn 0.0032 0.6984 0.7157
vn -0.0103 -0.0756 0.9971
vn -0.0158 -0.6388 0.7692
vn -0.0783 -0.0349 0.9963
vn -0.0398 0.1147 0.9926
vn 0.0014 0.5055 0.8628
vn -0.0017 -0.5440 0.8391
vn 0.0207 0.4805 0.8768
vn -0.0121 0.5347 0.8450
vn -0.0241 0.7878 0.6154
vn -0.0118 0.2232 0.9747
vn -0.0236 -0.1216 0.9923
vn 0.0067 0.1922 0.9813
vn -0.0369 0.5530 0.8323
vn 0.0010 0.7976 0.6032
vn -0.0061 0.1753 0.9845
vn 0.0067 0.5040 0.8637
vn -0.0037 -0.3315 0.9434
vn 0.0182 0.1165 0.9930
vn -0.0147 0.0747 0.9971
vn -0.0117 -0.7466 0.6652
vn -0.0002 -0.2145 0.9767
vn -0.0043 0.0802 0.9968
vn -0.0099 -0.0279 0.9996
vn 0.0017 0.0845 0.9964
vn 0.0577 0.2597 0.9640
vn -0.1462 0.4171 0.8970
vn 0.0215 0.2919 0.9562
vn 0.0033 0.3550 0.9349
vn 0.0112 0.6699 0.7424
vn 0.0179 0.2855 0.9582
vn -0.0023 0.7548 0.6560
vn -0.0256 0.5141 0.8573
vn -0.0079 -0.5410 0.8410
vn -0.0018 -0.7448 0.6673
vn -0.0063 -0.8167 0.5770
vn -0.0157 -0.6769 0.7359
vn -0.0050 -0.7325 0.6808
vn 0.0477 0.4344 0.8995
vn -0.0222 0.4103 0.9117
vn 0.0043 -0.4244 0.9054
vn -0.0071 -0.4364 0.8997
vn -0.0102 0.1402 0.9901
vn -0.3333 0.4162 0.8460
vn -0.0013 0.0284 0.9996
vn -0.0021 -0.0639 0.9980
vn -0.0043 0.5530 0.8332
vn -0.0090 0.3095 0.9509
vn -0.0064 -0.1310 0.9914
vn -0.0096 -0.4727 0.8812
vn -0.0127 0.5094 0.8605
vn -0.0111 0.5576 0.8300
vn -0.0065 0.1619 0.9868
vn 0.0020 -0.8745 0.4850
vn -0.0128 -0.7187 0.6952
vn -0.0017 -0.6913 0.7226
vn -0.0059 -0.2080 0.9781
vn -0.0052 -0.1468 0.9892
vn -0.0043 -0.1656 0.9862
vn 0.0062 -0.8765 0.4813
vn 0.0055 -0.9628 0.2700
vn -0.0047 -0.8491 0.5283
vn -0.0042 -0.9789 0.2042
vn -0.0083 0.7441 0.6680
vn -0.0195 0.5652 0.8247
vn 0.0061 0.9182 0.3960
vn -0.0093 0.2533 0.9673
vn -0.0057 0.2565 0.9665
vn -0.0097 0.0627 0.9980
vn -0.0107 0.0740 0.9972
vn -0.0044 0.9222 0.3867
vn -0.0279 0.6417 0.7664
vn -0.0347 0.7071 0.7063
vn -0.0112 0.9799 0.1994
vn -0.0071 0.9846 0.1747
vn 0.0045 -0.8695 0.4939
vn -0.0077 -0.6938 0.7202
vn 0.0045 -0.7198 0.6942
vn -0.0100 -0.2177 0.9760
vn 0.0061 -0.7345 0.6786
vn -0.0094 -0.1524 0.9883
vn -0.0115 -0.1262 0.9919
vn 0.0048 -0.9792 0.2030
vn -0.0032 -0.8604 0.5096
vn 0.0016 -0.9789 0.2044
vn -0.0013 -0.9840 0.1781
vn -0.0044 0.6966 0.7175
vn 0.0215 0.7424 0.6696
vn 0.8900 -0.3437 0.2997
vn -0.0078 0.2776 0.9607
vn -0.0047 0.2835 0.9590
vn -0.0088 0.0948 0.9955
vn -0.0571 0.6076 0.7922
vn -0.0183 0.9559 0.2931
vn -0.0012 0.9002 0.4355
vn -0.0111 0.8792 0.4763
vn -0.0263 0.5867 0.8093
vn -0.0101 0.1128 0.9936
vn -0.2525 0.0460 0.9665
vn -0.2460 0.0508 0.9679
vn -0.3053 0.0546 0.9507
vn -0.3028 0.0577 0.9513
vn -0.2800 0.0307 0.9595
vn -0.3184 0.0705 0.9453
vn -0.2515 0.0599 0.9660
vn -0.2858 0.0530 0.9568
vn 0.0256 0.0943 0.9952
vn -0.0076 0.9310 0.3650
vn -0.2508 0.0778 0.9649
vn -0.2723 0.0442 0.9612
vn 0.0067 0.0989 0.9951
vn -0.2304 0.0598 0.9713
vn -0.0035 0.3119 0.9501
vn -0.0219 -0.2670 0.9634
vn -0.2752 0.0544 0.9599
vn -0.0069 -0.1281 0.9917
vn -0.3122 0.0593 0.9482
vn -0.2976 0.0271 0.9543
vn -0.0020 -0.8091 0.5877
vn 0.0163 0.7050 0.7090
vn -0.0102 -0.0244 0.9997
vn -0.0092 -0.8587 0.5124
vn 0.0426 -0.0963 0.9944
vn 0.0133 -0.3072 0.9515
vn 0.8087 0.0172 0.5880
vn 0.7758 0.0301 0.6302
vn 0.7520 0.0198 0.6589
vn 0.0062 -0.0375 0.9993
vn 0.7353 0.0271 0.6772
vn 0.0387 0.0452 0.9982
vn 0.0818 0.0492 0.9954
vn -0.8070 0.0457 0.5887
vn -0.6800 0.0412 0.7321
vn -0.7801 0.0465 0.6240
vn -0.5510 0.0472 0.8332
vn -0.0719 -0.1012 0.9923
vn -0.0419 0.0960 0.9945
vn 0.0077 0.0463 0.9989
vn -0.1947 0.0512 0.9795
vn 0.0038 0.4119 0.9112
vn -0.0012 0.9074 0.4202
vn -0.0168 0.7352 0.6776
vn -0.0156 0.1301 0.9914
vn -0.2227 0.0502 0.9736
vn -0.0382 -0.7051 0.7081
vn -0.0076 -0.2277 0.9737
vn -0.0000 -0.0880 0.9961
vn 0.0050 0.4927 0.8702
vn -0.0016 0.0742 0.9972
vn -0.0097 -0.6989 0.7151
vn 0.0062 -0.8581 0.5134
vn -0.2198 0.0654 0.9734
vn -0.1871 0.0324 0.9818
vn -0.0092 -0.3705 0.9288
vn -0.2380 0.0544 0.9697
vn -0.2049 0.0312 0.9783
vn -0.2094 0.0550 0.9763
vn -0.2214 0.0744 0.9723
vn -0.2072 0.0777 0.9752
vn -0.1767 0.0256 0.9839
vn -0.2387 0.0719 0.9684
vn -0.1835 0.0448 0.9820
vn -0.2575 0.0725 0.9635
vn -0.2192 0.0402 0.9749
vn -0.2165 0.0332 0.9757
vn -0.2857 0.0437 0.9573
vn -0.0163 -0.0459 0.9988
vn -0.2708 0.0620 0.9606
vn -0.0148 -0.1791 0.9837
vn -0.8823 0.0285 0.4699
vn -0.8777 0.0276 0.4784
vn -0.4106 0.4609 0.7867
vn 0.0111 0.2121 0.9772
vn 0.0330 0.1141 0.9929
vn 0.0036 0.6253 0.7803
vn 0.0073 0.8133 0.5819
vn -0.1919 -0.2867 0.9386
vn -0.0672 0.0992 0.9928
vn -0.0062 -0.5099 0.8602
vn -0.0132 -0.5547 0.8320
vn -0.0265 0.5878 0.8085
vn 0.1476 -0.0427 0.9881
vn 0.0817 0.2373 0.9680
vn -0.0139 0.7780 0.6282
vn -0.2190 0.2885 0.9321
vn -0.8733 0.0566 0.4840
vn -0.9224 0.0375 0.3843
vn -0.8184 0.0562 0.5719
vn -0.1443 0.4031 0.9037
vn -0.8860 0.0560 0.4604
vn -0.1854 -0.1211 0.9752
vn 0.0006 -0.2254 0.9743
vn 0.0099 -0.3959 0.9183
vn 0.0106 -0.6905 0.7233
vn -0.0757 0.0123 0.9971
vn 0.1854 -0.1845 0.9652
vn -0.8852 0.0565 0.4617
vn -0.0384 0.3658 0.9299
vn -0.0614 0.7228 0.6883
vn -0.8890 0.1503 0.4325
vn -0.0287 0.7852 0.6185
vn -0.0136 0.4546 0.8906
vn 0.0039 -0.4825 0.8759
vn 0.1720 0.1561 0.9726
vn -0.0006 -0.7334 0.6798
vn 0.1581 -0.1198 0.9801
vn 0.0410 0.5328 0.8453
vn -0.0196 0.4445 0.8956
vn -0.0123 0.5350 0.8448
vn 0.1603 -0.3114 0.9367
vn 0.0034 -0.6833 0.7301
vn 0.2715 -0.4020 0.8744
vn 0.0154 -0.0332 0.9993
vn -0.0007 0.5342 0.8454
vn 0.0599 0.0988 0.9933
vn -0.0132 -0.0645 0.9978
vn -0.0141 0.1410 0.9899
vn -0.0204 0.1406 0.9899
vn -0.0190 0.2563 0.9664
vn 0.0115 0.6322 0.7747
vn 0.0015 0.2386 0.9711
vn -0.0133 0.1280 0.9917
vn 0.0399 0.4764 0.8783
vn -0.0071 -0.1922 0.9813
vn -0.0093 -0.2007 0.9796
vn -0.0125 -0.0766 0.9970
vn -0.0025 0.2678 0.9635
vn -0.0000 0.6292 0.7773
vn -0.0177 0.5864 0.8098
vn 0.7848 0.0445 0.6181
vn 0.8371 0.0265 0.5464
vn 0.8509 0.0273 0.5247
vn 0.0557 0.0959 0.9938
vn 0.0128 -0.7654 0.6434
vn -0.0113 0.7249 0.6887
vn -0.0072 0.7934 0.6087
vn 0.7846 0.0219 0.6196
vn 0.8381 0.0138 0.5454
vn 0.8819 0.0193 0.4711
vn 0.8500 0.0160 0.5265
vn 0.8733 0.0243 0.4866
vn 0.9533 -0.0037 0.3021
vn 0.9208 -0.0254 0.3891
vn 0.7913 0.0287 0.6107
vn 0.9540 0.0367 0.2975
vn 0.1289 -0.0121 0.9916
vn 0.0194 0.1481 0.9888
vn 0.0168 -0.9932 0.1155
vn 0.1393 -0.9838 0.1127
vn 0.0022 -0.9928 0.1198
vn 0.1260 -0.9855 0.1135
vn -0.0010 -0.9928 0.1195
vn -0.9159 -0.3966 0.0619
vn -0.2754 -0.9533 0.1241
vn -0.9987 0.0214 0.0461
vn -0.9997 0.0171 0.0162
vn -0.9999 0.0089 0.0065
vn -0.9982 0.0338 0.0504
vn -0.9377 0.0550 0.3429
vn -0.8024 0.0790 0.5915
vn -0.9924 -0.0014 -0.1232
vn -0.9998 0.0195 -0.0062
vn -0.9999 -0.0106 0.0067
vn -1.0000 0.0079 0.0049
vn -0.9996 0.0107 0.0262
vn -0.9981 0.0607 0.0105
vn -0.9999 0.0154 0.0034
vn -1.0000 0.0023 -0.0096
vn -0.9998 -0.0070 0.0195
vn -0.9906 -0.0120 0.1364
vn -0.9416 0.2901 0.1713
vn -0.9832 0.0985 0.1535
vn -0.6860 0.5965 0.4167
vn -0.9985 -0.0359 0.0410
vn -0.9994 -0.0292 0.0196
vn -0.9477 -0.2382 0.2122
vn -0.9452 -0.2836 0.1616
vn -0.8403 0.1160 0.5296
vn -0.9873 -0.0793 0.1375
vn -0.8365 0.3660 0.4079
vn 0.3541 -0.9286 0.1107
vn 0.9439 -0.3216 0.0753
vn -0.0024 -0.9957 0.0930
vn -0.0001 -0.9941 0.1084
vn 0.0019 -0.9444 0.3287
vn 0.9988 -0.0052 0.0489
vn -0.0859 0.0903 0.9922
vn 0.1206 0.0868 0.9889
vn -0.7486 -0.6565 0.0932
vn 0.9927 0.0046 0.1204
vn 0.9980 0.0102 0.0629
vn 0.9995 0.0185 0.0244
vn 0.9917 -0.1287 0.0018
vn 0.9991 -0.0173 0.0393
vn 0.9893 -0.1459 0.0006
vn 0.9899 -0.1417 0.0017
vn 0.9989 -0.0019 0.0474
vn 0.9990 -0.0076 0.0431
vn 0.9976 0.0087 0.0680
vn 0.9991 -0.0033 0.0431
vn -1.0000 -0.0005 -0.0066
vn -1.0000 0.0018 -0.0085
vn -1.0000 0.0004 -0.0077
vn -1.0000 0.0010 -0.0082
vn -1.0000 0.0022 -0.0082
vn -1.0000 -0.0005 -0.0067
vn -1.0000 -0.0000 -0.0077
vn -1.0000 0.0004 -0.0060
vn -1.0000 0.0038 -0.0043
vn -1.0000 -0.0005 -0.0078
vn -1.0000 0.0047 0.0047
vn -1.0000 0.0032 -0.0042
vn -1.0000 -0.0024 -0.0083
vn -1.0000 -0.0015 -0.0082
vn -0.9999 0.0089 -0.0075
vn -1.0000 0.0011 -0.0068
vn -1.0000 -0.0031 -0.0026
vn -1.0000 -0.0002 -0.0072
vn -1.0000 0.0032 -0.0039
vn -1.0000 0.0038 -0.0032
vn -1.0000 -0.0007 -0.0049
vn -0.9996 -0.0223 -0.0155
vn -1.0000 0.0006 -0.0066
vn -1.0000 -0.0000 -0.0073
vn -1.0000 0.0005 -0.0060
vn -1.0000 -0.0005 -0.0079
vn -1.0000 -0.0010 -0.0080
vn -0.9998 0.0151 -0.0120
vn -1.0000 -0.0026 -0.0083
vn -1.0000 -0.0022 -0.0065
vn -1.0000 0.0006 -0.0068
vn -1.0000 0.0017 0.0020
vn -0.9999 0.0159 0.0060
vn -0.9990 0.0367 0.0269
vn -1.0000 -0.0022 -0.0087
vn -1.0000 -0.0014 -0.0090
vn -1.0000 0.0029 -0.0064
vn -1.0000 0.0011 -0.0064
vn -0.9999 -0.0084 -0.0059
vn -1.0000 -0.0017 -0.0075
vn -1.0000 0.0009 -0.0037
vn -0.9994 0.0066 0.0336
vn -0.9983 0.0134 0.0573
vn 0.0029 0.0002 -1.0000
vn 0.0021 -0.0000 -1.0000
vn 0.0053 -0.0002 -1.0000
vn 0.0066 -0.0002 -1.0000
vn 1.0000 0.0005 0.0069
vn 1.0000 -0.0001 0.0081
vn 1.0000 -0.0000 0.0078
vn 1.0000 0.0005 0.0054
vn 1.0000 -0.0003 0.0088
vn 1.0000 0.0041 0.0071
vn 1.0000 -0.0017 0.0066
vn 1.0000 0.0043 0.0045
vn 0.9994 0.0044 0.0338
vn 0.9996 -0.0233 0.0165
vn 0.9999 0.0023 0.0119
vn 0.9964 0.0363 0.0771
vn 1.0000 -0.0006 0.0071
vn 1.0000 0.0021 0.0089
vn 1.0000 -0.0022 0.0068
vn 1.0000 0.0017 0.0094
vn 0.9999 0.0033 0.0113
vn 0.9999 0.0065 0.0095
vn 1.0000 -0.0030 0.0061
vn 1.0000 0.0002 0.0085
vn 1.0000 0.0001 0.0082
vn 0.9999 -0.0032 0.0137
vn 1.0000 0.0004 0.0091
vn 1.0000 0.0001 0.0084
vn 0.9997 0.0005 0.0241
vn 0.9999 0.0021 0.0099
vn 0.9999 0.0004 0.0111
vn 0.9995 -0.0022 0.0324
vn 1.0000 -0.0006 0.0091
vn 0.9999 -0.0057 0.0091
vn 0.9985 -0.0500 -0.0238
vn 0.9999 -0.0000 0.0115
vn 1.0000 0.0017 0.0081
vn 0.9746 -0.1596 0.1571
vn 1.0000 -0.0017 0.0076
vn 1.0000 -0.0017 0.0070
vn 1.0000 -0.0030 0.0094
vn 0.9999 -0.0105 0.0073
vn 0.9999 0.0018 0.0101
vn 0.9999 0.0046 0.0137
vn 1.0000 -0.0089 0.0044
vn 0.9997 0.0025 0.0263
vn 0.9953 -0.0574 0.0784
vn 0.0129 -0.0004 -0.9999
vn 0.0190 -0.0001 -0.9998
vn 0.0154 -0.0001 -0.9999
vn 0.0194 -0.0000 -0.9998
vn -0.0010 -1.0000 0.0031
vn 0.0008 -1.0000 -0.0009
vn -0.0004 -1.0000 0.0057
vn -0.0004 -1.0000 -0.0004
vn -0.0007 -1.0000 -0.0006
vn 0.0077 -0.0080 -0.9999
vn 0.0078 -0.0102 -0.9999
vn 0.0077 -0.0079 -0.9999
vn 0.0076 0.0025 -1.0000
vn 0.0077 0.0039 -1.0000
vn 0.0076 0.0026 -1.0000
vn -0.9936 0.0148 0.1116
vn -0.0130 0.8451 0.5344
vn 0.9138 0.1799 0.3642
vn -0.0212 -0.4323 0.9015
vn -0.1441 0.0402 0.9887
vn -0.6689 0.0530 0.7415
vn 0.0382 0.4743 0.8796
vn -0.0143 -0.6270 0.7789
vn 0.9984 -0.0338 0.0462
vn 0.0016 0.8467 0.5320
vn 0.0241 -0.2134 0.9767
vn 0.0029 -0.7901 0.6130
vn -0.0016 0.8997 0.4365
vn -0.0085 0.1177 0.9930
vn 0.0496 0.1432 0.9885
vn 0.7882 0.0382 0.6143
vn 0.9475 0.0292 0.3186
vn 0.0056 0.5066 0.8622
vn -0.0037 0.3069 0.9517
vn -0.0019 0.0366 0.9993
vn 0.7899 0.0265 0.6127
vn -0.0119 0.0976 0.9952
vn 0.8472 0.0461 0.5292
vn -0.0037 -0.3317 0.9434
vn -0.0002 -0.2144 0.9767
vn -0.0044 0.0804 0.9968
vn 0.0478 0.4344 0.8995
vn 0.0043 -0.4244 0.9055
vn -0.0071 -0.4363 0.8997
vn -0.0091 0.3095 0.9509
vn -0.0066 -0.1311 0.9913
vn -0.0047 -0.8491 0.5282
vn 0.0061 -0.7346 0.6785
vn -0.2858 0.0531 0.9568
vn -0.0076 0.9309 0.3651
vn -0.0035 0.3118 0.9501
vn -0.2976 0.0270 0.9543
vn 0.0426 -0.0962 0.9945
vn -0.2094 0.0549 0.9763
vn -0.2575 0.0725 0.9636
vn 0.0410 0.5328 0.8452
vn 0.2716 -0.4020 0.8744
vn -0.9999 -0.0105 0.0067
vn -1.0000 0.0079 0.0048
vn -0.9415 0.2901 0.1713
vn -0.9478 -0.2382 0.2122
vn -0.7485 -0.6565 0.0932
vn 0.9927 0.0047 0.1204
vn 0.9980 0.0101 0.0629
vn 0.9989 -0.0018 0.0474
vn 0.9990 -0.0076 0.0433
vn -1.0000 0.0021 -0.0082
vn -1.0000 0.0036 -0.0043
vn -1.0000 0.0046 0.0047
vn -1.0000 0.0031 -0.0044
vn -1.0000 -0.0025 -0.0083
vn -1.0000 -0.0032 -0.0025
vn -1.0000 0.0035 -0.0035
vn -1.0000 -0.0006 -0.0049
vn -0.9999 0.0159 0.0061
vn -1.0000 -0.0015 -0.0090
vn -0.9999 -0.0084 -0.0058
vn -1.0000 -0.0016 -0.0076
vn -1.0000 0.0008 -0.0040
vn 0.0054 -0.0002 -1.0000
vn 1.0000 0.0006 0.0054
vn 1.0000 -0.0008 0.0069
vn 1.0000 0.0026 0.0092
vn 1.0000 0.0018 0.0094
vn 0.9999 -0.0058 0.0088
vn 0.9999 0.0018 0.0103
vn 0.9997 0.0024 0.0263
vn 0.0189 -0.0001 -0.9998
vn 0.0186 0.0001 -0.9998
vn -0.0001 -1.0000 -0.0001
vn 0.8610 0.0192 -0.5082
vn 0.7141 0.0189 -0.6998
vn 0.8438 0.0183 -0.5364
vn 0.6577 0.0171 -0.7531
vn 0.1602 0.0138 -0.9870
vn 0.2133 0.0109 -0.9769
vn 0.6848 0.0156 -0.7286
vn 0.9920 0.0148 -0.1251
vn 0.9740 0.0138 -0.2261
vn 0.2637 0.0134 -0.9645
vn 0.9942 0.0140 -0.1068
vn -0.2714 0.0093 -0.9624
vn -0.1893 0.0102 -0.9819
vn -0.0987 0.0081 -0.9951
vn -0.9875 -0.0014 -0.1578
vn -0.8881 0.0012 -0.4596
vn -0.8753 -0.0017 -0.4835
vn -0.8440 0.0011 -0.5363
vn -0.7039 -0.0014 -0.7103
vn -0.3856 0.0058 -0.9226
vn -0.9932 -0.0027 -0.1165
vn -0.9946 -0.0023 -0.1036
vn -0.7578 -0.0025 -0.6525
vn -0.2976 0.0086 -0.9547
vn -0.1188 0.0096 -0.9929
vn -0.0963 0.0117 -0.9953
vn -0.3248 0.0111 -0.9457
vn -0.9881 -0.0014 -0.1540
vn -0.9590 -0.0007 -0.2833
vn -0.7109 -0.0012 -0.7033
vn -0.7193 0.0015 -0.6947
vn -0.9919 -0.0017 -0.1274
vn -0.6858 -0.0013 -0.7278
vn -0.2187 0.0073 -0.9758
vn -0.8894 0.0016 -0.4571
vn -0.9924 -0.0019 -0.1229
vn 0.6758 0.0167 -0.7369
vn 0.1094 0.0102 -0.9939
vn 0.2879 -0.0093 -0.9576
vn 0.3346 0.0130 -0.9423
vn 0.2212 0.0123 -0.9752
vn 0.9735 0.0145 -0.2284
vn 0.8647 0.0192 -0.5018
vn 0.7124 0.0186 -0.7015
vn 0.8512 0.0178 -0.5245
vn 0.9910 0.0145 -0.1333
vn 0.9922 0.0142 -0.1242
vn 0.1131 0.0154 -0.9935
vn 0.6848 0.0146 -0.7286
vn 0.9961 -0.0126 -0.0877
vn 0.9995 0.0049 -0.0315
vn 0.9992 0.0082 -0.0401
vn 0.9994 0.0079 -0.0342
vn 0.9986 0.0124 -0.0521
vn 0.9983 -0.0428 -0.0394
vn 0.9967 0.0039 -0.0814
vn 0.9953 0.0201 -0.0946
vn 0.9954 0.0186 -0.0941
vn 0.9996 0.0102 -0.0279
vn 0.9992 0.0259 -0.0307
vn 0.9992 0.0203 -0.0358
vn 0.9985 0.0327 -0.0432
vn 0.4524 0.0742 -0.8887
vn 0.9978 0.0077 -0.0655
vn 0.9987 0.0043 -0.0500
vn 0.9987 0.0151 -0.0490
vn 0.9964 -0.0776 -0.0337
vn 0.9904 -0.1372 -0.0172
vn 0.9332 -0.1991 -0.2993
vn 0.4908 0.7180 -0.4935
vn 0.9859 0.1307 -0.1044
vn 0.0495 0.8077 -0.5875
vn 0.1787 0.3230 -0.9294
vn 0.9376 -0.0121 -0.3474
vn 0.0767 0.0093 -0.9970
vn 0.0057 0.8451 -0.5345
vn -0.0034 0.8295 -0.5585
vn 0.0062 0.8473 -0.5310
vn 0.0006 0.8644 -0.5028
vn 0.0021 0.8054 -0.5928
vn 0.0009 0.8553 -0.5181
vn 0.0825 0.3333 -0.9392
vn 0.1040 0.2084 -0.9725
vn 0.0440 0.0130 -0.9989
vn 0.0127 0.0234 -0.9996
vn 0.0406 -0.0393 -0.9984
vn 0.0455 0.0615 -0.9971
vn 0.0843 -0.0008 -0.9964
vn -0.0093 0.0622 -0.9980
vn -0.0597 0.8630 -0.5017
vn -0.1441 0.6189 -0.7721
vn -0.0962 0.0220 -0.9951
vn 0.0040 -0.0745 -0.9972
vn -0.0159 0.1452 -0.9893
vn -0.9187 0.1799 -0.3516
vn -0.0015 -0.1939 -0.9810
vn 0.0011 -0.2733 -0.9619
vn 0.0038 -0.5784 -0.8158
vn -0.0011 -0.7805 -0.6251
vn -0.0039 0.8959 -0.4442
vn 0.2632 0.0552 -0.9632
vn 0.1429 0.4444 -0.8844
vn -0.0102 0.9833 -0.1817
vn -0.0080 0.8392 -0.5437
vn -0.0057 0.7000 -0.7141
vn -0.0034 0.1455 -0.9894
vn -0.0002 0.7994 -0.6008
vn -0.0591 0.0098 -0.9982
vn -0.0445 0.1969 -0.9794
vn -0.0079 0.1242 -0.9922
vn 0.0088 -0.4324 -0.9017
vn 0.0003 0.8581 -0.5135
vn 0.0073 0.9693 -0.2458
vn 0.0172 0.7460 -0.6657
vn 0.0112 0.3132 -0.9496
vn -0.0087 0.7136 -0.7005
vn 0.0104 0.7999 -0.6000
vn 0.0668 0.2498 -0.9660
vn -0.7104 0.0273 -0.7033
vn -0.8421 0.0221 -0.5388
vn -0.5019 0.0416 -0.8639
vn -0.8410 0.0213 -0.5406
vn 0.1306 0.0403 -0.9906
vn 0.6165 0.0403 -0.7863
vn 0.1132 0.1136 -0.9871
vn 0.0056 0.9062 -0.4229
vn -0.0225 0.1403 -0.9898
vn -0.0057 0.9920 -0.1264
vn 0.7698 0.0481 -0.6365
vn 0.7588 0.0592 -0.6487
vn 0.0284 -0.0002 -0.9996
vn 0.0077 0.9385 -0.3452
vn 0.0034 0.9036 -0.4285
vn 0.0040 0.8048 -0.5936
vn 0.0067 0.8839 -0.4677
vn 0.0123 0.9626 0.2706
vn -0.0281 -0.7292 -0.6838
vn -0.0131 -0.7823 -0.6227
vn -0.0008 -0.6506 -0.7594
vn -0.0046 -0.1669 -0.9860
vn -0.0054 0.1798 -0.9837
vn -0.0049 -0.8857 -0.4643
vn -0.0523 0.0859 -0.9949
vn 0.0126 0.9997 -0.0188
vn -0.0169 -0.5477 -0.8365
vn 0.0080 0.1138 -0.9935
vn -0.7705 0.0230 -0.6370
vn -0.7643 0.0166 -0.6447
vn 0.0469 0.3138 -0.9483
vn -0.0328 0.0132 -0.9994
vn -0.5986 0.0160 -0.8009
vn 0.6587 0.0530 -0.7506
vn -0.2746 0.0398 -0.9607
vn 0.0493 0.0574 -0.9971
vn -0.9026 0.0223 -0.4300
vn -0.7924 0.0275 -0.6094
vn 0.7812 0.0429 -0.6228
vn 0.7793 0.0424 -0.6252
vn 0.7395 0.0512 -0.6712
vn -0.0072 0.7804 -0.6252
vn -0.0502 0.4742 -0.8790
vn -0.0030 0.9213 -0.3888
vn 0.2615 0.0533 -0.9637
vn 0.3333 -0.0040 -0.9428
vn 0.0020 0.6829 -0.7305
vn 0.0438 0.1008 -0.9939
vn -0.0067 0.7729 -0.6345
vn 0.5734 0.0243 -0.8189
vn 0.0076 0.0077 -0.9999
vn 0.0025 -0.2387 -0.9711
vn -0.0986 0.0495 -0.9939
vn -0.0211 0.3214 -0.9467
vn 0.0247 0.4128 0.9105
vn 0.0021 -0.4204 -0.9073
vn -0.0026 -0.5549 -0.8319
vn -0.0059 -0.7785 -0.6276
vn -0.0212 -0.1668 -0.9858
vn 0.0036 -0.6270 -0.7790
vn -0.0051 -0.8830 -0.4694
vn -0.0013 -0.5719 -0.8203
vn -0.0036 0.8510 -0.5251
vn -0.9993 -0.0194 -0.0328
vn -0.9991 -0.0056 -0.0431
vn -0.9989 -0.0338 -0.0325
vn -1.0000 -0.0077 -0.0020
vn -0.9915 -0.0039 -0.1299
vn -0.9993 -0.0098 -0.0351
vn -0.9995 -0.0127 -0.0291
vn -0.9986 -0.0020 -0.0535
vn -0.9118 0.0210 -0.4102
vn -0.8183 0.0311 -0.5739
vn -0.8168 0.0313 -0.5761
vn -0.9978 0.0416 -0.0515
vn -0.9987 -0.0037 -0.0514
vn -0.9972 -0.0238 -0.0708
vn -0.9986 0.0298 -0.0429
vn -0.9981 0.0400 -0.0460
vn -0.9968 0.0614 -0.0514
vn -0.0129 0.8540 -0.5202
vn -0.0175 0.8395 -0.5430
vn -0.5800 0.6792 -0.4498
vn -0.0089 0.8467 -0.5320
vn -0.0055 0.8582 -0.5133
vn 0.9623 0.1995 -0.1850
vn 0.2784 -0.0443 -0.9594
vn 0.1989 0.5081 -0.8380
vn 0.0015 0.8585 -0.5128
vn -0.0074 0.0422 -0.9991
vn 0.1269 -0.0925 -0.9876
vn 0.1367 0.2635 -0.9549
vn 0.0705 0.5255 -0.8479
vn 0.0889 -0.0646 -0.9939
vn -0.0053 -0.2089 -0.9779
vn -0.0122 -0.1640 -0.9864
vn -0.0112 -0.0925 -0.9956
vn 0.0016 0.8130 -0.5823
vn -0.0026 0.8631 -0.5050
vn -0.0249 0.8566 -0.5154
vn -0.1885 0.8213 -0.5385
vn -0.0371 -0.2265 -0.9733
vn -0.0139 -0.0387 -0.9992
vn 0.0328 0.5757 -0.8170
vn -0.0375 -0.2134 -0.9762
vn -0.2767 0.0882 -0.9569
vn -0.0188 0.0720 -0.9972
vn -0.4941 -0.2011 -0.8458
vn -0.9953 0.0576 -0.0780
vn -0.9961 0.0285 -0.0840
vn 0.0084 -0.0036 -1.0000
vn -0.0127 0.7772 -0.6291
vn 0.0014 0.8006 -0.5991
vn 0.0050 0.3645 -0.9312
vn -0.0240 0.9393 -0.3423
vn -0.0506 0.0968 -0.9940
vn 0.0048 -0.1318 -0.9913
vn -0.0002 0.1081 -0.9941
vn 0.0061 -0.7788 -0.6272
vn -0.1505 -0.0420 -0.9877
vn 0.0133 -0.8687 -0.4951
vn -0.7171 0.0184 -0.6968
vn -0.7533 0.0299 -0.6571
vn -0.6018 0.0405 -0.7976
vn -0.1790 0.0668 -0.9816
vn 0.6212 0.0347 -0.7828
vn 0.8472 0.0099 -0.5312
vn 0.8578 0.0087 -0.5139
vn 0.1422 -0.6664 -0.7319
vn 0.5927 0.0502 -0.8039
vn 0.0470 0.0934 -0.9945
vn 0.0275 0.0179 -0.9995
vn -0.0594 0.1154 -0.9915
vn 0.0030 0.5821 -0.8131
vn -0.0009 0.8431 -0.5377
vn -0.0014 0.9149 -0.4036
vn 0.0052 0.8810 -0.4731
vn -0.0041 -0.7692 -0.6390
vn 0.0002 -0.8519 -0.5237
vn 0.0008 -0.9992 -0.0406
vn 0.0013 -0.7044 -0.7098
vn -0.0018 -0.8101 -0.5863
vn -0.2196 0.0809 -0.9722
vn 0.0163 -0.8766 -0.4809
vn -0.0140 0.6737 -0.7389
vn -0.0054 -0.7491 -0.6624
vn -0.0112 -0.7694 -0.6386
vn -0.0306 -0.8986 -0.4377
vn -0.7961 0.0240 -0.6047
vn -0.7168 0.0486 -0.6956
vn 0.2011 0.0672 -0.9773
vn -0.7404 0.0846 -0.6668
vn -0.0670 0.0529 -0.9963
vn 0.7050 0.0342 -0.7084
vn 0.7234 0.0355 -0.6895
vn -0.0528 0.1495 -0.9874
vn 0.0043 0.7696 -0.6385
vn 0.0407 0.1648 -0.9855
vn 0.0059 0.9595 -0.2817
vn -0.0055 0.9325 -0.3611
vn 0.0147 -0.8709 -0.4913
vn -0.0023 -0.7618 -0.6478
vn 0.0065 -0.8583 -0.5131
vn 0.0506 -0.0615 -0.9968
vn -0.0072 -0.6668 -0.7452
vn -0.0113 -0.7901 -0.6129
vn -0.0144 -0.6991 -0.7149
vn -0.0045 0.8837 -0.4681
vn -0.0117 0.7394 -0.6731
vn -0.0044 0.8997 -0.4365
vn -0.0172 -0.7270 -0.6865
vn -0.0113 0.8524 -0.5228
vn 0.0023 0.3131 -0.9497
vn -0.0143 0.7952 -0.6062
vn 0.0465 0.0816 -0.9956
vn -0.0036 -0.9721 -0.2346
vn -0.0131 -0.8083 -0.5886
vn -0.0615 -0.0396 -0.9973
vn -0.7039 0.0266 -0.7098
vn -0.8068 0.0051 -0.5908
vn -0.7996 0.0262 -0.5999
vn -0.3859 0.0622 -0.9204
vn -0.9305 0.0082 -0.3662
vn 0.4196 0.0858 -0.9036
vn 0.7550 0.0533 -0.6536
vn 0.7927 0.0331 -0.6086
vn 0.2841 -0.1289 -0.9501
vn -0.0028 0.8520 -0.5235
vn -0.0049 0.9151 -0.4031
vn 0.0033 -0.1346 -0.9909
vn 0.0013 -0.8092 -0.5875
vn -0.0049 0.1085 -0.9941
vn -0.0015 0.6638 -0.7479
vn -0.0068 0.6454 -0.7638
vn -0.0058 0.6968 -0.7172
vn -0.0030 0.1084 -0.9941
vn -0.0033 0.0951 -0.9955
vn -0.0024 -0.2136 -0.9769
vn 0.0044 0.7704 -0.6376
vn -0.0008 0.4538 -0.8911
vn 0.0047 0.7704 -0.6375
vn 0.0013 0.6424 -0.7663
vn 0.0005 0.8063 -0.5915
vn -0.0005 -0.6402 -0.7682
vn -0.0072 -0.6726 -0.7400
vn -0.1397 0.1480 -0.9791
vn -0.0110 0.0056 -0.9999
vn 0.1677 -0.1282 -0.9775
vn -0.0115 0.7374 -0.6754
vn -0.0051 0.1178 -0.9930
vn -0.0226 0.4540 -0.8907
vn -0.0730 -0.0613 -0.9954
vn -0.0550 0.1834 -0.9815
vn -0.0013 0.1137 -0.9935
vn -0.0056 0.1202 -0.9927
vn -0.0631 0.1431 -0.9877
vn -0.0152 -0.7383 -0.6743
vn -0.7965 0.0382 -0.6035
vn -0.8403 0.0333 -0.5410
vn -0.9507 0.0289 -0.3087
vn -0.9517 0.0292 -0.3056
vn -0.0074 -0.6781 -0.7350
vn -0.0025 -0.4692 -0.8831
vn 0.0019 -0.8018 -0.5976
vn 0.0011 0.7230 -0.6908
vn 0.0054 0.5970 -0.8022
vn 0.0177 0.5186 -0.8548
vn -0.0015 -0.0203 -0.9998
vn 0.0033 0.6313 -0.7756
vn -0.0054 0.3880 -0.9216
vn 0.0088 0.2525 -0.9676
vn 0.0021 0.3421 -0.9396
vn 0.0019 -0.4977 -0.8674
vn -0.0028 -0.5009 -0.8655
vn -0.0172 0.0042 -0.9998
vn 0.0100 -0.1886 -0.9820
vn -0.0303 0.0421 -0.9987
vn -0.0078 -0.4048 -0.9144
vn -0.0133 -0.4311 -0.9022
vn -0.0240 0.7304 -0.6826
vn -0.0269 0.4492 -0.8930
vn 0.0032 0.5411 -0.8409
vn -0.0174 0.5066 -0.8620
vn -0.0042 -0.7894 -0.6138
vn -0.1296 -0.4617 -0.8775
vn -0.0026 0.7338 -0.6793
vn 0.0046 0.5383 -0.8428
vn 0.0009 0.4801 -0.8772
vn -0.0002 0.1088 -0.9941
vn 0.0007 -0.1109 -0.9938
vn -0.0040 -0.0536 -0.9986
vn -0.0042 0.3127 -0.9499
vn -0.0093 0.3068 -0.9517
vn -0.0066 0.5326 -0.8464
vn 0.0008 0.1382 -0.9904
vn 0.1522 0.8076 -0.5698
vn -0.0089 0.2279 -0.9736
vn -0.0087 0.1236 -0.9923
vn -0.0118 0.0366 -0.9993
vn -0.0122 0.0294 -0.9995
vn -0.0418 0.0456 -0.9981
vn -0.0028 -0.0975 -0.9952
vn -0.0025 0.1831 -0.9831
vn -0.0118 -0.7097 -0.7044
vn -0.0699 0.1332 -0.9886
vn -0.2491 -0.5621 -0.7887
vn -0.0047 -0.7104 -0.7038
vn 0.0127 0.0975 -0.9952
vn 0.0011 0.7278 -0.6858
vn -0.0084 0.2992 -0.9541
vn 0.0060 0.3305 -0.9438
vn -0.0188 0.0890 -0.9959
vn -0.7981 0.0265 -0.6019
vn -0.7468 0.0335 -0.6642
vn -0.4575 0.0552 -0.8875
vn -0.8744 0.0015 -0.4852
vn -0.8530 -0.0147 -0.5218
vn -0.0726 -0.0229 -0.9971
vn -0.7468 0.0264 -0.6645
vn -0.8914 0.0204 -0.4528
vn -0.8937 0.0194 -0.4483
vn -0.0017 0.0977 -0.9952
vn -0.0198 0.4532 -0.8912
vn -0.9899 -0.1419 -0.0059
vn -0.8544 0.0461 -0.5175
vn -0.8626 0.0471 -0.5037
vn -0.7962 0.0536 -0.6027
vn -0.0614 0.1733 -0.9830
vn -0.0556 0.0401 -0.9976
vn -0.0082 0.0763 -0.9971
vn -0.0075 0.7874 -0.6164
vn -0.0107 0.6969 -0.7171
vn -0.0018 0.7180 -0.6961
vn -0.0122 0.1549 -0.9879
vn -0.0124 0.1852 -0.9826
vn 0.7535 0.0528 -0.6554
vn 0.8969 0.0619 -0.4379
vn 0.8192 0.0456 -0.5717
vn 0.0736 -0.1707 -0.9826
vn 0.0485 0.1439 -0.9884
vn 0.7594 0.0646 -0.6475
vn 0.7487 0.0728 -0.6589
vn -0.0094 0.1124 -0.9936
vn -0.0038 -0.3259 -0.9454
vn -0.0093 -0.6760 -0.7369
vn -0.0062 0.0013 -1.0000
vn -0.0017 0.3011 -0.9536
vn 0.0231 0.0991 -0.9948
vn -0.0072 0.6516 -0.7585
vn 0.0029 0.7701 -0.6379
vn -0.0070 -0.7071 -0.7071
vn -0.0121 0.9058 -0.4235
vn 0.0021 0.7614 -0.6483
vn 0.0004 0.6825 -0.7309
vn -0.0023 0.1138 -0.9935
vn -0.0034 0.1085 -0.9941
vn 0.6103 0.0970 -0.7862
vn 0.7181 0.1211 -0.6853
vn -0.4979 0.1370 -0.8563
vn 0.8807 0.0642 -0.4693
vn 0.8539 0.0749 -0.5151
vn 0.6716 0.0722 -0.7374
vn 0.0225 0.0473 -0.9986
vn 0.0034 0.5979 -0.8016
vn -0.0094 0.0081 -0.9999
vn -0.0130 0.6984 -0.7156
vn -0.0034 -0.0756 -0.9971
vn 0.0053 -0.6388 -0.7693
vn 0.0647 -0.0349 -0.9973
vn 0.0262 0.1147 -0.9930
vn -0.0132 0.5055 -0.8627
vn -0.0098 -0.5440 -0.8390
vn -0.0327 0.4805 -0.8764
vn 0.0005 0.5347 -0.8451
vn 0.0157 0.7878 -0.6157
vn -0.0015 0.2232 -0.9748
vn 0.0101 -0.1216 -0.9925
vn -0.0202 0.1922 -0.9811
vn 0.0255 0.5530 -0.8328
vn -0.0092 0.7976 -0.6032
vn -0.0073 0.1753 -0.9845
vn -0.0185 0.5040 -0.8635
vn -0.0092 -0.3315 -0.9434
vn -0.0318 0.1165 -0.9927
vn 0.0011 0.0747 -0.9972
vn 0.0026 -0.7466 -0.6652
vn -0.0131 -0.2145 -0.9766
vn -0.0093 0.0804 -0.9967
vn -0.0038 -0.0280 -0.9996
vn -0.0153 0.0845 -0.9963
vn -0.0708 0.2596 -0.9631
vn 0.1339 0.4171 -0.8990
vn -0.0346 0.2919 -0.9558
vn -0.0161 0.3550 -0.9347
vn -0.0214 0.6699 -0.7421
vn -0.0310 0.2855 -0.9579
vn -0.0066 0.7548 -0.6559
vn 0.0138 0.5141 -0.8576
vn -0.0036 -0.5410 -0.8410
vn -0.0073 -0.7448 -0.6673
vn -0.0016 -0.8167 -0.5771
vn 0.0055 -0.6769 -0.7360
vn -0.0043 -0.7325 -0.6808
vn -0.0600 0.4344 -0.8987
vn 0.0098 0.4103 -0.9119
vn -0.0167 -0.4244 -0.9053
vn -0.0053 -0.4363 -0.8998
vn -0.0033 0.1402 -0.9901
vn 0.3217 0.4162 -0.8504
vn -0.0124 0.0284 -0.9995
vn -0.0116 -0.0638 -0.9979
vn -0.0071 0.5530 -0.8332
vn -0.0039 0.3095 -0.9509
vn -0.0071 -0.1311 -0.9913
vn -0.0024 -0.4727 -0.8812
vn 0.0009 0.5093 -0.8606
vn -0.0003 0.5576 -0.8301
vn -0.0070 0.1619 -0.9868
vn -0.0086 -0.8745 -0.4849
vn 0.0033 -0.7186 -0.6954
vn -0.0082 -0.6913 -0.7226
vn -0.0074 -0.2079 -0.9781
vn -0.0083 -0.1468 -0.9891
vn -0.0092 -0.1656 -0.9862
vn -0.0128 -0.8765 -0.4811
vn -0.0092 -0.9628 -0.2700
vn -0.0026 -0.8491 -0.5282
vn 0.0014 -0.9789 -0.2042
vn -0.0011 -0.9833 -0.1819
vn -0.0008 0.7441 -0.6680
vn 0.0082 0.5652 -0.8249
vn -0.0115 0.9182 -0.3960
vn -0.0040 0.2533 -0.9674
vn -0.0076 0.2565 -0.9665
vn -0.0040 0.0627 -0.9980
vn -0.0029 0.0740 -0.9973
vn -0.0009 0.9222 -0.3868
vn 0.0174 0.6417 -0.7667
vn 0.0250 0.7071 -0.7067
vn 0.0085 0.9799 -0.1995
vn 0.0047 0.9846 -0.1748
vn -0.0113 -0.8695 -0.4937
vn -0.0022 -0.6937 -0.7202
vn -0.0140 -0.7198 -0.6941
vn -0.0033 -0.2176 -0.9760
vn -0.0154 -0.7346 -0.6784
vn -0.0041 -0.1524 -0.9883
vn -0.0021 -0.1261 -0.9920
vn -0.0075 -0.9792 -0.2029
vn -0.0037 -0.8604 -0.5096
vn -0.0044 -0.9789 -0.2043
vn -0.0011 -0.9840 -0.1782
vn -0.0055 0.6966 -0.7174
vn -0.0306 0.7424 -0.6692
vn -0.8940 -0.3437 -0.2875
vn -0.0053 0.2776 -0.9607
vn -0.0084 0.2835 -0.9589
vn -0.0049 0.0948 -0.9955
vn 0.0462 0.6076 -0.7929
vn 0.0143 0.9559 -0.2933
vn -0.0048 0.9002 -0.4354
vn 0.0046 0.8791 -0.4765
vn 0.0152 0.5867 -0.8096
vn -0.0035 0.1128 -0.9936
vn -0.0392 0.0943 -0.9948
vn 0.2384 0.0597 -0.9693
vn 0.2728 0.0532 -0.9606
vn 0.0026 0.9310 -0.3651
vn 0.2376 0.0779 -0.9682
vn 0.2591 0.0442 -0.9648
vn -0.0203 0.0990 -0.9949
vn 0.2170 0.0598 -0.9743
vn -0.0095 0.3118 -0.9501
vn 0.0087 -0.2670 -0.9637
vn 0.2620 0.0543 -0.9635
vn -0.0066 -0.1282 -0.9917
vn 0.2992 0.0593 -0.9523
vn 0.2845 0.0270 -0.9583
vn -0.0060 -0.8091 -0.5877
vn -0.0260 0.7050 -0.7087
vn -0.0035 -0.0244 -0.9997
vn 0.0022 -0.8587 -0.5124
vn -0.0562 -0.0963 -0.9938
vn -0.0263 -0.3072 -0.9513
vn -0.8167 0.0172 -0.5769
vn -0.7844 0.0301 -0.6195
vn -0.7610 0.0198 -0.6485
vn -0.0198 -0.0375 -0.9991
vn -0.7445 0.0271 -0.6671
vn -0.0523 0.0452 -0.9976
vn -0.0954 0.0492 -0.9942
vn 0.7989 0.0457 -0.5997
vn 0.6699 0.0412 -0.7413
vn 0.7715 0.0465 -0.6346
vn 0.5395 0.0472 -0.8406
vn 0.0583 -0.1012 -0.9932
vn 0.0283 0.0960 -0.9950
vn -0.0214 0.0463 -0.9987
vn 0.1813 0.0512 -0.9821
vn -0.0163 0.4118 -0.9111
vn -0.0046 0.9074 -0.4202
vn 0.0075 0.7352 -0.6778
vn 0.0021 0.1301 -0.9915
vn 0.2093 0.0501 -0.9766
vn 0.0285 -0.7052 -0.7084
vn -0.0057 -0.2277 -0.9737
vn -0.0137 -0.0880 -0.9960
vn -0.0169 0.4927 -0.8700
vn -0.0121 0.0742 -0.9972
vn -0.0001 -0.6990 -0.7152
vn -0.0133 -0.8581 -0.5133
vn 0.2064 0.0654 -0.9763
vn 0.1736 0.0324 -0.9843
vn -0.0034 -0.3705 -0.9288
vn 0.2248 0.0544 -0.9729
vn 0.1914 0.0312 -0.9810
vn 0.1961 0.0549 -0.9791
vn 0.2081 0.0744 -0.9753
vn 0.1938 0.0777 -0.9779
vn 0.1632 0.0256 -0.9863
vn 0.2254 0.0719 -0.9716
vn 0.1701 0.0448 -0.9844
vn 0.2442 0.0725 -0.9670
vn 0.2059 0.0402 -0.9777
vn 0.2031 0.0332 -0.9786
vn 0.2726 0.0437 -0.9611
vn 0.0026 -0.0459 -0.9989
vn 0.2576 0.0620 -0.9643
vn 0.0013 -0.1791 -0.9838
vn 0.8758 0.0285 -0.4819
vn 0.8711 0.0276 -0.4904
vn 0.3997 0.4609 -0.7923
vn -0.0244 0.2122 -0.9769
vn -0.0466 0.1141 -0.9924
vn -0.0143 0.6254 -0.7802
vn -0.0153 0.8133 -0.5817
vn 0.1790 -0.2867 -0.9411
vn 0.0536 0.0992 -0.9936
vn -0.0056 -0.5100 -0.8602
vn 0.0019 -0.5547 -0.8321
vn 0.0154 0.5878 -0.8088
vn -0.1611 -0.0427 -0.9860
vn -0.0949 0.2373 -0.9668
vn 0.0053 0.7779 -0.6283
vn 0.2063 0.2885 -0.9350
vn 0.8665 0.0566 -0.4959
vn 0.9171 0.0375 -0.3969
vn 0.8105 0.0562 -0.5830
vn 0.1319 0.4031 -0.9056
vn 0.8792 0.0563 -0.4732
vn 0.1721 -0.1211 -0.9776
vn -0.0139 -0.2254 -0.9742
vn -0.0225 -0.3959 -0.9180
vn -0.0205 -0.6905 -0.7231
vn 0.0619 0.0123 -0.9980
vn -0.1986 -0.1845 -0.9626
vn 0.8788 0.0565 -0.4738
vn 0.0256 0.3658 -0.9303
vn 0.0520 0.7229 -0.6890
vn 0.8830 0.1503 -0.4447
vn 0.0202 0.7852 -0.6189
vn 0.0014 0.4546 -0.8907
vn -0.0159 -0.4825 -0.8757
vn -0.1853 0.1561 -0.9702
vn -0.0087 -0.7333 -0.6798
vn -0.1715 -0.1198 -0.9779
vn -0.0526 0.5328 -0.8446
vn 0.0074 0.4445 -0.8957
vn 0.0008 0.5350 -0.8448
vn -0.1731 -0.3114 -0.9344
vn -0.0134 -0.6833 -0.7300
vn -0.2835 -0.4020 -0.8706
vn -0.0291 -0.0332 -0.9990
vn -0.0109 0.5342 -0.8453
vn -0.0735 0.0988 -0.9924
vn -0.0005 -0.0645 -0.9979
vn 0.0006 0.1410 -0.9900
vn 0.0069 0.1406 -0.9900
vn 0.0057 0.2563 -0.9666
vn -0.0221 0.6322 -0.7745
vn -0.0148 0.2386 -0.9710
vn -0.0002 0.1280 -0.9918
vn -0.0519 0.4764 -0.8777
vn -0.0063 -0.1922 -0.9813
vn -0.0042 -0.2007 -0.9796
vn -0.0012 -0.0766 -0.9971
vn -0.0107 0.2678 -0.9634
vn -0.0106 0.6292 -0.7772
vn 0.0066 0.5864 -0.8100
vn -0.7932 0.0445 -0.6073
vn -0.8445 0.0265 -0.5349
vn -0.8580 0.0273 -0.5130
vn -0.0693 0.0959 -0.9930
vn -0.0216 -0.7654 -0.6432
vn 0.0018 0.7249 -0.6888
vn -0.0012 0.7934 -0.6087
vn -0.7930 0.0219 -0.6088
vn -0.8455 0.0138 -0.5338
vn -0.8882 0.0193 -0.4590
vn -0.8572 0.0160 -0.5148
vn -0.8799 0.0243 -0.4746
vn -0.9573 -0.0037 -0.2890
vn -0.9261 -0.0254 -0.3765
vn -0.7996 0.0287 -0.5999
vn -0.9580 0.0367 -0.2844
vn -0.1424 -0.0121 -0.9897
vn -0.0329 0.1481 -0.9884
vn -0.0184 -0.9932 -0.1153
vn -0.1408 -0.9838 -0.1108
vn -0.0039 -0.9928 -0.1198
vn -0.1276 -0.9855 -0.1117
vn -0.0006 -0.9928 -0.1195
vn 0.9150 -0.3966 -0.0744
vn 0.2737 -0.9533 -0.1279
vn 0.9980 0.0214 -0.0598
vn 0.9994 0.0171 -0.0299
vn 0.9998 0.0089 -0.0202
vn 0.9974 0.0338 -0.0641
vn 0.9330 0.0550 -0.3557
vn 0.7942 0.0790 -0.6025
vn 0.9940 -0.0014 0.1096
vn 0.9998 0.0195 -0.0075
vn 0.9997 -0.0106 -0.0204
vn 0.9998 0.0079 -0.0185
vn 0.9991 0.0107 -0.0399
vn 0.9979 0.0607 -0.0242
vn 0.9997 0.0154 -0.0171
vn 1.0000 0.0024 -0.0043
vn 0.9994 -0.0070 -0.0332
vn 0.9886 -0.0120 -0.1500
vn 0.9391 0.2901 -0.1842
vn 0.9811 0.0985 -0.1668
vn 0.6802 0.5965 -0.4261
vn 0.9979 -0.0359 -0.0547
vn 0.9990 -0.0292 -0.0333
vn 0.9447 -0.2383 -0.2251
vn 0.9429 -0.2836 -0.1745
vn 0.8330 0.1160 -0.5411
vn 0.9853 -0.0793 -0.1510
vn 0.8308 0.3660 -0.4193
vn -0.3556 -0.9286 -0.1058
vn -0.9448 -0.3216 -0.0624
vn 0.0011 -0.9957 -0.0930
vn -0.0014 -0.9941 -0.1084
vn -0.0064 -0.9444 -0.3287
vn -0.9994 -0.0052 -0.0353
vn 0.0725 0.0903 -0.9933
vn -0.1343 0.0868 -0.9871
vn 0.7473 -0.6564 -0.1035
vn -0.9943 0.0047 -0.1068
vn -0.9987 0.0101 -0.0491
vn -0.9998 0.0185 -0.0107
vn -0.9916 -0.1287 0.0118
vn -0.9995 -0.0173 -0.0256
vn -0.9892 -0.1459 0.0129
vn -0.9898 -0.1417 0.0118
vn -0.9994 -0.0018 -0.0337
vn -0.9995 -0.0076 -0.0296
vn -0.9985 0.0087 -0.0544
vn -0.9996 -0.0033 -0.0294
vn -1.0000 0.0005 0.0068
vn -1.0000 -0.0001 0.0055
vn -1.0000 -0.0000 0.0059
vn -1.0000 0.0005 0.0083
vn -1.0000 0.0006 0.0062
vn -1.0000 -0.0003 0.0049
vn -1.0000 0.0041 0.0066
vn -1.0000 -0.0017 0.0071
vn -1.0000 0.0041 0.0091
vn -1.0000 -0.0001 0.0062
vn -1.0000 -0.0000 0.0062
vn -0.9997 -0.0233 -0.0028
vn -1.0000 -0.0001 0.0061
vn -1.0000 0.0023 0.0018
vn -0.9973 0.0363 -0.0634
vn -1.0000 -0.0000 0.0061
vn -1.0000 -0.0008 0.0068
vn -1.0000 0.0026 0.0045
vn -1.0000 -0.0021 0.0069
vn -1.0000 0.0023 0.0062
vn -1.0000 0.0018 0.0043
vn -1.0000 0.0033 0.0024
vn -1.0000 0.0065 0.0042
vn -1.0000 -0.0030 0.0076
vn -1.0000 0.0002 0.0052
vn -1.0000 0.0001 0.0055
vn -1.0000 -0.0032 -0.0000
vn -1.0000 0.0004 0.0046
vn -1.0000 0.0001 0.0053
vn -0.9999 0.0004 -0.0104
vn -1.0000 0.0021 0.0038
vn -1.0000 0.0004 0.0026
vn -0.9998 -0.0022 -0.0187
vn -1.0000 -0.0006 0.0046
vn -1.0000 -0.0058 0.0048
vn -0.9980 -0.0500 0.0375
vn -1.0000 -0.0000 0.0022
vn -1.0000 0.0017 0.0056
vn -0.9767 -0.1596 -0.1437
vn -1.0000 -0.0017 0.0061
vn -1.0000 -0.0017 0.0067
vn -1.0000 -0.0030 0.0043
vn -0.9999 -0.0105 0.0064
vn -1.0000 0.0018 0.0035
vn -1.0000 0.0046 -0.0000
vn -0.9999 -0.0089 0.0093
vn -0.9999 0.0024 -0.0126
vn -0.9963 -0.0574 -0.0647
vn 0.0008 -0.0004 1.0000
vn -0.0053 -0.0001 1.0000
vn -0.0017 -0.0001 1.0000
vn -0.0054 -0.0000 1.0000
vn -0.0001 -1.0000 -0.0000
vn 0.0010 -1.0000 -0.0031
vn -0.0008 -1.0000 0.0009
vn 0.0004 -1.0000 -0.0056
vn -0.0000 -1.0000 0.0001
vn -0.0000 -1.0000 -0.0000
vn 0.0001 -1.0000 -0.0000
vn 0.0004 -1.0000 0.0003
vn 0.0001 -1.0000 0.0001
vn 0.0007 -1.0000 0.0006
vn 0.0060 -0.0079 1.0000
vn 0.0059 -0.0102 0.9999
vn 0.0061 -0.0054 1.0000
vn -0.0000 1.0000 -0.0000
vn -0.0000 1.0000 0.0001
vn -0.0000 1.0000 0.0003
vn -0.0000 1.0000 0.0002
vn 0.0061 0.0025 1.0000
vn 0.0060 0.0039 1.0000
vn 0.0061 0.0026 1.0000
vn 0.0062 0.0010 1.0000
vn 0.0031 0.1293 0.9916
vn 0.0059 -0.5776 0.8163
vn -0.0004 0.7994 0.6008
vn -0.0125 0.8064 0.5912
vn 0.0028 0.7966 0.6044
vn -0.0009 0.3672 0.9301
vn -0.0299 0.1358 0.9903
vn -0.0010 0.3670 0.9302
vn 0.0019 -0.1382 0.9904
vn 0.0112 0.1087 0.9940
vn -0.0125 -0.7926 0.6096
vn 0.1391 0.1494 0.9789
vn 0.0104 0.0046 0.9999
vn -0.1732 -0.1485 0.9736
vn 0.0067 -0.6720 0.7405
vn -0.0057 0.2546 0.9670
vn -0.0072 0.5149 0.8572
vn -0.0073 -0.1859 0.9825
vn 0.0218 0.0402 0.9990
vn 0.0135 0.5066 0.8621
vn 0.0055 0.7329 0.6803
vn -0.1553 0.0657 0.9857
vn -0.1629 0.0516 0.9853
vn -0.1992 0.0521 0.9786
vn -0.1868 0.0427 0.9815
vn -0.0931 0.1030 0.9903
vn -0.1386 0.0113 0.9903
vn -0.1421 0.0726 0.9872
vn -0.1784 0.0462 0.9829
vn -1.0000 -0.0000 0.0067
vn -1.0000 -0.0002 0.0066
vn -1.0000 -0.0031 0.0086
vn -1.0000 0.0038 0.0043
vn -1.0000 0.0008 0.0059
vn -1.0000 0.0014 0.0052
vn -1.0000 0.0043 0.0046
vn -1.0000 -0.0014 0.0079
vn -1.0000 -0.0017 0.0074
vn -1.0000 0.0043 0.0069
vn -0.9999 0.0046 0.0104
vn -1.0000 -0.0001 0.0079
vn -0.9997 0.0067 0.0237
vn -1.0000 -0.0000 0.0063
vn -0.9999 0.0050 0.0110
vn -1.0000 -0.0035 0.0051
vn -1.0000 -0.0013 0.0052
vn -0.9999 0.0118 0.0061
vn -1.0000 0.0037 0.0070
vn -1.0000 -0.0005 0.0071
vn -1.0000 -0.0000 0.0070
vn -0.9999 0.0045 0.0114
vn -0.9999 0.0053 0.0122
vn -1.0000 -0.0017 0.0096
vn -0.9990 -0.0445 -0.0097
vn -1.0000 0.0011 0.0079
vn -1.0000 -0.0000 0.0065
vn -1.0000 0.0010 0.0086
vn -1.0000 -0.0015 0.0048
vn -1.0000 0.0009 0.0076
vn -0.9998 0.0216 -0.0002
vn -1.0000 -0.0010 0.0046
vn -1.0000 -0.0019 0.0081
vn -1.0000 0.0018 0.0081
vn -0.9998 0.0018 0.0221
vn -0.9991 -0.0352 -0.0229
vn -0.9971 0.0526 0.0554
vn -1.0000 -0.0021 0.0051
vn -1.0000 -0.0015 0.0044
vn -1.0000 0.0046 0.0081
vn -1.0000 0.0004 0.0078
vn -0.9999 -0.0117 0.0085
vn -1.0000 -0.0030 0.0063
vn -0.9999 0.0016 0.0122
vn -0.9982 0.0077 0.0592
vn -0.9949 0.0191 0.0987
vn -0.0092 0.0002 -1.0000
vn -0.0099 -0.0000 -1.0000
vn -0.0082 -0.0003 -1.0000
vn -0.0070 -0.0002 -1.0000
vn -0.5594 0.0224 -0.8286
vn -0.7259 0.0203 -0.6875
vn -0.5640 0.0233 -0.8255
vn -0.7675 0.0199 -0.6408
vn -0.9905 0.0101 -0.1375
vn -0.9850 0.0110 -0.1719
vn -0.7369 0.0204 -0.6757
vn -0.1584 0.0185 -0.9872
vn -0.2653 0.0221 -0.9639
vn -0.9741 0.0125 -0.2257
vn -0.1309 0.0174 -0.9912
vn -0.9724 0.0091 0.2333
vn -0.9901 0.0082 0.1400
vn -0.9967 0.0081 0.0807
vn -0.1858 -0.0015 0.9826
vn -0.5051 0.0036 0.8630
vn -0.5196 -0.0004 0.8544
vn -0.5769 0.0009 0.8168
vn -0.7140 0.0017 0.7002
vn -0.9420 0.0131 0.3354
vn -0.1491 -0.0035 0.9888
vn -0.1299 -0.0029 0.9915
vn -0.6862 -0.0039 0.7274
vn -0.9673 0.0106 0.2536
vn -0.9912 0.0097 0.1323
vn -0.9974 0.0126 0.0711
vn -0.9591 0.0090 0.2828
vn -0.1842 -0.0016 0.9829
vn -0.3160 -0.0005 0.9487
vn -0.7352 -0.0016 0.6778
vn -0.7243 0.0020 0.6895
vn -0.1603 -0.0021 0.9871
vn -0.7364 0.0009 0.6766
vn -0.9839 0.0073 0.1786
vn -0.5012 0.0035 0.8653
vn -0.1535 -0.0023 0.9881
vn -0.7603 0.0200 -0.6493
vn -0.9952 0.0099 -0.0970
vn -0.9722 -0.0094 -0.2341
vn -0.9587 0.0110 -0.2843
vn -0.9839 0.0124 -0.1782
vn -0.2699 0.0221 -0.9626
vn -0.5528 0.0224 -0.8330
vn -0.7290 0.0191 -0.6843
vn -0.5529 0.0237 -0.8329
vn -0.1659 0.0181 -0.9860
vn -0.1523 0.0176 -0.9882
vn -0.9974 0.0151 -0.0703
vn -0.7370 0.0200 -0.6756
vn -0.1073 -0.0157 -0.9941
vn -0.0380 0.0062 -0.9993
vn -0.0517 0.0087 -0.9986
vn -0.0456 0.0101 -0.9989
vn -0.0614 0.0096 -0.9981
vn -0.0475 -0.0531 -0.9975
vn -0.0996 0.0022 -0.9950
vn -0.1150 0.0217 -0.9931
vn -0.1246 0.0238 -0.9919
vn -0.0329 0.0136 -0.9994
vn -0.0366 0.0321 -0.9988
vn -0.0470 0.0219 -0.9987
vn -0.0515 0.0361 -0.9980
vn -0.9235 0.0775 -0.3756
vn -0.0866 0.0225 -0.9960
vn -0.0655 0.0019 -0.9979
vn -0.0649 0.0193 -0.9977
vn -0.0387 -0.1016 -0.9941
vn -0.0198 -0.1696 -0.9853
vn -0.3584 -0.2395 -0.9023
vn -0.4555 0.7048 -0.5438
vn -0.1239 0.1640 -0.9787
vn -0.5849 0.8104 -0.0347
vn -0.9330 0.3183 -0.1677
vn -0.4173 -0.0146 -0.9087
vn -0.9978 0.0192 -0.0628
vn -0.5333 0.8459 -0.0041
vn -0.5585 0.8295 0.0034
vn -0.5314 0.8471 -0.0046
vn -0.5022 0.8647 0.0012
vn -0.5939 0.8045 -0.0071
vn -0.5202 0.8540 -0.0007
vn -0.9385 0.3396 -0.0622
vn -0.9783 0.1995 -0.0553
vn -0.9990 0.0144 -0.0420
vn -0.9996 0.0254 -0.0093
vn -0.9985 -0.0392 -0.0373
vn -0.9974 0.0632 -0.0342
vn -0.9996 0.0129 -0.0261
vn -0.9980 0.0622 0.0087
vn -0.5020 0.8633 0.0516
vn -0.7792 0.6164 0.1132
vn -0.9957 0.0233 0.0897
vn -0.9970 -0.0770 -0.0035
vn -0.9896 0.1426 0.0197
vn -0.4177 0.2231 0.8808
vn -0.9810 -0.1939 0.0024
vn -0.9616 -0.2743 0.0009
vn -0.8162 -0.5778 -0.0018
vn -0.6066 -0.7949 -0.0106
vn -0.4495 0.8933 0.0042
vn -0.9638 0.0531 -0.2614
vn -0.8842 0.4443 -0.1441
vn -0.1807 0.9835 0.0067
vn -0.5218 0.8530 0.0021
vn -0.7147 0.6994 0.0040
vn -0.9908 0.1352 0.0032
vn -0.6008 0.7994 -0.0001
vn -0.9999 -0.0155 -0.0019
vn -0.9758 0.2188 0.0003
vn -0.9923 0.1239 0.0079
vn -0.9110 -0.4123 0.0118
vn -0.5135 0.8581 0.0004
vn -0.2450 0.9695 -0.0082
vn -0.6657 0.7461 -0.0131
vn -0.9525 0.3044 0.0064
vn -0.6777 0.7351 -0.0189
vn -0.5906 0.8070 0.0007
vn -0.9620 0.2728 -0.0123
vn -0.7693 0.0454 0.6373
vn -0.6204 0.0252 0.7838
vn -0.8729 0.0413 0.4862
vn -0.6068 0.0147 0.7947
vn -0.9917 0.0429 -0.1215
vn -0.8132 0.0413 -0.5805
vn -0.9894 0.1139 -0.0901
vn -0.4236 0.9058 0.0111
vn -0.9881 0.1539 -0.0033
vn -0.1264 0.9920 0.0047
vn -0.7126 0.0483 -0.6999
vn -0.7232 0.0570 -0.6883
vn -0.9993 -0.0261 0.0269
vn -0.3451 0.9385 -0.0055
vn -0.4285 0.9036 -0.0022
vn -0.5950 0.8037 0.0037
vn -0.4809 0.8767 0.0114
vn 0.2707 0.9626 -0.0103
vn -0.6982 -0.7159 -0.0092
vn -0.5978 -0.8016 0.0052
vn -0.7454 -0.6662 0.0212
vn -0.9892 -0.1467 0.0077
vn -0.9860 0.1667 0.0065
vn -0.4717 -0.8816 0.0149
vn -0.9941 0.1081 -0.0003
vn -0.0194 0.9998 -0.0101
vn -0.8473 -0.5311 0.0075
vn -0.9939 0.1105 -0.0074
vn -0.7093 0.0166 0.7048
vn -0.7145 0.0304 0.6990
vn -0.9487 0.3140 -0.0366
vn -1.0000 -0.0039 -0.0038
vn -0.8358 0.0166 0.5488
vn -0.7740 0.0480 -0.6313
vn -0.9637 0.0436 0.2634
vn -0.9977 0.0489 -0.0477
vn -0.5115 0.0149 0.8591
vn -0.6769 0.0323 0.7354
vn -0.6977 0.0569 -0.7141
vn -0.6973 0.0412 -0.7155
vn -0.7241 0.0589 -0.6872
vn -0.6224 0.7826 0.0092
vn -0.8793 0.4744 0.0415
vn -0.3734 0.9277 0.0029
vn -0.9630 0.0550 -0.2639
vn -0.9424 -0.0033 -0.3345
vn -0.7125 0.7013 0.0227
vn -0.9923 0.1231 0.0111
vn -0.6346 0.7728 0.0064
vn -0.8385 0.0276 -0.5441
vn -1.0000 0.0019 0.0035
vn -0.9712 -0.2381 -0.0024
vn -0.9939 0.0481 0.0988
vn -0.9470 0.3207 0.0212
vn 0.9107 0.4125 -0.0210
vn -0.9072 -0.4207 -0.0010
vn -0.8407 -0.5414 0.0059
vn -0.6048 -0.7964 0.0040
vn -0.9918 -0.1278 -0.0014
vn -0.7789 -0.6271 -0.0033
vn -0.4707 -0.8823 0.0026
vn -0.8203 -0.5720 0.0020
vn -0.5252 0.8510 0.0047
vn -0.0421 -0.0251 0.9988
vn -0.0535 -0.0085 0.9985
vn -0.0419 -0.0419 0.9982
vn -0.0150 -0.0085 0.9999
vn -0.1621 -0.0048 0.9868
vn -0.0519 -0.0112 0.9986
vn -0.0478 -0.0193 0.9987
vn -0.0874 -0.0020 0.9962
vn -0.4894 0.0237 0.8717
vn -0.6565 0.0354 0.7535
vn -0.6589 0.0357 0.7514
vn -0.0667 0.0544 0.9963
vn -0.0643 -0.0063 0.9979
vn -0.0901 -0.0172 0.9958
vn -0.0550 0.0366 0.9978
vn -0.0591 0.0519 0.9969
vn -0.0652 0.0762 0.9950
vn -0.5206 0.8537 0.0120
vn -0.5412 0.8408 0.0152
vn -0.4795 0.7230 0.4974
vn -0.5327 0.8463 0.0084
vn -0.5126 0.8586 0.0047
vn -0.2264 0.2563 -0.9397
vn -0.9700 -0.0468 -0.2385
vn -0.8390 0.5125 -0.1830
vn -0.5139 0.8578 -0.0004
vn -0.9986 0.0517 0.0126
vn -0.9894 -0.0972 -0.1076
vn -0.9577 0.2663 -0.1094
vn -0.8445 0.5329 -0.0530
vn -0.9959 -0.0654 -0.0621
vn -0.9779 -0.2089 0.0055
vn -0.9866 -0.1626 0.0107
vn -0.9954 -0.0951 0.0108
vn -0.5823 0.8130 -0.0005
vn -0.5048 0.8632 0.0028
vn -0.5226 0.8521 0.0281
vn -0.5614 0.8090 0.1743
vn -0.9732 -0.2281 0.0305
vn -0.9991 -0.0396 0.0120
vn -0.8190 0.5733 -0.0220
vn -0.9667 -0.2555 -0.0152
vn -0.9599 0.1138 0.2561
vn -0.9968 0.0781 0.0142
vn -0.8538 -0.2033 0.4793
vn -0.0976 0.0699 0.9928
vn -0.1053 0.0396 0.9937
vn -1.0000 -0.0036 -0.0055
vn -0.6069 0.7948 -0.0029
vn -0.6026 0.7981 0.0012
vn -0.9305 0.3662 -0.0024
vn -0.3424 0.9394 0.0197
vn -0.9928 0.1200 -0.0005
vn -0.9907 -0.1359 -0.0006
vn -0.9941 0.1085 0.0068
vn -0.6169 -0.7870 -0.0100
vn -0.9941 -0.0604 0.0897
vn -0.4951 -0.8688 -0.0101
vn -0.7687 0.0300 0.6389
vn -0.7333 0.0365 0.6789
vn -0.8088 0.0500 0.5860
vn -0.9854 0.0660 0.1571
vn -0.8096 0.0324 -0.5861
vn -0.5904 0.0241 -0.8067
vn -0.5904 0.0097 -0.8070
vn -0.7386 -0.6647 -0.1125
vn -0.8408 0.0597 -0.5380
vn -0.9936 0.1133 0.0038
vn -0.9998 0.0071 0.0180
vn -0.9902 0.1394 0.0051
vn -0.8261 0.5635 0.0083
vn -0.5132 0.8582 0.0004
vn -0.4026 0.9154 -0.0027
vn -0.4716 0.8818 0.0052
vn -0.6389 -0.7692 0.0041
vn -0.5253 -0.8509 -0.0048
vn -0.0392 -0.9992 -0.0029
vn -0.7211 -0.6928 -0.0012
vn -0.5920 -0.8060 -0.0028
vn -0.9867 0.0635 0.1497
vn -0.4809 -0.8767 -0.0126
vn -0.7223 0.6914 -0.0131
vn -0.6635 -0.7481 0.0054
vn -0.6242 -0.7813 -0.0023
vn -0.4377 -0.8988 0.0251
vn -0.6780 0.0370 0.7341
vn -0.7706 0.0507 0.6353
vn -0.9836 0.0687 -0.1665
vn -0.7055 0.0759 0.7046
vn -0.9969 0.0527 0.0581
vn -0.7814 0.0405 -0.6227
vn -0.7636 0.0400 -0.6445
vn -0.9851 0.1720 0.0056
vn -0.6251 0.7804 0.0140
vn -0.9816 0.1901 0.0166
vn -0.2806 0.9598 -0.0026
vn -0.3611 0.9325 0.0049
vn -0.4896 -0.8719 -0.0069
vn -0.6384 -0.7696 0.0111
vn -0.5131 -0.8583 -0.0046
vn -0.9961 -0.0882 0.0096
vn -0.7498 -0.6616 0.0114
vn -0.6200 -0.7845 0.0125
vn -0.7240 -0.6897 0.0121
vn -0.4706 0.8823 0.0031
vn -0.6532 0.7571 -0.0071
vn -0.4403 0.8979 0.0050
vn -0.6745 -0.7383 -0.0052
vn -0.5228 0.8524 0.0097
vn -0.9489 0.3154 -0.0054
vn -0.5889 0.8080 0.0193
vn -0.9946 0.1036 0.0090
vn -0.2347 -0.9721 0.0032
vn -0.5891 -0.8079 0.0147
vn -0.9978 -0.0663 -0.0011
vn -0.7802 0.0171 0.6253
vn -0.6646 0.0130 0.7471
vn -0.6573 0.0384 0.7526
vn -0.9309 0.0631 0.3598
vn -0.4439 0.0094 0.8960
vn -0.9073 0.0716 -0.4144
vn -0.6697 0.0440 -0.7413
vn -0.6773 0.0435 -0.7344
vn -0.9635 -0.1405 -0.2279
vn -0.5267 0.8500 -0.0021
vn -0.4031 0.9151 0.0044
vn -0.9906 -0.1371 -0.0023
vn -0.5877 -0.8091 -0.0003
vn -0.9941 0.1085 0.0013
vn -0.7609 0.6488 0.0131
vn -0.7635 0.6458 0.0067
vn -0.7172 0.6968 0.0055
vn -0.9941 0.1085 0.0036
vn -0.9955 0.0948 0.0041
vn -0.9768 -0.2143 0.0022
vn -0.6376 0.7703 -0.0024
vn -0.8911 0.4538 -0.0060
vn -0.6376 0.7703 -0.0021
vn -0.7662 0.6426 -0.0005
vn -0.5726 0.8198 -0.0041
vn -0.7831 -0.6219 0.0100
vn -0.7403 -0.6723 0.0069
vn -0.9790 0.1490 0.1394
vn -0.9999 0.0051 0.0106
vn -0.9750 -0.1410 -0.1714
vn -0.6637 0.7480 -0.0024
vn -0.9930 0.1179 0.0054
vn -0.8905 0.4540 -0.0301
vn -0.9961 -0.0862 0.0161
vn -0.9789 0.2043 0.0093
vn -0.9935 0.1137 0.0023
vn -0.9927 0.1202 0.0057
vn -0.9859 0.1673 0.0059
vn -0.6619 -0.7496 0.0011
vn -0.6741 0.0348 0.7378
vn -0.6155 0.0437 0.7869
vn -0.3760 0.0348 0.9260
vn -0.3714 0.0353 0.9278
vn -0.7351 -0.6779 0.0067
vn -0.8827 -0.4699 0.0031
vn -0.6035 -0.7972 0.0170
vn -0.6718 0.7407 -0.0078
vn -0.8026 0.5965 -0.0030
vn -0.8564 0.5162 -0.0110
vn -1.0000 0.0009 -0.0055
vn -0.7906 0.6124 0.0015
vn -0.9218 0.3876 0.0043
vn -0.9672 0.2540 -0.0067
vn -0.9823 -0.1870 -0.0084
vn -0.9397 0.3419 -0.0011
vn -0.8812 -0.4727 0.0071
vn -0.8651 -0.5015 0.0032
vn -0.9999 0.0024 -0.0109
vn -0.9988 0.0408 0.0270
vn -0.9144 -0.4047 0.0093
vn -0.9031 -0.4293 0.0104
vn -0.6813 0.7319 0.0121
vn -0.8912 0.4535 -0.0050
vn -0.8426 0.5385 -0.0039
vn -0.8621 0.5065 0.0149
vn -0.6159 -0.7879 0.0035
vn -0.8749 -0.4752 0.0937
vn -0.6692 0.7429 -0.0149
vn -0.8429 0.5380 -0.0032
vn -0.8771 0.4804 0.0005
vn -0.9940 0.1096 -0.0020
vn -0.9938 -0.1111 0.0016
vn -0.9985 -0.0541 0.0037
vn -0.9498 0.3128 0.0045
vn -0.9517 0.3070 0.0110
vn -0.8467 0.5320 0.0062
vn -0.9905 0.1373 -0.0011
vn -0.5694 0.8079 -0.1520
vn -0.9732 0.2297 0.0091
vn -0.9921 0.1249 0.0080
vn -0.9993 0.0371 0.0101
vn -0.9995 0.0282 0.0105
vn -0.9996 0.0185 -0.0209
vn -0.9953 -0.0970 0.0032
vn -0.9821 0.1886 -0.0016
vn -0.6989 -0.7152 -0.0012
vn -0.9883 0.1503 0.0259
vn -0.8003 -0.5614 0.2105
vn -0.7038 -0.7104 0.0044
vn -0.9946 0.1038 0.0011
vn -0.6963 0.7177 -0.0092
vn -0.9549 0.2968 -0.0002
vn -0.9400 0.3410 0.0080
vn -0.9971 0.0723 0.0250
vn -0.6654 0.0144 0.7464
vn -0.7387 0.0452 0.6725
vn -0.9219 0.0573 0.3833
vn -0.5659 0.0040 0.8244
vn -0.5726 -0.0009 0.8198
vn -0.9992 -0.0319 0.0239
vn -0.7400 0.0387 0.6715
vn -0.5343 0.0240 0.8450
vn -0.5291 0.0228 0.8483
vn -0.9962 0.0857 0.0160
vn -0.8934 0.4488 0.0217
vn -0.0088 -0.1754 0.9845
vn -0.6017 0.0533 0.7969
vn -0.5869 0.0548 0.8078
vn -0.6843 0.0619 0.7265
vn -0.9803 0.1974 0.0024
vn -0.9989 0.0456 0.0083
vn -0.9970 0.0764 0.0081
vn -0.6163 0.7875 0.0063
vn -0.7287 0.6848 0.0044
vn -0.6850 0.7284 0.0134
vn -0.9878 0.1551 0.0108
vn -0.9827 0.1851 0.0112
vn -0.7287 0.0652 -0.6817
vn -0.5167 0.0732 -0.8531
vn -0.6543 0.0525 -0.7544
vn -0.9807 -0.1947 -0.0168
vn -0.9863 0.1647 0.0041
vn -0.7206 0.0819 -0.6885
vn -0.7329 0.0810 -0.6755
vn -0.9948 0.1003 0.0154
vn -0.9465 -0.3228 0.0018
vn -0.7508 -0.6605 -0.0018
vn -1.0000 0.0023 0.0050
vn -0.9534 0.3016 0.0004
vn -0.9924 0.1203 0.0274
vn -0.7582 0.6520 0.0064
vn -0.6378 0.7702 -0.0040
vn -0.7074 -0.7068 0.0072
vn -0.4389 0.8985 -0.0043
vn -0.6255 0.7799 0.0202
vn -0.7307 0.6827 -0.0018
vn -0.9935 0.1141 0.0009
vn -0.9941 0.1085 0.0032
vn -0.8393 0.1044 -0.5336
vn -0.7564 0.1372 -0.6396
vn -0.8961 0.1432 0.4202
vn -0.5436 0.0744 -0.8361
vn -0.5972 0.0870 -0.7974
vn -0.8041 0.0952 -0.5868
vn -0.9993 0.0235 0.0301
vn -0.8021 0.5972 -0.0046
vn -0.9999 0.0036 0.0118
vn -0.7281 0.6855 0.0048
vn -0.9971 -0.0756 0.0024
vn -0.7566 -0.6537 0.0132
vn -0.9984 -0.0559 -0.0118
vn -0.9895 0.1407 0.0329
vn -0.8613 0.5080 0.0068
vn -0.8458 -0.5335 0.0049
vn -0.8771 0.4796 0.0274
vn -0.8452 0.5345 0.0007
vn -0.6162 0.7875 -0.0065
vn -0.9726 0.2324 -0.0056
vn -0.9926 -0.1210 -0.0112
vn -0.9812 0.1922 0.0185
vn -0.8253 0.5643 0.0208
vn -0.6081 0.7938 -0.0101
vn -0.9820 0.1887 0.0070
vn -0.8627 0.5054 0.0167
vn -0.9372 -0.3485 0.0110
vn -0.9934 0.1124 0.0230
vn -0.9970 0.0773 -0.0027
vn -0.6668 -0.7452 -0.0006
vn -0.9765 -0.2154 0.0074
vn -0.9967 0.0802 0.0087
vn -0.9996 -0.0270 0.0036
vn -0.9962 0.0835 0.0232
vn -0.9638 0.2609 0.0549
vn -0.9019 0.4185 -0.1070
vn -0.9550 0.2951 0.0289
vn -0.9344 0.3558 0.0161
vn -0.7425 0.6696 0.0180
vn -0.9582 0.2848 0.0263
vn -0.6453 0.7638 0.0161
vn -0.8573 0.5146 -0.0156
vn -0.8409 -0.5412 0.0040
vn -0.6674 -0.7447 0.0076
vn -0.5847 -0.8112 -0.0019
vn -0.7208 -0.6929 0.0177
vn -0.6808 -0.7325 0.0053
vn -0.8975 0.4362 0.0648
vn -0.9121 0.4100 -0.0024
vn -0.9050 -0.4251 0.0168
vn -0.8997 -0.4365 0.0063
vn -0.9902 0.1396 0.0019
vn -0.8480 0.4188 -0.3247
vn -0.9995 0.0303 0.0099
vn -0.9979 -0.0639 0.0104
vn -0.8324 0.5542 0.0058
vn -0.9509 0.3093 0.0049
vn -0.9913 -0.1311 0.0071
vn -0.8821 -0.4710 0.0041
vn -0.8611 0.5084 -0.0002
vn -0.8302 0.5575 0.0009
vn -0.9874 0.1580 0.0014
vn -0.4399 -0.8980 0.0066
vn -0.7096 -0.7046 0.0077
vn -0.7388 -0.6740 -0.0023
vn -0.9801 -0.1983 0.0043
vn -0.9892 -0.1466 0.0070
vn -0.9862 -0.1656 0.0086
vn -0.5027 -0.8645 -0.0008
vn -0.2857 -0.9583 0.0091
vn -0.4874 -0.8732 0.0038
vn -0.2048 -0.9788 -0.0004
vn -0.1819 -0.9833 0.0011
vn -0.6503 0.7597 -0.0007
vn -0.8114 0.5844 -0.0064
vn -0.3937 0.9192 -0.0003
vn -0.9762 0.2168 0.0056
vn -0.9772 0.2121 0.0050
vn -0.9980 0.0625 0.0049
vn -0.9973 0.0740 0.0036
vn -0.3861 0.9224 0.0040
vn -0.7788 0.6271 -0.0142
vn -0.7204 0.6933 -0.0168
vn -0.2003 0.9797 -0.0060
vn -0.1748 0.9846 -0.0035
vn -0.4535 -0.8912 0.0094
vn -0.7357 -0.6772 0.0115
vn -0.7095 -0.7047 0.0007
vn -0.9788 -0.2047 0.0037
vn -0.6931 -0.7208 0.0086
vn -0.9882 -0.1528 0.0047
vn -0.9920 -0.1262 0.0029
vn -0.2186 -0.9758 0.0086
vn -0.4686 -0.8834 0.0033
vn -0.2050 -0.9788 0.0032
vn -0.1782 -0.9840 0.0011
vn -0.7147 0.6994 0.0013
vn -0.6752 0.7376 0.0028
vn -0.3403 -0.4052 0.8486
vn -0.9687 0.2481 0.0063
vn -0.9692 0.2463 0.0073
vn -0.9955 0.0945 0.0060
vn -0.8044 0.5927 -0.0408
vn -0.2933 0.9559 -0.0111
vn -0.4350 0.9004 0.0021
vn -0.4775 0.8786 -0.0034
vn -0.7979 0.6027 -0.0117
vn -0.9936 0.1128 0.0040
vn -0.9805 0.0576 -0.1881
vn -0.9808 0.0513 -0.1879
vn -0.9711 0.0533 -0.2328
vn -0.9727 0.0493 -0.2267
vn -0.9841 0.0741 -0.1614
vn -0.9783 0.0352 -0.2043
vn -0.9817 0.0672 -0.1780
vn -0.9757 0.0496 -0.2134
vn -0.9927 0.1198 -0.0155
vn -0.3788 0.9254 0.0160
vn -0.9821 0.0243 -0.1870
vn -0.9837 0.0609 -0.1692
vn -0.9949 0.0991 0.0185
vn -0.9787 0.0439 -0.2003
vn -0.9522 0.3055 0.0051
vn -0.9636 -0.2672 0.0059
vn -0.9635 0.0543 -0.2623
vn -0.9917 -0.1284 0.0062
vn -0.9764 0.0457 -0.2109
vn -0.9698 0.0827 -0.2294
vn -0.5695 -0.8220 0.0010
vn -0.6841 0.7292 -0.0156
vn -0.9997 -0.0244 0.0039
vn -0.5211 -0.8535 0.0088
vn -0.9928 -0.1193 0.0062
vn -0.9514 -0.3077 -0.0153
vn -0.6550 0.0196 0.7553
vn -0.6778 0.0286 0.7347
vn -0.7162 0.0346 0.6970
vn -0.9991 -0.0368 0.0207
vn -0.7413 0.0210 0.6708
vn -0.9974 0.0460 0.0563
vn -0.9961 0.0408 0.0782
vn -0.6744 0.0474 -0.7369
vn -0.8089 0.0604 -0.5848
vn -0.6883 0.0398 -0.7243
vn -0.8682 0.0482 -0.4939
vn -0.9926 -0.1206 -0.0145
vn -0.9924 0.1202 0.0250
vn -0.9994 0.0351 -0.0052
vn -0.9669 0.0523 -0.2499
vn -0.9206 0.3906 0.0006
vn -0.4276 0.9040 -0.0066
vn -0.6580 0.7529 0.0135
vn -0.9916 0.1296 -0.0024
vn -0.9761 0.0542 -0.2102
vn -0.7084 -0.7059 -0.0022
vn -0.9765 -0.2152 0.0060
vn -0.9961 -0.0876 0.0140
vn -0.8695 0.4938 0.0141
vn -0.9979 0.0626 0.0140
vn -0.6957 -0.7180 0.0210
vn -0.5215 -0.8533 -0.0020
vn -0.9570 0.0398 -0.2873
vn -0.9631 0.0739 -0.2589
vn -0.9294 -0.3691 0.0050
vn -0.9622 0.0550 -0.2666
vn -0.9664 0.0753 -0.2458
vn -0.9721 0.0487 -0.2296
vn -0.9615 0.0277 -0.2734
vn -0.9537 0.0262 -0.2997
vn -0.9596 0.0818 -0.2691
vn -0.9624 0.0334 -0.2697
vn -0.9636 0.0594 -0.2607
vn -0.9598 0.0343 -0.2787
vn -0.9751 0.0628 -0.2129
vn -0.9724 0.0712 -0.2222
vn -0.9660 0.0644 -0.2503
vn -0.9991 -0.0435 -0.0012
vn -0.9627 0.0453 -0.2667
vn -0.9835 -0.1810 -0.0015
vn -0.5637 0.0334 -0.8253
vn -0.5729 0.0323 -0.8190
vn -0.8131 0.4634 -0.3523
vn -0.9765 0.2141 0.0233
vn -0.9927 0.1141 0.0387
vn -0.7960 0.6052 0.0097
vn -0.5655 0.8247 0.0027
vn -0.9445 -0.3015 -0.1306
vn -0.9929 0.1187 -0.0021
vn -0.8712 -0.4909 0.0035
vn -0.8434 -0.5373 0.0009
vn -0.8207 0.5712 -0.0125
vn -0.9930 -0.0637 0.0994
vn -0.9652 0.2578 0.0432
vn -0.6098 0.7924 -0.0145
vn -0.9402 0.3062 -0.1492
vn -0.5808 0.0663 -0.8113
vn -0.4724 0.0447 -0.8802
vn -0.6597 0.0580 -0.7493
vn -0.9032 0.4206 -0.0852
vn -0.5542 0.0661 -0.8298
vn -0.9831 -0.1382 -0.1197
vn -0.9750 -0.2219 0.0139
vn -0.9230 -0.3844 0.0169
vn -0.7211 -0.6926 0.0149
vn -0.9999 -0.0127 -0.0017
vn -0.9693 -0.2022 0.1401
vn -0.5548 0.0663 -0.8293
vn -0.9288 0.3704 -0.0089
vn -0.6924 0.7196 -0.0514
vn -0.3273 0.1232 -0.9368
vn -0.6038 0.7969 -0.0199
vn -0.8973 0.4414 -0.0002
vn -0.8853 -0.4648 0.0143
vn -0.9761 0.1752 0.1284
vn -0.6959 -0.7179 0.0186
vn -0.9840 -0.1409 0.1091
vn -0.8497 0.5272 0.0049
vn -0.8865 0.4625 0.0168
vn -0.8426 0.5385 0.0026
vn -0.9391 -0.3053 0.1579
vn -0.7289 -0.6845 0.0110
vn -0.8881 -0.3876 0.2472
vn -0.9991 -0.0329 0.0258
vn -0.8487 0.5288 0.0098
vn -0.9926 0.1200 0.0191
vn -0.9982 -0.0602 0.0006
vn -0.9904 0.1386 -0.0002
vn -0.9897 0.1430 0.0012
vn -0.9663 0.2575 -0.0039
vn -0.7742 0.6326 0.0214
vn -0.9697 0.2440 0.0145
vn -0.9915 0.1296 0.0078
vn -0.8723 0.4866 0.0479
vn -0.9813 -0.1922 0.0063
vn -0.9795 -0.2012 0.0050
vn -0.9974 -0.0724 0.0021
vn -0.9636 0.2671 0.0096
vn -0.7927 0.6096 0.0102
vn -0.8249 0.5653 -0.0034
vn -0.6883 0.0520 0.7235
vn -0.6190 0.0306 0.7848
vn -0.5966 0.0317 0.8019
vn -0.9929 0.1181 0.0139
vn -0.6439 -0.7648 0.0193
vn -0.7019 0.7123 0.0076
vn -0.6254 0.7802 -0.0143
vn -0.6893 0.0295 0.7239
vn -0.6192 0.0160 0.7851
vn -0.5409 0.0226 0.8408
vn -0.5998 0.0180 0.8000
vn -0.5572 0.0285 0.8299
vn -0.2770 0.0140 0.9608
vn -0.4516 -0.0304 0.8917
vn -0.6731 0.0353 0.7387
vn -0.3542 0.0437 0.9342
vn -0.9951 -0.0161 0.0973
vn -0.9883 0.1503 0.0277
vn -0.1177 -0.9930 0.0090
vn -0.1113 -0.9877 0.1094
vn -0.1194 -0.9928 0.0037
vn -0.1122 -0.9883 0.1031
vn -0.1198 -0.9928 0.0012
vn -0.0787 -0.4001 -0.9131
vn -0.1319 -0.9541 -0.2688
vn -0.0729 0.0156 -0.9972
vn -0.0618 0.0271 -0.9977
vn -0.0084 0.0101 -0.9999
vn -0.0867 0.0539 -0.9948
vn -0.3792 0.0612 -0.9233
vn -0.6830 0.0897 -0.7249
vn 0.1321 -0.0024 -0.9912
vn -0.0165 0.0255 -0.9995
vn -0.0437 0.0211 -0.9988
vn -0.0203 0.0106 -0.9997
vn -0.0550 0.0104 -0.9984
vn -0.0651 0.0477 -0.9967
vn -0.0113 0.0285 -0.9995
vn -0.0046 0.0032 -1.0000
vn -0.0536 -0.0019 -0.9986
vn -0.1838 -0.0149 -0.9828
vn -0.2206 0.3497 -0.9105
vn -0.2339 0.1159 -0.9653
vn -0.4653 0.6524 -0.5982
vn -0.0849 -0.0566 -0.9948
vn -0.0384 -0.0341 -0.9987
vn -0.2709 -0.2876 -0.9186
vn -0.1788 -0.3580 -0.9164
vn -0.6156 0.1404 -0.7754
vn -0.1866 -0.1014 -0.9772
vn -0.4814 0.4212 -0.7687
vn -0.1304 -0.9236 0.3605
vn -0.0656 -0.3248 0.9435
vn -0.0940 -0.9956 -0.0009
vn -0.1076 -0.9942 -0.0004
vn -0.3287 -0.9444 0.0056
vn -0.0543 -0.0055 0.9985
vn -0.9955 0.0935 -0.0169
vn -0.9901 0.0871 0.1096
vn -0.1145 -0.7326 -0.6710
vn -0.1667 0.0394 0.9852
vn -0.0618 0.0127 0.9980
vn -0.0238 0.0179 0.9996
vn 0.0130 -0.1573 0.9875
vn -0.0292 -0.0349 0.9990
vn 0.0146 -0.1806 0.9835
vn 0.0131 -0.1752 0.9845
vn -0.0432 -0.0015 0.9991
vn -0.0387 -0.0093 0.9992
vn -0.0690 0.0108 0.9976
vn -0.0495 0.0039 0.9988
vn -0.0062 -0.0000 -1.0000
vn -0.0067 -0.0000 -1.0000
vn -0.0079 -0.0019 -1.0000
vn -0.0067 -0.0003 -1.0000
vn -0.0046 0.0030 -1.0000
vn -0.0058 0.0012 -1.0000
vn -0.0053 0.0012 -1.0000
vn -0.0050 0.0033 -1.0000
vn -0.0074 -0.0010 -1.0000
vn -0.0068 -0.0009 -1.0000
vn -0.0061 -0.0000 -1.0000
vn -0.0072 0.0028 -1.0000
vn -0.0099 0.0040 -0.9999
vn -0.0069 -0.0003 -1.0000
vn -0.0213 0.0057 -0.9998
vn -0.0063 -0.0000 -1.0000
vn -0.0103 0.0041 -0.9999
vn -0.0053 -0.0031 -1.0000
vn -0.0053 -0.0016 -1.0000
vn -0.0062 0.0104 -0.9999
vn -0.0070 0.0026 -1.0000
vn -0.0069 -0.0005 -1.0000
vn -0.0066 -0.0003 -1.0000
vn -0.0107 0.0039 -0.9999
vn -0.0114 0.0047 -0.9999
vn -0.0092 -0.0013 -1.0000
vn 0.0062 -0.0349 -0.9994
vn -0.0075 0.0009 -1.0000
vn -0.0065 -0.0000 -1.0000
vn -0.0083 0.0009 -1.0000
vn -0.0052 -0.0011 -1.0000
vn -0.0068 -0.0000 -1.0000
vn -0.0006 0.0187 -0.9998
vn -0.0049 -0.0017 -1.0000
vn -0.0077 -0.0020 -1.0000
vn -0.0075 0.0012 -1.0000
vn -0.0192 0.0018 -0.9998
vn 0.0045 -0.0099 -0.9999
vn -0.0488 0.0455 -0.9978
vn -0.0051 -0.0022 -1.0000
vn -0.0045 -0.0015 -1.0000
vn -0.0080 0.0044 -1.0000
vn -0.0076 0.0008 -1.0000
vn -0.0082 -0.0103 -0.9999
vn -0.0063 -0.0026 -1.0000
vn -0.0110 0.0012 -0.9999
vn -0.0539 0.0072 -0.9985
vn -0.0866 0.0166 -0.9961
vn 1.0000 0.0002 -0.0096
vn 0.9999 -0.0000 -0.0105
vn 1.0000 -0.0003 -0.0083
vn 1.0000 -0.0002 -0.0070
vn 0.0072 0.0007 1.0000
vn 0.0054 -0.0002 1.0000
vn 0.0058 -0.0000 1.0000
vn 0.0076 -0.0022 1.0000
vn 0.0062 0.0003 1.0000
vn 0.0026 -0.0052 1.0000
vn 0.0067 0.0051 1.0000
vn 0.0052 -0.0065 1.0000
vn 0.0096 0.0049 0.9999
vn 0.0047 0.0005 1.0000
vn 0.0061 -0.0000 1.0000
vn -0.0050 -0.0290 0.9996
vn -0.0012 0.0039 1.0000
vn -0.0802 0.0450 0.9958
vn 0.0070 -0.0011 1.0000
vn 0.0041 0.0033 1.0000
vn 0.0067 -0.0018 1.0000
vn 0.0062 0.0026 1.0000
vn 0.0039 0.0022 1.0000
vn 0.0011 0.0017 1.0000
vn 0.0042 0.0067 1.0000
vn 0.0080 -0.0037 1.0000
vn 0.0053 -0.0000 1.0000
vn 0.0053 0.0001 1.0000
vn -0.0015 -0.0039 1.0000
vn 0.0031 0.0002 1.0000
vn 0.0043 0.0002 1.0000
vn -0.0152 -0.0007 0.9999
vn 0.0028 0.0024 1.0000
vn 0.0010 -0.0000 1.0000
vn -0.0247 -0.0027 0.9997
vn 0.0049 -0.0022 1.0000
vn 0.0049 -0.0072 1.0000
vn 0.0450 -0.0621 0.9971
vn -0.0004 -0.0013 1.0000
vn 0.0018 -0.0018 1.0000
vn -0.1778 -0.1958 0.9644
vn 0.0044 -0.0006 1.0000
vn 0.0072 -0.0024 1.0000
vn 0.0038 -0.0038 1.0000
vn 0.0064 -0.0146 0.9999
vn 0.0037 0.0016 1.0000
vn -0.0015 0.0057 1.0000
vn 0.0101 -0.0111 0.9999
vn -0.0171 0.0030 0.9998
vn -0.0817 -0.0712 0.9941
vn 1.0000 -0.0004 -0.0018
vn 1.0000 -0.0001 0.0030
vn 1.0000 -0.0002 0.0007
vn 1.0000 -0.0000 0.0031
vn -0.0031 -1.0000 -0.0008
vn 0.0009 -1.0000 0.0007
vn -0.0056 -1.0000 -0.0000
vn 0.0005 -1.0000 -0.0005
vn 0.0001 -1.0000 -0.0003
vn 0.0006 -1.0000 -0.0006
vn 0.9999 -0.0081 -0.0061
vn 0.9999 -0.0102 -0.0059
vn 1.0000 -0.0079 -0.0061
vn 1.0000 -0.0054 -0.0061
vn 0.0001 1.0000 -0.0000
vn -0.0001 1.0000 -0.0000
vn -0.0004 1.0000 -0.0000
vn 0.0002 1.0000 -0.0000
vn 1.0000 0.0022 -0.0062
vn 1.0000 0.0039 -0.0060
vn 1.0000 0.0026 -0.0062
vn 1.0000 0.0010 -0.0062
vn -0.6712 0.0226 -0.7410
vn -0.8150 0.0204 -0.5791
vn -0.6739 0.0237 -0.7384
vn -0.8491 0.0200 -0.5279
vn -1.0000 0.0098 0.0017
vn -0.9994 0.0110 -0.0320
vn -0.8235 0.0207 -0.5670
vn -0.2953 0.0187 -0.9552
vn -0.3978 0.0226 -0.9172
vn -0.9961 0.0124 -0.0868
vn -0.2679 0.0176 -0.9633
vn -0.9318 0.0091 0.3629
vn -0.9621 0.0080 0.2725
vn -0.9763 0.0081 0.2163
vn -0.0500 -0.0015 0.9987
vn -0.3841 0.0038 0.9233
vn -0.3993 -0.0003 0.9168
vn -0.4614 0.0009 0.8872
vn -0.6109 0.0019 0.7917
vn -0.8882 0.0135 0.4593
vn -0.0137 -0.0035 0.9999
vn 0.0062 -0.0029 1.0000
vn -0.5815 -0.0040 0.8135
vn -0.9241 0.0107 0.3821
vn -0.9633 0.0097 0.2683
vn -0.9784 0.0126 0.2065
vn -0.9121 0.0089 0.4099
vn -0.0485 -0.0016 0.9988
vn -0.1844 -0.0005 0.9829
vn -0.6369 -0.0016 0.7710
vn -0.6242 0.0020 0.7813
vn -0.0252 -0.0021 0.9997
vn -0.6367 0.0010 0.7711
vn -0.9506 0.0073 0.3103
vn -0.3798 0.0036 0.9250
vn -0.0181 -0.0024 0.9998
vn -0.8436 0.0202 -0.5366
vn -0.9991 0.0099 0.0418
vn -0.9955 -0.0094 -0.0947
vn -0.9892 0.0109 -0.1463
vn -0.9992 0.0124 -0.0383
vn -0.4024 0.0226 -0.9152
vn -0.6652 0.0226 -0.7463
vn -0.8176 0.0191 -0.5754
vn -0.6641 0.0241 -0.7472
vn -0.3025 0.0183 -0.9530
vn -0.2890 0.0178 -0.9572
vn -0.9974 0.0151 0.0703
vn -0.8235 0.0204 -0.5670
vn -0.2447 -0.0159 -0.9695
vn -0.1758 0.0062 -0.9844
vn -0.1896 0.0087 -0.9818
vn -0.1836 0.0103 -0.9830
vn -0.1990 0.0093 -0.9799
vn -0.1851 -0.0539 -0.9812
vn -0.2371 0.0021 -0.9715
vn -0.2522 0.0218 -0.9674
vn -0.2622 0.0241 -0.9647
vn -0.1707 0.0138 -0.9852
vn -0.1744 0.0326 -0.9841
vn -0.1850 0.0220 -0.9825
vn -0.1892 0.0364 -0.9813
vn -0.9677 0.0777 -0.2399
vn -0.2245 0.0235 -0.9742
vn -0.2035 0.0017 -0.9791
vn -0.2029 0.0196 -0.9790
vn -0.1757 -0.1033 -0.9790
vn -0.1555 -0.1720 -0.9727
vn -0.4831 -0.2421 -0.8414
vn -0.5241 0.7041 -0.4791
vn -0.2589 0.1663 -0.9515
vn -0.5838 0.8105 0.0473
vn -0.9474 0.3181 -0.0367
vn -0.5430 -0.0147 -0.8396
vn -0.9969 0.0199 0.0763
vn -0.5288 0.8459 0.0696
vn -0.5527 0.8295 0.0804
vn -0.5270 0.8471 0.0688
vn -0.4972 0.8648 0.0705
vn -0.5893 0.8045 0.0745
vn -0.5155 0.8540 0.0711
vn -0.9379 0.3400 0.0688
vn -0.9765 0.1990 0.0830
vn -0.9953 0.0145 0.0962
vn -0.9913 0.0256 0.1287
vn -0.9941 -0.0391 0.1009
vn -0.9925 0.0633 0.1043
vn -0.9932 0.0138 0.1152
vn -0.9873 0.0622 0.1462
vn -0.4901 0.8634 0.1198
vn -0.7569 0.6162 0.2175
vn -0.9739 0.0235 0.2257
vn -0.9880 -0.0772 0.1339
vn -0.9774 0.1425 0.1562
vn -0.2969 0.2255 0.9279
vn -0.9713 -0.1939 0.1376
vn -0.9523 -0.2743 0.1336
vn -0.8087 -0.5778 0.1108
vn -0.6011 -0.7959 0.0721
vn -0.4450 0.8931 0.0661
vn -0.9906 0.0531 -0.1258
vn -0.8956 0.4444 -0.0210
vn -0.1781 0.9835 0.0313
vn -0.5151 0.8540 0.0735
vn -0.7074 0.6994 0.1024
vn -0.9810 0.1346 0.1399
vn -0.5951 0.7994 0.0827
vn -0.9911 -0.0172 0.1323
vn -0.9664 0.2202 0.1322
vn -0.9817 0.1239 0.1446
vn -0.9010 -0.4110 0.1387
vn -0.5085 0.8581 0.0712
vn -0.2438 0.9695 0.0256
vn -0.6611 0.7461 0.0791
vn -0.9425 0.3040 0.1386
vn -0.6725 0.7366 0.0726
vn -0.5841 0.8075 0.0828
vn -0.9536 0.2744 0.1237
vn -0.6788 0.0467 0.7329
vn -0.5122 0.0254 0.8585
vn -0.7984 0.0413 0.6007
vn -0.4959 0.0143 0.8683
vn -0.9989 0.0431 0.0171
vn -0.8869 0.0413 -0.4602
vn -0.9923 0.1139 0.0485
vn -0.4178 0.9058 0.0704
vn -0.9792 0.1547 0.1315
vn -0.1246 0.9920 0.0220
vn -0.8061 0.0483 -0.5898
vn -0.8151 0.0569 -0.5766
vn -0.9855 -0.0278 0.1676
vn -0.3425 0.9386 0.0422
vn -0.4247 0.9036 0.0569
vn -0.5889 0.8036 0.0861
vn -0.4755 0.8762 0.0788
vn 0.2668 0.9626 -0.0475
vn -0.6941 -0.7148 0.0850
vn -0.5899 -0.8028 0.0868
vn -0.7342 -0.6673 0.1249
vn -0.9788 -0.1454 0.1441
vn -0.9758 0.1659 0.1424
vn -0.4657 -0.8813 0.0805
vn -0.9849 0.1096 0.1336
vn -0.0200 0.9998 -0.0073
vn -0.8389 -0.5300 0.1237
vn -0.9854 0.1103 0.1297
vn -0.6104 0.0162 0.7919
vn -0.6161 0.0313 0.7870
vn -0.9447 0.3140 0.0951
vn -0.9913 -0.0051 0.1316
vn -0.7546 0.0166 0.6560
vn -0.8549 0.0477 -0.5166
vn -0.9185 0.0439 0.3930
vn -0.9947 0.0484 0.0903
vn -0.3937 0.0144 0.9191
vn -0.5737 0.0326 0.8184
vn -0.7935 0.0578 -0.6059
vn -0.7931 0.0411 -0.6076
vn -0.8146 0.0593 -0.5770
vn -0.6151 0.7827 0.0949
vn -0.8653 0.4744 0.1618
vn -0.3685 0.9280 0.0543
vn -0.9901 0.0551 -0.1288
vn -0.9795 -0.0033 -0.2015
vn -0.7012 0.7025 0.1221
vn -0.9806 0.1247 0.1510
vn -0.6276 0.7729 0.0938
vn -0.9064 0.0278 -0.4215
vn -0.9898 0.0014 0.1421
vn -0.9623 -0.2381 0.1316
vn -0.9708 0.0480 0.2349
vn -0.9350 0.3206 0.1516
vn 0.8992 0.4124 -0.1461
vn -0.8986 -0.4208 0.1241
vn -0.8324 -0.5405 0.1220
vn -0.5970 -0.7975 0.0871
vn -0.9830 -0.1254 0.1340
vn -0.7720 -0.6271 0.1042
vn -0.4659 -0.8823 0.0674
vn -0.8121 -0.5720 0.1151
vn -0.5195 0.8510 0.0771
vn 0.0952 -0.0255 0.9951
vn 0.0840 -0.0087 0.9964
vn 0.0955 -0.0425 0.9945
vn 0.1220 -0.0085 0.9925
vn -0.0269 -0.0049 0.9996
vn 0.0849 -0.0113 0.9963
vn 0.0891 -0.0198 0.9958
vn 0.0484 -0.0020 0.9988
vn -0.3702 0.0239 0.9287
vn -0.5524 0.0357 0.8328
vn -0.5548 0.0360 0.8312
vn 0.0702 0.0554 0.9960
vn 0.0730 -0.0065 0.9973
vn 0.0467 -0.0168 0.9988
vn 0.0821 0.0372 0.9959
vn 0.0778 0.0529 0.9956
vn 0.0716 0.0774 0.9944
vn -0.5140 0.8537 0.0836
vn -0.5338 0.8409 0.0896
vn -0.4087 0.7254 0.5538
vn -0.5265 0.8463 0.0817
vn -0.5071 0.8586 0.0753
vn -0.3564 0.2598 -0.8975
vn -0.9939 -0.0467 -0.1001
vn -0.8561 0.5128 -0.0645
vn -0.5092 0.8578 0.0706
vn -0.9872 0.0523 0.1505
vn -0.9948 -0.0973 0.0309
vn -0.9635 0.2665 0.0253
vn -0.8434 0.5333 0.0650
vn -0.9949 -0.0655 0.0772
vn -0.9678 -0.2089 0.1402
vn -0.9758 -0.1625 0.1465
vn -0.9844 -0.0953 0.1479
vn -0.5768 0.8130 0.0798
vn -0.4994 0.8633 0.0724
vn -0.5143 0.8518 0.1001
vn -0.5335 0.8082 0.2493
vn -0.9597 -0.2282 0.1640
vn -0.9880 -0.0396 0.1495
vn -0.8142 0.5732 0.0917
vn -0.9593 -0.2578 0.1152
vn -0.9159 0.1153 0.3845
vn -0.9854 0.0785 0.1512
vn -0.7801 -0.2035 0.5917
vn 0.0388 0.0708 0.9967
vn 0.0313 0.0404 0.9987
vn -0.9912 -0.0036 0.1325
vn -0.6001 0.7959 0.0797
vn -0.5968 0.7979 0.0845
vn -0.9219 0.3662 0.1261
vn -0.3364 0.9394 0.0665
vn -0.9836 0.1215 0.1334
vn -0.9813 -0.1361 0.1363
vn -0.9836 0.1084 0.1442
vn -0.6118 -0.7875 0.0749
vn -0.9730 -0.0615 0.2222
vn -0.4918 -0.8688 0.0584
vn -0.6784 0.0307 0.7341
vn -0.6378 0.0369 0.7693
vn -0.7212 0.0505 0.6909
vn -0.9547 0.0660 0.2901
vn -0.8840 0.0323 -0.4663
vn -0.6993 0.0249 -0.7144
vn -0.7004 0.0098 -0.7137
vn -0.7472 -0.6646 -0.0076
vn -0.9085 0.0604 -0.4134
vn -0.9829 0.1147 0.1442
vn -0.9874 0.0064 0.1583
vn -0.9803 0.1410 0.1384
vn -0.8177 0.5623 0.1229
vn -0.5067 0.8592 0.0709
vn -0.3992 0.9154 0.0526
vn -0.4662 0.8818 0.0709
vn -0.6323 -0.7692 0.0921
vn -0.5211 -0.8508 0.0673
vn -0.0392 -0.9992 0.0023
vn -0.7150 -0.6922 0.0983
vn -0.5871 -0.8057 0.0785
vn -0.9580 0.0622 0.2800
vn -0.4780 -0.8767 0.0541
vn -0.7163 0.6927 0.0847
vn -0.6565 -0.7481 0.0969
vn -0.6177 -0.7821 0.0827
vn -0.4301 -0.8988 0.0849
vn -0.5755 0.0379 0.8169
vn -0.6808 0.0509 0.7307
vn -0.9973 0.0687 -0.0272
vn -0.6043 0.0754 0.7932
vn -0.9795 0.0527 0.1944
vn -0.8633 0.0409 -0.5030
vn -0.8488 0.0403 -0.5272
vn -0.9750 0.1735 0.1385
vn -0.6161 0.7811 0.1012
vn -0.9691 0.1918 0.1551
vn -0.2781 0.9599 0.0363
vn -0.3570 0.9325 0.0546
vn -0.4857 -0.8720 0.0611
vn -0.6302 -0.7701 0.0995
vn -0.5088 -0.8583 0.0663
vn -0.9845 -0.0900 0.1504
vn -0.7412 -0.6613 0.1150
vn -0.6128 -0.7841 0.0981
vn -0.7158 -0.6894 0.1117
vn -0.4659 0.8822 0.0679
vn -0.6468 0.7583 0.0817
vn -0.4356 0.8977 0.0657
vn -0.6681 -0.7391 0.0862
vn -0.5165 0.8524 0.0816
vn -0.9406 0.3156 0.1252
vn -0.5794 0.8088 0.1006
vn -0.9832 0.1049 0.1492
vn -0.2320 -0.9721 0.0355
vn -0.5815 -0.8079 0.0959
vn -0.9888 -0.0680 0.1327
vn -0.6916 0.0164 0.7221
vn -0.5604 0.0135 0.8281
vn -0.5511 0.0392 0.8335
vn -0.8733 0.0632 0.4830
vn -0.3217 0.0094 0.9468
vn -0.9560 0.0708 -0.2848
vn -0.7665 0.0438 -0.6408
vn -0.7759 0.0442 -0.6294
vn -0.9859 -0.1414 -0.0891
vn -0.5222 0.8499 0.0702
vn -0.3987 0.9151 0.0599
vn -0.9814 -0.1373 0.1344
vn -0.5821 -0.8091 0.0808
vn -0.9845 0.1085 0.1381
vn -0.7526 0.6477 0.1189
vn -0.7553 0.6458 0.1119
vn -0.7096 0.6968 0.1043
vn -0.9841 0.1086 0.1407
vn -0.9854 0.0948 0.1414
vn -0.9671 -0.2143 0.1369
vn -0.6318 0.7703 0.0857
vn -0.8835 0.4538 0.1163
vn -0.6318 0.7704 0.0860
vn -0.7589 0.6427 0.1052
vn -0.5664 0.8207 0.0746
vn -0.7751 -0.6206 0.1187
vn -0.7322 -0.6723 0.1088
vn -0.9504 0.1490 0.2730
vn -0.9889 0.0050 0.1483
vn -0.9893 -0.1418 -0.0355
vn -0.6570 0.7487 0.0881
vn -0.9828 0.1179 0.1423
vn -0.8865 0.4541 0.0894
vn -0.9848 -0.0878 0.1499
vn -0.9683 0.2057 0.1414
vn -0.9837 0.1137 0.1393
vn -0.9825 0.1202 0.1425
vn -0.9759 0.1689 0.1384
vn -0.6546 -0.7504 0.0913
vn -0.5710 0.0345 0.8202
vn -0.5063 0.0444 0.8612
vn -0.2495 0.0352 0.9677
vn -0.2447 0.0357 0.9689
vn -0.7272 -0.6779 0.1080
vn -0.8739 -0.4699 0.1248
vn -0.5957 -0.7968 0.1014
vn -0.6653 0.7418 0.0842
vn -0.7954 0.5964 0.1078
vn -0.8498 0.5161 0.1075
vn -0.9913 0.0022 0.1319
vn -0.7838 0.6111 0.1109
vn -0.9125 0.3875 0.1312
vn -0.9588 0.2541 0.1268
vn -0.9741 -0.1869 0.1272
vn -0.9309 0.3419 0.1285
vn -0.8727 -0.4709 0.1293
vn -0.8564 -0.5016 0.1225
vn -0.9921 0.0024 0.1254
vn -0.9856 0.0408 0.1643
vn -0.9044 -0.4047 0.1354
vn -0.8931 -0.4293 0.1346
vn -0.6731 0.7321 0.1051
vn -0.8835 0.4538 0.1161
vn -0.8352 0.5384 0.1123
vn -0.8518 0.5065 0.1334
vn -0.6097 -0.7877 0.0884
vn -0.8536 -0.4762 0.2112
vn -0.6643 0.7435 0.0763
vn -0.8353 0.5380 0.1131
vn -0.8686 0.4804 0.1215
vn -0.9848 0.1095 0.1349
vn -0.9841 -0.1113 0.1388
vn -0.9885 -0.0542 0.1412
vn -0.9402 0.3127 0.1354
vn -0.9411 0.3070 0.1421
vn -0.8378 0.5319 0.1229
vn -0.9812 0.1372 0.1354
vn -0.5849 0.8079 -0.0720
vn -0.9626 0.2299 0.1433
vn -0.9816 0.1250 0.1447
vn -0.9883 0.0371 0.1476
vn -0.9886 0.0282 0.1480
vn -0.9934 0.0168 0.1134
vn -0.9853 -0.0970 0.1404
vn -0.9729 0.1890 0.1335
vn -0.6921 -0.7156 0.0944
vn -0.9755 0.1515 0.1594
vn -0.7646 -0.5615 0.3163
vn -0.6964 -0.7104 0.1014
vn -0.9848 0.1042 0.1390
vn -0.6917 0.7170 0.0864
vn -0.9459 0.2967 0.1310
vn -0.9296 0.3417 0.1384
vn -0.9841 0.0712 0.1626
vn -0.5606 0.0135 0.8280
vn -0.6442 0.0459 0.7635
vn -0.8627 0.0574 0.5025
vn -0.4526 0.0042 0.8917
vn -0.4573 -0.0001 0.8893
vn -0.9868 -0.0325 0.1585
vn -0.6456 0.0395 0.7626
vn -0.4185 0.0243 0.9079
vn -0.4127 0.0230 0.9106
vn -0.9844 0.0847 0.1541
vn -0.8819 0.4486 0.1447
vn 0.1268 -0.1778 0.9759
vn -0.4920 0.0538 0.8690
vn -0.4757 0.0552 0.8779
vn -0.5833 0.0624 0.8098
vn -0.9708 0.1991 0.1339
vn -0.9886 0.0460 0.1430
vn -0.9864 0.0764 0.1454
vn -0.6095 0.7875 0.0912
vn -0.7220 0.6840 0.1046
vn -0.6757 0.7292 0.1084
vn -0.9769 0.1551 0.1468
vn -0.9717 0.1851 0.1465
vn -0.8195 0.0660 -0.5692
vn -0.6340 0.0739 -0.7698
vn -0.7564 0.0529 -0.6520
vn -0.9729 -0.1963 0.1221
vn -0.9757 0.1661 0.1432
vn -0.8124 0.0830 -0.5771
vn -0.8228 0.0815 -0.5625
vn -0.9832 0.0994 0.1529
vn -0.9373 -0.3225 0.1322
vn -0.7450 -0.6593 0.1011
vn -0.9898 0.0023 0.1427
vn -0.9443 0.3017 0.1317
vn -0.9785 0.1216 0.1668
vn -0.7501 0.6520 0.1108
vn -0.6322 0.7702 0.0840
vn -0.6996 -0.7068 0.1046
vn -0.4365 0.8980 0.0553
vn -0.6150 0.7811 0.1074
vn -0.7240 0.6826 0.0990
vn -0.9839 0.1141 0.1379
vn -0.9842 0.1085 0.1402
vn -0.9070 0.1049 -0.4078
vn -0.8409 0.1382 -0.5232
vn -0.8324 0.1436 0.5352
vn -0.6581 0.0751 -0.7492
vn -0.7060 0.0878 -0.7027
vn -0.8804 0.0966 -0.4642
vn -0.9851 0.0220 0.1707
vn -0.7951 0.5972 0.1059
vn -0.9887 0.0033 0.1497
vn -0.7214 0.6846 0.1047
vn -0.9873 -0.0756 0.1398
vn -0.7466 -0.6547 0.1184
vn -0.9900 -0.0573 0.1291
vn -0.9747 0.1424 0.1724
vn -0.8521 0.5082 0.1252
vn -0.8375 -0.5328 0.1213
vn -0.8650 0.4795 0.1477
vn -0.8370 0.5345 0.1173
vn -0.6112 0.7875 0.0791
vn -0.9640 0.2330 0.1282
vn -0.9846 -0.1210 0.1258
vn -0.9693 0.1922 0.1535
vn -0.8135 0.5651 0.1372
vn -0.6042 0.7935 0.0726
vn -0.9715 0.1896 0.1424
vn -0.8521 0.5055 0.1355
vn -0.9263 -0.3497 0.1402
vn -0.9809 0.1121 0.1592
vn -0.9878 0.0777 0.1347
vn -0.6605 -0.7452 0.0915
vn -0.9662 -0.2156 0.1417
vn -0.9860 0.0801 0.1461
vn -0.9896 -0.0269 0.1413
vn -0.9835 0.0835 0.1608
vn -0.9472 0.2610 0.1863
vn -0.9080 0.4186 0.0199
vn -0.9419 0.2952 0.1600
vn -0.9232 0.3559 0.1447
vn -0.7330 0.6696 0.1200
vn -0.9455 0.2847 0.1579
vn -0.6361 0.7644 0.1054
vn -0.8512 0.5147 0.1027
vn -0.8323 -0.5412 0.1200
vn -0.6599 -0.7447 0.0996
vn -0.5800 -0.8109 0.0786
vn -0.7103 -0.6939 0.1182
vn -0.6736 -0.7325 0.0992
vn -0.8799 0.4363 0.1882
vn -0.9036 0.4100 0.1239
vn -0.8940 -0.4252 0.1414
vn -0.8902 -0.4366 0.1304
vn -0.9805 0.1395 0.1384
vn -0.8846 0.4190 -0.2049
vn -0.9886 0.0304 0.1474
vn -0.9869 -0.0639 0.1478
vn -0.8236 0.5542 0.1205
vn -0.9412 0.3093 0.1360
vn -0.9809 -0.1311 0.1437
vn -0.8732 -0.4709 0.1258
vn -0.8529 0.5085 0.1186
vn -0.8221 0.5575 0.1154
vn -0.9779 0.1577 0.1371
vn -0.4320 -0.8994 0.0667
vn -0.7025 -0.7037 0.1063
vn -0.7331 -0.6729 0.0989
vn -0.9703 -0.1977 0.1392
vn -0.9788 -0.1466 0.1432
vn -0.9756 -0.1656 0.1445
vn -0.4994 -0.8637 0.0678
vn -0.2826 -0.9580 0.0485
vn -0.4795 -0.8747 0.0708
vn -0.2029 -0.9788 0.0279
vn -0.1800 -0.9833 0.0262
vn -0.6431 0.7607 0.0887
vn -0.8037 0.5857 0.1056
vn -0.3899 0.9193 0.0533
vn -0.9665 0.2147 0.1404
vn -0.9678 0.2095 0.1396
vn -0.9878 0.0625 0.1425
vn -0.9872 0.0740 0.1411
vn -0.3817 0.9225 0.0574
vn -0.7740 0.6262 0.0936
vn -0.7167 0.6924 0.0833
vn -0.1992 0.9797 0.0218
vn -0.1736 0.9846 0.0207
vn -0.4453 -0.8925 0.0714
vn -0.7280 -0.6761 0.1137
vn -0.7037 -0.7037 0.0978
vn -0.9691 -0.2039 0.1387
vn -0.6863 -0.7199 0.1037
vn -0.9782 -0.1528 0.1409
vn -0.9821 -0.1262 0.1397
vn -0.2163 -0.9756 0.0389
vn -0.4611 -0.8848 0.0674
vn -0.2027 -0.9787 0.0314
vn -0.1763 -0.9840 0.0257
vn -0.7075 0.6997 0.0994
vn -0.6688 0.7375 0.0938
vn -0.2239 -0.4092 0.8845
vn -0.9590 0.2463 0.1399
vn -0.9595 0.2440 0.1408
vn -0.9852 0.0945 0.1433
vn -0.8030 0.5917 0.0708
vn -0.2920 0.9559 0.0296
vn -0.4305 0.9005 0.0620
vn -0.4734 0.8786 0.0626
vn -0.7910 0.6038 0.0986
vn -0.9836 0.1129 0.1410
vn -0.9971 0.0583 -0.0479
vn -0.9975 0.0514 -0.0483
vn -0.9942 0.0532 -0.0932
vn -0.9951 0.0487 -0.0864
vn -0.9969 0.0769 -0.0174
vn -0.9976 0.0329 -0.0608
vn -0.9970 0.0676 -0.0373
vn -0.9961 0.0493 -0.0733
vn -0.9855 0.1215 0.1181
vn -0.3736 0.9250 0.0694
vn -0.9987 0.0210 -0.0464
vn -0.9977 0.0622 -0.0261
vn -0.9829 0.0991 0.1554
vn -0.9971 0.0429 -0.0624
vn -0.9426 0.3051 0.1360
vn -0.9535 -0.2671 0.1396
vn -0.9904 0.0543 -0.1269
vn -0.9814 -0.1283 0.1429
vn -0.9967 0.0446 -0.0685
vn -0.9922 0.0862 -0.0897
vn -0.5628 -0.8228 0.0791
vn -0.6783 0.7308 0.0760
vn -0.9896 -0.0244 0.1417
vn -0.5154 -0.8531 0.0814
vn -0.9828 -0.1208 0.1400
vn -0.9447 -0.3079 0.1132
vn -0.5500 0.0198 0.8350
vn -0.5740 0.0285 0.8184
vn -0.6180 0.0356 0.7854
vn -0.9867 -0.0368 0.1582
vn -0.6470 0.0206 0.7622
vn -0.9801 0.0461 0.1933
vn -0.9761 0.0402 0.2136
vn -0.7735 0.0475 -0.6320
vn -0.8850 0.0616 -0.4615
vn -0.7843 0.0394 -0.6191
vn -0.9293 0.0483 -0.3663
vn -0.9846 -0.1219 0.1251
vn -0.9788 0.1219 0.1647
vn -0.9908 0.0344 0.1312
vn -0.9915 0.0526 -0.1189
vn -0.9124 0.3893 0.1265
vn -0.4250 0.9037 0.0518
vn -0.6482 0.7541 0.1052
vn -0.9824 0.1296 0.1344
vn -0.9958 0.0545 -0.0737
vn -0.7017 -0.7059 0.0969
vn -0.9665 -0.2144 0.1408
vn -0.9846 -0.0875 0.1513
vn -0.8592 0.4938 0.1336
vn -0.9865 0.0619 0.1515
vn -0.6847 -0.7192 0.1178
vn -0.5174 -0.8529 0.0691
vn -0.9867 0.0379 -0.1578
vn -0.9886 0.0768 -0.1292
vn -0.9198 -0.3689 0.1333
vn -0.9894 0.0549 -0.1343
vn -0.9904 0.0782 -0.1136
vn -0.9942 0.0485 -0.0957
vn -0.9895 0.0246 -0.1422
vn -0.9848 0.0226 -0.1721
vn -0.9863 0.0857 -0.1413
vn -0.9901 0.0308 -0.1372
vn -0.9895 0.0605 -0.1316
vn -0.9888 0.0318 -0.1456
vn -0.9950 0.0643 -0.0768
vn -0.9935 0.0736 -0.0874
vn -0.9914 0.0657 -0.1131
vn -0.9897 -0.0433 0.1366
vn -0.9903 0.0442 -0.1320
vn -0.9743 -0.1811 0.1341
vn -0.6768 0.0337 -0.7354
vn -0.6850 0.0326 -0.7278
vn -0.8547 0.4636 -0.2335
vn -0.9640 0.2143 0.1577
vn -0.9780 0.1141 0.1747
vn -0.7882 0.6038 0.1193
vn -0.5589 0.8254 0.0798
vn -0.9531 -0.3025 0.0040
vn -0.9832 0.1200 0.1378
vn -0.8632 -0.4896 0.1235
vn -0.8360 -0.5361 0.1175
vn -0.8154 0.5700 0.1009
vn -0.9707 -0.0652 0.2314
vn -0.9502 0.2592 0.1728
vn -0.6049 0.7933 0.0688
vn -0.9515 0.3074 -0.0145
vn -0.6919 0.0670 -0.7189
vn -0.5939 0.0452 -0.8033
vn -0.7610 0.0581 -0.6462
vn -0.9057 0.4218 0.0431
vn -0.6677 0.0667 -0.7414
vn -0.9900 -0.1395 0.0204
vn -0.9638 -0.2216 0.1482
vn -0.9122 -0.3837 0.1437
vn -0.7121 -0.6928 0.1137
vn -0.9901 -0.0143 0.1398
vn -0.9415 -0.2033 0.2687
vn -0.6686 0.0670 -0.7406
vn -0.9209 0.3707 0.1203
vn -0.6931 0.7195 0.0446
vn -0.4459 0.1216 -0.8868
vn -0.5997 0.7977 0.0634
vn -0.8892 0.4404 0.1237
vn -0.8755 -0.4635 0.1362
vn -0.9498 0.1766 0.2581
vn -0.6877 -0.7168 0.1152
vn -0.9603 -0.1424 0.2398
vn -0.8416 0.5268 0.1191
vn -0.8748 0.4637 0.1405
vn -0.8340 0.5388 0.1190
vn -0.9088 -0.3049 0.2849
vn -0.7204 -0.6846 0.1111
vn -0.8469 -0.3868 0.3650
vn -0.9861 -0.0328 0.1631
vn -0.8395 0.5284 0.1267
vn -0.9808 0.1214 0.1525
vn -0.9886 -0.0599 0.1381
vn -0.9810 0.1383 0.1364
vn -0.9800 0.1433 0.1382
vn -0.9576 0.2575 0.1294
vn -0.7639 0.6326 0.1279
vn -0.9583 0.2444 0.1480
vn -0.9809 0.1298 0.1450
vn -0.8570 0.4873 0.1674
vn -0.9711 -0.1922 0.1415
vn -0.9695 -0.2013 0.1401
vn -0.9876 -0.0721 0.1396
vn -0.9531 0.2671 0.1422
vn -0.7847 0.6083 0.1195
vn -0.8184 0.5638 0.1108
vn -0.5877 0.0525 0.8074
vn -0.5107 0.0308 0.8592
vn -0.4861 0.0320 0.8733
vn -0.9818 0.1196 0.1473
vn -0.6352 -0.7648 0.1078
vn -0.6949 0.7114 0.1051
vn -0.6227 0.7793 0.0711
vn -0.5885 0.0300 0.8079
vn -0.5109 0.0162 0.8595
vn -0.4255 0.0229 0.9047
vn -0.4896 0.0181 0.8717
vn -0.4432 0.0288 0.8960
vn -0.1412 0.0153 0.9899
vn -0.3297 -0.0308 0.9436
vn -0.5700 0.0357 0.8209
vn -0.2269 0.0442 0.9729
vn -0.9728 -0.0163 0.2309
vn -0.9750 0.1504 0.1633
vn -0.1156 -0.9930 0.0246
vn -0.0955 -0.9879 0.1220
vn -0.1177 -0.9928 0.0201
vn -0.0972 -0.9885 0.1162
vn -0.1185 -0.9928 0.0177
vn -0.2040 -0.4003 -0.8934
vn -0.1678 -0.9542 -0.2476
vn -0.2106 0.0152 -0.9774
vn -0.2009 0.0278 -0.9792
vn -0.1453 0.0101 -0.9893
vn -0.2246 0.0554 -0.9729
vn -0.5043 0.0616 -0.8613
vn -0.7807 0.0903 -0.6184
vn -0.0043 -0.0024 -1.0000
vn -0.1547 0.0260 -0.9876
vn -0.1826 0.0232 -0.9829
vn -0.1582 0.0108 -0.9873
vn -0.1931 0.0104 -0.9811
vn -0.2047 0.0467 -0.9777
vn -0.1485 0.0294 -0.9885
vn -0.1424 0.0033 -0.9898
vn -0.1922 -0.0015 -0.9814
vn -0.3200 -0.0151 -0.9473
vn -0.3461 0.3537 -0.8690
vn -0.3689 0.1169 -0.9221
vn -0.5447 0.6558 -0.5227
vn -0.2233 -0.0580 -0.9730
vn -0.1762 -0.0344 -0.9838
vn -0.3978 -0.2911 -0.8701
vn -0.3036 -0.3629 -0.8810
vn -0.7206 0.1421 -0.6786
vn -0.3219 -0.1029 -0.9412
vn -0.5860 0.4246 -0.6901
vn -0.0811 -0.9233 0.3755
vn 0.0648 -0.3250 0.9435
vn -0.0933 -0.9956 0.0121
vn -0.1065 -0.9942 0.0141
vn -0.3248 -0.9444 0.0508
vn 0.0826 -0.0056 0.9966
vn -0.9879 0.0937 0.1237
vn -0.9659 0.0871 0.2437
vn -0.2058 -0.7372 -0.6436
vn -0.0335 0.0418 0.9986
vn 0.0754 0.0130 0.9971
vn 0.1133 0.0178 0.9934
vn 0.1491 -0.1593 0.9759
vn 0.1085 -0.0362 0.9934
vn 0.1501 -0.1830 0.9716
vn 0.1488 -0.1775 0.9728
vn 0.0943 -0.0015 0.9955
vn 0.0986 -0.0094 0.9951
vn 0.0682 0.0109 0.9976
vn 0.0871 0.0044 0.9962
vn -0.1443 -0.0000 -0.9895
vn -0.1443 -0.0002 -0.9895
vn -0.1440 -0.0000 -0.9896
vn -0.1445 -0.0000 -0.9895
vn -0.1457 -0.0021 -0.9893
vn -0.1445 -0.0003 -0.9895
vn -0.1424 0.0030 -0.9898
vn -0.1437 0.0008 -0.9896
vn -0.1431 0.0013 -0.9897
vn -0.1427 0.0035 -0.9898
vn -0.1452 -0.0009 -0.9894
vn -0.1446 -0.0011 -0.9895
vn -0.1439 -0.0000 -0.9896
vn -0.1449 0.0026 -0.9894
vn -0.1477 0.0042 -0.9890
vn -0.1448 -0.0003 -0.9895
vn -0.1592 0.0059 -0.9872
vn -0.1441 -0.0000 -0.9896
vn -0.1480 0.0040 -0.9890
vn -0.1431 -0.0031 -0.9897
vn -0.1431 -0.0014 -0.9897
vn -0.1439 0.0105 -0.9895
vn -0.1447 0.0027 -0.9895
vn -0.1448 -0.0004 -0.9895
vn -0.1444 -0.0003 -0.9895
vn -0.1485 0.0040 -0.9889
vn -0.1493 0.0049 -0.9888
vn -0.1470 -0.0013 -0.9891
vn -0.1312 -0.0358 -0.9907
vn -0.1455 0.0011 -0.9894
vn -0.1458 0.0007 -0.9893
vn -0.1430 -0.0011 -0.9897
vn -0.1446 0.0001 -0.9895
vn -0.1384 0.0190 -0.9902
vn -0.1427 -0.0016 -0.9898
vn -0.1455 -0.0020 -0.9894
vn -0.1453 0.0012 -0.9894
vn -0.1572 0.0018 -0.9876
vn -0.1318 -0.0159 -0.9911
vn -0.1866 0.0462 -0.9813
vn -0.1429 -0.0021 -0.9897
vn -0.1423 -0.0015 -0.9898
vn -0.1458 0.0045 -0.9893
vn -0.1454 0.0008 -0.9894
vn -0.1460 -0.0101 -0.9892
vn -0.1440 -0.0025 -0.9896
vn -0.1487 0.0012 -0.9889
vn -0.1916 0.0072 -0.9815
vn -0.2241 0.0168 -0.9744
vn 0.9891 0.0002 -0.1474
vn 0.9890 -0.0000 -0.1482
vn 0.9893 -0.0003 -0.1462
vn 0.9894 -0.0002 -0.1450
vn 0.1448 0.0006 0.9895
vn 0.1432 -0.0002 0.9897
vn 0.1436 -0.0000 0.9896
vn 0.1453 -0.0022 0.9894
vn 0.1440 0.0003 0.9896
vn 0.1403 -0.0054 0.9901
vn 0.1445 0.0051 0.9895
vn 0.1429 -0.0067 0.9897
vn 0.1473 0.0049 0.9891
vn 0.1424 0.0005 0.9898
vn 0.1439 -0.0000 0.9896
vn 0.1327 -0.0294 0.9907
vn 0.1364 0.0040 0.9906
vn 0.0567 0.0456 0.9974
vn 0.1445 -0.0008 0.9895
vn 0.1419 0.0033 0.9899
vn 0.1444 -0.0018 0.9895
vn 0.1439 0.0028 0.9896
vn 0.1417 0.0022 0.9899
vn 0.1388 0.0016 0.9903
vn 0.1420 0.0067 0.9898
vn 0.1456 -0.0032 0.9893
vn 0.1428 0.0002 0.9898
vn 0.1431 0.0001 0.9897
vn 0.1363 -0.0040 0.9907
vn 0.1408 0.0001 0.9900
vn 0.1421 0.0002 0.9899
vn 0.1223 -0.0009 0.9925
vn 0.1414 0.0027 0.9899
vn 0.1387 -0.0001 0.9903
vn 0.1129 -0.0027 0.9936
vn 0.1426 -0.0024 0.9898
vn 0.1429 -0.0074 0.9897
vn 0.1826 -0.0632 0.9812
vn 0.1372 -0.0013 0.9905
vn 0.1393 -0.0020 0.9902
vn -0.0457 -0.1984 0.9791
vn 0.1420 -0.0005 0.9899
vn 0.1449 -0.0024 0.9894
vn 0.1416 -0.0038 0.9899
vn 0.1441 -0.0150 0.9894
vn 0.1409 0.0020 0.9900
vn 0.1363 0.0057 0.9907
vn 0.1479 -0.0111 0.9889
vn 0.1205 0.0031 0.9927
vn 0.0548 -0.0722 0.9959
vn 0.9905 -0.0003 -0.1373
vn 0.9902 -0.0004 -0.1398
vn 0.9909 -0.0001 -0.1348
vn 0.9908 0.0001 -0.1350
vn -0.0033 -1.0000 -0.0003
vn 0.0010 -1.0000 0.0005
vn -0.0056 -1.0000 0.0008
vn -0.0000 -1.0000 -0.0001
vn -0.0000 -1.0000 -0.0002
vn 0.0005 -1.0000 -0.0006
vn 0.9896 -0.0081 -0.1439
vn 0.9896 -0.0102 -0.1437
vn 0.9896 -0.0079 -0.1439
vn 0.9896 -0.0054 -0.1439
vn -0.0003 1.0000 -0.0000
vn -0.0008 1.0000 -0.0000
vn 0.9896 0.0023 -0.1439
vn 0.9896 0.0039 -0.1439
vn 0.9896 0.0027 -0.1439
vn 0.9896 0.0010 -0.1440
vn -0.6740 0.0237 -0.7384
vn -0.9961 0.0124 -0.0870
vn -0.2680 0.0176 -0.9633
vn -0.9317 0.0091 0.3630
vn -0.9622 0.0080 0.2724
vn -0.0501 -0.0015 0.9987
vn -0.0138 -0.0035 0.9999
vn -0.5815 -0.0040 0.8136
vn -0.1845 -0.0005 0.9828
vn -0.6370 -0.0016 0.7709
vn -0.3798 0.0036 0.9251
vn -0.9955 -0.0094 -0.0946
vn -0.9992 0.0124 -0.0392
vn -0.4023 0.0226 -0.9152
vn -0.8177 0.0191 -0.5754
vn -0.6641 0.0241 -0.7473
vn -0.8236 0.0204 -0.5669
vn -0.2029 0.0195 -0.9790
vn -0.1555 -0.1719 -0.9728
vn -0.5429 -0.0147 -0.8396
vn -0.4972 0.8648 0.0706
vn -0.9739 0.0234 0.2257
vn -0.9665 0.2202 0.1322
vn -0.9011 -0.4109 0.1387
vn -0.9426 0.3039 0.1386
vn -0.5121 0.0254 0.8585
vn -0.9923 0.1139 0.0484
vn -0.4179 0.9058 0.0704
vn -0.3426 0.9385 0.0423
vn -0.5888 0.8037 0.0862
vn 0.2670 0.9625 -0.0475
vn -0.4656 -0.8813 0.0805
vn -0.6161 0.0314 0.7870
vn -0.7545 0.0166 0.6561
vn -0.9185 0.0439 0.3931
vn -0.7932 0.0411 -0.6076
vn -0.6150 0.7828 0.0949
vn -0.9898 0.0015 0.1422
vn 0.8991 0.4127 -0.1461
vn -0.7720 -0.6270 0.1042
vn -0.8122 -0.5720 0.1151
vn 0.0839 -0.0086 0.9964
vn 0.0890 -0.0198 0.9958
vn 0.0483 -0.0020 0.9988
vn -0.3702 0.0240 0.9287
vn -0.5525 0.0357 0.8327
vn -0.5549 0.0360 0.8311
vn 0.0703 0.0554 0.9960
vn 0.0467 -0.0167 0.9988
vn 0.0822 0.0371 0.9959
vn 0.0778 0.0528 0.9956
vn 0.0716 0.0773 0.9944
vn -0.5076 0.8582 0.0757
vn -0.3563 0.2600 -0.8975
vn -0.9635 0.2664 0.0253
vn -0.4995 0.8633 0.0724
vn -0.9593 -0.2579 0.1152
vn -0.9158 0.1153 0.3846
vn 0.0388 0.0707 0.9967
vn -0.9731 -0.0615 0.2222
vn -0.8840 0.0323 -0.4664
vn -0.9829 0.1146 0.1442
vn -0.9874 0.0064 0.1584
vn -0.8177 0.5623 0.1230
vn -0.3991 0.9154 0.0526
vn -0.6323 -0.7693 0.0921
vn -0.7150 -0.6921 0.0983
vn -0.7163 0.6926 0.0847
vn -0.2782 0.9598 0.0363
vn -0.9845 -0.0900 0.1505
vn -0.7413 -0.6613 0.1150
vn -0.6128 -0.7842 0.0981
vn -0.7158 -0.6893 0.1117
vn -0.5511 0.0391 0.8335
vn -0.9859 -0.1415 -0.0890
vn -0.9814 -0.1373 0.1345
vn -0.7097 0.6968 0.1043
vn -0.9671 -0.2145 0.1369
vn -0.8835 0.4537 0.1163
vn -0.9828 0.1177 0.1423
vn -0.7954 0.5965 0.1078
vn -0.8498 0.5160 0.1075
vn -0.9125 0.3875 0.1313
vn -0.8931 -0.4292 0.1346
vn -0.8352 0.5384 0.1122
vn -0.9885 -0.0543 0.1413
vn -0.9410 0.3070 0.1421
vn -0.9626 0.2298 0.1433
vn -0.9883 0.0372 0.1476
vn -0.6964 -0.7105 0.1014
vn -0.8626 0.0574 0.5025
vn -0.4128 0.0230 0.9105
vn -0.4757 0.0553 0.8779
vn -0.9886 0.0460 0.1431
vn -0.9864 0.0763 0.1454
vn -0.7220 0.6839 0.1046
vn -0.6758 0.7291 0.1084
vn -0.9769 0.1551 0.1467
vn -0.9729 -0.1963 0.1220
vn -0.9832 0.0995 0.1529
vn -0.7500 0.6521 0.1108
vn -0.6323 0.7702 0.0840
vn -0.6151 0.7811 0.1074
vn -0.9070 0.1048 -0.4078
vn -0.8409 0.1382 -0.5233
vn -0.8324 0.1436 0.5353
vn -0.8805 0.0966 -0.4641
vn -0.9887 0.0032 0.1497
vn -0.8375 -0.5329 0.1213
vn -0.9847 -0.1210 0.1258
vn -0.8135 0.5651 0.1373
vn -0.6041 0.7936 0.0726
vn -0.6606 -0.7452 0.0915
vn -0.9860 0.0802 0.1461
vn -0.9834 0.0834 0.1609
vn -0.9080 0.4186 0.0200
vn -0.5799 -0.8109 0.0786
vn -0.8799 0.4362 0.1882
vn -0.8940 -0.4253 0.1414
vn -0.8221 0.5575 0.1153
vn -0.9779 0.1578 0.1372
vn -0.9704 -0.1976 0.1392
vn -0.4794 -0.8747 0.0708
vn -0.6430 0.7607 0.0887
vn -0.3898 0.9193 0.0533
vn -0.7038 -0.7036 0.0977
vn -0.6863 -0.7199 0.1038
vn -0.9836 0.1128 0.1410
vn -0.9972 0.0583 -0.0478
vn -0.9970 0.0676 -0.0374
vn -0.9961 0.0493 -0.0734
vn -0.9855 0.1215 0.1182
vn -0.5500 0.0198 0.8349
vn -0.6180 0.0356 0.7853
vn -0.9915 0.0526 -0.1190
vn -0.9958 0.0544 -0.0737
vn -0.9665 -0.2146 0.1407
vn -0.9846 -0.0876 0.1513
vn -0.5174 -0.8530 0.0691
vn -0.9199 -0.3689 0.1333
vn -0.9894 0.0549 -0.1342
vn -0.9901 0.0308 -0.1371
vn -0.9895 0.0604 -0.1314
vn -0.9935 0.0736 -0.0873
vn -0.9897 -0.0434 0.1366
vn -0.8546 0.4637 -0.2336
vn -0.9640 0.2142 0.1577
vn -0.5587 0.8255 0.0798
vn -0.8360 -0.5360 0.1175
vn -0.8154 0.5701 0.1010
vn -0.9707 -0.0653 0.2314
vn -0.9515 0.3074 -0.0144
vn -0.6919 0.0669 -0.7189
vn -0.5938 0.0452 -0.8033
vn -0.7609 0.0581 -0.6462
vn -0.6678 0.0667 -0.7413
vn -0.9122 -0.3836 0.1437
vn -0.9209 0.3707 0.1204
vn -0.4459 0.1215 -0.8868
vn -0.8893 0.4404 0.1237
vn -0.8416 0.5268 0.1190
vn -0.8469 -0.3868 0.3649
vn -0.9808 0.1215 0.1525
vn -0.9695 -0.2012 0.1401
vn -0.5876 0.0524 0.8074
vn -0.6226 0.7793 0.0710
vn -0.4896 0.0181 0.8718
vn -0.1411 0.0153 0.9899
vn -0.5700 0.0358 0.8209
vn -0.0955 -0.9879 0.1219
vn -0.1177 -0.9928 0.0203
vn -0.1679 -0.9542 -0.2475
vn -0.2246 0.0553 -0.9729
vn -0.5044 0.0617 -0.8613
vn -0.1826 0.0233 -0.9829
vn -0.1932 0.0104 -0.9811
vn -0.1424 0.0032 -0.9898
vn -0.3199 -0.0151 -0.9473
vn -0.3461 0.3538 -0.8689
vn -0.3689 0.1170 -0.9221
vn -0.3978 -0.2912 -0.8701
vn -0.3034 -0.3629 -0.8810
vn -0.5861 0.4246 -0.6901
vn -0.1066 -0.9942 0.0142
vn -0.9879 0.0937 0.1239
vn -0.2058 -0.7373 -0.6435
vn -0.0335 0.0419 0.9986
vn 0.0754 0.0129 0.9971
vn 0.1491 -0.1594 0.9759
vn 0.1085 -0.0361 0.9934
vn 0.1488 -0.1776 0.9728
vn 0.0944 -0.0016 0.9955
vn -0.1444 -0.0000 -0.9895
vn -0.1424 0.0029 -0.9898
vn -0.1436 0.0013 -0.9896
vn -0.1428 0.0033 -0.9897
vn -0.1453 -0.0011 -0.9894
vn -0.1449 0.0028 -0.9894
vn -0.1481 0.0042 -0.9890
vn -0.1430 -0.0031 -0.9897
vn -0.1431 -0.0015 -0.9897
vn -0.1447 -0.0004 -0.9895
vn -0.1492 0.0047 -0.9888
vn -0.1470 -0.0012 -0.9891
vn -0.1312 -0.0357 -0.9907
vn -0.1452 0.0009 -0.9894
vn -0.1430 -0.0010 -0.9897
vn -0.1454 0.0013 -0.9894
vn -0.1317 -0.0151 -0.9912
vn -0.1866 0.0462 -0.9814
vn -0.1428 -0.0021 -0.9897
vn -0.1455 0.0037 -0.9894
vn -0.1454 0.0007 -0.9894
vn -0.1460 -0.0106 -0.9892
vn -0.1440 -0.0024 -0.9896
vn -0.1489 0.0013 -0.9889
vn 0.9893 -0.0003 -0.1460
vn 0.9895 -0.0002 -0.1447
vn 0.1453 -0.0023 0.9894
vn 0.1403 -0.0055 0.9901
vn 0.1429 -0.0068 0.9897
vn 0.1473 0.0048 0.9891
vn 0.0567 0.0457 0.9973
vn 0.1448 -0.0011 0.9895
vn 0.1444 -0.0019 0.9895
vn 0.1440 0.0026 0.9896
vn 0.1456 -0.0034 0.9893
vn 0.1402 0.0022 0.9901
vn 0.1426 -0.0023 0.9898
vn 0.1427 -0.0073 0.9897
vn 0.1826 -0.0630 0.9812
vn 0.1372 -0.0014 0.9905
vn 0.1421 -0.0005 0.9899
vn 0.1441 -0.0149 0.9894
vn 0.1415 0.0016 0.9899
vn 0.1479 -0.0112 0.9889
vn 0.9908 -0.0001 -0.1350
vn 0.9905 -0.0002 -0.1372
vn 0.9908 0.0001 -0.1353
vn -0.0032 -1.0000 -0.0003
vn 0.9896 -0.0080 -0.1439
vn 0.9896 -0.0078 -0.1439
vn 0.9896 0.0024 -0.1439
vn -0.5082 0.0192 -0.8610
vn -0.6998 0.0189 -0.7141
vn -0.5364 0.0183 -0.8438
vn -0.7531 0.0171 -0.6577
vn -0.9870 0.0138 -0.1602
vn -0.9769 0.0109 -0.2133
vn -0.7286 0.0156 -0.6848
vn -0.1251 0.0148 -0.9920
vn -0.2261 0.0138 -0.9740
vn -0.9645 0.0134 -0.2638
vn -0.1068 0.0140 -0.9942
vn -0.9624 0.0093 0.2714
vn -0.9819 0.0102 0.1893
vn -0.9951 0.0081 0.0987
vn -0.1578 -0.0014 0.9875
vn -0.4596 0.0011 0.8881
vn -0.4835 -0.0017 0.8753
vn -0.5363 0.0011 0.8440
vn -0.7103 -0.0014 0.7039
vn -0.9226 0.0058 0.3856
vn -0.1164 -0.0027 0.9932
vn -0.1036 -0.0023 0.9946
vn -0.6525 -0.0025 0.7578
vn -0.9546 0.0086 0.2977
vn -0.9929 0.0096 0.1187
vn -0.9953 0.0117 0.0964
vn -0.9457 0.0111 0.3247
vn -0.1540 -0.0014 0.9881
vn -0.2833 -0.0007 0.9590
vn -0.7033 -0.0012 0.7108
vn -0.6947 0.0015 0.7193
vn -0.1274 -0.0017 0.9919
vn -0.7278 -0.0013 0.6858
vn -0.9757 0.0073 0.2188
vn -0.4572 0.0016 0.8894
vn -0.1229 -0.0019 0.9924
vn -0.7369 0.0167 -0.6758
vn -0.9939 0.0102 -0.1094
vn -0.9576 -0.0093 -0.2879
vn -0.9422 0.0130 -0.3347
vn -0.9752 0.0123 -0.2211
vn -0.2284 0.0145 -0.9735
vn -0.5018 0.0192 -0.8648
vn -0.7015 0.0186 -0.7124
vn -0.5245 0.0178 -0.8512
vn -0.1333 0.0145 -0.9910
vn -0.1242 0.0142 -0.9922
vn -0.9935 0.0154 -0.1130
vn -0.7285 0.0146 -0.6849
vn -0.0877 -0.0126 -0.9961
vn -0.0315 0.0049 -0.9995
vn -0.0401 0.0082 -0.9992
vn -0.0342 0.0079 -0.9994
vn -0.0521 0.0124 -0.9986
vn -0.0394 -0.0428 -0.9983
vn -0.0814 0.0039 -0.9967
vn -0.0946 0.0201 -0.9953
vn -0.0940 0.0186 -0.9954
vn -0.0279 0.0103 -0.9996
vn -0.0307 0.0259 -0.9992
vn -0.0358 0.0203 -0.9992
vn -0.0432 0.0327 -0.9985
vn -0.8888 0.0742 -0.4522
vn -0.0655 0.0078 -0.9978
vn -0.0500 0.0043 -0.9987
vn -0.0490 0.0151 -0.9987
vn -0.0337 -0.0776 -0.9964
vn -0.0172 -0.1372 -0.9904
vn -0.2993 -0.1991 -0.9332
vn -0.4935 0.7180 -0.4908
vn -0.1044 0.1307 -0.9859
vn -0.5875 0.8077 -0.0495
vn -0.9294 0.3230 -0.1787
vn -0.3474 -0.0121 -0.9376
vn -0.9970 0.0093 -0.0767
vn -0.5344 0.8452 -0.0057
vn -0.5310 0.8473 -0.0062
vn -0.5028 0.8644 -0.0006
vn -0.5928 0.8054 -0.0021
vn -0.5181 0.8553 -0.0009
vn -0.9392 0.3333 -0.0825
vn -0.9725 0.2084 -0.1040
vn -0.9989 0.0130 -0.0440
vn -0.9996 0.0235 -0.0127
vn -0.9984 -0.0393 -0.0406
vn -0.9971 0.0615 -0.0455
vn -0.9964 -0.0008 -0.0843
vn -0.9980 0.0622 0.0093
vn -0.5016 0.8630 0.0597
vn -0.7721 0.6189 0.1441
vn -0.9951 0.0220 0.0962
vn -0.9972 -0.0745 -0.0040
vn -0.9893 0.1452 0.0159
vn -0.3516 0.1800 0.9187
vn -0.9810 -0.1939 0.0015
vn -0.9619 -0.2733 -0.0011
vn -0.8158 -0.5784 -0.0038
vn -0.6251 -0.7805 0.0011
vn -0.4442 0.8959 0.0039
vn -0.9631 0.0553 -0.2633
vn -0.8843 0.4444 -0.1429
vn -0.1817 0.9833 0.0102
vn -0.5437 0.8392 0.0080
vn -0.7142 0.7000 0.0057
vn -0.9894 0.1455 0.0034
vn -0.6008 0.7994 0.0002
vn -0.9982 0.0098 0.0591
vn -0.9794 0.1969 0.0445
vn -0.9922 0.1242 0.0079
vn -0.9017 -0.4324 -0.0088
vn -0.5134 0.8581 -0.0003
vn -0.2458 0.9693 -0.0073
vn -0.6657 0.7461 -0.0172
vn -0.9496 0.3132 -0.0112
vn -0.7005 0.7136 0.0087
vn -0.6000 0.7999 -0.0104
vn -0.9660 0.2498 -0.0668
vn -0.7033 0.0273 0.7104
vn -0.5388 0.0221 0.8421
vn -0.8639 0.0416 0.5019
vn -0.5406 0.0213 0.8410
vn -0.9906 0.0403 -0.1306
vn -0.7863 0.0403 -0.6165
vn -0.9871 0.1136 -0.1133
vn -0.4227 0.9062 -0.0056
vn -0.9898 0.1403 0.0225
vn -0.1264 0.9920 0.0057
vn -0.6365 0.0481 -0.7698
vn -0.6487 0.0592 -0.7588
vn -0.9996 -0.0002 -0.0284
vn -0.3450 0.9386 -0.0078
vn -0.4285 0.9035 -0.0034
vn -0.5936 0.8048 -0.0040
vn -0.4677 0.8839 -0.0067
vn 0.2707 0.9626 -0.0123
vn -0.6837 -0.7292 0.0281
vn -0.6227 -0.7823 0.0131
vn -0.7594 -0.6506 0.0008
vn -0.9860 -0.1669 0.0046
vn -0.9837 0.1798 0.0054
vn -0.4643 -0.8857 0.0049
vn -0.9949 0.0859 0.0523
vn -0.0191 0.9997 -0.0126
vn -0.8365 -0.5477 0.0169
vn -0.9935 0.1138 -0.0080
vn -0.6370 0.0230 0.7705
vn -0.6447 0.0166 0.7643
vn -0.9483 0.3138 -0.0469
vn -0.9994 0.0131 0.0329
vn -0.8009 0.0160 0.5986
vn -0.7506 0.0530 -0.6586
vn -0.9607 0.0398 0.2746
vn -0.9971 0.0574 -0.0493
vn -0.4300 0.0223 0.9026
vn -0.6094 0.0275 0.7924
vn -0.6228 0.0429 -0.7812
vn -0.6252 0.0424 -0.7793
vn -0.6712 0.0512 -0.7395
vn -0.6253 0.7804 0.0072
vn -0.8790 0.4742 0.0502
vn -0.3887 0.9213 0.0030
vn -0.9637 0.0533 -0.2615
vn -0.9428 -0.0040 -0.3333
vn -0.7305 0.6829 -0.0020
vn -0.9939 0.1008 -0.0437
vn -0.6346 0.7728 0.0067
vn -0.8189 0.0243 -0.5734
vn -0.9999 0.0078 -0.0076
vn -0.9711 -0.2386 -0.0025
vn -0.9939 0.0495 0.0986
vn -0.9467 0.3214 0.0210
vn 0.9106 0.4124 -0.0247
vn -0.9073 -0.4204 -0.0021
vn -0.8319 -0.5549 0.0026
vn -0.6276 -0.7785 0.0059
vn -0.9858 -0.1667 0.0212
vn -0.7790 -0.6270 -0.0036
vn -0.4694 -0.8830 0.0051
vn -0.8203 -0.5720 0.0013
vn -0.5252 0.8510 0.0036
vn -0.0328 -0.0194 0.9993
vn -0.0431 -0.0056 0.9991
vn -0.0325 -0.0337 0.9989
vn -0.0020 -0.0077 1.0000
vn -0.1299 -0.0039 0.9915
vn -0.0351 -0.0098 0.9993
vn -0.0291 -0.0127 0.9995
vn -0.0535 -0.0020 0.9986
vn -0.4102 0.0210 0.9118
vn -0.5740 0.0311 0.8183
vn -0.5761 0.0313 0.8168
vn -0.0515 0.0416 0.9978
vn -0.0514 -0.0037 0.9987
vn -0.0708 -0.0238 0.9972
vn -0.0431 0.0296 0.9986
vn -0.0460 0.0400 0.9981
vn -0.0514 0.0614 0.9968
vn -0.5199 0.8541 0.0130
vn -0.5430 0.8395 0.0175
vn -0.4498 0.6793 0.5799
vn -0.5320 0.8467 0.0089
vn -0.5131 0.8583 0.0054
vn -0.1850 0.1995 -0.9623
vn -0.9594 -0.0443 -0.2784
vn -0.8380 0.5081 -0.1988
vn -0.5128 0.8585 -0.0015
vn -0.9991 0.0424 0.0075
vn -0.9876 -0.0924 -0.1269
vn -0.9549 0.2635 -0.1367
vn -0.8479 0.5255 -0.0705
vn -0.9940 -0.0646 -0.0888
vn -0.9779 -0.2089 0.0053
vn -0.9864 -0.1640 0.0122
vn -0.9956 -0.0925 0.0112
vn -0.5823 0.8130 -0.0016
vn -0.5048 0.8632 0.0026
vn -0.5154 0.8566 0.0249
vn -0.5385 0.8213 0.1885
vn -0.9733 -0.2265 0.0371
vn -0.9992 -0.0387 0.0139
vn -0.8170 0.5757 -0.0328
vn -0.9762 -0.2134 0.0374
vn -0.9569 0.0882 0.2767
vn -0.9972 0.0720 0.0188
vn -0.8458 -0.2011 0.4941
vn -0.0780 0.0576 0.9953
vn -0.0840 0.0285 0.9961
vn -1.0000 -0.0036 -0.0084
vn -0.6291 0.7772 0.0127
vn -0.5991 0.8006 -0.0014
vn -0.9312 0.3645 -0.0051
vn -0.3423 0.9393 0.0240
vn -0.9940 0.0968 0.0506
vn -0.9913 -0.1318 -0.0048
vn -0.9941 0.1081 0.0002
vn -0.6272 -0.7788 -0.0061
vn -0.9877 -0.0420 0.1505
vn -0.4951 -0.8687 -0.0133
vn -0.6968 0.0184 0.7170
vn -0.6571 0.0299 0.7532
vn -0.7976 0.0405 0.6018
vn -0.9816 0.0668 0.1790
vn -0.7829 0.0347 -0.6212
vn -0.5312 0.0099 -0.8472
vn -0.5139 0.0087 -0.8578
vn -0.7319 -0.6664 -0.1422
vn -0.8039 0.0502 -0.5926
vn -0.9945 0.0933 -0.0470
vn -0.9995 0.0179 -0.0275
vn -0.9915 0.1154 0.0594
vn -0.8131 0.5821 -0.0030
vn -0.5377 0.8431 0.0009
vn -0.4036 0.9149 0.0014
vn -0.4731 0.8810 -0.0052
vn -0.6389 -0.7693 0.0041
vn -0.5237 -0.8519 -0.0002
vn -0.0406 -0.9992 -0.0008
vn -0.7099 -0.7043 -0.0013
vn -0.5863 -0.8101 0.0018
vn -0.9722 0.0809 0.2196
vn -0.4809 -0.8766 -0.0163
vn -0.7389 0.6737 0.0140
vn -0.6624 -0.7491 0.0054
vn -0.6386 -0.7694 0.0112
vn -0.4377 -0.8986 0.0306
vn -0.6047 0.0240 0.7961
vn -0.6956 0.0486 0.7168
vn -0.9773 0.0672 -0.2011
vn -0.6668 0.0846 0.7404
vn -0.9963 0.0529 0.0671
vn -0.7084 0.0342 -0.7050
vn -0.6895 0.0355 -0.7234
vn -0.9874 0.1495 0.0528
vn -0.6385 0.7696 -0.0043
vn -0.9855 0.1648 -0.0407
vn -0.2817 0.9595 -0.0059
vn -0.3611 0.9325 0.0055
vn -0.4913 -0.8709 -0.0147
vn -0.6478 -0.7618 0.0023
vn -0.5131 -0.8583 -0.0065
vn -0.9968 -0.0615 -0.0506
vn -0.7452 -0.6668 0.0072
vn -0.6128 -0.7901 0.0113
vn -0.7151 -0.6989 0.0145
vn -0.4681 0.8837 0.0045
vn -0.6731 0.7395 0.0117
vn -0.4364 0.8997 0.0044
vn -0.6865 -0.7269 0.0172
vn -0.5228 0.8524 0.0113
vn -0.9497 0.3131 -0.0023
vn -0.6062 0.7952 0.0143
vn -0.9956 0.0816 -0.0465
vn -0.2346 -0.9721 0.0036
vn -0.5887 -0.8083 0.0131
vn -0.9973 -0.0396 0.0615
vn -0.7097 0.0266 0.7040
vn -0.5908 0.0051 0.8068
vn -0.5999 0.0262 0.7996
vn -0.9204 0.0622 0.3859
vn -0.3662 0.0082 0.9305
vn -0.9037 0.0858 -0.4196
vn -0.6536 0.0533 -0.7550
vn -0.6087 0.0331 -0.7927
vn -0.9501 -0.1289 -0.2841
vn -0.5235 0.8520 0.0028
vn -0.4031 0.9151 0.0049
vn -0.9909 -0.1346 -0.0033
vn -0.5875 -0.8092 -0.0013
vn -0.9941 0.1085 0.0049
vn -0.7479 0.6638 0.0015
vn -0.7638 0.6454 0.0068
vn -0.7172 0.6968 0.0058
vn -0.9941 0.1084 0.0030
vn -0.9955 0.0950 0.0033
vn -0.9769 -0.2136 0.0024
vn -0.6376 0.7703 -0.0044
vn -0.8911 0.4539 0.0008
vn -0.6375 0.7704 -0.0047
vn -0.7663 0.6424 -0.0013
vn -0.5915 0.8063 -0.0005
vn -0.7683 -0.6401 0.0005
vn -0.7400 -0.6726 0.0072
vn -0.9791 0.1480 0.1397
vn -0.9999 0.0057 0.0110
vn -0.9775 -0.1282 -0.1677
vn -0.6754 0.7373 0.0115
vn -0.9930 0.1178 0.0051
vn -0.8907 0.4540 0.0226
vn -0.9954 -0.0613 0.0730
vn -0.9815 0.1834 0.0550
vn -0.9935 0.1137 0.0013
vn -0.9927 0.1202 0.0056
vn -0.9877 0.1431 0.0631
vn -0.6743 -0.7383 0.0152
vn -0.6035 0.0382 0.7965
vn -0.5411 0.0333 0.8403
vn -0.3087 0.0289 0.9507
vn -0.3056 0.0292 0.9517
vn -0.7349 -0.6781 0.0074
vn -0.8831 -0.4692 0.0025
vn -0.5976 -0.8018 -0.0019
vn -0.6908 0.7230 -0.0011
vn -0.8022 0.5970 -0.0053
vn -0.8549 0.5185 -0.0177
vn -0.9998 -0.0203 0.0015
vn -0.7756 0.6313 -0.0033
vn -0.9216 0.3880 0.0054
vn -0.9676 0.2525 -0.0088
vn -0.9820 -0.1885 -0.0100
vn -0.9397 0.3421 -0.0021
vn -0.8674 -0.4977 -0.0019
vn -0.8655 -0.5009 0.0027
vn -0.9998 0.0041 0.0172
vn -0.9987 0.0421 0.0303
vn -0.9144 -0.4048 0.0078
vn -0.9022 -0.4310 0.0133
vn -0.6826 0.7304 0.0240
vn -0.8930 0.4492 0.0269
vn -0.8409 0.5411 -0.0032
vn -0.8620 0.5066 0.0174
vn -0.6138 -0.7894 0.0042
vn -0.8775 -0.4617 0.1296
vn -0.6793 0.7339 0.0026
vn -0.8428 0.5383 -0.0046
vn -0.8773 0.4800 -0.0009
vn -0.9940 0.1089 0.0001
vn -0.9938 -0.1109 -0.0007
vn -0.9986 -0.0537 0.0041
vn -0.9499 0.3127 0.0042
vn -0.9517 0.3069 0.0096
vn -0.8463 0.5326 0.0066
vn -0.9904 0.1382 -0.0008
vn -0.5698 0.8076 -0.1522
vn -0.9736 0.2279 0.0089
vn -0.9923 0.1236 0.0087
vn -0.9993 0.0365 0.0118
vn -0.9995 0.0293 0.0122
vn -0.9981 0.0456 0.0418
vn -0.9952 -0.0974 0.0028
vn -0.9831 0.1831 0.0025
vn -0.7043 -0.7098 0.0118
vn -0.9886 0.1332 0.0699
vn -0.7887 -0.5621 0.2491
vn -0.7038 -0.7104 0.0047
vn -0.9952 0.0975 -0.0127
vn -0.6858 0.7278 -0.0011
vn -0.9541 0.2992 0.0083
vn -0.9437 0.3306 -0.0060
vn -0.9959 0.0890 0.0188
vn -0.6019 0.0265 0.7981
vn -0.6642 0.0335 0.7468
vn -0.8875 0.0552 0.4575
vn -0.4852 0.0015 0.8744
vn -0.5217 -0.0147 0.8530
vn -0.9971 -0.0230 0.0726
vn -0.6645 0.0264 0.7468
vn -0.4528 0.0204 0.8914
vn -0.4483 0.0194 0.8937
vn -0.9952 0.0977 0.0017
vn -0.8912 0.4532 0.0198
vn -0.0059 -0.1419 0.9899
vn -0.5175 0.0461 0.8544
vn -0.5037 0.0471 0.8626
vn -0.6027 0.0536 0.7962
vn -0.9830 0.1733 0.0614
vn -0.9976 0.0401 0.0556
vn -0.9970 0.0764 0.0082
vn -0.6164 0.7874 0.0075
vn -0.7171 0.6969 0.0107
vn -0.6961 0.7180 0.0018
vn -0.9879 0.1548 0.0122
vn -0.9826 0.1851 0.0124
vn -0.6554 0.0528 -0.7535
vn -0.4378 0.0619 -0.8969
vn -0.5717 0.0456 -0.8192
vn -0.9826 -0.1707 -0.0736
vn -0.9884 0.1439 -0.0485
vn -0.6475 0.0646 -0.7593
vn -0.6589 0.0728 -0.7487
vn -0.9936 0.1124 0.0094
vn -0.9454 -0.3259 0.0038
vn -0.7369 -0.6760 0.0093
vn -1.0000 0.0013 0.0062
vn -0.9536 0.3011 0.0017
vn -0.9948 0.0991 -0.0230
vn -0.7585 0.6516 0.0072
vn -0.6379 0.7701 -0.0029
vn -0.7071 -0.7071 0.0070
vn -0.4236 0.9058 0.0121
vn -0.6483 0.7614 -0.0021
vn -0.7309 0.6825 -0.0004
vn -0.9935 0.1138 0.0023
vn -0.9941 0.1085 0.0034
vn -0.7862 0.0970 -0.6103
vn -0.6853 0.1211 -0.7181
vn -0.8563 0.1370 0.4980
vn -0.4694 0.0642 -0.8807
vn -0.5151 0.0749 -0.8539
vn -0.7374 0.0722 -0.6716
vn -0.9986 0.0473 -0.0225
vn -0.8016 0.5979 -0.0034
vn -0.9999 0.0080 0.0094
vn -0.7156 0.6984 0.0130
vn -0.9971 -0.0756 0.0034
vn -0.7693 -0.6388 -0.0053
vn -0.9973 -0.0349 -0.0647
vn -0.9931 0.1147 -0.0262
vn -0.8627 0.5055 0.0132
vn -0.8390 -0.5440 0.0098
vn -0.8764 0.4805 0.0327
vn -0.8451 0.5347 -0.0005
vn -0.6157 0.7878 -0.0157
vn -0.9748 0.2232 0.0015
vn -0.9925 -0.1216 -0.0101
vn -0.9811 0.1922 0.0202
vn -0.8328 0.5530 -0.0255
vn -0.6032 0.7976 0.0092
vn -0.9845 0.1753 0.0074
vn -0.8635 0.5040 0.0185
vn -0.9434 -0.3315 0.0092
vn -0.9927 0.1165 0.0318
vn -0.9972 0.0747 -0.0011
vn -0.6653 -0.7466 -0.0026
vn -0.9766 -0.2145 0.0131
vn -0.9967 0.0802 0.0094
vn -0.9996 -0.0279 0.0038
vn -0.9963 0.0845 0.0153
vn -0.9631 0.2597 0.0709
vn -0.8990 0.4171 -0.1339
vn -0.9558 0.2919 0.0346
vn -0.9347 0.3550 0.0161
vn -0.7421 0.6699 0.0214
vn -0.9579 0.2855 0.0310
vn -0.6559 0.7548 0.0066
vn -0.8576 0.5141 -0.0138
vn -0.8410 -0.5410 0.0036
vn -0.6673 -0.7448 0.0073
vn -0.5771 -0.8167 0.0016
vn -0.7360 -0.6769 -0.0056
vn -0.6808 -0.7325 0.0043
vn -0.8987 0.4344 0.0600
vn -0.9119 0.4103 -0.0098
vn -0.9053 -0.4244 0.0167
vn -0.8997 -0.4364 0.0052
vn -0.9901 0.1402 0.0033
vn -0.8504 0.4162 -0.3217
vn -0.9995 0.0284 0.0124
vn -0.9979 -0.0639 0.0116
vn -0.8331 0.5530 0.0071
vn -0.9509 0.3095 0.0040
vn -0.9914 -0.1310 0.0071
vn -0.8812 -0.4727 0.0024
vn -0.8605 0.5094 -0.0009
vn -0.8301 0.5576 0.0003
vn -0.9868 0.1619 0.0070
vn -0.4849 -0.8745 0.0086
vn -0.6953 -0.7187 -0.0033
vn -0.7226 -0.6913 0.0082
vn -0.9781 -0.2080 0.0074
vn -0.9891 -0.1468 0.0083
vn -0.9862 -0.1656 0.0092
vn -0.4811 -0.8765 0.0128
vn -0.2699 -0.9628 0.0092
vn -0.5283 -0.8491 0.0026
vn -0.2042 -0.9789 -0.0014
vn -0.6680 0.7441 0.0008
vn -0.8249 0.5652 -0.0082
vn -0.3959 0.9182 0.0115
vn -0.9674 0.2533 0.0040
vn -0.9665 0.2565 0.0076
vn -0.9980 0.0627 0.0040
vn -0.9973 0.0740 0.0029
vn -0.3868 0.9222 0.0009
vn -0.7667 0.6417 -0.0174
vn -0.7067 0.7071 -0.0250
vn -0.1995 0.9799 -0.0085
vn -0.1748 0.9846 -0.0047
vn -0.4937 -0.8695 0.0113
vn -0.7202 -0.6938 0.0022
vn -0.6941 -0.7198 0.0140
vn -0.9760 -0.2177 0.0033
vn -0.6784 -0.7345 0.0154
vn -0.9883 -0.1524 0.0041
vn -0.9920 -0.1262 0.0021
vn -0.2029 -0.9792 0.0075
vn -0.5096 -0.8604 0.0037
vn -0.2044 -0.9789 0.0044
vn -0.1781 -0.9840 0.0011
vn -0.7174 0.6966 0.0055
vn -0.6692 0.7424 0.0306
vn -0.2875 -0.3437 0.8940
vn -0.9607 0.2776 0.0053
vn -0.9589 0.2835 0.0084
vn -0.9955 0.0948 0.0048
vn -0.7929 0.6076 -0.0462
vn -0.2933 0.9559 -0.0143
vn -0.4354 0.9002 0.0048
vn -0.4764 0.8792 -0.0046
vn -0.8096 0.5867 -0.0152
vn -0.9936 0.1128 0.0035
vn -0.9699 0.0460 -0.2393
vn -0.9712 0.0508 -0.2327
vn -0.9548 0.0546 -0.2922
vn -0.9554 0.0577 -0.2898
vn -0.9633 0.0307 -0.2668
vn -0.9496 0.0705 -0.3054
vn -0.9693 0.0599 -0.2383
vn -0.9606 0.0530 -0.2727
vn -0.9948 0.0943 0.0392
vn -0.3651 0.9310 -0.0026
vn -0.9682 0.0778 -0.2376
vn -0.9648 0.0442 -0.2591
vn -0.9949 0.0989 0.0203
vn -0.9743 0.0598 -0.2171
vn -0.9501 0.3119 0.0095
vn -0.9636 -0.2670 -0.0087
vn -0.9635 0.0544 -0.2620
vn -0.9917 -0.1281 0.0066
vn -0.9523 0.0593 -0.2992
vn -0.9583 0.0271 -0.2845
vn -0.5877 -0.8091 0.0060
vn -0.7087 0.7050 0.0260
vn -0.9997 -0.0244 0.0035
vn -0.5125 -0.8587 -0.0022
vn -0.9938 -0.0963 0.0562
vn -0.9513 -0.3072 0.0263
vn -0.5769 0.0172 0.8166
vn -0.6195 0.0301 0.7844
vn -0.6485 0.0198 0.7609
vn -0.9991 -0.0375 0.0199
vn -0.6671 0.0271 0.7445
vn -0.9976 0.0452 0.0524
vn -0.9942 0.0492 0.0954
vn -0.5997 0.0457 -0.7989
vn -0.7413 0.0412 -0.6699
vn -0.6346 0.0465 -0.7715
vn -0.8406 0.0472 -0.5395
vn -0.9932 -0.1012 -0.0583
vn -0.9950 0.0960 -0.0283
vn -0.9987 0.0463 0.0214
vn -0.9821 0.0512 -0.1813
vn -0.9111 0.4119 0.0163
vn -0.4202 0.9074 0.0046
vn -0.6778 0.7352 -0.0075
vn -0.9915 0.1301 -0.0021
vn -0.9765 0.0502 -0.2094
vn -0.7085 -0.7051 -0.0285
vn -0.9737 -0.2277 0.0057
vn -0.9960 -0.0880 0.0137
vn -0.8700 0.4927 0.0169
vn -0.9972 0.0742 0.0121
vn -0.7152 -0.6989 0.0001
vn -0.5133 -0.8581 0.0133
vn -0.9763 0.0654 -0.2064
vn -0.9843 0.0324 -0.1736
vn -0.9288 -0.3705 0.0035
vn -0.9729 0.0544 -0.2247
vn -0.9810 0.0312 -0.1915
vn -0.9791 0.0550 -0.1961
vn -0.9753 0.0744 -0.2081
vn -0.9780 0.0777 -0.1938
vn -0.9863 0.0256 -0.1632
vn -0.9716 0.0719 -0.2254
vn -0.9844 0.0448 -0.1701
vn -0.9670 0.0725 -0.2443
vn -0.9778 0.0402 -0.2058
vn -0.9786 0.0332 -0.2031
vn -0.9611 0.0437 -0.2726
vn -0.9989 -0.0459 -0.0026
vn -0.9643 0.0620 -0.2576
vn -0.9838 -0.1791 -0.0013
vn -0.4819 0.0285 -0.8758
vn -0.4904 0.0276 -0.8711
vn -0.7923 0.4609 -0.3998
vn -0.9769 0.2121 0.0244
vn -0.9924 0.1141 0.0466
vn -0.7802 0.6253 0.0143
vn -0.5817 0.8133 0.0153
vn -0.9411 -0.2867 -0.1790
vn -0.9936 0.0992 -0.0536
vn -0.8602 -0.5099 0.0056
vn -0.8321 -0.5547 -0.0019
vn -0.8088 0.5878 -0.0154
vn -0.9860 -0.0427 0.1611
vn -0.9668 0.2373 0.0949
vn -0.6283 0.7780 -0.0053
vn -0.9350 0.2885 -0.2063
vn -0.4959 0.0566 -0.8666
vn -0.3969 0.0375 -0.9171
vn -0.5830 0.0562 -0.8105
vn -0.9056 0.4031 -0.1319
vn -0.4724 0.0560 -0.8796
vn -0.9776 -0.1211 -0.1721
vn -0.9742 -0.2254 0.0139
vn -0.9180 -0.3959 0.0225
vn -0.7231 -0.6905 0.0205
vn -0.9980 0.0123 -0.0620
vn -0.9626 -0.1845 0.1986
vn -0.4738 0.0565 -0.8788
vn -0.9303 0.3658 -0.0256
vn -0.6891 0.7228 -0.0520
vn -0.4446 0.1503 -0.8830
vn -0.6189 0.7852 -0.0202
vn -0.8907 0.4546 -0.0014
vn -0.8758 -0.4825 0.0159
vn -0.9702 0.1561 0.1853
vn -0.6798 -0.7334 0.0087
vn -0.9779 -0.1198 0.1715
vn -0.8446 0.5328 0.0526
vn -0.8958 0.4445 -0.0074
vn -0.8448 0.5350 -0.0008
vn -0.9344 -0.3114 0.1731
vn -0.7300 -0.6833 0.0134
vn -0.8706 -0.4020 0.2835
vn -0.9990 -0.0332 0.0291
vn -0.8453 0.5342 0.0109
vn -0.9924 0.0988 0.0735
vn -0.9979 -0.0645 0.0005
vn -0.9900 0.1410 -0.0006
vn -0.9900 0.1406 -0.0069
vn -0.9666 0.2563 -0.0057
vn -0.7745 0.6322 0.0221
vn -0.9710 0.2386 0.0148
vn -0.9918 0.1280 0.0002
vn -0.8777 0.4764 0.0519
vn -0.9796 -0.2007 0.0042
vn -0.9971 -0.0766 0.0012
vn -0.9634 0.2678 0.0106
vn -0.7772 0.6292 0.0106
vn -0.8100 0.5864 -0.0066
vn -0.6073 0.0445 0.7932
vn -0.5349 0.0265 0.8445
vn -0.5130 0.0273 0.8580
vn -0.9930 0.0959 0.0693
vn -0.6432 -0.7654 0.0216
vn -0.6888 0.7249 -0.0018
vn -0.6087 0.7934 0.0011
vn -0.6088 0.0219 0.7930
vn -0.5339 0.0138 0.8454
vn -0.4590 0.0193 0.8882
vn -0.5148 0.0160 0.8571
vn -0.4746 0.0243 0.8799
vn -0.2890 -0.0037 0.9573
vn -0.3765 -0.0254 0.9261
vn -0.5998 0.0287 0.7996
vn -0.2844 0.0367 0.9580
vn -0.9897 -0.0121 0.1424
vn -0.9884 0.1481 0.0329
vn -0.1153 -0.9932 0.0184
vn -0.1108 -0.9838 0.1408
vn -0.1198 -0.9928 0.0039
vn -0.1117 -0.9855 0.1276
vn -0.1195 -0.9928 0.0006
vn -0.0744 -0.3966 -0.9150
vn -0.1279 -0.9533 -0.2737
vn -0.0598 0.0214 -0.9980
vn -0.0299 0.0171 -0.9994
vn -0.0202 0.0089 -0.9998
vn -0.0641 0.0338 -0.9974
vn -0.3557 0.0550 -0.9330
vn -0.6025 0.0790 -0.7942
vn 0.1096 -0.0014 -0.9940
vn -0.0075 0.0195 -0.9998
vn -0.0204 -0.0106 -0.9997
vn -0.0186 0.0079 -0.9998
vn -0.0399 0.0107 -0.9991
vn -0.0242 0.0607 -0.9979
vn -0.0171 0.0154 -0.9997
vn -0.0041 0.0023 -1.0000
vn -0.0332 -0.0070 -0.9994
vn -0.1500 -0.0120 -0.9886
vn -0.1842 0.2901 -0.9391
vn -0.1669 0.0985 -0.9810
vn -0.4261 0.5965 -0.6802
vn -0.0547 -0.0359 -0.9979
vn -0.0333 -0.0292 -0.9990
vn -0.2251 -0.2382 -0.9448
vn -0.1745 -0.2836 -0.9429
vn -0.5411 0.1160 -0.8330
vn -0.1510 -0.0793 -0.9853
vn -0.4193 0.3660 -0.8308
vn -0.1058 -0.9286 0.3556
vn -0.0624 -0.3216 0.9448
vn -0.0930 -0.9957 -0.0011
vn -0.1084 -0.9941 0.0014
vn -0.3287 -0.9444 0.0064
vn -0.0353 -0.0052 0.9994
vn -0.9933 0.0903 -0.0723
vn -0.9871 0.0868 0.1342
vn -0.1035 -0.6565 -0.7472
vn -0.1068 0.0046 0.9943
vn -0.0492 0.0102 0.9987
vn -0.0107 0.0185 0.9998
vn 0.0118 -0.1287 0.9916
vn -0.0256 -0.0173 0.9995
vn 0.0129 -0.1459 0.9892
vn 0.0118 -0.1417 0.9898
vn -0.0337 -0.0019 0.9994
vn -0.0294 -0.0076 0.9995
vn -0.0544 0.0087 0.9985
vn -0.0294 -0.0033 0.9996
vn -0.0066 -0.0000 -1.0000
vn -0.0071 -0.0005 -1.0000
vn -0.0067 -0.0002 -1.0000
vn -0.0052 0.0018 -1.0000
vn -0.0060 0.0004 -1.0000
vn -0.0055 0.0010 -1.0000
vn -0.0054 0.0022 -1.0000
vn -0.0060 -0.0000 -1.0000
vn -0.0077 0.0004 -1.0000
vn -0.0094 0.0038 -0.9999
vn -0.0059 -0.0005 -1.0000
vn -0.0184 0.0047 -0.9998
vn -0.0064 -0.0001 -1.0000
vn -0.0095 0.0032 -0.9999
vn -0.0054 -0.0024 -1.0000
vn -0.0055 -0.0015 -1.0000
vn -0.0062 0.0089 -0.9999
vn -0.0069 0.0011 -1.0000
vn -0.0066 -0.0002 -1.0000
vn -0.0098 0.0032 -0.9999
vn -0.0105 0.0038 -0.9999
vn -0.0088 -0.0007 -1.0000
vn 0.0018 -0.0223 -0.9997
vn -0.0071 0.0006 -1.0000
vn -0.0064 -0.0000 -1.0000
vn -0.0077 0.0005 -1.0000
vn -0.0058 -0.0005 -1.0000
vn -0.0057 -0.0010 -1.0000
vn -0.0017 0.0151 -0.9999
vn -0.0054 -0.0026 -1.0000
vn -0.0072 -0.0022 -1.0000
vn -0.0069 0.0006 -1.0000
vn -0.0157 0.0017 -0.9999
vn -0.0197 0.0159 -0.9997
vn -0.0406 0.0367 -0.9985
vn -0.0050 -0.0022 -1.0000
vn -0.0047 -0.0014 -1.0000
vn -0.0073 0.0029 -1.0000
vn -0.0073 0.0011 -1.0000
vn -0.0078 -0.0084 -0.9999
vn -0.0062 -0.0017 -1.0000
vn -0.0100 0.0009 -0.9999
vn -0.0472 0.0066 -0.9989
vn -0.0709 0.0134 -0.9974
vn 0.9999 0.0002 -0.0108
vn 0.9999 -0.0000 -0.0116
vn 1.0000 -0.0002 -0.0084
vn 1.0000 -0.0002 -0.0071
vn 0.0068 0.0005 1.0000
vn 0.0055 -0.0001 1.0000
vn 0.0059 -0.0000 1.0000
vn 0.0083 0.0005 1.0000
vn 0.0062 0.0006 1.0000
vn 0.0049 -0.0003 1.0000
vn 0.0066 0.0041 1.0000
vn 0.0071 -0.0017 1.0000
vn 0.0092 0.0043 0.9999
vn 0.0062 -0.0000 1.0000
vn -0.0028 -0.0233 0.9997
vn 0.0018 0.0023 1.0000
vn -0.0634 0.0363 0.9973
vn 0.0066 -0.0006 1.0000
vn 0.0048 0.0021 1.0000
vn 0.0069 -0.0022 1.0000
vn 0.0043 0.0017 1.0000
vn 0.0024 0.0033 1.0000
vn 0.0042 0.0065 1.0000
vn 0.0076 -0.0030 1.0000
vn 0.0052 0.0002 1.0000
vn 0.0055 0.0001 1.0000
vn -0.0000 -0.0032 1.0000
vn 0.0046 0.0004 1.0000
vn 0.0052 0.0001 1.0000
vn -0.0104 0.0005 0.9999
vn 0.0038 0.0021 1.0000
vn 0.0026 0.0004 1.0000
vn -0.0187 -0.0022 0.9998
vn 0.0046 -0.0006 1.0000
vn 0.0046 -0.0057 1.0000
vn 0.0375 -0.0500 0.9980
vn 0.0022 -0.0000 1.0000
vn 0.0056 0.0017 1.0000
vn -0.1437 -0.1596 0.9767
vn 0.0061 -0.0017 1.0000
vn 0.0067 -0.0017 1.0000
vn 0.0043 -0.0030 1.0000
vn 0.0064 -0.0105 0.9999
vn 0.0036 0.0018 1.0000
vn -0.0000 0.0046 1.0000
vn 0.0093 -0.0089 0.9999
vn -0.0126 0.0025 0.9999
vn -0.0647 -0.0574 0.9963
vn 1.0000 -0.0004 -0.0008
vn 1.0000 -0.0001 0.0053
vn 1.0000 -0.0001 0.0017
vn 1.0000 -0.0000 0.0057
vn -0.0031 -1.0000 -0.0010
vn 0.0009 -1.0000 0.0008
vn -0.0057 -1.0000 -0.0003
vn 0.0003 -1.0000 -0.0004
vn 0.0006 -1.0000 -0.0007
vn 0.9999 -0.0080 -0.0060
vn 1.0000 -0.0079 -0.0060
vn 1.0000 0.0025 -0.0061
vn 1.0000 0.0026 -0.0061
vn -0.1252 0.0148 -0.9920
vn -0.4936 0.7180 -0.4908
vn -0.5345 0.8451 -0.0057
vn -0.5017 0.8630 0.0597
vn -0.3516 0.1799 0.9187
vn -0.9017 -0.4323 -0.0088
vn -0.8640 0.0416 0.5019
vn -0.9906 0.0402 -0.1306
vn -0.7506 0.0530 -0.6587
vn -0.6252 0.7804 0.0072
vn -0.8790 0.4743 0.0502
vn -0.9467 0.3214 0.0211
vn 0.9107 0.4124 -0.0247
vn -0.0325 -0.0338 0.9989
vn -0.0430 0.0296 0.9986
vn -0.9762 -0.2134 0.0375
vn -0.9963 0.0529 0.0672
vn -0.6129 -0.7901 0.0113
vn -0.4365 0.8997 0.0044
vn -0.9930 0.1177 0.0051
vn -0.9877 0.1432 0.0631
vn -0.5977 -0.8018 -0.0019
vn -0.8022 0.5970 -0.0054
vn -0.9517 0.3069 0.0094
vn -0.9993 0.0366 0.0118
vn -0.6018 0.0265 0.7982
vn -0.9952 0.0976 0.0018
vn -0.7309 0.6824 -0.0004
vn -0.9434 -0.3317 0.0092
vn -0.9766 -0.2144 0.0131
vn -0.9967 0.0804 0.0092
vn -0.8987 0.4344 0.0601
vn -0.8998 -0.4363 0.0053
vn -0.9509 0.3095 0.0039
vn -0.9913 -0.1311 0.0070
vn -0.5282 -0.8491 0.0026
vn -0.6784 -0.7346 0.0154
vn -0.9606 0.0531 -0.2727
vn -0.3652 0.9309 -0.0026
vn -0.9648 0.0442 -0.2592
vn -0.9501 0.3118 0.0095
vn -0.9583 0.0270 -0.2845
vn -0.9938 -0.0962 0.0562
vn -0.9791 0.0549 -0.1961
vn -0.0204 -0.0105 -0.9997
vn -0.0185 0.0079 -0.9998
vn -0.2252 -0.2382 -0.9448
vn -0.0930 -0.9957 -0.0012
vn -0.1068 0.0047 0.9943
vn -0.0492 0.0101 0.9987
vn -0.0337 -0.0018 0.9994
vn -0.0296 -0.0076 0.9995
vn -0.0055 0.0021 -1.0000
vn -0.0094 0.0036 -0.9999
vn -0.0184 0.0046 -0.9998
vn -0.0093 0.0031 -1.0000
vn -0.0054 -0.0025 -1.0000
vn -0.0102 0.0035 -0.9999
vn -0.0088 -0.0006 -1.0000
vn -0.0198 0.0159 -0.9997
vn -0.0047 -0.0015 -1.0000
vn -0.0061 -0.0016 -1.0000
vn -0.0097 0.0008 -1.0000
vn 1.0000 -0.0002 -0.0083
vn 0.0083 0.0006 1.0000
vn 0.0062 -0.0001 1.0000
vn 0.0068 -0.0008 1.0000
vn 0.0045 0.0026 1.0000
vn 0.0043 0.0018 1.0000
vn 0.0048 -0.0058 1.0000
vn 0.0034 0.0018 1.0000
vn -0.0126 0.0024 0.9999
vn 1.0000 0.0001 0.0050
vn 0.0001 -1.0000 -0.0001
f 1/1/1 2/1/2 3/1/3
f 4/1/4 5/1/5 6/1/6
f 7/1/7 8/1/8 2/1/2
f 4/1/4 1/1/1 9/1/9
f 1/1/1 7/1/7 2/1/2
f 9/1/9 1/1/1 3/1/3
f 10/1/10 4/1/4 9/1/9
f 4/1/4 10/1/10 5/1/5
f 2/1/2 8/1/8 11/1/11
f 12/1/12 13/1/13 14/1/14
f 15/1/15 16/1/16 17/1/17
f 18/1/18 17/1/17 19/1/19
f 18/1/18 15/1/15 17/1/17
f 12/1/12 20/1/20 13/1/13
f 20/1/20 12/1/12 16/1/16
f 19/1/19 21/1/21 22/1/22
f 19/1/19 23/1/23 21/1/21
f 17/1/17 23/1/23 19/1/19
f 20/1/20 16/1/16 15/1/15
f 24/1/24 25/1/25 26/1/26
f 27/1/27 24/1/24 26/1/26
f 28/1/28 29/1/29 30/1/30
f 31/1/31 32/1/32 33/1/33
f 30/1/30 31/1/31 33/1/33
f 30/1/30 29/1/29 31/1/31
f 24/1/24 34/1/34 25/1/25
f 24/1/24 35/1/35 28/1/28
f 24/1/24 27/1/27 35/1/35
f 28/1/28 35/1/35 29/1/29
f 31/1/31 36/1/36 32/1/32
f 37/1/37 38/1/38 39/1/39
f 40/1/40 41/1/41 37/1/37
f 40/1/40 37/1/37 42/1/42
f 43/1/43 44/1/44 45/1/45
f 42/1/42 43/1/43 45/1/45
f 44/1/44 46/1/46 47/1/47
f 37/1/37 41/1/41 48/1/48
f 37/1/37 48/1/48 38/1/38
f 37/1/37 43/1/43 42/1/42
f 43/1/43 49/1/49 44/1/44
f 49/1/49 46/1/46 44/1/44
f 50/1/50 51/1/51 52/1/52
f 51/1/51 53/1/53 52/1/52
f 52/1/52 54/1/54 55/1/55
f 54/1/54 52/1/52 53/1/53
f 53/1/53 56/1/56 54/1/54
f 57/1/57 56/1/56 53/1/53
f 57/1/57 53/1/53 58/1/58
f 51/1/51 59/1/59 53/1/53
f 59/1/59 60/1/60 61/1/61
f 53/1/53 59/1/59 62/1/62
f 53/1/53 62/1/62 58/1/58
f 63/1/63 58/1/58 62/1/62
f 59/1/59 61/1/61 62/1/62
f 62/1/62 61/1/61 64/1/64
f 65/1/65 62/1/62 64/1/64
f 66/1/66 62/1/62 65/1/65
f 64/1/64 61/1/61 67/1/67
f 67/1/67 61/1/61 68/1/68
f 69/1/69 65/1/65 64/1/64
f 70/1/70 71/1/71 72/1/72
f 72/1/72 71/1/71 73/1/73
f 73/1/73 74/1/74 75/1/75
f 76/1/76 77/1/77 78/1/78
f 72/1/72 79/1/79 70/1/70
f 80/1/80 79/1/79 72/1/72
f 79/1/79 81/1/81 78/1/78
f 76/1/76 78/1/78 81/1/81
f 75/1/75 82/1/82 73/1/73
f 75/1/75 83/1/83 82/1/82
f 84/1/84 75/1/75 85/1/85
f 73/1/73 82/1/82 80/1/80
f 80/1/80 82/1/82 83/1/83
f 80/1/80 72/1/72 73/1/73
f 84/1/84 83/1/83 75/1/75
f 86/1/86 84/1/84 85/1/85
f 87/1/87 84/1/84 86/1/86
f 88/1/88 80/1/80 83/1/83
f 84/1/84 88/1/88 83/1/83
f 86/1/86 85/1/85 89/1/89
f 80/1/80 81/1/81 79/1/79
f 90/1/90 81/1/81 80/1/80
f 90/1/90 80/1/80 91/1/91
f 87/1/87 92/1/92 84/1/84
f 91/1/91 80/1/80 88/1/88
f 93/1/93 87/1/87 86/1/86
f 92/1/92 88/1/88 84/1/84
f 94/1/94 87/1/87 93/1/93
f 95/1/95 90/1/90 91/1/91
f 94/1/94 92/1/92 87/1/87
f 91/1/91 88/1/88 92/1/92
f 92/1/92 95/1/95 91/1/91
f 86/1/86 96/1/96 93/1/93
f 97/1/97 98/1/98 99/1/99
f 100/1/100 101/1/101 102/1/102
f 100/1/100 103/1/103 101/1/101
f 104/1/104 102/1/102 105/1/105
f 104/1/104 100/1/100 102/1/102
f 106/1/106 98/1/98 107/1/107
f 108/1/108 97/1/97 99/1/99
f 109/1/109 105/1/105 110/1/110
f 98/1/98 111/1/111 99/1/99
f 106/1/106 111/1/111 98/1/98
f 108/1/108 110/1/110 97/1/97
f 112/1/112 103/1/103 100/1/100
f 104/1/104 105/1/105 109/1/109
f 113/1/113 106/1/106 114/1/114
f 115/1/115 106/1/106 113/1/113
f 109/1/109 110/1/110 108/1/108
f 116/1/116 117/1/117 118/1/118
f 119/1/119 109/1/109 108/1/108
f 120/1/120 121/1/121 122/1/122
f 120/1/120 122/1/122 119/1/119
f 120/1/120 119/1/119 108/1/108
f 121/1/121 123/1/123 122/1/122
f 124/1/124 123/1/123 121/1/121
f 125/1/125 111/1/111 115/1/115
f 126/1/126 127/1/127 128/1/128
f 129/1/129 123/1/123 124/1/124
f 129/1/129 124/1/124 130/1/130
f 130/1/130 118/1/118 129/1/129
f 131/1/131 118/1/118 130/1/130
f 132/1/132 133/1/133 117/1/117
f 134/1/134 132/1/132 117/1/117
f 134/1/134 117/1/117 135/1/135
f 136/1/136 132/1/132 134/1/134
f 137/1/137 138/1/138 139/1/139
f 127/1/127 140/1/140 137/1/137
f 141/1/141 127/1/127 126/1/126
f 137/1/137 140/1/140 142/1/142
f 143/1/143 118/1/118 131/1/131
f 141/1/141 140/1/140 127/1/127
f 138/1/138 137/1/137 142/1/142
f 144/1/144 136/1/136 134/1/134
f 116/1/116 135/1/135 117/1/117
f 145/1/145 131/1/131 139/1/139
f 146/1/146 140/1/140 141/1/141
f 138/1/138 145/1/145 139/1/139
f 143/1/143 116/1/116 118/1/118
f 147/1/147 148/1/148 143/1/143
f 149/1/149 140/1/140 146/1/146
f 150/1/150 143/1/143 131/1/131
f 131/1/131 145/1/145 150/1/150
f 151/1/151 143/1/143 150/1/150
f 151/1/151 147/1/147 143/1/143
f 152/1/152 153/1/153 154/1/154
f 147/1/147 155/1/155 148/1/148
f 153/1/153 155/1/155 156/1/156
f 156/1/156 155/1/155 147/1/147
f 156/1/156 154/1/154 153/1/153
f 157/1/157 152/1/152 158/1/158
f 159/1/159 152/1/152 154/1/154
f 160/1/160 161/1/161 162/1/162
f 163/1/163 160/1/160 162/1/162
f 164/1/164 165/1/165 166/1/166
f 167/1/167 163/1/163 162/1/162
f 167/1/167 162/1/162 165/1/165
f 166/1/166 157/1/157 158/1/158
f 168/1/168 166/1/166 158/1/158
f 166/1/166 168/1/168 169/1/169
f 170/1/170 166/1/166 169/1/169
f 171/1/171 172/1/172 173/1/173
f 174/1/174 175/1/175 176/1/176
f 171/1/171 177/1/177 172/1/172
f 178/1/178 177/1/177 171/1/171
f 177/1/177 178/1/178 179/1/179
f 164/1/164 166/1/166 170/1/170
f 180/1/180 160/1/160 163/1/163
f 169/1/169 175/1/175 170/1/170
f 176/1/176 179/1/179 178/1/178
f 174/1/174 176/1/176 178/1/178
f 164/1/164 167/1/167 165/1/165
f 181/1/181 178/1/178 171/1/171
f 170/1/170 175/1/175 174/1/174
f 152/1/152 159/1/159 158/1/158
f 115/1/115 111/1/111 106/1/106
f 182/1/182 183/1/183 184/1/184
f 185/1/185 183/1/183 182/1/182
f 186/1/186 183/1/183 187/1/187
f 187/1/187 183/1/183 188/1/188
f 188/1/188 183/1/183 189/1/189
f 189/1/189 183/1/183 185/1/185
f 189/1/189 185/1/185 190/1/190
f 191/1/191 189/1/189 192/1/192
f 188/1/188 189/1/189 191/1/191
f 193/1/193 194/1/194 195/1/195
f 194/1/194 187/1/187 188/1/188
f 196/1/196 187/1/187 194/1/194
f 196/1/196 194/1/194 193/1/193
f 196/1/196 193/1/193 197/1/197
f 198/1/198 196/1/196 197/1/197
f 195/1/195 194/1/194 188/1/188
f 199/1/199 200/1/200 201/1/201
f 202/1/202 200/1/200 199/1/199
f 203/1/203 202/1/202 199/1/199
f 204/1/204 205/1/205 206/1/206
f 206/1/206 207/1/207 204/1/204
f 208/1/208 209/1/209 210/1/210
f 209/1/209 205/1/205 210/1/210
f 211/1/211 207/1/207 206/1/206
f 205/1/205 209/1/209 212/1/212
f 211/1/211 206/1/206 205/1/205
f 212/1/212 211/1/211 205/1/205
f 213/1/213 214/1/214 215/1/215
f 202/1/202 216/1/216 200/1/200
f 207/1/207 203/1/203 199/1/199
f 217/1/217 207/1/207 218/1/218
f 217/1/217 203/1/203 207/1/207
f 219/1/219 218/1/218 207/1/207
f 220/1/220 209/1/209 208/1/208
f 208/1/208 215/1/215 221/1/221
f 222/1/222 207/1/207 211/1/211
f 209/1/209 220/1/220 212/1/212
f 222/1/222 211/1/211 212/1/212
f 223/1/223 222/1/222 212/1/212
f 212/1/212 220/1/220 223/1/223
f 219/1/219 207/1/207 222/1/222
f 224/1/224 222/1/222 223/1/223
f 224/1/224 219/1/219 222/1/222
f 225/1/225 208/1/208 221/1/221
f 226/1/226 223/1/223 220/1/220
f 225/1/225 220/1/220 208/1/208
f 225/1/225 226/1/226 220/1/220
f 226/1/226 219/1/219 224/1/224
f 226/1/226 224/1/224 223/1/223
f 214/1/214 221/1/221 215/1/215
f 218/1/218 219/1/219 227/1/227
f 228/1/228 227/1/227 219/1/219
f 226/1/226 228/1/228 219/1/219
f 229/1/229 225/1/225 221/1/221
f 230/1/230 231/1/231 232/1/232
f 230/1/230 233/1/233 231/1/231
f 234/1/234 232/1/232 235/1/235
f 235/1/235 236/1/236 237/1/237
f 235/1/235 237/1/237 238/1/238
f 238/1/238 234/1/234 235/1/235
f 230/1/230 232/1/232 234/1/234
f 236/1/236 239/1/239 237/1/237
f 240/1/240 234/1/234 238/1/238
f 241/1/241 240/1/240 238/1/238
f 241/1/241 242/1/242 240/1/240
f 243/1/243 242/1/242 241/1/241
f 244/1/244 245/1/245 246/1/246
f 245/1/245 247/1/247 246/1/246
f 242/1/242 243/1/243 244/1/244
f 245/1/245 244/1/244 243/1/243
f 246/1/246 247/1/247 248/1/248
f 249/1/249 248/1/248 247/1/247
f 249/1/249 247/1/247 250/1/250
f 251/1/251 252/1/252 249/1/249
f 253/1/253 254/1/254 255/1/255
f 254/1/254 256/1/256 255/1/255
f 250/1/250 251/1/251 249/1/249
f 257/1/257 258/1/258 259/1/259
f 259/1/259 260/1/260 257/1/257
f 261/1/261 251/1/251 250/1/250
f 250/1/250 247/1/247 261/1/261
f 258/1/258 262/1/262 259/1/259
f 263/1/263 254/1/254 253/1/253
f 263/1/263 253/1/253 252/1/252
f 263/1/263 252/1/252 251/1/251
f 264/1/264 260/1/260 259/1/259
f 247/1/247 260/1/260 265/1/265
f 265/1/265 260/1/260 264/1/264
f 261/1/261 247/1/247 265/1/265
f 264/1/264 266/1/266 265/1/265
f 267/1/267 251/1/251 268/1/268
f 268/1/268 251/1/251 261/1/261
f 268/1/268 269/1/269 270/1/270
f 268/1/268 270/1/270 267/1/267
f 271/1/271 269/1/269 268/1/268
f 272/1/272 269/1/269 273/1/273
f 274/1/274 275/1/275 276/1/276
f 275/1/275 277/1/277 278/1/278
f 273/1/273 269/1/269 271/1/271
f 279/1/279 280/1/280 281/1/281
f 276/1/276 272/1/272 282/1/282
f 282/1/282 272/1/272 273/1/273
f 280/1/280 279/1/279 283/1/283
f 284/1/284 280/1/280 283/1/283
f 285/1/285 284/1/284 283/1/283
f 277/1/277 275/1/275 286/1/286
f 274/1/274 287/1/287 275/1/275
f 286/1/286 275/1/275 288/1/288
f 289/1/289 282/1/282 280/1/280
f 287/1/287 288/1/288 275/1/275
f 290/1/290 286/1/286 288/1/288
f 284/1/284 289/1/289 280/1/280
f 282/1/282 274/1/274 276/1/276
f 291/1/291 292/1/292 293/1/293
f 294/1/294 295/1/295 285/1/285
f 296/1/296 274/1/274 282/1/282
f 282/1/282 289/1/289 296/1/296
f 285/1/285 295/1/295 284/1/284
f 297/1/297 298/1/298 274/1/274
f 296/1/296 297/1/297 274/1/274
f 299/1/299 300/1/300 301/1/301
f 302/1/302 300/1/300 299/1/299
f 299/1/299 301/1/301 298/1/298
f 299/1/299 298/1/298 297/1/297
f 303/1/303 300/1/300 302/1/302
f 304/1/304 303/1/303 305/1/305
f 303/1/303 302/1/302 305/1/305
f 293/1/293 304/1/304 305/1/305
f 292/1/292 306/1/306 307/1/307
f 306/1/306 292/1/292 291/1/291
f 308/1/308 293/1/293 305/1/305
f 305/1/305 309/1/309 308/1/308
f 291/1/291 293/1/293 308/1/308
f 308/1/308 309/1/309 310/1/310
f 311/1/311 312/1/312 313/1/313
f 314/1/314 312/1/312 311/1/311
f 315/1/315 314/1/314 311/1/311
f 316/1/316 317/1/317 318/1/318
f 319/1/319 320/1/320 321/1/321
f 322/1/322 316/1/316 318/1/318
f 322/1/322 323/1/323 316/1/316
f 324/1/324 325/1/325 326/1/326
f 327/1/327 313/1/313 324/1/324
f 328/1/328 315/1/315 311/1/311
f 326/1/326 325/1/325 323/1/323
f 329/1/329 319/1/319 321/1/321
f 330/1/330 326/1/326 323/1/323
f 331/1/331 320/1/320 332/1/332
f 324/1/324 326/1/326 330/1/330
f 327/1/327 311/1/311 313/1/313
f 333/1/333 328/1/328 311/1/311
f 321/1/321 320/1/320 331/1/331
f 334/1/334 327/1/327 324/1/324
f 335/1/335 323/1/323 322/1/322
f 330/1/330 323/1/323 335/1/335
f 334/1/334 324/1/324 330/1/330
f 336/1/336 337/1/337 330/1/330
f 338/1/338 339/1/339 337/1/337
f 336/1/336 338/1/338 337/1/337
f 340/1/340 341/1/341 342/1/342
f 343/1/343 344/1/344 345/1/345
f 346/1/346 341/1/341 344/1/344
f 343/1/343 347/1/347 344/1/344
f 348/1/348 345/1/345 349/1/349
f 350/1/350 351/1/351 352/1/352
f 353/1/353 349/1/349 354/1/354
f 355/1/355 356/1/356 357/1/357
f 358/1/358 359/1/359 360/1/360
f 358/1/358 361/1/361 359/1/359
f 355/1/355 361/1/361 358/1/358
f 357/1/357 362/1/362 363/1/363
f 358/1/358 356/1/356 355/1/355
f 364/1/364 365/1/365 366/1/366
f 367/1/367 364/1/364 366/1/366
f 368/1/368 369/1/369 357/1/357
f 367/1/367 366/1/366 369/1/369
f 368/1/368 357/1/357 363/1/363
f 370/1/370 371/1/371 372/1/372
f 371/1/371 370/1/370 373/1/373
f 372/1/372 359/1/359 361/1/361
f 374/1/374 372/1/372 371/1/371
f 375/1/375 376/1/376 377/1/377
f 378/1/378 377/1/377 376/1/376
f 379/1/379 332/1/332 380/1/380
f 381/1/381 348/1/348 349/1/349
f 346/1/346 344/1/344 347/1/347
f 331/1/331 332/1/332 379/1/379
f 380/1/380 382/1/382 379/1/379
f 382/1/382 380/1/380 340/1/340
f 383/1/383 348/1/348 381/1/381
f 346/1/346 342/1/342 341/1/341
f 384/1/384 353/1/353 354/1/354
f 385/1/385 352/1/352 351/1/351
f 353/1/353 381/1/381 349/1/349
f 386/1/386 381/1/381 353/1/353
f 387/1/387 350/1/350 365/1/365
f 383/1/383 381/1/381 386/1/386
f 364/1/364 387/1/387 365/1/365
f 353/1/353 383/1/383 386/1/386
f 387/1/387 351/1/351 350/1/350
f 360/1/360 356/1/356 358/1/358
f 368/1/368 367/1/367 369/1/369
f 372/1/372 374/1/374 359/1/359
f 388/1/388 371/1/371 373/1/373
f 371/1/371 388/1/388 389/1/389
f 390/1/390 375/1/375 377/1/377
f 375/1/375 390/1/390 389/1/389
f 340/1/340 342/1/342 382/1/382
f 343/1/343 345/1/345 348/1/348
f 383/1/383 343/1/343 348/1/348
f 391/1/391 331/1/331 379/1/379
f 392/1/392 331/1/331 391/1/391
f 393/1/393 394/1/394 395/1/395
f 395/1/395 394/1/394 391/1/391
f 391/1/391 394/1/394 392/1/392
f 396/1/396 383/1/383 353/1/353
f 385/1/385 351/1/351 384/1/384
f 353/1/353 384/1/384 396/1/396
f 396/1/396 384/1/384 383/1/383
f 397/1/397 383/1/383 384/1/384
f 398/1/398 399/1/399 384/1/384
f 399/1/399 397/1/397 384/1/384
f 400/1/400 362/1/362 356/1/356
f 400/1/400 356/1/356 360/1/360
f 401/1/401 360/1/360 359/1/359
f 400/1/400 360/1/360 401/1/401
f 402/1/402 400/1/400 401/1/401
f 403/1/403 404/1/404 405/1/405
f 406/1/406 364/1/364 367/1/367
f 407/1/407 405/1/405 406/1/406
f 407/1/407 367/1/367 368/1/368
f 407/1/407 368/1/368 363/1/363
f 407/1/407 406/1/406 367/1/367
f 363/1/363 405/1/405 407/1/407
f 403/1/403 405/1/405 363/1/363
f 378/1/378 408/1/408 377/1/377
f 359/1/359 374/1/374 401/1/401
f 330/1/330 337/1/337 334/1/334
f 389/1/389 388/1/388 375/1/375
f 375/1/375 388/1/388 376/1/376
f 376/1/376 388/1/388 373/1/373
f 357/1/357 356/1/356 362/1/362
f 354/1/354 385/1/385 384/1/384
f 409/1/409 410/1/410 411/1/411
f 412/1/412 413/1/413 410/1/410
f 414/1/414 415/1/415 416/1/416
f 414/1/414 416/1/416 417/1/417
f 418/1/418 419/1/419 420/1/420
f 421/1/421 422/1/422 423/1/423
f 424/1/424 425/1/425 426/1/426
f 424/1/424 426/1/426 417/1/417
f 425/1/425 411/1/411 426/1/426
f 427/1/427 410/1/410 409/1/409
f 427/1/427 412/1/412 410/1/410
f 425/1/425 409/1/409 411/1/411
f 428/1/428 422/1/422 421/1/421
f 423/1/423 422/1/422 429/1/429
f 423/1/423 429/1/429 417/1/417
f 428/1/428 421/1/421 430/1/430
f 428/1/428 430/1/430 431/1/431
f 428/1/428 431/1/431 432/1/432
f 431/1/431 418/1/418 433/1/433
f 427/1/427 434/1/434 412/1/412
f 424/1/424 417/1/417 429/1/429
f 432/1/432 431/1/431 433/1/433
f 435/1/435 436/1/436 437/1/437
f 419/1/419 438/1/438 420/1/420
f 420/1/420 438/1/438 439/1/439
f 440/1/440 436/1/436 435/1/435
f 441/1/441 418/1/418 420/1/420
f 442/1/442 443/1/443 444/1/444
f 441/1/441 433/1/433 418/1/418
f 445/1/445 441/1/441 446/1/446
f 433/1/433 441/1/441 445/1/445
f 447/1/447 440/1/440 435/1/435
f 447/1/447 448/1/448 440/1/440
f 449/1/449 450/1/450 451/1/451
f 449/1/449 451/1/451 452/1/452
f 453/1/453 449/1/449 452/1/452
f 453/1/453 452/1/452 454/1/454
f 455/1/455 448/1/448 447/1/447
f 456/1/456 448/1/448 455/1/455
f 457/1/457 458/1/458 459/1/459
f 460/1/460 458/1/458 457/1/457
f 461/1/461 458/1/458 462/1/462
f 462/1/462 458/1/458 460/1/460
f 463/1/463 454/1/454 452/1/452
f 459/1/459 460/1/460 457/1/457
f 464/1/464 465/1/465 463/1/463
f 465/1/465 466/1/466 463/1/463
f 463/1/463 466/1/466 454/1/454
f 465/1/465 464/1/464 467/1/467
f 468/1/468 469/1/469 470/1/470
f 471/1/471 472/1/472 473/1/473
f 468/1/468 474/1/474 469/1/469
f 474/1/474 471/1/471 469/1/469
f 442/1/442 444/1/444 475/1/475
f 476/1/476 442/1/442 475/1/475
f 477/1/477 443/1/443 442/1/442
f 476/1/476 475/1/475 456/1/456
f 456/1/456 475/1/475 448/1/448
f 478/1/478 445/1/445 446/1/446
f 478/1/478 446/1/446 479/1/479
f 480/1/480 450/1/450 481/1/481
f 482/1/482 450/1/450 449/1/449
f 453/1/453 482/1/482 449/1/449
f 483/1/483 453/1/453 454/1/454
f 483/1/483 482/1/482 453/1/453
f 462/1/462 484/1/484 461/1/461
f 464/1/464 461/1/461 484/1/484
f 464/1/464 484/1/484 485/1/485
f 483/1/483 454/1/454 486/1/486
f 467/1/467 466/1/466 465/1/465
f 485/1/485 467/1/467 464/1/464
f 486/1/486 454/1/454 466/1/466
f 487/1/487 474/1/474 468/1/468
f 488/1/488 468/1/468 489/1/489
f 487/1/487 468/1/468 488/1/488
f 490/1/490 459/1/459 473/1/473
f 490/1/490 460/1/460 459/1/459
f 490/1/490 473/1/473 472/1/472
f 472/1/472 471/1/471 474/1/474
f 491/1/491 490/1/490 472/1/472
f 488/1/488 489/1/489 492/1/492
f 477/1/477 479/1/479 443/1/443
f 493/1/493 450/1/450 482/1/482
f 482/1/482 494/1/494 493/1/493
f 455/1/455 447/1/447 480/1/480
f 494/1/494 482/1/482 495/1/495
f 455/1/455 476/1/476 456/1/456
f 450/1/450 493/1/493 481/1/481
f 455/1/455 480/1/480 481/1/481
f 495/1/495 483/1/483 486/1/486
f 495/1/495 482/1/482 483/1/483
f 486/1/486 466/1/466 467/1/467
f 496/1/496 474/1/474 487/1/487
f 496/1/496 472/1/472 474/1/474
f 491/1/491 472/1/472 496/1/496
f 426/1/426 414/1/414 417/1/417
f 478/1/478 479/1/479 477/1/477
f 497/1/497 498/1/498 499/1/499
f 500/1/500 501/1/501 502/1/502
f 500/1/500 503/1/503 501/1/501
f 503/1/503 500/1/500 504/1/504
f 503/1/503 497/1/497 505/1/505
f 503/1/503 504/1/504 497/1/497
f 505/1/505 497/1/497 499/1/499
f 499/1/499 506/1/506 507/1/507
f 499/1/499 498/1/498 506/1/506
f 508/1/508 509/1/509 510/1/510
f 511/1/511 512/1/512 513/1/513
f 511/1/511 513/1/513 514/1/514
f 511/1/511 510/1/510 512/1/512
f 511/1/511 515/1/515 510/1/510
f 515/1/515 508/1/508 510/1/510
f 509/1/509 516/1/516 517/1/517
f 509/1/509 508/1/508 516/1/516
f 516/1/516 518/1/518 517/1/517
f 516/1/516 519/1/519 518/1/518
f 520/1/520 521/1/521 522/1/522
f 523/1/523 524/1/524 525/1/525
f 523/1/523 525/1/525 526/1/526
f 524/1/524 523/1/523 527/1/527
f 527/1/527 520/1/520 524/1/524
f 527/1/527 528/1/528 520/1/520
f 520/1/520 528/1/528 521/1/521
f 521/1/521 529/1/529 522/1/522
f 521/1/521 530/1/530 529/1/529
f 531/1/531 532/1/532 533/1/533
f 534/1/534 535/1/535 536/1/536
f 532/1/532 537/1/537 538/1/538
f 535/1/535 534/1/534 539/1/539
f 531/1/531 537/1/537 532/1/532
f 534/1/534 540/1/540 539/1/539
f 540/1/540 531/1/531 539/1/539
f 531/1/531 540/1/540 541/1/541
f 534/1/534 536/1/536 542/1/542
f 541/1/541 537/1/537 531/1/531
f 543/1/543 544/1/544 545/1/545
f 546/1/546 547/1/547 548/1/548
f 549/1/549 550/1/550 547/1/547
f 551/1/551 547/1/547 546/1/546
f 552/1/552 553/1/553 554/1/554
f 555/1/555 556/1/556 557/1/557
f 551/1/551 549/1/549 547/1/547
f 558/1/558 548/1/548 544/1/544
f 558/1/558 546/1/546 548/1/548
f 559/1/559 552/1/552 554/1/554
f 556/1/556 560/1/560 557/1/557
f 561/1/561 543/1/543 545/1/545
f 555/1/555 561/1/561 545/1/545
f 562/1/562 560/1/560 556/1/556
f 558/1/558 544/1/544 543/1/543
f 555/1/555 557/1/557 561/1/561
f 563/1/563 564/1/564 565/1/565
f 566/1/566 552/1/552 559/1/559
f 561/1/561 565/1/565 543/1/543
f 567/1/567 565/1/565 561/1/561
f 568/1/568 564/1/564 563/1/563
f 568/1/568 563/1/563 569/1/569
f 567/1/567 563/1/563 565/1/565
f 570/1/570 571/1/571 572/1/572
f 572/1/572 568/1/568 573/1/573
f 573/1/573 568/1/568 569/1/569
f 572/1/572 573/1/573 570/1/570
f 574/1/574 575/1/575 571/1/571
f 574/1/574 571/1/571 570/1/570
f 576/1/576 575/1/575 574/1/574
f 577/1/577 578/1/578 579/1/579
f 577/1/577 579/1/579 580/1/580
f 581/1/581 578/1/578 582/1/582
f 583/1/583 584/1/584 585/1/585
f 586/1/586 584/1/584 583/1/583
f 587/1/587 584/1/584 586/1/586
f 588/1/588 589/1/589 590/1/590
f 591/1/591 577/1/577 580/1/580
f 584/1/584 592/1/592 589/1/589
f 589/1/589 592/1/592 593/1/593
f 590/1/590 589/1/589 593/1/593
f 594/1/594 580/1/580 575/1/575
f 576/1/576 594/1/594 575/1/575
f 595/1/595 582/1/582 578/1/578
f 595/1/595 578/1/578 577/1/577
f 591/1/591 580/1/580 594/1/594
f 596/1/596 588/1/588 590/1/590
f 596/1/596 574/1/574 588/1/588
f 574/1/574 596/1/596 576/1/576
f 596/1/596 594/1/594 576/1/576
f 597/1/597 598/1/598 596/1/596
f 598/1/598 594/1/594 596/1/596
f 599/1/599 600/1/600 597/1/597
f 597/1/597 600/1/600 598/1/598
f 601/1/601 602/1/602 603/1/603
f 599/1/599 603/1/603 600/1/600
f 601/1/601 603/1/603 599/1/599
f 562/1/562 556/1/556 604/1/604
f 593/1/593 605/1/605 606/1/606
f 592/1/592 605/1/605 593/1/593
f 592/1/592 607/1/607 605/1/605
f 592/1/592 587/1/587 607/1/607
f 592/1/592 584/1/584 587/1/587
f 608/1/608 609/1/609 610/1/610
f 611/1/611 612/1/612 613/1/613
f 610/1/610 614/1/614 613/1/613
f 610/1/610 609/1/609 615/1/615
f 615/1/615 616/1/616 610/1/610
f 617/1/617 618/1/618 619/1/619
f 620/1/620 621/1/621 616/1/616
f 620/1/620 616/1/616 615/1/615
f 622/1/622 619/1/619 623/1/623
f 621/1/621 610/1/610 616/1/616
f 624/1/624 625/1/625 626/1/626
f 623/1/623 624/1/624 626/1/626
f 627/1/627 628/1/628 629/1/629
f 630/1/630 631/1/631 632/1/632
f 633/1/633 623/1/623 626/1/626
f 634/1/634 633/1/633 632/1/632
f 628/1/628 635/1/635 629/1/629
f 636/1/636 637/1/637 638/1/638
f 639/1/639 637/1/637 636/1/636
f 640/1/640 637/1/637 639/1/639
f 640/1/640 641/1/641 637/1/637
f 642/1/642 627/1/627 629/1/629
f 643/1/643 644/1/644 629/1/629
f 629/1/629 641/1/641 643/1/643
f 645/1/645 646/1/646 647/1/647
f 646/1/646 648/1/648 649/1/649
f 649/1/649 648/1/648 650/1/650
f 651/1/651 649/1/649 650/1/650
f 652/1/652 645/1/645 647/1/647
f 651/1/651 636/1/636 638/1/638
f 651/1/651 653/1/653 636/1/636
f 654/1/654 655/1/655 656/1/656
f 655/1/655 657/1/657 656/1/656
f 658/1/658 652/1/652 659/1/659
f 655/1/655 660/1/660 657/1/657
f 661/1/661 652/1/652 658/1/658
f 660/1/660 659/1/659 657/1/657
f 662/1/662 663/1/663 654/1/654
f 663/1/663 664/1/664 654/1/654
f 613/1/613 665/1/665 611/1/611
f 614/1/614 610/1/610 621/1/621
f 666/1/666 613/1/613 614/1/614
f 665/1/665 613/1/613 666/1/666
f 667/1/667 619/1/619 622/1/622
f 667/1/667 617/1/617 619/1/619
f 618/1/618 617/1/617 615/1/615
f 615/1/615 617/1/617 620/1/620
f 668/1/668 621/1/621 620/1/620
f 620/1/620 669/1/669 668/1/668
f 670/1/670 668/1/668 669/1/669
f 671/1/671 623/1/623 633/1/633
f 671/1/671 633/1/633 634/1/634
f 632/1/632 631/1/631 672/1/672
f 673/1/673 631/1/631 630/1/630
f 673/1/673 630/1/630 674/1/674
f 673/1/673 674/1/674 627/1/627
f 642/1/642 673/1/673 627/1/627
f 634/1/634 632/1/632 672/1/672
f 675/1/675 671/1/671 634/1/634
f 675/1/675 676/1/676 677/1/677
f 676/1/676 675/1/675 634/1/634
f 642/1/642 629/1/629 644/1/644
f 653/1/653 639/1/639 636/1/636
f 641/1/641 640/1/640 643/1/643
f 678/1/678 679/1/679 642/1/642
f 644/1/644 678/1/678 642/1/642
f 648/1/648 646/1/646 645/1/645
f 680/1/680 681/1/681 682/1/682
f 683/1/683 680/1/680 682/1/682
f 650/1/650 683/1/683 682/1/682
f 650/1/650 648/1/648 683/1/683
f 645/1/645 652/1/652 661/1/661
f 684/1/684 651/1/651 650/1/650
f 653/1/653 651/1/651 684/1/684
f 682/1/682 653/1/653 684/1/684
f 650/1/650 682/1/682 684/1/684
f 661/1/661 648/1/648 645/1/645
f 664/1/664 655/1/655 654/1/654
f 660/1/660 685/1/685 659/1/659
f 658/1/658 659/1/659 685/1/685
f 622/1/622 623/1/623 671/1/671
f 686/1/686 687/1/687 688/1/688
f 689/1/689 687/1/687 686/1/686
f 686/1/686 688/1/688 690/1/690
f 690/1/690 691/1/691 692/1/692
f 692/1/692 691/1/691 693/1/693
f 694/1/694 691/1/691 695/1/695
f 688/1/688 691/1/691 690/1/690
f 693/1/693 691/1/691 696/1/696
f 694/1/694 697/1/697 698/1/698
f 695/1/695 691/1/691 699/1/699
f 695/1/695 699/1/699 700/1/700
f 695/1/695 700/1/700 701/1/701
f 702/1/702 695/1/695 701/1/701
f 694/1/694 695/1/695 702/1/702
f 694/1/694 696/1/696 691/1/691
f 703/1/703 694/1/694 702/1/702
f 697/1/697 694/1/694 703/1/703
f 703/1/703 702/1/702 704/1/704
f 704/1/704 702/1/702 705/1/705
f 702/1/702 701/1/701 706/1/706
f 702/1/702 707/1/707 705/1/705
f 702/1/702 706/1/706 707/1/707
f 705/1/705 707/1/707 708/1/708
f 701/1/701 700/1/700 709/1/709
f 710/1/710 701/1/701 711/1/711
f 701/1/701 710/1/710 712/1/712
f 706/1/706 701/1/701 713/1/713
f 713/1/713 701/1/701 712/1/712
f 714/1/714 712/1/712 715/1/715
f 715/1/715 712/1/712 716/1/716
f 717/1/717 713/1/713 712/1/712
f 712/1/712 714/1/714 717/1/717
f 716/1/716 712/1/712 710/1/710
f 716/1/716 710/1/710 718/1/718
f 719/1/719 720/1/720 721/1/721
f 722/1/722 719/1/719 721/1/721
f 719/1/719 722/1/722 723/1/723
f 724/1/724 720/1/720 719/1/719
f 724/1/724 719/1/719 725/1/725
f 726/1/726 725/1/725 719/1/719
f 722/1/722 721/1/721 727/1/727
f 728/1/728 729/1/729 730/1/730
f 731/1/731 732/1/732 733/1/733
f 731/1/731 733/1/733 734/1/734
f 735/1/735 720/1/720 724/1/724
f 736/1/736 737/1/737 735/1/735
f 730/1/730 735/1/735 724/1/724
f 729/1/729 735/1/735 730/1/730
f 736/1/736 735/1/735 738/1/738
f 738/1/738 735/1/735 729/1/729
f 728/1/728 738/1/738 729/1/729
f 738/1/738 732/1/732 736/1/736
f 731/1/731 736/1/736 732/1/732
f 739/1/739 740/1/740 741/1/741
f 742/1/742 740/1/740 739/1/739
f 743/1/743 744/1/744 745/1/745
f 743/1/743 746/1/746 744/1/744
f 743/1/743 747/1/747 746/1/746
f 743/1/743 748/1/748 747/1/747
f 749/1/749 748/1/748 743/1/743
f 750/1/750 740/1/740 742/1/742
f 748/1/748 751/1/751 752/1/752
f 749/1/749 751/1/751 748/1/748
f 749/1/749 753/1/753 751/1/751
f 749/1/749 754/1/754 753/1/753
f 749/1/749 755/1/755 754/1/754
f 749/1/749 756/1/756 755/1/755
f 749/1/749 757/1/757 756/1/756
f 758/1/758 740/1/740 750/1/750
f 759/1/759 740/1/740 758/1/758
f 760/1/760 740/1/740 759/1/759
f 761/1/761 740/1/740 760/1/760
f 761/1/761 762/1/762 740/1/740
f 763/1/763 762/1/762 761/1/761
f 764/1/764 765/1/765 766/1/766
f 767/1/767 768/1/768 769/1/769
f 770/1/770 771/1/771 772/1/772
f 773/1/773 774/1/774 775/1/775
f 776/1/776 777/1/777 778/1/778
f 749/1/749 779/1/779 757/1/757
f 749/1/749 764/1/764 779/1/779
f 749/1/749 765/1/765 764/1/764
f 762/1/762 765/1/765 749/1/749
f 762/1/762 780/1/780 765/1/765
f 762/1/762 781/1/781 780/1/780
f 762/1/762 776/1/776 781/1/781
f 762/1/762 777/1/777 776/1/776
f 762/1/762 773/1/773 777/1/777
f 762/1/762 774/1/774 773/1/773
f 762/1/762 770/1/770 774/1/774
f 762/1/762 771/1/771 770/1/770
f 762/1/762 767/1/767 771/1/771
f 762/1/762 768/1/768 767/1/767
f 763/1/763 768/1/768 762/1/762
f 778/1/778 777/1/777 782/1/782
f 766/1/766 765/1/765 783/1/783
f 764/1/764 766/1/766 784/1/784
f 785/1/785 786/1/786 787/1/787
f 786/1/786 788/1/788 787/1/787
f 789/1/789 790/1/790 791/1/791
f 789/1/789 792/1/792 790/1/790
f 793/1/793 794/1/793 795/1/793
f 796/1/794 797/1/794 798/1/794
f 799/1/795 800/1/796 801/1/797
f 800/1/796 799/1/795 802/1/798
f 803/1/799 804/1/800 805/1/799
f 805/1/799 806/1/801 803/1/799
f 807/1/802 808/1/802 809/1/802
f 810/1/803 811/1/803 812/1/803
f 813/1/804 814/1/805 810/1/803
f 815/1/806 814/1/805 813/1/804
f 816/1/803 817/1/803 811/1/803
f 818/1/807 819/1/808 820/1/809
f 821/1/810 818/1/807 820/1/809
f 822/1/811 823/1/812 824/1/813
f 825/1/814 826/1/815 827/1/816
f 828/1/817 829/1/818 830/1/819
f 830/1/819 831/1/820 832/1/821
f 833/1/822 834/1/823 835/1/824
f 835/1/824 834/1/823 836/1/825
f 837/1/826 838/1/827 839/1/828
f 840/1/829 841/1/830 842/1/831
f 843/1/832 844/1/833 845/1/834
f 843/1/832 845/1/834 846/1/835
f 843/1/832 846/1/835 847/1/836
f 847/1/836 846/1/835 848/1/837
f 849/1/838 847/1/836 848/1/837
f 850/1/839 849/1/838 848/1/837
f 851/1/840 852/1/841 853/1/842
f 851/1/840 854/1/843 852/1/841
f 855/1/844 856/1/845 857/1/846
f 858/1/847 856/1/845 855/1/844
f 859/1/848 856/1/845 858/1/847
f 860/1/849 856/1/845 859/1/848
f 861/1/842 862/1/842 863/1/842
f 851/1/840 864/1/850 854/1/843
f 865/1/851 866/1/852 867/1/853
f 865/1/851 868/1/854 866/1/852
f 869/1/855 868/1/854 865/1/851
f 870/1/856 868/1/854 869/1/855
f 871/1/857 868/1/854 870/1/856
f 872/1/858 868/1/854 871/1/857
f 873/1/859 868/1/854 872/1/858
f 874/1/860 868/1/854 873/1/859
f 874/1/860 875/1/861 868/1/854
f 876/1/862 875/1/861 874/1/860
f 877/1/863 875/1/861 876/1/862
f 878/1/864 875/1/861 877/1/863
f 879/1/865 875/1/861 878/1/864
f 880/1/866 875/1/861 879/1/865
f 880/1/866 881/1/867 875/1/861
f 882/1/868 881/1/867 880/1/866
f 883/1/869 881/1/867 882/1/868
f 884/1/870 881/1/867 883/1/869
f 851/1/840 885/1/871 864/1/850
f 851/1/840 886/1/872 885/1/871
f 851/1/840 887/1/873 886/1/872
f 851/1/840 888/1/874 887/1/873
f 881/1/867 888/1/874 851/1/840
f 881/1/867 889/1/875 888/1/874
f 890/1/876 884/1/870 891/1/877
f 890/1/876 881/1/867 884/1/870
f 892/1/878 881/1/867 890/1/876
f 893/1/879 881/1/867 892/1/878
f 894/1/880 881/1/867 893/1/879
f 895/1/881 881/1/867 894/1/880
f 896/1/882 881/1/867 895/1/881
f 897/1/883 881/1/867 896/1/882
f 898/1/884 881/1/867 897/1/883
f 898/1/884 889/1/875 881/1/867
f 899/1/885 889/1/875 898/1/884
f 899/1/885 900/1/886 889/1/875
f 901/1/887 902/1/888 903/1/889
f 903/1/889 902/1/888 904/1/890
f 905/1/891 906/1/892 907/1/893
f 908/1/894 909/1/895 910/1/896
f 911/1/897 912/1/898 906/1/892
f 908/1/894 905/1/891 913/1/899
f 905/1/891 911/1/897 906/1/892
f 913/1/899 905/1/891 907/1/893
f 914/1/900 908/1/894 913/1/899
f 908/1/894 914/1/900 909/1/895
f 906/1/892 912/1/898 915/1/901
f 916/1/902 917/1/903 918/1/904
f 919/1/905 920/1/906 921/1/907
f 922/1/908 921/1/907 923/1/909
f 922/1/908 919/1/905 921/1/907
f 916/1/902 924/1/910 917/1/903
f 924/1/910 916/1/902 920/1/906
f 923/1/909 925/1/911 926/1/912
f 923/1/909 927/1/913 925/1/911
f 921/1/907 927/1/913 923/1/909
f 924/1/910 920/1/906 919/1/905
f 928/1/914 929/1/915 930/1/916
f 931/1/917 928/1/914 930/1/916
f 932/1/918 933/1/919 934/1/920
f 935/1/921 936/1/922 937/1/923
f 934/1/920 935/1/921 937/1/923
f 934/1/920 933/1/919 935/1/921
f 928/1/914 938/1/924 929/1/915
f 928/1/914 939/1/925 932/1/918
f 928/1/914 931/1/917 939/1/925
f 932/1/918 939/1/925 933/1/919
f 935/1/921 940/1/926 936/1/922
f 941/1/927 942/1/928 943/1/929
f 944/1/930 945/1/931 941/1/927
f 944/1/930 941/1/927 946/1/932
f 947/1/933 948/1/934 949/1/935
f 946/1/932 947/1/933 949/1/935
f 948/1/934 950/1/936 951/1/937
f 941/1/927 945/1/931 952/1/938
f 941/1/927 952/1/938 942/1/928
f 941/1/927 947/1/933 946/1/932
f 947/1/933 953/1/939 948/1/934
f 953/1/939 950/1/936 948/1/934
f 954/1/940 955/1/941 956/1/942
f 955/1/941 957/1/943 956/1/942
f 956/1/942 958/1/944 959/1/945
f 958/1/944 956/1/942 957/1/943
f 957/1/943 960/1/946 958/1/944
f 961/1/947 960/1/946 957/1/943
f 961/1/947 957/1/943 962/1/948
f 955/1/941 963/1/949 957/1/943
f 963/1/949 964/1/950 965/1/951
f 957/1/943 963/1/949 966/1/952
f 957/1/943 966/1/952 962/1/948
f 967/1/953 962/1/948 966/1/952
f 963/1/949 965/1/951 966/1/952
f 966/1/952 965/1/951 968/1/954
f 969/1/955 966/1/952 968/1/954
f 970/1/956 966/1/952 969/1/955
f 968/1/954 965/1/951 971/1/957
f 971/1/957 965/1/951 972/1/958
f 973/1/959 969/1/955 968/1/954
f 974/1/960 975/1/961 976/1/962
f 976/1/962 975/1/961 977/1/963
f 977/1/963 978/1/964 979/1/965
f 980/1/966 981/1/967 982/1/968
f 976/1/962 983/1/969 974/1/960
f 984/1/970 983/1/969 976/1/962
f 983/1/969 985/1/971 982/1/968
f 980/1/966 982/1/968 985/1/971
f 979/1/965 986/1/972 977/1/963
f 979/1/965 987/1/973 986/1/972
f 988/1/974 979/1/965 989/1/975
f 977/1/963 986/1/972 984/1/970
f 984/1/970 986/1/972 987/1/973
f 984/1/970 976/1/962 977/1/963
f 988/1/974 987/1/973 979/1/965
f 990/1/976 988/1/974 989/1/975
f 991/1/977 988/1/974 990/1/976
f 992/1/978 984/1/970 987/1/973
f 988/1/974 992/1/978 987/1/973
f 990/1/976 989/1/975 993/1/979
f 984/1/970 985/1/971 983/1/969
f 994/1/980 985/1/971 984/1/970
f 994/1/980 984/1/970 995/1/981
f 991/1/977 996/1/982 988/1/974
f 995/1/981 984/1/970 992/1/978
f 997/1/983 991/1/977 990/1/976
f 996/1/982 992/1/978 988/1/974
f 998/1/984 991/1/977 997/1/983
f 999/1/985 994/1/980 995/1/981
f 998/1/984 996/1/982 991/1/977
f 995/1/981 992/1/978 996/1/982
f 996/1/982 999/1/985 995/1/981
f 990/1/976 1000/1/986 997/1/983
f 1001/1/987 1002/1/988 1003/1/989
f 1004/1/990 1005/1/991 1006/1/992
f 1004/1/990 1007/1/993 1005/1/991
f 1008/1/994 1006/1/992 1009/1/995
f 1008/1/994 1004/1/990 1006/1/992
f 1010/1/996 1002/1/988 1011/1/997
f 1012/1/998 1001/1/987 1003/1/989
f 1013/1/999 1009/1/995 1014/1/1000
f 1002/1/988 1015/1/1001 1003/1/989
f 1010/1/996 1015/1/1001 1002/1/988
f 1012/1/998 1014/1/1000 1001/1/987
f 1016/1/1002 1007/1/993 1004/1/990
f 1008/1/994 1009/1/995 1013/1/999
f 1017/1/1003 1010/1/996 1018/1/1004
f 1019/1/1005 1010/1/996 1017/1/1003
f 1013/1/999 1014/1/1000 1012/1/998
f 1020/1/1006 1021/1/1007 1022/1/1008
f 1023/1/1009 1013/1/999 1012/1/998
f 1024/1/1010 1025/1/1011 1026/1/1012
f 1024/1/1010 1026/1/1012 1023/1/1009
f 1024/1/1010 1023/1/1009 1012/1/998
f 1025/1/1011 1027/1/1013 1026/1/1012
f 1028/1/1014 1027/1/1013 1025/1/1011
f 1029/1/1015 1015/1/1001 1019/1/1005
f 1030/1/1016 1031/1/1017 1032/1/1018
f 1033/1/1019 1027/1/1013 1028/1/1014
f 1033/1/1019 1028/1/1014 1034/1/1020
f 1034/1/1020 1022/1/1008 1033/1/1019
f 1035/1/1021 1022/1/1008 1034/1/1020
f 1036/1/1022 1037/1/1023 1021/1/1007
f 1038/1/1024 1036/1/1022 1021/1/1007
f 1038/1/1024 1021/1/1007 1039/1/1025
f 1040/1/1026 1036/1/1022 1038/1/1024
f 1041/1/1027 1042/1/1028 1043/1/1029
f 1031/1/1017 1044/1/1030 1041/1/1027
f 1045/1/1031 1031/1/1017 1030/1/1016
f 1041/1/1027 1044/1/1030 1046/1/1032
f 1047/1/1033 1022/1/1008 1035/1/1021
f 1045/1/1031 1044/1/1030 1031/1/1017
f 1042/1/1028 1041/1/1027 1046/1/1032
f 1048/1/1034 1040/1/1026 1038/1/1024
f 1020/1/1006 1039/1/1025 1021/1/1007
f 1049/1/1035 1035/1/1021 1043/1/1029
f 1050/1/1036 1044/1/1030 1045/1/1031
f 1042/1/1028 1049/1/1035 1043/1/1029
f 1047/1/1033 1020/1/1006 1022/1/1008
f 1051/1/1037 1052/1/1038 1047/1/1033
f 1053/1/1039 1044/1/1030 1050/1/1036
f 1054/1/1040 1047/1/1033 1035/1/1021
f 1035/1/1021 1049/1/1035 1054/1/1040
f 1055/1/1041 1047/1/1033 1054/1/1040
f 1055/1/1041 1051/1/1037 1047/1/1033
f 1056/1/1042 1057/1/1043 1058/1/1044
f 1051/1/1037 1059/1/1045 1052/1/1038
f 1057/1/1043 1059/1/1045 1060/1/1046
f 1060/1/1046 1059/1/1045 1051/1/1037
f 1060/1/1046 1058/1/1044 1057/1/1043
f 1061/1/1047 1056/1/1042 1062/1/1048
f 1063/1/1049 1056/1/1042 1058/1/1044
f 1064/1/1050 1065/1/1051 1066/1/1052
f 1067/1/1053 1064/1/1050 1066/1/1052
f 1068/1/1054 1069/1/1055 1070/1/1056
f 1071/1/1057 1067/1/1053 1066/1/1052
f 1071/1/1057 1066/1/1052 1069/1/1055
f 1070/1/1056 1061/1/1047 1062/1/1048
f 1072/1/1058 1070/1/1056 1062/1/1048
f 1070/1/1056 1072/1/1058 1073/1/1059
f 1074/1/1060 1070/1/1056 1073/1/1059
f 1075/1/1061 1076/1/1062 1077/1/1063
f 1078/1/1064 1079/1/1065 1080/1/1066
f 1075/1/1061 1081/1/1067 1076/1/1062
f 1082/1/1068 1081/1/1067 1075/1/1061
f 1081/1/1067 1082/1/1068 1083/1/1069
f 1068/1/1054 1070/1/1056 1074/1/1060
f 1084/1/1070 1064/1/1050 1067/1/1053
f 1073/1/1059 1079/1/1065 1074/1/1060
f 1080/1/1066 1083/1/1069 1082/1/1068
f 1078/1/1064 1080/1/1066 1082/1/1068
f 1068/1/1054 1071/1/1057 1069/1/1055
f 1085/1/1071 1082/1/1068 1075/1/1061
f 1074/1/1060 1079/1/1065 1078/1/1064
f 1056/1/1042 1063/1/1049 1062/1/1048
f 1019/1/1005 1015/1/1001 1010/1/996
f 1086/1/1072 1087/1/1073 1088/1/1074
f 1089/1/1075 1087/1/1073 1086/1/1072
f 1090/1/1076 1087/1/1073 1091/1/1077
f 1091/1/1077 1087/1/1073 1092/1/1078
f 1092/1/1078 1087/1/1073 1093/1/1079
f 1093/1/1079 1087/1/1073 1089/1/1075
f 1093/1/1079 1089/1/1075 1094/1/1080
f 1095/1/1081 1093/1/1079 1096/1/1082
f 1092/1/1078 1093/1/1079 1095/1/1081
f 1097/1/1083 1098/1/1084 1099/1/1085
f 1098/1/1084 1091/1/1077 1092/1/1078
f 1100/1/1086 1091/1/1077 1098/1/1084
f 1100/1/1086 1098/1/1084 1097/1/1083
f 1100/1/1086 1097/1/1083 1101/1/1087
f 1102/1/1088 1100/1/1086 1101/1/1087
f 1099/1/1085 1098/1/1084 1092/1/1078
f 1103/1/1089 1104/1/1090 1105/1/1091
f 1106/1/1092 1104/1/1090 1103/1/1089
f 1107/1/1093 1106/1/1092 1103/1/1089
f 1108/1/1094 1109/1/1095 1110/1/1096
f 1110/1/1096 1111/1/1097 1108/1/1094
f 1112/1/1098 1113/1/1099 1114/1/1100
f 1113/1/1099 1109/1/1095 1114/1/1100
f 1115/1/1101 1111/1/1097 1110/1/1096
f 1109/1/1095 1113/1/1099 1116/1/1102
f 1115/1/1101 1110/1/1096 1109/1/1095
f 1116/1/1102 1115/1/1101 1109/1/1095
f 1117/1/1103 1118/1/1104 1119/1/1105
f 1106/1/1092 1120/1/1106 1104/1/1090
f 1111/1/1097 1107/1/1093 1103/1/1089
f 1121/1/1107 1111/1/1097 1122/1/1108
f 1121/1/1107 1107/1/1093 1111/1/1097
f 1123/1/1109 1122/1/1108 1111/1/1097
f 1124/1/1110 1113/1/1099 1112/1/1098
f 1112/1/1098 1119/1/1105 1125/1/1111
f 1126/1/1112 1111/1/1097 1115/1/1101
f 1113/1/1099 1124/1/1110 1116/1/1102
f 1126/1/1112 1115/1/1101 1116/1/1102
f 1127/1/1113 1126/1/1112 1116/1/1102
f 1116/1/1102 1124/1/1110 1127/1/1113
f 1123/1/1109 1111/1/1097 1126/1/1112
f 1128/1/1114 1126/1/1112 1127/1/1113
f 1128/1/1114 1123/1/1109 1126/1/1112
f 1129/1/1115 1112/1/1098 1125/1/1111
f 1130/1/1116 1127/1/1113 1124/1/1110
f 1129/1/1115 1124/1/1110 1112/1/1098
f 1129/1/1115 1130/1/1116 1124/1/1110
f 1130/1/1116 1123/1/1109 1128/1/1114
f 1130/1/1116 1128/1/1114 1127/1/1113
f 1118/1/1104 1125/1/1111 1119/1/1105
f 1122/1/1108 1123/1/1109 1131/1/1117
f 1132/1/1118 1131/1/1117 1123/1/1109
f 1130/1/1116 1132/1/1118 1123/1/1109
f 1133/1/1119 1129/1/1115 1125/1/1111
f 1134/1/1120 1135/1/1121 1136/1/1122
f 1134/1/1120 1137/1/1123 1135/1/1121
f 1138/1/1124 1136/1/1122 1139/1/1125
f 1139/1/1125 1140/1/1126 1141/1/1127
f 1139/1/1125 1141/1/1127 1142/1/1128
f 1142/1/1128 1138/1/1124 1139/1/1125
f 1134/1/1120 1136/1/1122 1138/1/1124
f 1140/1/1126 1143/1/1129 1141/1/1127
f 1144/1/1130 1138/1/1124 1142/1/1128
f 1145/1/1131 1144/1/1130 1142/1/1128
f 1145/1/1131 1146/1/1132 1144/1/1130
f 1147/1/1133 1146/1/1132 1145/1/1131
f 1148/1/1134 1149/1/1135 1150/1/1136
f 1149/1/1135 1151/1/1137 1150/1/1136
f 1146/1/1132 1147/1/1133 1148/1/1134
f 1149/1/1135 1148/1/1134 1147/1/1133
f 1150/1/1136 1151/1/1137 1152/1/1138
f 1153/1/1139 1152/1/1138 1151/1/1137
f 1153/1/1139 1151/1/1137 1154/1/1140
f 1155/1/1141 1156/1/1142 1153/1/1139
f 1157/1/1143 1158/1/1144 1159/1/1145
f 1158/1/1144 1160/1/1146 1159/1/1145
f 1154/1/1140 1155/1/1141 1153/1/1139
f 1161/1/1147 1162/1/1148 1163/1/1149
f 1163/1/1149 1164/1/1150 1161/1/1147
f 1165/1/1151 1155/1/1141 1154/1/1140
f 1154/1/1140 1151/1/1137 1165/1/1151
f 1162/1/1148 1166/1/1152 1163/1/1149
f 1167/1/1153 1158/1/1144 1157/1/1143
f 1167/1/1153 1157/1/1143 1156/1/1142
f 1167/1/1153 1156/1/1142 1155/1/1141
f 1168/1/1154 1164/1/1150 1163/1/1149
f 1151/1/1137 1164/1/1150 1169/1/1155
f 1169/1/1155 1164/1/1150 1168/1/1154
f 1165/1/1151 1151/1/1137 1169/1/1155
f 1168/1/1154 1170/1/1156 1169/1/1155
f 1171/1/1157 1155/1/1141 1172/1/1158
f 1172/1/1158 1155/1/1141 1165/1/1151
f 1172/1/1158 1173/1/1159 1174/1/1160
f 1172/1/1158 1174/1/1160 1171/1/1157
f 1175/1/1161 1173/1/1159 1172/1/1158
f 1176/1/1162 1173/1/1159 1177/1/1163
f 1178/1/1164 1179/1/1165 1180/1/1166
f 1179/1/1165 1181/1/1167 1182/1/1168
f 1177/1/1163 1173/1/1159 1175/1/1161
f 1183/1/1169 1184/1/1170 1185/1/1171
f 1180/1/1166 1176/1/1162 1186/1/1172
f 1186/1/1172 1176/1/1162 1177/1/1163
f 1184/1/1170 1183/1/1169 1187/1/1173
f 1188/1/1174 1184/1/1170 1187/1/1173
f 1189/1/1175 1188/1/1174 1187/1/1173
f 1181/1/1167 1179/1/1165 1190/1/1176
f 1178/1/1164 1191/1/1177 1179/1/1165
f 1190/1/1176 1179/1/1165 1192/1/1178
f 1193/1/1179 1186/1/1172 1184/1/1170
f 1191/1/1177 1192/1/1178 1179/1/1165
f 1194/1/1180 1190/1/1176 1192/1/1178
f 1188/1/1174 1193/1/1179 1184/1/1170
f 1186/1/1172 1178/1/1164 1180/1/1166
f 1195/1/1181 1196/1/1182 1197/1/1183
f 1198/1/1184 1199/1/1185 1189/1/1175
f 1200/1/1186 1178/1/1164 1186/1/1172
f 1186/1/1172 1193/1/1179 1200/1/1186
f 1189/1/1175 1199/1/1185 1188/1/1174
f 1201/1/1187 1202/1/1188 1178/1/1164
f 1200/1/1186 1201/1/1187 1178/1/1164
f 1203/1/1189 1204/1/1190 1205/1/1191
f 1206/1/1192 1204/1/1190 1203/1/1189
f 1203/1/1189 1205/1/1191 1202/1/1188
f 1203/1/1189 1202/1/1188 1201/1/1187
f 1207/1/1193 1204/1/1190 1206/1/1192
f 1208/1/1194 1207/1/1193 1209/1/1195
f 1207/1/1193 1206/1/1192 1209/1/1195
f 1197/1/1183 1208/1/1194 1209/1/1195
f 1196/1/1182 1210/1/1196 1211/1/1197
f 1210/1/1196 1196/1/1182 1195/1/1181
f 1212/1/1198 1197/1/1183 1209/1/1195
f 1209/1/1195 1213/1/1199 1212/1/1198
f 1195/1/1181 1197/1/1183 1212/1/1198
f 1212/1/1198 1213/1/1199 1214/1/1200
f 1215/1/1201 1216/1/1202 1217/1/1203
f 1218/1/1204 1216/1/1202 1215/1/1201
f 1219/1/1205 1218/1/1204 1215/1/1201
f 1220/1/1206 1221/1/1207 1222/1/1208
f 1223/1/1209 1224/1/1210 1225/1/1211
f 1226/1/1212 1220/1/1206 1222/1/1208
f 1226/1/1212 1227/1/1213 1220/1/1206
f 1228/1/1214 1229/1/1215 1230/1/1216
f 1231/1/1217 1217/1/1203 1228/1/1214
f 1232/1/1218 1219/1/1205 1215/1/1201
f 1230/1/1216 1229/1/1215 1227/1/1213
f 1233/1/1219 1223/1/1209 1225/1/1211
f 1234/1/1220 1230/1/1216 1227/1/1213
f 1235/1/1221 1224/1/1210 1236/1/1222
f 1228/1/1214 1230/1/1216 1234/1/1220
f 1231/1/1217 1215/1/1201 1217/1/1203
f 1237/1/1223 1232/1/1218 1215/1/1201
f 1225/1/1211 1224/1/1210 1235/1/1221
f 1238/1/1224 1231/1/1217 1228/1/1214
f 1239/1/1225 1227/1/1213 1226/1/1212
f 1234/1/1220 1227/1/1213 1239/1/1225
f 1238/1/1224 1228/1/1214 1234/1/1220
f 1240/1/1226 1241/1/1227 1234/1/1220
f 1242/1/1228 1243/1/1229 1241/1/1227
f 1240/1/1226 1242/1/1228 1241/1/1227
f 1244/1/1230 1245/1/1231 1246/1/1232
f 1247/1/1233 1248/1/1234 1249/1/1235
f 1250/1/1236 1245/1/1231 1248/1/1234
f 1247/1/1233 1251/1/1237 1248/1/1234
f 1252/1/1238 1249/1/1235 1253/1/1239
f 1253/1/1239 1249/1/1235 1254/1/1240
f 1255/1/1241 1256/1/1242 1257/1/1243
f 1258/1/1244 1253/1/1239 1254/1/1240
f 1259/1/1245 1260/1/1246 1261/1/1247
f 1262/1/1248 1263/1/1249 1264/1/1250
f 1262/1/1248 1265/1/1251 1263/1/1249
f 1259/1/1245 1265/1/1251 1262/1/1248
f 1261/1/1247 1266/1/1252 1267/1/1253
f 1262/1/1248 1260/1/1246 1259/1/1245
f 1268/1/1254 1269/1/1255 1270/1/1256
f 1271/1/1257 1268/1/1254 1270/1/1256
f 1272/1/1258 1273/1/1259 1261/1/1247
f 1271/1/1257 1270/1/1256 1273/1/1259
f 1272/1/1258 1261/1/1247 1267/1/1253
f 1274/1/1260 1275/1/1261 1276/1/1262
f 1275/1/1261 1274/1/1260 1277/1/1263
f 1276/1/1262 1263/1/1249 1265/1/1251
f 1278/1/1264 1276/1/1262 1275/1/1261
f 1279/1/1265 1280/1/1266 1281/1/1267
f 1282/1/1268 1281/1/1267 1280/1/1266
f 1283/1/1269 1236/1/1222 1284/1/1270
f 1285/1/1271 1252/1/1238 1253/1/1239
f 1250/1/1236 1248/1/1234 1251/1/1237
f 1235/1/1221 1236/1/1222 1283/1/1269
f 1284/1/1270 1286/1/1272 1283/1/1269
f 1286/1/1272 1284/1/1270 1244/1/1230
f 1287/1/1273 1252/1/1238 1285/1/1271
f 1250/1/1236 1246/1/1232 1245/1/1231
f 1288/1/1274 1258/1/1244 1254/1/1240
f 1289/1/1275 1257/1/1243 1256/1/1242
f 1258/1/1244 1285/1/1271 1253/1/1239
f 1290/1/1276 1285/1/1271 1258/1/1244
f 1291/1/1277 1255/1/1241 1269/1/1255
f 1287/1/1273 1285/1/1271 1290/1/1276
f 1268/1/1254 1291/1/1277 1269/1/1255
f 1258/1/1244 1287/1/1273 1290/1/1276
f 1291/1/1277 1256/1/1242 1255/1/1241
f 1264/1/1250 1260/1/1246 1262/1/1248
f 1272/1/1258 1271/1/1257 1273/1/1259
f 1276/1/1262 1278/1/1264 1263/1/1249
f 1292/1/1278 1275/1/1261 1277/1/1263
f 1275/1/1261 1292/1/1278 1293/1/1279
f 1294/1/1280 1279/1/1265 1281/1/1267
f 1279/1/1265 1294/1/1280 1293/1/1279
f 1244/1/1230 1246/1/1232 1286/1/1272
f 1247/1/1233 1249/1/1235 1252/1/1238
f 1287/1/1273 1247/1/1233 1252/1/1238
f 1295/1/1281 1235/1/1221 1283/1/1269
f 1296/1/1282 1235/1/1221 1295/1/1281
f 1297/1/1283 1298/1/1284 1299/1/1285
f 1299/1/1285 1298/1/1284 1295/1/1281
f 1295/1/1281 1298/1/1284 1296/1/1282
f 1300/1/1286 1287/1/1273 1258/1/1244
f 1289/1/1275 1256/1/1242 1288/1/1274
f 1258/1/1244 1288/1/1274 1300/1/1286
f 1300/1/1286 1288/1/1274 1287/1/1273
f 1301/1/1287 1287/1/1273 1288/1/1274
f 1302/1/1288 1303/1/1289 1288/1/1274
f 1303/1/1289 1301/1/1287 1288/1/1274
f 1304/1/1290 1266/1/1252 1260/1/1246
f 1304/1/1290 1260/1/1246 1264/1/1250
f 1305/1/1291 1264/1/1250 1263/1/1249
f 1304/1/1290 1264/1/1250 1305/1/1291
f 1306/1/1292 1304/1/1290 1305/1/1291
f 1307/1/1293 1308/1/1294 1309/1/1295
f 1310/1/1296 1268/1/1254 1271/1/1257
f 1311/1/1297 1309/1/1295 1310/1/1296
f 1311/1/1297 1271/1/1257 1272/1/1258
f 1311/1/1297 1272/1/1258 1267/1/1253
f 1311/1/1297 1310/1/1296 1271/1/1257
f 1267/1/1253 1309/1/1295 1311/1/1297
f 1307/1/1293 1309/1/1295 1267/1/1253
f 1282/1/1268 1312/1/1298 1281/1/1267
f 1263/1/1249 1278/1/1264 1305/1/1291
f 1234/1/1220 1241/1/1227 1238/1/1224
f 1293/1/1279 1292/1/1278 1279/1/1265
f 1279/1/1265 1292/1/1278 1280/1/1266
f 1280/1/1266 1292/1/1278 1277/1/1263
f 1261/1/1247 1260/1/1246 1266/1/1252
f 1254/1/1240 1289/1/1275 1288/1/1274
f 1313/1/1299 1314/1/1300 1315/1/1301
f 1316/1/1302 1317/1/1303 1314/1/1300
f 1318/1/1304 1319/1/1305 1320/1/1306
f 1318/1/1304 1320/1/1306 1321/1/1307
f 1322/1/1308 1323/1/1309 1324/1/1310
f 1325/1/1311 1326/1/1312 1327/1/1313
f 1328/1/1314 1329/1/1315 1330/1/1316
f 1328/1/1314 1330/1/1316 1321/1/1307
f 1329/1/1315 1315/1/1301 1330/1/1316
f 1331/1/1317 1314/1/1300 1313/1/1299
f 1331/1/1317 1316/1/1302 1314/1/1300
f 1329/1/1315 1313/1/1299 1315/1/1301
f 1332/1/1318 1326/1/1312 1325/1/1311
f 1327/1/1313 1326/1/1312 1333/1/1319
f 1327/1/1313 1333/1/1319 1321/1/1307
f 1332/1/1318 1325/1/1311 1334/1/1320
f 1332/1/1318 1334/1/1320 1335/1/1321
f 1332/1/1318 1335/1/1321 1336/1/1322
f 1335/1/1321 1322/1/1308 1337/1/1323
f 1331/1/1317 1338/1/1324 1316/1/1302
f 1328/1/1314 1321/1/1307 1333/1/1319
f 1336/1/1322 1335/1/1321 1337/1/1323
f 1339/1/1325 1340/1/1326 1341/1/1327
f 1323/1/1309 1342/1/1328 1324/1/1310
f 1324/1/1310 1342/1/1328 1343/1/1329
f 1344/1/1330 1340/1/1326 1339/1/1325
f 1345/1/1331 1322/1/1308 1324/1/1310
f 1346/1/1332 1347/1/1333 1348/1/1334
f 1345/1/1331 1337/1/1323 1322/1/1308
f 1349/1/1335 1345/1/1331 1350/1/1336
f 1337/1/1323 1345/1/1331 1349/1/1335
f 1351/1/1337 1344/1/1330 1339/1/1325
f 1351/1/1337 1352/1/1338 1344/1/1330
f 1353/1/1339 1354/1/1340 1355/1/1341
f 1353/1/1339 1355/1/1341 1356/1/1342
f 1357/1/1343 1353/1/1339 1356/1/1342
f 1357/1/1343 1356/1/1342 1358/1/1344
f 1359/1/1345 1352/1/1338 1351/1/1337
f 1360/1/1346 1352/1/1338 1359/1/1345
f 1361/1/1347 1362/1/1348 1363/1/1349
f 1364/1/1350 1362/1/1348 1361/1/1347
f 1365/1/1351 1362/1/1348 1366/1/1352
f 1366/1/1352 1362/1/1348 1364/1/1350
f 1367/1/1353 1358/1/1344 1356/1/1342
f 1363/1/1349 1364/1/1350 1361/1/1347
f 1368/1/1354 1369/1/1355 1367/1/1353
f 1369/1/1355 1370/1/1356 1367/1/1353
f 1367/1/1353 1370/1/1356 1358/1/1344
f 1369/1/1355 1368/1/1354 1371/1/1357
f 1372/1/1358 1373/1/1359 1374/1/1360
f 1375/1/1361 1376/1/1362 1377/1/1363
f 1372/1/1358 1378/1/1364 1373/1/1359
f 1378/1/1364 1375/1/1361 1373/1/1359
f 1346/1/1332 1348/1/1334 1379/1/1365
f 1380/1/1366 1346/1/1332 1379/1/1365
f 1381/1/1367 1347/1/1333 1346/1/1332
f 1380/1/1366 1379/1/1365 1360/1/1346
f 1360/1/1346 1379/1/1365 1352/1/1338
f 1382/1/1368 1349/1/1335 1350/1/1336
f 1382/1/1368 1350/1/1336 1383/1/1369
f 1384/1/1370 1354/1/1340 1385/1/1371
f 1386/1/1372 1354/1/1340 1353/1/1339
f 1357/1/1343 1386/1/1372 1353/1/1339
f 1387/1/1373 1357/1/1343 1358/1/1344
f 1387/1/1373 1386/1/1372 1357/1/1343
f 1366/1/1352 1388/1/1374 1365/1/1351
f 1368/1/1354 1365/1/1351 1388/1/1374
f 1368/1/1354 1388/1/1374 1389/1/1375
f 1387/1/1373 1358/1/1344 1390/1/1376
f 1371/1/1357 1370/1/1356 1369/1/1355
f 1389/1/1375 1371/1/1357 1368/1/1354
f 1390/1/1376 1358/1/1344 1370/1/1356
f 1391/1/1377 1378/1/1364 1372/1/1358
f 1392/1/1378 1372/1/1358 1393/1/1379
f 1391/1/1377 1372/1/1358 1392/1/1378
f 1394/1/1380 1363/1/1349 1377/1/1363
f 1394/1/1380 1364/1/1350 1363/1/1349
f 1394/1/1380 1377/1/1363 1376/1/1362
f 1376/1/1362 1375/1/1361 1378/1/1364
f 1395/1/1381 1394/1/1380 1376/1/1362
f 1392/1/1378 1393/1/1379 1396/1/1382
f 1381/1/1367 1383/1/1369 1347/1/1333
f 1397/1/1383 1354/1/1340 1386/1/1372
f 1386/1/1372 1398/1/1384 1397/1/1383
f 1359/1/1345 1351/1/1337 1384/1/1370
f 1398/1/1384 1386/1/1372 1399/1/1385
f 1359/1/1345 1380/1/1366 1360/1/1346
f 1354/1/1340 1397/1/1383 1385/1/1371
f 1359/1/1345 1384/1/1370 1385/1/1371
f 1399/1/1385 1387/1/1373 1390/1/1376
f 1399/1/1385 1386/1/1372 1387/1/1373
f 1390/1/1376 1370/1/1356 1371/1/1357
f 1400/1/1386 1378/1/1364 1391/1/1377
f 1400/1/1386 1376/1/1362 1378/1/1364
f 1395/1/1381 1376/1/1362 1400/1/1386
f 1330/1/1316 1318/1/1304 1321/1/1307
f 1382/1/1368 1383/1/1369 1381/1/1367
f 1401/1/1387 1402/1/1388 1403/1/1389
f 1404/1/1390 1405/1/1391 1406/1/1392
f 1404/1/1390 1407/1/1393 1405/1/1391
f 1407/1/1393 1404/1/1390 1408/1/1394
f 1407/1/1393 1401/1/1387 1409/1/1395
f 1407/1/1393 1408/1/1394 1401/1/1387
f 1409/1/1395 1401/1/1387 1403/1/1389
f 1403/1/1389 1410/1/1396 1411/1/1397
f 1403/1/1389 1402/1/1388 1410/1/1396
f 1412/1/1398 1413/1/1399 1414/1/1400
f 1415/1/1401 1416/1/1402 1417/1/1403
f 1415/1/1401 1417/1/1403 1418/1/1404
f 1415/1/1401 1414/1/1400 1416/1/1402
f 1415/1/1401 1419/1/1405 1414/1/1400
f 1419/1/1405 1412/1/1398 1414/1/1400
f 1413/1/1399 1420/1/1406 1421/1/1407
f 1413/1/1399 1412/1/1398 1420/1/1406
f 1420/1/1406 1422/1/1408 1421/1/1407
f 1420/1/1406 1423/1/1409 1422/1/1408
f 1424/1/1410 1425/1/1411 1426/1/1412
f 1427/1/1413 1428/1/1414 1429/1/1415
f 1427/1/1413 1429/1/1415 1430/1/1416
f 1428/1/1414 1427/1/1413 1431/1/1417
f 1431/1/1417 1424/1/1410 1428/1/1414
f 1431/1/1417 1432/1/1418 1424/1/1410
f 1424/1/1410 1432/1/1418 1425/1/1411
f 1425/1/1411 1433/1/1419 1426/1/1412
f 1425/1/1411 1434/1/1420 1433/1/1419
f 1435/1/1421 1436/1/1422 1437/1/1423
f 1438/1/1424 1439/1/1425 1440/1/1426
f 1436/1/1422 1441/1/1427 1442/1/1428
f 1439/1/1425 1438/1/1424 1443/1/1429
f 1435/1/1421 1441/1/1427 1436/1/1422
f 1438/1/1424 1444/1/1430 1443/1/1429
f 1444/1/1430 1435/1/1421 1443/1/1429
f 1435/1/1421 1444/1/1430 1445/1/1431
f 1438/1/1424 1440/1/1426 1446/1/1432
f 1445/1/1431 1441/1/1427 1435/1/1421
f 1447/1/1433 1448/1/1434 1449/1/1435
f 1447/1/1433 1449/1/1435 1450/1/1436
f 1447/1/1433 1450/1/1436 1451/1/1437
f 1451/1/1437 1450/1/1436 1452/1/1438
f 1453/1/1439 1451/1/1437 1452/1/1438
f 1454/1/1440 1453/1/1439 1452/1/1438
f 1455/1/1441 1453/1/1439 1454/1/1440
f 1456/1/1442 1457/1/1443 1458/1/1444
f 1459/1/1445 1460/1/1446 1457/1/1443
f 1461/1/1447 1457/1/1443 1456/1/1442
f 1462/1/1448 1463/1/1449 1464/1/1450
f 1465/1/1451 1466/1/1452 1467/1/1453
f 1461/1/1447 1459/1/1445 1457/1/1443
f 1468/1/1454 1458/1/1444 1453/1/1439
f 1468/1/1454 1456/1/1442 1458/1/1444
f 1469/1/1455 1462/1/1448 1464/1/1450
f 1466/1/1452 1470/1/1456 1467/1/1453
f 1471/1/1457 1455/1/1441 1454/1/1440
f 1465/1/1451 1471/1/1457 1454/1/1440
f 1472/1/1458 1470/1/1456 1466/1/1452
f 1468/1/1454 1453/1/1439 1455/1/1441
f 1465/1/1451 1467/1/1453 1471/1/1457
f 1473/1/1459 1474/1/1460 1475/1/1461
f 1476/1/1462 1462/1/1448 1469/1/1455
f 1471/1/1457 1475/1/1461 1455/1/1441
f 1477/1/1463 1475/1/1461 1471/1/1457
f 1478/1/1464 1474/1/1460 1473/1/1459
f 1478/1/1464 1473/1/1459 1479/1/1465
f 1477/1/1463 1473/1/1459 1475/1/1461
f 1480/1/1466 1481/1/1467 1482/1/1468
f 1482/1/1468 1478/1/1464 1483/1/1469
f 1483/1/1469 1478/1/1464 1479/1/1465
f 1482/1/1468 1483/1/1469 1480/1/1466
f 1484/1/1470 1485/1/1471 1481/1/1467
f 1484/1/1470 1481/1/1467 1480/1/1466
f 1486/1/1472 1485/1/1471 1484/1/1470
f 1487/1/1473 1488/1/1474 1489/1/1475
f 1487/1/1473 1489/1/1475 1490/1/1476
f 1491/1/1477 1488/1/1474 1492/1/1478
f 1493/1/1479 1494/1/1480 1495/1/1481
f 1496/1/1482 1494/1/1480 1493/1/1479
f 1497/1/1483 1494/1/1480 1496/1/1482
f 1498/1/1484 1499/1/1485 1500/1/1486
f 1501/1/1487 1487/1/1473 1490/1/1476
f 1494/1/1480 1502/1/1488 1499/1/1485
f 1499/1/1485 1502/1/1488 1503/1/1489
f 1500/1/1486 1499/1/1485 1503/1/1489
f 1504/1/1490 1490/1/1476 1485/1/1471
f 1486/1/1472 1504/1/1490 1485/1/1471
f 1505/1/1491 1492/1/1478 1488/1/1474
f 1505/1/1491 1488/1/1474 1487/1/1473
f 1501/1/1487 1490/1/1476 1504/1/1490
f 1506/1/1492 1498/1/1484 1500/1/1486
f 1506/1/1492 1484/1/1470 1498/1/1484
f 1484/1/1470 1506/1/1492 1486/1/1472
f 1506/1/1492 1504/1/1490 1486/1/1472
f 1507/1/1493 1508/1/1494 1506/1/1492
f 1508/1/1494 1504/1/1490 1506/1/1492
f 1509/1/1495 1510/1/1496 1507/1/1493
f 1507/1/1493 1510/1/1496 1508/1/1494
f 1511/1/1497 1512/1/1498 1513/1/1499
f 1509/1/1495 1513/1/1499 1510/1/1496
f 1511/1/1497 1513/1/1499 1509/1/1495
f 1472/1/1458 1466/1/1452 1514/1/1500
f 1503/1/1489 1515/1/1501 1516/1/1502
f 1502/1/1488 1515/1/1501 1503/1/1489
f 1502/1/1488 1517/1/1503 1515/1/1501
f 1502/1/1488 1497/1/1483 1517/1/1503
f 1502/1/1488 1494/1/1480 1497/1/1483
f 1518/1/1504 1519/1/1505 1520/1/1506
f 1521/1/1507 1522/1/1508 1523/1/1509
f 1520/1/1506 1524/1/1510 1523/1/1509
f 1520/1/1506 1519/1/1505 1525/1/1511
f 1525/1/1511 1526/1/1512 1520/1/1506
f 1527/1/1513 1528/1/1514 1529/1/1515
f 1530/1/1516 1531/1/1517 1526/1/1512
f 1530/1/1516 1526/1/1512 1525/1/1511
f 1532/1/1518 1529/1/1515 1533/1/1519
f 1531/1/1517 1520/1/1506 1526/1/1512
f 1534/1/1520 1535/1/1521 1536/1/1522
f 1533/1/1519 1534/1/1520 1536/1/1522
f 1537/1/1523 1538/1/1524 1539/1/1525
f 1540/1/1526 1541/1/1527 1542/1/1528
f 1543/1/1529 1533/1/1519 1536/1/1522
f 1544/1/1530 1543/1/1529 1542/1/1528
f 1538/1/1524 1545/1/1531 1539/1/1525
f 1546/1/1532 1547/1/1533 1548/1/1534
f 1549/1/1535 1547/1/1533 1546/1/1532
f 1550/1/1536 1547/1/1533 1549/1/1535
f 1550/1/1536 1551/1/1537 1547/1/1533
f 1552/1/1538 1537/1/1523 1539/1/1525
f 1553/1/1539 1554/1/1540 1539/1/1525
f 1539/1/1525 1551/1/1537 1553/1/1539
f 1555/1/1541 1556/1/1542 1557/1/1543
f 1556/1/1542 1558/1/1544 1559/1/1545
f 1559/1/1545 1558/1/1544 1560/1/1546
f 1561/1/1547 1559/1/1545 1560/1/1546
f 1562/1/1548 1555/1/1541 1557/1/1543
f 1561/1/1547 1546/1/1532 1548/1/1534
f 1561/1/1547 1563/1/1549 1546/1/1532
f 1564/1/1550 1565/1/1551 1566/1/1552
f 1565/1/1551 1567/1/1553 1566/1/1552
f 1568/1/1554 1562/1/1548 1569/1/1555
f 1565/1/1551 1570/1/1556 1567/1/1553
f 1571/1/1557 1562/1/1548 1568/1/1554
f 1570/1/1556 1569/1/1555 1567/1/1553
f 1572/1/1558 1573/1/1559 1564/1/1550
f 1573/1/1559 1574/1/1560 1564/1/1550
f 1523/1/1509 1575/1/1561 1521/1/1507
f 1524/1/1510 1520/1/1506 1531/1/1517
f 1576/1/1562 1523/1/1509 1524/1/1510
f 1575/1/1561 1523/1/1509 1576/1/1562
f 1577/1/1563 1529/1/1515 1532/1/1518
f 1577/1/1563 1527/1/1513 1529/1/1515
f 1528/1/1514 1527/1/1513 1525/1/1511
f 1525/1/1511 1527/1/1513 1530/1/1516
f 1578/1/1564 1531/1/1517 1530/1/1516
f 1530/1/1516 1579/1/1565 1578/1/1564
f 1580/1/1566 1578/1/1564 1579/1/1565
f 1581/1/1567 1533/1/1519 1543/1/1529
f 1581/1/1567 1543/1/1529 1544/1/1530
f 1542/1/1528 1541/1/1527 1582/1/1568
f 1583/1/1569 1541/1/1527 1540/1/1526
f 1583/1/1569 1540/1/1526 1584/1/1570
f 1583/1/1569 1584/1/1570 1537/1/1523
f 1552/1/1538 1583/1/1569 1537/1/1523
f 1544/1/1530 1542/1/1528 1582/1/1568
f 1585/1/1571 1581/1/1567 1544/1/1530
f 1585/1/1571 1586/1/1572 1587/1/1573
f 1586/1/1572 1585/1/1571 1544/1/1530
f 1552/1/1538 1539/1/1525 1554/1/1540
f 1563/1/1549 1549/1/1535 1546/1/1532
f 1551/1/1537 1550/1/1536 1553/1/1539
f 1588/1/1574 1589/1/1575 1552/1/1538
f 1554/1/1540 1588/1/1574 1552/1/1538
f 1558/1/1544 1556/1/1542 1555/1/1541
f 1590/1/1576 1591/1/1577 1592/1/1578
f 1593/1/1579 1590/1/1576 1592/1/1578
f 1560/1/1546 1593/1/1579 1592/1/1578
f 1560/1/1546 1558/1/1544 1593/1/1579
f 1555/1/1541 1562/1/1548 1571/1/1557
f 1594/1/1580 1561/1/1547 1560/1/1546
f 1563/1/1549 1561/1/1547 1594/1/1580
f 1592/1/1578 1563/1/1549 1594/1/1580
f 1560/1/1546 1592/1/1578 1594/1/1580
f 1571/1/1557 1558/1/1544 1555/1/1541
f 1574/1/1560 1565/1/1551 1564/1/1550
f 1570/1/1556 1595/1/1581 1569/1/1555
f 1568/1/1554 1569/1/1555 1595/1/1581
f 1532/1/1518 1533/1/1519 1581/1/1567
f 1596/1/1582 1597/1/1583 1598/1/1584
f 1599/1/1585 1597/1/1583 1596/1/1582
f 1596/1/1582 1598/1/1584 1600/1/1586
f 1600/1/1586 1601/1/1587 1602/1/1588
f 1602/1/1588 1601/1/1587 1603/1/1589
f 1604/1/1590 1601/1/1587 1605/1/1591
f 1598/1/1584 1601/1/1587 1600/1/1586
f 1603/1/1589 1601/1/1587 1606/1/1592
f 1604/1/1590 1607/1/1593 1608/1/1594
f 1605/1/1591 1601/1/1587 1609/1/1595
f 1605/1/1591 1609/1/1595 1610/1/1596
f 1605/1/1591 1610/1/1596 1611/1/1597
f 1612/1/1598 1605/1/1591 1611/1/1597
f 1604/1/1590 1605/1/1591 1612/1/1598
f 1604/1/1590 1606/1/1592 1601/1/1587
f 1613/1/1599 1604/1/1590 1612/1/1598
f 1607/1/1593 1604/1/1590 1613/1/1599
f 1613/1/1599 1612/1/1598 1614/1/1600
f 1614/1/1600 1612/1/1598 1615/1/1601
f 1612/1/1598 1611/1/1597 1616/1/1602
f 1612/1/1598 1617/1/1603 1615/1/1601
f 1612/1/1598 1616/1/1602 1617/1/1603
f 1615/1/1601 1617/1/1603 1618/1/1604
f 1611/1/1597 1610/1/1596 1619/1/1605
f 1620/1/1606 1611/1/1597 1621/1/1607
f 1611/1/1597 1620/1/1606 1622/1/1608
f 1616/1/1602 1611/1/1597 1623/1/1609
f 1623/1/1609 1611/1/1597 1622/1/1608
f 1624/1/1610 1622/1/1608 1625/1/1611
f 1625/1/1611 1622/1/1608 1626/1/1612
f 1627/1/1613 1623/1/1609 1622/1/1608
f 1622/1/1608 1624/1/1610 1627/1/1613
f 1626/1/1612 1622/1/1608 1620/1/1606
f 1626/1/1612 1620/1/1606 1628/1/1614
f 1629/1/1615 1630/1/1616 1631/1/1617
f 1632/1/1618 1629/1/1615 1631/1/1617
f 1629/1/1615 1632/1/1618 1633/1/1619
f 1634/1/1620 1630/1/1616 1629/1/1615
f 1634/1/1620 1629/1/1615 1635/1/1621
f 1636/1/1622 1635/1/1621 1629/1/1615
f 1632/1/1618 1631/1/1617 1637/1/1623
f 1638/1/1624 1639/1/1625 1640/1/1626
f 1641/1/1627 1642/1/1628 1643/1/1629
f 1641/1/1627 1643/1/1629 1644/1/1630
f 1645/1/1631 1630/1/1616 1634/1/1620
f 1646/1/1632 1647/1/1633 1645/1/1631
f 1640/1/1626 1645/1/1631 1634/1/1620
f 1639/1/1625 1645/1/1631 1640/1/1626
f 1646/1/1632 1645/1/1631 1648/1/1634
f 1648/1/1634 1645/1/1631 1639/1/1625
f 1638/1/1624 1648/1/1634 1639/1/1625
f 1648/1/1634 1642/1/1628 1646/1/1632
f 1641/1/1627 1646/1/1632 1642/1/1628
f 1649/1/1635 1650/1/1636 1651/1/1637
f 1649/1/1635 1652/1/1638 1650/1/1636
f 1653/1/1639 1654/1/1640 1655/1/1641
f 1656/1/1642 1654/1/1640 1653/1/1639
f 1657/1/1643 1654/1/1640 1656/1/1642
f 1658/1/1644 1654/1/1640 1657/1/1643
f 1659/1/1637 1660/1/1637 1661/1/1637
f 1649/1/1635 1662/1/1645 1652/1/1638
f 1663/1/1646 1664/1/1647 1665/1/1648
f 1663/1/1646 1666/1/1649 1664/1/1647
f 1667/1/1650 1666/1/1649 1663/1/1646
f 1668/1/1651 1666/1/1649 1667/1/1650
f 1669/1/1652 1666/1/1649 1668/1/1651
f 1670/1/1653 1666/1/1649 1669/1/1652
f 1671/1/1654 1666/1/1649 1670/1/1653
f 1672/1/1655 1666/1/1649 1671/1/1654
f 1672/1/1655 1673/1/1656 1666/1/1649
f 1674/1/1657 1673/1/1656 1672/1/1655
f 1675/1/1658 1673/1/1656 1674/1/1657
f 1676/1/1659 1673/1/1656 1675/1/1658
f 1677/1/1660 1673/1/1656 1676/1/1659
f 1678/1/1661 1673/1/1656 1677/1/1660
f 1678/1/1661 1679/1/1662 1673/1/1656
f 1680/1/1663 1679/1/1662 1678/1/1661
f 1681/1/1664 1679/1/1662 1680/1/1663
f 1682/1/1665 1679/1/1662 1681/1/1664
f 1649/1/1635 1683/1/1666 1662/1/1645
f 1649/1/1635 1684/1/1667 1683/1/1666
f 1649/1/1635 1685/1/1668 1684/1/1667
f 1649/1/1635 1686/1/1669 1685/1/1668
f 1679/1/1662 1686/1/1669 1649/1/1635
f 1679/1/1662 1687/1/1670 1686/1/1669
f 1688/1/1671 1682/1/1665 1689/1/1672
f 1688/1/1671 1679/1/1662 1682/1/1665
f 1690/1/1673 1679/1/1662 1688/1/1671
f 1691/1/1674 1679/1/1662 1690/1/1673
f 1692/1/1675 1679/1/1662 1691/1/1674
f 1693/1/1676 1679/1/1662 1692/1/1675
f 1694/1/1677 1679/1/1662 1693/1/1676
f 1695/1/1678 1679/1/1662 1694/1/1677
f 1696/1/1679 1679/1/1662 1695/1/1678
f 1696/1/1679 1687/1/1670 1679/1/1662
f 1697/1/1680 1687/1/1670 1696/1/1679
f 1697/1/1680 1698/1/1681 1687/1/1670
f 1699/1/1682 1700/1/1683 1701/1/1684
f 1701/1/1684 1700/1/1683 1702/1/1685
f 1703/1/1686 1704/1/1687 1705/1/1688
f 1706/1/1689 1704/1/1687 1703/1/1686
f 1707/1/1690 1708/1/1691 1709/1/1692
f 1707/1/1690 1710/1/1693 1708/1/1691
f 1707/1/1690 1711/1/1694 1710/1/1693
f 1707/1/1690 1712/1/1695 1711/1/1694
f 1713/1/1696 1712/1/1695 1707/1/1690
f 1714/1/1697 1704/1/1687 1706/1/1689
f 1712/1/1695 1715/1/1698 1716/1/1699
f 1713/1/1696 1715/1/1698 1712/1/1695
f 1713/1/1696 1717/1/1700 1715/1/1698
f 1713/1/1696 1718/1/1701 1717/1/1700
f 1713/1/1696 1719/1/1702 1718/1/1701
f 1713/1/1696 1720/1/1703 1719/1/1702
f 1713/1/1696 1721/1/1704 1720/1/1703
f 1722/1/1705 1704/1/1687 1714/1/1697
f 1723/1/1706 1704/1/1687 1722/1/1705
f 1724/1/1707 1704/1/1687 1723/1/1706
f 1725/1/1708 1704/1/1687 1724/1/1707
f 1725/1/1708 1726/1/1709 1704/1/1687
f 1727/1/1710 1726/1/1709 1725/1/1708
f 1728/1/1711 1729/1/1712 1730/1/1713
f 1731/1/1714 1732/1/1715 1733/1/1716
f 1734/1/1717 1735/1/1718 1736/1/1719
f 1737/1/1720 1738/1/1721 1739/1/1722
f 1740/1/1723 1741/1/1724 1742/1/1725
f 1713/1/1696 1743/1/1726 1721/1/1704
f 1713/1/1696 1728/1/1711 1743/1/1726
f 1713/1/1696 1729/1/1712 1728/1/1711
f 1726/1/1709 1729/1/1712 1713/1/1696
f 1726/1/1709 1744/1/1727 1729/1/1712
f 1726/1/1709 1745/1/1728 1744/1/1727
f 1726/1/1709 1740/1/1723 1745/1/1728
f 1726/1/1709 1741/1/1724 1740/1/1723
f 1726/1/1709 1737/1/1720 1741/1/1724
f 1726/1/1709 1738/1/1721 1737/1/1720
f 1726/1/1709 1734/1/1717 1738/1/1721
f 1726/1/1709 1735/1/1718 1734/1/1717
f 1726/1/1709 1731/1/1714 1735/1/1718
f 1726/1/1709 1732/1/1715 1731/1/1714
f 1727/1/1710 1732/1/1715 1726/1/1709
f 1742/1/1725 1741/1/1724 1746/1/1729
f 1730/1/1713 1729/1/1712 1747/1/1730
f 1728/1/1711 1730/1/1713 1748/1/1731
f 1749/1/1732 1750/1/1733 1751/1/1734
f 1750/1/1733 1752/1/1735 1751/1/1734
f 1753/1/794 1754/1/1736 1755/1/1737
f 1753/1/794 1756/1/1738 1754/1/1736
f 1757/1/795 1758/1/795 1759/1/795
f 1760/1/794 1761/1/794 1753/1/794
f 1762/1/1739 1763/1/1740 1761/1/794
f 1763/1/1740 1762/1/1739 1764/1/1741
f 1765/1/1742 1766/1/1743 1767/1/1744
f 1767/1/1744 1768/1/1745 1765/1/1742
f 1769/1/802 1770/1/802 1771/1/802
f 1772/1/1746 1773/1/1746 1774/1/1746
f 1775/1/1747 1773/1/802 1776/1/1748
f 1777/1/1749 1778/1/1747 1779/1/1747
f 1780/1/1746 1781/1/1746 1773/1/1746
f 1782/1/1750 1783/1/1751 1784/1/1752
f 1785/1/1753 1782/1/1750 1784/1/1752
f 1786/1/1754 1787/1/1755 1788/1/1756
f 1789/1/1757 1790/1/1758 1791/1/1759
f 1792/1/1760 1793/1/1761 1787/1/1755
f 1789/1/1757 1786/1/1754 1794/1/1762
f 1786/1/1754 1792/1/1760 1787/1/1755
f 1794/1/1762 1786/1/1754 1788/1/1756
f 1795/1/1763 1789/1/1757 1794/1/1762
f 1789/1/1757 1795/1/1763 1790/1/1758
f 1787/1/1755 1793/1/1761 1796/1/1764
f 1797/1/1765 1798/1/1766 1799/1/1767
f 1800/1/1768 1801/1/1769 1802/1/1770
f 1803/1/1771 1802/1/1770 1804/1/1772
f 1803/1/1771 1800/1/1768 1802/1/1770
f 1797/1/1765 1805/1/1773 1798/1/1766
f 1805/1/1773 1797/1/1765 1801/1/1769
f 1804/1/1772 1806/1/1774 1807/1/1775
f 1804/1/1772 1808/1/1776 1806/1/1774
f 1802/1/1770 1808/1/1776 1804/1/1772
f 1805/1/1773 1801/1/1769 1800/1/1768
f 1809/1/1777 1810/1/1778 1811/1/1779
f 1812/1/1780 1809/1/1777 1811/1/1779
f 1813/1/1781 1814/1/1782 1815/1/1783
f 1816/1/1784 1817/1/1785 1818/1/1786
f 1815/1/1783 1816/1/1784 1818/1/1786
f 1815/1/1783 1814/1/1782 1816/1/1784
f 1809/1/1777 1819/1/1787 1810/1/1778
f 1809/1/1777 1820/1/1788 1813/1/1781
f 1809/1/1777 1812/1/1780 1820/1/1788
f 1813/1/1781 1820/1/1788 1814/1/1782
f 1816/1/1784 1821/1/1789 1817/1/1785
f 1822/1/1790 1823/1/1791 1824/1/1792
f 1825/1/1793 1826/1/1794 1822/1/1790
f 1825/1/1793 1822/1/1790 1827/1/1795
f 1828/1/1796 1829/1/1797 1830/1/1798
f 1827/1/1795 1828/1/1796 1830/1/1798
f 1829/1/1797 1831/1/1799 1832/1/1800
f 1822/1/1790 1826/1/1794 1833/1/1801
f 1822/1/1790 1833/1/1801 1823/1/1791
f 1822/1/1790 1828/1/1796 1827/1/1795
f 1828/1/1796 1834/1/1802 1829/1/1797
f 1834/1/1802 1831/1/1799 1829/1/1797
f 1835/1/1803 1836/1/1804 1837/1/1805
f 1836/1/1804 1838/1/1806 1837/1/1805
f 1837/1/1805 1839/1/1807 1840/1/1808
f 1839/1/1807 1837/1/1805 1838/1/1806
f 1838/1/1806 1841/1/1809 1839/1/1807
f 1842/1/1810 1841/1/1809 1838/1/1806
f 1842/1/1810 1838/1/1806 1843/1/1811
f 1836/1/1804 1844/1/1812 1838/1/1806
f 1844/1/1812 1845/1/1813 1846/1/1814
f 1838/1/1806 1844/1/1812 1847/1/1815
f 1838/1/1806 1847/1/1815 1843/1/1811
f 1848/1/1816 1843/1/1811 1847/1/1815
f 1844/1/1812 1846/1/1814 1847/1/1815
f 1847/1/1815 1846/1/1814 1849/1/1817
f 1850/1/1818 1847/1/1815 1849/1/1817
f 1851/1/1819 1847/1/1815 1850/1/1818
f 1849/1/1817 1846/1/1814 1852/1/1820
f 1852/1/1820 1846/1/1814 1853/1/1821
f 1854/1/1822 1850/1/1818 1849/1/1817
f 1855/1/1823 1856/1/1824 1857/1/1825
f 1857/1/1825 1856/1/1824 1858/1/1826
f 1858/1/1826 1859/1/1827 1860/1/1828
f 1861/1/1829 1862/1/1830 1863/1/1831
f 1857/1/1825 1864/1/1832 1855/1/1823
f 1865/1/1833 1864/1/1832 1857/1/1825
f 1864/1/1832 1866/1/1834 1863/1/1831
f 1861/1/1829 1863/1/1831 1866/1/1834
f 1860/1/1828 1867/1/1835 1858/1/1826
f 1860/1/1828 1868/1/1836 1867/1/1835
f 1869/1/1837 1860/1/1828 1870/1/1838
f 1858/1/1826 1867/1/1835 1865/1/1833
f 1865/1/1833 1867/1/1835 1868/1/1836
f 1865/1/1833 1857/1/1825 1858/1/1826
f 1869/1/1837 1868/1/1836 1860/1/1828
f 1871/1/1839 1869/1/1837 1870/1/1838
f 1872/1/1840 1869/1/1837 1871/1/1839
f 1873/1/1841 1865/1/1833 1868/1/1836
f 1869/1/1837 1873/1/1841 1868/1/1836
f 1871/1/1839 1870/1/1838 1874/1/1842
f 1865/1/1833 1866/1/1834 1864/1/1832
f 1875/1/1843 1866/1/1834 1865/1/1833
f 1875/1/1843 1865/1/1833 1876/1/1844
f 1872/1/1840 1877/1/1845 1869/1/1837
f 1876/1/1844 1865/1/1833 1873/1/1841
f 1878/1/1846 1872/1/1840 1871/1/1839
f 1877/1/1845 1873/1/1841 1869/1/1837
f 1879/1/1847 1872/1/1840 1878/1/1846
f 1880/1/1848 1875/1/1843 1876/1/1844
f 1879/1/1847 1877/1/1845 1872/1/1840
f 1876/1/1844 1873/1/1841 1877/1/1845
f 1877/1/1845 1880/1/1848 1876/1/1844
f 1871/1/1839 1881/1/1849 1878/1/1846
f 1882/1/1850 1883/1/1851 1884/1/1852
f 1885/1/1853 1886/1/1854 1887/1/1855
f 1885/1/1853 1888/1/1856 1886/1/1854
f 1889/1/1857 1887/1/1855 1890/1/1858
f 1889/1/1857 1885/1/1853 1887/1/1855
f 1891/1/1859 1883/1/1851 1892/1/1860
f 1893/1/1861 1882/1/1850 1884/1/1852
f 1894/1/1862 1890/1/1858 1895/1/1863
f 1883/1/1851 1896/1/1864 1884/1/1852
f 1891/1/1859 1896/1/1864 1883/1/1851
f 1893/1/1861 1895/1/1863 1882/1/1850
f 1897/1/1865 1888/1/1856 1885/1/1853
f 1889/1/1857 1890/1/1858 1894/1/1862
f 1898/1/1866 1891/1/1859 1899/1/1867
f 1900/1/1868 1891/1/1859 1898/1/1866
f 1894/1/1862 1895/1/1863 1893/1/1861
f 1901/1/1869 1902/1/1870 1903/1/1871
f 1904/1/1872 1894/1/1862 1893/1/1861
f 1905/1/1873 1906/1/1874 1907/1/1875
f 1905/1/1873 1907/1/1875 1904/1/1872
f 1905/1/1873 1904/1/1872 1893/1/1861
f 1906/1/1874 1908/1/1876 1907/1/1875
f 1909/1/1877 1908/1/1876 1906/1/1874
f 1910/1/1878 1896/1/1864 1900/1/1868
f 1911/1/1879 1912/1/1880 1913/1/1881
f 1914/1/1882 1908/1/1876 1909/1/1877
f 1914/1/1882 1909/1/1877 1915/1/1883
f 1915/1/1883 1903/1/1871 1914/1/1882
f 1916/1/1884 1903/1/1871 1915/1/1883
f 1917/1/1885 1918/1/1886 1902/1/1870
f 1919/1/1887 1917/1/1885 1902/1/1870
f 1919/1/1887 1902/1/1870 1920/1/1888
f 1921/1/1889 1917/1/1885 1919/1/1887
f 1922/1/1890 1923/1/1891 1924/1/1892
f 1912/1/1880 1925/1/1893 1922/1/1890
f 1926/1/1894 1912/1/1880 1911/1/1879
f 1922/1/1890 1925/1/1893 1927/1/1895
f 1928/1/1896 1903/1/1871 1916/1/1884
f 1926/1/1894 1925/1/1893 1912/1/1880
f 1923/1/1891 1922/1/1890 1927/1/1895
f 1929/1/1897 1921/1/1889 1919/1/1887
f 1901/1/1869 1920/1/1888 1902/1/1870
f 1930/1/1898 1916/1/1884 1924/1/1892
f 1931/1/1899 1925/1/1893 1926/1/1894
f 1923/1/1891 1930/1/1898 1924/1/1892
f 1928/1/1896 1901/1/1869 1903/1/1871
f 1932/1/1900 1933/1/1901 1928/1/1896
f 1934/1/1902 1925/1/1893 1931/1/1899
f 1935/1/1903 1928/1/1896 1916/1/1884
f 1916/1/1884 1930/1/1898 1935/1/1903
f 1936/1/1904 1928/1/1896 1935/1/1903
f 1936/1/1904 1932/1/1900 1928/1/1896
f 1937/1/1905 1938/1/1906 1939/1/1907
f 1932/1/1900 1940/1/1908 1933/1/1901
f 1938/1/1906 1940/1/1908 1941/1/1909
f 1941/1/1909 1940/1/1908 1932/1/1900
f 1941/1/1909 1939/1/1907 1938/1/1906
f 1942/1/1910 1937/1/1905 1943/1/1911
f 1944/1/1912 1937/1/1905 1939/1/1907
f 1945/1/1913 1946/1/1914 1947/1/1915
f 1948/1/1916 1945/1/1913 1947/1/1915
f 1949/1/1917 1950/1/1918 1951/1/1919
f 1952/1/1920 1948/1/1916 1947/1/1915
f 1952/1/1920 1947/1/1915 1950/1/1918
f 1951/1/1919 1942/1/1910 1943/1/1911
f 1953/1/1921 1951/1/1919 1943/1/1911
f 1951/1/1919 1953/1/1921 1954/1/1922
f 1955/1/1923 1951/1/1919 1954/1/1922
f 1956/1/1924 1957/1/1925 1958/1/1926
f 1959/1/1927 1960/1/1928 1961/1/1929
f 1956/1/1924 1962/1/1930 1957/1/1925
f 1963/1/1931 1962/1/1930 1956/1/1924
f 1962/1/1930 1963/1/1931 1964/1/1932
f 1949/1/1917 1951/1/1919 1955/1/1923
f 1965/1/1933 1945/1/1913 1948/1/1916
f 1954/1/1922 1960/1/1928 1955/1/1923
f 1961/1/1929 1964/1/1932 1963/1/1931
f 1959/1/1927 1961/1/1929 1963/1/1931
f 1949/1/1917 1952/1/1920 1950/1/1918
f 1966/1/1934 1963/1/1931 1956/1/1924
f 1955/1/1923 1960/1/1928 1959/1/1927
f 1937/1/1905 1944/1/1912 1943/1/1911
f 1900/1/1868 1896/1/1864 1891/1/1859
f 1967/1/1935 1968/1/1936 1969/1/1937
f 1970/1/1938 1968/1/1936 1967/1/1935
f 1971/1/1939 1968/1/1936 1972/1/1940
f 1972/1/1940 1968/1/1936 1973/1/1941
f 1973/1/1941 1968/1/1936 1974/1/1942
f 1974/1/1942 1968/1/1936 1970/1/1938
f 1974/1/1942 1970/1/1938 1975/1/1943
f 1976/1/1944 1974/1/1942 1977/1/1945
f 1973/1/1941 1974/1/1942 1976/1/1944
f 1978/1/1946 1979/1/1947 1980/1/1948
f 1979/1/1947 1972/1/1940 1973/1/1941
f 1981/1/1949 1972/1/1940 1979/1/1947
f 1981/1/1949 1979/1/1947 1978/1/1946
f 1981/1/1949 1978/1/1946 1982/1/1950
f 1983/1/1951 1981/1/1949 1982/1/1950
f 1980/1/1948 1979/1/1947 1973/1/1941
f 1984/1/1952 1985/1/1953 1986/1/1954
f 1987/1/1955 1985/1/1953 1984/1/1952
f 1988/1/1956 1987/1/1955 1984/1/1952
f 1989/1/1957 1990/1/1958 1991/1/1959
f 1991/1/1959 1992/1/1960 1989/1/1957
f 1993/1/1961 1994/1/1962 1995/1/1963
f 1994/1/1962 1990/1/1958 1995/1/1963
f 1996/1/1964 1992/1/1960 1991/1/1959
f 1990/1/1958 1994/1/1962 1997/1/1965
f 1996/1/1964 1991/1/1959 1990/1/1958
f 1997/1/1965 1996/1/1964 1990/1/1958
f 1998/1/1966 1999/1/1967 2000/1/1968
f 1987/1/1955 2001/1/1969 1985/1/1953
f 1992/1/1960 1988/1/1956 1984/1/1952
f 2002/1/1970 1992/1/1960 2003/1/1971
f 2002/1/1970 1988/1/1956 1992/1/1960
f 2004/1/1972 2003/1/1971 1992/1/1960
f 2005/1/1973 1994/1/1962 1993/1/1961
f 1993/1/1961 2000/1/1968 2006/1/1974
f 2007/1/1975 1992/1/1960 1996/1/1964
f 1994/1/1962 2005/1/1973 1997/1/1965
f 2007/1/1975 1996/1/1964 1997/1/1965
f 2008/1/1976 2007/1/1975 1997/1/1965
f 1997/1/1965 2005/1/1973 2008/1/1976
f 2004/1/1972 1992/1/1960 2007/1/1975
f 2009/1/1977 2007/1/1975 2008/1/1976
f 2009/1/1977 2004/1/1972 2007/1/1975
f 2010/1/1978 1993/1/1961 2006/1/1974
f 2011/1/1979 2008/1/1976 2005/1/1973
f 2010/1/1978 2005/1/1973 1993/1/1961
f 2010/1/1978 2011/1/1979 2005/1/1973
f 2011/1/1979 2004/1/1972 2009/1/1977
f 2011/1/1979 2009/1/1977 2008/1/1976
f 1999/1/1967 2006/1/1974 2000/1/1968
f 2003/1/1971 2004/1/1972 2012/1/1980
f 2013/1/1981 2012/1/1980 2004/1/1972
f 2011/1/1979 2013/1/1981 2004/1/1972
f 2014/1/1982 2010/1/1978 2006/1/1974
f 2015/1/1983 2016/1/1984 2017/1/1985
f 2015/1/1983 2018/1/1986 2016/1/1984
f 2019/1/1987 2017/1/1985 2020/1/1988
f 2020/1/1988 2021/1/1989 2022/1/1990
f 2020/1/1988 2022/1/1990 2023/1/1991
f 2023/1/1991 2019/1/1987 2020/1/1988
f 2015/1/1983 2017/1/1985 2019/1/1987
f 2021/1/1989 2024/1/1992 2022/1/1990
f 2025/1/1993 2019/1/1987 2023/1/1991
f 2026/1/1994 2025/1/1993 2023/1/1991
f 2026/1/1994 2027/1/1995 2025/1/1993
f 2028/1/1996 2027/1/1995 2026/1/1994
f 2029/1/1997 2030/1/1998 2031/1/1999
f 2030/1/1998 2032/1/2000 2031/1/1999
f 2027/1/1995 2028/1/1996 2029/1/1997
f 2030/1/1998 2029/1/1997 2028/1/1996
f 2031/1/1999 2032/1/2000 2033/1/2001
f 2034/1/2002 2033/1/2001 2032/1/2000
f 2034/1/2002 2032/1/2000 2035/1/2003
f 2036/1/2004 2037/1/2005 2034/1/2002
f 2038/1/2006 2039/1/2007 2040/1/2008
f 2039/1/2007 2041/1/2009 2040/1/2008
f 2035/1/2003 2036/1/2004 2034/1/2002
f 2042/1/2010 2043/1/2011 2044/1/2012
f 2044/1/2012 2045/1/2013 2042/1/2010
f 2046/1/2014 2036/1/2004 2035/1/2003
f 2035/1/2003 2032/1/2000 2046/1/2014
f 2043/1/2011 2047/1/2015 2044/1/2012
f 2048/1/2016 2039/1/2007 2038/1/2006
f 2048/1/2016 2038/1/2006 2037/1/2005
f 2048/1/2016 2037/1/2005 2036/1/2004
f 2049/1/2017 2045/1/2013 2044/1/2012
f 2032/1/2000 2045/1/2013 2050/1/2018
f 2050/1/2018 2045/1/2013 2049/1/2017
f 2046/1/2014 2032/1/2000 2050/1/2018
f 2049/1/2017 2051/1/2019 2050/1/2018
f 2052/1/2020 2036/1/2004 2053/1/2021
f 2053/1/2021 2036/1/2004 2046/1/2014
f 2053/1/2021 2054/1/2022 2055/1/2023
f 2053/1/2021 2055/1/2023 2052/1/2020
f 2056/1/2024 2054/1/2022 2053/1/2021
f 2057/1/2025 2054/1/2022 2058/1/2026
f 2059/1/2027 2060/1/2028 2061/1/2029
f 2060/1/2028 2062/1/2030 2063/1/2031
f 2058/1/2026 2054/1/2022 2056/1/2024
f 2064/1/2032 2065/1/2033 2066/1/2034
f 2061/1/2029 2057/1/2025 2067/1/2035
f 2067/1/2035 2057/1/2025 2058/1/2026
f 2065/1/2033 2064/1/2032 2068/1/2036
f 2069/1/2037 2065/1/2033 2068/1/2036
f 2070/1/2038 2069/1/2037 2068/1/2036
f 2062/1/2030 2060/1/2028 2071/1/2039
f 2059/1/2027 2072/1/2040 2060/1/2028
f 2071/1/2039 2060/1/2028 2073/1/2041
f 2074/1/2042 2067/1/2035 2065/1/2033
f 2072/1/2040 2073/1/2041 2060/1/2028
f 2075/1/2043 2071/1/2039 2073/1/2041
f 2069/1/2037 2074/1/2042 2065/1/2033
f 2067/1/2035 2059/1/2027 2061/1/2029
f 2076/1/2044 2077/1/2045 2078/1/2046
f 2079/1/2047 2080/1/2048 2070/1/2038
f 2081/1/2049 2059/1/2027 2067/1/2035
f 2067/1/2035 2074/1/2042 2081/1/2049
f 2070/1/2038 2080/1/2048 2069/1/2037
f 2082/1/2050 2083/1/2051 2059/1/2027
f 2081/1/2049 2082/1/2050 2059/1/2027
f 2084/1/2052 2085/1/2053 2086/1/2054
f 2087/1/2055 2085/1/2053 2084/1/2052
f 2084/1/2052 2086/1/2054 2083/1/2051
f 2084/1/2052 2083/1/2051 2082/1/2050
f 2088/1/2056 2085/1/2053 2087/1/2055
f 2089/1/2057 2088/1/2056 2090/1/2058
f 2088/1/2056 2087/1/2055 2090/1/2058
f 2078/1/2046 2089/1/2057 2090/1/2058
f 2077/1/2045 2091/1/2059 2092/1/2060
f 2091/1/2059 2077/1/2045 2076/1/2044
f 2093/1/2061 2078/1/2046 2090/1/2058
f 2090/1/2058 2094/1/2062 2093/1/2061
f 2076/1/2044 2078/1/2046 2093/1/2061
f 2093/1/2061 2094/1/2062 2095/1/2063
f 2096/1/2064 2097/1/2065 2098/1/2066
f 2099/1/2067 2097/1/2065 2096/1/2064
f 2100/1/2068 2099/1/2067 2096/1/2064
f 2101/1/2069 2102/1/2070 2103/1/2071
f 2104/1/2072 2105/1/2073 2106/1/2074
f 2107/1/2075 2101/1/2069 2103/1/2071
f 2107/1/2075 2108/1/2076 2101/1/2069
f 2109/1/2077 2110/1/2078 2111/1/2079
f 2112/1/2080 2098/1/2066 2109/1/2077
f 2113/1/2081 2100/1/2068 2096/1/2064
f 2111/1/2079 2110/1/2078 2108/1/2076
f 2114/1/2082 2104/1/2072 2106/1/2074
f 2115/1/2083 2111/1/2079 2108/1/2076
f 2116/1/2084 2105/1/2073 2117/1/2085
f 2109/1/2077 2111/1/2079 2115/1/2083
f 2112/1/2080 2096/1/2064 2098/1/2066
f 2118/1/2086 2113/1/2081 2096/1/2064
f 2106/1/2074 2105/1/2073 2116/1/2084
f 2119/1/2087 2112/1/2080 2109/1/2077
f 2120/1/2088 2108/1/2076 2107/1/2075
f 2115/1/2083 2108/1/2076 2120/1/2088
f 2119/1/2087 2109/1/2077 2115/1/2083
f 2121/1/2089 2122/1/2090 2115/1/2083
f 2123/1/2091 2124/1/2092 2122/1/2090
f 2121/1/2089 2123/1/2091 2122/1/2090
f 2125/1/2093 2126/1/2094 2127/1/2095
f 2128/1/2096 2129/1/2097 2130/1/2098
f 2131/1/2099 2126/1/2094 2129/1/2097
f 2128/1/2096 2132/1/2100 2129/1/2097
f 2133/1/2101 2130/1/2098 2134/1/2102
f 2134/1/2102 2130/1/2098 2135/1/2103
f 2136/1/2104 2137/1/2105 2138/1/2106
f 2139/1/2107 2134/1/2102 2135/1/2103
f 2140/1/2108 2141/1/2109 2142/1/2110
f 2143/1/2111 2144/1/2112 2145/1/2113
f 2143/1/2111 2146/1/2114 2144/1/2112
f 2140/1/2108 2146/1/2114 2143/1/2111
f 2142/1/2110 2147/1/2115 2148/1/2116
f 2143/1/2111 2141/1/2109 2140/1/2108
f 2149/1/2117 2150/1/2118 2151/1/2119
f 2152/1/2120 2149/1/2117 2151/1/2119
f 2153/1/2121 2154/1/2122 2142/1/2110
f 2152/1/2120 2151/1/2119 2154/1/2122
f 2153/1/2121 2142/1/2110 2148/1/2116
f 2155/1/2123 2156/1/2124 2157/1/2125
f 2156/1/2124 2155/1/2123 2158/1/2126
f 2157/1/2125 2144/1/2112 2146/1/2114
f 2159/1/2127 2157/1/2125 2156/1/2124
f 2160/1/2128 2161/1/2129 2162/1/2130
f 2163/1/2131 2162/1/2130 2161/1/2129
f 2164/1/2132 2117/1/2085 2165/1/2133
f 2166/1/2134 2133/1/2101 2134/1/2102
f 2131/1/2099 2129/1/2097 2132/1/2100
f 2116/1/2084 2117/1/2085 2164/1/2132
f 2165/1/2133 2167/1/2135 2164/1/2132
f 2167/1/2135 2165/1/2133 2125/1/2093
f 2168/1/2136 2133/1/2101 2166/1/2134
f 2131/1/2099 2127/1/2095 2126/1/2094
f 2169/1/2137 2139/1/2107 2135/1/2103
f 2170/1/2138 2138/1/2106 2137/1/2105
f 2139/1/2107 2166/1/2134 2134/1/2102
f 2171/1/2139 2166/1/2134 2139/1/2107
f 2172/1/2140 2136/1/2104 2150/1/2118
f 2168/1/2136 2166/1/2134 2171/1/2139
f 2149/1/2117 2172/1/2140 2150/1/2118
f 2139/1/2107 2168/1/2136 2171/1/2139
f 2172/1/2140 2137/1/2105 2136/1/2104
f 2145/1/2113 2141/1/2109 2143/1/2111
f 2153/1/2121 2152/1/2120 2154/1/2122
f 2157/1/2125 2159/1/2127 2144/1/2112
f 2173/1/2141 2156/1/2124 2158/1/2126
f 2156/1/2124 2173/1/2141 2174/1/2142
f 2175/1/2143 2160/1/2128 2162/1/2130
f 2160/1/2128 2175/1/2143 2174/1/2142
f 2125/1/2093 2127/1/2095 2167/1/2135
f 2128/1/2096 2130/1/2098 2133/1/2101
f 2168/1/2136 2128/1/2096 2133/1/2101
f 2176/1/2144 2116/1/2084 2164/1/2132
f 2177/1/2145 2116/1/2084 2176/1/2144
f 2178/1/2146 2179/1/2147 2180/1/2148
f 2180/1/2148 2179/1/2147 2176/1/2144
f 2176/1/2144 2179/1/2147 2177/1/2145
f 2181/1/2149 2168/1/2136 2139/1/2107
f 2170/1/2138 2137/1/2105 2169/1/2137
f 2139/1/2107 2169/1/2137 2181/1/2149
f 2181/1/2149 2169/1/2137 2168/1/2136
f 2182/1/2150 2168/1/2136 2169/1/2137
f 2183/1/2151 2184/1/2152 2169/1/2137
f 2184/1/2152 2182/1/2150 2169/1/2137
f 2185/1/2153 2147/1/2115 2141/1/2109
f 2185/1/2153 2141/1/2109 2145/1/2113
f 2186/1/2154 2145/1/2113 2144/1/2112
f 2185/1/2153 2145/1/2113 2186/1/2154
f 2187/1/2155 2185/1/2153 2186/1/2154
f 2188/1/2156 2189/1/2157 2190/1/2158
f 2191/1/2159 2149/1/2117 2152/1/2120
f 2192/1/2160 2190/1/2158 2191/1/2159
f 2192/1/2160 2152/1/2120 2153/1/2121
f 2192/1/2160 2153/1/2121 2148/1/2116
f 2192/1/2160 2191/1/2159 2152/1/2120
f 2148/1/2116 2190/1/2158 2192/1/2160
f 2188/1/2156 2190/1/2158 2148/1/2116
f 2163/1/2131 2193/1/2161 2162/1/2130
f 2144/1/2112 2159/1/2127 2186/1/2154
f 2115/1/2083 2122/1/2090 2119/1/2087
f 2174/1/2142 2173/1/2141 2160/1/2128
f 2160/1/2128 2173/1/2141 2161/1/2129
f 2161/1/2129 2173/1/2141 2158/1/2126
f 2142/1/2110 2141/1/2109 2147/1/2115
f 2135/1/2103 2170/1/2138 2169/1/2137
f 2194/1/2162 2195/1/2163 2196/1/2164
f 2197/1/2165 2198/1/2166 2195/1/2163
f 2199/1/2167 2200/1/2168 2201/1/2169
f 2199/1/2167 2201/1/2169 2202/1/2170
f 2203/1/2171 2204/1/2172 2205/1/2173
f 2206/1/2174 2207/1/2175 2208/1/2176
f 2209/1/2177 2210/1/2178 2211/1/2179
f 2209/1/2177 2211/1/2179 2202/1/2170
f 2210/1/2178 2196/1/2164 2211/1/2179
f 2212/1/2180 2195/1/2163 2194/1/2162
f 2212/1/2180 2197/1/2165 2195/1/2163
f 2210/1/2178 2194/1/2162 2196/1/2164
f 2213/1/2181 2207/1/2175 2206/1/2174
f 2208/1/2176 2207/1/2175 2214/1/2182
f 2208/1/2176 2214/1/2182 2202/1/2170
f 2213/1/2181 2206/1/2174 2215/1/2183
f 2213/1/2181 2215/1/2183 2216/1/2184
f 2213/1/2181 2216/1/2184 2217/1/2185
f 2216/1/2184 2203/1/2171 2218/1/2186
f 2212/1/2180 2219/1/2187 2197/1/2165
f 2209/1/2177 2202/1/2170 2214/1/2182
f 2217/1/2185 2216/1/2184 2218/1/2186
f 2220/1/2188 2221/1/2189 2222/1/2190
f 2204/1/2172 2223/1/2191 2205/1/2173
f 2205/1/2173 2223/1/2191 2224/1/2192
f 2225/1/2193 2221/1/2189 2220/1/2188
f 2226/1/2194 2203/1/2171 2205/1/2173
f 2227/1/2195 2228/1/2196 2229/1/2197
f 2226/1/2194 2218/1/2186 2203/1/2171
f 2230/1/2198 2226/1/2194 2231/1/2199
f 2218/1/2186 2226/1/2194 2230/1/2198
f 2232/1/2200 2225/1/2193 2220/1/2188
f 2232/1/2200 2233/1/2201 2225/1/2193
f 2234/1/2202 2235/1/2203 2236/1/2204
f 2234/1/2202 2236/1/2204 2237/1/2205
f 2238/1/2206 2234/1/2202 2237/1/2205
f 2238/1/2206 2237/1/2205 2239/1/2207
f 2240/1/2208 2233/1/2201 2232/1/2200
f 2241/1/2209 2233/1/2201 2240/1/2208
f 2242/1/2210 2243/1/2211 2244/1/2212
f 2245/1/2213 2243/1/2211 2242/1/2210
f 2246/1/2214 2243/1/2211 2247/1/2215
f 2247/1/2215 2243/1/2211 2245/1/2213
f 2248/1/2216 2239/1/2207 2237/1/2205
f 2244/1/2212 2245/1/2213 2242/1/2210
f 2249/1/2217 2250/1/2218 2248/1/2216
f 2250/1/2218 2251/1/2219 2248/1/2216
f 2248/1/2216 2251/1/2219 2239/1/2207
f 2250/1/2218 2249/1/2217 2252/1/2220
f 2253/1/2221 2254/1/2222 2255/1/2223
f 2256/1/2224 2257/1/2225 2258/1/2226
f 2253/1/2221 2259/1/2227 2254/1/2222
f 2259/1/2227 2256/1/2224 2254/1/2222
f 2227/1/2195 2229/1/2197 2260/1/2228
f 2261/1/2229 2227/1/2195 2260/1/2228
f 2262/1/2230 2228/1/2196 2227/1/2195
f 2261/1/2229 2260/1/2228 2241/1/2209
f 2241/1/2209 2260/1/2228 2233/1/2201
f 2263/1/2231 2230/1/2198 2231/1/2199
f 2263/1/2231 2231/1/2199 2264/1/2232
f 2265/1/2233 2235/1/2203 2266/1/2234
f 2267/1/2235 2235/1/2203 2234/1/2202
f 2238/1/2206 2267/1/2235 2234/1/2202
f 2268/1/2236 2238/1/2206 2239/1/2207
f 2268/1/2236 2267/1/2235 2238/1/2206
f 2247/1/2215 2269/1/2237 2246/1/2214
f 2249/1/2217 2246/1/2214 2269/1/2237
f 2249/1/2217 2269/1/2237 2270/1/2238
f 2268/1/2236 2239/1/2207 2271/1/2239
f 2252/1/2220 2251/1/2219 2250/1/2218
f 2270/1/2238 2252/1/2220 2249/1/2217
f 2271/1/2239 2239/1/2207 2251/1/2219
f 2272/1/2240 2259/1/2227 2253/1/2221
f 2273/1/2241 2253/1/2221 2274/1/2242
f 2272/1/2240 2253/1/2221 2273/1/2241
f 2275/1/2243 2244/1/2212 2258/1/2226
f 2275/1/2243 2245/1/2213 2244/1/2212
f 2275/1/2243 2258/1/2226 2257/1/2225
f 2257/1/2225 2256/1/2224 2259/1/2227
f 2276/1/2244 2275/1/2243 2257/1/2225
f 2273/1/2241 2274/1/2242 2277/1/2245
f 2262/1/2230 2264/1/2232 2228/1/2196
f 2278/1/2246 2235/1/2203 2267/1/2235
f 2267/1/2235 2279/1/2247 2278/1/2246
f 2240/1/2208 2232/1/2200 2265/1/2233
f 2279/1/2247 2267/1/2235 2280/1/2248
f 2240/1/2208 2261/1/2229 2241/1/2209
f 2235/1/2203 2278/1/2246 2266/1/2234
f 2240/1/2208 2265/1/2233 2266/1/2234
f 2280/1/2248 2268/1/2236 2271/1/2239
f 2280/1/2248 2267/1/2235 2268/1/2236
f 2271/1/2239 2251/1/2219 2252/1/2220
f 2281/1/2249 2259/1/2227 2272/1/2240
f 2281/1/2249 2257/1/2225 2259/1/2227
f 2276/1/2244 2257/1/2225 2281/1/2249
f 2211/1/2179 2199/1/2167 2202/1/2170
f 2263/1/2231 2264/1/2232 2262/1/2230
f 2282/1/2250 2283/1/2251 2284/1/2252
f 2285/1/2253 2286/1/2254 2287/1/2255
f 2285/1/2253 2288/1/2256 2286/1/2254
f 2288/1/2256 2285/1/2253 2289/1/2257
f 2288/1/2256 2282/1/2250 2290/1/2258
f 2288/1/2256 2289/1/2257 2282/1/2250
f 2290/1/2258 2282/1/2250 2284/1/2252
f 2284/1/2252 2291/1/2259 2292/1/2260
f 2284/1/2252 2283/1/2251 2291/1/2259
f 2293/1/2261 2294/1/2262 2295/1/2263
f 2296/1/2264 2297/1/2265 2298/1/2266
f 2296/1/2264 2298/1/2266 2299/1/2267
f 2296/1/2264 2295/1/2263 2297/1/2265
f 2296/1/2264 2300/1/2268 2295/1/2263
f 2300/1/2268 2293/1/2261 2295/1/2263
f 2294/1/2262 2301/1/2269 2302/1/2270
f 2294/1/2262 2293/1/2261 2301/1/2269
f 2301/1/2269 2303/1/2271 2302/1/2270
f 2301/1/2269 2304/1/2272 2303/1/2271
f 2305/1/2273 2306/1/2274 2307/1/2275
f 2308/1/2276 2309/1/2277 2310/1/2278
f 2308/1/2276 2310/1/2278 2311/1/2279
f 2309/1/2277 2308/1/2276 2312/1/2280
f 2312/1/2280 2305/1/2273 2309/1/2277
f 2312/1/2280 2313/1/2281 2305/1/2273
f 2305/1/2273 2313/1/2281 2306/1/2274
f 2306/1/2274 2314/1/2282 2307/1/2275
f 2306/1/2274 2315/1/2283 2314/1/2282
f 2316/1/2284 2317/1/2285 2318/1/2286
f 2319/1/2287 2320/1/2288 2321/1/2289
f 2317/1/2285 2322/1/2290 2323/1/2291
f 2320/1/2288 2319/1/2287 2324/1/2292
f 2316/1/2284 2322/1/2290 2317/1/2285
f 2319/1/2287 2325/1/2293 2324/1/2292
f 2325/1/2293 2316/1/2284 2324/1/2292
f 2316/1/2284 2325/1/2293 2326/1/2294
f 2319/1/2287 2321/1/2289 2327/1/2295
f 2326/1/2294 2322/1/2290 2316/1/2284
f 2328/1/2296 2329/1/2297 2330/1/2298
f 2328/1/2296 2330/1/2298 2331/1/2299
f 2328/1/2296 2331/1/2299 2332/1/2300
f 2332/1/2300 2331/1/2299 2333/1/2301
f 2334/1/2302 2332/1/2300 2333/1/2301
f 2335/1/2303 2334/1/2302 2333/1/2301
f 2336/1/2304 2334/1/2302 2335/1/2303
f 2337/1/2305 2338/1/2306 2339/1/2307
f 2340/1/2308 2341/1/2309 2338/1/2306
f 2342/1/2310 2338/1/2306 2337/1/2305
f 2343/1/2311 2344/1/2312 2345/1/2313
f 2346/1/2314 2347/1/2315 2348/1/2316
f 2342/1/2310 2340/1/2308 2338/1/2306
f 2349/1/2317 2339/1/2307 2334/1/2302
f 2349/1/2317 2337/1/2305 2339/1/2307
f 2350/1/2318 2343/1/2311 2345/1/2313
f 2347/1/2315 2351/1/2319 2348/1/2316
f 2352/1/2320 2336/1/2304 2335/1/2303
f 2346/1/2314 2352/1/2320 2335/1/2303
f 2353/1/2321 2351/1/2319 2347/1/2315
f 2349/1/2317 2334/1/2302 2336/1/2304
f 2346/1/2314 2348/1/2316 2352/1/2320
f 2354/1/2322 2355/1/2323 2356/1/2324
f 2357/1/2325 2343/1/2311 2350/1/2318
f 2352/1/2320 2356/1/2324 2336/1/2304
f 2358/1/2326 2356/1/2324 2352/1/2320
f 2359/1/2327 2355/1/2323 2354/1/2322
f 2359/1/2327 2354/1/2322 2360/1/2328
f 2358/1/2326 2354/1/2322 2356/1/2324
f 2361/1/2329 2362/1/2330 2363/1/2331
f 2363/1/2331 2359/1/2327 2364/1/2332
f 2364/1/2332 2359/1/2327 2360/1/2328
f 2363/1/2331 2364/1/2332 2361/1/2329
f 2365/1/2333 2366/1/2334 2362/1/2330
f 2365/1/2333 2362/1/2330 2361/1/2329
f 2367/1/2335 2366/1/2334 2365/1/2333
f 2368/1/2336 2369/1/2337 2370/1/2338
f 2368/1/2336 2370/1/2338 2371/1/2339
f 2372/1/2340 2369/1/2337 2373/1/2341
f 2374/1/2342 2375/1/2343 2376/1/2344
f 2377/1/2345 2375/1/2343 2374/1/2342
f 2378/1/2346 2375/1/2343 2377/1/2345
f 2379/1/2347 2380/1/2348 2381/1/2349
f 2382/1/2350 2368/1/2336 2371/1/2339
f 2375/1/2343 2383/1/2351 2380/1/2348
f 2380/1/2348 2383/1/2351 2384/1/2352
f 2381/1/2349 2380/1/2348 2384/1/2352
f 2385/1/2353 2371/1/2339 2366/1/2334
f 2367/1/2335 2385/1/2353 2366/1/2334
f 2386/1/2354 2373/1/2341 2369/1/2337
f 2386/1/2354 2369/1/2337 2368/1/2336
f 2382/1/2350 2371/1/2339 2385/1/2353
f 2387/1/2355 2379/1/2347 2381/1/2349
f 2387/1/2355 2365/1/2333 2379/1/2347
f 2365/1/2333 2387/1/2355 2367/1/2335
f 2387/1/2355 2385/1/2353 2367/1/2335
f 2388/1/2356 2389/1/2357 2387/1/2355
f 2389/1/2357 2385/1/2353 2387/1/2355
f 2390/1/2358 2391/1/2359 2388/1/2356
f 2388/1/2356 2391/1/2359 2389/1/2357
f 2392/1/2360 2393/1/2361 2394/1/2362
f 2390/1/2358 2394/1/2362 2391/1/2359
f 2392/1/2360 2394/1/2362 2390/1/2358
f 2353/1/2321 2347/1/2315 2395/1/2363
f 2384/1/2352 2396/1/2364 2397/1/2365
f 2383/1/2351 2396/1/2364 2384/1/2352
f 2383/1/2351 2398/1/2366 2396/1/2364
f 2383/1/2351 2378/1/2346 2398/1/2366
f 2383/1/2351 2375/1/2343 2378/1/2346
f 2399/1/2367 2400/1/2368 2401/1/2369
f 2402/1/2370 2403/1/2371 2404/1/2372
f 2401/1/2369 2405/1/2373 2404/1/2372
f 2401/1/2369 2400/1/2368 2406/1/2374
f 2406/1/2374 2407/1/2375 2401/1/2369
f 2408/1/2376 2409/1/2377 2410/1/2378
f 2411/1/2379 2412/1/2380 2407/1/2375
f 2411/1/2379 2407/1/2375 2406/1/2374
f 2413/1/2381 2410/1/2378 2414/1/2382
f 2412/1/2380 2401/1/2369 2407/1/2375
f 2415/1/2383 2416/1/2384 2417/1/2385
f 2414/1/2382 2415/1/2383 2417/1/2385
f 2418/1/2386 2419/1/2387 2420/1/2388
f 2421/1/2389 2422/1/2390 2423/1/2391
f 2424/1/2392 2414/1/2382 2417/1/2385
f 2425/1/2393 2424/1/2392 2423/1/2391
f 2419/1/2387 2426/1/2394 2420/1/2388
f 2427/1/2395 2428/1/2396 2429/1/2397
f 2430/1/2398 2428/1/2396 2427/1/2395
f 2431/1/2399 2428/1/2396 2430/1/2398
f 2431/1/2399 2432/1/2400 2428/1/2396
f 2433/1/2401 2418/1/2386 2420/1/2388
f 2434/1/2402 2435/1/2403 2420/1/2388
f 2420/1/2388 2432/1/2400 2434/1/2402
f 2436/1/2404 2437/1/2405 2438/1/2406
f 2437/1/2405 2439/1/2407 2440/1/2408
f 2440/1/2408 2439/1/2407 2441/1/2409
f 2442/1/2410 2440/1/2408 2441/1/2409
f 2443/1/2411 2436/1/2404 2438/1/2406
f 2442/1/2410 2427/1/2395 2429/1/2397
f 2442/1/2410 2444/1/2412 2427/1/2395
f 2445/1/2413 2446/1/2414 2447/1/2415
f 2446/1/2414 2448/1/2416 2447/1/2415
f 2449/1/2417 2443/1/2411 2450/1/2418
f 2446/1/2414 2451/1/2419 2448/1/2416
f 2452/1/2420 2443/1/2411 2449/1/2417
f 2451/1/2419 2450/1/2418 2448/1/2416
f 2453/1/2421 2454/1/2422 2445/1/2413
f 2454/1/2422 2455/1/2423 2445/1/2413
f 2404/1/2372 2456/1/2424 2402/1/2370
f 2405/1/2373 2401/1/2369 2412/1/2380
f 2457/1/2425 2404/1/2372 2405/1/2373
f 2456/1/2424 2404/1/2372 2457/1/2425
f 2458/1/2426 2410/1/2378 2413/1/2381
f 2458/1/2426 2408/1/2376 2410/1/2378
f 2409/1/2377 2408/1/2376 2406/1/2374
f 2406/1/2374 2408/1/2376 2411/1/2379
f 2459/1/2427 2412/1/2380 2411/1/2379
f 2411/1/2379 2460/1/2428 2459/1/2427
f 2461/1/2429 2459/1/2427 2460/1/2428
f 2462/1/2430 2414/1/2382 2424/1/2392
f 2462/1/2430 2424/1/2392 2425/1/2393
f 2423/1/2391 2422/1/2390 2463/1/2431
f 2464/1/2432 2422/1/2390 2421/1/2389
f 2464/1/2432 2421/1/2389 2465/1/2433
f 2464/1/2432 2465/1/2433 2418/1/2386
f 2433/1/2401 2464/1/2432 2418/1/2386
f 2425/1/2393 2423/1/2391 2463/1/2431
f 2466/1/2434 2462/1/2430 2425/1/2393
f 2466/1/2434 2467/1/2435 2468/1/2436
f 2467/1/2435 2466/1/2434 2425/1/2393
f 2433/1/2401 2420/1/2388 2435/1/2403
f 2444/1/2412 2430/1/2398 2427/1/2395
f 2432/1/2400 2431/1/2399 2434/1/2402
f 2469/1/2437 2470/1/2438 2433/1/2401
f 2435/1/2403 2469/1/2437 2433/1/2401
f 2439/1/2407 2437/1/2405 2436/1/2404
f 2471/1/2439 2472/1/2440 2473/1/2441
f 2474/1/2442 2471/1/2439 2473/1/2441
f 2441/1/2409 2474/1/2442 2473/1/2441
f 2441/1/2409 2439/1/2407 2474/1/2442
f 2436/1/2404 2443/1/2411 2452/1/2420
f 2475/1/2443 2442/1/2410 2441/1/2409
f 2444/1/2412 2442/1/2410 2475/1/2443
f 2473/1/2441 2444/1/2412 2475/1/2443
f 2441/1/2409 2473/1/2441 2475/1/2443
f 2452/1/2420 2439/1/2407 2436/1/2404
f 2455/1/2423 2446/1/2414 2445/1/2413
f 2451/1/2419 2476/1/2444 2450/1/2418
f 2449/1/2417 2450/1/2418 2476/1/2444
f 2413/1/2381 2414/1/2382 2462/1/2430
f 2477/1/2445 2478/1/2446 2479/1/2447
f 2480/1/2448 2478/1/2446 2477/1/2445
f 2477/1/2445 2479/1/2447 2481/1/2449
f 2481/1/2449 2482/1/2450 2483/1/2451
f 2483/1/2451 2482/1/2450 2484/1/2452
f 2485/1/2453 2482/1/2450 2486/1/2454
f 2479/1/2447 2482/1/2450 2481/1/2449
f 2484/1/2452 2482/1/2450 2487/1/2455
f 2485/1/2453 2488/1/2456 2489/1/2457
f 2486/1/2454 2482/1/2450 2490/1/2458
f 2486/1/2454 2490/1/2458 2491/1/2459
f 2486/1/2454 2491/1/2459 2492/1/2460
f 2493/1/2461 2486/1/2454 2492/1/2460
f 2485/1/2453 2486/1/2454 2493/1/2461
f 2485/1/2453 2487/1/2455 2482/1/2450
f 2494/1/2462 2485/1/2453 2493/1/2461
f 2488/1/2456 2485/1/2453 2494/1/2462
f 2494/1/2462 2493/1/2461 2495/1/2463
f 2495/1/2463 2493/1/2461 2496/1/2464
f 2493/1/2461 2492/1/2460 2497/1/2465
f 2493/1/2461 2498/1/2466 2496/1/2464
f 2493/1/2461 2497/1/2465 2498/1/2466
f 2496/1/2464 2498/1/2466 2499/1/2467
f 2492/1/2460 2491/1/2459 2500/1/2468
f 2501/1/2469 2492/1/2460 2502/1/2470
f 2492/1/2460 2501/1/2469 2503/1/2471
f 2497/1/2465 2492/1/2460 2504/1/2472
f 2504/1/2472 2492/1/2460 2503/1/2471
f 2505/1/2473 2503/1/2471 2506/1/2474
f 2506/1/2474 2503/1/2471 2507/1/2475
f 2508/1/2476 2504/1/2472 2503/1/2471
f 2503/1/2471 2505/1/2473 2508/1/2476
f 2507/1/2475 2503/1/2471 2501/1/2469
f 2507/1/2475 2501/1/2469 2509/1/2477
f 2510/1/2478 2511/1/2479 2512/1/2480
f 2513/1/2481 2510/1/2478 2512/1/2480
f 2510/1/2478 2513/1/2481 2514/1/2482
f 2515/1/2483 2511/1/2479 2510/1/2478
f 2515/1/2483 2510/1/2478 2516/1/2484
f 2517/1/2485 2516/1/2484 2510/1/2478
f 2513/1/2481 2512/1/2480 2518/1/2486
f 2519/1/2487 2520/1/2488 2521/1/2489
f 2522/1/2490 2523/1/2491 2524/1/2492
f 2522/1/2490 2524/1/2492 2525/1/2493
f 2526/1/2494 2511/1/2479 2515/1/2483
f 2527/1/2495 2528/1/2496 2526/1/2494
f 2521/1/2489 2526/1/2494 2515/1/2483
f 2520/1/2488 2526/1/2494 2521/1/2489
f 2527/1/2495 2526/1/2494 2529/1/2497
f 2529/1/2497 2526/1/2494 2520/1/2488
f 2519/1/2487 2529/1/2497 2520/1/2488
f 2529/1/2497 2523/1/2491 2527/1/2495
f 2522/1/2490 2527/1/2495 2523/1/2491
f 2530/1/2498 2531/1/2499 2532/1/2500
f 2530/1/2498 2533/1/2501 2531/1/2499
f 2534/1/2502 2535/1/2503 2536/1/2504
f 2537/1/2505 2535/1/2503 2534/1/2502
f 2538/1/2506 2535/1/2503 2537/1/2505
f 2539/1/2507 2535/1/2503 2538/1/2506
f 2540/1/2508 2541/1/2508 2542/1/2508
f 2530/1/2498 2543/1/2509 2533/1/2501
f 2544/1/2510 2545/1/2511 2546/1/2512
f 2544/1/2510 2547/1/2513 2545/1/2511
f 2548/1/2514 2547/1/2513 2544/1/2510
f 2549/1/2515 2547/1/2513 2548/1/2514
f 2550/1/2516 2547/1/2513 2549/1/2515
f 2551/1/2517 2547/1/2513 2550/1/2516
f 2552/1/2518 2547/1/2513 2551/1/2517
f 2553/1/2519 2547/1/2513 2552/1/2518
f 2553/1/2519 2554/1/2520 2547/1/2513
f 2555/1/2521 2554/1/2520 2553/1/2519
f 2556/1/2522 2554/1/2520 2555/1/2521
f 2557/1/2523 2554/1/2520 2556/1/2522
f 2558/1/2524 2554/1/2520 2557/1/2523
f 2559/1/2525 2554/1/2520 2558/1/2524
f 2559/1/2525 2560/1/2526 2554/1/2520
f 2561/1/2527 2560/1/2526 2559/1/2525
f 2562/1/2528 2560/1/2526 2561/1/2527
f 2563/1/2529 2560/1/2526 2562/1/2528
f 2530/1/2498 2564/1/2530 2543/1/2509
f 2530/1/2498 2565/1/2531 2564/1/2530
f 2530/1/2498 2566/1/2532 2565/1/2531
f 2530/1/2498 2567/1/2533 2566/1/2532
f 2560/1/2526 2567/1/2533 2530/1/2498
f 2560/1/2526 2568/1/2534 2567/1/2533
f 2569/1/2535 2563/1/2529 2570/1/2536
f 2569/1/2535 2560/1/2526 2563/1/2529
f 2571/1/2537 2560/1/2526 2569/1/2535
f 2572/1/2538 2560/1/2526 2571/1/2537
f 2573/1/2539 2560/1/2526 2572/1/2538
f 2574/1/2540 2560/1/2526 2573/1/2539
f 2575/1/2541 2560/1/2526 2574/1/2540
f 2576/1/2542 2560/1/2526 2575/1/2541
f 2577/1/2543 2560/1/2526 2576/1/2542
f 2577/1/2543 2568/1/2534 2560/1/2526
f 2578/1/2544 2568/1/2534 2577/1/2543
f 2578/1/2544 2579/1/2545 2568/1/2534
f 2580/1/2546 2581/1/2547 2582/1/2548
f 2582/1/2548 2581/1/2547 2583/1/2549
f 2584/1/2550 2585/1/2551 2586/1/2552
f 2587/1/2553 2585/1/2551 2584/1/2550
f 2588/1/2554 2589/1/2555 2590/1/2556
f 2588/1/2554 2591/1/2557 2589/1/2555
f 2588/1/2554 2592/1/2558 2591/1/2557
f 2588/1/2554 2593/1/2559 2592/1/2558
f 2594/1/2560 2593/1/2559 2588/1/2554
f 2595/1/2561 2585/1/2551 2587/1/2553
f 2593/1/2559 2596/1/2562 2597/1/2563
f 2594/1/2560 2596/1/2562 2593/1/2559
f 2594/1/2560 2598/1/2564 2596/1/2562
f 2594/1/2560 2599/1/2565 2598/1/2564
f 2594/1/2560 2600/1/2566 2599/1/2565
f 2594/1/2560 2601/1/2567 2600/1/2566
f 2594/1/2560 2602/1/2568 2601/1/2567
f 2603/1/2569 2585/1/2551 2595/1/2561
f 2604/1/2570 2585/1/2551 2603/1/2569
f 2605/1/2571 2585/1/2551 2604/1/2570
f 2606/1/2572 2585/1/2551 2605/1/2571
f 2606/1/2572 2607/1/2573 2585/1/2551
f 2608/1/2574 2607/1/2573 2606/1/2572
f 2609/1/2575 2610/1/2576 2611/1/2577
f 2612/1/2578 2613/1/2579 2614/1/2580
f 2615/1/2581 2616/1/2582 2617/1/2583
f 2618/1/2584 2619/1/2585 2620/1/2586
f 2621/1/2587 2622/1/2588 2623/1/2589
f 2594/1/2560 2624/1/2590 2602/1/2568
f 2594/1/2560 2609/1/2575 2624/1/2590
f 2594/1/2560 2610/1/2576 2609/1/2575
f 2607/1/2573 2610/1/2576 2594/1/2560
f 2607/1/2573 2625/1/2591 2610/1/2576
f 2607/1/2573 2626/1/2592 2625/1/2591
f 2607/1/2573 2621/1/2587 2626/1/2592
f 2607/1/2573 2622/1/2588 2621/1/2587
f 2607/1/2573 2618/1/2584 2622/1/2588
f 2607/1/2573 2619/1/2585 2618/1/2584
f 2607/1/2573 2615/1/2581 2619/1/2585
f 2607/1/2573 2616/1/2582 2615/1/2581
f 2607/1/2573 2612/1/2578 2616/1/2582
f 2607/1/2573 2613/1/2579 2612/1/2578
f 2608/1/2574 2613/1/2579 2607/1/2573
f 2623/1/2589 2622/1/2588 2627/1/2593
f 2611/1/2577 2610/1/2576 2628/1/2594
f 2609/1/2575 2611/1/2577 2629/1/2595
f 2630/1/2596 2631/1/2597 2632/1/2598
f 2632/1/2598 2633/1/2599 2630/1/2596
f 2634/1/794 2635/1/2600 2636/1/2601
f 2634/1/794 2637/1/2602 2635/1/2600
f 2638/1/795 2639/1/795 2640/1/795
f 2641/1/794 2642/1/794 2634/1/794
f 2643/1/2603 2644/1/2604 2642/1/795
f 2644/1/2604 2643/1/2603 2645/1/1741
f 2646/1/2605 2647/1/2606 2648/1/2607
f 2648/1/2607 2649/1/2608 2646/1/2605
f 2650/1/802 2651/1/802 2652/1/802
f 2653/1/1746 2654/1/1746 2655/1/1746
f 2656/1/1748 2657/1/2609 2658/1/2610
f 2659/1/1749 2660/1/1749 2661/1/1749
f 2662/1/1746 2663/1/1746 2654/1/1746
f 2664/1/2611 2665/1/2612 2666/1/2613
f 2667/1/2614 2664/1/2611 2666/1/2613
f 2668/1/2615 2669/1/1755 2670/1/2616
f 2671/1/1757 2672/1/1758 2673/1/1759
f 2674/1/1760 2675/1/1761 2669/1/1755
f 2671/1/1757 2668/1/2615 2676/1/1762
f 2668/1/2615 2674/1/1760 2669/1/1755
f 2676/1/1762 2668/1/2615 2670/1/2616
f 2677/1/2617 2671/1/1757 2676/1/1762
f 2671/1/1757 2677/1/2617 2672/1/1758
f 2669/1/1755 2675/1/1761 2678/1/2618
f 2679/1/2619 2680/1/2620 2681/1/2621
f 2682/1/2622 2683/1/1769 2684/1/1770
f 2685/1/1771 2684/1/1770 2686/1/1772
f 2685/1/1771 2682/1/2622 2684/1/1770
f 2679/1/2619 2687/1/1773 2680/1/2620
f 2687/1/1773 2679/1/2619 2683/1/1769
f 2686/1/1772 2688/1/1774 2689/1/2623
f 2686/1/1772 2690/1/2624 2688/1/1774
f 2684/1/1770 2690/1/2624 2686/1/1772
f 2687/1/1773 2683/1/1769 2682/1/2622
f 2691/1/1777 2692/1/1778 2693/1/1779
f 2694/1/1780 2691/1/1777 2693/1/1779
f 2695/1/1781 2696/1/2625 2697/1/2626
f 2698/1/1784 2699/1/1785 2700/1/2627
f 2697/1/2626 2698/1/1784 2700/1/2627
f 2697/1/2626 2696/1/2625 2698/1/1784
f 2691/1/1777 2701/1/1787 2692/1/1778
f 2691/1/1777 2702/1/2628 2695/1/1781
f 2691/1/1777 2694/1/1780 2702/1/2628
f 2695/1/1781 2702/1/2628 2696/1/2625
f 2698/1/1784 2703/1/1789 2699/1/1785
f 2704/1/2629 2705/1/1791 2706/1/2630
f 2707/1/1793 2708/1/2631 2704/1/2629
f 2707/1/1793 2704/1/2629 2709/1/1795
f 2710/1/1796 2711/1/2632 2712/1/1798
f 2709/1/1795 2710/1/1796 2712/1/1798
f 2711/1/2632 2713/1/1799 2714/1/1800
f 2704/1/2629 2708/1/2631 2715/1/1801
f 2704/1/2629 2715/1/1801 2705/1/1791
f 2704/1/2629 2710/1/1796 2709/1/1795
f 2710/1/1796 2716/1/2633 2711/1/2632
f 2716/1/2633 2713/1/1799 2711/1/2632
f 2717/1/1803 2718/1/1804 2719/1/1805
f 2718/1/1804 2720/1/1806 2719/1/1805
f 2719/1/1805 2721/1/1807 2722/1/1808
f 2721/1/1807 2719/1/1805 2720/1/1806
f 2720/1/1806 2723/1/1809 2721/1/1807
f 2724/1/1810 2723/1/1809 2720/1/1806
f 2724/1/1810 2720/1/1806 2725/1/2634
f 2718/1/1804 2726/1/1812 2720/1/1806
f 2726/1/1812 2727/1/1813 2728/1/1814
f 2720/1/1806 2726/1/1812 2729/1/1815
f 2720/1/1806 2729/1/1815 2725/1/2634
f 2730/1/1816 2725/1/2634 2729/1/1815
f 2726/1/1812 2728/1/1814 2729/1/1815
f 2729/1/1815 2728/1/1814 2731/1/1817
f 2732/1/1818 2729/1/1815 2731/1/1817
f 2733/1/2635 2729/1/1815 2732/1/1818
f 2731/1/1817 2728/1/1814 2734/1/1820
f 2734/1/1820 2728/1/1814 2735/1/2636
f 2736/1/1822 2732/1/1818 2731/1/1817
f 2737/1/1823 2738/1/1824 2739/1/1825
f 2739/1/1825 2738/1/1824 2740/1/1826
f 2740/1/1826 2741/1/1827 2742/1/1828
f 2743/1/1829 2744/1/1830 2745/1/2637
f 2739/1/1825 2746/1/2638 2737/1/1823
f 2747/1/1833 2746/1/2638 2739/1/1825
f 2746/1/2638 2748/1/1834 2745/1/2637
f 2743/1/1829 2745/1/2637 2748/1/1834
f 2742/1/1828 2749/1/1835 2740/1/1826
f 2742/1/1828 2750/1/1836 2749/1/1835
f 2751/1/1837 2742/1/1828 2752/1/1838
f 2740/1/1826 2749/1/1835 2747/1/1833
f 2747/1/1833 2749/1/1835 2750/1/1836
f 2747/1/1833 2739/1/1825 2740/1/1826
f 2751/1/1837 2750/1/1836 2742/1/1828
f 2753/1/1839 2751/1/1837 2752/1/1838
f 2754/1/1840 2751/1/1837 2753/1/1839
f 2755/1/1841 2747/1/1833 2750/1/1836
f 2751/1/1837 2755/1/1841 2750/1/1836
f 2753/1/1839 2752/1/1838 2756/1/1842
f 2747/1/1833 2748/1/1834 2746/1/2638
f 2757/1/1843 2748/1/1834 2747/1/1833
f 2757/1/1843 2747/1/1833 2758/1/1844
f 2754/1/1840 2759/1/2639 2751/1/1837
f 2758/1/1844 2747/1/1833 2755/1/1841
f 2760/1/1846 2754/1/1840 2753/1/1839
f 2759/1/2639 2755/1/1841 2751/1/1837
f 2761/1/1847 2754/1/1840 2760/1/1846
f 2762/1/1848 2757/1/1843 2758/1/1844
f 2761/1/1847 2759/1/2639 2754/1/1840
f 2758/1/1844 2755/1/1841 2759/1/2639
f 2759/1/2639 2762/1/1848 2758/1/1844
f 2753/1/1839 2763/1/1849 2760/1/1846
f 2764/1/1850 2765/1/1851 2766/1/1852
f 2767/1/1853 2768/1/1854 2769/1/1855
f 2767/1/1853 2770/1/1856 2768/1/1854
f 2771/1/1857 2769/1/1855 2772/1/1858
f 2771/1/1857 2767/1/1853 2769/1/1855
f 2773/1/1859 2765/1/1851 2774/1/1860
f 2775/1/1861 2764/1/1850 2766/1/1852
f 2776/1/2640 2772/1/1858 2777/1/1863
f 2765/1/1851 2778/1/2641 2766/1/1852
f 2773/1/1859 2778/1/2641 2765/1/1851
f 2775/1/1861 2777/1/1863 2764/1/1850
f 2779/1/1865 2770/1/1856 2767/1/1853
f 2771/1/1857 2772/1/1858 2776/1/2640
f 2780/1/1866 2773/1/1859 2781/1/1867
f 2782/1/2642 2773/1/1859 2780/1/1866
f 2776/1/2640 2777/1/1863 2775/1/1861
f 2783/1/1869 2784/1/1870 2785/1/1871
f 2786/1/1872 2776/1/2640 2775/1/1861
f 2787/1/2643 2788/1/1874 2789/1/1875
f 2787/1/2643 2789/1/1875 2786/1/1872
f 2787/1/2643 2786/1/1872 2775/1/1861
f 2788/1/1874 2790/1/1876 2789/1/1875
f 2791/1/1877 2790/1/1876 2788/1/1874
f 2792/1/1878 2778/1/2641 2782/1/2642
f 2793/1/2644 2794/1/1880 2795/1/1881
f 2796/1/1882 2790/1/1876 2791/1/1877
f 2796/1/1882 2791/1/1877 2797/1/1883
f 2797/1/1883 2785/1/1871 2796/1/1882
f 2798/1/1884 2785/1/1871 2797/1/1883
f 2799/1/2645 2800/1/1886 2784/1/1870
f 2801/1/2646 2799/1/2645 2784/1/1870
f 2801/1/2646 2784/1/1870 2802/1/1888
f 2803/1/2647 2799/1/2645 2801/1/2646
f 2804/1/1890 2805/1/1891 2806/1/1892
f 2794/1/1880 2807/1/1893 2804/1/1890
f 2808/1/1894 2794/1/1880 2793/1/2644
f 2804/1/1890 2807/1/1893 2809/1/1895
f 2810/1/1896 2785/1/1871 2798/1/1884
f 2808/1/1894 2807/1/1893 2794/1/1880
f 2805/1/1891 2804/1/1890 2809/1/1895
f 2811/1/1897 2803/1/2647 2801/1/2646
f 2783/1/1869 2802/1/1888 2784/1/1870
f 2812/1/1898 2798/1/1884 2806/1/1892
f 2813/1/1899 2807/1/1893 2808/1/1894
f 2805/1/1891 2812/1/1898 2806/1/1892
f 2810/1/1896 2783/1/1869 2785/1/1871
f 2814/1/1900 2815/1/2648 2810/1/1896
f 2816/1/1902 2807/1/1893 2813/1/1899
f 2817/1/1903 2810/1/1896 2798/1/1884
f 2798/1/1884 2812/1/1898 2817/1/1903
f 2818/1/2649 2810/1/1896 2817/1/1903
f 2818/1/2649 2814/1/1900 2810/1/1896
f 2819/1/2650 2820/1/2651 2821/1/2652
f 2814/1/1900 2822/1/1908 2815/1/2648
f 2820/1/2651 2822/1/1908 2823/1/1909
f 2823/1/1909 2822/1/1908 2814/1/1900
f 2823/1/1909 2821/1/2652 2820/1/2651
f 2824/1/1910 2819/1/2650 2825/1/1911
f 2826/1/1912 2819/1/2650 2821/1/2652
f 2827/1/2653 2828/1/1914 2829/1/1915
f 2830/1/1916 2827/1/2653 2829/1/1915
f 2831/1/1917 2832/1/1918 2833/1/1919
f 2834/1/1920 2830/1/1916 2829/1/1915
f 2834/1/1920 2829/1/1915 2832/1/1918
f 2833/1/1919 2824/1/1910 2825/1/1911
f 2835/1/2654 2833/1/1919 2825/1/1911
f 2833/1/1919 2835/1/2654 2836/1/2655
f 2837/1/1923 2833/1/1919 2836/1/2655
f 2838/1/1924 2839/1/1925 2840/1/2656
f 2841/1/2657 2842/1/1928 2843/1/1929
f 2838/1/1924 2844/1/1930 2839/1/1925
f 2845/1/2658 2844/1/1930 2838/1/1924
f 2844/1/1930 2845/1/2658 2846/1/1932
f 2831/1/1917 2833/1/1919 2837/1/1923
f 2847/1/2659 2827/1/2653 2830/1/1916
f 2836/1/2655 2842/1/1928 2837/1/1923
f 2843/1/1929 2846/1/1932 2845/1/2658
f 2841/1/2657 2843/1/1929 2845/1/2658
f 2831/1/1917 2834/1/1920 2832/1/1918
f 2848/1/1934 2845/1/2658 2838/1/1924
f 2837/1/1923 2842/1/1928 2841/1/2657
f 2819/1/2650 2826/1/1912 2825/1/1911
f 2782/1/2642 2778/1/2641 2773/1/1859
f 2849/1/1935 2850/1/2660 2851/1/1937
f 2852/1/1938 2850/1/2660 2849/1/1935
f 2853/1/1939 2850/1/2660 2854/1/1940
f 2854/1/1940 2850/1/2660 2855/1/1941
f 2855/1/1941 2850/1/2660 2856/1/2661
f 2856/1/2661 2850/1/2660 2852/1/1938
f 2856/1/2661 2852/1/1938 2857/1/2662
f 2858/1/2663 2856/1/2661 2859/1/1945
f 2855/1/1941 2856/1/2661 2858/1/2663
f 2860/1/1946 2861/1/1947 2862/1/2664
f 2861/1/1947 2854/1/1940 2855/1/1941
f 2863/1/2665 2854/1/1940 2861/1/1947
f 2863/1/2665 2861/1/1947 2860/1/1946
f 2863/1/2665 2860/1/1946 2864/1/2666
f 2865/1/2667 2863/1/2665 2864/1/2666
f 2862/1/2664 2861/1/1947 2855/1/1941
f 2866/1/1952 2867/1/1953 2868/1/1954
f 2869/1/1955 2867/1/1953 2866/1/1952
f 2870/1/2668 2869/1/1955 2866/1/1952
f 2871/1/2669 2872/1/1958 2873/1/1959
f 2873/1/1959 2874/1/1960 2871/1/2669
f 2875/1/1961 2876/1/1962 2877/1/2670
f 2876/1/1962 2872/1/1958 2877/1/2670
f 2878/1/1964 2874/1/1960 2873/1/1959
f 2872/1/1958 2876/1/1962 2879/1/1965
f 2878/1/1964 2873/1/1959 2872/1/1958
f 2879/1/1965 2878/1/1964 2872/1/1958
f 2880/1/1966 2881/1/1967 2882/1/1968
f 2869/1/1955 2883/1/1969 2867/1/1953
f 2874/1/1960 2870/1/2668 2866/1/1952
f 2884/1/1970 2874/1/1960 2885/1/2671
f 2884/1/1970 2870/1/2668 2874/1/1960
f 2886/1/1972 2885/1/2671 2874/1/1960
f 2887/1/1973 2876/1/1962 2875/1/1961
f 2875/1/1961 2882/1/1968 2888/1/1974
f 2889/1/1975 2874/1/1960 2878/1/1964
f 2876/1/1962 2887/1/1973 2879/1/1965
f 2889/1/1975 2878/1/1964 2879/1/1965
f 2890/1/2672 2889/1/1975 2879/1/1965
f 2879/1/1965 2887/1/1973 2890/1/2672
f 2886/1/1972 2874/1/1960 2889/1/1975
f 2891/1/2673 2889/1/1975 2890/1/2672
f 2891/1/2673 2886/1/1972 2889/1/1975
f 2892/1/1978 2875/1/1961 2888/1/1974
f 2893/1/2674 2890/1/2672 2887/1/1973
f 2892/1/1978 2887/1/1973 2875/1/1961
f 2892/1/1978 2893/1/2674 2887/1/1973
f 2893/1/2674 2886/1/1972 2891/1/2673
f 2893/1/2674 2891/1/2673 2890/1/2672
f 2881/1/1967 2888/1/1974 2882/1/1968
f 2885/1/2671 2886/1/1972 2894/1/2675
f 2895/1/1981 2894/1/2675 2886/1/1972
f 2893/1/2674 2895/1/1981 2886/1/1972
f 2896/1/1982 2892/1/1978 2888/1/1974
f 2897/1/1983 2898/1/1984 2899/1/1985
f 2897/1/1983 2900/1/1986 2898/1/1984
f 2901/1/1987 2899/1/1985 2902/1/1988
f 2902/1/1988 2903/1/1989 2904/1/1990
f 2902/1/1988 2904/1/1990 2905/1/1991
f 2905/1/1991 2901/1/1987 2902/1/1988
f 2897/1/1983 2899/1/1985 2901/1/1987
f 2903/1/1989 2906/1/1992 2904/1/1990
f 2907/1/1993 2901/1/1987 2905/1/1991
f 2908/1/1994 2907/1/1993 2905/1/1991
f 2908/1/1994 2909/1/1995 2907/1/1993
f 2910/1/1996 2909/1/1995 2908/1/1994
f 2911/1/1997 2912/1/1998 2913/1/1999
f 2912/1/1998 2914/1/2000 2913/1/1999
f 2909/1/1995 2910/1/1996 2911/1/1997
f 2912/1/1998 2911/1/1997 2910/1/1996
f 2913/1/1999 2914/1/2000 2915/1/2001
f 2916/1/2676 2915/1/2001 2914/1/2000
f 2916/1/2676 2914/1/2000 2917/1/2677
f 2918/1/2004 2919/1/2005 2916/1/2676
f 2920/1/2006 2921/1/2007 2922/1/2008
f 2921/1/2007 2923/1/2678 2922/1/2008
f 2917/1/2677 2918/1/2004 2916/1/2676
f 2924/1/2010 2925/1/2011 2926/1/2679
f 2926/1/2679 2927/1/2013 2924/1/2010
f 2928/1/2014 2918/1/2004 2917/1/2677
f 2917/1/2677 2914/1/2000 2928/1/2014
f 2925/1/2011 2929/1/2015 2926/1/2679
f 2930/1/2680 2921/1/2007 2920/1/2006
f 2930/1/2680 2920/1/2006 2919/1/2005
f 2930/1/2680 2919/1/2005 2918/1/2004
f 2931/1/2017 2927/1/2013 2926/1/2679
f 2914/1/2000 2927/1/2013 2932/1/2018
f 2932/1/2018 2927/1/2013 2931/1/2017
f 2928/1/2014 2914/1/2000 2932/1/2018
f 2931/1/2017 2933/1/2019 2932/1/2018
f 2934/1/2020 2918/1/2004 2935/1/2021
f 2935/1/2021 2918/1/2004 2928/1/2014
f 2935/1/2021 2936/1/2022 2937/1/2681
f 2935/1/2021 2937/1/2681 2934/1/2020
f 2938/1/2024 2936/1/2022 2935/1/2021
f 2939/1/2682 2936/1/2022 2940/1/2026
f 2941/1/2027 2942/1/2028 2943/1/2029
f 2942/1/2028 2944/1/2683 2945/1/2031
f 2940/1/2026 2936/1/2022 2938/1/2024
f 2946/1/2032 2947/1/2684 2948/1/2034
f 2943/1/2029 2939/1/2682 2949/1/2035
f 2949/1/2035 2939/1/2682 2940/1/2026
f 2947/1/2684 2946/1/2032 2950/1/2036
f 2951/1/2685 2947/1/2684 2950/1/2036
f 2952/1/2686 2951/1/2685 2950/1/2036
f 2944/1/2683 2942/1/2028 2953/1/2039
f 2941/1/2027 2954/1/2040 2942/1/2028
f 2953/1/2039 2942/1/2028 2955/1/2041
f 2956/1/2042 2949/1/2035 2947/1/2684
f 2954/1/2040 2955/1/2041 2942/1/2028
f 2957/1/2043 2953/1/2039 2955/1/2041
f 2951/1/2685 2956/1/2042 2947/1/2684
f 2949/1/2035 2941/1/2027 2943/1/2029
f 2958/1/2044 2959/1/2045 2960/1/2046
f 2961/1/2687 2962/1/2048 2952/1/2686
f 2963/1/2688 2941/1/2027 2949/1/2035
f 2949/1/2035 2956/1/2042 2963/1/2688
f 2952/1/2686 2962/1/2048 2951/1/2685
f 2964/1/2050 2965/1/2051 2941/1/2027
f 2963/1/2688 2964/1/2050 2941/1/2027
f 2966/1/2689 2967/1/2053 2968/1/2054
f 2969/1/2055 2967/1/2053 2966/1/2689
f 2966/1/2689 2968/1/2054 2965/1/2051
f 2966/1/2689 2965/1/2051 2964/1/2050
f 2970/1/2690 2967/1/2053 2969/1/2055
f 2971/1/2057 2970/1/2690 2972/1/2691
f 2970/1/2690 2969/1/2055 2972/1/2691
f 2960/1/2046 2971/1/2057 2972/1/2691
f 2959/1/2045 2973/1/2059 2974/1/2692
f 2973/1/2059 2959/1/2045 2958/1/2044
f 2975/1/2693 2960/1/2046 2972/1/2691
f 2972/1/2691 2976/1/2694 2975/1/2693
f 2958/1/2044 2960/1/2046 2975/1/2693
f 2975/1/2693 2976/1/2694 2977/1/2063
f 2978/1/2695 2979/1/2065 2980/1/2066
f 2981/1/2067 2979/1/2065 2978/1/2695
f 2982/1/2068 2981/1/2067 2978/1/2695
f 2983/1/2696 2984/1/2070 2985/1/2697
f 2986/1/2072 2987/1/2073 2988/1/2074
f 2989/1/2075 2983/1/2696 2985/1/2697
f 2989/1/2075 2990/1/2076 2983/1/2696
f 2991/1/2077 2992/1/2078 2993/1/2079
f 2994/1/2080 2980/1/2066 2991/1/2077
f 2995/1/2698 2982/1/2068 2978/1/2695
f 2993/1/2079 2992/1/2078 2990/1/2076
f 2996/1/2082 2986/1/2072 2988/1/2074
f 2997/1/2083 2993/1/2079 2990/1/2076
f 2998/1/2084 2987/1/2073 2999/1/2085
f 2991/1/2077 2993/1/2079 2997/1/2083
f 2994/1/2080 2978/1/2695 2980/1/2066
f 3000/1/2086 2995/1/2698 2978/1/2695
f 2988/1/2074 2987/1/2073 2998/1/2084
f 3001/1/2087 2994/1/2080 2991/1/2077
f 3002/1/2088 2990/1/2076 2989/1/2075
f 2997/1/2083 2990/1/2076 3002/1/2088
f 3001/1/2087 2991/1/2077 2997/1/2083
f 3003/1/2089 3004/1/2090 2997/1/2083
f 3005/1/2091 3006/1/2092 3004/1/2090
f 3003/1/2089 3005/1/2091 3004/1/2090
f 3007/1/2093 3008/1/2094 3009/1/2095
f 3010/1/2096 3011/1/2699 3012/1/2700
f 3013/1/2701 3008/1/2094 3011/1/2699
f 3010/1/2096 3014/1/2100 3011/1/2699
f 3015/1/2702 3012/1/2700 3016/1/2102
f 3016/1/2102 3012/1/2700 3017/1/2103
f 3018/1/2104 3019/1/2105 3020/1/2106
f 3021/1/2107 3016/1/2102 3017/1/2103
f 3022/1/2108 3023/1/2109 3024/1/2703
f 3025/1/2111 3026/1/2112 3027/1/2113
f 3025/1/2111 3028/1/2114 3026/1/2112
f 3022/1/2108 3028/1/2114 3025/1/2111
f 3024/1/2703 3029/1/2115 3030/1/2116
f 3025/1/2111 3023/1/2109 3022/1/2108
f 3031/1/2117 3032/1/2118 3033/1/2119
f 3034/1/2120 3031/1/2117 3033/1/2119
f 3035/1/2121 3036/1/2704 3024/1/2703
f 3034/1/2120 3033/1/2119 3036/1/2704
f 3035/1/2121 3024/1/2703 3030/1/2116
f 3037/1/2123 3038/1/2124 3039/1/2125
f 3038/1/2124 3037/1/2123 3040/1/2126
f 3039/1/2125 3026/1/2112 3028/1/2114
f 3041/1/2705 3039/1/2125 3038/1/2124
f 3042/1/2706 3043/1/2129 3044/1/2707
f 3045/1/2131 3044/1/2707 3043/1/2129
f 3046/1/2132 2999/1/2085 3047/1/2133
f 3048/1/2134 3015/1/2702 3016/1/2102
f 3013/1/2701 3011/1/2699 3014/1/2100
f 2998/1/2084 2999/1/2085 3046/1/2132
f 3047/1/2133 3049/1/2135 3046/1/2132
f 3049/1/2135 3047/1/2133 3007/1/2093
f 3050/1/2136 3015/1/2702 3048/1/2134
f 3013/1/2701 3009/1/2095 3008/1/2094
f 3051/1/2137 3021/1/2107 3017/1/2103
f 3052/1/2708 3020/1/2106 3019/1/2105
f 3021/1/2107 3048/1/2134 3016/1/2102
f 3053/1/2139 3048/1/2134 3021/1/2107
f 3054/1/2140 3018/1/2104 3032/1/2118
f 3050/1/2136 3048/1/2134 3053/1/2139
f 3031/1/2117 3054/1/2140 3032/1/2118
f 3021/1/2107 3050/1/2136 3053/1/2139
f 3054/1/2140 3019/1/2105 3018/1/2104
f 3027/1/2113 3023/1/2109 3025/1/2111
f 3035/1/2121 3034/1/2120 3036/1/2704
f 3039/1/2125 3041/1/2705 3026/1/2112
f 3055/1/2141 3038/1/2124 3040/1/2126
f 3038/1/2124 3055/1/2141 3056/1/2142
f 3057/1/2143 3042/1/2706 3044/1/2707
f 3042/1/2706 3057/1/2143 3056/1/2142
f 3007/1/2093 3009/1/2095 3049/1/2135
f 3010/1/2096 3012/1/2700 3015/1/2702
f 3050/1/2136 3010/1/2096 3015/1/2702
f 3058/1/2144 2998/1/2084 3046/1/2132
f 3059/1/2145 2998/1/2084 3058/1/2144
f 3060/1/2709 3061/1/2710 3062/1/2711
f 3062/1/2711 3061/1/2710 3058/1/2144
f 3058/1/2144 3061/1/2710 3059/1/2145
f 3063/1/2149 3050/1/2136 3021/1/2107
f 3052/1/2708 3019/1/2105 3051/1/2137
f 3021/1/2107 3051/1/2137 3063/1/2149
f 3063/1/2149 3051/1/2137 3050/1/2136
f 3064/1/2150 3050/1/2136 3051/1/2137
f 3065/1/2151 3066/1/2152 3051/1/2137
f 3066/1/2152 3064/1/2150 3051/1/2137
f 3067/1/2153 3029/1/2115 3023/1/2109
f 3067/1/2153 3023/1/2109 3027/1/2113
f 3068/1/2154 3027/1/2113 3026/1/2112
f 3067/1/2153 3027/1/2113 3068/1/2154
f 3069/1/2155 3067/1/2153 3068/1/2154
f 3070/1/2156 3071/1/2712 3072/1/2158
f 3073/1/2159 3031/1/2117 3034/1/2120
f 3074/1/2160 3072/1/2158 3073/1/2159
f 3074/1/2160 3034/1/2120 3035/1/2121
f 3074/1/2160 3035/1/2121 3030/1/2116
f 3074/1/2160 3073/1/2159 3034/1/2120
f 3030/1/2116 3072/1/2158 3074/1/2160
f 3070/1/2156 3072/1/2158 3030/1/2116
f 3045/1/2131 3075/1/2713 3044/1/2707
f 3026/1/2112 3041/1/2705 3068/1/2154
f 2997/1/2083 3004/1/2090 3001/1/2087
f 3056/1/2142 3055/1/2141 3042/1/2706
f 3042/1/2706 3055/1/2141 3043/1/2129
f 3043/1/2129 3055/1/2141 3040/1/2126
f 3024/1/2703 3023/1/2109 3029/1/2115
f 3017/1/2103 3052/1/2708 3051/1/2137
f 3076/1/2162 3077/1/2714 3078/1/2715
f 3079/1/2716 3080/1/2166 3077/1/2714
f 3081/1/2167 3082/1/2168 3083/1/2169
f 3081/1/2167 3083/1/2169 3084/1/2170
f 3085/1/2171 3086/1/2172 3087/1/2173
f 3088/1/2717 3089/1/2718 3090/1/2176
f 3091/1/2177 3092/1/2178 3093/1/2179
f 3091/1/2177 3093/1/2179 3084/1/2170
f 3092/1/2178 3078/1/2715 3093/1/2179
f 3094/1/2719 3077/1/2714 3076/1/2162
f 3094/1/2719 3079/1/2716 3077/1/2714
f 3092/1/2178 3076/1/2162 3078/1/2715
f 3095/1/2181 3089/1/2718 3088/1/2717
f 3090/1/2176 3089/1/2718 3096/1/2182
f 3090/1/2176 3096/1/2182 3084/1/2170
f 3095/1/2181 3088/1/2717 3097/1/2183
f 3095/1/2181 3097/1/2183 3098/1/2184
f 3095/1/2181 3098/1/2184 3099/1/2185
f 3098/1/2184 3085/1/2171 3100/1/2186
f 3094/1/2719 3101/1/2187 3079/1/2716
f 3091/1/2177 3084/1/2170 3096/1/2182
f 3099/1/2185 3098/1/2184 3100/1/2186
f 3102/1/2720 3103/1/2189 3104/1/2721
f 3086/1/2172 3105/1/2191 3087/1/2173
f 3087/1/2173 3105/1/2191 3106/1/2192
f 3107/1/2722 3103/1/2189 3102/1/2720
f 3108/1/2194 3085/1/2171 3087/1/2173
f 3109/1/2195 3110/1/2723 3111/1/2197
f 3108/1/2194 3100/1/2186 3085/1/2171
f 3112/1/2198 3108/1/2194 3113/1/2199
f 3100/1/2186 3108/1/2194 3112/1/2198
f 3114/1/2200 3107/1/2722 3102/1/2720
f 3114/1/2200 3115/1/2201 3107/1/2722
f 3116/1/2202 3117/1/2724 3118/1/2204
f 3116/1/2202 3118/1/2204 3119/1/2205
f 3120/1/2206 3116/1/2202 3119/1/2205
f 3120/1/2206 3119/1/2205 3121/1/2207
f 3122/1/2208 3115/1/2201 3114/1/2200
f 3123/1/2209 3115/1/2201 3122/1/2208
f 3124/1/2210 3125/1/2725 3126/1/2726
f 3127/1/2213 3125/1/2725 3124/1/2210
f 3128/1/2214 3125/1/2725 3129/1/2215
f 3129/1/2215 3125/1/2725 3127/1/2213
f 3130/1/2216 3121/1/2207 3119/1/2205
f 3126/1/2726 3127/1/2213 3124/1/2210
f 3131/1/2217 3132/1/2218 3130/1/2216
f 3132/1/2218 3133/1/2727 3130/1/2216
f 3130/1/2216 3133/1/2727 3121/1/2207
f 3132/1/2218 3131/1/2217 3134/1/2220
f 3135/1/2728 3136/1/2729 3137/1/2223
f 3138/1/2224 3139/1/2225 3140/1/2226
f 3135/1/2728 3141/1/2227 3136/1/2729
f 3141/1/2227 3138/1/2224 3136/1/2729
f 3109/1/2195 3111/1/2197 3142/1/2228
f 3143/1/2229 3109/1/2195 3142/1/2228
f 3144/1/2730 3110/1/2723 3109/1/2195
f 3143/1/2229 3142/1/2228 3123/1/2209
f 3123/1/2209 3142/1/2228 3115/1/2201
f 3145/1/2231 3112/1/2198 3113/1/2199
f 3145/1/2231 3113/1/2199 3146/1/2232
f 3147/1/2233 3117/1/2724 3148/1/2234
f 3149/1/2731 3117/1/2724 3116/1/2202
f 3120/1/2206 3149/1/2731 3116/1/2202
f 3150/1/2236 3120/1/2206 3121/1/2207
f 3150/1/2236 3149/1/2731 3120/1/2206
f 3129/1/2215 3151/1/2732 3128/1/2214
f 3131/1/2217 3128/1/2214 3151/1/2732
f 3131/1/2217 3151/1/2732 3152/1/2238
f 3150/1/2236 3121/1/2207 3153/1/2239
f 3134/1/2220 3133/1/2727 3132/1/2218
f 3152/1/2238 3134/1/2220 3131/1/2217
f 3153/1/2239 3121/1/2207 3133/1/2727
f 3154/1/2240 3141/1/2227 3135/1/2728
f 3155/1/2241 3135/1/2728 3156/1/2242
f 3154/1/2240 3135/1/2728 3155/1/2241
f 3157/1/2243 3126/1/2726 3140/1/2226
f 3157/1/2243 3127/1/2213 3126/1/2726
f 3157/1/2243 3140/1/2226 3139/1/2225
f 3139/1/2225 3138/1/2224 3141/1/2227
f 3158/1/2733 3157/1/2243 3139/1/2225
f 3155/1/2241 3156/1/2242 3159/1/2245
f 3144/1/2730 3146/1/2232 3110/1/2723
f 3160/1/2246 3117/1/2724 3149/1/2731
f 3149/1/2731 3161/1/2247 3160/1/2246
f 3122/1/2208 3114/1/2200 3147/1/2233
f 3161/1/2247 3149/1/2731 3162/1/2734
f 3122/1/2208 3143/1/2229 3123/1/2209
f 3117/1/2724 3160/1/2246 3148/1/2234
f 3122/1/2208 3147/1/2233 3148/1/2234
f 3162/1/2734 3150/1/2236 3153/1/2239
f 3162/1/2734 3149/1/2731 3150/1/2236
f 3153/1/2239 3133/1/2727 3134/1/2220
f 3163/1/2735 3141/1/2227 3154/1/2240
f 3163/1/2735 3139/1/2225 3141/1/2227
f 3158/1/2733 3139/1/2225 3163/1/2735
f 3093/1/2179 3081/1/2167 3084/1/2170
f 3145/1/2231 3146/1/2232 3144/1/2730
f 3164/1/2250 3165/1/2251 3166/1/2252
f 3167/1/2736 3168/1/2254 3169/1/2255
f 3167/1/2736 3170/1/2256 3168/1/2254
f 3170/1/2256 3167/1/2736 3171/1/2257
f 3170/1/2256 3164/1/2250 3172/1/2737
f 3170/1/2256 3171/1/2257 3164/1/2250
f 3172/1/2737 3164/1/2250 3166/1/2252
f 3166/1/2252 3173/1/2259 3174/1/2260
f 3166/1/2252 3165/1/2251 3173/1/2259
f 3175/1/2738 3176/1/2739 3177/1/2740
f 3178/1/2264 3179/1/2265 3180/1/2266
f 3178/1/2264 3180/1/2266 3181/1/2267
f 3178/1/2264 3177/1/2740 3179/1/2265
f 3178/1/2264 3182/1/2268 3177/1/2740
f 3182/1/2268 3175/1/2738 3177/1/2740
f 3176/1/2739 3183/1/2269 3184/1/2270
f 3176/1/2739 3175/1/2738 3183/1/2269
f 3183/1/2269 3185/1/2271 3184/1/2270
f 3183/1/2269 3186/1/2272 3185/1/2271
f 3187/1/2273 3188/1/2274 3189/1/2741
f 3190/1/2276 3191/1/2277 3192/1/2278
f 3190/1/2276 3192/1/2278 3193/1/2279
f 3191/1/2277 3190/1/2276 3194/1/2280
f 3194/1/2280 3187/1/2273 3191/1/2277
f 3194/1/2280 3195/1/2281 3187/1/2273
f 3187/1/2273 3195/1/2281 3188/1/2274
f 3188/1/2274 3196/1/2282 3189/1/2741
f 3188/1/2274 3197/1/2283 3196/1/2282
f 3198/1/2284 3199/1/2285 3200/1/2286
f 3201/1/2287 3202/1/2288 3203/1/2289
f 3199/1/2285 3204/1/2290 3205/1/2291
f 3202/1/2288 3201/1/2287 3206/1/2292
f 3198/1/2284 3204/1/2290 3199/1/2285
f 3201/1/2287 3207/1/2742 3206/1/2292
f 3207/1/2742 3198/1/2284 3206/1/2292
f 3198/1/2284 3207/1/2742 3208/1/2294
f 3201/1/2287 3203/1/2289 3209/1/2743
f 3208/1/2294 3204/1/2290 3198/1/2284
f 3210/1/2744 3211/1/2297 3212/1/2298
f 3210/1/2744 3212/1/2298 3213/1/2299
f 3210/1/2744 3213/1/2299 3214/1/2300
f 3214/1/2300 3213/1/2299 3215/1/2301
f 3216/1/2302 3214/1/2300 3215/1/2301
f 3217/1/2745 3216/1/2302 3215/1/2301
f 3218/1/2746 3216/1/2302 3217/1/2745
f 3219/1/2305 3220/1/2306 3221/1/2307
f 3222/1/2308 3223/1/2747 3220/1/2306
f 3224/1/2310 3220/1/2306 3219/1/2305
f 3225/1/2311 3226/1/2312 3227/1/2313
f 3228/1/2314 3229/1/2315 3230/1/2316
f 3224/1/2310 3222/1/2308 3220/1/2306
f 3231/1/2317 3221/1/2307 3216/1/2302
f 3231/1/2317 3219/1/2305 3221/1/2307
f 3232/1/2318 3225/1/2311 3227/1/2313
f 3229/1/2315 3233/1/2319 3230/1/2316
f 3234/1/2748 3218/1/2746 3217/1/2745
f 3228/1/2314 3234/1/2748 3217/1/2745
f 3235/1/2321 3233/1/2319 3229/1/2315
f 3231/1/2317 3216/1/2302 3218/1/2746
f 3228/1/2314 3230/1/2316 3234/1/2748
f 3236/1/2749 3237/1/2323 3238/1/2324
f 3239/1/2325 3225/1/2311 3232/1/2318
f 3234/1/2748 3238/1/2324 3218/1/2746
f 3240/1/2750 3238/1/2324 3234/1/2748
f 3241/1/2327 3237/1/2323 3236/1/2749
f 3241/1/2327 3236/1/2749 3242/1/2328
f 3240/1/2750 3236/1/2749 3238/1/2324
f 3243/1/2751 3244/1/2330 3245/1/2331
f 3245/1/2331 3241/1/2327 3246/1/2332
f 3246/1/2332 3241/1/2327 3242/1/2328
f 3245/1/2331 3246/1/2332 3243/1/2751
f 3247/1/2333 3248/1/2334 3244/1/2330
f 3247/1/2333 3244/1/2330 3243/1/2751
f 3249/1/2335 3248/1/2334 3247/1/2333
f 3250/1/2336 3251/1/2337 3252/1/2338
f 3250/1/2336 3252/1/2338 3253/1/2339
f 3254/1/2340 3251/1/2337 3255/1/2752
f 3256/1/2342 3257/1/2753 3258/1/2754
f 3259/1/2345 3257/1/2753 3256/1/2342
f 3260/1/2346 3257/1/2753 3259/1/2345
f 3261/1/2347 3262/1/2755 3263/1/2349
f 3264/1/2350 3250/1/2336 3253/1/2339
f 3257/1/2753 3265/1/2351 3262/1/2755
f 3262/1/2755 3265/1/2351 3266/1/2352
f 3263/1/2349 3262/1/2755 3266/1/2352
f 3267/1/2353 3253/1/2339 3248/1/2334
f 3249/1/2335 3267/1/2353 3248/1/2334
f 3268/1/2354 3255/1/2752 3251/1/2337
f 3268/1/2354 3251/1/2337 3250/1/2336
f 3264/1/2350 3253/1/2339 3267/1/2353
f 3269/1/2756 3261/1/2347 3263/1/2349
f 3269/1/2756 3247/1/2333 3261/1/2347
f 3247/1/2333 3269/1/2756 3249/1/2335
f 3269/1/2756 3267/1/2353 3249/1/2335
f 3270/1/2757 3271/1/2357 3269/1/2756
f 3271/1/2357 3267/1/2353 3269/1/2756
f 3272/1/2758 3273/1/2759 3270/1/2757
f 3270/1/2757 3273/1/2759 3271/1/2357
f 3274/1/2360 3275/1/2361 3276/1/2760
f 3272/1/2758 3276/1/2760 3273/1/2759
f 3274/1/2360 3276/1/2760 3272/1/2758
f 3235/1/2321 3229/1/2315 3277/1/2363
f 3266/1/2352 3278/1/2761 3279/1/2365
f 3265/1/2351 3278/1/2761 3266/1/2352
f 3265/1/2351 3280/1/2366 3278/1/2761
f 3265/1/2351 3260/1/2346 3280/1/2366
f 3265/1/2351 3257/1/2753 3260/1/2346
f 3281/1/2762 3282/1/2368 3283/1/2763
f 3284/1/2764 3285/1/2371 3286/1/2372
f 3283/1/2763 3287/1/2765 3286/1/2372
f 3283/1/2763 3282/1/2368 3288/1/2374
f 3288/1/2374 3289/1/2375 3283/1/2763
f 3290/1/2376 3291/1/2766 3292/1/2767
f 3293/1/2768 3294/1/2380 3289/1/2375
f 3293/1/2768 3289/1/2375 3288/1/2374
f 3295/1/2381 3292/1/2767 3296/1/2382
f 3294/1/2380 3283/1/2763 3289/1/2375
f 3297/1/2769 3298/1/2770 3299/1/2771
f 3296/1/2382 3297/1/2769 3299/1/2771
f 3300/1/2386 3301/1/2772 3302/1/2388
f 3303/1/2389 3304/1/2773 3305/1/2391
f 3306/1/2392 3296/1/2382 3299/1/2771
f 3307/1/2393 3306/1/2392 3305/1/2391
f 3301/1/2772 3308/1/2394 3302/1/2388
f 3309/1/2774 3310/1/2396 3311/1/2775
f 3312/1/2398 3310/1/2396 3309/1/2774
f 3313/1/2399 3310/1/2396 3312/1/2398
f 3313/1/2399 3314/1/2400 3310/1/2396
f 3315/1/2401 3300/1/2386 3302/1/2388
f 3316/1/2402 3317/1/2403 3302/1/2388
f 3302/1/2388 3314/1/2400 3316/1/2402
f 3318/1/2776 3319/1/2405 3320/1/2406
f 3319/1/2405 3321/1/2407 3322/1/2408
f 3322/1/2408 3321/1/2407 3323/1/2409
f 3324/1/2410 3322/1/2408 3323/1/2409
f 3325/1/2411 3318/1/2776 3320/1/2406
f 3324/1/2410 3309/1/2774 3311/1/2775
f 3324/1/2410 3326/1/2777 3309/1/2774
f 3327/1/2413 3328/1/2414 3329/1/2415
f 3328/1/2414 3330/1/2416 3329/1/2415
f 3331/1/2417 3325/1/2411 3332/1/2418
f 3328/1/2414 3333/1/2419 3330/1/2416
f 3334/1/2420 3325/1/2411 3331/1/2417
f 3333/1/2419 3332/1/2418 3330/1/2416
f 3335/1/2421 3336/1/2778 3327/1/2413
f 3336/1/2778 3337/1/2423 3327/1/2413
f 3286/1/2372 3338/1/2424 3284/1/2764
f 3287/1/2765 3283/1/2763 3294/1/2380
f 3339/1/2425 3286/1/2372 3287/1/2765
f 3338/1/2424 3286/1/2372 3339/1/2425
f 3340/1/2426 3292/1/2767 3295/1/2381
f 3340/1/2426 3290/1/2376 3292/1/2767
f 3291/1/2766 3290/1/2376 3288/1/2374
f 3288/1/2374 3290/1/2376 3293/1/2768
f 3341/1/2779 3294/1/2380 3293/1/2768
f 3293/1/2768 3342/1/2428 3341/1/2779
f 3343/1/2780 3341/1/2779 3342/1/2428
f 3344/1/2430 3296/1/2382 3306/1/2392
f 3344/1/2430 3306/1/2392 3307/1/2393
f 3305/1/2391 3304/1/2773 3345/1/2781
f 3346/1/2432 3304/1/2773 3303/1/2389
f 3346/1/2432 3303/1/2389 3347/1/2782
f 3346/1/2432 3347/1/2782 3300/1/2386
f 3315/1/2401 3346/1/2432 3300/1/2386
f 3307/1/2393 3305/1/2391 3345/1/2781
f 3348/1/2434 3344/1/2430 3307/1/2393
f 3348/1/2434 3349/1/2435 3350/1/2436
f 3349/1/2435 3348/1/2434 3307/1/2393
f 3315/1/2401 3302/1/2388 3317/1/2403
f 3326/1/2777 3312/1/2398 3309/1/2774
f 3314/1/2400 3313/1/2399 3316/1/2402
f 3351/1/2437 3352/1/2438 3315/1/2401
f 3317/1/2403 3351/1/2437 3315/1/2401
f 3321/1/2407 3319/1/2405 3318/1/2776
f 3353/1/2783 3354/1/2440 3355/1/2784
f 3356/1/2442 3353/1/2783 3355/1/2784
f 3323/1/2409 3356/1/2442 3355/1/2784
f 3323/1/2409 3321/1/2407 3356/1/2442
f 3318/1/2776 3325/1/2411 3334/1/2420
f 3357/1/2443 3324/1/2410 3323/1/2409
f 3326/1/2777 3324/1/2410 3357/1/2443
f 3355/1/2784 3326/1/2777 3357/1/2443
f 3323/1/2409 3355/1/2784 3357/1/2443
f 3334/1/2420 3321/1/2407 3318/1/2776
f 3337/1/2423 3328/1/2414 3327/1/2413
f 3333/1/2419 3358/1/2444 3332/1/2418
f 3331/1/2417 3332/1/2418 3358/1/2444
f 3295/1/2381 3296/1/2382 3344/1/2430
f 3359/1/2445 3360/1/2785 3361/1/2786
f 3362/1/2448 3360/1/2785 3359/1/2445
f 3359/1/2445 3361/1/2786 3363/1/2449
f 3363/1/2449 3364/1/2450 3365/1/2787
f 3365/1/2787 3364/1/2450 3366/1/2452
f 3367/1/2788 3364/1/2450 3368/1/2454
f 3361/1/2786 3364/1/2450 3363/1/2449
f 3366/1/2452 3364/1/2450 3369/1/2789
f 3367/1/2788 3370/1/2790 3371/1/2457
f 3368/1/2454 3364/1/2450 3372/1/2458
f 3368/1/2454 3372/1/2458 3373/1/2459
f 3368/1/2454 3373/1/2459 3374/1/2791
f 3375/1/2461 3368/1/2454 3374/1/2791
f 3367/1/2788 3368/1/2454 3375/1/2461
f 3367/1/2788 3369/1/2789 3364/1/2450
f 3376/1/2792 3367/1/2788 3375/1/2461
f 3370/1/2790 3367/1/2788 3376/1/2792
f 3376/1/2792 3375/1/2461 3377/1/2463
f 3377/1/2463 3375/1/2461 3378/1/2464
f 3375/1/2461 3374/1/2791 3379/1/2793
f 3375/1/2461 3380/1/2794 3378/1/2464
f 3375/1/2461 3379/1/2793 3380/1/2794
f 3378/1/2464 3380/1/2794 3381/1/2795
f 3374/1/2791 3373/1/2459 3382/1/2796
f 3383/1/2797 3374/1/2791 3384/1/2798
f 3374/1/2791 3383/1/2797 3385/1/2471
f 3379/1/2793 3374/1/2791 3386/1/2472
f 3386/1/2472 3374/1/2791 3385/1/2471
f 3387/1/2799 3385/1/2471 3388/1/2800
f 3388/1/2800 3385/1/2471 3389/1/2475
f 3390/1/2476 3386/1/2472 3385/1/2471
f 3385/1/2471 3387/1/2799 3390/1/2476
f 3389/1/2475 3385/1/2471 3383/1/2797
f 3389/1/2475 3383/1/2797 3391/1/2801
f 3392/1/2478 3393/1/2479 3394/1/2480
f 3395/1/2802 3392/1/2478 3394/1/2480
f 3392/1/2478 3395/1/2802 3396/1/2482
f 3397/1/2483 3393/1/2479 3392/1/2478
f 3397/1/2483 3392/1/2478 3398/1/2803
f 3399/1/2485 3398/1/2803 3392/1/2478
f 3395/1/2802 3394/1/2480 3400/1/2804
f 3401/1/2805 3402/1/2806 3403/1/2489
f 3404/1/2807 3405/1/2808 3406/1/2492
f 3404/1/2807 3406/1/2492 3407/1/2809
f 3408/1/2810 3393/1/2479 3397/1/2483
f 3409/1/2495 3410/1/2496 3408/1/2810
f 3403/1/2489 3408/1/2810 3397/1/2483
f 3402/1/2806 3408/1/2810 3403/1/2489
f 3409/1/2495 3408/1/2810 3411/1/2497
f 3411/1/2497 3408/1/2810 3402/1/2806
f 3401/1/2805 3411/1/2497 3402/1/2806
f 3411/1/2497 3405/1/2808 3409/1/2495
f 3404/1/2807 3409/1/2495 3405/1/2808
f 3412/1/2498 3413/1/2811 3414/1/2508
f 3412/1/2498 3415/1/2501 3413/1/2811
f 3416/1/2812 3417/1/2813 3418/1/2504
f 3419/1/2814 3417/1/2813 3416/1/2812
f 3420/1/2815 3417/1/2813 3419/1/2814
f 3421/1/2507 3417/1/2813 3420/1/2815
f 3422/1/2508 3423/1/2508 3424/1/2508
f 3412/1/2498 3425/1/2816 3415/1/2501
f 3426/1/2510 3427/1/2511 3428/1/2512
f 3426/1/2510 3429/1/2513 3427/1/2511
f 3430/1/2817 3429/1/2513 3426/1/2510
f 3431/1/2515 3429/1/2513 3430/1/2817
f 3432/1/2818 3429/1/2513 3431/1/2515
f 3433/1/2517 3429/1/2513 3432/1/2818
f 3434/1/2518 3429/1/2513 3433/1/2517
f 3435/1/2819 3429/1/2513 3434/1/2518
f 3435/1/2819 3436/1/2520 3429/1/2513
f 3437/1/2521 3436/1/2520 3435/1/2819
f 3438/1/2820 3436/1/2520 3437/1/2521
f 3439/1/2821 3436/1/2520 3438/1/2820
f 3440/1/2822 3436/1/2520 3439/1/2821
f 3441/1/2823 3436/1/2520 3440/1/2822
f 3441/1/2823 3442/1/2526 3436/1/2520
f 3443/1/2527 3442/1/2526 3441/1/2823
f 3444/1/2824 3442/1/2526 3443/1/2527
f 3445/1/2529 3442/1/2526 3444/1/2824
f 3412/1/2498 3446/1/2530 3425/1/2816
f 3412/1/2498 3447/1/2531 3446/1/2530
f 3412/1/2498 3448/1/2532 3447/1/2531
f 3412/1/2498 3449/1/2825 3448/1/2532
f 3442/1/2526 3449/1/2825 3412/1/2498
f 3442/1/2526 3450/1/2534 3449/1/2825
f 3451/1/2826 3445/1/2529 3452/1/2536
f 3451/1/2826 3442/1/2526 3445/1/2529
f 3453/1/2827 3442/1/2526 3451/1/2826
f 3454/1/2538 3442/1/2526 3453/1/2827
f 3455/1/2828 3442/1/2526 3454/1/2538
f 3456/1/2829 3442/1/2526 3455/1/2828
f 3457/1/2830 3442/1/2526 3456/1/2829
f 3458/1/2831 3442/1/2526 3457/1/2830
f 3459/1/2832 3442/1/2526 3458/1/2831
f 3459/1/2832 3450/1/2534 3442/1/2526
f 3460/1/2544 3450/1/2534 3459/1/2832
f 3460/1/2544 3461/1/2545 3450/1/2534
f 3462/1/2546 3463/1/2833 3464/1/2834
f 3464/1/2834 3463/1/2833 3465/1/2835
f 3466/1/2550 3467/1/2551 3468/1/2552
f 3469/1/2836 3467/1/2551 3466/1/2550
f 3470/1/2554 3471/1/2837 3472/1/2556
f 3470/1/2554 3473/1/2838 3471/1/2837
f 3470/1/2554 3474/1/2839 3473/1/2838
f 3470/1/2554 3475/1/2840 3474/1/2839
f 3476/1/2560 3475/1/2840 3470/1/2554
f 3477/1/2561 3467/1/2551 3469/1/2836
f 3475/1/2840 3478/1/2562 3479/1/2841
f 3476/1/2560 3478/1/2562 3475/1/2840
f 3476/1/2560 3480/1/2842 3478/1/2562
f 3476/1/2560 3481/1/2565 3480/1/2842
f 3476/1/2560 3482/1/2843 3481/1/2565
f 3476/1/2560 3483/1/2844 3482/1/2843
f 3476/1/2560 3484/1/2568 3483/1/2844
f 3485/1/2569 3467/1/2551 3477/1/2561
f 3486/1/2570 3467/1/2551 3485/1/2569
f 3487/1/2845 3467/1/2551 3486/1/2570
f 3488/1/2572 3467/1/2551 3487/1/2845
f 3488/1/2572 3489/1/2573 3467/1/2551
f 3490/1/2846 3489/1/2573 3488/1/2572
f 3491/1/2575 3492/1/2576 3493/1/2577
f 3494/1/2847 3495/1/2848 3496/1/2580
f 3497/1/2849 3498/1/2850 3499/1/2851
f 3500/1/2852 3501/1/2853 3502/1/2586
f 3503/1/2587 3504/1/2588 3505/1/2854
f 3476/1/2560 3506/1/2855 3484/1/2568
f 3476/1/2560 3491/1/2575 3506/1/2855
f 3476/1/2560 3492/1/2576 3491/1/2575
f 3489/1/2573 3492/1/2576 3476/1/2560
f 3489/1/2573 3507/1/2856 3492/1/2576
f 3489/1/2573 3508/1/2592 3507/1/2856
f 3489/1/2573 3503/1/2587 3508/1/2592
f 3489/1/2573 3504/1/2588 3503/1/2587
f 3489/1/2573 3500/1/2852 3504/1/2588
f 3489/1/2573 3501/1/2853 3500/1/2852
f 3489/1/2573 3497/1/2849 3501/1/2853
f 3489/1/2573 3498/1/2850 3497/1/2849
f 3489/1/2573 3494/1/2847 3498/1/2850
f 3489/1/2573 3495/1/2848 3494/1/2847
f 3490/1/2846 3495/1/2848 3489/1/2573
f 3505/1/2854 3504/1/2588 3509/1/2857
f 3493/1/2577 3492/1/2576 3510/1/2594
f 3491/1/2575 3493/1/2577 3511/1/2595
f 3512/1/2597 3513/1/2858 3514/1/2859
f 3513/1/2858 3515/1/2860 3514/1/2859
f 3516/1/2603 3517/1/2861 3518/1/2601
f 3516/1/2603 3519/1/2602 3517/1/2861
f 3520/1/795 3521/1/795 3522/1/795
f 3523/1/794 3524/1/794 3525/1/794
f 3526/1/2603 3527/1/1740 3524/1/795
f 3527/1/1740 3526/1/2603 3528/1/1741
f 3529/1/2862 3530/1/2606 3531/1/2863
f 3531/1/2863 3532/1/2608 3529/1/2862
f 3533/1/802 3534/1/802 3535/1/802
f 3536/1/1746 3537/1/1746 3538/1/1746
f 3539/1/2610 3540/1/1748 3541/1/2610
f 3542/1/1749 3543/1/1749 3544/1/1749
f 3545/1/1746 3546/1/1746 3537/1/1746
f 3547/1/2864 3548/1/2612 3549/1/2613
f 3550/1/2614 3547/1/2864 3549/1/2613
f 3551/1/2865 3552/1/2866 3553/1/2867
f 3554/1/2868 3555/1/2869 3556/1/2870
f 3557/1/2871 3558/1/2872 3552/1/2866
f 3554/1/2868 3551/1/2865 3559/1/2873
f 3551/1/2865 3557/1/2871 3552/1/2866
f 3559/1/2873 3551/1/2865 3553/1/2867
f 3560/1/2874 3554/1/2868 3559/1/2873
f 3554/1/2868 3560/1/2874 3555/1/2869
f 3552/1/2866 3558/1/2872 3561/1/2875
f 3562/1/2876 3563/1/2877 3564/1/2878
f 3565/1/2879 3566/1/2880 3567/1/2881
f 3568/1/2882 3567/1/2881 3569/1/2883
f 3568/1/2882 3565/1/2879 3567/1/2881
f 3562/1/2876 3570/1/2884 3563/1/2877
f 3570/1/2884 3562/1/2876 3566/1/2880
f 3569/1/2883 3571/1/2885 3572/1/2886
f 3569/1/2883 3573/1/2887 3571/1/2885
f 3567/1/2881 3573/1/2887 3569/1/2883
f 3570/1/2884 3566/1/2880 3565/1/2879
f 3574/1/2888 3575/1/2889 3576/1/2890
f 3577/1/2891 3574/1/2888 3576/1/2890
f 3578/1/2892 3579/1/2893 3580/1/2894
f 3581/1/2895 3582/1/2896 3583/1/2897
f 3580/1/2894 3581/1/2895 3583/1/2897
f 3580/1/2894 3579/1/2893 3581/1/2895
f 3574/1/2888 3584/1/2898 3575/1/2889
f 3574/1/2888 3585/1/2899 3578/1/2892
f 3574/1/2888 3577/1/2891 3585/1/2899
f 3578/1/2892 3585/1/2899 3579/1/2893
f 3581/1/2895 3586/1/2900 3582/1/2896
f 3587/1/2901 3588/1/2902 3589/1/2903
f 3590/1/2904 3591/1/2905 3587/1/2901
f 3590/1/2904 3587/1/2901 3592/1/2906
f 3593/1/2907 3594/1/2908 3595/1/2909
f 3592/1/2906 3593/1/2907 3595/1/2909
f 3594/1/2908 3596/1/2910 3597/1/2911
f 3587/1/2901 3591/1/2905 3598/1/2912
f 3587/1/2901 3598/1/2912 3588/1/2902
f 3587/1/2901 3593/1/2907 3592/1/2906
f 3593/1/2907 3599/1/2913 3594/1/2908
f 3599/1/2913 3596/1/2910 3594/1/2908
f 3600/1/2914 3601/1/2915 3602/1/2916
f 3601/1/2915 3603/1/2917 3602/1/2916
f 3602/1/2916 3604/1/2918 3605/1/2919
f 3604/1/2918 3602/1/2916 3603/1/2917
f 3603/1/2917 3606/1/2920 3604/1/2918
f 3607/1/2921 3606/1/2920 3603/1/2917
f 3607/1/2921 3603/1/2917 3608/1/2922
f 3601/1/2915 3609/1/2923 3603/1/2917
f 3609/1/2923 3610/1/2924 3611/1/2925
f 3603/1/2917 3609/1/2923 3612/1/2926
f 3603/1/2917 3612/1/2926 3608/1/2922
f 3613/1/2927 3608/1/2922 3612/1/2926
f 3609/1/2923 3611/1/2925 3612/1/2926
f 3612/1/2926 3611/1/2925 3614/1/2928
f 3615/1/2929 3612/1/2926 3614/1/2928
f 3616/1/2930 3612/1/2926 3615/1/2929
f 3614/1/2928 3611/1/2925 3617/1/2931
f 3617/1/2931 3611/1/2925 3618/1/2932
f 3619/1/2933 3615/1/2929 3614/1/2928
f 3620/1/2934 3621/1/2935 3622/1/2936
f 3622/1/2936 3621/1/2935 3623/1/2937
f 3623/1/2937 3624/1/2938 3625/1/2939
f 3626/1/2940 3627/1/967 3628/1/2941
f 3622/1/2936 3629/1/2942 3620/1/2934
f 3630/1/2943 3629/1/2942 3622/1/2936
f 3629/1/2942 3631/1/2944 3628/1/2941
f 3626/1/2940 3628/1/2941 3631/1/2944
f 3625/1/2939 3632/1/2945 3623/1/2937
f 3625/1/2939 3633/1/2946 3632/1/2945
f 3634/1/2947 3625/1/2939 3635/1/2948
f 3623/1/2937 3632/1/2945 3630/1/2943
f 3630/1/2943 3632/1/2945 3633/1/2946
f 3630/1/2943 3622/1/2936 3623/1/2937
f 3634/1/2947 3633/1/2946 3625/1/2939
f 3636/1/2949 3634/1/2947 3635/1/2948
f 3637/1/2950 3634/1/2947 3636/1/2949
f 3638/1/2951 3630/1/2943 3633/1/2946
f 3634/1/2947 3638/1/2951 3633/1/2946
f 3636/1/2949 3635/1/2948 3639/1/2952
f 3630/1/2943 3631/1/2944 3629/1/2942
f 3640/1/2953 3631/1/2944 3630/1/2943
f 3640/1/2953 3630/1/2943 3641/1/2954
f 3637/1/2950 3642/1/2955 3634/1/2947
f 3641/1/2954 3630/1/2943 3638/1/2951
f 3643/1/2956 3637/1/2950 3636/1/2949
f 3642/1/2955 3638/1/2951 3634/1/2947
f 3644/1/2957 3637/1/2950 3643/1/2956
f 3645/1/2958 3640/1/2953 3641/1/2954
f 3644/1/2957 3642/1/2955 3637/1/2950
f 3641/1/2954 3638/1/2951 3642/1/2955
f 3642/1/2955 3645/1/2958 3641/1/2954
f 3636/1/2949 3646/1/2959 3643/1/2956
f 3647/1/2960 3648/1/2961 3649/1/2962
f 3650/1/2963 3651/1/2964 3652/1/2965
f 3650/1/2963 3653/1/2966 3651/1/2964
f 3654/1/2967 3652/1/2965 3655/1/2968
f 3654/1/2967 3650/1/2963 3652/1/2965
f 3656/1/2969 3648/1/2961 3657/1/2970
f 3658/1/2971 3647/1/2960 3649/1/2962
f 3659/1/2972 3655/1/2968 3660/1/2973
f 3648/1/2961 3661/1/2974 3649/1/2962
f 3656/1/2969 3661/1/2974 3648/1/2961
f 3658/1/2971 3660/1/2973 3647/1/2960
f 3662/1/2975 3653/1/2966 3650/1/2963
f 3654/1/2967 3655/1/2968 3659/1/2972
f 3663/1/2976 3656/1/2969 3664/1/2977
f 3665/1/2978 3656/1/2969 3663/1/2976
f 3659/1/2972 3660/1/2973 3658/1/2971
f 3666/1/2979 3667/1/2980 3668/1/2981
f 3669/1/2982 3659/1/2972 3658/1/2971
f 3670/1/2983 3671/1/2984 3672/1/2985
f 3670/1/2983 3672/1/2985 3669/1/2982
f 3670/1/2983 3669/1/2982 3658/1/2971
f 3671/1/2984 3673/1/2986 3672/1/2985
f 3674/1/2987 3673/1/2986 3671/1/2984
f 3675/1/2988 3661/1/2974 3665/1/2978
f 3676/1/2989 3677/1/2990 3678/1/2991
f 3679/1/2992 3673/1/2986 3674/1/2987
f 3679/1/2992 3674/1/2987 3680/1/2993
f 3680/1/2993 3668/1/2981 3679/1/2992
f 3681/1/2994 3668/1/2981 3680/1/2993
f 3682/1/2995 3683/1/2996 3667/1/2980
f 3684/1/2997 3682/1/2995 3667/1/2980
f 3684/1/2997 3667/1/2980 3685/1/2998
f 3686/1/2999 3682/1/2995 3684/1/2997
f 3687/1/3000 3688/1/3001 3689/1/3002
f 3677/1/2990 3690/1/3003 3687/1/3000
f 3691/1/3004 3677/1/2990 3676/1/2989
f 3687/1/3000 3690/1/3003 3692/1/3005
f 3693/1/3006 3668/1/2981 3681/1/2994
f 3691/1/3004 3690/1/3003 3677/1/2990
f 3688/1/3001 3687/1/3000 3692/1/3005
f 3694/1/3007 3686/1/2999 3684/1/2997
f 3666/1/2979 3685/1/2998 3667/1/2980
f 3695/1/3008 3681/1/2994 3689/1/3002
f 3696/1/3009 3690/1/3003 3691/1/3004
f 3688/1/3001 3695/1/3008 3689/1/3002
f 3693/1/3006 3666/1/2979 3668/1/2981
f 3697/1/3010 3698/1/3011 3693/1/3006
f 3699/1/3012 3690/1/3003 3696/1/3009
f 3700/1/3013 3693/1/3006 3681/1/2994
f 3681/1/2994 3695/1/3008 3700/1/3013
f 3701/1/3014 3693/1/3006 3700/1/3013
f 3701/1/3014 3697/1/3010 3693/1/3006
f 3702/1/3015 3703/1/3016 3704/1/3017
f 3697/1/3010 3705/1/3018 3698/1/3011
f 3703/1/3016 3705/1/3018 3706/1/3019
f 3706/1/3019 3705/1/3018 3697/1/3010
f 3706/1/3019 3704/1/3017 3703/1/3016
f 3707/1/3020 3702/1/3015 3708/1/3021
f 3709/1/3022 3702/1/3015 3704/1/3017
f 3710/1/3023 3711/1/3024 3712/1/3025
f 3713/1/3026 3710/1/3023 3712/1/3025
f 3714/1/3027 3715/1/3028 3716/1/3029
f 3717/1/3030 3713/1/3026 3712/1/3025
f 3717/1/3030 3712/1/3025 3715/1/3028
f 3716/1/3029 3707/1/3020 3708/1/3021
f 3718/1/3031 3716/1/3029 3708/1/3021
f 3716/1/3029 3718/1/3031 3719/1/3032
f 3720/1/3033 3716/1/3029 3719/1/3032
f 3721/1/3034 3722/1/3035 3723/1/3036
f 3724/1/3037 3725/1/3038 3726/1/3039
f 3721/1/3034 3727/1/3040 3722/1/3035
f 3728/1/3041 3727/1/3040 3721/1/3034
f 3727/1/3040 3728/1/3041 3729/1/3042
f 3714/1/3027 3716/1/3029 3720/1/3033
f 3730/1/3043 3710/1/3023 3713/1/3026
f 3719/1/3032 3725/1/3038 3720/1/3033
f 3726/1/3039 3729/1/3042 3728/1/3041
f 3724/1/3037 3726/1/3039 3728/1/3041
f 3714/1/3027 3717/1/3030 3715/1/3028
f 3731/1/3044 3728/1/3041 3721/1/3034
f 3720/1/3033 3725/1/3038 3724/1/3037
f 3702/1/3015 3709/1/3022 3708/1/3021
f 3665/1/2978 3661/1/2974 3656/1/2969
f 3732/1/3045 3733/1/3046 3734/1/3047
f 3735/1/3048 3733/1/3046 3732/1/3045
f 3736/1/3049 3733/1/3046 3737/1/3050
f 3737/1/3050 3733/1/3046 3738/1/3051
f 3738/1/3051 3733/1/3046 3739/1/3052
f 3739/1/3052 3733/1/3046 3735/1/3048
f 3739/1/3052 3735/1/3048 3740/1/3053
f 3741/1/3054 3739/1/3052 3742/1/3055
f 3738/1/3051 3739/1/3052 3741/1/3054
f 3743/1/3056 3744/1/3057 3745/1/3058
f 3744/1/3057 3737/1/3050 3738/1/3051
f 3746/1/3059 3737/1/3050 3744/1/3057
f 3746/1/3059 3744/1/3057 3743/1/3056
f 3746/1/3059 3743/1/3056 3747/1/3060
f 3748/1/3061 3746/1/3059 3747/1/3060
f 3745/1/3058 3744/1/3057 3738/1/3051
f 3749/1/3062 3750/1/3063 3751/1/3064
f 3752/1/3065 3750/1/3063 3749/1/3062
f 3753/1/3066 3752/1/3065 3749/1/3062
f 3754/1/3067 3755/1/3068 3756/1/3069
f 3756/1/3069 3757/1/3070 3754/1/3067
f 3758/1/3071 3759/1/3072 3760/1/3073
f 3759/1/3072 3755/1/3068 3760/1/3073
f 3761/1/3074 3757/1/3070 3756/1/3069
f 3755/1/3068 3759/1/3072 3762/1/3075
f 3761/1/3074 3756/1/3069 3755/1/3068
f 3762/1/3075 3761/1/3074 3755/1/3068
f 3763/1/3076 3764/1/3077 3765/1/3078
f 3752/1/3065 3766/1/3079 3750/1/3063
f 3757/1/3070 3753/1/3066 3749/1/3062
f 3767/1/3080 3757/1/3070 3768/1/3081
f 3767/1/3080 3753/1/3066 3757/1/3070
f 3769/1/3082 3768/1/3081 3757/1/3070
f 3770/1/3083 3759/1/3072 3758/1/3071
f 3758/1/3071 3765/1/3078 3771/1/3084
f 3772/1/3085 3757/1/3070 3761/1/3074
f 3759/1/3072 3770/1/3083 3762/1/3075
f 3772/1/3085 3761/1/3074 3762/1/3075
f 3773/1/3086 3772/1/3085 3762/1/3075
f 3762/1/3075 3770/1/3083 3773/1/3086
f 3769/1/3082 3757/1/3070 3772/1/3085
f 3774/1/3087 3772/1/3085 3773/1/3086
f 3774/1/3087 3769/1/3082 3772/1/3085
f 3775/1/3088 3758/1/3071 3771/1/3084
f 3776/1/3089 3773/1/3086 3770/1/3083
f 3775/1/3088 3770/1/3083 3758/1/3071
f 3775/1/3088 3776/1/3089 3770/1/3083
f 3776/1/3089 3769/1/3082 3774/1/3087
f 3776/1/3089 3774/1/3087 3773/1/3086
f 3764/1/3077 3771/1/3084 3765/1/3078
f 3768/1/3081 3769/1/3082 3777/1/3090
f 3778/1/3091 3777/1/3090 3769/1/3082
f 3776/1/3089 3778/1/3091 3769/1/3082
f 3779/1/3092 3775/1/3088 3771/1/3084
f 3780/1/3093 3781/1/3094 3782/1/3095
f 3780/1/3093 3783/1/3096 3781/1/3094
f 3784/1/3097 3782/1/3095 3785/1/3098
f 3785/1/3098 3786/1/3099 3787/1/3100
f 3785/1/3098 3787/1/3100 3788/1/3101
f 3788/1/3101 3784/1/3097 3785/1/3098
f 3780/1/3093 3782/1/3095 3784/1/3097
f 3786/1/3099 3789/1/3102 3787/1/3100
f 3790/1/3103 3784/1/3097 3788/1/3101
f 3791/1/3104 3790/1/3103 3788/1/3101
f 3791/1/3104 3792/1/3105 3790/1/3103
f 3793/1/3106 3792/1/3105 3791/1/3104
f 3794/1/3107 3795/1/3108 3796/1/3109
f 3795/1/3108 3797/1/3110 3796/1/3109
f 3792/1/3105 3793/1/3106 3794/1/3107
f 3795/1/3108 3794/1/3107 3793/1/3106
f 3796/1/3109 3797/1/3110 3798/1/3111
f 3799/1/3112 3798/1/3111 3797/1/3110
f 3799/1/3112 3797/1/3110 3800/1/3113
f 3801/1/3114 3802/1/3115 3799/1/3112
f 3803/1/3116 3804/1/3117 3805/1/3118
f 3804/1/3117 3806/1/3119 3805/1/3118
f 3800/1/3113 3801/1/3114 3799/1/3112
f 3807/1/3120 3808/1/3121 3809/1/3122
f 3809/1/3122 3810/1/3123 3807/1/3120
f 3811/1/3124 3801/1/3114 3800/1/3113
f 3800/1/3113 3797/1/3110 3811/1/3124
f 3808/1/3121 3812/1/3125 3809/1/3122
f 3813/1/3126 3804/1/3117 3803/1/3116
f 3813/1/3126 3803/1/3116 3802/1/3115
f 3813/1/3126 3802/1/3115 3801/1/3114
f 3814/1/3127 3810/1/3123 3809/1/3122
f 3797/1/3110 3810/1/3123 3815/1/3128
f 3815/1/3128 3810/1/3123 3814/1/3127
f 3811/1/3124 3797/1/3110 3815/1/3128
f 3814/1/3127 3816/1/3129 3815/1/3128
f 3817/1/3130 3801/1/3114 3818/1/3131
f 3818/1/3131 3801/1/3114 3811/1/3124
f 3818/1/3131 3819/1/3132 3820/1/3133
f 3818/1/3131 3820/1/3133 3817/1/3130
f 3821/1/3134 3819/1/3132 3818/1/3131
f 3822/1/3135 3819/1/3132 3823/1/3136
f 3824/1/3137 3825/1/3138 3826/1/3139
f 3825/1/3138 3827/1/3140 3828/1/3141
f 3823/1/3136 3819/1/3132 3821/1/3134
f 3829/1/3142 3830/1/3143 3831/1/3144
f 3826/1/3139 3822/1/3135 3832/1/3145
f 3832/1/3145 3822/1/3135 3823/1/3136
f 3830/1/3143 3829/1/3142 3833/1/3146
f 3834/1/3147 3830/1/3143 3833/1/3146
f 3835/1/3148 3834/1/3147 3833/1/3146
f 3827/1/3140 3825/1/3138 3836/1/3149
f 3824/1/3137 3837/1/3150 3825/1/3138
f 3836/1/3149 3825/1/3138 3838/1/3151
f 3839/1/3152 3832/1/3145 3830/1/3143
f 3837/1/3150 3838/1/3151 3825/1/3138
f 3840/1/3153 3836/1/3149 3838/1/3151
f 3834/1/3147 3839/1/3152 3830/1/3143
f 3832/1/3145 3824/1/3137 3826/1/3139
f 3841/1/3154 3842/1/3155 3843/1/3156
f 3844/1/3157 3845/1/3158 3835/1/3148
f 3846/1/3159 3824/1/3137 3832/1/3145
f 3832/1/3145 3839/1/3152 3846/1/3159
f 3835/1/3148 3845/1/3158 3834/1/3147
f 3847/1/3160 3848/1/3161 3824/1/3137
f 3846/1/3159 3847/1/3160 3824/1/3137
f 3849/1/3162 3850/1/3163 3851/1/3164
f 3852/1/3165 3850/1/3163 3849/1/3162
f 3849/1/3162 3851/1/3164 3848/1/3161
f 3849/1/3162 3848/1/3161 3847/1/3160
f 3853/1/3166 3850/1/3163 3852/1/3165
f 3854/1/3167 3853/1/3166 3855/1/3168
f 3853/1/3166 3852/1/3165 3855/1/3168
f 3843/1/3156 3854/1/3167 3855/1/3168
f 3842/1/3155 3856/1/3169 3857/1/3170
f 3856/1/3169 3842/1/3155 3841/1/3154
f 3858/1/3171 3843/1/3156 3855/1/3168
f 3855/1/3168 3859/1/3172 3858/1/3171
f 3841/1/3154 3843/1/3156 3858/1/3171
f 3858/1/3171 3859/1/3172 3860/1/3173
f 3861/1/3174 3862/1/3175 3863/1/3176
f 3864/1/3177 3862/1/3175 3861/1/3174
f 3865/1/3178 3864/1/3177 3861/1/3174
f 3866/1/3179 3867/1/3180 3868/1/3181
f 3869/1/3182 3870/1/3183 3871/1/3184
f 3872/1/3185 3866/1/3179 3868/1/3181
f 3872/1/3185 3873/1/3186 3866/1/3179
f 3874/1/3187 3875/1/3188 3876/1/3189
f 3877/1/3190 3863/1/3176 3874/1/3187
f 3878/1/3191 3865/1/3178 3861/1/3174
f 3876/1/3189 3875/1/3188 3873/1/3186
f 3879/1/3192 3869/1/3182 3871/1/3184
f 3880/1/3193 3876/1/3189 3873/1/3186
f 3881/1/3194 3870/1/3183 3882/1/3195
f 3874/1/3187 3876/1/3189 3880/1/3193
f 3877/1/3190 3861/1/3174 3863/1/3176
f 3883/1/3196 3878/1/3191 3861/1/3174
f 3871/1/3184 3870/1/3183 3881/1/3194
f 3884/1/3197 3877/1/3190 3874/1/3187
f 3885/1/3198 3873/1/3186 3872/1/3185
f 3880/1/3193 3873/1/3186 3885/1/3198
f 3884/1/3197 3874/1/3187 3880/1/3193
f 3886/1/3199 3887/1/3200 3880/1/3193
f 3888/1/3201 3889/1/3202 3887/1/3200
f 3886/1/3199 3888/1/3201 3887/1/3200
f 3890/1/3203 3891/1/3204 3892/1/3205
f 3893/1/3206 3894/1/3207 3895/1/3208
f 3896/1/3209 3891/1/3204 3894/1/3207
f 3893/1/3206 3897/1/3210 3894/1/3207
f 3898/1/3211 3895/1/3208 3899/1/3212
f 3899/1/3212 3895/1/3208 3900/1/3213
f 3901/1/3214 3902/1/3215 3903/1/3216
f 3904/1/3217 3899/1/3212 3900/1/3213
f 3905/1/3218 3906/1/3219 3907/1/3220
f 3908/1/3221 3909/1/3222 3910/1/3223
f 3908/1/3221 3911/1/3224 3909/1/3222
f 3905/1/3218 3911/1/3224 3908/1/3221
f 3907/1/3220 3912/1/3225 3913/1/3226
f 3908/1/3221 3906/1/3219 3905/1/3218
f 3914/1/3227 3915/1/3228 3916/1/3229
f 3917/1/3230 3914/1/3227 3916/1/3229
f 3918/1/3231 3919/1/3232 3907/1/3220
f 3917/1/3230 3916/1/3229 3919/1/3232
f 3918/1/3231 3907/1/3220 3913/1/3226
f 3920/1/3233 3921/1/3234 3922/1/3235
f 3921/1/3234 3920/1/3233 3923/1/3236
f 3922/1/3235 3909/1/3222 3911/1/3224
f 3924/1/3237 3922/1/3235 3921/1/3234
f 3925/1/3238 3926/1/3239 3927/1/3240
f 3928/1/3241 3927/1/3240 3926/1/3239
f 3929/1/3242 3882/1/3195 3930/1/3243
f 3931/1/3244 3898/1/3211 3899/1/3212
f 3896/1/3209 3894/1/3207 3897/1/3210
f 3881/1/3194 3882/1/3195 3929/1/3242
f 3930/1/3243 3932/1/3245 3929/1/3242
f 3932/1/3245 3930/1/3243 3890/1/3203
f 3933/1/3246 3898/1/3211 3931/1/3244
f 3896/1/3209 3892/1/3205 3891/1/3204
f 3934/1/3247 3904/1/3217 3900/1/3213
f 3935/1/3248 3903/1/3216 3902/1/3215
f 3904/1/3217 3931/1/3244 3899/1/3212
f 3936/1/3249 3931/1/3244 3904/1/3217
f 3937/1/3250 3901/1/3214 3915/1/3228
f 3933/1/3246 3931/1/3244 3936/1/3249
f 3914/1/3227 3937/1/3250 3915/1/3228
f 3904/1/3217 3933/1/3246 3936/1/3249
f 3937/1/3250 3902/1/3215 3901/1/3214
f 3910/1/3223 3906/1/3219 3908/1/3221
f 3918/1/3231 3917/1/3230 3919/1/3232
f 3922/1/3235 3924/1/3237 3909/1/3222
f 3938/1/3251 3921/1/3234 3923/1/3236
f 3921/1/3234 3938/1/3251 3939/1/3252
f 3940/1/3253 3925/1/3238 3927/1/3240
f 3925/1/3238 3940/1/3253 3939/1/3252
f 3890/1/3203 3892/1/3205 3932/1/3245
f 3893/1/3206 3895/1/3208 3898/1/3211
f 3933/1/3246 3893/1/3206 3898/1/3211
f 3941/1/3254 3881/1/3194 3929/1/3242
f 3942/1/3255 3881/1/3194 3941/1/3254
f 3943/1/3256 3944/1/3257 3945/1/3258
f 3945/1/3258 3944/1/3257 3941/1/3254
f 3941/1/3254 3944/1/3257 3942/1/3255
f 3946/1/3259 3933/1/3246 3904/1/3217
f 3935/1/3248 3902/1/3215 3934/1/3247
f 3904/1/3217 3934/1/3247 3946/1/3259
f 3946/1/3259 3934/1/3247 3933/1/3246
f 3947/1/3260 3933/1/3246 3934/1/3247
f 3948/1/3261 3949/1/3262 3934/1/3247
f 3949/1/3262 3947/1/3260 3934/1/3247
f 3950/1/3263 3912/1/3225 3906/1/3219
f 3950/1/3263 3906/1/3219 3910/1/3223
f 3951/1/3264 3910/1/3223 3909/1/3222
f 3950/1/3263 3910/1/3223 3951/1/3264
f 3952/1/3265 3950/1/3263 3951/1/3264
f 3953/1/3266 3954/1/3267 3955/1/3268
f 3956/1/3269 3914/1/3227 3917/1/3230
f 3957/1/3270 3955/1/3268 3956/1/3269
f 3957/1/3270 3917/1/3230 3918/1/3231
f 3957/1/3270 3918/1/3231 3913/1/3226
f 3957/1/3270 3956/1/3269 3917/1/3230
f 3913/1/3226 3955/1/3268 3957/1/3270
f 3953/1/3266 3955/1/3268 3913/1/3226
f 3928/1/3241 3958/1/3271 3927/1/3240
f 3909/1/3222 3924/1/3237 3951/1/3264
f 3880/1/3193 3887/1/3200 3884/1/3197
f 3939/1/3252 3938/1/3251 3925/1/3238
f 3925/1/3238 3938/1/3251 3926/1/3239
f 3926/1/3239 3938/1/3251 3923/1/3236
f 3907/1/3220 3906/1/3219 3912/1/3225
f 3900/1/3213 3935/1/3248 3934/1/3247
f 3959/1/3272 3960/1/3273 3961/1/3274
f 3962/1/3275 3963/1/3276 3960/1/3273
f 3964/1/3277 3965/1/3278 3966/1/3279
f 3964/1/3277 3966/1/3279 3967/1/3280
f 3968/1/3281 3969/1/3282 3970/1/3283
f 3971/1/3284 3972/1/3285 3973/1/3286
f 3974/1/3287 3975/1/3288 3976/1/3289
f 3974/1/3287 3976/1/3289 3967/1/3280
f 3975/1/3288 3961/1/3274 3976/1/3289
f 3977/1/3290 3960/1/3273 3959/1/3272
f 3977/1/3290 3962/1/3275 3960/1/3273
f 3975/1/3288 3959/1/3272 3961/1/3274
f 3978/1/3291 3972/1/3285 3971/1/3284
f 3973/1/3286 3972/1/3285 3979/1/3292
f 3973/1/3286 3979/1/3292 3967/1/3280
f 3978/1/3291 3971/1/3284 3980/1/3293
f 3978/1/3291 3980/1/3293 3981/1/3294
f 3978/1/3291 3981/1/3294 3982/1/3295
f 3981/1/3294 3968/1/3281 3983/1/3296
f 3977/1/3290 3984/1/3297 3962/1/3275
f 3974/1/3287 3967/1/3280 3979/1/3292
f 3982/1/3295 3981/1/3294 3983/1/3296
f 3985/1/3298 3986/1/3299 3987/1/3300
f 3969/1/3282 3988/1/3301 3970/1/3283
f 3970/1/3283 3988/1/3301 3989/1/3302
f 3990/1/3303 3986/1/3299 3985/1/3298
f 3991/1/3304 3968/1/3281 3970/1/3283
f 3992/1/3305 3993/1/3306 3994/1/3307
f 3991/1/3304 3983/1/3296 3968/1/3281
f 3995/1/3308 3991/1/3304 3996/1/3309
f 3983/1/3296 3991/1/3304 3995/1/3308
f 3997/1/3310 3990/1/3303 3985/1/3298
f 3997/1/3310 3998/1/3311 3990/1/3303
f 3999/1/3312 4000/1/3313 4001/1/3314
f 3999/1/3312 4001/1/3314 4002/1/3315
f 4003/1/3316 3999/1/3312 4002/1/3315
f 4003/1/3316 4002/1/3315 4004/1/3317
f 4005/1/3318 3998/1/3311 3997/1/3310
f 4006/1/3319 3998/1/3311 4005/1/3318
f 4007/1/3320 4008/1/3321 4009/1/3322
f 4010/1/3323 4008/1/3321 4007/1/3320
f 4011/1/3324 4008/1/3321 4012/1/3325
f 4012/1/3325 4008/1/3321 4010/1/3323
f 4013/1/3326 4004/1/3317 4002/1/3315
f 4009/1/3322 4010/1/3323 4007/1/3320
f 4014/1/3327 4015/1/3328 4013/1/3326
f 4015/1/3328 4016/1/3329 4013/1/3326
f 4013/1/3326 4016/1/3329 4004/1/3317
f 4015/1/3328 4014/1/3327 4017/1/3330
f 4018/1/3331 4019/1/3332 4020/1/3333
f 4021/1/3334 4022/1/3335 4023/1/3336
f 4018/1/3331 4024/1/3337 4019/1/3332
f 4024/1/3337 4021/1/3334 4019/1/3332
f 3992/1/3305 3994/1/3307 4025/1/3338
f 4026/1/3339 3992/1/3305 4025/1/3338
f 4027/1/3340 3993/1/3306 3992/1/3305
f 4026/1/3339 4025/1/3338 4006/1/3319
f 4006/1/3319 4025/1/3338 3998/1/3311
f 4028/1/3341 3995/1/3308 3996/1/3309
f 4028/1/3341 3996/1/3309 4029/1/3342
f 4030/1/3343 4000/1/3313 4031/1/3344
f 4032/1/3345 4000/1/3313 3999/1/3312
f 4003/1/3316 4032/1/3345 3999/1/3312
f 4033/1/3346 4003/1/3316 4004/1/3317
f 4033/1/3346 4032/1/3345 4003/1/3316
f 4012/1/3325 4034/1/3347 4011/1/3324
f 4014/1/3327 4011/1/3324 4034/1/3347
f 4014/1/3327 4034/1/3347 4035/1/3348
f 4033/1/3346 4004/1/3317 4036/1/3349
f 4017/1/3330 4016/1/3329 4015/1/3328
f 4035/1/3348 4017/1/3330 4014/1/3327
f 4036/1/3349 4004/1/3317 4016/1/3329
f 4037/1/3350 4024/1/3337 4018/1/3331
f 4038/1/3351 4018/1/3331 4039/1/3352
f 4037/1/3350 4018/1/3331 4038/1/3351
f 4040/1/3353 4009/1/3322 4023/1/3336
f 4040/1/3353 4010/1/3323 4009/1/3322
f 4040/1/3353 4023/1/3336 4022/1/3335
f 4022/1/3335 4021/1/3334 4024/1/3337
f 4041/1/3354 4040/1/3353 4022/1/3335
f 4038/1/3351 4039/1/3352 4042/1/3355
f 4027/1/3340 4029/1/3342 3993/1/3306
f 4043/1/3356 4000/1/3313 4032/1/3345
f 4032/1/3345 4044/1/3357 4043/1/3356
f 4005/1/3318 3997/1/3310 4030/1/3343
f 4044/1/3357 4032/1/3345 4045/1/3358
f 4005/1/3318 4026/1/3339 4006/1/3319
f 4000/1/3313 4043/1/3356 4031/1/3344
f 4005/1/3318 4030/1/3343 4031/1/3344
f 4045/1/3358 4033/1/3346 4036/1/3349
f 4045/1/3358 4032/1/3345 4033/1/3346
f 4036/1/3349 4016/1/3329 4017/1/3330
f 4046/1/3359 4024/1/3337 4037/1/3350
f 4046/1/3359 4022/1/3335 4024/1/3337
f 4041/1/3354 4022/1/3335 4046/1/3359
f 3976/1/3289 3964/1/3277 3967/1/3280
f 4028/1/3341 4029/1/3342 4027/1/3340
f 4047/1/3360 4048/1/3361 4049/1/3362
f 4050/1/3363 4051/1/3364 4052/1/3365
f 4050/1/3363 4053/1/3366 4051/1/3364
f 4053/1/3366 4050/1/3363 4054/1/3367
f 4053/1/3366 4047/1/3360 4055/1/3368
f 4053/1/3366 4054/1/3367 4047/1/3360
f 4055/1/3368 4047/1/3360 4049/1/3362
f 4049/1/3362 4056/1/3369 4057/1/1397
f 4049/1/3362 4048/1/3361 4056/1/3369
f 4058/1/3370 4059/1/3371 4060/1/3372
f 4061/1/3373 4062/1/3374 4063/1/3375
f 4061/1/3373 4063/1/3375 4064/1/3376
f 4061/1/3373 4060/1/3372 4062/1/3374
f 4061/1/3373 4065/1/3377 4060/1/3372
f 4065/1/3377 4058/1/3370 4060/1/3372
f 4059/1/3371 4066/1/3378 4067/1/3379
f 4059/1/3371 4058/1/3370 4066/1/3378
f 4066/1/3378 4068/1/3380 4067/1/3379
f 4066/1/3378 4069/1/3381 4068/1/3380
f 4070/1/3382 4071/1/3383 4072/1/3384
f 4073/1/3385 4074/1/3386 4075/1/3387
f 4073/1/3385 4075/1/3387 4076/1/3388
f 4074/1/3386 4073/1/3385 4077/1/3389
f 4077/1/3389 4070/1/3382 4074/1/3386
f 4077/1/3389 4078/1/3390 4070/1/3382
f 4070/1/3382 4078/1/3390 4071/1/3383
f 4071/1/3383 4079/1/3391 4072/1/3384
f 4071/1/3383 4080/1/3392 4079/1/3391
f 4081/1/3393 4082/1/3394 4083/1/3395
f 4084/1/3396 4085/1/3397 4086/1/3398
f 4082/1/3394 4087/1/3399 4088/1/3400
f 4085/1/3397 4084/1/3396 4089/1/3401
f 4081/1/3393 4087/1/3399 4082/1/3394
f 4084/1/3396 4090/1/3402 4089/1/3401
f 4090/1/3402 4081/1/3393 4089/1/3401
f 4081/1/3393 4090/1/3402 4091/1/3403
f 4084/1/3396 4086/1/3398 4092/1/3404
f 4091/1/3403 4087/1/3399 4081/1/3393
f 4093/1/3405 4094/1/3406 4095/1/3407
f 4093/1/3405 4095/1/3407 4096/1/3408
f 4093/1/3405 4096/1/3408 4097/1/3409
f 4097/1/3409 4096/1/3408 4098/1/3410
f 4099/1/3411 4097/1/3409 4098/1/3410
f 4100/1/3412 4099/1/3411 4098/1/3410
f 4101/1/3413 4099/1/3411 4100/1/3412
f 4102/1/3414 4103/1/3415 4104/1/3416
f 4105/1/3417 4106/1/3418 4103/1/3415
f 4107/1/3419 4103/1/3415 4102/1/3414
f 4108/1/3420 4109/1/3421 4110/1/3422
f 4111/1/3423 4112/1/3424 4113/1/3425
f 4107/1/3419 4105/1/3417 4103/1/3415
f 4114/1/3426 4104/1/3416 4099/1/3411
f 4114/1/3426 4102/1/3414 4104/1/3416
f 4115/1/3427 4108/1/3420 4110/1/3422
f 4112/1/3424 4116/1/3428 4113/1/3425
f 4117/1/3429 4101/1/3413 4100/1/3412
f 4111/1/3423 4117/1/3429 4100/1/3412
f 4118/1/3430 4116/1/3428 4112/1/3424
f 4114/1/3426 4099/1/3411 4101/1/3413
f 4111/1/3423 4113/1/3425 4117/1/3429
f 4119/1/3431 4120/1/3432 4121/1/3433
f 4122/1/3434 4108/1/3420 4115/1/3427
f 4117/1/3429 4121/1/3433 4101/1/3413
f 4123/1/3435 4121/1/3433 4117/1/3429
f 4124/1/3436 4120/1/3432 4119/1/3431
f 4124/1/3436 4119/1/3431 4125/1/3437
f 4123/1/3435 4119/1/3431 4121/1/3433
f 4126/1/3438 4127/1/3439 4128/1/3440
f 4128/1/3440 4124/1/3436 4129/1/3441
f 4129/1/3441 4124/1/3436 4125/1/3437
f 4128/1/3440 4129/1/3441 4126/1/3438
f 4130/1/3442 4131/1/3443 4127/1/3439
f 4130/1/3442 4127/1/3439 4126/1/3438
f 4132/1/3444 4131/1/3443 4130/1/3442
f 4133/1/3445 4134/1/3446 4135/1/3447
f 4133/1/3445 4135/1/3447 4136/1/3448
f 4137/1/3449 4134/1/3446 4138/1/3450
f 4139/1/3451 4140/1/3452 4141/1/3453
f 4142/1/3454 4140/1/3452 4139/1/3451
f 4143/1/3455 4140/1/3452 4142/1/3454
f 4144/1/3456 4145/1/3457 4146/1/3458
f 4147/1/3459 4133/1/3445 4136/1/3448
f 4140/1/3452 4148/1/3460 4145/1/3457
f 4145/1/3457 4148/1/3460 4149/1/3461
f 4146/1/3458 4145/1/3457 4149/1/3461
f 4150/1/3462 4136/1/3448 4131/1/3443
f 4132/1/3444 4150/1/3462 4131/1/3443
f 4151/1/3463 4138/1/3450 4134/1/3446
f 4151/1/3463 4134/1/3446 4133/1/3445
f 4147/1/3459 4136/1/3448 4150/1/3462
f 4152/1/3464 4144/1/3456 4146/1/3458
f 4152/1/3464 4130/1/3442 4144/1/3456
f 4130/1/3442 4152/1/3464 4132/1/3444
f 4152/1/3464 4150/1/3462 4132/1/3444
f 4153/1/3465 4154/1/3466 4152/1/3464
f 4154/1/3466 4150/1/3462 4152/1/3464
f 4155/1/3467 4156/1/3468 4153/1/3465
f 4153/1/3465 4156/1/3468 4154/1/3466
f 4157/1/3469 4158/1/3470 4159/1/3471
f 4155/1/3467 4159/1/3471 4156/1/3468
f 4157/1/3469 4159/1/3471 4155/1/3467
f 4118/1/3430 4112/1/3424 4160/1/3472
f 4149/1/3461 4161/1/3473 4162/1/3474
f 4148/1/3460 4161/1/3473 4149/1/3461
f 4148/1/3460 4163/1/3475 4161/1/3473
f 4148/1/3460 4143/1/3455 4163/1/3475
f 4148/1/3460 4140/1/3452 4143/1/3455
f 4164/1/3476 4165/1/3477 4166/1/3478
f 4167/1/3479 4168/1/3480 4169/1/3481
f 4166/1/3478 4170/1/3482 4169/1/3481
f 4166/1/3478 4165/1/3477 4171/1/3483
f 4171/1/3483 4172/1/3484 4166/1/3478
f 4173/1/3485 4174/1/3486 4175/1/3487
f 4176/1/3488 4177/1/3489 4172/1/3484
f 4176/1/3488 4172/1/3484 4171/1/3483
f 4178/1/3490 4175/1/3487 4179/1/3491
f 4177/1/3489 4166/1/3478 4172/1/3484
f 4180/1/3492 4181/1/3493 4182/1/3494
f 4179/1/3491 4180/1/3492 4182/1/3494
f 4183/1/3495 4184/1/3496 4185/1/3497
f 4186/1/3498 4187/1/3499 4188/1/3500
f 4189/1/3501 4179/1/3491 4182/1/3494
f 4190/1/3502 4189/1/3501 4188/1/3500
f 4184/1/3496 4191/1/3503 4185/1/3497
f 4192/1/3504 4193/1/3505 4194/1/3506
f 4195/1/3507 4193/1/3505 4192/1/3504
f 4196/1/3508 4193/1/3505 4195/1/3507
f 4196/1/3508 4197/1/3509 4193/1/3505
f 4198/1/3510 4183/1/3495 4185/1/3497
f 4199/1/3511 4200/1/3512 4185/1/3497
f 4185/1/3497 4197/1/3509 4199/1/3511
f 4201/1/3513 4202/1/3514 4203/1/3515
f 4202/1/3514 4204/1/3516 4205/1/3517
f 4205/1/3517 4204/1/3516 4206/1/3518
f 4207/1/3519 4205/1/3517 4206/1/3518
f 4208/1/3520 4201/1/3513 4203/1/3515
f 4207/1/3519 4192/1/3504 4194/1/3506
f 4207/1/3519 4209/1/3521 4192/1/3504
f 4210/1/3522 4211/1/3523 4212/1/3524
f 4211/1/3523 4213/1/3525 4212/1/3524
f 4214/1/3526 4208/1/3520 4215/1/3527
f 4211/1/3523 4216/1/3528 4213/1/3525
f 4217/1/3529 4208/1/3520 4214/1/3526
f 4216/1/3528 4215/1/3527 4213/1/3525
f 4218/1/3530 4219/1/3531 4210/1/3522
f 4219/1/3531 4220/1/3532 4210/1/3522
f 4169/1/3481 4221/1/3533 4167/1/3479
f 4170/1/3482 4166/1/3478 4177/1/3489
f 4222/1/3534 4169/1/3481 4170/1/3482
f 4221/1/3533 4169/1/3481 4222/1/3534
f 4223/1/3535 4175/1/3487 4178/1/3490
f 4223/1/3535 4173/1/3485 4175/1/3487
f 4174/1/3486 4173/1/3485 4171/1/3483
f 4171/1/3483 4173/1/3485 4176/1/3488
f 4224/1/3536 4177/1/3489 4176/1/3488
f 4176/1/3488 4225/1/3537 4224/1/3536
f 4226/1/3538 4224/1/3536 4225/1/3537
f 4227/1/3539 4179/1/3491 4189/1/3501
f 4227/1/3539 4189/1/3501 4190/1/3502
f 4188/1/3500 4187/1/3499 4228/1/3540
f 4229/1/3541 4187/1/3499 4186/1/3498
f 4229/1/3541 4186/1/3498 4230/1/3542
f 4229/1/3541 4230/1/3542 4183/1/3495
f 4198/1/3510 4229/1/3541 4183/1/3495
f 4190/1/3502 4188/1/3500 4228/1/3540
f 4231/1/3543 4227/1/3539 4190/1/3502
f 4231/1/3543 4232/1/3544 4233/1/3545
f 4232/1/3544 4231/1/3543 4190/1/3502
f 4198/1/3510 4185/1/3497 4200/1/3512
f 4209/1/3521 4195/1/3507 4192/1/3504
f 4197/1/3509 4196/1/3508 4199/1/3511
f 4234/1/3546 4235/1/3547 4198/1/3510
f 4200/1/3512 4234/1/3546 4198/1/3510
f 4204/1/3516 4202/1/3514 4201/1/3513
f 4236/1/3548 4237/1/3549 4238/1/3550
f 4239/1/3551 4236/1/3548 4238/1/3550
f 4206/1/3518 4239/1/3551 4238/1/3550
f 4206/1/3518 4204/1/3516 4239/1/3551
f 4201/1/3513 4208/1/3520 4217/1/3529
f 4240/1/3552 4207/1/3519 4206/1/3518
f 4209/1/3521 4207/1/3519 4240/1/3552
f 4238/1/3550 4209/1/3521 4240/1/3552
f 4206/1/3518 4238/1/3550 4240/1/3552
f 4217/1/3529 4204/1/3516 4201/1/3513
f 4220/1/3532 4211/1/3523 4210/1/3522
f 4216/1/3528 4241/1/3553 4215/1/3527
f 4214/1/3526 4215/1/3527 4241/1/3553
f 4178/1/3490 4179/1/3491 4227/1/3539
f 4242/1/3554 4243/1/3555 4244/1/3556
f 4245/1/3557 4243/1/3555 4242/1/3554
f 4242/1/3554 4244/1/3556 4246/1/3558
f 4246/1/3558 4247/1/3559 4248/1/3560
f 4248/1/3560 4247/1/3559 4249/1/3561
f 4250/1/3562 4247/1/3559 4251/1/3563
f 4244/1/3556 4247/1/3559 4246/1/3558
f 4249/1/3561 4247/1/3559 4252/1/3564
f 4250/1/3562 4253/1/3565 4254/1/3566
f 4251/1/3563 4247/1/3559 4255/1/3567
f 4251/1/3563 4255/1/3567 4256/1/3568
f 4251/1/3563 4256/1/3568 4257/1/3569
f 4258/1/3570 4251/1/3563 4257/1/3569
f 4250/1/3562 4251/1/3563 4258/1/3570
f 4250/1/3562 4252/1/3564 4247/1/3559
f 4259/1/3571 4250/1/3562 4258/1/3570
f 4253/1/3565 4250/1/3562 4259/1/3571
f 4259/1/3571 4258/1/3570 4260/1/3572
f 4260/1/3572 4258/1/3570 4261/1/3573
f 4258/1/3570 4257/1/3569 4262/1/3574
f 4258/1/3570 4263/1/3575 4261/1/3573
f 4258/1/3570 4262/1/3574 4263/1/3575
f 4261/1/3573 4263/1/3575 4264/1/3576
f 4257/1/3569 4256/1/3568 4265/1/3577
f 4266/1/3578 4257/1/3569 4267/1/3579
f 4257/1/3569 4266/1/3578 4268/1/3580
f 4262/1/3574 4257/1/3569 4269/1/3581
f 4269/1/3581 4257/1/3569 4268/1/3580
f 4270/1/3582 4268/1/3580 4271/1/3583
f 4271/1/3583 4268/1/3580 4272/1/3584
f 4273/1/3585 4269/1/3581 4268/1/3580
f 4268/1/3580 4270/1/3582 4273/1/3585
f 4272/1/3584 4268/1/3580 4266/1/3578
f 4272/1/3584 4266/1/3578 4274/1/3586
f 4275/1/3587 4276/1/3588 4277/1/3589
f 4278/1/3590 4275/1/3587 4277/1/3589
f 4275/1/3587 4278/1/3590 4279/1/3591
f 4280/1/3592 4276/1/3588 4275/1/3587
f 4280/1/3592 4275/1/3587 4281/1/3593
f 4282/1/3594 4281/1/3593 4275/1/3587
f 4278/1/3590 4277/1/3589 4283/1/3595
f 4284/1/3596 4285/1/3597 4286/1/3598
f 4287/1/3599 4288/1/3600 4289/1/3601
f 4287/1/3599 4289/1/3601 4290/1/3602
f 4291/1/3603 4276/1/3588 4280/1/3592
f 4292/1/3604 4293/1/3605 4291/1/3603
f 4286/1/3598 4291/1/3603 4280/1/3592
f 4285/1/3597 4291/1/3603 4286/1/3598
f 4292/1/3604 4291/1/3603 4294/1/3606
f 4294/1/3606 4291/1/3603 4285/1/3597
f 4284/1/3596 4294/1/3606 4285/1/3597
f 4294/1/3606 4288/1/3600 4292/1/3604
f 4287/1/3599 4292/1/3604 4288/1/3600
f 4295/1/1662 4296/1/1662 4297/1/1637
f 4295/1/1662 4298/1/3607 4296/1/1662
f 4299/1/3608 4300/1/3609 4301/1/3610
f 4302/1/3611 4300/1/3609 4299/1/3608
f 4303/1/3612 4300/1/3609 4302/1/3611
f 4304/1/3613 4300/1/3609 4303/1/3612
f 4305/1/1637 4306/1/1637 4307/1/1637
f 4295/1/1662 4308/1/3614 4298/1/3607
f 4309/1/3615 4310/1/3616 4311/1/3617
f 4309/1/3615 4312/1/1649 4310/1/3616
f 4313/1/3618 4312/1/1649 4309/1/3615
f 4314/1/3619 4312/1/1649 4313/1/3618
f 4315/1/3620 4312/1/1649 4314/1/3619
f 4316/1/3621 4312/1/1649 4315/1/3620
f 4317/1/3622 4312/1/1649 4316/1/3621
f 4318/1/3623 4312/1/1649 4317/1/3622
f 4318/1/3623 4319/1/3624 4312/1/1649
f 4320/1/3625 4319/1/3624 4318/1/3623
f 4321/1/3626 4319/1/3624 4320/1/3625
f 4322/1/3627 4319/1/3624 4321/1/3626
f 4323/1/3628 4319/1/3624 4322/1/3627
f 4324/1/3629 4319/1/3624 4323/1/3628
f 4324/1/3629 4325/1/3630 4319/1/3624
f 4326/1/3631 4325/1/3630 4324/1/3629
f 4327/1/3632 4325/1/3630 4326/1/3631
f 4328/1/3633 4325/1/3630 4327/1/3632
f 4295/1/1662 4329/1/3634 4308/1/3614
f 4295/1/1662 4330/1/3635 4329/1/3634
f 4295/1/1662 4331/1/3636 4330/1/3635
f 4295/1/1662 4332/1/3637 4331/1/3636
f 4325/1/3630 4332/1/3637 4295/1/1662
f 4325/1/3630 4333/1/3638 4332/1/3637
f 4334/1/3639 4328/1/3633 4335/1/3640
f 4334/1/3639 4325/1/3630 4328/1/3633
f 4336/1/3641 4325/1/3630 4334/1/3639
f 4337/1/3642 4325/1/3630 4336/1/3641
f 4338/1/3643 4325/1/3630 4337/1/3642
f 4339/1/3644 4325/1/3630 4338/1/3643
f 4340/1/3645 4325/1/3630 4339/1/3644
f 4341/1/3646 4325/1/3630 4340/1/3645
f 4342/1/3647 4325/1/3630 4341/1/3646
f 4342/1/3647 4333/1/3638 4325/1/3630
f 4343/1/3648 4333/1/3638 4342/1/3647
f 4343/1/3648 4344/1/3649 4333/1/3638
f 4345/1/3650 4346/1/3651 4347/1/3652
f 4347/1/3652 4346/1/3651 4348/1/3653
f 4349/1/3654 4350/1/3655 4351/1/3656
f 4352/1/3657 4350/1/3655 4349/1/3654
f 4353/1/1690 4354/1/3658 4355/1/3659
f 4353/1/1690 4356/1/3660 4354/1/3658
f 4353/1/1690 4357/1/3661 4356/1/3660
f 4353/1/1690 4358/1/3662 4357/1/3661
f 4359/1/1696 4358/1/3662 4353/1/1690
f 4360/1/3663 4350/1/3655 4352/1/3657
f 4358/1/3662 4361/1/3664 4362/1/3665
f 4359/1/1696 4361/1/3664 4358/1/3662
f 4359/1/1696 4363/1/3666 4361/1/3664
f 4359/1/1696 4364/1/3667 4363/1/3666
f 4359/1/1696 4365/1/3668 4364/1/3667
f 4359/1/1696 4366/1/809 4365/1/3668
f 4359/1/1696 4367/1/3669 4366/1/809
f 4368/1/3670 4350/1/3655 4360/1/3663
f 4369/1/3671 4350/1/3655 4368/1/3670
f 4370/1/3672 4350/1/3655 4369/1/3671
f 4371/1/3673 4350/1/3655 4370/1/3672
f 4371/1/3673 4372/1/3674 4350/1/3655
f 4373/1/3675 4372/1/3674 4371/1/3673
f 4374/1/3676 4375/1/3677 4376/1/3678
f 4377/1/3679 4378/1/3680 4379/1/3681
f 4380/1/3682 4381/1/3683 4382/1/3684
f 4383/1/3685 4384/1/3686 4385/1/3687
f 4386/1/3688 4387/1/3689 4388/1/3690
f 4359/1/1696 4389/1/3691 4367/1/3669
f 4359/1/1696 4374/1/3676 4389/1/3691
f 4359/1/1696 4375/1/3677 4374/1/3676
f 4372/1/3674 4375/1/3677 4359/1/1696
f 4372/1/3674 4390/1/3692 4375/1/3677
f 4372/1/3674 4391/1/3693 4390/1/3692
f 4372/1/3674 4386/1/3688 4391/1/3693
f 4372/1/3674 4387/1/3689 4386/1/3688
f 4372/1/3674 4383/1/3685 4387/1/3689
f 4372/1/3674 4384/1/3686 4383/1/3685
f 4372/1/3674 4380/1/3682 4384/1/3686
f 4372/1/3674 4381/1/3683 4380/1/3682
f 4372/1/3674 4377/1/3679 4381/1/3683
f 4372/1/3674 4378/1/3680 4377/1/3679
f 4373/1/3675 4378/1/3680 4372/1/3674
f 4388/1/3690 4387/1/3689 4392/1/3694
f 4376/1/3678 4375/1/3677 4393/1/3695
f 4374/1/3676 4376/1/3678 4394/1/3696
f 4395/1/3697 4396/1/3698 4397/1/3699
f 4396/1/3698 4398/1/3700 4397/1/3699
f 4399/1/793 4400/1/3701 4401/1/3702
f 4399/1/793 4402/1/3703 4400/1/3701
f 4403/1/795 4404/1/795 4405/1/795
f 4406/1/794 4407/1/794 4408/1/794
f 4409/1/2603 4410/1/3704 4411/1/789
f 4410/1/3704 4409/1/2603 4412/1/3705
f 4413/1/3706 4414/1/3707 4415/1/3708
f 4415/1/3708 4416/1/1745 4413/1/3706
f 4417/1/802 4418/1/802 4419/1/802
f 4420/1/1746 4421/1/1746 4422/1/1746
f 4423/1/802 4421/1/1746 4424/1/2609
f 4425/1/1749 4426/1/1749 4427/1/1749
f 4428/1/1746 4429/1/1746 4421/1/1746
f 4430/1/3709 4431/1/3710 4432/1/3711
f 4433/1/1753 4430/1/3709 4432/1/3711
f 4434/1/2865 4435/1/2866 4436/1/2867
f 4437/1/2868 4438/1/2869 4439/1/2870
f 4440/1/2871 4441/1/3712 4435/1/2866
f 4437/1/2868 4434/1/2865 4442/1/2873
f 4434/1/2865 4440/1/2871 4435/1/2866
f 4442/1/2873 4434/1/2865 4436/1/2867
f 4443/1/2874 4437/1/2868 4442/1/2873
f 4437/1/2868 4443/1/2874 4438/1/2869
f 4435/1/2866 4441/1/3712 4444/1/2875
f 4445/1/2876 4446/1/2877 4447/1/2878
f 4448/1/2879 4449/1/2880 4450/1/2881
f 4451/1/2882 4450/1/2881 4452/1/2883
f 4451/1/2882 4448/1/2879 4450/1/2881
f 4445/1/2876 4453/1/2884 4446/1/2877
f 4453/1/2884 4445/1/2876 4449/1/2880
f 4452/1/2883 4454/1/2885 4455/1/2886
f 4452/1/2883 4456/1/2887 4454/1/2885
f 4450/1/2881 4456/1/2887 4452/1/2883
f 4453/1/2884 4449/1/2880 4448/1/2879
f 4457/1/2888 4458/1/2889 4459/1/2890
f 4460/1/2891 4457/1/2888 4459/1/2890
f 4461/1/2892 4462/1/2893 4463/1/2894
f 4464/1/2895 4465/1/2896 4466/1/2897
f 4463/1/2894 4464/1/2895 4466/1/2897
f 4463/1/2894 4462/1/2893 4464/1/2895
f 4457/1/2888 4467/1/2898 4458/1/2889
f 4457/1/2888 4468/1/2899 4461/1/2892
f 4457/1/2888 4460/1/2891 4468/1/2899
f 4461/1/2892 4468/1/2899 4462/1/2893
f 4464/1/2895 4469/1/2900 4465/1/2896
f 4470/1/2901 4471/1/2902 4472/1/2903
f 4473/1/2904 4474/1/2905 4470/1/2901
f 4473/1/2904 4470/1/2901 4475/1/2906
f 4476/1/2907 4477/1/2908 4478/1/2909
f 4475/1/2906 4476/1/2907 4478/1/2909
f 4477/1/2908 4479/1/2910 4480/1/2911
f 4470/1/2901 4474/1/2905 4481/1/2912
f 4470/1/2901 4481/1/2912 4471/1/2902
f 4470/1/2901 4476/1/2907 4475/1/2906
f 4476/1/2907 4482/1/2913 4477/1/2908
f 4482/1/2913 4479/1/2910 4477/1/2908
f 4483/1/2914 4484/1/2915 4485/1/2916
f 4484/1/2915 4486/1/2917 4485/1/2916
f 4485/1/2916 4487/1/2918 4488/1/2919
f 4487/1/2918 4485/1/2916 4486/1/2917
f 4486/1/2917 4489/1/2920 4487/1/2918
f 4490/1/2921 4489/1/2920 4486/1/2917
f 4490/1/2921 4486/1/2917 4491/1/2922
f 4484/1/2915 4492/1/2923 4486/1/2917
f 4492/1/2923 4493/1/2924 4494/1/2925
f 4486/1/2917 4492/1/2923 4495/1/2926
f 4486/1/2917 4495/1/2926 4491/1/2922
f 4496/1/2927 4491/1/2922 4495/1/2926
f 4492/1/2923 4494/1/2925 4495/1/2926
f 4495/1/2926 4494/1/2925 4497/1/2928
f 4498/1/2929 4495/1/2926 4497/1/2928
f 4499/1/2930 4495/1/2926 4498/1/2929
f 4497/1/2928 4494/1/2925 4500/1/2931
f 4500/1/2931 4494/1/2925 4501/1/2932
f 4502/1/2933 4498/1/2929 4497/1/2928
f 4503/1/2934 4504/1/2935 4505/1/2936
f 4505/1/2936 4504/1/2935 4506/1/2937
f 4506/1/2937 4507/1/2938 4508/1/2939
f 4509/1/3713 4510/1/967 4511/1/2941
f 4505/1/2936 4512/1/2942 4503/1/2934
f 4513/1/2943 4512/1/2942 4505/1/2936
f 4512/1/2942 4514/1/2944 4511/1/2941
f 4509/1/3713 4511/1/2941 4514/1/2944
f 4508/1/2939 4515/1/2945 4506/1/2937
f 4508/1/2939 4516/1/2946 4515/1/2945
f 4517/1/2947 4508/1/2939 4518/1/2948
f 4506/1/2937 4515/1/2945 4513/1/2943
f 4513/1/2943 4515/1/2945 4516/1/2946
f 4513/1/2943 4505/1/2936 4506/1/2937
f 4517/1/2947 4516/1/2946 4508/1/2939
f 4519/1/2949 4517/1/2947 4518/1/2948
f 4520/1/2950 4517/1/2947 4519/1/2949
f 4521/1/2951 4513/1/2943 4516/1/2946
f 4517/1/2947 4521/1/2951 4516/1/2946
f 4519/1/2949 4518/1/2948 4522/1/2952
f 4513/1/2943 4514/1/2944 4512/1/2942
f 4523/1/2953 4514/1/2944 4513/1/2943
f 4523/1/2953 4513/1/2943 4524/1/2954
f 4520/1/2950 4525/1/2955 4517/1/2947
f 4524/1/2954 4513/1/2943 4521/1/2951
f 4526/1/2956 4520/1/2950 4519/1/2949
f 4525/1/2955 4521/1/2951 4517/1/2947
f 4527/1/2957 4520/1/2950 4526/1/2956
f 4528/1/3714 4523/1/2953 4524/1/2954
f 4527/1/2957 4525/1/2955 4520/1/2950
f 4524/1/2954 4521/1/2951 4525/1/2955
f 4525/1/2955 4528/1/3714 4524/1/2954
f 4519/1/2949 4529/1/2959 4526/1/2956
f 4530/1/2960 4531/1/2961 4532/1/2962
f 4533/1/2963 4534/1/2964 4535/1/2965
f 4533/1/2963 4536/1/2966 4534/1/2964
f 4537/1/2967 4535/1/2965 4538/1/2968
f 4537/1/2967 4533/1/2963 4535/1/2965
f 4539/1/2969 4531/1/2961 4540/1/2970
f 4541/1/2971 4530/1/2960 4532/1/2962
f 4542/1/2972 4538/1/2968 4543/1/2973
f 4531/1/2961 4544/1/3715 4532/1/2962
f 4539/1/2969 4544/1/3715 4531/1/2961
f 4541/1/2971 4543/1/2973 4530/1/2960
f 4545/1/2975 4536/1/2966 4533/1/2963
f 4537/1/2967 4538/1/2968 4542/1/2972
f 4546/1/2976 4539/1/2969 4547/1/2977
f 4548/1/2978 4539/1/2969 4546/1/2976
f 4542/1/2972 4543/1/2973 4541/1/2971
f 4549/1/2979 4550/1/2980 4551/1/2981
f 4552/1/2982 4542/1/2972 4541/1/2971
f 4553/1/2983 4554/1/2984 4555/1/2985
f 4553/1/2983 4555/1/2985 4552/1/2982
f 4553/1/2983 4552/1/2982 4541/1/2971
f 4554/1/2984 4556/1/3716 4555/1/2985
f 4557/1/2987 4556/1/3716 4554/1/2984
f 4558/1/2988 4544/1/3715 4548/1/2978
f 4559/1/2989 4560/1/2990 4561/1/2991
f 4562/1/2992 4556/1/3716 4557/1/2987
f 4562/1/2992 4557/1/2987 4563/1/2993
f 4563/1/2993 4551/1/2981 4562/1/2992
f 4564/1/2994 4551/1/2981 4563/1/2993
f 4565/1/2995 4566/1/2996 4550/1/2980
f 4567/1/2997 4565/1/2995 4550/1/2980
f 4567/1/2997 4550/1/2980 4568/1/2998
f 4569/1/2999 4565/1/2995 4567/1/2997
f 4570/1/3000 4571/1/3001 4572/1/3002
f 4560/1/2990 4573/1/3003 4570/1/3000
f 4574/1/3004 4560/1/2990 4559/1/2989
f 4570/1/3000 4573/1/3003 4575/1/3005
f 4576/1/3006 4551/1/2981 4564/1/2994
f 4574/1/3004 4573/1/3003 4560/1/2990
f 4571/1/3001 4570/1/3000 4575/1/3005
f 4577/1/3007 4569/1/2999 4567/1/2997
f 4549/1/2979 4568/1/2998 4550/1/2980
f 4578/1/3008 4564/1/2994 4572/1/3002
f 4579/1/3009 4573/1/3003 4574/1/3004
f 4571/1/3001 4578/1/3008 4572/1/3002
f 4576/1/3006 4549/1/2979 4551/1/2981
f 4580/1/3010 4581/1/3011 4576/1/3006
f 4582/1/3012 4573/1/3003 4579/1/3009
f 4583/1/3013 4576/1/3006 4564/1/2994
f 4564/1/2994 4578/1/3008 4583/1/3013
f 4584/1/3014 4576/1/3006 4583/1/3013
f 4584/1/3014 4580/1/3010 4576/1/3006
f 4585/1/3717 4586/1/3016 4587/1/3017
f 4580/1/3010 4588/1/3018 4581/1/3011
f 4586/1/3016 4588/1/3018 4589/1/3019
f 4589/1/3019 4588/1/3018 4580/1/3010
f 4589/1/3019 4587/1/3017 4586/1/3016
f 4590/1/3020 4585/1/3717 4591/1/3021
f 4592/1/3022 4585/1/3717 4587/1/3017
f 4593/1/3023 4594/1/3718 4595/1/3025
f 4596/1/3026 4593/1/3023 4595/1/3025
f 4597/1/3027 4598/1/3028 4599/1/3029
f 4600/1/3030 4596/1/3026 4595/1/3025
f 4600/1/3030 4595/1/3025 4598/1/3028
f 4599/1/3029 4590/1/3020 4591/1/3021
f 4601/1/3031 4599/1/3029 4591/1/3021
f 4599/1/3029 4601/1/3031 4602/1/3032
f 4603/1/3033 4599/1/3029 4602/1/3032
f 4604/1/3034 4605/1/3035 4606/1/3036
f 4607/1/3037 4608/1/3038 4609/1/3039
f 4604/1/3034 4610/1/3040 4605/1/3035
f 4611/1/3719 4610/1/3040 4604/1/3034
f 4610/1/3040 4611/1/3719 4612/1/3042
f 4597/1/3027 4599/1/3029 4603/1/3033
f 4613/1/3043 4593/1/3023 4596/1/3026
f 4602/1/3032 4608/1/3038 4603/1/3033
f 4609/1/3039 4612/1/3042 4611/1/3719
f 4607/1/3037 4609/1/3039 4611/1/3719
f 4597/1/3027 4600/1/3030 4598/1/3028
f 4614/1/3044 4611/1/3719 4604/1/3034
f 4603/1/3033 4608/1/3038 4607/1/3037
f 4585/1/3717 4592/1/3022 4591/1/3021
f 4548/1/2978 4544/1/3715 4539/1/2969
f 4615/1/3045 4616/1/3046 4617/1/3720
f 4618/1/3048 4616/1/3046 4615/1/3045
f 4619/1/3049 4616/1/3046 4620/1/3050
f 4620/1/3050 4616/1/3046 4621/1/3051
f 4621/1/3051 4616/1/3046 4622/1/3052
f 4622/1/3052 4616/1/3046 4618/1/3048
f 4622/1/3052 4618/1/3048 4623/1/3053
f 4624/1/3054 4622/1/3052 4625/1/3055
f 4621/1/3051 4622/1/3052 4624/1/3054
f 4626/1/3056 4627/1/3057 4628/1/3058
f 4627/1/3057 4620/1/3050 4621/1/3051
f 4629/1/3059 4620/1/3050 4627/1/3057
f 4629/1/3059 4627/1/3057 4626/1/3056
f 4629/1/3059 4626/1/3056 4630/1/3060
f 4631/1/3061 4629/1/3059 4630/1/3060
f 4628/1/3058 4627/1/3057 4621/1/3051
f 4632/1/3062 4633/1/3063 4634/1/3064
f 4635/1/3721 4633/1/3063 4632/1/3062
f 4636/1/3066 4635/1/3721 4632/1/3062
f 4637/1/3067 4638/1/3068 4639/1/3069
f 4639/1/3069 4640/1/3070 4637/1/3067
f 4641/1/3071 4642/1/3072 4643/1/3073
f 4642/1/3072 4638/1/3068 4643/1/3073
f 4644/1/3074 4640/1/3070 4639/1/3069
f 4638/1/3068 4642/1/3072 4645/1/3075
f 4644/1/3074 4639/1/3069 4638/1/3068
f 4645/1/3075 4644/1/3074 4638/1/3068
f 4646/1/3076 4647/1/3077 4648/1/3078
f 4635/1/3721 4649/1/3079 4633/1/3063
f 4640/1/3070 4636/1/3066 4632/1/3062
f 4650/1/3080 4640/1/3070 4651/1/3081
f 4650/1/3080 4636/1/3066 4640/1/3070
f 4652/1/3082 4651/1/3081 4640/1/3070
f 4653/1/3083 4642/1/3072 4641/1/3071
f 4641/1/3071 4648/1/3078 4654/1/3084
f 4655/1/3085 4640/1/3070 4644/1/3074
f 4642/1/3072 4653/1/3083 4645/1/3075
f 4655/1/3085 4644/1/3074 4645/1/3075
f 4656/1/3722 4655/1/3085 4645/1/3075
f 4645/1/3075 4653/1/3083 4656/1/3722
f 4652/1/3082 4640/1/3070 4655/1/3085
f 4657/1/3087 4655/1/3085 4656/1/3722
f 4657/1/3087 4652/1/3082 4655/1/3085
f 4658/1/3088 4641/1/3071 4654/1/3084
f 4659/1/3089 4656/1/3722 4653/1/3083
f 4658/1/3088 4653/1/3083 4641/1/3071
f 4658/1/3088 4659/1/3089 4653/1/3083
f 4659/1/3089 4652/1/3082 4657/1/3087
f 4659/1/3089 4657/1/3087 4656/1/3722
f 4647/1/3077 4654/1/3084 4648/1/3078
f 4651/1/3081 4652/1/3082 4660/1/3090
f 4661/1/3091 4660/1/3090 4652/1/3082
f 4659/1/3089 4661/1/3091 4652/1/3082
f 4662/1/3092 4658/1/3088 4654/1/3084
f 4663/1/3093 4664/1/3094 4665/1/3095
f 4663/1/3093 4666/1/3096 4664/1/3094
f 4667/1/3097 4665/1/3095 4668/1/3098
f 4668/1/3098 4669/1/3099 4670/1/3100
f 4668/1/3098 4670/1/3100 4671/1/3101
f 4671/1/3101 4667/1/3097 4668/1/3098
f 4663/1/3093 4665/1/3095 4667/1/3097
f 4669/1/3099 4672/1/3102 4670/1/3100
f 4673/1/3103 4667/1/3097 4671/1/3101
f 4674/1/3104 4673/1/3103 4671/1/3101
f 4674/1/3104 4675/1/3105 4673/1/3103
f 4676/1/3106 4675/1/3105 4674/1/3104
f 4677/1/3107 4678/1/3108 4679/1/3109
f 4678/1/3108 4680/1/3110 4679/1/3109
f 4675/1/3105 4676/1/3106 4677/1/3107
f 4678/1/3108 4677/1/3107 4676/1/3106
f 4679/1/3109 4680/1/3110 4681/1/3111
f 4682/1/3112 4681/1/3111 4680/1/3110
f 4682/1/3112 4680/1/3110 4683/1/3113
f 4684/1/3114 4685/1/3115 4682/1/3112
f 4686/1/3116 4687/1/3117 4688/1/3118
f 4687/1/3117 4689/1/3119 4688/1/3118
f 4683/1/3113 4684/1/3114 4682/1/3112
f 4690/1/3120 4691/1/3121 4692/1/3122
f 4692/1/3122 4693/1/3123 4690/1/3120
f 4694/1/3124 4684/1/3114 4683/1/3113
f 4683/1/3113 4680/1/3110 4694/1/3124
f 4691/1/3121 4695/1/3125 4692/1/3122
f 4696/1/3126 4687/1/3117 4686/1/3116
f 4696/1/3126 4686/1/3116 4685/1/3115
f 4696/1/3126 4685/1/3115 4684/1/3114
f 4697/1/3127 4693/1/3123 4692/1/3122
f 4680/1/3110 4693/1/3123 4698/1/3128
f 4698/1/3128 4693/1/3123 4697/1/3127
f 4694/1/3124 4680/1/3110 4698/1/3128
f 4697/1/3127 4699/1/3129 4698/1/3128
f 4700/1/3130 4684/1/3114 4701/1/3131
f 4701/1/3131 4684/1/3114 4694/1/3124
f 4701/1/3131 4702/1/3132 4703/1/3133
f 4701/1/3131 4703/1/3133 4700/1/3130
f 4704/1/3134 4702/1/3132 4701/1/3131
f 4705/1/3135 4702/1/3132 4706/1/3136
f 4707/1/3137 4708/1/3138 4709/1/3139
f 4708/1/3138 4710/1/3140 4711/1/3141
f 4706/1/3136 4702/1/3132 4704/1/3134
f 4712/1/3142 4713/1/3143 4714/1/3144
f 4709/1/3139 4705/1/3135 4715/1/3145
f 4715/1/3145 4705/1/3135 4706/1/3136
f 4713/1/3143 4712/1/3142 4716/1/3146
f 4717/1/3723 4713/1/3143 4716/1/3146
f 4718/1/3148 4717/1/3723 4716/1/3146
f 4710/1/3140 4708/1/3138 4719/1/3149
f 4707/1/3137 4720/1/3150 4708/1/3138
f 4719/1/3149 4708/1/3138 4721/1/3724
f 4722/1/3152 4715/1/3145 4713/1/3143
f 4720/1/3150 4721/1/3724 4708/1/3138
f 4723/1/3153 4719/1/3149 4721/1/3724
f 4717/1/3723 4722/1/3152 4713/1/3143
f 4715/1/3145 4707/1/3137 4709/1/3139
f 4724/1/3154 4725/1/3155 4726/1/3156
f 4727/1/3157 4728/1/3158 4718/1/3148
f 4729/1/3159 4707/1/3137 4715/1/3145
f 4715/1/3145 4722/1/3152 4729/1/3159
f 4718/1/3148 4728/1/3158 4717/1/3723
f 4730/1/3160 4731/1/3161 4707/1/3137
f 4729/1/3159 4730/1/3160 4707/1/3137
f 4732/1/3162 4733/1/3163 4734/1/3164
f 4735/1/3165 4733/1/3163 4732/1/3162
f 4732/1/3162 4734/1/3164 4731/1/3161
f 4732/1/3162 4731/1/3161 4730/1/3160
f 4736/1/3166 4733/1/3163 4735/1/3165
f 4737/1/3167 4736/1/3166 4738/1/3168
f 4736/1/3166 4735/1/3165 4738/1/3168
f 4726/1/3156 4737/1/3167 4738/1/3168
f 4725/1/3155 4739/1/3169 4740/1/3170
f 4739/1/3169 4725/1/3155 4724/1/3154
f 4741/1/3171 4726/1/3156 4738/1/3168
f 4738/1/3168 4742/1/3172 4741/1/3171
f 4724/1/3154 4726/1/3156 4741/1/3171
f 4741/1/3171 4742/1/3172 4743/1/3173
f 4744/1/3174 4745/1/3175 4746/1/3176
f 4747/1/3177 4745/1/3175 4744/1/3174
f 4748/1/3178 4747/1/3177 4744/1/3174
f 4749/1/3179 4750/1/3180 4751/1/3181
f 4752/1/3182 4753/1/3183 4754/1/3184
f 4755/1/3185 4749/1/3179 4751/1/3181
f 4755/1/3185 4756/1/3186 4749/1/3179
f 4757/1/3187 4758/1/3188 4759/1/3189
f 4760/1/3190 4746/1/3176 4757/1/3187
f 4761/1/3725 4748/1/3178 4744/1/3174
f 4759/1/3189 4758/1/3188 4756/1/3186
f 4762/1/3192 4752/1/3182 4754/1/3184
f 4763/1/3193 4759/1/3189 4756/1/3186
f 4764/1/3194 4753/1/3183 4765/1/3195
f 4757/1/3187 4759/1/3189 4763/1/3193
f 4760/1/3190 4744/1/3174 4746/1/3176
f 4766/1/3196 4761/1/3725 4744/1/3174
f 4754/1/3184 4753/1/3183 4764/1/3194
f 4767/1/3726 4760/1/3190 4757/1/3187
f 4768/1/3198 4756/1/3186 4755/1/3185
f 4763/1/3193 4756/1/3186 4768/1/3198
f 4767/1/3726 4757/1/3187 4763/1/3193
f 4769/1/3727 4770/1/3200 4763/1/3193
f 4771/1/3201 4772/1/3728 4770/1/3200
f 4769/1/3727 4771/1/3201 4770/1/3200
f 4773/1/3203 4774/1/3204 4775/1/3205
f 4776/1/3206 4777/1/3207 4778/1/3208
f 4779/1/3209 4774/1/3204 4777/1/3207
f 4776/1/3206 4780/1/3210 4777/1/3207
f 4781/1/3211 4778/1/3208 4782/1/3212
f 4782/1/3212 4778/1/3208 4783/1/3213
f 4784/1/3214 4785/1/3215 4786/1/3216
f 4787/1/3217 4782/1/3212 4783/1/3213
f 4788/1/3218 4789/1/3219 4790/1/3220
f 4791/1/3221 4792/1/3222 4793/1/3223
f 4791/1/3221 4794/1/3729 4792/1/3222
f 4788/1/3218 4794/1/3729 4791/1/3221
f 4790/1/3220 4795/1/3225 4796/1/3226
f 4791/1/3221 4789/1/3219 4788/1/3218
f 4797/1/3227 4798/1/3228 4799/1/3229
f 4800/1/3230 4797/1/3227 4799/1/3229
f 4801/1/3231 4802/1/3232 4790/1/3220
f 4800/1/3230 4799/1/3229 4802/1/3232
f 4801/1/3231 4790/1/3220 4796/1/3226
f 4803/1/3233 4804/1/3730 4805/1/3235
f 4804/1/3730 4803/1/3233 4806/1/3236
f 4805/1/3235 4792/1/3222 4794/1/3729
f 4807/1/3237 4805/1/3235 4804/1/3730
f 4808/1/3238 4809/1/3239 4810/1/3731
f 4811/1/3241 4810/1/3731 4809/1/3239
f 4812/1/3242 4765/1/3195 4813/1/3243
f 4814/1/3244 4781/1/3211 4782/1/3212
f 4779/1/3209 4777/1/3207 4780/1/3210
f 4764/1/3194 4765/1/3195 4812/1/3242
f 4813/1/3243 4815/1/3245 4812/1/3242
f 4815/1/3245 4813/1/3243 4773/1/3203
f 4816/1/3246 4781/1/3211 4814/1/3244
f 4779/1/3209 4775/1/3205 4774/1/3204
f 4817/1/3247 4787/1/3217 4783/1/3213
f 4818/1/3248 4786/1/3216 4785/1/3215
f 4787/1/3217 4814/1/3244 4782/1/3212
f 4819/1/3249 4814/1/3244 4787/1/3217
f 4820/1/3250 4784/1/3214 4798/1/3228
f 4816/1/3246 4814/1/3244 4819/1/3249
f 4797/1/3227 4820/1/3250 4798/1/3228
f 4787/1/3217 4816/1/3246 4819/1/3249
f 4820/1/3250 4785/1/3215 4784/1/3214
f 4793/1/3223 4789/1/3219 4791/1/3221
f 4801/1/3231 4800/1/3230 4802/1/3232
f 4805/1/3235 4807/1/3237 4792/1/3222
f 4821/1/3251 4804/1/3730 4806/1/3236
f 4804/1/3730 4821/1/3251 4822/1/3252
f 4823/1/3253 4808/1/3238 4810/1/3731
f 4808/1/3238 4823/1/3253 4822/1/3252
f 4773/1/3203 4775/1/3205 4815/1/3245
f 4776/1/3206 4778/1/3208 4781/1/3211
f 4816/1/3246 4776/1/3206 4781/1/3211
f 4824/1/3732 4764/1/3194 4812/1/3242
f 4825/1/3255 4764/1/3194 4824/1/3732
f 4826/1/3256 4827/1/3257 4828/1/3258
f 4828/1/3258 4827/1/3257 4824/1/3732
f 4824/1/3732 4827/1/3257 4825/1/3255
f 4829/1/3259 4816/1/3246 4787/1/3217
f 4818/1/3248 4785/1/3215 4817/1/3247
f 4787/1/3217 4817/1/3247 4829/1/3259
f 4829/1/3259 4817/1/3247 4816/1/3246
f 4830/1/3260 4816/1/3246 4817/1/3247
f 4831/1/3261 4832/1/3262 4817/1/3247
f 4832/1/3262 4830/1/3260 4817/1/3247
f 4833/1/3733 4795/1/3225 4789/1/3219
f 4833/1/3733 4789/1/3219 4793/1/3223
f 4834/1/3264 4793/1/3223 4792/1/3222
f 4833/1/3733 4793/1/3223 4834/1/3264
f 4835/1/3265 4833/1/3733 4834/1/3264
f 4836/1/3734 4837/1/3267 4838/1/3268
f 4839/1/3269 4797/1/3227 4800/1/3230
f 4840/1/3270 4838/1/3268 4839/1/3269
f 4840/1/3270 4800/1/3230 4801/1/3231
f 4840/1/3270 4801/1/3231 4796/1/3226
f 4840/1/3270 4839/1/3269 4800/1/3230
f 4796/1/3226 4838/1/3268 4840/1/3270
f 4836/1/3734 4838/1/3268 4796/1/3226
f 4811/1/3241 4841/1/3271 4810/1/3731
f 4792/1/3222 4807/1/3237 4834/1/3264
f 4763/1/3193 4770/1/3200 4767/1/3726
f 4822/1/3252 4821/1/3251 4808/1/3238
f 4808/1/3238 4821/1/3251 4809/1/3239
f 4809/1/3239 4821/1/3251 4806/1/3236
f 4790/1/3220 4789/1/3219 4795/1/3225
f 4783/1/3213 4818/1/3248 4817/1/3247
f 4842/1/3272 4843/1/3273 4844/1/3274
f 4845/1/3275 4846/1/3276 4843/1/3273
f 4847/1/3277 4848/1/3278 4849/1/3279
f 4847/1/3277 4849/1/3279 4850/1/3280
f 4851/1/3281 4852/1/3282 4853/1/3283
f 4854/1/3284 4855/1/3285 4856/1/3286
f 4857/1/3287 4858/1/3288 4859/1/3289
f 4857/1/3287 4859/1/3289 4850/1/3280
f 4858/1/3288 4844/1/3274 4859/1/3289
f 4860/1/3290 4843/1/3273 4842/1/3272
f 4860/1/3290 4845/1/3275 4843/1/3273
f 4858/1/3288 4842/1/3272 4844/1/3274
f 4861/1/3291 4855/1/3285 4854/1/3284
f 4856/1/3286 4855/1/3285 4862/1/3292
f 4856/1/3286 4862/1/3292 4850/1/3280
f 4861/1/3291 4854/1/3284 4863/1/3293
f 4861/1/3291 4863/1/3293 4864/1/3294
f 4861/1/3291 4864/1/3294 4865/1/3295
f 4864/1/3294 4851/1/3281 4866/1/3296
f 4860/1/3290 4867/1/3297 4845/1/3275
f 4857/1/3287 4850/1/3280 4862/1/3292
f 4865/1/3295 4864/1/3294 4866/1/3296
f 4868/1/3298 4869/1/3299 4870/1/3300
f 4852/1/3282 4871/1/3301 4853/1/3283
f 4853/1/3283 4871/1/3301 4872/1/3302
f 4873/1/3303 4869/1/3299 4868/1/3298
f 4874/1/3304 4851/1/3281 4853/1/3283
f 4875/1/3305 4876/1/3306 4877/1/3307
f 4874/1/3304 4866/1/3296 4851/1/3281
f 4878/1/3308 4874/1/3304 4879/1/3309
f 4866/1/3296 4874/1/3304 4878/1/3308
f 4880/1/3310 4873/1/3303 4868/1/3298
f 4880/1/3310 4881/1/3311 4873/1/3303
f 4882/1/3312 4883/1/3313 4884/1/3314
f 4882/1/3312 4884/1/3314 4885/1/3315
f 4886/1/3316 4882/1/3312 4885/1/3315
f 4886/1/3316 4885/1/3315 4887/1/3317
f 4888/1/3318 4881/1/3311 4880/1/3310
f 4889/1/3319 4881/1/3311 4888/1/3318
f 4890/1/3320 4891/1/3321 4892/1/3322
f 4893/1/3323 4891/1/3321 4890/1/3320
f 4894/1/3735 4891/1/3321 4895/1/3325
f 4895/1/3325 4891/1/3321 4893/1/3323
f 4896/1/3326 4887/1/3317 4885/1/3315
f 4892/1/3322 4893/1/3323 4890/1/3320
f 4897/1/3327 4898/1/3736 4896/1/3326
f 4898/1/3736 4899/1/3737 4896/1/3326
f 4896/1/3326 4899/1/3737 4887/1/3317
f 4898/1/3736 4897/1/3327 4900/1/3330
f 4901/1/3331 4902/1/3332 4903/1/3333
f 4904/1/3334 4905/1/3335 4906/1/3336
f 4901/1/3331 4907/1/3337 4902/1/3332
f 4907/1/3337 4904/1/3334 4902/1/3332
f 4875/1/3305 4877/1/3307 4908/1/3338
f 4909/1/3339 4875/1/3305 4908/1/3338
f 4910/1/3340 4876/1/3306 4875/1/3305
f 4909/1/3339 4908/1/3338 4889/1/3319
f 4889/1/3319 4908/1/3338 4881/1/3311
f 4911/1/3341 4878/1/3308 4879/1/3309
f 4911/1/3341 4879/1/3309 4912/1/3342
f 4913/1/3343 4883/1/3313 4914/1/3344
f 4915/1/3738 4883/1/3313 4882/1/3312
f 4886/1/3316 4915/1/3738 4882/1/3312
f 4916/1/3346 4886/1/3316 4887/1/3317
f 4916/1/3346 4915/1/3738 4886/1/3316
f 4895/1/3325 4917/1/3739 4894/1/3735
f 4897/1/3327 4894/1/3735 4917/1/3739
f 4897/1/3327 4917/1/3739 4918/1/3740
f 4916/1/3346 4887/1/3317 4919/1/3349
f 4900/1/3330 4899/1/3737 4898/1/3736
f 4918/1/3740 4900/1/3330 4897/1/3327
f 4919/1/3349 4887/1/3317 4899/1/3737
f 4920/1/3350 4907/1/3337 4901/1/3331
f 4921/1/3351 4901/1/3331 4922/1/3352
f 4920/1/3350 4901/1/3331 4921/1/3351
f 4923/1/3353 4892/1/3322 4906/1/3336
f 4923/1/3353 4893/1/3323 4892/1/3322
f 4923/1/3353 4906/1/3336 4905/1/3335
f 4905/1/3335 4904/1/3334 4907/1/3337
f 4924/1/3741 4923/1/3353 4905/1/3335
f 4921/1/3351 4922/1/3352 4925/1/3742
f 4910/1/3340 4912/1/3342 4876/1/3306
f 4926/1/3356 4883/1/3313 4915/1/3738
f 4915/1/3738 4927/1/3357 4926/1/3356
f 4888/1/3318 4880/1/3310 4913/1/3343
f 4927/1/3357 4915/1/3738 4928/1/3358
f 4888/1/3318 4909/1/3339 4889/1/3319
f 4883/1/3313 4926/1/3356 4914/1/3344
f 4888/1/3318 4913/1/3343 4914/1/3344
f 4928/1/3358 4916/1/3346 4919/1/3349
f 4928/1/3358 4915/1/3738 4916/1/3346
f 4919/1/3349 4899/1/3737 4900/1/3330
f 4929/1/3359 4907/1/3337 4920/1/3350
f 4929/1/3359 4905/1/3335 4907/1/3337
f 4924/1/3741 4905/1/3335 4929/1/3359
f 4859/1/3289 4847/1/3277 4850/1/3280
f 4911/1/3341 4912/1/3342 4910/1/3340
f 4930/1/3360 4931/1/3361 4932/1/3362
f 4933/1/3363 4934/1/3364 4935/1/3365
f 4933/1/3363 4936/1/3366 4934/1/3364
f 4936/1/3366 4933/1/3363 4937/1/3367
f 4936/1/3366 4930/1/3360 4938/1/3743
f 4936/1/3366 4937/1/3367 4930/1/3360
f 4938/1/3743 4930/1/3360 4932/1/3362
f 4932/1/3362 4939/1/3369 4940/1/1397
f 4932/1/3362 4931/1/3361 4939/1/3369
f 4941/1/3370 4942/1/3371 4943/1/3372
f 4944/1/3373 4945/1/3374 4946/1/3375
f 4944/1/3373 4946/1/3375 4947/1/3376
f 4944/1/3373 4943/1/3372 4945/1/3374
f 4944/1/3373 4948/1/3377 4943/1/3372
f 4948/1/3377 4941/1/3370 4943/1/3372
f 4942/1/3371 4949/1/3378 4950/1/3379
f 4942/1/3371 4941/1/3370 4949/1/3378
f 4949/1/3378 4951/1/3380 4950/1/3379
f 4949/1/3378 4952/1/3381 4951/1/3380
f 4953/1/3382 4954/1/3383 4955/1/3384
f 4956/1/3385 4957/1/3744 4958/1/3387
f 4956/1/3385 4958/1/3387 4959/1/3388
f 4957/1/3744 4956/1/3385 4960/1/3389
f 4960/1/3389 4953/1/3382 4957/1/3744
f 4960/1/3389 4961/1/3390 4953/1/3382
f 4953/1/3382 4961/1/3390 4954/1/3383
f 4954/1/3383 4962/1/3391 4955/1/3384
f 4954/1/3383 4963/1/1420 4962/1/3391
f 4964/1/3393 4965/1/3394 4966/1/3395
f 4967/1/3396 4968/1/3397 4969/1/3398
f 4965/1/3394 4970/1/3399 4971/1/3400
f 4968/1/3397 4967/1/3396 4972/1/3401
f 4964/1/3393 4970/1/3399 4965/1/3394
f 4967/1/3396 4973/1/3402 4972/1/3401
f 4973/1/3402 4964/1/3393 4972/1/3401
f 4964/1/3393 4973/1/3402 4974/1/3403
f 4967/1/3396 4969/1/3398 4975/1/3404
f 4974/1/3403 4970/1/3399 4964/1/3393
f 4976/1/3405 4977/1/3406 4978/1/3407
f 4976/1/3405 4978/1/3407 4979/1/3408
f 4976/1/3405 4979/1/3408 4980/1/3409
f 4980/1/3409 4979/1/3408 4981/1/3410
f 4982/1/3411 4980/1/3409 4981/1/3410
f 4983/1/3745 4982/1/3411 4981/1/3410
f 4984/1/3413 4982/1/3411 4983/1/3745
f 4985/1/3746 4986/1/3415 4987/1/3416
f 4988/1/3417 4989/1/3418 4986/1/3415
f 4990/1/3747 4986/1/3415 4985/1/3746
f 4991/1/3420 4992/1/3421 4993/1/3422
f 4994/1/3423 4995/1/3748 4996/1/3425
f 4990/1/3747 4988/1/3417 4986/1/3415
f 4997/1/3426 4987/1/3416 4982/1/3411
f 4997/1/3426 4985/1/3746 4987/1/3416
f 4998/1/3427 4991/1/3420 4993/1/3422
f 4995/1/3748 4999/1/3428 4996/1/3425
f 5000/1/3749 4984/1/3413 4983/1/3745
f 4994/1/3423 5000/1/3749 4983/1/3745
f 5001/1/3430 4999/1/3428 4995/1/3748
f 4997/1/3426 4982/1/3411 4984/1/3413
f 4994/1/3423 4996/1/3425 5000/1/3749
f 5002/1/3431 5003/1/3432 5004/1/3433
f 5005/1/3434 4991/1/3420 4998/1/3427
f 5000/1/3749 5004/1/3433 4984/1/3413
f 5006/1/3435 5004/1/3433 5000/1/3749
f 5007/1/3436 5003/1/3432 5002/1/3431
f 5007/1/3436 5002/1/3431 5008/1/3437
f 5006/1/3435 5002/1/3431 5004/1/3433
f 5009/1/3438 5010/1/3439 5011/1/3440
f 5011/1/3440 5007/1/3436 5012/1/3441
f 5012/1/3441 5007/1/3436 5008/1/3437
f 5011/1/3440 5012/1/3441 5009/1/3438
f 5013/1/3442 5014/1/3443 5010/1/3439
f 5013/1/3442 5010/1/3439 5009/1/3438
f 5015/1/3444 5014/1/3443 5013/1/3442
f 5016/1/3445 5017/1/3446 5018/1/3447
f 5016/1/3445 5018/1/3447 5019/1/3448
f 5020/1/3449 5017/1/3446 5021/1/3450
f 5022/1/3451 5023/1/3452 5024/1/3453
f 5025/1/3454 5023/1/3452 5022/1/3451
f 5026/1/3455 5023/1/3452 5025/1/3454
f 5027/1/3456 5028/1/3457 5029/1/3458
f 5030/1/3459 5016/1/3445 5019/1/3448
f 5023/1/3452 5031/1/3460 5028/1/3457
f 5028/1/3457 5031/1/3460 5032/1/3461
f 5029/1/3458 5028/1/3457 5032/1/3461
f 5033/1/3462 5019/1/3448 5014/1/3443
f 5015/1/3444 5033/1/3462 5014/1/3443
f 5034/1/3750 5021/1/3450 5017/1/3446
f 5034/1/3750 5017/1/3446 5016/1/3445
f 5030/1/3459 5019/1/3448 5033/1/3462
f 5035/1/3464 5027/1/3456 5029/1/3458
f 5035/1/3464 5013/1/3442 5027/1/3456
f 5013/1/3442 5035/1/3464 5015/1/3444
f 5035/1/3464 5033/1/3462 5015/1/3444
f 5036/1/3465 5037/1/3466 5035/1/3464
f 5037/1/3466 5033/1/3462 5035/1/3464
f 5038/1/3467 5039/1/3468 5036/1/3465
f 5036/1/3465 5039/1/3468 5037/1/3466
f 5040/1/3751 5041/1/3470 5042/1/3471
f 5038/1/3467 5042/1/3471 5039/1/3468
f 5040/1/3751 5042/1/3471 5038/1/3467
f 5001/1/3430 4995/1/3748 5043/1/3472
f 5032/1/3461 5044/1/3473 5045/1/3474
f 5031/1/3460 5044/1/3473 5032/1/3461
f 5031/1/3460 5046/1/3475 5044/1/3473
f 5031/1/3460 5026/1/3455 5046/1/3475
f 5031/1/3460 5023/1/3452 5026/1/3455
f 5047/1/3476 5048/1/3477 5049/1/3478
f 5050/1/3479 5051/1/3480 5052/1/3481
f 5049/1/3478 5053/1/3482 5052/1/3481
f 5049/1/3478 5048/1/3477 5054/1/3483
f 5054/1/3483 5055/1/3484 5049/1/3478
f 5056/1/3485 5057/1/3486 5058/1/3487
f 5059/1/3488 5060/1/3489 5055/1/3484
f 5059/1/3488 5055/1/3484 5054/1/3483
f 5061/1/3490 5058/1/3487 5062/1/3491
f 5060/1/3489 5049/1/3478 5055/1/3484
f 5063/1/3492 5064/1/3493 5065/1/3494
f 5062/1/3491 5063/1/3492 5065/1/3494
f 5066/1/3495 5067/1/3496 5068/1/3497
f 5069/1/3498 5070/1/3499 5071/1/3500
f 5072/1/3501 5062/1/3491 5065/1/3494
f 5073/1/3502 5072/1/3501 5071/1/3500
f 5067/1/3496 5074/1/3503 5068/1/3497
f 5075/1/3504 5076/1/3505 5077/1/3506
f 5078/1/3507 5076/1/3505 5075/1/3504
f 5079/1/3508 5076/1/3505 5078/1/3507
f 5079/1/3508 5080/1/3509 5076/1/3505
f 5081/1/3510 5066/1/3495 5068/1/3497
f 5082/1/3511 5083/1/3512 5068/1/3497
f 5068/1/3497 5080/1/3509 5082/1/3511
f 5084/1/3752 5085/1/3514 5086/1/3515
f 5085/1/3514 5087/1/3516 5088/1/3517
f 5088/1/3517 5087/1/3516 5089/1/3753
f 5090/1/3519 5088/1/3517 5089/1/3753
f 5091/1/3520 5084/1/3752 5086/1/3515
f 5090/1/3519 5075/1/3504 5077/1/3506
f 5090/1/3519 5092/1/3521 5075/1/3504
f 5093/1/3522 5094/1/3523 5095/1/3524
f 5094/1/3523 5096/1/3525 5095/1/3524
f 5097/1/3526 5091/1/3520 5098/1/3527
f 5094/1/3523 5099/1/3528 5096/1/3525
f 5100/1/3529 5091/1/3520 5097/1/3526
f 5099/1/3528 5098/1/3527 5096/1/3525
f 5101/1/3530 5102/1/3531 5093/1/3522
f 5102/1/3531 5103/1/3532 5093/1/3522
f 5052/1/3481 5104/1/3533 5050/1/3479
f 5053/1/3482 5049/1/3478 5060/1/3489
f 5105/1/3534 5052/1/3481 5053/1/3482
f 5104/1/3533 5052/1/3481 5105/1/3534
f 5106/1/3535 5058/1/3487 5061/1/3490
f 5106/1/3535 5056/1/3485 5058/1/3487
f 5057/1/3486 5056/1/3485 5054/1/3483
f 5054/1/3483 5056/1/3485 5059/1/3488
f 5107/1/3536 5060/1/3489 5059/1/3488
f 5059/1/3488 5108/1/3537 5107/1/3536
f 5109/1/3538 5107/1/3536 5108/1/3537
f 5110/1/3539 5062/1/3491 5072/1/3501
f 5110/1/3539 5072/1/3501 5073/1/3502
f 5071/1/3500 5070/1/3499 5111/1/3540
f 5112/1/3541 5070/1/3499 5069/1/3498
f 5112/1/3541 5069/1/3498 5113/1/3542
f 5112/1/3541 5113/1/3542 5066/1/3495
f 5081/1/3510 5112/1/3541 5066/1/3495
f 5073/1/3502 5071/1/3500 5111/1/3540
f 5114/1/3543 5110/1/3539 5073/1/3502
f 5114/1/3543 5115/1/3544 5116/1/3545
f 5115/1/3544 5114/1/3543 5073/1/3502
f 5081/1/3510 5068/1/3497 5083/1/3512
f 5092/1/3521 5078/1/3507 5075/1/3504
f 5080/1/3509 5079/1/3508 5082/1/3511
f 5117/1/3546 5118/1/3547 5081/1/3510
f 5083/1/3512 5117/1/3546 5081/1/3510
f 5087/1/3516 5085/1/3514 5084/1/3752
f 5119/1/3548 5120/1/3549 5121/1/3550
f 5122/1/3551 5119/1/3548 5121/1/3550
f 5089/1/3753 5122/1/3551 5121/1/3550
f 5089/1/3753 5087/1/3516 5122/1/3551
f 5084/1/3752 5091/1/3520 5100/1/3529
f 5123/1/3552 5090/1/3519 5089/1/3753
f 5092/1/3521 5090/1/3519 5123/1/3552
f 5121/1/3550 5092/1/3521 5123/1/3552
f 5089/1/3753 5121/1/3550 5123/1/3552
f 5100/1/3529 5087/1/3516 5084/1/3752
f 5103/1/3532 5094/1/3523 5093/1/3522
f 5099/1/3528 5124/1/3553 5098/1/3527
f 5097/1/3526 5098/1/3527 5124/1/3553
f 5061/1/3490 5062/1/3491 5110/1/3539
f 5125/1/3554 5126/1/3555 5127/1/3556
f 5128/1/3557 5126/1/3555 5125/1/3554
f 5125/1/3554 5127/1/3556 5129/1/3558
f 5129/1/3558 5130/1/3559 5131/1/3560
f 5131/1/3560 5130/1/3559 5132/1/3561
f 5133/1/3562 5130/1/3559 5134/1/3563
f 5127/1/3556 5130/1/3559 5129/1/3558
f 5132/1/3561 5130/1/3559 5135/1/3564
f 5133/1/3562 5136/1/3565 5137/1/3566
f 5134/1/3563 5130/1/3559 5138/1/3567
f 5134/1/3563 5138/1/3567 5139/1/3568
f 5134/1/3563 5139/1/3568 5140/1/3754
f 5141/1/3755 5134/1/3563 5140/1/3754
f 5133/1/3562 5134/1/3563 5141/1/3755
f 5133/1/3562 5135/1/3564 5130/1/3559
f 5142/1/3571 5133/1/3562 5141/1/3755
f 5136/1/3565 5133/1/3562 5142/1/3571
f 5142/1/3571 5141/1/3755 5143/1/3572
f 5143/1/3572 5141/1/3755 5144/1/3573
f 5141/1/3755 5140/1/3754 5145/1/3574
f 5141/1/3755 5146/1/3575 5144/1/3573
f 5141/1/3755 5145/1/3574 5146/1/3575
f 5144/1/3573 5146/1/3575 5147/1/3576
f 5140/1/3754 5139/1/3568 5148/1/3756
f 5149/1/3578 5140/1/3754 5150/1/3579
f 5140/1/3754 5149/1/3578 5151/1/3580
f 5145/1/3574 5140/1/3754 5152/1/3581
f 5152/1/3581 5140/1/3754 5151/1/3580
f 5153/1/3757 5151/1/3580 5154/1/3583
f 5154/1/3583 5151/1/3580 5155/1/3584
f 5156/1/3585 5152/1/3581 5151/1/3580
f 5151/1/3580 5153/1/3757 5156/1/3585
f 5155/1/3584 5151/1/3580 5149/1/3578
f 5155/1/3584 5149/1/3578 5157/1/3586
f 5158/1/3587 5159/1/3588 5160/1/3589
f 5161/1/3590 5158/1/3587 5160/1/3589
f 5158/1/3587 5161/1/3590 5162/1/3591
f 5163/1/3592 5159/1/3588 5158/1/3587
f 5163/1/3592 5158/1/3587 5164/1/3593
f 5165/1/3594 5164/1/3593 5158/1/3587
f 5161/1/3590 5160/1/3589 5166/1/3758
f 5167/1/3759 5168/1/3760 5169/1/3598
f 5170/1/3599 5171/1/3600 5172/1/3601
f 5170/1/3599 5172/1/3601 5173/1/3602
f 5174/1/3761 5159/1/3588 5163/1/3592
f 5175/1/3762 5176/1/3605 5174/1/3761
f 5169/1/3598 5174/1/3761 5163/1/3592
f 5168/1/3760 5174/1/3761 5169/1/3598
f 5175/1/3762 5174/1/3761 5177/1/3606
f 5177/1/3606 5174/1/3761 5168/1/3760
f 5167/1/3759 5177/1/3606 5168/1/3760
f 5177/1/3606 5171/1/3600 5175/1/3762
f 5170/1/3599 5175/1/3762 5171/1/3600
f 5178/1/1662 5179/1/1662 5180/1/1637
f 5178/1/1662 5181/1/3607 5179/1/1662
f 5182/1/3608 5183/1/3609 5184/1/3610
f 5185/1/3763 5183/1/3609 5182/1/3608
f 5186/1/3612 5183/1/3609 5185/1/3763
f 5187/1/3613 5183/1/3609 5186/1/3612
f 5188/1/1637 5189/1/1637 5190/1/1637
f 5178/1/1662 5191/1/3614 5181/1/3607
f 5192/1/3764 5193/1/3616 5194/1/3765
f 5192/1/3764 5195/1/1649 5193/1/3616
f 5196/1/3766 5195/1/1649 5192/1/3764
f 5197/1/3767 5195/1/1649 5196/1/3766
f 5198/1/3620 5195/1/1649 5197/1/3767
f 5199/1/3621 5195/1/1649 5198/1/3620
f 5200/1/3622 5195/1/1649 5199/1/3621
f 5201/1/3768 5195/1/1649 5200/1/3622
f 5201/1/3768 5202/1/3624 5195/1/1649
f 5203/1/3625 5202/1/3624 5201/1/3768
f 5204/1/3769 5202/1/3624 5203/1/3625
f 5205/1/3770 5202/1/3624 5204/1/3769
f 5206/1/3628 5202/1/3624 5205/1/3770
f 5207/1/3629 5202/1/3624 5206/1/3628
f 5207/1/3629 5208/1/3630 5202/1/3624
f 5209/1/3631 5208/1/3630 5207/1/3629
f 5210/1/3616 5208/1/3630 5209/1/3631
f 5211/1/3633 5208/1/3630 5210/1/3616
f 5178/1/1662 5212/1/3634 5191/1/3614
f 5178/1/1662 5213/1/3635 5212/1/3634
f 5178/1/1662 5214/1/3636 5213/1/3635
f 5178/1/1662 5215/1/3637 5214/1/3636
f 5208/1/3630 5215/1/3637 5178/1/1662
f 5208/1/3630 5216/1/3638 5215/1/3637
f 5217/1/3771 5211/1/3633 5218/1/3640
f 5217/1/3771 5208/1/3630 5211/1/3633
f 5219/1/3641 5208/1/3630 5217/1/3771
f 5220/1/3772 5208/1/3630 5219/1/3641
f 5221/1/3643 5208/1/3630 5220/1/3772
f 5222/1/3644 5208/1/3630 5221/1/3643
f 5223/1/3773 5208/1/3630 5222/1/3644
f 5224/1/3774 5208/1/3630 5223/1/3773
f 5225/1/3775 5208/1/3630 5224/1/3774
f 5225/1/3775 5216/1/3638 5208/1/3630
f 5226/1/3648 5216/1/3638 5225/1/3775
f 5226/1/3648 5227/1/3649 5216/1/3638
f 5228/1/3650 5229/1/3651 5230/1/3776
f 5230/1/3776 5229/1/3651 5231/1/3653
f 5232/1/3654 5233/1/3655 5234/1/3656
f 5235/1/3777 5233/1/3655 5232/1/3654
f 5236/1/1690 5237/1/3658 5238/1/3659
f 5236/1/1690 5239/1/3660 5237/1/3658
f 5236/1/1690 5240/1/3661 5239/1/3660
f 5236/1/1690 5241/1/3662 5240/1/3661
f 5242/1/1696 5241/1/3662 5236/1/1690
f 5243/1/3663 5233/1/3655 5235/1/3777
f 5241/1/3662 5244/1/3664 5245/1/3665
f 5242/1/1696 5244/1/3664 5241/1/3662
f 5242/1/1696 5246/1/3778 5244/1/3664
f 5242/1/1696 5247/1/3779 5246/1/3778
f 5242/1/1696 5248/1/3668 5247/1/3779
f 5242/1/1696 5249/1/807 5248/1/3668
f 5242/1/1696 5250/1/3780 5249/1/807
f 5251/1/3670 5233/1/3655 5243/1/3663
f 5252/1/3671 5233/1/3655 5251/1/3670
f 5253/1/3672 5233/1/3655 5252/1/3671
f 5254/1/3673 5233/1/3655 5253/1/3672
f 5254/1/3673 5255/1/3674 5233/1/3655
f 5256/1/3675 5255/1/3674 5254/1/3673
f 5257/1/3676 5258/1/1709 5259/1/3678
f 5260/1/3679 5261/1/3680 5262/1/3681
f 5263/1/3682 5264/1/3781 5265/1/3684
f 5266/1/3685 5267/1/3686 5268/1/3687
f 5269/1/3688 5270/1/3689 5271/1/3690
f 5242/1/1696 5272/1/3691 5250/1/3780
f 5242/1/1696 5257/1/3676 5272/1/3691
f 5242/1/1696 5258/1/1709 5257/1/3676
f 5255/1/3674 5258/1/1709 5242/1/1696
f 5255/1/3674 5273/1/3782 5258/1/1709
f 5255/1/3674 5274/1/3693 5273/1/3782
f 5255/1/3674 5269/1/3688 5274/1/3693
f 5255/1/3674 5270/1/3689 5269/1/3688
f 5255/1/3674 5266/1/3685 5270/1/3689
f 5255/1/3674 5267/1/3686 5266/1/3685
f 5255/1/3674 5263/1/3682 5267/1/3686
f 5255/1/3674 5264/1/3781 5263/1/3682
f 5255/1/3674 5260/1/3679 5264/1/3781
f 5255/1/3674 5261/1/3680 5260/1/3679
f 5256/1/3675 5261/1/3680 5255/1/3674
f 5271/1/3690 5270/1/3689 5275/1/3694
f 5259/1/3678 5258/1/1709 5276/1/3783
f 5257/1/3676 5259/1/3678 5277/1/3696
f 5278/1/3697 5279/1/3784 5280/1/3699
f 5279/1/3784 5281/1/3785 5280/1/3699
f 5282/1/789 5283/1/3701 5284/1/3702
f 5282/1/789 5285/1/3703 5283/1/3701
f 5286/1/795 5287/1/795 5288/1/795
f 5289/1/794 5290/1/794 5291/1/794
f 5292/1/2603 5293/1/3704 5294/1/3786
f 5293/1/3704 5292/1/2603 5295/1/3705
f 5296/1/3706 5297/1/3707 5298/1/3708
f 5298/1/3708 5299/1/1745 5296/1/3706
f 5300/1/802 5301/1/802 5302/1/802
f 5303/1/1746 5304/1/1746 5305/1/1746
f 5306/1/802 5304/1/1746 5307/1/2609
f 5308/1/1749 5309/1/1749 5310/1/1749
f 5311/1/1746 5312/1/1746 5304/1/1746
f 5313/1/3709 5314/1/3710 5315/1/3711
f 5316/1/1753 5313/1/3709 5315/1/3711
f 5317/2/3787 5318/2/3788 5319/2/3789
f 5320/2/3790 5321/2/3791 5322/2/3792
f 5323/2/3793 5324/2/3794 5318/2/3788
f 5320/2/3790 5317/2/3787 5325/2/3795
f 5317/2/3787 5323/2/3793 5318/2/3788
f 5325/2/3795 5317/2/3787 5319/2/3789
f 5326/2/3796 5320/2/3790 5325/2/3795
f 5320/2/3790 5326/2/3796 5321/2/3791
f 5318/2/3788 5324/2/3794 5327/2/3797
f 5328/2/3798 5329/2/3799 5330/2/3800
f 5331/2/3801 5332/2/3802 5333/2/3803
f 5334/2/3804 5333/2/3803 5335/2/3805
f 5334/2/3804 5331/2/3801 5333/2/3803
f 5328/2/3798 5336/2/3806 5329/2/3799
f 5336/2/3806 5328/2/3798 5332/2/3802
f 5335/2/3805 5337/2/3807 5338/2/3808
f 5335/2/3805 5339/2/3809 5337/2/3807
f 5333/2/3803 5339/2/3809 5335/2/3805
f 5336/2/3806 5332/2/3802 5331/2/3801
f 5340/2/3810 5341/2/3811 5342/2/3812
f 5343/2/3813 5340/2/3810 5342/2/3812
f 5344/2/3814 5345/2/3815 5346/2/3816
f 5347/2/3817 5348/2/3818 5349/2/3819
f 5346/2/3816 5347/2/3817 5349/2/3819
f 5346/2/3816 5345/2/3815 5347/2/3817
f 5340/2/3810 5350/2/3820 5341/2/3811
f 5340/2/3810 5351/2/3821 5344/2/3814
f 5340/2/3810 5343/2/3813 5351/2/3821
f 5344/2/3814 5351/2/3821 5345/2/3815
f 5347/2/3817 5352/2/3822 5348/2/3818
f 5353/2/3823 5354/2/3824 5355/2/3825
f 5356/2/3826 5357/2/3827 5353/2/3823
f 5356/2/3826 5353/2/3823 5358/2/3828
f 5359/2/3829 5360/2/3830 5361/2/3831
f 5358/2/3828 5359/2/3829 5361/2/3831
f 5360/2/3830 5362/2/3832 5363/2/3833
f 5353/2/3823 5357/2/3827 5364/2/3834
f 5353/2/3823 5364/2/3834 5354/2/3824
f 5353/2/3823 5359/2/3829 5358/2/3828
f 5359/2/3829 5365/2/3835 5360/2/3830
f 5365/2/3835 5362/2/3832 5360/2/3830
f 5366/2/3836 5367/2/3837 5368/2/3838
f 5367/2/3837 5369/2/3839 5368/2/3838
f 5368/2/3838 5370/2/3840 5371/2/3841
f 5370/2/3840 5368/2/3838 5369/2/3839
f 5369/2/3839 5372/2/3842 5370/2/3840
f 5373/2/3843 5372/2/3842 5369/2/3839
f 5373/2/3843 5369/2/3839 5374/2/3844
f 5367/2/3837 5375/2/3845 5369/2/3839
f 5375/2/3845 5376/2/3846 5377/2/3847
f 5369/2/3839 5375/2/3845 5378/2/3848
f 5369/2/3839 5378/2/3848 5374/2/3844
f 5379/2/3849 5374/2/3844 5378/2/3848
f 5375/2/3845 5377/2/3847 5378/2/3848
f 5378/2/3848 5377/2/3847 5380/2/3850
f 5381/2/3851 5378/2/3848 5380/2/3850
f 5382/2/3852 5378/2/3848 5381/2/3851
f 5380/2/3850 5377/2/3847 5383/2/3853
f 5383/2/3853 5377/2/3847 5384/2/3854
f 5385/2/3855 5381/2/3851 5380/2/3850
f 5386/2/3856 5387/2/3857 5388/2/3858
f 5388/2/3858 5387/2/3857 5389/2/3859
f 5389/2/3859 5390/2/3860 5391/2/3861
f 5392/2/3862 5393/2/3863 5394/2/3864
f 5388/2/3858 5395/2/3865 5386/2/3856
f 5396/2/3866 5395/2/3865 5388/2/3858
f 5395/2/3865 5397/2/3867 5394/2/3864
f 5392/2/3862 5394/2/3864 5397/2/3867
f 5391/2/3861 5398/2/3868 5389/2/3859
f 5391/2/3861 5399/2/3869 5398/2/3868
f 5400/2/3870 5391/2/3861 5401/2/3871
f 5389/2/3859 5398/2/3868 5396/2/3866
f 5396/2/3866 5398/2/3868 5399/2/3869
f 5396/2/3866 5388/2/3858 5389/2/3859
f 5400/2/3870 5399/2/3869 5391/2/3861
f 5402/2/3872 5400/2/3870 5401/2/3871
f 5403/2/3873 5400/2/3870 5402/2/3872
f 5404/2/3874 5396/2/3866 5399/2/3869
f 5400/2/3870 5404/2/3874 5399/2/3869
f 5402/2/3872 5401/2/3871 5405/2/3875
f 5396/2/3866 5397/2/3867 5395/2/3865
f 5406/2/3876 5397/2/3867 5396/2/3866
f 5406/2/3876 5396/2/3866 5407/2/3877
f 5403/2/3873 5408/2/3878 5400/2/3870
f 5407/2/3877 5396/2/3866 5404/2/3874
f 5409/2/3879 5403/2/3873 5402/2/3872
f 5408/2/3878 5404/2/3874 5400/2/3870
f 5410/2/3880 5403/2/3873 5409/2/3879
f 5411/2/3881 5406/2/3876 5407/2/3877
f 5410/2/3880 5408/2/3878 5403/2/3873
f 5407/2/3877 5404/2/3874 5408/2/3878
f 5408/2/3878 5411/2/3881 5407/2/3877
f 5402/2/3872 5412/2/3882 5409/2/3879
f 5413/2/3883 5414/2/3884 5415/2/3885
f 5416/2/3886 5417/2/3887 5418/2/3888
f 5416/2/3886 5419/2/3889 5417/2/3887
f 5420/2/3890 5418/2/3888 5421/2/3891
f 5420/2/3890 5416/2/3886 5418/2/3888
f 5422/2/3892 5414/2/3884 5423/2/3893
f 5424/2/3894 5413/2/3883 5415/2/3885
f 5425/2/3895 5421/2/3891 5426/2/3896
f 5414/2/3884 5427/2/3897 5415/2/3885
f 5422/2/3892 5427/2/3897 5414/2/3884
f 5424/2/3894 5426/2/3896 5413/2/3883
f 5428/2/3898 5419/2/3889 5416/2/3886
f 5420/2/3890 5421/2/3891 5425/2/3895
f 5429/2/3899 5422/2/3892 5430/2/3900
f 5431/2/3901 5422/2/3892 5429/2/3899
f 5425/2/3895 5426/2/3896 5424/2/3894
f 5432/2/3902 5433/2/3903 5434/2/3904
f 5435/2/3905 5425/2/3895 5424/2/3894
f 5436/2/3906 5437/2/3907 5438/2/3908
f 5436/2/3906 5438/2/3908 5435/2/3905
f 5436/2/3906 5435/2/3905 5424/2/3894
f 5437/2/3907 5439/2/3909 5438/2/3908
f 5440/2/3910 5439/2/3909 5437/2/3907
f 5441/2/3911 5427/2/3897 5431/2/3901
f 5442/2/3912 5443/2/3913 5444/2/3914
f 5445/2/3915 5439/2/3909 5440/2/3910
f 5445/2/3915 5440/2/3910 5446/2/3916
f 5446/2/3916 5434/2/3904 5445/2/3915
f 5447/2/3917 5434/2/3904 5446/2/3916
f 5448/2/3918 5449/2/3919 5433/2/3903
f 5450/2/3920 5448/2/3918 5433/2/3903
f 5450/2/3920 5433/2/3903 5451/2/3921
f 5452/2/3922 5448/2/3918 5450/2/3920
f 5453/2/3923 5454/2/3924 5455/2/3925
f 5443/2/3913 5456/2/3926 5453/2/3923
f 5457/2/3927 5443/2/3913 5442/2/3912
f 5453/2/3923 5456/2/3926 5458/2/3928
f 5459/2/3929 5434/2/3904 5447/2/3917
f 5457/2/3927 5456/2/3926 5443/2/3913
f 5454/2/3924 5453/2/3923 5458/2/3928
f 5460/2/3930 5452/2/3922 5450/2/3920
f 5432/2/3902 5451/2/3921 5433/2/3903
f 5461/2/3931 5447/2/3917 5455/2/3925
f 5462/2/3932 5456/2/3926 5457/2/3927
f 5454/2/3924 5461/2/3931 5455/2/3925
f 5459/2/3929 5432/2/3902 5434/2/3904
f 5463/2/3933 5464/2/3934 5459/2/3929
f 5465/2/3935 5456/2/3926 5462/2/3932
f 5466/2/3936 5459/2/3929 5447/2/3917
f 5447/2/3917 5461/2/3931 5466/2/3936
f 5467/2/3937 5459/2/3929 5466/2/3936
f 5467/2/3937 5463/2/3933 5459/2/3929
f 5468/2/3938 5469/2/3939 5470/2/3940
f 5463/2/3933 5471/2/3941 5464/2/3934
f 5469/2/3939 5471/2/3941 5472/2/3942
f 5472/2/3942 5471/2/3941 5463/2/3933
f 5472/2/3942 5470/2/3940 5469/2/3939
f 5473/2/3943 5468/2/3938 5474/2/3944
f 5475/2/3945 5468/2/3938 5470/2/3940
f 5476/2/3946 5477/2/3947 5478/2/3948
f 5479/2/3949 5476/2/3946 5478/2/3948
f 5480/2/3950 5481/2/3951 5482/2/3952
f 5483/2/3953 5479/2/3949 5478/2/3948
f 5483/2/3953 5478/2/3948 5481/2/3951
f 5482/2/3952 5473/2/3943 5474/2/3944
f 5484/2/3954 5482/2/3952 5474/2/3944
f 5482/2/3952 5484/2/3954 5485/2/3955
f 5486/2/3956 5482/2/3952 5485/2/3955
f 5487/2/3957 5488/2/3958 5489/2/3959
f 5490/2/3960 5491/2/3961 5492/2/3962
f 5487/2/3957 5493/2/3963 5488/2/3958
f 5494/2/3964 5493/2/3963 5487/2/3957
f 5493/2/3963 5494/2/3964 5495/2/3965
f 5480/2/3950 5482/2/3952 5486/2/3956
f 5496/2/3966 5476/2/3946 5479/2/3949
f 5485/2/3955 5491/2/3961 5486/2/3956
f 5492/2/3962 5495/2/3965 5494/2/3964
f 5490/2/3960 5492/2/3962 5494/2/3964
f 5480/2/3950 5483/2/3953 5481/2/3951
f 5497/2/3967 5494/2/3964 5487/2/3957
f 5486/2/3956 5491/2/3961 5490/2/3960
f 5468/2/3938 5475/2/3945 5474/2/3944
f 5431/2/3901 5427/2/3897 5422/2/3892
f 5498/2/3968 5499/2/3969 5500/2/3970
f 5501/2/3971 5499/2/3969 5498/2/3968
f 5502/2/3972 5499/2/3969 5503/2/3973
f 5503/2/3973 5499/2/3969 5504/2/3974
f 5504/2/3974 5499/2/3969 5505/2/3975
f 5505/2/3975 5499/2/3969 5501/2/3971
f 5505/2/3975 5501/2/3971 5506/2/3976
f 5507/2/3977 5505/2/3975 5508/2/3978
f 5504/2/3974 5505/2/3975 5507/2/3977
f 5509/2/3979 5510/2/3980 5511/2/3981
f 5510/2/3980 5503/2/3973 5504/2/3974
f 5512/2/3982 5503/2/3973 5510/2/3980
f 5512/2/3982 5510/2/3980 5509/2/3979
f 5512/2/3982 5509/2/3979 5513/2/3983
f 5514/2/3984 5512/2/3982 5513/2/3983
f 5511/2/3981 5510/2/3980 5504/2/3974
f 5515/2/3985 5516/2/3986 5517/2/3987
f 5518/2/3988 5516/2/3986 5515/2/3985
f 5519/2/3989 5518/2/3988 5515/2/3985
f 5520/2/3990 5521/2/3991 5522/2/3992
f 5522/2/3992 5523/2/3993 5520/2/3990
f 5524/2/3994 5525/2/3995 5526/2/3996
f 5525/2/3995 5521/2/3991 5526/2/3996
f 5527/2/3997 5523/2/3993 5522/2/3992
f 5521/2/3991 5525/2/3995 5528/2/3998
f 5527/2/3997 5522/2/3992 5521/2/3991
f 5528/2/3998 5527/2/3997 5521/2/3991
f 5529/2/3999 5530/2/4000 5531/2/4001
f 5518/2/3988 5532/2/4002 5516/2/3986
f 5523/2/3993 5519/2/3989 5515/2/3985
f 5533/2/4003 5523/2/3993 5534/2/4004
f 5533/2/4003 5519/2/3989 5523/2/3993
f 5535/2/4005 5534/2/4004 5523/2/3993
f 5536/2/4006 5525/2/3995 5524/2/3994
f 5524/2/3994 5531/2/4001 5537/2/4007
f 5538/2/4008 5523/2/3993 5527/2/3997
f 5525/2/3995 5536/2/4006 5528/2/3998
f 5538/2/4008 5527/2/3997 5528/2/3998
f 5539/2/4009 5538/2/4008 5528/2/3998
f 5528/2/3998 5536/2/4006 5539/2/4009
f 5535/2/4005 5523/2/3993 5538/2/4008
f 5540/2/4010 5538/2/4008 5539/2/4009
f 5540/2/4010 5535/2/4005 5538/2/4008
f 5541/2/4011 5524/2/3994 5537/2/4007
f 5542/2/4012 5539/2/4009 5536/2/4006
f 5541/2/4011 5536/2/4006 5524/2/3994
f 5541/2/4011 5542/2/4012 5536/2/4006
f 5542/2/4012 5535/2/4005 5540/2/4010
f 5542/2/4012 5540/2/4010 5539/2/4009
f 5530/2/4000 5537/2/4007 5531/2/4001
f 5534/2/4004 5535/2/4005 5543/2/4013
f 5544/2/4014 5543/2/4013 5535/2/4005
f 5542/2/4012 5544/2/4014 5535/2/4005
f 5545/2/4015 5541/2/4011 5537/2/4007
f 5546/2/4016 5547/2/4017 5548/2/4018
f 5546/2/4016 5549/2/4019 5547/2/4017
f 5550/2/4020 5548/2/4018 5551/2/4021
f 5551/2/4021 5552/2/4022 5553/2/4023
f 5551/2/4021 5553/2/4023 5554/2/4024
f 5554/2/4024 5550/2/4020 5551/2/4021
f 5546/2/4016 5548/2/4018 5550/2/4020
f 5552/2/4022 5555/2/4025 5553/2/4023
f 5556/2/4026 5550/2/4020 5554/2/4024
f 5557/2/4027 5556/2/4026 5554/2/4024
f 5557/2/4027 5558/2/4028 5556/2/4026
f 5559/2/4029 5558/2/4028 5557/2/4027
f 5560/2/4030 5561/2/4031 5562/2/4032
f 5561/2/4031 5563/2/4033 5562/2/4032
f 5558/2/4028 5559/2/4029 5560/2/4030
f 5561/2/4031 5560/2/4030 5559/2/4029
f 5562/2/4032 5563/2/4033 5564/2/4034
f 5565/2/4035 5564/2/4034 5563/2/4033
f 5565/2/4035 5563/2/4033 5566/2/4036
f 5567/2/4037 5568/2/4038 5565/2/4035
f 5569/2/4039 5570/2/4040 5571/2/4041
f 5570/2/4040 5572/2/4042 5571/2/4041
f 5566/2/4036 5567/2/4037 5565/2/4035
f 5573/2/4043 5574/2/4044 5575/2/4045
f 5575/2/4045 5576/2/4046 5573/2/4043
f 5577/2/4047 5567/2/4037 5566/2/4036
f 5566/2/4036 5563/2/4033 5577/2/4047
f 5574/2/4044 5578/2/4048 5575/2/4045
f 5579/2/4049 5570/2/4040 5569/2/4039
f 5579/2/4049 5569/2/4039 5568/2/4038
f 5579/2/4049 5568/2/4038 5567/2/4037
f 5580/2/4050 5576/2/4046 5575/2/4045
f 5563/2/4033 5576/2/4046 5581/2/4051
f 5581/2/4051 5576/2/4046 5580/2/4050
f 5577/2/4047 5563/2/4033 5581/2/4051
f 5580/2/4050 5582/2/4052 5581/2/4051
f 5583/2/4053 5567/2/4037 5584/2/4054
f 5584/2/4054 5567/2/4037 5577/2/4047
f 5584/2/4054 5585/2/4055 5586/2/4056
f 5584/2/4054 5586/2/4056 5583/2/4053
f 5587/2/4057 5585/2/4055 5584/2/4054
f 5588/2/4058 5585/2/4055 5589/2/4059
f 5590/2/4060 5591/2/4061 5592/2/4062
f 5591/2/4061 5593/2/4063 5594/2/4064
f 5589/2/4059 5585/2/4055 5587/2/4057
f 5595/2/4065 5596/2/4066 5597/2/4067
f 5592/2/4062 5588/2/4058 5598/2/4068
f 5598/2/4068 5588/2/4058 5589/2/4059
f 5596/2/4066 5595/2/4065 5599/2/4069
f 5600/2/4070 5596/2/4066 5599/2/4069
f 5601/2/4071 5600/2/4070 5599/2/4069
f 5593/2/4063 5591/2/4061 5602/2/4072
f 5590/2/4060 5603/2/4073 5591/2/4061
f 5602/2/4072 5591/2/4061 5604/2/4074
f 5605/2/4075 5598/2/4068 5596/2/4066
f 5603/2/4073 5604/2/4074 5591/2/4061
f 5606/2/4076 5602/2/4072 5604/2/4074
f 5600/2/4070 5605/2/4075 5596/2/4066
f 5598/2/4068 5590/2/4060 5592/2/4062
f 5607/2/4077 5608/2/4078 5609/2/4079
f 5610/2/4080 5611/2/4081 5601/2/4071
f 5612/2/4082 5590/2/4060 5598/2/4068
f 5598/2/4068 5605/2/4075 5612/2/4082
f 5601/2/4071 5611/2/4081 5600/2/4070
f 5613/2/4083 5614/2/4084 5590/2/4060
f 5612/2/4082 5613/2/4083 5590/2/4060
f 5615/2/4085 5616/2/4086 5617/2/4087
f 5618/2/4088 5616/2/4086 5615/2/4085
f 5615/2/4085 5617/2/4087 5614/2/4084
f 5615/2/4085 5614/2/4084 5613/2/4083
f 5619/2/4089 5616/2/4086 5618/2/4088
f 5620/2/4090 5619/2/4089 5621/2/4091
f 5619/2/4089 5618/2/4088 5621/2/4091
f 5609/2/4079 5620/2/4090 5621/2/4091
f 5608/2/4078 5622/2/4092 5623/2/4093
f 5622/2/4092 5608/2/4078 5607/2/4077
f 5624/2/4094 5609/2/4079 5621/2/4091
f 5621/2/4091 5625/2/4095 5624/2/4094
f 5607/2/4077 5609/2/4079 5624/2/4094
f 5624/2/4094 5625/2/4095 5626/2/4096
f 5627/2/4097 5628/2/4098 5629/2/4099
f 5630/2/4100 5628/2/4098 5627/2/4097
f 5631/2/4101 5630/2/4100 5627/2/4097
f 5632/2/4102 5633/2/4103 5634/2/4104
f 5635/2/4105 5636/2/4106 5637/2/4107
f 5638/2/4108 5632/2/4102 5634/2/4104
f 5638/2/4108 5639/2/4109 5632/2/4102
f 5640/2/4110 5641/2/4111 5642/2/4112
f 5643/2/4113 5629/2/4099 5640/2/4110
f 5644/2/4114 5631/2/4101 5627/2/4097
f 5642/2/4112 5641/2/4111 5639/2/4109
f 5645/2/4115 5635/2/4105 5637/2/4107
f 5646/2/4116 5642/2/4112 5639/2/4109
f 5647/2/4117 5636/2/4106 5648/2/4118
f 5640/2/4110 5642/2/4112 5646/2/4116
f 5643/2/4113 5627/2/4097 5629/2/4099
f 5649/2/4119 5644/2/4114 5627/2/4097
f 5637/2/4107 5636/2/4106 5647/2/4117
f 5650/2/4120 5643/2/4113 5640/2/4110
f 5651/2/4121 5639/2/4109 5638/2/4108
f 5646/2/4116 5639/2/4109 5651/2/4121
f 5650/2/4120 5640/2/4110 5646/2/4116
f 5652/2/4122 5653/2/4123 5646/2/4116
f 5654/2/4124 5655/2/4125 5653/2/4123
f 5652/2/4122 5654/2/4124 5653/2/4123
f 5656/2/4126 5657/2/4127 5658/2/4128
f 5659/2/4129 5660/2/4130 5661/2/4131
f 5662/2/4132 5657/2/4127 5660/2/4130
f 5659/2/4129 5663/2/4133 5660/2/4130
f 5664/2/4134 5661/2/4131 5665/2/4135
f 5666/2/4136 5667/2/4137 5668/2/4138
f 5669/2/4139 5665/2/4135 5670/2/4140
f 5671/2/4141 5672/2/4142 5673/2/4143
f 5674/2/4144 5675/2/4145 5676/2/4146
f 5674/2/4144 5677/2/4147 5675/2/4145
f 5671/2/4141 5677/2/4147 5674/2/4144
f 5673/2/4143 5678/2/4148 5679/2/4149
f 5674/2/4144 5672/2/4142 5671/2/4141
f 5680/2/4150 5681/2/4151 5682/2/4152
f 5683/2/4153 5680/2/4150 5682/2/4152
f 5684/2/4154 5685/2/4155 5673/2/4143
f 5683/2/4153 5682/2/4152 5685/2/4155
f 5684/2/4154 5673/2/4143 5679/2/4149
f 5686/2/4156 5687/2/4157 5688/2/4158
f 5687/2/4157 5686/2/4156 5689/2/4159
f 5688/2/4158 5675/2/4145 5677/2/4147
f 5690/2/4160 5688/2/4158 5687/2/4157
f 5691/2/4161 5692/2/4162 5693/2/4163
f 5694/2/4164 5693/2/4163 5692/2/4162
f 5695/2/4165 5648/2/4118 5696/2/4166
f 5697/2/4167 5664/2/4134 5665/2/4135
f 5662/2/4132 5660/2/4130 5663/2/4133
f 5647/2/4117 5648/2/4118 5695/2/4165
f 5696/2/4166 5698/2/4168 5695/2/4165
f 5698/2/4168 5696/2/4166 5656/2/4126
f 5699/2/4169 5664/2/4134 5697/2/4167
f 5662/2/4132 5658/2/4128 5657/2/4127
f 5700/2/4170 5669/2/4139 5670/2/4140
f 5701/2/4171 5668/2/4138 5667/2/4137
f 5669/2/4139 5697/2/4167 5665/2/4135
f 5702/2/4172 5697/2/4167 5669/2/4139
f 5703/2/4173 5666/2/4136 5681/2/4151
f 5699/2/4169 5697/2/4167 5702/2/4172
f 5680/2/4150 5703/2/4173 5681/2/4151
f 5669/2/4139 5699/2/4169 5702/2/4172
f 5703/2/4173 5667/2/4137 5666/2/4136
f 5676/2/4146 5672/2/4142 5674/2/4144
f 5684/2/4154 5683/2/4153 5685/2/4155
f 5688/2/4158 5690/2/4160 5675/2/4145
f 5704/2/4174 5687/2/4157 5689/2/4159
f 5687/2/4157 5704/2/4174 5705/2/4175
f 5706/2/4176 5691/2/4161 5693/2/4163
f 5691/2/4161 5706/2/4176 5705/2/4175
f 5656/2/4126 5658/2/4128 5698/2/4168
f 5659/2/4129 5661/2/4131 5664/2/4134
f 5699/2/4169 5659/2/4129 5664/2/4134
f 5707/2/4177 5647/2/4117 5695/2/4165
f 5708/2/4178 5647/2/4117 5707/2/4177
f 5709/2/4179 5710/2/4180 5711/2/4181
f 5711/2/4181 5710/2/4180 5707/2/4177
f 5707/2/4177 5710/2/4180 5708/2/4178
f 5712/2/4182 5699/2/4169 5669/2/4139
f 5701/2/4171 5667/2/4137 5700/2/4170
f 5669/2/4139 5700/2/4170 5712/2/4182
f 5712/2/4182 5700/2/4170 5699/2/4169
f 5713/2/4183 5699/2/4169 5700/2/4170
f 5714/2/4184 5715/2/4185 5700/2/4170
f 5715/2/4185 5713/2/4183 5700/2/4170
f 5716/2/4186 5678/2/4148 5672/2/4142
f 5716/2/4186 5672/2/4142 5676/2/4146
f 5717/2/4187 5676/2/4146 5675/2/4145
f 5716/2/4186 5676/2/4146 5717/2/4187
f 5718/2/4188 5716/2/4186 5717/2/4187
f 5719/2/4189 5720/2/4190 5721/2/4191
f 5722/2/4192 5680/2/4150 5683/2/4153
f 5723/2/4193 5721/2/4191 5722/2/4192
f 5723/2/4193 5683/2/4153 5684/2/4154
f 5723/2/4193 5684/2/4154 5679/2/4149
f 5723/2/4193 5722/2/4192 5683/2/4153
f 5679/2/4149 5721/2/4191 5723/2/4193
f 5719/2/4189 5721/2/4191 5679/2/4149
f 5694/2/4164 5724/2/4194 5693/2/4163
f 5675/2/4145 5690/2/4160 5717/2/4187
f 5646/2/4116 5653/2/4123 5650/2/4120
f 5705/2/4175 5704/2/4174 5691/2/4161
f 5691/2/4161 5704/2/4174 5692/2/4162
f 5692/2/4162 5704/2/4174 5689/2/4159
f 5673/2/4143 5672/2/4142 5678/2/4148
f 5670/2/4140 5701/2/4171 5700/2/4170
f 5725/2/4195 5726/2/4196 5727/2/4197
f 5728/2/4198 5729/2/4199 5726/2/4196
f 5730/2/4200 5731/2/4201 5732/2/4202
f 5730/2/4200 5732/2/4202 5733/2/4203
f 5734/2/4204 5735/2/4205 5736/2/4206
f 5737/2/4207 5738/2/4208 5739/2/4209
f 5740/2/4210 5741/2/4211 5742/2/4212
f 5740/2/4210 5742/2/4212 5733/2/4203
f 5741/2/4211 5727/2/4197 5742/2/4212
f 5743/2/4213 5726/2/4196 5725/2/4195
f 5743/2/4213 5728/2/4198 5726/2/4196
f 5741/2/4211 5725/2/4195 5727/2/4197
f 5744/2/4214 5738/2/4208 5737/2/4207
f 5739/2/4209 5738/2/4208 5745/2/4215
f 5739/2/4209 5745/2/4215 5733/2/4203
f 5744/2/4214 5737/2/4207 5746/2/4216
f 5744/2/4214 5746/2/4216 5747/2/4217
f 5744/2/4214 5747/2/4217 5748/2/4218
f 5747/2/4217 5734/2/4204 5749/2/4219
f 5743/2/4213 5750/2/4220 5728/2/4198
f 5740/2/4210 5733/2/4203 5745/2/4215
f 5748/2/4218 5747/2/4217 5749/2/4219
f 5751/2/4221 5752/2/4222 5753/2/4223
f 5735/2/4205 5754/2/4224 5736/2/4206
f 5736/2/4206 5754/2/4224 5755/2/4225
f 5756/2/4226 5752/2/4222 5751/2/4221
f 5757/2/4227 5734/2/4204 5736/2/4206
f 5758/2/4228 5759/2/4229 5760/2/4230
f 5757/2/4227 5749/2/4219 5734/2/4204
f 5761/2/4231 5757/2/4227 5762/2/4232
f 5749/2/4219 5757/2/4227 5761/2/4231
f 5763/2/4233 5756/2/4226 5751/2/4221
f 5763/2/4233 5764/2/4234 5756/2/4226
f 5765/2/4235 5766/2/4236 5767/2/4237
f 5765/2/4235 5767/2/4237 5768/2/4238
f 5769/2/4239 5765/2/4235 5768/2/4238
f 5769/2/4239 5768/2/4238 5770/2/4240
f 5771/2/4241 5764/2/4234 5763/2/4233
f 5772/2/4242 5764/2/4234 5771/2/4241
f 5773/2/4243 5774/2/4244 5775/2/4245
f 5776/2/4246 5774/2/4244 5773/2/4243
f 5777/2/4247 5774/2/4244 5778/2/4248
f 5778/2/4248 5774/2/4244 5776/2/4246
f 5779/2/4249 5770/2/4240 5768/2/4238
f 5775/2/4245 5776/2/4246 5773/2/4243
f 5780/2/4250 5781/2/4251 5779/2/4249
f 5781/2/4251 5782/2/4252 5779/2/4249
f 5779/2/4249 5782/2/4252 5770/2/4240
f 5781/2/4251 5780/2/4250 5783/2/4253
f 5784/2/4254 5785/2/4255 5786/2/4256
f 5787/2/4257 5788/2/4258 5789/2/4259
f 5784/2/4254 5790/2/4260 5785/2/4255
f 5790/2/4260 5787/2/4257 5785/2/4255
f 5758/2/4228 5760/2/4230 5791/2/4261
f 5792/2/4262 5758/2/4228 5791/2/4261
f 5793/2/4263 5759/2/4229 5758/2/4228
f 5792/2/4262 5791/2/4261 5772/2/4242
f 5772/2/4242 5791/2/4261 5764/2/4234
f 5794/2/4264 5761/2/4231 5762/2/4232
f 5794/2/4264 5762/2/4232 5795/2/4265
f 5796/2/4266 5766/2/4236 5797/2/4267
f 5798/2/4268 5766/2/4236 5765/2/4235
f 5769/2/4239 5798/2/4268 5765/2/4235
f 5799/2/4269 5769/2/4239 5770/2/4240
f 5799/2/4269 5798/2/4268 5769/2/4239
f 5778/2/4248 5800/2/4270 5777/2/4247
f 5780/2/4250 5777/2/4247 5800/2/4270
f 5780/2/4250 5800/2/4270 5801/2/4271
f 5799/2/4269 5770/2/4240 5802/2/4272
f 5783/2/4253 5782/2/4252 5781/2/4251
f 5801/2/4271 5783/2/4253 5780/2/4250
f 5802/2/4272 5770/2/4240 5782/2/4252
f 5803/2/4273 5790/2/4260 5784/2/4254
f 5804/2/4274 5784/2/4254 5805/2/4275
f 5803/2/4273 5784/2/4254 5804/2/4274
f 5806/2/4276 5775/2/4245 5789/2/4259
f 5806/2/4276 5776/2/4246 5775/2/4245
f 5806/2/4276 5789/2/4259 5788/2/4258
f 5788/2/4258 5787/2/4257 5790/2/4260
f 5807/2/4277 5806/2/4276 5788/2/4258
f 5804/2/4274 5805/2/4275 5808/2/4278
f 5793/2/4263 5795/2/4265 5759/2/4229
f 5809/2/4279 5766/2/4236 5798/2/4268
f 5798/2/4268 5810/2/4280 5809/2/4279
f 5771/2/4241 5763/2/4233 5796/2/4266
f 5810/2/4280 5798/2/4268 5811/2/4281
f 5771/2/4241 5792/2/4262 5772/2/4242
f 5766/2/4236 5809/2/4279 5797/2/4267
f 5771/2/4241 5796/2/4266 5797/2/4267
f 5811/2/4281 5799/2/4269 5802/2/4272
f 5811/2/4281 5798/2/4268 5799/2/4269
f 5802/2/4272 5782/2/4252 5783/2/4253
f 5812/2/4282 5790/2/4260 5803/2/4273
f 5812/2/4282 5788/2/4258 5790/2/4260
f 5807/2/4277 5788/2/4258 5812/2/4282
f 5742/2/4212 5730/2/4200 5733/2/4203
f 5794/2/4264 5795/2/4265 5793/2/4263
f 5813/2/4283 5814/2/4284 5815/2/4285
f 5816/2/4286 5817/2/4287 5818/2/4288
f 5816/2/4286 5819/2/4289 5817/2/4287
f 5819/2/4289 5816/2/4286 5820/2/4290
f 5819/2/4289 5813/2/4283 5821/2/4291
f 5819/2/4289 5820/2/4290 5813/2/4283
f 5821/2/4291 5813/2/4283 5815/2/4285
f 5815/2/4285 5822/2/4292 5823/2/4293
f 5815/2/4285 5814/2/4284 5822/2/4292
f 5824/2/4294 5825/2/4295 5826/2/4296
f 5827/2/4297 5828/2/4298 5829/2/4299
f 5827/2/4297 5829/2/4299 5830/2/4300
f 5827/2/4297 5826/2/4296 5828/2/4298
f 5827/2/4297 5831/2/4301 5826/2/4296
f 5831/2/4301 5824/2/4294 5826/2/4296
f 5825/2/4295 5832/2/4302 5833/2/4303
f 5825/2/4295 5824/2/4294 5832/2/4302
f 5832/2/4302 5834/2/4304 5833/2/4303
f 5832/2/4302 5835/2/4305 5834/2/4304
f 5836/2/4306 5837/2/4307 5838/2/4308
f 5839/2/4309 5840/2/4310 5841/2/4311
f 5839/2/4309 5841/2/4311 5842/2/4312
f 5840/2/4310 5839/2/4309 5843/2/4313
f 5843/2/4313 5836/2/4306 5840/2/4310
f 5843/2/4313 5844/2/4314 5836/2/4306
f 5836/2/4306 5844/2/4314 5837/2/4307
f 5837/2/4307 5845/2/4315 5838/2/4308
f 5837/2/4307 5846/2/4316 5845/2/4315
f 5847/2/4317 5848/2/4318 5849/2/4319
f 5850/2/4320 5851/2/4321 5852/2/4322
f 5848/2/4318 5853/2/4323 5854/2/4324
f 5851/2/4321 5850/2/4320 5855/2/4325
f 5847/2/4317 5853/2/4323 5848/2/4318
f 5850/2/4320 5856/2/4326 5855/2/4325
f 5856/2/4326 5847/2/4317 5855/2/4325
f 5847/2/4317 5856/2/4326 5857/2/4327
f 5850/2/4320 5852/2/4322 5858/2/4328
f 5857/2/4327 5853/2/4323 5847/2/4317
f 5859/2/4329 5860/2/4330 5861/2/4331
f 5862/2/4332 5863/2/4333 5864/2/4334
f 5865/2/4335 5866/2/4336 5863/2/4333
f 5867/2/4337 5863/2/4333 5862/2/4332
f 5868/2/4338 5869/2/4339 5870/2/4340
f 5871/2/4341 5872/2/4342 5873/2/4343
f 5867/2/4337 5865/2/4335 5863/2/4333
f 5874/2/4344 5864/2/4334 5860/2/4330
f 5874/2/4344 5862/2/4332 5864/2/4334
f 5875/2/4345 5868/2/4338 5870/2/4340
f 5872/2/4342 5876/2/4346 5873/2/4343
f 5877/2/4347 5859/2/4329 5861/2/4331
f 5871/2/4341 5877/2/4347 5861/2/4331
f 5878/2/4348 5876/2/4346 5872/2/4342
f 5874/2/4344 5860/2/4330 5859/2/4329
f 5871/2/4341 5873/2/4343 5877/2/4347
f 5879/2/4349 5880/2/4350 5881/2/4351
f 5882/2/4352 5868/2/4338 5875/2/4345
f 5877/2/4347 5881/2/4351 5859/2/4329
f 5883/2/4353 5881/2/4351 5877/2/4347
f 5884/2/4354 5880/2/4350 5879/2/4349
f 5884/2/4354 5879/2/4349 5885/2/4355
f 5883/2/4353 5879/2/4349 5881/2/4351
f 5886/2/4356 5887/2/4357 5888/2/4358
f 5888/2/4358 5884/2/4354 5889/2/4359
f 5889/2/4359 5884/2/4354 5885/2/4355
f 5888/2/4358 5889/2/4359 5886/2/4356
f 5890/2/4360 5891/2/4361 5887/2/4357
f 5890/2/4360 5887/2/4357 5886/2/4356
f 5892/2/4362 5891/2/4361 5890/2/4360
f 5893/2/4363 5894/2/4364 5895/2/4365
f 5893/2/4363 5895/2/4365 5896/2/4366
f 5897/2/4367 5894/2/4364 5898/2/4368
f 5899/2/4369 5900/2/4370 5901/2/4371
f 5902/2/4372 5900/2/4370 5899/2/4369
f 5903/2/4373 5900/2/4370 5902/2/4372
f 5904/2/4374 5905/2/4375 5906/2/4376
f 5907/2/4377 5893/2/4363 5896/2/4366
f 5900/2/4370 5908/2/4378 5905/2/4375
f 5905/2/4375 5908/2/4378 5909/2/4379
f 5906/2/4376 5905/2/4375 5909/2/4379
f 5910/2/4380 5896/2/4366 5891/2/4361
f 5892/2/4362 5910/2/4380 5891/2/4361
f 5911/2/4381 5898/2/4368 5894/2/4364
f 5911/2/4381 5894/2/4364 5893/2/4363
f 5907/2/4377 5896/2/4366 5910/2/4380
f 5912/2/4382 5904/2/4374 5906/2/4376
f 5912/2/4382 5890/2/4360 5904/2/4374
f 5890/2/4360 5912/2/4382 5892/2/4362
f 5912/2/4382 5910/2/4380 5892/2/4362
f 5913/2/4383 5914/2/4384 5912/2/4382
f 5914/2/4384 5910/2/4380 5912/2/4382
f 5915/2/4385 5916/2/4386 5913/2/4383
f 5913/2/4383 5916/2/4386 5914/2/4384
f 5917/2/4387 5918/2/4388 5919/2/4389
f 5915/2/4385 5919/2/4389 5916/2/4386
f 5917/2/4387 5919/2/4389 5915/2/4385
f 5878/2/4348 5872/2/4342 5920/2/4390
f 5909/2/4379 5921/2/4391 5922/2/4392
f 5908/2/4378 5921/2/4391 5909/2/4379
f 5908/2/4378 5923/2/4393 5921/2/4391
f 5908/2/4378 5903/2/4373 5923/2/4393
f 5908/2/4378 5900/2/4370 5903/2/4373
f 5924/2/4394 5925/2/4395 5926/2/4396
f 5927/2/4397 5928/2/4398 5929/2/4399
f 5926/2/4396 5930/2/4400 5929/2/4399
f 5926/2/4396 5925/2/4395 5931/2/4401
f 5931/2/4401 5932/2/4402 5926/2/4396
f 5933/2/4403 5934/2/4404 5935/2/4405
f 5936/2/4406 5937/2/4407 5932/2/4402
f 5936/2/4406 5932/2/4402 5931/2/4401
f 5938/2/4408 5935/2/4405 5939/2/4409
f 5937/2/4407 5926/2/4396 5932/2/4402
f 5940/2/4410 5941/2/4411 5942/2/4412
f 5939/2/4409 5940/2/4410 5942/2/4412
f 5943/2/4413 5944/2/4414 5945/2/4415
f 5946/2/4416 5947/2/4417 5948/2/4418
f 5949/2/4419 5939/2/4409 5942/2/4412
f 5950/2/4420 5949/2/4419 5948/2/4418
f 5944/2/4414 5951/2/4421 5945/2/4415
f 5952/2/4422 5953/2/4423 5954/2/4424
f 5955/2/4425 5953/2/4423 5952/2/4422
f 5956/2/4426 5953/2/4423 5955/2/4425
f 5956/2/4426 5957/2/4427 5953/2/4423
f 5958/2/4428 5943/2/4413 5945/2/4415
f 5959/2/4429 5960/2/4430 5945/2/4415
f 5945/2/4415 5957/2/4427 5959/2/4429
f 5961/2/4431 5962/2/4432 5963/2/4433
f 5962/2/4432 5964/2/4434 5965/2/4435
f 5965/2/4435 5964/2/4434 5966/2/4436
f 5967/2/4437 5965/2/4435 5966/2/4436
f 5968/2/4438 5961/2/4431 5963/2/4433
f 5967/2/4437 5952/2/4422 5954/2/4424
f 5967/2/4437 5969/2/4439 5952/2/4422
f 5970/2/4440 5971/2/4441 5972/2/4442
f 5971/2/4441 5973/2/4443 5972/2/4442
f 5974/2/4444 5968/2/4438 5975/2/4445
f 5971/2/4441 5976/2/4446 5973/2/4443
f 5977/2/4447 5968/2/4438 5974/2/4444
f 5976/2/4446 5975/2/4445 5973/2/4443
f 5978/2/4448 5979/2/4449 5970/2/4440
f 5979/2/4449 5980/2/4450 5970/2/4440
f 5929/2/4399 5981/2/4451 5927/2/4397
f 5930/2/4400 5926/2/4396 5937/2/4407
f 5982/2/4452 5929/2/4399 5930/2/4400
f 5981/2/4451 5929/2/4399 5982/2/4452
f 5983/2/4453 5935/2/4405 5938/2/4408
f 5983/2/4453 5933/2/4403 5935/2/4405
f 5934/2/4404 5933/2/4403 5931/2/4401
f 5931/2/4401 5933/2/4403 5936/2/4406
f 5984/2/4454 5937/2/4407 5936/2/4406
f 5936/2/4406 5985/2/4455 5984/2/4454
f 5986/2/4456 5984/2/4454 5985/2/4455
f 5987/2/4457 5939/2/4409 5949/2/4419
f 5987/2/4457 5949/2/4419 5950/2/4420
f 5948/2/4418 5947/2/4417 5988/2/4458
f 5989/2/4459 5947/2/4417 5946/2/4416
f 5989/2/4459 5946/2/4416 5990/2/4460
f 5989/2/4459 5990/2/4460 5943/2/4413
f 5958/2/4428 5989/2/4459 5943/2/4413
f 5950/2/4420 5948/2/4418 5988/2/4458
f 5991/2/4461 5987/2/4457 5950/2/4420
f 5991/2/4461 5992/2/4462 5993/2/4463
f 5992/2/4462 5991/2/4461 5950/2/4420
f 5958/2/4428 5945/2/4415 5960/2/4430
f 5969/2/4439 5955/2/4425 5952/2/4422
f 5957/2/4427 5956/2/4426 5959/2/4429
f 5994/2/4464 5995/2/4465 5958/2/4428
f 5960/2/4430 5994/2/4464 5958/2/4428
f 5964/2/4434 5962/2/4432 5961/2/4431
f 5996/2/4466 5997/2/4467 5998/2/4468
f 5999/2/4469 5996/2/4466 5998/2/4468
f 5966/2/4436 5999/2/4469 5998/2/4468
f 5966/2/4436 5964/2/4434 5999/2/4469
f 5961/2/4431 5968/2/4438 5977/2/4447
f 6000/2/4470 5967/2/4437 5966/2/4436
f 5969/2/4439 5967/2/4437 6000/2/4470
f 5998/2/4468 5969/2/4439 6000/2/4470
f 5966/2/4436 5998/2/4468 6000/2/4470
f 5977/2/4447 5964/2/4434 5961/2/4431
f 5980/2/4450 5971/2/4441 5970/2/4440
f 5976/2/4446 6001/2/4471 5975/2/4445
f 5974/2/4444 5975/2/4445 6001/2/4471
f 5938/2/4408 5939/2/4409 5987/2/4457
f 6002/2/4472 6003/2/4473 6004/2/4474
f 6005/2/4475 6003/2/4473 6002/2/4472
f 6002/2/4472 6004/2/4474 6006/2/4476
f 6006/2/4476 6007/2/4477 6008/2/4478
f 6008/2/4478 6007/2/4477 6009/2/4479
f 6010/2/4480 6007/2/4477 6011/2/4481
f 6004/2/4474 6007/2/4477 6006/2/4476
f 6009/2/4479 6007/2/4477 6012/2/4482
f 6010/2/4480 6013/2/4483 6014/2/4484
f 6011/2/4481 6007/2/4477 6015/2/4485
f 6011/2/4481 6015/2/4485 6016/2/4486
f 6011/2/4481 6016/2/4486 6017/2/4487
f 6018/2/4488 6011/2/4481 6017/2/4487
f 6010/2/4480 6011/2/4481 6018/2/4488
f 6010/2/4480 6012/2/4482 6007/2/4477
f 6019/2/4489 6010/2/4480 6018/2/4488
f 6013/2/4483 6010/2/4480 6019/2/4489
f 6019/2/4489 6018/2/4488 6020/2/4490
f 6020/2/4490 6018/2/4488 6021/2/4491
f 6018/2/4488 6017/2/4487 6022/2/4492
f 6018/2/4488 6023/2/4493 6021/2/4491
f 6018/2/4488 6022/2/4492 6023/2/4493
f 6021/2/4491 6023/2/4493 6024/2/4494
f 6017/2/4487 6016/2/4486 6025/2/4495
f 6026/2/4496 6017/2/4487 6027/2/4497
f 6017/2/4487 6026/2/4496 6028/2/4498
f 6022/2/4492 6017/2/4487 6029/2/4499
f 6029/2/4499 6017/2/4487 6028/2/4498
f 6030/2/4500 6028/2/4498 6031/2/4501
f 6031/2/4501 6028/2/4498 6032/2/4502
f 6033/2/4503 6029/2/4499 6028/2/4498
f 6028/2/4498 6030/2/4500 6033/2/4503
f 6032/2/4502 6028/2/4498 6026/2/4496
f 6032/2/4502 6026/2/4496 6034/2/4504
f 6035/2/4505 6036/2/4506 6037/2/4507
f 6038/2/4508 6035/2/4505 6037/2/4507
f 6035/2/4505 6038/2/4508 6039/2/4509
f 6040/2/4510 6036/2/4506 6035/2/4505
f 6040/2/4510 6035/2/4505 6041/2/4511
f 6042/2/4512 6041/2/4511 6035/2/4505
f 6038/2/4508 6037/2/4507 6043/2/4513
f 6044/2/4514 6045/2/4515 6046/2/4516
f 6047/2/4517 6048/2/4518 6049/2/4519
f 6047/2/4517 6049/2/4519 6050/2/4520
f 6051/2/4521 6036/2/4506 6040/2/4510
f 6052/2/4522 6053/2/4523 6051/2/4521
f 6046/2/4516 6051/2/4521 6040/2/4510
f 6045/2/4515 6051/2/4521 6046/2/4516
f 6052/2/4522 6051/2/4521 6054/2/4524
f 6054/2/4524 6051/2/4521 6045/2/4515
f 6044/2/4514 6054/2/4524 6045/2/4515
f 6054/2/4524 6048/2/4518 6052/2/4522
f 6047/2/4517 6052/2/4522 6048/2/4518
f 6055/2/4525 6056/2/4526 6057/2/4527
f 6058/2/4528 6056/2/4526 6055/2/4525
f 6059/2/4529 6060/2/4530 6061/2/4531
f 6059/2/4529 6062/2/4532 6060/2/4530
f 6059/2/4529 6063/2/4533 6062/2/4532
f 6059/2/4529 6064/2/4534 6063/2/4533
f 6065/2/4535 6064/2/4535 6059/2/4535
f 6066/2/4536 6056/2/4526 6058/2/4528
f 6064/2/4537 6067/2/4538 6068/2/4539
f 6065/2/4540 6067/2/4538 6064/2/4537
f 6065/2/4540 6069/2/4541 6067/2/4538
f 6065/2/4540 6070/2/4542 6069/2/4541
f 6065/2/4540 6071/2/4543 6070/2/4542
f 6065/2/4540 6072/2/4544 6071/2/4543
f 6065/2/4540 6073/2/4545 6072/2/4544
f 6074/2/4546 6056/2/4526 6066/2/4536
f 6075/2/4547 6056/2/4526 6074/2/4546
f 6076/2/4548 6056/2/4526 6075/2/4547
f 6077/2/4549 6056/2/4526 6076/2/4548
f 6077/2/4549 6078/2/4550 6056/2/4526
f 6079/2/4551 6078/2/4550 6077/2/4549
f 6080/2/4552 6081/2/4553 6082/2/4554
f 6083/2/4555 6084/2/4556 6085/2/4557
f 6086/2/4558 6087/2/4559 6088/2/4560
f 6089/2/4561 6090/2/4562 6091/2/4563
f 6092/2/4564 6093/2/4565 6094/2/4566
f 6065/2/4540 6095/2/4567 6073/2/4545
f 6065/2/4540 6080/2/4552 6095/2/4567
f 6065/2/4540 6081/2/4553 6080/2/4552
f 6078/2/4550 6081/2/4553 6065/2/4540
f 6078/2/4550 6096/2/4568 6081/2/4553
f 6078/2/4550 6097/2/4569 6096/2/4568
f 6078/2/4550 6092/2/4564 6097/2/4569
f 6078/2/4550 6093/2/4565 6092/2/4564
f 6078/2/4550 6089/2/4561 6093/2/4565
f 6078/2/4550 6090/2/4562 6089/2/4561
f 6078/2/4550 6086/2/4558 6090/2/4562
f 6078/2/4550 6087/2/4559 6086/2/4558
f 6078/2/4550 6083/2/4555 6087/2/4559
f 6078/2/4550 6084/2/4556 6083/2/4555
f 6079/2/4551 6084/2/4556 6078/2/4550
f 6094/2/4566 6093/2/4565 6098/2/4570
f 6082/2/4554 6081/2/4553 6099/2/4571
f 6080/2/4552 6082/2/4554 6100/2/4572
f 6101/2/4573 6102/2/4574 6103/2/4575
f 6102/2/4574 6104/2/4576 6103/2/4575
f 6105/2/4577 6106/2/4578 6107/2/4579
f 6105/2/4577 6108/2/4580 6106/2/4578
f 6109/2/4581 6110/2/4581 6111/2/4581
f 6112/2/4582 6113/2/4582 6114/2/4582
f 6115/2/4583 6116/2/4584 6117/2/4585
f 6116/2/4584 6115/2/4583 6118/2/4586
f 6119/2/4587 6120/2/4588 6121/2/4587
f 6121/2/4587 6122/2/4589 6119/2/4587
f 6123/2/4590 6124/2/4590 6125/2/4590
f 6126/2/4591 6127/2/4591 6128/2/4591
f 6129/2/4592 6130/2/4592 6126/2/4591
f 6131/2/4593 6130/2/4593 6129/2/4593
f 6132/2/4591 6133/2/4591 6127/2/4591
f 6134/2/4594 6135/2/4595 6136/2/4596
f 6137/2/4597 6134/2/4594 6136/2/4596
f 6138/2/4598 6139/2/4599 6140/2/4600
f 6141/2/4601 6142/2/4602 6143/2/4603
f 6144/2/4604 6145/2/4605 6146/2/4606
f 6146/2/4606 6147/2/4607 6148/2/4608
f 6149/2/4609 6150/2/4610 6151/2/4611
f 6151/2/4611 6150/2/4610 6152/2/4612
f 6153/2/4613 6154/2/4614 6155/2/4615
f 6156/2/4616 6157/2/4617 6158/2/4618
f 6159/2/4619 6160/2/4620 6161/2/4621
f 6159/2/4619 6161/2/4621 6162/2/4622
f 6159/2/4619 6162/2/4622 6163/2/4623
f 6163/2/4623 6162/2/4622 6164/2/4624
f 6165/2/4625 6163/2/4623 6164/2/4624
f 6166/2/4626 6165/2/4625 6164/2/4624
f 6167/2/4627 6168/2/4628 6169/2/4535
f 6167/2/4627 6170/2/4629 6168/2/4628
f 6171/2/4630 6172/2/4631 6173/2/4632
f 6174/2/4633 6172/2/4631 6171/2/4630
f 6175/2/4634 6172/2/4631 6174/2/4633
f 6176/2/4635 6172/2/4631 6175/2/4634
f 6177/2/4540 6178/2/4540 6179/2/4540
f 6167/2/4627 6180/2/4636 6170/2/4629
f 6181/2/4637 6182/2/4638 6183/2/4639
f 6181/2/4637 6184/2/4640 6182/2/4638
f 6185/2/4641 6184/2/4640 6181/2/4637
f 6186/2/4642 6184/2/4640 6185/2/4641
f 6187/2/4643 6184/2/4640 6186/2/4642
f 6188/2/4644 6184/2/4640 6187/2/4643
f 6189/2/4645 6184/2/4640 6188/2/4644
f 6190/2/4646 6184/2/4640 6189/2/4645
f 6190/2/4646 6191/2/4647 6184/2/4640
f 6192/2/4648 6191/2/4647 6190/2/4646
f 6193/2/4649 6191/2/4647 6192/2/4648
f 6194/2/4650 6191/2/4647 6193/2/4649
f 6195/2/4651 6191/2/4647 6194/2/4650
f 6196/2/4652 6191/2/4647 6195/2/4651
f 6196/2/4652 6197/2/4653 6191/2/4647
f 6198/2/4654 6197/2/4653 6196/2/4652
f 6199/2/4655 6197/2/4653 6198/2/4654
f 6200/2/4656 6197/2/4653 6199/2/4655
f 6167/2/4627 6201/2/4657 6180/2/4636
f 6167/2/4627 6202/2/4658 6201/2/4657
f 6167/2/4627 6203/2/4659 6202/2/4658
f 6167/2/4627 6204/2/4660 6203/2/4659
f 6197/2/4653 6204/2/4660 6167/2/4627
f 6197/2/4653 6205/2/4661 6204/2/4660
f 6206/2/4662 6200/2/4656 6207/2/4663
f 6206/2/4662 6197/2/4653 6200/2/4656
f 6208/2/4664 6197/2/4653 6206/2/4662
f 6209/2/4665 6197/2/4653 6208/2/4664
f 6210/2/4666 6197/2/4653 6209/2/4665
f 6211/2/4667 6197/2/4653 6210/2/4666
f 6212/2/4668 6197/2/4653 6211/2/4667
f 6213/2/4669 6197/2/4653 6212/2/4668
f 6214/2/4670 6197/2/4653 6213/2/4669
f 6214/2/4670 6205/2/4661 6197/2/4653
f 6215/2/4671 6205/2/4661 6214/2/4670
f 6215/2/4671 6216/2/4672 6205/2/4661
f 6217/2/4673 6218/2/4674 6219/2/4675
f 6219/2/4675 6218/2/4674 6220/2/4676
f 6221/2/4677 6222/2/4678 6223/2/4679
f 6224/2/4680 6225/2/4681 6226/2/4682
f 6227/2/4683 6228/2/4684 6222/2/4678
f 6224/2/4680 6221/2/4677 6229/2/4685
f 6221/2/4677 6227/2/4683 6222/2/4678
f 6229/2/4685 6221/2/4677 6223/2/4679
f 6230/2/4686 6224/2/4680 6229/2/4685
f 6224/2/4680 6230/2/4686 6225/2/4681
f 6222/2/4678 6228/2/4684 6231/2/4687
f 6232/2/4688 6233/2/4689 6234/2/4690
f 6235/2/4691 6236/2/4692 6237/2/4693
f 6238/2/4694 6237/2/4693 6239/2/4695
f 6238/2/4694 6235/2/4691 6237/2/4693
f 6232/2/4688 6240/2/4696 6233/2/4689
f 6240/2/4696 6232/2/4688 6236/2/4692
f 6239/2/4695 6241/2/4697 6242/2/4698
f 6239/2/4695 6243/2/4699 6241/2/4697
f 6237/2/4693 6243/2/4699 6239/2/4695
f 6240/2/4696 6236/2/4692 6235/2/4691
f 6244/2/4700 6245/2/4701 6246/2/4702
f 6247/2/4703 6244/2/4700 6246/2/4702
f 6248/2/4704 6249/2/4705 6250/2/4706
f 6251/2/4707 6252/2/4708 6253/2/4709
f 6250/2/4706 6251/2/4707 6253/2/4709
f 6250/2/4706 6249/2/4705 6251/2/4707
f 6244/2/4700 6254/2/4710 6245/2/4701
f 6244/2/4700 6255/2/4711 6248/2/4704
f 6244/2/4700 6247/2/4703 6255/2/4711
f 6248/2/4704 6255/2/4711 6249/2/4705
f 6251/2/4707 6256/2/4712 6252/2/4708
f 6257/2/4713 6258/2/4714 6259/2/4715
f 6260/2/4716 6261/2/4717 6257/2/4713
f 6260/2/4716 6257/2/4713 6262/2/4718
f 6263/2/4719 6264/2/4720 6265/2/4721
f 6262/2/4718 6263/2/4719 6265/2/4721
f 6264/2/4720 6266/2/4722 6267/2/4723
f 6257/2/4713 6261/2/4717 6268/2/4724
f 6257/2/4713 6268/2/4724 6258/2/4714
f 6257/2/4713 6263/2/4719 6262/2/4718
f 6263/2/4719 6269/2/4725 6264/2/4720
f 6269/2/4725 6266/2/4722 6264/2/4720
f 6270/2/4726 6271/2/4727 6272/2/4728
f 6271/2/4727 6273/2/4729 6272/2/4728
f 6272/2/4728 6274/2/4730 6275/2/4731
f 6274/2/4730 6272/2/4728 6273/2/4729
f 6273/2/4729 6276/2/4732 6274/2/4730
f 6277/2/4733 6276/2/4732 6273/2/4729
f 6277/2/4733 6273/2/4729 6278/2/4734
f 6271/2/4727 6279/2/4735 6273/2/4729
f 6279/2/4735 6280/2/4736 6281/2/4737
f 6273/2/4729 6279/2/4735 6282/2/4738
f 6273/2/4729 6282/2/4738 6278/2/4734
f 6283/2/4739 6278/2/4734 6282/2/4738
f 6279/2/4735 6281/2/4737 6282/2/4738
f 6282/2/4738 6281/2/4737 6284/2/4740
f 6285/2/4741 6282/2/4738 6284/2/4740
f 6286/2/4742 6282/2/4738 6285/2/4741
f 6284/2/4740 6281/2/4737 6287/2/4743
f 6287/2/4743 6281/2/4737 6288/2/4744
f 6289/2/4745 6285/2/4741 6284/2/4740
f 6290/2/4746 6291/2/4747 6292/2/4748
f 6292/2/4748 6291/2/4747 6293/2/4749
f 6293/2/4749 6294/2/4750 6295/2/4751
f 6296/2/4752 6297/2/4753 6298/2/4754
f 6292/2/4748 6299/2/4755 6290/2/4746
f 6300/2/4756 6299/2/4755 6292/2/4748
f 6299/2/4755 6301/2/4757 6298/2/4754
f 6296/2/4752 6298/2/4754 6301/2/4757
f 6295/2/4751 6302/2/4758 6293/2/4749
f 6295/2/4751 6303/2/4759 6302/2/4758
f 6304/2/4760 6295/2/4751 6305/2/4761
f 6293/2/4749 6302/2/4758 6300/2/4756
f 6300/2/4756 6302/2/4758 6303/2/4759
f 6300/2/4756 6292/2/4748 6293/2/4749
f 6304/2/4760 6303/2/4759 6295/2/4751
f 6306/2/4762 6304/2/4760 6305/2/4761
f 6307/2/4763 6304/2/4760 6306/2/4762
f 6308/2/4764 6300/2/4756 6303/2/4759
f 6304/2/4760 6308/2/4764 6303/2/4759
f 6306/2/4762 6305/2/4761 6309/2/4765
f 6300/2/4756 6301/2/4757 6299/2/4755
f 6310/2/4766 6301/2/4757 6300/2/4756
f 6310/2/4766 6300/2/4756 6311/2/4767
f 6307/2/4763 6312/2/4768 6304/2/4760
f 6311/2/4767 6300/2/4756 6308/2/4764
f 6313/2/4769 6307/2/4763 6306/2/4762
f 6312/2/4768 6308/2/4764 6304/2/4760
f 6314/2/4770 6307/2/4763 6313/2/4769
f 6315/2/4771 6310/2/4766 6311/2/4767
f 6314/2/4770 6312/2/4768 6307/2/4763
f 6311/2/4767 6308/2/4764 6312/2/4768
f 6312/2/4768 6315/2/4771 6311/2/4767
f 6306/2/4762 6316/2/4772 6313/2/4769
f 6317/2/4773 6318/2/4774 6319/2/4775
f 6320/2/4776 6321/2/4777 6322/2/4778
f 6320/2/4776 6323/2/4779 6321/2/4777
f 6324/2/4780 6322/2/4778 6325/2/4781
f 6324/2/4780 6320/2/4776 6322/2/4778
f 6326/2/4782 6318/2/4774 6327/2/4783
f 6328/2/4784 6317/2/4773 6319/2/4775
f 6329/2/4785 6325/2/4781 6330/2/4786
f 6318/2/4774 6331/2/4787 6319/2/4775
f 6326/2/4782 6331/2/4787 6318/2/4774
f 6328/2/4784 6330/2/4786 6317/2/4773
f 6332/2/4788 6323/2/4779 6320/2/4776
f 6324/2/4780 6325/2/4781 6329/2/4785
f 6333/2/4789 6326/2/4782 6334/2/4790
f 6335/2/4791 6326/2/4782 6333/2/4789
f 6329/2/4785 6330/2/4786 6328/2/4784
f 6336/2/4792 6337/2/4793 6338/2/4794
f 6339/2/4795 6329/2/4785 6328/2/4784
f 6340/2/4796 6341/2/4797 6342/2/4798
f 6340/2/4796 6342/2/4798 6339/2/4795
f 6340/2/4796 6339/2/4795 6328/2/4784
f 6341/2/4797 6343/2/4799 6342/2/4798
f 6344/2/4800 6343/2/4799 6341/2/4797
f 6345/2/4801 6331/2/4787 6335/2/4791
f 6346/2/4802 6347/2/4803 6348/2/4804
f 6349/2/4805 6343/2/4799 6344/2/4800
f 6349/2/4805 6344/2/4800 6350/2/4806
f 6350/2/4806 6338/2/4794 6349/2/4805
f 6351/2/4807 6338/2/4794 6350/2/4806
f 6352/2/4808 6353/2/4809 6337/2/4793
f 6354/2/4810 6352/2/4808 6337/2/4793
f 6354/2/4810 6337/2/4793 6355/2/4811
f 6356/2/4812 6352/2/4808 6354/2/4810
f 6357/2/4813 6358/2/4814 6359/2/4815
f 6347/2/4803 6360/2/4816 6357/2/4813
f 6361/2/4817 6347/2/4803 6346/2/4802
f 6357/2/4813 6360/2/4816 6362/2/4818
f 6363/2/4819 6338/2/4794 6351/2/4807
f 6361/2/4817 6360/2/4816 6347/2/4803
f 6358/2/4814 6357/2/4813 6362/2/4818
f 6364/2/4820 6356/2/4812 6354/2/4810
f 6336/2/4792 6355/2/4811 6337/2/4793
f 6365/2/4821 6351/2/4807 6359/2/4815
f 6366/2/4822 6360/2/4816 6361/2/4817
f 6358/2/4814 6365/2/4821 6359/2/4815
f 6363/2/4819 6336/2/4792 6338/2/4794
f 6367/2/4823 6368/2/4824 6363/2/4819
f 6369/2/4825 6360/2/4816 6366/2/4822
f 6370/2/4826 6363/2/4819 6351/2/4807
f 6351/2/4807 6365/2/4821 6370/2/4826
f 6371/2/4827 6363/2/4819 6370/2/4826
f 6371/2/4827 6367/2/4823 6363/2/4819
f 6372/2/4828 6373/2/4829 6374/2/4830
f 6367/2/4823 6375/2/4831 6368/2/4824
f 6373/2/4829 6375/2/4831 6376/2/4832
f 6376/2/4832 6375/2/4831 6367/2/4823
f 6376/2/4832 6374/2/4830 6373/2/4829
f 6377/2/4833 6372/2/4828 6378/2/4834
f 6379/2/4835 6372/2/4828 6374/2/4830
f 6380/2/4836 6381/2/4837 6382/2/4838
f 6383/2/4839 6380/2/4836 6382/2/4838
f 6384/2/4840 6385/2/4841 6386/2/4842
f 6387/2/4843 6383/2/4839 6382/2/4838
f 6387/2/4843 6382/2/4838 6385/2/4841
f 6386/2/4842 6377/2/4833 6378/2/4834
f 6388/2/4844 6386/2/4842 6378/2/4834
f 6386/2/4842 6388/2/4844 6389/2/4845
f 6390/2/4846 6386/2/4842 6389/2/4845
f 6391/2/4847 6392/2/4848 6393/2/4849
f 6394/2/4850 6395/2/4851 6396/2/4852
f 6391/2/4847 6397/2/4853 6392/2/4848
f 6398/2/4854 6397/2/4853 6391/2/4847
f 6397/2/4853 6398/2/4854 6399/2/4855
f 6384/2/4840 6386/2/4842 6390/2/4846
f 6400/2/4856 6380/2/4836 6383/2/4839
f 6389/2/4845 6395/2/4851 6390/2/4846
f 6396/2/4852 6399/2/4855 6398/2/4854
f 6394/2/4850 6396/2/4852 6398/2/4854
f 6384/2/4840 6387/2/4843 6385/2/4841
f 6401/2/4857 6398/2/4854 6391/2/4847
f 6390/2/4846 6395/2/4851 6394/2/4850
f 6372/2/4828 6379/2/4835 6378/2/4834
f 6335/2/4791 6331/2/4787 6326/2/4782
f 6402/2/4858 6403/2/4859 6404/2/4860
f 6405/2/4861 6403/2/4859 6402/2/4858
f 6406/2/4862 6403/2/4859 6407/2/4863
f 6407/2/4863 6403/2/4859 6408/2/4864
f 6408/2/4864 6403/2/4859 6409/2/4865
f 6409/2/4865 6403/2/4859 6405/2/4861
f 6409/2/4865 6405/2/4861 6410/2/4866
f 6411/2/4867 6409/2/4865 6412/2/4868
f 6408/2/4864 6409/2/4865 6411/2/4867
f 6413/2/4869 6414/2/4870 6415/2/4871
f 6414/2/4870 6407/2/4863 6408/2/4864
f 6416/2/4872 6407/2/4863 6414/2/4870
f 6416/2/4872 6414/2/4870 6413/2/4869
f 6416/2/4872 6413/2/4869 6417/2/4873
f 6418/2/4874 6416/2/4872 6417/2/4873
f 6415/2/4871 6414/2/4870 6408/2/4864
f 6419/2/4875 6420/2/4876 6421/2/4877
f 6422/2/4878 6420/2/4876 6419/2/4875
f 6423/2/4879 6422/2/4878 6419/2/4875
f 6424/2/4880 6425/2/4881 6426/2/4882
f 6426/2/4882 6427/2/4883 6424/2/4880
f 6428/2/4884 6429/2/4885 6430/2/4886
f 6429/2/4885 6425/2/4881 6430/2/4886
f 6431/2/4887 6427/2/4883 6426/2/4882
f 6425/2/4881 6429/2/4885 6432/2/4888
f 6431/2/4887 6426/2/4882 6425/2/4881
f 6432/2/4888 6431/2/4887 6425/2/4881
f 6433/2/4889 6434/2/4890 6435/2/4891
f 6422/2/4878 6436/2/4892 6420/2/4876
f 6427/2/4883 6423/2/4879 6419/2/4875
f 6437/2/4893 6427/2/4883 6438/2/4894
f 6437/2/4893 6423/2/4879 6427/2/4883
f 6439/2/4895 6438/2/4894 6427/2/4883
f 6440/2/4896 6429/2/4885 6428/2/4884
f 6428/2/4884 6435/2/4891 6441/2/4897
f 6442/2/4898 6427/2/4883 6431/2/4887
f 6429/2/4885 6440/2/4896 6432/2/4888
f 6442/2/4898 6431/2/4887 6432/2/4888
f 6443/2/4899 6442/2/4898 6432/2/4888
f 6432/2/4888 6440/2/4896 6443/2/4899
f 6439/2/4895 6427/2/4883 6442/2/4898
f 6444/2/4900 6442/2/4898 6443/2/4899
f 6444/2/4900 6439/2/4895 6442/2/4898
f 6445/2/4901 6428/2/4884 6441/2/4897
f 6446/2/4902 6443/2/4899 6440/2/4896
f 6445/2/4901 6440/2/4896 6428/2/4884
f 6445/2/4901 6446/2/4902 6440/2/4896
f 6446/2/4902 6439/2/4895 6444/2/4900
f 6446/2/4902 6444/2/4900 6443/2/4899
f 6434/2/4890 6441/2/4897 6435/2/4891
f 6438/2/4894 6439/2/4895 6447/2/4903
f 6448/2/4904 6447/2/4903 6439/2/4895
f 6446/2/4902 6448/2/4904 6439/2/4895
f 6449/2/4905 6445/2/4901 6441/2/4897
f 6450/2/4906 6451/2/4907 6452/2/4908
f 6450/2/4906 6453/2/4909 6451/2/4907
f 6454/2/4910 6452/2/4908 6455/2/4911
f 6455/2/4911 6456/2/4912 6457/2/4913
f 6455/2/4911 6457/2/4913 6458/2/4914
f 6458/2/4914 6454/2/4910 6455/2/4911
f 6450/2/4906 6452/2/4908 6454/2/4910
f 6456/2/4912 6459/2/4915 6457/2/4913
f 6460/2/4916 6454/2/4910 6458/2/4914
f 6461/2/4917 6460/2/4916 6458/2/4914
f 6461/2/4917 6462/2/4918 6460/2/4916
f 6463/2/4919 6462/2/4918 6461/2/4917
f 6464/2/4920 6465/2/4921 6466/2/4922
f 6465/2/4921 6467/2/4923 6466/2/4922
f 6462/2/4918 6463/2/4919 6464/2/4920
f 6465/2/4921 6464/2/4920 6463/2/4919
f 6466/2/4922 6467/2/4923 6468/2/4924
f 6469/2/4925 6468/2/4924 6467/2/4923
f 6469/2/4925 6467/2/4923 6470/2/4926
f 6471/2/4927 6472/2/4928 6469/2/4925
f 6473/2/4929 6474/2/4930 6475/2/4931
f 6474/2/4930 6476/2/4932 6475/2/4931
f 6470/2/4926 6471/2/4927 6469/2/4925
f 6477/2/4933 6478/2/4934 6479/2/4935
f 6479/2/4935 6480/2/4936 6477/2/4933
f 6481/2/4937 6471/2/4927 6470/2/4926
f 6470/2/4926 6467/2/4923 6481/2/4937
f 6478/2/4934 6482/2/4938 6479/2/4935
f 6483/2/4939 6474/2/4930 6473/2/4929
f 6483/2/4939 6473/2/4929 6472/2/4928
f 6483/2/4939 6472/2/4928 6471/2/4927
f 6484/2/4940 6480/2/4936 6479/2/4935
f 6467/2/4923 6480/2/4936 6485/2/4941
f 6485/2/4941 6480/2/4936 6484/2/4940
f 6481/2/4937 6467/2/4923 6485/2/4941
f 6484/2/4940 6486/2/4942 6485/2/4941
f 6487/2/4943 6471/2/4927 6488/2/4944
f 6488/2/4944 6471/2/4927 6481/2/4937
f 6488/2/4944 6489/2/4945 6490/2/4946
f 6488/2/4944 6490/2/4946 6487/2/4943
f 6491/2/4947 6489/2/4945 6488/2/4944
f 6492/2/4948 6489/2/4945 6493/2/4949
f 6494/2/4950 6495/2/4951 6496/2/4952
f 6495/2/4951 6497/2/4953 6498/2/4954
f 6493/2/4949 6489/2/4945 6491/2/4947
f 6499/2/4955 6500/2/4956 6501/2/4957
f 6496/2/4952 6492/2/4948 6502/2/4958
f 6502/2/4958 6492/2/4948 6493/2/4949
f 6500/2/4956 6499/2/4955 6503/2/4959
f 6504/2/4960 6500/2/4956 6503/2/4959
f 6505/2/4961 6504/2/4960 6503/2/4959
f 6497/2/4953 6495/2/4951 6506/2/4962
f 6494/2/4950 6507/2/4963 6495/2/4951
f 6506/2/4962 6495/2/4951 6508/2/4964
f 6509/2/4965 6502/2/4958 6500/2/4956
f 6507/2/4963 6508/2/4964 6495/2/4951
f 6510/2/4966 6506/2/4962 6508/2/4964
f 6504/2/4960 6509/2/4965 6500/2/4956
f 6502/2/4958 6494/2/4950 6496/2/4952
f 6511/2/4967 6512/2/4968 6513/2/4969
f 6514/2/4970 6515/2/4971 6505/2/4961
f 6516/2/4972 6494/2/4950 6502/2/4958
f 6502/2/4958 6509/2/4965 6516/2/4972
f 6505/2/4961 6515/2/4971 6504/2/4960
f 6517/2/4973 6518/2/4974 6494/2/4950
f 6516/2/4972 6517/2/4973 6494/2/4950
f 6519/2/4975 6520/2/4976 6521/2/4977
f 6522/2/4978 6520/2/4976 6519/2/4975
f 6519/2/4975 6521/2/4977 6518/2/4974
f 6519/2/4975 6518/2/4974 6517/2/4973
f 6523/2/4979 6520/2/4976 6522/2/4978
f 6524/2/4980 6523/2/4979 6525/2/4981
f 6523/2/4979 6522/2/4978 6525/2/4981
f 6513/2/4969 6524/2/4980 6525/2/4981
f 6512/2/4968 6526/2/4982 6527/2/4983
f 6526/2/4982 6512/2/4968 6511/2/4967
f 6528/2/4984 6513/2/4969 6525/2/4981
f 6525/2/4981 6529/2/4985 6528/2/4984
f 6511/2/4967 6513/2/4969 6528/2/4984
f 6528/2/4984 6529/2/4985 6530/2/4986
f 6531/2/4987 6532/2/4988 6533/2/4989
f 6534/2/4990 6532/2/4988 6531/2/4987
f 6535/2/4991 6534/2/4990 6531/2/4987
f 6536/2/4992 6537/2/4993 6538/2/4994
f 6539/2/4995 6540/2/4996 6541/2/4997
f 6542/2/4998 6536/2/4992 6538/2/4994
f 6542/2/4998 6543/2/4999 6536/2/4992
f 6544/2/5000 6545/2/5001 6546/2/5002
f 6547/2/5003 6533/2/4989 6544/2/5000
f 6548/2/5004 6535/2/4991 6531/2/4987
f 6546/2/5002 6545/2/5001 6543/2/4999
f 6549/2/5005 6539/2/4995 6541/2/4997
f 6550/2/5006 6546/2/5002 6543/2/4999
f 6551/2/5007 6540/2/4996 6552/2/5008
f 6544/2/5000 6546/2/5002 6550/2/5006
f 6547/2/5003 6531/2/4987 6533/2/4989
f 6553/2/5009 6548/2/5004 6531/2/4987
f 6541/2/4997 6540/2/4996 6551/2/5007
f 6554/2/5010 6547/2/5003 6544/2/5000
f 6555/2/5011 6543/2/4999 6542/2/4998
f 6550/2/5006 6543/2/4999 6555/2/5011
f 6554/2/5010 6544/2/5000 6550/2/5006
f 6556/2/5012 6557/2/5013 6550/2/5006
f 6558/2/5014 6559/2/5015 6557/2/5013
f 6556/2/5012 6558/2/5014 6557/2/5013
f 6560/2/5016 6561/2/5017 6562/2/5018
f 6563/2/5019 6564/2/5020 6565/2/5021
f 6566/2/5022 6561/2/5017 6564/2/5020
f 6563/2/5019 6567/2/5023 6564/2/5020
f 6568/2/5024 6565/2/5021 6569/2/5025
f 6569/2/5025 6565/2/5021 6570/2/5026
f 6571/2/5027 6572/2/5028 6573/2/5029
f 6574/2/5030 6569/2/5025 6570/2/5026
f 6575/2/5031 6576/2/5032 6577/2/5033
f 6578/2/5034 6579/2/5035 6580/2/5036
f 6578/2/5034 6581/2/5037 6579/2/5035
f 6575/2/5031 6581/2/5037 6578/2/5034
f 6577/2/5033 6582/2/5038 6583/2/5039
f 6578/2/5034 6576/2/5032 6575/2/5031
f 6584/2/5040 6585/2/5041 6586/2/5042
f 6587/2/5043 6584/2/5040 6586/2/5042
f 6588/2/5044 6589/2/5045 6577/2/5033
f 6587/2/5043 6586/2/5042 6589/2/5045
f 6588/2/5044 6577/2/5033 6583/2/5039
f 6590/2/5046 6591/2/5047 6592/2/5048
f 6591/2/5047 6590/2/5046 6593/2/5049
f 6592/2/5048 6579/2/5035 6581/2/5037
f 6594/2/5050 6592/2/5048 6591/2/5047
f 6595/2/5051 6596/2/5052 6597/2/5053
f 6598/2/5054 6597/2/5053 6596/2/5052
f 6599/2/5055 6552/2/5008 6600/2/5056
f 6601/2/5057 6568/2/5024 6569/2/5025
f 6566/2/5022 6564/2/5020 6567/2/5023
f 6551/2/5007 6552/2/5008 6599/2/5055
f 6600/2/5056 6602/2/5058 6599/2/5055
f 6602/2/5058 6600/2/5056 6560/2/5016
f 6603/2/5059 6568/2/5024 6601/2/5057
f 6566/2/5022 6562/2/5018 6561/2/5017
f 6604/2/5060 6574/2/5030 6570/2/5026
f 6605/2/5061 6573/2/5029 6572/2/5028
f 6574/2/5030 6601/2/5057 6569/2/5025
f 6606/2/5062 6601/2/5057 6574/2/5030
f 6607/2/5063 6571/2/5027 6585/2/5041
f 6603/2/5059 6601/2/5057 6606/2/5062
f 6584/2/5040 6607/2/5063 6585/2/5041
f 6574/2/5030 6603/2/5059 6606/2/5062
f 6607/2/5063 6572/2/5028 6571/2/5027
f 6580/2/5036 6576/2/5032 6578/2/5034
f 6588/2/5044 6587/2/5043 6589/2/5045
f 6592/2/5048 6594/2/5050 6579/2/5035
f 6608/2/5064 6591/2/5047 6593/2/5049
f 6591/2/5047 6608/2/5064 6609/2/5065
f 6610/2/5066 6595/2/5051 6597/2/5053
f 6595/2/5051 6610/2/5066 6609/2/5065
f 6560/2/5016 6562/2/5018 6602/2/5058
f 6563/2/5019 6565/2/5021 6568/2/5024
f 6603/2/5059 6563/2/5019 6568/2/5024
f 6611/2/5067 6551/2/5007 6599/2/5055
f 6612/2/5068 6551/2/5007 6611/2/5067
f 6613/2/5069 6614/2/5070 6615/2/5071
f 6615/2/5071 6614/2/5070 6611/2/5067
f 6611/2/5067 6614/2/5070 6612/2/5068
f 6616/2/5072 6603/2/5059 6574/2/5030
f 6605/2/5061 6572/2/5028 6604/2/5060
f 6574/2/5030 6604/2/5060 6616/2/5072
f 6616/2/5072 6604/2/5060 6603/2/5059
f 6617/2/5073 6603/2/5059 6604/2/5060
f 6618/2/5074 6619/2/5075 6604/2/5060
f 6619/2/5075 6617/2/5073 6604/2/5060
f 6620/2/5076 6582/2/5038 6576/2/5032
f 6620/2/5076 6576/2/5032 6580/2/5036
f 6621/2/5077 6580/2/5036 6579/2/5035
f 6620/2/5076 6580/2/5036 6621/2/5077
f 6622/2/5078 6620/2/5076 6621/2/5077
f 6623/2/5079 6624/2/5080 6625/2/5081
f 6626/2/5082 6584/2/5040 6587/2/5043
f 6627/2/5083 6625/2/5081 6626/2/5082
f 6627/2/5083 6587/2/5043 6588/2/5044
f 6627/2/5083 6588/2/5044 6583/2/5039
f 6627/2/5083 6626/2/5082 6587/2/5043
f 6583/2/5039 6625/2/5081 6627/2/5083
f 6623/2/5079 6625/2/5081 6583/2/5039
f 6598/2/5054 6628/2/5084 6597/2/5053
f 6579/2/5035 6594/2/5050 6621/2/5077
f 6550/2/5006 6557/2/5013 6554/2/5010
f 6609/2/5065 6608/2/5064 6595/2/5051
f 6595/2/5051 6608/2/5064 6596/2/5052
f 6596/2/5052 6608/2/5064 6593/2/5049
f 6577/2/5033 6576/2/5032 6582/2/5038
f 6570/2/5026 6605/2/5061 6604/2/5060
f 6629/2/5085 6630/2/5086 6631/2/5087
f 6632/2/5088 6633/2/5089 6630/2/5086
f 6634/2/5090 6635/2/5091 6636/2/5092
f 6634/2/5090 6636/2/5092 6637/2/5093
f 6638/2/5094 6639/2/5095 6640/2/5096
f 6641/2/5097 6642/2/5098 6643/2/5099
f 6644/2/5100 6645/2/5101 6646/2/5102
f 6644/2/5100 6646/2/5102 6637/2/5093
f 6645/2/5101 6631/2/5087 6646/2/5102
f 6647/2/5103 6630/2/5086 6629/2/5085
f 6647/2/5103 6632/2/5088 6630/2/5086
f 6645/2/5101 6629/2/5085 6631/2/5087
f 6648/2/5104 6642/2/5098 6641/2/5097
f 6643/2/5099 6642/2/5098 6649/2/5105
f 6643/2/5099 6649/2/5105 6637/2/5093
f 6648/2/5104 6641/2/5097 6650/2/5106
f 6648/2/5104 6650/2/5106 6651/2/5107
f 6648/2/5104 6651/2/5107 6652/2/5108
f 6651/2/5107 6638/2/5094 6653/2/5109
f 6647/2/5103 6654/2/5110 6632/2/5088
f 6644/2/5100 6637/2/5093 6649/2/5105
f 6652/2/5108 6651/2/5107 6653/2/5109
f 6655/2/5111 6656/2/5112 6657/2/5113
f 6639/2/5095 6658/2/5114 6640/2/5096
f 6640/2/5096 6658/2/5114 6659/2/5115
f 6660/2/5116 6656/2/5112 6655/2/5111
f 6661/2/5117 6638/2/5094 6640/2/5096
f 6662/2/5118 6663/2/5119 6664/2/5120
f 6661/2/5117 6653/2/5109 6638/2/5094
f 6665/2/5121 6661/2/5117 6666/2/5122
f 6653/2/5109 6661/2/5117 6665/2/5121
f 6667/2/5123 6660/2/5116 6655/2/5111
f 6667/2/5123 6668/2/5124 6660/2/5116
f 6669/2/5125 6670/2/5126 6671/2/5127
f 6669/2/5125 6671/2/5127 6672/2/5128
f 6673/2/5129 6669/2/5125 6672/2/5128
f 6673/2/5129 6672/2/5128 6674/2/5130
f 6675/2/5131 6668/2/5124 6667/2/5123
f 6676/2/5132 6668/2/5124 6675/2/5131
f 6677/2/5133 6678/2/5134 6679/2/5135
f 6680/2/5136 6678/2/5134 6677/2/5133
f 6681/2/5137 6678/2/5134 6682/2/5138
f 6682/2/5138 6678/2/5134 6680/2/5136
f 6683/2/5139 6674/2/5130 6672/2/5128
f 6679/2/5135 6680/2/5136 6677/2/5133
f 6684/2/5140 6685/2/5141 6683/2/5139
f 6685/2/5141 6686/2/5142 6683/2/5139
f 6683/2/5139 6686/2/5142 6674/2/5130
f 6685/2/5141 6684/2/5140 6687/2/5143
f 6688/2/5144 6689/2/5145 6690/2/5146
f 6691/2/5147 6692/2/5148 6693/2/5149
f 6688/2/5144 6694/2/5150 6689/2/5145
f 6694/2/5150 6691/2/5147 6689/2/5145
f 6662/2/5118 6664/2/5120 6695/2/5151
f 6696/2/5152 6662/2/5118 6695/2/5151
f 6697/2/5153 6663/2/5119 6662/2/5118
f 6696/2/5152 6695/2/5151 6676/2/5132
f 6676/2/5132 6695/2/5151 6668/2/5124
f 6698/2/5154 6665/2/5121 6666/2/5122
f 6698/2/5154 6666/2/5122 6699/2/5155
f 6700/2/5156 6670/2/5126 6701/2/5157
f 6702/2/5158 6670/2/5126 6669/2/5125
f 6673/2/5129 6702/2/5158 6669/2/5125
f 6703/2/5159 6673/2/5129 6674/2/5130
f 6703/2/5159 6702/2/5158 6673/2/5129
f 6682/2/5138 6704/2/5160 6681/2/5137
f 6684/2/5140 6681/2/5137 6704/2/5160
f 6684/2/5140 6704/2/5160 6705/2/5161
f 6703/2/5159 6674/2/5130 6706/2/5162
f 6687/2/5143 6686/2/5142 6685/2/5141
f 6705/2/5161 6687/2/5143 6684/2/5140
f 6706/2/5162 6674/2/5130 6686/2/5142
f 6707/2/5163 6694/2/5150 6688/2/5144
f 6708/2/5164 6688/2/5144 6709/2/5165
f 6707/2/5163 6688/2/5144 6708/2/5164
f 6710/2/5166 6679/2/5135 6693/2/5149
f 6710/2/5166 6680/2/5136 6679/2/5135
f 6710/2/5166 6693/2/5149 6692/2/5148
f 6692/2/5148 6691/2/5147 6694/2/5150
f 6711/2/5167 6710/2/5166 6692/2/5148
f 6708/2/5164 6709/2/5165 6712/2/5168
f 6697/2/5153 6699/2/5155 6663/2/5119
f 6713/2/5169 6670/2/5126 6702/2/5158
f 6702/2/5158 6714/2/5170 6713/2/5169
f 6675/2/5131 6667/2/5123 6700/2/5156
f 6714/2/5170 6702/2/5158 6715/2/5171
f 6675/2/5131 6696/2/5152 6676/2/5132
f 6670/2/5126 6713/2/5169 6701/2/5157
f 6675/2/5131 6700/2/5156 6701/2/5157
f 6715/2/5171 6703/2/5159 6706/2/5162
f 6715/2/5171 6702/2/5158 6703/2/5159
f 6706/2/5162 6686/2/5142 6687/2/5143
f 6716/2/5172 6694/2/5150 6707/2/5163
f 6716/2/5172 6692/2/5148 6694/2/5150
f 6711/2/5167 6692/2/5148 6716/2/5172
f 6646/2/5102 6634/2/5090 6637/2/5093
f 6698/2/5154 6699/2/5155 6697/2/5153
f 6717/2/5173 6718/2/5174 6719/2/5175
f 6720/2/5176 6721/2/5177 6722/2/5178
f 6720/2/5176 6723/2/5179 6721/2/5177
f 6723/2/5179 6720/2/5176 6724/2/5180
f 6723/2/5179 6717/2/5173 6725/2/5181
f 6723/2/5179 6724/2/5180 6717/2/5173
f 6725/2/5181 6717/2/5173 6719/2/5175
f 6719/2/5175 6726/2/5182 6727/2/5183
f 6719/2/5175 6718/2/5174 6726/2/5182
f 6728/2/5184 6729/2/5185 6730/2/5186
f 6731/2/5187 6732/2/5188 6733/2/5189
f 6731/2/5187 6733/2/5189 6734/2/5190
f 6731/2/5187 6730/2/5186 6732/2/5188
f 6731/2/5187 6735/2/5191 6730/2/5186
f 6735/2/5191 6728/2/5184 6730/2/5186
f 6729/2/5185 6736/2/5192 6737/2/5193
f 6729/2/5185 6728/2/5184 6736/2/5192
f 6736/2/5192 6738/2/5194 6737/2/5193
f 6736/2/5192 6739/2/5195 6738/2/5194
f 6740/2/5196 6741/2/5197 6742/2/5198
f 6743/2/5199 6744/2/5200 6745/2/5201
f 6743/2/5199 6745/2/5201 6746/2/5202
f 6744/2/5200 6743/2/5199 6747/2/5203
f 6747/2/5203 6740/2/5196 6744/2/5200
f 6747/2/5203 6748/2/5204 6740/2/5196
f 6740/2/5196 6748/2/5204 6741/2/5197
f 6741/2/5197 6749/2/5205 6742/2/5198
f 6741/2/5197 6750/2/5206 6749/2/5205
f 6751/2/5207 6752/2/5208 6753/2/5209
f 6754/2/5210 6755/2/5211 6756/2/5212
f 6752/2/5208 6757/2/5213 6758/2/5214
f 6755/2/5211 6754/2/5210 6759/2/5215
f 6751/2/5207 6757/2/5213 6752/2/5208
f 6754/2/5210 6760/2/5216 6759/2/5215
f 6760/2/5216 6751/2/5207 6759/2/5215
f 6751/2/5207 6760/2/5216 6761/2/5217
f 6754/2/5210 6756/2/5212 6762/2/5218
f 6761/2/5217 6757/2/5213 6751/2/5207
f 6763/2/5219 6764/2/5220 6765/2/5221
f 6763/2/5219 6765/2/5221 6766/2/5222
f 6763/2/5219 6766/2/5222 6767/2/5223
f 6767/2/5223 6766/2/5222 6768/2/5224
f 6769/2/5225 6767/2/5223 6768/2/5224
f 6770/2/5226 6769/2/5225 6768/2/5224
f 6771/2/5227 6769/2/5225 6770/2/5226
f 6772/2/5228 6773/2/5229 6774/2/5230
f 6775/2/5231 6776/2/5232 6773/2/5229
f 6777/2/5233 6773/2/5229 6772/2/5228
f 6778/2/5234 6779/2/5235 6780/2/5236
f 6781/2/5237 6782/2/5238 6783/2/5239
f 6777/2/5233 6775/2/5231 6773/2/5229
f 6784/2/5240 6774/2/5230 6769/2/5225
f 6784/2/5240 6772/2/5228 6774/2/5230
f 6785/2/5241 6778/2/5234 6780/2/5236
f 6782/2/5238 6786/2/5242 6783/2/5239
f 6787/2/5243 6771/2/5227 6770/2/5226
f 6781/2/5237 6787/2/5243 6770/2/5226
f 6788/2/5244 6786/2/5242 6782/2/5238
f 6784/2/5240 6769/2/5225 6771/2/5227
f 6781/2/5237 6783/2/5239 6787/2/5243
f 6789/2/5245 6790/2/5246 6791/2/5247
f 6792/2/5248 6778/2/5234 6785/2/5241
f 6787/2/5243 6791/2/5247 6771/2/5227
f 6793/2/5249 6791/2/5247 6787/2/5243
f 6794/2/5250 6790/2/5246 6789/2/5245
f 6794/2/5250 6789/2/5245 6795/2/5251
f 6793/2/5249 6789/2/5245 6791/2/5247
f 6796/2/5252 6797/2/5253 6798/2/5254
f 6798/2/5254 6794/2/5250 6799/2/5255
f 6799/2/5255 6794/2/5250 6795/2/5251
f 6798/2/5254 6799/2/5255 6796/2/5252
f 6800/2/5256 6801/2/5257 6797/2/5253
f 6800/2/5256 6797/2/5253 6796/2/5252
f 6802/2/5258 6801/2/5257 6800/2/5256
f 6803/2/5259 6804/2/5260 6805/2/5261
f 6803/2/5259 6805/2/5261 6806/2/5262
f 6807/2/5263 6804/2/5260 6808/2/5264
f 6809/2/5265 6810/2/5266 6811/2/5267
f 6812/2/5268 6810/2/5266 6809/2/5265
f 6813/2/5269 6810/2/5266 6812/2/5268
f 6814/2/5270 6815/2/5271 6816/2/5272
f 6817/2/5273 6803/2/5259 6806/2/5262
f 6810/2/5266 6818/2/5274 6815/2/5271
f 6815/2/5271 6818/2/5274 6819/2/5275
f 6816/2/5272 6815/2/5271 6819/2/5275
f 6820/2/5276 6806/2/5262 6801/2/5257
f 6802/2/5258 6820/2/5276 6801/2/5257
f 6821/2/5277 6808/2/5264 6804/2/5260
f 6821/2/5277 6804/2/5260 6803/2/5259
f 6817/2/5273 6806/2/5262 6820/2/5276
f 6822/2/5278 6814/2/5270 6816/2/5272
f 6822/2/5278 6800/2/5256 6814/2/5270
f 6800/2/5256 6822/2/5278 6802/2/5258
f 6822/2/5278 6820/2/5276 6802/2/5258
f 6823/2/5279 6824/2/5280 6822/2/5278
f 6824/2/5280 6820/2/5276 6822/2/5278
f 6825/2/5281 6826/2/5282 6823/2/5279
f 6823/2/5279 6826/2/5282 6824/2/5280
f 6827/2/5283 6828/2/5284 6829/2/5285
f 6825/2/5281 6829/2/5285 6826/2/5282
f 6827/2/5283 6829/2/5285 6825/2/5281
f 6788/2/5244 6782/2/5238 6830/2/5286
f 6819/2/5275 6831/2/5287 6832/2/5288
f 6818/2/5274 6831/2/5287 6819/2/5275
f 6818/2/5274 6833/2/5289 6831/2/5287
f 6818/2/5274 6813/2/5269 6833/2/5289
f 6818/2/5274 6810/2/5266 6813/2/5269
f 6834/2/5290 6835/2/5291 6836/2/5292
f 6837/2/5293 6838/2/5294 6839/2/5295
f 6836/2/5292 6840/2/5296 6839/2/5295
f 6836/2/5292 6835/2/5291 6841/2/5297
f 6841/2/5297 6842/2/5298 6836/2/5292
f 6843/2/5299 6844/2/5300 6845/2/5301
f 6846/2/5302 6847/2/5303 6842/2/5298
f 6846/2/5302 6842/2/5298 6841/2/5297
f 6848/2/5304 6845/2/5301 6849/2/5305
f 6847/2/5303 6836/2/5292 6842/2/5298
f 6850/2/5306 6851/2/5307 6852/2/5308
f 6849/2/5305 6850/2/5306 6852/2/5308
f 6853/2/5309 6854/2/5310 6855/2/5311
f 6856/2/5312 6857/2/5313 6858/2/5314
f 6859/2/5315 6849/2/5305 6852/2/5308
f 6860/2/5316 6859/2/5315 6858/2/5314
f 6854/2/5310 6861/2/5317 6855/2/5311
f 6862/2/5318 6863/2/5319 6864/2/5320
f 6865/2/5321 6863/2/5319 6862/2/5318
f 6866/2/5322 6863/2/5319 6865/2/5321
f 6866/2/5322 6867/2/5323 6863/2/5319
f 6868/2/5324 6853/2/5309 6855/2/5311
f 6869/2/5325 6870/2/5326 6855/2/5311
f 6855/2/5311 6867/2/5323 6869/2/5325
f 6871/2/5327 6872/2/5328 6873/2/5329
f 6872/2/5328 6874/2/5330 6875/2/5331
f 6875/2/5331 6874/2/5330 6876/2/5332
f 6877/2/5333 6875/2/5331 6876/2/5332
f 6878/2/5334 6871/2/5327 6873/2/5329
f 6877/2/5333 6862/2/5318 6864/2/5320
f 6877/2/5333 6879/2/5335 6862/2/5318
f 6880/2/5336 6881/2/5337 6882/2/5338
f 6881/2/5337 6883/2/5339 6882/2/5338
f 6884/2/5340 6878/2/5334 6885/2/5341
f 6881/2/5337 6886/2/5342 6883/2/5339
f 6887/2/5343 6878/2/5334 6884/2/5340
f 6886/2/5342 6885/2/5341 6883/2/5339
f 6888/2/5344 6889/2/5345 6880/2/5336
f 6889/2/5345 6890/2/5346 6880/2/5336
f 6839/2/5295 6891/2/5347 6837/2/5293
f 6840/2/5296 6836/2/5292 6847/2/5303
f 6892/2/5348 6839/2/5295 6840/2/5296
f 6891/2/5347 6839/2/5295 6892/2/5348
f 6893/2/5349 6845/2/5301 6848/2/5304
f 6893/2/5349 6843/2/5299 6845/2/5301
f 6844/2/5300 6843/2/5299 6841/2/5297
f 6841/2/5297 6843/2/5299 6846/2/5302
f 6894/2/5350 6847/2/5303 6846/2/5302
f 6846/2/5302 6895/2/5351 6894/2/5350
f 6896/2/5352 6894/2/5350 6895/2/5351
f 6897/2/5353 6849/2/5305 6859/2/5315
f 6897/2/5353 6859/2/5315 6860/2/5316
f 6858/2/5314 6857/2/5313 6898/2/5354
f 6899/2/5355 6857/2/5313 6856/2/5312
f 6899/2/5355 6856/2/5312 6900/2/5356
f 6899/2/5355 6900/2/5356 6853/2/5309
f 6868/2/5324 6899/2/5355 6853/2/5309
f 6860/2/5316 6858/2/5314 6898/2/5354
f 6901/2/5357 6897/2/5353 6860/2/5316
f 6901/2/5357 6902/2/5358 6903/2/5359
f 6902/2/5358 6901/2/5357 6860/2/5316
f 6868/2/5324 6855/2/5311 6870/2/5326
f 6879/2/5335 6865/2/5321 6862/2/5318
f 6867/2/5323 6866/2/5322 6869/2/5325
f 6904/2/5360 6905/2/5361 6868/2/5324
f 6870/2/5326 6904/2/5360 6868/2/5324
f 6874/2/5330 6872/2/5328 6871/2/5327
f 6906/2/5362 6907/2/5363 6908/2/5364
f 6909/2/5365 6906/2/5362 6908/2/5364
f 6876/2/5332 6909/2/5365 6908/2/5364
f 6876/2/5332 6874/2/5330 6909/2/5365
f 6871/2/5327 6878/2/5334 6887/2/5343
f 6910/2/5366 6877/2/5333 6876/2/5332
f 6879/2/5335 6877/2/5333 6910/2/5366
f 6908/2/5364 6879/2/5335 6910/2/5366
f 6876/2/5332 6908/2/5364 6910/2/5366
f 6887/2/5343 6874/2/5330 6871/2/5327
f 6890/2/5346 6881/2/5337 6880/2/5336
f 6886/2/5342 6911/2/5367 6885/2/5341
f 6884/2/5340 6885/2/5341 6911/2/5367
f 6848/2/5304 6849/2/5305 6897/2/5353
f 6912/2/5368 6913/2/5369 6914/2/5370
f 6915/2/5371 6913/2/5369 6912/2/5368
f 6912/2/5368 6914/2/5370 6916/2/5372
f 6916/2/5372 6917/2/5373 6918/2/5374
f 6918/2/5374 6917/2/5373 6919/2/5375
f 6920/2/5376 6917/2/5373 6921/2/5377
f 6914/2/5370 6917/2/5373 6916/2/5372
f 6919/2/5375 6917/2/5373 6922/2/5378
f 6920/2/5376 6923/2/5379 6924/2/5380
f 6921/2/5377 6917/2/5373 6925/2/5381
f 6921/2/5377 6925/2/5381 6926/2/5382
f 6921/2/5377 6926/2/5382 6927/2/5383
f 6928/2/5384 6921/2/5377 6927/2/5383
f 6920/2/5376 6921/2/5377 6928/2/5384
f 6920/2/5376 6922/2/5378 6917/2/5373
f 6929/2/5385 6920/2/5376 6928/2/5384
f 6923/2/5379 6920/2/5376 6929/2/5385
f 6929/2/5385 6928/2/5384 6930/2/5386
f 6930/2/5386 6928/2/5384 6931/2/5387
f 6928/2/5384 6927/2/5383 6932/2/5388
f 6928/2/5384 6933/2/5389 6931/2/5387
f 6928/2/5384 6932/2/5388 6933/2/5389
f 6931/2/5387 6933/2/5389 6934/2/5390
f 6927/2/5383 6926/2/5382 6935/2/5391
f 6936/2/5392 6927/2/5383 6937/2/5393
f 6927/2/5383 6936/2/5392 6938/2/5394
f 6932/2/5388 6927/2/5383 6939/2/5395
f 6939/2/5395 6927/2/5383 6938/2/5394
f 6940/2/5396 6938/2/5394 6941/2/5397
f 6941/2/5397 6938/2/5394 6942/2/5398
f 6943/2/5399 6939/2/5395 6938/2/5394
f 6938/2/5394 6940/2/5396 6943/2/5399
f 6942/2/5398 6938/2/5394 6936/2/5392
f 6942/2/5398 6936/2/5392 6944/2/5400
f 6945/2/5401 6946/2/5402 6947/2/5403
f 6948/2/5404 6945/2/5401 6947/2/5403
f 6945/2/5401 6948/2/5404 6949/2/5405
f 6950/2/5406 6946/2/5402 6945/2/5401
f 6950/2/5406 6945/2/5401 6951/2/5407
f 6952/2/5408 6951/2/5407 6945/2/5401
f 6948/2/5404 6947/2/5403 6953/2/5409
f 6954/2/5410 6955/2/5411 6956/2/5412
f 6957/2/5413 6958/2/5414 6959/2/5415
f 6957/2/5413 6959/2/5415 6960/2/5416
f 6961/2/5417 6946/2/5402 6950/2/5406
f 6962/2/5418 6963/2/5419 6961/2/5417
f 6956/2/5412 6961/2/5417 6950/2/5406
f 6955/2/5411 6961/2/5417 6956/2/5412
f 6962/2/5418 6961/2/5417 6964/2/5420
f 6964/2/5420 6961/2/5417 6955/2/5411
f 6954/2/5410 6964/2/5420 6955/2/5411
f 6964/2/5420 6958/2/5414 6962/2/5418
f 6957/2/5413 6962/2/5418 6958/2/5414
f 6965/2/5421 6966/2/5421 6967/2/5421
f 6965/2/5422 6968/2/5423 6966/2/5424
f 6969/2/5425 6970/2/5426 6971/2/5427
f 6972/2/5428 6970/2/5426 6969/2/5425
f 6973/2/5429 6970/2/5426 6972/2/5428
f 6974/2/5430 6970/2/5426 6973/2/5429
f 6975/2/5431 6976/2/5431 6977/2/5431
f 6965/2/5422 6978/2/5432 6968/2/5423
f 6979/2/5433 6980/2/5434 6981/2/5435
f 6979/2/5433 6982/2/5436 6980/2/5434
f 6983/2/5437 6982/2/5436 6979/2/5433
f 6984/2/5438 6982/2/5436 6983/2/5437
f 6985/2/5439 6982/2/5436 6984/2/5438
f 6986/2/5440 6982/2/5436 6985/2/5439
f 6987/2/5441 6982/2/5436 6986/2/5440
f 6988/2/5442 6982/2/5436 6987/2/5441
f 6988/2/5442 6989/2/5443 6982/2/5436
f 6990/2/5444 6989/2/5443 6988/2/5442
f 6991/2/5445 6989/2/5443 6990/2/5444
f 6992/2/5446 6989/2/5443 6991/2/5445
f 6993/2/5447 6989/2/5443 6992/2/5446
f 6994/2/5448 6989/2/5443 6993/2/5447
f 6994/2/5448 6995/2/5449 6989/2/5443
f 6996/2/5450 6995/2/5449 6994/2/5448
f 6997/2/5451 6995/2/5449 6996/2/5450
f 6998/2/5452 6995/2/5449 6997/2/5451
f 6965/2/5422 6999/2/5453 6978/2/5432
f 6965/2/5422 7000/2/5454 6999/2/5453
f 6965/2/5422 7001/2/5455 7000/2/5454
f 6965/2/5422 7002/2/5456 7001/2/5455
f 6995/2/5449 7002/2/5456 6965/2/5422
f 6995/2/5449 7003/2/5457 7002/2/5456
f 7004/2/5458 6998/2/5452 7005/2/5459
f 7004/2/5458 6995/2/5449 6998/2/5452
f 7006/2/5460 6995/2/5449 7004/2/5458
f 7007/2/5461 6995/2/5449 7006/2/5460
f 7008/2/5462 6995/2/5449 7007/2/5461
f 7009/2/5463 6995/2/5449 7008/2/5462
f 7010/2/5464 6995/2/5449 7009/2/5463
f 7011/2/5465 6995/2/5449 7010/2/5464
f 7012/2/5466 6995/2/5449 7011/2/5465
f 7012/2/5466 7003/2/5457 6995/2/5449
f 7013/2/5467 7003/2/5457 7012/2/5466
f 7013/2/5467 7014/2/5468 7003/2/5457
f 7015/2/5469 7016/2/5470 7017/2/5471
f 7017/2/5471 7016/2/5470 7018/2/5472
f 7019/2/5473 7020/2/5474 7021/2/5475
f 7022/2/5476 7020/2/5474 7019/2/5473
f 7023/2/5477 7024/2/5478 7025/2/5479
f 7023/2/5477 7026/2/5480 7024/2/5478
f 7023/2/5477 7027/2/5481 7026/2/5480
f 7023/2/5477 7028/2/5482 7027/2/5481
f 7029/2/5483 7028/2/5482 7023/2/5477
f 7030/2/5484 7020/2/5474 7022/2/5476
f 7028/2/5482 7031/2/5485 7032/2/5486
f 7029/2/5483 7031/2/5485 7028/2/5482
f 7029/2/5483 7033/2/5487 7031/2/5485
f 7029/2/5483 7034/2/5488 7033/2/5487
f 7029/2/5483 7035/2/5489 7034/2/5488
f 7029/2/5483 7036/2/5490 7035/2/5489
f 7029/2/5483 7037/2/5491 7036/2/5490
f 7038/2/5492 7020/2/5474 7030/2/5484
f 7039/2/5493 7020/2/5474 7038/2/5492
f 7040/2/5494 7020/2/5474 7039/2/5493
f 7041/2/5495 7020/2/5474 7040/2/5494
f 7041/2/5495 7042/2/5496 7020/2/5474
f 7043/2/5497 7042/2/5496 7041/2/5495
f 7044/2/5498 7045/2/5499 7046/2/5500
f 7047/2/5501 7048/2/5502 7049/2/5503
f 7050/2/5504 7051/2/5505 7052/2/5506
f 7053/2/5507 7054/2/5508 7055/2/5509
f 7056/2/5510 7057/2/5511 7058/2/5512
f 7029/2/5483 7059/2/5513 7037/2/5491
f 7029/2/5483 7044/2/5498 7059/2/5513
f 7029/2/5483 7045/2/5499 7044/2/5498
f 7042/2/5496 7045/2/5499 7029/2/5483
f 7042/2/5496 7060/2/5514 7045/2/5499
f 7042/2/5496 7061/2/5515 7060/2/5514
f 7042/2/5496 7056/2/5510 7061/2/5515
f 7042/2/5496 7057/2/5511 7056/2/5510
f 7042/2/5496 7053/2/5507 7057/2/5511
f 7042/2/5496 7054/2/5508 7053/2/5507
f 7042/2/5496 7050/2/5504 7054/2/5508
f 7042/2/5496 7051/2/5505 7050/2/5504
f 7042/2/5496 7047/2/5501 7051/2/5505
f 7042/2/5496 7048/2/5502 7047/2/5501
f 7043/2/5497 7048/2/5502 7042/2/5496
f 7058/2/5512 7057/2/5511 7062/2/5516
f 7046/2/5500 7045/2/5499 7063/2/5517
f 7044/2/5498 7046/2/5500 7064/2/5518
f 7065/2/5519 7066/2/5520 7067/2/5521
f 7066/2/5520 7068/2/5522 7067/2/5521
f 7069/2/4582 7070/2/5523 7071/2/5524
f 7069/2/4582 7072/2/5525 7070/2/5523
f 7073/2/4583 7074/2/4583 7075/2/4583
f 7076/2/4582 7077/2/4582 7069/2/4582
f 7078/2/5526 7079/2/5527 7077/2/4582
f 7079/2/5527 7078/2/5526 7080/2/5528
f 7081/2/5529 7082/2/5530 7083/2/5531
f 7083/2/5531 7084/2/5532 7081/2/5529
f 7085/2/4590 7086/2/4590 7087/2/4590
f 7088/2/5533 7089/2/5533 7090/2/5533
f 7091/2/5534 7089/2/4590 7092/2/5535
f 7093/2/5536 7094/2/5534 7095/2/5534
f 7096/2/5533 7097/2/5533 7089/2/5533
f 7098/2/5537 7099/2/5538 7100/2/5539
f 7101/2/5540 7098/2/5537 7100/2/5539
f 7102/2/5541 7103/2/5542 7104/2/5543
f 7105/2/5544 7106/2/5545 7107/2/5546
f 7108/2/5547 7109/2/5548 7103/2/5542
f 7105/2/5544 7102/2/5541 7110/2/5549
f 7102/2/5541 7108/2/5547 7103/2/5542
f 7110/2/5549 7102/2/5541 7104/2/5543
f 7111/2/5550 7105/2/5544 7110/2/5549
f 7105/2/5544 7111/2/5550 7106/2/5545
f 7103/2/5542 7109/2/5548 7112/2/5551
f 7113/2/5552 7114/2/5553 7115/2/5554
f 7116/2/5555 7117/2/5556 7118/2/5557
f 7119/2/5558 7118/2/5557 7120/2/5559
f 7119/2/5558 7116/2/5555 7118/2/5557
f 7113/2/5552 7121/2/5560 7114/2/5553
f 7121/2/5560 7113/2/5552 7117/2/5556
f 7120/2/5559 7122/2/5561 7123/2/5562
f 7120/2/5559 7124/2/5563 7122/2/5561
f 7118/2/5557 7124/2/5563 7120/2/5559
f 7121/2/5560 7117/2/5556 7116/2/5555
f 7125/2/5564 7126/2/5565 7127/2/5566
f 7128/2/5567 7125/2/5564 7127/2/5566
f 7129/2/5568 7130/2/5569 7131/2/5570
f 7132/2/5571 7133/2/5572 7134/2/5573
f 7131/2/5570 7132/2/5571 7134/2/5573
f 7131/2/5570 7130/2/5569 7132/2/5571
f 7125/2/5564 7135/2/5574 7126/2/5565
f 7125/2/5564 7136/2/5575 7129/2/5568
f 7125/2/5564 7128/2/5567 7136/2/5575
f 7129/2/5568 7136/2/5575 7130/2/5569
f 7132/2/5571 7137/2/5576 7133/2/5572
f 7138/2/5577 7139/2/5578 7140/2/5579
f 7141/2/5580 7142/2/5581 7138/2/5577
f 7141/2/5580 7138/2/5577 7143/2/5582
f 7144/2/5583 7145/2/5584 7146/2/5585
f 7143/2/5582 7144/2/5583 7146/2/5585
f 7145/2/5584 7147/2/5586 7148/2/5587
f 7138/2/5577 7142/2/5581 7149/2/5588
f 7138/2/5577 7149/2/5588 7139/2/5578
f 7138/2/5577 7144/2/5583 7143/2/5582
f 7144/2/5583 7150/2/5589 7145/2/5584
f 7150/2/5589 7147/2/5586 7145/2/5584
f 7151/2/5590 7152/2/5591 7153/2/5592
f 7152/2/5591 7154/2/5593 7153/2/5592
f 7153/2/5592 7155/2/5594 7156/2/5595
f 7155/2/5594 7153/2/5592 7154/2/5593
f 7154/2/5593 7157/2/5596 7155/2/5594
f 7158/2/5597 7157/2/5596 7154/2/5593
f 7158/2/5597 7154/2/5593 7159/2/5598
f 7152/2/5591 7160/2/5599 7154/2/5593
f 7160/2/5599 7161/2/5600 7162/2/5601
f 7154/2/5593 7160/2/5599 7163/2/5602
f 7154/2/5593 7163/2/5602 7159/2/5598
f 7164/2/5603 7159/2/5598 7163/2/5602
f 7160/2/5599 7162/2/5601 7163/2/5602
f 7163/2/5602 7162/2/5601 7165/2/5604
f 7166/2/5605 7163/2/5602 7165/2/5604
f 7167/2/5606 7163/2/5602 7166/2/5605
f 7165/2/5604 7162/2/5601 7168/2/5607
f 7168/2/5607 7162/2/5601 7169/2/5608
f 7170/2/5609 7166/2/5605 7165/2/5604
f 7171/2/5610 7172/2/5611 7173/2/5612
f 7173/2/5612 7172/2/5611 7174/2/5613
f 7174/2/5613 7175/2/5614 7176/2/5615
f 7177/2/5616 7178/2/5617 7179/2/5618
f 7173/2/5612 7180/2/5619 7171/2/5610
f 7181/2/5620 7180/2/5619 7173/2/5612
f 7180/2/5619 7182/2/5621 7179/2/5618
f 7177/2/5616 7179/2/5618 7182/2/5621
f 7176/2/5615 7183/2/5622 7174/2/5613
f 7176/2/5615 7184/2/5623 7183/2/5622
f 7185/2/5624 7176/2/5615 7186/2/5625
f 7174/2/5613 7183/2/5622 7181/2/5620
f 7181/2/5620 7183/2/5622 7184/2/5623
f 7181/2/5620 7173/2/5612 7174/2/5613
f 7185/2/5624 7184/2/5623 7176/2/5615
f 7187/2/5626 7185/2/5624 7186/2/5625
f 7188/2/5627 7185/2/5624 7187/2/5626
f 7189/2/5628 7181/2/5620 7184/2/5623
f 7185/2/5624 7189/2/5628 7184/2/5623
f 7187/2/5626 7186/2/5625 7190/2/5629
f 7181/2/5620 7182/2/5621 7180/2/5619
f 7191/2/5630 7182/2/5621 7181/2/5620
f 7191/2/5630 7181/2/5620 7192/2/5631
f 7188/2/5627 7193/2/5632 7185/2/5624
f 7192/2/5631 7181/2/5620 7189/2/5628
f 7194/2/5633 7188/2/5627 7187/2/5626
f 7193/2/5632 7189/2/5628 7185/2/5624
f 7195/2/5634 7188/2/5627 7194/2/5633
f 7196/2/5635 7191/2/5630 7192/2/5631
f 7195/2/5634 7193/2/5632 7188/2/5627
f 7192/2/5631 7189/2/5628 7193/2/5632
f 7193/2/5632 7196/2/5635 7192/2/5631
f 7187/2/5626 7197/2/5636 7194/2/5633
f 7198/2/5637 7199/2/5638 7200/2/5639
f 7201/2/5640 7202/2/5641 7203/2/5642
f 7201/2/5640 7204/2/5643 7202/2/5641
f 7205/2/5644 7203/2/5642 7206/2/5645
f 7205/2/5644 7201/2/5640 7203/2/5642
f 7207/2/5646 7199/2/5638 7208/2/5647
f 7209/2/5648 7198/2/5637 7200/2/5639
f 7210/2/5649 7206/2/5645 7211/2/5650
f 7199/2/5638 7212/2/5651 7200/2/5639
f 7207/2/5646 7212/2/5651 7199/2/5638
f 7209/2/5648 7211/2/5650 7198/2/5637
f 7213/2/5652 7204/2/5643 7201/2/5640
f 7205/2/5644 7206/2/5645 7210/2/5649
f 7214/2/5653 7207/2/5646 7215/2/5654
f 7216/2/5655 7207/2/5646 7214/2/5653
f 7210/2/5649 7211/2/5650 7209/2/5648
f 7217/2/5656 7218/2/5657 7219/2/5658
f 7220/2/5659 7210/2/5649 7209/2/5648
f 7221/2/5660 7222/2/5661 7223/2/5662
f 7221/2/5660 7223/2/5662 7220/2/5659
f 7221/2/5660 7220/2/5659 7209/2/5648
f 7222/2/5661 7224/2/5663 7223/2/5662
f 7225/2/5664 7224/2/5663 7222/2/5661
f 7226/2/5665 7212/2/5651 7216/2/5655
f 7227/2/5666 7228/2/5667 7229/2/5668
f 7230/2/5669 7224/2/5663 7225/2/5664
f 7230/2/5669 7225/2/5664 7231/2/5670
f 7231/2/5670 7219/2/5658 7230/2/5669
f 7232/2/5671 7219/2/5658 7231/2/5670
f 7233/2/5672 7234/2/5673 7218/2/5657
f 7235/2/5674 7233/2/5672 7218/2/5657
f 7235/2/5674 7218/2/5657 7236/2/5675
f 7237/2/5676 7233/2/5672 7235/2/5674
f 7238/2/5677 7239/2/5678 7240/2/5679
f 7228/2/5667 7241/2/5680 7238/2/5677
f 7242/2/5681 7228/2/5667 7227/2/5666
f 7238/2/5677 7241/2/5680 7243/2/5682
f 7244/2/5683 7219/2/5658 7232/2/5671
f 7242/2/5681 7241/2/5680 7228/2/5667
f 7239/2/5678 7238/2/5677 7243/2/5682
f 7245/2/5684 7237/2/5676 7235/2/5674
f 7217/2/5656 7236/2/5675 7218/2/5657
f 7246/2/5685 7232/2/5671 7240/2/5679
f 7247/2/5686 7241/2/5680 7242/2/5681
f 7239/2/5678 7246/2/5685 7240/2/5679
f 7244/2/5683 7217/2/5656 7219/2/5658
f 7248/2/5687 7249/2/5688 7244/2/5683
f 7250/2/5689 7241/2/5680 7247/2/5686
f 7251/2/5690 7244/2/5683 7232/2/5671
f 7232/2/5671 7246/2/5685 7251/2/5690
f 7252/2/5691 7244/2/5683 7251/2/5690
f 7252/2/5691 7248/2/5687 7244/2/5683
f 7253/2/5692 7254/2/5693 7255/2/5694
f 7248/2/5687 7256/2/5695 7249/2/5688
f 7254/2/5693 7256/2/5695 7257/2/5696
f 7257/2/5696 7256/2/5695 7248/2/5687
f 7257/2/5696 7255/2/5694 7254/2/5693
f 7258/2/5697 7253/2/5692 7259/2/5698
f 7260/2/5699 7253/2/5692 7255/2/5694
f 7261/2/5700 7262/2/5701 7263/2/5702
f 7264/2/5703 7261/2/5700 7263/2/5702
f 7265/2/5704 7266/2/5705 7267/2/5706
f 7268/2/5707 7264/2/5703 7263/2/5702
f 7268/2/5707 7263/2/5702 7266/2/5705
f 7267/2/5706 7258/2/5697 7259/2/5698
f 7269/2/5708 7267/2/5706 7259/2/5698
f 7267/2/5706 7269/2/5708 7270/2/5709
f 7271/2/5710 7267/2/5706 7270/2/5709
f 7272/2/5711 7273/2/5712 7274/2/5713
f 7275/2/5714 7276/2/5715 7277/2/5716
f 7272/2/5711 7278/2/5717 7273/2/5712
f 7279/2/5718 7278/2/5717 7272/2/5711
f 7278/2/5717 7279/2/5718 7280/2/5719
f 7265/2/5704 7267/2/5706 7271/2/5710
f 7281/2/5720 7261/2/5700 7264/2/5703
f 7270/2/5709 7276/2/5715 7271/2/5710
f 7277/2/5716 7280/2/5719 7279/2/5718
f 7275/2/5714 7277/2/5716 7279/2/5718
f 7265/2/5704 7268/2/5707 7266/2/5705
f 7282/2/5721 7279/2/5718 7272/2/5711
f 7271/2/5710 7276/2/5715 7275/2/5714
f 7253/2/5692 7260/2/5699 7259/2/5698
f 7216/2/5655 7212/2/5651 7207/2/5646
f 7283/2/5722 7284/2/5723 7285/2/5724
f 7286/2/5725 7284/2/5723 7283/2/5722
f 7287/2/5726 7284/2/5723 7288/2/5727
f 7288/2/5727 7284/2/5723 7289/2/5728
f 7289/2/5728 7284/2/5723 7290/2/5729
f 7290/2/5729 7284/2/5723 7286/2/5725
f 7290/2/5729 7286/2/5725 7291/2/5730
f 7292/2/5731 7290/2/5729 7293/2/5732
f 7289/2/5728 7290/2/5729 7292/2/5731
f 7294/2/5733 7295/2/5734 7296/2/5735
f 7295/2/5734 7288/2/5727 7289/2/5728
f 7297/2/5736 7288/2/5727 7295/2/5734
f 7297/2/5736 7295/2/5734 7294/2/5733
f 7297/2/5736 7294/2/5733 7298/2/5737
f 7299/2/5738 7297/2/5736 7298/2/5737
f 7296/2/5735 7295/2/5734 7289/2/5728
f 7300/2/5739 7301/2/5740 7302/2/5741
f 7303/2/5742 7301/2/5740 7300/2/5739
f 7304/2/5743 7303/2/5742 7300/2/5739
f 7305/2/5744 7306/2/5745 7307/2/5746
f 7307/2/5746 7308/2/5747 7305/2/5744
f 7309/2/5748 7310/2/5749 7311/2/5750
f 7310/2/5749 7306/2/5745 7311/2/5750
f 7312/2/5751 7308/2/5747 7307/2/5746
f 7306/2/5745 7310/2/5749 7313/2/5752
f 7312/2/5751 7307/2/5746 7306/2/5745
f 7313/2/5752 7312/2/5751 7306/2/5745
f 7314/2/5753 7315/2/5754 7316/2/5755
f 7303/2/5742 7317/2/5756 7301/2/5740
f 7308/2/5747 7304/2/5743 7300/2/5739
f 7318/2/5757 7308/2/5747 7319/2/5758
f 7318/2/5757 7304/2/5743 7308/2/5747
f 7320/2/5759 7319/2/5758 7308/2/5747
f 7321/2/5760 7310/2/5749 7309/2/5748
f 7309/2/5748 7316/2/5755 7322/2/5761
f 7323/2/5762 7308/2/5747 7312/2/5751
f 7310/2/5749 7321/2/5760 7313/2/5752
f 7323/2/5762 7312/2/5751 7313/2/5752
f 7324/2/5763 7323/2/5762 7313/2/5752
f 7313/2/5752 7321/2/5760 7324/2/5763
f 7320/2/5759 7308/2/5747 7323/2/5762
f 7325/2/5764 7323/2/5762 7324/2/5763
f 7325/2/5764 7320/2/5759 7323/2/5762
f 7326/2/5765 7309/2/5748 7322/2/5761
f 7327/2/5766 7324/2/5763 7321/2/5760
f 7326/2/5765 7321/2/5760 7309/2/5748
f 7326/2/5765 7327/2/5766 7321/2/5760
f 7327/2/5766 7320/2/5759 7325/2/5764
f 7327/2/5766 7325/2/5764 7324/2/5763
f 7315/2/5754 7322/2/5761 7316/2/5755
f 7319/2/5758 7320/2/5759 7328/2/5767
f 7329/2/5768 7328/2/5767 7320/2/5759
f 7327/2/5766 7329/2/5768 7320/2/5759
f 7330/2/5769 7326/2/5765 7322/2/5761
f 7331/2/5770 7332/2/5771 7333/2/5772
f 7331/2/5770 7334/2/5773 7332/2/5771
f 7335/2/5774 7333/2/5772 7336/2/5775
f 7336/2/5775 7337/2/5776 7338/2/5777
f 7336/2/5775 7338/2/5777 7339/2/5778
f 7339/2/5778 7335/2/5774 7336/2/5775
f 7331/2/5770 7333/2/5772 7335/2/5774
f 7337/2/5776 7340/2/5779 7338/2/5777
f 7341/2/5780 7335/2/5774 7339/2/5778
f 7342/2/5781 7341/2/5780 7339/2/5778
f 7342/2/5781 7343/2/5782 7341/2/5780
f 7344/2/5783 7343/2/5782 7342/2/5781
f 7345/2/5784 7346/2/5785 7347/2/5786
f 7346/2/5785 7348/2/5787 7347/2/5786
f 7343/2/5782 7344/2/5783 7345/2/5784
f 7346/2/5785 7345/2/5784 7344/2/5783
f 7347/2/5786 7348/2/5787 7349/2/5788
f 7350/2/5789 7349/2/5788 7348/2/5787
f 7350/2/5789 7348/2/5787 7351/2/5790
f 7352/2/5791 7353/2/5792 7350/2/5789
f 7354/2/5793 7355/2/5794 7356/2/5795
f 7355/2/5794 7357/2/5796 7356/2/5795
f 7351/2/5790 7352/2/5791 7350/2/5789
f 7358/2/5797 7359/2/5798 7360/2/5799
f 7360/2/5799 7361/2/5800 7358/2/5797
f 7362/2/5801 7352/2/5791 7351/2/5790
f 7351/2/5790 7348/2/5787 7362/2/5801
f 7359/2/5798 7363/2/5802 7360/2/5799
f 7364/2/5803 7355/2/5794 7354/2/5793
f 7364/2/5803 7354/2/5793 7353/2/5792
f 7364/2/5803 7353/2/5792 7352/2/5791
f 7365/2/5804 7361/2/5800 7360/2/5799
f 7348/2/5787 7361/2/5800 7366/2/5805
f 7366/2/5805 7361/2/5800 7365/2/5804
f 7362/2/5801 7348/2/5787 7366/2/5805
f 7365/2/5804 7367/2/5806 7366/2/5805
f 7368/2/5807 7352/2/5791 7369/2/5808
f 7369/2/5808 7352/2/5791 7362/2/5801
f 7369/2/5808 7370/2/5809 7371/2/5810
f 7369/2/5808 7371/2/5810 7368/2/5807
f 7372/2/5811 7370/2/5809 7369/2/5808
f 7373/2/5812 7370/2/5809 7374/2/5813
f 7375/2/5814 7376/2/5815 7377/2/5816
f 7376/2/5815 7378/2/5817 7379/2/5818
f 7374/2/5813 7370/2/5809 7372/2/5811
f 7380/2/5819 7381/2/5820 7382/2/5821
f 7377/2/5816 7373/2/5812 7383/2/5822
f 7383/2/5822 7373/2/5812 7374/2/5813
f 7381/2/5820 7380/2/5819 7384/2/5823
f 7385/2/5824 7381/2/5820 7384/2/5823
f 7386/2/5825 7385/2/5824 7384/2/5823
f 7378/2/5817 7376/2/5815 7387/2/5826
f 7375/2/5814 7388/2/5827 7376/2/5815
f 7387/2/5826 7376/2/5815 7389/2/5828
f 7390/2/5829 7383/2/5822 7381/2/5820
f 7388/2/5827 7389/2/5828 7376/2/5815
f 7391/2/5830 7387/2/5826 7389/2/5828
f 7385/2/5824 7390/2/5829 7381/2/5820
f 7383/2/5822 7375/2/5814 7377/2/5816
f 7392/2/5831 7393/2/5832 7394/2/5833
f 7395/2/5834 7396/2/5835 7386/2/5825
f 7397/2/5836 7375/2/5814 7383/2/5822
f 7383/2/5822 7390/2/5829 7397/2/5836
f 7386/2/5825 7396/2/5835 7385/2/5824
f 7398/2/5837 7399/2/5838 7375/2/5814
f 7397/2/5836 7398/2/5837 7375/2/5814
f 7400/2/5839 7401/2/5840 7402/2/5841
f 7403/2/5842 7401/2/5840 7400/2/5839
f 7400/2/5839 7402/2/5841 7399/2/5838
f 7400/2/5839 7399/2/5838 7398/2/5837
f 7404/2/5843 7401/2/5840 7403/2/5842
f 7405/2/5844 7404/2/5843 7406/2/5845
f 7404/2/5843 7403/2/5842 7406/2/5845
f 7394/2/5833 7405/2/5844 7406/2/5845
f 7393/2/5832 7407/2/5846 7408/2/5847
f 7407/2/5846 7393/2/5832 7392/2/5831
f 7409/2/5848 7394/2/5833 7406/2/5845
f 7406/2/5845 7410/2/5849 7409/2/5848
f 7392/2/5831 7394/2/5833 7409/2/5848
f 7409/2/5848 7410/2/5849 7411/2/5850
f 7412/2/5851 7413/2/5852 7414/2/5853
f 7415/2/5854 7413/2/5852 7412/2/5851
f 7416/2/5855 7415/2/5854 7412/2/5851
f 7417/2/5856 7418/2/5857 7419/2/5858
f 7420/2/5859 7421/2/5860 7422/2/5861
f 7423/2/5862 7417/2/5856 7419/2/5858
f 7423/2/5862 7424/2/5863 7417/2/5856
f 7425/2/5864 7426/2/5865 7427/2/5866
f 7428/2/5867 7414/2/5853 7425/2/5864
f 7429/2/5868 7416/2/5855 7412/2/5851
f 7427/2/5866 7426/2/5865 7424/2/5863
f 7430/2/5869 7420/2/5859 7422/2/5861
f 7431/2/5870 7427/2/5866 7424/2/5863
f 7432/2/5871 7421/2/5860 7433/2/5872
f 7425/2/5864 7427/2/5866 7431/2/5870
f 7428/2/5867 7412/2/5851 7414/2/5853
f 7434/2/5873 7429/2/5868 7412/2/5851
f 7422/2/5861 7421/2/5860 7432/2/5871
f 7435/2/5874 7428/2/5867 7425/2/5864
f 7436/2/5875 7424/2/5863 7423/2/5862
f 7431/2/5870 7424/2/5863 7436/2/5875
f 7435/2/5874 7425/2/5864 7431/2/5870
f 7437/2/5876 7438/2/5877 7431/2/5870
f 7439/2/5878 7440/2/5879 7438/2/5877
f 7437/2/5876 7439/2/5878 7438/2/5877
f 7441/2/5880 7442/2/5881 7443/2/5882
f 7444/2/5883 7445/2/5884 7446/2/5885
f 7447/2/5886 7442/2/5881 7445/2/5884
f 7444/2/5883 7448/2/5887 7445/2/5884
f 7449/2/5888 7446/2/5885 7450/2/5889
f 7450/2/5889 7446/2/5885 7451/2/5890
f 7452/2/5891 7453/2/5892 7454/2/5893
f 7455/2/5894 7450/2/5889 7451/2/5890
f 7456/2/5895 7457/2/5896 7458/2/5897
f 7459/2/5898 7460/2/5899 7461/2/5900
f 7459/2/5898 7462/2/5901 7460/2/5899
f 7456/2/5895 7462/2/5901 7459/2/5898
f 7458/2/5897 7463/2/5902 7464/2/5903
f 7459/2/5898 7457/2/5896 7456/2/5895
f 7465/2/5904 7466/2/5905 7467/2/5906
f 7468/2/5907 7465/2/5904 7467/2/5906
f 7469/2/5908 7470/2/5909 7458/2/5897
f 7468/2/5907 7467/2/5906 7470/2/5909
f 7469/2/5908 7458/2/5897 7464/2/5903
f 7471/2/5910 7472/2/5911 7473/2/5912
f 7472/2/5911 7471/2/5910 7474/2/5913
f 7473/2/5912 7460/2/5899 7462/2/5901
f 7475/2/5914 7473/2/5912 7472/2/5911
f 7476/2/5915 7477/2/5916 7478/2/5917
f 7479/2/5918 7478/2/5917 7477/2/5916
f 7480/2/5919 7433/2/5872 7481/2/5920
f 7482/2/5921 7449/2/5888 7450/2/5889
f 7447/2/5886 7445/2/5884 7448/2/5887
f 7432/2/5871 7433/2/5872 7480/2/5919
f 7481/2/5920 7483/2/5922 7480/2/5919
f 7483/2/5922 7481/2/5920 7441/2/5880
f 7484/2/5923 7449/2/5888 7482/2/5921
f 7447/2/5886 7443/2/5882 7442/2/5881
f 7485/2/5924 7455/2/5894 7451/2/5890
f 7486/2/5925 7454/2/5893 7453/2/5892
f 7455/2/5894 7482/2/5921 7450/2/5889
f 7487/2/5926 7482/2/5921 7455/2/5894
f 7488/2/5927 7452/2/5891 7466/2/5905
f 7484/2/5923 7482/2/5921 7487/2/5926
f 7465/2/5904 7488/2/5927 7466/2/5905
f 7455/2/5894 7484/2/5923 7487/2/5926
f 7488/2/5927 7453/2/5892 7452/2/5891
f 7461/2/5900 7457/2/5896 7459/2/5898
f 7469/2/5908 7468/2/5907 7470/2/5909
f 7473/2/5912 7475/2/5914 7460/2/5899
f 7489/2/5928 7472/2/5911 7474/2/5913
f 7472/2/5911 7489/2/5928 7490/2/5929
f 7491/2/5930 7476/2/5915 7478/2/5917
f 7476/2/5915 7491/2/5930 7490/2/5929
f 7441/2/5880 7443/2/5882 7483/2/5922
f 7444/2/5883 7446/2/5885 7449/2/5888
f 7484/2/5923 7444/2/5883 7449/2/5888
f 7492/2/5931 7432/2/5871 7480/2/5919
f 7493/2/5932 7432/2/5871 7492/2/5931
f 7494/2/5933 7495/2/5934 7496/2/5935
f 7496/2/5935 7495/2/5934 7492/2/5931
f 7492/2/5931 7495/2/5934 7493/2/5932
f 7497/2/5936 7484/2/5923 7455/2/5894
f 7486/2/5925 7453/2/5892 7485/2/5924
f 7455/2/5894 7485/2/5924 7497/2/5936
f 7497/2/5936 7485/2/5924 7484/2/5923
f 7498/2/5937 7484/2/5923 7485/2/5924
f 7499/2/5938 7500/2/5939 7485/2/5924
f 7500/2/5939 7498/2/5937 7485/2/5924
f 7501/2/5940 7463/2/5902 7457/2/5896
f 7501/2/5940 7457/2/5896 7461/2/5900
f 7502/2/5941 7461/2/5900 7460/2/5899
f 7501/2/5940 7461/2/5900 7502/2/5941
f 7503/2/5942 7501/2/5940 7502/2/5941
f 7504/2/5943 7505/2/5944 7506/2/5945
f 7507/2/5946 7465/2/5904 7468/2/5907
f 7508/2/5947 7506/2/5945 7507/2/5946
f 7508/2/5947 7468/2/5907 7469/2/5908
f 7508/2/5947 7469/2/5908 7464/2/5903
f 7508/2/5947 7507/2/5946 7468/2/5907
f 7464/2/5903 7506/2/5945 7508/2/5947
f 7504/2/5943 7506/2/5945 7464/2/5903
f 7479/2/5918 7509/2/5948 7478/2/5917
f 7460/2/5899 7475/2/5914 7502/2/5941
f 7431/2/5870 7438/2/5877 7435/2/5874
f 7490/2/5929 7489/2/5928 7476/2/5915
f 7476/2/5915 7489/2/5928 7477/2/5916
f 7477/2/5916 7489/2/5928 7474/2/5913
f 7458/2/5897 7457/2/5896 7463/2/5902
f 7451/2/5890 7486/2/5925 7485/2/5924
f 7510/2/5949 7511/2/5950 7512/2/5951
f 7513/2/5952 7514/2/5953 7511/2/5950
f 7515/2/5954 7516/2/5955 7517/2/5956
f 7515/2/5954 7517/2/5956 7518/2/5957
f 7519/2/5958 7520/2/5959 7521/2/5960
f 7522/2/5961 7523/2/5962 7524/2/5963
f 7525/2/5964 7526/2/5965 7527/2/5966
f 7525/2/5964 7527/2/5966 7518/2/5957
f 7526/2/5965 7512/2/5951 7527/2/5966
f 7528/2/5967 7511/2/5950 7510/2/5949
f 7528/2/5967 7513/2/5952 7511/2/5950
f 7526/2/5965 7510/2/5949 7512/2/5951
f 7529/2/5968 7523/2/5962 7522/2/5961
f 7524/2/5963 7523/2/5962 7530/2/5969
f 7524/2/5963 7530/2/5969 7518/2/5957
f 7529/2/5968 7522/2/5961 7531/2/5970
f 7529/2/5968 7531/2/5970 7532/2/5971
f 7529/2/5968 7532/2/5971 7533/2/5972
f 7532/2/5971 7519/2/5958 7534/2/5973
f 7528/2/5967 7535/2/5974 7513/2/5952
f 7525/2/5964 7518/2/5957 7530/2/5969
f 7533/2/5972 7532/2/5971 7534/2/5973
f 7536/2/5975 7537/2/5976 7538/2/5977
f 7520/2/5959 7539/2/5978 7521/2/5960
f 7521/2/5960 7539/2/5978 7540/2/5979
f 7541/2/5980 7537/2/5976 7536/2/5975
f 7542/2/5981 7519/2/5958 7521/2/5960
f 7543/2/5982 7544/2/5983 7545/2/5984
f 7542/2/5981 7534/2/5973 7519/2/5958
f 7546/2/5985 7542/2/5981 7547/2/5986
f 7534/2/5973 7542/2/5981 7546/2/5985
f 7548/2/5987 7541/2/5980 7536/2/5975
f 7548/2/5987 7549/2/5988 7541/2/5980
f 7550/2/5989 7551/2/5990 7552/2/5991
f 7550/2/5989 7552/2/5991 7553/2/5992
f 7554/2/5993 7550/2/5989 7553/2/5992
f 7554/2/5993 7553/2/5992 7555/2/5994
f 7556/2/5995 7549/2/5988 7548/2/5987
f 7557/2/5996 7549/2/5988 7556/2/5995
f 7558/2/5997 7559/2/5998 7560/2/5999
f 7561/2/6000 7559/2/5998 7558/2/5997
f 7562/2/6001 7559/2/5998 7563/2/6002
f 7563/2/6002 7559/2/5998 7561/2/6000
f 7564/2/6003 7555/2/5994 7553/2/5992
f 7560/2/5999 7561/2/6000 7558/2/5997
f 7565/2/6004 7566/2/6005 7564/2/6003
f 7566/2/6005 7567/2/6006 7564/2/6003
f 7564/2/6003 7567/2/6006 7555/2/5994
f 7566/2/6005 7565/2/6004 7568/2/6007
f 7569/2/6008 7570/2/6009 7571/2/6010
f 7572/2/6011 7573/2/6012 7574/2/6013
f 7569/2/6008 7575/2/6014 7570/2/6009
f 7575/2/6014 7572/2/6011 7570/2/6009
f 7543/2/5982 7545/2/5984 7576/2/6015
f 7577/2/6016 7543/2/5982 7576/2/6015
f 7578/2/6017 7544/2/5983 7543/2/5982
f 7577/2/6016 7576/2/6015 7557/2/5996
f 7557/2/5996 7576/2/6015 7549/2/5988
f 7579/2/6018 7546/2/5985 7547/2/5986
f 7579/2/6018 7547/2/5986 7580/2/6019
f 7581/2/6020 7551/2/5990 7582/2/6021
f 7583/2/6022 7551/2/5990 7550/2/5989
f 7554/2/5993 7583/2/6022 7550/2/5989
f 7584/2/6023 7554/2/5993 7555/2/5994
f 7584/2/6023 7583/2/6022 7554/2/5993
f 7563/2/6002 7585/2/6024 7562/2/6001
f 7565/2/6004 7562/2/6001 7585/2/6024
f 7565/2/6004 7585/2/6024 7586/2/6025
f 7584/2/6023 7555/2/5994 7587/2/6026
f 7568/2/6007 7567/2/6006 7566/2/6005
f 7586/2/6025 7568/2/6007 7565/2/6004
f 7587/2/6026 7555/2/5994 7567/2/6006
f 7588/2/6027 7575/2/6014 7569/2/6008
f 7589/2/6028 7569/2/6008 7590/2/6029
f 7588/2/6027 7569/2/6008 7589/2/6028
f 7591/2/6030 7560/2/5999 7574/2/6013
f 7591/2/6030 7561/2/6000 7560/2/5999
f 7591/2/6030 7574/2/6013 7573/2/6012
f 7573/2/6012 7572/2/6011 7575/2/6014
f 7592/2/6031 7591/2/6030 7573/2/6012
f 7589/2/6028 7590/2/6029 7593/2/6032
f 7578/2/6017 7580/2/6019 7544/2/5983
f 7594/2/6033 7551/2/5990 7583/2/6022
f 7583/2/6022 7595/2/6034 7594/2/6033
f 7556/2/5995 7548/2/5987 7581/2/6020
f 7595/2/6034 7583/2/6022 7596/2/6035
f 7556/2/5995 7577/2/6016 7557/2/5996
f 7551/2/5990 7594/2/6033 7582/2/6021
f 7556/2/5995 7581/2/6020 7582/2/6021
f 7596/2/6035 7584/2/6023 7587/2/6026
f 7596/2/6035 7583/2/6022 7584/2/6023
f 7587/2/6026 7567/2/6006 7568/2/6007
f 7597/2/6036 7575/2/6014 7588/2/6027
f 7597/2/6036 7573/2/6012 7575/2/6014
f 7592/2/6031 7573/2/6012 7597/2/6036
f 7527/2/5966 7515/2/5954 7518/2/5957
f 7579/2/6018 7580/2/6019 7578/2/6017
f 7598/2/6037 7599/2/6038 7600/2/6039
f 7601/2/6040 7602/2/6041 7603/2/6042
f 7601/2/6040 7604/2/6043 7602/2/6041
f 7604/2/6043 7601/2/6040 7605/2/6044
f 7604/2/6043 7598/2/6037 7606/2/6045
f 7604/2/6043 7605/2/6044 7598/2/6037
f 7606/2/6045 7598/2/6037 7600/2/6039
f 7600/2/6039 7607/2/6046 7608/2/6047
f 7600/2/6039 7599/2/6038 7607/2/6046
f 7609/2/6048 7610/2/6049 7611/2/6050
f 7612/2/6051 7613/2/6052 7614/2/6053
f 7612/2/6051 7614/2/6053 7615/2/6054
f 7612/2/6051 7611/2/6050 7613/2/6052
f 7612/2/6051 7616/2/6055 7611/2/6050
f 7616/2/6055 7609/2/6048 7611/2/6050
f 7610/2/6049 7617/2/6056 7618/2/6057
f 7610/2/6049 7609/2/6048 7617/2/6056
f 7617/2/6056 7619/2/6058 7618/2/6057
f 7617/2/6056 7620/2/6059 7619/2/6058
f 7621/2/6060 7622/2/6061 7623/2/6062
f 7624/2/6063 7625/2/6064 7626/2/6065
f 7624/2/6063 7626/2/6065 7627/2/6066
f 7625/2/6064 7624/2/6063 7628/2/6067
f 7628/2/6067 7621/2/6060 7625/2/6064
f 7628/2/6067 7629/2/6068 7621/2/6060
f 7621/2/6060 7629/2/6068 7622/2/6061
f 7622/2/6061 7630/2/6069 7623/2/6062
f 7622/2/6061 7631/2/6070 7630/2/6069
f 7632/2/6071 7633/2/6072 7634/2/6073
f 7635/2/6074 7636/2/6075 7637/2/6076
f 7633/2/6072 7638/2/6077 7639/2/6078
f 7636/2/6075 7635/2/6074 7640/2/6079
f 7632/2/6071 7638/2/6077 7633/2/6072
f 7635/2/6074 7641/2/6080 7640/2/6079
f 7641/2/6080 7632/2/6071 7640/2/6079
f 7632/2/6071 7641/2/6080 7642/2/6081
f 7635/2/6074 7637/2/6076 7643/2/6082
f 7642/2/6081 7638/2/6077 7632/2/6071
f 7644/2/6083 7645/2/6084 7646/2/6085
f 7644/2/6083 7646/2/6085 7647/2/6086
f 7644/2/6083 7647/2/6086 7648/2/6087
f 7648/2/6087 7647/2/6086 7649/2/6088
f 7650/2/6089 7648/2/6087 7649/2/6088
f 7651/2/6090 7650/2/6089 7649/2/6088
f 7652/2/6091 7650/2/6089 7651/2/6090
f 7653/2/6092 7654/2/6093 7655/2/6094
f 7656/2/6095 7657/2/6096 7654/2/6093
f 7658/2/6097 7654/2/6093 7653/2/6092
f 7659/2/6098 7660/2/6099 7661/2/6100
f 7662/2/6101 7663/2/6102 7664/2/6103
f 7658/2/6097 7656/2/6095 7654/2/6093
f 7665/2/6104 7655/2/6094 7650/2/6089
f 7665/2/6104 7653/2/6092 7655/2/6094
f 7666/2/6105 7659/2/6098 7661/2/6100
f 7663/2/6102 7667/2/6106 7664/2/6103
f 7668/2/6107 7652/2/6091 7651/2/6090
f 7662/2/6101 7668/2/6107 7651/2/6090
f 7669/2/6108 7667/2/6106 7663/2/6102
f 7665/2/6104 7650/2/6089 7652/2/6091
f 7662/2/6101 7664/2/6103 7668/2/6107
f 7670/2/6109 7671/2/6110 7672/2/6111
f 7673/2/6112 7659/2/6098 7666/2/6105
f 7668/2/6107 7672/2/6111 7652/2/6091
f 7674/2/6113 7672/2/6111 7668/2/6107
f 7675/2/6114 7671/2/6110 7670/2/6109
f 7675/2/6114 7670/2/6109 7676/2/6115
f 7674/2/6113 7670/2/6109 7672/2/6111
f 7677/2/6116 7678/2/6117 7679/2/6118
f 7679/2/6118 7675/2/6114 7680/2/6119
f 7680/2/6119 7675/2/6114 7676/2/6115
f 7679/2/6118 7680/2/6119 7677/2/6116
f 7681/2/6120 7682/2/6121 7678/2/6117
f 7681/2/6120 7678/2/6117 7677/2/6116
f 7683/2/6122 7682/2/6121 7681/2/6120
f 7684/2/6123 7685/2/6124 7686/2/6125
f 7684/2/6123 7686/2/6125 7687/2/6126
f 7688/2/6127 7685/2/6124 7689/2/6128
f 7690/2/6129 7691/2/6130 7692/2/6131
f 7693/2/6132 7691/2/6130 7690/2/6129
f 7694/2/6133 7691/2/6130 7693/2/6132
f 7695/2/6134 7696/2/6135 7697/2/6136
f 7698/2/6137 7684/2/6123 7687/2/6126
f 7691/2/6130 7699/2/6138 7696/2/6135
f 7696/2/6135 7699/2/6138 7700/2/6139
f 7697/2/6136 7696/2/6135 7700/2/6139
f 7701/2/6140 7687/2/6126 7682/2/6121
f 7683/2/6122 7701/2/6140 7682/2/6121
f 7702/2/6141 7689/2/6128 7685/2/6124
f 7702/2/6141 7685/2/6124 7684/2/6123
f 7698/2/6137 7687/2/6126 7701/2/6140
f 7703/2/6142 7695/2/6134 7697/2/6136
f 7703/2/6142 7681/2/6120 7695/2/6134
f 7681/2/6120 7703/2/6142 7683/2/6122
f 7703/2/6142 7701/2/6140 7683/2/6122
f 7704/2/6143 7705/2/6144 7703/2/6142
f 7705/2/6144 7701/2/6140 7703/2/6142
f 7706/2/6145 7707/2/6146 7704/2/6143
f 7704/2/6143 7707/2/6146 7705/2/6144
f 7708/2/6147 7709/2/6148 7710/2/6149
f 7706/2/6145 7710/2/6149 7707/2/6146
f 7708/2/6147 7710/2/6149 7706/2/6145
f 7669/2/6108 7663/2/6102 7711/2/6150
f 7700/2/6139 7712/2/6151 7713/2/6152
f 7699/2/6138 7712/2/6151 7700/2/6139
f 7699/2/6138 7714/2/6153 7712/2/6151
f 7699/2/6138 7694/2/6133 7714/2/6153
f 7699/2/6138 7691/2/6130 7694/2/6133
f 7715/2/6154 7716/2/6155 7717/2/6156
f 7718/2/6157 7719/2/6158 7720/2/6159
f 7717/2/6156 7721/2/6160 7720/2/6159
f 7717/2/6156 7716/2/6155 7722/2/6161
f 7722/2/6161 7723/2/6162 7717/2/6156
f 7724/2/6163 7725/2/6164 7726/2/6165
f 7727/2/6166 7728/2/6167 7723/2/6162
f 7727/2/6166 7723/2/6162 7722/2/6161
f 7729/2/6168 7726/2/6165 7730/2/6169
f 7728/2/6167 7717/2/6156 7723/2/6162
f 7731/2/6170 7732/2/6171 7733/2/6172
f 7730/2/6169 7731/2/6170 7733/2/6172
f 7734/2/6173 7735/2/6174 7736/2/6175
f 7737/2/6176 7738/2/6177 7739/2/6178
f 7740/2/6179 7730/2/6169 7733/2/6172
f 7741/2/6180 7740/2/6179 7739/2/6178
f 7735/2/6174 7742/2/6181 7736/2/6175
f 7743/2/6182 7744/2/6183 7745/2/6184
f 7746/2/6185 7744/2/6183 7743/2/6182
f 7747/2/6186 7744/2/6183 7746/2/6185
f 7747/2/6186 7748/2/6187 7744/2/6183
f 7749/2/6188 7734/2/6173 7736/2/6175
f 7750/2/6189 7751/2/6190 7736/2/6175
f 7736/2/6175 7748/2/6187 7750/2/6189
f 7752/2/6191 7753/2/6192 7754/2/6193
f 7753/2/6192 7755/2/6194 7756/2/6195
f 7756/2/6195 7755/2/6194 7757/2/6196
f 7758/2/6197 7756/2/6195 7757/2/6196
f 7759/2/6198 7752/2/6191 7754/2/6193
f 7758/2/6197 7743/2/6182 7745/2/6184
f 7758/2/6197 7760/2/6199 7743/2/6182
f 7761/2/6200 7762/2/6201 7763/2/6202
f 7762/2/6201 7764/2/6203 7763/2/6202
f 7765/2/6204 7759/2/6198 7766/2/6205
f 7762/2/6201 7767/2/6206 7764/2/6203
f 7768/2/6207 7759/2/6198 7765/2/6204
f 7767/2/6206 7766/2/6205 7764/2/6203
f 7769/2/6208 7770/2/6209 7761/2/6200
f 7770/2/6209 7771/2/6210 7761/2/6200
f 7720/2/6159 7772/2/6211 7718/2/6157
f 7721/2/6160 7717/2/6156 7728/2/6167
f 7773/2/6212 7720/2/6159 7721/2/6160
f 7772/2/6211 7720/2/6159 7773/2/6212
f 7774/2/6213 7726/2/6165 7729/2/6168
f 7774/2/6213 7724/2/6163 7726/2/6165
f 7725/2/6164 7724/2/6163 7722/2/6161
f 7722/2/6161 7724/2/6163 7727/2/6166
f 7775/2/6214 7728/2/6167 7727/2/6166
f 7727/2/6166 7776/2/6215 7775/2/6214
f 7777/2/6216 7775/2/6214 7776/2/6215
f 7778/2/6217 7730/2/6169 7740/2/6179
f 7778/2/6217 7740/2/6179 7741/2/6180
f 7739/2/6178 7738/2/6177 7779/2/6218
f 7780/2/6219 7738/2/6177 7737/2/6176
f 7780/2/6219 7737/2/6176 7781/2/6220
f 7780/2/6219 7781/2/6220 7734/2/6173
f 7749/2/6188 7780/2/6219 7734/2/6173
f 7741/2/6180 7739/2/6178 7779/2/6218
f 7782/2/6221 7778/2/6217 7741/2/6180
f 7782/2/6221 7783/2/6222 7784/2/6223
f 7783/2/6222 7782/2/6221 7741/2/6180
f 7749/2/6188 7736/2/6175 7751/2/6190
f 7760/2/6199 7746/2/6185 7743/2/6182
f 7748/2/6187 7747/2/6186 7750/2/6189
f 7785/2/6224 7786/2/6225 7749/2/6188
f 7751/2/6190 7785/2/6224 7749/2/6188
f 7755/2/6194 7753/2/6192 7752/2/6191
f 7787/2/6226 7788/2/6227 7789/2/6228
f 7790/2/6229 7787/2/6226 7789/2/6228
f 7757/2/6196 7790/2/6229 7789/2/6228
f 7757/2/6196 7755/2/6194 7790/2/6229
f 7752/2/6191 7759/2/6198 7768/2/6207
f 7791/2/6230 7758/2/6197 7757/2/6196
f 7760/2/6199 7758/2/6197 7791/2/6230
f 7789/2/6228 7760/2/6199 7791/2/6230
f 7757/2/6196 7789/2/6228 7791/2/6230
f 7768/2/6207 7755/2/6194 7752/2/6191
f 7771/2/6210 7762/2/6201 7761/2/6200
f 7767/2/6206 7792/2/6231 7766/2/6205
f 7765/2/6204 7766/2/6205 7792/2/6231
f 7729/2/6168 7730/2/6169 7778/2/6217
f 7793/2/6232 7794/2/6233 7795/2/6234
f 7796/2/6235 7794/2/6233 7793/2/6232
f 7793/2/6232 7795/2/6234 7797/2/6236
f 7797/2/6236 7798/2/6237 7799/2/6238
f 7799/2/6238 7798/2/6237 7800/2/6239
f 7801/2/6240 7798/2/6237 7802/2/6241
f 7795/2/6234 7798/2/6237 7797/2/6236
f 7800/2/6239 7798/2/6237 7803/2/6242
f 7801/2/6240 7804/2/6243 7805/2/6244
f 7802/2/6241 7798/2/6237 7806/2/6245
f 7802/2/6241 7806/2/6245 7807/2/6246
f 7802/2/6241 7807/2/6246 7808/2/6247
f 7809/2/6248 7802/2/6241 7808/2/6247
f 7801/2/6240 7802/2/6241 7809/2/6248
f 7801/2/6240 7803/2/6242 7798/2/6237
f 7810/2/6249 7801/2/6240 7809/2/6248
f 7804/2/6243 7801/2/6240 7810/2/6249
f 7810/2/6249 7809/2/6248 7811/2/6250
f 7811/2/6250 7809/2/6248 7812/2/6251
f 7809/2/6248 7808/2/6247 7813/2/6252
f 7809/2/6248 7814/2/6253 7812/2/6251
f 7809/2/6248 7813/2/6252 7814/2/6253
f 7812/2/6251 7814/2/6253 7815/2/6254
f 7808/2/6247 7807/2/6246 7816/2/6255
f 7817/2/6256 7808/2/6247 7818/2/6257
f 7808/2/6247 7817/2/6256 7819/2/6258
f 7813/2/6252 7808/2/6247 7820/2/6259
f 7820/2/6259 7808/2/6247 7819/2/6258
f 7821/2/6260 7819/2/6258 7822/2/6261
f 7822/2/6261 7819/2/6258 7823/2/6262
f 7824/2/6263 7820/2/6259 7819/2/6258
f 7819/2/6258 7821/2/6260 7824/2/6263
f 7823/2/6262 7819/2/6258 7817/2/6256
f 7823/2/6262 7817/2/6256 7825/2/6264
f 7826/2/6265 7827/2/6266 7828/2/6267
f 7829/2/6268 7826/2/6265 7828/2/6267
f 7826/2/6265 7829/2/6268 7830/2/6269
f 7831/2/6270 7827/2/6266 7826/2/6265
f 7831/2/6270 7826/2/6265 7832/2/6271
f 7833/2/6272 7832/2/6271 7826/2/6265
f 7829/2/6268 7828/2/6267 7834/2/6273
f 7835/2/6274 7836/2/6275 7837/2/6276
f 7838/2/6277 7839/2/6278 7840/2/6279
f 7838/2/6277 7840/2/6279 7841/2/6280
f 7842/2/6281 7827/2/6266 7831/2/6270
f 7843/2/6282 7844/2/6283 7842/2/6281
f 7837/2/6276 7842/2/6281 7831/2/6270
f 7836/2/6275 7842/2/6281 7837/2/6276
f 7843/2/6282 7842/2/6281 7845/2/6284
f 7845/2/6284 7842/2/6281 7836/2/6275
f 7835/2/6274 7845/2/6284 7836/2/6275
f 7845/2/6284 7839/2/6278 7843/2/6282
f 7838/2/6277 7843/2/6282 7839/2/6278
f 7846/2/6285 7847/2/6286 7848/2/6287
f 7846/2/6288 7849/2/6289 7847/2/6290
f 7850/2/6291 7851/2/6292 7852/2/6293
f 7853/2/6294 7851/2/6292 7850/2/6291
f 7854/2/6295 7851/2/6292 7853/2/6294
f 7855/2/6296 7851/2/6292 7854/2/6295
f 7856/2/6297 7857/2/6297 7858/2/6297
f 7846/2/6288 7859/2/6298 7849/2/6289
f 7860/2/6299 7861/2/6300 7862/2/6301
f 7860/2/6299 7863/2/6302 7861/2/6300
f 7864/2/6303 7863/2/6302 7860/2/6299
f 7865/2/6304 7863/2/6302 7864/2/6303
f 7866/2/6305 7863/2/6302 7865/2/6304
f 7867/2/6306 7863/2/6302 7866/2/6305
f 7868/2/6307 7863/2/6302 7867/2/6306
f 7869/2/6308 7863/2/6302 7868/2/6307
f 7869/2/6308 7870/2/6309 7863/2/6302
f 7871/2/6310 7870/2/6309 7869/2/6308
f 7872/2/6311 7870/2/6309 7871/2/6310
f 7873/2/6312 7870/2/6309 7872/2/6311
f 7874/2/6313 7870/2/6309 7873/2/6312
f 7875/2/6314 7870/2/6309 7874/2/6313
f 7875/2/6314 7876/2/6285 7870/2/6309
f 7877/2/6315 7876/2/6285 7875/2/6314
f 7878/2/6316 7876/2/6285 7877/2/6315
f 7879/2/6317 7876/2/6285 7878/2/6316
f 7846/2/6288 7880/2/6318 7859/2/6298
f 7846/2/6288 7881/2/6319 7880/2/6318
f 7846/2/6288 7882/2/6320 7881/2/6319
f 7846/2/6288 7883/2/6321 7882/2/6320
f 7876/2/6285 7883/2/6321 7846/2/6288
f 7876/2/6285 7884/2/6322 7883/2/6321
f 7885/2/6323 7879/2/6317 7886/2/6324
f 7885/2/6323 7876/2/6285 7879/2/6317
f 7887/2/6325 7876/2/6285 7885/2/6323
f 7888/2/6326 7876/2/6285 7887/2/6325
f 7889/2/6327 7876/2/6285 7888/2/6326
f 7890/2/6328 7876/2/6285 7889/2/6327
f 7891/2/6329 7876/2/6285 7890/2/6328
f 7892/2/6330 7876/2/6285 7891/2/6329
f 7893/2/6331 7876/2/6285 7892/2/6330
f 7893/2/6331 7884/2/6322 7876/2/6285
f 7894/2/6332 7884/2/6322 7893/2/6331
f 7894/2/6332 7895/2/6333 7884/2/6322
f 7896/2/6334 7897/2/6335 7898/2/6336
f 7898/2/6336 7897/2/6335 7899/2/6337
f 7900/2/6338 7901/2/6339 7902/2/6340
f 7903/2/6341 7901/2/6339 7900/2/6338
f 7904/2/6342 7905/2/6343 7906/2/6344
f 7904/2/6342 7907/2/6345 7905/2/6343
f 7904/2/6342 7908/2/6346 7907/2/6345
f 7904/2/6342 7909/2/6347 7908/2/6346
f 7910/2/6348 7909/2/6347 7904/2/6342
f 7911/2/6349 7901/2/6339 7903/2/6341
f 7909/2/6347 7912/2/6350 7913/2/6351
f 7910/2/6348 7912/2/6350 7909/2/6347
f 7910/2/6348 7914/2/6352 7912/2/6350
f 7910/2/6348 7915/2/6353 7914/2/6352
f 7910/2/6348 7916/2/6354 7915/2/6353
f 7910/2/6348 7917/2/6355 7916/2/6354
f 7910/2/6348 7918/2/6356 7917/2/6355
f 7919/2/6357 7901/2/6339 7911/2/6349
f 7920/2/6358 7901/2/6339 7919/2/6357
f 7921/2/6359 7901/2/6339 7920/2/6358
f 7922/2/6360 7901/2/6339 7921/2/6359
f 7922/2/6360 7923/2/6361 7901/2/6339
f 7924/2/6362 7923/2/6361 7922/2/6360
f 7925/2/6363 7926/2/6364 7927/2/6365
f 7928/2/6366 7929/2/6367 7930/2/6368
f 7931/2/6369 7932/2/6370 7933/2/6371
f 7934/2/6372 7935/2/6373 7936/2/6374
f 7937/2/6375 7938/2/6376 7939/2/6377
f 7910/2/6348 7940/2/6378 7918/2/6356
f 7910/2/6348 7925/2/6363 7940/2/6378
f 7910/2/6348 7926/2/6364 7925/2/6363
f 7923/2/6361 7926/2/6364 7910/2/6348
f 7923/2/6361 7941/2/6379 7926/2/6364
f 7923/2/6361 7942/2/6380 7941/2/6379
f 7923/2/6361 7937/2/6375 7942/2/6380
f 7923/2/6361 7938/2/6376 7937/2/6375
f 7923/2/6361 7934/2/6372 7938/2/6376
f 7923/2/6361 7935/2/6373 7934/2/6372
f 7923/2/6361 7931/2/6369 7935/2/6373
f 7923/2/6361 7932/2/6370 7931/2/6369
f 7923/2/6361 7928/2/6366 7932/2/6370
f 7923/2/6361 7929/2/6367 7928/2/6366
f 7924/2/6362 7929/2/6367 7923/2/6361
f 7939/2/6377 7938/2/6376 7943/2/6381
f 7927/2/6365 7926/2/6364 7944/2/6382
f 7925/2/6363 7927/2/6365 7945/2/6383
f 7946/2/6384 7947/2/6385 7948/2/6386
f 7948/2/6386 7949/2/6387 7946/2/6384
f 7950/2/4582 7951/2/6388 7952/2/6389
f 7950/2/4582 7953/2/6390 7951/2/6388
f 7954/2/4583 7955/2/4583 7956/2/4583
f 7957/2/4582 7958/2/4582 7950/2/4582
f 7959/2/6391 7960/2/6392 7958/2/4583
f 7960/2/6392 7959/2/6391 7961/2/6393
f 7962/2/6394 7963/2/6395 7964/2/6396
f 7964/2/6396 7965/2/6397 7962/2/6394
f 7966/2/4590 7967/2/4590 7968/2/4590
f 7969/2/5533 7970/2/5533 7971/2/5533
f 7972/2/5535 7973/2/6398 7974/2/6399
f 7975/2/5536 7976/2/5536 7977/2/5536
f 7978/2/5533 7979/2/5533 7970/2/5533
f 7980/2/6400 7981/2/6401 7982/2/6402
f 7983/2/6403 7980/2/6400 7982/2/6402
f 7984/2/5541 7985/2/5542 7986/2/6404
f 7987/2/5544 7988/2/5545 7989/2/5546
f 7990/2/5547 7991/2/5548 7985/2/5542
f 7987/2/5544 7984/2/5541 7992/2/5549
f 7984/2/5541 7990/2/5547 7985/2/5542
f 7992/2/5549 7984/2/5541 7986/2/6404
f 7993/2/6405 7987/2/5544 7992/2/5549
f 7987/2/5544 7993/2/6405 7988/2/5545
f 7985/2/5542 7991/2/5548 7994/2/6406
f 7995/2/6407 7996/2/6408 7997/2/5554
f 7998/2/6409 7999/2/5556 8000/2/5557
f 8001/2/5558 8000/2/5557 8002/2/5559
f 8001/2/5558 7998/2/6409 8000/2/5557
f 7995/2/6407 8003/2/5560 7996/2/6408
f 8003/2/5560 7995/2/6407 7999/2/5556
f 8002/2/5559 8004/2/6410 8005/2/5562
f 8002/2/5559 8006/2/6411 8004/2/6410
f 8000/2/5557 8006/2/6411 8002/2/5559
f 8003/2/5560 7999/2/5556 7998/2/6409
f 8007/2/5564 8008/2/5565 8009/2/5566
f 8010/2/5567 8007/2/5564 8009/2/5566
f 8011/2/5568 8012/2/6412 8013/2/6413
f 8014/2/5571 8015/2/5572 8016/2/5573
f 8013/2/6413 8014/2/5571 8016/2/5573
f 8013/2/6413 8012/2/6412 8014/2/5571
f 8007/2/5564 8017/2/5574 8008/2/5565
f 8007/2/5564 8018/2/6414 8011/2/5568
f 8007/2/5564 8010/2/5567 8018/2/6414
f 8011/2/5568 8018/2/6414 8012/2/6412
f 8014/2/5571 8019/2/5576 8015/2/5572
f 8020/2/5577 8021/2/5578 8022/2/6415
f 8023/2/5580 8024/2/6416 8020/2/5577
f 8023/2/5580 8020/2/5577 8025/2/6417
f 8026/2/5583 8027/2/6418 8028/2/6419
f 8025/2/6417 8026/2/5583 8028/2/6419
f 8027/2/6418 8029/2/5586 8030/2/5587
f 8020/2/5577 8024/2/6416 8031/2/5588
f 8020/2/5577 8031/2/5588 8021/2/5578
f 8020/2/5577 8026/2/5583 8025/2/6417
f 8026/2/5583 8032/2/6420 8027/2/6418
f 8032/2/6420 8029/2/5586 8027/2/6418
f 8033/2/5590 8034/2/5591 8035/2/5592
f 8034/2/5591 8036/2/5593 8035/2/5592
f 8035/2/5592 8037/2/5594 8038/2/5595
f 8037/2/5594 8035/2/5592 8036/2/5593
f 8036/2/5593 8039/2/5596 8037/2/5594
f 8040/2/5597 8039/2/5596 8036/2/5593
f 8040/2/5597 8036/2/5593 8041/2/5598
f 8034/2/5591 8042/2/5599 8036/2/5593
f 8042/2/5599 8043/2/5600 8044/2/5601
f 8036/2/5593 8042/2/5599 8045/2/5602
f 8036/2/5593 8045/2/5602 8041/2/5598
f 8046/2/5603 8041/2/5598 8045/2/5602
f 8042/2/5599 8044/2/5601 8045/2/5602
f 8045/2/5602 8044/2/5601 8047/2/5604
f 8048/2/5605 8045/2/5602 8047/2/5604
f 8049/2/6421 8045/2/5602 8048/2/5605
f 8047/2/5604 8044/2/5601 8050/2/5607
f 8050/2/5607 8044/2/5601 8051/2/6422
f 8052/2/5609 8048/2/5605 8047/2/5604
f 8053/2/5610 8054/2/5611 8055/2/5612
f 8055/2/5612 8054/2/5611 8056/2/5613
f 8056/2/5613 8057/2/6423 8058/2/5615
f 8059/2/5616 8060/2/5617 8061/2/5618
f 8055/2/5612 8062/2/6424 8053/2/5610
f 8063/2/5620 8062/2/6424 8055/2/5612
f 8062/2/6424 8064/2/5621 8061/2/5618
f 8059/2/5616 8061/2/5618 8064/2/5621
f 8058/2/5615 8065/2/5622 8056/2/5613
f 8058/2/5615 8066/2/5623 8065/2/5622
f 8067/2/5624 8058/2/5615 8068/2/5625
f 8056/2/5613 8065/2/5622 8063/2/5620
f 8063/2/5620 8065/2/5622 8066/2/5623
f 8063/2/5620 8055/2/5612 8056/2/5613
f 8067/2/5624 8066/2/5623 8058/2/5615
f 8069/2/5626 8067/2/5624 8068/2/5625
f 8070/2/5627 8067/2/5624 8069/2/5626
f 8071/2/5628 8063/2/5620 8066/2/5623
f 8067/2/5624 8071/2/5628 8066/2/5623
f 8069/2/5626 8068/2/5625 8072/2/5629
f 8063/2/5620 8064/2/5621 8062/2/6424
f 8073/2/5630 8064/2/5621 8063/2/5620
f 8073/2/5630 8063/2/5620 8074/2/5631
f 8070/2/5627 8075/2/6425 8067/2/5624
f 8074/2/5631 8063/2/5620 8071/2/5628
f 8076/2/5633 8070/2/5627 8069/2/5626
f 8075/2/6425 8071/2/5628 8067/2/5624
f 8077/2/5634 8070/2/5627 8076/2/5633
f 8078/2/5635 8073/2/5630 8074/2/5631
f 8077/2/5634 8075/2/6425 8070/2/5627
f 8074/2/5631 8071/2/5628 8075/2/6425
f 8075/2/6425 8078/2/5635 8074/2/5631
f 8069/2/5626 8079/2/5636 8076/2/5633
f 8080/2/5637 8081/2/5638 8082/2/5639
f 8083/2/5640 8084/2/5641 8085/2/5642
f 8083/2/5640 8086/2/5643 8084/2/5641
f 8087/2/5644 8085/2/5642 8088/2/5645
f 8087/2/5644 8083/2/5640 8085/2/5642
f 8089/2/5646 8081/2/5638 8090/2/5647
f 8091/2/5648 8080/2/5637 8082/2/5639
f 8092/2/6426 8088/2/5645 8093/2/5650
f 8081/2/5638 8094/2/6427 8082/2/5639
f 8089/2/5646 8094/2/6427 8081/2/5638
f 8091/2/5648 8093/2/5650 8080/2/5637
f 8095/2/5652 8086/2/5643 8083/2/5640
f 8087/2/5644 8088/2/5645 8092/2/6426
f 8096/2/5653 8089/2/5646 8097/2/5654
f 8098/2/6428 8089/2/5646 8096/2/5653
f 8092/2/6426 8093/2/5650 8091/2/5648
f 8099/2/5656 8100/2/5657 8101/2/5658
f 8102/2/5659 8092/2/6426 8091/2/5648
f 8103/2/6429 8104/2/5661 8105/2/5662
f 8103/2/6429 8105/2/5662 8102/2/5659
f 8103/2/6429 8102/2/5659 8091/2/5648
f 8104/2/5661 8106/2/5663 8105/2/5662
f 8107/2/5664 8106/2/5663 8104/2/5661
f 8108/2/6430 8094/2/6427 8098/2/6428
f 8109/2/6431 8110/2/5667 8111/2/5668
f 8112/2/5669 8106/2/5663 8107/2/5664
f 8112/2/5669 8107/2/5664 8113/2/5670
f 8113/2/5670 8101/2/5658 8112/2/5669
f 8114/2/5671 8101/2/5658 8113/2/5670
f 8115/2/6432 8116/2/5673 8100/2/5657
f 8117/2/6433 8115/2/6432 8100/2/5657
f 8117/2/6433 8100/2/5657 8118/2/5675
f 8119/2/6434 8115/2/6432 8117/2/6433
f 8120/2/5677 8121/2/5678 8122/2/5679
f 8110/2/5667 8123/2/5680 8120/2/5677
f 8124/2/5681 8110/2/5667 8109/2/6431
f 8120/2/5677 8123/2/5680 8125/2/6435
f 8126/2/5683 8101/2/5658 8114/2/5671
f 8124/2/5681 8123/2/5680 8110/2/5667
f 8121/2/5678 8120/2/5677 8125/2/6435
f 8127/2/5684 8119/2/6434 8117/2/6433
f 8099/2/5656 8118/2/5675 8100/2/5657
f 8128/2/5685 8114/2/5671 8122/2/5679
f 8129/2/5686 8123/2/5680 8124/2/5681
f 8121/2/5678 8128/2/5685 8122/2/5679
f 8126/2/5683 8099/2/5656 8101/2/5658
f 8130/2/5687 8131/2/6436 8126/2/5683
f 8132/2/5689 8123/2/5680 8129/2/5686
f 8133/2/5690 8126/2/5683 8114/2/5671
f 8114/2/5671 8128/2/5685 8133/2/5690
f 8134/2/6437 8126/2/5683 8133/2/5690
f 8134/2/6437 8130/2/5687 8126/2/5683
f 8135/2/5692 8136/2/6438 8137/2/5694
f 8130/2/5687 8138/2/5695 8131/2/6436
f 8136/2/6438 8138/2/5695 8139/2/5696
f 8139/2/5696 8138/2/5695 8130/2/5687
f 8139/2/5696 8137/2/5694 8136/2/6438
f 8140/2/5697 8135/2/5692 8141/2/6439
f 8142/2/5699 8135/2/5692 8137/2/5694
f 8143/2/6440 8144/2/5701 8145/2/5702
f 8146/2/5703 8143/2/6440 8145/2/5702
f 8147/2/5704 8148/2/5705 8149/2/5706
f 8150/2/5707 8146/2/5703 8145/2/5702
f 8150/2/5707 8145/2/5702 8148/2/5705
f 8149/2/5706 8140/2/5697 8141/2/6439
f 8151/2/5708 8149/2/5706 8141/2/6439
f 8149/2/5706 8151/2/5708 8152/2/6441
f 8153/2/5710 8149/2/5706 8152/2/6441
f 8154/2/5711 8155/2/5712 8156/2/6442
f 8157/2/5714 8158/2/5715 8159/2/5716
f 8154/2/5711 8160/2/5717 8155/2/5712
f 8161/2/6443 8160/2/5717 8154/2/5711
f 8160/2/5717 8161/2/6443 8162/2/5719
f 8147/2/5704 8149/2/5706 8153/2/5710
f 8163/2/6444 8143/2/6440 8146/2/5703
f 8152/2/6441 8158/2/5715 8153/2/5710
f 8159/2/5716 8162/2/5719 8161/2/6443
f 8157/2/5714 8159/2/5716 8161/2/6443
f 8147/2/5704 8150/2/5707 8148/2/5705
f 8164/2/5721 8161/2/6443 8154/2/5711
f 8153/2/5710 8158/2/5715 8157/2/5714
f 8135/2/5692 8142/2/5699 8141/2/6439
f 8098/2/6428 8094/2/6427 8089/2/5646
f 8165/2/5722 8166/2/6445 8167/2/5724
f 8168/2/5725 8166/2/6445 8165/2/5722
f 8169/2/5726 8166/2/6445 8170/2/5727
f 8170/2/5727 8166/2/6445 8171/2/6446
f 8171/2/6446 8166/2/6445 8172/2/6447
f 8172/2/6447 8166/2/6445 8168/2/5725
f 8172/2/6447 8168/2/5725 8173/2/6448
f 8174/2/6449 8172/2/6447 8175/2/6450
f 8171/2/6446 8172/2/6447 8174/2/6449
f 8176/2/6451 8177/2/5734 8178/2/6452
f 8177/2/5734 8170/2/5727 8171/2/6446
f 8179/2/6453 8170/2/5727 8177/2/5734
f 8179/2/6453 8177/2/5734 8176/2/6451
f 8179/2/6453 8176/2/6451 8180/2/6454
f 8181/2/6455 8179/2/6453 8180/2/6454
f 8178/2/6452 8177/2/5734 8171/2/6446
f 8182/2/5739 8183/2/5740 8184/2/5741
f 8185/2/5742 8183/2/5740 8182/2/5739
f 8186/2/6456 8185/2/5742 8182/2/5739
f 8187/2/6457 8188/2/5745 8189/2/5746
f 8189/2/5746 8190/2/5747 8187/2/6457
f 8191/2/5748 8192/2/5749 8193/2/6458
f 8192/2/5749 8188/2/5745 8193/2/6458
f 8194/2/5751 8190/2/5747 8189/2/5746
f 8188/2/5745 8192/2/5749 8195/2/5752
f 8194/2/5751 8189/2/5746 8188/2/5745
f 8195/2/5752 8194/2/5751 8188/2/5745
f 8196/2/5753 8197/2/5754 8198/2/5755
f 8185/2/5742 8199/2/5756 8183/2/5740
f 8190/2/5747 8186/2/6456 8182/2/5739
f 8200/2/6459 8190/2/5747 8201/2/5758
f 8200/2/6459 8186/2/6456 8190/2/5747
f 8202/2/5759 8201/2/5758 8190/2/5747
f 8203/2/5760 8192/2/5749 8191/2/5748
f 8191/2/5748 8198/2/5755 8204/2/5761
f 8205/2/5762 8190/2/5747 8194/2/5751
f 8192/2/5749 8203/2/5760 8195/2/5752
f 8205/2/5762 8194/2/5751 8195/2/5752
f 8206/2/6460 8205/2/5762 8195/2/5752
f 8195/2/5752 8203/2/5760 8206/2/6460
f 8202/2/5759 8190/2/5747 8205/2/5762
f 8207/2/6461 8205/2/5762 8206/2/6460
f 8207/2/6461 8202/2/5759 8205/2/5762
f 8208/2/5765 8191/2/5748 8204/2/5761
f 8209/2/5766 8206/2/6460 8203/2/5760
f 8208/2/5765 8203/2/5760 8191/2/5748
f 8208/2/5765 8209/2/5766 8203/2/5760
f 8209/2/5766 8202/2/5759 8207/2/6461
f 8209/2/5766 8207/2/6461 8206/2/6460
f 8197/2/5754 8204/2/5761 8198/2/5755
f 8201/2/5758 8202/2/5759 8210/2/6462
f 8211/2/5768 8210/2/6462 8202/2/5759
f 8209/2/5766 8211/2/5768 8202/2/5759
f 8212/2/5769 8208/2/5765 8204/2/5761
f 8213/2/5770 8214/2/5771 8215/2/5772
f 8213/2/5770 8216/2/5773 8214/2/5771
f 8217/2/5774 8215/2/5772 8218/2/5775
f 8218/2/5775 8219/2/5776 8220/2/5777
f 8218/2/5775 8220/2/5777 8221/2/6463
f 8221/2/6463 8217/2/5774 8218/2/5775
f 8213/2/5770 8215/2/5772 8217/2/5774
f 8219/2/5776 8222/2/5779 8220/2/5777
f 8223/2/5780 8217/2/5774 8221/2/6463
f 8224/2/5781 8223/2/5780 8221/2/6463
f 8224/2/5781 8225/2/5782 8223/2/5780
f 8226/2/5783 8225/2/5782 8224/2/5781
f 8227/2/6464 8228/2/5785 8229/2/5786
f 8228/2/5785 8230/2/5787 8229/2/5786
f 8225/2/5782 8226/2/5783 8227/2/6464
f 8228/2/5785 8227/2/6464 8226/2/5783
f 8229/2/5786 8230/2/5787 8231/2/5788
f 8232/2/6465 8231/2/5788 8230/2/5787
f 8232/2/6465 8230/2/5787 8233/2/6466
f 8234/2/5791 8235/2/6467 8232/2/6465
f 8236/2/5793 8237/2/6468 8238/2/5795
f 8237/2/6468 8239/2/6469 8238/2/5795
f 8233/2/6466 8234/2/5791 8232/2/6465
f 8240/2/5797 8241/2/5798 8242/2/6470
f 8242/2/6470 8243/2/5800 8240/2/5797
f 8244/2/5801 8234/2/5791 8233/2/6466
f 8233/2/6466 8230/2/5787 8244/2/5801
f 8241/2/5798 8245/2/5802 8242/2/6470
f 8246/2/6471 8237/2/6468 8236/2/5793
f 8246/2/6471 8236/2/5793 8235/2/6467
f 8246/2/6471 8235/2/6467 8234/2/5791
f 8247/2/5804 8243/2/5800 8242/2/6470
f 8230/2/5787 8243/2/5800 8248/2/5805
f 8248/2/5805 8243/2/5800 8247/2/5804
f 8244/2/5801 8230/2/5787 8248/2/5805
f 8247/2/5804 8249/2/5806 8248/2/5805
f 8250/2/5807 8234/2/5791 8251/2/5808
f 8251/2/5808 8234/2/5791 8244/2/5801
f 8251/2/5808 8252/2/5809 8253/2/5810
f 8251/2/5808 8253/2/5810 8250/2/5807
f 8254/2/5811 8252/2/5809 8251/2/5808
f 8255/2/5812 8252/2/5809 8256/2/5813
f 8257/2/5814 8258/2/5815 8259/2/5816
f 8258/2/5815 8260/2/6472 8261/2/5818
f 8256/2/5813 8252/2/5809 8254/2/5811
f 8262/2/5819 8263/2/5820 8264/2/5821
f 8259/2/5816 8255/2/5812 8265/2/6473
f 8265/2/6473 8255/2/5812 8256/2/5813
f 8263/2/5820 8262/2/5819 8266/2/6474
f 8267/2/6475 8263/2/5820 8266/2/6474
f 8268/2/6476 8267/2/6475 8266/2/6474
f 8260/2/6472 8258/2/5815 8269/2/5826
f 8257/2/5814 8270/2/5827 8258/2/5815
f 8269/2/5826 8258/2/5815 8271/2/5828
f 8272/2/5829 8265/2/6473 8263/2/5820
f 8270/2/5827 8271/2/5828 8258/2/5815
f 8273/2/5830 8269/2/5826 8271/2/5828
f 8267/2/6475 8272/2/5829 8263/2/5820
f 8265/2/6473 8257/2/5814 8259/2/5816
f 8274/2/5831 8275/2/5832 8276/2/5833
f 8277/2/5834 8278/2/5835 8268/2/6476
f 8279/2/5836 8257/2/5814 8265/2/6473
f 8265/2/6473 8272/2/5829 8279/2/5836
f 8268/2/6476 8278/2/5835 8267/2/6475
f 8280/2/5837 8281/2/5838 8257/2/5814
f 8279/2/5836 8280/2/5837 8257/2/5814
f 8282/2/6477 8283/2/5840 8284/2/5841
f 8285/2/5842 8283/2/5840 8282/2/6477
f 8282/2/6477 8284/2/5841 8281/2/5838
f 8282/2/6477 8281/2/5838 8280/2/5837
f 8286/2/5843 8283/2/5840 8285/2/5842
f 8287/2/5844 8286/2/5843 8288/2/6478
f 8286/2/5843 8285/2/5842 8288/2/6478
f 8276/2/5833 8287/2/5844 8288/2/6478
f 8275/2/5832 8289/2/5846 8290/2/5847
f 8289/2/5846 8275/2/5832 8274/2/5831
f 8291/2/6479 8276/2/5833 8288/2/6478
f 8288/2/6478 8292/2/5849 8291/2/6479
f 8274/2/5831 8276/2/5833 8291/2/6479
f 8291/2/6479 8292/2/5849 8293/2/5850
f 8294/2/5851 8295/2/5852 8296/2/6480
f 8297/2/5854 8295/2/5852 8294/2/5851
f 8298/2/5855 8297/2/5854 8294/2/5851
f 8299/2/6481 8300/2/5857 8301/2/6482
f 8302/2/5859 8303/2/5860 8304/2/5861
f 8305/2/5862 8299/2/6481 8301/2/6482
f 8305/2/5862 8306/2/5863 8299/2/6481
f 8307/2/5864 8308/2/5865 8309/2/5866
f 8310/2/5867 8296/2/6480 8307/2/5864
f 8311/2/6483 8298/2/5855 8294/2/5851
f 8309/2/5866 8308/2/5865 8306/2/5863
f 8312/2/5869 8302/2/5859 8304/2/5861
f 8313/2/5870 8309/2/5866 8306/2/5863
f 8314/2/5871 8303/2/5860 8315/2/5872
f 8307/2/5864 8309/2/5866 8313/2/5870
f 8310/2/5867 8294/2/5851 8296/2/6480
f 8316/2/5873 8311/2/6483 8294/2/5851
f 8304/2/5861 8303/2/5860 8314/2/5871
f 8317/2/5874 8310/2/5867 8307/2/5864
f 8318/2/5875 8306/2/5863 8305/2/5862
f 8313/2/5870 8306/2/5863 8318/2/5875
f 8317/2/5874 8307/2/5864 8313/2/5870
f 8319/2/5876 8320/2/5877 8313/2/5870
f 8321/2/5878 8322/2/5879 8320/2/5877
f 8319/2/5876 8321/2/5878 8320/2/5877
f 8323/2/5880 8324/2/5881 8325/2/5882
f 8326/2/5883 8327/2/6484 8328/2/6485
f 8329/2/5886 8324/2/5881 8327/2/6484
f 8326/2/5883 8330/2/5887 8327/2/6484
f 8331/2/6486 8328/2/6485 8332/2/5889
f 8332/2/5889 8328/2/6485 8333/2/5890
f 8334/2/5891 8335/2/5892 8336/2/5893
f 8337/2/5894 8332/2/5889 8333/2/5890
f 8338/2/5895 8339/2/5896 8340/2/6487
f 8341/2/5898 8342/2/5899 8343/2/6488
f 8341/2/5898 8344/2/5901 8342/2/5899
f 8338/2/5895 8344/2/5901 8341/2/5898
f 8340/2/6487 8345/2/5902 8346/2/5903
f 8341/2/5898 8339/2/5896 8338/2/5895
f 8347/2/5904 8348/2/5905 8349/2/5906
f 8350/2/5907 8347/2/5904 8349/2/5906
f 8351/2/5908 8352/2/6489 8340/2/6487
f 8350/2/5907 8349/2/5906 8352/2/6489
f 8351/2/5908 8340/2/6487 8346/2/5903
f 8353/2/5910 8354/2/6490 8355/2/5912
f 8354/2/6490 8353/2/5910 8356/2/5913
f 8355/2/5912 8342/2/5899 8344/2/5901
f 8357/2/5914 8355/2/5912 8354/2/6490
f 8358/2/6491 8359/2/5916 8360/2/6492
f 8361/2/5918 8360/2/6492 8359/2/5916
f 8362/2/5919 8315/2/5872 8363/2/5920
f 8364/2/5921 8331/2/6486 8332/2/5889
f 8329/2/5886 8327/2/6484 8330/2/5887
f 8314/2/5871 8315/2/5872 8362/2/5919
f 8363/2/5920 8365/2/5922 8362/2/5919
f 8365/2/5922 8363/2/5920 8323/2/5880
f 8366/2/5923 8331/2/6486 8364/2/5921
f 8329/2/5886 8325/2/5882 8324/2/5881
f 8367/2/5924 8337/2/5894 8333/2/5890
f 8368/2/6493 8336/2/5893 8335/2/5892
f 8337/2/5894 8364/2/5921 8332/2/5889
f 8369/2/5926 8364/2/5921 8337/2/5894
f 8370/2/5927 8334/2/5891 8348/2/5905
f 8366/2/5923 8364/2/5921 8369/2/5926
f 8347/2/5904 8370/2/5927 8348/2/5905
f 8337/2/5894 8366/2/5923 8369/2/5926
f 8370/2/5927 8335/2/5892 8334/2/5891
f 8343/2/6488 8339/2/5896 8341/2/5898
f 8351/2/5908 8350/2/5907 8352/2/6489
f 8355/2/5912 8357/2/5914 8342/2/5899
f 8371/2/5928 8354/2/6490 8356/2/5913
f 8354/2/6490 8371/2/5928 8372/2/5929
f 8373/2/5930 8358/2/6491 8360/2/6492
f 8358/2/6491 8373/2/5930 8372/2/5929
f 8323/2/5880 8325/2/5882 8365/2/5922
f 8326/2/5883 8328/2/6485 8331/2/6486
f 8366/2/5923 8326/2/5883 8331/2/6486
f 8374/2/5931 8314/2/5871 8362/2/5919
f 8375/2/5932 8314/2/5871 8374/2/5931
f 8376/2/6494 8377/2/5934 8378/2/5935
f 8378/2/5935 8377/2/5934 8374/2/5931
f 8374/2/5931 8377/2/5934 8375/2/5932
f 8379/2/5936 8366/2/5923 8337/2/5894
f 8368/2/6493 8335/2/5892 8367/2/5924
f 8337/2/5894 8367/2/5924 8379/2/5936
f 8379/2/5936 8367/2/5924 8366/2/5923
f 8380/2/5937 8366/2/5923 8367/2/5924
f 8381/2/5938 8382/2/6495 8367/2/5924
f 8382/2/6495 8380/2/5937 8367/2/5924
f 8383/2/5940 8345/2/5902 8339/2/5896
f 8383/2/5940 8339/2/5896 8343/2/6488
f 8384/2/5941 8343/2/6488 8342/2/5899
f 8383/2/5940 8343/2/6488 8384/2/5941
f 8385/2/5942 8383/2/5940 8384/2/5941
f 8386/2/5943 8387/2/6496 8388/2/5945
f 8389/2/5946 8347/2/5904 8350/2/5907
f 8390/2/6497 8388/2/5945 8389/2/5946
f 8390/2/6497 8350/2/5907 8351/2/5908
f 8390/2/6497 8351/2/5908 8346/2/5903
f 8390/2/6497 8389/2/5946 8350/2/5907
f 8346/2/5903 8388/2/5945 8390/2/6497
f 8386/2/5943 8388/2/5945 8346/2/5903
f 8361/2/5918 8391/2/6498 8360/2/6492
f 8342/2/5899 8357/2/5914 8384/2/5941
f 8313/2/5870 8320/2/5877 8317/2/5874
f 8372/2/5929 8371/2/5928 8358/2/6491
f 8358/2/6491 8371/2/5928 8359/2/5916
f 8359/2/5916 8371/2/5928 8356/2/5913
f 8340/2/6487 8339/2/5896 8345/2/5902
f 8333/2/5890 8368/2/6493 8367/2/5924
f 8392/2/5949 8393/2/6499 8394/2/6500
f 8395/2/6501 8396/2/5953 8393/2/6499
f 8397/2/5954 8398/2/5955 8399/2/5956
f 8397/2/5954 8399/2/5956 8400/2/6502
f 8401/2/5958 8402/2/5959 8403/2/5960
f 8404/2/6503 8405/2/5962 8406/2/5963
f 8407/2/5964 8408/2/5965 8409/2/5966
f 8407/2/5964 8409/2/5966 8400/2/6502
f 8408/2/5965 8394/2/6500 8409/2/5966
f 8410/2/6504 8393/2/6499 8392/2/5949
f 8410/2/6504 8395/2/6501 8393/2/6499
f 8408/2/5965 8392/2/5949 8394/2/6500
f 8411/2/6505 8405/2/5962 8404/2/6503
f 8406/2/5963 8405/2/5962 8412/2/5969
f 8406/2/5963 8412/2/5969 8400/2/6502
f 8411/2/6505 8404/2/6503 8413/2/5970
f 8411/2/6505 8413/2/5970 8414/2/6506
f 8411/2/6505 8414/2/6506 8415/2/5972
f 8414/2/6506 8401/2/5958 8416/2/5973
f 8410/2/6504 8417/2/5974 8395/2/6501
f 8407/2/5964 8400/2/6502 8412/2/5969
f 8415/2/5972 8414/2/6506 8416/2/5973
f 8418/2/6507 8419/2/6508 8420/2/6509
f 8402/2/5959 8421/2/5978 8403/2/5960
f 8403/2/5960 8421/2/5978 8422/2/5979
f 8423/2/6510 8419/2/6508 8418/2/6507
f 8424/2/5981 8401/2/5958 8403/2/5960
f 8425/2/5982 8426/2/6511 8427/2/5984
f 8424/2/5981 8416/2/5973 8401/2/5958
f 8428/2/5985 8424/2/5981 8429/2/5986
f 8416/2/5973 8424/2/5981 8428/2/5985
f 8430/2/5987 8423/2/6510 8418/2/6507
f 8430/2/5987 8431/2/5988 8423/2/6510
f 8432/2/5989 8433/2/6512 8434/2/5991
f 8432/2/5989 8434/2/5991 8435/2/5992
f 8436/2/5993 8432/2/5989 8435/2/5992
f 8436/2/5993 8435/2/5992 8437/2/5994
f 8438/2/6513 8431/2/5988 8430/2/5987
f 8439/2/5996 8431/2/5988 8438/2/6513
f 8440/2/6514 8441/2/6515 8442/2/5999
f 8443/2/6000 8441/2/6515 8440/2/6514
f 8444/2/6001 8441/2/6515 8445/2/6002
f 8445/2/6002 8441/2/6515 8443/2/6000
f 8446/2/6003 8437/2/5994 8435/2/5992
f 8442/2/5999 8443/2/6000 8440/2/6514
f 8447/2/6516 8448/2/6005 8446/2/6003
f 8448/2/6005 8449/2/6517 8446/2/6003
f 8446/2/6003 8449/2/6517 8437/2/5994
f 8448/2/6005 8447/2/6516 8450/2/6007
f 8451/2/6518 8452/2/6009 8453/2/6519
f 8454/2/6011 8455/2/6012 8456/2/6013
f 8451/2/6518 8457/2/6014 8452/2/6009
f 8457/2/6014 8454/2/6011 8452/2/6009
f 8425/2/5982 8427/2/5984 8458/2/6015
f 8459/2/6016 8425/2/5982 8458/2/6015
f 8460/2/6017 8426/2/6511 8425/2/5982
f 8459/2/6016 8458/2/6015 8439/2/5996
f 8439/2/5996 8458/2/6015 8431/2/5988
f 8461/2/6018 8428/2/5985 8429/2/5986
f 8461/2/6018 8429/2/5986 8462/2/6520
f 8463/2/6020 8433/2/6512 8464/2/6021
f 8465/2/6521 8433/2/6512 8432/2/5989
f 8436/2/5993 8465/2/6521 8432/2/5989
f 8466/2/6023 8436/2/5993 8437/2/5994
f 8466/2/6023 8465/2/6521 8436/2/5993
f 8445/2/6002 8467/2/6522 8444/2/6001
f 8447/2/6516 8444/2/6001 8467/2/6522
f 8447/2/6516 8467/2/6522 8468/2/6025
f 8466/2/6023 8437/2/5994 8469/2/6026
f 8450/2/6007 8449/2/6517 8448/2/6005
f 8468/2/6025 8450/2/6007 8447/2/6516
f 8469/2/6026 8437/2/5994 8449/2/6517
f 8470/2/6027 8457/2/6014 8451/2/6518
f 8471/2/6028 8451/2/6518 8472/2/6029
f 8470/2/6027 8451/2/6518 8471/2/6028
f 8473/2/6030 8442/2/5999 8456/2/6013
f 8473/2/6030 8443/2/6000 8442/2/5999
f 8473/2/6030 8456/2/6013 8455/2/6012
f 8455/2/6012 8454/2/6011 8457/2/6014
f 8474/2/6031 8473/2/6030 8455/2/6012
f 8471/2/6028 8472/2/6029 8475/2/6032
f 8460/2/6017 8462/2/6520 8426/2/6511
f 8476/2/6033 8433/2/6512 8465/2/6521
f 8465/2/6521 8477/2/6034 8476/2/6033
f 8438/2/6513 8430/2/5987 8463/2/6020
f 8477/2/6034 8465/2/6521 8478/2/6523
f 8438/2/6513 8459/2/6016 8439/2/5996
f 8433/2/6512 8476/2/6033 8464/2/6021
f 8438/2/6513 8463/2/6020 8464/2/6021
f 8478/2/6523 8466/2/6023 8469/2/6026
f 8478/2/6523 8465/2/6521 8466/2/6023
f 8469/2/6026 8449/2/6517 8450/2/6007
f 8479/2/6524 8457/2/6014 8470/2/6027
f 8479/2/6524 8455/2/6012 8457/2/6014
f 8474/2/6031 8455/2/6012 8479/2/6524
f 8409/2/5966 8397/2/5954 8400/2/6502
f 8461/2/6018 8462/2/6520 8460/2/6017
f 8480/2/6037 8481/2/6038 8482/2/6039
f 8483/2/6525 8484/2/6041 8485/2/6042
f 8483/2/6525 8486/2/6043 8484/2/6041
f 8486/2/6043 8483/2/6525 8487/2/6044
f 8486/2/6043 8480/2/6037 8488/2/6526
f 8486/2/6043 8487/2/6044 8480/2/6037
f 8488/2/6526 8480/2/6037 8482/2/6039
f 8482/2/6039 8489/2/6046 8490/2/6047
f 8482/2/6039 8481/2/6038 8489/2/6046
f 8491/2/6527 8492/2/6049 8493/2/6528
f 8494/2/6051 8495/2/6052 8496/2/6053
f 8494/2/6051 8496/2/6053 8497/2/6054
f 8494/2/6051 8493/2/6528 8495/2/6052
f 8494/2/6051 8498/2/6055 8493/2/6528
f 8498/2/6055 8491/2/6527 8493/2/6528
f 8492/2/6049 8499/2/6056 8500/2/6057
f 8492/2/6049 8491/2/6527 8499/2/6056
f 8499/2/6056 8501/2/6058 8500/2/6057
f 8499/2/6056 8502/2/6059 8501/2/6058
f 8503/2/6060 8504/2/6061 8505/2/6529
f 8506/2/6063 8507/2/6530 8508/2/6065
f 8506/2/6063 8508/2/6065 8509/2/6066
f 8507/2/6530 8506/2/6063 8510/2/6067
f 8510/2/6067 8503/2/6060 8507/2/6530
f 8510/2/6067 8511/2/6068 8503/2/6060
f 8503/2/6060 8511/2/6068 8504/2/6061
f 8504/2/6061 8512/2/6069 8505/2/6529
f 8504/2/6061 8513/2/6070 8512/2/6069
f 8514/2/6071 8515/2/6072 8516/2/6073
f 8517/2/6074 8518/2/6075 8519/2/6076
f 8515/2/6072 8520/2/6077 8521/2/6078
f 8518/2/6075 8517/2/6074 8522/2/6079
f 8514/2/6071 8520/2/6077 8515/2/6072
f 8517/2/6074 8523/2/6080 8522/2/6079
f 8523/2/6080 8514/2/6071 8522/2/6079
f 8514/2/6071 8523/2/6080 8524/2/6081
f 8517/2/6074 8519/2/6076 8525/2/6531
f 8524/2/6081 8520/2/6077 8514/2/6071
f 8526/2/6532 8527/2/6084 8528/2/6085
f 8526/2/6532 8528/2/6085 8529/2/6086
f 8526/2/6532 8529/2/6086 8530/2/6087
f 8530/2/6087 8529/2/6086 8531/2/6088
f 8532/2/6533 8530/2/6087 8531/2/6088
f 8533/2/6534 8532/2/6533 8531/2/6088
f 8534/2/6535 8532/2/6533 8533/2/6534
f 8535/2/6092 8536/2/6093 8537/2/6094
f 8538/2/6095 8539/2/6096 8536/2/6093
f 8540/2/6097 8536/2/6093 8535/2/6092
f 8541/2/6098 8542/2/6099 8543/2/6100
f 8544/2/6101 8545/2/6102 8546/2/6103
f 8540/2/6097 8538/2/6095 8536/2/6093
f 8547/2/6104 8537/2/6094 8532/2/6533
f 8547/2/6104 8535/2/6092 8537/2/6094
f 8548/2/6105 8541/2/6098 8543/2/6100
f 8545/2/6102 8549/2/6106 8546/2/6103
f 8550/2/6107 8534/2/6535 8533/2/6534
f 8544/2/6101 8550/2/6107 8533/2/6534
f 8551/2/6108 8549/2/6106 8545/2/6102
f 8547/2/6104 8532/2/6533 8534/2/6535
f 8544/2/6101 8546/2/6103 8550/2/6107
f 8552/2/6536 8553/2/6110 8554/2/6537
f 8555/2/6112 8541/2/6098 8548/2/6105
f 8550/2/6107 8554/2/6537 8534/2/6535
f 8556/2/6113 8554/2/6537 8550/2/6107
f 8557/2/6114 8553/2/6110 8552/2/6536
f 8557/2/6114 8552/2/6536 8558/2/6115
f 8556/2/6113 8552/2/6536 8554/2/6537
f 8559/2/6116 8560/2/6117 8561/2/6118
f 8561/2/6118 8557/2/6114 8562/2/6119
f 8562/2/6119 8557/2/6114 8558/2/6115
f 8561/2/6118 8562/2/6119 8559/2/6116
f 8563/2/6120 8564/2/6121 8560/2/6117
f 8563/2/6120 8560/2/6117 8559/2/6116
f 8565/2/6122 8564/2/6121 8563/2/6120
f 8566/2/6538 8567/2/6124 8568/2/6125
f 8566/2/6538 8568/2/6125 8569/2/6126
f 8570/2/6127 8567/2/6124 8571/2/6539
f 8572/2/6129 8573/2/6540 8574/2/6541
f 8575/2/6132 8573/2/6540 8572/2/6129
f 8576/2/6133 8573/2/6540 8575/2/6132
f 8577/2/6134 8578/2/6542 8579/2/6136
f 8580/2/6137 8566/2/6538 8569/2/6126
f 8573/2/6540 8581/2/6543 8578/2/6542
f 8578/2/6542 8581/2/6543 8582/2/6544
f 8579/2/6136 8578/2/6542 8582/2/6544
f 8583/2/6140 8569/2/6126 8564/2/6121
f 8565/2/6122 8583/2/6140 8564/2/6121
f 8584/2/6141 8571/2/6539 8567/2/6124
f 8584/2/6141 8567/2/6124 8566/2/6538
f 8580/2/6137 8569/2/6126 8583/2/6140
f 8585/2/6142 8577/2/6134 8579/2/6136
f 8585/2/6142 8563/2/6120 8577/2/6134
f 8563/2/6120 8585/2/6142 8565/2/6122
f 8585/2/6142 8583/2/6140 8565/2/6122
f 8586/2/6143 8587/2/6144 8585/2/6142
f 8587/2/6144 8583/2/6140 8585/2/6142
f 8588/2/6545 8589/2/6546 8586/2/6143
f 8586/2/6143 8589/2/6546 8587/2/6144
f 8590/2/6147 8591/2/6148 8592/2/6547
f 8588/2/6545 8592/2/6547 8589/2/6546
f 8590/2/6147 8592/2/6547 8588/2/6545
f 8551/2/6108 8545/2/6102 8593/2/6150
f 8582/2/6544 8594/2/6548 8595/2/6152
f 8581/2/6543 8594/2/6548 8582/2/6544
f 8581/2/6543 8596/2/6153 8594/2/6548
f 8581/2/6543 8576/2/6133 8596/2/6153
f 8581/2/6543 8573/2/6540 8576/2/6133
f 8597/2/6154 8598/2/6155 8599/2/6549
f 8600/2/6550 8601/2/6158 8602/2/6159
f 8599/2/6549 8603/2/6551 8602/2/6159
f 8599/2/6549 8598/2/6155 8604/2/6161
f 8604/2/6161 8605/2/6162 8599/2/6549
f 8606/2/6163 8607/2/6552 8608/2/6553
f 8609/2/6554 8610/2/6167 8605/2/6162
f 8609/2/6554 8605/2/6162 8604/2/6161
f 8611/2/6168 8608/2/6553 8612/2/6555
f 8610/2/6167 8599/2/6549 8605/2/6162
f 8613/2/6556 8614/2/6557 8615/2/6558
f 8612/2/6555 8613/2/6556 8615/2/6558
f 8616/2/6173 8617/2/6559 8618/2/6175
f 8619/2/6176 8620/2/6560 8621/2/6178
f 8622/2/6179 8612/2/6555 8615/2/6558
f 8623/2/6180 8622/2/6179 8621/2/6178
f 8617/2/6559 8624/2/6181 8618/2/6175
f 8625/2/6561 8626/2/6183 8627/2/6562
f 8628/2/6185 8626/2/6183 8625/2/6561
f 8629/2/6563 8626/2/6183 8628/2/6185
f 8629/2/6563 8630/2/6187 8626/2/6183
f 8631/2/6188 8616/2/6173 8618/2/6175
f 8632/2/6189 8633/2/6190 8618/2/6175
f 8618/2/6175 8630/2/6187 8632/2/6189
f 8634/2/6564 8635/2/6192 8636/2/6193
f 8635/2/6192 8637/2/6194 8638/2/6195
f 8638/2/6195 8637/2/6194 8639/2/6565
f 8640/2/6197 8638/2/6195 8639/2/6565
f 8641/2/6198 8634/2/6564 8636/2/6193
f 8640/2/6197 8625/2/6561 8627/2/6562
f 8640/2/6197 8642/2/6566 8625/2/6561
f 8643/2/6200 8644/2/6201 8645/2/6202
f 8644/2/6201 8646/2/6203 8645/2/6202
f 8647/2/6204 8641/2/6198 8648/2/6205
f 8644/2/6201 8649/2/6206 8646/2/6203
f 8650/2/6207 8641/2/6198 8647/2/6204
f 8649/2/6206 8648/2/6205 8646/2/6203
f 8651/2/6208 8652/2/6567 8643/2/6200
f 8652/2/6567 8653/2/6210 8643/2/6200
f 8602/2/6159 8654/2/6211 8600/2/6550
f 8603/2/6551 8599/2/6549 8610/2/6167
f 8655/2/6212 8602/2/6159 8603/2/6551
f 8654/2/6211 8602/2/6159 8655/2/6212
f 8656/2/6213 8608/2/6553 8611/2/6168
f 8656/2/6213 8606/2/6163 8608/2/6553
f 8607/2/6552 8606/2/6163 8604/2/6161
f 8604/2/6161 8606/2/6163 8609/2/6554
f 8657/2/6568 8610/2/6167 8609/2/6554
f 8609/2/6554 8658/2/6215 8657/2/6568
f 8659/2/6216 8657/2/6568 8658/2/6215
f 8660/2/6217 8612/2/6555 8622/2/6179
f 8660/2/6217 8622/2/6179 8623/2/6180
f 8621/2/6178 8620/2/6560 8661/2/6218
f 8662/2/6219 8620/2/6560 8619/2/6176
f 8662/2/6219 8619/2/6176 8663/2/6569
f 8662/2/6219 8663/2/6569 8616/2/6173
f 8631/2/6188 8662/2/6219 8616/2/6173
f 8623/2/6180 8621/2/6178 8661/2/6218
f 8664/2/6221 8660/2/6217 8623/2/6180
f 8664/2/6221 8665/2/6222 8666/2/6223
f 8665/2/6222 8664/2/6221 8623/2/6180
f 8631/2/6188 8618/2/6175 8633/2/6190
f 8642/2/6566 8628/2/6185 8625/2/6561
f 8630/2/6187 8629/2/6563 8632/2/6189
f 8667/2/6570 8668/2/6225 8631/2/6188
f 8633/2/6190 8667/2/6570 8631/2/6188
f 8637/2/6194 8635/2/6192 8634/2/6564
f 8669/2/6571 8670/2/6227 8671/2/6572
f 8672/2/6229 8669/2/6571 8671/2/6572
f 8639/2/6565 8672/2/6229 8671/2/6572
f 8639/2/6565 8637/2/6194 8672/2/6229
f 8634/2/6564 8641/2/6198 8650/2/6207
f 8673/2/6230 8640/2/6197 8639/2/6565
f 8642/2/6566 8640/2/6197 8673/2/6230
f 8671/2/6572 8642/2/6566 8673/2/6230
f 8639/2/6565 8671/2/6572 8673/2/6230
f 8650/2/6207 8637/2/6194 8634/2/6564
f 8653/2/6210 8644/2/6201 8643/2/6200
f 8649/2/6206 8674/2/6231 8648/2/6205
f 8647/2/6204 8648/2/6205 8674/2/6231
f 8611/2/6168 8612/2/6555 8660/2/6217
f 8675/2/6232 8676/2/6573 8677/2/6574
f 8678/2/6235 8676/2/6573 8675/2/6232
f 8675/2/6232 8677/2/6574 8679/2/6236
f 8679/2/6236 8680/2/6237 8681/2/6575
f 8681/2/6575 8680/2/6237 8682/2/6239
f 8683/2/6240 8680/2/6237 8684/2/6241
f 8677/2/6574 8680/2/6237 8679/2/6236
f 8682/2/6239 8680/2/6237 8685/2/6576
f 8683/2/6240 8686/2/6577 8687/2/6244
f 8684/2/6241 8680/2/6237 8688/2/6245
f 8684/2/6241 8688/2/6245 8689/2/6246
f 8684/2/6241 8689/2/6246 8690/2/6578
f 8691/2/6248 8684/2/6241 8690/2/6578
f 8683/2/6240 8684/2/6241 8691/2/6248
f 8683/2/6240 8685/2/6576 8680/2/6237
f 8692/2/6579 8683/2/6240 8691/2/6248
f 8686/2/6577 8683/2/6240 8692/2/6579
f 8692/2/6579 8691/2/6248 8693/2/6250
f 8693/2/6250 8691/2/6248 8694/2/6251
f 8691/2/6248 8690/2/6578 8695/2/6580
f 8691/2/6248 8696/2/6253 8694/2/6251
f 8691/2/6248 8695/2/6580 8696/2/6253
f 8694/2/6251 8696/2/6253 8697/2/6581
f 8690/2/6578 8689/2/6246 8698/2/6582
f 8699/2/6583 8690/2/6578 8700/2/6257
f 8690/2/6578 8699/2/6583 8701/2/6258
f 8695/2/6580 8690/2/6578 8702/2/6259
f 8702/2/6259 8690/2/6578 8701/2/6258
f 8703/2/6584 8701/2/6258 8704/2/6585
f 8704/2/6585 8701/2/6258 8705/2/6262
f 8706/2/6263 8702/2/6259 8701/2/6258
f 8701/2/6258 8703/2/6584 8706/2/6263
f 8705/2/6262 8701/2/6258 8699/2/6583
f 8705/2/6262 8699/2/6583 8707/2/6586
f 8708/2/6265 8709/2/6266 8710/2/6267
f 8711/2/6587 8708/2/6265 8710/2/6267
f 8708/2/6265 8711/2/6587 8712/2/6269
f 8713/2/6270 8709/2/6266 8708/2/6265
f 8713/2/6270 8708/2/6265 8714/2/6588
f 8715/2/6272 8714/2/6588 8708/2/6265
f 8711/2/6587 8710/2/6267 8716/2/6589
f 8717/2/6590 8718/2/6591 8719/2/6276
f 8720/2/6592 8721/2/6593 8722/2/6279
f 8720/2/6592 8722/2/6279 8723/2/6594
f 8724/2/6595 8709/2/6266 8713/2/6270
f 8725/2/6282 8726/2/6283 8724/2/6595
f 8719/2/6276 8724/2/6595 8713/2/6270
f 8718/2/6591 8724/2/6595 8719/2/6276
f 8725/2/6282 8724/2/6595 8727/2/6284
f 8727/2/6284 8724/2/6595 8718/2/6591
f 8717/2/6590 8727/2/6284 8718/2/6591
f 8727/2/6284 8721/2/6593 8725/2/6282
f 8720/2/6592 8725/2/6282 8721/2/6593
f 8728/2/6596 8729/2/6286 8730/2/6287
f 8728/2/6596 8731/2/6289 8729/2/6286
f 8732/2/6597 8733/2/6598 8734/2/6293
f 8735/2/6599 8733/2/6598 8732/2/6597
f 8736/2/6600 8733/2/6598 8735/2/6599
f 8737/2/6296 8733/2/6598 8736/2/6600
f 8738/2/6297 8739/2/6297 8740/2/6297
f 8728/2/6596 8741/2/6601 8731/2/6289
f 8742/2/6299 8743/2/6300 8744/2/6301
f 8742/2/6299 8745/2/6302 8743/2/6300
f 8746/2/6602 8745/2/6302 8742/2/6299
f 8747/2/6603 8745/2/6302 8746/2/6602
f 8748/2/6604 8745/2/6302 8747/2/6603
f 8749/2/6306 8745/2/6302 8748/2/6604
f 8750/2/6307 8745/2/6302 8749/2/6306
f 8751/2/6605 8745/2/6302 8750/2/6307
f 8751/2/6605 8752/2/6309 8745/2/6302
f 8753/2/6310 8752/2/6309 8751/2/6605
f 8754/2/6606 8752/2/6309 8753/2/6310
f 8755/2/6607 8752/2/6309 8754/2/6606
f 8756/2/6608 8752/2/6309 8755/2/6607
f 8757/2/6609 8752/2/6309 8756/2/6608
f 8757/2/6609 8758/2/6285 8752/2/6309
f 8759/2/6315 8758/2/6285 8757/2/6609
f 8760/2/6610 8758/2/6285 8759/2/6315
f 8761/2/6317 8758/2/6285 8760/2/6610
f 8728/2/6596 8762/2/6318 8741/2/6601
f 8728/2/6596 8763/2/6319 8762/2/6318
f 8728/2/6596 8764/2/6320 8763/2/6319
f 8728/2/6596 8765/2/6611 8764/2/6320
f 8758/2/6285 8765/2/6611 8728/2/6596
f 8758/2/6285 8766/2/6322 8765/2/6611
f 8767/2/6612 8761/2/6317 8768/2/6613
f 8767/2/6612 8758/2/6285 8761/2/6317
f 8769/2/6614 8758/2/6285 8767/2/6612
f 8770/2/6326 8758/2/6285 8769/2/6614
f 8771/2/6615 8758/2/6285 8770/2/6326
f 8772/2/6616 8758/2/6285 8771/2/6615
f 8773/2/6617 8758/2/6285 8772/2/6616
f 8774/2/6618 8758/2/6285 8773/2/6617
f 8775/2/6619 8758/2/6285 8774/2/6618
f 8775/2/6619 8766/2/6322 8758/2/6285
f 8776/2/6332 8766/2/6322 8775/2/6619
f 8776/2/6332 8777/2/6333 8766/2/6322
f 8778/2/6334 8779/2/6335 8780/2/6620
f 8780/2/6620 8779/2/6335 8781/2/6621
f 8782/2/6338 8783/2/6339 8784/2/6340
f 8785/2/6622 8783/2/6339 8782/2/6338
f 8786/2/6342 8787/2/6623 8788/2/6344
f 8786/2/6342 8789/2/6624 8787/2/6623
f 8786/2/6342 8790/2/6625 8789/2/6624
f 8786/2/6342 8791/2/6347 8790/2/6625
f 8792/2/6348 8791/2/6347 8786/2/6342
f 8793/2/6349 8783/2/6339 8785/2/6622
f 8791/2/6347 8794/2/6350 8795/2/6626
f 8792/2/6348 8794/2/6350 8791/2/6347
f 8792/2/6348 8796/2/6627 8794/2/6350
f 8792/2/6348 8797/2/6353 8796/2/6627
f 8792/2/6348 8798/2/6628 8797/2/6353
f 8792/2/6348 8799/2/6629 8798/2/6628
f 8792/2/6348 8800/2/6356 8799/2/6629
f 8801/2/6357 8783/2/6339 8793/2/6349
f 8802/2/6358 8783/2/6339 8801/2/6357
f 8803/2/6630 8783/2/6339 8802/2/6358
f 8804/2/6360 8783/2/6339 8803/2/6630
f 8804/2/6360 8805/2/6361 8783/2/6339
f 8806/2/6362 8805/2/6361 8804/2/6360
f 8807/2/6363 8808/2/6364 8809/2/6365
f 8810/2/6631 8811/2/6367 8812/2/6368
f 8813/2/6632 8814/2/6633 8815/2/6634
f 8816/2/6635 8817/2/6373 8818/2/6374
f 8819/2/6636 8820/2/6376 8821/2/6377
f 8792/2/6348 8822/2/6637 8800/2/6356
f 8792/2/6348 8807/2/6363 8822/2/6637
f 8792/2/6348 8808/2/6364 8807/2/6363
f 8805/2/6361 8808/2/6364 8792/2/6348
f 8805/2/6361 8823/2/6638 8808/2/6364
f 8805/2/6361 8824/2/6380 8823/2/6638
f 8805/2/6361 8819/2/6636 8824/2/6380
f 8805/2/6361 8820/2/6376 8819/2/6636
f 8805/2/6361 8816/2/6635 8820/2/6376
f 8805/2/6361 8817/2/6373 8816/2/6635
f 8805/2/6361 8813/2/6632 8817/2/6373
f 8805/2/6361 8814/2/6633 8813/2/6632
f 8805/2/6361 8810/2/6631 8814/2/6633
f 8805/2/6361 8811/2/6367 8810/2/6631
f 8806/2/6362 8811/2/6367 8805/2/6361
f 8821/2/6377 8820/2/6376 8825/2/6639
f 8809/2/6365 8808/2/6364 8826/2/6382
f 8807/2/6363 8809/2/6365 8827/2/6383
f 8828/2/6385 8829/2/6640 8830/2/6641
f 8829/2/6640 8831/2/6642 8830/2/6641
f 8832/2/6391 8833/2/6643 8834/2/6389
f 8832/2/6391 8835/2/6390 8833/2/6643
f 8836/2/4583 8837/2/4583 8838/2/4583
f 8839/2/4582 8840/2/4582 8841/2/4582
f 8842/2/6391 8843/2/5527 8840/2/4583
f 8843/2/5527 8842/2/6391 8844/2/6393
f 8845/2/6644 8846/2/6395 8847/2/6645
f 8847/2/6645 8848/2/6397 8845/2/6644
f 8849/2/4590 8850/2/4590 8851/2/4590
f 8852/2/5533 8853/2/5533 8854/2/5533
f 8855/2/6399 8856/2/5535 8857/2/6399
f 8858/2/5536 8859/2/5536 8860/2/5536
f 8861/2/5533 8862/2/5533 8853/2/5533
f 8863/2/6646 8864/2/6401 8865/2/6402
f 8866/2/6403 8863/2/6646 8865/2/6402
f 8867/2/6647 8868/2/6648 8869/2/6649
f 8870/2/6650 8871/2/6651 8872/2/6652
f 8873/2/6653 8874/2/6654 8868/2/6648
f 8870/2/6650 8867/2/6647 8875/2/6655
f 8867/2/6647 8873/2/6653 8868/2/6648
f 8875/2/6655 8867/2/6647 8869/2/6649
f 8876/2/6656 8870/2/6650 8875/2/6655
f 8870/2/6650 8876/2/6656 8871/2/6651
f 8868/2/6648 8874/2/6654 8877/2/6657
f 8878/2/6658 8879/2/6659 8880/2/6660
f 8881/2/6661 8882/2/6662 8883/2/6663
f 8884/2/6664 8883/2/6663 8885/2/6665
f 8884/2/6664 8881/2/6661 8883/2/6663
f 8878/2/6658 8886/2/6666 8879/2/6659
f 8886/2/6666 8878/2/6658 8882/2/6662
f 8885/2/6665 8887/2/6667 8888/2/6668
f 8885/2/6665 8889/2/6669 8887/2/6667
f 8883/2/6663 8889/2/6669 8885/2/6665
f 8886/2/6666 8882/2/6662 8881/2/6661
f 8890/2/6670 8891/2/6671 8892/2/6672
f 8893/2/6673 8890/2/6670 8892/2/6672
f 8894/2/6674 8895/2/6675 8896/2/6676
f 8897/2/6677 8898/2/6678 8899/2/6679
f 8896/2/6676 8897/2/6677 8899/2/6679
f 8896/2/6676 8895/2/6675 8897/2/6677
f 8890/2/6670 8900/2/6680 8891/2/6671
f 8890/2/6670 8901/2/6681 8894/2/6674
f 8890/2/6670 8893/2/6673 8901/2/6681
f 8894/2/6674 8901/2/6681 8895/2/6675
f 8897/2/6677 8902/2/6682 8898/2/6678
f 8903/2/6683 8904/2/6684 8905/2/6685
f 8906/2/6686 8907/2/6687 8903/2/6683
f 8906/2/6686 8903/2/6683 8908/2/6688
f 8909/2/6689 8910/2/6690 8911/2/6691
f 8908/2/6688 8909/2/6689 8911/2/6691
f 8910/2/6690 8912/2/6692 8913/2/6693
f 8903/2/6683 8907/2/6687 8914/2/6694
f 8903/2/6683 8914/2/6694 8904/2/6684
f 8903/2/6683 8909/2/6689 8908/2/6688
f 8909/2/6689 8915/2/6695 8910/2/6690
f 8915/2/6695 8912/2/6692 8910/2/6690
f 8916/2/6696 8917/2/6697 8918/2/6698
f 8917/2/6697 8919/2/6699 8918/2/6698
f 8918/2/6698 8920/2/6700 8921/2/6701
f 8920/2/6700 8918/2/6698 8919/2/6699
f 8919/2/6699 8922/2/6702 8920/2/6700
f 8923/2/6703 8922/2/6702 8919/2/6699
f 8923/2/6703 8919/2/6699 8924/2/6704
f 8917/2/6697 8925/2/6705 8919/2/6699
f 8925/2/6705 8926/2/6706 8927/2/6707
f 8919/2/6699 8925/2/6705 8928/2/6708
f 8919/2/6699 8928/2/6708 8924/2/6704
f 8929/2/6709 8924/2/6704 8928/2/6708
f 8925/2/6705 8927/2/6707 8928/2/6708
f 8928/2/6708 8927/2/6707 8930/2/6710
f 8931/2/6711 8928/2/6708 8930/2/6710
f 8932/2/6712 8928/2/6708 8931/2/6711
f 8930/2/6710 8927/2/6707 8933/2/6713
f 8933/2/6713 8927/2/6707 8934/2/6714
f 8935/2/6715 8931/2/6711 8930/2/6710
f 8936/2/6716 8937/2/6717 8938/2/6718
f 8938/2/6718 8937/2/6717 8939/2/6719
f 8939/2/6719 8940/2/6720 8941/2/6721
f 8942/2/6722 8943/2/4753 8944/2/6723
f 8938/2/6718 8945/2/6724 8936/2/6716
f 8946/2/6725 8945/2/6724 8938/2/6718
f 8945/2/6724 8947/2/6726 8944/2/6723
f 8942/2/6722 8944/2/6723 8947/2/6726
f 8941/2/6721 8948/2/6727 8939/2/6719
f 8941/2/6721 8949/2/6728 8948/2/6727
f 8950/2/6729 8941/2/6721 8951/2/6730
f 8939/2/6719 8948/2/6727 8946/2/6725
f 8946/2/6725 8948/2/6727 8949/2/6728
f 8946/2/6725 8938/2/6718 8939/2/6719
f 8950/2/6729 8949/2/6728 8941/2/6721
f 8952/2/6731 8950/2/6729 8951/2/6730
f 8953/2/6732 8950/2/6729 8952/2/6731
f 8954/2/6733 8946/2/6725 8949/2/6728
f 8950/2/6729 8954/2/6733 8949/2/6728
f 8952/2/6731 8951/2/6730 8955/2/6734
f 8946/2/6725 8947/2/6726 8945/2/6724
f 8956/2/6735 8947/2/6726 8946/2/6725
f 8956/2/6735 8946/2/6725 8957/2/6736
f 8953/2/6732 8958/2/6737 8950/2/6729
f 8957/2/6736 8946/2/6725 8954/2/6733
f 8959/2/6738 8953/2/6732 8952/2/6731
f 8958/2/6737 8954/2/6733 8950/2/6729
f 8960/2/6739 8953/2/6732 8959/2/6738
f 8961/2/6740 8956/2/6735 8957/2/6736
f 8960/2/6739 8958/2/6737 8953/2/6732
f 8957/2/6736 8954/2/6733 8958/2/6737
f 8958/2/6737 8961/2/6740 8957/2/6736
f 8952/2/6731 8962/2/6741 8959/2/6738
f 8963/2/6742 8964/2/6743 8965/2/6744
f 8966/2/6745 8967/2/6746 8968/2/6747
f 8966/2/6745 8969/2/6748 8967/2/6746
f 8970/2/6749 8968/2/6747 8971/2/6750
f 8970/2/6749 8966/2/6745 8968/2/6747
f 8972/2/6751 8964/2/6743 8973/2/6752
f 8974/2/6753 8963/2/6742 8965/2/6744
f 8975/2/6754 8971/2/6750 8976/2/6755
f 8964/2/6743 8977/2/6756 8965/2/6744
f 8972/2/6751 8977/2/6756 8964/2/6743
f 8974/2/6753 8976/2/6755 8963/2/6742
f 8978/2/6757 8969/2/6748 8966/2/6745
f 8970/2/6749 8971/2/6750 8975/2/6754
f 8979/2/6758 8972/2/6751 8980/2/6759
f 8981/2/6760 8972/2/6751 8979/2/6758
f 8975/2/6754 8976/2/6755 8974/2/6753
f 8982/2/6761 8983/2/6762 8984/2/6763
f 8985/2/6764 8975/2/6754 8974/2/6753
f 8986/2/6765 8987/2/6766 8988/2/6767
f 8986/2/6765 8988/2/6767 8985/2/6764
f 8986/2/6765 8985/2/6764 8974/2/6753
f 8987/2/6766 8989/2/6768 8988/2/6767
f 8990/2/6769 8989/2/6768 8987/2/6766
f 8991/2/6770 8977/2/6756 8981/2/6760
f 8992/2/6771 8993/2/6772 8994/2/6773
f 8995/2/6774 8989/2/6768 8990/2/6769
f 8995/2/6774 8990/2/6769 8996/2/6775
f 8996/2/6775 8984/2/6763 8995/2/6774
f 8997/2/6776 8984/2/6763 8996/2/6775
f 8998/2/6777 8999/2/6778 8983/2/6762
f 9000/2/6779 8998/2/6777 8983/2/6762
f 9000/2/6779 8983/2/6762 9001/2/6780
f 9002/2/6781 8998/2/6777 9000/2/6779
f 9003/2/6782 9004/2/6783 9005/2/6784
f 8993/2/6772 9006/2/6785 9003/2/6782
f 9007/2/6786 8993/2/6772 8992/2/6771
f 9003/2/6782 9006/2/6785 9008/2/6787
f 9009/2/6788 8984/2/6763 8997/2/6776
f 9007/2/6786 9006/2/6785 8993/2/6772
f 9004/2/6783 9003/2/6782 9008/2/6787
f 9010/2/6789 9002/2/6781 9000/2/6779
f 8982/2/6761 9001/2/6780 8983/2/6762
f 9011/2/6790 8997/2/6776 9005/2/6784
f 9012/2/6791 9006/2/6785 9007/2/6786
f 9004/2/6783 9011/2/6790 9005/2/6784
f 9009/2/6788 8982/2/6761 8984/2/6763
f 9013/2/6792 9014/2/6793 9009/2/6788
f 9015/2/6794 9006/2/6785 9012/2/6791
f 9016/2/6795 9009/2/6788 8997/2/6776
f 8997/2/6776 9011/2/6790 9016/2/6795
f 9017/2/6796 9009/2/6788 9016/2/6795
f 9017/2/6796 9013/2/6792 9009/2/6788
f 9018/2/6797 9019/2/6798 9020/2/6799
f 9013/2/6792 9021/2/6800 9014/2/6793
f 9019/2/6798 9021/2/6800 9022/2/6801
f 9022/2/6801 9021/2/6800 9013/2/6792
f 9022/2/6801 9020/2/6799 9019/2/6798
f 9023/2/6802 9018/2/6797 9024/2/6803
f 9025/2/6804 9018/2/6797 9020/2/6799
f 9026/2/6805 9027/2/6806 9028/2/6807
f 9029/2/6808 9026/2/6805 9028/2/6807
f 9030/2/6809 9031/2/6810 9032/2/6811
f 9033/2/6812 9029/2/6808 9028/2/6807
f 9033/2/6812 9028/2/6807 9031/2/6810
f 9032/2/6811 9023/2/6802 9024/2/6803
f 9034/2/6813 9032/2/6811 9024/2/6803
f 9032/2/6811 9034/2/6813 9035/2/6814
f 9036/2/6815 9032/2/6811 9035/2/6814
f 9037/2/6816 9038/2/6817 9039/2/6818
f 9040/2/6819 9041/2/6820 9042/2/6821
f 9037/2/6816 9043/2/6822 9038/2/6817
f 9044/2/6823 9043/2/6822 9037/2/6816
f 9043/2/6822 9044/2/6823 9045/2/6824
f 9030/2/6809 9032/2/6811 9036/2/6815
f 9046/2/6825 9026/2/6805 9029/2/6808
f 9035/2/6814 9041/2/6820 9036/2/6815
f 9042/2/6821 9045/2/6824 9044/2/6823
f 9040/2/6819 9042/2/6821 9044/2/6823
f 9030/2/6809 9033/2/6812 9031/2/6810
f 9047/2/6826 9044/2/6823 9037/2/6816
f 9036/2/6815 9041/2/6820 9040/2/6819
f 9018/2/6797 9025/2/6804 9024/2/6803
f 8981/2/6760 8977/2/6756 8972/2/6751
f 9048/2/6827 9049/2/6828 9050/2/6829
f 9051/2/6830 9049/2/6828 9048/2/6827
f 9052/2/6831 9049/2/6828 9053/2/6832
f 9053/2/6832 9049/2/6828 9054/2/6833
f 9054/2/6833 9049/2/6828 9055/2/6834
f 9055/2/6834 9049/2/6828 9051/2/6830
f 9055/2/6834 9051/2/6830 9056/2/6835
f 9057/2/6836 9055/2/6834 9058/2/6837
f 9054/2/6833 9055/2/6834 9057/2/6836
f 9059/2/6838 9060/2/6839 9061/2/6840
f 9060/2/6839 9053/2/6832 9054/2/6833
f 9062/2/6841 9053/2/6832 9060/2/6839
f 9062/2/6841 9060/2/6839 9059/2/6838
f 9062/2/6841 9059/2/6838 9063/2/6842
f 9064/2/6843 9062/2/6841 9063/2/6842
f 9061/2/6840 9060/2/6839 9054/2/6833
f 9065/2/6844 9066/2/6845 9067/2/6846
f 9068/2/6847 9066/2/6845 9065/2/6844
f 9069/2/6848 9068/2/6847 9065/2/6844
f 9070/2/6849 9071/2/6850 9072/2/6851
f 9072/2/6851 9073/2/6852 9070/2/6849
f 9074/2/6853 9075/2/6854 9076/2/6855
f 9075/2/6854 9071/2/6850 9076/2/6855
f 9077/2/6856 9073/2/6852 9072/2/6851
f 9071/2/6850 9075/2/6854 9078/2/6857
f 9077/2/6856 9072/2/6851 9071/2/6850
f 9078/2/6857 9077/2/6856 9071/2/6850
f 9079/2/6858 9080/2/6859 9081/2/6860
f 9068/2/6847 9082/2/6861 9066/2/6845
f 9073/2/6852 9069/2/6848 9065/2/6844
f 9083/2/6862 9073/2/6852 9084/2/6863
f 9083/2/6862 9069/2/6848 9073/2/6852
f 9085/2/6864 9084/2/6863 9073/2/6852
f 9086/2/6865 9075/2/6854 9074/2/6853
f 9074/2/6853 9081/2/6860 9087/2/6866
f 9088/2/6867 9073/2/6852 9077/2/6856
f 9075/2/6854 9086/2/6865 9078/2/6857
f 9088/2/6867 9077/2/6856 9078/2/6857
f 9089/2/6868 9088/2/6867 9078/2/6857
f 9078/2/6857 9086/2/6865 9089/2/6868
f 9085/2/6864 9073/2/6852 9088/2/6867
f 9090/2/6869 9088/2/6867 9089/2/6868
f 9090/2/6869 9085/2/6864 9088/2/6867
f 9091/2/6870 9074/2/6853 9087/2/6866
f 9092/2/6871 9089/2/6868 9086/2/6865
f 9091/2/6870 9086/2/6865 9074/2/6853
f 9091/2/6870 9092/2/6871 9086/2/6865
f 9092/2/6871 9085/2/6864 9090/2/6869
f 9092/2/6871 9090/2/6869 9089/2/6868
f 9080/2/6859 9087/2/6866 9081/2/6860
f 9084/2/6863 9085/2/6864 9093/2/6872
f 9094/2/6873 9093/2/6872 9085/2/6864
f 9092/2/6871 9094/2/6873 9085/2/6864
f 9095/2/6874 9091/2/6870 9087/2/6866
f 9096/2/6875 9097/2/6876 9098/2/6877
f 9096/2/6875 9099/2/6878 9097/2/6876
f 9100/2/6879 9098/2/6877 9101/2/6880
f 9101/2/6880 9102/2/6881 9103/2/6882
f 9101/2/6880 9103/2/6882 9104/2/6883
f 9104/2/6883 9100/2/6879 9101/2/6880
f 9096/2/6875 9098/2/6877 9100/2/6879
f 9102/2/6881 9105/2/6884 9103/2/6882
f 9106/2/6885 9100/2/6879 9104/2/6883
f 9107/2/6886 9106/2/6885 9104/2/6883
f 9107/2/6886 9108/2/6887 9106/2/6885
f 9109/2/6888 9108/2/6887 9107/2/6886
f 9110/2/6889 9111/2/6890 9112/2/6891
f 9111/2/6890 9113/2/6892 9112/2/6891
f 9108/2/6887 9109/2/6888 9110/2/6889
f 9111/2/6890 9110/2/6889 9109/2/6888
f 9112/2/6891 9113/2/6892 9114/2/6893
f 9115/2/6894 9114/2/6893 9113/2/6892
f 9115/2/6894 9113/2/6892 9116/2/6895
f 9117/2/6896 9118/2/6897 9115/2/6894
f 9119/2/6898 9120/2/6899 9121/2/6900
f 9120/2/6899 9122/2/6901 9121/2/6900
f 9116/2/6895 9117/2/6896 9115/2/6894
f 9123/2/6902 9124/2/6903 9125/2/6904
f 9125/2/6904 9126/2/6905 9123/2/6902
f 9127/2/6906 9117/2/6896 9116/2/6895
f 9116/2/6895 9113/2/6892 9127/2/6906
f 9124/2/6903 9128/2/6907 9125/2/6904
f 9129/2/6908 9120/2/6899 9119/2/6898
f 9129/2/6908 9119/2/6898 9118/2/6897
f 9129/2/6908 9118/2/6897 9117/2/6896
f 9130/2/6909 9126/2/6905 9125/2/6904
f 9113/2/6892 9126/2/6905 9131/2/6910
f 9131/2/6910 9126/2/6905 9130/2/6909
f 9127/2/6906 9113/2/6892 9131/2/6910
f 9130/2/6909 9132/2/6911 9131/2/6910
f 9133/2/6912 9117/2/6896 9134/2/6913
f 9134/2/6913 9117/2/6896 9127/2/6906
f 9134/2/6913 9135/2/6914 9136/2/6915
f 9134/2/6913 9136/2/6915 9133/2/6912
f 9137/2/6916 9135/2/6914 9134/2/6913
f 9138/2/6917 9135/2/6914 9139/2/6918
f 9140/2/6919 9141/2/6920 9142/2/6921
f 9141/2/6920 9143/2/6922 9144/2/6923
f 9139/2/6918 9135/2/6914 9137/2/6916
f 9145/2/6924 9146/2/6925 9147/2/6926
f 9142/2/6921 9138/2/6917 9148/2/6927
f 9148/2/6927 9138/2/6917 9139/2/6918
f 9146/2/6925 9145/2/6924 9149/2/6928
f 9150/2/6929 9146/2/6925 9149/2/6928
f 9151/2/6930 9150/2/6929 9149/2/6928
f 9143/2/6922 9141/2/6920 9152/2/6931
f 9140/2/6919 9153/2/6932 9141/2/6920
f 9152/2/6931 9141/2/6920 9154/2/6933
f 9155/2/6934 9148/2/6927 9146/2/6925
f 9153/2/6932 9154/2/6933 9141/2/6920
f 9156/2/6935 9152/2/6931 9154/2/6933
f 9150/2/6929 9155/2/6934 9146/2/6925
f 9148/2/6927 9140/2/6919 9142/2/6921
f 9157/2/6936 9158/2/6937 9159/2/6938
f 9160/2/6939 9161/2/6940 9151/2/6930
f 9162/2/6941 9140/2/6919 9148/2/6927
f 9148/2/6927 9155/2/6934 9162/2/6941
f 9151/2/6930 9161/2/6940 9150/2/6929
f 9163/2/6942 9164/2/6943 9140/2/6919
f 9162/2/6941 9163/2/6942 9140/2/6919
f 9165/2/6944 9166/2/6945 9167/2/6946
f 9168/2/6947 9166/2/6945 9165/2/6944
f 9165/2/6944 9167/2/6946 9164/2/6943
f 9165/2/6944 9164/2/6943 9163/2/6942
f 9169/2/6948 9166/2/6945 9168/2/6947
f 9170/2/6949 9169/2/6948 9171/2/6950
f 9169/2/6948 9168/2/6947 9171/2/6950
f 9159/2/6938 9170/2/6949 9171/2/6950
f 9158/2/6937 9172/2/6951 9173/2/6952
f 9172/2/6951 9158/2/6937 9157/2/6936
f 9174/2/6953 9159/2/6938 9171/2/6950
f 9171/2/6950 9175/2/6954 9174/2/6953
f 9157/2/6936 9159/2/6938 9174/2/6953
f 9174/2/6953 9175/2/6954 9176/2/6955
f 9177/2/6956 9178/2/6957 9179/2/6958
f 9180/2/6959 9178/2/6957 9177/2/6956
f 9181/2/6960 9180/2/6959 9177/2/6956
f 9182/2/6961 9183/2/6962 9184/2/6963
f 9185/2/6964 9186/2/6965 9187/2/6966
f 9188/2/6967 9182/2/6961 9184/2/6963
f 9188/2/6967 9189/2/6968 9182/2/6961
f 9190/2/6969 9191/2/6970 9192/2/6971
f 9193/2/6972 9179/2/6958 9190/2/6969
f 9194/2/6973 9181/2/6960 9177/2/6956
f 9192/2/6971 9191/2/6970 9189/2/6968
f 9195/2/6974 9185/2/6964 9187/2/6966
f 9196/2/6975 9192/2/6971 9189/2/6968
f 9197/2/6976 9186/2/6965 9198/2/6977
f 9190/2/6969 9192/2/6971 9196/2/6975
f 9193/2/6972 9177/2/6956 9179/2/6958
f 9199/2/6978 9194/2/6973 9177/2/6956
f 9187/2/6966 9186/2/6965 9197/2/6976
f 9200/2/6979 9193/2/6972 9190/2/6969
f 9201/2/6980 9189/2/6968 9188/2/6967
f 9196/2/6975 9189/2/6968 9201/2/6980
f 9200/2/6979 9190/2/6969 9196/2/6975
f 9202/2/6981 9203/2/6982 9196/2/6975
f 9204/2/6983 9205/2/6984 9203/2/6982
f 9202/2/6981 9204/2/6983 9203/2/6982
f 9206/2/6985 9207/2/6986 9208/2/6987
f 9209/2/6988 9210/2/6989 9211/2/6990
f 9212/2/6991 9207/2/6986 9210/2/6989
f 9209/2/6988 9213/2/6992 9210/2/6989
f 9214/2/6993 9211/2/6990 9215/2/6994
f 9215/2/6994 9211/2/6990 9216/2/6995
f 9217/2/6996 9218/2/6997 9219/2/6998
f 9220/2/6999 9215/2/6994 9216/2/6995
f 9221/2/7000 9222/2/7001 9223/2/7002
f 9224/2/7003 9225/2/7004 9226/2/7005
f 9224/2/7003 9227/2/7006 9225/2/7004
f 9221/2/7000 9227/2/7006 9224/2/7003
f 9223/2/7002 9228/2/7007 9229/2/7008
f 9224/2/7003 9222/2/7001 9221/2/7000
f 9230/2/7009 9231/2/7010 9232/2/7011
f 9233/2/7012 9230/2/7009 9232/2/7011
f 9234/2/7013 9235/2/7014 9223/2/7002
f 9233/2/7012 9232/2/7011 9235/2/7014
f 9234/2/7013 9223/2/7002 9229/2/7008
f 9236/2/7015 9237/2/7016 9238/2/7017
f 9237/2/7016 9236/2/7015 9239/2/7018
f 9238/2/7017 9225/2/7004 9227/2/7006
f 9240/2/7019 9238/2/7017 9237/2/7016
f 9241/2/7020 9242/2/7021 9243/2/7022
f 9244/2/7023 9243/2/7022 9242/2/7021
f 9245/2/7024 9198/2/6977 9246/2/7025
f 9247/2/7026 9214/2/6993 9215/2/6994
f 9212/2/6991 9210/2/6989 9213/2/6992
f 9197/2/6976 9198/2/6977 9245/2/7024
f 9246/2/7025 9248/2/7027 9245/2/7024
f 9248/2/7027 9246/2/7025 9206/2/6985
f 9249/2/7028 9214/2/6993 9247/2/7026
f 9212/2/6991 9208/2/6987 9207/2/6986
f 9250/2/7029 9220/2/6999 9216/2/6995
f 9251/2/7030 9219/2/6998 9218/2/6997
f 9220/2/6999 9247/2/7026 9215/2/6994
f 9252/2/7031 9247/2/7026 9220/2/6999
f 9253/2/7032 9217/2/6996 9231/2/7010
f 9249/2/7028 9247/2/7026 9252/2/7031
f 9230/2/7009 9253/2/7032 9231/2/7010
f 9220/2/6999 9249/2/7028 9252/2/7031
f 9253/2/7032 9218/2/6997 9217/2/6996
f 9226/2/7005 9222/2/7001 9224/2/7003
f 9234/2/7013 9233/2/7012 9235/2/7014
f 9238/2/7017 9240/2/7019 9225/2/7004
f 9254/2/7033 9237/2/7016 9239/2/7018
f 9237/2/7016 9254/2/7033 9255/2/7034
f 9256/2/7035 9241/2/7020 9243/2/7022
f 9241/2/7020 9256/2/7035 9255/2/7034
f 9206/2/6985 9208/2/6987 9248/2/7027
f 9209/2/6988 9211/2/6990 9214/2/6993
f 9249/2/7028 9209/2/6988 9214/2/6993
f 9257/2/7036 9197/2/6976 9245/2/7024
f 9258/2/7037 9197/2/6976 9257/2/7036
f 9259/2/7038 9260/2/7039 9261/2/7040
f 9261/2/7040 9260/2/7039 9257/2/7036
f 9257/2/7036 9260/2/7039 9258/2/7037
f 9262/2/7041 9249/2/7028 9220/2/6999
f 9251/2/7030 9218/2/6997 9250/2/7029
f 9220/2/6999 9250/2/7029 9262/2/7041
f 9262/2/7041 9250/2/7029 9249/2/7028
f 9263/2/7042 9249/2/7028 9250/2/7029
f 9264/2/7043 9265/2/7044 9250/2/7029
f 9265/2/7044 9263/2/7042 9250/2/7029
f 9266/2/7045 9228/2/7007 9222/2/7001
f 9266/2/7045 9222/2/7001 9226/2/7005
f 9267/2/7046 9226/2/7005 9225/2/7004
f 9266/2/7045 9226/2/7005 9267/2/7046
f 9268/2/7047 9266/2/7045 9267/2/7046
f 9269/2/7048 9270/2/7049 9271/2/7050
f 9272/2/7051 9230/2/7009 9233/2/7012
f 9273/2/7052 9271/2/7050 9272/2/7051
f 9273/2/7052 9233/2/7012 9234/2/7013
f 9273/2/7052 9234/2/7013 9229/2/7008
f 9273/2/7052 9272/2/7051 9233/2/7012
f 9229/2/7008 9271/2/7050 9273/2/7052
f 9269/2/7048 9271/2/7050 9229/2/7008
f 9244/2/7023 9274/2/7053 9243/2/7022
f 9225/2/7004 9240/2/7019 9267/2/7046
f 9196/2/6975 9203/2/6982 9200/2/6979
f 9255/2/7034 9254/2/7033 9241/2/7020
f 9241/2/7020 9254/2/7033 9242/2/7021
f 9242/2/7021 9254/2/7033 9239/2/7018
f 9223/2/7002 9222/2/7001 9228/2/7007
f 9216/2/6995 9251/2/7030 9250/2/7029
f 9275/2/7054 9276/2/7055 9277/2/7056
f 9278/2/7057 9279/2/7058 9276/2/7055
f 9280/2/7059 9281/2/7060 9282/2/7061
f 9280/2/7059 9282/2/7061 9283/2/7062
f 9284/2/7063 9285/2/7064 9286/2/7065
f 9287/2/7066 9288/2/7067 9289/2/7068
f 9290/2/7069 9291/2/7070 9292/2/7071
f 9290/2/7069 9292/2/7071 9283/2/7062
f 9291/2/7070 9277/2/7056 9292/2/7071
f 9293/2/7072 9276/2/7055 9275/2/7054
f 9293/2/7072 9278/2/7057 9276/2/7055
f 9291/2/7070 9275/2/7054 9277/2/7056
f 9294/2/7073 9288/2/7067 9287/2/7066
f 9289/2/7068 9288/2/7067 9295/2/7074
f 9289/2/7068 9295/2/7074 9283/2/7062
f 9294/2/7073 9287/2/7066 9296/2/7075
f 9294/2/7073 9296/2/7075 9297/2/7076
f 9294/2/7073 9297/2/7076 9298/2/7077
f 9297/2/7076 9284/2/7063 9299/2/7078
f 9293/2/7072 9300/2/7079 9278/2/7057
f 9290/2/7069 9283/2/7062 9295/2/7074
f 9298/2/7077 9297/2/7076 9299/2/7078
f 9301/2/7080 9302/2/7081 9303/2/7082
f 9285/2/7064 9304/2/7083 9286/2/7065
f 9286/2/7065 9304/2/7083 9305/2/7084
f 9306/2/7085 9302/2/7081 9301/2/7080
f 9307/2/7086 9284/2/7063 9286/2/7065
f 9308/2/7087 9309/2/7088 9310/2/7089
f 9307/2/7086 9299/2/7078 9284/2/7063
f 9311/2/7090 9307/2/7086 9312/2/7091
f 9299/2/7078 9307/2/7086 9311/2/7090
f 9313/2/7092 9306/2/7085 9301/2/7080
f 9313/2/7092 9314/2/7093 9306/2/7085
f 9315/2/7094 9316/2/7095 9317/2/7096
f 9315/2/7094 9317/2/7096 9318/2/7097
f 9319/2/7098 9315/2/7094 9318/2/7097
f 9319/2/7098 9318/2/7097 9320/2/7099
f 9321/2/7100 9314/2/7093 9313/2/7092
f 9322/2/7101 9314/2/7093 9321/2/7100
f 9323/2/7102 9324/2/7103 9325/2/7104
f 9326/2/7105 9324/2/7103 9323/2/7102
f 9327/2/7106 9324/2/7103 9328/2/7107
f 9328/2/7107 9324/2/7103 9326/2/7105
f 9329/2/7108 9320/2/7099 9318/2/7097
f 9325/2/7104 9326/2/7105 9323/2/7102
f 9330/2/7109 9331/2/7110 9329/2/7108
f 9331/2/7110 9332/2/7111 9329/2/7108
f 9329/2/7108 9332/2/7111 9320/2/7099
f 9331/2/7110 9330/2/7109 9333/2/7112
f 9334/2/7113 9335/2/7114 9336/2/7115
f 9337/2/7116 9338/2/7117 9339/2/7118
f 9334/2/7113 9340/2/7119 9335/2/7114
f 9340/2/7119 9337/2/7116 9335/2/7114
f 9308/2/7087 9310/2/7089 9341/2/7120
f 9342/2/7121 9308/2/7087 9341/2/7120
f 9343/2/7122 9309/2/7088 9308/2/7087
f 9342/2/7121 9341/2/7120 9322/2/7101
f 9322/2/7101 9341/2/7120 9314/2/7093
f 9344/2/7123 9311/2/7090 9312/2/7091
f 9344/2/7123 9312/2/7091 9345/2/7124
f 9346/2/7125 9316/2/7095 9347/2/7126
f 9348/2/7127 9316/2/7095 9315/2/7094
f 9319/2/7098 9348/2/7127 9315/2/7094
f 9349/2/7128 9319/2/7098 9320/2/7099
f 9349/2/7128 9348/2/7127 9319/2/7098
f 9328/2/7107 9350/2/7129 9327/2/7106
f 9330/2/7109 9327/2/7106 9350/2/7129
f 9330/2/7109 9350/2/7129 9351/2/7130
f 9349/2/7128 9320/2/7099 9352/2/7131
f 9333/2/7112 9332/2/7111 9331/2/7110
f 9351/2/7130 9333/2/7112 9330/2/7109
f 9352/2/7131 9320/2/7099 9332/2/7111
f 9353/2/7132 9340/2/7119 9334/2/7113
f 9354/2/7133 9334/2/7113 9355/2/7134
f 9353/2/7132 9334/2/7113 9354/2/7133
f 9356/2/7135 9325/2/7104 9339/2/7118
f 9356/2/7135 9326/2/7105 9325/2/7104
f 9356/2/7135 9339/2/7118 9338/2/7117
f 9338/2/7117 9337/2/7116 9340/2/7119
f 9357/2/7136 9356/2/7135 9338/2/7117
f 9354/2/7133 9355/2/7134 9358/2/7137
f 9343/2/7122 9345/2/7124 9309/2/7088
f 9359/2/7138 9316/2/7095 9348/2/7127
f 9348/2/7127 9360/2/7139 9359/2/7138
f 9321/2/7100 9313/2/7092 9346/2/7125
f 9360/2/7139 9348/2/7127 9361/2/7140
f 9321/2/7100 9342/2/7121 9322/2/7101
f 9316/2/7095 9359/2/7138 9347/2/7126
f 9321/2/7100 9346/2/7125 9347/2/7126
f 9361/2/7140 9349/2/7128 9352/2/7131
f 9361/2/7140 9348/2/7127 9349/2/7128
f 9352/2/7131 9332/2/7111 9333/2/7112
f 9362/2/7141 9340/2/7119 9353/2/7132
f 9362/2/7141 9338/2/7117 9340/2/7119
f 9357/2/7136 9338/2/7117 9362/2/7141
f 9292/2/7071 9280/2/7059 9283/2/7062
f 9344/2/7123 9345/2/7124 9343/2/7122
f 9363/2/7142 9364/2/7143 9365/2/7144
f 9366/2/7145 9367/2/7146 9368/2/7147
f 9366/2/7145 9369/2/7148 9367/2/7146
f 9369/2/7148 9366/2/7145 9370/2/7149
f 9369/2/7148 9363/2/7142 9371/2/7150
f 9369/2/7148 9370/2/7149 9363/2/7142
f 9371/2/7150 9363/2/7142 9365/2/7144
f 9365/2/7144 9372/2/7151 9373/2/5183
f 9365/2/7144 9364/2/7143 9372/2/7151
f 9374/2/7152 9375/2/7153 9376/2/7154
f 9377/2/7155 9378/2/7156 9379/2/7157
f 9377/2/7155 9379/2/7157 9380/2/7158
f 9377/2/7155 9376/2/7154 9378/2/7156
f 9377/2/7155 9381/2/7159 9376/2/7154
f 9381/2/7159 9374/2/7152 9376/2/7154
f 9375/2/7153 9382/2/7160 9383/2/7161
f 9375/2/7153 9374/2/7152 9382/2/7160
f 9382/2/7160 9384/2/7162 9383/2/7161
f 9382/2/7160 9385/2/7163 9384/2/7162
f 9386/2/7164 9387/2/7165 9388/2/7166
f 9389/2/7167 9390/2/7168 9391/2/7169
f 9389/2/7167 9391/2/7169 9392/2/7170
f 9390/2/7168 9389/2/7167 9393/2/7171
f 9393/2/7171 9386/2/7164 9390/2/7168
f 9393/2/7171 9394/2/7172 9386/2/7164
f 9386/2/7164 9394/2/7172 9387/2/7165
f 9387/2/7165 9395/2/7173 9388/2/7166
f 9387/2/7165 9396/2/7174 9395/2/7173
f 9397/2/7175 9398/2/7176 9399/2/7177
f 9400/2/7178 9401/2/7179 9402/2/7180
f 9398/2/7176 9403/2/7181 9404/2/7182
f 9401/2/7179 9400/2/7178 9405/2/7183
f 9397/2/7175 9403/2/7181 9398/2/7176
f 9400/2/7178 9406/2/7184 9405/2/7183
f 9406/2/7184 9397/2/7175 9405/2/7183
f 9397/2/7175 9406/2/7184 9407/2/7185
f 9400/2/7178 9402/2/7180 9408/2/7186
f 9407/2/7185 9403/2/7181 9397/2/7175
f 9409/2/7187 9410/2/7188 9411/2/7189
f 9409/2/7187 9411/2/7189 9412/2/7190
f 9409/2/7187 9412/2/7190 9413/2/7191
f 9413/2/7191 9412/2/7190 9414/2/7192
f 9415/2/7193 9413/2/7191 9414/2/7192
f 9416/2/7194 9415/2/7193 9414/2/7192
f 9417/2/7195 9415/2/7193 9416/2/7194
f 9418/2/7196 9419/2/7197 9420/2/7198
f 9421/2/7199 9422/2/7200 9419/2/7197
f 9423/2/7201 9419/2/7197 9418/2/7196
f 9424/2/7202 9425/2/7203 9426/2/7204
f 9427/2/7205 9428/2/7206 9429/2/7207
f 9423/2/7201 9421/2/7199 9419/2/7197
f 9430/2/7208 9420/2/7198 9415/2/7193
f 9430/2/7208 9418/2/7196 9420/2/7198
f 9431/2/7209 9424/2/7202 9426/2/7204
f 9428/2/7206 9432/2/7210 9429/2/7207
f 9433/2/7211 9417/2/7195 9416/2/7194
f 9427/2/7205 9433/2/7211 9416/2/7194
f 9434/2/7212 9432/2/7210 9428/2/7206
f 9430/2/7208 9415/2/7193 9417/2/7195
f 9427/2/7205 9429/2/7207 9433/2/7211
f 9435/2/7213 9436/2/7214 9437/2/7215
f 9438/2/7216 9424/2/7202 9431/2/7209
f 9433/2/7211 9437/2/7215 9417/2/7195
f 9439/2/7217 9437/2/7215 9433/2/7211
f 9440/2/7218 9436/2/7214 9435/2/7213
f 9440/2/7218 9435/2/7213 9441/2/7219
f 9439/2/7217 9435/2/7213 9437/2/7215
f 9442/2/7220 9443/2/7221 9444/2/7222
f 9444/2/7222 9440/2/7218 9445/2/7223
f 9445/2/7223 9440/2/7218 9441/2/7219
f 9444/2/7222 9445/2/7223 9442/2/7220
f 9446/2/7224 9447/2/7225 9443/2/7221
f 9446/2/7224 9443/2/7221 9442/2/7220
f 9448/2/7226 9447/2/7225 9446/2/7224
f 9449/2/7227 9450/2/7228 9451/2/7229
f 9449/2/7227 9451/2/7229 9452/2/7230
f 9453/2/7231 9450/2/7228 9454/2/7232
f 9455/2/7233 9456/2/7234 9457/2/7235
f 9458/2/7236 9456/2/7234 9455/2/7233
f 9459/2/7237 9456/2/7234 9458/2/7236
f 9460/2/7238 9461/2/7239 9462/2/7240
f 9463/2/7241 9449/2/7227 9452/2/7230
f 9456/2/7234 9464/2/7242 9461/2/7239
f 9461/2/7239 9464/2/7242 9465/2/7243
f 9462/2/7240 9461/2/7239 9465/2/7243
f 9466/2/7244 9452/2/7230 9447/2/7225
f 9448/2/7226 9466/2/7244 9447/2/7225
f 9467/2/7245 9454/2/7232 9450/2/7228
f 9467/2/7245 9450/2/7228 9449/2/7227
f 9463/2/7241 9452/2/7230 9466/2/7244
f 9468/2/7246 9460/2/7238 9462/2/7240
f 9468/2/7246 9446/2/7224 9460/2/7238
f 9446/2/7224 9468/2/7246 9448/2/7226
f 9468/2/7246 9466/2/7244 9448/2/7226
f 9469/2/7247 9470/2/7248 9468/2/7246
f 9470/2/7248 9466/2/7244 9468/2/7246
f 9471/2/7249 9472/2/7250 9469/2/7247
f 9469/2/7247 9472/2/7250 9470/2/7248
f 9473/2/7251 9474/2/7252 9475/2/7253
f 9471/2/7249 9475/2/7253 9472/2/7250
f 9473/2/7251 9475/2/7253 9471/2/7249
f 9434/2/7212 9428/2/7206 9476/2/7254
f 9465/2/7243 9477/2/7255 9478/2/7256
f 9464/2/7242 9477/2/7255 9465/2/7243
f 9464/2/7242 9479/2/7257 9477/2/7255
f 9464/2/7242 9459/2/7237 9479/2/7257
f 9464/2/7242 9456/2/7234 9459/2/7237
f 9480/2/7258 9481/2/7259 9482/2/7260
f 9483/2/7261 9484/2/7262 9485/2/7263
f 9482/2/7260 9486/2/7264 9485/2/7263
f 9482/2/7260 9481/2/7259 9487/2/7265
f 9487/2/7265 9488/2/7266 9482/2/7260
f 9489/2/7267 9490/2/7268 9491/2/7269
f 9492/2/7270 9493/2/7271 9488/2/7266
f 9492/2/7270 9488/2/7266 9487/2/7265
f 9494/2/7272 9491/2/7269 9495/2/7273
f 9493/2/7271 9482/2/7260 9488/2/7266
f 9496/2/7274 9497/2/7275 9498/2/7276
f 9495/2/7273 9496/2/7274 9498/2/7276
f 9499/2/7277 9500/2/7278 9501/2/7279
f 9502/2/7280 9503/2/7281 9504/2/7282
f 9505/2/7283 9495/2/7273 9498/2/7276
f 9506/2/7284 9505/2/7283 9504/2/7282
f 9500/2/7278 9507/2/7285 9501/2/7279
f 9508/2/7286 9509/2/7287 9510/2/7288
f 9511/2/7289 9509/2/7287 9508/2/7286
f 9512/2/7290 9509/2/7287 9511/2/7289
f 9512/2/7290 9513/2/7291 9509/2/7287
f 9514/2/7292 9499/2/7277 9501/2/7279
f 9515/2/7293 9516/2/7294 9501/2/7279
f 9501/2/7279 9513/2/7291 9515/2/7293
f 9517/2/7295 9518/2/7296 9519/2/7297
f 9518/2/7296 9520/2/7298 9521/2/7299
f 9521/2/7299 9520/2/7298 9522/2/7300
f 9523/2/7301 9521/2/7299 9522/2/7300
f 9524/2/7302 9517/2/7295 9519/2/7297
f 9523/2/7301 9508/2/7286 9510/2/7288
f 9523/2/7301 9525/2/7303 9508/2/7286
f 9526/2/7304 9527/2/7305 9528/2/7306
f 9527/2/7305 9529/2/7307 9528/2/7306
f 9530/2/7308 9524/2/7302 9531/2/7309
f 9527/2/7305 9532/2/7310 9529/2/7307
f 9533/2/7311 9524/2/7302 9530/2/7308
f 9532/2/7310 9531/2/7309 9529/2/7307
f 9534/2/5344 9535/2/7312 9526/2/7304
f 9535/2/7312 9536/2/7313 9526/2/7304
f 9485/2/7263 9537/2/7314 9483/2/7261
f 9486/2/7264 9482/2/7260 9493/2/7271
f 9538/2/7315 9485/2/7263 9486/2/7264
f 9537/2/7314 9485/2/7263 9538/2/7315
f 9539/2/7316 9491/2/7269 9494/2/7272
f 9539/2/7316 9489/2/7267 9491/2/7269
f 9490/2/7268 9489/2/7267 9487/2/7265
f 9487/2/7265 9489/2/7267 9492/2/7270
f 9540/2/7317 9493/2/7271 9492/2/7270
f 9492/2/7270 9541/2/7318 9540/2/7317
f 9542/2/7319 9540/2/7317 9541/2/7318
f 9543/2/7320 9495/2/7273 9505/2/7283
f 9543/2/7320 9505/2/7283 9506/2/7284
f 9504/2/7282 9503/2/7281 9544/2/7321
f 9545/2/7322 9503/2/7281 9502/2/7280
f 9545/2/7322 9502/2/7280 9546/2/7323
f 9545/2/7322 9546/2/7323 9499/2/7277
f 9514/2/7292 9545/2/7322 9499/2/7277
f 9506/2/7284 9504/2/7282 9544/2/7321
f 9547/2/7324 9543/2/7320 9506/2/7284
f 9547/2/7324 9548/2/7325 9549/2/7326
f 9548/2/7325 9547/2/7324 9506/2/7284
f 9514/2/7292 9501/2/7279 9516/2/7294
f 9525/2/7303 9511/2/7289 9508/2/7286
f 9513/2/7291 9512/2/7290 9515/2/7293
f 9550/2/7327 9551/2/7328 9514/2/7292
f 9516/2/7294 9550/2/7327 9514/2/7292
f 9520/2/7298 9518/2/7296 9517/2/7295
f 9552/2/7329 9553/2/7330 9554/2/7331
f 9555/2/7332 9552/2/7329 9554/2/7331
f 9522/2/7300 9555/2/7332 9554/2/7331
f 9522/2/7300 9520/2/7298 9555/2/7332
f 9517/2/7295 9524/2/7302 9533/2/7311
f 9556/2/7333 9523/2/7301 9522/2/7300
f 9525/2/7303 9523/2/7301 9556/2/7333
f 9554/2/7331 9525/2/7303 9556/2/7333
f 9522/2/7300 9554/2/7331 9556/2/7333
f 9533/2/7311 9520/2/7298 9517/2/7295
f 9536/2/7313 9527/2/7305 9526/2/7304
f 9532/2/7310 9557/2/7334 9531/2/7309
f 9530/2/7308 9531/2/7309 9557/2/7334
f 9494/2/7272 9495/2/7273 9543/2/7320
f 9558/2/7335 9559/2/7336 9560/2/7337
f 9561/2/7338 9559/2/7336 9558/2/7335
f 9558/2/7335 9560/2/7337 9562/2/7339
f 9562/2/7339 9563/2/7340 9564/2/7341
f 9564/2/7341 9563/2/7340 9565/2/7342
f 9566/2/7343 9563/2/7340 9567/2/7344
f 9560/2/7337 9563/2/7340 9562/2/7339
f 9565/2/7342 9563/2/7340 9568/2/7345
f 9566/2/7343 9569/2/7346 9570/2/7347
f 9567/2/7344 9563/2/7340 9571/2/7348
f 9567/2/7344 9571/2/7348 9572/2/7349
f 9567/2/7344 9572/2/7349 9573/2/7350
f 9574/2/7351 9567/2/7344 9573/2/7350
f 9566/2/7343 9567/2/7344 9574/2/7351
f 9566/2/7343 9568/2/7345 9563/2/7340
f 9575/2/7352 9566/2/7343 9574/2/7351
f 9569/2/7346 9566/2/7343 9575/2/7352
f 9575/2/7352 9574/2/7351 9576/2/7353
f 9576/2/7353 9574/2/7351 9577/2/7354
f 9574/2/7351 9573/2/7350 9578/2/7355
f 9574/2/7351 9579/2/7356 9577/2/7354
f 9574/2/7351 9578/2/7355 9579/2/7356
f 9577/2/7354 9579/2/7356 9580/2/7357
f 9573/2/7350 9572/2/7349 9581/2/7358
f 9582/2/7359 9573/2/7350 9583/2/7360
f 9573/2/7350 9582/2/7359 9584/2/7361
f 9578/2/7355 9573/2/7350 9585/2/7362
f 9585/2/7362 9573/2/7350 9584/2/7361
f 9586/2/7363 9584/2/7361 9587/2/7364
f 9587/2/7364 9584/2/7361 9588/2/7365
f 9589/2/7366 9585/2/7362 9584/2/7361
f 9584/2/7361 9586/2/7363 9589/2/7366
f 9588/2/7365 9584/2/7361 9582/2/7359
f 9588/2/7365 9582/2/7359 9590/2/7367
f 9591/2/7368 9592/2/7369 9593/2/7370
f 9594/2/7371 9591/2/7368 9593/2/7370
f 9591/2/7368 9594/2/7371 9595/2/7372
f 9596/2/7373 9592/2/7369 9591/2/7368
f 9596/2/7373 9591/2/7368 9597/2/7374
f 9598/2/7375 9597/2/7374 9591/2/7368
f 9594/2/7371 9593/2/7370 9599/2/7376
f 9600/2/7377 9601/2/7378 9602/2/7379
f 9603/2/7380 9604/2/7381 9605/2/7382
f 9603/2/7380 9605/2/7382 9606/2/7383
f 9607/2/7384 9592/2/7369 9596/2/7373
f 9608/2/7385 9609/2/7386 9607/2/7384
f 9602/2/7379 9607/2/7384 9596/2/7373
f 9601/2/7378 9607/2/7384 9602/2/7379
f 9608/2/7385 9607/2/7384 9610/2/7387
f 9610/2/7387 9607/2/7384 9601/2/7378
f 9600/2/7377 9610/2/7387 9601/2/7378
f 9610/2/7387 9604/2/7381 9608/2/7385
f 9603/2/7380 9608/2/7385 9604/2/7381
f 9611/2/5421 9612/2/5421 9613/2/5421
f 9611/2/7388 9614/2/7389 9612/2/7390
f 9615/2/7391 9616/2/7392 9617/2/7393
f 9618/2/7394 9616/2/7392 9615/2/7391
f 9619/2/5442 9616/2/7392 9618/2/7394
f 9620/2/7395 9616/2/7392 9619/2/5442
f 9621/2/5421 9622/2/5421 9623/2/5421
f 9611/2/7388 9624/2/7396 9614/2/7389
f 9625/2/7397 9626/2/7398 9627/2/7399
f 9625/2/7397 9628/2/7400 9626/2/7398
f 9629/2/7401 9628/2/7400 9625/2/7397
f 9630/2/7402 9628/2/7400 9629/2/7401
f 9631/2/7403 9628/2/7400 9630/2/7402
f 9632/2/7404 9628/2/7400 9631/2/7403
f 9633/2/7405 9628/2/7400 9632/2/7404
f 9634/2/7406 9628/2/7400 9633/2/7405
f 9634/2/5421 9635/2/5421 9628/2/5421
f 9636/2/7407 9635/2/5443 9634/2/7406
f 9637/2/7408 9635/2/5443 9636/2/7407
f 9638/2/7409 9635/2/5443 9637/2/7408
f 9639/2/7410 9635/2/5443 9638/2/7409
f 9640/2/7411 9635/2/5443 9639/2/7410
f 9640/2/7411 9641/2/7412 9635/2/5443
f 9642/2/7413 9641/2/7412 9640/2/7411
f 9643/2/7414 9641/2/7412 9642/2/7413
f 9644/2/7415 9641/2/7412 9643/2/7414
f 9611/2/7388 9645/2/7416 9624/2/7396
f 9611/2/7388 9646/2/7417 9645/2/7416
f 9611/2/7388 9647/2/7418 9646/2/7417
f 9611/2/7388 9648/2/7419 9647/2/7418
f 9641/2/7412 9648/2/7419 9611/2/7388
f 9641/2/7412 9649/2/7420 9648/2/7419
f 9650/2/7421 9644/2/7415 9651/2/7422
f 9650/2/7421 9641/2/7412 9644/2/7415
f 9652/2/7423 9641/2/7412 9650/2/7421
f 9653/2/7424 9641/2/7412 9652/2/7423
f 9654/2/7425 9641/2/7412 9653/2/7424
f 9655/2/7426 9641/2/7412 9654/2/7425
f 9656/2/7427 9641/2/7412 9655/2/7426
f 9657/2/7428 9641/2/7412 9656/2/7427
f 9658/2/7429 9641/2/7412 9657/2/7428
f 9658/2/7429 9649/2/7420 9641/2/7412
f 9659/2/7430 9649/2/7420 9658/2/7429
f 9659/2/7430 9660/2/7431 9649/2/7420
f 9661/2/7432 9662/2/7433 9663/2/7434
f 9663/2/7434 9662/2/7433 9664/2/7435
f 9665/2/7436 9666/2/7437 9667/2/7438
f 9668/2/7439 9666/2/7437 9665/2/7436
f 9669/2/7440 9670/2/7441 9671/2/7442
f 9669/2/7440 9672/2/7443 9670/2/7441
f 9669/2/7440 9673/2/7444 9672/2/7443
f 9669/2/7440 9674/2/7445 9673/2/7444
f 9675/2/7445 9674/2/7445 9669/2/7445
f 9676/2/7446 9666/2/7437 9668/2/7439
f 9674/2/5483 9677/2/7447 9678/2/7448
f 9675/2/5483 9677/2/7447 9674/2/5483
f 9675/2/5483 9679/2/7449 9677/2/7447
f 9675/2/5483 9680/2/7450 9679/2/7449
f 9675/2/5483 9681/2/7451 9680/2/7450
f 9675/2/5483 9682/2/4596 9681/2/7451
f 9675/2/5483 9683/2/7452 9682/2/4596
f 9684/2/7453 9666/2/7437 9676/2/7446
f 9685/2/7454 9666/2/7437 9684/2/7453
f 9686/2/7455 9666/2/7437 9685/2/7454
f 9687/2/7456 9666/2/7437 9686/2/7455
f 9687/2/7456 9688/2/7457 9666/2/7437
f 9689/2/7458 9688/2/7457 9687/2/7456
f 9690/2/7459 9691/2/7460 9692/2/7461
f 9693/2/7462 9694/2/7463 9695/2/7464
f 9696/2/7465 9697/2/7466 9698/2/7467
f 9699/2/7468 9700/2/7469 9701/2/7470
f 9702/2/7471 9703/2/7472 9704/2/7473
f 9675/2/5483 9705/2/7474 9683/2/7452
f 9675/2/5483 9690/2/7459 9705/2/7474
f 9675/2/5483 9691/2/7460 9690/2/7459
f 9688/2/7457 9691/2/7460 9675/2/5483
f 9688/2/7457 9706/2/7475 9691/2/7460
f 9688/2/7457 9707/2/7476 9706/2/7475
f 9688/2/7457 9702/2/7471 9707/2/7476
f 9688/2/7457 9703/2/7472 9702/2/7471
f 9688/2/7457 9699/2/7468 9703/2/7472
f 9688/2/7457 9700/2/7469 9699/2/7468
f 9688/2/7457 9696/2/7465 9700/2/7469
f 9688/2/7457 9697/2/7466 9696/2/7465
f 9688/2/7457 9693/2/7462 9697/2/7466
f 9688/2/7457 9694/2/7463 9693/2/7462
f 9689/2/7458 9694/2/7463 9688/2/7457
f 9704/2/7473 9703/2/7472 9708/2/7477
f 9692/2/7461 9691/2/7460 9709/2/7478
f 9690/2/7459 9692/2/7461 9710/2/7479
f 9711/2/7480 9712/2/7481 9713/2/7482
f 9712/2/7481 9714/2/7483 9713/2/7482
f 9715/2/4581 9716/2/7484 9717/2/7485
f 9715/2/4581 9718/2/7486 9716/2/7484
f 9719/2/4583 9720/2/4583 9721/2/4583
f 9722/2/4582 9723/2/4582 9724/2/4582
f 9725/2/6391 9726/2/7487 9727/2/4577
f 9726/2/7487 9725/2/6391 9728/2/7488
f 9729/2/7489 9730/2/5530 9731/2/7490
f 9731/2/7490 9732/2/5532 9729/2/7489
f 9733/2/4590 9734/2/4590 9735/2/4590
f 9736/2/5533 9737/2/5533 9738/2/5533
f 9739/2/4590 9737/2/5533 9740/2/6398
f 9741/2/5536 9742/2/5536 9743/2/5536
f 9744/2/5533 9745/2/5533 9737/2/5533
f 9746/2/7491 9747/2/5538 9748/2/7492
f 9749/2/5540 9746/2/7491 9748/2/7492
f 9750/2/6647 9751/2/6648 9752/2/6649
f 9753/2/6650 9754/2/6651 9755/2/6652
f 9756/2/6653 9757/2/7493 9751/2/6648
f 9753/2/6650 9750/2/6647 9758/2/6655
f 9750/2/6647 9756/2/6653 9751/2/6648
f 9758/2/6655 9750/2/6647 9752/2/6649
f 9759/2/6656 9753/2/6650 9758/2/6655
f 9753/2/6650 9759/2/6656 9754/2/6651
f 9751/2/6648 9757/2/7493 9760/2/6657
f 9761/2/6658 9762/2/6659 9763/2/6660
f 9764/2/6661 9765/2/6662 9766/2/6663
f 9767/2/6664 9766/2/6663 9768/2/6665
f 9767/2/6664 9764/2/6661 9766/2/6663
f 9761/2/6658 9769/2/6666 9762/2/6659
f 9769/2/6666 9761/2/6658 9765/2/6662
f 9768/2/6665 9770/2/6667 9771/2/6668
f 9768/2/6665 9772/2/6669 9770/2/6667
f 9766/2/6663 9772/2/6669 9768/2/6665
f 9769/2/6666 9765/2/6662 9764/2/6661
f 9773/2/6670 9774/2/6671 9775/2/6672
f 9776/2/6673 9773/2/6670 9775/2/6672
f 9777/2/6674 9778/2/6675 9779/2/6676
f 9780/2/6677 9781/2/6678 9782/2/6679
f 9779/2/6676 9780/2/6677 9782/2/6679
f 9779/2/6676 9778/2/6675 9780/2/6677
f 9773/2/6670 9783/2/6680 9774/2/6671
f 9773/2/6670 9784/2/6681 9777/2/6674
f 9773/2/6670 9776/2/6673 9784/2/6681
f 9777/2/6674 9784/2/6681 9778/2/6675
f 9780/2/6677 9785/2/6682 9781/2/6678
f 9786/2/6683 9787/2/6684 9788/2/6685
f 9789/2/6686 9790/2/6687 9786/2/6683
f 9789/2/6686 9786/2/6683 9791/2/6688
f 9792/2/6689 9793/2/6690 9794/2/6691
f 9791/2/6688 9792/2/6689 9794/2/6691
f 9793/2/6690 9795/2/6692 9796/2/6693
f 9786/2/6683 9790/2/6687 9797/2/6694
f 9786/2/6683 9797/2/6694 9787/2/6684
f 9786/2/6683 9792/2/6689 9791/2/6688
f 9792/2/6689 9798/2/6695 9793/2/6690
f 9798/2/6695 9795/2/6692 9793/2/6690
f 9799/2/6696 9800/2/6697 9801/2/6698
f 9800/2/6697 9802/2/6699 9801/2/6698
f 9801/2/6698 9803/2/6700 9804/2/6701
f 9803/2/6700 9801/2/6698 9802/2/6699
f 9802/2/6699 9805/2/6702 9803/2/6700
f 9806/2/6703 9805/2/6702 9802/2/6699
f 9806/2/6703 9802/2/6699 9807/2/6704
f 9800/2/6697 9808/2/6705 9802/2/6699
f 9808/2/6705 9809/2/6706 9810/2/6707
f 9802/2/6699 9808/2/6705 9811/2/6708
f 9802/2/6699 9811/2/6708 9807/2/6704
f 9812/2/6709 9807/2/6704 9811/2/6708
f 9808/2/6705 9810/2/6707 9811/2/6708
f 9811/2/6708 9810/2/6707 9813/2/6710
f 9814/2/6711 9811/2/6708 9813/2/6710
f 9815/2/6712 9811/2/6708 9814/2/6711
f 9813/2/6710 9810/2/6707 9816/2/6713
f 9816/2/6713 9810/2/6707 9817/2/6714
f 9818/2/6715 9814/2/6711 9813/2/6710
f 9819/2/7494 9820/2/6717 9821/2/6718
f 9821/2/6718 9820/2/6717 9822/2/6719
f 9822/2/6719 9823/2/6720 9824/2/6721
f 9825/2/7495 9826/2/4753 9827/2/6723
f 9821/2/6718 9828/2/6724 9819/2/7494
f 9829/2/6725 9828/2/6724 9821/2/6718
f 9828/2/6724 9830/2/6726 9827/2/6723
f 9825/2/7495 9827/2/6723 9830/2/6726
f 9824/2/6721 9831/2/6727 9822/2/6719
f 9824/2/6721 9832/2/6728 9831/2/6727
f 9833/2/6729 9824/2/6721 9834/2/6730
f 9822/2/6719 9831/2/6727 9829/2/6725
f 9829/2/6725 9831/2/6727 9832/2/6728
f 9829/2/6725 9821/2/6718 9822/2/6719
f 9833/2/6729 9832/2/6728 9824/2/6721
f 9835/2/6731 9833/2/6729 9834/2/6730
f 9836/2/6732 9833/2/6729 9835/2/6731
f 9837/2/6733 9829/2/6725 9832/2/6728
f 9833/2/6729 9837/2/6733 9832/2/6728
f 9835/2/6731 9834/2/6730 9838/2/6734
f 9829/2/6725 9830/2/6726 9828/2/6724
f 9839/2/7496 9830/2/6726 9829/2/6725
f 9839/2/7496 9829/2/6725 9840/2/6736
f 9836/2/6732 9841/2/6737 9833/2/6729
f 9840/2/6736 9829/2/6725 9837/2/6733
f 9842/2/6738 9836/2/6732 9835/2/6731
f 9841/2/6737 9837/2/6733 9833/2/6729
f 9843/2/6739 9836/2/6732 9842/2/6738
f 9844/2/7497 9839/2/7496 9840/2/6736
f 9843/2/6739 9841/2/6737 9836/2/6732
f 9840/2/6736 9837/2/6733 9841/2/6737
f 9841/2/6737 9844/2/7497 9840/2/6736
f 9835/2/6731 9845/2/6741 9842/2/6738
f 9846/2/6742 9847/2/6743 9848/2/6744
f 9849/2/6745 9850/2/6746 9851/2/6747
f 9849/2/6745 9852/2/6748 9850/2/6746
f 9853/2/6749 9851/2/6747 9854/2/6750
f 9853/2/6749 9849/2/6745 9851/2/6747
f 9855/2/6751 9847/2/6743 9856/2/6752
f 9857/2/6753 9846/2/6742 9848/2/6744
f 9858/2/6754 9854/2/6750 9859/2/6755
f 9847/2/6743 9860/2/7498 9848/2/6744
f 9855/2/6751 9860/2/7498 9847/2/6743
f 9857/2/6753 9859/2/6755 9846/2/6742
f 9861/2/6757 9852/2/6748 9849/2/6745
f 9853/2/6749 9854/2/6750 9858/2/6754
f 9862/2/6758 9855/2/6751 9863/2/6759
f 9864/2/6760 9855/2/6751 9862/2/6758
f 9858/2/6754 9859/2/6755 9857/2/6753
f 9865/2/6761 9866/2/6762 9867/2/6763
f 9868/2/6764 9858/2/6754 9857/2/6753
f 9869/2/6765 9870/2/7499 9871/2/6767
f 9869/2/6765 9871/2/6767 9868/2/6764
f 9869/2/6765 9868/2/6764 9857/2/6753
f 9870/2/7499 9872/2/7500 9871/2/6767
f 9873/2/6769 9872/2/7500 9870/2/7499
f 9874/2/6770 9860/2/7498 9864/2/6760
f 9875/2/6771 9876/2/6772 9877/2/6773
f 9878/2/6774 9872/2/7500 9873/2/6769
f 9878/2/6774 9873/2/6769 9879/2/6775
f 9879/2/6775 9867/2/6763 9878/2/6774
f 9880/2/6776 9867/2/6763 9879/2/6775
f 9881/2/6777 9882/2/6778 9866/2/6762
f 9883/2/6779 9881/2/6777 9866/2/6762
f 9883/2/6779 9866/2/6762 9884/2/6780
f 9885/2/6781 9881/2/6777 9883/2/6779
f 9886/2/6782 9887/2/6783 9888/2/6784
f 9876/2/6772 9889/2/6785 9886/2/6782
f 9890/2/6786 9876/2/6772 9875/2/6771
f 9886/2/6782 9889/2/6785 9891/2/6787
f 9892/2/6788 9867/2/6763 9880/2/6776
f 9890/2/6786 9889/2/6785 9876/2/6772
f 9887/2/6783 9886/2/6782 9891/2/6787
f 9893/2/6789 9885/2/6781 9883/2/6779
f 9865/2/6761 9884/2/6780 9866/2/6762
f 9894/2/6790 9880/2/6776 9888/2/6784
f 9895/2/6791 9889/2/6785 9890/2/6786
f 9887/2/6783 9894/2/6790 9888/2/6784
f 9892/2/6788 9865/2/6761 9867/2/6763
f 9896/2/6792 9897/2/6793 9892/2/6788
f 9898/2/6794 9889/2/6785 9895/2/6791
f 9899/2/6795 9892/2/6788 9880/2/6776
f 9880/2/6776 9894/2/6790 9899/2/6795
f 9900/2/6796 9892/2/6788 9899/2/6795
f 9900/2/6796 9896/2/6792 9892/2/6788
f 9901/2/7501 9902/2/6798 9903/2/6799
f 9896/2/6792 9904/2/6800 9897/2/6793
f 9902/2/6798 9904/2/6800 9905/2/6801
f 9905/2/6801 9904/2/6800 9896/2/6792
f 9905/2/6801 9903/2/6799 9902/2/6798
f 9906/2/6802 9901/2/7501 9907/2/6803
f 9908/2/6804 9901/2/7501 9903/2/6799
f 9909/2/7502 9910/2/7503 9911/2/6807
f 9912/2/6808 9909/2/7502 9911/2/6807
f 9913/2/6809 9914/2/6810 9915/2/6811
f 9916/2/6812 9912/2/6808 9911/2/6807
f 9916/2/6812 9911/2/6807 9914/2/6810
f 9915/2/6811 9906/2/6802 9907/2/6803
f 9917/2/6813 9915/2/6811 9907/2/6803
f 9915/2/6811 9917/2/6813 9918/2/6814
f 9919/2/6815 9915/2/6811 9918/2/6814
f 9920/2/6816 9921/2/7504 9922/2/7505
f 9923/2/6819 9924/2/6820 9925/2/6821
f 9920/2/6816 9926/2/6822 9921/2/7504
f 9927/2/6823 9926/2/6822 9920/2/6816
f 9926/2/6822 9927/2/6823 9928/2/6824
f 9913/2/6809 9915/2/6811 9919/2/6815
f 9929/2/6825 9909/2/7502 9912/2/6808
f 9918/2/6814 9924/2/6820 9919/2/6815
f 9925/2/6821 9928/2/6824 9927/2/6823
f 9923/2/6819 9925/2/6821 9927/2/6823
f 9913/2/6809 9916/2/6812 9914/2/6810
f 9930/2/6826 9927/2/6823 9920/2/6816
f 9919/2/6815 9924/2/6820 9923/2/6819
f 9901/2/7501 9908/2/6804 9907/2/6803
f 9864/2/6760 9860/2/7498 9855/2/6751
f 9931/2/6827 9932/2/6828 9933/2/7506
f 9934/2/6830 9932/2/6828 9931/2/6827
f 9935/2/6831 9932/2/6828 9936/2/6832
f 9936/2/6832 9932/2/6828 9937/2/6833
f 9937/2/6833 9932/2/6828 9938/2/6834
f 9938/2/6834 9932/2/6828 9934/2/6830
f 9938/2/6834 9934/2/6830 9939/2/6835
f 9940/2/6836 9938/2/6834 9941/2/6837
f 9937/2/6833 9938/2/6834 9940/2/6836
f 9942/2/6838 9943/2/6839 9944/2/6840
f 9943/2/6839 9936/2/6832 9937/2/6833
f 9945/2/7507 9936/2/6832 9943/2/6839
f 9945/2/7507 9943/2/6839 9942/2/6838
f 9945/2/7507 9942/2/6838 9946/2/6842
f 9947/2/6843 9945/2/7507 9946/2/6842
f 9944/2/6840 9943/2/6839 9937/2/6833
f 9948/2/6844 9949/2/6845 9950/2/6846
f 9951/2/6847 9949/2/6845 9948/2/6844
f 9952/2/6848 9951/2/6847 9948/2/6844
f 9953/2/6849 9954/2/6850 9955/2/6851
f 9955/2/6851 9956/2/6852 9953/2/6849
f 9957/2/6853 9958/2/6854 9959/2/6855
f 9958/2/6854 9954/2/6850 9959/2/6855
f 9960/2/6856 9956/2/6852 9955/2/6851
f 9954/2/6850 9958/2/6854 9961/2/6857
f 9960/2/6856 9955/2/6851 9954/2/6850
f 9961/2/6857 9960/2/6856 9954/2/6850
f 9962/2/6858 9963/2/6859 9964/2/6860
f 9951/2/6847 9965/2/6861 9949/2/6845
f 9956/2/6852 9952/2/6848 9948/2/6844
f 9966/2/6862 9956/2/6852 9967/2/6863
f 9966/2/6862 9952/2/6848 9956/2/6852
f 9968/2/6864 9967/2/6863 9956/2/6852
f 9969/2/6865 9958/2/6854 9957/2/6853
f 9957/2/6853 9964/2/6860 9970/2/6866
f 9971/2/6867 9956/2/6852 9960/2/6856
f 9958/2/6854 9969/2/6865 9961/2/6857
f 9971/2/6867 9960/2/6856 9961/2/6857
f 9972/2/7508 9971/2/6867 9961/2/6857
f 9961/2/6857 9969/2/6865 9972/2/7508
f 9968/2/6864 9956/2/6852 9971/2/6867
f 9973/2/6869 9971/2/6867 9972/2/7508
f 9973/2/6869 9968/2/6864 9971/2/6867
f 9974/2/6870 9957/2/6853 9970/2/6866
f 9975/2/6871 9972/2/7508 9969/2/6865
f 9974/2/6870 9969/2/6865 9957/2/6853
f 9974/2/6870 9975/2/6871 9969/2/6865
f 9975/2/6871 9968/2/6864 9973/2/6869
f 9975/2/6871 9973/2/6869 9972/2/7508
f 9963/2/6859 9970/2/6866 9964/2/6860
f 9967/2/6863 9968/2/6864 9976/2/6872
f 9977/2/6873 9976/2/6872 9968/2/6864
f 9975/2/6871 9977/2/6873 9968/2/6864
f 9978/2/6874 9974/2/6870 9970/2/6866
f 9979/2/6875 9980/2/6876 9981/2/6877
f 9979/2/6875 9982/2/6878 9980/2/6876
f 9983/2/6879 9981/2/6877 9984/2/6880
f 9984/2/6880 9985/2/6881 9986/2/6882
f 9984/2/6880 9986/2/6882 9987/2/6883
f 9987/2/6883 9983/2/6879 9984/2/6880
f 9979/2/6875 9981/2/6877 9983/2/6879
f 9985/2/6881 9988/2/6884 9986/2/6882
f 9989/2/6885 9983/2/6879 9987/2/6883
f 9990/2/6886 9989/2/6885 9987/2/6883
f 9990/2/6886 9991/2/6887 9989/2/6885
f 9992/2/6888 9991/2/6887 9990/2/6886
f 9993/2/6889 9994/2/6890 9995/2/6891
f 9994/2/6890 9996/2/6892 9995/2/6891
f 9991/2/6887 9992/2/6888 9993/2/6889
f 9994/2/6890 9993/2/6889 9992/2/6888
f 9995/2/6891 9996/2/6892 9997/2/6893
f 9998/2/6894 9997/2/6893 9996/2/6892
f 9998/2/6894 9996/2/6892 9999/2/6895
f 10000/2/6896 10001/2/6897 9998/2/6894
f 10002/2/6898 10003/2/6899 10004/2/6900
f 10003/2/6899 10005/2/6901 10004/2/6900
f 9999/2/6895 10000/2/6896 9998/2/6894
f 10006/2/6902 10007/2/6903 10008/2/6904
f 10008/2/6904 10009/2/6905 10006/2/6902
f 10010/2/6906 10000/2/6896 9999/2/6895
f 9999/2/6895 9996/2/6892 10010/2/6906
f 10007/2/6903 10011/2/6907 10008/2/6904
f 10012/2/6908 10003/2/6899 10002/2/6898
f 10012/2/6908 10002/2/6898 10001/2/6897
f 10012/2/6908 10001/2/6897 10000/2/6896
f 10013/2/6909 10009/2/6905 10008/2/6904
f 9996/2/6892 10009/2/6905 10014/2/6910
f 10014/2/6910 10009/2/6905 10013/2/6909
f 10010/2/6906 9996/2/6892 10014/2/6910
f 10013/2/6909 10015/2/6911 10014/2/6910
f 10016/2/6912 10000/2/6896 10017/2/6913
f 10017/2/6913 10000/2/6896 10010/2/6906
f 10017/2/6913 10018/2/6914 10019/2/6915
f 10017/2/6913 10019/2/6915 10016/2/6912
f 10020/2/7509 10018/2/6914 10017/2/6913
f 10021/2/6917 10018/2/6914 10022/2/6918
f 10023/2/6919 10024/2/6920 10025/2/6921
f 10024/2/6920 10026/2/6922 10027/2/6923
f 10022/2/6918 10018/2/6914 10020/2/7509
f 10028/2/6924 10029/2/6925 10030/2/6926
f 10025/2/6921 10021/2/6917 10031/2/6927
f 10031/2/6927 10021/2/6917 10022/2/6918
f 10029/2/6925 10028/2/6924 10032/2/6928
f 10033/2/7510 10029/2/6925 10032/2/6928
f 10034/2/6930 10033/2/7510 10032/2/6928
f 10026/2/6922 10024/2/6920 10035/2/6931
f 10023/2/6919 10036/2/6932 10024/2/6920
f 10035/2/6931 10024/2/6920 10037/2/7511
f 10038/2/6934 10031/2/6927 10029/2/6925
f 10036/2/6932 10037/2/7511 10024/2/6920
f 10039/2/6935 10035/2/6931 10037/2/7511
f 10033/2/7510 10038/2/6934 10029/2/6925
f 10031/2/6927 10023/2/6919 10025/2/6921
f 10040/2/6936 10041/2/6937 10042/2/6938
f 10043/2/6939 10044/2/6940 10034/2/6930
f 10045/2/6941 10023/2/6919 10031/2/6927
f 10031/2/6927 10038/2/6934 10045/2/6941
f 10034/2/6930 10044/2/6940 10033/2/7510
f 10046/2/6942 10047/2/6943 10023/2/6919
f 10045/2/6941 10046/2/6942 10023/2/6919
f 10048/2/6944 10049/2/6945 10050/2/6946
f 10051/2/6947 10049/2/6945 10048/2/6944
f 10048/2/6944 10050/2/6946 10047/2/6943
f 10048/2/6944 10047/2/6943 10046/2/6942
f 10052/2/6948 10049/2/6945 10051/2/6947
f 10053/2/6949 10052/2/6948 10054/2/6950
f 10052/2/6948 10051/2/6947 10054/2/6950
f 10042/2/6938 10053/2/6949 10054/2/6950
f 10041/2/6937 10055/2/6951 10056/2/6952
f 10055/2/6951 10041/2/6937 10040/2/6936
f 10057/2/6953 10042/2/6938 10054/2/6950
f 10054/2/6950 10058/2/6954 10057/2/6953
f 10040/2/6936 10042/2/6938 10057/2/6953
f 10057/2/6953 10058/2/6954 10059/2/6955
f 10060/2/6956 10061/2/6957 10062/2/6958
f 10063/2/6959 10061/2/6957 10060/2/6956
f 10064/2/6960 10063/2/6959 10060/2/6956
f 10065/2/6961 10066/2/6962 10067/2/6963
f 10068/2/6964 10069/2/6965 10070/2/6966
f 10071/2/6967 10065/2/6961 10067/2/6963
f 10071/2/6967 10072/2/6968 10065/2/6961
f 10073/2/6969 10074/2/6970 10075/2/6971
f 10076/2/6972 10062/2/6958 10073/2/6969
f 10077/2/7512 10064/2/6960 10060/2/6956
f 10075/2/6971 10074/2/6970 10072/2/6968
f 10078/2/6974 10068/2/6964 10070/2/6966
f 10079/2/6975 10075/2/6971 10072/2/6968
f 10080/2/6976 10069/2/6965 10081/2/6977
f 10073/2/6969 10075/2/6971 10079/2/6975
f 10076/2/6972 10060/2/6956 10062/2/6958
f 10082/2/6978 10077/2/7512 10060/2/6956
f 10070/2/6966 10069/2/6965 10080/2/6976
f 10083/2/7513 10076/2/6972 10073/2/6969
f 10084/2/6980 10072/2/6968 10071/2/6967
f 10079/2/6975 10072/2/6968 10084/2/6980
f 10083/2/7513 10073/2/6969 10079/2/6975
f 10085/2/6981 10086/2/6982 10079/2/6975
f 10087/2/6983 10088/2/6984 10086/2/6982
f 10085/2/6981 10087/2/6983 10086/2/6982
f 10089/2/6985 10090/2/6986 10091/2/7514
f 10092/2/6988 10093/2/7515 10094/2/6990
f 10095/2/6991 10090/2/6986 10093/2/7515
f 10092/2/6988 10096/2/6992 10093/2/7515
f 10097/2/6993 10094/2/6990 10098/2/6994
f 10098/2/6994 10094/2/6990 10099/2/6995
f 10100/2/6996 10101/2/6997 10102/2/6998
f 10103/2/6999 10098/2/6994 10099/2/6995
f 10104/2/7000 10105/2/7001 10106/2/7002
f 10107/2/7003 10108/2/7004 10109/2/7005
f 10107/2/7003 10110/2/7006 10108/2/7004
f 10104/2/7000 10110/2/7006 10107/2/7003
f 10106/2/7002 10111/2/7007 10112/2/7008
f 10107/2/7003 10105/2/7001 10104/2/7000
f 10113/2/7009 10114/2/7010 10115/2/7011
f 10116/2/7012 10113/2/7009 10115/2/7011
f 10117/2/7013 10118/2/7014 10106/2/7002
f 10116/2/7012 10115/2/7011 10118/2/7014
f 10117/2/7013 10106/2/7002 10112/2/7008
f 10119/2/7015 10120/2/7516 10121/2/7017
f 10120/2/7516 10119/2/7015 10122/2/7018
f 10121/2/7017 10108/2/7004 10110/2/7006
f 10123/2/7019 10121/2/7017 10120/2/7516
f 10124/2/7020 10125/2/7021 10126/2/7517
f 10127/2/7023 10126/2/7517 10125/2/7021
f 10128/2/7024 10081/2/6977 10129/2/7025
f 10130/2/7026 10097/2/6993 10098/2/6994
f 10095/2/6991 10093/2/7515 10096/2/6992
f 10080/2/6976 10081/2/6977 10128/2/7024
f 10129/2/7025 10131/2/7027 10128/2/7024
f 10131/2/7027 10129/2/7025 10089/2/6985
f 10132/2/7028 10097/2/6993 10130/2/7026
f 10095/2/6991 10091/2/7514 10090/2/6986
f 10133/2/7029 10103/2/6999 10099/2/6995
f 10134/2/7030 10102/2/6998 10101/2/6997
f 10103/2/6999 10130/2/7026 10098/2/6994
f 10135/2/7031 10130/2/7026 10103/2/6999
f 10136/2/7032 10100/2/6996 10114/2/7010
f 10132/2/7028 10130/2/7026 10135/2/7031
f 10113/2/7009 10136/2/7032 10114/2/7010
f 10103/2/6999 10132/2/7028 10135/2/7031
f 10136/2/7032 10101/2/6997 10100/2/6996
f 10109/2/7005 10105/2/7001 10107/2/7003
f 10117/2/7013 10116/2/7012 10118/2/7014
f 10121/2/7017 10123/2/7019 10108/2/7004
f 10137/2/7033 10120/2/7516 10122/2/7018
f 10120/2/7516 10137/2/7033 10138/2/7034
f 10139/2/7035 10124/2/7020 10126/2/7517
f 10124/2/7020 10139/2/7035 10138/2/7034
f 10089/2/6985 10091/2/7514 10131/2/7027
f 10092/2/6988 10094/2/6990 10097/2/6993
f 10132/2/7028 10092/2/6988 10097/2/6993
f 10140/2/7518 10080/2/6976 10128/2/7024
f 10141/2/7037 10080/2/6976 10140/2/7518
f 10142/2/7038 10143/2/7039 10144/2/7040
f 10144/2/7040 10143/2/7039 10140/2/7518
f 10140/2/7518 10143/2/7039 10141/2/7037
f 10145/2/7041 10132/2/7028 10103/2/6999
f 10134/2/7030 10101/2/6997 10133/2/7029
f 10103/2/6999 10133/2/7029 10145/2/7041
f 10145/2/7041 10133/2/7029 10132/2/7028
f 10146/2/7042 10132/2/7028 10133/2/7029
f 10147/2/7043 10148/2/7044 10133/2/7029
f 10148/2/7044 10146/2/7042 10133/2/7029
f 10149/2/7519 10111/2/7007 10105/2/7001
f 10149/2/7519 10105/2/7001 10109/2/7005
f 10150/2/7046 10109/2/7005 10108/2/7004
f 10149/2/7519 10109/2/7005 10150/2/7046
f 10151/2/7047 10149/2/7519 10150/2/7046
f 10152/2/7048 10153/2/7049 10154/2/7050
f 10155/2/7051 10113/2/7009 10116/2/7012
f 10156/2/7052 10154/2/7050 10155/2/7051
f 10156/2/7052 10116/2/7012 10117/2/7013
f 10156/2/7052 10117/2/7013 10112/2/7008
f 10156/2/7052 10155/2/7051 10116/2/7012
f 10112/2/7008 10154/2/7050 10156/2/7052
f 10152/2/7048 10154/2/7050 10112/2/7008
f 10127/2/7023 10157/2/7053 10126/2/7517
f 10108/2/7004 10123/2/7019 10150/2/7046
f 10079/2/6975 10086/2/6982 10083/2/7513
f 10138/2/7034 10137/2/7033 10124/2/7020
f 10124/2/7020 10137/2/7033 10125/2/7021
f 10125/2/7021 10137/2/7033 10122/2/7018
f 10106/2/7002 10105/2/7001 10111/2/7007
f 10099/2/6995 10134/2/7030 10133/2/7029
f 10158/2/7054 10159/2/7055 10160/2/7056
f 10161/2/7057 10162/2/7058 10159/2/7055
f 10163/2/7059 10164/2/7060 10165/2/7061
f 10163/2/7059 10165/2/7061 10166/2/7062
f 10167/2/7063 10168/2/7064 10169/2/7065
f 10170/2/7066 10171/2/7067 10172/2/7068
f 10173/2/7069 10174/2/7070 10175/2/7071
f 10173/2/7069 10175/2/7071 10166/2/7062
f 10174/2/7070 10160/2/7056 10175/2/7071
f 10176/2/7072 10159/2/7055 10158/2/7054
f 10176/2/7072 10161/2/7057 10159/2/7055
f 10174/2/7070 10158/2/7054 10160/2/7056
f 10177/2/7073 10171/2/7067 10170/2/7066
f 10172/2/7068 10171/2/7067 10178/2/7074
f 10172/2/7068 10178/2/7074 10166/2/7062
f 10177/2/7073 10170/2/7066 10179/2/7075
f 10177/2/7073 10179/2/7075 10180/2/7076
f 10177/2/7073 10180/2/7076 10181/2/7520
f 10180/2/7076 10167/2/7063 10182/2/7078
f 10176/2/7072 10183/2/7079 10161/2/7057
f 10173/2/7069 10166/2/7062 10178/2/7074
f 10181/2/7520 10180/2/7076 10182/2/7078
f 10184/2/7080 10185/2/7081 10186/2/7082
f 10168/2/7064 10187/2/7083 10169/2/7065
f 10169/2/7065 10187/2/7083 10188/2/7084
f 10189/2/7085 10185/2/7081 10184/2/7080
f 10190/2/7086 10167/2/7063 10169/2/7065
f 10191/2/7087 10192/2/7088 10193/2/7089
f 10190/2/7086 10182/2/7078 10167/2/7063
f 10194/2/7090 10190/2/7086 10195/2/7091
f 10182/2/7078 10190/2/7086 10194/2/7090
f 10196/2/7092 10189/2/7085 10184/2/7080
f 10196/2/7092 10197/2/7093 10189/2/7085
f 10198/2/7094 10199/2/7095 10200/2/7096
f 10198/2/7094 10200/2/7096 10201/2/7097
f 10202/2/7098 10198/2/7094 10201/2/7097
f 10202/2/7098 10201/2/7097 10203/2/7099
f 10204/2/7100 10197/2/7093 10196/2/7092
f 10205/2/7101 10197/2/7093 10204/2/7100
f 10206/2/7102 10207/2/7103 10208/2/7104
f 10209/2/7105 10207/2/7103 10206/2/7102
f 10210/2/7521 10207/2/7103 10211/2/7107
f 10211/2/7107 10207/2/7103 10209/2/7105
f 10212/2/7108 10203/2/7099 10201/2/7097
f 10208/2/7104 10209/2/7105 10206/2/7102
f 10213/2/7109 10214/2/7522 10212/2/7108
f 10214/2/7522 10215/2/7523 10212/2/7108
f 10212/2/7108 10215/2/7523 10203/2/7099
f 10214/2/7522 10213/2/7109 10216/2/7112
f 10217/2/7113 10218/2/7114 10219/2/7115
f 10220/2/7116 10221/2/7117 10222/2/7118
f 10217/2/7113 10223/2/7119 10218/2/7114
f 10223/2/7119 10220/2/7116 10218/2/7114
f 10191/2/7087 10193/2/7089 10224/2/7120
f 10225/2/7121 10191/2/7087 10224/2/7120
f 10226/2/7122 10192/2/7088 10191/2/7087
f 10225/2/7121 10224/2/7120 10205/2/7101
f 10205/2/7101 10224/2/7120 10197/2/7093
f 10227/2/7123 10194/2/7090 10195/2/7091
f 10227/2/7123 10195/2/7091 10228/2/7124
f 10229/2/7125 10199/2/7095 10230/2/7126
f 10231/2/7524 10199/2/7095 10198/2/7094
f 10202/2/7098 10231/2/7524 10198/2/7094
f 10232/2/7128 10202/2/7098 10203/2/7099
f 10232/2/7128 10231/2/7524 10202/2/7098
f 10211/2/7107 10233/2/7129 10210/2/7521
f 10213/2/7109 10210/2/7521 10233/2/7129
f 10213/2/7109 10233/2/7129 10234/2/7525
f 10232/2/7128 10203/2/7099 10235/2/7131
f 10216/2/7112 10215/2/7523 10214/2/7522
f 10234/2/7525 10216/2/7112 10213/2/7109
f 10235/2/7131 10203/2/7099 10215/2/7523
f 10236/2/7132 10223/2/7119 10217/2/7113
f 10237/2/7133 10217/2/7113 10238/2/7134
f 10236/2/7132 10217/2/7113 10237/2/7133
f 10239/2/7135 10208/2/7104 10222/2/7118
f 10239/2/7135 10209/2/7105 10208/2/7104
f 10239/2/7135 10222/2/7118 10221/2/7117
f 10221/2/7117 10220/2/7116 10223/2/7119
f 10240/2/7526 10239/2/7135 10221/2/7117
f 10237/2/7133 10238/2/7134 10241/2/7527
f 10226/2/7122 10228/2/7124 10192/2/7088
f 10242/2/7138 10199/2/7095 10231/2/7524
f 10231/2/7524 10243/2/7139 10242/2/7138
f 10204/2/7100 10196/2/7092 10229/2/7125
f 10243/2/7139 10231/2/7524 10244/2/7140
f 10204/2/7100 10225/2/7121 10205/2/7101
f 10199/2/7095 10242/2/7138 10230/2/7126
f 10204/2/7100 10229/2/7125 10230/2/7126
f 10244/2/7140 10232/2/7128 10235/2/7131
f 10244/2/7140 10231/2/7524 10232/2/7128
f 10235/2/7131 10215/2/7523 10216/2/7112
f 10245/2/7141 10223/2/7119 10236/2/7132
f 10245/2/7141 10221/2/7117 10223/2/7119
f 10240/2/7526 10221/2/7117 10245/2/7141
f 10175/2/7071 10163/2/7059 10166/2/7062
f 10227/2/7123 10228/2/7124 10226/2/7122
f 10246/2/7142 10247/2/7143 10248/2/7144
f 10249/2/7145 10250/2/7146 10251/2/7147
f 10249/2/7145 10252/2/7148 10250/2/7146
f 10252/2/7148 10249/2/7145 10253/2/7149
f 10252/2/7148 10246/2/7142 10254/2/7528
f 10252/2/7148 10253/2/7149 10246/2/7142
f 10254/2/7528 10246/2/7142 10248/2/7144
f 10248/2/7144 10255/2/7151 10256/2/5183
f 10248/2/7144 10247/2/7143 10255/2/7151
f 10257/2/7152 10258/2/7153 10259/2/7154
f 10260/2/7155 10261/2/7156 10262/2/7157
f 10260/2/7155 10262/2/7157 10263/2/7158
f 10260/2/7155 10259/2/7154 10261/2/7156
f 10260/2/7155 10264/2/7159 10259/2/7154
f 10264/2/7159 10257/2/7152 10259/2/7154
f 10258/2/7153 10265/2/7160 10266/2/7161
f 10258/2/7153 10257/2/7152 10265/2/7160
f 10265/2/7160 10267/2/7162 10266/2/7161
f 10265/2/7160 10268/2/7163 10267/2/7162
f 10269/2/7164 10270/2/7165 10271/2/7166
f 10272/2/7167 10273/2/7529 10274/2/7169
f 10272/2/7167 10274/2/7169 10275/2/7170
f 10273/2/7529 10272/2/7167 10276/2/7171
f 10276/2/7171 10269/2/7164 10273/2/7529
f 10276/2/7171 10277/2/7172 10269/2/7164
f 10269/2/7164 10277/2/7172 10270/2/7165
f 10270/2/7165 10278/2/7173 10271/2/7166
f 10270/2/7165 10279/2/5206 10278/2/7173
f 10280/2/7175 10281/2/7176 10282/2/7177
f 10283/2/7178 10284/2/7179 10285/2/7180
f 10281/2/7176 10286/2/7181 10287/2/7182
f 10284/2/7179 10283/2/7178 10288/2/7183
f 10280/2/7175 10286/2/7181 10281/2/7176
f 10283/2/7178 10289/2/7184 10288/2/7183
f 10289/2/7184 10280/2/7175 10288/2/7183
f 10280/2/7175 10289/2/7184 10290/2/7185
f 10283/2/7178 10285/2/7180 10291/2/7186
f 10290/2/7185 10286/2/7181 10280/2/7175
f 10292/2/7187 10293/2/7188 10294/2/7189
f 10292/2/7187 10294/2/7189 10295/2/7190
f 10292/2/7187 10295/2/7190 10296/2/7191
f 10296/2/7191 10295/2/7190 10297/2/7192
f 10298/2/7193 10296/2/7191 10297/2/7192
f 10299/2/7530 10298/2/7193 10297/2/7192
f 10300/2/7195 10298/2/7193 10299/2/7530
f 10301/2/7531 10302/2/7197 10303/2/7532
f 10304/2/7199 10305/2/7200 10302/2/7197
f 10306/2/7533 10302/2/7197 10301/2/7531
f 10307/2/7202 10308/2/7203 10309/2/7204
f 10310/2/7205 10311/2/7534 10312/2/7207
f 10306/2/7533 10304/2/7199 10302/2/7197
f 10313/2/7208 10303/2/7532 10298/2/7193
f 10313/2/7208 10301/2/7531 10303/2/7532
f 10314/2/7209 10307/2/7202 10309/2/7204
f 10311/2/7534 10315/2/7210 10312/2/7207
f 10316/2/7535 10300/2/7195 10299/2/7530
f 10310/2/7205 10316/2/7535 10299/2/7530
f 10317/2/7212 10315/2/7210 10311/2/7534
f 10313/2/7208 10298/2/7193 10300/2/7195
f 10310/2/7205 10312/2/7207 10316/2/7535
f 10318/2/7213 10319/2/7214 10320/2/7215
f 10321/2/7216 10307/2/7202 10314/2/7209
f 10316/2/7535 10320/2/7215 10300/2/7195
f 10322/2/7217 10320/2/7215 10316/2/7535
f 10323/2/7218 10319/2/7214 10318/2/7213
f 10323/2/7218 10318/2/7213 10324/2/7219
f 10322/2/7217 10318/2/7213 10320/2/7215
f 10325/2/7220 10326/2/7221 10327/2/7222
f 10327/2/7222 10323/2/7218 10328/2/7223
f 10328/2/7223 10323/2/7218 10324/2/7219
f 10327/2/7222 10328/2/7223 10325/2/7220
f 10329/2/7224 10330/2/7225 10326/2/7221
f 10329/2/7224 10326/2/7221 10325/2/7220
f 10331/2/7226 10330/2/7225 10329/2/7224
f 10332/2/7227 10333/2/7228 10334/2/7229
f 10332/2/7227 10334/2/7229 10335/2/7230
f 10336/2/7231 10333/2/7228 10337/2/7232
f 10338/2/7233 10339/2/7234 10340/2/7235
f 10341/2/7236 10339/2/7234 10338/2/7233
f 10342/2/7237 10339/2/7234 10341/2/7236
f 10343/2/7238 10344/2/7239 10345/2/7240
f 10346/2/7241 10332/2/7227 10335/2/7230
f 10339/2/7234 10347/2/7242 10344/2/7239
f 10344/2/7239 10347/2/7242 10348/2/7243
f 10345/2/7240 10344/2/7239 10348/2/7243
f 10349/2/7244 10335/2/7230 10330/2/7225
f 10331/2/7226 10349/2/7244 10330/2/7225
f 10350/2/7536 10337/2/7232 10333/2/7228
f 10350/2/7536 10333/2/7228 10332/2/7227
f 10346/2/7241 10335/2/7230 10349/2/7244
f 10351/2/7246 10343/2/7238 10345/2/7240
f 10351/2/7246 10329/2/7224 10343/2/7238
f 10329/2/7224 10351/2/7246 10331/2/7226
f 10351/2/7246 10349/2/7244 10331/2/7226
f 10352/2/7247 10353/2/7248 10351/2/7246
f 10353/2/7248 10349/2/7244 10351/2/7246
f 10354/2/7249 10355/2/7250 10352/2/7247
f 10352/2/7247 10355/2/7250 10353/2/7248
f 10356/2/7251 10357/2/7252 10358/2/7253
f 10354/2/7249 10358/2/7253 10355/2/7250
f 10356/2/7251 10358/2/7253 10354/2/7249
f 10317/2/7212 10311/2/7534 10359/2/7254
f 10348/2/7243 10360/2/7255 10361/2/7256
f 10347/2/7242 10360/2/7255 10348/2/7243
f 10347/2/7242 10362/2/7257 10360/2/7255
f 10347/2/7242 10342/2/7237 10362/2/7257
f 10347/2/7242 10339/2/7234 10342/2/7237
f 10363/2/7258 10364/2/7259 10365/2/7260
f 10366/2/7261 10367/2/7262 10368/2/7263
f 10365/2/7260 10369/2/7264 10368/2/7263
f 10365/2/7260 10364/2/7259 10370/2/7265
f 10370/2/7265 10371/2/7266 10365/2/7260
f 10372/2/7267 10373/2/7268 10374/2/7269
f 10375/2/7270 10376/2/7271 10371/2/7266
f 10375/2/7270 10371/2/7266 10370/2/7265
f 10377/2/7272 10374/2/7269 10378/2/7273
f 10376/2/7271 10365/2/7260 10371/2/7266
f 10379/2/7274 10380/2/7275 10381/2/7276
f 10378/2/7273 10379/2/7274 10381/2/7276
f 10382/2/7277 10383/2/7278 10384/2/7279
f 10385/2/7280 10386/2/7281 10387/2/7282
f 10388/2/7283 10378/2/7273 10381/2/7276
f 10389/2/7284 10388/2/7283 10387/2/7282
f 10383/2/7278 10390/2/7285 10384/2/7279
f 10391/2/7286 10392/2/7287 10393/2/7288
f 10394/2/7289 10392/2/7287 10391/2/7286
f 10395/2/7290 10392/2/7287 10394/2/7289
f 10395/2/7290 10396/2/7291 10392/2/7287
f 10397/2/7292 10382/2/7277 10384/2/7279
f 10398/2/7293 10399/2/7294 10384/2/7279
f 10384/2/7279 10396/2/7291 10398/2/7293
f 10400/2/7295 10401/2/7296 10402/2/7297
f 10401/2/7296 10403/2/7298 10404/2/7299
f 10404/2/7299 10403/2/7298 10405/2/7300
f 10406/2/7301 10404/2/7299 10405/2/7300
f 10407/2/7302 10400/2/7295 10402/2/7297
f 10406/2/7301 10391/2/7286 10393/2/7288
f 10406/2/7301 10408/2/7303 10391/2/7286
f 10409/2/7304 10410/2/7305 10411/2/7306
f 10410/2/7305 10412/2/7307 10411/2/7306
f 10413/2/7308 10407/2/7302 10414/2/7309
f 10410/2/7305 10415/2/7310 10412/2/7307
f 10416/2/7311 10407/2/7302 10413/2/7308
f 10415/2/7310 10414/2/7309 10412/2/7307
f 10417/2/5344 10418/2/7312 10409/2/7304
f 10418/2/7312 10419/2/7313 10409/2/7304
f 10368/2/7263 10420/2/7314 10366/2/7261
f 10369/2/7264 10365/2/7260 10376/2/7271
f 10421/2/7315 10368/2/7263 10369/2/7264
f 10420/2/7314 10368/2/7263 10421/2/7315
f 10422/2/7316 10374/2/7269 10377/2/7272
f 10422/2/7316 10372/2/7267 10374/2/7269
f 10373/2/7268 10372/2/7267 10370/2/7265
f 10370/2/7265 10372/2/7267 10375/2/7270
f 10423/2/7317 10376/2/7271 10375/2/7270
f 10375/2/7270 10424/2/7318 10423/2/7317
f 10425/2/7319 10423/2/7317 10424/2/7318
f 10426/2/7320 10378/2/7273 10388/2/7283
f 10426/2/7320 10388/2/7283 10389/2/7284
f 10387/2/7282 10386/2/7281 10427/2/7321
f 10428/2/7322 10386/2/7281 10385/2/7280
f 10428/2/7322 10385/2/7280 10429/2/7323
f 10428/2/7322 10429/2/7323 10382/2/7277
f 10397/2/7292 10428/2/7322 10382/2/7277
f 10389/2/7284 10387/2/7282 10427/2/7321
f 10430/2/7324 10426/2/7320 10389/2/7284
f 10430/2/7324 10431/2/7325 10432/2/7326
f 10431/2/7325 10430/2/7324 10389/2/7284
f 10397/2/7292 10384/2/7279 10399/2/7294
f 10408/2/7303 10394/2/7289 10391/2/7286
f 10396/2/7291 10395/2/7290 10398/2/7293
f 10433/2/7327 10434/2/7328 10397/2/7292
f 10399/2/7294 10433/2/7327 10397/2/7292
f 10403/2/7298 10401/2/7296 10400/2/7295
f 10435/2/7329 10436/2/7330 10437/2/7331
f 10438/2/7332 10435/2/7329 10437/2/7331
f 10405/2/7300 10438/2/7332 10437/2/7331
f 10405/2/7300 10403/2/7298 10438/2/7332
f 10400/2/7295 10407/2/7302 10416/2/7311
f 10439/2/7333 10406/2/7301 10405/2/7300
f 10408/2/7303 10406/2/7301 10439/2/7333
f 10437/2/7331 10408/2/7303 10439/2/7333
f 10405/2/7300 10437/2/7331 10439/2/7333
f 10416/2/7311 10403/2/7298 10400/2/7295
f 10419/2/7313 10410/2/7305 10409/2/7304
f 10415/2/7310 10440/2/7334 10414/2/7309
f 10413/2/7308 10414/2/7309 10440/2/7334
f 10377/2/7272 10378/2/7273 10426/2/7320
f 10441/2/7335 10442/2/7336 10443/2/7337
f 10444/2/7338 10442/2/7336 10441/2/7335
f 10441/2/7335 10443/2/7337 10445/2/7339
f 10445/2/7339 10446/2/7340 10447/2/7341
f 10447/2/7341 10446/2/7340 10448/2/7342
f 10449/2/7343 10446/2/7340 10450/2/7344
f 10443/2/7337 10446/2/7340 10445/2/7339
f 10448/2/7342 10446/2/7340 10451/2/7345
f 10449/2/7343 10452/2/7346 10453/2/7347
f 10450/2/7344 10446/2/7340 10454/2/7348
f 10450/2/7344 10454/2/7348 10455/2/7349
f 10450/2/7344 10455/2/7349 10456/2/7537
f 10457/2/7538 10450/2/7344 10456/2/7537
f 10449/2/7343 10450/2/7344 10457/2/7538
f 10449/2/7343 10451/2/7345 10446/2/7340
f 10458/2/7352 10449/2/7343 10457/2/7538
f 10452/2/7346 10449/2/7343 10458/2/7352
f 10458/2/7352 10457/2/7538 10459/2/7353
f 10459/2/7353 10457/2/7538 10460/2/7354
f 10457/2/7538 10456/2/7537 10461/2/7355
f 10457/2/7538 10462/2/7356 10460/2/7354
f 10457/2/7538 10461/2/7355 10462/2/7356
f 10460/2/7354 10462/2/7356 10463/2/7357
f 10456/2/7537 10455/2/7349 10464/2/7358
f 10465/2/7359 10456/2/7537 10466/2/7360
f 10456/2/7537 10465/2/7359 10467/2/7361
f 10461/2/7355 10456/2/7537 10468/2/7362
f 10468/2/7362 10456/2/7537 10467/2/7361
f 10469/2/7539 10467/2/7361 10470/2/7364
f 10470/2/7364 10467/2/7361 10471/2/7365
f 10472/2/7366 10468/2/7362 10467/2/7361
f 10467/2/7361 10469/2/7539 10472/2/7366
f 10471/2/7365 10467/2/7361 10465/2/7359
f 10471/2/7365 10465/2/7359 10473/2/7367
f 10474/2/7368 10475/2/7369 10476/2/7540
f 10477/2/7371 10474/2/7368 10476/2/7540
f 10474/2/7368 10477/2/7371 10478/2/7372
f 10479/2/7373 10475/2/7369 10474/2/7368
f 10479/2/7373 10474/2/7368 10480/2/7374
f 10481/2/7375 10480/2/7374 10474/2/7368
f 10477/2/7371 10476/2/7540 10482/2/7376
f 10483/2/7541 10484/2/7542 10485/2/7379
f 10486/2/7380 10487/2/7381 10488/2/7382
f 10486/2/7380 10488/2/7382 10489/2/7383
f 10490/2/7543 10475/2/7369 10479/2/7373
f 10491/2/7544 10492/2/7386 10490/2/7543
f 10485/2/7379 10490/2/7543 10479/2/7373
f 10484/2/7542 10490/2/7543 10485/2/7379
f 10491/2/7544 10490/2/7543 10493/2/7387
f 10493/2/7387 10490/2/7543 10484/2/7542
f 10483/2/7541 10493/2/7387 10484/2/7542
f 10493/2/7387 10487/2/7381 10491/2/7544
f 10486/2/7380 10491/2/7544 10487/2/7381
f 10494/2/5421 10495/2/5421 10496/2/5421
f 10494/2/7388 10497/2/7389 10495/2/7390
f 10498/2/7391 10499/2/7392 10500/2/7393
f 10501/2/7545 10499/2/7392 10498/2/7391
f 10502/2/5442 10499/2/7392 10501/2/7545
f 10503/2/7395 10499/2/7392 10502/2/5442
f 10504/2/5421 10505/2/5421 10506/2/5421
f 10494/2/7388 10507/2/7396 10497/2/7389
f 10508/2/7546 10509/2/7398 10510/2/7547
f 10508/2/7546 10511/2/7400 10509/2/7398
f 10512/2/7548 10511/2/7400 10508/2/7546
f 10513/2/7549 10511/2/7400 10512/2/7548
f 10514/2/7403 10511/2/7400 10513/2/7549
f 10515/2/7404 10511/2/7400 10514/2/7403
f 10516/2/7405 10511/2/7400 10515/2/7404
f 10517/2/7400 10511/2/7400 10516/2/7405
f 10517/2/5421 10518/2/5421 10511/2/5421
f 10519/2/7407 10518/2/5443 10517/2/7400
f 10520/2/7550 10518/2/5443 10519/2/7407
f 10521/2/7551 10518/2/5443 10520/2/7550
f 10522/2/7410 10518/2/5443 10521/2/7551
f 10523/2/7411 10518/2/5443 10522/2/7410
f 10523/2/7411 10524/2/7412 10518/2/5443
f 10525/2/7413 10524/2/7412 10523/2/7411
f 10526/2/7398 10524/2/7412 10525/2/7413
f 10527/2/7415 10524/2/7412 10526/2/7398
f 10494/2/7388 10528/2/7416 10507/2/7396
f 10494/2/7388 10529/2/7417 10528/2/7416
f 10494/2/7388 10530/2/7418 10529/2/7417
f 10494/2/7388 10531/2/7419 10530/2/7418
f 10524/2/7412 10531/2/7419 10494/2/7388
f 10524/2/7412 10532/2/7420 10531/2/7419
f 10533/2/7552 10527/2/7415 10534/2/7422
f 10533/2/7552 10524/2/7412 10527/2/7415
f 10535/2/7423 10524/2/7412 10533/2/7552
f 10536/2/7553 10524/2/7412 10535/2/7423
f 10537/2/7425 10524/2/7412 10536/2/7553
f 10538/2/7426 10524/2/7412 10537/2/7425
f 10539/2/7427 10524/2/7412 10538/2/7426
f 10540/2/7554 10524/2/7412 10539/2/7427
f 10541/2/7555 10524/2/7412 10540/2/7554
f 10541/2/7555 10532/2/7420 10524/2/7412
f 10542/2/7430 10532/2/7420 10541/2/7555
f 10542/2/7430 10543/2/7431 10532/2/7420
f 10544/2/7432 10545/2/7433 10546/2/7556
f 10546/2/7556 10545/2/7433 10547/2/7435
f 10548/2/7436 10549/2/7437 10550/2/7438
f 10551/2/7557 10549/2/7437 10548/2/7436
f 10552/2/7440 10553/2/7441 10554/2/7442
f 10552/2/7440 10555/2/7443 10553/2/7441
f 10552/2/7440 10556/2/7444 10555/2/7443
f 10552/2/7440 10557/2/7558 10556/2/7444
f 10558/2/7445 10557/2/7445 10552/2/7445
f 10559/2/7446 10549/2/7437 10551/2/7557
f 10557/2/7558 10560/2/7447 10561/2/7448
f 10558/2/5483 10560/2/7447 10557/2/7558
f 10558/2/5483 10562/2/7559 10560/2/7447
f 10558/2/5483 10563/2/7560 10562/2/7559
f 10558/2/5483 10564/2/7451 10563/2/7560
f 10558/2/5483 10565/2/4594 10564/2/7451
f 10558/2/5483 10566/2/7561 10565/2/4594
f 10567/2/7453 10549/2/7437 10559/2/7446
f 10568/2/7454 10549/2/7437 10567/2/7453
f 10569/2/7455 10549/2/7437 10568/2/7454
f 10570/2/7456 10549/2/7437 10569/2/7455
f 10570/2/7456 10571/2/7457 10549/2/7437
f 10572/2/7458 10571/2/7457 10570/2/7456
f 10573/2/7459 10574/2/5496 10575/2/7461
f 10576/2/7462 10577/2/7463 10578/2/7464
f 10579/2/7465 10580/2/7562 10581/2/7467
f 10582/2/7468 10583/2/7469 10584/2/7470
f 10585/2/7471 10586/2/7472 10587/2/7473
f 10558/2/5483 10588/2/7474 10566/2/7561
f 10558/2/5483 10573/2/7459 10588/2/7474
f 10558/2/5483 10574/2/5496 10573/2/7459
f 10571/2/7457 10574/2/5496 10558/2/5483
f 10571/2/7457 10589/2/7563 10574/2/5496
f 10571/2/7457 10590/2/7476 10589/2/7563
f 10571/2/7457 10585/2/7471 10590/2/7476
f 10571/2/7457 10586/2/7472 10585/2/7471
f 10571/2/7457 10582/2/7468 10586/2/7472
f 10571/2/7457 10583/2/7469 10582/2/7468
f 10571/2/7457 10579/2/7465 10583/2/7469
f 10571/2/7457 10580/2/7562 10579/2/7465
f 10571/2/7457 10576/2/7462 10580/2/7562
f 10571/2/7457 10577/2/7463 10576/2/7462
f 10572/2/7458 10577/2/7463 10571/2/7457
f 10587/2/7473 10586/2/7472 10591/2/7477
f 10575/2/7461 10574/2/5496 10592/2/7564
f 10573/2/7459 10575/2/7461 10593/2/7479
f 10594/2/7480 10595/2/7481 10596/2/7482
f 10595/2/7481 10597/2/7565 10596/2/7482
f 10598/2/4577 10599/2/7484 10600/2/7485
f 10598/2/4577 10601/2/7486 10599/2/7484
f 10602/2/4583 10603/2/4583 10604/2/4583
f 10605/2/4582 10606/2/4582 10607/2/4582
f 10608/2/6391 10609/2/7487 10610/2/7566
f 10609/2/7487 10608/2/6391 10611/2/7488
f 10612/2/7489 10613/2/5530 10614/2/7490
f 10614/2/7490 10615/2/5532 10612/2/7489
f 10616/2/4590 10617/2/4590 10618/2/4590
f 10619/2/5533 10620/2/5533 10621/2/5533
f 10622/2/4590 10620/2/5533 10623/2/6398
f 10624/2/5536 10625/2/5536 10626/2/5536
f 10627/2/5533 10628/2/5533 10620/2/5533
f 10629/2/7491 10630/2/5538 10631/2/7492
f 10632/2/5540 10629/2/7491 10631/2/7492
