v -3.709988 0.000000 20.138872
v 5.135441 0.000000 20.138872
v -3.709988 0.000000 -17.057783
v 5.135441 0.000000 -17.057783
v 5.135441 0.000000 20.138872
v 5.135441 0.000000 -17.057783
v 5.135441 3.770382 20.138872
v 5.135441 3.770382 -17.057783
v -3.698192 0.000000 20.138872
v -3.698192 0.000000 -17.057783
v -3.698192 3.770382 20.138872
v -3.698192 3.770382 -17.057783
v -3.709988 -0.044227 20.138872
v 5.135441 -0.044227 20.138872
v -3.709988 -0.044227 -17.057783
v 5.135441 -0.044227 -17.057783
v 5.160976 -0.025535 20.246250
v 5.160976 -0.025535 -17.165161
v 5.166714 3.770382 20.270382
v 5.166714 3.770382 -17.189293
v -3.698192 0.000000 20.324856
v -3.698192 0.000000 -17.243767
v -3.698192 3.770382 20.324856
v -3.698192 3.770382 -17.243767
vn -0.0000 1.0000 -0.0000
vn -1.0000 -0.0000 -0.0000
vn -0.0000 -0.0000 -1.0000
vn -0.0000 -0.0000 1.0000
vn -0.0000 -1.0000 -0.0000
vn 0.5907 -0.8069 -0.0000
vn 1.0000 -0.0015 -0.0000
vn 0.0075 -0.0032 1.0000
vn 0.0075 -0.0032 -1.0000
vn -0.9729 -0.0000 -0.2314
vn -0.9729 -0.0000 0.2314
vn -0.0018 -0.9962 -0.0866
vn -0.0018 -0.9962 0.0866
vt 0.000000 0.000000
vt 1.000000 0.000000
vt 1.000000 1.000000
vt 0.000000 1.000000
v 3.609846 0.808784 -0.435875
v 3.597559 0.808784 -0.437556
v 3.604000 0.808784 -0.438957
v 3.609847 0.234013 -0.435875
v 3.597559 0.234013 -0.437556
v 3.604000 0.233980 -0.438957
v 3.348553 0.173905 0.506243
v 3.501151 0.396695 0.504579
v 3.501151 0.359912 0.504579
v 3.346749 0.173905 0.340744
v 3.499347 0.359912 0.339080
v 3.499347 0.396695 0.339080
v 3.373289 0.173905 2.775319
v 3.525887 0.396695 2.773655
v 3.525887 0.359912 2.773655
v 3.371485 0.173905 2.609820
v 3.524083 0.359912 2.608157
v 3.524083 0.396695 2.608157
v 3.562835 0.002583 -0.414431
v 3.563126 -0.001504 -0.387815
v 3.562978 -0.001504 -0.401365
v 3.563125 1.083742 -0.387815
v 3.562835 1.061812 -0.414431
v 3.562978 1.075767 -0.401365
v 3.638238 -0.001504 -0.388634
v 3.637948 0.002583 -0.415250
v 3.638090 -0.001504 -0.402184
v 3.637948 1.061812 -0.415250
v 3.638238 1.083742 -0.388634
v 3.638090 1.075767 -0.402184
v 3.717848 0.396695 0.336698
v 3.717848 0.359912 0.336698
v 3.870446 0.173905 0.335035
v 3.719652 0.396695 0.502197
v 3.872250 0.173905 0.500534
v 3.719652 0.359912 0.502197
v 3.742584 0.359912 2.605775
v 3.895182 0.173905 2.604111
v 3.742584 0.396695 2.605775
v 3.744388 0.396695 2.771274
v 3.896986 0.173905 2.769610
v 3.744388 0.359912 2.771274
v 3.680900 0.002583 3.524785
v 3.680608 -0.001504 3.498048
v 3.680756 -0.001504 3.511598
v 3.680608 1.083742 3.498048
v 3.680899 1.061812 3.524785
v 3.680756 1.075767 3.511598
v 3.605495 1.083742 3.498867
v 3.605643 -0.001504 3.512417
v 3.605495 -0.001504 3.498867
v 3.605787 1.061812 3.525603
v 3.605643 1.075767 3.512417
v 3.535583 0.569479 2.705552
v 3.510526 0.569479 0.406956
v 3.533949 0.396695 3.513198
v 3.538268 0.606228 2.748838
v 3.536618 0.582039 2.732159
v 3.512265 0.606228 0.363622
v 3.491284 0.396695 -0.400584
v 3.510980 0.582039 0.380333
v 3.517041 0.679063 0.397690
v 3.517502 0.681522 0.426965
v 3.532289 1.075767 -0.401031
v 3.515754 0.662250 0.373626
v 3.514009 0.635602 0.361183
v 3.541537 0.662250 2.738760
v 3.540064 0.635602 2.751238
v 3.574954 1.075767 3.512751
v 3.542298 0.679063 2.714553
v 3.542120 0.681522 2.685275
v 3.733209 0.569479 2.703397
v 3.732755 0.582039 2.730021
v 3.731469 0.606228 2.746732
v 3.752450 0.396695 3.510816
v 3.729726 0.635602 2.749171
v 3.727981 0.662250 2.736727
v 3.711444 1.075767 3.511263
v 3.726691 0.679063 2.712543
v 3.726232 0.681522 2.683268
v 3.708151 0.569479 0.404802
v 3.705467 0.606228 0.361516
v 3.707117 0.582039 0.378195
v 3.709784 0.396695 -0.402966
v 3.702198 0.662250 0.371594
v 3.703671 0.635602 0.359115
v 3.668779 1.075767 -0.402519
v 3.701435 0.679063 0.395680
v 3.701613 0.681522 0.424958
v 3.680720 0.210255 3.558181
v 3.684110 0.214376 3.559112
v 3.681993 0.210255 3.547640
v 3.685455 0.214376 3.547844
v 3.681755 0.210255 3.525743
v 3.685214 0.214376 3.525705
v 3.680720 0.204873 3.558181
v 3.681993 0.204873 3.547640
v 3.677001 0.210255 3.567538
v 3.680036 0.214376 3.569198
v 3.689272 0.215306 3.560386
v 3.690748 0.215306 3.548150
v 3.681755 0.204873 3.525743
v 3.690503 0.215306 3.525648
v 3.684089 0.200752 3.559112
v 3.680720 0.204873 3.558181
v 3.685435 0.200752 3.547845
v 3.681993 0.204873 3.547640
v 3.676981 0.204873 3.567538
v 3.673495 0.214376 3.577981
v 3.670993 0.210255 3.575468
v 3.684690 0.215306 3.571809
v 3.693810 0.212615 3.561547
v 3.695396 0.212615 3.548341
v 3.685194 0.200752 3.525706
v 3.681755 0.204873 3.525743
v 3.695148 0.212615 3.525597
v 3.696978 0.207531 3.525577
v 3.697227 0.207531 3.548442
v 3.695128 0.202513 3.525597
v 3.695376 0.202513 3.548341
v 3.690728 0.199822 3.548150
v 3.690483 0.199822 3.525648
v 3.689252 0.199822 3.560386
v 3.680016 0.200752 3.569199
v 3.676981 0.204873 3.567538
v 3.670993 0.204873 3.575468
v 3.664899 0.214376 3.584729
v 3.663117 0.210255 3.581724
v 3.677296 0.215306 3.581690
v 3.688779 0.212615 3.574185
v 3.695606 0.207531 3.562011
v 3.693790 0.202513 3.561547
v 3.684670 0.199822 3.571810
v 3.673475 0.200752 3.577981
v 3.670993 0.204873 3.575468
v 3.663117 0.204873 3.581724
v 3.654869 0.214376 3.588953
v 3.653927 0.210255 3.585575
v 3.667624 0.215306 3.589297
v 3.680650 0.212615 3.584921
v 3.690377 0.207531 3.575014
v 3.688758 0.202513 3.574064
v 3.677276 0.199822 3.581691
v 3.664878 0.200752 3.584609
v 3.663117 0.204873 3.581724
v 3.653927 0.204873 3.585575
v 3.644065 0.214376 3.590522
v 3.644027 0.210255 3.587014
v 3.656293 0.215306 3.594140
v 3.670001 0.212615 3.593264
v 3.681972 0.207531 3.586237
v 3.680630 0.202513 3.584921
v 3.667604 0.199822 3.589298
v 3.654849 0.200752 3.588953
v 3.653927 0.204873 3.585575
v 3.644027 0.204873 3.587014
v 3.634078 0.210255 3.585791
v 3.633210 0.214376 3.589189
v 3.644123 0.215306 3.595845
v 3.657569 0.212615 3.598603
v 3.670944 0.207531 3.594948
v 3.670001 0.202513 3.593264
v 3.656293 0.199822 3.594140
v 3.644065 0.200752 3.590522
v 3.644027 0.204873 3.587014
v 3.634078 0.204873 3.585791
v 3.624806 0.210255 3.582142
v 3.623090 0.214376 3.585185
v 3.631899 0.215306 3.594406
v 3.644175 0.212615 3.600564
v 3.658051 0.207531 3.600412
v 3.657549 0.202513 3.598603
v 3.644123 0.199822 3.595845
v 3.634078 0.204873 3.585791
v 3.633230 0.200752 3.589189
v 3.624806 0.204873 3.582142
v 3.614350 0.214376 3.578626
v 3.616796 0.210255 3.576058
v 3.620465 0.215306 3.589812
v 3.630721 0.212615 3.598895
v 3.644195 0.207531 3.602378
v 3.644175 0.202513 3.600564
v 3.631899 0.199822 3.594406
v 3.624806 0.204873 3.582142
v 3.623109 0.200752 3.585064
v 3.616796 0.204873 3.576058
v 3.607618 0.214376 3.569988
v 3.610616 0.210255 3.568261
v 3.610630 0.215306 3.582417
v 3.618176 0.212615 3.593829
v 3.630279 0.207531 3.600715
v 3.630741 0.202513 3.598895
v 3.620485 0.199822 3.589811
v 3.614370 0.200752 3.578626
v 3.616796 0.204873 3.576058
v 3.610636 0.204873 3.568261
v 3.606694 0.210255 3.558988
v 3.603326 0.214376 3.559992
v 3.603022 0.215306 3.572700
v 3.607347 0.212615 3.585720
v 3.617269 0.207531 3.595533
v 3.618176 0.202513 3.593829
v 3.610650 0.199822 3.582417
v 3.607638 0.200752 3.569988
v 3.610636 0.204873 3.568261
v 3.606694 0.204873 3.558988
v 3.605191 0.210255 3.548478
v 3.601735 0.214376 3.548757
v 3.598192 0.215306 3.561379
v 3.598986 0.212615 3.575164
v 3.606055 0.207531 3.587065
v 3.607367 0.202513 3.585720
v 3.603042 0.199822 3.572700
v 3.603346 0.200752 3.559992
v 3.606694 0.204873 3.558988
v 3.605191 0.204873 3.548478
v 3.604953 0.210255 3.526580
v 3.601494 0.214376 3.526618
v 3.596450 0.215306 3.549178
v 3.593680 0.212615 3.562638
v 3.597406 0.207531 3.576028
v 3.599005 0.202513 3.575042
v 3.598212 0.199822 3.561379
v 3.601755 0.200752 3.548757
v 3.605191 0.204873 3.548478
v 3.604953 0.204873 3.526580
v 3.596205 0.215306 3.526676
v 3.591807 0.212615 3.549470
v 3.591896 0.207531 3.563142
v 3.593700 0.202513 3.562638
v 3.596470 0.199822 3.549178
v 3.601514 0.200752 3.526618
v 3.604953 0.204873 3.526580
v 3.596225 0.199822 3.526675
v 3.591827 0.202513 3.549470
v 3.591579 0.202513 3.526726
v 3.589978 0.207531 3.549611
v 3.589729 0.207531 3.526746
v 3.591559 0.212615 3.526726
v 3.680720 0.858060 3.558181
v 3.684109 0.862180 3.559112
v 3.681993 0.858060 3.547640
v 3.685455 0.862180 3.547844
v 3.681755 0.858060 3.525743
v 3.685214 0.862180 3.525705
v 3.680720 0.852711 3.558181
v 3.681993 0.852711 3.547640
v 3.677001 0.858060 3.567538
v 3.680036 0.862180 3.569198
v 3.689272 0.863111 3.560386
v 3.690748 0.863111 3.548150
v 3.681755 0.852711 3.525743
v 3.690503 0.863111 3.525648
v 3.684089 0.848590 3.559112
v 3.680720 0.852711 3.558181
v 3.685435 0.848590 3.547845
v 3.681993 0.852711 3.547640
v 3.676981 0.852711 3.567538
v 3.673495 0.862180 3.577981
v 3.670993 0.858060 3.575468
v 3.684690 0.863111 3.571809
v 3.693810 0.860419 3.561547
v 3.695396 0.860419 3.548341
v 3.685194 0.848590 3.525706
v 3.681755 0.852711 3.525743
v 3.695148 0.860419 3.525597
v 3.696978 0.855369 3.525577
v 3.697227 0.855369 3.548442
v 3.695128 0.850318 3.525597
v 3.695376 0.850318 3.548341
v 3.690728 0.847627 3.548150
v 3.690483 0.847627 3.525648
v 3.689252 0.847627 3.560386
v 3.680016 0.848590 3.569199
v 3.676981 0.852711 3.567538
v 3.670993 0.852711 3.575468
v 3.664899 0.862180 3.584729
v 3.663117 0.858060 3.581724
v 3.677296 0.863111 3.581690
v 3.688779 0.860419 3.574185
v 3.695606 0.855369 3.562011
v 3.693790 0.850318 3.561547
v 3.684670 0.847627 3.571810
v 3.673475 0.848590 3.577981
v 3.670993 0.852711 3.575468
v 3.663117 0.852711 3.581724
v 3.654869 0.862180 3.588953
v 3.653927 0.858060 3.585575
v 3.667624 0.863111 3.589297
v 3.680650 0.860419 3.584921
v 3.690377 0.855369 3.575014
v 3.688758 0.850318 3.574064
v 3.677276 0.847627 3.581691
v 3.664878 0.848590 3.584609
v 3.663117 0.852711 3.581724
v 3.653927 0.852711 3.585575
v 3.644065 0.862180 3.590522
v 3.644027 0.858060 3.587014
v 3.656293 0.863111 3.594140
v 3.670001 0.860419 3.593264
v 3.681972 0.855369 3.586237
v 3.680630 0.850318 3.584921
v 3.667604 0.847627 3.589298
v 3.654849 0.848590 3.588953
v 3.653927 0.852711 3.585575
v 3.644027 0.852711 3.587014
v 3.634078 0.858060 3.585791
v 3.633210 0.862180 3.589189
v 3.644123 0.863111 3.595845
v 3.657569 0.860419 3.598603
v 3.670944 0.855369 3.594948
v 3.670001 0.850318 3.593264
v 3.656293 0.847627 3.594140
v 3.644065 0.848590 3.590522
v 3.644027 0.852711 3.587014
v 3.634078 0.852711 3.585791
v 3.624806 0.858060 3.582142
v 3.623090 0.862180 3.585185
v 3.631899 0.863111 3.594406
v 3.644175 0.860419 3.600564
v 3.658051 0.855369 3.600412
v 3.657549 0.850318 3.598603
v 3.644123 0.847627 3.595845
v 3.634078 0.852711 3.585791
v 3.633230 0.848590 3.589189
v 3.624806 0.852711 3.582142
v 3.614350 0.862180 3.578626
v 3.616796 0.858060 3.576058
v 3.620465 0.863111 3.589812
v 3.630721 0.860419 3.598895
v 3.644195 0.855369 3.602378
v 3.644175 0.850318 3.600564
v 3.631899 0.847627 3.594406
v 3.624806 0.852711 3.582142
v 3.623108 0.848590 3.585064
v 3.616796 0.852711 3.576058
v 3.607618 0.862180 3.569988
v 3.610616 0.858060 3.568261
v 3.610630 0.863111 3.582417
v 3.618176 0.860419 3.593829
v 3.630279 0.855369 3.600715
v 3.630741 0.850318 3.598895
v 3.620485 0.847627 3.589811
v 3.614370 0.848590 3.578626
v 3.616796 0.852711 3.576058
v 3.610636 0.852711 3.568261
v 3.606694 0.858060 3.558988
v 3.603326 0.862180 3.559992
v 3.603022 0.863111 3.572700
v 3.607347 0.860419 3.585720
v 3.617269 0.855369 3.595533
v 3.618176 0.850318 3.593829
v 3.610650 0.847627 3.582417
v 3.607638 0.848590 3.569988
v 3.610636 0.852711 3.568261
v 3.606694 0.852711 3.558988
v 3.605191 0.858060 3.548478
v 3.601735 0.862180 3.548757
v 3.598192 0.863111 3.561379
v 3.598986 0.860419 3.575164
v 3.606055 0.855369 3.587065
v 3.607367 0.850318 3.585720
v 3.603042 0.847627 3.572700
v 3.603346 0.848590 3.559992
v 3.606694 0.852711 3.558988
v 3.605191 0.852711 3.548478
v 3.604953 0.858060 3.526580
v 3.601494 0.862180 3.526618
v 3.596450 0.863111 3.549178
v 3.593680 0.860419 3.562638
v 3.597406 0.855369 3.576028
v 3.599005 0.850318 3.575042
v 3.598212 0.847627 3.561379
v 3.601755 0.848590 3.548757
v 3.605191 0.852711 3.548478
v 3.604953 0.852711 3.526580
v 3.596205 0.863111 3.526676
v 3.591807 0.860419 3.549470
v 3.591896 0.855369 3.563142
v 3.593700 0.850318 3.562638
v 3.596470 0.847627 3.549178
v 3.601514 0.848590 3.526618
v 3.604953 0.852711 3.526580
v 3.596225 0.847627 3.526675
v 3.591827 0.850318 3.549470
v 3.591579 0.850318 3.526726
v 3.589978 0.855369 3.549611
v 3.589729 0.855369 3.526746
v 3.591559 0.860419 3.526726
v 3.609994 0.902053 -0.422326
v 3.612427 0.896205 -0.420537
v 3.609915 0.897701 -0.429584
v 3.612373 0.893115 -0.425497
v 3.610090 0.904346 -0.413494
v 3.612518 0.898365 -0.412189
v 3.604172 0.905044 -0.423230
v 3.604079 0.900027 -0.431699
v 3.610357 0.890258 -0.418579
v 3.610327 0.888463 -0.421361
v 3.604270 0.907436 -0.414156
v 3.610440 0.892218 -0.410957
v 3.597720 0.903815 -0.422797
v 3.597635 0.899063 -0.430660
v 3.604738 0.886968 -0.417428
v 3.604721 0.885905 -0.419001
v 3.598198 0.886636 -0.419535
v 3.598184 0.881984 -0.420866
v 3.604721 0.885905 -0.419001
v 3.604710 0.881585 -0.419969
v 3.610188 0.905908 -0.404541
v 3.612611 0.899827 -0.403721
v 3.597819 0.906140 -0.413723
v 3.604817 0.888862 -0.410170
v 3.593635 0.898897 -0.421179
v 3.593569 0.895209 -0.427228
v 3.604738 0.886968 -0.417428
v 3.598218 0.887899 -0.417720
v 3.593779 0.890291 -0.422754
v 3.593746 0.881552 -0.425778
v 3.593818 0.892584 -0.419125
v 3.604371 0.909031 -0.404962
v 3.610528 0.893647 -0.402852
v 3.593729 0.901090 -0.412590
v 3.604817 0.888862 -0.410170
v 3.598300 0.889826 -0.410220
v 3.593904 0.894644 -0.411261
v 3.610275 0.906805 -0.396557
v 3.612695 0.900691 -0.395978
v 3.597918 0.907735 -0.404650
v 3.604903 0.890224 -0.402306
v 3.604460 0.909962 -0.396736
v 3.610609 0.894478 -0.395472
v 3.593823 0.902618 -0.403879
v 3.604903 0.890224 -0.402306
v 3.598386 0.891188 -0.402356
v 3.593994 0.896072 -0.403034
v 3.610366 0.907303 -0.388209
v 3.612782 0.901156 -0.387994
v 3.598006 0.908633 -0.396544
v 3.604982 0.891022 -0.395047
v 3.604553 0.910460 -0.388267
v 3.610693 0.894910 -0.387729
v 3.593909 0.903482 -0.396015
v 3.604982 0.891022 -0.395047
v 3.598465 0.891985 -0.395097
v 3.594075 0.896936 -0.395534
v 3.598097 0.909131 -0.388196
v 3.605063 0.891487 -0.387547
v 3.605063 0.891487 -0.387547
v 3.598548 0.892451 -0.387476
v 3.594161 0.897368 -0.387670
v 3.593997 0.903981 -0.387910
v 3.612327 0.881519 -0.429731
v 3.609846 0.881486 -0.435875
v 3.604000 0.881452 -0.438957
v 3.610303 0.881552 -0.423539
v 3.597559 0.881486 -0.437556
v 3.604710 0.881585 -0.419969
v 3.593512 0.881519 -0.432430
v 3.612327 0.808817 -0.429731
v 3.609846 0.808784 -0.435875
v 3.604000 0.808784 -0.438957
v 3.610303 0.808883 -0.423539
v 3.597559 0.808784 -0.437556
v 3.604710 0.808883 -0.419969
v 3.593512 0.808817 -0.432430
v 3.593746 0.808850 -0.425778
v 3.598184 0.809282 -0.420866
v 3.604710 0.808883 -0.419969
v 3.593746 0.808850 -0.425778
v 3.610303 0.808883 -0.423539
v 3.593512 0.808817 -0.432430
v 3.612327 0.808817 -0.429731
v 3.609994 0.327283 -0.422326
v 3.612427 0.321435 -0.420537
v 3.609915 0.322897 -0.429584
v 3.612373 0.318345 -0.425497
v 3.610090 0.329576 -0.413494
v 3.612518 0.323561 -0.412189
v 3.604172 0.330273 -0.423230
v 3.604079 0.325256 -0.431699
v 3.610357 0.315454 -0.418579
v 3.610327 0.313693 -0.421361
v 3.604271 0.332666 -0.414156
v 3.610440 0.317448 -0.410957
v 3.597720 0.329011 -0.422797
v 3.597635 0.324259 -0.430660
v 3.604738 0.312164 -0.417428
v 3.604721 0.311134 -0.419001
v 3.598198 0.311865 -0.419535
v 3.598184 0.307214 -0.420866
v 3.604721 0.311134 -0.419001
v 3.604710 0.306815 -0.419969
v 3.610188 0.331137 -0.404541
v 3.612611 0.325057 -0.403721
v 3.597819 0.331370 -0.413723
v 3.604817 0.314092 -0.410170
v 3.593635 0.324093 -0.421179
v 3.593569 0.320438 -0.427228
v 3.604738 0.312164 -0.417428
v 3.598218 0.313095 -0.417720
v 3.593779 0.315520 -0.422754
v 3.593746 0.306782 -0.425778
v 3.593818 0.317813 -0.419125
v 3.604371 0.334261 -0.404962
v 3.610528 0.318843 -0.402852
v 3.593729 0.326319 -0.412590
v 3.604817 0.314092 -0.410170
v 3.598300 0.315022 -0.410220
v 3.593904 0.319873 -0.411261
v 3.610275 0.332034 -0.396557
v 3.612695 0.325921 -0.395978
v 3.597918 0.332932 -0.404650
v 3.604903 0.315454 -0.402306
v 3.604460 0.335158 -0.396736
v 3.610609 0.319674 -0.395472
v 3.593823 0.327815 -0.403879
v 3.604903 0.315454 -0.402306
v 3.598386 0.316418 -0.402356
v 3.593994 0.321302 -0.403034
v 3.610366 0.332533 -0.388209
v 3.612782 0.326386 -0.387994
v 3.598006 0.333862 -0.396544
v 3.604982 0.316251 -0.395047
v 3.604553 0.335656 -0.388267
v 3.610693 0.320139 -0.387729
v 3.593909 0.328712 -0.396015
v 3.604982 0.316251 -0.395047
v 3.598465 0.317215 -0.395097
v 3.594075 0.322133 -0.395534
v 3.598097 0.334360 -0.388196
v 3.605064 0.316683 -0.387547
v 3.605064 0.316683 -0.387547
v 3.598548 0.317680 -0.387476
v 3.594161 0.322598 -0.387670
v 3.593997 0.329177 -0.387910
v 3.612327 0.306748 -0.429731
v 3.609847 0.306715 -0.435875
v 3.604000 0.306682 -0.438957
v 3.610303 0.306782 -0.423539
v 3.597559 0.306682 -0.437556
v 3.604710 0.306815 -0.419969
v 3.593512 0.306715 -0.432430
v 3.612327 0.234046 -0.429731
v 3.609847 0.234013 -0.435875
v 3.604000 0.233980 -0.438957
v 3.610303 0.234080 -0.423539
v 3.597559 0.234013 -0.437556
v 3.604710 0.234113 -0.419969
v 3.593512 0.234046 -0.432430
v 3.593746 0.234080 -0.425778
v 3.598184 0.234512 -0.420866
v 3.604710 0.234113 -0.419969
v 3.593746 0.234080 -0.425778
v 3.610303 0.234080 -0.423539
v 3.593512 0.234046 -0.432430
v 3.612327 0.234046 -0.429731
v 3.722794 0.784428 3.532071
v 3.713040 0.922389 3.532178
v 3.683156 0.783664 3.532504
v 3.683156 0.921624 3.532504
v 3.683091 0.921624 3.526576
v 3.712975 0.922389 3.526250
v 3.683091 0.783664 3.526576
v 3.722729 0.784428 3.526143
v 3.722729 0.784428 3.526143
v 3.683091 0.783664 3.526576
v 3.712975 0.922389 3.526250
v 3.722729 0.784428 3.526143
v 3.683091 0.921624 3.526576
v 3.712975 0.922389 3.526250
v 3.565509 0.784428 3.533786
v 3.605147 0.783664 3.533354
v 3.575263 0.922389 3.533679
v 3.605147 0.921624 3.533354
v 3.605083 0.921624 3.527426
v 3.605083 0.783664 3.527426
v 3.575198 0.922389 3.527751
v 3.565445 0.784428 3.527858
v 3.605083 0.783664 3.527426
v 3.565445 0.784428 3.527858
v 3.605083 0.921624 3.527426
v 3.605083 0.783664 3.527426
v 3.575198 0.922389 3.527751
v 3.605083 0.921624 3.527426
v 3.722794 0.136623 3.532071
v 3.713040 0.274584 3.532178
v 3.683156 0.135859 3.532504
v 3.683156 0.273820 3.532504
v 3.683091 0.273820 3.526576
v 3.712976 0.274584 3.526250
v 3.683091 0.135859 3.526576
v 3.722729 0.136623 3.526143
v 3.722729 0.136623 3.526143
v 3.683091 0.135859 3.526576
v 3.712976 0.274584 3.526250
v 3.722729 0.136623 3.526143
v 3.683091 0.273820 3.526576
v 3.712976 0.274584 3.526250
v 3.565510 0.136623 3.533786
v 3.605147 0.135859 3.533354
v 3.575263 0.274584 3.533679
v 3.605147 0.273820 3.533354
v 3.605083 0.273820 3.527426
v 3.605083 0.135859 3.527426
v 3.575198 0.274584 3.527751
v 3.565445 0.136623 3.527858
v 3.605083 0.135859 3.527426
v 3.565445 0.136623 3.527858
v 3.605083 0.273820 3.527426
v 3.605083 0.135859 3.527426
v 3.575198 0.274584 3.527751
v 3.605083 0.273820 3.527426
v 3.563027 0.255246 -0.396889
v 3.572780 0.393206 -0.396995
v 3.636108 0.256641 -0.397686
v 3.636108 0.394569 -0.397686
v 3.636205 0.394569 -0.388733
v 3.572878 0.393206 -0.388043
v 3.636205 0.256641 -0.388733
v 3.563124 0.255246 -0.387937
v 3.563124 0.255246 -0.387937
v 3.636205 0.256641 -0.388733
v 3.636205 0.394569 -0.388733
v 3.572878 0.393206 -0.388043
v 3.636205 0.256641 -0.388733
v 3.636205 0.394569 -0.388733
v 3.563026 0.830016 -0.396889
v 3.572780 0.967977 -0.396995
v 3.636108 0.831412 -0.397686
v 3.636108 0.969373 -0.397686
v 3.636205 0.969373 -0.388733
v 3.572878 0.967977 -0.388043
v 3.636205 0.831412 -0.388733
v 3.563124 0.830016 -0.387937
v 3.563124 0.830016 -0.387937
v 3.636205 0.831412 -0.388733
v 3.636205 0.969373 -0.388733
v 3.572878 0.967977 -0.388043
v 3.636205 0.831412 -0.388733
v 3.636205 0.969373 -0.388733
v 3.271054 0.075152 -0.398183
v 3.491284 0.396695 -0.400584
v 3.284084 0.076182 -0.411392
v 3.495505 0.384833 -0.413697
v 3.278278 -0.001504 0.264539
v 3.278596 0.075152 0.293695
v 3.271054 -0.001504 -0.398183
v 3.271054 0.075152 -0.398183
v 3.286419 0.081233 0.629365
v 3.282785 0.081233 0.296069
v 3.937053 0.081233 0.622272
v 3.933420 0.081233 0.288976
v 3.302174 -0.001504 2.456552
v 3.302493 0.075152 2.485828
v 3.282599 -0.001504 0.660865
v 3.282281 0.075152 0.631709
v 3.310315 0.081233 2.821378
v 3.306681 0.081233 2.488081
v 3.960949 0.081233 2.814285
v 3.957316 0.081233 2.480989
v 3.313719 -0.001504 3.515599
v 3.313719 0.075152 3.515599
v 3.306496 -0.001504 2.852999
v 3.306177 0.075152 2.823722
v 3.313719 0.075152 3.515599
v 3.327035 0.076182 3.528642
v 3.533949 0.396695 3.513198
v 3.538457 0.384833 3.526337
v 3.284084 0.002583 -0.411392
v 3.271054 -0.001504 -0.398183
v 3.534882 1.061812 -0.414126
v 3.937238 -0.001504 0.257355
v 3.638238 -0.001504 -0.388634
v 3.930014 -0.001504 -0.405366
v 3.638090 -0.001504 -0.402184
v 3.930014 -0.001504 -0.405366
v 3.930014 0.075152 -0.405366
v 3.937238 -0.001504 0.257355
v 3.937557 0.075152 0.286511
v 3.941559 -0.001504 0.653681
v 3.941241 0.075152 0.624525
v 3.961134 -0.001504 2.449368
v 3.961453 0.075152 2.478645
v 3.302174 -0.001504 2.456552
v 3.282599 -0.001504 0.660865
v 3.961134 -0.001504 2.449368
v 3.941559 -0.001504 0.653681
v 3.965456 -0.001504 2.845815
v 3.965137 0.075152 2.816538
v 3.972680 -0.001504 3.508415
v 3.972679 0.075152 3.508415
v 3.313719 -0.001504 3.515599
v 3.306496 -0.001504 2.852999
v 3.605643 -0.001504 3.512417
v 3.605495 -0.001504 3.498867
v 3.680756 -0.001504 3.511598
v 3.680608 -0.001504 3.498048
v 3.972680 -0.001504 3.508415
v 3.965456 -0.001504 2.845815
v 3.327035 0.002583 3.528642
v 3.313719 -0.001504 3.515599
v 3.577833 1.061812 3.525908
v 3.605787 0.002583 3.525603
v 3.700996 1.087264 3.491897
v 3.680756 1.075767 3.511598
v 3.680608 1.083742 3.498048
v 3.605643 1.075767 3.512417
v 3.584978 1.087264 3.493162
v 3.605495 1.083742 3.498867
v 3.658756 1.087264 -0.382808
v 3.542739 1.087264 -0.381544
v 3.638238 1.083742 -0.388634
v 3.563125 1.083742 -0.387815
v 3.638090 1.075767 -0.402184
v 3.562978 1.075767 -0.401365
v 3.532289 1.075767 -0.401031
v 3.930014 -0.001504 -0.405366
v 3.916699 0.002583 -0.418289
v 3.930014 0.075152 -0.405366
v 3.916699 0.076182 -0.418289
v 3.709784 0.396695 -0.402966
v 3.705278 0.384833 -0.415984
v 3.972679 0.075152 3.508415
v 3.752450 0.396695 3.510816
v 3.959651 0.076182 3.521746
v 3.748230 0.384833 3.524050
v 3.972680 -0.001504 3.508415
v 3.959651 0.002583 3.521746
v 3.574954 1.075767 3.512751
v 3.711444 1.075767 3.511263
v 3.708853 1.061812 3.524480
v 3.668779 1.075767 -0.402519
v 3.665901 1.061812 -0.415555
v 3.960949 0.081233 2.814285
v 3.957316 0.081233 2.480989
v 3.961453 0.075152 2.478645
v 3.302493 0.075152 2.485828
v 3.306177 0.075152 2.823722
v 3.965137 0.075152 2.816538
v 3.282281 0.075152 0.631709
v 3.941241 0.075152 0.624525
v 3.937557 0.075152 0.286511
v 3.278596 0.075152 0.293695
v 3.278278 -0.001504 0.264539
v 3.563126 -0.001504 -0.387815
v 3.562978 -0.001504 -0.401365
v 3.271054 -0.001504 -0.398183
v 3.731461 0.588717 2.650058
v 3.536168 0.588717 2.652187
v 3.732749 0.571904 2.674122
v 3.535405 0.571904 2.676273
v 3.733209 0.569479 2.703397
v 3.535583 0.569479 2.705552
v 3.536618 0.582039 2.732159
v 3.732755 0.582039 2.730021
v 3.731469 0.606228 2.746732
v 3.538268 0.606228 2.748838
v 3.537640 0.615399 2.639588
v 3.729715 0.615399 2.637494
v 3.539436 0.644739 2.641988
v 3.727972 0.644739 2.639933
v 3.726687 0.668962 2.656765
v 3.541087 0.668962 2.658788
v 3.729726 0.635602 2.749171
v 3.540064 0.635602 2.751238
v 3.727981 0.662250 2.736727
v 3.541537 0.662250 2.738760
v 3.726691 0.679063 2.712543
v 3.542298 0.679063 2.714553
v 3.726232 0.681522 2.683268
v 3.542120 0.681522 2.685275
v 3.542120 0.681522 2.685275
v 3.726232 0.681522 2.683268
v 3.517041 0.679063 0.397690
v 3.701435 0.679063 0.395680
v 3.517502 0.681522 0.426965
v 3.701613 0.681522 0.424958
v 3.702198 0.662250 0.371594
v 3.515754 0.662250 0.373626
v 3.517502 0.681522 0.426965
v 3.701613 0.681522 0.424958
v 3.517048 0.668962 0.453589
v 3.702647 0.668962 0.451565
v 3.703671 0.635602 0.359115
v 3.514009 0.635602 0.361183
v 3.515762 0.644739 0.470300
v 3.704297 0.644739 0.468244
v 3.705467 0.606228 0.361516
v 3.512265 0.606228 0.363622
v 3.514019 0.615399 0.472860
v 3.706095 0.615399 0.470766
v 3.707117 0.582039 0.378195
v 3.510980 0.582039 0.380333
v 3.512274 0.588717 0.460295
v 3.707566 0.588717 0.458166
v 3.708151 0.569479 0.404802
v 3.510526 0.569479 0.406956
v 3.510985 0.571904 0.436232
v 3.708330 0.571904 0.434080
v 3.306681 0.081233 2.488081
v 3.310315 0.081233 2.821378
v 3.282785 0.081233 0.296069
v 3.286419 0.081233 0.629365
v 3.937053 0.081233 0.622272
v 3.933420 0.081233 0.288976
v 3.535405 0.571904 2.676273
v 3.510985 0.571904 0.436232
v 3.512274 0.588717 0.460295
v 3.536168 0.588717 2.652187
v 3.537640 0.615399 2.639588
v 3.514019 0.615399 0.472860
v 3.515762 0.644739 0.470300
v 3.539436 0.644739 2.641988
v 3.541087 0.668962 2.658788
v 3.517048 0.668962 0.453589
v 3.732749 0.571904 2.674122
v 3.708330 0.571904 0.434080
v 3.707566 0.588717 0.458166
v 3.731461 0.588717 2.650058
v 3.729715 0.615399 2.637494
v 3.706095 0.615399 0.470766
v 3.704297 0.644739 0.468244
v 3.727972 0.644739 2.639933
v 3.726687 0.668962 2.656765
v 3.702647 0.668962 0.451565
vn -0.0021 -1.0000 0.0076
vn -0.0021 -1.0000 0.0075
vn 0.0023 -1.0000 0.0076
vn -0.0020 -1.0000 0.0076
vn 0.0023 -1.0000 0.0075
vn -0.0087 -0.0000 -1.0000
vn 0.0131 -0.0000 0.9999
vn 0.9999 -0.0000 -0.0109
vn -0.9999 -0.0000 0.0109
vn -0.9302 0.3670 0.0088
vn -0.9980 0.0610 0.0148
vn -0.9425 0.3342 0.0065
vn -0.9981 0.0610 0.0071
vn -0.9302 0.3669 0.0082
vn -0.9667 0.2545 0.0256
vn -0.9980 0.0610 0.0147
vn -0.9671 0.2545 -0.0045
vn -0.9981 0.0610 0.0070
vn -0.9961 0.0873 0.0109
vn 0.9425 0.3342 -0.0089
vn 0.9981 0.0611 -0.0109
vn 0.9302 0.3669 -0.0082
vn 0.9981 0.0610 -0.0109
vn 0.9671 0.2541 0.0101
vn 0.9981 0.0609 -0.0109
vn 0.9962 0.0872 -0.0072
vn 0.9425 0.3342 -0.0084
vn 0.9302 0.3670 -0.0088
vn 0.9667 0.2544 -0.0274
vn 0.9981 0.0608 -0.0108
vn 0.9961 0.0872 -0.0146
vn 0.9981 0.0611 -0.0108
vn -0.9049 0.3587 -0.2293
vn -0.4461 0.8882 -0.1100
vn -0.9354 0.3521 -0.0331
vn -0.4798 0.8773 -0.0137
vn -0.9395 0.3425 0.0083
vn -0.4949 0.8689 0.0073
vn -0.9049 -0.3587 -0.2293
vn -0.9369 -0.3479 -0.0332
vn -0.8110 0.3649 -0.4574
vn -0.3998 0.8884 -0.2256
vn 0.2109 0.9760 0.0542
vn 0.1933 0.9811 0.0035
vn -0.9395 -0.3424 0.0083
vn 0.1760 0.9844 -0.0000
vn -0.4500 -0.8857 -0.1138
vn -0.9049 -0.3587 -0.2292
vn -0.4837 -0.8750 -0.0174
vn -0.9369 -0.3480 -0.0332
vn -0.8136 -0.3586 -0.4578
vn -0.3275 0.8889 -0.3202
vn -0.6656 0.3620 -0.6526
vn 0.1901 0.9757 0.1091
vn 0.7591 0.6204 0.1973
vn 0.7741 0.6323 0.0293
vn -0.4988 -0.8667 0.0036
vn -0.9395 -0.3426 0.0084
vn 0.7682 0.6401 -0.0121
vn 0.9993 -0.0037 0.0370
vn 0.7651 -0.6438 -0.0083
vn 0.7714 -0.6356 0.0311
vn 0.1933 -0.9811 0.0036
vn 0.1760 -0.9844 -0.0000
vn 0.2066 -0.9770 0.0525
vn -0.3998 -0.8884 -0.2256
vn -0.8135 -0.3587 -0.4577
vn -0.6656 -0.3620 -0.6526
vn -0.2317 0.8881 -0.3970
vn -0.4731 0.3662 -0.8013
vn 0.1562 0.9759 0.1525
vn 0.6822 0.6224 0.3838
vn 0.9686 -0.0038 0.2486
vn 0.7562 -0.6249 0.1940
vn 0.1901 -0.9757 0.1091
vn -0.3274 -0.8890 -0.3202
vn -0.6656 -0.3621 -0.6526
vn -0.4769 -0.3593 -0.8021
vn -0.1247 0.8895 -0.4396
vn -0.2499 0.3610 -0.8984
vn 0.1133 0.9756 0.1882
vn 0.5605 0.6190 0.5502
vn 0.8711 -0.0000 0.4911
vn 0.6822 -0.6224 0.3838
vn 0.1562 -0.9759 0.1525
vn -0.2360 -0.8877 -0.3953
vn -0.4769 -0.3595 -0.8021
vn -0.2500 -0.3610 -0.8984
vn -0.0072 0.8889 -0.4580
vn -0.0124 0.3616 -0.9322
vn 0.0613 0.9756 0.2110
vn 0.4006 0.6188 0.6758
vn 0.7140 -0.0000 0.7001
vn 0.5604 -0.6240 0.5446
vn 0.1089 -0.9764 0.1863
vn -0.1248 -0.8861 -0.4464
vn -0.2499 -0.3610 -0.8984
vn -0.0124 -0.3616 -0.9323
vn 0.2303 0.3610 -0.9037
vn 0.1151 0.8895 -0.4422
vn 0.0046 0.9761 0.2172
vn 0.2100 0.6235 0.7531
vn 0.5082 -0.0000 0.8613
vn 0.3966 -0.6220 0.6751
vn 0.0569 -0.9758 0.2111
vn -0.0028 -0.8889 -0.4580
vn -0.0124 -0.3617 -0.9322
vn 0.2303 -0.3610 -0.9037
vn 0.4554 0.3658 -0.8117
vn 0.2231 0.8906 -0.3963
vn -0.0566 0.9756 0.2122
vn 0.0063 0.6227 0.7825
vn 0.2676 -0.0037 0.9635
vn 0.2100 -0.6234 0.7531
vn 0.0045 -0.9761 0.2172
vn 0.2303 -0.3611 -0.9037
vn 0.1150 -0.8861 -0.4490
vn 0.4593 -0.3588 -0.8126
vn 0.3204 0.8884 -0.3287
vn 0.6513 0.3615 -0.6672
vn -0.1091 0.9756 0.1907
vn -0.1935 0.6234 0.7575
vn 0.0107 -0.6226 0.7824
vn -0.0523 -0.9758 0.2122
vn 0.4593 -0.3591 -0.8125
vn 0.2273 -0.8872 -0.4016
vn 0.6513 -0.3614 -0.6672
vn 0.3947 0.8881 -0.2357
vn 0.8008 0.3637 -0.4758
vn -0.1528 0.9759 0.1559
vn -0.3858 0.6222 0.6812
vn -0.2466 -0.0001 0.9691
vn -0.1935 -0.6234 0.7575
vn -0.1048 -0.9760 0.1907
vn 0.3203 -0.8885 -0.3286
vn 0.6512 -0.3616 -0.6672
vn 0.8034 -0.3573 -0.4764
vn 0.8997 0.3615 -0.2446
vn 0.4435 0.8880 -0.1214
vn -0.1877 0.9757 0.1132
vn -0.5484 0.6222 0.5587
vn -0.4893 -0.0038 0.8721
vn -0.3818 -0.6255 0.6804
vn -0.1528 -0.9759 0.1558
vn 0.3947 -0.8880 -0.2358
vn 0.8033 -0.3574 -0.4763
vn 0.8996 -0.3573 -0.2509
vn 0.9345 0.3527 -0.0478
vn 0.4794 0.8772 -0.0260
vn -0.2097 0.9759 0.0608
vn -0.6737 0.6237 0.3965
vn -0.6985 -0.0038 0.7156
vn -0.5484 -0.6222 0.5587
vn -0.1877 -0.9757 0.1132
vn 0.4474 -0.8855 -0.1253
vn 0.8996 -0.3574 -0.2508
vn 0.9360 -0.3484 -0.0496
vn 0.9394 0.3424 -0.0140
vn 0.4949 0.8689 -0.0054
vn -0.1931 0.9811 0.0097
vn -0.7546 0.6213 0.2109
vn -0.8601 -0.0000 0.5101
vn -0.6736 -0.6237 0.3965
vn -0.2054 -0.9769 0.0588
vn 0.4832 -0.8750 -0.0298
vn 0.9360 -0.3485 -0.0496
vn 0.9395 -0.3424 -0.0140
vn -0.1760 0.9844 0.0038
vn -0.7733 0.6322 0.0480
vn -0.9630 -0.0038 0.2696
vn -0.7518 -0.6242 0.2126
vn -0.1932 -0.9811 0.0097
vn 0.4987 -0.8667 -0.0092
vn 0.9394 -0.3425 -0.0139
vn -0.1760 -0.9844 0.0038
vn -0.7706 -0.6358 0.0443
vn -0.7654 -0.6435 0.0102
vn -0.9983 -0.0000 0.0589
vn -0.7681 0.6402 0.0084
vn -0.4460 0.8882 -0.1101
vn -0.9370 -0.3479 -0.0332
vn 0.1933 0.9811 0.0036
vn -0.4837 -0.8751 -0.0174
vn -0.9369 -0.3481 -0.0332
vn -0.8136 -0.3585 -0.4578
vn -0.3274 0.8890 -0.3202
vn 0.7591 0.6203 0.1973
vn 0.7742 0.6323 0.0293
vn -0.4988 -0.8667 0.0035
vn 0.7681 0.6402 -0.0122
vn 0.7655 -0.6434 -0.0083
vn 0.2067 -0.9770 0.0525
vn -0.6657 -0.3620 -0.6526
vn -0.3275 -0.8889 -0.3203
vn -0.2499 0.3611 -0.8984
vn 0.6822 -0.6223 0.3838
vn -0.2359 -0.8877 -0.3953
vn -0.0028 0.8889 -0.4580
vn -0.0080 0.3616 -0.9323
vn 0.4006 0.6187 0.6758
vn -0.2499 -0.3611 -0.8984
vn -0.0080 -0.3616 -0.9323
vn 0.2100 0.6234 0.7531
vn 0.5079 -0.0001 0.8614
vn 0.3966 -0.6221 0.6751
vn -0.0080 -0.3617 -0.9322
vn 0.2231 0.8906 -0.3964
vn 0.0107 0.6227 0.7824
vn 0.0002 -0.9761 0.2173
vn 0.4593 -0.3589 -0.8126
vn -0.1092 0.9756 0.1907
vn 0.0088 -0.0000 1.0000
vn 0.0063 -0.6227 0.7825
vn 0.6513 -0.3615 -0.6672
vn 0.3947 0.8881 -0.2358
vn 0.8008 0.3636 -0.4759
vn -0.2466 -0.0000 0.9691
vn -0.1936 -0.6234 0.7575
vn 0.3204 -0.8885 -0.3286
vn -0.5483 0.6222 0.5588
vn -0.3819 -0.6254 0.6804
vn 0.8034 -0.3574 -0.4763
vn 0.4795 0.8772 -0.0260
vn -0.6737 0.6236 0.3965
vn 0.9394 0.3424 -0.0141
vn 0.4950 0.8689 -0.0054
vn -0.8602 -0.0000 0.5100
vn -0.1759 0.9844 0.0037
vn -0.9630 -0.0038 0.2697
vn -0.1931 -0.9811 0.0097
vn -0.9999 0.0001 0.0109
vn -0.7682 0.6402 0.0084
vn 0.7126 0.6450 -0.2760
vn 0.9948 0.0849 -0.0556
vn 0.6615 0.4062 -0.6304
vn 0.9814 0.0929 -0.1678
vn 0.7379 0.6575 -0.1520
vn 0.9987 0.0471 -0.0200
vn 0.1330 0.9131 -0.3853
vn 0.1152 0.5548 -0.8240
vn 0.8207 -0.5405 0.1849
vn 0.8682 -0.2484 0.4296
vn 0.1438 0.9668 -0.2115
vn 0.7941 -0.5961 0.1186
vn -0.4986 0.8012 -0.3308
vn -0.4607 0.4981 -0.7346
vn 0.2182 -0.9214 0.3216
vn 0.2580 -0.4367 0.8618
vn -0.5537 -0.3916 0.7348
vn -0.4701 -0.0227 0.8823
vn 0.2081 -0.0151 0.9780
vn 0.7414 0.6633 -0.1021
vn 0.9989 0.0436 -0.0145
vn -0.5158 0.8380 -0.1779
vn 0.2041 -0.9579 0.2020
vn -0.9285 0.3451 -0.1369
vn -0.8968 0.2431 -0.3697
vn 0.2181 -0.9214 0.3217
vn -0.5069 -0.8120 0.2893
vn -0.9742 -0.1149 0.1944
vn -0.9294 -0.0076 0.3689
vn -0.9511 -0.2884 0.1104
vn 0.1443 0.9789 -0.1444
vn 0.7910 -0.6071 0.0759
vn -0.9432 0.3266 -0.0609
vn 0.2040 -0.9579 0.2021
vn -0.4815 -0.8550 0.1927
vn -0.9356 -0.3421 0.0872
vn 0.7418 0.6675 -0.0646
vn 0.9991 0.0392 -0.0145
vn -0.5189 0.8471 -0.1148
vn 0.2033 -0.9697 0.1351
vn 0.1450 0.9858 -0.0845
vn 0.7907 -0.6105 0.0460
vn -0.9444 0.3265 -0.0387
vn 0.2032 -0.9698 0.1352
vn -0.4821 -0.8659 0.1332
vn -0.9344 -0.3517 0.0573
vn 0.7420 0.6686 -0.0496
vn 0.9991 0.0391 -0.0145
vn -0.5184 0.8523 -0.0697
vn 0.2028 -0.9757 0.0826
vn 0.1452 0.9875 -0.0619
vn 0.7878 -0.6155 0.0253
vn -0.9442 0.3291 -0.0162
vn 0.2026 -0.9758 0.0826
vn -0.4827 -0.8721 0.0807
vn -0.9345 -0.3533 0.0422
vn -0.5181 0.8540 -0.0472
vn 0.2024 -0.9779 0.0525
vn 0.2022 -0.9779 0.0525
vn -0.4829 -0.8738 0.0582
vn -0.9331 -0.3584 0.0291
vn -0.9455 0.3253 -0.0105
vn 0.9983 0.0073 -0.0584
vn 0.7292 0.0527 -0.6823
vn 0.1308 0.0679 -0.9891
vn 0.7968 -0.0189 0.6040
vn -0.5194 0.0604 -0.8524
vn 0.2082 -0.0151 0.9780
vn -0.9446 0.0302 -0.3268
vn 0.9993 -0.0000 -0.0371
vn 0.7410 -0.0000 -0.6715
vn 0.1351 -0.0000 -0.9908
vn 0.7915 0.0038 0.6112
vn -0.5305 -0.0000 -0.8477
vn 0.2210 0.0001 0.9753
vn -0.9516 -0.0000 -0.3074
vn -0.9294 -0.0000 0.3690
vn -0.4661 -0.0000 0.8847
vn 0.2209 -0.0000 0.9753
vn -0.4663 -0.0000 0.8846
vn -0.0235 -0.9983 0.0532
vn -0.0021 -0.9999 0.0152
vn -0.0234 -0.9983 0.0531
vn -0.0020 -0.9999 0.0151
vn 0.9948 0.0850 -0.0556
vn 0.6614 0.4063 -0.6305
vn 0.7379 0.6575 -0.1521
vn 0.9987 0.0471 -0.0201
vn 0.1152 0.5548 -0.8239
vn 0.8208 -0.5405 0.1849
vn 0.1436 0.9668 -0.2114
vn 0.7942 -0.5960 0.1185
vn -0.4986 0.8011 -0.3310
vn 0.2181 -0.9214 0.3216
vn -0.5537 -0.3917 0.7349
vn 0.9989 0.0435 -0.0145
vn 0.2040 -0.9579 0.2020
vn -0.9742 -0.1148 0.1944
vn 0.2039 -0.9579 0.2021
vn -0.4814 -0.8550 0.1926
vn -0.5188 0.8471 -0.1148
vn 0.1449 0.9858 -0.0845
vn 0.2031 -0.9698 0.1351
vn -0.9344 -0.3516 0.0573
vn -0.9442 0.3290 -0.0162
vn 0.2026 -0.9758 0.0827
vn -0.9346 -0.3533 0.0423
vn -0.5181 0.8540 -0.0471
vn 0.2023 -0.9779 0.0525
vn -0.4829 -0.8737 0.0581
vn 0.9983 0.0073 -0.0583
vn 0.7914 0.0038 0.6112
vn 0.2211 -0.0000 0.9753
vn -0.9295 -0.0000 0.3689
vn -0.4662 -0.0000 0.8847
vn -0.0234 -0.9983 0.0530
vn 0.0198 -0.9998 -0.0002
vn 0.0193 -0.9998 -0.0002
vn 0.9975 0.0698 -0.0091
vn -0.0242 0.9997 0.0003
vn -0.0241 0.9997 0.0003
vn -0.9975 0.0698 0.0071
vn -0.9975 0.0697 0.0071
vn -0.0193 -0.9998 0.0002
vn -0.0198 -0.9998 0.0002
vn 0.0242 0.9997 -0.0003
vn 0.0241 0.9997 -0.0003
vn 0.0191 -0.9998 -0.0002
vn 0.0196 -0.9998 -0.0002
vn -0.0196 0.9998 0.0002
vn -0.0197 0.9998 0.0002
vn 0.0194 -0.9998 -0.0002
vn 0.0197 -0.9998 -0.0002
vn -0.8261 0.5635 0.0090
vn -0.8261 0.5635 0.0091
vn -0.8236 0.5671 0.0109
vn -0.8186 0.5743 0.0070
vn -0.9044 0.4266 -0.0108
vn -0.0698 0.0377 -0.9968
vn -0.8063 0.3028 -0.5082
vn -0.8846 0.4661 0.0115
vn -1.0000 -0.0000 -0.0065
vn -0.9044 0.4266 -0.0109
vn 0.0022 -1.0000 -0.0000
vn -0.9972 0.0742 0.0089
vn -0.9972 0.0742 0.0090
vn -0.9996 -0.0000 0.0283
vn -0.9040 0.4268 0.0269
vn -0.8846 0.4662 0.0115
vn -0.9040 0.4268 0.0268
vn -0.0481 0.0340 0.9983
vn -0.7950 0.3028 0.5256
vn -0.8187 0.5742 0.0070
vn -0.0306 -0.0000 -0.9995
vn -0.0109 0.0076 -0.9999
vn -0.0087 0.0076 -0.9999
vn 0.0021 -1.0000 -0.0076
vn 0.0020 -0.9999 -0.0151
vn 0.9996 -0.0000 -0.0283
vn 0.9040 0.4268 -0.0267
vn 0.8846 0.4662 -0.0115
vn 0.9972 0.0742 -0.0090
vn 0.9972 0.0743 -0.0090
vn 1.0000 -0.0000 0.0065
vn 0.9044 0.4266 0.0108
vn -0.0022 -1.0000 -0.0000
vn 0.0024 -0.9999 0.0151
vn -0.0088 -0.0000 1.0000
vn 0.0131 0.0076 0.9999
vn 0.0048 0.7682 0.6402
vn -0.0002 1.0000 0.0001
vn 0.0047 0.7778 0.6285
vn 0.0033 0.8635 0.5044
vn 0.0092 0.7682 0.6401
vn 0.0091 0.7778 0.6284
vn 0.0022 1.0000 -0.0000
vn 0.0077 0.8635 0.5043
vn -0.0022 1.0000 -0.0000
vn -0.0005 1.0000 -0.0000
vn -0.0077 0.8635 -0.5043
vn -0.0033 0.8635 -0.5044
vn -0.0092 0.7682 -0.6401
vn -0.0090 0.7778 -0.6284
vn -0.0048 0.7682 -0.6402
vn -0.0047 0.7778 -0.6285
vn 0.0021 -1.0000 -0.0077
vn -0.0011 -0.9547 -0.2975
vn 0.0020 -0.9999 -0.0152
vn -0.0047 0.7777 -0.6286
vn -0.0087 0.0074 -0.9999
vn -0.0010 -0.9547 -0.2975
vn 0.9996 -0.0000 -0.0282
vn 0.0087 -0.0000 -1.0000
vn 0.9039 0.4268 -0.0267
vn 0.0480 0.0377 -0.9981
vn 0.7950 0.3023 -0.5259
vn 0.8186 0.5743 -0.0070
vn 0.8261 0.5635 -0.0090
vn 0.8236 0.5671 -0.0109
vn 0.8260 0.5635 -0.0128
vn 0.9044 0.4266 0.0107
vn 0.0698 0.0340 0.9970
vn 0.8063 0.3055 0.5066
vn 1.0000 -0.0000 0.0064
vn 0.0306 0.0001 0.9995
vn 0.0054 -0.9547 0.2975
vn 0.0024 -0.9999 0.0152
vn -0.0021 -1.0000 0.0077
vn -0.0020 -0.9999 0.0153
vn 0.0091 0.7777 0.6286
vn 0.0131 0.0074 0.9999
vn 0.0047 0.7777 0.6286
vn 0.0130 0.0074 0.9999
vn 0.0046 0.7777 0.6286
vn 0.0109 0.0076 0.9999
vn -0.0092 0.7682 -0.6402
vn -0.0090 0.7777 -0.6285
vn -0.9961 0.0872 0.0107
vn -0.9515 0.0527 -0.3029
vn -0.8063 0.3028 -0.5081
vn 0.9448 0.0597 -0.3223
vn -0.9961 0.0872 0.0110
vn -0.9447 0.0527 0.3236
vn 0.9962 0.0872 -0.0070
vn 0.9515 0.0597 0.3017
vn 0.8064 0.3053 0.5065
vn 0.0124 -0.3546 0.9349
vn -0.0080 -0.3546 -0.9350
vn -0.0081 -0.3546 -0.9350
vn 0.0123 -0.3546 0.9349
vn 0.0104 0.6517 0.7584
vn 0.0105 0.6518 0.7584
vn 0.0058 0.9428 0.3334
vn 0.0036 0.9429 0.3330
vn -0.0020 0.9850 -0.1725
vn 0.0003 0.9849 -0.1729
vn -0.0080 0.3476 -0.9376
vn -0.0080 0.3475 -0.9376
vn 0.0128 0.1877 0.9821
vn 0.0129 0.1876 0.9822
vn 0.0125 -0.3262 0.9452
vn 0.0093 -0.7585 0.6517
vn 0.0093 -0.7584 0.6517
vn -0.0085 -0.1654 -0.9862
vn -0.0086 -0.1654 -0.9862
vn -0.0062 -0.6344 -0.7730
vn -0.0015 -0.9403 -0.3404
vn -0.0016 -0.9402 -0.3405
vn 0.0032 -0.9836 0.1802
vn 0.0042 -0.9836 0.1801
vn 0.0042 -0.9836 0.1803
vn 0.0059 -0.9403 0.3404
vn 0.0036 -0.9404 0.3400
vn -0.0032 -0.9836 -0.1802
vn 0.0002 -0.9836 -0.1802
vn 0.0106 -0.6344 0.7730
vn 0.0002 -0.9836 -0.1803
vn -0.0050 -0.7584 -0.6517
vn -0.0049 -0.7584 -0.6517
vn 0.0129 -0.1654 0.9861
vn 0.0130 -0.1654 0.9861
vn -0.0081 -0.3263 -0.9452
vn -0.0081 -0.3262 -0.9452
vn 0.0124 0.3475 0.9376
vn 0.0124 0.3476 0.9376
vn -0.0085 0.1877 -0.9822
vn -0.0061 0.6517 -0.7584
vn -0.0061 0.6518 -0.7584
vn 0.0041 0.9849 0.1728
vn 0.0034 0.9850 0.1728
vn -0.0015 0.9428 -0.3334
vn -0.0021 0.9428 -0.3333
vn 0.7482 0.6634 -0.0100
vn 0.7482 0.6634 -0.0101
vn -0.7483 0.6633 0.0082
vn -0.7482 0.6634 0.0082
vn -0.8260 0.5635 0.0090
vn 0.8260 0.5635 -0.0127
vn 0.8261 0.5635 -0.0052
vn 0.9981 0.0607 -0.0109
vn 0.9981 0.0612 -0.0109
vt 0.992370 0.028370
vt 0.990980 0.028490
vt 0.991620 0.028250
vt 0.992370 0.314540
vt 0.990980 0.314660
vt 0.991620 0.314300
vt 0.297960 0.779390
vt 0.327470 0.779270
vt 0.324030 0.780960
vt 0.298070 0.797850
vt 0.323710 0.796520
vt 0.327470 0.798210
vt 0.298170 0.532310
vt 0.327680 0.531950
vt 0.324250 0.533630
vt 0.298280 0.550650
vt 0.323930 0.549200
vt 0.327570 0.550890
vt 0.637760 0.876030
vt 0.634970 0.875420
vt 0.637010 0.874940
vt 0.635510 0.994140
vt 0.638410 0.991600
vt 0.637120 0.993170
vt 0.626820 0.875420
vt 0.623920 0.876150
vt 0.624670 0.875060
vt 0.624460 0.991720
vt 0.627360 0.994140
vt 0.625640 0.993290
vt 0.491310 0.798330
vt 0.494740 0.796640
vt 0.520810 0.797970
vt 0.491310 0.779390
vt 0.520700 0.779630
vt 0.494950 0.781080
vt 0.494950 0.549320
vt 0.520920 0.550890
vt 0.491520 0.551010
vt 0.491520 0.532070
vt 0.520920 0.532430
vt 0.495170 0.533760
vt 0.947950 0.465830
vt 0.945060 0.465110
vt 0.947100 0.464750
vt 0.944840 0.583940
vt 0.947740 0.581530
vt 0.946450 0.583100
vt 0.936580 0.583940
vt 0.935400 0.465110
vt 0.936900 0.465110
vt 0.933790 0.581410
vt 0.934970 0.582980
vt 0.346460 0.540030
vt 0.346240 0.790130
vt 0.327680 0.451840
vt 0.350430 0.535200
vt 0.347850 0.537010
vt 0.350210 0.794950
vt 0.327360 0.878320
vt 0.347640 0.793140
vt 0.358150 0.791210
vt 0.358470 0.788080
vt 0.401290 0.878200
vt 0.356330 0.793870
vt 0.353430 0.795190
vt 0.356540 0.536290
vt 0.353650 0.534960
vt 0.401710 0.452080
vt 0.358370 0.538940
vt 0.358690 0.542200
vt 0.472740 0.540150
vt 0.471350 0.537130
vt 0.468670 0.535320
vt 0.491520 0.451960
vt 0.465560 0.535080
vt 0.462550 0.536410
vt 0.417590 0.452080
vt 0.460730 0.539060
vt 0.460510 0.542200
vt 0.472530 0.790250
vt 0.468450 0.795070
vt 0.471130 0.793260
vt 0.491200 0.878440
vt 0.462440 0.793990
vt 0.465340 0.795310
vt 0.417270 0.878200
vt 0.460620 0.791330
vt 0.460300 0.788080
vt 0.969730 0.373660
vt 0.969730 0.374140
vt 0.968450 0.373540
vt 0.968340 0.374140
vt 0.965980 0.373540
vt 0.965980 0.374140
vt 0.969730 0.373060
vt 0.968450 0.373060
vt 0.970910 0.373660
vt 0.970910 0.374260
vt 0.969630 0.374750
vt 0.968340 0.374750
vt 0.965980 0.372940
vt 0.965870 0.374750
vt 0.969630 0.377640
vt 0.969730 0.378240
vt 0.968340 0.377760
vt 0.968450 0.378240
vt 0.971020 0.373060
vt 0.972200 0.374140
vt 0.972200 0.373660
vt 0.970910 0.374750
vt 0.969630 0.375350
vt 0.968230 0.375350
vt 0.965870 0.377760
vt 0.965980 0.378360
vt 0.965870 0.375350
vt 0.965870 0.375950
vt 0.968230 0.375950
vt 0.965870 0.376560
vt 0.968230 0.376560
vt 0.968340 0.377160
vt 0.965870 0.377160
vt 0.969630 0.377160
vt 0.970910 0.377640
vt 0.970910 0.378240
vt 0.972200 0.373060
vt 0.973490 0.374140
vt 0.973490 0.373660
vt 0.972200 0.374750
vt 0.970910 0.375350
vt 0.969630 0.375950
vt 0.969630 0.376560
vt 0.970910 0.377160
vt 0.972200 0.377640
vt 0.972200 0.378240
vt 0.973490 0.373060
vt 0.974780 0.374140
vt 0.974780 0.373540
vt 0.973490 0.374750
vt 0.972200 0.375350
vt 0.970910 0.375950
vt 0.970910 0.376560
vt 0.972200 0.377160
vt 0.973490 0.377640
vt 0.973490 0.378240
vt 0.974780 0.373060
vt 0.976060 0.374140
vt 0.976060 0.373540
vt 0.974780 0.374750
vt 0.973490 0.375350
vt 0.972200 0.375950
vt 0.972200 0.376560
vt 0.973490 0.377160
vt 0.974780 0.377640
vt 0.974780 0.378240
vt 0.976060 0.373060
vt 0.977350 0.373540
vt 0.977350 0.374140
vt 0.976060 0.374750
vt 0.974780 0.375350
vt 0.973490 0.375950
vt 0.973490 0.376560
vt 0.974780 0.377160
vt 0.976060 0.377640
vt 0.976060 0.378240
vt 0.977350 0.372940
vt 0.978640 0.373540
vt 0.978640 0.374140
vt 0.977350 0.374750
vt 0.976060 0.375350
vt 0.974780 0.375950
vt 0.974780 0.376560
vt 0.976060 0.377040
vt 0.977350 0.378240
vt 0.977350 0.377640
vt 0.978640 0.372940
vt 0.979930 0.374140
vt 0.979930 0.373540
vt 0.978640 0.374750
vt 0.977350 0.375350
vt 0.976060 0.375950
vt 0.976060 0.376560
vt 0.977350 0.377040
vt 0.978640 0.378240
vt 0.978640 0.377640
vt 0.979820 0.372940
vt 0.981210 0.374140
vt 0.981110 0.373540
vt 0.979930 0.374750
vt 0.978640 0.375350
vt 0.977350 0.375950
vt 0.977350 0.376560
vt 0.978640 0.377040
vt 0.979930 0.377640
vt 0.979930 0.378240
vt 0.981110 0.372940
vt 0.982400 0.373540
vt 0.982400 0.374140
vt 0.981210 0.374750
vt 0.979930 0.375350
vt 0.978640 0.375950
vt 0.978640 0.376430
vt 0.979930 0.377040
vt 0.981210 0.377640
vt 0.981210 0.378240
vt 0.982400 0.372940
vt 0.983680 0.373540
vt 0.983680 0.374140
vt 0.982500 0.374750
vt 0.981210 0.375350
vt 0.979930 0.375950
vt 0.979930 0.376430
vt 0.981210 0.377040
vt 0.982500 0.377640
vt 0.982500 0.378240
vt 0.983580 0.372940
vt 0.986150 0.373420
vt 0.986150 0.374020
vt 0.983790 0.374620
vt 0.982500 0.375350
vt 0.981210 0.375830
vt 0.981210 0.376430
vt 0.982500 0.377040
vt 0.983790 0.377640
vt 0.983790 0.378240
vt 0.986040 0.372820
vt 0.986260 0.374620
vt 0.983790 0.375230
vt 0.982500 0.375830
vt 0.982500 0.376430
vt 0.983790 0.377040
vt 0.986260 0.377640
vt 0.986260 0.378240
vt 0.986260 0.377040
vt 0.983900 0.376430
vt 0.986260 0.376430
vt 0.983900 0.375830
vt 0.986260 0.375830
vt 0.986260 0.375230
vt 0.246030 0.465710
vt 0.246030 0.466320
vt 0.244740 0.465710
vt 0.244740 0.466320
vt 0.242270 0.465590
vt 0.242270 0.466190
vt 0.246030 0.465110
vt 0.244850 0.465110
vt 0.247320 0.465710
vt 0.247320 0.466320
vt 0.245920 0.466920
vt 0.244630 0.466920
vt 0.242380 0.465110
vt 0.242270 0.466800
vt 0.246030 0.469810
vt 0.246030 0.470420
vt 0.244630 0.469810
vt 0.244740 0.470420
vt 0.247320 0.465230
vt 0.248500 0.466320
vt 0.248600 0.465710
vt 0.247210 0.466920
vt 0.245920 0.467520
vt 0.244630 0.467520
vt 0.242270 0.469930
vt 0.242270 0.470540
vt 0.242170 0.467400
vt 0.242170 0.468120
vt 0.244630 0.468120
vt 0.242170 0.468730
vt 0.244630 0.468730
vt 0.244630 0.469210
vt 0.242170 0.469330
vt 0.245920 0.469210
vt 0.247210 0.469810
vt 0.247210 0.470420
vt 0.248600 0.465230
vt 0.249780 0.466320
vt 0.249780 0.465710
vt 0.248500 0.466920
vt 0.247210 0.467520
vt 0.245920 0.468120
vt 0.245920 0.468610
vt 0.247210 0.469210
vt 0.248500 0.469810
vt 0.248500 0.470420
vt 0.249780 0.465230
vt 0.251070 0.466320
vt 0.251070 0.465710
vt 0.249780 0.466920
vt 0.248500 0.467520
vt 0.247210 0.468120
vt 0.247210 0.468730
vt 0.248500 0.469210
vt 0.249780 0.469810
vt 0.249780 0.470420
vt 0.251070 0.465230
vt 0.252360 0.466320
vt 0.252360 0.465710
vt 0.251070 0.466920
vt 0.249780 0.467520
vt 0.248500 0.468120
vt 0.248500 0.468730
vt 0.249780 0.469210
vt 0.251070 0.469810
vt 0.251070 0.470420
vt 0.252360 0.465110
vt 0.253650 0.465710
vt 0.253650 0.466320
vt 0.252360 0.466920
vt 0.251070 0.467520
vt 0.249780 0.468120
vt 0.249780 0.468730
vt 0.251070 0.469210
vt 0.252360 0.469810
vt 0.252360 0.470420
vt 0.253650 0.465110
vt 0.254940 0.465710
vt 0.254940 0.466320
vt 0.253650 0.466920
vt 0.252360 0.467520
vt 0.251070 0.468120
vt 0.251070 0.468730
vt 0.252360 0.469210
vt 0.253650 0.470420
vt 0.253650 0.469810
vt 0.254940 0.465110
vt 0.256220 0.466320
vt 0.256220 0.465710
vt 0.254940 0.466920
vt 0.253650 0.467520
vt 0.252360 0.468120
vt 0.252360 0.468730
vt 0.253650 0.469210
vt 0.254940 0.470420
vt 0.254940 0.469810
vt 0.256220 0.465110
vt 0.257510 0.466320
vt 0.257510 0.465710
vt 0.256220 0.466920
vt 0.254940 0.467520
vt 0.253650 0.468120
vt 0.253650 0.468730
vt 0.254940 0.469210
vt 0.256220 0.469810
vt 0.256220 0.470420
vt 0.257510 0.465110
vt 0.258690 0.465710
vt 0.258800 0.466320
vt 0.257510 0.466920
vt 0.256220 0.467520
vt 0.254940 0.468120
vt 0.254940 0.468730
vt 0.256220 0.469210
vt 0.257510 0.469810
vt 0.257510 0.470420
vt 0.258690 0.465110
vt 0.259980 0.465710
vt 0.260090 0.466320
vt 0.258800 0.466920
vt 0.257510 0.467520
vt 0.256220 0.468120
vt 0.256220 0.468610
vt 0.257510 0.469210
vt 0.258800 0.469810
vt 0.258800 0.470420
vt 0.259980 0.465110
vt 0.262450 0.465590
vt 0.262550 0.466190
vt 0.260090 0.466800
vt 0.258800 0.467520
vt 0.257510 0.468120
vt 0.257510 0.468610
vt 0.258800 0.469210
vt 0.260090 0.469810
vt 0.260090 0.470420
vt 0.262450 0.464990
vt 0.262550 0.466800
vt 0.260190 0.467400
vt 0.258900 0.468000
vt 0.258900 0.468610
vt 0.260190 0.469210
vt 0.262550 0.469810
vt 0.262550 0.470420
vt 0.262550 0.469210
vt 0.260190 0.468610
vt 0.262660 0.468610
vt 0.260190 0.468000
vt 0.262660 0.468000
vt 0.262550 0.467400
vt 0.988300 0.040440
vt 0.987650 0.040200
vt 0.988300 0.039710
vt 0.987650 0.039590
vt 0.988300 0.041280
vt 0.987550 0.041040
vt 0.988940 0.040440
vt 0.988940 0.039710
vt 0.986900 0.039960
vt 0.986900 0.039470
vt 0.989050 0.041280
vt 0.986790 0.040920
vt 0.989690 0.040440
vt 0.989580 0.039590
vt 0.986150 0.039710
vt 0.986150 0.039350
vt 0.991620 0.039110
vt 0.991620 0.038510
vt 0.992370 0.039110
vt 0.992370 0.038390
vt 0.988300 0.042130
vt 0.987550 0.042010
vt 0.989800 0.041160
vt 0.986150 0.040800
vt 0.990330 0.040200
vt 0.990230 0.039470
vt 0.992370 0.039350
vt 0.991730 0.039470
vt 0.990870 0.039350
vt 0.990980 0.038270
vt 0.990980 0.039830
vt 0.989050 0.042130
vt 0.986790 0.041890
vt 0.990440 0.041040
vt 0.992590 0.040320
vt 0.991840 0.040440
vt 0.991190 0.040800
vt 0.988300 0.042970
vt 0.987550 0.042850
vt 0.989800 0.042130
vt 0.986150 0.041770
vt 0.989050 0.042970
vt 0.986790 0.042730
vt 0.990550 0.041890
vt 0.992700 0.041280
vt 0.991940 0.041520
vt 0.991300 0.041640
vt 0.988300 0.043820
vt 0.987440 0.043700
vt 0.989910 0.042850
vt 0.986040 0.042610
vt 0.989150 0.043940
vt 0.986690 0.043570
vt 0.990660 0.042730
vt 0.992800 0.042130
vt 0.992160 0.042370
vt 0.991410 0.042490
vt 0.990010 0.043820
vt 0.985940 0.043450
vt 0.993020 0.042970
vt 0.992270 0.043090
vt 0.991620 0.043330
vt 0.990760 0.043570
vt 0.987550 0.038390
vt 0.988190 0.038270
vt 0.988830 0.038150
vt 0.986790 0.038510
vt 0.989580 0.038150
vt 0.986150 0.038750
vt 0.990230 0.038150
vt 0.987010 0.030420
vt 0.987760 0.030420
vt 0.988510 0.030300
vt 0.986260 0.030550
vt 0.989150 0.030300
vt 0.985510 0.030550
vt 0.989910 0.030300
vt 0.990660 0.030300
vt 0.991410 0.030300
vt 0.992160 0.030180
vt 0.990870 0.029820
vt 0.992700 0.029700
vt 0.990660 0.029220
vt 0.992700 0.028980
vt 0.988190 0.326490
vt 0.987440 0.326250
vt 0.988190 0.325760
vt 0.987550 0.325640
vt 0.988190 0.327330
vt 0.987440 0.327090
vt 0.988830 0.326490
vt 0.988830 0.325760
vt 0.986790 0.325880
vt 0.986790 0.325520
vt 0.988830 0.327330
vt 0.986690 0.326970
vt 0.989580 0.326490
vt 0.989480 0.325760
vt 0.986040 0.325760
vt 0.986040 0.325400
vt 0.991520 0.325280
vt 0.991520 0.324560
vt 0.992270 0.325160
vt 0.992270 0.324560
vt 0.988190 0.328180
vt 0.987440 0.328060
vt 0.989580 0.327210
vt 0.986040 0.326730
vt 0.990230 0.326250
vt 0.990120 0.325640
vt 0.992270 0.325400
vt 0.991620 0.325640
vt 0.990760 0.325400
vt 0.990870 0.324440
vt 0.990870 0.325880
vt 0.988940 0.328180
vt 0.986690 0.327940
vt 0.990330 0.327090
vt 0.992480 0.326490
vt 0.991730 0.326610
vt 0.990980 0.326850
vt 0.988190 0.329020
vt 0.987330 0.328900
vt 0.989690 0.328180
vt 0.985940 0.327810
vt 0.988940 0.329020
vt 0.986580 0.328780
vt 0.990440 0.328060
vt 0.992590 0.327450
vt 0.991840 0.327570
vt 0.991090 0.327810
vt 0.988080 0.329870
vt 0.987220 0.329740
vt 0.989690 0.329020
vt 0.985940 0.328660
vt 0.988940 0.329990
vt 0.986470 0.329620
vt 0.990440 0.328900
vt 0.992700 0.328300
vt 0.991940 0.328420
vt 0.991190 0.328660
vt 0.989800 0.329870
vt 0.985720 0.329500
vt 0.992800 0.329020
vt 0.992160 0.329260
vt 0.991410 0.329500
vt 0.990660 0.329740
vt 0.987440 0.324440
vt 0.988080 0.324320
vt 0.988730 0.324200
vt 0.986690 0.324560
vt 0.989480 0.324200
vt 0.986040 0.324680
vt 0.990120 0.324320
vt 0.987010 0.316470
vt 0.987760 0.316470
vt 0.988510 0.316350
vt 0.986260 0.316590
vt 0.989260 0.316350
vt 0.985510 0.316590
vt 0.989910 0.316350
vt 0.990660 0.316350
vt 0.991410 0.316350
vt 0.992160 0.316350
vt 0.990870 0.315990
vt 0.992700 0.315870
vt 0.990660 0.315270
vt 0.992800 0.315150
vt 0.280900 0.100880
vt 0.280150 0.115840
vt 0.276610 0.100880
vt 0.276930 0.115840
vt 0.276290 0.115840
vt 0.273070 0.116080
vt 0.275960 0.100880
vt 0.271670 0.101000
vt 0.280900 0.100280
vt 0.276610 0.100280
vt 0.280790 0.115960
vt 0.281540 0.100880
vt 0.276930 0.116570
vt 0.280150 0.116570
vt 0.985510 0.291260
vt 0.989800 0.291260
vt 0.986260 0.306340
vt 0.989480 0.306340
vt 0.982290 0.306580
vt 0.980570 0.291740
vt 0.985610 0.306340
vt 0.984860 0.291380
vt 0.989800 0.290660
vt 0.985510 0.290660
vt 0.990120 0.306340
vt 0.990440 0.291380
vt 0.986260 0.306940
vt 0.989480 0.306940
vt 0.472960 0.006540
vt 0.472210 0.021620
vt 0.468670 0.006540
vt 0.468880 0.021620
vt 0.468240 0.021620
vt 0.465020 0.021740
vt 0.468020 0.006540
vt 0.463730 0.006780
vt 0.472960 0.005930
vt 0.468670 0.005930
vt 0.472850 0.021620
vt 0.473600 0.006660
vt 0.468880 0.022220
vt 0.472210 0.022220
vt 0.119100 0.006540
vt 0.123390 0.006660
vt 0.119740 0.021620
vt 0.123070 0.021620
vt 0.115880 0.021860
vt 0.114160 0.007020
vt 0.119100 0.021620
vt 0.118460 0.006660
vt 0.123390 0.005930
vt 0.119100 0.005930
vt 0.123710 0.021620
vt 0.124040 0.006660
vt 0.119740 0.022220
vt 0.123070 0.022220
vt 0.975100 0.098710
vt 0.973700 0.113670
vt 0.967050 0.098710
vt 0.966840 0.113670
vt 0.981430 0.115000
vt 0.974670 0.113790
vt 0.983790 0.100280
vt 0.975960 0.098830
vt 0.975100 0.097740
vt 0.967050 0.097740
vt 0.966840 0.114630
vt 0.973700 0.114630
vt 0.966190 0.098710
vt 0.965870 0.113670
vt 0.915760 0.199090
vt 0.914580 0.214050
vt 0.907830 0.199210
vt 0.907720 0.214170
vt 0.922310 0.215250
vt 0.915550 0.214170
vt 0.924560 0.200410
vt 0.916730 0.199090
vt 0.915660 0.198120
vt 0.907720 0.198240
vt 0.907720 0.215130
vt 0.914580 0.215010
vt 0.906860 0.199210
vt 0.906750 0.214170
vt 0.670170 0.883750
vt 0.646780 0.919220
vt 0.668130 0.883630
vt 0.645380 0.917770
vt 0.276720 0.806170
vt 0.285080 0.802910
vt 0.276610 0.878200
vt 0.284980 0.878200
vt 0.234550 0.784090
vt 0.234550 0.820410
vt 0.163840 0.784090
vt 0.163840 0.820410
vt 0.276930 0.567420
vt 0.285190 0.564280
vt 0.276610 0.762620
vt 0.284980 0.765880
vt 0.234550 0.533510
vt 0.234550 0.569710
vt 0.163840 0.533510
vt 0.163840 0.569710
vt 0.276930 0.451840
vt 0.285300 0.451840
vt 0.276820 0.523860
vt 0.285190 0.527120
vt 0.901820 0.473190
vt 0.903860 0.473070
vt 0.925210 0.509020
vt 0.926600 0.507580
vt 0.667910 0.875540
vt 0.669520 0.874100
vt 0.641300 0.991600
vt 0.163410 0.829940
vt 0.195170 0.900520
vt 0.163410 0.901960
vt 0.195170 0.901960
vt 0.542060 0.878440
vt 0.533690 0.878440
vt 0.542160 0.806410
vt 0.533790 0.803160
vt 0.542060 0.762860
vt 0.533690 0.766000
vt 0.542270 0.567660
vt 0.534010 0.564400
vt 0.234980 0.579360
vt 0.234980 0.774560
vt 0.163410 0.579360
vt 0.163410 0.774560
vt 0.542270 0.524100
vt 0.533900 0.527360
vt 0.542270 0.452080
vt 0.534010 0.452080
vt 0.234980 0.451840
vt 0.234980 0.523860
vt 0.203330 0.451840
vt 0.203330 0.453290
vt 0.195170 0.451840
vt 0.195170 0.453290
vt 0.163410 0.451840
vt 0.163410 0.523860
vt 0.904180 0.464990
vt 0.902670 0.463420
vt 0.930790 0.581410
vt 0.934110 0.465830
vt 0.415980 0.454250
vt 0.414050 0.451720
vt 0.413730 0.453410
vt 0.405260 0.451720
vt 0.403320 0.454250
vt 0.405580 0.453410
vt 0.415660 0.876030
vt 0.403000 0.876030
vt 0.413410 0.876870
vt 0.405150 0.876870
vt 0.413620 0.878560
vt 0.404930 0.878560
vt 0.642700 0.993290
vt 0.592270 0.874460
vt 0.593880 0.875900
vt 0.591730 0.884110
vt 0.593770 0.883870
vt 0.615450 0.919340
vt 0.616730 0.917890
vt 0.980250 0.473670
vt 0.956540 0.509020
vt 0.978210 0.473430
vt 0.955250 0.507580
vt 0.979610 0.464020
vt 0.978000 0.465470
vt 0.929390 0.583100
vt 0.952030 0.583100
vt 0.950740 0.581530
vt 0.620170 0.993410
vt 0.621450 0.991720
vt 0.533040 0.527600
vt 0.533150 0.564160
vt 0.163410 0.570430
vt 0.234980 0.570430
vt 0.234980 0.532790
vt 0.163410 0.532790
vt 0.234980 0.783490
vt 0.163410 0.783490
vt 0.163410 0.821130
vt 0.234980 0.821130
vt 0.234980 0.829940
vt 0.203330 0.900520
vt 0.203330 0.901960
vt 0.234980 0.901960
vt 0.434330 0.018720
vt 0.455470 0.018720
vt 0.434120 0.021980
vt 0.455580 0.021980
vt 0.434120 0.025120
vt 0.455680 0.025120
vt 0.455580 0.028250
vt 0.434220 0.028250
vt 0.434440 0.031510
vt 0.455360 0.031510
vt 0.455360 0.015590
vt 0.434440 0.015590
vt 0.455150 0.012330
vt 0.434650 0.012330
vt 0.434760 0.009070
vt 0.454930 0.009070
vt 0.434550 0.034770
vt 0.455150 0.034770
vt 0.434760 0.037900
vt 0.455040 0.037900
vt 0.434870 0.041160
vt 0.454930 0.041160
vt 0.434870 0.044300
vt 0.454930 0.044300
vt 0.454930 0.005930
vt 0.434870 0.005930
vt 0.179180 0.009070
vt 0.159230 0.009070
vt 0.179180 0.005930
vt 0.159230 0.005930
vt 0.159120 0.012330
vt 0.179290 0.012330
vt 0.179180 0.044300
vt 0.159230 0.044300
vt 0.179290 0.041160
vt 0.159120 0.041160
vt 0.158910 0.015460
vt 0.179510 0.015460
vt 0.179510 0.037900
vt 0.159010 0.037900
vt 0.158690 0.018720
vt 0.179720 0.018720
vt 0.179610 0.034650
vt 0.158800 0.034650
vt 0.158580 0.021980
vt 0.179830 0.021980
vt 0.179830 0.031510
vt 0.158580 0.031510
vt 0.158480 0.025120
vt 0.179940 0.025120
vt 0.179940 0.028250
vt 0.158480 0.028250
vt 0.286050 0.564040
vt 0.285940 0.527360
vt 0.285840 0.802670
vt 0.285840 0.766120
vt 0.532940 0.766360
vt 0.533040 0.802910
vt 0.346670 0.543170
vt 0.346560 0.786990
vt 0.348390 0.784340
vt 0.348500 0.545820
vt 0.351390 0.547150
vt 0.351290 0.783010
vt 0.354500 0.783250
vt 0.354610 0.546910
vt 0.357290 0.545100
vt 0.357080 0.785180
vt 0.472420 0.543290
vt 0.472210 0.787110
vt 0.470380 0.784460
vt 0.470600 0.545940
vt 0.467700 0.547270
vt 0.467490 0.783130
vt 0.464270 0.783370
vt 0.464480 0.547030
vt 0.461910 0.545100
vt 0.461690 0.785180
v 3.566244 0.808784 -4.435633
v 3.553957 0.808784 -4.437315
v 3.560398 0.808784 -4.438715
v 3.566244 0.234013 -4.435633
v 3.553957 0.234013 -4.437315
v 3.560398 0.233980 -4.438715
v 3.304951 0.173905 -3.493515
v 3.457549 0.396695 -3.495179
v 3.457549 0.359912 -3.495179
v 3.303147 0.173905 -3.659015
v 3.455745 0.359912 -3.660678
v 3.455745 0.396695 -3.660678
v 3.329687 0.173905 -1.224439
v 3.482285 0.396695 -1.226103
v 3.482285 0.359912 -1.226103
v 3.327883 0.173905 -1.389938
v 3.480481 0.359912 -1.391602
v 3.480481 0.396695 -1.391602
v 3.519233 0.002583 -4.414189
v 3.519523 -0.001504 -4.387574
v 3.519376 -0.001504 -4.401124
v 3.519523 1.083742 -4.387574
v 3.519233 1.061812 -4.414189
v 3.519376 1.075767 -4.401124
v 3.594636 -0.001504 -4.388393
v 3.594346 0.002583 -4.415008
v 3.594488 -0.001504 -4.401942
v 3.594346 1.061812 -4.415008
v 3.594636 1.083742 -4.388393
v 3.594488 1.075767 -4.401942
v 3.674245 0.396695 -3.663060
v 3.674245 0.359912 -3.663060
v 3.826844 0.173905 -3.664723
v 3.676049 0.396695 -3.497561
v 3.828648 0.173905 -3.499224
v 3.676049 0.359912 -3.497561
v 3.698981 0.359912 -1.393984
v 3.851579 0.173905 -1.395647
v 3.698981 0.396695 -1.393984
v 3.700785 0.396695 -1.228485
v 3.853384 0.173905 -1.230148
v 3.700785 0.359912 -1.228485
v 3.637297 0.002583 -0.474974
v 3.637006 -0.001504 -0.501710
v 3.637154 -0.001504 -0.488160
v 3.637006 1.083742 -0.501710
v 3.637297 1.061812 -0.474974
v 3.637154 1.075767 -0.488160
v 3.561893 1.083742 -0.500891
v 3.562041 -0.001504 -0.487342
v 3.561893 -0.001504 -0.500891
v 3.562185 1.061812 -0.474155
v 3.562041 1.075767 -0.487342
v 3.491981 0.569479 -1.294206
v 3.466923 0.569479 -3.592802
v 3.490347 0.396695 -0.486560
v 3.494665 0.606228 -1.250920
v 3.493015 0.582039 -1.267599
v 3.468663 0.606228 -3.636137
v 3.447682 0.396695 -4.400342
v 3.467377 0.582039 -3.619425
v 3.473439 0.679063 -3.602068
v 3.473899 0.681522 -3.572793
v 3.488687 1.075767 -4.400789
v 3.472151 0.662250 -3.626132
v 3.470407 0.635602 -3.638575
v 3.497935 0.662250 -1.260998
v 3.496461 0.635602 -1.248520
v 3.531352 1.075767 -0.487007
v 3.498696 0.679063 -1.285206
v 3.498518 0.681522 -1.314484
v 3.689607 0.569479 -1.296361
v 3.689153 0.582039 -1.269737
v 3.687867 0.606228 -1.253026
v 3.708848 0.396695 -0.488942
v 3.686123 0.635602 -1.250588
v 3.684379 0.662250 -1.263031
v 3.667842 1.075767 -0.488495
v 3.683089 0.679063 -1.287216
v 3.682629 0.681522 -1.316491
v 3.664549 0.569479 -3.594956
v 3.661865 0.606228 -3.638243
v 3.663515 0.582039 -3.621563
v 3.666182 0.396695 -4.402724
v 3.658596 0.662250 -3.628164
v 3.660069 0.635602 -3.640643
v 3.625177 1.075767 -4.402277
v 3.657832 0.679063 -3.604079
v 3.658011 0.681522 -3.574800
v 3.637118 0.210256 -0.441578
v 3.640507 0.214376 -0.440647
v 3.638391 0.210256 -0.452118
v 3.641853 0.214376 -0.451914
v 3.638153 0.210256 -0.474015
v 3.641612 0.214376 -0.474053
v 3.637118 0.204873 -0.441578
v 3.638391 0.204873 -0.452118
v 3.633399 0.210256 -0.432221
v 3.636434 0.214376 -0.430560
v 3.645670 0.215306 -0.439372
v 3.647146 0.215306 -0.451608
v 3.638153 0.204873 -0.474015
v 3.646901 0.215306 -0.474110
v 3.640487 0.200752 -0.440646
v 3.637118 0.204873 -0.441578
v 3.641833 0.200752 -0.451914
v 3.638391 0.204873 -0.452118
v 3.633379 0.204873 -0.432220
v 3.629892 0.214376 -0.421777
v 3.627391 0.210256 -0.424290
v 3.641088 0.215306 -0.427949
v 3.650208 0.212615 -0.438211
v 3.651794 0.212615 -0.451417
v 3.641591 0.200752 -0.474052
v 3.638153 0.204873 -0.474015
v 3.651546 0.212615 -0.474161
v 3.653376 0.207531 -0.474181
v 3.653625 0.207531 -0.451316
v 3.651526 0.202514 -0.474161
v 3.651774 0.202514 -0.451417
v 3.647126 0.199822 -0.451608
v 3.646880 0.199822 -0.474110
v 3.645650 0.199822 -0.439372
v 3.636414 0.200752 -0.430560
v 3.633379 0.204873 -0.432220
v 3.627391 0.204873 -0.424290
v 3.621297 0.214376 -0.415029
v 3.619515 0.210256 -0.418034
v 3.633694 0.215306 -0.418068
v 3.645177 0.212615 -0.425573
v 3.652003 0.207531 -0.437747
v 3.650188 0.202514 -0.438211
v 3.641068 0.199822 -0.427948
v 3.629872 0.200752 -0.421777
v 3.627391 0.204873 -0.424290
v 3.619515 0.204873 -0.418034
v 3.611267 0.214376 -0.410805
v 3.610325 0.210256 -0.414183
v 3.624022 0.215306 -0.410461
v 3.637048 0.212615 -0.414837
v 3.646775 0.207531 -0.424744
v 3.645156 0.202513 -0.425694
v 3.633674 0.199822 -0.418067
v 3.621276 0.200752 -0.415149
v 3.619515 0.204873 -0.418034
v 3.610325 0.204873 -0.414183
v 3.600463 0.214376 -0.409236
v 3.600425 0.210256 -0.412744
v 3.612691 0.215306 -0.405618
v 3.626398 0.212615 -0.406494
v 3.638370 0.207531 -0.413521
v 3.637028 0.202513 -0.414837
v 3.624002 0.199822 -0.410460
v 3.611247 0.200752 -0.410805
v 3.610325 0.204873 -0.414183
v 3.600425 0.204873 -0.412744
v 3.590476 0.210256 -0.413967
v 3.589608 0.214376 -0.410569
v 3.600521 0.215306 -0.403913
v 3.613966 0.212615 -0.401155
v 3.627342 0.207531 -0.404810
v 3.626398 0.202513 -0.406494
v 3.612691 0.199822 -0.405618
v 3.600463 0.200752 -0.409236
v 3.600425 0.204873 -0.412744
v 3.590476 0.204873 -0.413967
v 3.581204 0.210256 -0.417616
v 3.579488 0.214376 -0.414573
v 3.588297 0.215306 -0.405353
v 3.600573 0.212615 -0.399195
v 3.614449 0.207531 -0.399346
v 3.613946 0.202513 -0.401155
v 3.600521 0.199822 -0.403913
v 3.590476 0.204873 -0.413967
v 3.589628 0.200752 -0.410570
v 3.581204 0.204873 -0.417616
v 3.570747 0.214376 -0.421132
v 3.573193 0.210256 -0.423700
v 3.576863 0.215306 -0.409947
v 3.587119 0.212615 -0.400863
v 3.600592 0.207531 -0.397380
v 3.600573 0.202513 -0.399195
v 3.588297 0.199822 -0.405353
v 3.581204 0.204873 -0.417616
v 3.579506 0.200752 -0.414694
v 3.573193 0.204873 -0.423700
v 3.564016 0.214376 -0.429770
v 3.567014 0.210256 -0.431497
v 3.567028 0.215306 -0.417341
v 3.574574 0.212615 -0.405929
v 3.586676 0.207531 -0.399043
v 3.587139 0.202513 -0.400863
v 3.576883 0.199822 -0.409947
v 3.570768 0.200752 -0.421133
v 3.573193 0.204873 -0.423700
v 3.567034 0.204873 -0.431497
v 3.563092 0.210256 -0.440771
v 3.559724 0.214376 -0.439766
v 3.559420 0.215306 -0.427058
v 3.563745 0.212615 -0.414038
v 3.573667 0.207531 -0.404225
v 3.574574 0.202513 -0.405929
v 3.567048 0.199822 -0.417341
v 3.564036 0.200752 -0.429771
v 3.567034 0.204873 -0.431497
v 3.563092 0.204873 -0.440771
v 3.561589 0.210256 -0.451281
v 3.558133 0.214376 -0.451001
v 3.554590 0.215306 -0.438379
v 3.555384 0.212615 -0.424594
v 3.562453 0.207531 -0.412693
v 3.563765 0.202513 -0.414038
v 3.559440 0.199822 -0.427059
v 3.559744 0.200752 -0.439766
v 3.563092 0.204873 -0.440771
v 3.561589 0.204873 -0.451281
v 3.561351 0.210256 -0.473178
v 3.557892 0.214376 -0.473140
v 3.552848 0.215306 -0.450580
v 3.550078 0.212615 -0.437120
v 3.553804 0.207531 -0.423730
v 3.555403 0.202513 -0.424716
v 3.554610 0.199822 -0.438380
v 3.558153 0.200752 -0.451001
v 3.561589 0.204873 -0.451281
v 3.561351 0.204873 -0.473178
v 3.552603 0.215306 -0.473082
v 3.548205 0.212615 -0.450288
v 3.548294 0.207531 -0.436616
v 3.550098 0.202513 -0.437120
v 3.552868 0.199822 -0.450581
v 3.557912 0.200752 -0.473140
v 3.561351 0.204873 -0.473178
v 3.552623 0.199822 -0.473083
v 3.548225 0.202513 -0.450288
v 3.547977 0.202513 -0.473032
v 3.546376 0.207531 -0.450147
v 3.546127 0.207531 -0.473012
v 3.547957 0.212615 -0.473032
v 3.637118 0.858060 -0.441578
v 3.640507 0.862180 -0.440647
v 3.638391 0.858060 -0.452118
v 3.641853 0.862180 -0.451914
v 3.638153 0.858060 -0.474015
v 3.641612 0.862180 -0.474053
v 3.637118 0.852711 -0.441578
v 3.638391 0.852711 -0.452118
v 3.633399 0.858060 -0.432221
v 3.636434 0.862180 -0.430560
v 3.645670 0.863111 -0.439372
v 3.647146 0.863111 -0.451608
v 3.638153 0.852711 -0.474015
v 3.646901 0.863111 -0.474110
v 3.640487 0.848590 -0.440646
v 3.637118 0.852711 -0.441578
v 3.641833 0.848590 -0.451914
v 3.638391 0.852711 -0.452118
v 3.633379 0.852711 -0.432220
v 3.629892 0.862180 -0.421777
v 3.627391 0.858060 -0.424290
v 3.641088 0.863111 -0.427949
v 3.650208 0.860419 -0.438211
v 3.651794 0.860419 -0.451417
v 3.641591 0.848590 -0.474052
v 3.638153 0.852711 -0.474015
v 3.651546 0.860419 -0.474161
v 3.653376 0.855369 -0.474181
v 3.653625 0.855369 -0.451316
v 3.651526 0.850318 -0.474161
v 3.651774 0.850318 -0.451417
v 3.647126 0.847627 -0.451608
v 3.646880 0.847627 -0.474110
v 3.645650 0.847627 -0.439372
v 3.636414 0.848590 -0.430560
v 3.633379 0.852711 -0.432220
v 3.627391 0.852711 -0.424290
v 3.621297 0.862180 -0.415029
v 3.619515 0.858060 -0.418034
v 3.633694 0.863111 -0.418068
v 3.645177 0.860419 -0.425573
v 3.652003 0.855369 -0.437747
v 3.650188 0.850318 -0.438211
v 3.641068 0.847627 -0.427948
v 3.629872 0.848590 -0.421777
v 3.627391 0.852711 -0.424290
v 3.619515 0.852711 -0.418034
v 3.611267 0.862180 -0.410805
v 3.610325 0.858060 -0.414183
v 3.624022 0.863111 -0.410461
v 3.637048 0.860419 -0.414837
v 3.646775 0.855369 -0.424744
v 3.645155 0.850318 -0.425694
v 3.633674 0.847627 -0.418067
v 3.621276 0.848590 -0.415149
v 3.619515 0.852711 -0.418034
v 3.610325 0.852711 -0.414183
v 3.600463 0.862180 -0.409236
v 3.600425 0.858060 -0.412744
v 3.612691 0.863111 -0.405618
v 3.626398 0.860419 -0.406494
v 3.638370 0.855369 -0.413521
v 3.637028 0.850318 -0.414837
v 3.624002 0.847627 -0.410460
v 3.611247 0.848590 -0.410805
v 3.610325 0.852711 -0.414183
v 3.600425 0.852711 -0.412744
v 3.590476 0.858060 -0.413967
v 3.589608 0.862180 -0.410569
v 3.600521 0.863111 -0.403913
v 3.613966 0.860419 -0.401155
v 3.627342 0.855369 -0.404810
v 3.626398 0.850318 -0.406494
v 3.612691 0.847627 -0.405618
v 3.600463 0.848590 -0.409236
v 3.600425 0.852711 -0.412744
v 3.590476 0.852711 -0.413967
v 3.581204 0.858060 -0.417616
v 3.579488 0.862180 -0.414573
v 3.588297 0.863111 -0.405353
v 3.600573 0.860419 -0.399195
v 3.614449 0.855369 -0.399346
v 3.613946 0.850318 -0.401155
v 3.600521 0.847627 -0.403913
v 3.590476 0.852711 -0.413967
v 3.589628 0.848590 -0.410570
v 3.581204 0.852711 -0.417616
v 3.570747 0.862180 -0.421132
v 3.573193 0.858060 -0.423700
v 3.576863 0.863111 -0.409947
v 3.587119 0.860419 -0.400863
v 3.600592 0.855369 -0.397380
v 3.600573 0.850318 -0.399195
v 3.588297 0.847627 -0.405353
v 3.581204 0.852711 -0.417616
v 3.579506 0.848590 -0.414694
v 3.573193 0.852711 -0.423700
v 3.564016 0.862180 -0.429770
v 3.567014 0.858060 -0.431497
v 3.567028 0.863111 -0.417341
v 3.574574 0.860419 -0.405929
v 3.586676 0.855369 -0.399043
v 3.587139 0.850318 -0.400863
v 3.576883 0.847627 -0.409947
v 3.570768 0.848590 -0.421133
v 3.573193 0.852711 -0.423700
v 3.567034 0.852711 -0.431497
v 3.563092 0.858060 -0.440771
v 3.559723 0.862180 -0.439766
v 3.559420 0.863111 -0.427058
v 3.563745 0.860419 -0.414038
v 3.573667 0.855369 -0.404225
v 3.574574 0.850318 -0.405929
v 3.567048 0.847627 -0.417341
v 3.564036 0.848590 -0.429771
v 3.567034 0.852711 -0.431497
v 3.563092 0.852711 -0.440771
v 3.561589 0.858060 -0.451281
v 3.558133 0.862180 -0.451001
v 3.554590 0.863111 -0.438379
v 3.555384 0.860419 -0.424594
v 3.562453 0.855369 -0.412693
v 3.563765 0.850318 -0.414038
v 3.559440 0.847627 -0.427059
v 3.559743 0.848590 -0.439766
v 3.563092 0.852711 -0.440771
v 3.561589 0.852711 -0.451281
v 3.561351 0.858060 -0.473178
v 3.557892 0.862180 -0.473140
v 3.552848 0.863111 -0.450580
v 3.550078 0.860419 -0.437120
v 3.553804 0.855369 -0.423730
v 3.555403 0.850318 -0.424716
v 3.554610 0.847627 -0.438380
v 3.558153 0.848590 -0.451001
v 3.561589 0.852711 -0.451281
v 3.561351 0.852711 -0.473178
v 3.552603 0.863111 -0.473082
v 3.548205 0.860419 -0.450288
v 3.548294 0.855369 -0.436616
v 3.550098 0.850318 -0.437120
v 3.552868 0.847627 -0.450581
v 3.557912 0.848590 -0.473140
v 3.561351 0.852711 -0.473178
v 3.552623 0.847627 -0.473083
v 3.548225 0.850318 -0.450288
v 3.547977 0.850318 -0.473032
v 3.546376 0.855369 -0.450147
v 3.546127 0.855369 -0.473012
v 3.547957 0.860419 -0.473032
v 3.566392 0.902053 -4.422083
v 3.568825 0.896205 -4.420296
v 3.566313 0.897701 -4.429342
v 3.568771 0.893115 -4.425256
v 3.566488 0.904346 -4.413252
v 3.568916 0.898365 -4.411948
v 3.560570 0.905044 -4.422988
v 3.560477 0.900027 -4.431457
v 3.566755 0.890258 -4.418337
v 3.566724 0.888463 -4.421120
v 3.560668 0.907436 -4.413915
v 3.566838 0.892218 -4.410716
v 3.554118 0.903815 -4.422554
v 3.554032 0.899063 -4.430418
v 3.561136 0.886968 -4.417187
v 3.561118 0.885905 -4.418759
v 3.554596 0.886636 -4.419293
v 3.554582 0.881984 -4.420624
v 3.561118 0.885905 -4.418759
v 3.561108 0.881585 -4.419727
v 3.566586 0.905908 -4.404300
v 3.569008 0.899827 -4.403480
v 3.554217 0.906140 -4.413482
v 3.561215 0.888862 -4.409928
v 3.550033 0.898897 -4.420938
v 3.549967 0.895209 -4.426986
v 3.561136 0.886968 -4.417187
v 3.554616 0.887899 -4.417479
v 3.550176 0.890291 -4.422512
v 3.550143 0.881552 -4.425536
v 3.550216 0.892584 -4.418883
v 3.560769 0.909031 -4.404721
v 3.566926 0.893647 -4.402610
v 3.550126 0.901090 -4.412348
v 3.561215 0.888862 -4.409928
v 3.554698 0.889826 -4.409978
v 3.550302 0.894644 -4.411019
v 3.566673 0.906805 -4.396315
v 3.569093 0.900691 -4.395737
v 3.554316 0.907735 -4.404408
v 3.561301 0.890224 -4.402064
v 3.560858 0.909962 -4.396494
v 3.567007 0.894478 -4.395230
v 3.550221 0.902618 -4.403637
v 3.561301 0.890224 -4.402064
v 3.554783 0.891188 -4.402114
v 3.550391 0.896073 -4.402792
v 3.566764 0.907303 -4.387968
v 3.569180 0.901156 -4.387753
v 3.554404 0.908633 -4.396303
v 3.561380 0.891022 -4.394805
v 3.560951 0.910460 -4.388026
v 3.567091 0.894910 -4.387487
v 3.550307 0.903482 -4.395774
v 3.561380 0.891022 -4.394805
v 3.554862 0.891986 -4.394855
v 3.550473 0.896936 -4.395292
v 3.554495 0.909131 -4.387955
v 3.561461 0.891487 -4.387305
v 3.561461 0.891487 -4.387305
v 3.554945 0.892451 -4.387234
v 3.550559 0.897368 -4.387428
v 3.550395 0.903981 -4.387668
v 3.568725 0.881519 -4.429490
v 3.566244 0.881486 -4.435633
v 3.560398 0.881452 -4.438715
v 3.566701 0.881552 -4.423297
v 3.553957 0.881486 -4.437315
v 3.561108 0.881585 -4.419727
v 3.549910 0.881519 -4.432188
v 3.568725 0.808817 -4.429490
v 3.566244 0.808784 -4.435633
v 3.560398 0.808784 -4.438715
v 3.566701 0.808883 -4.423297
v 3.553957 0.808784 -4.437315
v 3.561108 0.808883 -4.419727
v 3.549910 0.808817 -4.432188
v 3.550143 0.808850 -4.425536
v 3.554582 0.809282 -4.420624
v 3.561108 0.808883 -4.419727
v 3.550143 0.808850 -4.425536
v 3.566701 0.808883 -4.423297
v 3.549910 0.808817 -4.432188
v 3.568725 0.808817 -4.429490
v 3.566392 0.327283 -4.422083
v 3.568825 0.321435 -4.420296
v 3.566313 0.322897 -4.429342
v 3.568771 0.318345 -4.425256
v 3.566488 0.329576 -4.413252
v 3.568916 0.323562 -4.411948
v 3.560570 0.330273 -4.422988
v 3.560477 0.325256 -4.431457
v 3.566755 0.315454 -4.418337
v 3.566724 0.313693 -4.421120
v 3.560668 0.332666 -4.413915
v 3.566838 0.317448 -4.410716
v 3.554118 0.329011 -4.422554
v 3.554032 0.324259 -4.430418
v 3.561136 0.312164 -4.417187
v 3.561119 0.311134 -4.418759
v 3.554596 0.311865 -4.419293
v 3.554582 0.307214 -4.420624
v 3.561119 0.311134 -4.418759
v 3.561108 0.306815 -4.419727
v 3.566586 0.331137 -4.404300
v 3.569008 0.325057 -4.403480
v 3.554217 0.331370 -4.413482
v 3.561215 0.314092 -4.409928
v 3.550033 0.324093 -4.420938
v 3.549967 0.320438 -4.426986
v 3.561136 0.312164 -4.417187
v 3.554616 0.313095 -4.417479
v 3.550176 0.315520 -4.422512
v 3.550143 0.306782 -4.425536
v 3.550216 0.317813 -4.418883
v 3.560769 0.334261 -4.404721
v 3.566926 0.318843 -4.402610
v 3.550126 0.326319 -4.412348
v 3.561215 0.314092 -4.409928
v 3.554698 0.315022 -4.409978
v 3.550302 0.319873 -4.411019
v 3.566673 0.332035 -4.396315
v 3.569093 0.325921 -4.395737
v 3.554316 0.332932 -4.404408
v 3.561301 0.315454 -4.402064
v 3.560858 0.335158 -4.396494
v 3.567007 0.319674 -4.395230
v 3.550221 0.327815 -4.403637
v 3.561301 0.315454 -4.402064
v 3.554783 0.316418 -4.402114
v 3.550391 0.321302 -4.402792
v 3.566764 0.332533 -4.387968
v 3.569180 0.326386 -4.387753
v 3.554404 0.333862 -4.396303
v 3.561380 0.316251 -4.394805
v 3.560951 0.335656 -4.388026
v 3.567091 0.320139 -4.387487
v 3.550307 0.328712 -4.395774
v 3.561380 0.316251 -4.394805
v 3.554862 0.317215 -4.394855
v 3.550473 0.322133 -4.395292
v 3.554495 0.334360 -4.387955
v 3.561461 0.316683 -4.387305
v 3.561461 0.316683 -4.387305
v 3.554946 0.317680 -4.387234
v 3.550559 0.322598 -4.387428
v 3.550395 0.329177 -4.387668
v 3.568725 0.306748 -4.429490
v 3.566244 0.306715 -4.435633
v 3.560398 0.306682 -4.438715
v 3.566701 0.306782 -4.423297
v 3.553957 0.306682 -4.437315
v 3.561108 0.306815 -4.419727
v 3.549910 0.306715 -4.432188
v 3.568725 0.234046 -4.429490
v 3.566244 0.234013 -4.435633
v 3.560398 0.233980 -4.438715
v 3.566701 0.234080 -4.423297
v 3.553957 0.234013 -4.437315
v 3.561108 0.234113 -4.419727
v 3.549910 0.234046 -4.432188
v 3.550143 0.234080 -4.425536
v 3.554582 0.234512 -4.420624
v 3.561108 0.234113 -4.419727
v 3.550143 0.234080 -4.425536
v 3.566701 0.234080 -4.423297
v 3.549910 0.234046 -4.432188
v 3.568725 0.234046 -4.429490
v 3.679192 0.784428 -0.467687
v 3.669438 0.922389 -0.467581
v 3.639554 0.783664 -0.467255
v 3.639554 0.921625 -0.467255
v 3.639489 0.921625 -0.473183
v 3.669373 0.922389 -0.473508
v 3.639489 0.783664 -0.473183
v 3.679127 0.784428 -0.473615
v 3.679127 0.784428 -0.473615
v 3.639489 0.783664 -0.473183
v 3.669373 0.922389 -0.473508
v 3.679127 0.784428 -0.473615
v 3.639489 0.921625 -0.473183
v 3.669373 0.922389 -0.473508
v 3.521907 0.784428 -0.465972
v 3.561545 0.783664 -0.466404
v 3.531661 0.922389 -0.466079
v 3.561545 0.921625 -0.466404
v 3.561480 0.921625 -0.472332
v 3.561481 0.783664 -0.472332
v 3.531596 0.922389 -0.472006
v 3.521843 0.784428 -0.471900
v 3.561481 0.783664 -0.472332
v 3.521843 0.784428 -0.471900
v 3.561480 0.921625 -0.472332
v 3.561481 0.783664 -0.472332
v 3.531596 0.922389 -0.472006
v 3.561480 0.921625 -0.472332
v 3.679192 0.136623 -0.467687
v 3.669438 0.274584 -0.467581
v 3.639554 0.135859 -0.467255
v 3.639554 0.273820 -0.467255
v 3.639489 0.273820 -0.473183
v 3.669373 0.274584 -0.473508
v 3.639489 0.135859 -0.473183
v 3.679127 0.136623 -0.473615
v 3.679127 0.136623 -0.473615
v 3.639489 0.135859 -0.473183
v 3.669373 0.274584 -0.473508
v 3.679127 0.136623 -0.473615
v 3.639489 0.273820 -0.473183
v 3.669373 0.274584 -0.473508
v 3.521907 0.136623 -0.465972
v 3.561545 0.135859 -0.466404
v 3.531661 0.274584 -0.466079
v 3.561545 0.273820 -0.466404
v 3.561481 0.273820 -0.472332
v 3.561481 0.135859 -0.472332
v 3.531596 0.274584 -0.472006
v 3.521843 0.136623 -0.471900
v 3.561481 0.135859 -0.472332
v 3.521843 0.136623 -0.471900
v 3.561481 0.273820 -0.472332
v 3.561481 0.135859 -0.472332
v 3.531596 0.274584 -0.472006
v 3.561481 0.273820 -0.472332
v 3.519424 0.255246 -4.396647
v 3.529178 0.393207 -4.396753
v 3.592506 0.256641 -4.397444
v 3.592506 0.394569 -4.397444
v 3.592603 0.394569 -4.388492
v 3.529275 0.393207 -4.387801
v 3.592603 0.256641 -4.388492
v 3.519522 0.255246 -4.387695
v 3.519522 0.255246 -4.387695
v 3.592603 0.256641 -4.388492
v 3.592603 0.394569 -4.388492
v 3.529275 0.393207 -4.387801
v 3.592603 0.256641 -4.388492
v 3.592603 0.394569 -4.388492
v 3.519424 0.830016 -4.396647
v 3.529178 0.967977 -4.396753
v 3.592505 0.831412 -4.397444
v 3.592505 0.969373 -4.397444
v 3.592603 0.969373 -4.388492
v 3.529275 0.967977 -4.387801
v 3.592603 0.831412 -4.388492
v 3.519522 0.830016 -4.387695
v 3.519522 0.830016 -4.387695
v 3.592603 0.831412 -4.388492
v 3.592603 0.969373 -4.388492
v 3.529275 0.967977 -4.387801
v 3.592603 0.831412 -4.388492
v 3.592603 0.969373 -4.388492
v 3.227452 0.075152 -4.397941
v 3.447682 0.396695 -4.400342
v 3.240482 0.076182 -4.411150
v 3.451903 0.384833 -4.413455
v 3.234676 -0.001504 -3.735220
v 3.234994 0.075152 -3.706064
v 3.227452 -0.001504 -4.397941
v 3.227452 0.075152 -4.397941
v 3.242816 0.081233 -3.370393
v 3.239183 0.081233 -3.703690
v 3.893451 0.081233 -3.377486
v 3.889818 0.081233 -3.710782
v 3.258572 -0.001504 -1.543207
v 3.258891 0.075152 -1.513930
v 3.238997 -0.001504 -3.338893
v 3.238679 0.075152 -3.368050
v 3.266712 0.081233 -1.178380
v 3.263079 0.081233 -1.511677
v 3.917347 0.081233 -1.185473
v 3.913714 0.081233 -1.518769
v 3.270117 -0.001504 -0.484159
v 3.270117 0.075152 -0.484159
v 3.262894 -0.001504 -1.146759
v 3.262575 0.075152 -1.176036
v 3.270117 0.075152 -0.484159
v 3.283433 0.076182 -0.471116
v 3.490347 0.396695 -0.486560
v 3.494855 0.384833 -0.473421
v 3.240482 0.002583 -4.411150
v 3.227452 -0.001504 -4.397941
v 3.491279 1.061812 -4.413884
v 3.893636 -0.001504 -3.742404
v 3.594636 -0.001504 -4.388393
v 3.886412 -0.001504 -4.405125
v 3.594488 -0.001504 -4.401942
v 3.886412 -0.001504 -4.405125
v 3.886412 0.075152 -4.405125
v 3.893636 -0.001504 -3.742404
v 3.893954 0.075152 -3.713247
v 3.897957 -0.001504 -3.346077
v 3.897639 0.075152 -3.375233
v 3.917532 -0.001504 -1.550390
v 3.917851 0.075152 -1.521113
v 3.258572 -0.001504 -1.543207
v 3.238997 -0.001504 -3.338893
v 3.917532 -0.001504 -1.550390
v 3.897957 -0.001504 -3.346077
v 3.921854 -0.001504 -1.153943
v 3.921535 0.075152 -1.183220
v 3.929077 -0.001504 -0.491343
v 3.929077 0.075152 -0.491343
v 3.270117 -0.001504 -0.484159
v 3.262894 -0.001504 -1.146759
v 3.562041 -0.001504 -0.487342
v 3.561893 -0.001504 -0.500891
v 3.637154 -0.001504 -0.488160
v 3.637006 -0.001504 -0.501710
v 3.929077 -0.001504 -0.491343
v 3.921854 -0.001504 -1.153943
v 3.283433 0.002583 -0.471116
v 3.270117 -0.001504 -0.484159
v 3.534231 1.061812 -0.473850
v 3.562185 0.002583 -0.474155
v 3.657393 1.087264 -0.507861
v 3.637154 1.075767 -0.488160
v 3.637006 1.083742 -0.501710
v 3.562041 1.075767 -0.487342
v 3.541376 1.087264 -0.506596
v 3.561893 1.083742 -0.500891
v 3.615154 1.087264 -4.382566
v 3.499137 1.087264 -4.381301
v 3.594636 1.083742 -4.388393
v 3.519523 1.083742 -4.387574
v 3.594488 1.075767 -4.401942
v 3.519376 1.075767 -4.401124
v 3.488687 1.075767 -4.400789
v 3.886412 -0.001504 -4.405125
v 3.873097 0.002583 -4.418046
v 3.886412 0.075152 -4.405125
v 3.873097 0.076182 -4.418046
v 3.666182 0.396695 -4.402724
v 3.661675 0.384833 -4.415742
v 3.929077 0.075152 -0.491343
v 3.708848 0.396695 -0.488942
v 3.916049 0.076182 -0.478013
v 3.704627 0.384833 -0.475708
v 3.929077 -0.001504 -0.491343
v 3.916049 0.002583 -0.478013
v 3.531352 1.075767 -0.487007
v 3.667842 1.075767 -0.488495
v 3.665251 1.061812 -0.475279
v 3.625177 1.075767 -4.402277
v 3.622299 1.061812 -4.415313
v 3.917347 0.081233 -1.185473
v 3.913714 0.081233 -1.518769
v 3.917851 0.075152 -1.521113
v 3.258891 0.075152 -1.513930
v 3.262575 0.075152 -1.176036
v 3.921535 0.075152 -1.183220
v 3.238679 0.075152 -3.368050
v 3.897639 0.075152 -3.375233
v 3.893954 0.075152 -3.713247
v 3.234994 0.075152 -3.706064
v 3.234676 -0.001504 -3.735220
v 3.519523 -0.001504 -4.387574
v 3.519376 -0.001504 -4.401124
v 3.227452 -0.001504 -4.397941
v 3.687859 0.588717 -1.349700
v 3.492566 0.588717 -1.347571
v 3.689147 0.571904 -1.325636
v 3.491803 0.571904 -1.323485
v 3.689607 0.569479 -1.296361
v 3.491981 0.569479 -1.294206
v 3.493015 0.582039 -1.267599
v 3.689153 0.582039 -1.269737
v 3.687867 0.606228 -1.253026
v 3.494665 0.606228 -1.250920
v 3.494038 0.615399 -1.360170
v 3.686113 0.615399 -1.362264
v 3.495834 0.644739 -1.357770
v 3.684369 0.644739 -1.359825
v 3.683084 0.668962 -1.342993
v 3.497485 0.668962 -1.340970
v 3.686123 0.635602 -1.250588
v 3.496461 0.635602 -1.248520
v 3.684379 0.662250 -1.263031
v 3.497935 0.662250 -1.260998
v 3.683089 0.679063 -1.287216
v 3.498696 0.679063 -1.285206
v 3.682629 0.681522 -1.316491
v 3.498518 0.681522 -1.314484
v 3.498518 0.681522 -1.314484
v 3.682629 0.681522 -1.316491
v 3.473439 0.679063 -3.602068
v 3.657832 0.679063 -3.604079
v 3.473899 0.681522 -3.572793
v 3.658011 0.681522 -3.574800
v 3.658596 0.662250 -3.628164
v 3.472151 0.662250 -3.626132
v 3.473899 0.681522 -3.572793
v 3.658011 0.681522 -3.574800
v 3.473445 0.668962 -3.546169
v 3.659045 0.668962 -3.548193
v 3.660069 0.635602 -3.640643
v 3.470407 0.635602 -3.638575
v 3.472159 0.644739 -3.529459
v 3.660695 0.644739 -3.531514
v 3.661865 0.606228 -3.638243
v 3.468663 0.606228 -3.636137
v 3.470417 0.615399 -3.526899
v 3.662493 0.615399 -3.528993
v 3.663515 0.582039 -3.621563
v 3.467377 0.582039 -3.619425
v 3.468671 0.588717 -3.539463
v 3.663964 0.588717 -3.541592
v 3.664549 0.569479 -3.594956
v 3.466923 0.569479 -3.592802
v 3.467383 0.571904 -3.563526
v 3.664727 0.571904 -3.565678
v 3.263079 0.081233 -1.511677
v 3.266712 0.081233 -1.178380
v 3.239183 0.081233 -3.703690
v 3.242816 0.081233 -3.370393
v 3.893451 0.081233 -3.377486
v 3.889818 0.081233 -3.710782
v 3.491803 0.571904 -1.323485
v 3.467383 0.571904 -3.563526
v 3.468671 0.588717 -3.539463
v 3.492566 0.588717 -1.347571
v 3.494038 0.615399 -1.360170
v 3.470417 0.615399 -3.526899
v 3.472159 0.644739 -3.529459
v 3.495834 0.644739 -1.357770
v 3.497485 0.668962 -1.340970
v 3.473445 0.668962 -3.546169
v 3.689147 0.571904 -1.325636
v 3.664727 0.571904 -3.565678
v 3.663964 0.588717 -3.541592
v 3.687859 0.588717 -1.349700
v 3.686113 0.615399 -1.362264
v 3.662493 0.615399 -3.528993
v 3.660695 0.644739 -3.531514
v 3.684369 0.644739 -1.359825
v 3.683084 0.668962 -1.342993
v 3.659045 0.668962 -3.548193
vn -0.0021 -1.0000 0.0076
vn -0.0021 -1.0000 0.0075
vn 0.0023 -1.0000 0.0076
vn -0.0020 -1.0000 0.0076
vn 0.0023 -1.0000 0.0075
vn -0.0087 -0.0000 -1.0000
vn 0.0131 -0.0000 0.9999
vn 0.9999 -0.0000 -0.0109
vn -0.9999 -0.0000 0.0109
vn -0.9302 0.3670 0.0088
vn -0.9980 0.0610 0.0148
vn -0.9425 0.3342 0.0065
vn -0.9981 0.0610 0.0071
vn -0.9302 0.3669 0.0082
vn -0.9667 0.2545 0.0256
vn -0.9980 0.0610 0.0147
vn -0.9671 0.2545 -0.0045
vn -0.9981 0.0610 0.0070
vn -0.9961 0.0873 0.0109
vn 0.9425 0.3342 -0.0089
vn 0.9981 0.0611 -0.0109
vn 0.9302 0.3669 -0.0082
vn 0.9981 0.0610 -0.0109
vn 0.9671 0.2541 0.0101
vn 0.9981 0.0609 -0.0109
vn 0.9962 0.0872 -0.0072
vn 0.9425 0.3342 -0.0084
vn 0.9302 0.3670 -0.0088
vn 0.9667 0.2544 -0.0274
vn 0.9981 0.0609 -0.0108
vn 0.9961 0.0872 -0.0146
vn 0.9981 0.0611 -0.0108
vn -0.9049 0.3587 -0.2293
vn -0.4461 0.8882 -0.1100
vn -0.9354 0.3521 -0.0331
vn -0.4798 0.8773 -0.0137
vn -0.9395 0.3425 0.0084
vn -0.4949 0.8689 0.0073
vn -0.9049 -0.3586 -0.2293
vn -0.9369 -0.3479 -0.0332
vn -0.8110 0.3649 -0.4574
vn -0.3997 0.8884 -0.2256
vn 0.2109 0.9760 0.0542
vn 0.1933 0.9811 0.0036
vn -0.9395 -0.3424 0.0083
vn 0.1760 0.9844 -0.0000
vn -0.4500 -0.8857 -0.1138
vn -0.9049 -0.3587 -0.2292
vn -0.4837 -0.8750 -0.0174
vn -0.9369 -0.3481 -0.0332
vn -0.8136 -0.3586 -0.4578
vn -0.3274 0.8890 -0.3202
vn -0.6656 0.3620 -0.6526
vn 0.1901 0.9757 0.1091
vn 0.7591 0.6204 0.1973
vn 0.7741 0.6323 0.0293
vn -0.4988 -0.8667 0.0035
vn -0.9395 -0.3425 0.0084
vn 0.7682 0.6401 -0.0121
vn 0.9993 -0.0036 0.0370
vn 0.7651 -0.6438 -0.0083
vn 0.7714 -0.6356 0.0311
vn 0.1933 -0.9811 0.0036
vn 0.1760 -0.9844 -0.0001
vn 0.2066 -0.9770 0.0525
vn -0.3997 -0.8885 -0.2255
vn -0.8135 -0.3587 -0.4577
vn -0.6656 -0.3620 -0.6526
vn -0.2317 0.8881 -0.3970
vn -0.4731 0.3662 -0.8013
vn 0.1562 0.9759 0.1525
vn 0.6822 0.6224 0.3838
vn 0.9686 -0.0038 0.2486
vn 0.7562 -0.6249 0.1940
vn 0.1901 -0.9757 0.1091
vn -0.3274 -0.8890 -0.3202
vn -0.6656 -0.3621 -0.6526
vn -0.4769 -0.3593 -0.8021
vn -0.1247 0.8895 -0.4396
vn -0.2499 0.3610 -0.8984
vn 0.1132 0.9756 0.1882
vn 0.5605 0.6190 0.5502
vn 0.8711 -0.0000 0.4911
vn 0.6822 -0.6224 0.3838
vn 0.1562 -0.9759 0.1525
vn -0.2359 -0.8877 -0.3953
vn -0.4769 -0.3595 -0.8021
vn -0.2500 -0.3610 -0.8984
vn -0.0028 0.8889 -0.4580
vn -0.0080 0.3617 -0.9323
vn 0.0613 0.9756 0.2109
vn 0.4006 0.6188 0.6757
vn 0.7140 -0.0000 0.7001
vn 0.5604 -0.6240 0.5446
vn 0.1089 -0.9764 0.1863
vn -0.1248 -0.8861 -0.4464
vn -0.2499 -0.3610 -0.8984
vn -0.0124 -0.3616 -0.9323
vn 0.2303 0.3610 -0.9037
vn 0.1151 0.8895 -0.4422
vn 0.0046 0.9761 0.2172
vn 0.2100 0.6234 0.7531
vn 0.5082 -0.0000 0.8613
vn 0.3966 -0.6220 0.6751
vn 0.0569 -0.9758 0.2110
vn -0.0028 -0.8889 -0.4580
vn -0.0124 -0.3617 -0.9322
vn 0.2303 -0.3610 -0.9037
vn 0.4554 0.3658 -0.8117
vn 0.2231 0.8906 -0.3963
vn -0.0566 0.9756 0.2122
vn 0.0107 0.6226 0.7824
vn 0.2676 -0.0037 0.9635
vn 0.2100 -0.6234 0.7531
vn 0.0045 -0.9761 0.2172
vn 0.1150 -0.8861 -0.4490
vn 0.4593 -0.3588 -0.8126
vn 0.3204 0.8884 -0.3287
vn 0.6512 0.3615 -0.6672
vn -0.1091 0.9756 0.1907
vn -0.1935 0.6235 0.7575
vn 0.0087 -0.0000 1.0000
vn 0.0107 -0.6227 0.7824
vn -0.0523 -0.9758 0.2122
vn 0.4593 -0.3590 -0.8125
vn 0.2273 -0.8872 -0.4016
vn 0.6513 -0.3614 -0.6672
vn 0.3947 0.8881 -0.2357
vn 0.8008 0.3636 -0.4759
vn -0.1528 0.9759 0.1559
vn -0.3858 0.6222 0.6812
vn -0.2465 -0.0000 0.9691
vn -0.1935 -0.6234 0.7575
vn -0.1048 -0.9760 0.1907
vn 0.3204 -0.8885 -0.3286
vn 0.6512 -0.3616 -0.6672
vn 0.8034 -0.3573 -0.4764
vn 0.8997 0.3615 -0.2446
vn 0.4435 0.8880 -0.1214
vn -0.1877 0.9757 0.1132
vn -0.5484 0.6222 0.5587
vn -0.4893 -0.0038 0.8721
vn -0.3818 -0.6255 0.6804
vn -0.1528 -0.9759 0.1559
vn 0.3947 -0.8880 -0.2358
vn 0.8033 -0.3575 -0.4763
vn 0.8996 -0.3573 -0.2509
vn 0.9345 0.3527 -0.0478
vn 0.4794 0.8772 -0.0260
vn -0.2097 0.9759 0.0608
vn -0.6737 0.6237 0.3965
vn -0.6986 -0.0038 0.7155
vn -0.5484 -0.6222 0.5587
vn -0.1877 -0.9757 0.1132
vn 0.4474 -0.8855 -0.1253
vn 0.8996 -0.3574 -0.2508
vn 0.9360 -0.3484 -0.0496
vn 0.9394 0.3424 -0.0140
vn 0.4949 0.8689 -0.0054
vn -0.1931 0.9811 0.0097
vn -0.7546 0.6213 0.2109
vn -0.8601 -0.0000 0.5101
vn -0.6737 -0.6237 0.3965
vn -0.2054 -0.9769 0.0588
vn 0.4832 -0.8750 -0.0298
vn 0.9360 -0.3485 -0.0496
vn 0.9395 -0.3424 -0.0140
vn -0.1760 0.9844 0.0038
vn -0.7733 0.6322 0.0480
vn -0.9630 -0.0038 0.2696
vn -0.7518 -0.6242 0.2126
vn -0.1932 -0.9811 0.0097
vn 0.4987 -0.8667 -0.0092
vn 0.9394 -0.3425 -0.0139
vn -0.1759 -0.9844 0.0038
vn -0.7706 -0.6358 0.0443
vn -0.7654 -0.6435 0.0102
vn -0.9983 -0.0000 0.0589
vn -0.7680 0.6403 0.0084
vn -0.4461 0.8882 -0.1101
vn -0.9395 0.3425 0.0083
vn -0.9049 -0.3587 -0.2293
vn -0.9370 -0.3479 -0.0332
vn -0.3998 0.8884 -0.2256
vn -0.4500 -0.8858 -0.1138
vn -0.9048 -0.3588 -0.2292
vn 0.7591 0.6203 0.1973
vn 0.7742 0.6323 0.0293
vn -0.9395 -0.3426 0.0084
vn 0.7681 0.6402 -0.0122
vn 0.9993 -0.0037 0.0370
vn 0.7655 -0.6434 -0.0083
vn 0.1760 -0.9844 -0.0000
vn 0.2067 -0.9770 0.0525
vn -0.3998 -0.8884 -0.2256
vn -0.6657 -0.3620 -0.6526
vn -0.3274 -0.8889 -0.3202
vn -0.6656 -0.3622 -0.6525
vn 0.6822 -0.6223 0.3838
vn -0.0028 0.8890 -0.4580
vn 0.0613 0.9756 0.2110
vn 0.4006 0.6187 0.6758
vn -0.2499 -0.3611 -0.8984
vn -0.0080 -0.3616 -0.9323
vn 0.2100 0.6234 0.7532
vn 0.5079 -0.0001 0.8614
vn 0.3966 -0.6221 0.6751
vn -0.0080 -0.3617 -0.9322
vn -0.0566 0.9756 0.2123
vn 0.0107 0.6227 0.7824
vn 0.0002 -0.9761 0.2173
vn 0.1150 -0.8861 -0.4489
vn 0.4593 -0.3589 -0.8126
vn -0.1935 0.6234 0.7575
vn 0.0088 -0.0000 1.0000
vn 0.0063 -0.6227 0.7825
vn 0.6513 -0.3615 -0.6672
vn -0.3858 0.6222 0.6811
vn -0.2466 -0.0000 0.9691
vn -0.1936 -0.6234 0.7575
vn 0.3204 -0.8885 -0.3287
vn 0.4435 0.8880 -0.1215
vn -0.5483 0.6222 0.5588
vn -0.3819 -0.6254 0.6805
vn -0.1528 -0.9759 0.1558
vn 0.4795 0.8772 -0.0260
vn -0.6737 0.6236 0.3965
vn -0.6985 -0.0038 0.7156
vn -0.8602 -0.0000 0.5100
vn -0.9630 -0.0038 0.2697
vn -0.1931 -0.9811 0.0097
vn -0.1760 -0.9844 0.0038
vn -0.9983 -0.0000 0.0590
vn -0.9999 0.0001 0.0109
vn -0.7682 0.6402 0.0084
vn 0.7126 0.6450 -0.2760
vn 0.9948 0.0849 -0.0556
vn 0.6615 0.4062 -0.6304
vn 0.9814 0.0929 -0.1678
vn 0.7379 0.6575 -0.1521
vn 0.9987 0.0471 -0.0200
vn 0.1330 0.9131 -0.3853
vn 0.1152 0.5548 -0.8240
vn 0.8207 -0.5405 0.1849
vn 0.8682 -0.2484 0.4296
vn 0.1437 0.9668 -0.2113
vn 0.7941 -0.5961 0.1186
vn -0.4986 0.8012 -0.3309
vn -0.4607 0.4981 -0.7346
vn 0.2181 -0.9214 0.3216
vn 0.2580 -0.4367 0.8618
vn -0.5537 -0.3917 0.7348
vn -0.4701 -0.0227 0.8823
vn 0.2081 -0.0151 0.9780
vn 0.7414 0.6633 -0.1021
vn 0.9989 0.0435 -0.0145
vn -0.5158 0.8381 -0.1779
vn 0.2041 -0.9579 0.2020
vn -0.9285 0.3451 -0.1369
vn -0.8968 0.2431 -0.3697
vn -0.5069 -0.8120 0.2893
vn -0.9742 -0.1149 0.1945
vn -0.9294 -0.0076 0.3689
vn -0.9511 -0.2884 0.1104
vn 0.1443 0.9789 -0.1444
vn 0.7910 -0.6071 0.0759
vn -0.9432 0.3265 -0.0609
vn 0.2040 -0.9579 0.2021
vn -0.4815 -0.8550 0.1927
vn -0.9356 -0.3421 0.0872
vn 0.7418 0.6675 -0.0646
vn 0.9991 0.0391 -0.0145
vn -0.5189 0.8471 -0.1148
vn 0.2033 -0.9697 0.1351
vn 0.1450 0.9858 -0.0845
vn 0.7907 -0.6105 0.0460
vn -0.9444 0.3264 -0.0387
vn 0.2032 -0.9698 0.1351
vn -0.4821 -0.8659 0.1332
vn -0.9344 -0.3516 0.0573
vn 0.7420 0.6686 -0.0496
vn -0.5184 0.8523 -0.0697
vn 0.2027 -0.9757 0.0826
vn 0.1452 0.9875 -0.0619
vn 0.7878 -0.6155 0.0253
vn -0.9442 0.3291 -0.0162
vn 0.2025 -0.9758 0.0826
vn -0.4827 -0.8721 0.0807
vn -0.9345 -0.3533 0.0422
vn -0.5181 0.8540 -0.0471
vn 0.2024 -0.9779 0.0525
vn 0.2022 -0.9779 0.0525
vn -0.4829 -0.8738 0.0582
vn -0.9331 -0.3584 0.0291
vn -0.9455 0.3254 -0.0105
vn 0.9983 0.0073 -0.0584
vn 0.7292 0.0527 -0.6823
vn 0.1308 0.0680 -0.9891
vn 0.7967 -0.0188 0.6040
vn -0.5194 0.0604 -0.8524
vn 0.2082 -0.0151 0.9780
vn -0.9446 0.0302 -0.3268
vn 0.9993 -0.0000 -0.0371
vn 0.7410 -0.0000 -0.6715
vn 0.1351 -0.0000 -0.9908
vn 0.7915 0.0038 0.6112
vn -0.5305 -0.0000 -0.8477
vn 0.2210 0.0001 0.9753
vn -0.9516 -0.0000 -0.3074
vn -0.9295 -0.0000 0.3689
vn -0.4661 -0.0000 0.8847
vn 0.2209 -0.0000 0.9753
vn -0.4663 -0.0000 0.8846
vn -0.0235 -0.9983 0.0532
vn -0.0021 -0.9999 0.0152
vn -0.0234 -0.9983 0.0531
vn -0.0020 -0.9999 0.0151
vn 0.9948 0.0850 -0.0556
vn 0.6614 0.4063 -0.6304
vn 0.9987 0.0471 -0.0201
vn 0.8682 -0.2484 0.4295
vn 0.1436 0.9668 -0.2112
vn 0.7942 -0.5960 0.1185
vn -0.4986 0.8011 -0.3310
vn -0.5537 -0.3917 0.7349
vn -0.5158 0.8380 -0.1779
vn 0.2181 -0.9214 0.3217
vn 0.1443 0.9790 -0.1443
vn -0.9432 0.3266 -0.0609
vn 0.2039 -0.9579 0.2021
vn -0.4815 -0.8550 0.1926
vn -0.5188 0.8471 -0.1148
vn 0.1450 0.9858 -0.0844
vn -0.9444 0.3265 -0.0387
vn 0.2031 -0.9698 0.1351
vn -0.4821 -0.8659 0.1333
vn 0.2028 -0.9757 0.0826
vn 0.2026 -0.9758 0.0827
vn -0.9346 -0.3533 0.0423
vn 0.2023 -0.9779 0.0525
vn -0.4829 -0.8737 0.0581
vn 0.9983 0.0073 -0.0583
vn 0.1308 0.0679 -0.9891
vn 0.7968 -0.0188 0.6040
vn 0.7914 0.0038 0.6112
vn 0.2211 -0.0000 0.9753
vn -0.9294 -0.0000 0.3690
vn -0.4662 -0.0000 0.8847
vn -0.0021 -0.9999 0.0151
vn 0.0193 -0.9998 -0.0002
vn 0.0198 -0.9998 -0.0002
vn 0.9975 0.0698 -0.0091
vn -0.0241 0.9997 0.0003
vn -0.0242 0.9997 0.0003
vn -0.9975 0.0698 0.0071
vn -0.9975 0.0697 0.0071
vn -0.0193 -0.9998 0.0002
vn -0.0198 -0.9998 0.0002
vn 0.0242 0.9997 -0.0003
vn 0.0196 -0.9998 -0.0002
vn 0.0241 0.9997 -0.0003
vn 0.0194 -0.9998 -0.0002
vn 0.0191 -0.9998 -0.0002
vn -0.0196 0.9998 0.0002
vn -0.0197 0.9998 0.0002
vn 0.0197 -0.9998 -0.0002
vn -0.8261 0.5635 0.0090
vn -0.8236 0.5671 0.0109
vn -0.8186 0.5743 0.0070
vn -0.9044 0.4266 -0.0108
vn -0.0698 0.0377 -0.9968
vn -0.8063 0.3028 -0.5081
vn -0.8846 0.4661 0.0116
vn -1.0000 -0.0000 -0.0065
vn -0.9044 0.4266 -0.0109
vn 0.0022 -1.0000 -0.0000
vn -0.9972 0.0742 0.0089
vn -0.9972 0.0742 0.0090
vn -0.9996 -0.0000 0.0283
vn -0.9040 0.4268 0.0269
vn -0.8846 0.4662 0.0115
vn -0.9040 0.4268 0.0268
vn -0.0481 0.0340 0.9983
vn -0.7950 0.3028 0.5256
vn -0.8261 0.5635 0.0091
vn -0.0306 -0.0000 -0.9995
vn -0.0109 0.0076 -0.9999
vn -0.0087 0.0076 -0.9999
vn 0.0021 -1.0000 -0.0076
vn 0.0020 -0.9999 -0.0151
vn 0.9996 -0.0000 -0.0283
vn 0.9040 0.4268 -0.0267
vn 0.8846 0.4662 -0.0115
vn 0.9972 0.0742 -0.0090
vn 0.9972 0.0743 -0.0090
vn 1.0000 -0.0000 0.0065
vn 0.9044 0.4266 0.0108
vn 0.0024 -0.9999 0.0151
vn -0.0088 -0.0000 1.0000
vn 0.0131 0.0076 0.9999
vn 0.0048 0.7682 0.6402
vn -0.0002 1.0000 0.0001
vn 0.0047 0.7778 0.6285
vn 0.0033 0.8635 0.5044
vn 0.0092 0.7682 0.6401
vn 0.0091 0.7778 0.6284
vn 0.0022 1.0000 -0.0000
vn 0.0077 0.8635 0.5043
vn -0.0022 1.0000 -0.0000
vn -0.0005 1.0000 -0.0001
vn -0.0077 0.8635 -0.5043
vn -0.0033 0.8635 -0.5044
vn -0.0092 0.7682 -0.6401
vn -0.0090 0.7778 -0.6284
vn -0.0048 0.7682 -0.6402
vn -0.0047 0.7778 -0.6285
vn -0.0048 0.7682 -0.6401
vn 0.0021 -1.0000 -0.0077
vn -0.0011 -0.9547 -0.2975
vn 0.0020 -0.9999 -0.0152
vn -0.0010 -0.9547 -0.2975
vn -0.0047 0.7777 -0.6286
vn -0.0087 0.0075 -0.9999
vn -0.0047 0.7778 -0.6286
vn 0.0021 -0.9999 -0.0152
vn 0.9996 -0.0000 -0.0282
vn 0.0087 -0.0000 -1.0000
vn 0.9039 0.4268 -0.0267
vn 0.0480 0.0377 -0.9981
vn 0.7950 0.3023 -0.5259
vn 0.8186 0.5743 -0.0070
vn 0.8261 0.5635 -0.0090
vn 0.8236 0.5671 -0.0109
vn 0.8260 0.5635 -0.0128
vn 0.9044 0.4266 0.0107
vn 0.0698 0.0340 0.9970
vn 0.8063 0.3054 0.5065
vn 1.0000 -0.0000 0.0064
vn 0.0306 0.0001 0.9995
vn 0.0054 -0.9547 0.2975
vn 0.0024 -0.9999 0.0152
vn 0.0054 -0.9547 0.2974
vn 0.0091 0.7777 0.6286
vn 0.0092 0.7682 0.6402
vn 0.0131 0.0075 0.9999
vn 0.0047 0.7777 0.6286
vn 0.0130 0.0075 0.9999
vn 0.0046 0.7777 0.6286
vn 0.0109 0.0076 0.9999
vn -0.0092 0.7682 -0.6402
vn -0.0091 0.7777 -0.6285
vn -0.9961 0.0872 0.0107
vn -0.9515 0.0527 -0.3029
vn 0.9448 0.0597 -0.3223
vn -0.9961 0.0872 0.0110
vn -0.9447 0.0527 0.3236
vn 0.9962 0.0872 -0.0070
vn 0.9515 0.0597 0.3017
vn 0.8064 0.3053 0.5065
vn 0.0124 -0.3546 0.9349
vn -0.0080 -0.3546 -0.9350
vn -0.0081 -0.3546 -0.9350
vn 0.0123 -0.3546 0.9349
vn 0.0105 0.6517 0.7584
vn 0.0105 0.6518 0.7584
vn 0.0058 0.9428 0.3334
vn 0.0036 0.9429 0.3330
vn -0.0020 0.9850 -0.1725
vn 0.0003 0.9849 -0.1729
vn -0.0080 0.3476 -0.9376
vn -0.0081 0.3475 -0.9377
vn 0.0128 0.1877 0.9821
vn 0.0129 0.1876 0.9822
vn 0.0125 -0.3261 0.9452
vn 0.0125 -0.3262 0.9452
vn 0.0093 -0.7585 0.6517
vn 0.0093 -0.7584 0.6517
vn -0.0086 -0.1654 -0.9862
vn -0.0062 -0.6344 -0.7730
vn -0.0015 -0.9403 -0.3404
vn -0.0015 -0.9402 -0.3405
vn 0.0032 -0.9836 0.1802
vn 0.0042 -0.9836 0.1801
vn 0.0042 -0.9836 0.1803
vn 0.0059 -0.9403 0.3404
vn 0.0036 -0.9404 0.3400
vn -0.0032 -0.9836 -0.1802
vn 0.0002 -0.9836 -0.1802
vn 0.0106 -0.6344 0.7729
vn 0.0106 -0.6344 0.7730
vn 0.0002 -0.9836 -0.1803
vn 0.0002 -0.9836 -0.1804
vn -0.0049 -0.7585 -0.6517
vn -0.0049 -0.7584 -0.6517
vn 0.0129 -0.1654 0.9861
vn -0.0081 -0.3263 -0.9452
vn -0.0081 -0.3262 -0.9452
vn 0.0124 0.3475 0.9376
vn 0.0124 0.3476 0.9376
vn -0.0085 0.1877 -0.9822
vn -0.0061 0.6517 -0.7584
vn -0.0061 0.6518 -0.7584
vn 0.0041 0.9849 0.1728
vn 0.0034 0.9850 0.1728
vn -0.0015 0.9428 -0.3334
vn -0.0021 0.9428 -0.3333
vn 0.7482 0.6634 -0.0100
vn -0.7482 0.6634 0.0082
vn -0.8260 0.5635 0.0090
vn 0.8261 0.5635 -0.0052
vn -0.9981 0.0611 0.0071
vn 0.9981 0.0607 -0.0109
vn 0.9981 0.0612 -0.0109
vt 0.992370 0.154760
vt 0.990960 0.154760
vt 0.991610 0.154530
vt 0.972620 0.337270
vt 0.971320 0.337380
vt 0.971970 0.337050
vt 0.578560 0.333610
vt 0.608070 0.333610
vt 0.604600 0.335160
vt 0.578670 0.352120
vt 0.604380 0.350790
vt 0.608070 0.352450
vt 0.578780 0.086490
vt 0.608290 0.086160
vt 0.604810 0.087930
vt 0.578880 0.104890
vt 0.604600 0.103450
vt 0.608180 0.105110
vt 0.952870 0.134590
vt 0.950050 0.133920
vt 0.952110 0.133480
vt 0.950590 0.252610
vt 0.953420 0.250170
vt 0.952220 0.251720
vt 0.941810 0.133920
vt 0.938990 0.134590
vt 0.939740 0.133480
vt 0.939530 0.250170
vt 0.942350 0.252610
vt 0.940720 0.251720
vt 0.771900 0.352560
vt 0.775370 0.350900
vt 0.801410 0.352230
vt 0.771900 0.333720
vt 0.801300 0.333830
vt 0.775590 0.335380
vt 0.775590 0.103560
vt 0.801520 0.105110
vt 0.772120 0.105220
vt 0.772120 0.086380
vt 0.801520 0.086720
vt 0.775810 0.088050
vt 0.947880 0.719140
vt 0.945060 0.718470
vt 0.947120 0.718030
vt 0.944840 0.837270
vt 0.947670 0.834830
vt 0.946470 0.836380
vt 0.936600 0.837270
vt 0.935410 0.718470
vt 0.936920 0.718470
vt 0.933780 0.834830
vt 0.934970 0.836380
vt 0.627060 0.094250
vt 0.626840 0.344470
vt 0.608290 0.006150
vt 0.631070 0.089490
vt 0.628470 0.091260
vt 0.630850 0.349240
vt 0.607960 0.432570
vt 0.628250 0.347460
vt 0.638770 0.345470
vt 0.639100 0.342260
vt 0.681960 0.432460
vt 0.636930 0.348130
vt 0.634110 0.349460
vt 0.637150 0.090590
vt 0.634220 0.089260
vt 0.682280 0.006370
vt 0.638990 0.093250
vt 0.639210 0.096470
vt 0.753350 0.094360
vt 0.751940 0.091370
vt 0.749330 0.089600
vt 0.772230 0.006260
vt 0.746080 0.089260
vt 0.743260 0.090710
vt 0.698230 0.006370
vt 0.741410 0.093360
vt 0.741090 0.096470
vt 0.753130 0.344580
vt 0.749120 0.349350
vt 0.751720 0.347570
vt 0.771790 0.432680
vt 0.743040 0.348240
vt 0.745860 0.349570
vt 0.697910 0.432460
vt 0.741200 0.345580
vt 0.740870 0.342370
vt 0.974680 0.386470
vt 0.974570 0.387020
vt 0.973380 0.386470
vt 0.973270 0.387020
vt 0.970880 0.386360
vt 0.970880 0.386910
vt 0.974680 0.385920
vt 0.973380 0.385810
vt 0.975870 0.386470
vt 0.975870 0.387020
vt 0.974570 0.387580
vt 0.973270 0.387580
vt 0.970990 0.385810
vt 0.970780 0.387580
vt 0.974570 0.390570
vt 0.974570 0.391120
vt 0.973270 0.390570
vt 0.973270 0.391120
vt 0.975870 0.385920
vt 0.977180 0.387020
vt 0.977180 0.386470
vt 0.975870 0.387580
vt 0.974570 0.388240
vt 0.973160 0.388240
vt 0.970880 0.390680
vt 0.970880 0.391240
vt 0.970780 0.388130
vt 0.970780 0.388800
vt 0.973160 0.388800
vt 0.970780 0.389460
vt 0.973160 0.389350
vt 0.973270 0.390020
vt 0.970780 0.390020
vt 0.974570 0.389910
vt 0.975870 0.390570
vt 0.975870 0.391120
vt 0.977180 0.385920
vt 0.978370 0.387020
vt 0.978370 0.386470
vt 0.977180 0.387580
vt 0.975870 0.388240
vt 0.974570 0.388800
vt 0.974570 0.389350
vt 0.975870 0.389910
vt 0.977180 0.390570
vt 0.977180 0.391120
vt 0.978370 0.385920
vt 0.979670 0.387020
vt 0.979670 0.386470
vt 0.978370 0.387580
vt 0.977180 0.388240
vt 0.975870 0.388800
vt 0.975870 0.389350
vt 0.977180 0.389910
vt 0.978480 0.390570
vt 0.978480 0.391120
vt 0.979670 0.385810
vt 0.980970 0.387020
vt 0.980970 0.386470
vt 0.979670 0.387580
vt 0.978370 0.388240
vt 0.977180 0.388800
vt 0.977180 0.389350
vt 0.978480 0.389910
vt 0.979670 0.390570
vt 0.979670 0.391120
vt 0.980970 0.385810
vt 0.982280 0.386470
vt 0.982280 0.387020
vt 0.980970 0.387580
vt 0.979670 0.388240
vt 0.978370 0.388800
vt 0.978480 0.389350
vt 0.979670 0.389910
vt 0.980970 0.390460
vt 0.980970 0.391120
vt 0.982280 0.385810
vt 0.983580 0.386470
vt 0.983580 0.387020
vt 0.982280 0.387580
vt 0.980970 0.388130
vt 0.979670 0.388800
vt 0.979670 0.389350
vt 0.980970 0.389910
vt 0.982280 0.391120
vt 0.982280 0.390570
vt 0.983470 0.385810
vt 0.984770 0.387020
vt 0.984770 0.386360
vt 0.983580 0.387580
vt 0.982280 0.388130
vt 0.980970 0.388800
vt 0.980970 0.389350
vt 0.982280 0.389910
vt 0.983580 0.391120
vt 0.983580 0.390460
vt 0.984770 0.385810
vt 0.986070 0.387020
vt 0.986070 0.386360
vt 0.984880 0.387580
vt 0.983580 0.388130
vt 0.982280 0.388800
vt 0.982280 0.389350
vt 0.983580 0.389910
vt 0.984880 0.390460
vt 0.984880 0.391120
vt 0.986070 0.385810
vt 0.987270 0.386360
vt 0.987380 0.386910
vt 0.986070 0.387580
vt 0.984880 0.388130
vt 0.983580 0.388800
vt 0.983580 0.389350
vt 0.984880 0.389910
vt 0.986180 0.390460
vt 0.986180 0.391120
vt 0.987270 0.385810
vt 0.988570 0.386360
vt 0.988680 0.386910
vt 0.987380 0.387580
vt 0.986180 0.388130
vt 0.984880 0.388800
vt 0.984880 0.389350
vt 0.986180 0.389910
vt 0.987380 0.390460
vt 0.987380 0.391010
vt 0.988570 0.385810
vt 0.991060 0.386250
vt 0.991060 0.386800
vt 0.988680 0.387470
vt 0.987480 0.388130
vt 0.986180 0.388690
vt 0.986180 0.389350
vt 0.987480 0.389910
vt 0.988680 0.390460
vt 0.988680 0.391010
vt 0.990960 0.385580
vt 0.991170 0.387470
vt 0.988790 0.388130
vt 0.987480 0.388690
vt 0.987480 0.389240
vt 0.988790 0.389910
vt 0.991170 0.390460
vt 0.991170 0.391120
vt 0.991170 0.389910
vt 0.988790 0.389240
vt 0.991170 0.389240
vt 0.988790 0.388690
vt 0.991280 0.388690
vt 0.991170 0.388020
vt 0.246020 0.491410
vt 0.246020 0.491970
vt 0.244710 0.491410
vt 0.244710 0.491970
vt 0.242330 0.491300
vt 0.242220 0.491860
vt 0.246120 0.490860
vt 0.244820 0.490750
vt 0.247320 0.491410
vt 0.247320 0.491970
vt 0.246020 0.492520
vt 0.244710 0.492520
vt 0.242330 0.490750
vt 0.242220 0.492520
vt 0.246020 0.495510
vt 0.246020 0.496070
vt 0.244710 0.495510
vt 0.244710 0.496070
vt 0.247320 0.490860
vt 0.248510 0.491970
vt 0.248510 0.491410
vt 0.247210 0.492630
vt 0.245910 0.493190
vt 0.244600 0.493190
vt 0.242220 0.495510
vt 0.242220 0.496180
vt 0.242220 0.493070
vt 0.242110 0.493740
vt 0.244600 0.493740
vt 0.242220 0.494290
vt 0.244600 0.494290
vt 0.244600 0.494850
vt 0.242220 0.494960
vt 0.245910 0.494850
vt 0.247210 0.495510
vt 0.247210 0.496070
vt 0.248510 0.490860
vt 0.249810 0.491970
vt 0.249810 0.491410
vt 0.248510 0.492520
vt 0.247210 0.493190
vt 0.245910 0.493740
vt 0.245910 0.494290
vt 0.247210 0.494850
vt 0.248510 0.495510
vt 0.248510 0.496070
vt 0.249810 0.490860
vt 0.251110 0.491970
vt 0.251110 0.491410
vt 0.249810 0.492520
vt 0.248510 0.493190
vt 0.247210 0.493740
vt 0.247210 0.494290
vt 0.248510 0.494960
vt 0.249810 0.495510
vt 0.249810 0.496070
vt 0.251110 0.490860
vt 0.252420 0.491970
vt 0.252420 0.491410
vt 0.251110 0.492520
vt 0.249810 0.493190
vt 0.248510 0.493740
vt 0.248510 0.494290
vt 0.249810 0.494960
vt 0.251110 0.495510
vt 0.251110 0.496070
vt 0.252420 0.490860
vt 0.253610 0.491410
vt 0.253720 0.491970
vt 0.252420 0.492520
vt 0.251110 0.493190
vt 0.249810 0.493740
vt 0.249810 0.494290
vt 0.251110 0.494960
vt 0.252420 0.495510
vt 0.252420 0.496070
vt 0.253610 0.490750
vt 0.254910 0.491410
vt 0.254910 0.491970
vt 0.253720 0.492520
vt 0.252420 0.493190
vt 0.251110 0.493740
vt 0.251110 0.494290
vt 0.252420 0.494960
vt 0.253720 0.496070
vt 0.253720 0.495510
vt 0.254910 0.490860
vt 0.256210 0.491970
vt 0.256210 0.491410
vt 0.254910 0.492520
vt 0.253720 0.493190
vt 0.252420 0.493740
vt 0.252420 0.494290
vt 0.253720 0.494850
vt 0.255020 0.496070
vt 0.255020 0.495510
vt 0.256210 0.490750
vt 0.257520 0.491970
vt 0.257520 0.491410
vt 0.256210 0.492520
vt 0.254910 0.493190
vt 0.253720 0.493740
vt 0.253720 0.494290
vt 0.254910 0.494850
vt 0.256210 0.495510
vt 0.256210 0.496070
vt 0.257410 0.490750
vt 0.258710 0.491300
vt 0.258710 0.491970
vt 0.257520 0.492520
vt 0.256210 0.493190
vt 0.254910 0.493740
vt 0.254910 0.494290
vt 0.256210 0.494850
vt 0.257520 0.495400
vt 0.257520 0.496070
vt 0.258710 0.490750
vt 0.260010 0.491300
vt 0.260010 0.491860
vt 0.258820 0.492520
vt 0.257520 0.493070
vt 0.256210 0.493740
vt 0.256210 0.494290
vt 0.257520 0.494850
vt 0.258820 0.495400
vt 0.258820 0.496070
vt 0.260010 0.490750
vt 0.262510 0.491190
vt 0.262510 0.491860
vt 0.260120 0.492520
vt 0.258820 0.493070
vt 0.257520 0.493740
vt 0.257520 0.494290
vt 0.258820 0.494850
vt 0.260120 0.495400
vt 0.260120 0.496070
vt 0.262400 0.490640
vt 0.262510 0.492410
vt 0.260120 0.493070
vt 0.258820 0.493740
vt 0.258820 0.494290
vt 0.260120 0.494850
vt 0.262620 0.495510
vt 0.262510 0.496070
vt 0.262620 0.494850
vt 0.260230 0.494290
vt 0.262620 0.494290
vt 0.260230 0.493630
vt 0.262620 0.493630
vt 0.262620 0.493070
vt 0.988350 0.166720
vt 0.987590 0.166500
vt 0.988350 0.165950
vt 0.987700 0.165840
vt 0.988240 0.167500
vt 0.987590 0.167390
vt 0.989000 0.166720
vt 0.989000 0.165950
vt 0.986940 0.166170
vt 0.986940 0.165730
vt 0.989000 0.167610
vt 0.986830 0.167170
vt 0.989650 0.166720
vt 0.989650 0.165950
vt 0.986180 0.165950
vt 0.986180 0.165730
vt 0.991610 0.165510
vt 0.991710 0.164730
vt 0.992370 0.165390
vt 0.992370 0.164730
vt 0.988240 0.168390
vt 0.987590 0.168280
vt 0.989760 0.167500
vt 0.986180 0.167060
vt 0.990300 0.166500
vt 0.990300 0.165840
vt 0.992370 0.165620
vt 0.991710 0.165730
vt 0.990960 0.165620
vt 0.990960 0.164620
vt 0.990960 0.166170
vt 0.989110 0.168500
vt 0.986830 0.168160
vt 0.990520 0.167280
vt 0.992580 0.166610
vt 0.991820 0.166840
vt 0.991170 0.167060
vt 0.988350 0.169270
vt 0.987480 0.169160
vt 0.989870 0.168390
vt 0.986070 0.168050
vt 0.989110 0.169270
vt 0.986830 0.169050
vt 0.990520 0.168160
vt 0.992690 0.167610
vt 0.992040 0.167720
vt 0.991280 0.167940
vt 0.988240 0.170160
vt 0.987480 0.170050
vt 0.989870 0.169160
vt 0.986070 0.168940
vt 0.989110 0.170160
vt 0.986620 0.169830
vt 0.990630 0.169050
vt 0.992800 0.168500
vt 0.992150 0.168610
vt 0.991390 0.168830
vt 0.989980 0.170160
vt 0.985960 0.169720
vt 0.993020 0.169270
vt 0.992260 0.169490
vt 0.991610 0.169720
vt 0.990850 0.169940
vt 0.987480 0.164730
vt 0.988130 0.164510
vt 0.988890 0.164400
vt 0.986830 0.164840
vt 0.989550 0.164400
vt 0.986070 0.164950
vt 0.990300 0.164510
vt 0.986940 0.156750
vt 0.987700 0.156640
vt 0.988460 0.156640
vt 0.986290 0.156860
vt 0.989220 0.156640
vt 0.985530 0.156860
vt 0.989980 0.156530
vt 0.990740 0.156530
vt 0.991390 0.156640
vt 0.992150 0.156530
vt 0.990850 0.156200
vt 0.992690 0.155980
vt 0.990630 0.155420
vt 0.992690 0.155310
vt 0.968500 0.349240
vt 0.967850 0.349010
vt 0.968500 0.348460
vt 0.967850 0.348350
vt 0.968500 0.350010
vt 0.967740 0.349900
vt 0.969150 0.349240
vt 0.969150 0.348460
vt 0.967090 0.348680
vt 0.967190 0.348240
vt 0.969150 0.350120
vt 0.966980 0.349680
vt 0.969800 0.349240
vt 0.969800 0.348460
vt 0.966440 0.348460
vt 0.966440 0.348130
vt 0.971860 0.348020
vt 0.971860 0.347350
vt 0.972620 0.347910
vt 0.972620 0.347240
vt 0.968500 0.350900
vt 0.967740 0.350790
vt 0.969910 0.350010
vt 0.966330 0.349570
vt 0.970560 0.349010
vt 0.970450 0.348350
vt 0.972620 0.348130
vt 0.971860 0.348350
vt 0.971100 0.348130
vt 0.971210 0.347130
vt 0.971210 0.348680
vt 0.969260 0.350900
vt 0.966980 0.350680
vt 0.970670 0.349790
vt 0.972730 0.349130
vt 0.972080 0.349350
vt 0.971320 0.349570
vt 0.968500 0.351790
vt 0.967630 0.351670
vt 0.970020 0.350900
vt 0.966220 0.350570
vt 0.969260 0.351790
vt 0.966980 0.351450
vt 0.970670 0.350790
vt 0.972840 0.350120
vt 0.972190 0.350340
vt 0.971430 0.350570
vt 0.968390 0.352670
vt 0.967520 0.352450
vt 0.970020 0.351670
vt 0.966220 0.351340
vt 0.969260 0.352670
vt 0.966760 0.352340
vt 0.970780 0.351560
vt 0.972940 0.351010
vt 0.972290 0.351120
vt 0.971530 0.351340
vt 0.970120 0.352670
vt 0.966110 0.352230
vt 0.973160 0.351790
vt 0.972400 0.352010
vt 0.971750 0.352230
vt 0.970990 0.352450
vt 0.967740 0.347130
vt 0.968390 0.347020
vt 0.969040 0.346910
vt 0.966980 0.347350
vt 0.969800 0.346910
vt 0.966330 0.347460
vt 0.970450 0.347020
vt 0.967300 0.339260
vt 0.968060 0.339150
vt 0.968820 0.339150
vt 0.966540 0.339260
vt 0.969470 0.339150
vt 0.965780 0.339370
vt 0.970230 0.339150
vt 0.970990 0.339040
vt 0.971750 0.339150
vt 0.972510 0.339040
vt 0.971100 0.338710
vt 0.972940 0.338600
vt 0.970990 0.337930
vt 0.973050 0.337820
vt 0.443370 0.098130
vt 0.442610 0.113090
vt 0.439140 0.098130
vt 0.439360 0.113090
vt 0.438710 0.113090
vt 0.435450 0.113200
vt 0.438490 0.098130
vt 0.434150 0.098240
vt 0.443370 0.097460
vt 0.439140 0.097460
vt 0.443260 0.113090
vt 0.444020 0.098130
vt 0.439360 0.113750
vt 0.442610 0.113750
vt 0.439030 0.121730
vt 0.443370 0.121730
vt 0.439790 0.136800
vt 0.443050 0.136800
vt 0.435880 0.137140
vt 0.434150 0.122180
vt 0.439140 0.136800
vt 0.438490 0.121730
vt 0.443370 0.121180
vt 0.439030 0.121070
vt 0.443700 0.136800
vt 0.444020 0.121840
vt 0.439790 0.137360
vt 0.443050 0.137360
vt 0.197300 0.030200
vt 0.196430 0.045270
vt 0.192960 0.030200
vt 0.193290 0.045270
vt 0.192630 0.045270
vt 0.189380 0.045380
vt 0.192310 0.030310
vt 0.187970 0.030420
vt 0.197300 0.029650
vt 0.192960 0.029650
vt 0.197080 0.045270
vt 0.197950 0.030310
vt 0.193290 0.045940
vt 0.196430 0.045940
vt 0.394760 0.006600
vt 0.399100 0.006600
vt 0.395420 0.021560
vt 0.398670 0.021560
vt 0.391620 0.021890
vt 0.389880 0.007040
vt 0.394760 0.021670
vt 0.394110 0.006600
vt 0.399100 0.005930
vt 0.394760 0.005930
vt 0.399320 0.021560
vt 0.399760 0.006600
vt 0.395420 0.022220
vt 0.398670 0.022220
vt 0.113540 0.098460
vt 0.112130 0.113420
vt 0.105620 0.098350
vt 0.105290 0.113420
vt 0.119940 0.114750
vt 0.113110 0.113420
vt 0.122330 0.099900
vt 0.114520 0.098460
vt 0.113540 0.097460
vt 0.105620 0.097460
vt 0.105290 0.114310
vt 0.112130 0.114310
vt 0.104640 0.098350
vt 0.104320 0.113420
vt 0.915770 0.223460
vt 0.914570 0.238420
vt 0.907740 0.223570
vt 0.907740 0.238530
vt 0.922390 0.239640
vt 0.915550 0.238530
vt 0.924560 0.224790
vt 0.916640 0.223570
vt 0.915660 0.222460
vt 0.907740 0.222580
vt 0.907740 0.239530
vt 0.914570 0.239420
vt 0.906760 0.223570
vt 0.906760 0.238530
vt 0.985210 0.142230
vt 0.961770 0.177690
vt 0.983140 0.142120
vt 0.960470 0.176250
vt 0.557290 0.360430
vt 0.565650 0.357220
vt 0.557180 0.432460
vt 0.565540 0.432460
vt 0.894180 0.795710
vt 0.894180 0.831950
vt 0.823540 0.795710
vt 0.823540 0.831950
vt 0.557510 0.121620
vt 0.565860 0.118520
vt 0.557290 0.316880
vt 0.565540 0.320090
vt 0.894180 0.545160
vt 0.894180 0.581390
vt 0.823540 0.545160
vt 0.823540 0.581390
vt 0.557510 0.006150
vt 0.565860 0.006150
vt 0.557400 0.078180
vt 0.565760 0.081400
vt 0.901880 0.726560
vt 0.903830 0.726340
vt 0.925210 0.762350
vt 0.926620 0.760910
vt 0.983040 0.134030
vt 0.984550 0.132590
vt 0.956450 0.250170
vt 0.823110 0.841590
vt 0.854790 0.912180
vt 0.823110 0.913620
vt 0.854790 0.913620
vt 0.822570 0.432680
vt 0.814320 0.432680
vt 0.822790 0.360650
vt 0.814430 0.357440
vt 0.822680 0.317100
vt 0.814320 0.320310
vt 0.822890 0.121840
vt 0.814540 0.118740
vt 0.894720 0.590920
vt 0.894720 0.786070
vt 0.823110 0.590920
vt 0.823110 0.786070
vt 0.822790 0.078400
vt 0.814540 0.081510
vt 0.822890 0.006370
vt 0.814540 0.006370
vt 0.894720 0.463490
vt 0.894720 0.535520
vt 0.862930 0.463490
vt 0.862930 0.464930
vt 0.854790 0.463490
vt 0.854790 0.464930
vt 0.823110 0.463490
vt 0.823110 0.535520
vt 0.904160 0.718250
vt 0.902640 0.716810
vt 0.930740 0.834830
vt 0.934100 0.719250
vt 0.696600 0.008480
vt 0.694650 0.005930
vt 0.694320 0.007700
vt 0.685860 0.005930
vt 0.683910 0.008480
vt 0.686190 0.007700
vt 0.696170 0.430350
vt 0.683580 0.430350
vt 0.694000 0.431130
vt 0.685750 0.431130
vt 0.694320 0.432900
vt 0.685540 0.432900
vt 0.957760 0.251830
vt 0.907300 0.133040
vt 0.908930 0.134370
vt 0.906760 0.142570
vt 0.908820 0.142460
vt 0.930410 0.177810
vt 0.931820 0.176370
vt 0.980210 0.727000
vt 0.956560 0.762350
vt 0.978150 0.726780
vt 0.955260 0.760910
vt 0.979560 0.717360
vt 0.978040 0.718800
vt 0.929440 0.836380
vt 0.952010 0.836490
vt 0.950700 0.834830
vt 0.935190 0.251830
vt 0.936490 0.250280
vt 0.813670 0.081840
vt 0.813780 0.118410
vt 0.823110 0.582060
vt 0.894720 0.582060
vt 0.894720 0.544380
vt 0.823110 0.544380
vt 0.894720 0.795050
vt 0.823110 0.795050
vt 0.823110 0.832720
vt 0.894720 0.832720
vt 0.894720 0.841590
vt 0.862930 0.912180
vt 0.862930 0.913620
vt 0.894720 0.913620
vt 0.434260 0.064440
vt 0.455520 0.064440
vt 0.434150 0.067660
vt 0.455630 0.067660
vt 0.434150 0.070870
vt 0.455630 0.070870
vt 0.455520 0.074080
vt 0.434260 0.074080
vt 0.434370 0.077300
vt 0.455410 0.077300
vt 0.455310 0.061230
vt 0.434470 0.061230
vt 0.455090 0.058130
vt 0.434690 0.058130
vt 0.434800 0.054910
vt 0.454980 0.054910
vt 0.434580 0.080510
vt 0.455200 0.080510
vt 0.434800 0.083610
vt 0.454980 0.083610
vt 0.434910 0.086830
vt 0.454870 0.086830
vt 0.434910 0.090040
vt 0.454870 0.090040
vt 0.454870 0.051700
vt 0.434910 0.051700
vt 0.381090 0.009150
vt 0.361020 0.009150
vt 0.381090 0.005930
vt 0.361020 0.005930
vt 0.360910 0.012360
vt 0.381200 0.012360
vt 0.381090 0.044270
vt 0.361020 0.044270
vt 0.381090 0.041060
vt 0.360910 0.041060
vt 0.360700 0.015570
vt 0.381310 0.015570
vt 0.381310 0.037960
vt 0.360800 0.037960
vt 0.360590 0.018680
vt 0.381530 0.018680
vt 0.381530 0.034740
vt 0.360590 0.034740
vt 0.360370 0.021890
vt 0.381740 0.021890
vt 0.381640 0.031530
vt 0.360480 0.031530
vt 0.360260 0.025100
vt 0.381740 0.025100
vt 0.381740 0.028320
vt 0.360370 0.028320
vt 0.566620 0.118190
vt 0.566520 0.081620
vt 0.566520 0.356990
vt 0.566410 0.320310
vt 0.813560 0.320540
vt 0.813560 0.357220
vt 0.627270 0.097460
vt 0.627170 0.341260
vt 0.628900 0.338600
vt 0.629120 0.100010
vt 0.632050 0.101450
vt 0.631830 0.337270
vt 0.635090 0.337600
vt 0.635190 0.101120
vt 0.637910 0.099350
vt 0.637690 0.339370
vt 0.753020 0.097580
vt 0.752800 0.341370
vt 0.751070 0.338710
vt 0.751180 0.100120
vt 0.748360 0.101570
vt 0.748140 0.337380
vt 0.744880 0.337600
vt 0.745100 0.101230
vt 0.742500 0.099460
vt 0.742280 0.339480
v 3.522641 0.808784 -8.435392
v 3.510355 0.808784 -8.437074
v 3.516795 0.808784 -8.438474
v 3.522642 0.234013 -8.435392
v 3.510355 0.234013 -8.437074
v 3.516795 0.233980 -8.438474
v 3.261348 0.173905 -7.493275
v 3.413946 0.396695 -7.494938
v 3.413946 0.359912 -7.494938
v 3.259544 0.173905 -7.658773
v 3.412142 0.359912 -7.660437
v 3.412142 0.396695 -7.660437
v 3.286084 0.173905 -5.224198
v 3.438682 0.396695 -5.225861
v 3.438682 0.359912 -5.225861
v 3.284280 0.173905 -5.389697
v 3.436878 0.359912 -5.391360
v 3.436878 0.396695 -5.391360
v 3.475631 0.002583 -8.413948
v 3.475921 -0.001504 -8.387333
v 3.475773 -0.001504 -8.400882
v 3.475920 1.083742 -8.387333
v 3.475630 1.061812 -8.413948
v 3.475773 1.075767 -8.400882
v 3.551033 -0.001504 -8.388151
v 3.550743 0.002583 -8.414766
v 3.550885 -0.001504 -8.401700
v 3.550743 1.061812 -8.414766
v 3.551033 1.083742 -8.388151
v 3.550885 1.075767 -8.401700
v 3.630643 0.396695 -7.662819
v 3.630643 0.359912 -7.662819
v 3.783241 0.173905 -7.664482
v 3.632447 0.396695 -7.497320
v 3.785045 0.173905 -7.498983
v 3.632447 0.359912 -7.497320
v 3.655379 0.359912 -5.393743
v 3.807977 0.173905 -5.395406
v 3.655379 0.396695 -5.393743
v 3.657183 0.396695 -5.228243
v 3.809781 0.173905 -5.229907
v 3.657183 0.359912 -5.228243
v 3.593695 0.002583 -4.474733
v 3.593403 -0.001504 -4.501469
v 3.593551 -0.001504 -4.487919
v 3.593403 1.083742 -4.501469
v 3.593694 1.061812 -4.474733
v 3.593551 1.075767 -4.487919
v 3.518291 1.083742 -4.500650
v 3.518438 -0.001504 -4.487101
v 3.518291 -0.001504 -4.500650
v 3.518582 1.061812 -4.473914
v 3.518438 1.075767 -4.487101
v 3.448379 0.569479 -5.293965
v 3.423321 0.569479 -7.592562
v 3.446744 0.396695 -4.486319
v 3.451063 0.606228 -5.250679
v 3.449413 0.582039 -5.267358
v 3.425061 0.606228 -7.635896
v 3.404079 0.396695 -8.400100
v 3.423775 0.582039 -7.619184
v 3.429837 0.679063 -7.601827
v 3.430297 0.681522 -7.572553
v 3.445084 1.075767 -8.400547
v 3.428549 0.662250 -7.625891
v 3.426804 0.635602 -7.638334
v 3.454332 0.662250 -5.260757
v 3.452859 0.635602 -5.248279
v 3.487750 1.075767 -4.486766
v 3.455093 0.679063 -5.284964
v 3.454915 0.681522 -5.314242
v 3.646004 0.569479 -5.296120
v 3.645550 0.582039 -5.269496
v 3.644264 0.606228 -5.252786
v 3.665245 0.396695 -4.488701
v 3.642521 0.635602 -5.250346
v 3.640776 0.662250 -5.262790
v 3.624239 1.075767 -4.488254
v 3.639487 0.679063 -5.286974
v 3.639027 0.681522 -5.316249
v 3.620946 0.569479 -7.594716
v 3.618262 0.606228 -7.638001
v 3.619912 0.582039 -7.621322
v 3.622579 0.396695 -8.402482
v 3.614993 0.662250 -7.627924
v 3.616466 0.635602 -7.640402
v 3.581574 1.075767 -8.402035
v 3.614230 0.679063 -7.603837
v 3.614408 0.681522 -7.574559
v 3.593515 0.210256 -4.441336
v 3.596905 0.214376 -4.440405
v 3.594789 0.210256 -4.451877
v 3.598250 0.214376 -4.451673
v 3.594550 0.210256 -4.473774
v 3.598009 0.214376 -4.473812
v 3.593515 0.204873 -4.441336
v 3.594789 0.204873 -4.451877
v 3.589796 0.210256 -4.431979
v 3.592831 0.214376 -4.430318
v 3.602067 0.215306 -4.439130
v 3.603543 0.215306 -4.451367
v 3.594550 0.204873 -4.473774
v 3.603298 0.215306 -4.473869
v 3.596884 0.200752 -4.440405
v 3.593515 0.204873 -4.441336
v 3.598230 0.200752 -4.451673
v 3.594789 0.204873 -4.451877
v 3.589776 0.204873 -4.431979
v 3.586290 0.214376 -4.421536
v 3.583788 0.210256 -4.424049
v 3.597486 0.215306 -4.427708
v 3.606606 0.212615 -4.437971
v 3.608191 0.212615 -4.451176
v 3.597989 0.200752 -4.473812
v 3.594550 0.204873 -4.473774
v 3.607943 0.212615 -4.473920
v 3.609773 0.207531 -4.473940
v 3.610023 0.207531 -4.451075
v 3.607923 0.202514 -4.473920
v 3.608171 0.202514 -4.451176
v 3.603523 0.199822 -4.451367
v 3.603278 0.199822 -4.473869
v 3.602047 0.199822 -4.439130
v 3.592811 0.200752 -4.430318
v 3.589776 0.204873 -4.431979
v 3.583788 0.204873 -4.424049
v 3.577694 0.214376 -4.414787
v 3.575912 0.210256 -4.417793
v 3.590091 0.215306 -4.417826
v 3.601574 0.212615 -4.425333
v 3.608401 0.207531 -4.437506
v 3.606586 0.202514 -4.437970
v 3.597466 0.199822 -4.427707
v 3.586270 0.200752 -4.421536
v 3.583788 0.204873 -4.424049
v 3.575912 0.204873 -4.417793
v 3.567664 0.214376 -4.410564
v 3.566722 0.210256 -4.413942
v 3.580419 0.215306 -4.410219
v 3.593445 0.212615 -4.414596
v 3.603172 0.207531 -4.424503
v 3.601553 0.202513 -4.425453
v 3.590071 0.199822 -4.417826
v 3.577673 0.200752 -4.414908
v 3.575912 0.204873 -4.417793
v 3.566722 0.204873 -4.413942
v 3.556860 0.214376 -4.408995
v 3.556822 0.210256 -4.412503
v 3.569088 0.215306 -4.405377
v 3.582796 0.212615 -4.406252
v 3.594767 0.207531 -4.413280
v 3.593425 0.202513 -4.414596
v 3.580399 0.199822 -4.410219
v 3.567644 0.200752 -4.410564
v 3.566722 0.204873 -4.413942
v 3.556822 0.204873 -4.412503
v 3.546873 0.210256 -4.413725
v 3.546005 0.214376 -4.410328
v 3.556918 0.215306 -4.403672
v 3.570364 0.212615 -4.400914
v 3.583740 0.207531 -4.404569
v 3.582796 0.202513 -4.406252
v 3.569088 0.199822 -4.405377
v 3.556860 0.200752 -4.408995
v 3.556822 0.204873 -4.412503
v 3.546873 0.204873 -4.413725
v 3.537601 0.210256 -4.417375
v 3.535885 0.214376 -4.414331
v 3.544694 0.215306 -4.405111
v 3.556970 0.212615 -4.398953
v 3.570846 0.207531 -4.399105
v 3.570344 0.202513 -4.400914
v 3.556918 0.199822 -4.403672
v 3.546873 0.204873 -4.413725
v 3.546025 0.200752 -4.410328
v 3.537601 0.204873 -4.417375
v 3.527145 0.214376 -4.420891
v 3.529591 0.210256 -4.423459
v 3.533260 0.215306 -4.409705
v 3.543516 0.212615 -4.400621
v 3.556990 0.207531 -4.397139
v 3.556970 0.202513 -4.398953
v 3.544694 0.199822 -4.405111
v 3.537601 0.204873 -4.417375
v 3.535904 0.200752 -4.414453
v 3.529591 0.204873 -4.423459
v 3.520413 0.214376 -4.429529
v 3.523412 0.210256 -4.431255
v 3.523425 0.215306 -4.417099
v 3.530971 0.212615 -4.405687
v 3.543074 0.207531 -4.398802
v 3.543536 0.202513 -4.400622
v 3.533280 0.199822 -4.409705
v 3.527165 0.200752 -4.420891
v 3.529591 0.204873 -4.423459
v 3.523432 0.204873 -4.431256
v 3.519489 0.210256 -4.440529
v 3.516121 0.214376 -4.439525
v 3.515817 0.215306 -4.426817
v 3.520142 0.212615 -4.413797
v 3.530065 0.207531 -4.403984
v 3.530971 0.202513 -4.405687
v 3.523445 0.199822 -4.417100
v 3.520433 0.200752 -4.429529
v 3.523432 0.204873 -4.431256
v 3.519489 0.204873 -4.440529
v 3.517987 0.210256 -4.451039
v 3.514530 0.214376 -4.450760
v 3.510987 0.215306 -4.438138
v 3.511781 0.212615 -4.424354
v 3.518850 0.207531 -4.412452
v 3.520162 0.202513 -4.413797
v 3.515837 0.199822 -4.426817
v 3.516141 0.200752 -4.439525
v 3.519489 0.204873 -4.440529
v 3.517987 0.204873 -4.451039
v 3.517748 0.210256 -4.472937
v 3.514289 0.214376 -4.472899
v 3.509245 0.215306 -4.450339
v 3.506475 0.212615 -4.436879
v 3.510201 0.207531 -4.423489
v 3.511800 0.202513 -4.424474
v 3.511007 0.199822 -4.438138
v 3.514550 0.200752 -4.450760
v 3.517987 0.204873 -4.451039
v 3.517748 0.204873 -4.472937
v 3.509000 0.215306 -4.472841
v 3.504602 0.212615 -4.450047
v 3.504691 0.207531 -4.436376
v 3.506495 0.202513 -4.436879
v 3.509265 0.199822 -4.450340
v 3.514309 0.200752 -4.472899
v 3.517748 0.204873 -4.472937
v 3.509020 0.199822 -4.472842
v 3.504622 0.202513 -4.450047
v 3.504374 0.202513 -4.472791
v 3.502773 0.207531 -4.449906
v 3.502524 0.207531 -4.472771
v 3.504354 0.212615 -4.472791
v 3.593515 0.858060 -4.441336
v 3.596905 0.862180 -4.440405
v 3.594789 0.858060 -4.451877
v 3.598250 0.862180 -4.451673
v 3.594550 0.858060 -4.473774
v 3.598009 0.862180 -4.473812
v 3.593515 0.852711 -4.441336
v 3.594789 0.852711 -4.451877
v 3.589796 0.858060 -4.431979
v 3.592831 0.862180 -4.430318
v 3.602067 0.863111 -4.439130
v 3.603543 0.863111 -4.451367
v 3.594550 0.852711 -4.473774
v 3.603298 0.863111 -4.473869
v 3.596884 0.848590 -4.440405
v 3.593515 0.852711 -4.441336
v 3.598230 0.848590 -4.451673
v 3.594789 0.852711 -4.451877
v 3.589776 0.852711 -4.431979
v 3.586290 0.862180 -4.421536
v 3.583788 0.858060 -4.424049
v 3.597485 0.863111 -4.427708
v 3.606606 0.860419 -4.437971
v 3.608191 0.860419 -4.451176
v 3.597989 0.848590 -4.473812
v 3.594550 0.852711 -4.473774
v 3.607943 0.860419 -4.473920
v 3.609773 0.855369 -4.473940
v 3.610023 0.855369 -4.451075
v 3.607923 0.850318 -4.473920
v 3.608171 0.850318 -4.451176
v 3.603523 0.847627 -4.451367
v 3.603278 0.847627 -4.473869
v 3.602047 0.847627 -4.439130
v 3.592811 0.848590 -4.430318
v 3.589776 0.852711 -4.431979
v 3.583788 0.852711 -4.424049
v 3.577694 0.862180 -4.414787
v 3.575912 0.858060 -4.417793
v 3.590091 0.863111 -4.417826
v 3.601574 0.860419 -4.425333
v 3.608401 0.855369 -4.437506
v 3.606586 0.850318 -4.437970
v 3.597465 0.847627 -4.427707
v 3.586270 0.848590 -4.421536
v 3.583788 0.852711 -4.424049
v 3.575912 0.852711 -4.417793
v 3.567664 0.862180 -4.410564
v 3.566722 0.858060 -4.413942
v 3.580419 0.863111 -4.410219
v 3.593445 0.860419 -4.414596
v 3.603172 0.855369 -4.424503
v 3.601553 0.850318 -4.425453
v 3.590071 0.847627 -4.417826
v 3.577673 0.848590 -4.414908
v 3.575912 0.852711 -4.417793
v 3.566722 0.852711 -4.413942
v 3.556860 0.862180 -4.408995
v 3.556822 0.858060 -4.412503
v 3.569088 0.863111 -4.405377
v 3.582796 0.860419 -4.406252
v 3.594767 0.855369 -4.413280
v 3.593425 0.850318 -4.414596
v 3.580399 0.847627 -4.410219
v 3.567644 0.848590 -4.410564
v 3.566722 0.852711 -4.413942
v 3.556822 0.852711 -4.412503
v 3.546873 0.858060 -4.413725
v 3.546005 0.862180 -4.410328
v 3.556918 0.863111 -4.403672
v 3.570364 0.860419 -4.400914
v 3.583739 0.855369 -4.404569
v 3.582796 0.850318 -4.406252
v 3.569088 0.847627 -4.405377
v 3.556860 0.848590 -4.408995
v 3.556822 0.852711 -4.412503
v 3.546873 0.852711 -4.413725
v 3.537601 0.858060 -4.417375
v 3.535885 0.862180 -4.414331
v 3.544694 0.863111 -4.405111
v 3.556970 0.860419 -4.398953
v 3.570846 0.855369 -4.399105
v 3.570344 0.850318 -4.400914
v 3.556918 0.847627 -4.403672
v 3.546873 0.852711 -4.413725
v 3.546025 0.848590 -4.410328
v 3.537601 0.852711 -4.417375
v 3.527145 0.862180 -4.420891
v 3.529591 0.858060 -4.423459
v 3.533260 0.863111 -4.409705
v 3.543516 0.860419 -4.400621
v 3.556990 0.855369 -4.397139
v 3.556970 0.850318 -4.398953
v 3.544694 0.847627 -4.405111
v 3.537601 0.852711 -4.417375
v 3.535904 0.848590 -4.414453
v 3.529591 0.852711 -4.423459
v 3.520413 0.862180 -4.429529
v 3.523412 0.858060 -4.431255
v 3.523425 0.863111 -4.417099
v 3.530971 0.860419 -4.405687
v 3.543074 0.855369 -4.398802
v 3.543536 0.850318 -4.400622
v 3.533280 0.847627 -4.409705
v 3.527165 0.848590 -4.420891
v 3.529591 0.852711 -4.423459
v 3.523432 0.852711 -4.431256
v 3.519489 0.858060 -4.440529
v 3.516121 0.862180 -4.439525
v 3.515817 0.863111 -4.426817
v 3.520142 0.860419 -4.413797
v 3.530064 0.855369 -4.403984
v 3.530971 0.850318 -4.405687
v 3.523445 0.847627 -4.417100
v 3.520433 0.848590 -4.429529
v 3.523432 0.852711 -4.431256
v 3.519489 0.852711 -4.440529
v 3.517987 0.858060 -4.451039
v 3.514530 0.862180 -4.450760
v 3.510987 0.863111 -4.438138
v 3.511781 0.860419 -4.424354
v 3.518850 0.855369 -4.412452
v 3.520162 0.850318 -4.413797
v 3.515837 0.847627 -4.426817
v 3.516141 0.848590 -4.439525
v 3.519489 0.852711 -4.440529
v 3.517987 0.852711 -4.451039
v 3.517748 0.858060 -4.472937
v 3.514289 0.862180 -4.472899
v 3.509245 0.863111 -4.450339
v 3.506475 0.860419 -4.436879
v 3.510201 0.855369 -4.423489
v 3.511800 0.850318 -4.424474
v 3.511007 0.847627 -4.438138
v 3.514550 0.848590 -4.450760
v 3.517987 0.852711 -4.451039
v 3.517748 0.852711 -4.472937
v 3.509000 0.863111 -4.472841
v 3.504602 0.860419 -4.450047
v 3.504691 0.855369 -4.436376
v 3.506495 0.850318 -4.436879
v 3.509265 0.847627 -4.450340
v 3.514309 0.848590 -4.472899
v 3.517748 0.852711 -4.472937
v 3.509020 0.847627 -4.472842
v 3.504622 0.850318 -4.450047
v 3.504374 0.850318 -4.472791
v 3.502773 0.855369 -4.449906
v 3.502524 0.855369 -4.472771
v 3.504354 0.860419 -4.472791
v 3.522789 0.902053 -8.421843
v 3.525222 0.896205 -8.420053
v 3.522710 0.897701 -8.429102
v 3.525168 0.893115 -8.425014
v 3.522886 0.904346 -8.413012
v 3.525313 0.898365 -8.411707
v 3.516967 0.905044 -8.422747
v 3.516874 0.900027 -8.431215
v 3.523152 0.890258 -8.418095
v 3.523122 0.888463 -8.420877
v 3.517066 0.907436 -8.413672
v 3.523235 0.892218 -8.410474
v 3.510515 0.903815 -8.422314
v 3.510430 0.899063 -8.430178
v 3.517533 0.886968 -8.416945
v 3.517516 0.885905 -8.418518
v 3.510993 0.886636 -8.419052
v 3.510979 0.881984 -8.420383
v 3.517516 0.885905 -8.418518
v 3.517505 0.881585 -8.419486
v 3.522983 0.905908 -8.404058
v 3.525406 0.899827 -8.403237
v 3.510614 0.906140 -8.413241
v 3.517612 0.888862 -8.409687
v 3.506430 0.898897 -8.420696
v 3.506364 0.895209 -8.426746
v 3.517533 0.886968 -8.416945
v 3.511013 0.887899 -8.417237
v 3.506574 0.890291 -8.422270
v 3.506541 0.881552 -8.425295
v 3.506613 0.892584 -8.418641
v 3.517166 0.909031 -8.404479
v 3.523324 0.893647 -8.402368
v 3.506524 0.901090 -8.412107
v 3.517612 0.888862 -8.409687
v 3.511095 0.889826 -8.409738
v 3.506699 0.894644 -8.410778
v 3.523070 0.906805 -8.396074
v 3.525490 0.900691 -8.395495
v 3.510713 0.907735 -8.404167
v 3.517698 0.890224 -8.401823
v 3.517256 0.909962 -8.396253
v 3.523404 0.894478 -8.394989
v 3.506618 0.902618 -8.403397
v 3.517698 0.890224 -8.401823
v 3.511181 0.891188 -8.401874
v 3.506789 0.896073 -8.402551
v 3.523161 0.907303 -8.387727
v 3.525577 0.901156 -8.387510
v 3.510802 0.908633 -8.396062
v 3.517777 0.891022 -8.394565
v 3.517348 0.910460 -8.387784
v 3.523488 0.894910 -8.387245
v 3.506704 0.903482 -8.395534
v 3.517777 0.891022 -8.394565
v 3.511260 0.891986 -8.394615
v 3.506871 0.896936 -8.395050
v 3.510892 0.909131 -8.387714
v 3.517859 0.891487 -8.387064
v 3.517859 0.891487 -8.387064
v 3.511343 0.892451 -8.386993
v 3.506956 0.897368 -8.387186
v 3.506793 0.903981 -8.387427
v 3.525122 0.881519 -8.429249
v 3.522641 0.881486 -8.435392
v 3.516795 0.881452 -8.438474
v 3.523098 0.881552 -8.423056
v 3.510354 0.881486 -8.437074
v 3.517505 0.881585 -8.419486
v 3.506307 0.881519 -8.431948
v 3.525122 0.808817 -8.429249
v 3.522641 0.808784 -8.435392
v 3.516795 0.808784 -8.438474
v 3.523098 0.808883 -8.423056
v 3.510355 0.808784 -8.437074
v 3.517505 0.808883 -8.419486
v 3.506307 0.808817 -8.431948
v 3.506541 0.808850 -8.425295
v 3.510979 0.809282 -8.420383
v 3.517505 0.808883 -8.419486
v 3.506541 0.808850 -8.425295
v 3.523098 0.808883 -8.423056
v 3.506307 0.808817 -8.431948
v 3.525122 0.808817 -8.429249
v 3.522789 0.327283 -8.421843
v 3.525222 0.321435 -8.420053
v 3.522710 0.322897 -8.429102
v 3.525168 0.318345 -8.425014
v 3.522886 0.329576 -8.413012
v 3.525313 0.323562 -8.411707
v 3.516967 0.330273 -8.422747
v 3.516875 0.325256 -8.431215
v 3.523152 0.315454 -8.418095
v 3.523122 0.313693 -8.420877
v 3.517066 0.332666 -8.413672
v 3.523235 0.317448 -8.410474
v 3.510515 0.329011 -8.422314
v 3.510430 0.324259 -8.430178
v 3.517533 0.312164 -8.416945
v 3.517516 0.311134 -8.418518
v 3.510993 0.311865 -8.419052
v 3.510979 0.307214 -8.420383
v 3.517516 0.311134 -8.418518
v 3.517505 0.306815 -8.419486
v 3.522983 0.331137 -8.404058
v 3.525406 0.325057 -8.403237
v 3.510614 0.331370 -8.413241
v 3.517612 0.314092 -8.409687
v 3.506430 0.324093 -8.420696
v 3.506364 0.320438 -8.426746
v 3.517533 0.312164 -8.416945
v 3.511013 0.313095 -8.417237
v 3.506574 0.315520 -8.422270
v 3.506541 0.306782 -8.425295
v 3.506613 0.317813 -8.418641
v 3.517166 0.334261 -8.404479
v 3.523324 0.318843 -8.402368
v 3.506524 0.326319 -8.412107
v 3.517612 0.314092 -8.409687
v 3.511095 0.315022 -8.409738
v 3.506699 0.319873 -8.410778
v 3.523070 0.332035 -8.396074
v 3.525490 0.325921 -8.395495
v 3.510713 0.332932 -8.404167
v 3.517698 0.315454 -8.401823
v 3.517256 0.335158 -8.396253
v 3.523404 0.319674 -8.394989
v 3.506618 0.327815 -8.403397
v 3.517698 0.315454 -8.401823
v 3.511181 0.316418 -8.401874
v 3.506789 0.321302 -8.402551
v 3.523161 0.332533 -8.387727
v 3.525577 0.326386 -8.387510
v 3.510802 0.333862 -8.396062
v 3.517777 0.316251 -8.394565
v 3.517348 0.335656 -8.387784
v 3.523488 0.320139 -8.387245
v 3.506704 0.328712 -8.395534
v 3.517777 0.316251 -8.394565
v 3.511260 0.317215 -8.394615
v 3.506871 0.322133 -8.395050
v 3.510893 0.334360 -8.387714
v 3.517859 0.316683 -8.387064
v 3.517859 0.316683 -8.387064
v 3.511343 0.317680 -8.386993
v 3.506956 0.322598 -8.387186
v 3.506793 0.329177 -8.387427
v 3.525122 0.306748 -8.429249
v 3.522642 0.306715 -8.435392
v 3.516795 0.306682 -8.438474
v 3.523098 0.306782 -8.423056
v 3.510355 0.306682 -8.437074
v 3.517505 0.306815 -8.419486
v 3.506307 0.306715 -8.431948
v 3.525122 0.234046 -8.429249
v 3.522642 0.234013 -8.435392
v 3.516795 0.233980 -8.438474
v 3.523098 0.234080 -8.423056
v 3.510355 0.234013 -8.437074
v 3.517505 0.234113 -8.419486
v 3.506307 0.234046 -8.431948
v 3.506541 0.234080 -8.425295
v 3.510979 0.234512 -8.420383
v 3.517505 0.234113 -8.419486
v 3.506541 0.234080 -8.425295
v 3.523098 0.234080 -8.423056
v 3.506307 0.234046 -8.431948
v 3.525122 0.234046 -8.429249
v 3.635589 0.784428 -4.467446
v 3.625835 0.922389 -4.467340
v 3.595951 0.783664 -4.467013
v 3.595951 0.921625 -4.467013
v 3.595886 0.921625 -4.472941
v 3.625771 0.922389 -4.473268
v 3.595886 0.783664 -4.472941
v 3.635524 0.784428 -4.473374
v 3.635524 0.784428 -4.473374
v 3.595886 0.783664 -4.472941
v 3.625771 0.922389 -4.473268
v 3.635524 0.784428 -4.473374
v 3.595886 0.921625 -4.472941
v 3.625771 0.922389 -4.473268
v 3.478305 0.784428 -4.465731
v 3.517942 0.783664 -4.466163
v 3.488058 0.922389 -4.465837
v 3.517942 0.921625 -4.466163
v 3.517878 0.921625 -4.472091
v 3.517878 0.783664 -4.472091
v 3.487993 0.922389 -4.471766
v 3.478240 0.784428 -4.471659
v 3.517878 0.783664 -4.472091
v 3.478240 0.784428 -4.471659
v 3.517878 0.921625 -4.472091
v 3.517878 0.783664 -4.472091
v 3.487993 0.922389 -4.471766
v 3.517878 0.921625 -4.472091
v 3.635589 0.136623 -4.467446
v 3.625835 0.274584 -4.467340
v 3.595951 0.135859 -4.467013
v 3.595951 0.273820 -4.467013
v 3.595886 0.273820 -4.472941
v 3.625771 0.274584 -4.473268
v 3.595886 0.135859 -4.472941
v 3.635524 0.136623 -4.473374
v 3.635524 0.136623 -4.473374
v 3.595886 0.135859 -4.472941
v 3.625771 0.274584 -4.473268
v 3.635524 0.136623 -4.473374
v 3.595886 0.273820 -4.472941
v 3.625771 0.274584 -4.473268
v 3.478305 0.136623 -4.465731
v 3.517942 0.135859 -4.466163
v 3.488058 0.274584 -4.465837
v 3.517942 0.273820 -4.466163
v 3.517878 0.273820 -4.472091
v 3.517878 0.135859 -4.472091
v 3.487993 0.274584 -4.471766
v 3.478240 0.136623 -4.471659
v 3.517878 0.135859 -4.472091
v 3.478240 0.136623 -4.471659
v 3.517878 0.273820 -4.472091
v 3.517878 0.135859 -4.472091
v 3.487993 0.274584 -4.471766
v 3.517878 0.273820 -4.472091
v 3.475822 0.255246 -8.396406
v 3.485575 0.393207 -8.396512
v 3.548903 0.256641 -8.397202
v 3.548903 0.394569 -8.397202
v 3.549001 0.394569 -8.388250
v 3.485673 0.393207 -8.387560
v 3.549001 0.256641 -8.388250
v 3.475919 0.255246 -8.387454
v 3.475919 0.255246 -8.387454
v 3.549001 0.256641 -8.388250
v 3.549001 0.394569 -8.388250
v 3.485673 0.393207 -8.387560
v 3.549001 0.256641 -8.388250
v 3.549001 0.394569 -8.388250
v 3.475822 0.830016 -8.396406
v 3.485575 0.967977 -8.396512
v 3.548903 0.831412 -8.397202
v 3.548903 0.969373 -8.397202
v 3.549001 0.969373 -8.388250
v 3.485673 0.967977 -8.387560
v 3.549001 0.831412 -8.388250
v 3.475919 0.830016 -8.387454
v 3.475919 0.830016 -8.387454
v 3.549001 0.831412 -8.388250
v 3.549001 0.969373 -8.388250
v 3.485673 0.967977 -8.387560
v 3.549001 0.831412 -8.388250
v 3.549001 0.969373 -8.388250
v 3.183849 0.075152 -8.397699
v 3.404079 0.396695 -8.400100
v 3.196879 0.076182 -8.410909
v 3.408300 0.384833 -8.413214
v 3.191073 -0.001504 -7.734979
v 3.191391 0.075152 -7.705822
v 3.183849 -0.001504 -8.397699
v 3.183849 0.075152 -8.397699
v 3.199214 0.081233 -7.370152
v 3.195580 0.081233 -7.703448
v 3.849849 0.081233 -7.377245
v 3.846215 0.081233 -7.710542
v 3.214969 -0.001504 -5.542965
v 3.215288 0.075152 -5.513689
v 3.195394 -0.001504 -7.338653
v 3.195076 0.075152 -7.367808
v 3.223110 0.081233 -5.178139
v 3.219476 0.081233 -5.511436
v 3.873744 0.081233 -5.185232
v 3.870111 0.081233 -5.518528
v 3.226514 -0.001504 -4.483918
v 3.226514 0.075152 -4.483918
v 3.219291 -0.001504 -5.146519
v 3.218972 0.075152 -5.175796
v 3.226514 0.075152 -4.483918
v 3.239830 0.076182 -4.470875
v 3.446744 0.396695 -4.486319
v 3.451252 0.384833 -4.473180
v 3.196879 0.002583 -8.410909
v 3.183849 -0.001504 -8.397699
v 3.447677 1.061812 -8.413643
v 3.850034 -0.001504 -7.742162
v 3.551033 -0.001504 -8.388151
v 3.842809 -0.001504 -8.404882
v 3.550885 -0.001504 -8.401700
v 3.842809 -0.001504 -8.404882
v 3.842809 0.075152 -8.404882
v 3.850034 -0.001504 -7.742162
v 3.850352 0.075152 -7.713005
v 3.854354 -0.001504 -7.345836
v 3.854036 0.075152 -7.374991
v 3.873930 -0.001504 -5.550149
v 3.874249 0.075152 -5.520873
v 3.214969 -0.001504 -5.542965
v 3.195394 -0.001504 -7.338653
v 3.873930 -0.001504 -5.550149
v 3.854354 -0.001504 -7.345836
v 3.878251 -0.001504 -5.153702
v 3.877932 0.075152 -5.182979
v 3.885474 -0.001504 -4.491102
v 3.885474 0.075152 -4.491102
v 3.226514 -0.001504 -4.483918
v 3.219291 -0.001504 -5.146519
v 3.518438 -0.001504 -4.487101
v 3.518291 -0.001504 -4.500650
v 3.593551 -0.001504 -4.487919
v 3.593403 -0.001504 -4.501469
v 3.885474 -0.001504 -4.491102
v 3.878251 -0.001504 -5.153702
v 3.239830 0.002583 -4.470875
v 3.226514 -0.001504 -4.483918
v 3.490628 1.061812 -4.473609
v 3.518582 0.002583 -4.473914
v 3.613791 1.087264 -4.507620
v 3.593551 1.075767 -4.487919
v 3.593403 1.083742 -4.501469
v 3.518438 1.075767 -4.487101
v 3.497773 1.087264 -4.506355
v 3.518291 1.083742 -4.500650
v 3.571551 1.087264 -8.382325
v 3.455534 1.087264 -8.381061
v 3.551033 1.083742 -8.388151
v 3.475920 1.083742 -8.387333
v 3.550885 1.075767 -8.401700
v 3.475773 1.075767 -8.400882
v 3.445084 1.075767 -8.400547
v 3.842809 -0.001504 -8.404882
v 3.829494 0.002583 -8.417806
v 3.842809 0.075152 -8.404882
v 3.829494 0.076182 -8.417806
v 3.622579 0.396695 -8.402482
v 3.618073 0.384833 -8.415501
v 3.885474 0.075152 -4.491102
v 3.665245 0.396695 -4.488701
v 3.872446 0.076182 -4.477771
v 3.661025 0.384833 -4.475467
v 3.885474 -0.001504 -4.491102
v 3.872446 0.002583 -4.477771
v 3.487750 1.075767 -4.486766
v 3.624239 1.075767 -4.488254
v 3.621648 1.061812 -4.475038
v 3.581574 1.075767 -8.402035
v 3.578696 1.061812 -8.415071
v 3.873744 0.081233 -5.185232
v 3.870111 0.081233 -5.518528
v 3.874249 0.075152 -5.520873
v 3.215288 0.075152 -5.513689
v 3.218972 0.075152 -5.175796
v 3.877932 0.075152 -5.182979
v 3.195076 0.075152 -7.367808
v 3.854036 0.075152 -7.374991
v 3.850352 0.075152 -7.713005
v 3.191391 0.075152 -7.705822
v 3.191073 -0.001504 -7.734979
v 3.475921 -0.001504 -8.387333
v 3.475773 -0.001504 -8.400882
v 3.183849 -0.001504 -8.397699
v 3.644256 0.588717 -5.349458
v 3.448963 0.588717 -5.347330
v 3.645544 0.571904 -5.325395
v 3.448200 0.571904 -5.323244
v 3.646004 0.569479 -5.296120
v 3.448379 0.569479 -5.293965
v 3.449413 0.582039 -5.267358
v 3.645550 0.582039 -5.269496
v 3.644264 0.606228 -5.252786
v 3.451063 0.606228 -5.250679
v 3.450435 0.615399 -5.359929
v 3.642510 0.615399 -5.362023
v 3.452231 0.644739 -5.357529
v 3.640767 0.644739 -5.359584
v 3.639482 0.668962 -5.342752
v 3.453882 0.668962 -5.340729
v 3.642521 0.635602 -5.250346
v 3.452859 0.635602 -5.248279
v 3.640776 0.662250 -5.262790
v 3.454332 0.662250 -5.260757
v 3.639487 0.679063 -5.286974
v 3.455093 0.679063 -5.284964
v 3.639027 0.681522 -5.316249
v 3.454915 0.681522 -5.314242
v 3.454915 0.681522 -5.314242
v 3.639027 0.681522 -5.316249
v 3.429837 0.679063 -7.601827
v 3.614230 0.679063 -7.603837
v 3.430297 0.681522 -7.572553
v 3.614408 0.681522 -7.574559
v 3.614993 0.662250 -7.627924
v 3.428549 0.662250 -7.625891
v 3.430297 0.681522 -7.572553
v 3.614408 0.681522 -7.574559
v 3.429843 0.668962 -7.545928
v 3.615442 0.668962 -7.547952
v 3.616466 0.635602 -7.640402
v 3.426804 0.635602 -7.638334
v 3.428557 0.644739 -7.529218
v 3.617092 0.644739 -7.531274
v 3.618262 0.606228 -7.638001
v 3.425061 0.606228 -7.635896
v 3.426815 0.615399 -7.526657
v 3.618890 0.615399 -7.528751
v 3.619912 0.582039 -7.621322
v 3.423775 0.582039 -7.619184
v 3.425069 0.588717 -7.539222
v 3.620362 0.588717 -7.541350
v 3.620946 0.569479 -7.594716
v 3.423321 0.569479 -7.592562
v 3.423780 0.571904 -7.563285
v 3.621125 0.571904 -7.565436
v 3.219476 0.081233 -5.511436
v 3.223110 0.081233 -5.178139
v 3.195580 0.081233 -7.703448
v 3.199214 0.081233 -7.370152
v 3.849849 0.081233 -7.377245
v 3.846215 0.081233 -7.710542
v 3.448200 0.571904 -5.323244
v 3.423780 0.571904 -7.563285
v 3.425069 0.588717 -7.539222
v 3.448963 0.588717 -5.347330
v 3.450435 0.615399 -5.359929
v 3.426815 0.615399 -7.526657
v 3.428557 0.644739 -7.529218
v 3.452231 0.644739 -5.357529
v 3.453882 0.668962 -5.340729
v 3.429843 0.668962 -7.545928
v 3.645544 0.571904 -5.325395
v 3.621125 0.571904 -7.565436
v 3.620362 0.588717 -7.541350
v 3.644256 0.588717 -5.349458
v 3.642510 0.615399 -5.362023
v 3.618890 0.615399 -7.528751
v 3.617092 0.644739 -7.531274
v 3.640767 0.644739 -5.359584
v 3.639482 0.668962 -5.342752
v 3.615442 0.668962 -7.547952
vn -0.0021 -1.0000 0.0076
vn 0.0023 -1.0000 0.0076
vn -0.0020 -1.0000 0.0076
vn 0.0023 -1.0000 0.0075
vn -0.0087 -0.0000 -1.0000
vn 0.0131 -0.0000 0.9999
vn 0.9999 -0.0000 -0.0109
vn -0.9999 -0.0000 0.0109
vn -0.9302 0.3670 0.0088
vn -0.9980 0.0610 0.0148
vn -0.9425 0.3342 0.0065
vn -0.9981 0.0610 0.0070
vn -0.9302 0.3669 0.0082
vn -0.9667 0.2545 0.0256
vn -0.9981 0.0610 0.0071
vn -0.9980 0.0610 0.0147
vn -0.9671 0.2545 -0.0045
vn -0.9980 0.0610 0.0146
vn -0.9961 0.0873 0.0109
vn 0.9425 0.3342 -0.0089
vn 0.9981 0.0611 -0.0109
vn 0.9302 0.3669 -0.0082
vn 0.9981 0.0609 -0.0109
vn 0.9671 0.2541 0.0101
vn 0.9981 0.0608 -0.0109
vn 0.9962 0.0872 -0.0072
vn 0.9981 0.0612 -0.0109
vn 0.9425 0.3342 -0.0084
vn 0.9302 0.3670 -0.0088
vn 0.9981 0.0610 -0.0109
vn 0.9981 0.0609 -0.0108
vn 0.9667 0.2544 -0.0274
vn 0.9981 0.0608 -0.0108
vn 0.9961 0.0872 -0.0146
vn 0.9981 0.0610 -0.0108
vn -0.9049 0.3587 -0.2293
vn -0.4461 0.8882 -0.1100
vn -0.9354 0.3521 -0.0331
vn -0.4798 0.8773 -0.0137
vn -0.9395 0.3425 0.0083
vn -0.4949 0.8689 0.0073
vn -0.9049 -0.3586 -0.2293
vn -0.9369 -0.3479 -0.0332
vn -0.8110 0.3649 -0.4574
vn -0.3998 0.8884 -0.2256
vn 0.2109 0.9760 0.0542
vn 0.1933 0.9811 0.0036
vn -0.9395 -0.3424 0.0083
vn 0.1760 0.9844 -0.0000
vn -0.4500 -0.8857 -0.1138
vn -0.9048 -0.3587 -0.2292
vn -0.4837 -0.8750 -0.0174
vn -0.9369 -0.3480 -0.0332
vn -0.8136 -0.3586 -0.4578
vn -0.3274 0.8890 -0.3202
vn -0.6656 0.3620 -0.6526
vn 0.1901 0.9757 0.1091
vn 0.7591 0.6203 0.1973
vn 0.7741 0.6323 0.0293
vn -0.4987 -0.8667 0.0035
vn -0.9395 -0.3426 0.0084
vn 0.7682 0.6401 -0.0121
vn 0.9993 -0.0037 0.0370
vn 0.7651 -0.6438 -0.0083
vn 0.7714 -0.6356 0.0311
vn 0.1933 -0.9811 0.0036
vn 0.1760 -0.9844 -0.0000
vn 0.2066 -0.9770 0.0525
vn -0.3997 -0.8884 -0.2256
vn -0.8135 -0.3587 -0.4577
vn -0.6656 -0.3620 -0.6526
vn -0.2317 0.8881 -0.3970
vn -0.4731 0.3662 -0.8013
vn 0.1562 0.9759 0.1525
vn 0.6822 0.6224 0.3838
vn 0.9686 -0.0038 0.2486
vn 0.7562 -0.6249 0.1940
vn 0.1901 -0.9757 0.1091
vn -0.3274 -0.8890 -0.3202
vn -0.6656 -0.3621 -0.6526
vn -0.4769 -0.3593 -0.8021
vn -0.1247 0.8895 -0.4396
vn -0.2499 0.3610 -0.8985
vn 0.1133 0.9756 0.1882
vn 0.5605 0.6189 0.5502
vn 0.8711 0.0001 0.4911
vn 0.6822 -0.6223 0.3838
vn 0.1562 -0.9759 0.1525
vn -0.2360 -0.8877 -0.3953
vn -0.4769 -0.3595 -0.8021
vn -0.2500 -0.3610 -0.8984
vn -0.0072 0.8889 -0.4580
vn -0.0124 0.3616 -0.9322
vn 0.0613 0.9756 0.2110
vn 0.4006 0.6187 0.6758
vn 0.7140 -0.0000 0.7001
vn 0.5604 -0.6240 0.5446
vn 0.1089 -0.9764 0.1863
vn -0.1248 -0.8861 -0.4464
vn -0.2499 -0.3610 -0.8984
vn -0.0124 -0.3616 -0.9323
vn 0.2303 0.3610 -0.9037
vn 0.1151 0.8895 -0.4422
vn 0.0046 0.9761 0.2172
vn 0.2100 0.6234 0.7531
vn 0.5082 -0.0000 0.8613
vn 0.3966 -0.6220 0.6751
vn 0.0569 -0.9758 0.2110
vn -0.0028 -0.8889 -0.4580
vn -0.0124 -0.3617 -0.9322
vn 0.2303 -0.3610 -0.9037
vn 0.4554 0.3658 -0.8117
vn 0.2231 0.8906 -0.3963
vn -0.0566 0.9756 0.2122
vn 0.0063 0.6227 0.7825
vn 0.2676 -0.0037 0.9635
vn 0.2100 -0.6235 0.7531
vn 0.0045 -0.9761 0.2172
vn 0.2303 -0.3611 -0.9037
vn 0.1150 -0.8861 -0.4490
vn 0.4593 -0.3589 -0.8126
vn 0.3204 0.8884 -0.3287
vn 0.6512 0.3615 -0.6672
vn -0.1091 0.9756 0.1907
vn -0.1935 0.6235 0.7575
vn 0.0107 -0.6227 0.7824
vn -0.0523 -0.9758 0.2122
vn 0.4593 -0.3590 -0.8125
vn 0.2273 -0.8872 -0.4016
vn 0.6513 -0.3614 -0.6672
vn 0.3947 0.8881 -0.2358
vn 0.8008 0.3637 -0.4758
vn -0.1528 0.9759 0.1559
vn -0.3858 0.6222 0.6812
vn -0.2465 -0.0000 0.9691
vn -0.1935 -0.6234 0.7575
vn -0.1048 -0.9760 0.1907
vn 0.3203 -0.8885 -0.3286
vn 0.6512 -0.3616 -0.6672
vn 0.8034 -0.3573 -0.4764
vn 0.8997 0.3615 -0.2446
vn 0.4435 0.8880 -0.1214
vn -0.1877 0.9757 0.1132
vn -0.5484 0.6222 0.5587
vn -0.4893 -0.0037 0.8721
vn -0.3818 -0.6255 0.6804
vn -0.1528 -0.9759 0.1558
vn 0.3947 -0.8880 -0.2358
vn 0.8033 -0.3575 -0.4763
vn 0.8996 -0.3573 -0.2509
vn 0.9345 0.3527 -0.0478
vn 0.4794 0.8772 -0.0260
vn -0.2097 0.9759 0.0608
vn -0.6737 0.6236 0.3965
vn -0.6986 -0.0038 0.7155
vn -0.5484 -0.6222 0.5587
vn -0.1877 -0.9757 0.1132
vn 0.4474 -0.8855 -0.1253
vn 0.8996 -0.3575 -0.2508
vn 0.9360 -0.3484 -0.0496
vn 0.9394 0.3424 -0.0141
vn 0.4949 0.8689 -0.0054
vn -0.1931 0.9811 0.0097
vn -0.7547 0.6213 0.2109
vn -0.8601 -0.0000 0.5101
vn -0.6737 -0.6237 0.3965
vn -0.2054 -0.9769 0.0588
vn 0.4832 -0.8750 -0.0298
vn 0.9360 -0.3485 -0.0496
vn 0.9395 -0.3424 -0.0140
vn -0.1760 0.9844 0.0038
vn -0.7733 0.6322 0.0480
vn -0.9630 -0.0038 0.2696
vn -0.7518 -0.6242 0.2126
vn -0.1932 -0.9811 0.0097
vn 0.4987 -0.8667 -0.0092
vn 0.9394 -0.3425 -0.0139
vn -0.1760 -0.9844 0.0038
vn -0.7706 -0.6358 0.0443
vn -0.7654 -0.6435 0.0102
vn -0.9983 -0.0000 0.0589
vn -0.7682 0.6402 0.0084
vn -0.4461 0.8882 -0.1101
vn -0.9395 0.3425 0.0084
vn -0.9049 -0.3587 -0.2293
vn -0.9370 -0.3479 -0.0332
vn -0.8109 0.3649 -0.4574
vn -0.4500 -0.8858 -0.1138
vn -0.9049 -0.3587 -0.2292
vn 0.7742 0.6323 0.0293
vn -0.4988 -0.8667 0.0035
vn 0.7681 0.6402 -0.0121
vn 0.7654 -0.6435 -0.0083
vn -0.3998 -0.8884 -0.2256
vn -0.6657 -0.3620 -0.6526
vn 0.9686 -0.0037 0.2486
vn -0.3275 -0.8889 -0.3203
vn -0.4770 -0.3593 -0.8021
vn -0.2499 0.3610 -0.8984
vn 0.5605 0.6190 0.5502
vn 0.8711 0.0001 0.4912
vn -0.2500 -0.3610 -0.8985
vn -0.0028 0.8889 -0.4580
vn -0.0080 0.3616 -0.9323
vn 0.4006 0.6188 0.6758
vn -0.2499 -0.3611 -0.8984
vn -0.0080 -0.3616 -0.9323
vn 0.2100 0.6234 0.7532
vn 0.5079 -0.0001 0.8614
vn 0.3966 -0.6221 0.6751
vn -0.0080 -0.3617 -0.9322
vn 0.2231 0.8906 -0.3964
vn -0.0566 0.9756 0.2123
vn 0.0107 0.6226 0.7824
vn 0.2100 -0.6234 0.7531
vn 0.0002 -0.9761 0.2173
vn 0.2302 -0.3611 -0.9037
vn 0.1150 -0.8861 -0.4489
vn -0.1092 0.9756 0.1907
vn -0.1935 0.6234 0.7575
vn 0.0088 -0.0000 1.0000
vn 0.0063 -0.6227 0.7825
vn 0.4594 -0.3590 -0.8125
vn 0.6513 -0.3615 -0.6672
vn 0.3947 0.8880 -0.2358
vn 0.8008 0.3636 -0.4759
vn -0.2466 -0.0000 0.9691
vn -0.1936 -0.6234 0.7575
vn 0.3204 -0.8885 -0.3286
vn -0.5483 0.6222 0.5588
vn -0.3819 -0.6255 0.6804
vn 0.8034 -0.3574 -0.4763
vn -0.6985 -0.0038 0.7156
vn 0.9394 0.3424 -0.0140
vn 0.4950 0.8689 -0.0054
vn -0.8602 -0.0000 0.5100
vn -0.6737 -0.6236 0.3965
vn -0.9629 -0.0038 0.2697
vn -0.1931 -0.9811 0.0097
vn 0.9394 -0.3426 -0.0139
vn -0.9983 -0.0000 0.0590
vn -0.9999 0.0001 0.0109
vn 0.7126 0.6450 -0.2760
vn 0.9948 0.0850 -0.0556
vn 0.6615 0.4062 -0.6304
vn 0.9814 0.0929 -0.1678
vn 0.7379 0.6575 -0.1521
vn 0.9987 0.0471 -0.0200
vn 0.1330 0.9131 -0.3853
vn 0.1152 0.5548 -0.8239
vn 0.8207 -0.5405 0.1849
vn 0.8682 -0.2484 0.4296
vn 0.1436 0.9668 -0.2113
vn 0.7942 -0.5960 0.1185
vn -0.4986 0.8011 -0.3310
vn -0.4607 0.4981 -0.7346
vn 0.2182 -0.9214 0.3216
vn 0.2580 -0.4367 0.8618
vn -0.5537 -0.3916 0.7349
vn -0.4701 -0.0227 0.8823
vn 0.2081 -0.0151 0.9780
vn 0.7414 0.6633 -0.1021
vn 0.9989 0.0436 -0.0145
vn -0.5158 0.8380 -0.1779
vn 0.2041 -0.9579 0.2020
vn -0.9285 0.3451 -0.1369
vn -0.8968 0.2431 -0.3697
vn 0.2181 -0.9214 0.3217
vn -0.5069 -0.8120 0.2893
vn -0.9742 -0.1149 0.1945
vn -0.9294 -0.0076 0.3689
vn -0.9511 -0.2884 0.1104
vn 0.1443 0.9789 -0.1444
vn 0.7910 -0.6071 0.0759
vn -0.9432 0.3266 -0.0609
vn 0.2039 -0.9579 0.2021
vn -0.4815 -0.8550 0.1927
vn -0.9356 -0.3421 0.0872
vn 0.7418 0.6675 -0.0646
vn 0.9991 0.0391 -0.0145
vn -0.5188 0.8471 -0.1148
vn 0.2033 -0.9697 0.1352
vn 0.1449 0.9858 -0.0845
vn 0.7906 -0.6105 0.0460
vn -0.9444 0.3264 -0.0387
vn 0.2032 -0.9698 0.1352
vn -0.4821 -0.8659 0.1332
vn -0.9344 -0.3517 0.0573
vn 0.7420 0.6686 -0.0496
vn -0.5184 0.8523 -0.0698
vn 0.2028 -0.9757 0.0826
vn 0.1452 0.9875 -0.0619
vn 0.7878 -0.6154 0.0253
vn -0.9442 0.3290 -0.0162
vn 0.2025 -0.9758 0.0826
vn -0.4827 -0.8721 0.0807
vn -0.9346 -0.3533 0.0422
vn -0.5181 0.8540 -0.0472
vn 0.2024 -0.9779 0.0525
vn 0.2022 -0.9779 0.0525
vn -0.4829 -0.8738 0.0582
vn -0.9331 -0.3583 0.0291
vn -0.9455 0.3254 -0.0105
vn 0.9983 0.0073 -0.0584
vn 0.7292 0.0527 -0.6823
vn 0.1308 0.0679 -0.9891
vn 0.7967 -0.0188 0.6040
vn -0.5194 0.0604 -0.8524
vn 0.2082 -0.0151 0.9780
vn -0.9446 0.0302 -0.3268
vn 0.9993 -0.0000 -0.0371
vn 0.7411 -0.0000 -0.6714
vn 0.1351 -0.0000 -0.9908
vn 0.7915 0.0038 0.6112
vn -0.5306 -0.0000 -0.8476
vn 0.2210 0.0001 0.9753
vn -0.9516 -0.0000 -0.3074
vn -0.9295 -0.0000 0.3689
vn -0.4661 -0.0000 0.8847
vn 0.2209 -0.0000 0.9753
vn -0.4663 -0.0000 0.8846
vn -0.0235 -0.9983 0.0532
vn -0.0021 -0.9999 0.0152
vn -0.0234 -0.9983 0.0531
vn -0.0020 -0.9999 0.0151
vn -0.0022 -1.0000 0.0075
vn 0.6614 0.4063 -0.6304
vn 0.1152 0.5548 -0.8240
vn 0.2581 -0.4367 0.8618
vn -0.5537 -0.3917 0.7349
vn 0.9989 0.0435 -0.0145
vn -0.5158 0.8381 -0.1779
vn 0.2040 -0.9579 0.2020
vn -0.9432 0.3265 -0.0609
vn -0.4814 -0.8550 0.1926
vn -0.5189 0.8471 -0.1148
vn 0.2033 -0.9697 0.1351
vn 0.1450 0.9858 -0.0844
vn 0.7907 -0.6105 0.0459
vn -0.9444 0.3265 -0.0387
vn 0.2031 -0.9698 0.1351
vn -0.5184 0.8523 -0.0697
vn 0.7877 -0.6155 0.0253
vn 0.2026 -0.9758 0.0827
vn -0.9345 -0.3533 0.0423
vn -0.5181 0.8540 -0.0471
vn 0.2023 -0.9779 0.0525
vn -0.4829 -0.8737 0.0581
vn -0.9455 0.3253 -0.0105
vn 0.9983 0.0073 -0.0583
vn 0.1307 0.0679 -0.9891
vn 0.7968 -0.0188 0.6040
vn 0.7412 -0.0000 -0.6712
vn 0.7914 0.0038 0.6112
vn -0.5305 -0.0000 -0.8477
vn 0.2211 -0.0000 0.9753
vn -0.9295 -0.0000 0.3688
vn -0.4662 -0.0000 0.8847
vn -0.0021 -0.9999 0.0151
vn -0.0021 -1.0000 0.0075
vn 0.0196 -0.9998 -0.0002
vn 0.0193 -0.9998 -0.0002
vn 0.9975 0.0698 -0.0091
vn -0.0242 0.9997 0.0003
vn -0.9975 0.0698 0.0071
vn -0.9975 0.0697 0.0071
vn -0.0193 -0.9998 0.0002
vn -0.0196 -0.9998 0.0002
vn 0.0242 0.9997 -0.0003
vn 0.0194 -0.9998 -0.0002
vn 0.0197 -0.9998 -0.0002
vn -0.0196 0.9998 0.0002
vn -0.0197 0.9998 0.0002
vn 0.0191 -0.9998 -0.0002
vn -0.8261 0.5635 0.0090
vn -0.8236 0.5671 0.0109
vn -0.8186 0.5743 0.0070
vn -0.9044 0.4266 -0.0109
vn -0.0698 0.0377 -0.9968
vn -0.8063 0.3028 -0.5081
vn -0.8846 0.4662 0.0115
vn -1.0000 -0.0000 -0.0065
vn 0.0022 -1.0000 -0.0000
vn -0.9972 0.0742 0.0089
vn -0.9972 0.0742 0.0090
vn -0.9996 -0.0000 0.0283
vn -0.9040 0.4268 0.0269
vn -0.9040 0.4268 0.0268
vn -0.0481 0.0340 0.9983
vn -0.7950 0.3028 0.5256
vn -0.0306 -0.0000 -0.9995
vn -1.0000 -0.0000 -0.0064
vn -0.0109 0.0076 -0.9999
vn -0.0087 0.0076 -0.9999
vn 0.0021 -1.0000 -0.0076
vn 0.0020 -0.9999 -0.0151
vn 0.9996 -0.0000 -0.0283
vn 0.9040 0.4268 -0.0267
vn 0.8846 0.4662 -0.0115
vn 0.9972 0.0742 -0.0090
vn 0.9972 0.0743 -0.0090
vn 0.8846 0.4662 -0.0116
vn 1.0000 -0.0000 0.0065
vn 0.9044 0.4266 0.0108
vn -0.0022 -1.0000 -0.0000
vn 0.0024 -0.9999 0.0151
vn -0.0088 -0.0000 1.0000
vn 0.0131 0.0076 0.9999
vn 0.0048 0.7682 0.6402
vn -0.0002 1.0000 0.0001
vn 0.0047 0.7778 0.6285
vn 0.0033 0.8635 0.5044
vn 0.0092 0.7682 0.6401
vn 0.0090 0.7778 0.6284
vn 0.0022 1.0000 -0.0000
vn 0.0077 0.8635 0.5043
vn -0.0022 1.0000 -0.0000
vn -0.0005 1.0000 -0.0000
vn -0.0077 0.8635 -0.5043
vn -0.0033 0.8635 -0.5044
vn -0.0092 0.7682 -0.6401
vn -0.0090 0.7778 -0.6284
vn -0.0048 0.7682 -0.6402
vn -0.0047 0.7778 -0.6284
vn 0.0021 -1.0000 -0.0077
vn -0.0011 -0.9547 -0.2975
vn 0.0020 -0.9999 -0.0152
vn -0.0047 0.7778 -0.6286
vn -0.0086 0.0075 -0.9999
vn -0.0047 0.7777 -0.6286
vn 0.0021 -0.9999 -0.0152
vn 0.0087 -0.0000 -1.0000
vn 0.9039 0.4268 -0.0267
vn 0.0481 0.0377 -0.9981
vn 0.9667 0.2544 -0.0275
vn 0.7950 0.3023 -0.5259
vn 0.8187 0.5742 -0.0070
vn 0.8261 0.5635 -0.0090
vn 0.8236 0.5671 -0.0109
vn 0.8260 0.5635 -0.0128
vn 0.8186 0.5743 -0.0070
vn 0.9044 0.4266 0.0107
vn 0.0698 0.0340 0.9970
vn 0.8063 0.3054 0.5065
vn 1.0000 -0.0000 0.0064
vn 0.0306 0.0001 0.9995
vn 0.0054 -0.9547 0.2975
vn 0.0024 -0.9999 0.0152
vn -0.0021 -1.0000 0.0077
vn 0.0054 -0.9547 0.2974
vn -0.0020 -0.9999 0.0153
vn 0.0091 0.7777 0.6286
vn 0.0092 0.7682 0.6402
vn 0.0131 0.0075 0.9999
vn 0.0047 0.7777 0.6286
vn 0.0130 0.0075 0.9999
vn 0.0046 0.7777 0.6286
vn 0.0109 0.0076 0.9999
vn -0.0092 0.7682 -0.6402
vn -0.0091 0.7777 -0.6285
vn -0.9961 0.0872 0.0107
vn -0.9516 0.0527 -0.3029
vn 0.9448 0.0597 -0.3223
vn -0.9961 0.0872 0.0110
vn -0.9447 0.0527 0.3236
vn 0.9962 0.0872 -0.0070
vn 0.9515 0.0597 0.3017
vn 0.8064 0.3053 0.5065
vn 0.0124 -0.3546 0.9349
vn -0.0080 -0.3546 -0.9350
vn -0.0081 -0.3546 -0.9350
vn 0.0123 -0.3546 0.9349
vn 0.0105 0.6517 0.7584
vn 0.0105 0.6518 0.7584
vn 0.0058 0.9428 0.3333
vn 0.0036 0.9429 0.3330
vn -0.0020 0.9850 -0.1725
vn 0.0003 0.9849 -0.1729
vn -0.0080 0.3476 -0.9376
vn -0.0080 0.3475 -0.9376
vn 0.0128 0.1877 0.9821
vn 0.0128 0.1876 0.9822
vn 0.0125 -0.3262 0.9452
vn 0.0093 -0.7585 0.6517
vn 0.0093 -0.7584 0.6517
vn -0.0086 -0.1654 -0.9862
vn -0.0062 -0.6344 -0.7730
vn -0.0015 -0.9403 -0.3404
vn -0.0016 -0.9402 -0.3405
vn 0.0032 -0.9836 0.1802
vn 0.0042 -0.9836 0.1801
vn 0.0042 -0.9836 0.1803
vn 0.0059 -0.9403 0.3404
vn 0.0036 -0.9404 0.3400
vn -0.0032 -0.9836 -0.1802
vn 0.0002 -0.9836 -0.1802
vn 0.0106 -0.6344 0.7729
vn 0.0106 -0.6344 0.7730
vn 0.0002 -0.9836 -0.1803
vn -0.0049 -0.7585 -0.6517
vn -0.0050 -0.7584 -0.6518
vn 0.0129 -0.1654 0.9861
vn -0.0081 -0.3263 -0.9452
vn -0.0081 -0.3262 -0.9452
vn 0.0124 0.3475 0.9376
vn 0.0124 0.3476 0.9376
vn -0.0085 0.1877 -0.9822
vn -0.0061 0.6517 -0.7584
vn -0.0061 0.6518 -0.7584
vn 0.0041 0.9849 0.1728
vn 0.0034 0.9850 0.1728
vn -0.0014 0.9428 -0.3334
vn -0.0021 0.9428 -0.3333
vn 0.7482 0.6634 -0.0100
vn -0.7483 0.6633 0.0082
vn -0.7482 0.6634 0.0082
vn -0.8260 0.5635 0.0090
vn -0.8260 0.5636 0.0090
vn 0.8261 0.5635 -0.0052
vn 0.9981 0.0607 -0.0109
vt 0.913540 0.298740
vt 0.912220 0.298850
vt 0.912880 0.298630
vt 0.918500 0.321700
vt 0.917180 0.321700
vt 0.917840 0.321480
vt 0.573720 0.768010
vt 0.603110 0.767900
vt 0.599700 0.769540
vt 0.573720 0.786380
vt 0.599480 0.785070
vt 0.603110 0.786710
vt 0.573830 0.520800
vt 0.603330 0.520470
vt 0.599920 0.522220
vt 0.573940 0.539280
vt 0.599590 0.537750
vt 0.603330 0.539390
vt 0.952840 0.261130
vt 0.950090 0.260470
vt 0.952070 0.260140
vt 0.950530 0.379210
vt 0.953390 0.376810
vt 0.952180 0.378340
vt 0.941830 0.260580
vt 0.939080 0.261240
vt 0.939740 0.260140
vt 0.939520 0.376810
vt 0.942380 0.379210
vt 0.940730 0.378450
vt 0.766910 0.786930
vt 0.770440 0.785180
vt 0.796530 0.786600
vt 0.767020 0.768010
vt 0.796420 0.768120
vt 0.770660 0.769650
vt 0.770660 0.537860
vt 0.796640 0.539390
vt 0.767240 0.539500
vt 0.767240 0.520690
vt 0.796530 0.521020
vt 0.770880 0.522330
vt 0.947890 0.592420
vt 0.945140 0.591760
vt 0.947120 0.591430
vt 0.944810 0.710610
vt 0.947670 0.708210
vt 0.946460 0.709740
vt 0.936660 0.710610
vt 0.935340 0.591760
vt 0.936880 0.591760
vt 0.933800 0.708100
vt 0.935010 0.709740
vt 0.622160 0.528560
vt 0.621940 0.778730
vt 0.603440 0.440440
vt 0.626120 0.523750
vt 0.623480 0.525610
vt 0.625900 0.783540
vt 0.603110 0.866850
vt 0.623260 0.781680
vt 0.633830 0.779820
vt 0.634160 0.776540
vt 0.676980 0.866740
vt 0.632060 0.782450
vt 0.629090 0.783760
vt 0.632280 0.524850
vt 0.629310 0.523540
vt 0.677310 0.440660
vt 0.634050 0.527580
vt 0.634380 0.530750
vt 0.748420 0.528670
vt 0.746990 0.525720
vt 0.744350 0.523860
vt 0.767240 0.440550
vt 0.741160 0.523640
vt 0.738290 0.524960
vt 0.693270 0.440660
vt 0.736420 0.527580
vt 0.736200 0.530860
vt 0.748200 0.778840
vt 0.744130 0.783650
vt 0.746770 0.781790
vt 0.766910 0.866960
vt 0.738070 0.782450
vt 0.740930 0.783870
vt 0.692940 0.866740
vt 0.736200 0.779820
vt 0.735980 0.776650
vt 0.969690 0.360730
vt 0.969690 0.361390
vt 0.968470 0.360730
vt 0.968360 0.361280
vt 0.965940 0.360620
vt 0.965940 0.361280
vt 0.969800 0.360190
vt 0.968470 0.360190
vt 0.971010 0.360730
vt 0.970900 0.361390
vt 0.969690 0.361940
vt 0.968360 0.361940
vt 0.966050 0.360080
vt 0.965940 0.361830
vt 0.969690 0.364890
vt 0.969690 0.365430
vt 0.968360 0.364890
vt 0.968360 0.365430
vt 0.971010 0.360190
vt 0.972220 0.361390
vt 0.972220 0.360730
vt 0.970900 0.361940
vt 0.969580 0.362480
vt 0.968250 0.362480
vt 0.965940 0.364890
vt 0.965940 0.365540
vt 0.965830 0.362480
vt 0.965830 0.363140
vt 0.968250 0.363140
vt 0.965830 0.363680
vt 0.968250 0.363680
vt 0.968360 0.364230
vt 0.965830 0.364340
vt 0.969690 0.364230
vt 0.970900 0.364890
vt 0.971010 0.365430
vt 0.972220 0.360190
vt 0.973540 0.361390
vt 0.973540 0.360730
vt 0.972220 0.361940
vt 0.970900 0.362480
vt 0.969580 0.363140
vt 0.969580 0.363680
vt 0.970900 0.364230
vt 0.972220 0.364890
vt 0.972220 0.365430
vt 0.973540 0.360190
vt 0.974750 0.361390
vt 0.974750 0.360730
vt 0.973540 0.361940
vt 0.972220 0.362480
vt 0.970900 0.363140
vt 0.970900 0.363680
vt 0.972220 0.364230
vt 0.973540 0.364890
vt 0.973540 0.365430
vt 0.974750 0.360190
vt 0.976070 0.361390
vt 0.976070 0.360730
vt 0.974750 0.361940
vt 0.973540 0.362480
vt 0.972220 0.363140
vt 0.972220 0.363680
vt 0.973540 0.364230
vt 0.974750 0.364890
vt 0.974750 0.365430
vt 0.976070 0.360190
vt 0.977280 0.360730
vt 0.977390 0.361280
vt 0.976070 0.361940
vt 0.974750 0.362480
vt 0.973540 0.363140
vt 0.973540 0.363680
vt 0.974750 0.364230
vt 0.976070 0.364780
vt 0.976070 0.365430
vt 0.977280 0.360190
vt 0.978600 0.360730
vt 0.978600 0.361280
vt 0.977390 0.361940
vt 0.976070 0.362480
vt 0.974750 0.363140
vt 0.974750 0.363680
vt 0.976070 0.364230
vt 0.977390 0.365430
vt 0.977390 0.364780
vt 0.978600 0.360190
vt 0.979920 0.361280
vt 0.979920 0.360730
vt 0.978600 0.361940
vt 0.977390 0.362480
vt 0.976070 0.363140
vt 0.976070 0.363680
vt 0.977390 0.364230
vt 0.978600 0.365430
vt 0.978600 0.364780
vt 0.979920 0.360190
vt 0.981130 0.361280
vt 0.981130 0.360730
vt 0.979920 0.361940
vt 0.978600 0.362480
vt 0.977390 0.363030
vt 0.977390 0.363680
vt 0.978600 0.364230
vt 0.979920 0.364780
vt 0.979920 0.365430
vt 0.981130 0.360080
vt 0.982340 0.360730
vt 0.982450 0.361280
vt 0.981240 0.361940
vt 0.979920 0.362480
vt 0.978600 0.363030
vt 0.978600 0.363680
vt 0.979920 0.364230
vt 0.981240 0.364780
vt 0.981240 0.365430
vt 0.982340 0.360080
vt 0.983670 0.360620
vt 0.983780 0.361280
vt 0.982450 0.361830
vt 0.981240 0.362480
vt 0.979920 0.363030
vt 0.979920 0.363680
vt 0.981240 0.364230
vt 0.982450 0.364780
vt 0.982450 0.365320
vt 0.983670 0.360080
vt 0.986090 0.360510
vt 0.986200 0.361170
vt 0.983780 0.361830
vt 0.982560 0.362480
vt 0.981240 0.363030
vt 0.981240 0.363580
vt 0.982560 0.364230
vt 0.983780 0.364780
vt 0.983780 0.365320
vt 0.986090 0.359970
vt 0.986200 0.361720
vt 0.983890 0.362370
vt 0.982560 0.363030
vt 0.982560 0.363580
vt 0.983890 0.364230
vt 0.986200 0.364780
vt 0.986200 0.365430
vt 0.986310 0.364230
vt 0.983890 0.363580
vt 0.986310 0.363580
vt 0.983890 0.363030
vt 0.986310 0.363030
vt 0.986310 0.362370
vt 0.246010 0.478600
vt 0.246010 0.479140
vt 0.244800 0.478600
vt 0.244690 0.479140
vt 0.242260 0.478490
vt 0.242260 0.479040
vt 0.246120 0.477940
vt 0.244800 0.477940
vt 0.247330 0.478600
vt 0.247330 0.479140
vt 0.246010 0.479800
vt 0.244690 0.479690
vt 0.242370 0.477830
vt 0.242260 0.479690
vt 0.246010 0.482640
vt 0.246010 0.483300
vt 0.244690 0.482640
vt 0.244690 0.483300
vt 0.247330 0.477940
vt 0.248540 0.479140
vt 0.248540 0.478600
vt 0.247220 0.479800
vt 0.245900 0.480350
vt 0.244580 0.480350
vt 0.242260 0.482750
vt 0.242260 0.483300
vt 0.242150 0.480240
vt 0.242150 0.480890
vt 0.244580 0.480890
vt 0.242150 0.481550
vt 0.244580 0.481440
vt 0.244690 0.482100
vt 0.242150 0.482100
vt 0.245900 0.482100
vt 0.247220 0.482640
vt 0.247220 0.483300
vt 0.248540 0.477940
vt 0.249860 0.479140
vt 0.249860 0.478600
vt 0.248540 0.479800
vt 0.247220 0.480350
vt 0.245900 0.480890
vt 0.245900 0.481440
vt 0.247220 0.482100
vt 0.248540 0.482640
vt 0.248540 0.483300
vt 0.249860 0.477940
vt 0.251070 0.479140
vt 0.251070 0.478600
vt 0.249860 0.479800
vt 0.248540 0.480350
vt 0.247220 0.480890
vt 0.247220 0.481550
vt 0.248540 0.482100
vt 0.249860 0.482640
vt 0.249860 0.483300
vt 0.251070 0.477940
vt 0.252390 0.479140
vt 0.252390 0.478600
vt 0.251070 0.479690
vt 0.249860 0.480350
vt 0.248540 0.480890
vt 0.248540 0.481550
vt 0.249860 0.482100
vt 0.251070 0.482640
vt 0.251070 0.483300
vt 0.252390 0.477940
vt 0.253710 0.478600
vt 0.253710 0.479140
vt 0.252390 0.479690
vt 0.251070 0.480350
vt 0.249860 0.480890
vt 0.249860 0.481550
vt 0.251070 0.482100
vt 0.252390 0.482640
vt 0.252390 0.483300
vt 0.253710 0.477940
vt 0.254920 0.478600
vt 0.254920 0.479140
vt 0.253710 0.479690
vt 0.252390 0.480350
vt 0.251070 0.480890
vt 0.251070 0.481550
vt 0.252390 0.482100
vt 0.253710 0.483300
vt 0.253710 0.482640
vt 0.254920 0.477940
vt 0.256240 0.479140
vt 0.256240 0.478600
vt 0.254920 0.479690
vt 0.253710 0.480350
vt 0.252390 0.480890
vt 0.252390 0.481550
vt 0.253710 0.482100
vt 0.254920 0.483190
vt 0.254920 0.482640
vt 0.256240 0.477940
vt 0.257450 0.479140
vt 0.257450 0.478600
vt 0.256240 0.479690
vt 0.254920 0.480350
vt 0.253710 0.480890
vt 0.253710 0.481440
vt 0.254920 0.482100
vt 0.256240 0.482640
vt 0.256240 0.483190
vt 0.257450 0.477940
vt 0.258670 0.478490
vt 0.258780 0.479140
vt 0.257560 0.479690
vt 0.256240 0.480350
vt 0.254920 0.480890
vt 0.254920 0.481440
vt 0.256240 0.482100
vt 0.257560 0.482640
vt 0.257560 0.483190
vt 0.258670 0.477940
vt 0.259990 0.478490
vt 0.260100 0.479040
vt 0.258780 0.479690
vt 0.257560 0.480350
vt 0.256240 0.480890
vt 0.256240 0.481440
vt 0.257560 0.482100
vt 0.258780 0.482640
vt 0.258780 0.483190
vt 0.259990 0.477940
vt 0.262410 0.478380
vt 0.262520 0.479040
vt 0.260100 0.479690
vt 0.258890 0.480350
vt 0.257560 0.480890
vt 0.257560 0.481440
vt 0.258890 0.481990
vt 0.260100 0.482640
vt 0.260100 0.483190
vt 0.262410 0.477830
vt 0.262520 0.479580
vt 0.260210 0.480240
vt 0.258890 0.480890
vt 0.258890 0.481440
vt 0.260210 0.481990
vt 0.262520 0.482640
vt 0.262520 0.483300
vt 0.262630 0.482100
vt 0.260210 0.481440
vt 0.262630 0.481440
vt 0.260210 0.480890
vt 0.262630 0.480780
vt 0.262630 0.480240
vt 0.909580 0.310770
vt 0.908810 0.310550
vt 0.909580 0.310000
vt 0.908920 0.310000
vt 0.909470 0.311640
vt 0.908810 0.311420
vt 0.910240 0.310870
vt 0.910240 0.310110
vt 0.908150 0.310330
vt 0.908150 0.309890
vt 0.910240 0.311640
vt 0.908040 0.311200
vt 0.910900 0.310770
vt 0.910900 0.310000
vt 0.907380 0.310110
vt 0.907490 0.309780
vt 0.912880 0.309560
vt 0.912880 0.308800
vt 0.913650 0.309450
vt 0.913650 0.308800
vt 0.909580 0.312510
vt 0.908810 0.312410
vt 0.911010 0.311530
vt 0.907380 0.311090
vt 0.911560 0.310550
vt 0.911450 0.309890
vt 0.913650 0.309670
vt 0.912880 0.309890
vt 0.912110 0.309670
vt 0.912220 0.308690
vt 0.912220 0.310220
vt 0.910240 0.312510
vt 0.908040 0.312190
vt 0.911670 0.311420
vt 0.913760 0.310660
vt 0.913100 0.310870
vt 0.912440 0.311090
vt 0.909580 0.313280
vt 0.908810 0.313170
vt 0.911010 0.312410
vt 0.907380 0.312080
vt 0.910350 0.313390
vt 0.908040 0.313060
vt 0.911780 0.312300
vt 0.913980 0.311640
vt 0.913210 0.311860
vt 0.912550 0.312080
vt 0.909470 0.314260
vt 0.908700 0.314050
vt 0.911120 0.313280
vt 0.907270 0.312950
vt 0.910350 0.314260
vt 0.907930 0.313940
vt 0.911890 0.313170
vt 0.914090 0.312510
vt 0.913320 0.312730
vt 0.912660 0.312950
vt 0.911230 0.314150
vt 0.907160 0.313830
vt 0.914200 0.313280
vt 0.913540 0.313500
vt 0.912770 0.313720
vt 0.912000 0.314050
vt 0.908700 0.308800
vt 0.909470 0.308580
vt 0.910130 0.308470
vt 0.908040 0.308910
vt 0.910790 0.308470
vt 0.907380 0.309020
vt 0.911450 0.308580
vt 0.908260 0.300820
vt 0.908920 0.300820
vt 0.909690 0.300710
vt 0.907490 0.300930
vt 0.910460 0.300710
vt 0.906720 0.300930
vt 0.911230 0.300710
vt 0.911890 0.300600
vt 0.912660 0.300710
vt 0.913430 0.300600
vt 0.912110 0.300270
vt 0.913870 0.300050
vt 0.911890 0.299500
vt 0.913980 0.299390
vt 0.914310 0.333620
vt 0.913650 0.333400
vt 0.914310 0.332850
vt 0.913650 0.332740
vt 0.914310 0.334380
vt 0.913540 0.334270
vt 0.914970 0.333620
vt 0.914970 0.332850
vt 0.912990 0.333070
vt 0.912990 0.332630
vt 0.915080 0.334490
vt 0.912880 0.334050
vt 0.915750 0.333620
vt 0.915630 0.332850
vt 0.912220 0.332850
vt 0.912220 0.332520
vt 0.917730 0.332410
vt 0.917730 0.331650
vt 0.918390 0.332300
vt 0.918500 0.331650
vt 0.914310 0.335260
vt 0.913540 0.335150
vt 0.915750 0.334380
vt 0.912110 0.333940
vt 0.916410 0.333400
vt 0.916300 0.332740
vt 0.918500 0.332520
vt 0.917730 0.332740
vt 0.916960 0.332520
vt 0.917070 0.331540
vt 0.917070 0.333070
vt 0.915080 0.335370
vt 0.912880 0.335040
vt 0.916520 0.334160
vt 0.918610 0.333620
vt 0.917840 0.333730
vt 0.917180 0.333940
vt 0.914310 0.336130
vt 0.913540 0.336020
vt 0.915860 0.335260
vt 0.912110 0.334930
vt 0.915080 0.336130
vt 0.912770 0.335910
vt 0.916520 0.335150
vt 0.918720 0.334600
vt 0.917950 0.334710
vt 0.917290 0.334930
vt 0.914200 0.337010
vt 0.913430 0.336900
vt 0.915860 0.336130
vt 0.912000 0.335800
vt 0.915080 0.337120
vt 0.912660 0.336680
vt 0.916630 0.335910
vt 0.918830 0.335370
vt 0.918170 0.335580
vt 0.917400 0.335800
vt 0.915970 0.337010
vt 0.911890 0.336570
vt 0.919050 0.336240
vt 0.918280 0.336350
vt 0.917620 0.336570
vt 0.916850 0.336790
vt 0.913540 0.331540
vt 0.914200 0.331430
vt 0.914970 0.331320
vt 0.912880 0.331760
vt 0.915630 0.331320
vt 0.912110 0.331870
vt 0.916300 0.331430
vt 0.913100 0.323670
vt 0.913870 0.323560
vt 0.914640 0.323560
vt 0.912440 0.323670
vt 0.915410 0.323450
vt 0.911670 0.323670
vt 0.916080 0.323450
vt 0.916850 0.323450
vt 0.917620 0.323560
vt 0.918280 0.323450
vt 0.916960 0.323120
vt 0.918830 0.323010
vt 0.916850 0.322360
vt 0.918940 0.322250
vt 0.915970 0.052840
vt 0.915190 0.067820
vt 0.911670 0.052840
vt 0.912000 0.067820
vt 0.911340 0.067820
vt 0.908150 0.068040
vt 0.911010 0.052840
vt 0.906720 0.053060
vt 0.915970 0.052180
vt 0.911670 0.052180
vt 0.915860 0.067930
vt 0.916630 0.052840
vt 0.912000 0.068470
vt 0.915190 0.068470
vt 0.911670 0.172560
vt 0.915970 0.172670
vt 0.912330 0.187650
vt 0.915630 0.187650
vt 0.908480 0.187980
vt 0.906720 0.173000
vt 0.911670 0.187650
vt 0.911010 0.172670
vt 0.915970 0.172020
vt 0.911670 0.171910
vt 0.916300 0.187650
vt 0.916630 0.172670
vt 0.912330 0.188310
vt 0.915630 0.188310
vt 0.197240 0.006590
vt 0.196470 0.021570
vt 0.192950 0.006590
vt 0.193280 0.021570
vt 0.192620 0.021570
vt 0.189310 0.021680
vt 0.192290 0.006590
vt 0.187990 0.006700
vt 0.197240 0.005930
vt 0.192950 0.005930
vt 0.197130 0.021570
vt 0.197900 0.006590
vt 0.193280 0.022230
vt 0.196470 0.022230
vt 0.163440 0.121720
vt 0.167740 0.121830
vt 0.164110 0.136810
vt 0.167300 0.136810
vt 0.160250 0.137140
vt 0.158490 0.122160
vt 0.163440 0.136810
vt 0.162780 0.121830
vt 0.167740 0.121180
vt 0.163440 0.121070
vt 0.167960 0.136810
vt 0.168400 0.121830
vt 0.164110 0.137360
vt 0.167300 0.137360
vt 0.915970 0.083670
vt 0.914640 0.098650
vt 0.908040 0.083670
vt 0.907710 0.098650
vt 0.922350 0.099960
vt 0.915520 0.098760
vt 0.924770 0.085200
vt 0.916960 0.083780
vt 0.915970 0.082690
vt 0.908040 0.082690
vt 0.907710 0.099640
vt 0.914640 0.099640
vt 0.907050 0.083670
vt 0.906720 0.098650
vt 0.974750 0.225590
vt 0.973650 0.240680
vt 0.966820 0.225810
vt 0.966820 0.240790
vt 0.981460 0.241880
vt 0.974640 0.240680
vt 0.983560 0.227010
vt 0.975740 0.225700
vt 0.974750 0.224720
vt 0.966820 0.224830
vt 0.966820 0.241660
vt 0.973650 0.241560
vt 0.965940 0.225700
vt 0.965830 0.240790
vt 0.985210 0.268890
vt 0.961870 0.304310
vt 0.983230 0.268670
vt 0.960440 0.302890
vt 0.552360 0.794690
vt 0.560730 0.791520
vt 0.552250 0.866740
vt 0.560620 0.866740
vt 0.155740 0.783650
vt 0.155740 0.819840
vt 0.085070 0.783650
vt 0.085070 0.819840
vt 0.552580 0.555900
vt 0.560950 0.552730
vt 0.552360 0.751170
vt 0.560620 0.754350
vt 0.155740 0.533050
vt 0.155740 0.569240
vt 0.085070 0.533050
vt 0.085070 0.569240
vt 0.552690 0.440440
vt 0.560950 0.440440
vt 0.552470 0.512490
vt 0.560840 0.515660
vt 0.901870 0.599850
vt 0.903860 0.599630
vt 0.925210 0.635610
vt 0.926530 0.634180
vt 0.983010 0.260690
vt 0.984550 0.259270
vt 0.956370 0.376810
vt 0.084630 0.829460
vt 0.116330 0.900090
vt 0.084630 0.901510
vt 0.116330 0.901510
vt 0.817660 0.866960
vt 0.809410 0.866960
vt 0.817770 0.794910
vt 0.809520 0.791740
vt 0.817770 0.751390
vt 0.809410 0.754560
vt 0.817990 0.556230
vt 0.809630 0.552950
vt 0.156290 0.578860
vt 0.156290 0.774030
vt 0.084630 0.578860
vt 0.084630 0.774030
vt 0.817880 0.512710
vt 0.809630 0.515880
vt 0.817990 0.440660
vt 0.809630 0.440660
vt 0.156290 0.451370
vt 0.156290 0.523430
vt 0.124480 0.451370
vt 0.124480 0.452790
vt 0.116330 0.451370
vt 0.116330 0.452790
vt 0.084630 0.451370
vt 0.084630 0.523430
vt 0.904190 0.591650
vt 0.902650 0.590120
vt 0.930830 0.708100
vt 0.934130 0.592530
vt 0.691620 0.442840
vt 0.689640 0.440220
vt 0.689420 0.441970
vt 0.680940 0.440220
vt 0.679070 0.442740
vt 0.681270 0.441970
vt 0.691290 0.864560
vt 0.678740 0.864560
vt 0.689090 0.865430
vt 0.680940 0.865430
vt 0.689310 0.867180
vt 0.680610 0.867180
vt 0.957800 0.378450
vt 0.907380 0.259600
vt 0.908920 0.261020
vt 0.906720 0.269220
vt 0.908810 0.269000
vt 0.930500 0.304420
vt 0.931820 0.303000
vt 0.980250 0.600290
vt 0.956590 0.635720
vt 0.978160 0.600180
vt 0.955260 0.634180
vt 0.979590 0.590670
vt 0.978050 0.592090
vt 0.929400 0.709740
vt 0.952070 0.709850
vt 0.950750 0.708210
vt 0.935230 0.378550
vt 0.936550 0.376810
vt 0.808750 0.516100
vt 0.808860 0.552730
vt 0.084630 0.569890
vt 0.156290 0.569890
vt 0.156290 0.532280
vt 0.084630 0.532280
vt 0.156290 0.782880
vt 0.084630 0.782880
vt 0.084630 0.820600
vt 0.156290 0.820600
vt 0.156290 0.829460
vt 0.124480 0.900090
vt 0.124480 0.901510
vt 0.156290 0.901510
vt 0.375240 0.064430
vt 0.396380 0.064430
vt 0.375130 0.067710
vt 0.396490 0.067710
vt 0.375130 0.070880
vt 0.396600 0.070880
vt 0.396490 0.074050
vt 0.375130 0.074050
vt 0.375350 0.077220
vt 0.396270 0.077220
vt 0.396270 0.061260
vt 0.375350 0.061260
vt 0.396050 0.058090
vt 0.375570 0.058090
vt 0.375680 0.054920
vt 0.395940 0.054920
vt 0.375460 0.080500
vt 0.396160 0.080500
vt 0.375680 0.083670
vt 0.395940 0.083670
vt 0.375790 0.086840
vt 0.395830 0.086840
vt 0.375790 0.090010
vt 0.395830 0.090010
vt 0.395830 0.051640
vt 0.375790 0.051640
vt 0.105430 0.009100
vt 0.085400 0.009100
vt 0.105320 0.005930
vt 0.085400 0.005930
vt 0.085290 0.012280
vt 0.105540 0.012280
vt 0.105320 0.044310
vt 0.085400 0.044310
vt 0.105430 0.041140
vt 0.085290 0.041140
vt 0.085070 0.015560
vt 0.105650 0.015560
vt 0.105650 0.037860
vt 0.085070 0.037860
vt 0.084850 0.018730
vt 0.105870 0.018730
vt 0.105760 0.034690
vt 0.084960 0.034690
vt 0.084740 0.021900
vt 0.105980 0.021900
vt 0.105980 0.031520
vt 0.084740 0.031520
vt 0.084630 0.025070
vt 0.106090 0.025070
vt 0.106090 0.028350
vt 0.084630 0.028350
vt 0.561720 0.552510
vt 0.561610 0.515880
vt 0.561500 0.791300
vt 0.561500 0.754670
vt 0.808640 0.754890
vt 0.808640 0.791520
vt 0.622380 0.531740
vt 0.622160 0.775560
vt 0.624030 0.772930
vt 0.624250 0.534360
vt 0.627110 0.535670
vt 0.626890 0.771620
vt 0.630080 0.771840
vt 0.630300 0.535450
vt 0.632940 0.533590
vt 0.632720 0.773700
vt 0.748090 0.531840
vt 0.747980 0.775670
vt 0.746110 0.773040
vt 0.746330 0.534470
vt 0.743360 0.535780
vt 0.743250 0.771620
vt 0.740050 0.771950
vt 0.740160 0.535560
vt 0.737520 0.533700
vt 0.737410 0.773810
v 4.083513 0.004071 16.959892
v 3.874463 0.051606 16.962172
v 3.874463 0.004071 16.962172
v 3.434674 0.004071 13.969244
v 3.635646 0.051606 13.967053
v 3.635646 0.004071 13.967053
v 3.668321 0.051606 16.964418
v 3.467349 0.004071 16.966610
v 3.668321 0.004071 16.964418
v 4.050838 0.004071 13.962527
v 3.841788 0.004071 13.964807
v 3.841788 0.051606 13.964807
v 3.874463 0.051606 16.962172
v 3.811438 0.051606 14.026406
v 3.841788 0.051606 13.964807
v 3.667332 0.051606 14.027977
v 3.668321 0.051606 16.964418
v 3.635646 0.051606 13.967053
v 3.668321 1.101285 16.964418
v 3.667360 1.101285 16.876261
v 3.467349 1.101285 16.966610
v 3.655779 1.101285 15.813885
v 3.873502 1.101285 16.874014
v 3.874463 1.101285 16.962172
v 4.083513 1.101285 16.959892
v 3.861921 1.101285 15.811638
v 3.434674 1.101285 13.969244
v 3.648188 1.101285 15.117587
v 3.636591 1.101285 14.053718
v 3.842732 1.101285 14.051471
v 3.854330 1.101285 15.115340
v 4.050838 1.101285 13.962527
v 4.099761 0.498433 16.375412
v 4.100055 0.499551 16.402309
v 4.105951 0.020289 16.943209
v 4.100299 0.514091 16.424721
v 4.100446 0.537579 16.438169
v 4.100429 0.564422 16.436676
v 4.100266 0.587351 16.421734
v 4.105951 1.084508 16.943209
v 4.100006 0.599654 16.397827
v 4.079515 0.499551 14.518123
v 4.079808 0.498433 14.545018
v 4.073634 0.020289 13.978717
v 4.079270 0.514091 14.495709
v 4.079140 0.537579 14.483755
v 4.079319 0.587351 14.500192
v 4.079156 0.564422 14.485250
v 4.073634 1.084508 13.978717
v 4.079579 0.599654 14.524099
v 4.079856 0.597976 14.549500
v 4.099712 0.597976 16.370930
v 3.418181 0.599654 14.531310
v 3.418458 0.597976 14.556711
v 3.412235 1.084508 13.985928
v 3.417920 0.587351 14.507402
v 3.417757 0.564422 14.492460
v 3.418409 0.498433 14.552229
v 3.418115 0.499551 14.525333
v 3.412235 0.020289 13.985928
v 3.417871 0.514091 14.502920
v 3.417741 0.537579 14.490966
v 3.438656 0.499551 16.409519
v 3.438362 0.498433 16.382624
v 3.444552 0.020289 16.950420
v 3.438900 0.514091 16.431931
v 3.439047 0.537579 16.445381
v 3.438313 0.597976 16.378141
v 3.438607 0.599654 16.405037
v 3.444552 1.084508 16.950420
v 3.438867 0.587351 16.428944
v 3.439030 0.564422 16.443886
v 3.418181 0.599654 14.531310
v 3.440814 0.591265 14.532557
v 3.418458 0.597976 14.556711
v 3.441059 0.590147 14.554970
v 3.417920 0.587351 14.507402
v 3.440586 0.581199 14.511639
v 4.056978 0.591265 14.525841
v 4.057223 0.590147 14.548253
v 4.056750 0.581199 14.504922
v 4.079579 0.599654 14.524099
v 4.079856 0.597976 14.549500
v 3.418458 0.597976 14.556711
v 3.441059 0.590147 14.554970
v 3.418718 0.583436 14.580619
v 3.441254 0.578403 14.572901
v 3.417757 0.564422 14.492460
v 3.440456 0.562185 14.499685
v 4.079319 0.587351 14.500192
v 4.057223 0.590147 14.548253
v 4.057418 0.578403 14.566184
v 4.056620 0.562185 14.492969
v 4.079856 0.597976 14.549500
v 4.080117 0.583436 14.573408
v 3.418849 0.559948 14.592572
v 3.441368 0.558270 14.583361
v 3.417741 0.537579 14.490966
v 3.440456 0.539816 14.499685
v 4.079156 0.564422 14.485250
v 4.057532 0.558270 14.576644
v 4.056620 0.539816 14.492969
v 4.080247 0.559948 14.585361
v 3.418832 0.533105 14.591078
v 3.441368 0.535901 14.583361
v 3.417871 0.514091 14.502920
v 3.440554 0.519683 14.508650
v 4.079140 0.537579 14.483755
v 4.057532 0.535901 14.576644
v 4.056718 0.519683 14.501933
v 4.080231 0.533105 14.583867
v 3.418669 0.510736 14.576136
v 3.441238 0.516887 14.571406
v 3.418115 0.499551 14.525333
v 3.440766 0.507380 14.528074
v 4.079270 0.514091 14.495709
v 4.057402 0.516887 14.564690
v 4.056930 0.507380 14.521358
v 4.080068 0.510736 14.568925
v 3.418409 0.498433 14.552229
v 3.441010 0.506262 14.550488
v 4.079515 0.499551 14.518123
v 4.057174 0.506262 14.543772
v 4.079808 0.498433 14.545018
v 3.438607 0.599654 16.405037
v 3.461208 0.591265 16.403296
v 3.438867 0.587351 16.428944
v 3.461420 0.581199 16.422720
v 3.438313 0.597976 16.378141
v 3.460964 0.590147 16.380882
v 4.077372 0.591265 16.396580
v 4.077584 0.581199 16.416004
v 4.077127 0.590147 16.374165
v 4.100006 0.599654 16.397827
v 4.100266 0.587351 16.421734
v 3.439030 0.564422 16.443886
v 3.461550 0.562185 16.434673
v 3.438313 0.597976 16.378141
v 3.438069 0.583436 16.355728
v 3.460964 0.590147 16.380882
v 3.460752 0.578403 16.361458
v 4.099712 0.597976 16.370930
v 4.077714 0.562185 16.427956
v 4.077127 0.590147 16.374165
v 4.076916 0.578403 16.354740
v 4.100429 0.564422 16.436676
v 3.439047 0.537579 16.445381
v 3.461566 0.539816 16.436169
v 3.437939 0.559948 16.343775
v 3.460638 0.558270 16.350998
v 4.099712 0.597976 16.370930
v 4.099468 0.583436 16.348518
v 4.077730 0.539816 16.429451
v 4.076802 0.558270 16.344280
v 4.100446 0.537579 16.438169
v 3.438900 0.514091 16.431931
v 3.461452 0.519683 16.425709
v 3.437955 0.533105 16.345268
v 3.460654 0.535901 16.352493
v 4.099338 0.559948 16.336563
v 4.077616 0.519683 16.418991
v 4.076818 0.535901 16.345776
v 4.100299 0.514091 16.424721
v 3.438656 0.499551 16.409519
v 3.461257 0.507380 16.407778
v 3.438102 0.510736 16.358715
v 3.460784 0.516887 16.364447
v 4.099354 0.533105 16.338058
v 4.077421 0.507380 16.401062
v 4.076948 0.516887 16.357731
v 4.100055 0.499551 16.402309
v 3.438362 0.498433 16.382624
v 3.461013 0.506262 16.385365
v 4.099501 0.510736 16.351505
v 4.077177 0.506262 16.378647
v 4.099761 0.498433 16.375412
v 3.874463 1.101285 16.962172
v 3.635646 1.101285 13.967053
v 3.434674 1.101285 13.969244
v 3.467349 1.101285 16.966610
v 3.434674 1.101285 13.969244
v 3.668321 1.101285 16.964418
v 3.467349 1.101285 16.966610
v 3.844113 1.101285 17.023769
v 3.700007 1.101285 17.025341
v 3.811438 0.051606 14.026406
v 3.811437 1.101285 14.026406
v 3.841788 1.101285 13.964807
v 3.667332 0.051606 14.027977
v 3.667332 1.101285 14.027977
v 3.874463 0.004071 16.962172
v 3.841788 0.004071 13.964807
v 3.844113 0.051606 17.023769
v 3.844113 1.101285 17.023769
v 3.467349 0.004071 16.966610
v 3.434674 0.004071 13.969244
v 3.668321 0.004071 16.964418
v 3.635646 0.004071 13.967053
v 3.434674 0.004071 13.969244
v 3.467349 0.004071 16.966610
v 3.700007 0.051606 17.025341
v 3.700007 1.101285 17.025341
v 3.700007 0.051606 17.025341
v 3.844113 0.051606 17.023769
v 3.861921 1.101285 15.811638
v 3.862426 1.148820 15.857958
v 3.873502 1.101285 16.874014
v 3.873013 1.148820 16.829187
v 3.861921 1.101285 15.811638
v 3.655779 1.101285 15.813885
v 3.656284 1.148820 15.860205
v 3.666872 1.148820 16.831434
v 3.873502 1.101285 16.874014
v 3.667360 1.101285 16.876261
v 3.655779 1.101285 15.813885
v 3.667360 1.101285 16.876261
v 3.854330 1.101285 15.115340
v 3.853825 1.148820 15.069020
v 3.648188 1.101285 15.117587
v 3.647683 1.148820 15.071267
v 3.648188 1.101285 15.117587
v 3.636591 1.101285 14.053718
v 3.637096 1.148820 14.100038
v 3.854330 1.101285 15.115340
v 3.842732 1.101285 14.051471
v 3.843237 1.148820 14.097791
v 3.842732 1.101285 14.051471
v 3.636591 1.101285 14.053718
v 3.667332 1.101285 14.027977
v 3.811437 1.101285 14.026406
v 3.841788 1.101285 13.964807
v 3.635646 1.101285 13.967053
v 4.080247 0.559948 14.585361
v 4.099338 0.559948 16.336563
v 4.080231 0.533105 14.583867
v 4.099354 0.533105 16.338058
v 4.099501 0.510736 16.351505
v 4.080068 0.510736 14.568925
v 4.099468 0.583436 16.348518
v 4.080117 0.583436 14.573408
v 3.438102 0.510736 16.358715
v 3.418669 0.510736 14.576136
v 3.418832 0.533105 14.591078
v 3.437955 0.533105 16.345268
v 3.437939 0.559948 16.343775
v 3.418849 0.559948 14.592572
v 3.418718 0.583436 14.580619
v 3.438069 0.583436 16.355728
vn 0.0655 0.0038 0.9978
vn 0.0087 -0.0000 1.0000
vn -0.0655 -0.0000 -0.9979
vn -0.0087 -0.0000 -1.0000
vn 0.0131 -0.0000 0.9999
vn -0.0437 0.0038 0.9990
vn 0.0437 -0.0000 -0.9990
vn 0.0022 -1.0000 -0.0000
vn 0.0022 1.0000 -0.0000
vn -0.0015 0.9982 0.0604
vn -0.2060 0.9786 -0.0016
vn 0.0020 0.9999 -0.0151
vn 0.1973 0.9803 -0.0022
vn 0.1975 0.9803 -0.0022
vn 0.0021 1.0000 -0.0076
vn -0.2060 0.9786 -0.0015
vn 0.0024 0.9999 0.0151
vn 0.0015 0.9982 -0.0604
vn 0.0023 1.0000 0.0076
vn 0.1974 0.9803 -0.0022
vn 0.9999 -0.0000 -0.0109
vn -0.9999 -0.0000 0.0109
vn -0.3423 -0.9171 0.2042
vn -0.0130 -0.9760 0.2174
vn -0.3476 -0.8947 -0.2805
vn -0.0186 -0.9523 -0.3045
vn -0.3376 -0.6945 0.6354
vn -0.0080 -0.7383 0.6744
vn 0.0177 -0.9760 0.2170
vn 0.0120 -0.9524 -0.3048
vn 0.0227 -0.7383 0.6741
vn 0.3466 -0.9176 0.1946
vn 0.3414 -0.8942 -0.2895
vn -0.3476 -0.8947 -0.2807
vn -0.3520 -0.6331 -0.6894
vn -0.0234 -0.6743 -0.7381
vn -0.3347 -0.2862 0.8978
vn -0.0049 -0.3047 0.9524
vn 0.3513 -0.6963 0.6259
vn 0.0120 -0.9523 -0.3049
vn 0.0073 -0.6734 -0.7392
vn 0.0257 -0.3046 0.9521
vn 0.3414 -0.8942 -0.2896
vn 0.3369 -0.6324 -0.6975
vn -0.3545 -0.2023 -0.9129
vn -0.0260 -0.2172 -0.9758
vn -0.3345 0.1986 0.9212
vn -0.0047 0.2172 0.9761
vn 0.3543 -0.2822 0.8916
vn 0.0047 -0.2172 -0.9761
vn 0.0260 0.2172 0.9758
vn 0.3345 -0.2020 -0.9205
vn -0.3542 0.2825 -0.8915
vn -0.0257 0.3047 -0.9521
vn -0.3369 0.6303 0.6994
vn -0.0073 0.6743 0.7385
vn 0.3545 0.2020 0.9130
vn 0.0049 0.3046 -0.9525
vn 0.0234 0.6743 0.7381
vn 0.3347 0.2822 -0.8991
vn -0.3514 0.6919 -0.6307
vn -0.0227 0.7384 -0.6740
vn -0.3414 0.8935 0.2917
vn -0.0120 0.9523 0.3048
vn 0.3521 0.6324 0.6900
vn 0.0080 0.7383 -0.6744
vn 0.0187 0.9523 0.3045
vn 0.3376 0.6963 -0.6334
vn -0.3467 0.9163 -0.2004
vn -0.0177 0.9760 -0.2170
vn 0.3476 0.8943 0.2818
vn 0.0130 0.9760 -0.2174
vn 0.3423 0.9176 -0.2021
vn -0.3467 -0.9163 -0.2004
vn -0.0177 -0.9760 -0.2171
vn -0.3514 -0.6919 -0.6307
vn -0.0227 -0.7383 -0.6741
vn -0.3414 -0.8936 0.2916
vn -0.0120 -0.9524 0.3047
vn 0.0130 -0.9760 -0.2174
vn 0.0080 -0.7384 -0.6744
vn 0.0187 -0.9524 0.3044
vn 0.3423 -0.9176 -0.2021
vn 0.3367 -0.6965 -0.6337
vn -0.3530 -0.2828 -0.8919
vn -0.0257 -0.3047 -0.9521
vn -0.3414 -0.8935 0.2918
vn -0.3369 -0.6303 0.6995
vn -0.0120 -0.9523 0.3049
vn -0.0073 -0.6743 0.7384
vn 0.3476 -0.8942 0.2820
vn 0.0048 -0.3071 -0.9517
vn 0.0186 -0.9523 0.3046
vn 0.0234 -0.6743 0.7381
vn 0.3347 -0.2822 -0.8991
vn -0.3545 0.2023 -0.9129
vn -0.0260 0.2173 -0.9758
vn -0.3345 -0.1987 0.9212
vn -0.0047 -0.2173 0.9761
vn 0.3476 -0.8942 0.2821
vn 0.3520 -0.6325 0.6900
vn 0.0047 0.2172 -0.9761
vn 0.0260 -0.2172 0.9758
vn 0.3345 0.2021 -0.9205
vn -0.3521 0.6331 -0.6894
vn -0.0234 0.6743 -0.7381
vn -0.3347 0.2861 0.8978
vn -0.0050 0.3047 0.9524
vn 0.3545 -0.2021 0.9130
vn 0.0073 0.6743 -0.7384
vn 0.0257 0.3047 0.9521
vn 0.3369 0.6325 -0.6975
vn -0.3476 0.8947 -0.2806
vn -0.0187 0.9523 -0.3045
vn -0.3376 0.6944 0.6354
vn -0.0080 0.7383 0.6744
vn 0.3542 0.2821 0.8916
vn 0.0120 0.9523 -0.3049
vn 0.0227 0.7384 0.6740
vn 0.3414 0.8942 -0.2895
vn -0.3423 0.9171 0.2042
vn -0.0130 0.9760 0.2174
vn 0.3514 0.6963 0.6259
vn 0.0177 0.9760 0.2170
vn 0.3466 0.9176 0.1946
vn 0.5903 0.8072 -0.0064
vn 0.5850 0.0038 0.8110
vn 0.0567 0.0037 0.9984
vn 0.5671 -0.0000 -0.8237
vn 0.5671 -0.0000 -0.8236
vn 0.0349 -0.0000 -0.9994
vn 0.0502 -0.9987 0.0013
vn 0.5903 -0.8072 -0.0064
vn 0.5902 -0.8072 -0.0064
vn -0.0611 -0.0000 -0.9981
vn -0.2062 0.9785 -0.0016
vn -0.2062 0.9785 -0.0015
vn -0.5902 0.8072 0.0083
vn -0.0393 0.0038 0.9992
vn -0.8995 -0.0000 -0.4370
vn -0.8995 -0.0000 -0.4369
vn 0.8897 -0.0000 -0.4565
vn 0.8898 -0.0000 -0.4564
vn -0.0022 -1.0000 -0.0000
vn 0.8994 -0.0038 0.4370
vn -0.0502 -0.9987 0.0024
vn -0.5850 -0.0000 -0.8111
vn -0.5672 -0.0000 0.8236
vn -0.8897 -0.0038 0.4565
vn -0.0501 -0.9987 0.0023
vn -0.5903 -0.8072 0.0083
vn -0.0501 -0.9987 0.0024
vn -0.5902 -0.8072 0.0083
vn 0.0021 1.0000 -0.0075
vn -0.0002 0.9999 -0.0149
vn 0.0016 0.9990 -0.0452
vn 0.0017 0.9990 -0.0452
vn 0.0027 0.9990 0.0453
vn 0.0017 0.9990 -0.0453
vn 0.0027 0.9990 0.0452
vn 0.0026 0.9990 0.0452
vn 0.0007 0.9982 0.0602
vn -0.0015 0.9982 0.0603
vn 0.0001 1.0000 0.0074
vn 0.0027 0.9990 0.0451
vn 0.0024 0.9999 0.0150
vn 0.0024 0.9999 0.0149
vn 0.0015 0.9982 -0.0603
vn -0.0007 0.9982 -0.0603
vn 0.0350 -0.0000 -0.9994
vn -0.0022 1.0000 -0.0000
vt 0.233580 0.098070
vt 0.227190 0.070290
vt 0.233580 0.070290
vt 0.233580 0.587030
vt 0.227190 0.560230
vt 0.233580 0.560230
vt 0.227190 0.032660
vt 0.233460 0.005860
vt 0.233580 0.032660
vt 0.233580 0.494810
vt 0.233580 0.522600
vt 0.227190 0.522600
vt 0.267600 0.098070
vt 0.271700 0.486610
vt 0.267600 0.494810
vt 0.290750 0.486610
vt 0.294860 0.098070
vt 0.294860 0.494810
vt 0.032520 0.098070
vt 0.032520 0.109670
vt 0.005860 0.098070
vt 0.032520 0.250340
vt 0.059770 0.109670
vt 0.059770 0.098070
vt 0.087520 0.098070
vt 0.059770 0.250340
vt 0.005860 0.494810
vt 0.032520 0.342550
vt 0.032520 0.483220
vt 0.059770 0.483220
vt 0.059770 0.342550
vt 0.087400 0.494810
vt 0.167610 0.175740
vt 0.167480 0.172240
vt 0.230570 0.100920
vt 0.165550 0.169280
vt 0.162420 0.167640
vt 0.158920 0.167860
vt 0.155910 0.169720
vt 0.090410 0.101030
vt 0.154340 0.172890
vt 0.167480 0.420650
vt 0.167610 0.417040
vt 0.230570 0.491860
vt 0.165550 0.423600
vt 0.162420 0.425250
vt 0.155910 0.423170
vt 0.158920 0.425030
vt 0.090410 0.491860
vt 0.154340 0.419990
vt 0.154460 0.416490
vt 0.154460 0.176390
vt 0.647300 0.826470
vt 0.647050 0.822860
vt 0.711700 0.898890
vt 0.645610 0.829650
vt 0.642590 0.831500
vt 0.633910 0.823520
vt 0.634030 0.827020
vt 0.570340 0.898890
vt 0.635960 0.830080
vt 0.639090 0.831720
vt 0.634030 0.576640
vt 0.633910 0.580250
vt 0.570340 0.504770
vt 0.635960 0.573680
vt 0.639090 0.572040
vt 0.647050 0.580900
vt 0.647300 0.577290
vt 0.711700 0.504880
vt 0.645610 0.574120
vt 0.642590 0.572150
vt 0.655860 0.009140
vt 0.652840 0.009360
vt 0.655500 0.005860
vt 0.652600 0.006410
vt 0.655860 0.012310
vt 0.652840 0.012310
vt 0.570580 0.009250
vt 0.570700 0.006410
vt 0.570460 0.012310
vt 0.567570 0.009030
vt 0.567930 0.005860
vt 0.655380 0.042610
vt 0.652480 0.042070
vt 0.655620 0.039330
vt 0.652600 0.039110
vt 0.655740 0.015380
vt 0.652840 0.015380
vt 0.567570 0.012200
vt 0.570580 0.042070
vt 0.570460 0.039110
vt 0.570460 0.015270
vt 0.567810 0.042500
vt 0.567450 0.039330
vt 0.655620 0.036270
vt 0.652720 0.036160
vt 0.655740 0.018330
vt 0.652840 0.018330
vt 0.567570 0.015270
vt 0.570460 0.036160
vt 0.570460 0.018220
vt 0.567450 0.036160
vt 0.655620 0.033210
vt 0.652720 0.033210
vt 0.655620 0.021280
vt 0.652840 0.021280
vt 0.567570 0.018220
vt 0.570340 0.033100
vt 0.570460 0.021170
vt 0.567450 0.033100
vt 0.655620 0.030140
vt 0.652720 0.030140
vt 0.655620 0.024240
vt 0.652720 0.024240
vt 0.567570 0.021170
vt 0.570460 0.030140
vt 0.570460 0.024130
vt 0.567570 0.030030
vt 0.655620 0.027190
vt 0.652720 0.027190
vt 0.567570 0.024130
vt 0.570460 0.027190
vt 0.567570 0.027080
vt 0.993830 0.535290
vt 0.990810 0.535070
vt 0.993830 0.532120
vt 0.990810 0.532120
vt 0.993580 0.538570
vt 0.990690 0.538020
vt 0.908310 0.535070
vt 0.908310 0.532120
vt 0.908550 0.538020
vt 0.905290 0.535290
vt 0.905410 0.532120
vt 0.993700 0.529050
vt 0.990810 0.529050
vt 0.993340 0.501920
vt 0.993580 0.505100
vt 0.990450 0.502360
vt 0.990570 0.505320
vt 0.905530 0.538570
vt 0.908310 0.529050
vt 0.908670 0.502360
vt 0.908550 0.505320
vt 0.905410 0.529050
vt 0.993700 0.526100
vt 0.990810 0.526100
vt 0.993700 0.508160
vt 0.990690 0.508270
vt 0.905900 0.501920
vt 0.905530 0.505100
vt 0.908310 0.526100
vt 0.908430 0.508270
vt 0.905530 0.526100
vt 0.993580 0.523150
vt 0.990810 0.523150
vt 0.993580 0.511220
vt 0.990690 0.511220
vt 0.905530 0.508270
vt 0.908430 0.523150
vt 0.908430 0.511220
vt 0.905530 0.523150
vt 0.993580 0.520190
vt 0.990810 0.520190
vt 0.993580 0.514290
vt 0.990690 0.514290
vt 0.905530 0.511220
vt 0.908430 0.520190
vt 0.908430 0.514290
vt 0.905530 0.520190
vt 0.993580 0.517240
vt 0.990690 0.517240
vt 0.905530 0.514290
vt 0.908430 0.517240
vt 0.905530 0.517240
vt 0.087520 0.070290
vt 0.087400 0.560340
vt 0.087400 0.587140
vt 0.714720 0.501920
vt 0.714720 0.901730
vt 0.087400 0.032660
vt 0.087400 0.005860
vt 0.055670 0.089980
vt 0.036620 0.089980
vt 0.227190 0.531790
vt 0.087400 0.531900
vt 0.087400 0.522600
vt 0.227190 0.551040
vt 0.087400 0.551150
vt 0.261200 0.098070
vt 0.261200 0.494810
vt 0.227190 0.061100
vt 0.087400 0.061100
vt 0.327780 0.098070
vt 0.327780 0.494810
vt 0.301250 0.098070
vt 0.301250 0.494810
vt 0.567450 0.901840
vt 0.567450 0.501920
vt 0.227190 0.041850
vt 0.087400 0.041850
vt 0.290750 0.089870
vt 0.271700 0.089870
vt 0.512080 0.737210
vt 0.505810 0.731200
vt 0.512080 0.596980
vt 0.505810 0.602890
vt 0.505810 0.739840
vt 0.478550 0.739840
vt 0.478550 0.731200
vt 0.478550 0.602890
vt 0.505810 0.594250
vt 0.478550 0.594250
vt 0.472280 0.737210
vt 0.472280 0.596870
vt 0.039390 0.501920
vt 0.039390 0.510570
vt 0.012130 0.501920
vt 0.012130 0.510570
vt 0.005860 0.504660
vt 0.005860 0.644890
vt 0.012130 0.638880
vt 0.045660 0.504660
vt 0.045660 0.644890
vt 0.039390 0.638880
vt 0.039390 0.647630
vt 0.012130 0.647630
vt 0.036500 0.486610
vt 0.055670 0.486610
vt 0.059770 0.494810
vt 0.032390 0.494810
vt 0.159520 0.411900
vt 0.159520 0.180990
vt 0.163020 0.412010
vt 0.163020 0.180770
vt 0.166040 0.178910
vt 0.166040 0.413980
vt 0.156390 0.179350
vt 0.156390 0.413540
vt 0.635470 0.583420
vt 0.635470 0.820350
vt 0.638490 0.818380
vt 0.638490 0.585280
vt 0.641990 0.585500
vt 0.641990 0.818270
vt 0.645240 0.819910
vt 0.645240 0.583860
v 4.050811 0.004071 13.960073
v 3.841761 0.051606 13.962353
v 3.841761 0.004071 13.962353
v 3.401972 0.004071 10.969425
v 3.602944 0.051606 10.967235
v 3.602944 0.004071 10.967235
v 3.635619 0.051606 13.964600
v 3.434647 0.004071 13.966790
v 3.635619 0.004071 13.964600
v 4.018136 0.004071 10.962708
v 3.809086 0.004071 10.964988
v 3.809086 0.051606 10.964988
v 3.841761 0.051606 13.962353
v 3.778735 0.051606 11.026587
v 3.809086 0.051606 10.964988
v 3.634630 0.051606 11.028158
v 3.635619 0.051606 13.964600
v 3.602944 0.051606 10.967235
v 3.635619 1.101285 13.964600
v 3.634658 1.101285 13.876442
v 3.434647 1.101285 13.966790
v 3.623077 1.101285 12.814066
v 3.840800 1.101285 13.874195
v 3.841761 1.101285 13.962353
v 4.050811 1.101285 13.960073
v 3.829218 1.101285 12.811819
v 3.401972 1.101285 10.969425
v 3.615486 1.101285 12.117768
v 3.603889 1.101285 11.053898
v 3.810030 1.101285 11.051651
v 3.821628 1.101285 12.115521
v 4.018136 1.101285 10.962708
v 4.067060 0.498433 13.375593
v 4.067352 0.499551 13.402490
v 4.073249 0.020289 13.943390
v 4.067597 0.514091 13.424902
v 4.067743 0.537579 13.438351
v 4.067727 0.564422 13.436856
v 4.067564 0.587351 13.421914
v 4.073249 1.084508 13.943390
v 4.067304 0.599654 13.398007
v 4.046813 0.499551 11.518304
v 4.047106 0.498433 11.545199
v 4.040932 0.020289 10.978898
v 4.046568 0.514091 11.495891
v 4.046438 0.537579 11.483936
v 4.046617 0.587351 11.500373
v 4.046454 0.564422 11.485431
v 4.040932 1.084508 10.978898
v 4.046878 0.599654 11.524281
v 4.047154 0.597976 11.549682
v 4.067010 0.597976 13.371112
v 3.385478 0.599654 11.531491
v 3.385756 0.597976 11.556892
v 3.379533 1.084508 10.986109
v 3.385218 0.587351 11.507584
v 3.385055 0.564422 11.492641
v 3.385707 0.498433 11.552410
v 3.385413 0.499551 11.525515
v 3.379533 0.020289 10.986109
v 3.385169 0.514091 11.503101
v 3.385039 0.537579 11.491147
v 3.405954 0.499551 13.409700
v 3.405660 0.498433 13.382804
v 3.411850 0.020289 13.950601
v 3.406198 0.514091 13.432113
v 3.406344 0.537579 13.445561
v 3.405612 0.597976 13.378323
v 3.405905 0.599654 13.405218
v 3.411850 1.084508 13.950601
v 3.406165 0.587351 13.429125
v 3.406328 0.564422 13.444067
v 3.385478 0.599654 11.531491
v 3.408113 0.591265 11.532739
v 3.385756 0.597976 11.556892
v 3.408357 0.590147 11.555151
v 3.385218 0.587351 11.507584
v 3.407884 0.581199 11.511820
v 4.024276 0.591265 11.526022
v 4.024521 0.590147 11.548434
v 4.024048 0.581199 11.505103
v 4.046878 0.599654 11.524281
v 4.047154 0.597976 11.549682
v 3.385756 0.597976 11.556892
v 3.408357 0.590147 11.555151
v 3.386016 0.583436 11.580800
v 3.408552 0.578403 11.573082
v 3.385055 0.564422 11.492641
v 3.407754 0.562185 11.499866
v 4.046617 0.587351 11.500373
v 4.024521 0.590147 11.548434
v 4.024716 0.578403 11.566365
v 4.023918 0.562185 11.493150
v 4.047154 0.597976 11.549682
v 4.047415 0.583436 11.573589
v 3.386147 0.559948 11.592753
v 3.408666 0.558270 11.583542
v 3.385039 0.537579 11.491147
v 3.407754 0.539816 11.499866
v 4.046454 0.564422 11.485431
v 4.024830 0.558270 11.576825
v 4.023918 0.539816 11.493150
v 4.047545 0.559948 11.585543
v 3.386130 0.533105 11.591259
v 3.408666 0.535901 11.583542
v 3.385169 0.514091 11.503101
v 3.407852 0.519683 11.508831
v 4.046438 0.537579 11.483936
v 4.024830 0.535901 11.576825
v 4.024016 0.519683 11.502114
v 4.047529 0.533105 11.584048
v 3.385967 0.510736 11.576317
v 3.408536 0.516887 11.571588
v 3.385413 0.499551 11.525515
v 3.408064 0.507380 11.528255
v 4.046568 0.514091 11.495891
v 4.024700 0.516887 11.564871
v 4.024228 0.507380 11.521539
v 4.047366 0.510736 11.569106
v 3.385707 0.498433 11.552410
v 3.408308 0.506262 11.550670
v 4.046813 0.499551 11.518304
v 4.024472 0.506262 11.543953
v 4.047106 0.498433 11.545199
v 3.405905 0.599654 13.405218
v 3.428506 0.591265 13.403477
v 3.406165 0.587351 13.429125
v 3.428718 0.581199 13.422901
v 3.405612 0.597976 13.378323
v 3.428262 0.590147 13.381063
v 4.044670 0.591265 13.396760
v 4.044882 0.581199 13.416184
v 4.044425 0.590147 13.374347
v 4.067304 0.599654 13.398007
v 4.067564 0.587351 13.421914
v 3.406328 0.564422 13.444067
v 3.428848 0.562185 13.434855
v 3.405612 0.597976 13.378323
v 3.405367 0.583436 13.355909
v 3.428262 0.590147 13.381063
v 3.428050 0.578403 13.361639
v 4.067010 0.597976 13.371112
v 4.045012 0.562185 13.428138
v 4.044425 0.590147 13.374347
v 4.044214 0.578403 13.354922
v 4.067727 0.564422 13.436856
v 3.406344 0.537579 13.445561
v 3.428864 0.539816 13.436349
v 3.405237 0.559948 13.343956
v 3.427936 0.558270 13.351179
v 4.067010 0.597976 13.371112
v 4.066766 0.583436 13.348699
v 4.045028 0.539816 13.429632
v 4.044100 0.558270 13.344462
v 4.067743 0.537579 13.438351
v 3.406198 0.514091 13.432113
v 3.428750 0.519683 13.425890
v 3.405253 0.533105 13.345449
v 3.427952 0.535901 13.352674
v 4.066636 0.559948 13.336745
v 4.044914 0.519683 13.419173
v 4.044116 0.535901 13.345957
v 4.067597 0.514091 13.424902
v 3.405954 0.499551 13.409700
v 3.428555 0.507380 13.407959
v 3.405400 0.510736 13.358897
v 3.428082 0.516887 13.364628
v 4.066652 0.533105 13.338239
v 4.044719 0.507380 13.401242
v 4.044247 0.516887 13.357911
v 4.067352 0.499551 13.402490
v 3.405660 0.498433 13.382804
v 3.428311 0.506262 13.385546
v 4.066799 0.510736 13.351686
v 4.044475 0.506262 13.378829
v 4.067060 0.498433 13.375593
v 3.841761 1.101285 13.962353
v 3.602944 1.101285 10.967235
v 3.401972 1.101285 10.969425
v 3.434647 1.101285 13.966790
v 3.401972 1.101285 10.969425
v 3.635619 1.101285 13.964600
v 3.434647 1.101285 13.966790
v 3.811411 1.101285 14.023952
v 3.667305 1.101285 14.025522
v 3.778735 0.051606 11.026587
v 3.778735 1.101285 11.026587
v 3.809086 1.101285 10.964988
v 3.634630 0.051606 11.028158
v 3.634630 1.101285 11.028158
v 3.841761 0.004071 13.962353
v 3.809086 0.004071 10.964988
v 3.811411 0.051606 14.023952
v 3.811411 1.101285 14.023952
v 3.434647 0.004071 13.966790
v 3.401972 0.004071 10.969425
v 3.635619 0.004071 13.964600
v 3.602944 0.004071 10.967235
v 3.401972 0.004071 10.969425
v 3.434647 0.004071 13.966790
v 3.667305 0.051606 14.025522
v 3.667305 1.101285 14.025522
v 3.667305 0.051606 14.025522
v 3.811411 0.051606 14.023952
v 3.829218 1.101285 12.811819
v 3.829723 1.148820 12.858139
v 3.840800 1.101285 13.874195
v 3.840311 1.148820 13.829369
v 3.829218 1.101285 12.811819
v 3.623077 1.101285 12.814066
v 3.623582 1.148820 12.860386
v 3.634169 1.148820 13.831615
v 3.840800 1.101285 13.874195
v 3.634658 1.101285 13.876442
v 3.623077 1.101285 12.814066
v 3.634658 1.101285 13.876442
v 3.821628 1.101285 12.115521
v 3.821123 1.148820 12.069201
v 3.615486 1.101285 12.117768
v 3.614981 1.148820 12.071448
v 3.615486 1.101285 12.117768
v 3.603889 1.101285 11.053898
v 3.604393 1.148820 11.100219
v 3.821628 1.101285 12.115521
v 3.810030 1.101285 11.051651
v 3.810535 1.148820 11.097972
v 3.810030 1.101285 11.051651
v 3.603889 1.101285 11.053898
v 3.634630 1.101285 11.028158
v 3.778735 1.101285 11.026587
v 3.809086 1.101285 10.964988
v 3.602944 1.101285 10.967235
v 4.047545 0.559948 11.585543
v 4.066636 0.559948 13.336745
v 4.047529 0.533105 11.584048
v 4.066652 0.533105 13.338239
v 4.066799 0.510736 13.351686
v 4.047366 0.510736 11.569106
v 4.066766 0.583436 13.348699
v 4.047415 0.583436 11.573589
v 3.405400 0.510736 13.358897
v 3.385967 0.510736 11.576317
v 3.386130 0.533105 11.591259
v 3.405253 0.533105 13.345449
v 3.405237 0.559948 13.343956
v 3.386147 0.559948 11.592753
v 3.386016 0.583436 11.580800
v 3.405367 0.583436 13.355909
vn 0.0655 0.0038 0.9978
vn 0.0087 -0.0000 1.0000
vn -0.0655 -0.0000 -0.9979
vn -0.0087 -0.0000 -1.0000
vn 0.0131 -0.0000 0.9999
vn -0.0437 0.0038 0.9990
vn 0.0437 -0.0000 -0.9990
vn 0.0022 -1.0000 -0.0000
vn 0.0022 1.0000 -0.0000
vn 0.0029 0.9982 0.0603
vn -0.2060 0.9786 -0.0016
vn -0.0024 0.9999 -0.0151
vn -0.0015 0.9982 0.0604
vn 0.1973 0.9803 -0.0022
vn 0.1975 0.9803 -0.0022
vn 0.0021 1.0000 -0.0076
vn -0.2060 0.9786 -0.0015
vn -0.0020 0.9999 0.0151
vn 0.0015 0.9982 -0.0604
vn -0.0029 0.9982 -0.0603
vn 0.0023 1.0000 0.0076
vn 0.1974 0.9803 -0.0022
vn 0.9999 -0.0000 -0.0109
vn -0.9999 -0.0000 0.0109
vn -0.3423 -0.9171 0.2042
vn -0.0130 -0.9760 0.2174
vn -0.3476 -0.8947 -0.2805
vn -0.0186 -0.9523 -0.3045
vn -0.3376 -0.6945 0.6354
vn -0.0080 -0.7383 0.6744
vn 0.0177 -0.9760 0.2171
vn 0.0120 -0.9524 -0.3048
vn 0.0227 -0.7383 0.6741
vn 0.3466 -0.9176 0.1946
vn 0.3414 -0.8942 -0.2895
vn -0.3476 -0.8947 -0.2806
vn -0.0186 -0.9523 -0.3046
vn -0.3521 -0.6331 -0.6894
vn -0.0234 -0.6743 -0.7381
vn -0.3347 -0.2862 0.8978
vn -0.0050 -0.3047 0.9524
vn 0.3514 -0.6963 0.6259
vn 0.0120 -0.9523 -0.3049
vn 0.0073 -0.6734 -0.7392
vn 0.0257 -0.3046 0.9521
vn 0.3414 -0.8942 -0.2896
vn 0.3369 -0.6324 -0.6975
vn -0.3545 -0.2023 -0.9129
vn -0.0260 -0.2172 -0.9758
vn -0.3345 0.1986 0.9212
vn -0.0047 0.2172 0.9761
vn 0.3543 -0.2822 0.8915
vn 0.0047 -0.2172 -0.9761
vn 0.0260 0.2172 0.9758
vn 0.3345 -0.2020 -0.9205
vn -0.3542 0.2825 -0.8915
vn -0.0257 0.3047 -0.9521
vn -0.3369 0.6303 0.6994
vn -0.0073 0.6743 0.7385
vn 0.3545 0.2020 0.9130
vn 0.0050 0.3046 -0.9525
vn 0.0234 0.6743 0.7381
vn 0.3347 0.2822 -0.8991
vn -0.3514 0.6919 -0.6307
vn -0.0227 0.7383 -0.6740
vn -0.3414 0.8935 0.2917
vn -0.0120 0.9523 0.3048
vn 0.3521 0.6324 0.6900
vn 0.0080 0.7383 -0.6744
vn 0.0186 0.9523 0.3044
vn 0.3376 0.6963 -0.6334
vn -0.3467 0.9163 -0.2004
vn -0.0177 0.9760 -0.2170
vn 0.3476 0.8943 0.2818
vn 0.0130 0.9760 -0.2174
vn 0.3423 0.9176 -0.2021
vn -0.3467 -0.9163 -0.2004
vn -0.0177 -0.9760 -0.2171
vn -0.3514 -0.6919 -0.6307
vn -0.0227 -0.7383 -0.6741
vn -0.3414 -0.8936 0.2916
vn -0.0120 -0.9524 0.3047
vn 0.0130 -0.9760 -0.2174
vn 0.0080 -0.7384 -0.6744
vn 0.0187 -0.9524 0.3044
vn 0.3423 -0.9176 -0.2021
vn 0.3367 -0.6965 -0.6337
vn -0.3530 -0.2828 -0.8919
vn -0.0257 -0.3046 -0.9521
vn -0.3413 -0.8935 0.2918
vn -0.3369 -0.6303 0.6994
vn -0.0120 -0.9523 0.3049
vn -0.0073 -0.6743 0.7384
vn 0.3476 -0.8942 0.2820
vn 0.0048 -0.3071 -0.9517
vn 0.0186 -0.9523 0.3045
vn 0.0234 -0.6742 0.7381
vn 0.3347 -0.2822 -0.8991
vn -0.3545 0.2023 -0.9129
vn -0.0260 0.2173 -0.9758
vn -0.3345 -0.1987 0.9212
vn -0.0047 -0.2172 0.9761
vn 0.3476 -0.8942 0.2821
vn 0.3520 -0.6325 0.6900
vn 0.0047 0.2172 -0.9761
vn 0.0260 -0.2172 0.9758
vn 0.3345 0.2021 -0.9205
vn -0.3521 0.6331 -0.6894
vn -0.0234 0.6743 -0.7381
vn -0.3347 0.2861 0.8978
vn -0.0050 0.3047 0.9524
vn 0.3545 -0.2021 0.9130
vn 0.0073 0.6743 -0.7385
vn 0.0257 0.3047 0.9521
vn 0.3369 0.6325 -0.6975
vn -0.3476 0.8947 -0.2806
vn -0.0187 0.9523 -0.3045
vn -0.3376 0.6944 0.6354
vn -0.0080 0.7383 0.6744
vn 0.3542 0.2821 0.8916
vn 0.0120 0.9523 -0.3048
vn 0.0227 0.7384 0.6740
vn 0.3414 0.8942 -0.2895
vn -0.3423 0.9171 0.2042
vn -0.0130 0.9760 0.2174
vn 0.3514 0.6963 0.6259
vn 0.0177 0.9760 0.2170
vn 0.3466 0.9176 0.1946
vn 0.5903 0.8072 -0.0064
vn 0.5850 0.0038 0.8110
vn 0.0567 0.0037 0.9984
vn 0.5671 -0.0000 -0.8237
vn 0.5671 -0.0000 -0.8236
vn 0.0349 -0.0000 -0.9994
vn 0.0502 -0.9987 0.0013
vn 0.5902 -0.8072 -0.0064
vn -0.0611 -0.0000 -0.9981
vn -0.2062 0.9785 -0.0016
vn -0.2062 0.9785 -0.0015
vn -0.5902 0.8072 0.0083
vn -0.0393 0.0038 0.9992
vn -0.8995 -0.0000 -0.4370
vn -0.8995 -0.0000 -0.4369
vn 0.8897 -0.0000 -0.4565
vn 0.8898 -0.0000 -0.4564
vn -0.0022 -1.0000 -0.0000
vn 0.8994 -0.0038 0.4370
vn -0.0502 -0.9987 0.0024
vn -0.5850 -0.0000 -0.8111
vn -0.5672 -0.0000 0.8236
vn -0.8897 -0.0038 0.4565
vn -0.0501 -0.9987 0.0023
vn -0.5903 -0.8072 0.0083
vn -0.0501 -0.9987 0.0024
vn 0.0021 1.0000 -0.0075
vn -0.0002 0.9999 -0.0149
vn 0.0016 0.9990 -0.0452
vn 0.0017 0.9990 -0.0452
vn 0.0027 0.9990 0.0453
vn 0.0017 0.9990 -0.0453
vn 0.0027 0.9990 0.0452
vn 0.0026 0.9990 0.0452
vn 0.0007 0.9982 0.0602
vn 0.0029 0.9982 0.0602
vn 0.0001 1.0000 0.0075
vn 0.0027 0.9990 0.0451
vn -0.0020 0.9999 0.0150
vn -0.0029 0.9982 -0.0602
vn -0.0007 0.9982 -0.0603
vn 0.0350 -0.0000 -0.9994
vn -0.0022 1.0000 -0.0000
vt 0.890350 0.098070
vt 0.883980 0.070290
vt 0.890350 0.070290
vt 0.890350 0.587030
vt 0.883980 0.560230
vt 0.890350 0.560230
vt 0.883880 0.032660
vt 0.890240 0.005860
vt 0.890240 0.032660
vt 0.890350 0.494810
vt 0.890350 0.522600
vt 0.883980 0.522600
vt 0.924320 0.098070
vt 0.928420 0.486610
vt 0.924320 0.494810
vt 0.947510 0.486610
vt 0.951620 0.098070
vt 0.951620 0.494810
vt 0.689280 0.098070
vt 0.689280 0.109670
vt 0.662700 0.098070
vt 0.689280 0.250340
vt 0.716580 0.109670
vt 0.716580 0.098070
vt 0.744190 0.098070
vt 0.716580 0.250340
vt 0.662600 0.494810
vt 0.689280 0.342550
vt 0.689180 0.483220
vt 0.716480 0.483220
vt 0.716580 0.342550
vt 0.744190 0.494810
vt 0.824450 0.175740
vt 0.824250 0.172240
vt 0.887370 0.100920
vt 0.822400 0.169280
vt 0.819220 0.167640
vt 0.815730 0.167860
vt 0.812750 0.169720
vt 0.747170 0.101030
vt 0.811110 0.172890
vt 0.824250 0.420650
vt 0.824450 0.417040
vt 0.887370 0.491860
vt 0.822300 0.423600
vt 0.819220 0.425250
vt 0.812750 0.423170
vt 0.815630 0.425030
vt 0.747170 0.491860
vt 0.811110 0.419990
vt 0.811210 0.416490
vt 0.811320 0.176390
vt 0.318870 0.826470
vt 0.318770 0.822860
vt 0.383320 0.898890
vt 0.317230 0.829650
vt 0.314250 0.831500
vt 0.305530 0.823520
vt 0.305630 0.827020
vt 0.242000 0.898890
vt 0.307580 0.830080
vt 0.310660 0.831720
vt 0.305630 0.576640
vt 0.305530 0.580250
vt 0.242000 0.504770
vt 0.307580 0.573680
vt 0.310760 0.572040
vt 0.318770 0.580900
vt 0.318870 0.577290
vt 0.383320 0.504880
vt 0.317230 0.574120
vt 0.314250 0.572150
vt 0.984260 0.009140
vt 0.981180 0.009360
vt 0.983950 0.005860
vt 0.981080 0.006410
vt 0.984260 0.012310
vt 0.981280 0.012310
vt 0.898970 0.009250
vt 0.899070 0.006410
vt 0.898870 0.012310
vt 0.895990 0.009030
vt 0.896300 0.005860
vt 0.983750 0.042610
vt 0.980870 0.042070
vt 0.983950 0.039330
vt 0.980970 0.039110
vt 0.984160 0.015380
vt 0.981180 0.015380
vt 0.895990 0.012200
vt 0.899070 0.042070
vt 0.898870 0.039110
vt 0.898870 0.015270
vt 0.896200 0.042500
vt 0.895890 0.039330
vt 0.984050 0.036270
vt 0.981080 0.036160
vt 0.984050 0.018330
vt 0.981180 0.018330
vt 0.895990 0.015270
vt 0.898760 0.036160
vt 0.898870 0.018220
vt 0.895790 0.036160
vt 0.984050 0.033210
vt 0.981080 0.033210
vt 0.984050 0.021280
vt 0.981180 0.021280
vt 0.895990 0.018220
vt 0.898760 0.033100
vt 0.898870 0.021170
vt 0.895790 0.033100
vt 0.984050 0.030140
vt 0.981180 0.030140
vt 0.984050 0.024240
vt 0.981180 0.024240
vt 0.895990 0.021170
vt 0.898760 0.030140
vt 0.898870 0.024130
vt 0.895890 0.030030
vt 0.983950 0.027190
vt 0.981180 0.027190
vt 0.895990 0.024130
vt 0.898760 0.027190
vt 0.895990 0.027080
vt 0.984260 0.578600
vt 0.981280 0.578500
vt 0.984260 0.575430
vt 0.981280 0.575430
vt 0.984050 0.581890
vt 0.981180 0.581340
vt 0.898870 0.578500
vt 0.898760 0.575430
vt 0.898970 0.581450
vt 0.895790 0.578600
vt 0.895890 0.575430
vt 0.984260 0.572370
vt 0.981280 0.572480
vt 0.983850 0.545240
vt 0.984050 0.548410
vt 0.980970 0.545790
vt 0.981080 0.548630
vt 0.895990 0.581890
vt 0.898870 0.572480
vt 0.899170 0.545790
vt 0.899070 0.548630
vt 0.895890 0.572370
vt 0.984160 0.569420
vt 0.981280 0.569420
vt 0.984160 0.551590
vt 0.981180 0.551590
vt 0.896300 0.545240
vt 0.896090 0.548410
vt 0.898870 0.569420
vt 0.898970 0.551700
vt 0.895990 0.569420
vt 0.984160 0.566460
vt 0.981280 0.566460
vt 0.984160 0.554650
vt 0.981180 0.554650
vt 0.895990 0.551590
vt 0.898870 0.566460
vt 0.898970 0.554650
vt 0.895990 0.566460
vt 0.984050 0.563510
vt 0.981280 0.563510
vt 0.984050 0.557600
vt 0.981180 0.557600
vt 0.895990 0.554650
vt 0.898870 0.563510
vt 0.898870 0.557600
vt 0.895990 0.563510
vt 0.984050 0.560560
vt 0.981180 0.560560
vt 0.896090 0.557600
vt 0.898870 0.560560
vt 0.896090 0.560560
vt 0.744190 0.070290
vt 0.744190 0.560340
vt 0.744190 0.587140
vt 0.386300 0.501920
vt 0.386300 0.901730
vt 0.744190 0.032660
vt 0.744190 0.005860
vt 0.712480 0.089980
vt 0.693390 0.089980
vt 0.883980 0.531790
vt 0.744190 0.531900
vt 0.744190 0.522600
vt 0.883980 0.551040
vt 0.744190 0.551150
vt 0.917960 0.098070
vt 0.917960 0.494810
vt 0.883980 0.061100
vt 0.744190 0.061100
vt 0.984570 0.098070
vt 0.984570 0.494810
vt 0.957980 0.098070
vt 0.957980 0.494810
vt 0.239020 0.901840
vt 0.239020 0.501920
vt 0.883880 0.041850
vt 0.744190 0.041850
vt 0.947510 0.089870
vt 0.928420 0.089870
vt 0.183700 0.737210
vt 0.177440 0.731200
vt 0.183700 0.596980
vt 0.177440 0.602890
vt 0.177440 0.739840
vt 0.150140 0.739840
vt 0.150140 0.731200
vt 0.150240 0.602890
vt 0.177440 0.594250
vt 0.150240 0.594250
vt 0.143880 0.737210
vt 0.143880 0.596870
vt 0.553390 0.594250
vt 0.553390 0.602890
vt 0.526190 0.594250
vt 0.526190 0.602890
vt 0.519830 0.596870
vt 0.519830 0.737100
vt 0.526190 0.731200
vt 0.559650 0.596870
vt 0.559650 0.737100
vt 0.553390 0.731200
vt 0.553390 0.739840
vt 0.526190 0.739840
vt 0.693290 0.486610
vt 0.712480 0.486610
vt 0.716480 0.494810
vt 0.689180 0.494810
vt 0.816240 0.411900
vt 0.816350 0.180990
vt 0.819840 0.412010
vt 0.819840 0.180770
vt 0.822810 0.178910
vt 0.822810 0.413980
vt 0.813160 0.179350
vt 0.813160 0.413540
vt 0.307170 0.583420
vt 0.307170 0.820350
vt 0.310150 0.818380
vt 0.310150 0.585280
vt 0.313630 0.585500
vt 0.313630 0.818270
vt 0.316820 0.819910
vt 0.316820 0.583860
v 4.018109 0.004071 10.960254
v 3.809059 0.051606 10.962533
v 3.809059 0.004071 10.962533
v 3.369270 0.004071 7.969606
v 3.570242 0.051606 7.967415
v 3.570242 0.004071 7.967415
v 3.602917 0.051606 10.964780
v 3.401945 0.004071 10.966970
v 3.602917 0.004071 10.964780
v 3.985434 0.004071 7.962889
v 3.776384 0.004071 7.965168
v 3.776384 0.051606 7.965168
v 3.809059 0.051606 10.962533
v 3.746033 0.051606 8.026768
v 3.776384 0.051606 7.965168
v 3.601928 0.051606 8.028339
v 3.602917 0.051606 10.964780
v 3.570242 0.051606 7.967415
v 3.602917 1.101285 10.964780
v 3.601956 1.101285 10.876621
v 3.401945 1.101285 10.966970
v 3.590375 1.101285 9.814245
v 3.808098 1.101285 10.874374
v 3.809059 1.101285 10.962533
v 4.018109 1.101285 10.960254
v 3.796516 1.101285 9.811998
v 3.369270 1.101285 7.969606
v 3.582784 1.101285 9.117949
v 3.571187 1.101285 8.054079
v 3.777328 1.101285 8.051831
v 3.788926 1.101285 9.115702
v 3.985434 1.101285 7.962889
v 4.034357 0.498433 10.375774
v 4.034651 0.499551 10.402670
v 4.040547 0.020289 10.943570
v 4.034895 0.514091 10.425083
v 4.035041 0.537579 10.438531
v 4.035025 0.564422 10.437037
v 4.034863 0.587351 10.422095
v 4.040547 1.084508 10.943570
v 4.034602 0.599654 10.398188
v 4.014111 0.499551 8.518484
v 4.014403 0.498433 8.545380
v 4.008230 0.020289 7.979079
v 4.013866 0.514091 8.496072
v 4.013736 0.537579 8.484118
v 4.013915 0.587351 8.500555
v 4.013752 0.564422 8.485612
v 4.008230 1.084508 7.979079
v 4.014175 0.599654 8.524462
v 4.014452 0.597976 8.549862
v 4.034308 0.597976 10.371292
v 3.352777 0.599654 8.531672
v 3.353054 0.597976 8.557073
v 3.346831 1.084508 7.986289
v 3.352516 0.587351 8.507765
v 3.352353 0.564422 8.492823
v 3.353005 0.498433 8.552590
v 3.352711 0.499551 8.525695
v 3.346831 0.020289 7.986289
v 3.352467 0.514091 8.503283
v 3.352337 0.537579 8.491328
v 3.373251 0.499551 10.409881
v 3.372958 0.498433 10.382985
v 3.379148 0.020289 10.950781
v 3.373496 0.514091 10.432294
v 3.373642 0.537579 10.445742
v 3.372910 0.597976 10.378503
v 3.373203 0.599654 10.405398
v 3.379148 1.084508 10.950781
v 3.373463 0.587351 10.429306
v 3.373626 0.564422 10.444248
v 3.352777 0.599654 8.531672
v 3.375410 0.591265 8.532919
v 3.353054 0.597976 8.557073
v 3.375655 0.590147 8.555332
v 3.352516 0.587351 8.507765
v 3.375182 0.581199 8.512000
v 3.991574 0.591265 8.526202
v 3.991819 0.590147 8.548615
v 3.991346 0.581199 8.505283
v 4.014175 0.599654 8.524462
v 4.014452 0.597976 8.549862
v 3.353054 0.597976 8.557073
v 3.375655 0.590147 8.555332
v 3.353314 0.583436 8.580980
v 3.375850 0.578403 8.573262
v 3.352353 0.564422 8.492823
v 3.375052 0.562185 8.500046
v 4.013915 0.587351 8.500555
v 3.991819 0.590147 8.548615
v 3.992014 0.578403 8.566545
v 3.991216 0.562185 8.493330
v 4.014452 0.597976 8.549862
v 4.014713 0.583436 8.573771
v 3.353444 0.559948 8.592934
v 3.375964 0.558270 8.583721
v 3.352337 0.537579 8.491328
v 3.375052 0.539816 8.500046
v 4.013752 0.564422 8.485612
v 3.992128 0.558270 8.577005
v 3.991216 0.539816 8.493330
v 4.014843 0.559948 8.585724
v 3.353428 0.533105 8.591440
v 3.375964 0.535901 8.583721
v 3.352467 0.514091 8.503283
v 3.375150 0.519683 8.509012
v 4.013736 0.537579 8.484118
v 3.992128 0.535901 8.577005
v 3.991314 0.519683 8.502295
v 4.014827 0.533105 8.584229
v 3.353265 0.510736 8.576498
v 3.375834 0.516887 8.571768
v 3.352711 0.499551 8.525695
v 3.375362 0.507380 8.528437
v 4.013866 0.514091 8.496072
v 3.991998 0.516887 8.565052
v 3.991526 0.507380 8.521719
v 4.014664 0.510736 8.569287
v 3.353005 0.498433 8.552590
v 3.375606 0.506262 8.550850
v 4.014111 0.499551 8.518484
v 3.991770 0.506262 8.544132
v 4.014403 0.498433 8.545380
v 3.373203 0.599654 10.405398
v 3.395804 0.591265 10.403657
v 3.373463 0.587351 10.429306
v 3.396016 0.581199 10.423081
v 3.372910 0.597976 10.378503
v 3.395560 0.590147 10.381245
v 4.011968 0.591265 10.396940
v 4.012180 0.581199 10.416365
v 4.011724 0.590147 10.374528
v 4.034602 0.599654 10.398188
v 4.034863 0.587351 10.422095
v 3.373626 0.564422 10.444248
v 3.396146 0.562185 10.435035
v 3.372910 0.597976 10.378503
v 3.372665 0.583436 10.356090
v 3.395560 0.590147 10.381245
v 3.395348 0.578403 10.361819
v 4.034308 0.597976 10.371292
v 4.012310 0.562185 10.428318
v 4.011724 0.590147 10.374528
v 4.011512 0.578403 10.355103
v 4.035025 0.564422 10.437037
v 3.373642 0.537579 10.445742
v 3.396162 0.539816 10.436529
v 3.372535 0.559948 10.344136
v 3.395234 0.558270 10.351359
v 4.034308 0.597976 10.371292
v 4.034064 0.583436 10.348879
v 4.012326 0.539816 10.429812
v 4.011398 0.558270 10.344643
v 4.035041 0.537579 10.438531
v 3.373496 0.514091 10.432294
v 3.396048 0.519683 10.426070
v 3.372551 0.533105 10.345631
v 3.395250 0.535901 10.352854
v 4.033934 0.559948 10.336926
v 4.012212 0.519683 10.419353
v 4.011414 0.535901 10.346137
v 4.034895 0.514091 10.425083
v 3.373251 0.499551 10.409881
v 3.395853 0.507380 10.408140
v 3.372698 0.510736 10.359078
v 3.395380 0.516887 10.364808
v 4.033950 0.533105 10.338420
v 4.012017 0.507380 10.401423
v 4.011544 0.516887 10.358091
v 4.034651 0.499551 10.402670
v 3.372958 0.498433 10.382985
v 3.395608 0.506262 10.385726
v 4.034097 0.510736 10.351868
v 4.011773 0.506262 10.379009
v 4.034357 0.498433 10.375774
v 3.809059 1.101285 10.962533
v 3.570242 1.101285 7.967415
v 3.369270 1.101285 7.969606
v 3.401945 1.101285 10.966970
v 3.369270 1.101285 7.969606
v 3.602917 1.101285 10.964780
v 3.401945 1.101285 10.966970
v 3.778709 1.101285 11.024133
v 3.634603 1.101285 11.025703
v 3.746033 0.051606 8.026768
v 3.746033 1.101285 8.026768
v 3.776384 1.101285 7.965168
v 3.601928 0.051606 8.028339
v 3.601928 1.101285 8.028339
v 3.809059 0.004071 10.962533
v 3.776384 0.004071 7.965168
v 3.778709 0.051606 11.024133
v 3.778709 1.101285 11.024133
v 3.401945 0.004071 10.966970
v 3.369270 0.004071 7.969606
v 3.602917 0.004071 10.964780
v 3.570242 0.004071 7.967415
v 3.369270 0.004071 7.969606
v 3.401945 0.004071 10.966970
v 3.634603 0.051606 11.025703
v 3.634603 1.101285 11.025703
v 3.634603 0.051606 11.025703
v 3.778709 0.051606 11.024133
v 3.796516 1.101285 9.811998
v 3.797021 1.148820 9.858318
v 3.808098 1.101285 10.874374
v 3.807609 1.148820 10.829549
v 3.796516 1.101285 9.811998
v 3.590375 1.101285 9.814245
v 3.590880 1.148820 9.860566
v 3.601467 1.148820 10.831796
v 3.808098 1.101285 10.874374
v 3.601956 1.101285 10.876621
v 3.590375 1.101285 9.814245
v 3.601956 1.101285 10.876621
v 3.788926 1.101285 9.115702
v 3.788421 1.148820 9.069382
v 3.582784 1.101285 9.117949
v 3.582279 1.148820 9.071629
v 3.582784 1.101285 9.117949
v 3.571187 1.101285 8.054079
v 3.571692 1.148820 8.100399
v 3.788926 1.101285 9.115702
v 3.777328 1.101285 8.051831
v 3.777833 1.148820 8.098151
v 3.777328 1.101285 8.051831
v 3.571187 1.101285 8.054079
v 3.601928 1.101285 8.028339
v 3.746033 1.101285 8.026768
v 3.776384 1.101285 7.965168
v 3.570242 1.101285 7.967415
v 4.014843 0.559948 8.585724
v 4.033934 0.559948 10.336926
v 4.014827 0.533105 8.584229
v 4.033950 0.533105 10.338420
v 4.034097 0.510736 10.351868
v 4.014664 0.510736 8.569287
v 4.034064 0.583436 10.348879
v 4.014713 0.583436 8.573771
v 3.372698 0.510736 10.359078
v 3.353265 0.510736 8.576498
v 3.353428 0.533105 8.591440
v 3.372551 0.533105 10.345631
v 3.372535 0.559948 10.344136
v 3.353444 0.559948 8.592934
v 3.353314 0.583436 8.580980
v 3.372665 0.583436 10.356090
vn 0.0655 0.0038 0.9978
vn 0.0087 -0.0000 1.0000
vn -0.0655 -0.0000 -0.9979
vn -0.0087 -0.0000 -1.0000
vn 0.0131 -0.0000 0.9999
vn -0.0437 0.0038 0.9990
vn 0.0437 -0.0000 -0.9990
vn 0.0022 -1.0000 -0.0000
vn -0.0022 1.0000 -0.0000
vn -0.0015 0.9982 0.0604
vn -0.2060 0.9786 -0.0016
vn 0.0020 0.9999 -0.0151
vn 0.0029 0.9982 0.0603
vn 0.0022 1.0000 -0.0000
vn 0.1973 0.9803 -0.0022
vn 0.1975 0.9803 -0.0022
vn 0.0021 1.0000 -0.0076
vn -0.2060 0.9786 -0.0015
vn 0.0024 0.9999 0.0151
vn 0.0015 0.9982 -0.0604
vn 0.0023 1.0000 0.0076
vn 0.1974 0.9803 -0.0022
vn 0.9999 -0.0000 -0.0109
vn -0.9999 -0.0000 0.0109
vn -0.3423 -0.9171 0.2042
vn -0.0130 -0.9760 0.2174
vn -0.3476 -0.8947 -0.2805
vn -0.0187 -0.9524 -0.3044
vn -0.3376 -0.6945 0.6354
vn -0.0080 -0.7383 0.6744
vn 0.0177 -0.9760 0.2171
vn 0.0120 -0.9524 -0.3048
vn 0.0227 -0.7383 0.6741
vn 0.3466 -0.9176 0.1946
vn 0.3414 -0.8942 -0.2895
vn -0.3476 -0.8947 -0.2807
vn -0.0186 -0.9523 -0.3046
vn -0.3520 -0.6331 -0.6894
vn -0.0234 -0.6743 -0.7381
vn -0.3347 -0.2862 0.8978
vn -0.0050 -0.3047 0.9524
vn 0.3513 -0.6963 0.6259
vn 0.0120 -0.9523 -0.3049
vn 0.0073 -0.6734 -0.7392
vn 0.0257 -0.3046 0.9521
vn 0.3414 -0.8942 -0.2896
vn 0.3369 -0.6324 -0.6975
vn -0.3545 -0.2023 -0.9129
vn -0.0260 -0.2172 -0.9758
vn -0.3345 0.1986 0.9212
vn -0.0047 0.2172 0.9761
vn 0.3542 -0.2822 0.8916
vn 0.0047 -0.2172 -0.9761
vn 0.0260 0.2172 0.9758
vn 0.3345 -0.2020 -0.9205
vn -0.3542 0.2826 -0.8914
vn -0.0257 0.3047 -0.9521
vn -0.3369 0.6303 0.6994
vn -0.0073 0.6743 0.7384
vn 0.3545 0.2020 0.9130
vn 0.0049 0.3047 -0.9524
vn 0.0234 0.6743 0.7381
vn 0.3347 0.2822 -0.8991
vn -0.3514 0.6919 -0.6307
vn -0.0227 0.7383 -0.6740
vn -0.3414 0.8935 0.2917
vn -0.0120 0.9523 0.3048
vn 0.3521 0.6324 0.6900
vn 0.0080 0.7383 -0.6744
vn 0.0186 0.9523 0.3044
vn 0.3376 0.6963 -0.6334
vn -0.3467 0.9163 -0.2004
vn -0.0177 0.9760 -0.2170
vn 0.3476 0.8943 0.2818
vn 0.0130 0.9760 -0.2174
vn 0.3423 0.9176 -0.2021
vn -0.3467 -0.9163 -0.2004
vn -0.0177 -0.9760 -0.2171
vn -0.3514 -0.6919 -0.6307
vn -0.0227 -0.7383 -0.6741
vn -0.3414 -0.8936 0.2916
vn -0.0120 -0.9524 0.3047
vn 0.0130 -0.9760 -0.2174
vn 0.0080 -0.7384 -0.6744
vn 0.0186 -0.9523 0.3045
vn 0.3423 -0.9176 -0.2021
vn 0.3367 -0.6965 -0.6337
vn -0.3530 -0.2828 -0.8919
vn -0.0257 -0.3047 -0.9521
vn -0.3413 -0.8935 0.2918
vn -0.3369 -0.6303 0.6995
vn -0.0120 -0.9523 0.3049
vn -0.0073 -0.6743 0.7384
vn 0.3476 -0.8942 0.2820
vn 0.0049 -0.3071 -0.9517
vn 0.0186 -0.9523 0.3046
vn 0.0234 -0.6742 0.7381
vn 0.3347 -0.2822 -0.8991
vn -0.3545 0.2023 -0.9129
vn -0.0260 0.2173 -0.9758
vn -0.3345 -0.1987 0.9212
vn -0.0047 -0.2173 0.9761
vn 0.3476 -0.8942 0.2821
vn 0.3520 -0.6325 0.6900
vn 0.0047 0.2172 -0.9761
vn 0.0260 -0.2172 0.9758
vn 0.3345 0.2021 -0.9205
vn -0.3521 0.6331 -0.6894
vn -0.0234 0.6743 -0.7381
vn -0.3348 0.2861 0.8978
vn -0.0050 0.3047 0.9524
vn 0.3545 -0.2021 0.9130
vn 0.0073 0.6743 -0.7384
vn 0.0257 0.3047 0.9521
vn 0.3369 0.6325 -0.6975
vn -0.3476 0.8947 -0.2806
vn -0.0187 0.9523 -0.3045
vn -0.3376 0.6945 0.6354
vn -0.0080 0.7383 0.6744
vn 0.3542 0.2821 0.8916
vn 0.0120 0.9523 -0.3049
vn 0.0227 0.7383 0.6740
vn 0.3414 0.8942 -0.2895
vn -0.3423 0.9171 0.2042
vn -0.0130 0.9760 0.2174
vn 0.3514 0.6963 0.6259
vn 0.0177 0.9760 0.2170
vn 0.3466 0.9176 0.1946
vn 0.5903 0.8072 -0.0064
vn 0.5850 0.0038 0.8110
vn 0.0567 0.0037 0.9984
vn 0.5671 -0.0000 -0.8237
vn 0.5672 -0.0000 -0.8236
vn 0.0349 -0.0000 -0.9994
vn 0.0502 -0.9987 0.0013
vn 0.5903 -0.8072 -0.0064
vn 0.5902 -0.8072 -0.0064
vn -0.0611 -0.0000 -0.9981
vn -0.2062 0.9785 -0.0016
vn -0.2062 0.9785 -0.0015
vn -0.5902 0.8072 0.0083
vn -0.0393 0.0038 0.9992
vn -0.8995 -0.0000 -0.4370
vn -0.8995 -0.0000 -0.4369
vn 0.8897 -0.0000 -0.4565
vn 0.8898 -0.0000 -0.4564
vn -0.0022 -1.0000 -0.0000
vn 0.8994 -0.0038 0.4370
vn -0.0502 -0.9987 0.0024
vn -0.5850 -0.0000 -0.8110
vn -0.5850 -0.0000 -0.8111
vn -0.5672 -0.0000 0.8236
vn -0.8897 -0.0038 0.4565
vn -0.0501 -0.9987 0.0023
vn -0.5902 -0.8072 0.0083
vn -0.0501 -0.9987 0.0024
vn 0.0021 1.0000 -0.0075
vn -0.0002 0.9999 -0.0149
vn 0.0016 0.9990 -0.0452
vn 0.0017 0.9990 -0.0452
vn 0.0027 0.9990 0.0453
vn 0.0017 0.9990 -0.0453
vn 0.0027 0.9990 0.0452
vn 0.0026 0.9990 0.0452
vn 0.0007 0.9982 0.0602
vn -0.0015 0.9982 0.0603
vn 0.0001 1.0000 0.0075
vn 0.0027 0.9990 0.0451
vn 0.0024 0.9999 0.0149
vn 0.0015 0.9982 -0.0603
vn -0.0007 0.9982 -0.0603
vn 0.0350 -0.0000 -0.9994
vt 0.561910 0.098040
vt 0.555530 0.070290
vt 0.561910 0.070290
vt 0.562020 0.587050
vt 0.555650 0.560270
vt 0.562020 0.560270
vt 0.555530 0.032640
vt 0.561910 0.005860
vt 0.561910 0.032640
vt 0.561910 0.494750
vt 0.561910 0.522620
vt 0.555530 0.522620
vt 0.595950 0.098040
vt 0.600050 0.486550
vt 0.595950 0.494750
vt 0.619170 0.486550
vt 0.623270 0.098040
vt 0.623270 0.494750
vt 0.360860 0.098160
vt 0.360860 0.109620
vt 0.334330 0.098160
vt 0.360860 0.250310
vt 0.388180 0.109620
vt 0.388180 0.098160
vt 0.415850 0.098160
vt 0.388180 0.250310
vt 0.334220 0.494750
vt 0.360860 0.342610
vt 0.360860 0.483290
vt 0.388180 0.483290
vt 0.388180 0.342610
vt 0.415850 0.494750
vt 0.495990 0.175740
vt 0.495880 0.172240
vt 0.558950 0.100940
vt 0.493940 0.169230
vt 0.490870 0.167660
vt 0.487340 0.167780
vt 0.484380 0.169710
vt 0.418810 0.100940
vt 0.482670 0.172850
vt 0.495880 0.420670
vt 0.495990 0.417050
vt 0.559060 0.491860
vt 0.493940 0.423570
vt 0.490870 0.425260
vt 0.484380 0.423210
vt 0.487340 0.425010
vt 0.418690 0.491860
vt 0.482670 0.420070
vt 0.482900 0.416450
vt 0.482900 0.176340
vt 0.913810 0.918740
vt 0.913580 0.915240
vt 0.978240 0.991130
vt 0.912100 0.921870
vt 0.909140 0.923800
vt 0.900370 0.915840
vt 0.900490 0.919340
vt 0.836960 0.991250
vt 0.902420 0.922350
vt 0.905610 0.924040
vt 0.900490 0.668980
vt 0.900370 0.672480
vt 0.836960 0.597070
vt 0.902420 0.665960
vt 0.905610 0.664390
vt 0.913580 0.673200
vt 0.913810 0.669580
vt 0.978240 0.597190
vt 0.912100 0.666450
vt 0.909140 0.664520
vt 0.327500 0.009120
vt 0.324430 0.009360
vt 0.327160 0.005860
vt 0.324310 0.006340
vt 0.327500 0.012250
vt 0.324430 0.012370
vt 0.242230 0.009240
vt 0.242340 0.006340
vt 0.242120 0.012250
vt 0.239270 0.009120
vt 0.239500 0.005860
vt 0.326930 0.042540
vt 0.324090 0.042060
vt 0.327270 0.039400
vt 0.324310 0.039160
vt 0.327390 0.015390
vt 0.324430 0.015270
vt 0.239160 0.012250
vt 0.242230 0.042060
vt 0.242120 0.039160
vt 0.242120 0.015270
vt 0.239380 0.042540
vt 0.239160 0.039280
vt 0.327270 0.036260
vt 0.324310 0.036140
vt 0.327270 0.018290
vt 0.324430 0.018290
vt 0.239160 0.015270
vt 0.242000 0.036140
vt 0.242120 0.018290
vt 0.239040 0.036140
vt 0.327270 0.033130
vt 0.324310 0.033130
vt 0.327270 0.021300
vt 0.324430 0.021300
vt 0.239270 0.018170
vt 0.242000 0.033130
vt 0.242120 0.021180
vt 0.239040 0.033130
vt 0.327270 0.030230
vt 0.324310 0.030230
vt 0.327270 0.024200
vt 0.324430 0.024200
vt 0.239270 0.021180
vt 0.242000 0.030110
vt 0.242120 0.024200
vt 0.239160 0.030110
vt 0.327270 0.027220
vt 0.324430 0.027220
vt 0.239160 0.024200
vt 0.242000 0.027090
vt 0.239160 0.027090
vt 0.137150 0.685390
vt 0.134190 0.685150
vt 0.137150 0.682250
vt 0.134190 0.682130
vt 0.136920 0.688650
vt 0.134080 0.688160
vt 0.051770 0.685150
vt 0.051650 0.682130
vt 0.051880 0.688160
vt 0.048690 0.685270
vt 0.048690 0.682130
vt 0.137040 0.679110
vt 0.134190 0.679230
vt 0.136690 0.651970
vt 0.136920 0.655220
vt 0.133850 0.652450
vt 0.133960 0.655350
vt 0.048920 0.688650
vt 0.051650 0.679230
vt 0.051990 0.652450
vt 0.051880 0.655350
vt 0.048810 0.679110
vt 0.137040 0.676220
vt 0.134190 0.676220
vt 0.137040 0.658360
vt 0.134080 0.658360
vt 0.049150 0.651970
vt 0.048920 0.655220
vt 0.051770 0.676220
vt 0.051770 0.658360
vt 0.048810 0.676100
vt 0.137040 0.673200
vt 0.134080 0.673200
vt 0.136920 0.661380
vt 0.134080 0.661380
vt 0.048920 0.658360
vt 0.051770 0.673200
vt 0.051770 0.661380
vt 0.048920 0.673200
vt 0.136920 0.670310
vt 0.134080 0.670310
vt 0.136920 0.664270
vt 0.134080 0.664390
vt 0.048920 0.661380
vt 0.051770 0.670310
vt 0.051770 0.664390
vt 0.048920 0.670190
vt 0.136920 0.667290
vt 0.134080 0.667290
vt 0.048920 0.664270
vt 0.051770 0.667290
vt 0.048920 0.667290
vt 0.415850 0.070290
vt 0.415730 0.560270
vt 0.415850 0.587050
vt 0.981200 0.594290
vt 0.981200 0.994020
vt 0.415850 0.032640
vt 0.415850 0.005860
vt 0.384080 0.089960
vt 0.364960 0.089960
vt 0.555650 0.531790
vt 0.415850 0.531790
vt 0.415850 0.522620
vt 0.555650 0.551100
vt 0.415730 0.551100
vt 0.589570 0.098040
vt 0.589570 0.494750
vt 0.555530 0.061000
vt 0.415850 0.061120
vt 0.656170 0.098040
vt 0.656170 0.494750
vt 0.629530 0.098040
vt 0.629530 0.494750
vt 0.834000 0.994140
vt 0.834000 0.594170
vt 0.555530 0.041810
vt 0.415850 0.041810
vt 0.619170 0.089840
vt 0.600050 0.089840
vt 0.826150 0.737150
vt 0.819880 0.731240
vt 0.826260 0.596950
vt 0.819880 0.602980
vt 0.819880 0.739920
vt 0.792680 0.739920
vt 0.792680 0.731240
vt 0.792680 0.602980
vt 0.819880 0.594170
vt 0.792680 0.594170
vt 0.786410 0.737150
vt 0.786410 0.596950
vt 0.225040 0.594170
vt 0.225040 0.602860
vt 0.197830 0.594170
vt 0.197830 0.602860
vt 0.191450 0.596950
vt 0.191450 0.737150
vt 0.197830 0.731120
vt 0.231300 0.596950
vt 0.231300 0.737150
vt 0.225040 0.731120
vt 0.225040 0.739920
vt 0.197720 0.739920
vt 0.364960 0.486550
vt 0.384080 0.486670
vt 0.388180 0.494750
vt 0.360860 0.494750
vt 0.487910 0.411860
vt 0.487910 0.180930
vt 0.491440 0.412100
vt 0.491440 0.180810
vt 0.494400 0.178880
vt 0.494400 0.413910
vt 0.484840 0.179360
vt 0.484720 0.413550
vt 0.901970 0.675740
vt 0.901970 0.912700
vt 0.905040 0.910770
vt 0.905040 0.677670
vt 0.908570 0.677790
vt 0.908570 0.910530
vt 0.911760 0.912220
vt 0.911760 0.676220
v 3.653450 0.808784 3.563883
v 3.641162 0.808784 3.562202
v 3.647603 0.808784 3.560802
v 3.653450 0.234013 3.563883
v 3.641162 0.234013 3.562202
v 3.647604 0.233980 3.560802
v 3.681841 -0.001504 3.611124
v 3.681551 0.002583 3.584509
v 3.681694 -0.001504 3.597575
v 3.681551 1.061812 3.584509
v 3.681841 1.083742 3.611124
v 3.681694 1.075767 3.597575
v 3.761451 0.396695 4.336456
v 3.761451 0.359946 4.336456
v 3.914049 0.173905 4.334793
v 3.763255 0.396695 4.501956
v 3.915853 0.173905 4.500292
v 3.763255 0.359946 4.501956
v 3.786187 0.359946 6.605533
v 3.938785 0.173905 6.603870
v 3.786187 0.396695 6.605533
v 3.787991 0.396695 6.771032
v 3.940589 0.173905 6.769369
v 3.787991 0.359946 6.771032
v 3.606439 0.002583 3.585328
v 3.606729 -0.001504 3.611943
v 3.606581 -0.001504 3.598393
v 3.606729 1.083742 3.611943
v 3.606438 1.061812 3.585328
v 3.606581 1.075767 3.598393
v 3.392156 0.173905 4.506001
v 3.544755 0.396695 4.504337
v 3.544755 0.359946 4.504337
v 3.390352 0.173905 4.340502
v 3.542950 0.359946 4.338839
v 3.542950 0.396695 4.338839
v 3.416892 0.173905 6.775077
v 3.569490 0.396695 6.773414
v 3.569490 0.359946 6.773414
v 3.415088 0.173905 6.609579
v 3.567686 0.359946 6.607915
v 3.567686 0.396695 6.607915
v 3.715472 0.510566 7.461846
v 3.767600 0.506479 7.474345
v 3.719500 1.081449 5.643155
v 3.724503 0.002583 7.524543
v 3.724503 0.472720 7.524543
v 3.724359 -0.001504 7.511356
v 3.649246 -0.001504 7.512175
v 3.649390 0.472720 7.525362
v 3.649390 0.002583 7.525362
v 3.613377 1.081449 5.644312
v 3.605208 0.506479 7.476115
v 3.657072 0.510566 7.462482
v 3.725558 1.085171 5.573397
v 3.702359 1.087264 3.616950
v 3.723687 1.087264 5.573418
v 3.586342 1.087264 3.618215
v 3.605800 1.085171 5.574703
v 3.607670 1.087264 5.574682
v 3.734251 1.075767 5.603309
v 3.769835 0.681522 6.683026
v 3.745216 0.681522 4.424717
v 3.771584 0.662250 6.736486
v 3.770295 0.679063 6.712301
v 3.791206 0.476840 7.510627
v 3.773329 0.635602 6.748929
v 3.796053 0.396695 7.510574
v 3.776358 0.582039 6.729779
v 3.775072 0.606228 6.746490
v 3.750720 0.582039 4.377954
v 3.753387 0.396695 3.596793
v 3.749070 0.606228 4.361274
v 3.745801 0.662250 4.371352
v 3.747274 0.635602 4.358874
v 3.712382 1.075767 3.597240
v 3.745038 0.679063 4.395438
v 3.581871 0.606228 6.748596
v 3.580221 0.582039 6.731917
v 3.577553 0.396695 7.512957
v 3.585140 0.662250 6.738518
v 3.583667 0.635602 6.750997
v 3.582399 0.476840 7.512904
v 3.585901 0.679063 6.714312
v 3.561105 0.681522 4.426724
v 3.585723 0.681522 6.685033
v 3.597761 1.075767 5.604796
v 3.554583 0.582039 4.380092
v 3.555869 0.606228 4.363380
v 3.534887 0.396695 3.599175
v 3.557612 0.635602 4.360942
v 3.559357 0.662250 4.373385
v 3.575892 1.075767 3.598728
v 3.560645 0.679063 4.397449
v 3.653597 0.902053 3.577433
v 3.656030 0.896205 3.579221
v 3.653518 0.897701 3.570174
v 3.655976 0.893115 3.574261
v 3.653694 0.904346 3.586265
v 3.656121 0.898365 3.587569
v 3.647775 0.905044 3.576529
v 3.647682 0.900027 3.568060
v 3.653960 0.890258 3.581180
v 3.653930 0.888463 3.578398
v 3.647874 0.907436 3.585602
v 3.654043 0.892218 3.588801
v 3.641323 0.903815 3.576962
v 3.641238 0.899063 3.569098
v 3.648341 0.886968 3.582330
v 3.648324 0.885905 3.580757
v 3.641801 0.886636 3.580224
v 3.641787 0.881984 3.578893
v 3.648324 0.885905 3.580757
v 3.648313 0.881585 3.579790
v 3.653791 0.905908 3.595217
v 3.656214 0.899827 3.596037
v 3.641422 0.906140 3.586035
v 3.648420 0.888862 3.589589
v 3.637238 0.898897 3.578579
v 3.637172 0.895209 3.572530
v 3.648341 0.886968 3.582330
v 3.641821 0.887899 3.582038
v 3.637382 0.890291 3.577005
v 3.637349 0.881552 3.573980
v 3.637421 0.892584 3.580634
v 3.647974 0.909031 3.594796
v 3.654131 0.893647 3.596907
v 3.637332 0.901090 3.587169
v 3.648420 0.888862 3.589589
v 3.641903 0.889826 3.589539
v 3.637507 0.894644 3.588498
v 3.653878 0.906805 3.603201
v 3.656298 0.900691 3.603780
v 3.641521 0.907735 3.595109
v 3.648506 0.890224 3.597452
v 3.648064 0.909962 3.603023
v 3.654212 0.894478 3.604287
v 3.637427 0.902618 3.595879
v 3.648506 0.890224 3.597452
v 3.641989 0.891188 3.597403
v 3.637597 0.896073 3.596725
v 3.653969 0.907303 3.611549
v 3.656385 0.901156 3.611764
v 3.641609 0.908633 3.603214
v 3.648585 0.891022 3.604711
v 3.648156 0.910460 3.611491
v 3.654296 0.894910 3.612030
v 3.637512 0.903482 3.603743
v 3.648585 0.891022 3.604711
v 3.642068 0.891986 3.604661
v 3.637679 0.896936 3.604225
v 3.641701 0.909131 3.611562
v 3.648667 0.891487 3.612212
v 3.648667 0.891487 3.612212
v 3.642151 0.892451 3.612283
v 3.637764 0.897368 3.612089
v 3.637601 0.903981 3.611848
v 3.655930 0.881519 3.570027
v 3.653450 0.881486 3.563883
v 3.647603 0.881452 3.560802
v 3.653906 0.881552 3.576220
v 3.641162 0.881486 3.562202
v 3.648313 0.881585 3.579790
v 3.637115 0.881519 3.567328
v 3.655930 0.808817 3.570027
v 3.653450 0.808784 3.563883
v 3.647603 0.808784 3.560802
v 3.653906 0.808883 3.576220
v 3.641162 0.808784 3.562202
v 3.648313 0.808883 3.579790
v 3.637115 0.808817 3.567328
v 3.637349 0.808850 3.573980
v 3.641787 0.809282 3.578893
v 3.648313 0.808883 3.579790
v 3.637349 0.808850 3.573980
v 3.653906 0.808883 3.576220
v 3.637115 0.808817 3.567328
v 3.655930 0.808817 3.570027
v 3.653597 0.327283 3.577433
v 3.656030 0.321435 3.579221
v 3.653518 0.322897 3.570174
v 3.655976 0.318345 3.574261
v 3.653694 0.329576 3.586265
v 3.656121 0.323562 3.587569
v 3.647775 0.330273 3.576529
v 3.647683 0.325256 3.568060
v 3.653960 0.315454 3.581180
v 3.653930 0.313693 3.578398
v 3.647874 0.332666 3.585602
v 3.654043 0.317448 3.588801
v 3.641323 0.329011 3.576962
v 3.641238 0.324259 3.569098
v 3.648341 0.312164 3.582330
v 3.648324 0.311134 3.580757
v 3.641802 0.311865 3.580224
v 3.641787 0.307214 3.578893
v 3.648324 0.311134 3.580757
v 3.648313 0.306815 3.579790
v 3.653791 0.331137 3.595217
v 3.656214 0.325057 3.596037
v 3.641422 0.331370 3.586035
v 3.648420 0.314092 3.589589
v 3.637238 0.324093 3.578579
v 3.637172 0.320438 3.572530
v 3.648341 0.312164 3.582330
v 3.641821 0.313095 3.582038
v 3.637382 0.315520 3.577005
v 3.637349 0.306782 3.573980
v 3.637421 0.317813 3.580634
v 3.647974 0.334261 3.594796
v 3.654132 0.318843 3.596907
v 3.637332 0.326319 3.587169
v 3.648420 0.314092 3.589589
v 3.641903 0.315022 3.589539
v 3.637507 0.319873 3.588498
v 3.653878 0.332035 3.603201
v 3.656298 0.325921 3.603780
v 3.641521 0.332932 3.595109
v 3.648506 0.315454 3.597452
v 3.648064 0.335158 3.603023
v 3.654212 0.319674 3.604287
v 3.637427 0.327815 3.595879
v 3.648506 0.315454 3.597452
v 3.641989 0.316418 3.597403
v 3.637597 0.321302 3.596725
v 3.653969 0.332533 3.611549
v 3.656385 0.326386 3.611764
v 3.641610 0.333862 3.603214
v 3.648585 0.316251 3.604711
v 3.648156 0.335656 3.611491
v 3.654296 0.320139 3.612030
v 3.637512 0.328712 3.603743
v 3.648585 0.316251 3.604711
v 3.642068 0.317215 3.604661
v 3.637679 0.322133 3.604225
v 3.641701 0.334360 3.611562
v 3.648667 0.316683 3.612212
v 3.648667 0.316683 3.612212
v 3.642151 0.317680 3.612283
v 3.637764 0.322598 3.612089
v 3.637601 0.329177 3.611848
v 3.655930 0.306748 3.570027
v 3.653450 0.306715 3.563883
v 3.647604 0.306682 3.560802
v 3.653906 0.306782 3.576220
v 3.641162 0.306682 3.562202
v 3.648313 0.306815 3.579790
v 3.637115 0.306715 3.567328
v 3.655930 0.234046 3.570027
v 3.653450 0.234013 3.563883
v 3.647604 0.233980 3.560802
v 3.653906 0.234080 3.576220
v 3.641162 0.234013 3.562202
v 3.648313 0.234113 3.579790
v 3.637115 0.234046 3.567328
v 3.637349 0.234080 3.573980
v 3.641787 0.234512 3.578893
v 3.648313 0.234113 3.579790
v 3.637349 0.234080 3.573980
v 3.653906 0.234080 3.576220
v 3.637115 0.234046 3.567328
v 3.655930 0.234046 3.570027
v 3.606630 0.255246 3.602870
v 3.616383 0.393207 3.602763
v 3.679711 0.256641 3.602073
v 3.679711 0.394569 3.602073
v 3.679809 0.394569 3.611025
v 3.616481 0.393207 3.611716
v 3.679809 0.256641 3.611025
v 3.606727 0.255246 3.611822
v 3.606727 0.255246 3.611822
v 3.679809 0.256641 3.611025
v 3.679809 0.394569 3.611025
v 3.616481 0.393207 3.611716
v 3.679809 0.256641 3.611025
v 3.679809 0.394569 3.611025
v 3.606630 0.830016 3.602870
v 3.616383 0.967977 3.602763
v 3.679711 0.831412 3.602073
v 3.679711 0.969373 3.602073
v 3.679809 0.969373 3.611025
v 3.616481 0.967977 3.611716
v 3.679809 0.831412 3.611025
v 3.606727 0.830016 3.611822
v 3.606727 0.830016 3.611822
v 3.679809 0.831412 3.611025
v 3.679809 0.969373 3.611025
v 3.616481 0.967977 3.611716
v 3.679809 0.831412 3.611025
v 3.679809 0.969373 3.611025
v 3.960302 0.002583 3.581470
v 3.960302 0.076182 3.581470
v 3.748881 0.384833 3.583775
v 3.709504 1.061812 3.584204
v 3.973617 0.075152 3.594392
v 3.753387 0.396695 3.596793
v 3.973617 -0.001504 3.594392
v 3.712382 1.075767 3.597240
v 3.973617 -0.001504 3.594392
v 3.973617 0.075152 3.594392
v 3.980842 -0.001504 4.257113
v 3.981160 0.075152 4.286270
v 3.980842 -0.001504 4.257113
v 3.681841 -0.001504 3.611124
v 3.973617 -0.001504 3.594392
v 3.681694 -0.001504 3.597575
v 3.681841 1.083742 3.611124
v 3.606729 1.083742 3.611943
v 3.681694 1.075767 3.597575
v 3.606581 1.075767 3.598393
v 3.985162 -0.001504 4.653440
v 3.984844 0.075152 4.624284
v 4.004738 -0.001504 6.449126
v 4.005057 0.075152 6.478404
v 3.330022 0.081233 4.629124
v 3.326389 0.081233 4.295827
v 3.980657 0.081233 4.622031
v 3.977023 0.081233 4.288734
v 4.016283 0.075152 7.508173
v 3.796053 0.396695 7.510574
v 4.003254 0.076182 7.521505
v 3.791833 0.384833 7.523809
v 4.009059 -0.001504 6.845573
v 4.008740 0.075152 6.816297
v 4.016283 -0.001504 7.508173
v 4.016283 0.075152 7.508173
v 3.353918 0.081233 6.821136
v 3.350284 0.081233 6.487840
v 4.004552 0.081233 6.814044
v 4.000919 0.081233 6.480747
v 3.321882 -0.001504 4.264297
v 3.322199 0.075152 4.293453
v 3.314657 -0.001504 3.601576
v 3.314657 0.075152 3.601576
v 3.314657 -0.001504 3.601576
v 3.327687 0.002583 3.588367
v 3.578485 1.061812 3.585632
v 3.575892 1.075767 3.598728
v 3.791206 0.476840 7.510627
v 3.786724 0.472720 7.523865
v 3.791206 0.476840 7.510627
v 3.345777 -0.001504 6.456310
v 3.326202 -0.001504 4.660624
v 4.004738 -0.001504 6.449126
v 3.985162 -0.001504 4.653440
v 3.345777 -0.001504 6.456310
v 3.346097 0.075152 6.485587
v 3.326202 -0.001504 4.660624
v 3.325884 0.075152 4.631467
v 4.003254 0.002583 7.521505
v 4.016283 -0.001504 7.508173
v 3.357322 -0.001504 7.515357
v 3.350099 -0.001504 6.852757
v 3.649246 -0.001504 7.512175
v 3.649099 -0.001504 7.498625
v 3.724359 -0.001504 7.511356
v 3.724211 -0.001504 7.497807
v 4.016283 -0.001504 7.508173
v 4.009059 -0.001504 6.845573
v 3.357322 -0.001504 7.515357
v 3.357322 0.075152 7.515357
v 3.350099 -0.001504 6.852757
v 3.349780 0.075152 6.823480
v 3.327687 0.076182 3.588367
v 3.314657 0.075152 3.601576
v 3.539108 0.384833 3.586062
v 3.712670 1.090487 5.614433
v 3.619579 1.090487 5.615448
v 3.767600 0.506479 7.474345
v 3.764117 0.502558 7.486966
v 3.534887 0.396695 3.599175
v 3.357322 0.075152 7.515357
v 3.370639 0.076182 7.528401
v 3.577553 0.396695 7.512957
v 3.582060 0.384833 7.526096
v 3.715752 0.502558 7.487494
v 3.724211 0.481093 7.497807
v 3.649099 0.481093 7.498625
v 3.724211 -0.001504 7.497807
v 3.649099 -0.001504 7.498625
v 3.370639 0.002583 7.528401
v 3.357322 -0.001504 7.515357
v 3.587168 0.472720 7.526041
v 3.582399 0.476840 7.512904
v 3.715752 0.502558 7.487494
v 3.764117 0.502558 7.486966
v 3.724503 0.472720 7.524543
v 3.724211 0.481093 7.497807
v 3.649099 0.481093 7.498625
v 3.649390 0.472720 7.525362
v 3.657351 0.502558 7.488130
v 3.608965 0.502558 7.488657
v 3.605208 0.506479 7.476115
v 3.657351 0.502558 7.488130
v 3.608965 0.502558 7.488657
v 3.582399 0.476840 7.512904
v 3.606729 -0.001504 3.611943
v 3.321882 -0.001504 4.264297
v 3.606581 -0.001504 3.598393
v 3.314657 -0.001504 3.601576
v 3.980657 0.081233 4.622031
v 3.977023 0.081233 4.288734
v 3.322199 0.075152 4.293453
v 3.981160 0.075152 4.286270
v 3.325884 0.075152 4.631467
v 3.984844 0.075152 4.624284
v 4.005057 0.075152 6.478404
v 3.346097 0.075152 6.485587
v 3.349780 0.075152 6.823480
v 4.008740 0.075152 6.816297
v 3.350284 0.081233 6.487840
v 3.353918 0.081233 6.821136
v 4.004552 0.081233 6.814044
v 4.000919 0.081233 6.480747
v 3.326389 0.081233 4.295827
v 3.330022 0.081233 4.629124
v 3.557623 0.615399 4.472618
v 3.559365 0.644739 4.470058
v 3.747900 0.644739 4.468003
v 3.746250 0.668962 4.451324
v 3.749698 0.615399 4.470524
v 3.555877 0.588717 4.460054
v 3.751170 0.588717 4.457925
v 3.554589 0.571904 4.435990
v 3.751933 0.571904 4.433839
v 3.554129 0.569479 4.406715
v 3.751754 0.569479 4.404561
v 3.554583 0.582039 4.380092
v 3.750720 0.582039 4.377954
v 3.555869 0.606228 4.363380
v 3.749070 0.606228 4.361274
v 3.560651 0.668962 4.453347
v 3.745216 0.681522 4.424717
v 3.561105 0.681522 4.426724
v 3.745216 0.681522 4.424717
v 3.561105 0.681522 4.426724
v 3.745038 0.679063 4.395438
v 3.560645 0.679063 4.397449
v 3.745801 0.662250 4.371352
v 3.559357 0.662250 4.373385
v 3.747274 0.635602 4.358874
v 3.557612 0.635602 4.360942
v 3.773318 0.615399 6.637252
v 3.581243 0.615399 6.639346
v 3.775064 0.588717 6.649817
v 3.579771 0.588717 6.651946
v 3.776352 0.571904 6.673880
v 3.579008 0.571904 6.676032
v 3.776812 0.569479 6.703156
v 3.579186 0.569479 6.705310
v 3.776358 0.582039 6.729779
v 3.580221 0.582039 6.731917
v 3.775072 0.606228 6.746490
v 3.581871 0.606228 6.748596
v 3.583667 0.635602 6.750997
v 3.773329 0.635602 6.748929
v 3.583039 0.644739 6.641747
v 3.771575 0.644739 6.639692
v 3.584690 0.668962 6.658547
v 3.770290 0.668962 6.656524
v 3.585723 0.681522 6.685033
v 3.769835 0.681522 6.683026
v 3.585723 0.681522 6.685033
v 3.769835 0.681522 6.683026
v 3.585901 0.679063 6.714312
v 3.770295 0.679063 6.712301
v 3.585140 0.662250 6.738518
v 3.771584 0.662250 6.736486
v 3.776812 0.569479 6.703156
v 3.776352 0.571904 6.673880
v 3.751933 0.571904 4.433839
v 3.751754 0.569479 4.404561
v 3.775064 0.588717 6.649817
v 3.751170 0.588717 4.457925
v 3.749698 0.615399 4.470524
v 3.773318 0.615399 6.637252
v 3.771575 0.644739 6.639692
v 3.747900 0.644739 4.468003
v 3.746250 0.668962 4.451324
v 3.770290 0.668962 6.656524
v 3.579008 0.571904 6.676032
v 3.579186 0.569479 6.705310
v 3.579771 0.588717 6.651946
v 3.555877 0.588717 4.460054
v 3.554589 0.571904 4.435990
v 3.557623 0.615399 4.472618
v 3.581243 0.615399 6.639346
v 3.583039 0.644739 6.641747
v 3.559365 0.644739 4.470058
v 3.560651 0.668962 4.453347
v 3.584690 0.668962 6.658547
v 3.554129 0.569479 4.406715
vn -0.0021 -1.0000 0.0076
vn -0.0021 -1.0000 0.0075
vn 0.0023 -1.0000 0.0076
vn -0.0020 -1.0000 0.0076
vn -0.9999 -0.0000 0.0109
vn 0.0131 -0.0000 0.9999
vn -0.0087 -0.0000 -1.0000
vn 0.9999 -0.0000 -0.0109
vn 0.0011 0.9524 0.3047
vn 0.4747 0.8434 0.2515
vn 0.2475 0.9270 0.2818
vn -0.9999 -0.0038 0.0131
vn 0.9999 -0.0041 -0.0122
vn -0.2412 0.9270 0.2872
vn -0.4691 0.8428 0.2639
vn 0.0055 0.9524 0.3047
vn 0.7123 0.7016 -0.0172
vn 0.7482 0.6634 -0.0100
vn -0.7482 0.6634 0.0082
vn -0.7125 0.7016 0.0021
vn 0.9965 0.0828 -0.0072
vn 0.9981 0.0611 -0.0108
vn 0.9981 0.0611 -0.0109
vn 0.9981 0.0610 -0.0107
vn 0.9654 0.2547 0.0564
vn 0.8908 0.4542 0.0072
vn 0.9981 0.0610 -0.0109
vn 0.9667 0.2544 -0.0274
vn 0.9981 0.0608 -0.0108
vn 0.9965 0.0828 -0.0146
vn 0.9981 0.0609 -0.0108
vn -0.9981 0.0610 0.0070
vn -0.9980 0.0610 0.0147
vn -0.8905 0.4541 0.0286
vn -0.9981 0.0610 0.0071
vn -0.9639 0.2541 0.0796
vn -0.9964 0.0827 0.0165
vn -0.9671 0.2545 -0.0045
vn -0.9965 0.0829 0.0109
vn 0.7126 0.6450 -0.2760
vn 0.9948 0.0849 -0.0556
vn 0.6615 0.4062 -0.6304
vn 0.9814 0.0929 -0.1678
vn 0.7379 0.6575 -0.1520
vn 0.9987 0.0472 -0.0200
vn 0.1330 0.9131 -0.3853
vn 0.1152 0.5548 -0.8240
vn 0.8207 -0.5405 0.1849
vn 0.8682 -0.2484 0.4296
vn 0.1437 0.9668 -0.2113
vn 0.7941 -0.5961 0.1186
vn -0.4986 0.8012 -0.3308
vn -0.4607 0.4981 -0.7346
vn 0.2182 -0.9214 0.3216
vn 0.2580 -0.4367 0.8618
vn -0.5537 -0.3917 0.7348
vn -0.4701 -0.0227 0.8823
vn 0.2081 -0.0151 0.9780
vn 0.7414 0.6632 -0.1021
vn 0.9989 0.0435 -0.0145
vn -0.5158 0.8381 -0.1779
vn 0.2041 -0.9579 0.2020
vn -0.9285 0.3451 -0.1369
vn -0.8968 0.2431 -0.3697
vn 0.2181 -0.9214 0.3217
vn -0.5069 -0.8120 0.2892
vn -0.9742 -0.1149 0.1945
vn -0.9294 -0.0076 0.3689
vn -0.9511 -0.2884 0.1104
vn 0.1443 0.9789 -0.1444
vn 0.7910 -0.6071 0.0759
vn -0.9432 0.3266 -0.0609
vn 0.2040 -0.9579 0.2021
vn -0.4815 -0.8550 0.1927
vn -0.9356 -0.3421 0.0872
vn 0.7418 0.6675 -0.0646
vn 0.9991 0.0392 -0.0145
vn -0.5189 0.8471 -0.1148
vn 0.2033 -0.9697 0.1351
vn 0.1450 0.9858 -0.0845
vn 0.7907 -0.6105 0.0460
vn -0.9444 0.3264 -0.0387
vn 0.2031 -0.9698 0.1352
vn -0.4821 -0.8659 0.1332
vn -0.9344 -0.3517 0.0573
vn 0.7420 0.6686 -0.0496
vn 0.9991 0.0391 -0.0145
vn -0.5184 0.8523 -0.0697
vn 0.2028 -0.9757 0.0826
vn 0.1452 0.9875 -0.0619
vn 0.7878 -0.6155 0.0253
vn -0.9442 0.3291 -0.0162
vn 0.2026 -0.9758 0.0826
vn -0.4827 -0.8721 0.0807
vn -0.9345 -0.3533 0.0422
vn -0.5181 0.8540 -0.0472
vn 0.2024 -0.9779 0.0525
vn 0.2023 -0.9779 0.0525
vn -0.4829 -0.8737 0.0581
vn -0.9331 -0.3583 0.0291
vn -0.9455 0.3253 -0.0105
vn 0.9983 0.0073 -0.0584
vn 0.7292 0.0527 -0.6823
vn 0.1308 0.0680 -0.9891
vn 0.7968 -0.0189 0.6040
vn -0.5194 0.0604 -0.8524
vn 0.2082 -0.0151 0.9780
vn -0.9446 0.0302 -0.3268
vn 0.9993 -0.0000 -0.0371
vn 0.7411 -0.0000 -0.6714
vn 0.1351 -0.0000 -0.9908
vn 0.7915 0.0038 0.6112
vn -0.5306 -0.0000 -0.8476
vn 0.2210 0.0001 0.9753
vn -0.9516 -0.0000 -0.3074
vn -0.9294 -0.0000 0.3690
vn -0.4661 -0.0000 0.8847
vn 0.2209 -0.0000 0.9753
vn -0.4663 -0.0000 0.8846
vn -0.0235 -0.9983 0.0532
vn -0.0021 -0.9999 0.0152
vn -0.0234 -0.9983 0.0531
vn -0.0020 -0.9999 0.0151
vn 0.9948 0.0850 -0.0556
vn 0.6614 0.4063 -0.6305
vn 0.7379 0.6575 -0.1521
vn 0.9987 0.0471 -0.0201
vn 0.1436 0.9668 -0.2113
vn 0.7942 -0.5960 0.1185
vn -0.4986 0.8011 -0.3310
vn 0.2181 -0.9214 0.3216
vn -0.5537 -0.3917 0.7349
vn 0.7414 0.6633 -0.1021
vn -0.5069 -0.8120 0.2893
vn -0.4814 -0.8550 0.1927
vn -0.5188 0.8471 -0.1148
vn 0.1450 0.9858 -0.0844
vn 0.7906 -0.6105 0.0459
vn -0.9444 0.3265 -0.0387
vn 0.2032 -0.9698 0.1351
vn 0.1452 0.9875 -0.0618
vn -0.9442 0.3290 -0.0162
vn 0.2025 -0.9758 0.0827
vn -0.9345 -0.3533 0.0423
vn -0.5181 0.8540 -0.0471
vn -0.4829 -0.8738 0.0581
vn -0.9331 -0.3584 0.0291
vn 0.1308 0.0679 -0.9891
vn -0.5194 0.0605 -0.8524
vn 0.7410 -0.0000 -0.6715
vn 0.7914 0.0038 0.6112
vn 0.2211 -0.0000 0.9753
vn -0.4662 -0.0000 0.8847
vn 0.0191 -0.9998 -0.0002
vn 0.0196 -0.9998 -0.0002
vn -0.9975 0.0697 0.0071
vn -0.0196 0.9998 0.0002
vn -0.0197 0.9998 0.0002
vn -0.9975 0.0698 0.0071
vn 0.0088 -0.0000 -1.0000
vn 0.0480 0.0377 -0.9981
vn -0.0087 0.0076 -0.9999
vn 0.9040 0.4268 -0.0267
vn 0.7950 0.3022 -0.5259
vn 0.9996 -0.0000 -0.0282
vn 0.0020 -0.9999 -0.0152
vn -0.0010 -0.9547 -0.2975
vn 0.0021 -1.0000 -0.0077
vn -0.0011 -0.9547 -0.2975
vn -0.0092 0.7682 -0.6402
vn -0.0090 0.7777 -0.6286
vn 0.9996 -0.0000 -0.0283
vn 0.8846 0.4662 -0.0115
vn 0.0022 -1.0000 -0.0000
vn 0.0021 -1.0000 -0.0076
vn 0.0020 -0.9999 -0.0151
vn -0.0022 1.0000 -0.0000
vn -0.0076 0.8635 -0.5043
vn -0.0005 1.0000 -0.0000
vn -0.0033 0.8635 -0.5044
vn -0.0092 0.7682 -0.6401
vn -0.0090 0.7778 -0.6284
vn -0.0048 0.7682 -0.6402
vn -0.0047 0.7778 -0.6285
vn 0.9972 0.0742 -0.0090
vn 0.9972 0.0743 -0.0090
vn 0.8186 0.5743 -0.0070
vn 0.8261 0.5635 -0.0090
vn 0.8236 0.5671 -0.0109
vn 0.8260 0.5635 -0.0128
vn 0.9044 0.4266 0.0107
vn 0.0698 0.0340 0.9970
vn 0.6845 0.4210 0.5951
vn 1.0000 -0.0000 0.0065
vn 0.9044 0.4266 0.0108
vn -0.8846 0.4662 0.0115
vn -1.0000 -0.0000 -0.0065
vn -0.9044 0.4266 -0.0109
vn -0.0109 0.0076 -0.9999
vn -0.0047 0.7777 -0.6286
vn -0.0087 0.0075 -0.9999
vn 0.0022 1.0000 -0.0000
vn 0.9372 0.0524 0.3448
vn 0.9654 0.2547 0.0565
vn 0.9395 0.3424 -0.0065
vn 0.9318 0.3629 -0.0083
vn 0.9318 0.3629 -0.0088
vn -0.9972 0.0742 0.0089
vn -0.9972 0.0742 0.0090
vn 0.0306 0.0001 0.9995
vn -0.0022 -1.0000 -0.0000
vn 0.0024 -0.9999 0.0151
vn -0.9996 -0.0000 0.0284
vn -0.9040 0.4268 0.0269
vn -0.0306 -0.0000 -0.9995
vn -0.0698 0.0377 -0.9968
vn -0.9044 0.4266 -0.0108
vn 0.0857 0.9951 0.0500
vn -0.0846 0.9951 0.0519
vn 0.4748 0.8434 0.2515
vn 0.0735 0.8432 0.5325
vn 0.0656 0.7934 0.6051
vn -0.8236 0.5671 0.0109
vn -0.8261 0.5635 0.0090
vn -0.8186 0.5743 0.0070
vn -0.9671 0.2545 -0.0046
vn -0.8063 0.3028 -0.5082
vn -0.9040 0.4268 0.0268
vn -0.0481 0.0340 0.9983
vn -0.8904 0.4542 0.0286
vn -0.6713 0.4160 0.6135
vn 0.0090 0.7778 0.6284
vn 0.0734 0.8431 0.5327
vn 0.0080 0.8438 0.5366
vn 0.0091 0.7778 0.6285
vn 0.0054 -0.9547 0.2975
vn 0.0024 -0.9999 0.0152
vn 0.0054 -0.9547 0.2974
vn -0.0021 -1.0000 0.0077
vn -0.0020 -0.9999 0.0153
vn -0.0088 -0.0000 1.0000
vn -0.9996 -0.0000 0.0282
vn -0.9395 0.3424 0.0089
vn -0.9318 0.3628 0.0064
vn -0.9317 0.3629 0.0140
vn -0.9395 0.3424 0.0083
vn -0.9295 0.0528 0.3650
vn 0.0080 0.8439 0.5365
vn -0.9018 -0.4151 -0.1203
vn -0.9989 -0.0457 -0.0039
vn 0.0091 0.7730 0.6343
vn 0.9999 -0.0042 -0.0123
vn 0.9986 -0.0453 -0.0272
vn 0.8990 -0.4146 -0.1413
vn 0.8989 -0.4146 -0.1414
vn -0.0523 0.7934 0.6064
vn -0.0619 0.8432 0.5340
vn -0.9639 0.2541 0.0794
vn -0.4691 0.8428 0.2640
vn 0.0081 0.8438 0.5366
vn 0.9986 -0.0452 -0.0271
vn 0.0081 0.8439 0.5365
vn -0.9639 0.2541 0.0795
vn 0.9965 0.0828 -0.0147
vn 0.9448 0.0597 -0.3223
vn -0.9515 0.0527 -0.3030
vn -0.8063 0.3028 -0.5081
vn -0.9965 0.0829 0.0089
vn -0.9965 0.0829 0.0090
vn 0.8261 0.5635 -0.0052
vn 0.0123 -0.3546 0.9349
vn 0.0124 -0.3546 0.9349
vn -0.0081 -0.3546 -0.9350
vn -0.0080 -0.3546 -0.9350
vn -0.8260 0.5635 0.0090
vn -0.8260 0.5636 0.0090
vn -0.0085 0.1877 -0.9822
vn -0.0081 -0.3262 -0.9453
vn -0.0050 -0.7584 -0.6517
vn -0.0061 0.6517 -0.7584
vn -0.0014 0.9428 -0.3333
vn 0.0041 0.9850 0.1728
vn 0.0092 0.7682 0.6401
vn 0.0124 0.3476 0.9376
vn 0.0124 0.3475 0.9376
vn -0.0050 -0.7584 -0.6518
vn 0.0002 -0.9836 -0.1803
vn 0.0002 -0.9836 -0.1802
vn -0.0032 -0.9836 -0.1802
vn 0.0059 -0.9403 0.3404
vn 0.0106 -0.6344 0.7729
vn 0.0129 -0.1654 0.9861
vn 0.0130 -0.1654 0.9861
vn 0.0129 0.1876 0.9822
vn 0.0129 0.1877 0.9821
vn 0.0104 0.6517 0.7584
vn 0.0105 0.6518 0.7584
vn 0.0058 0.9428 0.3333
vn 0.0036 0.9429 0.3330
vn 0.0003 0.9850 -0.1728
vn -0.0080 0.3476 -0.9376
vn -0.0080 0.3475 -0.9376
vn -0.0086 -0.1654 -0.9862
vn -0.0085 -0.1654 -0.9862
vn 0.0125 -0.3262 0.9452
vn 0.0093 -0.7584 0.6517
vn 0.0092 -0.7584 0.6517
vn 0.0042 -0.9836 0.1803
vn 0.0042 -0.9836 0.1801
vn 0.0032 -0.9836 0.1802
vn -0.0015 -0.9402 -0.3405
vn -0.0015 -0.9403 -0.3404
vn -0.0062 -0.6344 -0.7730
vn 0.9981 0.0609 -0.0109
vn 0.9981 0.0612 -0.0109
vn 0.9981 0.0613 -0.0109
vn -0.9980 0.0610 0.0148
vt 0.977540 0.314250
vt 0.976210 0.314250
vt 0.976810 0.314030
vt 0.278490 0.337090
vt 0.277170 0.337090
vt 0.277890 0.336870
vt 0.942010 0.007170
vt 0.939120 0.007830
vt 0.939840 0.006730
vt 0.938160 0.123450
vt 0.941050 0.125960
vt 0.939360 0.124980
vt 0.496330 0.364190
vt 0.499710 0.362550
vt 0.525840 0.364080
vt 0.496450 0.345290
vt 0.525840 0.345720
vt 0.500190 0.347030
vt 0.501630 0.115140
vt 0.527640 0.116890
vt 0.498260 0.116780
vt 0.498380 0.097870
vt 0.527760 0.098530
vt 0.502110 0.099620
vt 0.952970 0.007940
vt 0.950200 0.007170
vt 0.952250 0.006840
vt 0.949240 0.125960
vt 0.952130 0.123560
vt 0.950920 0.125080
vt 0.303180 0.344520
vt 0.332560 0.344410
vt 0.329190 0.346050
vt 0.303180 0.362880
vt 0.328830 0.361570
vt 0.332560 0.363320
vt 0.303900 0.097220
vt 0.333400 0.096890
vt 0.329910 0.098640
vt 0.303900 0.115690
vt 0.329670 0.114160
vt 0.333280 0.115910
vt 0.419870 0.013730
vt 0.425530 0.012310
vt 0.420950 0.221140
vt 0.939240 0.444290
vt 0.938640 0.392930
vt 0.940330 0.445280
vt 0.951530 0.445170
vt 0.952610 0.392820
vt 0.952610 0.444190
vt 0.409510 0.221030
vt 0.407820 0.012200
vt 0.413480 0.013620
vt 0.421910 0.228360
vt 0.420350 0.441450
vt 0.421550 0.228360
vt 0.407700 0.441340
vt 0.408430 0.228250
vt 0.408790 0.228360
vt 0.423360 0.225080
vt 0.467310 0.107710
vt 0.465390 0.353700
vt 0.469480 0.101920
vt 0.467550 0.104540
vt 0.490430 0.017660
vt 0.472370 0.100610
vt 0.499100 0.017660
vt 0.478150 0.102680
vt 0.475500 0.100820
vt 0.476220 0.359060
vt 0.495730 0.444290
vt 0.473570 0.360800
vt 0.467430 0.359600
vt 0.470320 0.361020
vt 0.421910 0.443640
vt 0.465630 0.356980
vt 0.356160 0.100170
vt 0.353510 0.102030
vt 0.333520 0.016790
vt 0.362310 0.101370
vt 0.359420 0.099950
vt 0.342200 0.016900
vt 0.364110 0.103990
vt 0.363630 0.353150
vt 0.364350 0.107160
vt 0.407100 0.224970
vt 0.352790 0.358290
vt 0.355320 0.360150
vt 0.332200 0.443420
vt 0.358570 0.360370
vt 0.361460 0.359060
vt 0.406020 0.443530
vt 0.363270 0.356320
vt 0.973560 0.326160
vt 0.972840 0.325940
vt 0.973560 0.325510
vt 0.972840 0.325400
vt 0.973560 0.327040
vt 0.972840 0.326820
vt 0.974160 0.326270
vt 0.974160 0.325510
vt 0.972120 0.325720
vt 0.972240 0.325290
vt 0.974290 0.327040
vt 0.972120 0.326710
vt 0.974890 0.326160
vt 0.974890 0.325400
vt 0.971390 0.325510
vt 0.971390 0.325180
vt 0.976930 0.324960
vt 0.976930 0.324300
vt 0.977660 0.324850
vt 0.977660 0.324190
vt 0.973560 0.327910
vt 0.972720 0.327800
vt 0.975010 0.327040
vt 0.971390 0.326600
vt 0.975610 0.325940
vt 0.975490 0.325290
vt 0.977660 0.325070
vt 0.976930 0.325290
vt 0.976090 0.325180
vt 0.976210 0.324090
vt 0.976210 0.325620
vt 0.974290 0.327910
vt 0.972000 0.327690
vt 0.975730 0.326820
vt 0.977780 0.326160
vt 0.977050 0.326270
vt 0.976450 0.326490
vt 0.973560 0.328780
vt 0.972720 0.328680
vt 0.975010 0.327910
vt 0.971270 0.327580
vt 0.974290 0.328780
vt 0.972000 0.328460
vt 0.975730 0.327690
vt 0.977900 0.327150
vt 0.977180 0.327250
vt 0.976450 0.327470
vt 0.973440 0.329660
vt 0.972720 0.329550
vt 0.975130 0.328680
vt 0.971270 0.328350
vt 0.974290 0.329660
vt 0.971880 0.329330
vt 0.975850 0.328570
vt 0.978020 0.327910
vt 0.977300 0.328130
vt 0.976570 0.328350
vt 0.975250 0.329660
vt 0.971150 0.329220
vt 0.978260 0.328780
vt 0.977540 0.328890
vt 0.976810 0.329220
vt 0.976090 0.329440
vt 0.972720 0.324190
vt 0.973440 0.323980
vt 0.974040 0.323870
vt 0.972000 0.324300
vt 0.974770 0.323870
vt 0.971390 0.324520
vt 0.975490 0.323980
vt 0.972240 0.316220
vt 0.972960 0.316220
vt 0.973680 0.316110
vt 0.971520 0.316330
vt 0.974410 0.316110
vt 0.970790 0.316330
vt 0.975130 0.316110
vt 0.975970 0.316110
vt 0.976690 0.316110
vt 0.977420 0.316000
vt 0.976090 0.315670
vt 0.977900 0.315560
vt 0.975850 0.314910
vt 0.978020 0.314800
vt 0.274400 0.349000
vt 0.273680 0.348780
vt 0.274400 0.348240
vt 0.273680 0.348130
vt 0.274280 0.349770
vt 0.273560 0.349660
vt 0.275000 0.349000
vt 0.275000 0.348350
vt 0.272950 0.348460
vt 0.272950 0.348020
vt 0.275000 0.349880
vt 0.272830 0.349440
vt 0.275720 0.349000
vt 0.275720 0.348240
vt 0.272230 0.348240
vt 0.272230 0.347910
vt 0.277650 0.347800
vt 0.277770 0.347140
vt 0.278490 0.347690
vt 0.278490 0.347030
vt 0.274280 0.350750
vt 0.273560 0.350530
vt 0.275840 0.349770
vt 0.272230 0.349330
vt 0.276450 0.348780
vt 0.276320 0.348130
vt 0.278490 0.348020
vt 0.277770 0.348130
vt 0.276930 0.348020
vt 0.277050 0.346930
vt 0.277050 0.348460
vt 0.275120 0.350750
vt 0.272830 0.350420
vt 0.276570 0.349660
vt 0.278610 0.349000
vt 0.277890 0.349110
vt 0.277170 0.349330
vt 0.274280 0.351520
vt 0.273560 0.351410
vt 0.275840 0.350640
vt 0.272110 0.350310
vt 0.275120 0.351620
vt 0.272830 0.351300
vt 0.276570 0.350530
vt 0.278730 0.349990
vt 0.278010 0.350090
vt 0.277290 0.350310
vt 0.274280 0.352390
vt 0.273430 0.352280
vt 0.275840 0.351520
vt 0.272110 0.351190
vt 0.275120 0.352500
vt 0.272710 0.352170
vt 0.276690 0.351410
vt 0.278850 0.350750
vt 0.278130 0.350970
vt 0.277410 0.351190
vt 0.275960 0.352390
vt 0.271990 0.351950
vt 0.278970 0.351620
vt 0.278370 0.351730
vt 0.277650 0.352060
vt 0.276810 0.352280
vt 0.273560 0.346930
vt 0.274280 0.346820
vt 0.275000 0.346710
vt 0.272830 0.347140
vt 0.275600 0.346710
vt 0.272230 0.347250
vt 0.276320 0.346820
vt 0.273190 0.339060
vt 0.273920 0.338950
vt 0.274640 0.338950
vt 0.272470 0.339060
vt 0.275360 0.338950
vt 0.271750 0.339170
vt 0.276080 0.338950
vt 0.276930 0.338840
vt 0.277650 0.338950
vt 0.278370 0.338840
vt 0.277050 0.338510
vt 0.278850 0.338400
vt 0.276810 0.337750
vt 0.278970 0.337640
vt 0.389160 0.098420
vt 0.387830 0.113390
vt 0.381330 0.098420
vt 0.380970 0.113390
vt 0.395540 0.114700
vt 0.388800 0.113500
vt 0.397950 0.099950
vt 0.390120 0.098530
vt 0.389160 0.097440
vt 0.381330 0.097440
vt 0.380970 0.114380
vt 0.387830 0.114380
vt 0.380370 0.098420
vt 0.380010 0.113390
vt 0.915760 0.108150
vt 0.914560 0.123120
vt 0.907810 0.108260
vt 0.907690 0.123340
vt 0.922380 0.124430
vt 0.915520 0.123230
vt 0.924550 0.109570
vt 0.916720 0.108260
vt 0.915760 0.107160
vt 0.907810 0.107380
vt 0.907690 0.124210
vt 0.914560 0.124100
vt 0.906850 0.108260
vt 0.906730 0.123230
vt 0.909020 0.007390
vt 0.908780 0.015370
vt 0.931420 0.049460
vt 0.935270 0.123450
vt 0.906730 0.015480
vt 0.930090 0.050880
vt 0.907330 0.005970
vt 0.933820 0.125080
vt 0.546430 0.444730
vt 0.538120 0.444620
vt 0.547150 0.372610
vt 0.538840 0.369440
vt 0.005860 0.828960
vt 0.037650 0.899560
vt 0.005860 0.900980
vt 0.037650 0.900980
vt 0.418060 0.442220
vt 0.409870 0.442110
vt 0.418300 0.443970
vt 0.409630 0.443970
vt 0.547270 0.329110
vt 0.538960 0.332280
vt 0.548960 0.133830
vt 0.540650 0.130550
vt 0.077030 0.783070
vt 0.077030 0.819350
vt 0.006340 0.783070
vt 0.006340 0.819350
vt 0.906730 0.436970
vt 0.930090 0.401020
vt 0.908780 0.436970
vt 0.931290 0.402660
vt 0.549200 0.090440
vt 0.540770 0.093500
vt 0.549920 0.018430
vt 0.541610 0.018210
vt 0.077030 0.532480
vt 0.077030 0.568660
vt 0.006340 0.532480
vt 0.006340 0.568660
vt 0.281740 0.371190
vt 0.290170 0.368020
vt 0.281500 0.443200
vt 0.289930 0.443310
vt 0.984760 0.006520
vt 0.983200 0.007940
vt 0.955140 0.123560
vt 0.956460 0.125300
vt 0.428780 0.007610
vt 0.932020 0.393040
vt 0.930930 0.392060
vt 0.077510 0.578270
vt 0.077510 0.773450
vt 0.005860 0.578270
vt 0.005860 0.773450
vt 0.282590 0.132410
vt 0.290900 0.129240
vt 0.281860 0.327690
vt 0.290170 0.330860
vt 0.909020 0.445060
vt 0.907450 0.446480
vt 0.077510 0.450850
vt 0.077510 0.522870
vt 0.045720 0.450850
vt 0.045720 0.452270
vt 0.037530 0.450850
vt 0.037530 0.452270
vt 0.005860 0.450850
vt 0.005860 0.522870
vt 0.282710 0.016790
vt 0.291020 0.016790
vt 0.282590 0.088910
vt 0.290900 0.092080
vt 0.983200 0.015910
vt 0.985240 0.016130
vt 0.960080 0.049680
vt 0.420350 0.224200
vt 0.410110 0.224090
vt 0.933220 0.386490
vt 0.933820 0.387910
vt 0.961400 0.051210
vt 0.985000 0.436430
vt 0.982960 0.436540
vt 0.961280 0.400800
vt 0.960080 0.402440
vt 0.939120 0.387580
vt 0.941530 0.391950
vt 0.949720 0.391840
vt 0.941890 0.445280
vt 0.950080 0.445170
vt 0.982830 0.444510
vt 0.984520 0.445930
vt 0.959230 0.392820
vt 0.960320 0.391840
vt 0.420950 0.011000
vt 0.425290 0.010890
vt 0.422280 0.006300
vt 0.420470 0.008480
vt 0.413120 0.008260
vt 0.411440 0.005860
vt 0.412400 0.010780
vt 0.957430 0.387690
vt 0.957910 0.386270
vt 0.952010 0.387470
vt 0.408070 0.010780
vt 0.404690 0.007390
vt 0.045720 0.899560
vt 0.077510 0.828960
vt 0.045720 0.900980
vt 0.077510 0.900980
vt 0.538120 0.332500
vt 0.538000 0.369110
vt 0.077510 0.820000
vt 0.005860 0.820000
vt 0.077510 0.782410
vt 0.005860 0.782410
vt 0.005860 0.569420
vt 0.077510 0.569420
vt 0.077510 0.531720
vt 0.005860 0.531720
vt 0.291740 0.129020
vt 0.291620 0.092300
vt 0.540050 0.093720
vt 0.539810 0.130330
vt 0.290900 0.367800
vt 0.291020 0.331190
vt 0.179630 0.080500
vt 0.179510 0.083670
vt 0.158910 0.083670
vt 0.159160 0.086840
vt 0.158790 0.080500
vt 0.179870 0.077220
vt 0.158550 0.077220
vt 0.179990 0.074050
vt 0.158430 0.074050
vt 0.179990 0.070880
vt 0.158430 0.070880
vt 0.179870 0.067710
vt 0.158550 0.067710
vt 0.179750 0.064430
vt 0.158670 0.064430
vt 0.179270 0.086840
vt 0.159160 0.090010
vt 0.179270 0.090010
vt 0.159160 0.051650
vt 0.179270 0.051650
vt 0.159160 0.054930
vt 0.179270 0.054930
vt 0.159030 0.058100
vt 0.179390 0.058100
vt 0.158910 0.061260
vt 0.179510 0.061260
vt 0.971030 0.061590
vt 0.991870 0.061590
vt 0.970910 0.064760
vt 0.992110 0.064760
vt 0.970790 0.067930
vt 0.992230 0.067930
vt 0.970790 0.071210
vt 0.992230 0.071210
vt 0.970790 0.074380
vt 0.992110 0.074380
vt 0.971030 0.077550
vt 0.991990 0.077550
vt 0.991750 0.080720
vt 0.971150 0.080720
vt 0.991750 0.058420
vt 0.971270 0.058420
vt 0.991630 0.055150
vt 0.971390 0.055150
vt 0.991510 0.051980
vt 0.971520 0.051980
vt 0.991510 0.090330
vt 0.971520 0.090330
vt 0.991510 0.087160
vt 0.971520 0.087160
vt 0.991630 0.084000
vt 0.971390 0.084000
vt 0.479480 0.105630
vt 0.479230 0.108910
vt 0.477310 0.352830
vt 0.477550 0.356100
vt 0.477430 0.111530
vt 0.475500 0.350200
vt 0.472610 0.348780
vt 0.474420 0.112850
vt 0.471290 0.112520
vt 0.469480 0.349000
vt 0.466830 0.350860
vt 0.468640 0.110660
vt 0.352430 0.108260
vt 0.352190 0.104980
vt 0.354240 0.110880
vt 0.353510 0.349440
vt 0.351710 0.352060
vt 0.356400 0.348130
vt 0.357130 0.112190
vt 0.360380 0.111970
vt 0.359660 0.348460
vt 0.362190 0.350310
vt 0.363030 0.110110
vt 0.351350 0.355340
v 3.474688 -0.001504 -8.500408
v 3.474979 0.002583 -8.473673
v 3.474836 -0.001504 -8.486859
v 3.474979 1.061812 -8.473673
v 3.474688 1.083742 -8.500408
v 3.474836 1.075767 -8.486859
v 3.395080 0.396695 -9.225620
v 3.395080 0.359946 -9.225620
v 3.242481 0.173905 -9.223957
v 3.393275 0.396695 -9.391119
v 3.240677 0.173905 -9.389456
v 3.393275 0.359946 -9.391119
v 3.370344 0.359946 -11.494696
v 3.217745 0.173905 -11.493032
v 3.370344 0.396695 -11.494696
v 3.368540 0.396695 -11.660195
v 3.215941 0.173905 -11.658532
v 3.368540 0.359946 -11.660195
v 3.550092 0.002583 -8.474491
v 3.549800 -0.001504 -8.501226
v 3.549948 -0.001504 -8.487678
v 3.549800 1.083742 -8.501226
v 3.550092 1.061812 -8.474491
v 3.549948 1.075767 -8.487678
v 3.764374 0.173905 -9.395164
v 3.611776 0.396695 -9.393501
v 3.611776 0.359946 -9.393501
v 3.766178 0.173905 -9.229666
v 3.613580 0.359946 -9.228003
v 3.613580 0.396695 -9.228003
v 3.739638 0.173905 -11.664241
v 3.587040 0.396695 -11.662578
v 3.587040 0.359946 -11.662578
v 3.741442 0.173905 -11.498741
v 3.588844 0.359946 -11.497078
v 3.588844 0.396695 -11.497078
v 3.441077 0.510566 -12.351130
v 3.388930 0.506479 -12.363508
v 3.437030 1.081449 -10.532319
v 3.432028 0.002583 -12.413707
v 3.432028 0.472720 -12.413707
v 3.432170 -0.001504 -12.400640
v 3.507283 -0.001504 -12.401459
v 3.507140 0.472720 -12.414525
v 3.507140 0.002583 -12.414525
v 3.543153 1.081449 -10.533476
v 3.551322 0.506479 -12.365278
v 3.499478 0.510566 -12.351768
v 3.430972 1.085171 -10.462561
v 3.454171 1.087264 -8.506114
v 3.432843 1.087264 -10.462581
v 3.570188 1.087264 -8.507379
v 3.550730 1.085171 -10.463866
v 3.548860 1.087264 -10.463845
v 3.422279 1.075767 -10.492473
v 3.386694 0.681522 -11.572311
v 3.411313 0.681522 -9.314001
v 3.384946 0.662250 -11.625648
v 3.386234 0.679063 -11.601585
v 3.365323 0.476840 -12.399912
v 3.383201 0.635602 -11.638092
v 3.360476 0.396695 -12.399858
v 3.380172 0.582039 -11.618942
v 3.381458 0.606228 -11.635654
v 3.405810 0.582039 -9.267117
v 3.403142 0.396695 -8.486077
v 3.407460 0.606228 -9.250438
v 3.410729 0.662250 -9.260515
v 3.409256 0.635602 -9.248036
v 3.444147 1.075767 -8.486525
v 3.411491 0.679063 -9.284722
v 3.574659 0.606228 -11.637760
v 3.576309 0.582039 -11.621080
v 3.578977 0.396695 -12.402241
v 3.571390 0.662250 -11.627682
v 3.572863 0.635602 -11.640160
v 3.574130 0.476840 -12.402187
v 3.570627 0.679063 -11.603596
v 3.595424 0.681522 -9.316008
v 3.570805 0.681522 -11.574318
v 3.558769 1.075767 -10.493960
v 3.601947 0.582039 -9.269255
v 3.600662 0.606228 -9.252543
v 3.621642 0.396695 -8.488460
v 3.598918 0.635602 -9.250104
v 3.597173 0.662250 -9.262548
v 3.580637 1.075767 -8.488012
v 3.595884 0.679063 -9.286733
v 3.549913 0.210256 -8.441095
v 3.553302 0.214376 -8.440165
v 3.551186 0.210256 -8.451635
v 3.554647 0.214376 -8.451431
v 3.550947 0.210256 -8.473533
v 3.554406 0.214376 -8.473571
v 3.549913 0.204873 -8.441095
v 3.551186 0.204873 -8.451635
v 3.546194 0.210256 -8.431737
v 3.549228 0.214376 -8.430077
v 3.558465 0.215306 -8.438890
v 3.559941 0.215306 -8.451125
v 3.550947 0.204873 -8.473533
v 3.559695 0.215306 -8.473628
v 3.553282 0.200752 -8.440165
v 3.549913 0.204873 -8.441095
v 3.554627 0.200752 -8.451430
v 3.551186 0.204873 -8.451635
v 3.546173 0.204873 -8.431737
v 3.542687 0.214376 -8.421294
v 3.540186 0.210256 -8.423808
v 3.553883 0.215306 -8.427466
v 3.563003 0.212615 -8.437729
v 3.564589 0.212615 -8.450934
v 3.554386 0.200752 -8.473570
v 3.550947 0.204873 -8.473533
v 3.564341 0.212615 -8.473679
v 3.566171 0.207531 -8.473699
v 3.566420 0.207531 -8.450833
v 3.564320 0.202514 -8.473679
v 3.564568 0.202514 -8.450934
v 3.559920 0.199822 -8.451125
v 3.559675 0.199822 -8.473628
v 3.558445 0.199822 -8.438889
v 3.549208 0.200752 -8.430077
v 3.546173 0.204873 -8.431737
v 3.540186 0.204873 -8.423808
v 3.534092 0.214376 -8.414545
v 3.532309 0.210256 -8.417551
v 3.546489 0.215306 -8.417584
v 3.557971 0.212615 -8.425091
v 3.564798 0.207531 -8.437264
v 3.562983 0.202514 -8.437729
v 3.553863 0.199822 -8.427466
v 3.542667 0.200752 -8.421294
v 3.540186 0.204873 -8.423808
v 3.532309 0.204873 -8.417551
v 3.524062 0.214376 -8.410323
v 3.523120 0.210256 -8.413700
v 3.536817 0.215306 -8.409979
v 3.549842 0.212615 -8.414354
v 3.559570 0.207531 -8.424261
v 3.557950 0.202513 -8.425212
v 3.546468 0.199822 -8.417584
v 3.534070 0.200752 -8.414666
v 3.532309 0.204873 -8.417551
v 3.523120 0.204873 -8.413700
v 3.513258 0.214376 -8.408753
v 3.513219 0.210256 -8.412262
v 3.525486 0.215306 -8.405135
v 3.539193 0.212615 -8.406011
v 3.551164 0.207531 -8.413038
v 3.549822 0.202513 -8.414354
v 3.536797 0.199822 -8.409978
v 3.524041 0.200752 -8.410323
v 3.523120 0.204873 -8.413700
v 3.513219 0.204873 -8.412262
v 3.503271 0.210256 -8.413484
v 3.502402 0.214376 -8.410087
v 3.513316 0.215306 -8.403430
v 3.526761 0.212615 -8.400672
v 3.540137 0.207531 -8.404327
v 3.539193 0.202513 -8.406011
v 3.525486 0.199822 -8.405135
v 3.513258 0.200752 -8.408753
v 3.513219 0.204873 -8.412262
v 3.503271 0.204873 -8.413484
v 3.493999 0.210256 -8.417133
v 3.492282 0.214376 -8.414089
v 3.501091 0.215306 -8.404870
v 3.513367 0.212615 -8.398711
v 3.527243 0.207531 -8.398863
v 3.526741 0.202513 -8.400672
v 3.513316 0.199822 -8.403430
v 3.503271 0.204873 -8.413484
v 3.502422 0.200752 -8.410087
v 3.493999 0.204873 -8.417133
v 3.483542 0.214376 -8.420650
v 3.485988 0.210256 -8.423217
v 3.489658 0.215306 -8.409465
v 3.499914 0.212615 -8.400380
v 3.513387 0.207531 -8.396897
v 3.513367 0.202513 -8.398711
v 3.501091 0.199822 -8.404870
v 3.493999 0.204873 -8.417133
v 3.492301 0.200752 -8.414210
v 3.485988 0.204873 -8.423217
v 3.476810 0.214376 -8.429287
v 3.479809 0.210256 -8.431014
v 3.479822 0.215306 -8.416858
v 3.487368 0.212615 -8.405446
v 3.499471 0.207531 -8.398560
v 3.499934 0.202513 -8.400380
v 3.489678 0.199822 -8.409465
v 3.483562 0.200752 -8.420650
v 3.485988 0.204873 -8.423217
v 3.479829 0.204873 -8.431014
v 3.475886 0.210256 -8.440289
v 3.472518 0.214376 -8.439283
v 3.472214 0.215306 -8.426576
v 3.476540 0.212615 -8.413555
v 3.486462 0.207531 -8.403742
v 3.487368 0.202513 -8.405446
v 3.479842 0.199822 -8.416858
v 3.476831 0.200752 -8.429287
v 3.479829 0.204873 -8.431014
v 3.475886 0.204873 -8.440289
v 3.474384 0.210256 -8.450798
v 3.470927 0.214376 -8.450519
v 3.467385 0.215306 -8.437896
v 3.468178 0.212615 -8.424112
v 3.475247 0.207531 -8.412210
v 3.476560 0.202513 -8.413555
v 3.472234 0.199822 -8.426577
v 3.472538 0.200752 -8.439284
v 3.475886 0.204873 -8.440289
v 3.474384 0.204873 -8.450798
v 3.474145 0.210256 -8.472695
v 3.470686 0.214376 -8.472658
v 3.465642 0.215306 -8.450097
v 3.462873 0.212615 -8.436638
v 3.466599 0.207531 -8.423248
v 3.468197 0.202513 -8.424233
v 3.467405 0.199822 -8.437897
v 3.470948 0.200752 -8.450519
v 3.474384 0.204873 -8.450798
v 3.474145 0.204873 -8.472695
v 3.465397 0.215306 -8.472600
v 3.460999 0.212615 -8.449805
v 3.461088 0.207531 -8.436133
v 3.462893 0.202513 -8.436638
v 3.465662 0.199822 -8.450097
v 3.470706 0.200752 -8.472658
v 3.474145 0.204873 -8.472695
v 3.465417 0.199822 -8.472600
v 3.461020 0.202513 -8.449805
v 3.460772 0.202513 -8.472549
v 3.459171 0.207531 -8.449664
v 3.458921 0.207531 -8.472529
v 3.460752 0.212615 -8.472549
v 3.549913 0.858060 -8.441095
v 3.553302 0.862180 -8.440165
v 3.551186 0.858060 -8.451635
v 3.554647 0.862180 -8.451431
v 3.550947 0.858060 -8.473533
v 3.554406 0.862180 -8.473571
v 3.549913 0.852711 -8.441095
v 3.551186 0.852711 -8.451635
v 3.546193 0.858060 -8.431737
v 3.549228 0.862180 -8.430077
v 3.558465 0.863111 -8.438890
v 3.559941 0.863111 -8.451125
v 3.550947 0.852711 -8.473533
v 3.559695 0.863111 -8.473628
v 3.553282 0.848590 -8.440165
v 3.549913 0.852711 -8.441095
v 3.554627 0.848590 -8.451430
v 3.551186 0.852711 -8.451635
v 3.546173 0.852711 -8.431737
v 3.542687 0.862180 -8.421294
v 3.540186 0.858060 -8.423808
v 3.553883 0.863111 -8.427466
v 3.563003 0.860419 -8.437729
v 3.564589 0.860419 -8.450934
v 3.554386 0.848590 -8.473570
v 3.550947 0.852711 -8.473533
v 3.564341 0.860419 -8.473679
v 3.566171 0.855369 -8.473699
v 3.566420 0.855369 -8.450833
v 3.564320 0.850318 -8.473679
v 3.564568 0.850318 -8.450934
v 3.559920 0.847627 -8.451125
v 3.559675 0.847627 -8.473628
v 3.558444 0.847627 -8.438889
v 3.549208 0.848590 -8.430077
v 3.546173 0.852711 -8.431737
v 3.540186 0.852711 -8.423808
v 3.534092 0.862180 -8.414545
v 3.532309 0.858060 -8.417551
v 3.546488 0.863111 -8.417584
v 3.557971 0.860419 -8.425091
v 3.564798 0.855369 -8.437264
v 3.562983 0.850318 -8.437729
v 3.553863 0.847627 -8.427466
v 3.542667 0.848590 -8.421294
v 3.540186 0.852711 -8.423808
v 3.532309 0.852711 -8.417551
v 3.524061 0.862180 -8.410323
v 3.523119 0.858060 -8.413700
v 3.536816 0.863111 -8.409979
v 3.549842 0.860419 -8.414354
v 3.559570 0.855369 -8.424261
v 3.557950 0.850318 -8.425212
v 3.546468 0.847627 -8.417584
v 3.534070 0.848590 -8.414666
v 3.532309 0.852711 -8.417551
v 3.523119 0.852711 -8.413700
v 3.513258 0.862180 -8.408753
v 3.513219 0.858060 -8.412262
v 3.525486 0.863111 -8.405135
v 3.539193 0.860419 -8.406011
v 3.551164 0.855369 -8.413038
v 3.549822 0.850318 -8.414354
v 3.536796 0.847627 -8.409978
v 3.524041 0.848590 -8.410323
v 3.523119 0.852711 -8.413700
v 3.513219 0.852711 -8.412262
v 3.503270 0.858060 -8.413484
v 3.502402 0.862180 -8.410087
v 3.513316 0.863111 -8.403430
v 3.526761 0.860419 -8.400672
v 3.540137 0.855369 -8.404327
v 3.539193 0.850318 -8.406011
v 3.525486 0.847627 -8.405135
v 3.513258 0.848590 -8.408753
v 3.513219 0.852711 -8.412262
v 3.503270 0.852711 -8.413484
v 3.493999 0.858060 -8.417133
v 3.492282 0.862180 -8.414089
v 3.501091 0.863111 -8.404870
v 3.513367 0.860419 -8.398711
v 3.527243 0.855369 -8.398863
v 3.526741 0.850318 -8.400672
v 3.513316 0.847627 -8.403430
v 3.503270 0.852711 -8.413484
v 3.502422 0.848590 -8.410087
v 3.493999 0.852711 -8.417133
v 3.483542 0.862180 -8.420650
v 3.485988 0.858060 -8.423217
v 3.489657 0.863111 -8.409465
v 3.499914 0.860419 -8.400380
v 3.513387 0.855369 -8.396897
v 3.513367 0.850318 -8.398711
v 3.501091 0.847627 -8.404870
v 3.493999 0.852711 -8.417133
v 3.492301 0.848590 -8.414210
v 3.485988 0.852711 -8.423217
v 3.476810 0.862180 -8.429287
v 3.479809 0.858060 -8.431014
v 3.479822 0.863111 -8.416858
v 3.487368 0.860419 -8.405446
v 3.499471 0.855369 -8.398560
v 3.499934 0.850318 -8.400380
v 3.489677 0.847627 -8.409465
v 3.483562 0.848590 -8.420650
v 3.485988 0.852711 -8.423217
v 3.479829 0.852711 -8.431014
v 3.475886 0.858060 -8.440289
v 3.472518 0.862180 -8.439283
v 3.472214 0.863111 -8.426576
v 3.476540 0.860419 -8.413555
v 3.486462 0.855369 -8.403742
v 3.487368 0.850318 -8.405446
v 3.479842 0.847627 -8.416858
v 3.476831 0.848590 -8.429287
v 3.479829 0.852711 -8.431014
v 3.475886 0.852711 -8.440289
v 3.474384 0.858060 -8.450798
v 3.470927 0.862180 -8.450519
v 3.467384 0.863111 -8.437896
v 3.468178 0.860419 -8.424112
v 3.475247 0.855369 -8.412210
v 3.476560 0.850318 -8.413555
v 3.472234 0.847627 -8.426577
v 3.472538 0.848590 -8.439284
v 3.475886 0.852711 -8.440289
v 3.474384 0.852711 -8.450798
v 3.474145 0.858060 -8.472695
v 3.470686 0.862180 -8.472658
v 3.465642 0.863111 -8.450097
v 3.462873 0.860419 -8.436638
v 3.466599 0.855369 -8.423248
v 3.468197 0.850318 -8.424233
v 3.467404 0.847627 -8.437897
v 3.470948 0.848590 -8.450519
v 3.474384 0.852711 -8.450798
v 3.474145 0.852711 -8.472695
v 3.465397 0.863111 -8.472600
v 3.460999 0.860419 -8.449805
v 3.461088 0.855369 -8.436133
v 3.462893 0.850318 -8.436638
v 3.465662 0.847627 -8.450097
v 3.470706 0.848590 -8.472658
v 3.474145 0.852711 -8.472695
v 3.465417 0.847627 -8.472600
v 3.461020 0.850318 -8.449805
v 3.460772 0.850318 -8.472549
v 3.459171 0.855369 -8.449664
v 3.458921 0.855369 -8.472529
v 3.460752 0.860419 -8.472549
v 3.591986 0.784428 -8.467204
v 3.582232 0.922389 -8.467098
v 3.552348 0.783664 -8.466772
v 3.552348 0.921625 -8.466772
v 3.552284 0.921625 -8.472700
v 3.582168 0.922389 -8.473026
v 3.552284 0.783664 -8.472700
v 3.591922 0.784428 -8.473132
v 3.591922 0.784428 -8.473132
v 3.552284 0.783664 -8.472700
v 3.582168 0.922389 -8.473026
v 3.591922 0.784428 -8.473132
v 3.552284 0.921625 -8.472700
v 3.582168 0.922389 -8.473026
v 3.434702 0.784428 -8.465489
v 3.474340 0.783664 -8.465921
v 3.444455 0.922389 -8.465596
v 3.474340 0.921625 -8.465921
v 3.474275 0.921625 -8.471849
v 3.474275 0.783664 -8.471849
v 3.444391 0.922389 -8.471524
v 3.434637 0.784428 -8.471417
v 3.474275 0.783664 -8.471849
v 3.434637 0.784428 -8.471417
v 3.474275 0.921625 -8.471849
v 3.474275 0.783664 -8.471849
v 3.444391 0.922389 -8.471524
v 3.474275 0.921625 -8.471849
v 3.591986 0.136623 -8.467204
v 3.582232 0.274584 -8.467098
v 3.552348 0.135859 -8.466772
v 3.552348 0.273820 -8.466772
v 3.552284 0.273820 -8.472700
v 3.582168 0.274584 -8.473026
v 3.552284 0.135859 -8.472700
v 3.591922 0.136623 -8.473132
v 3.591922 0.136623 -8.473132
v 3.552284 0.135859 -8.472700
v 3.582168 0.274584 -8.473026
v 3.591922 0.136623 -8.473132
v 3.552284 0.273820 -8.472700
v 3.582168 0.274584 -8.473026
v 3.434702 0.136623 -8.465489
v 3.474340 0.135859 -8.465921
v 3.444455 0.274584 -8.465596
v 3.474340 0.273820 -8.465921
v 3.474275 0.273820 -8.471849
v 3.474275 0.135859 -8.471849
v 3.444391 0.274584 -8.471524
v 3.434637 0.136623 -8.471417
v 3.474275 0.135859 -8.471849
v 3.434637 0.136623 -8.471417
v 3.474275 0.273820 -8.471849
v 3.474275 0.135859 -8.471849
v 3.444391 0.274584 -8.471524
v 3.474275 0.273820 -8.471849
v 3.196228 0.002583 -8.470634
v 3.196228 0.076182 -8.470634
v 3.407649 0.384833 -8.472939
v 3.447026 1.061812 -8.473368
v 3.182912 0.075152 -8.483677
v 3.403142 0.396695 -8.486077
v 3.182912 -0.001504 -8.483677
v 3.444147 1.075767 -8.486525
v 3.182912 -0.001504 -8.483677
v 3.182912 0.075152 -8.483677
v 3.175689 -0.001504 -9.146277
v 3.175369 0.075152 -9.175554
v 3.175689 -0.001504 -9.146277
v 3.474688 -0.001504 -8.500408
v 3.182912 -0.001504 -8.483677
v 3.474836 -0.001504 -8.486859
v 3.474688 1.083742 -8.500408
v 3.549800 1.083742 -8.501226
v 3.474836 1.075767 -8.486859
v 3.549948 1.075767 -8.487678
v 3.171367 -0.001504 -9.542725
v 3.171686 0.075152 -9.513448
v 3.151791 -0.001504 -11.338411
v 3.151473 0.075152 -11.367567
v 3.826508 0.081233 -9.518287
v 3.830142 0.081233 -9.184991
v 3.175874 0.081233 -9.511193
v 3.179507 0.081233 -9.177897
v 3.140246 0.075152 -12.397458
v 3.360476 0.396695 -12.399858
v 3.153276 0.076182 -12.410667
v 3.364698 0.384833 -12.412972
v 3.147471 -0.001504 -11.734736
v 3.147789 0.075152 -11.705581
v 3.140246 -0.001504 -12.397458
v 3.140246 0.075152 -12.397458
v 3.802613 0.081233 -11.710299
v 3.806246 0.081233 -11.377004
v 3.151978 0.081233 -11.703206
v 3.155611 0.081233 -11.369910
v 3.834649 -0.001504 -9.153461
v 3.834329 0.075152 -9.182737
v 3.841872 -0.001504 -8.490860
v 3.841872 0.075152 -8.490860
v 3.841872 -0.001504 -8.490860
v 3.828843 0.002583 -8.477530
v 3.578045 1.061812 -8.474796
v 3.580637 1.075767 -8.488012
v 3.365323 0.476840 -12.399912
v 3.369806 0.472720 -12.413029
v 3.365323 0.476840 -12.399912
v 3.810751 -0.001504 -11.345594
v 3.830327 -0.001504 -9.549908
v 3.151791 -0.001504 -11.338411
v 3.171367 -0.001504 -9.542725
v 3.810751 -0.001504 -11.345594
v 3.810434 0.075152 -11.374750
v 3.830327 -0.001504 -9.549908
v 3.830646 0.075152 -9.520631
v 3.153276 0.002583 -12.410667
v 3.140246 -0.001504 -12.397458
v 3.799206 -0.001504 -12.404641
v 3.806431 -0.001504 -11.741920
v 3.507283 -0.001504 -12.401459
v 3.507431 -0.001504 -12.387910
v 3.432170 -0.001504 -12.400640
v 3.432318 -0.001504 -12.387092
v 3.140246 -0.001504 -12.397458
v 3.147471 -0.001504 -11.734736
v 3.799206 -0.001504 -12.404641
v 3.799206 0.075152 -12.404641
v 3.806431 -0.001504 -11.741920
v 3.806749 0.075152 -11.712764
v 3.828843 0.076182 -8.477530
v 3.841872 0.075152 -8.490860
v 3.617422 0.384833 -8.475225
v 3.443860 1.090487 -10.503596
v 3.536951 1.090487 -10.504611
v 3.388930 0.506479 -12.363508
v 3.392413 0.502558 -12.376129
v 3.621642 0.396695 -8.488460
v 3.799206 0.075152 -12.404641
v 3.785892 0.076182 -12.417564
v 3.578977 0.396695 -12.402241
v 3.574470 0.384833 -12.415259
v 3.440799 0.502558 -12.376657
v 3.432318 0.481093 -12.387092
v 3.507431 0.481093 -12.387910
v 3.432318 -0.001504 -12.387092
v 3.507431 -0.001504 -12.387910
v 3.785892 0.002583 -12.417564
v 3.799206 -0.001504 -12.404641
v 3.569362 0.472720 -12.415204
v 3.574130 0.476840 -12.402187
v 3.440799 0.502558 -12.376657
v 3.392413 0.502558 -12.376129
v 3.432028 0.472720 -12.413707
v 3.432318 0.481093 -12.387092
v 3.507431 0.481093 -12.387910
v 3.507140 0.472720 -12.414525
v 3.499199 0.502558 -12.377294
v 3.547565 0.502558 -12.377821
v 3.551322 0.506479 -12.365278
v 3.499199 0.502558 -12.377294
v 3.547565 0.502558 -12.377821
v 3.574130 0.476840 -12.402187
v 3.549800 -0.001504 -8.501226
v 3.834649 -0.001504 -9.153461
v 3.549948 -0.001504 -8.487678
v 3.841872 -0.001504 -8.490860
v 3.175874 0.081233 -9.511193
v 3.179507 0.081233 -9.177897
v 3.834329 0.075152 -9.182737
v 3.175369 0.075152 -9.175554
v 3.830646 0.075152 -9.520631
v 3.171686 0.075152 -9.513448
v 3.151473 0.075152 -11.367567
v 3.810434 0.075152 -11.374750
v 3.806749 0.075152 -11.712764
v 3.147789 0.075152 -11.705581
v 3.806246 0.081233 -11.377004
v 3.802613 0.081233 -11.710299
v 3.151978 0.081233 -11.703206
v 3.155611 0.081233 -11.369910
v 3.830142 0.081233 -9.184991
v 3.826508 0.081233 -9.518287
v 3.598907 0.615399 -9.361781
v 3.597164 0.644739 -9.359344
v 3.408628 0.644739 -9.357287
v 3.410280 0.668962 -9.340487
v 3.406832 0.615399 -9.359687
v 3.600653 0.588717 -9.349216
v 3.405360 0.588717 -9.347088
v 3.601942 0.571904 -9.325153
v 3.404597 0.571904 -9.323002
v 3.602401 0.569479 -9.295879
v 3.404776 0.569479 -9.293725
v 3.601947 0.582039 -9.269255
v 3.405810 0.582039 -9.267117
v 3.600662 0.606228 -9.252543
v 3.407460 0.606228 -9.250438
v 3.595879 0.668962 -9.342511
v 3.411313 0.681522 -9.314001
v 3.595424 0.681522 -9.316008
v 3.411313 0.681522 -9.314001
v 3.595424 0.681522 -9.316008
v 3.411491 0.679063 -9.284722
v 3.595884 0.679063 -9.286733
v 3.410729 0.662250 -9.260515
v 3.597173 0.662250 -9.262548
v 3.409256 0.635602 -9.248036
v 3.598918 0.635602 -9.250104
v 3.383212 0.615399 -11.526415
v 3.575287 0.615399 -11.528509
v 3.381466 0.588717 -11.538980
v 3.576759 0.588717 -11.541109
v 3.380178 0.571904 -11.563044
v 3.577522 0.571904 -11.565195
v 3.379718 0.569479 -11.592319
v 3.577344 0.569479 -11.594474
v 3.573490 0.644739 -11.531032
v 3.384954 0.644739 -11.528975
v 3.571840 0.668962 -11.547710
v 3.386240 0.668962 -11.545687
v 3.570805 0.681522 -11.574318
v 3.386694 0.681522 -11.572311
v 3.380172 0.582039 -11.618942
v 3.576309 0.582039 -11.621080
v 3.381458 0.606228 -11.635654
v 3.574659 0.606228 -11.637760
v 3.383201 0.635602 -11.638092
v 3.572863 0.635602 -11.640160
v 3.384946 0.662250 -11.625648
v 3.571390 0.662250 -11.627682
v 3.386234 0.679063 -11.601585
v 3.570627 0.679063 -11.603596
v 3.386694 0.681522 -11.572311
v 3.570805 0.681522 -11.574318
v 3.379718 0.569479 -11.592319
v 3.380178 0.571904 -11.563044
v 3.404597 0.571904 -9.323002
v 3.404776 0.569479 -9.293725
v 3.381466 0.588717 -11.538980
v 3.405360 0.588717 -9.347088
v 3.406832 0.615399 -9.359687
v 3.383212 0.615399 -11.526415
v 3.384954 0.644739 -11.528975
v 3.408628 0.644739 -9.357287
v 3.410280 0.668962 -9.340487
v 3.386240 0.668962 -11.545687
v 3.577522 0.571904 -11.565195
v 3.577344 0.569479 -11.594474
v 3.576759 0.588717 -11.541109
v 3.600653 0.588717 -9.349216
v 3.601942 0.571904 -9.325153
v 3.598907 0.615399 -9.361781
v 3.575287 0.615399 -11.528509
v 3.573490 0.644739 -11.531032
v 3.597164 0.644739 -9.359344
v 3.595879 0.668962 -9.342511
v 3.571840 0.668962 -11.547710
v 3.602401 0.569479 -9.295879
vn 0.9999 -0.0000 -0.0109
vn -0.0087 -0.0000 -1.0000
vn 0.0131 -0.0000 0.9999
vn -0.9999 -0.0000 0.0109
vn -0.0011 0.9524 -0.3048
vn -0.4747 0.8439 -0.2500
vn -0.2475 0.9259 -0.2854
vn 0.9999 -0.0041 -0.0122
vn -0.9999 -0.0038 0.0131
vn 0.2412 0.9259 -0.2907
vn 0.4691 0.8434 -0.2617
vn -0.0055 0.9524 -0.3047
vn -0.7124 0.7016 0.0172
vn -0.7482 0.6634 0.0082
vn -0.7483 0.6634 0.0082
vn 0.7482 0.6634 -0.0100
vn 0.7125 0.7017 -0.0021
vn 0.7482 0.6634 -0.0101
vn -0.9965 0.0829 0.0090
vn -0.9980 0.0610 0.0147
vn -0.9981 0.0610 0.0071
vn -0.9981 0.0610 0.0070
vn -0.9654 0.2551 -0.0549
vn -0.8909 0.4542 -0.0092
vn -0.9667 0.2545 0.0256
vn -0.9964 0.0828 0.0165
vn 0.9981 0.0609 -0.0109
vn 0.9981 0.0609 -0.0108
vn 0.8904 0.4541 -0.0304
vn 0.9981 0.0610 -0.0111
vn 0.9981 0.0610 -0.0109
vn 0.9639 0.2547 -0.0774
vn 0.9981 0.0613 -0.0111
vn 0.9981 0.0612 -0.0109
vn 0.9981 0.0611 -0.0109
vn 0.9965 0.0828 -0.0146
vn 0.9671 0.2541 0.0101
vn 0.9981 0.0608 -0.0109
vn 0.9965 0.0828 -0.0072
vn -0.9049 0.3587 -0.2293
vn -0.4460 0.8882 -0.1100
vn -0.9354 0.3521 -0.0331
vn -0.4799 0.8772 -0.0137
vn -0.9395 0.3425 0.0083
vn -0.4949 0.8689 0.0073
vn -0.9049 -0.3586 -0.2292
vn -0.9369 -0.3479 -0.0332
vn -0.8110 0.3649 -0.4574
vn -0.3997 0.8884 -0.2256
vn 0.2109 0.9760 0.0543
vn 0.1933 0.9811 0.0036
vn -0.9395 -0.3424 0.0083
vn 0.1760 0.9844 -0.0001
vn -0.4500 -0.8858 -0.1138
vn -0.9049 -0.3587 -0.2292
vn -0.4837 -0.8750 -0.0174
vn -0.9369 -0.3481 -0.0332
vn -0.8136 -0.3586 -0.4578
vn -0.3275 0.8889 -0.3202
vn -0.6656 0.3620 -0.6526
vn 0.1901 0.9757 0.1091
vn 0.7591 0.6204 0.1973
vn 0.7741 0.6323 0.0293
vn -0.4988 -0.8667 0.0036
vn -0.9395 -0.3425 0.0084
vn 0.7682 0.6401 -0.0121
vn 0.9993 -0.0037 0.0370
vn 0.7651 -0.6438 -0.0083
vn 0.7714 -0.6356 0.0311
vn 0.1933 -0.9811 0.0036
vn 0.1760 -0.9844 -0.0000
vn 0.2067 -0.9770 0.0525
vn -0.3997 -0.8884 -0.2256
vn -0.8135 -0.3587 -0.4577
vn -0.6656 -0.3620 -0.6526
vn -0.2317 0.8881 -0.3970
vn -0.4731 0.3662 -0.8013
vn 0.1562 0.9759 0.1525
vn 0.6822 0.6223 0.3838
vn 0.9686 -0.0037 0.2487
vn 0.7562 -0.6249 0.1940
vn 0.1901 -0.9757 0.1091
vn -0.3274 -0.8890 -0.3202
vn -0.6656 -0.3621 -0.6526
vn -0.4770 -0.3593 -0.8021
vn -0.1247 0.8895 -0.4396
vn -0.2499 0.3610 -0.8984
vn 0.1132 0.9756 0.1882
vn 0.5605 0.6190 0.5502
vn 0.8711 -0.0000 0.4911
vn 0.6822 -0.6224 0.3838
vn 0.1562 -0.9759 0.1525
vn -0.2360 -0.8877 -0.3953
vn -0.4769 -0.3595 -0.8021
vn -0.2500 -0.3610 -0.8984
vn -0.0028 0.8889 -0.4580
vn -0.0124 0.3616 -0.9322
vn 0.0613 0.9756 0.2110
vn 0.4006 0.6188 0.6757
vn 0.7140 -0.0000 0.7001
vn 0.5604 -0.6240 0.5446
vn 0.1089 -0.9764 0.1863
vn -0.1248 -0.8861 -0.4464
vn -0.2499 -0.3610 -0.8984
vn -0.0079 -0.3616 -0.9323
vn 0.2303 0.3610 -0.9037
vn 0.1151 0.8895 -0.4422
vn 0.0046 0.9761 0.2172
vn 0.2100 0.6235 0.7531
vn 0.5082 -0.0000 0.8613
vn 0.3966 -0.6221 0.6751
vn 0.0569 -0.9758 0.2110
vn -0.0028 -0.8889 -0.4580
vn -0.0080 -0.3617 -0.9322
vn 0.2303 -0.3610 -0.9037
vn 0.4554 0.3658 -0.8117
vn 0.2231 0.8906 -0.3963
vn -0.0566 0.9756 0.2123
vn 0.0063 0.6226 0.7825
vn 0.2676 -0.0038 0.9635
vn 0.2100 -0.6235 0.7531
vn 0.0002 -0.9761 0.2173
vn 0.2303 -0.3611 -0.9037
vn 0.1150 -0.8861 -0.4490
vn 0.4593 -0.3588 -0.8126
vn 0.3204 0.8884 -0.3287
vn 0.6512 0.3615 -0.6672
vn -0.1091 0.9756 0.1907
vn -0.1935 0.6234 0.7575
vn 0.0107 -0.6227 0.7824
vn -0.0523 -0.9758 0.2122
vn 0.4593 -0.3591 -0.8125
vn 0.2273 -0.8872 -0.4016
vn 0.6513 -0.3615 -0.6672
vn 0.3947 0.8881 -0.2358
vn 0.8008 0.3636 -0.4758
vn -0.1528 0.9759 0.1558
vn -0.3858 0.6222 0.6812
vn -0.2465 -0.0000 0.9691
vn -0.1935 -0.6234 0.7575
vn -0.1048 -0.9760 0.1907
vn 0.3204 -0.8885 -0.3287
vn 0.6512 -0.3615 -0.6672
vn 0.8033 -0.3573 -0.4764
vn 0.8997 0.3615 -0.2446
vn 0.4435 0.8880 -0.1214
vn -0.1877 0.9757 0.1132
vn -0.5484 0.6222 0.5588
vn -0.4893 -0.0038 0.8721
vn -0.3818 -0.6255 0.6804
vn -0.1529 -0.9759 0.1559
vn 0.3947 -0.8880 -0.2358
vn 0.8034 -0.3574 -0.4763
vn 0.8996 -0.3573 -0.2509
vn 0.9345 0.3527 -0.0478
vn 0.4794 0.8772 -0.0260
vn -0.2097 0.9759 0.0608
vn -0.6737 0.6237 0.3965
vn -0.6986 -0.0038 0.7155
vn -0.5484 -0.6222 0.5587
vn -0.1877 -0.9757 0.1132
vn 0.4474 -0.8855 -0.1253
vn 0.8996 -0.3575 -0.2508
vn 0.9360 -0.3484 -0.0496
vn 0.9394 0.3424 -0.0141
vn 0.4950 0.8689 -0.0054
vn -0.1932 0.9811 0.0097
vn -0.7546 0.6213 0.2109
vn -0.8601 -0.0000 0.5101
vn -0.6736 -0.6237 0.3965
vn -0.2054 -0.9769 0.0588
vn 0.4832 -0.8750 -0.0298
vn 0.9360 -0.3485 -0.0496
vn 0.9395 -0.3424 -0.0140
vn -0.1760 0.9844 0.0038
vn -0.7733 0.6322 0.0480
vn -0.9630 -0.0038 0.2695
vn -0.7518 -0.6242 0.2126
vn -0.1931 -0.9811 0.0097
vn 0.4987 -0.8667 -0.0092
vn 0.9394 -0.3426 -0.0139
vn -0.1760 -0.9844 0.0038
vn -0.7706 -0.6358 0.0443
vn -0.7654 -0.6435 0.0102
vn -0.9983 -0.0000 0.0589
vn -0.7680 0.6403 0.0084
vn -0.4460 0.8882 -0.1101
vn -0.4798 0.8773 -0.0137
vn -0.9370 -0.3479 -0.0332
vn 0.2110 0.9760 0.0542
vn 0.1933 0.9811 0.0035
vn 0.1760 0.9844 -0.0000
vn -0.4500 -0.8857 -0.1138
vn -0.9369 -0.3480 -0.0332
vn -0.8136 -0.3585 -0.4578
vn -0.3274 0.8890 -0.3202
vn 0.7591 0.6204 0.1972
vn 0.7742 0.6323 0.0293
vn -0.4988 -0.8667 0.0035
vn 0.7681 0.6402 -0.0122
vn 0.7655 -0.6434 -0.0083
vn 0.2066 -0.9770 0.0524
vn -0.3998 -0.8884 -0.2256
vn -0.6657 -0.3620 -0.6526
vn 0.6822 0.6224 0.3838
vn 0.9686 -0.0037 0.2486
vn -0.3275 -0.8889 -0.3203
vn -0.6656 -0.3621 -0.6525
vn -0.4769 -0.3593 -0.8021
vn -0.2499 0.3611 -0.8984
vn -0.2359 -0.8877 -0.3953
vn -0.2500 -0.3610 -0.8985
vn -0.0028 0.8890 -0.4580
vn 0.4006 0.6187 0.6758
vn -0.2499 -0.3611 -0.8984
vn -0.0124 -0.3616 -0.9323
vn 0.2100 0.6234 0.7531
vn 0.5079 -0.0001 0.8614
vn -0.0072 -0.8889 -0.4580
vn -0.0124 -0.3617 -0.9322
vn 0.0107 0.6226 0.7824
vn 0.2676 -0.0037 0.9635
vn 0.2100 -0.6234 0.7531
vn 0.1150 -0.8861 -0.4489
vn 0.4593 -0.3589 -0.8126
vn 0.0088 -0.0000 1.0000
vn 0.0063 -0.6227 0.7825
vn -0.1528 0.9759 0.1559
vn -0.2466 -0.0000 0.9691
vn -0.1936 -0.6234 0.7575
vn 0.3204 -0.8884 -0.3287
vn 0.6512 -0.3616 -0.6672
vn 0.8034 -0.3573 -0.4764
vn -0.5483 0.6222 0.5588
vn -0.3819 -0.6254 0.6804
vn -0.1528 -0.9759 0.1558
vn 0.4795 0.8772 -0.0260
vn -0.6737 0.6236 0.3965
vn -0.6985 -0.0038 0.7156
vn 0.9394 0.3424 -0.0140
vn 0.4949 0.8689 -0.0054
vn -0.1931 0.9811 0.0097
vn -0.8602 -0.0000 0.5100
vn -0.9629 -0.0038 0.2697
vn -0.7682 0.6402 0.0084
vn 0.0198 -0.9998 -0.0002
vn 0.0193 -0.9998 -0.0002
vn 0.9975 0.0698 -0.0091
vn -0.0242 0.9997 0.0003
vn -0.9975 0.0698 0.0071
vn -0.9975 0.0697 0.0071
vn -0.0193 -0.9998 0.0002
vn -0.0198 -0.9998 0.0002
vn 0.0241 0.9997 -0.0003
vn 0.0196 -0.9998 -0.0002
vn -0.0241 0.9997 0.0003
vn -0.0196 -0.9998 0.0002
vn 0.0242 0.9997 -0.0003
vn -0.0088 -0.0000 1.0000
vn -0.0481 0.0340 0.9983
vn 0.0131 0.0076 0.9999
vn -0.9040 0.4268 0.0268
vn -0.7950 0.3028 0.5256
vn -0.9996 -0.0000 0.0283
vn -0.0020 -0.9999 0.0153
vn 0.0054 -0.9547 0.2975
vn -0.0021 -1.0000 0.0077
vn 0.0054 -0.9547 0.2974
vn 0.0092 0.7682 0.6402
vn 0.0091 0.7777 0.6286
vn -0.9040 0.4268 0.0269
vn -0.8846 0.4662 0.0115
vn -0.0022 -1.0000 -0.0000
vn -0.0021 -1.0000 0.0076
vn -0.0020 -0.9999 0.0151
vn 0.0022 1.0000 -0.0000
vn 0.0077 0.8635 0.5043
vn -0.0004 1.0000 0.0001
vn 0.0033 0.8635 0.5043
vn 0.0092 0.7682 0.6401
vn 0.0090 0.7778 0.6284
vn 0.0048 0.7682 0.6402
vn 0.0047 0.7778 0.6284
vn -0.9972 0.0742 0.0089
vn -0.9972 0.0742 0.0090
vn 0.0022 -1.0000 -0.0000
vn -0.8186 0.5743 0.0070
vn -0.8261 0.5635 0.0090
vn -0.8236 0.5671 0.0109
vn -0.8261 0.5635 0.0091
vn -0.9044 0.4266 -0.0109
vn -0.8909 0.4542 -0.0091
vn -0.0698 0.0377 -0.9968
vn -0.6845 0.4191 -0.5965
vn -1.0000 -0.0000 -0.0065
vn 0.8846 0.4662 -0.0116
vn 1.0000 -0.0000 0.0065
vn 0.9044 0.4266 0.0108
vn 0.0023 -1.0000 0.0076
vn 0.0024 -0.9999 0.0152
vn 0.0109 0.0076 0.9999
vn 0.0046 0.7777 0.6286
vn 0.0130 0.0075 0.9999
vn 0.0047 0.7777 0.6286
vn -0.9372 0.0528 -0.3447
vn -0.9395 0.3424 0.0090
vn -0.9317 0.3628 0.0139
vn -0.9318 0.3629 0.0064
vn -0.9395 0.3424 0.0084
vn 0.9972 0.0742 -0.0090
vn -0.0306 -0.0000 -0.9995
vn -1.0000 -0.0000 -0.0064
vn -0.0023 -1.0000 -0.0076
vn -0.0024 -0.9999 -0.0151
vn 0.0020 -0.9999 -0.0151
vn 0.0021 -1.0000 -0.0076
vn 0.9996 -0.0000 -0.0283
vn 0.9040 0.4268 -0.0267
vn 0.8846 0.4662 -0.0115
vn 0.0306 0.0001 0.9995
vn 1.0000 -0.0000 0.0064
vn 0.0698 0.0340 0.9970
vn 0.9044 0.4266 0.0107
vn -0.0857 0.9952 -0.0463
vn 0.0846 0.9953 -0.0481
vn -0.4747 0.8439 -0.2501
vn -0.0735 0.8432 -0.5325
vn -0.9654 0.2550 -0.0549
vn -0.0656 0.7957 -0.6021
vn 0.8236 0.5671 -0.0109
vn 0.8261 0.5635 -0.0090
vn 0.8186 0.5743 -0.0070
vn 0.8260 0.5635 -0.0128
vn 0.8063 0.3055 0.5065
vn 0.9039 0.4268 -0.0267
vn 0.0481 0.0377 -0.9981
vn 0.6713 0.4179 -0.6121
vn -0.0047 0.7778 -0.6285
vn -0.0734 0.8431 -0.5327
vn -0.0036 0.8438 -0.5366
vn -0.0046 0.7778 -0.6285
vn -0.0011 -0.9547 -0.2975
vn 0.0020 -0.9999 -0.0152
vn 0.0021 -1.0000 -0.0077
vn -0.0010 -0.9547 -0.2975
vn 0.0088 -0.0000 -1.0000
vn 0.9318 0.3629 -0.0083
vn 0.9318 0.3629 -0.0088
vn 0.9395 0.3424 -0.0065
vn 0.9295 0.0524 -0.3651
vn 0.9639 0.2547 -0.0775
vn -0.0037 0.8439 -0.5365
vn 0.9999 -0.0042 -0.0123
vn 0.9017 -0.4158 0.1182
vn 0.9989 -0.0464 0.0019
vn 0.9017 -0.4158 0.1181
vn -0.0047 0.7730 -0.6344
vn -0.9986 -0.0458 0.0258
vn -0.8989 -0.4152 0.1399
vn -0.9986 -0.0457 0.0258
vn -0.8989 -0.4151 0.1399
vn 0.0524 0.7957 -0.6034
vn 0.0619 0.8432 -0.5340
vn 0.9639 0.2546 -0.0774
vn 0.4692 0.8434 -0.2618
vn -0.0037 0.8438 -0.5366
vn 0.9989 -0.0463 0.0018
vn -0.9986 -0.0457 0.0257
vn -0.0036 0.8439 -0.5364
vn 0.4692 0.8434 -0.2617
vn -0.9964 0.0827 0.0166
vn -0.9447 0.0527 0.3236
vn 0.9515 0.0597 0.3017
vn 0.8064 0.3053 0.5065
vn 0.9965 0.0828 -0.0070
vn 0.0024 -0.9999 0.0151
vn -0.8260 0.5636 0.0090
vn -0.0080 -0.3546 -0.9350
vn 0.0124 -0.3546 0.9349
vn -0.0081 -0.3546 -0.9350
vn 0.0123 -0.3546 0.9349
vn 0.8261 0.5635 -0.0052
vn -0.8260 0.5635 0.0090
vn 0.8260 0.5635 -0.0127
vn 0.0128 0.1877 0.9821
vn 0.0125 -0.3262 0.9452
vn 0.0093 -0.7584 0.6517
vn 0.0129 0.1877 0.9821
vn 0.0104 0.6517 0.7584
vn 0.0058 0.9428 0.3333
vn 0.0058 0.9428 0.3332
vn 0.0003 0.9850 -0.1728
vn 0.0003 0.9849 -0.1728
vn -0.0048 0.7682 -0.6402
vn -0.0080 0.3476 -0.9376
vn -0.0080 0.3475 -0.9376
vn 0.0092 -0.7584 0.6517
vn 0.0042 -0.9836 0.1803
vn 0.0042 -0.9836 0.1801
vn 0.0032 -0.9836 0.1802
vn -0.0022 -0.9403 -0.3404
vn -0.0015 -0.9403 -0.3405
vn -0.0062 -0.6344 -0.7730
vn -0.0086 -0.1654 -0.9862
vn -0.0085 -0.1654 -0.9862
vn -0.0085 0.1877 -0.9822
vn -0.0061 0.6517 -0.7584
vn -0.0061 0.6518 -0.7584
vn -0.0015 0.9428 -0.3334
vn -0.0021 0.9428 -0.3333
vn 0.0034 0.9850 0.1728
vn 0.0041 0.9849 0.1729
vn -0.0081 -0.3262 -0.9453
vn -0.0051 -0.7584 -0.6518
vn -0.0050 -0.7584 -0.6517
vn 0.0002 -0.9836 -0.1804
vn 0.0124 0.3474 0.9376
vn 0.0124 0.3475 0.9376
vn 0.0129 -0.1654 0.9861
vn 0.0106 -0.6344 0.7729
vn 0.0059 -0.9403 0.3404
vn -0.0032 -0.9836 -0.1802
vn 0.0002 -0.9836 -0.1802
vn -0.9980 0.0610 0.0148
vn 0.9981 0.0607 -0.0109
vt 0.937070 0.845110
vt 0.934180 0.845810
vt 0.934910 0.844760
vt 0.933220 0.961380
vt 0.936110 0.963840
vt 0.934430 0.963020
vt 0.220570 0.364250
vt 0.224060 0.362610
vt 0.250190 0.364140
vt 0.220810 0.345300
vt 0.250190 0.345650
vt 0.224420 0.347060
vt 0.225990 0.115110
vt 0.252000 0.116860
vt 0.222620 0.116750
vt 0.222740 0.097800
vt 0.252120 0.098500
vt 0.226350 0.099550
vt 0.948030 0.845930
vt 0.945260 0.845230
vt 0.947310 0.844760
vt 0.944300 0.963950
vt 0.947190 0.961500
vt 0.945990 0.963130
vt 0.027410 0.344480
vt 0.056920 0.344370
vt 0.053430 0.346010
vt 0.027540 0.362850
vt 0.053180 0.361560
vt 0.056800 0.363320
vt 0.028140 0.097210
vt 0.057760 0.096980
vt 0.054270 0.098620
vt 0.028260 0.115690
vt 0.053910 0.114170
vt 0.057640 0.115810
vt 0.144220 0.013700
vt 0.149880 0.012290
vt 0.145190 0.221080
vt 0.707910 0.932250
vt 0.707190 0.880790
vt 0.709000 0.933190
vt 0.720200 0.933190
vt 0.721280 0.880670
vt 0.721280 0.932140
vt 0.133870 0.220970
vt 0.132180 0.012180
vt 0.137840 0.013700
vt 0.146270 0.228330
vt 0.144580 0.441450
vt 0.145910 0.228330
vt 0.132060 0.441330
vt 0.132780 0.228330
vt 0.133020 0.228330
vt 0.147590 0.225060
vt 0.191670 0.107740
vt 0.189740 0.353730
vt 0.193720 0.101890
vt 0.191910 0.104580
vt 0.214670 0.017670
vt 0.196730 0.100600
vt 0.223460 0.017670
vt 0.202510 0.102710
vt 0.199860 0.100840
vt 0.200460 0.358990
vt 0.220090 0.444260
vt 0.197810 0.360740
vt 0.191790 0.359570
vt 0.194680 0.360980
vt 0.146270 0.443560
vt 0.189980 0.356880
vt 0.080520 0.100140
vt 0.077870 0.102010
vt 0.057760 0.016850
vt 0.086540 0.101310
vt 0.083650 0.099900
vt 0.066550 0.016850
vt 0.088470 0.104000
vt 0.087870 0.353140
vt 0.088710 0.107150
vt 0.131340 0.224940
vt 0.077030 0.358290
vt 0.079680 0.360160
vt 0.056560 0.443440
vt 0.082930 0.360390
vt 0.085820 0.358990
vt 0.130370 0.443440
vt 0.087630 0.356420
vt 0.246100 0.452910
vt 0.245980 0.453500
vt 0.244770 0.452910
vt 0.244770 0.453500
vt 0.242370 0.452800
vt 0.242250 0.453380
vt 0.246100 0.452330
vt 0.244770 0.452330
vt 0.247300 0.452910
vt 0.247300 0.453500
vt 0.245980 0.454080
vt 0.244650 0.454080
vt 0.242370 0.452210
vt 0.242250 0.453970
vt 0.245980 0.457010
vt 0.245980 0.457590
vt 0.244650 0.457010
vt 0.244770 0.457590
vt 0.247300 0.452330
vt 0.248510 0.453500
vt 0.248510 0.452910
vt 0.247300 0.454080
vt 0.245980 0.454670
vt 0.244650 0.454670
vt 0.242250 0.457130
vt 0.242250 0.457710
vt 0.242130 0.454670
vt 0.242130 0.455250
vt 0.244650 0.455250
vt 0.242130 0.455840
vt 0.244650 0.455840
vt 0.244650 0.456420
vt 0.242250 0.456420
vt 0.245980 0.456420
vt 0.247300 0.457010
vt 0.247300 0.457590
vt 0.248510 0.452330
vt 0.249830 0.453500
vt 0.249830 0.452910
vt 0.248510 0.454080
vt 0.247300 0.454670
vt 0.245980 0.455250
vt 0.245980 0.455840
vt 0.247300 0.456420
vt 0.248510 0.457010
vt 0.248510 0.457590
vt 0.249830 0.452330
vt 0.251160 0.453500
vt 0.251160 0.452910
vt 0.249830 0.454080
vt 0.248510 0.454670
vt 0.247300 0.455250
vt 0.247300 0.455840
vt 0.248510 0.456420
vt 0.249830 0.457010
vt 0.249830 0.457590
vt 0.251160 0.452330
vt 0.252360 0.453500
vt 0.252360 0.452910
vt 0.251160 0.454080
vt 0.249830 0.454670
vt 0.248510 0.455250
vt 0.248510 0.455840
vt 0.249830 0.456420
vt 0.251160 0.457010
vt 0.251160 0.457590
vt 0.252360 0.452330
vt 0.253690 0.452910
vt 0.253690 0.453500
vt 0.252360 0.454080
vt 0.251160 0.454670
vt 0.249830 0.455250
vt 0.249830 0.455840
vt 0.251160 0.456420
vt 0.252360 0.457010
vt 0.252360 0.457590
vt 0.253690 0.452330
vt 0.254890 0.452910
vt 0.254890 0.453500
vt 0.253690 0.454080
vt 0.252360 0.454670
vt 0.251160 0.455250
vt 0.251160 0.455840
vt 0.252360 0.456420
vt 0.253690 0.457590
vt 0.253690 0.457010
vt 0.254890 0.452330
vt 0.256210 0.453500
vt 0.256210 0.452910
vt 0.255010 0.454080
vt 0.253690 0.454670
vt 0.252360 0.455250
vt 0.252360 0.455840
vt 0.253690 0.456420
vt 0.255010 0.457590
vt 0.255010 0.457010
vt 0.256210 0.452330
vt 0.257540 0.453500
vt 0.257420 0.452800
vt 0.256210 0.454080
vt 0.255010 0.454670
vt 0.253690 0.455250
vt 0.253690 0.455840
vt 0.255010 0.456420
vt 0.256210 0.456890
vt 0.256210 0.457590
vt 0.257420 0.452210
vt 0.258740 0.452800
vt 0.258740 0.453380
vt 0.257540 0.453970
vt 0.256210 0.454670
vt 0.255010 0.455250
vt 0.255010 0.455840
vt 0.256210 0.456310
vt 0.257540 0.456890
vt 0.257540 0.457480
vt 0.258740 0.452210
vt 0.259950 0.452800
vt 0.260070 0.453380
vt 0.258860 0.453970
vt 0.257540 0.454550
vt 0.256210 0.455250
vt 0.256210 0.455840
vt 0.257540 0.456310
vt 0.258860 0.456890
vt 0.258740 0.457480
vt 0.259950 0.452210
vt 0.262480 0.452680
vt 0.262480 0.453270
vt 0.260070 0.453970
vt 0.258860 0.454550
vt 0.257540 0.455140
vt 0.257540 0.455720
vt 0.258860 0.456310
vt 0.260070 0.456890
vt 0.260070 0.457480
vt 0.262360 0.452100
vt 0.262600 0.453850
vt 0.260190 0.454550
vt 0.258860 0.455140
vt 0.258860 0.455720
vt 0.260190 0.456310
vt 0.262600 0.457010
vt 0.262600 0.457590
vt 0.262600 0.456310
vt 0.260190 0.455720
vt 0.262600 0.455720
vt 0.260190 0.455140
vt 0.262600 0.455140
vt 0.262600 0.454440
vt 0.974650 0.503210
vt 0.974650 0.503800
vt 0.973320 0.503210
vt 0.973320 0.503800
vt 0.970910 0.503090
vt 0.970910 0.503680
vt 0.974650 0.502630
vt 0.973440 0.502630
vt 0.975850 0.503210
vt 0.975850 0.503800
vt 0.974530 0.504380
vt 0.973200 0.504380
vt 0.970910 0.502510
vt 0.970790 0.504260
vt 0.974530 0.507310
vt 0.974650 0.507890
vt 0.973200 0.507310
vt 0.973320 0.507890
vt 0.975850 0.502630
vt 0.977180 0.503800
vt 0.977180 0.503210
vt 0.975850 0.504380
vt 0.974530 0.504970
vt 0.973200 0.504970
vt 0.970790 0.507420
vt 0.970790 0.508010
vt 0.970790 0.504970
vt 0.970790 0.505550
vt 0.973200 0.505550
vt 0.970790 0.506140
vt 0.973200 0.506140
vt 0.973200 0.506720
vt 0.970790 0.506720
vt 0.974530 0.506720
vt 0.975850 0.507310
vt 0.975850 0.507890
vt 0.977180 0.502630
vt 0.978380 0.503800
vt 0.978380 0.503210
vt 0.977180 0.504380
vt 0.975850 0.504970
vt 0.974530 0.505550
vt 0.974530 0.506140
vt 0.975850 0.506720
vt 0.977180 0.507310
vt 0.977180 0.507890
vt 0.978380 0.502630
vt 0.979700 0.503800
vt 0.979700 0.503210
vt 0.978380 0.504380
vt 0.977180 0.504970
vt 0.975850 0.505550
vt 0.975850 0.506140
vt 0.977180 0.506720
vt 0.978380 0.507310
vt 0.978380 0.507890
vt 0.979700 0.502630
vt 0.981030 0.503800
vt 0.981030 0.503210
vt 0.979700 0.504380
vt 0.978380 0.504970
vt 0.977180 0.505550
vt 0.977180 0.506140
vt 0.978380 0.506720
vt 0.979700 0.507310
vt 0.979700 0.507890
vt 0.981030 0.502630
vt 0.982230 0.503210
vt 0.982230 0.503800
vt 0.981030 0.504380
vt 0.979700 0.504970
vt 0.978380 0.505550
vt 0.978380 0.506140
vt 0.979700 0.506720
vt 0.981030 0.507310
vt 0.981030 0.507890
vt 0.982230 0.502630
vt 0.983560 0.503210
vt 0.983560 0.503800
vt 0.982230 0.504380
vt 0.981030 0.504970
vt 0.979700 0.505550
vt 0.979700 0.506140
vt 0.981030 0.506720
vt 0.982230 0.507890
vt 0.982230 0.507310
vt 0.983560 0.502630
vt 0.984760 0.503800
vt 0.984760 0.503210
vt 0.983560 0.504380
vt 0.982230 0.504970
vt 0.981030 0.505550
vt 0.981030 0.506140
vt 0.982230 0.506720
vt 0.983560 0.507890
vt 0.983560 0.507310
vt 0.984760 0.502630
vt 0.986090 0.503800
vt 0.986090 0.503210
vt 0.984760 0.504380
vt 0.983560 0.504970
vt 0.982230 0.505550
vt 0.982230 0.506140
vt 0.983560 0.506720
vt 0.984880 0.507310
vt 0.984880 0.507890
vt 0.986090 0.502630
vt 0.987290 0.503210
vt 0.987290 0.503800
vt 0.986090 0.504380
vt 0.984880 0.504970
vt 0.983560 0.505550
vt 0.983560 0.506140
vt 0.984880 0.506720
vt 0.986090 0.507310
vt 0.986090 0.507890
vt 0.987290 0.502630
vt 0.988620 0.503090
vt 0.988620 0.503680
vt 0.987410 0.504380
vt 0.986090 0.504970
vt 0.984880 0.505550
vt 0.984880 0.506140
vt 0.986090 0.506720
vt 0.987410 0.507310
vt 0.987410 0.507890
vt 0.988490 0.502510
vt 0.991020 0.503090
vt 0.991140 0.503680
vt 0.988740 0.504380
vt 0.987410 0.504970
vt 0.986090 0.505550
vt 0.986090 0.506140
vt 0.987410 0.506720
vt 0.988740 0.507310
vt 0.988740 0.507890
vt 0.991020 0.502510
vt 0.991140 0.504260
vt 0.988740 0.504970
vt 0.987410 0.505550
vt 0.987410 0.506140
vt 0.988740 0.506720
vt 0.991140 0.507310
vt 0.991140 0.507890
vt 0.991140 0.506720
vt 0.988740 0.506140
vt 0.991260 0.506140
vt 0.988740 0.505550
vt 0.991260 0.505430
vt 0.991140 0.504850
vt 0.167710 0.098030
vt 0.166980 0.113120
vt 0.163370 0.098030
vt 0.163730 0.113120
vt 0.163010 0.113120
vt 0.159760 0.113240
vt 0.162770 0.098150
vt 0.158430 0.098260
vt 0.167710 0.097450
vt 0.163370 0.097450
vt 0.167580 0.113120
vt 0.168310 0.098150
vt 0.163730 0.113700
vt 0.166980 0.113700
vt 0.394820 0.122710
vt 0.399030 0.122830
vt 0.395420 0.137800
vt 0.398670 0.137800
vt 0.391570 0.138030
vt 0.389880 0.123180
vt 0.394820 0.137800
vt 0.394100 0.122830
vt 0.399030 0.122130
vt 0.394820 0.122130
vt 0.399400 0.137800
vt 0.399760 0.122830
vt 0.395420 0.138390
vt 0.398670 0.138390
vt 0.472970 0.030310
vt 0.472130 0.045280
vt 0.468640 0.030310
vt 0.468880 0.045280
vt 0.468280 0.045280
vt 0.465020 0.045390
vt 0.468040 0.030310
vt 0.463700 0.030420
vt 0.472970 0.029600
vt 0.468640 0.029600
vt 0.472850 0.045280
vt 0.473570 0.030310
vt 0.468880 0.045860
vt 0.472130 0.045860
vt 0.119060 0.122710
vt 0.123390 0.122710
vt 0.119780 0.137800
vt 0.123030 0.137800
vt 0.115920 0.138030
vt 0.114120 0.123180
vt 0.119180 0.137800
vt 0.118450 0.122830
vt 0.123390 0.122130
vt 0.119060 0.122130
vt 0.123630 0.137800
vt 0.123990 0.122830
vt 0.119780 0.138390
vt 0.123030 0.138390
vt 0.904080 0.845350
vt 0.903840 0.853300
vt 0.926480 0.887450
vt 0.930330 0.961380
vt 0.901790 0.853530
vt 0.925150 0.888860
vt 0.902510 0.843940
vt 0.929010 0.963020
vt 0.270790 0.444730
vt 0.262480 0.444610
vt 0.271390 0.372670
vt 0.263080 0.369400
vt 0.827970 0.384020
vt 0.859760 0.454550
vt 0.827970 0.456070
vt 0.859760 0.456070
vt 0.142420 0.442150
vt 0.134230 0.442150
vt 0.142660 0.444030
vt 0.133990 0.443910
vt 0.271630 0.329160
vt 0.263320 0.332200
vt 0.273190 0.133820
vt 0.264880 0.130550
vt 0.899140 0.338170
vt 0.899140 0.374430
vt 0.828460 0.338170
vt 0.828460 0.374430
vt 0.675400 0.924880
vt 0.698640 0.888980
vt 0.677450 0.925000
vt 0.699850 0.890500
vt 0.273430 0.090430
vt 0.265130 0.093470
vt 0.274280 0.018380
vt 0.265970 0.018260
vt 0.899140 0.087620
vt 0.899140 0.123760
vt 0.828460 0.087620
vt 0.828460 0.123760
vt 0.006100 0.371150
vt 0.014410 0.368000
vt 0.005860 0.443210
vt 0.014170 0.443210
vt 0.979820 0.844530
vt 0.978260 0.845930
vt 0.950200 0.961500
vt 0.951530 0.963250
vt 0.153010 0.007610
vt 0.700690 0.880900
vt 0.699480 0.879970
vt 0.899620 0.133470
vt 0.899620 0.328580
vt 0.827970 0.133470
vt 0.827970 0.328580
vt 0.006820 0.132420
vt 0.015250 0.129260
vt 0.006220 0.327640
vt 0.014530 0.330920
vt 0.677690 0.932960
vt 0.676000 0.934360
vt 0.899620 0.005980
vt 0.899620 0.077910
vt 0.867830 0.005980
vt 0.867830 0.007380
vt 0.859760 0.005980
vt 0.859760 0.007380
vt 0.827970 0.005980
vt 0.827970 0.077910
vt 0.007060 0.016850
vt 0.015370 0.016850
vt 0.006820 0.088910
vt 0.015130 0.092070
vt 0.978260 0.853880
vt 0.980310 0.854120
vt 0.955140 0.887690
vt 0.144580 0.224120
vt 0.134470 0.224120
vt 0.701890 0.874350
vt 0.702490 0.875760
vt 0.956460 0.889090
vt 0.753670 0.924300
vt 0.751630 0.924420
vt 0.729950 0.888740
vt 0.728750 0.890380
vt 0.707790 0.875520
vt 0.710080 0.879850
vt 0.718270 0.879850
vt 0.710440 0.933190
vt 0.718750 0.933190
vt 0.751510 0.932490
vt 0.753190 0.933890
vt 0.727780 0.880790
vt 0.728990 0.879850
vt 0.145310 0.011010
vt 0.149640 0.010890
vt 0.146630 0.006330
vt 0.144700 0.008550
vt 0.137480 0.008320
vt 0.135790 0.005860
vt 0.136760 0.010770
vt 0.725980 0.875640
vt 0.726580 0.874240
vt 0.720680 0.875410
vt 0.132300 0.010770
vt 0.129050 0.007380
vt 0.867830 0.454550
vt 0.899620 0.384020
vt 0.867830 0.456070
vt 0.899620 0.456070
vt 0.262480 0.332550
vt 0.262360 0.369170
vt 0.899620 0.375130
vt 0.827970 0.375130
vt 0.899620 0.337470
vt 0.827970 0.337470
vt 0.827970 0.124470
vt 0.899620 0.124470
vt 0.899620 0.086920
vt 0.827970 0.086920
vt 0.015970 0.129030
vt 0.015970 0.092300
vt 0.264280 0.093700
vt 0.264160 0.130310
vt 0.015250 0.367760
vt 0.015250 0.331150
vt 0.120620 0.080490
vt 0.120380 0.083640
vt 0.099910 0.083640
vt 0.100030 0.086800
vt 0.099670 0.080490
vt 0.120740 0.077210
vt 0.099550 0.077210
vt 0.120860 0.074050
vt 0.099430 0.074050
vt 0.120860 0.070890
vt 0.099430 0.070890
vt 0.120740 0.067620
vt 0.099430 0.067620
vt 0.120620 0.064460
vt 0.099670 0.064460
vt 0.120260 0.086800
vt 0.100150 0.090080
vt 0.120140 0.090080
vt 0.100150 0.051710
vt 0.120140 0.051710
vt 0.100150 0.054870
vt 0.120140 0.054870
vt 0.100030 0.058030
vt 0.120260 0.058030
vt 0.099790 0.061300
vt 0.120500 0.061300
vt 0.971030 0.188560
vt 0.991870 0.188560
vt 0.970910 0.191720
vt 0.992110 0.191720
vt 0.970790 0.194880
vt 0.992230 0.194880
vt 0.970790 0.198160
vt 0.992230 0.198160
vt 0.991750 0.185290
vt 0.971270 0.185290
vt 0.991630 0.182130
vt 0.971390 0.182130
vt 0.991510 0.178970
vt 0.971520 0.178970
vt 0.970790 0.201310
vt 0.992110 0.201310
vt 0.971030 0.204470
vt 0.991990 0.204470
vt 0.971150 0.207750
vt 0.991750 0.207750
vt 0.971390 0.210910
vt 0.991630 0.210910
vt 0.971520 0.214060
vt 0.991510 0.214060
vt 0.971520 0.217340
vt 0.991510 0.217340
vt 0.203830 0.105630
vt 0.203590 0.108910
vt 0.201660 0.352790
vt 0.201900 0.356060
vt 0.201660 0.111480
vt 0.199860 0.350100
vt 0.196970 0.348810
vt 0.198770 0.112890
vt 0.195520 0.112540
vt 0.193720 0.349050
vt 0.191070 0.350800
vt 0.192990 0.110660
vt 0.076790 0.108210
vt 0.076430 0.104930
vt 0.078590 0.110900
vt 0.077870 0.349510
vt 0.075940 0.352090
vt 0.080760 0.348110
vt 0.081480 0.112180
vt 0.084610 0.111950
vt 0.083890 0.348460
vt 0.086540 0.350220
vt 0.087260 0.110080
vt 0.075700 0.355360
v 1.969666 0.675282 2.334445
v 1.932846 0.665133 2.334846
v 1.963924 0.675282 1.807783
v 1.927104 0.665133 1.808185
v 1.939501 0.640581 2.334773
v 1.933760 0.640581 1.808112
v 1.919483 0.669717 1.808268
v 1.925225 0.669717 2.334929
v 1.962314 0.681174 1.807801
v 1.968056 0.681174 2.334462
v 1.927749 0.638945 1.808178
v 1.933490 0.638945 2.334839
v 1.968056 0.681174 2.334462
v 1.962314 0.681174 1.807801
v 1.932846 0.665133 2.334846
v 1.969666 0.675282 2.334445
v 1.963924 0.675282 1.807783
v 1.927104 0.665133 1.808185
v 1.933490 0.638945 2.334839
v 1.939501 0.640581 2.334773
v 1.927749 0.638945 1.808178
v 1.933760 0.640581 1.808112
v 2.061156 0.258223 1.814443
v 2.066729 0.258223 2.325667
v 2.037970 0.252003 1.814695
v 2.043543 0.252003 2.325920
v 2.067811 0.233343 1.814370
v 2.073385 0.233343 2.325594
v 2.041932 0.257896 2.325937
v 2.071131 0.265752 2.325619
v 2.036359 0.257896 1.814713
v 2.065557 0.265752 1.814395
v 2.079396 0.234980 2.325529
v 2.073823 0.234980 1.814305
v 2.043543 0.252003 2.325920
v 2.066729 0.258223 2.325667
v 2.041932 0.257896 2.325937
v 2.061156 0.258223 1.814443
v 2.037970 0.252003 1.814695
v 2.036359 0.257896 1.814713
v 2.073385 0.233343 2.325594
v 2.079396 0.234980 2.325529
v 2.073823 0.234980 1.814305
v 2.067811 0.233343 1.814370
v 2.144961 0.020886 2.332534
v 1.969666 0.675282 2.334445
v 2.108142 0.011065 2.332935
v 1.932846 0.665133 2.334846
v 2.144616 0.020886 2.300888
v 1.969321 0.675282 2.302799
v 2.144961 0.020886 2.332534
v 1.969666 0.675282 2.334445
v 1.932762 0.665133 2.327127
v 1.962067 0.672990 2.326808
v 2.108057 0.011065 2.325216
v 2.137362 0.018922 2.324897
v 1.961807 0.672990 2.302881
v 2.137102 0.018922 2.300970
v 1.932762 0.665133 2.327127
v 1.962067 0.672990 2.326808
v 2.137362 0.018922 2.324897
v 2.108057 0.011065 2.325216
v 1.969321 0.675282 2.302799
v 1.961807 0.672990 2.302881
v 2.144616 0.020886 2.300888
v 2.137102 0.018922 2.300970
v 1.927104 0.665133 1.808185
v 1.963924 0.675282 1.807783
v 2.102400 0.011065 1.806274
v 2.139220 0.020886 1.805872
v 1.963924 0.675282 1.807783
v 1.964269 0.675282 1.839429
v 2.139220 0.020886 1.805872
v 2.139565 0.020886 1.837518
v 2.131789 0.018922 1.813673
v 1.956494 0.672990 1.815584
v 2.102484 0.011065 1.813992
v 1.927189 0.665133 1.815903
v 2.132050 0.018922 1.837600
v 1.956755 0.672990 1.839511
v 1.956494 0.672990 1.815584
v 1.927189 0.665133 1.815903
v 2.102484 0.011065 1.813992
v 2.131789 0.018922 1.813673
v 1.956755 0.672990 1.839511
v 1.964269 0.675282 1.839429
v 2.132050 0.018922 1.837600
v 2.139565 0.020886 1.837518
vn -0.2570 -0.9664 0.0028
vn -0.9658 0.2591 0.0125
vn -0.9658 0.2591 0.0124
vn -0.9657 0.2593 0.0105
vn 0.2570 0.9664 -0.0046
vn 0.2570 0.9664 -0.0047
vn 0.2571 0.9664 -0.0028
vn 0.9657 -0.2593 -0.0124
vn 0.9657 -0.2593 -0.0105
vn -0.9657 0.2592 0.0124
vn -0.9658 0.2592 0.0105
vn -0.0087 -0.0000 -1.0000
vn 0.0131 -0.0000 0.9999
vn -0.2571 -0.9664 0.0028
vn 0.9658 -0.2591 -0.0124
vn 0.9658 -0.2591 -0.0105
vn 0.2570 0.9664 -0.0048
vn -0.9657 0.2593 0.0124
vn 0.9657 -0.2592 -0.0124
vn 0.9658 -0.2592 -0.0105
vn -0.2571 -0.9664 0.0030
vn -0.9658 0.2591 0.0105
vn 0.9657 -0.2592 -0.0123
vn 0.2571 0.9664 -0.0047
vn -0.2571 -0.9664 0.0003
vn -0.2570 -0.9664 0.0030
vn -0.9658 0.2591 0.0123
vn 0.2570 0.9664 0.0010
vn -0.2571 -0.9664 0.0029
vt 0.273900 0.966910
vt 0.249060 0.966910
vt 0.273900 0.623610
vt 0.249060 0.623610
vt 0.232330 0.966910
vt 0.232330 0.623610
vt 0.207500 0.623610
vt 0.207500 0.966910
vt 0.178600 0.623610
vt 0.178600 0.966910
vt 0.228280 0.623610
vt 0.228280 0.966910
vt 0.277950 0.966910
vt 0.277950 0.623610
vt 0.203440 0.971060
vt 0.178600 0.971060
vt 0.178600 0.619580
vt 0.203440 0.619580
vt 0.207500 0.987670
vt 0.203440 0.987670
vt 0.207500 0.602860
vt 0.203440 0.602860
vt 0.850330 0.647170
vt 0.850330 0.980340
vt 0.834670 0.647170
vt 0.834670 0.980340
vt 0.866960 0.647170
vt 0.866960 0.980340
vt 0.830620 0.980340
vt 0.810900 0.980340
vt 0.830620 0.647170
vt 0.810900 0.647170
vt 0.790120 0.980340
vt 0.790120 0.647170
vt 0.806740 1.000000
vt 0.806740 0.984370
vt 0.810900 1.000000
vt 0.806740 0.643140
vt 0.806740 0.627520
vt 0.810900 0.627520
vt 0.790120 0.984370
vt 0.871110 0.980340
vt 0.871110 0.647170
vt 0.790120 0.643140
vt 0.879420 0.020630
vt 0.879420 0.462090
vt 0.904170 0.020630
vt 0.904260 0.462090
vt 0.949690 0.020630
vt 0.949690 0.462090
vt 0.970280 0.020630
vt 0.970280 0.462090
vt 0.909290 0.462090
vt 0.929010 0.462090
vt 0.909290 0.020630
vt 0.929010 0.020630
vt 0.944570 0.462090
vt 0.944570 0.020630
vt 0.904260 0.467220
vt 0.884550 0.467220
vt 0.884450 0.015510
vt 0.904170 0.015510
vt 0.879420 0.482720
vt 0.884550 0.482720
vt 0.879420 0.000000
vt 0.884450 0.000000
vt 0.945440 0.975830
vt 0.970280 0.975830
vt 0.945440 0.534370
vt 0.970280 0.534370
vt 0.879420 0.975830
vt 0.900010 0.975830
vt 0.879420 0.534370
vt 0.900010 0.534370
vt 0.920600 0.534370
vt 0.920600 0.975830
vt 0.940320 0.534370
vt 0.940320 0.975830
vt 0.905130 0.534370
vt 0.905130 0.975830
vt 0.965160 0.980950
vt 0.945440 0.980950
vt 0.945440 0.529240
vt 0.965160 0.529240
vt 0.965160 0.996460
vt 0.970280 0.996460
vt 0.965160 0.513730
vt 0.970280 0.513730
v 1.755157 0.095539 2.471020
v 1.778529 0.090135 2.470765
v 1.746660 0.095539 1.691575
v 1.770032 0.090135 1.691320
v 1.784274 0.115190 2.470703
v 1.775777 0.115190 1.691257
v 1.774733 0.082766 1.691268
v 1.783229 0.082766 2.470714
v 1.745223 0.089644 1.691590
v 1.753720 0.089644 2.471036
v 1.781784 0.113716 1.691192
v 1.790280 0.113716 2.470637
v 1.778529 0.090135 2.470765
v 1.753720 0.089644 2.471036
v 1.755157 0.095539 2.471020
v 1.745223 0.089644 1.691590
v 1.746660 0.095539 1.691575
v 1.770032 0.090135 1.691320
v 1.784274 0.115190 2.470703
v 1.781784 0.113716 1.691192
v 1.790280 0.113716 2.470637
v 1.775777 0.115190 1.691257
v 1.811032 0.375077 1.690873
v 1.834404 0.369673 1.690618
v 1.819529 0.375077 2.470318
v 1.842901 0.369673 2.470064
v 1.828659 0.344618 1.690681
v 1.837156 0.344618 2.470126
v 1.850475 0.374094 2.469981
v 1.841978 0.374094 1.690535
v 1.820965 0.380972 2.470303
v 1.812468 0.380972 1.690857
v 1.843293 0.343144 2.470059
v 1.834796 0.343144 1.690614
v 1.850475 0.374094 2.469981
v 1.841978 0.374094 1.690535
v 1.834404 0.369673 1.690618
v 1.812468 0.380972 1.690857
v 1.811032 0.375077 1.690873
v 1.820965 0.380972 2.470303
v 1.819529 0.375077 2.470318
v 1.842901 0.369673 2.470064
v 1.828659 0.344618 1.690681
v 1.837156 0.344618 2.470126
v 1.817345 0.402589 1.683036
v 1.854428 0.393746 1.682631
v 1.727250 0.012021 1.684018
v 1.764332 0.003670 1.683614
v 1.854771 0.393746 1.714089
v 1.764676 0.003670 1.715071
v 1.756844 0.005635 1.691463
v 1.846809 0.395711 1.690483
v 1.727334 0.012021 1.691785
v 1.817430 0.402589 1.690803
v 1.757102 0.005635 1.715154
v 1.847067 0.395711 1.714173
v 1.846809 0.395711 1.690483
v 1.817430 0.402589 1.690803
v 1.817345 0.402589 1.683036
v 1.727334 0.012021 1.691785
v 1.727250 0.012021 1.684018
v 1.756844 0.005635 1.691463
v 1.847067 0.395711 1.714173
v 1.764676 0.003670 1.715071
v 1.854771 0.393746 1.714089
v 1.757102 0.005635 1.715154
v 1.772999 0.003670 2.478594
v 1.863094 0.393746 2.477612
v 1.735916 0.012021 2.478998
v 1.826012 0.402589 2.478016
v 1.772656 0.003670 2.447136
v 1.862751 0.393746 2.446154
v 1.825927 0.402589 2.470249
v 1.855306 0.395711 2.469928
v 1.735831 0.012021 2.471231
v 1.765341 0.005635 2.470909
v 1.855048 0.395711 2.446238
v 1.765083 0.005635 2.447219
v 1.826012 0.402589 2.478016
v 1.825927 0.402589 2.470249
v 1.855306 0.395711 2.469928
v 1.735916 0.012021 2.478998
v 1.765341 0.005635 2.470909
v 1.735831 0.012021 2.471231
v 1.855048 0.395711 2.446238
v 1.862751 0.393746 2.446154
v 1.772656 0.003670 2.447136
v 1.765083 0.005635 2.447219
v 1.854428 0.393746 1.682631
v 1.863094 0.393746 2.477612
v 1.817345 0.402589 1.683036
v 1.826012 0.402589 2.478016
v 1.876935 0.453682 2.477461
v 1.839852 0.462525 2.477865
v 1.826012 0.402589 2.478016
v 1.832231 0.466946 1.682873
v 1.869313 0.458595 1.682469
v 1.817345 0.402589 1.683036
v 1.961536 1.009319 2.056279
v 1.998618 1.000967 2.055875
v 1.832231 0.466946 1.682873
v 1.997914 0.995072 2.111037
v 1.960831 1.003915 2.111441
v 1.839852 0.462525 2.477865
v 1.961536 1.009319 2.056279
v 1.960831 1.003915 2.111441
v 1.827624 0.409958 2.470230
v 1.857134 0.403080 2.469908
v 1.819128 0.409958 1.690784
v 1.848637 0.403080 1.690463
v 1.827624 0.409958 2.470230
v 1.839245 0.460068 2.470104
v 1.857134 0.403080 2.469908
v 1.868624 0.453190 2.469783
v 1.848637 0.403080 1.690463
v 1.861302 0.458103 1.690325
v 1.819128 0.409958 1.690784
v 1.831793 0.464981 1.690646
v 1.861302 0.458103 1.690325
v 1.989125 0.994581 2.059474
v 1.831793 0.464981 1.690646
v 1.959746 1.001459 2.059794
v 1.839245 0.460068 2.470104
v 1.959087 0.996546 2.107188
v 1.868624 0.453190 2.469783
v 1.988596 0.989668 2.106866
v 1.959087 0.996546 2.107188
v 1.959746 1.001459 2.059794
v 1.988596 0.989668 2.106866
v 1.989125 0.994581 2.059474
v 1.988596 0.989668 2.106866
v 1.989125 0.994581 2.059474
v 1.868624 0.453190 2.469783
v 1.861302 0.458103 1.690325
vn -0.2231 0.9748 0.0043
vn -0.2231 0.9748 0.0044
vn -0.2231 0.9748 0.0024
vn 0.9742 0.2253 -0.0106
vn 0.9742 0.2253 -0.0124
vn 0.9742 0.2252 -0.0125
vn 0.2231 -0.9748 -0.0024
vn 0.2231 -0.9748 -0.0025
vn -0.9742 -0.2252 0.0125
vn -0.9742 -0.2252 0.0126
vn -0.9742 -0.2252 0.0106
vn 0.9742 0.2253 -0.0125
vn -0.0087 -0.0000 -1.0000
vn 0.0131 -0.0000 0.9999
vn -0.2232 0.9748 0.0024
vn 0.2232 -0.9748 -0.0024
vn 0.2232 -0.9748 -0.0026
vn -0.2230 0.9748 0.0043
vn -0.2230 0.9748 0.0044
vn -0.9743 -0.2251 0.0125
vn -0.9743 -0.2251 0.0126
vn -0.9743 -0.2251 0.0106
vn 0.9742 0.2252 -0.0106
vn 0.2230 -0.9748 -0.0026
vn 0.2230 -0.9748 -0.0024
vn 0.2230 -0.9748 -0.0025
vn 0.9742 0.2253 -0.0126
vn 0.2231 -0.9748 0.0023
vn -0.9742 -0.2253 0.0125
vn 0.9742 0.2252 -0.0124
vn 0.9742 0.2252 -0.0126
vn -0.0131 -0.0000 -0.9999
vn -0.1152 0.5422 0.8323
vn -0.1151 0.5422 0.8323
vn -0.1333 0.5359 -0.8337
vn -0.1333 0.5358 -0.8337
vn -0.1333 0.5358 -0.8338
vn -0.2242 0.9693 -0.1011
vn -0.2242 0.9693 -0.1012
vn -0.2243 0.9693 -0.1012
vn -0.2242 0.9693 -0.1013
vn -0.2243 0.9693 -0.1011
vn -0.9742 -0.2252 0.0107
vn 0.1151 -0.5422 -0.8323
vn 0.1152 -0.5422 -0.8323
vn 0.1151 -0.5421 -0.8324
vn 0.1333 -0.5358 0.8337
vn 0.1334 -0.5357 0.8338
vn 0.1333 -0.5359 0.8337
vn 0.2243 -0.9691 0.1030
vn 0.2242 -0.9691 0.1029
vn 0.2242 -0.9691 0.1030
vn 0.9743 0.2251 -0.0126
vn 0.9742 0.2251 -0.0124
vn 0.9742 0.2251 -0.0126
vn 0.9743 0.2252 -0.0111
vn 0.9743 0.2252 -0.0107
vn 0.9743 0.2251 -0.0125
vt 0.125710 0.962170
vt 0.110080 0.962170
vt 0.125710 0.454190
vt 0.110080 0.454190
vt 0.093380 0.962170
vt 0.093380 0.454190
vt 0.149540 0.454190
vt 0.149540 0.962170
vt 0.129750 0.454190
vt 0.129750 0.962170
vt 0.170270 0.454190
vt 0.170270 0.962170
vt 0.153580 0.966280
vt 0.149540 0.981910
vt 0.153580 0.981910
vt 0.149540 0.434560
vt 0.153580 0.434560
vt 0.153580 0.450190
vt 0.170270 0.966280
vt 0.089340 0.454190
vt 0.089340 0.962170
vt 0.170270 0.450190
vt 0.023820 0.455520
vt 0.039460 0.455520
vt 0.023820 0.963500
vt 0.039460 0.963500
vt 0.056160 0.455520
vt 0.056160 0.963500
vt 0.000000 0.963500
vt 0.000000 0.455520
vt 0.019680 0.963500
vt 0.019680 0.455520
vt 0.060200 0.963500
vt 0.060200 0.455520
vt 0.080940 0.963500
vt 0.080940 0.455520
vt 0.076890 0.451400
vt 0.080940 0.435770
vt 0.076890 0.435770
vt 0.080940 0.983250
vt 0.076890 0.983250
vt 0.076890 0.967620
vt 0.060200 0.451400
vt 0.060200 0.967620
vt 0.331400 0.967500
vt 0.306620 0.967500
vt 0.331510 0.706540
vt 0.306620 0.706540
vt 0.285990 0.967500
vt 0.285990 0.706540
vt 0.356290 0.706540
vt 0.356290 0.967500
vt 0.336510 0.706540
vt 0.336510 0.967500
vt 0.371820 0.706540
vt 0.371820 0.967500
vt 0.301520 0.972580
vt 0.301520 0.992330
vt 0.306620 0.992330
vt 0.301520 0.681710
vt 0.306620 0.681710
vt 0.301520 0.701450
vt 0.285990 0.972580
vt 0.376920 0.706540
vt 0.376920 0.967500
vt 0.285990 0.701450
vt 0.849990 0.024840
vt 0.849990 0.285790
vt 0.825210 0.024840
vt 0.825210 0.285790
vt 0.870620 0.024840
vt 0.870620 0.285790
vt 0.820100 0.285790
vt 0.800320 0.285790
vt 0.820100 0.024840
vt 0.800320 0.024840
vt 0.784900 0.285790
vt 0.784900 0.024840
vt 0.849990 0.310630
vt 0.855090 0.310630
vt 0.855090 0.290880
vt 0.849990 0.000000
vt 0.855090 0.019750
vt 0.855090 0.000000
vt 0.870620 0.290880
vt 0.779790 0.285790
vt 0.779790 0.024840
vt 0.870620 0.019750
vt 0.303320 0.445220
vt 0.821490 0.445220
vt 0.303320 0.420390
vt 0.821490 0.420390
vt 0.821490 0.485320
vt 0.846370 0.485320
vt 0.846370 0.445220
vt 0.278440 0.488470
vt 0.303320 0.488470
vt 0.278440 0.445220
vt 0.526880 0.865000
vt 0.547520 0.851190
vt 0.282690 0.502280
vt 0.583680 0.847440
vt 0.604420 0.861130
vt 0.842230 0.498890
vt 0.550070 0.875910
vt 0.586230 0.872150
vt 0.816380 0.415300
vt 0.816380 0.395550
vt 0.308430 0.415300
vt 0.308430 0.395550
vt 0.851480 0.450310
vt 0.851480 0.483750
vt 0.871150 0.450310
vt 0.871150 0.483750
vt 0.253660 0.450310
vt 0.253660 0.486900
vt 0.273330 0.450310
vt 0.273330 0.486900
vt 0.263020 0.517550
vt 0.504550 0.876390
vt 0.279390 0.506520
vt 0.520930 0.865370
vt 0.845730 0.503010
vt 0.609950 0.861850
vt 0.862110 0.513790
vt 0.626430 0.872640
vt 0.584310 0.877480
vt 0.553580 0.880630
vt 0.586340 0.897110
vt 0.555600 0.900260
vt 0.580700 0.003150
vt 0.549960 0.000000
vt 0.816380 0.362110
vt 0.308430 0.358840
v 1.835321 0.408124 2.445477
v 1.847411 0.459335 2.469894
v 1.827361 0.408124 1.715249
v 1.839990 0.463991 1.690563
v 1.967062 0.994731 2.106501
v 1.967602 0.999387 2.057398
vn 0.9742 0.2252 -0.0125
vn 0.9742 0.2252 -0.0124
vt 0.492850 0.000680
vt 0.506900 0.034640
vt 0.016280 0.000000
vt 0.000000 0.037200
vt 0.271120 0.395190
vt 0.241540 0.395670
v 1.834543 0.225320 5.191026
v 1.844256 0.225320 6.082027
v 1.857361 0.217799 5.190777
v 1.867074 0.217799 6.081779
v 1.865304 0.242339 5.190690
v 1.875018 0.242339 6.081692
v 1.832521 0.219383 5.191048
v 1.861405 0.209883 5.190733
v 1.842234 0.219383 6.082050
v 1.871118 0.209883 6.081735
v 1.871225 0.240360 5.190626
v 1.880939 0.240360 6.081628
v 1.867074 0.217799 6.081779
v 1.842234 0.219383 6.082050
v 1.844256 0.225320 6.082027
v 1.832521 0.219383 5.191048
v 1.857361 0.217799 5.190777
v 1.834543 0.225320 5.191026
v 1.875018 0.242339 6.081692
v 1.880939 0.240360 6.081628
v 1.871225 0.240360 5.190626
v 1.865304 0.242339 5.190690
v 2.033591 0.807940 6.079964
v 2.023878 0.807940 5.188962
v 2.056409 0.800419 6.079715
v 2.046696 0.800419 5.188713
v 2.048466 0.776275 6.079802
v 2.038753 0.776275 5.188799
v 2.035468 0.813877 6.079943
v 2.064208 0.804377 6.079630
v 2.025755 0.813877 5.188941
v 2.054495 0.804377 5.188628
v 2.064208 0.804377 6.079630
v 2.054387 0.774296 6.079737
v 2.054495 0.804377 5.188628
v 2.044674 0.774296 5.188735
v 2.046696 0.800419 5.188713
v 2.025755 0.813877 5.188941
v 2.023878 0.807940 5.188962
v 2.035468 0.813877 6.079943
v 2.056409 0.800419 6.079715
v 2.033591 0.807940 6.079964
v 2.038753 0.776275 5.188799
v 2.048466 0.776275 6.079802
v 1.766290 0.015545 5.183794
v 2.025668 0.813877 5.180966
v 1.802539 0.003671 5.183398
v 2.061918 0.802003 5.180571
v 1.802882 0.003671 5.214856
v 2.062260 0.802003 5.212029
v 1.766376 0.015545 5.191769
v 1.795116 0.006045 5.191455
v 2.025755 0.813877 5.188941
v 2.054495 0.804377 5.188628
v 1.795372 0.006045 5.214938
v 2.054751 0.804377 5.212110
v 2.025755 0.813877 5.188941
v 2.054495 0.804377 5.188628
v 2.025668 0.813877 5.180966
v 1.766376 0.015545 5.191769
v 1.766290 0.015545 5.183794
v 1.795116 0.006045 5.191455
v 2.054751 0.804377 5.212110
v 2.062260 0.802003 5.212029
v 1.802882 0.003671 5.214856
v 1.795372 0.006045 5.214938
v 1.776176 0.015545 6.090746
v 1.812426 0.003671 6.090351
v 2.035555 0.813877 6.087918
v 2.071805 0.802003 6.087523
v 1.812083 0.003671 6.058893
v 2.071462 0.802003 6.056066
v 1.776090 0.015545 6.082771
v 2.035468 0.813877 6.079943
v 1.804829 0.006045 6.082458
v 2.064208 0.804377 6.079630
v 1.804573 0.006045 6.058975
v 2.063952 0.804377 6.056148
v 2.035468 0.813877 6.079943
v 2.035555 0.813877 6.087918
v 2.064208 0.804377 6.079630
v 1.776176 0.015545 6.090746
v 1.804829 0.006045 6.082458
v 1.776090 0.015545 6.082771
v 2.063952 0.804377 6.056148
v 2.071462 0.802003 6.056066
v 1.812083 0.003671 6.058893
v 1.804573 0.006045 6.058975
vn -0.3073 0.9516 0.0034
vn -0.3073 0.9516 0.0033
vn 0.9509 0.3094 -0.0085
vn 0.9509 0.3094 -0.0104
vn 0.3073 -0.9516 -0.0034
vn 0.3073 -0.9516 -0.0033
vn -0.9509 -0.3095 0.0085
vn -0.9509 -0.3095 0.0084
vn -0.9509 -0.3095 0.0104
vn 0.9509 0.3094 -0.0084
vn 0.9508 0.3096 -0.0085
vn -0.0087 -0.0000 -1.0000
vn 0.0131 -0.0000 0.9999
vn -0.3074 0.9516 0.0034
vn -0.3074 0.9516 0.0033
vn -0.9508 -0.3095 0.0104
vn 0.0087 -0.0000 1.0000
vn 0.3074 -0.9516 -0.0033
vn 0.3074 -0.9516 -0.0034
vn -0.0131 -0.0000 -0.9999
vn 0.9509 0.3095 -0.0086
vn 0.9509 0.3095 -0.0085
vn 0.9508 0.3095 -0.0104
vn 0.9509 0.3095 -0.0084
vn -0.3073 0.9516 0.0075
vn 0.3074 -0.9516 -0.0047
vn 0.9508 0.3095 -0.0160
vn -0.3076 0.9515 -0.0039
vt 0.028900 0.948650
vt 0.706020 0.948650
vt 0.028900 0.966880
vt 0.706020 0.966880
vt 0.028900 0.986430
vt 0.706020 0.986430
vt 0.028900 0.943950
vt 0.028900 0.921010
vt 0.706020 0.943950
vt 0.706020 0.921010
vt 0.028900 0.896750
vt 0.706020 0.896750
vt 0.710860 0.916190
vt 0.729110 0.921010
vt 0.729110 0.916190
vt 0.005930 0.921010
vt 0.024190 0.916190
vt 0.005930 0.916190
vt 0.710860 0.896750
vt 0.706020 0.991140
vt 0.028900 0.991140
vt 0.024190 0.896750
vt 0.706990 0.848720
vt 0.029870 0.848720
vt 0.706990 0.830490
vt 0.029870 0.830490
vt 0.706990 0.811060
vt 0.029870 0.811060
vt 0.706990 0.853550
vt 0.706990 0.876480
vt 0.029870 0.853550
vt 0.029870 0.876480
vt 0.706990 0.782090
vt 0.706990 0.806350
vt 0.029870 0.782090
vt 0.029870 0.806350
vt 0.025040 0.786920
vt 0.006780 0.782090
vt 0.006780 0.786920
vt 0.730080 0.782090
vt 0.711820 0.786920
vt 0.730080 0.786920
vt 0.025040 0.806350
vt 0.711820 0.806350
vt 0.943210 0.032590
vt 0.943210 0.670330
vt 0.914320 0.032590
vt 0.914320 0.670330
vt 0.890260 0.032590
vt 0.890260 0.670330
vt 0.949130 0.032590
vt 0.972100 0.032590
vt 0.949130 0.670330
vt 0.972100 0.670330
vt 0.990240 0.032590
vt 0.990240 0.670330
vt 0.908270 0.699300
vt 0.908270 0.676250
vt 0.914320 0.699300
vt 0.908270 0.003740
vt 0.914320 0.003740
vt 0.908270 0.026670
vt 0.890260 0.676250
vt 0.996160 0.670330
vt 0.996160 0.032590
vt 0.890260 0.026670
vt 0.829810 0.031500
vt 0.858830 0.031500
vt 0.829810 0.669250
vt 0.858830 0.669250
vt 0.882760 0.031500
vt 0.882760 0.669250
vt 0.823890 0.031500
vt 0.823890 0.669250
vt 0.800920 0.031500
vt 0.800920 0.669250
vt 0.782910 0.031500
vt 0.782910 0.669250
vt 0.864750 0.698210
vt 0.858830 0.698210
vt 0.864750 0.675280
vt 0.858830 0.002530
vt 0.864750 0.025460
vt 0.864750 0.002530
vt 0.882760 0.675280
vt 0.776860 0.669250
vt 0.776860 0.031500
vt 0.882760 0.025460
v 2.092748 0.126014 5.177235
v 2.115043 0.135022 5.176992
v 2.102661 0.126014 6.086599
v 2.124956 0.135022 6.086356
v 2.124631 0.111252 5.176888
v 2.134544 0.111252 6.086252
v 2.090438 0.131769 5.177260
v 2.100351 0.131769 6.086624
v 2.118509 0.143029 5.176954
v 2.128422 0.143029 6.086318
v 2.130407 0.113504 5.176825
v 2.140320 0.113504 6.086189
v 2.102661 0.126014 6.086599
v 2.124956 0.135022 6.086356
v 2.100351 0.131769 6.086624
v 2.115043 0.135022 5.176992
v 2.090438 0.131769 5.177260
v 2.092748 0.126014 5.177235
v 2.134544 0.111252 6.086252
v 2.140320 0.113504 6.086189
v 2.130407 0.113504 5.176825
v 2.124631 0.111252 5.176888
v 2.147913 0.014170 6.093786
v 2.183261 0.028432 6.093401
v 1.946796 0.512091 6.095979
v 1.982144 0.526353 6.095593
v 2.183261 0.028432 6.093401
v 2.182917 0.028432 6.061779
v 1.982144 0.526353 6.095593
v 1.981800 0.526353 6.063971
v 2.147829 0.014170 6.086107
v 1.946712 0.512091 6.088299
v 2.175900 0.025429 6.085801
v 1.974783 0.523351 6.087993
v 2.175639 0.025429 6.061858
v 1.974522 0.523351 6.064050
v 1.946712 0.512091 6.088299
v 1.974783 0.523351 6.087993
v 2.175900 0.025429 6.085801
v 2.147829 0.014170 6.086107
v 1.981800 0.526353 6.063971
v 1.974522 0.523351 6.064050
v 2.175639 0.025429 6.061858
v 2.182917 0.028432 6.061779
v 2.137832 0.014170 5.169063
v 1.936715 0.512091 5.171255
v 2.173181 0.028432 5.168677
v 1.972064 0.526353 5.170870
v 2.173181 0.028432 5.168677
v 1.972064 0.526353 5.170870
v 2.173525 0.028432 5.200300
v 1.972409 0.526353 5.202492
v 2.137916 0.014170 5.176743
v 2.165987 0.025429 5.176436
v 1.936799 0.512091 5.178935
v 1.964869 0.523351 5.178629
v 2.166248 0.025429 5.200379
v 1.965131 0.523351 5.202571
v 1.936799 0.512091 5.178935
v 1.964869 0.523351 5.178629
v 2.137916 0.014170 5.176743
v 2.165987 0.025429 5.176436
v 1.965131 0.523351 5.202571
v 1.972409 0.526353 5.202492
v 2.166248 0.025429 5.200379
v 2.173525 0.028432 5.200300
vn -0.3731 -0.9278 0.0041
vn -0.3730 -0.9278 0.0040
vn -0.3731 -0.9278 0.0040
vn -0.3730 -0.9278 0.0041
vn 0.9269 -0.3752 -0.0101
vn 0.9269 -0.3752 -0.0120
vn 0.3731 0.9278 -0.0060
vn 0.3731 0.9278 -0.0041
vn -0.9269 0.3752 0.0101
vn -0.9269 0.3751 0.0100
vn -0.9269 0.3751 0.0101
vn 0.9269 -0.3751 -0.0101
vn 0.9269 -0.3751 -0.0120
vn 0.9269 -0.3751 -0.0121
vn -0.0087 -0.0000 -1.0000
vn 0.0131 -0.0000 0.9999
vn 0.0087 -0.0000 1.0000
vn -0.0131 -0.0000 -0.9999
vn -0.9269 0.3753 0.0101
vn -0.9269 0.3753 0.0102
vn 0.3731 0.9278 -0.0059
vn 0.3731 0.9278 -0.0098
vn -0.3731 -0.9277 0.0098
vn -0.9270 0.3750 0.0101
vt 0.729510 0.027410
vt 0.747960 0.027410
vt 0.729510 0.711110
vt 0.747960 0.711110
vt 0.767600 0.027410
vt 0.767600 0.711110
vt 0.724710 0.027410
vt 0.724710 0.711110
vt 0.701560 0.027410
vt 0.701470 0.711110
vt 0.677030 0.027410
vt 0.677030 0.711110
vt 0.696680 0.734380
vt 0.696680 0.715930
vt 0.701470 0.734380
vt 0.696680 0.022600
vt 0.701560 0.004140
vt 0.696680 0.004140
vt 0.677030 0.715930
vt 0.772400 0.711110
vt 0.772400 0.027410
vt 0.677030 0.022600
vt 0.448950 0.569540
vt 0.448950 0.598520
vt 0.041020 0.569540
vt 0.041020 0.598520
vt 0.448950 0.492600
vt 0.448950 0.516590
vt 0.041020 0.492600
vt 0.041020 0.516590
vt 0.448950 0.563660
vt 0.041020 0.563660
vt 0.448950 0.540660
vt 0.041020 0.540660
vt 0.448950 0.522560
vt 0.041020 0.522560
vt 0.035030 0.569540
vt 0.035030 0.592540
vt 0.454850 0.592540
vt 0.454850 0.569540
vt 0.016950 0.598520
vt 0.016950 0.592540
vt 0.472930 0.592540
vt 0.472930 0.598520
vt 0.041390 0.688920
vt 0.449320 0.688920
vt 0.041390 0.717800
vt 0.449320 0.717800
vt 0.041390 0.611890
vt 0.449320 0.611890
vt 0.041390 0.635960
vt 0.449320 0.635960
vt 0.041390 0.682940
vt 0.041390 0.659940
vt 0.449320 0.682940
vt 0.449320 0.659940
vt 0.041390 0.641930
vt 0.449320 0.641840
vt 0.455220 0.688920
vt 0.455220 0.711920
vt 0.035400 0.688920
vt 0.035400 0.711920
vt 0.473390 0.711920
vt 0.473390 0.717800
vt 0.017320 0.711920
vt 0.017320 0.717800
v 1.851080 0.217744 5.190635
v 1.860797 0.217744 6.081927
v 2.040407 0.800465 5.188571
v 2.050123 0.800465 6.079863
vn 0.9509 0.3095 -0.0085
vn 0.9508 0.3095 -0.0104
vn 0.9509 0.3095 -0.0084
vt 0.001620 0.001680
vt 0.672200 0.001680
vt 0.001620 0.471660
vt 0.672200 0.471660
v 1.889515 0.675282 1.053620
v 1.863764 0.665133 1.079940
v 1.513050 0.675282 0.685274
v 1.487299 0.665133 0.711593
v 1.868419 0.640581 1.075182
v 1.491953 0.640581 0.706836
v 1.481968 0.669716 0.717041
v 1.858434 0.669717 1.085387
v 1.511924 0.681174 0.686425
v 1.888389 0.681174 1.054771
v 1.487749 0.638945 0.711133
v 1.864214 0.638945 1.079479
v 1.888389 0.681174 1.054771
v 1.511924 0.681174 0.686425
v 1.863764 0.665133 1.079940
v 1.889515 0.675282 1.053620
v 1.513050 0.675282 0.685274
v 1.487299 0.665133 0.711593
v 1.864214 0.638945 1.079479
v 1.868419 0.640581 1.075182
v 1.487749 0.638945 0.711133
v 1.491953 0.640581 0.706836
v 1.586512 0.258223 0.621230
v 1.951943 0.258223 0.978779
v 1.570296 0.252003 0.637804
v 1.935727 0.252003 0.995354
v 1.591166 0.233343 0.616472
v 1.956598 0.233343 0.974022
v 1.934600 0.257896 0.996505
v 1.955021 0.265752 0.975633
v 1.569170 0.257896 0.638955
v 1.589591 0.265752 0.618084
v 1.960802 0.234980 0.969725
v 1.595371 0.234980 0.612176
v 1.935727 0.252003 0.995354
v 1.951943 0.258223 0.978779
v 1.934600 0.257896 0.996505
v 1.586512 0.258223 0.621230
v 1.570296 0.252003 0.637804
v 1.569170 0.257896 0.638955
v 1.956598 0.233343 0.974022
v 1.960802 0.234980 0.969725
v 1.595371 0.234980 0.612176
v 1.591166 0.233343 0.616472
v 2.012117 0.020886 0.928317
v 1.889515 0.675282 1.053620
v 1.986365 0.011065 0.954636
v 1.863764 0.665133 1.079940
v 1.989496 0.020886 0.906183
v 1.866895 0.675282 1.031487
v 2.012117 0.020886 0.928317
v 1.889515 0.675282 1.053620
v 1.858247 0.665133 1.074541
v 1.878743 0.672990 1.053593
v 1.980848 0.011065 0.949237
v 2.001344 0.018922 0.928290
v 1.861639 0.672990 1.036858
v 1.984240 0.018922 0.911555
v 1.858247 0.665133 1.074541
v 1.878743 0.672990 1.053593
v 2.001344 0.018922 0.928290
v 1.980848 0.011065 0.949237
v 1.866895 0.675282 1.031487
v 1.861639 0.672990 1.036858
v 1.989496 0.020886 0.906183
v 1.984240 0.018922 0.911555
v 1.487299 0.665133 0.711593
v 1.513050 0.675282 0.685274
v 1.609900 0.011065 0.586290
v 1.635652 0.020886 0.559971
v 1.513050 0.675282 0.685274
v 1.535671 0.675282 0.707407
v 1.635652 0.020886 0.559971
v 1.658272 0.020886 0.582104
v 1.635913 0.018921 0.570740
v 1.513312 0.672990 0.696044
v 1.615417 0.011065 0.591688
v 1.492816 0.665133 0.716992
v 1.653017 0.018921 0.587475
v 1.530416 0.672990 0.712779
v 1.513312 0.672990 0.696044
v 1.492816 0.665133 0.716992
v 1.615417 0.011065 0.591688
v 1.635913 0.018921 0.570740
v 1.530416 0.672990 0.712779
v 1.535671 0.675282 0.707407
v 1.653017 0.018921 0.587475
v 1.658272 0.020886 0.582104
vn -0.2570 -0.9664 0.0028
vn -0.2570 -0.9664 0.0027
vn -0.9658 0.2591 0.0124
vn -0.9658 0.2592 0.0125
vn -0.9657 0.2592 0.0123
vn 0.2571 0.9664 -0.0046
vn 0.2571 0.9664 -0.0047
vn 0.2570 0.9664 -0.0047
vn 0.9657 -0.2592 -0.0124
vn 0.9658 -0.2592 -0.0124
vn -0.9657 0.2593 0.0124
vn -0.9657 0.2592 0.0124
vn -0.9658 0.2592 0.0124
vn -0.0087 -0.0000 -1.0000
vn -0.0086 -0.0000 -1.0000
vn 0.0131 -0.0000 0.9999
vn 0.0130 -0.0000 0.9999
vn -0.2571 -0.9664 0.0028
vn 0.0130 -0.0001 0.9999
vn 0.9657 -0.2592 -0.0125
vn -0.0087 0.0001 -1.0000
vn -0.0086 -0.0001 -1.0000
vn -0.9658 0.2591 0.0123
vn -0.9657 0.2592 0.0125
vn 0.9657 -0.2593 -0.0123
vn 0.9657 -0.2593 -0.0124
vn 0.9657 -0.2592 -0.0123
vn 0.9657 -0.2592 -0.0122
vn 0.9658 -0.2592 -0.0123
vn 0.2569 0.9664 -0.0047
vt 0.273900 0.966910
vt 0.249060 0.966910
vt 0.273900 0.623610
vt 0.249060 0.623610
vt 0.232330 0.966910
vt 0.232330 0.623610
vt 0.207500 0.623610
vt 0.207500 0.966910
vt 0.178600 0.623610
vt 0.178600 0.966910
vt 0.228280 0.623610
vt 0.228280 0.966910
vt 0.277950 0.966910
vt 0.277950 0.623610
vt 0.203440 0.971060
vt 0.178600 0.971060
vt 0.178600 0.619580
vt 0.203440 0.619580
vt 0.207500 0.987670
vt 0.203440 0.987670
vt 0.207500 0.602860
vt 0.203440 0.602860
vt 0.850330 0.647170
vt 0.850330 0.980340
vt 0.834670 0.647170
vt 0.834670 0.980340
vt 0.866960 0.647170
vt 0.866960 0.980340
vt 0.830620 0.980340
vt 0.810900 0.980340
vt 0.830620 0.647170
vt 0.810900 0.647170
vt 0.790120 0.980340
vt 0.790120 0.647170
vt 0.806740 1.000000
vt 0.806740 0.984370
vt 0.810900 1.000000
vt 0.806740 0.643140
vt 0.806740 0.627520
vt 0.810900 0.627520
vt 0.790120 0.984370
vt 0.871110 0.980340
vt 0.871110 0.647170
vt 0.790120 0.643140
vt 0.879420 0.020630
vt 0.879420 0.462090
vt 0.904170 0.020630
vt 0.904260 0.462090
vt 0.949690 0.020630
vt 0.949690 0.462090
vt 0.970280 0.020630
vt 0.970280 0.462090
vt 0.909290 0.462090
vt 0.929010 0.462090
vt 0.909290 0.020630
vt 0.929010 0.020630
vt 0.944570 0.462090
vt 0.944570 0.020630
vt 0.904260 0.467220
vt 0.884550 0.467220
vt 0.884450 0.015510
vt 0.904170 0.015510
vt 0.879420 0.482720
vt 0.884550 0.482720
vt 0.879420 0.000000
vt 0.884450 0.000000
vt 0.945440 0.975830
vt 0.970280 0.975830
vt 0.945440 0.534370
vt 0.970280 0.534370
vt 0.879420 0.975830
vt 0.900010 0.975830
vt 0.879420 0.534370
vt 0.900010 0.534370
vt 0.920600 0.534370
vt 0.920600 0.975830
vt 0.940320 0.534370
vt 0.940320 0.975830
vt 0.905130 0.534370
vt 0.905130 0.975830
vt 0.965160 0.980950
vt 0.945440 0.980950
vt 0.945440 0.529240
vt 0.965160 0.529240
vt 0.965160 0.996460
vt 0.970280 0.996460
vt 0.965160 0.513730
vt 0.970280 0.513730
v 1.834408 0.095539 1.301875
v 1.850755 0.090135 1.285168
v 1.277249 0.095539 0.756732
v 1.293596 0.090135 0.740025
v 1.854774 0.115190 1.281061
v 1.297614 0.115190 0.735918
v 1.296883 0.082766 0.736665
v 1.854043 0.082766 1.281808
v 1.276245 0.089644 0.757759
v 1.833404 0.089644 1.302902
v 1.301815 0.113716 0.731625
v 1.858974 0.113716 1.276768
v 1.850755 0.090135 1.285168
v 1.833404 0.089644 1.302902
v 1.834408 0.095539 1.301875
v 1.276245 0.089644 0.757759
v 1.277249 0.095539 0.756732
v 1.293596 0.090135 0.740025
v 1.854774 0.115190 1.281061
v 1.301815 0.113716 0.731625
v 1.858974 0.113716 1.276768
v 1.297614 0.115190 0.735918
v 1.322271 0.375077 0.710718
v 1.338618 0.369673 0.694010
v 1.879430 0.375077 1.255861
v 1.895777 0.369673 1.239154
v 1.334599 0.344618 0.698117
v 1.891759 0.344618 1.243260
v 1.901074 0.374094 1.233740
v 1.343914 0.374094 0.688597
v 1.880435 0.380972 1.254834
v 1.323275 0.380972 0.709691
v 1.896051 0.343144 1.238873
v 1.338892 0.343144 0.693730
v 1.901074 0.374094 1.233740
v 1.343914 0.374094 0.688597
v 1.338618 0.369673 0.694010
v 1.323275 0.380972 0.709691
v 1.322271 0.375077 0.710718
v 1.880435 0.380972 1.254834
v 1.879430 0.375077 1.255861
v 1.895777 0.369673 1.239154
v 1.334599 0.344618 0.698117
v 1.891759 0.344618 1.243260
v 1.321193 0.402589 0.700712
v 1.347129 0.393746 0.674204
v 1.258181 0.012021 0.765113
v 1.284117 0.003670 0.738606
v 1.369616 0.393746 0.696206
v 1.306602 0.003670 0.760607
v 1.284372 0.005635 0.749452
v 1.347293 0.395711 0.685144
v 1.263733 0.012021 0.770546
v 1.326746 0.402589 0.706144
v 1.301306 0.005635 0.766021
v 1.364227 0.395711 0.701712
v 1.347293 0.395711 0.685144
v 1.326746 0.402589 0.706144
v 1.321193 0.402589 0.700712
v 1.263733 0.012021 0.770546
v 1.258181 0.012021 0.765113
v 1.284372 0.005635 0.749452
v 1.364227 0.395711 0.701712
v 1.306602 0.003670 0.760607
v 1.369616 0.393746 0.696206
v 1.301306 0.005635 0.766021
v 1.852380 0.003670 1.294614
v 1.915393 0.393746 1.230212
v 1.826445 0.012021 1.321121
v 1.889457 0.402589 1.256720
v 1.829895 0.003670 1.272613
v 1.892907 0.393746 1.208211
v 1.883905 0.402589 1.251287
v 1.904453 0.395711 1.230287
v 1.820893 0.012021 1.315689
v 1.841531 0.005635 1.294595
v 1.887518 0.395711 1.213718
v 1.824597 0.005635 1.278026
v 1.889457 0.402589 1.256720
v 1.883905 0.402589 1.251287
v 1.904453 0.395711 1.230287
v 1.826445 0.012021 1.321121
v 1.841531 0.005635 1.294595
v 1.820893 0.012021 1.315689
v 1.887518 0.395711 1.213718
v 1.892907 0.393746 1.208211
v 1.829895 0.003670 1.272613
v 1.824597 0.005635 1.278026
v 1.347129 0.393746 0.674204
v 1.915393 0.393746 1.230212
v 1.321193 0.402589 0.700712
v 1.889457 0.402589 1.256720
v 1.925073 0.453682 1.220319
v 1.899137 0.462525 1.246826
v 1.889457 0.402589 1.256720
v 1.331604 0.466946 0.690071
v 1.357540 0.458594 0.663564
v 1.321193 0.402589 0.700712
v 1.687074 1.009319 0.862677
v 1.713010 1.000967 0.836169
v 1.331604 0.466946 0.690071
v 1.751517 0.995072 0.875673
v 1.725582 1.003915 0.902180
v 1.899137 0.462525 1.246826
v 1.687074 1.009319 0.862677
v 1.725582 1.003915 0.902180
v 1.885092 0.409958 1.250074
v 1.905731 0.403080 1.228980
v 1.327933 0.409958 0.704931
v 1.348572 0.403080 0.683837
v 1.885092 0.409958 1.250074
v 1.893220 0.460068 1.241767
v 1.905731 0.403080 1.228980
v 1.913767 0.453190 1.220766
v 1.348572 0.403080 0.683837
v 1.357430 0.458103 0.674783
v 1.327933 0.409958 0.704931
v 1.336791 0.464981 0.695877
v 1.357430 0.458103 0.674783
v 1.708842 0.994581 0.845428
v 1.336791 0.464981 0.695877
v 1.688294 1.001459 0.866428
v 1.893220 0.460068 1.241767
v 1.721341 0.996546 0.900406
v 1.913767 0.453190 1.220766
v 1.741980 0.989668 0.879312
v 1.721341 0.996546 0.900406
v 1.688294 1.001459 0.866428
v 1.741980 0.989668 0.879312
v 1.708842 0.994581 0.845428
v 1.741980 0.989668 0.879312
v 1.708842 0.994581 0.845428
v 1.913767 0.453190 1.220766
v 1.357430 0.458103 0.674783
vn -0.2230 0.9748 0.0043
vn 0.9742 0.2253 -0.0126
vn 0.9742 0.2252 -0.0124
vn 0.9742 0.2253 -0.0125
vn 0.9742 0.2252 -0.0123
vn 0.2231 -0.9748 -0.0024
vn 0.2230 -0.9748 -0.0024
vn -0.9742 -0.2253 0.0125
vn -0.9742 -0.2253 0.0124
vn -0.9742 -0.2254 0.0125
vn 0.9742 0.2254 -0.0125
vn -0.0087 -0.0000 -1.0000
vn -0.0087 -0.0001 -1.0000
vn 0.0131 -0.0000 0.9999
vn 0.0130 -0.0000 0.9999
vn -0.0086 -0.0000 -1.0000
vn -0.2231 0.9748 0.0043
vn 0.0130 0.0001 0.9999
vn 0.2232 -0.9748 -0.0024
vn 0.9742 0.2253 -0.0124
vn -0.9742 -0.2252 0.0125
vn -0.9742 -0.2252 0.0124
vn -0.0087 0.0001 -1.0000
vn -0.0086 0.0001 -1.0000
vn -0.9742 -0.2252 0.0126
vn 0.9742 0.2252 -0.0126
vn 0.9742 0.2252 -0.0125
vn -0.2230 0.9748 0.0044
vn -0.0086 -0.0001 -1.0000
vn -0.9742 -0.2253 0.0126
vn 0.0130 -0.0001 0.9999
vn 0.0131 0.0001 0.9999
vn -0.0130 -0.0000 -0.9999
vn -0.0130 0.0001 -0.9999
vn -0.1151 0.5423 0.8323
vn -0.1152 0.5422 0.8323
vn -0.1151 0.5422 0.8323
vn -0.1332 0.5359 -0.8337
vn -0.1333 0.5359 -0.8337
vn -0.1334 0.5360 -0.8336
vn -0.2242 0.9693 -0.1012
vn -0.2242 0.9693 -0.1013
vn -0.2243 0.9693 -0.1012
vn 0.1151 -0.5422 -0.8323
vn 0.1150 -0.5422 -0.8323
vn 0.1333 -0.5359 0.8337
vn 0.1333 -0.5358 0.8338
vn 0.1333 -0.5358 0.8337
vn 0.2243 -0.9691 0.1029
vn 0.2243 -0.9691 0.1030
vn 0.2242 -0.9691 0.1030
vn 0.2242 -0.9691 0.1029
vt 0.125710 0.962170
vt 0.110080 0.962170
vt 0.125710 0.454190
vt 0.110080 0.454190
vt 0.093380 0.962170
vt 0.093380 0.454190
vt 0.149540 0.454190
vt 0.149540 0.962170
vt 0.129750 0.454190
vt 0.129750 0.962170
vt 0.170270 0.454190
vt 0.170270 0.962170
vt 0.153580 0.966280
vt 0.149540 0.981910
vt 0.153580 0.981910
vt 0.149540 0.434560
vt 0.153580 0.434560
vt 0.153580 0.450190
vt 0.170270 0.966280
vt 0.089340 0.454190
vt 0.089340 0.962170
vt 0.170270 0.450190
vt 0.023820 0.455520
vt 0.039460 0.455520
vt 0.023820 0.963500
vt 0.039460 0.963500
vt 0.056160 0.455520
vt 0.056160 0.963500
vt 0.000000 0.963500
vt 0.000000 0.455520
vt 0.019680 0.963500
vt 0.019680 0.455520
vt 0.060200 0.963500
vt 0.060200 0.455520
vt 0.080940 0.963500
vt 0.080940 0.455520
vt 0.076890 0.451400
vt 0.080940 0.435770
vt 0.076890 0.435770
vt 0.080940 0.983250
vt 0.076890 0.983250
vt 0.076890 0.967620
vt 0.060200 0.451400
vt 0.060200 0.967620
vt 0.331400 0.967500
vt 0.306620 0.967500
vt 0.331510 0.706540
vt 0.306620 0.706540
vt 0.285990 0.967500
vt 0.285990 0.706540
vt 0.356290 0.706540
vt 0.356290 0.967500
vt 0.336510 0.706540
vt 0.336510 0.967500
vt 0.371820 0.706540
vt 0.371820 0.967500
vt 0.301520 0.972580
vt 0.301520 0.992330
vt 0.306620 0.992330
vt 0.301520 0.681710
vt 0.306620 0.681710
vt 0.301520 0.701450
vt 0.285990 0.972580
vt 0.376920 0.706540
vt 0.376920 0.967500
vt 0.285990 0.701450
vt 0.849990 0.024840
vt 0.849990 0.285790
vt 0.825210 0.024840
vt 0.825210 0.285790
vt 0.870620 0.024840
vt 0.870620 0.285790
vt 0.820100 0.285790
vt 0.800320 0.285790
vt 0.820100 0.024840
vt 0.800320 0.024840
vt 0.784900 0.285790
vt 0.784900 0.024840
vt 0.849990 0.310630
vt 0.855090 0.310630
vt 0.855090 0.290880
vt 0.849990 0.000000
vt 0.855090 0.019750
vt 0.855090 0.000000
vt 0.870620 0.290880
vt 0.779790 0.285790
vt 0.779790 0.024840
vt 0.870620 0.019750
vt 0.303320 0.445220
vt 0.821490 0.445220
vt 0.303320 0.420390
vt 0.821490 0.420390
vt 0.821490 0.485320
vt 0.846370 0.485320
vt 0.846370 0.445220
vt 0.278440 0.488470
vt 0.303320 0.488470
vt 0.278440 0.445220
vt 0.526880 0.865000
vt 0.547520 0.851190
vt 0.282690 0.502280
vt 0.583680 0.847440
vt 0.604420 0.861130
vt 0.842230 0.498890
vt 0.550070 0.875910
vt 0.586230 0.872150
vt 0.816380 0.415300
vt 0.816380 0.395550
vt 0.308430 0.415300
vt 0.308430 0.395550
vt 0.851480 0.450310
vt 0.851480 0.483750
vt 0.871150 0.450310
vt 0.871150 0.483750
vt 0.253660 0.450310
vt 0.253660 0.486900
vt 0.273330 0.450310
vt 0.273330 0.486900
vt 0.263020 0.517550
vt 0.504550 0.876390
vt 0.279390 0.506520
vt 0.520930 0.865370
vt 0.845730 0.503010
vt 0.609950 0.861850
vt 0.862110 0.513790
vt 0.626430 0.872640
vt 0.584310 0.877480
vt 0.553580 0.880630
vt 0.586340 0.897110
vt 0.555600 0.900260
vt 0.580700 0.003150
vt 0.549960 0.000000
vt 0.816380 0.362110
vt 0.308430 0.358840
v 1.873032 0.408124 1.227129
v 1.898845 0.459335 1.235845
v 1.351054 0.408124 0.716408
v 1.342528 0.463991 0.690022
v 1.726494 0.994731 0.894281
v 1.692154 0.999387 0.859179
vn 0.9742 0.2253 -0.0125
vn 0.9742 0.2253 -0.0124
vn 0.9742 0.2252 -0.0123
vn 0.9742 0.2253 -0.0126
vt 0.492850 0.000680
vt 0.506900 0.034640
vt 0.016280 0.000000
vt 0.000000 0.037200
vt 0.271120 0.395190
vt 0.241540 0.395670
v 1.260975 0.225320 3.893644
v 1.897878 0.225320 4.516809
v 1.276934 0.217799 3.877333
v 1.913836 0.217799 4.500499
v 1.282490 0.242339 3.871655
v 1.919392 0.242339 4.494821
v 1.259561 0.219382 3.895089
v 1.279763 0.209883 3.874442
v 1.896463 0.219383 4.518254
v 1.916664 0.209883 4.497608
v 1.286631 0.240360 3.867422
v 1.923533 0.240360 4.490588
v 1.913836 0.217799 4.500499
v 1.896463 0.219383 4.518254
v 1.897878 0.225320 4.516809
v 1.259561 0.219382 3.895089
v 1.276934 0.217799 3.877333
v 1.260975 0.225320 3.893644
v 1.919392 0.242339 4.494821
v 1.923533 0.240360 4.490588
v 1.286631 0.240360 3.867422
v 1.282490 0.242339 3.871655
v 2.030298 0.807940 4.381470
v 1.393395 0.807939 3.758304
v 2.046257 0.800419 4.365159
v 1.409355 0.800419 3.741993
v 2.040701 0.776275 4.370837
v 1.403800 0.776275 3.747671
v 2.031611 0.813877 4.380128
v 2.051711 0.804377 4.359584
v 1.394709 0.813877 3.756962
v 1.414809 0.804377 3.736419
v 2.051711 0.804377 4.359584
v 2.044843 0.774296 4.366604
v 1.414809 0.804377 3.736419
v 1.407941 0.774296 3.743439
v 1.409355 0.800419 3.741993
v 1.394709 0.813877 3.756962
v 1.393395 0.807939 3.758304
v 2.031611 0.813877 4.380128
v 2.046257 0.800419 4.365159
v 2.030298 0.807940 4.381470
v 1.403800 0.776275 3.747671
v 2.040701 0.776275 4.370837
v 1.207599 0.015545 3.936792
v 1.389008 0.813877 3.751384
v 1.232952 0.003671 3.910881
v 1.414361 0.802003 3.725473
v 1.255438 0.003671 3.932882
v 1.436847 0.802003 3.747474
v 1.213300 0.015545 3.942370
v 1.233400 0.006045 3.921827
v 1.394709 0.813877 3.756962
v 1.414809 0.804377 3.736419
v 1.250185 0.006045 3.938250
v 1.431595 0.804377 3.752842
v 1.394709 0.813877 3.756962
v 1.414809 0.804377 3.736419
v 1.389008 0.813877 3.751384
v 1.213300 0.015545 3.942370
v 1.207599 0.015545 3.936792
v 1.233400 0.006045 3.921827
v 1.431595 0.804377 3.752842
v 1.436847 0.802003 3.747474
v 1.255438 0.003671 3.932882
v 1.250185 0.006045 3.938250
v 1.855903 0.015545 4.571113
v 1.881256 0.003671 4.545202
v 2.037312 0.813877 4.385705
v 2.062665 0.802003 4.359794
v 1.858769 0.003671 4.523200
v 2.040178 0.802003 4.337792
v 1.850202 0.015545 4.565536
v 2.031611 0.813877 4.380128
v 1.870302 0.006045 4.544992
v 2.051711 0.804377 4.359584
v 1.853517 0.006045 4.528568
v 2.034926 0.804377 4.343161
v 2.031611 0.813877 4.380128
v 2.037312 0.813877 4.385705
v 2.051711 0.804377 4.359584
v 1.855903 0.015545 4.571113
v 1.870302 0.006045 4.544992
v 1.850202 0.015545 4.565536
v 2.034926 0.804377 4.343161
v 2.040178 0.802003 4.337792
v 1.858769 0.003671 4.523200
v 1.853517 0.006045 4.528568
vn -0.3073 0.9516 0.0033
vn -0.3073 0.9516 0.0034
vn 0.9509 0.3094 -0.0085
vn 0.9509 0.3094 -0.0086
vn 0.3073 -0.9516 -0.0034
vn 0.3073 -0.9516 -0.0033
vn -0.9509 -0.3094 0.0085
vn -0.9509 -0.3095 0.0085
vn 0.9509 0.3094 -0.0084
vn 0.9509 0.3095 -0.0085
vn -0.0086 -0.0000 -1.0000
vn -0.0087 -0.0000 -1.0000
vn -0.0086 0.0001 -1.0000
vn 0.0130 -0.0000 0.9999
vn 0.0130 -0.0001 0.9999
vn -0.3074 0.9516 0.0033
vn -0.3074 0.9516 0.0034
vn 0.0131 -0.0001 0.9999
vn 0.0131 -0.0000 0.9999
vn 0.9509 0.3093 -0.0085
vn -0.9509 -0.3094 0.0084
vn 0.9508 0.3096 -0.0085
vn 0.9509 0.3095 -0.0084
vn 0.0086 -0.0000 1.0000
vn 0.0087 -0.0000 1.0000
vn 0.3074 -0.9516 -0.0034
vn 0.3074 -0.9516 -0.0033
vn -0.0131 -0.0000 -0.9999
vn -0.0130 -0.0000 -0.9999
vn -0.0131 -0.0001 -0.9999
vn 0.0130 0.0001 0.9999
vn -0.0131 0.0001 -0.9999
vn 0.0087 0.0001 1.0000
vt 0.028900 0.948650
vt 0.706020 0.948650
vt 0.028900 0.966880
vt 0.706020 0.966880
vt 0.028900 0.986430
vt 0.706020 0.986430
vt 0.028900 0.943950
vt 0.028900 0.921010
vt 0.706020 0.943950
vt 0.706020 0.921010
vt 0.028900 0.896750
vt 0.706020 0.896750
vt 0.710860 0.916190
vt 0.729110 0.921010
vt 0.729110 0.916190
vt 0.005930 0.921010
vt 0.024190 0.916190
vt 0.005930 0.916190
vt 0.710860 0.896750
vt 0.706020 0.991140
vt 0.028900 0.991140
vt 0.024190 0.896750
vt 0.706990 0.848720
vt 0.029870 0.848720
vt 0.706990 0.830490
vt 0.029870 0.830490
vt 0.706990 0.811060
vt 0.029870 0.811060
vt 0.706990 0.853550
vt 0.706990 0.876480
vt 0.029870 0.853550
vt 0.029870 0.876480
vt 0.706990 0.782090
vt 0.706990 0.806350
vt 0.029870 0.782090
vt 0.029870 0.806350
vt 0.025040 0.786920
vt 0.006780 0.782090
vt 0.006780 0.786920
vt 0.730080 0.782090
vt 0.711820 0.786920
vt 0.730080 0.786920
vt 0.025040 0.806350
vt 0.711820 0.806350
vt 0.943210 0.032590
vt 0.943210 0.670330
vt 0.914320 0.032590
vt 0.914320 0.670330
vt 0.890260 0.032590
vt 0.890260 0.670330
vt 0.949130 0.032590
vt 0.972100 0.032590
vt 0.949130 0.670330
vt 0.972100 0.670330
vt 0.990240 0.032590
vt 0.990240 0.670330
vt 0.908270 0.699300
vt 0.908270 0.676250
vt 0.914320 0.699300
vt 0.908270 0.003740
vt 0.914320 0.003740
vt 0.908270 0.026670
vt 0.890260 0.676250
vt 0.996160 0.670330
vt 0.996160 0.032590
vt 0.890260 0.026670
vt 0.829810 0.031500
vt 0.858830 0.031500
vt 0.829810 0.669250
vt 0.858830 0.669250
vt 0.882760 0.031500
vt 0.882760 0.669250
vt 0.823890 0.031500
vt 0.823890 0.669250
vt 0.800920 0.031500
vt 0.800920 0.669250
vt 0.782910 0.031500
vt 0.782910 0.669250
vt 0.864750 0.698210
vt 0.858830 0.698210
vt 0.864750 0.675280
vt 0.858830 0.002530
vt 0.864750 0.025460
vt 0.864750 0.002530
vt 0.882760 0.675280
vt 0.776860 0.669250
vt 0.776860 0.031500
vt 0.882760 0.025460
v 1.433803 0.126014 3.701313
v 1.449395 0.135022 3.685376
v 2.083830 0.126014 4.337320
v 2.099422 0.135022 4.321384
v 1.456101 0.111252 3.678523
v 2.106128 0.111252 4.314530
v 1.432186 0.131769 3.702964
v 2.082214 0.131769 4.338972
v 1.451819 0.143029 3.682899
v 2.101846 0.143029 4.318907
v 1.460141 0.113504 3.674394
v 2.110168 0.113504 4.310402
v 2.083830 0.126014 4.337320
v 2.099422 0.135022 4.321384
v 2.082214 0.131769 4.338972
v 1.449395 0.135022 3.685376
v 1.432186 0.131769 3.702964
v 1.433803 0.126014 3.701313
v 2.106128 0.111252 4.314530
v 2.110168 0.113504 4.310402
v 1.460141 0.113504 3.674394
v 1.456101 0.111252 3.678523
v 2.120909 0.014170 4.310406
v 2.145632 0.028432 4.285138
v 1.980248 0.512091 4.454166
v 2.004971 0.526353 4.428899
v 2.145632 0.028432 4.285138
v 2.123028 0.028432 4.263021
v 2.004971 0.526353 4.428899
v 1.982367 0.526353 4.406783
v 2.115420 0.014170 4.305034
v 1.974759 0.512091 4.448795
v 2.135052 0.025429 4.284969
v 1.994392 0.523351 4.428730
v 2.117938 0.025429 4.268224
v 1.977277 0.523351 4.411985
v 1.974759 0.512091 4.448795
v 1.994392 0.523351 4.428730
v 2.135052 0.025429 4.284969
v 2.115420 0.014170 4.305034
v 1.982367 0.526353 4.406783
v 1.977277 0.523351 4.411985
v 2.117938 0.025429 4.268224
v 2.123028 0.028432 4.263021
v 1.459903 0.014170 3.663655
v 1.319242 0.512091 3.807417
v 1.484626 0.028432 3.638388
v 1.343965 0.526353 3.782149
v 1.484626 0.028432 3.638388
v 1.343965 0.526353 3.782149
v 1.507230 0.028432 3.660504
v 1.366569 0.526353 3.804265
v 1.465392 0.014170 3.669026
v 1.485025 0.025429 3.648961
v 1.324732 0.512091 3.812788
v 1.344365 0.523351 3.792722
v 1.502140 0.025429 3.665706
v 1.361479 0.523351 3.809468
v 1.324732 0.512091 3.812788
v 1.344365 0.523351 3.792722
v 1.465392 0.014170 3.669026
v 1.485025 0.025429 3.648961
v 1.361479 0.523351 3.809468
v 1.366569 0.526353 3.804265
v 1.502140 0.025429 3.665706
v 1.507230 0.028432 3.660504
vn -0.3731 -0.9278 0.0041
vn 0.9269 -0.3751 -0.0120
vn 0.9269 -0.3751 -0.0121
vn 0.9269 -0.3750 -0.0120
vn 0.3731 0.9278 -0.0060
vn 0.3731 0.9278 -0.0059
vn -0.9269 0.3752 0.0101
vn -0.9270 0.3750 0.0101
vn -0.9269 0.3751 0.0102
vn 0.9269 -0.3750 -0.0121
vn -0.0087 -0.0000 -1.0000
vn -0.0086 -0.0000 -1.0000
vn -0.0087 0.0001 -1.0000
vn 0.0130 -0.0000 0.9999
vn 0.0087 -0.0000 1.0000
vn 0.0086 0.0001 1.0000
vn -0.3731 -0.9278 0.0040
vn 0.0131 0.0001 0.9999
vn 0.0086 -0.0000 1.0000
vn 0.0131 -0.0000 0.9999
vn -0.0130 -0.0001 -0.9999
vn -0.0130 -0.0000 -0.9999
vn -0.9269 0.3751 0.0101
vn 0.0087 -0.0001 1.0000
vn -0.3731 -0.9278 0.0042
vn -0.3732 -0.9278 0.0040
vn 0.0087 0.0001 1.0000
vn -0.9270 0.3750 0.0100
vn -0.0087 -0.0001 -1.0000
vn -0.0086 0.0001 -1.0000
vn 0.9270 -0.3750 -0.0120
vn -0.0131 -0.0000 -0.9999
vt 0.729510 0.027410
vt 0.747960 0.027410
vt 0.729510 0.711110
vt 0.747960 0.711110
vt 0.767600 0.027410
vt 0.767600 0.711110
vt 0.724710 0.027410
vt 0.724710 0.711110
vt 0.701560 0.027410
vt 0.701470 0.711110
vt 0.677030 0.027410
vt 0.677030 0.711110
vt 0.696680 0.734380
vt 0.696680 0.715930
vt 0.701470 0.734380
vt 0.696680 0.022600
vt 0.701560 0.004140
vt 0.696680 0.004140
vt 0.677030 0.715930
vt 0.772400 0.711110
vt 0.772400 0.027410
vt 0.677030 0.022600
vt 0.448950 0.569540
vt 0.448950 0.598520
vt 0.041020 0.569540
vt 0.041020 0.598520
vt 0.448950 0.492600
vt 0.448950 0.516590
vt 0.041020 0.492600
vt 0.041020 0.516590
vt 0.448950 0.563660
vt 0.041020 0.563660
vt 0.448950 0.540660
vt 0.041020 0.540660
vt 0.448950 0.522560
vt 0.041020 0.522560
vt 0.035030 0.569540
vt 0.035030 0.592540
vt 0.454850 0.592540
vt 0.454850 0.569540
vt 0.016950 0.598520
vt 0.016950 0.592540
vt 0.472930 0.592540
vt 0.472930 0.598520
vt 0.041390 0.688920
vt 0.449320 0.688920
vt 0.041390 0.717800
vt 0.449320 0.717800
vt 0.041390 0.611890
vt 0.449320 0.611890
vt 0.041390 0.635960
vt 0.449320 0.635960
vt 0.041390 0.682940
vt 0.041390 0.659940
vt 0.449320 0.682940
vt 0.449320 0.659940
vt 0.041390 0.641930
vt 0.449320 0.641840
vt 0.455220 0.688920
vt 0.455220 0.711920
vt 0.035400 0.688920
vt 0.035400 0.711920
vt 0.473390 0.711920
vt 0.473390 0.717800
vt 0.017320 0.711920
vt 0.017320 0.717800
v 1.265742 0.220834 3.888471
v 1.902851 0.220834 4.511839
v 1.398156 0.803555 3.753137
v 2.035265 0.803555 4.376505
v 1.272393 0.217744 3.881673
v 1.909502 0.217744 4.505041
v 1.404808 0.800465 3.746339
v 2.041917 0.800465 4.369708
vn 0.6676 0.6451 -0.3717
vn 0.1730 0.7308 -0.6603
vn -0.4759 -0.4261 -0.7694
vn 0.2768 -0.9398 0.2006
vn 0.3165 0.3604 0.8775
vn 0.3298 -0.2171 0.9188
vn -0.6564 -0.7308 0.1874
vn -0.7796 0.4261 -0.4590
vt 0.001620 0.001680
vt 0.672200 0.001680
vt 0.672200 0.471660
vt 0.001620 0.471660
v 4.095362 0.002589 16.022062
v 3.942753 0.002589 2.022935
v -2.904214 0.002589 16.098366
v -3.056823 0.002589 2.099240
vn 0.0022 1.0000 -0.0000
vt 0.000000 0.000000
vt 1.000000 0.000000
vt 0.000000 1.000000
vt 1.000000 1.000000
v 3.942753 0.002589 2.022907
v 3.790143 0.002589 -11.976219
v -3.056823 0.002589 2.099212
v -3.209433 0.002589 -11.899915
vn 0.0022 1.0000 -0.0000
vt 0.000000 0.000000
vt 1.000000 0.000000
vt 0.000000 1.000000
vt 1.000000 1.000000
v 2.913409 0.693180 0.527084
v 2.912300 0.693180 0.530937
v 2.926906 0.693180 0.532889
v 2.915482 0.693180 0.523605
v 2.918331 0.693180 0.520886
v 2.921956 0.693180 0.518926
v 2.925785 0.693180 0.518116
v 2.929816 0.693180 0.518264
v 2.933669 0.693180 0.519567
v 2.936956 0.693180 0.521835
v 2.939486 0.693180 0.525072
v 2.941061 0.693180 0.528703
v 2.941680 0.693180 0.532728
v 2.941146 0.693180 0.536575
v 2.939651 0.693180 0.540239
v 2.937192 0.693180 0.543530
v 2.933955 0.693180 0.545870
v 2.930132 0.693180 0.547256
v 2.926105 0.693180 0.547492
v 2.922259 0.693180 0.546765
v 2.918593 0.693180 0.544885
v 2.915685 0.693180 0.542229
v 2.913537 0.693180 0.538796
v 2.912344 0.693180 0.534968
v 2.802171 0.045024 0.480100
v 2.792580 0.045024 0.515728
v 2.906276 0.697629 0.524089
v 2.904612 0.697629 0.529868
v 2.820823 0.045024 0.448406
v 2.909288 0.697629 0.518680
v 2.847604 0.045024 0.422959
v 2.913847 0.697629 0.514406
v 2.880229 0.045024 0.405514
v 2.919190 0.697629 0.511660
v 2.916220 0.045024 0.397633
v 2.925123 0.697629 0.510251
v 2.953088 0.045024 0.399727
v 2.931268 0.697629 0.510568
v 2.988145 0.045024 0.411826
v 2.937239 0.697629 0.512615
v 3.018501 0.045024 0.432618
v 2.942266 0.697629 0.516016
v 3.042031 0.045024 0.461164
v 2.946156 0.697629 0.520774
v 3.057174 0.045024 0.494794
v 2.948713 0.697629 0.526507
v 3.062563 0.045024 0.531411
v 2.949547 0.697629 0.532643
v 3.062563 0.045024 0.531411
v 2.949547 0.697629 0.532643
v 3.057972 0.045024 0.567944
v 2.948844 0.697629 0.538603
v 3.043566 0.045024 0.601896
v 2.946413 0.697629 0.544390
v 3.020663 0.045024 0.630949
v 2.942628 0.697629 0.549232
v 2.990768 0.045024 0.652397
v 2.937676 0.697629 0.552742
v 2.955982 0.045024 0.665257
v 2.931751 0.697629 0.554919
v 2.919169 0.045024 0.668155
v 2.925615 0.697629 0.555370
v 2.883014 0.045024 0.661060
v 2.919653 0.697629 0.554091
v 2.850017 0.045024 0.644330
v 2.914251 0.697629 0.551461
v 2.822688 0.045024 0.619474
v 2.909600 0.697629 0.547287
v 2.803349 0.045024 0.588194
v 2.906471 0.697629 0.541945
v 2.792984 0.045024 0.552783
v 2.904681 0.697629 0.536204
v 2.906276 0.697629 0.524089
v 2.904612 0.697629 0.529868
v 2.913409 0.703104 0.527084
v 2.912300 0.703104 0.530937
v 2.909288 0.697629 0.518680
v 2.915482 0.703104 0.523605
v 2.913847 0.697629 0.514406
v 2.918331 0.703104 0.520886
v 2.919190 0.697629 0.511660
v 2.921956 0.703104 0.518926
v 2.925123 0.697629 0.510251
v 2.925785 0.703104 0.518116
v 2.931268 0.697629 0.510568
v 2.929816 0.703104 0.518264
v 2.937239 0.697629 0.512615
v 2.933669 0.703104 0.519567
v 2.942266 0.697629 0.516016
v 2.936956 0.703104 0.521835
v 2.946156 0.697629 0.520774
v 2.939486 0.703104 0.525072
v 2.948713 0.697629 0.526507
v 2.941061 0.703104 0.528703
v 2.949547 0.697629 0.532643
v 2.941680 0.703104 0.532728
v 2.948844 0.697629 0.538603
v 2.941146 0.703104 0.536575
v 2.946413 0.697629 0.544390
v 2.939651 0.703104 0.540239
v 2.942628 0.697629 0.549232
v 2.937192 0.703104 0.543530
v 2.937676 0.697629 0.552742
v 2.933955 0.703104 0.545870
v 2.931751 0.697629 0.554919
v 2.930132 0.703104 0.547256
v 2.925615 0.697629 0.555370
v 2.926105 0.703104 0.547492
v 2.919653 0.697629 0.554091
v 2.922259 0.703104 0.546765
v 2.914251 0.697629 0.551461
v 2.918593 0.703104 0.544885
v 2.909600 0.697629 0.547287
v 2.915685 0.703104 0.542229
v 2.906471 0.697629 0.541945
v 2.913537 0.703104 0.538796
v 2.904681 0.697629 0.536204
v 2.912344 0.703104 0.534968
v 3.069630 0.039548 0.722008
v 3.083232 0.039548 0.719939
v 2.788530 0.039548 0.725072
v 2.774885 0.039548 0.723301
v 3.095646 0.039548 0.714427
v 2.762355 0.039548 0.718061
v 3.106105 0.039548 0.705673
v 2.751708 0.039548 0.709536
v 3.113851 0.039548 0.694451
v 2.743719 0.039548 0.698486
v 3.118315 0.039548 0.681537
v 2.738974 0.039548 0.685673
v 3.119164 0.039548 0.671351
v 2.737903 0.039548 0.675507
v 3.116097 0.039548 0.390078
v 2.734837 0.039548 0.394234
v 3.115027 0.039548 0.379912
v 2.735686 0.039548 0.384048
v 3.110282 0.039548 0.367099
v 2.740150 0.039548 0.371134
v 3.102294 0.039548 0.356049
v 2.747896 0.039548 0.359912
v 3.091646 0.039548 0.347524
v 2.758355 0.039548 0.351158
v 3.079115 0.039548 0.342284
v 2.770768 0.039548 0.345646
v 3.065471 0.039548 0.340513
v 2.784371 0.039548 0.343577
v 3.121808 0.018331 0.385791
v 3.124966 0.018331 0.675512
v 3.120735 0.018331 0.375434
v 3.115792 0.018331 0.362046
v 3.107610 0.018331 0.350806
v 3.096574 0.018331 0.341902
v 3.083658 0.018331 0.336474
v 3.069630 0.018331 0.334707
v 2.780087 0.018331 0.337863
v 2.766101 0.018331 0.339936
v 2.753306 0.018331 0.345644
v 2.742467 0.018331 0.354787
v 2.734532 0.018331 0.366203
v 2.729881 0.018331 0.379695
v 2.729035 0.018331 0.390073
v 2.732193 0.018331 0.679794
v 2.733265 0.018331 0.690151
v 2.738209 0.018331 0.703539
v 2.746391 0.018331 0.714778
v 2.757427 0.018331 0.723683
v 2.770343 0.018331 0.729111
v 2.784371 0.018331 0.730878
v 3.073914 0.018331 0.727722
v 3.087900 0.018331 0.725649
v 3.100696 0.018331 0.719941
v 3.111534 0.018331 0.710798
v 3.119469 0.018331 0.699382
v 3.124120 0.018331 0.685890
v 3.073914 0.018331 0.727722
v 2.784371 0.018331 0.730878
v 3.087900 0.018331 0.725649
v 2.770343 0.018331 0.729111
v 3.100696 0.018331 0.719941
v 2.757427 0.018331 0.723683
v 3.111534 0.018331 0.710798
v 2.746391 0.018331 0.714778
v 3.119469 0.018331 0.699382
v 2.738209 0.018331 0.703539
v 3.124120 0.018331 0.685890
v 2.733265 0.018331 0.690151
v 3.124966 0.018331 0.675512
v 2.732193 0.018331 0.679794
v 2.729035 0.018331 0.390073
v 3.121808 0.018331 0.385791
v 3.120735 0.018331 0.375434
v 2.729881 0.018331 0.379695
v 3.115792 0.018331 0.362046
v 2.734532 0.018331 0.366203
v 3.107610 0.018331 0.350806
v 2.742467 0.018331 0.354787
v 3.096574 0.018331 0.341902
v 2.753306 0.018331 0.345644
v 3.083658 0.018331 0.336474
v 2.766101 0.018331 0.339936
v 2.737533 0.002589 0.377499
v 2.735880 0.002589 0.384238
v 2.737533 0.017989 0.377499
v 2.735880 0.017989 0.384238
v 2.740153 0.002589 0.371326
v 2.740153 0.017989 0.371326
v 2.770111 0.002589 0.390969
v 2.770111 0.017989 0.390969
v 2.764462 0.017989 0.348019
v 2.778820 0.017989 0.380121
v 2.764462 0.002589 0.348019
v 2.778820 0.002589 0.380121
v 2.758549 0.002589 0.351347
v 2.758549 0.017989 0.351347
v 2.753026 0.002589 0.355248
v 2.753026 0.017989 0.355248
v 2.747898 0.002589 0.360104
v 2.747898 0.017989 0.360104
v 2.743733 0.002589 0.365334
v 2.743733 0.017989 0.365334
v 2.778820 0.017989 0.380121
v 2.778820 0.002589 0.380121
v 2.735880 0.002589 0.384238
v 2.764462 0.002589 0.348019
v 2.758549 0.002589 0.351347
v 2.737533 0.002589 0.377499
v 2.740153 0.002589 0.371326
v 2.753026 0.002589 0.355248
v 2.743733 0.002589 0.365334
v 2.747898 0.002589 0.360104
v 2.764462 0.017989 0.348019
v 2.735880 0.017989 0.384238
v 2.737533 0.017989 0.377499
v 2.758549 0.017989 0.351347
v 2.753026 0.017989 0.355248
v 2.740153 0.017989 0.371326
v 2.747898 0.017989 0.360104
v 2.743733 0.017989 0.365334
v 2.736168 0.002589 0.516343
v 2.736168 0.017989 0.516343
v 2.755836 0.002589 0.524961
v 2.755836 0.017989 0.524961
v 2.736572 0.002589 0.553398
v 2.736572 0.017989 0.553398
v 2.756047 0.002589 0.544353
v 2.756047 0.017989 0.544353
v 2.756047 0.017989 0.544353
v 2.756047 0.002589 0.544353
v 2.736572 0.002589 0.553398
v 2.736168 0.002589 0.516343
v 2.736572 0.017989 0.553398
v 2.736168 0.017989 0.516343
v 2.771803 0.002589 0.722182
v 2.778348 0.002589 0.724031
v 2.771803 0.017989 0.722182
v 2.778348 0.017989 0.724031
v 2.765442 0.002589 0.719563
v 2.765442 0.017989 0.719563
v 2.785073 0.002589 0.689586
v 2.785073 0.017989 0.689586
v 2.742340 0.017989 0.695237
v 2.774231 0.017989 0.680872
v 2.742340 0.002589 0.695237
v 2.774231 0.002589 0.680872
v 2.745477 0.002589 0.701347
v 2.745477 0.017989 0.701347
v 2.749567 0.002589 0.706871
v 2.749567 0.017989 0.706871
v 2.754227 0.002589 0.711813
v 2.754227 0.017989 0.711813
v 2.759645 0.002589 0.715978
v 2.759645 0.017989 0.715978
v 2.774231 0.017989 0.680872
v 2.774231 0.002589 0.680872
v 2.778348 0.002589 0.724031
v 2.742340 0.002589 0.695237
v 2.745477 0.002589 0.701347
v 2.771803 0.002589 0.722182
v 2.765442 0.002589 0.719563
v 2.749567 0.002589 0.706871
v 2.759645 0.002589 0.715978
v 2.754227 0.002589 0.711813
v 2.742340 0.017989 0.695237
v 2.778348 0.017989 0.724031
v 2.771803 0.017989 0.722182
v 2.745477 0.017989 0.701347
v 2.749567 0.017989 0.706871
v 2.765442 0.017989 0.719563
v 2.754227 0.017989 0.711813
v 2.759645 0.017989 0.715978
v 2.910562 0.002589 0.723550
v 2.910562 0.017989 0.723550
v 2.919177 0.002589 0.704062
v 2.919177 0.017989 0.704062
v 2.947594 0.002589 0.723146
v 2.947594 0.017989 0.723146
v 2.938556 0.002589 0.703851
v 2.938556 0.017989 0.703851
v 2.938556 0.017989 0.703851
v 2.938556 0.002589 0.703851
v 2.947594 0.002589 0.723146
v 2.910562 0.002589 0.723550
v 2.947594 0.017989 0.723146
v 2.910562 0.017989 0.723550
v 3.116468 0.002589 0.688086
v 3.118122 0.002589 0.681347
v 3.116468 0.017989 0.688086
v 3.118122 0.017989 0.681347
v 3.113849 0.002589 0.694259
v 3.113849 0.017989 0.694259
v 3.083890 0.002589 0.674616
v 3.083890 0.017989 0.674616
v 3.089539 0.017989 0.717566
v 3.075181 0.017989 0.685464
v 3.089539 0.002589 0.717566
v 3.075181 0.002589 0.685464
v 3.095452 0.002589 0.714237
v 3.095452 0.017989 0.714237
v 3.100975 0.002589 0.710337
v 3.100975 0.017989 0.710337
v 3.106103 0.002589 0.705481
v 3.106103 0.017989 0.705481
v 3.110268 0.002589 0.700251
v 3.110268 0.017989 0.700251
v 3.075181 0.017989 0.685464
v 3.075181 0.002589 0.685464
v 3.118122 0.002589 0.681347
v 3.089539 0.002589 0.717566
v 3.095452 0.002589 0.714237
v 3.116468 0.002589 0.688086
v 3.113849 0.002589 0.694259
v 3.100975 0.002589 0.710337
v 3.110268 0.002589 0.700251
v 3.106103 0.002589 0.705481
v 3.089539 0.017989 0.717566
v 3.118122 0.017989 0.681347
v 3.116468 0.017989 0.688086
v 3.095452 0.017989 0.714237
v 3.100975 0.017989 0.710337
v 3.113849 0.017989 0.694259
v 3.106103 0.017989 0.705481
v 3.110268 0.017989 0.700251
v 3.117833 0.002589 0.549242
v 3.117833 0.017989 0.549242
v 3.098165 0.002589 0.540623
v 3.098165 0.017989 0.540623
v 3.117429 0.002589 0.512187
v 3.117429 0.017989 0.512187
v 3.097954 0.002589 0.521232
v 3.097954 0.017989 0.521232
v 3.097954 0.017989 0.521232
v 3.097954 0.002589 0.521232
v 3.117429 0.002589 0.512187
v 3.117833 0.002589 0.549242
v 3.117429 0.017989 0.512187
v 3.117833 0.017989 0.549242
v 3.082198 0.002589 0.343403
v 3.075653 0.002589 0.341554
v 3.082198 0.017989 0.343403
v 3.075653 0.017989 0.341554
v 3.088560 0.002589 0.346022
v 3.088560 0.017989 0.346022
v 3.068928 0.002589 0.375998
v 3.068928 0.017989 0.375998
v 3.111661 0.017989 0.370348
v 3.079770 0.017989 0.384713
v 3.111661 0.002589 0.370348
v 3.079770 0.002589 0.384713
v 3.108524 0.002589 0.364238
v 3.108524 0.017989 0.364238
v 3.104434 0.002589 0.358714
v 3.104434 0.017989 0.358714
v 3.099774 0.002589 0.353772
v 3.099774 0.017989 0.353772
v 3.094356 0.002589 0.349607
v 3.094356 0.017989 0.349607
v 3.079770 0.017989 0.384713
v 3.079770 0.002589 0.384713
v 3.075653 0.002589 0.341554
v 3.111661 0.002589 0.370348
v 3.108524 0.002589 0.364238
v 3.082198 0.002589 0.343403
v 3.088560 0.002589 0.346022
v 3.104434 0.002589 0.358714
v 3.094356 0.002589 0.349607
v 3.099774 0.002589 0.353772
v 3.111661 0.017989 0.370348
v 3.075653 0.017989 0.341554
v 3.082198 0.017989 0.343403
v 3.108524 0.017989 0.364238
v 3.104434 0.017989 0.358714
v 3.088560 0.017989 0.346022
v 3.099774 0.017989 0.353772
v 3.094356 0.017989 0.349607
v 2.943439 0.002589 0.342035
v 2.943439 0.017989 0.342035
v 2.934824 0.002589 0.361523
v 2.934824 0.017989 0.361523
v 2.906407 0.002589 0.342439
v 2.906407 0.017989 0.342439
v 2.915445 0.002589 0.361734
v 2.915445 0.017989 0.361734
v 2.915445 0.017989 0.361734
v 2.915445 0.002589 0.361734
v 2.906407 0.002589 0.342439
v 2.943439 0.002589 0.342035
v 2.906407 0.017989 0.342439
v 2.943439 0.017989 0.342035
vn -0.0022 1.0000 -0.0000
vn 0.0020 1.0000 -0.0000
vn 0.0022 1.0000 -0.0000
vn -0.9084 0.1691 -0.3823
vn -0.9776 0.1708 -0.1229
vn -0.9776 0.1708 -0.1228
vn -0.7721 0.1717 -0.6118
vn -0.5776 0.1725 -0.7979
vn -0.3382 0.1727 -0.9251
vn -0.0784 0.1728 -0.9818
vn 0.1912 0.1728 -0.9662
vn 0.4430 0.1722 -0.8798
vn 0.4430 0.1723 -0.8798
vn 0.6636 0.1720 -0.7280
vn 0.8373 0.1702 -0.5196
vn 0.8374 0.1702 -0.5194
vn 0.9452 0.1706 -0.2783
vn 0.9854 0.1695 -0.0146
vn 0.9854 0.1696 -0.0146
vn 0.9854 0.1696 -0.0144
vn 0.9854 0.1695 -0.0144
vn 0.9510 0.1706 0.2577
vn 0.9510 0.1707 0.2577
vn 0.8485 0.1666 0.5023
vn 0.8485 0.1666 0.5024
vn 0.6794 0.1683 0.7142
vn 0.4621 0.1686 0.8706
vn 0.4622 0.1686 0.8706
vn 0.2123 0.1690 0.9625
vn 0.2122 0.1690 0.9625
vn -0.0569 0.1728 0.9833
vn -0.0570 0.1728 0.9833
vn -0.3180 0.1727 0.9322
vn -0.3179 0.1727 0.9323
vn -0.5601 0.1725 0.8103
vn -0.5601 0.1725 0.8102
vn -0.7586 0.1681 0.6295
vn -0.8999 0.1726 0.4005
vn -0.9747 0.1708 0.1441
vn -0.9747 0.1707 0.1441
vn -0.5200 0.8258 -0.2182
vn -0.5625 0.8239 -0.0693
vn -0.4448 0.8232 -0.3530
vn -0.4448 0.8231 -0.3531
vn -0.3331 0.8255 -0.4556
vn -0.1947 0.8262 -0.5287
vn -0.0433 0.8224 -0.5673
vn 0.1095 0.8250 -0.5544
vn 0.2558 0.8244 -0.5049
vn 0.3807 0.8243 -0.4191
vn 0.4802 0.8232 -0.3028
vn 0.4802 0.8232 -0.3029
vn 0.5418 0.8249 -0.1616
vn 0.5417 0.8249 -0.1616
vn 0.5653 0.8249 -0.0043
vn 0.5451 0.8256 0.1460
vn 0.5451 0.8255 0.1460
vn 0.4867 0.8245 0.2887
vn 0.4867 0.8245 0.2888
vn 0.3897 0.8243 0.4107
vn 0.2668 0.8244 0.4992
vn 0.1216 0.8229 0.5551
vn -0.0309 0.8224 0.5681
vn -0.1831 0.8242 0.5360
vn -0.1831 0.8241 0.5360
vn -0.3231 0.8255 0.4628
vn -0.4370 0.8246 0.3592
vn -0.4370 0.8246 0.3591
vn -0.5151 0.8258 0.2295
vn -0.5609 0.8239 0.0816
vn -0.5608 0.8239 0.0816
vn 0.9211 0.0038 0.3893
vn 0.9211 0.0038 0.3892
vn 0.9922 -0.0000 0.1243
vn 0.9923 -0.0000 0.1242
vn 0.7834 0.0038 0.6215
vn 0.7833 0.0038 0.6216
vn 0.5849 0.0038 0.8111
vn 0.3465 -0.0000 0.9381
vn 0.3465 -0.0000 0.9380
vn 0.0785 -0.0000 0.9969
vn -0.1910 -0.0038 0.9816
vn -0.1911 -0.0038 0.9816
vn -0.4507 -0.0000 0.8927
vn -0.6731 -0.0038 0.7395
vn -0.8488 -0.0000 0.5288
vn -0.8488 -0.0000 0.5287
vn -0.9593 -0.0000 0.2822
vn -0.9593 -0.0000 0.2823
vn -0.9999 -0.0000 0.0109
vn -0.9653 -0.0000 -0.2613
vn -0.9653 -0.0000 -0.2612
vn -0.8601 -0.0000 -0.5101
vn -0.8601 -0.0000 -0.5100
vn -0.6891 -0.0000 -0.7246
vn -0.6891 -0.0000 -0.7247
vn -0.4700 -0.0000 -0.8826
vn -0.2124 -0.0000 -0.9772
vn 0.0567 -0.0000 -0.9984
vn 0.0568 -0.0000 -0.9984
vn 0.3260 -0.0000 -0.9454
vn 0.5671 -0.0000 -0.8236
vn 0.7696 -0.0000 -0.6385
vn 0.9124 -0.0000 -0.4093
vn 0.9893 -0.0000 -0.1459
vn 0.9893 -0.0000 -0.1458
vn 0.9646 0.2634 -0.0105
vn 0.9646 0.2633 -0.0105
vn 0.9343 0.2925 -0.2036
vn 0.9327 0.2939 -0.2089
vn 0.8359 0.3232 -0.4437
vn 0.8334 0.3236 -0.4481
vn 0.6804 0.3339 -0.6523
vn 0.4822 0.3242 -0.8138
vn 0.4823 0.3242 -0.8138
vn 0.2428 0.3044 -0.9211
vn 0.2513 0.3040 -0.9189
vn 0.0573 0.2758 -0.9595
vn 0.0572 0.2758 -0.9595
vn -0.0085 0.2613 -0.9652
vn -0.0084 0.2613 -0.9652
vn -0.2628 0.3044 -0.9156
vn -0.2712 0.3044 -0.9131
vn -0.4999 0.3242 -0.8031
vn -0.5000 0.3242 -0.8031
vn -0.6945 0.3344 -0.6370
vn -0.6945 0.3344 -0.6371
vn -0.8453 0.3245 -0.4246
vn -0.8429 0.3248 -0.4289
vn -0.9385 0.2938 -0.1813
vn -0.9371 0.2946 -0.1874
vn -0.9646 0.2634 0.0124
vn -0.9344 0.2958 0.1985
vn -0.9327 0.2925 0.2110
vn -0.8358 0.3245 0.4428
vn -0.8334 0.3218 0.4494
vn -0.6804 0.3344 0.6521
vn -0.6805 0.3344 0.6520
vn -0.4823 0.3277 0.8124
vn -0.2428 0.3008 0.9223
vn -0.2512 0.3008 0.9200
vn -0.0572 0.2758 0.9595
vn -0.0573 0.2758 0.9595
vn 0.0127 0.2613 0.9652
vn 0.2628 0.3008 0.9168
vn 0.2713 0.3040 0.9132
vn 0.4999 0.3277 0.8017
vn 0.6945 0.3372 0.6356
vn 0.8453 0.3232 0.4255
vn 0.8429 0.3266 0.4276
vn 0.9385 0.2945 0.1801
vn 0.9371 0.2939 0.1885
vn 0.0022 -1.0000 -0.0000
vn -0.9461 -0.0000 -0.3239
vn -0.9461 -0.0000 -0.3240
vn -0.8937 -0.0000 -0.4487
vn 0.9125 -0.0000 -0.4091
vn -0.5306 -0.0000 -0.8477
vn -0.5306 -0.0000 -0.8476
vn -0.4701 -0.0000 -0.8826
vn -0.6401 -0.0000 -0.7683
vn -0.7380 -0.0000 -0.6748
vn -0.8221 -0.0000 -0.5693
vn -0.8222 -0.0000 -0.5692
vn 0.3992 -0.0000 -0.9168
vn 0.3993 -0.0000 -0.9168
vn 0.4192 -0.0000 0.9079
vn 0.4191 -0.0000 0.9079
vn 0.9999 -0.0000 -0.0109
vn -0.3261 -0.0000 0.9453
vn -0.2592 -0.0038 0.9658
vn -0.3260 -0.0000 0.9454
vn 0.9812 0.0037 0.1932
vn 0.9811 0.0037 0.1932
vn -0.4073 -0.0000 -0.9133
vn -0.8489 -0.0000 0.5286
vn -0.8837 -0.0038 0.4681
vn -0.7696 -0.0000 0.6385
vn -0.6732 -0.0038 0.7395
vn -0.5672 -0.0000 0.8236
vn 0.6232 -0.0000 -0.7821
vn 0.6233 -0.0000 -0.7820
vn 0.6232 -0.0000 -0.7820
vn -0.0022 -1.0000 -0.0000
vn -0.9177 -0.0000 -0.3973
vn 0.0131 -0.0000 0.9999
vn 0.9088 -0.0000 -0.4172
vn -0.0087 -0.0000 -1.0000
vn 0.9461 0.0038 0.3239
vn 0.9652 0.0038 0.2613
vn 0.9653 0.0038 0.2613
vn 0.8936 0.0038 0.4488
vn 0.8937 0.0038 0.4487
vn 0.1911 -0.0000 -0.9816
vn -0.9124 -0.0000 0.4093
vn 0.5305 0.0038 0.8476
vn 0.5306 0.0038 0.8476
vn 0.4700 0.0038 0.8826
vn 0.6402 -0.0000 0.7682
vn 0.6401 -0.0000 0.7683
vn 0.7380 0.0038 0.6748
vn 0.8222 -0.0000 0.5692
vn 0.8221 -0.0000 0.5693
vn -0.7834 -0.0000 -0.6215
vn -0.3993 -0.0038 0.9168
vn -0.4192 -0.0000 -0.9079
vn -0.4191 -0.0000 -0.9079
vn 0.3262 -0.0000 -0.9453
vn 0.2592 -0.0000 -0.9658
vn 0.4507 -0.0000 -0.8927
vn -0.9811 -0.0000 -0.1933
vn 0.4072 -0.0000 0.9133
vn 0.4073 -0.0000 0.9133
vn 0.8488 -0.0000 -0.5287
vn 0.8836 -0.0000 -0.4682
vn 0.6732 -0.0000 -0.7395
vn 0.6731 -0.0000 -0.7395
vn 0.5672 -0.0000 -0.8236
vn -0.6233 -0.0038 0.7820
vn 0.9177 -0.0000 0.3973
vn -0.9088 -0.0000 0.4172
vn -0.9088 -0.0000 0.4173
vt 0.026750 0.244220
vt 0.027060 0.245310
vt 0.023060 0.246010
vt 0.026120 0.243290
vt 0.025270 0.242560
vt 0.024330 0.242060
vt 0.023170 0.241890
vt 0.022120 0.241990
vt 0.021060 0.242390
vt 0.020110 0.243090
vt 0.019480 0.243990
vt 0.019060 0.245020
vt 0.018960 0.246150
vt 0.019170 0.247240
vt 0.019590 0.248240
vt 0.020330 0.249100
vt 0.021270 0.249700
vt 0.022330 0.250060
vt 0.023480 0.250100
vt 0.024540 0.249830
vt 0.025590 0.249300
vt 0.026330 0.248500
vt 0.026850 0.247510
vt 0.027170 0.246410
vt 0.119410 0.044630
vt 0.128360 0.044630
vt 0.129730 0.234050
vt 0.131730 0.234050
vt 0.110570 0.044630
vt 0.127620 0.234050
vt 0.101620 0.044630
vt 0.125620 0.234050
vt 0.092560 0.044630
vt 0.123620 0.234050
vt 0.083400 0.044630
vt 0.121620 0.234050
vt 0.074030 0.044630
vt 0.119620 0.234050
vt 0.064550 0.044630
vt 0.117730 0.234050
vt 0.054970 0.044630
vt 0.115830 0.234050
vt 0.045070 0.044630
vt 0.113940 0.234050
vt 0.034960 0.044630
vt 0.112150 0.234050
vt 0.024540 0.044630
vt 0.110360 0.234050
vt 0.240920 0.044630
vt 0.155210 0.234050
vt 0.230610 0.044630
vt 0.153420 0.234050
vt 0.220390 0.044630
vt 0.151530 0.234050
vt 0.210600 0.044630
vt 0.149740 0.234050
vt 0.200910 0.044630
vt 0.147840 0.234050
vt 0.191430 0.044630
vt 0.145840 0.234050
vt 0.182170 0.044630
vt 0.143840 0.234050
vt 0.173010 0.044630
vt 0.141840 0.234050
vt 0.163950 0.044630
vt 0.139840 0.234050
vt 0.155000 0.044630
vt 0.137840 0.234050
vt 0.146050 0.044630
vt 0.135840 0.234050
vt 0.137210 0.044630
vt 0.133730 0.234050
vt 0.031910 0.241660
vt 0.032750 0.244190
vt 0.029070 0.243060
vt 0.029590 0.244780
vt 0.030330 0.239440
vt 0.028010 0.241530
vt 0.028330 0.237710
vt 0.026640 0.240370
vt 0.025910 0.236580
vt 0.024960 0.239600
vt 0.023270 0.236180
vt 0.023170 0.239300
vt 0.020640 0.236480
vt 0.021380 0.239540
vt 0.018110 0.237510
vt 0.019690 0.240230
vt 0.016010 0.239170
vt 0.018320 0.241360
vt 0.014430 0.241330
vt 0.017170 0.242820
vt 0.013480 0.243820
vt 0.016530 0.244520
vt 0.013270 0.246480
vt 0.016430 0.246310
vt 0.013800 0.249070
vt 0.016750 0.248100
vt 0.014960 0.251460
vt 0.017590 0.249730
vt 0.016750 0.253450
vt 0.018750 0.251090
vt 0.018960 0.254910
vt 0.020330 0.252060
vt 0.021480 0.255710
vt 0.022010 0.252590
vt 0.024220 0.255740
vt 0.023800 0.252620
vt 0.026750 0.255080
vt 0.025590 0.252190
vt 0.029070 0.253750
vt 0.027170 0.251260
vt 0.030960 0.251820
vt 0.028430 0.249960
vt 0.032220 0.249470
vt 0.029280 0.248370
vt 0.032860 0.246880
vt 0.029700 0.246580
vt 0.761410 0.266470
vt 0.757310 0.265780
vt 0.852920 0.266470
vt 0.857020 0.265810
vt 0.753520 0.264080
vt 0.860920 0.264110
vt 0.750250 0.261490
vt 0.864080 0.261490
vt 0.747830 0.258140
vt 0.866610 0.258140
vt 0.746250 0.254250
vt 0.868080 0.254280
vt 0.745830 0.251230
vt 0.868610 0.251290
vt 0.745830 0.160650
vt 0.868710 0.160720
vt 0.746140 0.157630
vt 0.868400 0.157660
vt 0.747510 0.153740
vt 0.866920 0.153770
vt 0.749830 0.150350
vt 0.864600 0.150390
vt 0.752990 0.147730
vt 0.861550 0.147730
vt 0.756670 0.145970
vt 0.857870 0.146000
vt 0.760780 0.145270
vt 0.853760 0.145300
vt 0.738670 0.158720
vt 0.738770 0.253250
vt 0.739410 0.154700
vt 0.741300 0.149760
vt 0.744460 0.145340
vt 0.748460 0.141820
vt 0.753300 0.139390
vt 0.758570 0.138160
vt 0.855970 0.138130
vt 0.861240 0.139390
vt 0.865970 0.141820
vt 0.870080 0.145340
vt 0.873130 0.149720
vt 0.875130 0.154700
vt 0.875770 0.158760
vt 0.875660 0.253320
vt 0.874920 0.257410
vt 0.872820 0.262350
vt 0.869550 0.266740
vt 0.865240 0.270190
vt 0.860290 0.272520
vt 0.855020 0.273580
vt 0.759410 0.273580
vt 0.754150 0.272520
vt 0.749200 0.270230
vt 0.744990 0.266770
vt 0.741720 0.262390
vt 0.739620 0.257370
vt 0.758460 0.001520
vt 0.857970 0.002980
vt 0.753730 0.002280
vt 0.862810 0.003710
vt 0.749200 0.004310
vt 0.867240 0.005700
vt 0.745510 0.007500
vt 0.870920 0.008820
vt 0.742670 0.011550
vt 0.873660 0.012810
vt 0.740980 0.016230
vt 0.875240 0.017430
vt 0.740670 0.019980
vt 0.875450 0.021050
vt 0.874710 0.120460
vt 0.740040 0.119530
vt 0.740460 0.123280
vt 0.874190 0.124080
vt 0.742250 0.127970
vt 0.872400 0.128630
vt 0.745090 0.132050
vt 0.869450 0.132580
vt 0.748990 0.135240
vt 0.865550 0.135610
vt 0.753620 0.137330
vt 0.860920 0.137500
vt 0.715710 0.188190
vt 0.715710 0.190480
vt 0.710550 0.188190
vt 0.710550 0.190480
vt 0.715710 0.185930
vt 0.710550 0.185930
vt 0.715710 0.202100
vt 0.710550 0.202100
vt 0.710550 0.174530
vt 0.710550 0.162910
vt 0.715710 0.174530
vt 0.715710 0.162910
vt 0.715710 0.176830
vt 0.710550 0.176830
vt 0.715710 0.179080
vt 0.710550 0.179080
vt 0.715710 0.181380
vt 0.710550 0.181380
vt 0.715710 0.183630
vt 0.710550 0.183630
vt 0.710550 0.206720
vt 0.715710 0.206720
vt 0.726030 0.196750
vt 0.726030 0.212100
vt 0.726980 0.210010
vt 0.726980 0.198850
vt 0.727610 0.201040
vt 0.727610 0.207820
vt 0.727930 0.203260
vt 0.727930 0.205560
vt 0.700230 0.212100
vt 0.700230 0.196750
vt 0.699390 0.198850
vt 0.699390 0.210010
vt 0.698760 0.207820
vt 0.698760 0.201040
vt 0.698440 0.205560
vt 0.698440 0.203260
vt 0.685700 0.194960
vt 0.680540 0.194960
vt 0.685700 0.187890
vt 0.680540 0.187890
vt 0.685700 0.207250
vt 0.680540 0.207250
vt 0.685700 0.214330
vt 0.680540 0.214330
vt 0.680540 0.181410
vt 0.685700 0.181410
vt 0.692230 0.178520
vt 0.692230 0.190780
vt 0.674120 0.178520
vt 0.674120 0.190780
vt 0.712980 0.127800
vt 0.712980 0.130060
vt 0.707820 0.127800
vt 0.707820 0.130060
vt 0.712980 0.125510
vt 0.707820 0.125510
vt 0.712980 0.141720
vt 0.707820 0.141720
vt 0.707820 0.114150
vt 0.707820 0.102490
vt 0.712980 0.114150
vt 0.712980 0.102490
vt 0.712980 0.116410
vt 0.707820 0.116410
vt 0.712980 0.118700
vt 0.707820 0.118700
vt 0.712980 0.120960
vt 0.707820 0.120960
vt 0.712980 0.123250
vt 0.707820 0.123250
vt 0.707820 0.146330
vt 0.712980 0.146330
vt 0.723290 0.136340
vt 0.723290 0.151680
vt 0.724240 0.149590
vt 0.724240 0.138430
vt 0.724870 0.140620
vt 0.724870 0.147400
vt 0.725190 0.142880
vt 0.725190 0.145140
vt 0.697500 0.151680
vt 0.697500 0.136340
vt 0.696650 0.138430
vt 0.696650 0.149590
vt 0.696020 0.147400
vt 0.696020 0.140620
vt 0.695710 0.145140
vt 0.695710 0.142880
vt 0.681280 0.039910
vt 0.676120 0.039910
vt 0.681280 0.032840
vt 0.676120 0.032840
vt 0.681280 0.052170
vt 0.676120 0.052170
vt 0.681280 0.059280
vt 0.676120 0.059280
vt 0.676120 0.026360
vt 0.681280 0.026360
vt 0.687810 0.023470
vt 0.687810 0.035730
vt 0.669700 0.023470
vt 0.669700 0.035730
vt 0.716660 0.239700
vt 0.716660 0.241990
vt 0.711500 0.239700
vt 0.711500 0.241990
vt 0.716660 0.237440
vt 0.711500 0.237440
vt 0.716660 0.253620
vt 0.711500 0.253620
vt 0.711500 0.226050
vt 0.711500 0.214420
vt 0.716660 0.226050
vt 0.716660 0.214420
vt 0.716660 0.228340
vt 0.711500 0.228340
vt 0.716660 0.230600
vt 0.711500 0.230600
vt 0.716660 0.232890
vt 0.711500 0.232890
vt 0.716660 0.235150
vt 0.711500 0.235150
vt 0.711500 0.258240
vt 0.716660 0.258240
vt 0.726980 0.248270
vt 0.726980 0.263620
vt 0.727930 0.261520
vt 0.727930 0.250360
vt 0.728450 0.252560
vt 0.728450 0.259330
vt 0.728770 0.254780
vt 0.728770 0.257070
vt 0.701180 0.263580
vt 0.701180 0.248270
vt 0.700230 0.250360
vt 0.700230 0.261520
vt 0.699710 0.259330
vt 0.699710 0.252560
vt 0.699390 0.257070
vt 0.699390 0.254780
vt 0.681810 0.090070
vt 0.676650 0.090070
vt 0.681810 0.082960
vt 0.676650 0.082960
vt 0.681810 0.102320
vt 0.676650 0.102320
vt 0.681810 0.109400
vt 0.676650 0.109400
vt 0.676650 0.076480
vt 0.681810 0.076480
vt 0.688230 0.073590
vt 0.688230 0.085850
vt 0.670220 0.073590
vt 0.670220 0.085850
vt 0.712030 0.071800
vt 0.712030 0.074060
vt 0.706870 0.071800
vt 0.706870 0.074060
vt 0.712030 0.069510
vt 0.706870 0.069510
vt 0.712030 0.085720
vt 0.706870 0.085720
vt 0.706870 0.058150
vt 0.706870 0.046490
vt 0.712030 0.058150
vt 0.712030 0.046490
vt 0.712030 0.060410
vt 0.706870 0.060410
vt 0.712030 0.062700
vt 0.706870 0.062700
vt 0.712030 0.064960
vt 0.706870 0.064960
vt 0.712030 0.067250
vt 0.706870 0.067250
vt 0.706870 0.090330
vt 0.712030 0.090330
vt 0.722350 0.080340
vt 0.722350 0.095680
vt 0.723290 0.093590
vt 0.723290 0.082430
vt 0.723930 0.084620
vt 0.723930 0.091400
vt 0.724240 0.086880
vt 0.724240 0.089140
vt 0.696550 0.095680
vt 0.696550 0.080340
vt 0.695710 0.082430
vt 0.695710 0.093590
vt 0.695080 0.091400
vt 0.695080 0.084620
vt 0.694760 0.089140
vt 0.694760 0.086880
vt 0.680970 0.143380
vt 0.675810 0.143380
vt 0.680970 0.136270
vt 0.675810 0.136270
vt 0.680970 0.155630
vt 0.675810 0.155630
vt 0.680970 0.162710
vt 0.675810 0.162710
vt 0.675810 0.129790
vt 0.680970 0.129790
vt 0.687390 0.126900
vt 0.687390 0.139160
vt 0.669280 0.126900
vt 0.669280 0.139160
v 2.949095 0.693180 1.512160
v 2.946188 0.693180 1.509504
v 2.937877 0.693180 1.521691
v 2.942523 0.693180 1.507815
v 2.923634 0.693180 1.517814
v 2.923102 0.693180 1.521852
v 2.923722 0.693180 1.525878
v 2.925297 0.693180 1.529509
v 2.927824 0.693180 1.532554
v 2.931112 0.693180 1.534822
v 2.934963 0.693180 1.536124
v 2.938997 0.693180 1.536465
v 2.942825 0.693180 1.535463
v 2.946451 0.693180 1.533695
v 2.949298 0.693180 1.530784
v 2.951373 0.693180 1.527497
v 2.952480 0.693180 1.523452
v 2.952436 0.693180 1.519420
v 2.951243 0.693180 1.515593
v 2.938675 0.693180 1.506897
v 2.934649 0.693180 1.507325
v 2.930827 0.693180 1.508711
v 2.927590 0.693180 1.511050
v 2.925129 0.693180 1.514150
v 3.080531 0.039548 1.721947
v 3.094133 0.039548 1.719879
v 2.799430 0.039548 1.725012
v 2.785786 0.039548 1.723240
v 3.106547 0.039548 1.714367
v 2.773256 0.039548 1.718000
v 3.117006 0.039548 1.705612
v 2.762608 0.039548 1.709476
v 3.124751 0.039548 1.694391
v 2.754620 0.039548 1.698426
v 3.129216 0.039548 1.681477
v 2.749874 0.039548 1.685612
v 3.130064 0.039548 1.671291
v 2.748804 0.039548 1.675447
v 3.126998 0.039548 1.390017
v 2.745738 0.039548 1.394174
v 3.125928 0.039548 1.379852
v 2.746586 0.039548 1.383987
v 3.121183 0.039548 1.367039
v 2.751051 0.039548 1.371073
v 3.113194 0.039548 1.355989
v 2.758797 0.039548 1.359852
v 3.102547 0.039548 1.347464
v 2.769256 0.039548 1.351097
v 3.090016 0.039548 1.342224
v 2.781669 0.039548 1.345585
v 3.076372 0.039548 1.340452
v 2.795272 0.039548 1.343517
v 3.132709 0.018331 1.385731
v 3.135867 0.018331 1.675452
v 3.131636 0.018331 1.375373
v 3.126693 0.018331 1.361986
v 3.118510 0.018331 1.350746
v 3.107475 0.018331 1.341842
v 3.094558 0.018331 1.336414
v 3.080531 0.018331 1.334647
v 2.790988 0.018331 1.337803
v 2.777001 0.018331 1.339876
v 2.764206 0.018331 1.345584
v 2.753368 0.018331 1.354727
v 2.745432 0.018331 1.366142
v 2.740782 0.018331 1.379634
v 2.739936 0.018331 1.390013
v 2.743094 0.018331 1.679734
v 2.744166 0.018331 1.690091
v 2.749110 0.018331 1.703478
v 2.757292 0.018331 1.714718
v 2.768327 0.018331 1.723623
v 2.781244 0.018331 1.729050
v 2.795272 0.018331 1.730818
v 3.084815 0.018331 1.727661
v 3.098801 0.018331 1.725589
v 3.111596 0.018331 1.719881
v 3.122435 0.018331 1.710737
v 3.130370 0.018331 1.699322
v 3.135020 0.018331 1.685830
v 3.084815 0.018331 1.727661
v 2.795272 0.018331 1.730818
v 3.098801 0.018331 1.725589
v 2.781244 0.018331 1.729050
v 3.111596 0.018331 1.719881
v 2.768327 0.018331 1.723623
v 3.122435 0.018331 1.710737
v 2.757292 0.018331 1.714718
v 3.130370 0.018331 1.699322
v 2.749110 0.018331 1.703478
v 3.135020 0.018331 1.685830
v 2.744166 0.018331 1.690091
v 3.135867 0.018331 1.675452
v 2.743094 0.018331 1.679734
v 2.739936 0.018331 1.390013
v 3.132709 0.018331 1.385731
v 3.131636 0.018331 1.375373
v 2.740782 0.018331 1.379634
v 3.126693 0.018331 1.361986
v 2.745432 0.018331 1.366142
v 3.118510 0.018331 1.350746
v 2.753368 0.018331 1.354727
v 3.107475 0.018331 1.341842
v 2.764206 0.018331 1.345584
v 3.094558 0.018331 1.336414
v 2.777001 0.018331 1.339876
v 2.748434 0.002589 1.377439
v 2.746780 0.002589 1.384177
v 2.748434 0.017989 1.377439
v 2.746780 0.017989 1.384177
v 2.751053 0.002589 1.371266
v 2.751053 0.017989 1.371266
v 2.781012 0.002589 1.390909
v 2.781012 0.017989 1.390909
v 2.775362 0.017989 1.347958
v 2.789721 0.017989 1.380061
v 2.775362 0.002589 1.347958
v 2.789721 0.002589 1.380061
v 2.769450 0.002589 1.351287
v 2.769450 0.017989 1.351287
v 2.763927 0.002589 1.355188
v 2.763927 0.017989 1.355188
v 2.758799 0.002589 1.360044
v 2.758799 0.017989 1.360044
v 2.754634 0.002589 1.365274
v 2.754634 0.017989 1.365274
v 2.789721 0.017989 1.380061
v 2.789721 0.002589 1.380061
v 2.746780 0.002589 1.384177
v 2.775362 0.002589 1.347958
v 2.769450 0.002589 1.351287
v 2.748434 0.002589 1.377439
v 2.751053 0.002589 1.371266
v 2.763927 0.002589 1.355188
v 2.754634 0.002589 1.365274
v 2.758799 0.002589 1.360044
v 2.775362 0.017989 1.347958
v 2.746780 0.017989 1.384177
v 2.748434 0.017989 1.377439
v 2.769450 0.017989 1.351287
v 2.763927 0.017989 1.355188
v 2.751053 0.017989 1.371266
v 2.758799 0.017989 1.360044
v 2.754634 0.017989 1.365274
v 2.747069 0.002589 1.516283
v 2.747069 0.017989 1.516283
v 2.766737 0.002589 1.524901
v 2.766737 0.017989 1.524901
v 2.747473 0.002589 1.553338
v 2.747473 0.017989 1.553338
v 2.766948 0.002589 1.544293
v 2.766948 0.017989 1.544293
v 2.766948 0.017989 1.544293
v 2.766948 0.002589 1.544293
v 2.747473 0.002589 1.553338
v 2.747069 0.002589 1.516283
v 2.747473 0.017989 1.553338
v 2.747069 0.017989 1.516283
v 2.782704 0.002589 1.722122
v 2.789248 0.002589 1.723971
v 2.782704 0.017989 1.722122
v 2.789248 0.017989 1.723971
v 2.776342 0.002589 1.719503
v 2.776342 0.017989 1.719503
v 2.795973 0.002589 1.689526
v 2.795973 0.017989 1.689526
v 2.753241 0.017989 1.695176
v 2.785132 0.017989 1.680811
v 2.753241 0.002589 1.695176
v 2.785132 0.002589 1.680811
v 2.756378 0.002589 1.701287
v 2.756378 0.017989 1.701287
v 2.760468 0.002589 1.706811
v 2.760468 0.017989 1.706811
v 2.765128 0.002589 1.711752
v 2.765128 0.017989 1.711752
v 2.770546 0.002589 1.715918
v 2.770546 0.017989 1.715918
v 2.785132 0.017989 1.680811
v 2.785132 0.002589 1.680811
v 2.789248 0.002589 1.723971
v 2.753241 0.002589 1.695176
v 2.756378 0.002589 1.701287
v 2.782704 0.002589 1.722122
v 2.776342 0.002589 1.719503
v 2.760468 0.002589 1.706811
v 2.770546 0.002589 1.715918
v 2.765128 0.002589 1.711752
v 2.753241 0.017989 1.695176
v 2.789248 0.017989 1.723971
v 2.782704 0.017989 1.722122
v 2.756378 0.017989 1.701287
v 2.760468 0.017989 1.706811
v 2.776342 0.017989 1.719503
v 2.765128 0.017989 1.711752
v 2.770546 0.017989 1.715918
v 2.921462 0.002589 1.723489
v 2.921462 0.017989 1.723489
v 2.930077 0.002589 1.704002
v 2.930077 0.017989 1.704002
v 2.958494 0.002589 1.723086
v 2.958494 0.017989 1.723086
v 2.949457 0.002589 1.703790
v 2.949457 0.017989 1.703790
v 2.949457 0.017989 1.703790
v 2.949457 0.002589 1.703790
v 2.958494 0.002589 1.723086
v 2.921462 0.002589 1.723489
v 2.958494 0.017989 1.723086
v 2.921462 0.017989 1.723489
v 3.127368 0.002589 1.688026
v 3.129022 0.002589 1.681287
v 3.127368 0.017989 1.688026
v 3.129022 0.017989 1.681287
v 3.124749 0.002589 1.694199
v 3.124749 0.017989 1.694199
v 3.094790 0.002589 1.674555
v 3.094790 0.017989 1.674555
v 3.100440 0.017989 1.717506
v 3.086081 0.017989 1.685403
v 3.100440 0.002589 1.717506
v 3.086081 0.002589 1.685403
v 3.106353 0.002589 1.714177
v 3.106353 0.017989 1.714177
v 3.111875 0.002589 1.710277
v 3.111875 0.017989 1.710277
v 3.117004 0.002589 1.705420
v 3.117004 0.017989 1.705420
v 3.121169 0.002589 1.700190
v 3.121169 0.017989 1.700190
v 3.086081 0.017989 1.685403
v 3.086081 0.002589 1.685403
v 3.129022 0.002589 1.681287
v 3.100440 0.002589 1.717506
v 3.106353 0.002589 1.714177
v 3.127368 0.002589 1.688026
v 3.124749 0.002589 1.694199
v 3.111875 0.002589 1.710277
v 3.121169 0.002589 1.700190
v 3.117004 0.002589 1.705420
v 3.100440 0.017989 1.717506
v 3.129022 0.017989 1.681287
v 3.127368 0.017989 1.688026
v 3.106353 0.017989 1.714177
v 3.111875 0.017989 1.710277
v 3.124749 0.017989 1.694199
v 3.117004 0.017989 1.705420
v 3.121169 0.017989 1.700190
v 3.128733 0.002589 1.549182
v 3.128733 0.017989 1.549182
v 3.109066 0.002589 1.540563
v 3.109066 0.017989 1.540563
v 3.128329 0.002589 1.512126
v 3.128329 0.017989 1.512126
v 3.108854 0.002589 1.521172
v 3.108854 0.017989 1.521172
v 3.108854 0.017989 1.521172
v 3.108854 0.002589 1.521172
v 3.128329 0.002589 1.512126
v 3.128733 0.002589 1.549182
v 3.128329 0.017989 1.512126
v 3.128733 0.017989 1.549182
v 3.093099 0.002589 1.343343
v 3.086554 0.002589 1.341494
v 3.093099 0.017989 1.343343
v 3.086554 0.017989 1.341494
v 3.099460 0.002589 1.345961
v 3.099460 0.017989 1.345961
v 3.079829 0.002589 1.375938
v 3.079829 0.017989 1.375938
v 3.122561 0.017989 1.370288
v 3.090671 0.017989 1.384653
v 3.122561 0.002589 1.370288
v 3.090671 0.002589 1.384653
v 3.119424 0.002589 1.364177
v 3.119424 0.017989 1.364177
v 3.115334 0.002589 1.358654
v 3.115334 0.017989 1.358654
v 3.110675 0.002589 1.353712
v 3.110675 0.017989 1.353712
v 3.105256 0.002589 1.349546
v 3.105256 0.017989 1.349546
v 3.090671 0.017989 1.384653
v 3.090671 0.002589 1.384653
v 3.086554 0.002589 1.341494
v 3.122561 0.002589 1.370288
v 3.119424 0.002589 1.364177
v 3.093099 0.002589 1.343343
v 3.099460 0.002589 1.345961
v 3.115334 0.002589 1.358654
v 3.105256 0.002589 1.349546
v 3.110675 0.002589 1.353712
v 3.122561 0.017989 1.370288
v 3.086554 0.017989 1.341494
v 3.093099 0.017989 1.343343
v 3.119424 0.017989 1.364177
v 3.115334 0.017989 1.358654
v 3.099460 0.017989 1.345961
v 3.110675 0.017989 1.353712
v 3.105256 0.017989 1.349546
v 2.954340 0.002589 1.341975
v 2.954340 0.017989 1.341975
v 2.945725 0.002589 1.361463
v 2.945725 0.017989 1.361463
v 2.917308 0.002589 1.342378
v 2.917308 0.017989 1.342378
v 2.926345 0.002589 1.361674
v 2.926345 0.017989 1.361674
v 2.926345 0.017989 1.361674
v 2.926345 0.002589 1.361674
v 2.917308 0.002589 1.342378
v 2.954340 0.002589 1.341975
v 2.917308 0.017989 1.342378
v 2.954340 0.017989 1.341975
v 2.996724 0.393742 1.568478
v 2.981911 0.393742 1.582657
v 3.009696 0.297237 1.578898
v 2.991653 0.297237 1.596184
v 3.022511 0.297237 1.557444
v 3.007087 0.393742 1.550892
v 2.963785 0.393742 1.592264
v 2.969521 0.297237 1.607947
v 3.028963 0.297237 1.533180
v 3.012436 0.393742 1.531055
v 2.943684 0.393742 1.596707
v 2.945015 0.297237 1.613206
v 3.028963 0.297237 1.533180
v 3.028691 0.297237 1.508220
v 3.012436 0.393742 1.531055
v 3.012214 0.393742 1.510704
v 2.923331 0.393742 1.595585
v 2.920054 0.297237 1.611942
v 3.021711 0.297237 1.484102
v 3.006434 0.393742 1.490989
v 2.903875 0.393742 1.588884
v 2.896361 0.297237 1.603752
v 3.008431 0.297237 1.462933
v 2.995690 0.393742 1.473633
v 2.887052 0.393742 1.577163
v 2.875865 0.297237 1.589574
v 2.990017 0.297237 1.446044
v 2.980572 0.393742 1.459780
v 2.874025 0.393742 1.561559
v 2.859728 0.297237 1.570356
v 2.967633 0.297237 1.434767
v 2.962240 0.393742 1.450571
v 2.865569 0.393742 1.542834
v 2.849499 0.297237 1.547425
v 2.943017 0.297237 1.429851
v 2.942047 0.393742 1.446567
v 2.862469 0.393742 1.522513
v 2.845968 0.297237 1.522693
v 2.918091 0.297237 1.431850
v 2.921723 0.393742 1.448133
v 2.865125 0.393742 1.502131
v 2.848959 0.297237 1.497890
v 2.894582 0.297237 1.440556
v 2.902419 0.393742 1.455256
v 2.873171 0.393742 1.483225
v 2.858686 0.297237 1.474742
v 2.874400 0.297237 1.455177
v 2.885855 0.393742 1.467341
v 2.981911 0.393742 1.582657
v 2.996724 0.393742 1.568478
v 2.976263 0.448496 1.575038
v 2.989176 0.448496 1.562608
v 2.963785 0.393742 1.592264
v 2.960427 0.448496 1.583467
v 3.007087 0.393742 1.550892
v 2.998411 0.448496 1.547146
v 2.943684 0.393742 1.596707
v 2.943006 0.448496 1.587306
v 3.012436 0.393742 1.531055
v 3.003022 0.448496 1.530006
v 2.923331 0.393742 1.595585
v 2.925147 0.448496 1.586156
v 3.012436 0.393742 1.531055
v 3.012214 0.393742 1.510704
v 3.003022 0.448496 1.530006
v 3.002825 0.448496 1.511959
v 2.903875 0.393742 1.588884
v 2.908196 0.448496 1.580388
v 3.006434 0.393742 1.490989
v 2.997842 0.448496 1.494923
v 2.887052 0.393742 1.577163
v 2.893501 0.448496 1.570180
v 2.995690 0.393742 1.473633
v 2.988272 0.448496 1.479666
v 2.874025 0.393742 1.561559
v 2.882029 0.448496 1.556479
v 2.980572 0.393742 1.459780
v 2.975091 0.448496 1.467520
v 2.865569 0.393742 1.542834
v 2.874750 0.448496 1.540045
v 2.962240 0.393742 1.450571
v 2.959075 0.448496 1.459438
v 2.862469 0.393742 1.522513
v 2.872063 0.448496 1.522409
v 2.942047 0.393742 1.446567
v 2.941574 0.448496 1.455981
v 2.865125 0.393742 1.502131
v 2.874365 0.448496 1.504718
v 2.921723 0.393742 1.448133
v 2.923744 0.448496 1.457519
v 2.873171 0.393742 1.483225
v 2.881284 0.448496 1.488129
v 2.902419 0.393742 1.455256
v 2.906924 0.448496 1.463655
v 2.885855 0.393742 1.467341
v 2.892454 0.448496 1.474182
v 2.989176 0.448496 1.562608
v 2.998411 0.448496 1.547146
v 2.969819 0.591542 1.547266
v 2.975471 0.591542 1.537603
v 2.976263 0.448496 1.575038
v 2.961842 0.591542 1.554841
v 3.003022 0.448496 1.530006
v 2.978424 0.591542 1.526818
v 2.960427 0.448496 1.583467
v 2.951921 0.591542 1.560134
v 3.003022 0.448496 1.530006
v 3.002825 0.448496 1.511959
v 2.978424 0.591542 1.526818
v 2.978302 0.591542 1.515682
v 2.943006 0.448496 1.587306
v 2.941009 0.591542 1.562557
v 2.997842 0.448496 1.494923
v 2.975115 0.591542 1.504964
v 2.925147 0.448496 1.586156
v 2.929872 0.591542 1.561910
v 2.988272 0.448496 1.479666
v 2.969254 0.591542 1.495427
v 2.908196 0.448496 1.580388
v 2.919276 0.591542 1.558186
v 2.975091 0.448496 1.467520
v 2.961113 0.591542 1.488027
v 2.893501 0.448496 1.570180
v 2.910189 0.591542 1.551948
v 2.959075 0.448496 1.459438
v 2.951079 0.591542 1.482952
v 2.882029 0.448496 1.556479
v 2.902995 0.591542 1.543386
v 2.941574 0.448496 1.455981
v 2.940117 0.591542 1.480767
v 2.874750 0.448496 1.540045
v 2.898472 0.591542 1.533258
v 2.923744 0.448496 1.457519
v 2.928997 0.591542 1.481656
v 2.872063 0.448496 1.522409
v 2.896815 0.591542 1.522139
v 2.906924 0.448496 1.463655
v 2.918485 0.591542 1.485611
v 2.874365 0.448496 1.504718
v 2.898229 0.591542 1.510987
v 2.892454 0.448496 1.474182
v 2.909536 0.591542 1.492045
v 2.881284 0.448496 1.488129
v 2.902531 0.591542 1.500763
v 3.009696 0.297237 1.578898
v 3.043959 0.045024 1.606175
v 3.022511 0.297237 1.557444
v 3.062610 0.045024 1.574289
v 3.017179 0.045024 1.631621
v 2.991653 0.297237 1.596184
v 3.028963 0.297237 1.533180
v 3.072200 0.045024 1.538661
v 2.806808 0.045024 1.486445
v 2.848959 0.297237 1.497890
v 2.821215 0.045024 1.452492
v 2.858686 0.297237 1.474742
v 2.844120 0.045024 1.423632
v 2.874400 0.297237 1.455177
v 2.874012 0.045024 1.401992
v 2.894582 0.297237 1.440556
v 2.908800 0.045024 1.389324
v 2.918091 0.297237 1.431850
v 2.945613 0.045024 1.386426
v 2.943017 0.297237 1.429851
v 2.981768 0.045024 1.393521
v 2.967633 0.297237 1.434767
v 3.014763 0.045024 1.410059
v 2.990017 0.297237 1.446044
v 3.042092 0.045024 1.434915
v 3.008431 0.297237 1.462933
v 3.061433 0.045024 1.466387
v 3.021711 0.297237 1.484102
v 3.071798 0.045024 1.501798
v 3.028691 0.297237 1.508220
v 3.072200 0.045024 1.538661
v 3.028963 0.297237 1.533180
v 2.984552 0.045024 1.648875
v 2.969521 0.297237 1.607947
v 2.948560 0.045024 1.656756
v 2.945015 0.297237 1.613206
v 2.911693 0.045024 1.654661
v 2.920054 0.297237 1.611942
v 2.876637 0.045024 1.642754
v 2.896361 0.297237 1.603752
v 2.846280 0.045024 1.621771
v 2.875865 0.297237 1.589574
v 2.822751 0.045024 1.593417
v 2.859728 0.297237 1.570356
v 2.807606 0.045024 1.559595
v 2.849499 0.297237 1.547425
v 2.802220 0.045024 1.523170
v 2.845968 0.297237 1.522693
v 2.961113 0.591542 1.488027
v 2.950532 0.697629 1.503120
v 2.969254 0.591542 1.495427
v 2.955183 0.697629 1.507293
v 2.951079 0.591542 1.482952
v 2.945128 0.697629 1.500298
v 2.950532 0.697629 1.503120
v 2.946188 0.703104 1.509504
v 2.955183 0.697629 1.507293
v 2.949095 0.703104 1.512160
v 2.975115 0.591542 1.504964
v 2.958309 0.697629 1.512444
v 2.945128 0.697629 1.500298
v 2.942523 0.703104 1.507815
v 2.958309 0.697629 1.512444
v 2.951243 0.703104 1.515593
v 2.940117 0.591542 1.480767
v 2.939167 0.697629 1.499211
v 2.978302 0.591542 1.515682
v 2.960101 0.697629 1.518377
v 2.939167 0.697629 1.499211
v 2.938675 0.703104 1.506897
v 2.923634 0.703104 1.517814
v 2.925129 0.703104 1.514150
v 2.923102 0.703104 1.521852
v 2.923722 0.703104 1.525878
v 2.925297 0.703104 1.529509
v 2.927824 0.703104 1.532554
v 2.931112 0.703104 1.534822
v 2.934963 0.703104 1.536124
v 2.938997 0.703104 1.536465
v 2.942825 0.703104 1.535463
v 2.946451 0.703104 1.533695
v 2.949298 0.703104 1.530784
v 2.951373 0.703104 1.527497
v 2.952480 0.703104 1.523452
v 2.952436 0.703104 1.519420
v 2.934649 0.703104 1.507325
v 2.930827 0.703104 1.508711
v 2.927590 0.703104 1.511050
v 2.960101 0.697629 1.518377
v 2.928997 0.591542 1.481656
v 2.933031 0.697629 1.499662
v 2.915936 0.697629 1.515786
v 2.918370 0.697629 1.510191
v 2.915235 0.697629 1.521938
v 2.916070 0.697629 1.528074
v 2.918625 0.697629 1.533614
v 2.922515 0.697629 1.538372
v 2.927541 0.697629 1.541774
v 2.933512 0.697629 1.543821
v 2.939657 0.697629 1.544138
v 2.945592 0.697629 1.542921
v 2.950933 0.697629 1.539983
v 2.955492 0.697629 1.535709
v 2.958506 0.697629 1.530491
v 2.960168 0.697629 1.524521
v 2.933031 0.697629 1.499662
v 2.927104 0.697629 1.501647
v 2.922155 0.697629 1.505349
v 2.978424 0.591542 1.526818
v 2.960168 0.697629 1.524521
v 2.898229 0.591542 1.510987
v 2.915936 0.697629 1.515786
v 2.902531 0.591542 1.500763
v 2.918370 0.697629 1.510191
v 2.915235 0.697629 1.521938
v 2.896815 0.591542 1.522139
v 2.916070 0.697629 1.528074
v 2.898472 0.591542 1.533258
v 2.918625 0.697629 1.533614
v 2.902995 0.591542 1.543386
v 2.922515 0.697629 1.538372
v 2.910189 0.591542 1.551948
v 2.927541 0.697629 1.541774
v 2.919276 0.591542 1.558186
v 2.933512 0.697629 1.543821
v 2.929872 0.591542 1.561910
v 2.939657 0.697629 1.544138
v 2.941009 0.591542 1.562557
v 2.945592 0.697629 1.542921
v 2.951921 0.591542 1.560134
v 2.950933 0.697629 1.539983
v 2.961842 0.591542 1.554841
v 2.955492 0.697629 1.535709
v 2.969819 0.591542 1.547266
v 2.958506 0.697629 1.530491
v 2.975471 0.591542 1.537603
v 2.960168 0.697629 1.524521
v 2.978424 0.591542 1.526818
v 2.927104 0.697629 1.501647
v 2.918485 0.591542 1.485611
v 2.922155 0.697629 1.505349
v 2.909536 0.591542 1.492045
vn -0.0022 1.0000 -0.0000
vn 0.0022 1.0000 -0.0000
vn 0.0020 1.0000 -0.0000
vn 0.9646 0.2634 -0.0105
vn 0.9646 0.2633 -0.0105
vn 0.9343 0.2925 -0.2036
vn 0.9327 0.2939 -0.2089
vn 0.8359 0.3232 -0.4437
vn 0.8334 0.3236 -0.4481
vn 0.6804 0.3339 -0.6523
vn 0.4822 0.3242 -0.8138
vn 0.4823 0.3242 -0.8138
vn 0.2428 0.3044 -0.9211
vn 0.2513 0.3040 -0.9189
vn 0.0573 0.2758 -0.9595
vn 0.0572 0.2758 -0.9595
vn -0.0085 0.2613 -0.9652
vn -0.0084 0.2613 -0.9652
vn -0.2628 0.3044 -0.9156
vn -0.2713 0.3044 -0.9131
vn -0.4999 0.3242 -0.8031
vn -0.5000 0.3242 -0.8031
vn -0.6945 0.3344 -0.6370
vn -0.6945 0.3344 -0.6371
vn -0.8453 0.3245 -0.4246
vn -0.8429 0.3248 -0.4289
vn -0.9385 0.2938 -0.1813
vn -0.9371 0.2946 -0.1874
vn -0.9646 0.2634 0.0124
vn -0.9344 0.2958 0.1985
vn -0.9327 0.2925 0.2110
vn -0.8358 0.3245 0.4428
vn -0.8334 0.3218 0.4494
vn -0.6804 0.3344 0.6521
vn -0.6805 0.3344 0.6520
vn -0.4823 0.3277 0.8124
vn -0.2428 0.3008 0.9223
vn -0.2512 0.3008 0.9200
vn -0.0572 0.2758 0.9595
vn -0.0573 0.2758 0.9595
vn 0.0127 0.2613 0.9652
vn 0.2628 0.3008 0.9168
vn 0.2713 0.3040 0.9132
vn 0.4999 0.3277 0.8017
vn 0.6945 0.3372 0.6356
vn 0.8453 0.3232 0.4255
vn 0.8429 0.3266 0.4276
vn 0.9385 0.2945 0.1801
vn 0.9371 0.2939 0.1885
vn 0.0022 -1.0000 -0.0000
vn -0.9461 -0.0000 -0.3239
vn -0.9653 -0.0000 -0.2613
vn -0.9461 -0.0000 -0.3240
vn -0.8937 -0.0000 -0.4488
vn -0.8937 -0.0000 -0.4487
vn -0.1911 -0.0038 0.9816
vn 0.9124 -0.0000 -0.4094
vn 0.9125 -0.0000 -0.4092
vn -0.5305 -0.0000 -0.8477
vn -0.5306 -0.0000 -0.8476
vn -0.4701 -0.0000 -0.8826
vn -0.6401 -0.0000 -0.7683
vn -0.7380 -0.0000 -0.6748
vn -0.8221 -0.0000 -0.5693
vn -0.8222 -0.0000 -0.5692
vn 0.7834 0.0038 0.6215
vn 0.7833 0.0038 0.6216
vn -0.0022 -1.0000 -0.0000
vn 0.3992 -0.0000 -0.9168
vn 0.3993 -0.0000 -0.9168
vn -0.9999 -0.0000 0.0109
vn 0.4192 -0.0000 0.9079
vn 0.4191 -0.0000 0.9079
vn 0.9999 -0.0000 -0.0109
vn -0.3262 -0.0000 0.9453
vn -0.2592 -0.0038 0.9658
vn -0.3260 -0.0000 0.9454
vn -0.4507 -0.0000 0.8927
vn 0.9812 0.0037 0.1932
vn -0.4073 -0.0000 -0.9133
vn -0.8488 -0.0000 0.5287
vn -0.8837 -0.0038 0.4681
vn -0.8837 -0.0038 0.4680
vn -0.7696 -0.0000 0.6385
vn -0.7696 -0.0000 0.6386
vn -0.6732 -0.0038 0.7395
vn -0.5672 -0.0000 0.8236
vn 0.6232 -0.0000 -0.7821
vn 0.6233 -0.0000 -0.7820
vn 0.6232 -0.0000 -0.7820
vn -0.9177 -0.0000 -0.3973
vn 0.0131 -0.0000 0.9999
vn 0.9088 -0.0000 -0.4172
vn -0.0087 -0.0000 -1.0000
vn 0.9461 0.0038 0.3239
vn 0.9652 0.0038 0.2613
vn 0.9653 0.0038 0.2613
vn 0.8936 0.0038 0.4488
vn 0.1911 -0.0000 -0.9816
vn 0.1912 -0.0000 -0.9816
vn -0.9124 -0.0000 0.4094
vn 0.5306 0.0038 0.8476
vn 0.4700 0.0038 0.8826
vn 0.6402 -0.0000 0.7682
vn 0.6401 -0.0000 0.7683
vn 0.7380 0.0038 0.6748
vn 0.8222 -0.0000 0.5692
vn 0.8224 -0.0000 0.5689
vn -0.7834 -0.0000 -0.6215
vn -0.3993 -0.0038 0.9168
vn -0.4192 -0.0000 -0.9079
vn -0.4191 -0.0000 -0.9079
vn 0.3260 -0.0000 -0.9454
vn 0.2592 -0.0000 -0.9658
vn 0.4507 -0.0000 -0.8927
vn -0.9811 -0.0000 -0.1933
vn 0.4072 -0.0000 0.9133
vn 0.4073 -0.0000 0.9133
vn 0.8488 -0.0000 -0.5287
vn 0.8836 -0.0000 -0.4682
vn 0.7696 -0.0000 -0.6386
vn 0.7696 -0.0000 -0.6385
vn 0.6732 -0.0000 -0.7395
vn 0.6731 -0.0000 -0.7395
vn 0.5672 -0.0000 -0.8236
vn 0.5671 -0.0000 -0.8237
vn -0.6233 -0.0038 0.7820
vn 0.9177 -0.0000 0.3973
vn -0.9088 -0.0000 0.4172
vn -0.9088 -0.0000 0.4173
vn 0.7721 0.1714 0.6119
vn 0.5776 0.1685 0.7987
vn 0.9084 0.1717 0.3813
vn 0.9084 0.1718 0.3812
vn 0.3382 0.1688 0.9258
vn 0.3381 0.1688 0.9258
vn 0.9776 0.1695 0.1245
vn 0.9777 0.1694 0.1245
vn 0.0784 0.1728 0.9818
vn 0.0783 0.1728 0.9818
vn 0.9777 0.1694 0.1244
vn 0.9747 0.1695 -0.1457
vn 0.9776 0.1695 0.1244
vn 0.9747 0.1695 -0.1458
vn -0.1913 0.1690 0.9669
vn 0.8999 0.1682 -0.4024
vn -0.4431 0.1726 0.8797
vn 0.7586 0.1714 -0.6286
vn 0.7586 0.1713 -0.6286
vn -0.6636 0.1722 0.7280
vn 0.5601 0.1722 -0.8103
vn 0.5601 0.1722 -0.8104
vn -0.8373 0.1673 0.5205
vn -0.8374 0.1673 0.5204
vn 0.3180 0.1725 -0.9323
vn 0.3179 0.1725 -0.9323
vn -0.9452 0.1718 0.2777
vn -0.9452 0.1718 0.2776
vn 0.0569 0.1728 -0.9833
vn -0.9855 0.1696 0.0089
vn -0.2122 0.1727 -0.9618
vn -0.2123 0.1728 -0.9618
vn -0.9511 0.1718 -0.2569
vn -0.9510 0.1718 -0.2569
vn -0.4621 0.1726 -0.8699
vn -0.4622 0.1726 -0.8698
vn -0.8485 0.1709 -0.5009
vn -0.6793 0.1722 -0.7133
vn -0.6794 0.1722 -0.7133
vn 0.5777 0.1685 0.7987
vn 0.7722 0.1715 0.6118
vn 0.7721 0.1714 0.6120
vn 0.9084 0.1717 0.3812
vn 0.9776 0.1695 0.1246
vn 0.9776 0.1694 0.1246
vn 0.9747 0.1694 -0.1458
vn -0.6637 0.1722 0.7279
vn -0.6636 0.1723 0.7280
vn 0.7585 0.1713 -0.6287
vn -0.9452 0.1718 0.2775
vn 0.3180 0.1724 -0.9323
vn 0.0570 0.1728 -0.9833
vn -0.9510 0.1718 -0.2570
vn -0.2124 0.1728 -0.9618
vn -0.4621 0.1726 -0.8698
vn -0.4622 0.1725 -0.8698
vn 0.7721 0.1710 0.6121
vn 0.5776 0.1685 0.7988
vn 0.0784 0.1727 0.9818
vn 0.8998 0.1682 -0.4025
vn -0.1913 0.1689 0.9669
vn 0.7586 0.1713 -0.6287
vn -0.4430 0.1726 0.8797
vn 0.0570 0.1727 -0.9833
vn -0.2122 0.1728 -0.9618
vn -0.9855 0.1696 0.0090
vn -0.6793 0.1722 -0.7134
vn -0.8485 0.1709 -0.5008
vn 0.7722 0.1713 0.6119
vn -0.6793 0.1721 -0.7134
vn 0.7588 0.1709 -0.6285
vn 0.9747 0.1694 -0.1457
vn 0.3382 0.1689 0.9258
vn -0.1912 0.1690 0.9669
vn -0.9855 0.1696 0.0088
vn 0.7584 0.1711 -0.6289
vn 0.7586 0.1714 -0.6287
vn 0.3231 0.8249 -0.4638
vn 0.3230 0.8249 -0.4639
vn 0.4370 0.8231 -0.3626
vn 0.8999 0.1683 -0.4024
vn 0.1832 0.8262 -0.5328
vn 0.1831 0.8262 -0.5328
vn -0.5671 -0.0000 0.8236
vn 0.5151 0.8254 -0.2310
vn -0.9124 -0.0000 0.4093
vn 0.0309 0.8224 -0.5681
vn 0.0310 0.8224 -0.5681
vn 0.8601 0.0038 0.5101
vn 0.9999 -0.0000 -0.0108
vn 0.9999 -0.0000 -0.0110
vn 0.9593 -0.0000 -0.2822
vn 0.9593 -0.0000 -0.2823
vn -0.0785 -0.0000 -0.9969
vn -0.0786 -0.0000 -0.9969
vn -0.3466 -0.0000 -0.9380
vn -0.3467 -0.0000 -0.9380
vn -0.5849 -0.0000 -0.8111
vn -0.5851 -0.0000 -0.8109
vn -0.7834 -0.0000 -0.6216
vn -0.9211 -0.0000 -0.3893
vn -0.9211 -0.0000 -0.3892
vn -0.9922 -0.0000 -0.1243
vn -0.9923 -0.0000 -0.1243
vn -0.9893 -0.0000 0.1458
vn -0.9893 -0.0000 0.1459
vn -0.0568 -0.0000 0.9984
vn -0.0567 -0.0000 0.9984
vn 0.2124 0.0038 0.9772
vn 0.2125 0.0038 0.9772
vn 0.6891 -0.0000 0.7247
vn 0.5608 0.8237 -0.0833
vn -0.5452 0.8252 -0.1480
vn -0.4867 0.8237 -0.2909
vn -0.5451 0.8252 -0.1481
vn -0.5653 0.8249 0.0024
vn -0.5418 0.8252 0.1599
vn -0.5418 0.8252 0.1600
vn -0.4802 0.8237 0.3015
vn -0.3807 0.8243 0.4191
vn -0.2558 0.8231 0.5071
vn -0.1095 0.8228 0.5576
vn -0.1095 0.8229 0.5576
vn 0.0433 0.8224 0.5673
vn 0.1947 0.8241 0.5319
vn 0.1947 0.8242 0.5318
vn 0.3331 0.8231 0.4600
vn 0.4448 0.8246 0.3496
vn 0.4448 0.8246 0.3495
vn 0.5200 0.8244 0.2234
vn 0.5201 0.8244 0.2233
vn 0.5625 0.8241 0.0674
vn -0.1216 0.8250 -0.5519
vn -0.2667 0.8250 -0.4982
vn -0.2668 0.8250 -0.4982
vn -0.3897 0.8243 -0.4107
vn -0.9453 0.1718 0.2775
vn -0.6636 0.1721 0.7280
vn 0.7720 0.1712 0.6121
vn -0.6793 0.1723 -0.7133
vt 0.026350 0.158930
vt 0.025510 0.159710
vt 0.023090 0.156420
vt 0.024560 0.160250
vt 0.019090 0.157670
vt 0.018980 0.156550
vt 0.019090 0.155430
vt 0.019510 0.154380
vt 0.020140 0.153500
vt 0.021090 0.152820
vt 0.022140 0.152410
vt 0.023200 0.152310
vt 0.024350 0.152480
vt 0.025300 0.152990
vt 0.026140 0.153740
vt 0.026780 0.154690
vt 0.027090 0.155740
vt 0.027200 0.156860
vt 0.026880 0.157940
vt 0.023510 0.160520
vt 0.022350 0.160450
vt 0.021300 0.160110
vt 0.020350 0.159470
vt 0.019720 0.158620
vt 0.761420 0.266470
vt 0.757310 0.265790
vt 0.852920 0.266470
vt 0.857030 0.265790
vt 0.753520 0.264090
vt 0.860920 0.264090
vt 0.750260 0.261480
vt 0.864080 0.261480
vt 0.747840 0.258120
vt 0.866610 0.258120
vt 0.746260 0.254250
vt 0.868080 0.254290
vt 0.745840 0.251240
vt 0.868610 0.251270
vt 0.745840 0.160660
vt 0.868710 0.160690
vt 0.746150 0.157640
vt 0.868400 0.157670
vt 0.747520 0.153740
vt 0.866920 0.153770
vt 0.749840 0.150380
vt 0.864610 0.150380
vt 0.753000 0.147730
vt 0.861550 0.147730
vt 0.756680 0.145970
vt 0.857870 0.146000
vt 0.760790 0.145290
vt 0.853760 0.145290
vt 0.738680 0.158720
vt 0.738780 0.253270
vt 0.739410 0.154690
vt 0.741310 0.149730
vt 0.744360 0.145360
vt 0.748470 0.141830
vt 0.753310 0.139390
vt 0.758580 0.138160
vt 0.855970 0.138130
vt 0.861240 0.139390
vt 0.865980 0.141830
vt 0.870080 0.145320
vt 0.873140 0.149730
vt 0.875140 0.154690
vt 0.875770 0.158760
vt 0.875660 0.253300
vt 0.874930 0.257380
vt 0.872820 0.262360
vt 0.869560 0.266740
vt 0.865240 0.270200
vt 0.860290 0.272510
vt 0.855030 0.273590
vt 0.759420 0.273590
vt 0.754150 0.272510
vt 0.749210 0.270200
vt 0.744990 0.266770
vt 0.741730 0.262400
vt 0.739520 0.257380
vt 0.758470 0.001520
vt 0.857970 0.002980
vt 0.753730 0.002260
vt 0.862820 0.003720
vt 0.749210 0.004300
vt 0.867240 0.005720
vt 0.745520 0.007490
vt 0.870930 0.008810
vt 0.742680 0.011560
vt 0.873660 0.012810
vt 0.740990 0.016240
vt 0.875240 0.017430
vt 0.740680 0.020010
vt 0.875450 0.021060
vt 0.874720 0.120460
vt 0.740040 0.119540
vt 0.740470 0.123310
vt 0.874190 0.124090
vt 0.742260 0.127990
vt 0.872400 0.128630
vt 0.745100 0.132060
vt 0.869450 0.132570
vt 0.748990 0.135250
vt 0.865560 0.135590
vt 0.753630 0.137320
vt 0.860920 0.137490
vt 0.715720 0.188200
vt 0.715720 0.190480
vt 0.710560 0.188200
vt 0.710560 0.190480
vt 0.715720 0.185930
vt 0.710560 0.185930
vt 0.715720 0.202110
vt 0.710560 0.202110
vt 0.710560 0.174530
vt 0.710560 0.162900
vt 0.715720 0.174530
vt 0.715720 0.162900
vt 0.715720 0.176800
vt 0.710560 0.176800
vt 0.715720 0.179110
vt 0.710560 0.179110
vt 0.715720 0.181380
vt 0.710560 0.181380
vt 0.715720 0.183660
vt 0.710560 0.183660
vt 0.710560 0.206730
vt 0.715720 0.206730
vt 0.726040 0.196750
vt 0.726040 0.212090
vt 0.726990 0.209980
vt 0.726990 0.198820
vt 0.727620 0.201030
vt 0.727620 0.207810
vt 0.727940 0.203270
vt 0.727940 0.205540
vt 0.700240 0.212090
vt 0.700240 0.196750
vt 0.699400 0.198820
vt 0.699400 0.209980
vt 0.698770 0.207810
vt 0.698770 0.201030
vt 0.698450 0.205540
vt 0.698450 0.203270
vt 0.685710 0.194990
vt 0.680550 0.194990
vt 0.685710 0.187900
vt 0.680550 0.187900
vt 0.685710 0.207230
vt 0.680550 0.207230
vt 0.685710 0.214330
vt 0.680550 0.214330
vt 0.680550 0.181420
vt 0.685710 0.181420
vt 0.692140 0.178500
vt 0.692140 0.190780
vt 0.674130 0.178500
vt 0.674130 0.190780
vt 0.712980 0.127780
vt 0.712980 0.130060
vt 0.707820 0.127780
vt 0.707820 0.130060
vt 0.712980 0.125510
vt 0.707820 0.125510
vt 0.712980 0.141690
vt 0.707820 0.141690
vt 0.707820 0.114150
vt 0.707820 0.102510
vt 0.712980 0.114150
vt 0.712980 0.102510
vt 0.712980 0.116420
vt 0.707820 0.116420
vt 0.712980 0.118690
vt 0.707820 0.118690
vt 0.712980 0.120960
vt 0.707820 0.120960
vt 0.712980 0.123240
vt 0.707820 0.123240
vt 0.707820 0.146340
vt 0.712980 0.146340
vt 0.723300 0.136370
vt 0.723300 0.151700
vt 0.724250 0.149600
vt 0.724250 0.138440
vt 0.724880 0.140640
vt 0.724880 0.147390
vt 0.725200 0.142880
vt 0.725200 0.145150
vt 0.697510 0.151700
vt 0.697510 0.136370
vt 0.696660 0.138440
vt 0.696660 0.149600
vt 0.696030 0.147390
vt 0.696030 0.140640
vt 0.695720 0.145150
vt 0.695720 0.142880
vt 0.681290 0.039920
vt 0.676130 0.039920
vt 0.681290 0.032830
vt 0.676130 0.032830
vt 0.681290 0.052200
vt 0.676130 0.052200
vt 0.681290 0.059260
vt 0.676130 0.059260
vt 0.676130 0.026350
vt 0.681290 0.026350
vt 0.687820 0.023470
vt 0.687820 0.035710
vt 0.669710 0.023470
vt 0.669710 0.035710
vt 0.716670 0.239700
vt 0.716670 0.241970
vt 0.711510 0.239700
vt 0.711510 0.241970
vt 0.716670 0.237430
vt 0.711510 0.237430
vt 0.716670 0.253610
vt 0.711510 0.253610
vt 0.711510 0.226060
vt 0.711510 0.214430
vt 0.716670 0.226060
vt 0.716670 0.214430
vt 0.716670 0.228340
vt 0.711510 0.228340
vt 0.716670 0.230610
vt 0.711510 0.230610
vt 0.716670 0.232880
vt 0.711510 0.232880
vt 0.716670 0.235150
vt 0.711510 0.235150
vt 0.711510 0.258260
vt 0.716670 0.258260
vt 0.726990 0.248250
vt 0.726990 0.263580
vt 0.727940 0.261510
vt 0.727940 0.250350
vt 0.728460 0.252560
vt 0.728460 0.259310
vt 0.728780 0.254800
vt 0.728780 0.257070
vt 0.701190 0.263580
vt 0.701190 0.248250
vt 0.700240 0.250350
vt 0.700240 0.261510
vt 0.699720 0.259310
vt 0.699720 0.252560
vt 0.699400 0.257070
vt 0.699400 0.254800
vt 0.681820 0.090060
vt 0.676660 0.090060
vt 0.681820 0.082970
vt 0.676660 0.082970
vt 0.681820 0.102340
vt 0.676660 0.102340
vt 0.681820 0.109430
vt 0.676660 0.109430
vt 0.676660 0.076490
vt 0.681820 0.076490
vt 0.688240 0.073610
vt 0.688240 0.085850
vt 0.670230 0.073610
vt 0.670230 0.085850
vt 0.712040 0.071770
vt 0.712040 0.074050
vt 0.706880 0.071770
vt 0.706880 0.074050
vt 0.712040 0.069500
vt 0.706880 0.069500
vt 0.712040 0.085720
vt 0.706880 0.085720
vt 0.706880 0.058140
vt 0.706880 0.046500
vt 0.712040 0.058140
vt 0.712040 0.046500
vt 0.712040 0.060410
vt 0.706880 0.060410
vt 0.712040 0.062680
vt 0.706880 0.062680
vt 0.712040 0.064960
vt 0.706880 0.064960
vt 0.712040 0.067230
vt 0.706880 0.067230
vt 0.706880 0.090330
vt 0.712040 0.090330
vt 0.722350 0.080360
vt 0.722350 0.095690
vt 0.723300 0.093590
vt 0.723300 0.082430
vt 0.723930 0.084630
vt 0.723930 0.091420
vt 0.724250 0.086870
vt 0.724250 0.089140
vt 0.696560 0.095690
vt 0.696560 0.080360
vt 0.695720 0.082430
vt 0.695720 0.093590
vt 0.695080 0.091420
vt 0.695080 0.084630
vt 0.694770 0.089140
vt 0.694770 0.086870
vt 0.680870 0.143360
vt 0.675810 0.143360
vt 0.680870 0.136260
vt 0.675810 0.136260
vt 0.680870 0.155640
vt 0.675810 0.155640
vt 0.680870 0.162730
vt 0.675810 0.162730
vt 0.675810 0.129820
vt 0.680870 0.129820
vt 0.687400 0.126900
vt 0.687400 0.139180
vt 0.669290 0.126900
vt 0.669290 0.139180
vt 0.388250 0.223520
vt 0.380880 0.223520
vt 0.398990 0.188750
vt 0.390250 0.188750
vt 0.407840 0.188750
vt 0.395620 0.223520
vt 0.373510 0.223520
vt 0.381510 0.188750
vt 0.416680 0.188750
vt 0.402890 0.223520
vt 0.366140 0.223520
vt 0.372990 0.188750
vt 0.219780 0.188750
vt 0.228630 0.188750
vt 0.233470 0.223520
vt 0.240840 0.223520
vt 0.358770 0.223520
vt 0.364460 0.188750
vt 0.237470 0.188750
vt 0.248110 0.223520
vt 0.351400 0.223520
vt 0.355930 0.188750
vt 0.246210 0.188750
vt 0.255480 0.223520
vt 0.344030 0.223520
vt 0.347500 0.188750
vt 0.254850 0.188750
vt 0.262850 0.223520
vt 0.336660 0.223520
vt 0.339080 0.188750
vt 0.263480 0.188750
vt 0.270220 0.223520
vt 0.329290 0.223520
vt 0.330760 0.188750
vt 0.272010 0.188750
vt 0.277690 0.223520
vt 0.321920 0.223520
vt 0.322340 0.188750
vt 0.280540 0.188750
vt 0.285060 0.223520
vt 0.314550 0.223520
vt 0.314020 0.188750
vt 0.288960 0.188750
vt 0.292440 0.223520
vt 0.307180 0.223520
vt 0.305700 0.188750
vt 0.297280 0.188750
vt 0.299810 0.223520
vt 0.428270 0.092640
vt 0.434580 0.092640
vt 0.422900 0.109840
vt 0.428480 0.109840
vt 0.421840 0.092640
vt 0.417100 0.109840
vt 0.441010 0.092640
vt 0.434160 0.109840
vt 0.415420 0.092640
vt 0.411420 0.109840
vt 0.447320 0.092640
vt 0.439740 0.109840
vt 0.409000 0.092640
vt 0.405630 0.109840
vt 0.300120 0.092640
vt 0.306540 0.092640
vt 0.307810 0.109840
vt 0.313280 0.109840
vt 0.402570 0.092640
vt 0.399840 0.109840
vt 0.312860 0.092640
vt 0.318970 0.109840
vt 0.396150 0.092640
vt 0.394050 0.109840
vt 0.319290 0.092640
vt 0.324660 0.109840
vt 0.389730 0.092640
vt 0.388250 0.109840
vt 0.325710 0.092640
vt 0.330340 0.109840
vt 0.383300 0.092640
vt 0.382460 0.109840
vt 0.332130 0.092640
vt 0.336030 0.109840
vt 0.376990 0.092640
vt 0.376670 0.109840
vt 0.338550 0.092640
vt 0.341820 0.109840
vt 0.370560 0.092640
vt 0.370880 0.109840
vt 0.344980 0.092640
vt 0.347610 0.109840
vt 0.364140 0.092640
vt 0.364980 0.109840
vt 0.351300 0.092640
vt 0.353400 0.109840
vt 0.357720 0.092640
vt 0.359190 0.109840
vt 0.384360 0.227730
vt 0.390890 0.227730
vt 0.363300 0.279390
vt 0.367410 0.279390
vt 0.377830 0.227730
vt 0.359090 0.279390
vt 0.397310 0.227730
vt 0.371410 0.279390
vt 0.371300 0.227730
vt 0.354770 0.279390
vt 0.245370 0.227730
vt 0.251790 0.227730
vt 0.271270 0.279390
vt 0.275270 0.279390
vt 0.364670 0.227730
vt 0.350450 0.279390
vt 0.258210 0.227730
vt 0.279380 0.279390
vt 0.358030 0.227730
vt 0.346140 0.279390
vt 0.264740 0.227730
vt 0.283590 0.279390
vt 0.351400 0.227730
vt 0.341610 0.279390
vt 0.271380 0.227730
vt 0.287800 0.279390
vt 0.344770 0.227730
vt 0.337190 0.279390
vt 0.278010 0.227730
vt 0.292120 0.279390
vt 0.338030 0.227730
vt 0.332660 0.279390
vt 0.284640 0.227730
vt 0.296540 0.279390
vt 0.331390 0.227730
vt 0.328130 0.279390
vt 0.291280 0.227730
vt 0.300960 0.279390
vt 0.324660 0.227730
vt 0.323600 0.279390
vt 0.297910 0.227730
vt 0.305490 0.279390
vt 0.318020 0.227730
vt 0.319070 0.279390
vt 0.304650 0.227730
vt 0.310020 0.279390
vt 0.311280 0.227730
vt 0.314550 0.279390
vt 0.444690 0.088970
vt 0.459010 0.009860
vt 0.452380 0.088970
vt 0.469440 0.009860
vt 0.449010 0.009860
vt 0.437110 0.088970
vt 0.460060 0.088970
vt 0.480600 0.009860
vt 0.370350 0.009860
vt 0.370880 0.088970
vt 0.362040 0.009860
vt 0.363610 0.088970
vt 0.353720 0.009860
vt 0.356350 0.088970
vt 0.345290 0.009860
vt 0.349080 0.088970
vt 0.336660 0.009860
vt 0.341710 0.088970
vt 0.327920 0.009860
vt 0.334340 0.088970
vt 0.318860 0.009860
vt 0.326970 0.088970
vt 0.309600 0.009860
vt 0.319500 0.088970
vt 0.300020 0.009860
vt 0.311910 0.088970
vt 0.290010 0.009860
vt 0.304330 0.088970
vt 0.279480 0.009860
vt 0.296650 0.088970
vt 0.268430 0.009860
vt 0.288960 0.088970
vt 0.439320 0.009860
vt 0.429530 0.088970
vt 0.430060 0.009860
vt 0.422050 0.088970
vt 0.421110 0.009860
vt 0.414680 0.088970
vt 0.412370 0.009860
vt 0.407310 0.088970
vt 0.403730 0.009860
vt 0.399940 0.088970
vt 0.395310 0.009860
vt 0.392680 0.088970
vt 0.386990 0.009860
vt 0.385410 0.088970
vt 0.378670 0.009860
vt 0.378150 0.088970
vt 0.341610 0.112990
vt 0.351300 0.146270
vt 0.337920 0.112990
vt 0.348980 0.146270
vt 0.345400 0.112990
vt 0.353720 0.146270
vt 0.029090 0.164180
vt 0.027090 0.161710
vt 0.030880 0.162280
vt 0.028460 0.160420
vt 0.334240 0.112990
vt 0.346770 0.146270
vt 0.026780 0.165540
vt 0.025510 0.162620
vt 0.032250 0.159940
vt 0.029300 0.158820
vt 0.349190 0.112990
vt 0.356140 0.146270
vt 0.330660 0.112990
vt 0.344660 0.146270
vt 0.024140 0.166190
vt 0.023830 0.163070
vt 0.016770 0.158450
vt 0.017510 0.160150
vt 0.016460 0.156690
vt 0.016560 0.154890
vt 0.017300 0.153190
vt 0.018350 0.151730
vt 0.019720 0.150610
vt 0.021410 0.149940
vt 0.023200 0.149730
vt 0.025090 0.150040
vt 0.026670 0.150780
vt 0.028040 0.151970
vt 0.029090 0.153500
vt 0.029620 0.155230
vt 0.029720 0.157060
vt 0.021930 0.163000
vt 0.020250 0.162450
vt 0.018770 0.161470
vt 0.032880 0.157370
vt 0.353090 0.112990
vt 0.358770 0.146270
vt 0.013720 0.159440
vt 0.014880 0.161840
vt 0.013300 0.156820
vt 0.013510 0.154180
vt 0.014460 0.151700
vt 0.016040 0.149530
vt 0.018140 0.147900
vt 0.020670 0.146880
vt 0.023300 0.146580
vt 0.025930 0.147020
vt 0.028360 0.148170
vt 0.030460 0.149900
vt 0.031940 0.152140
vt 0.032780 0.154690
vt 0.021410 0.166120
vt 0.018880 0.165300
vt 0.016670 0.163850
vt 0.327180 0.112990
vt 0.342660 0.146270
vt 0.368770 0.112990
vt 0.369410 0.146270
vt 0.364770 0.112990
vt 0.366670 0.146270
vt 0.372040 0.146270
vt 0.372670 0.112990
vt 0.374780 0.146270
vt 0.376670 0.112990
vt 0.377410 0.146270
vt 0.380570 0.112990
vt 0.380040 0.146270
vt 0.384460 0.112990
vt 0.382670 0.146270
vt 0.388360 0.112990
vt 0.385200 0.146270
vt 0.392260 0.112990
vt 0.387730 0.146270
vt 0.396050 0.112990
vt 0.390150 0.146270
vt 0.399840 0.112990
vt 0.392470 0.146270
vt 0.403520 0.112990
vt 0.394680 0.146270
vt 0.407100 0.112990
vt 0.396780 0.146270
vt 0.410680 0.112990
vt 0.398680 0.146270
vt 0.414260 0.112990
vt 0.361300 0.146270
vt 0.356980 0.112990
vt 0.364040 0.146270
vt 0.360880 0.112990
v 2.951932 0.866677 2.547137
v 2.955755 0.866677 2.545751
v 2.948895 0.866677 2.532577
v 2.958992 0.866677 2.543411
v 2.951616 0.866677 2.518146
v 2.947584 0.866677 2.517998
v 2.943755 0.866677 2.518807
v 2.940131 0.866677 2.520767
v 2.937282 0.866677 2.523486
v 2.935209 0.866677 2.526965
v 2.934099 0.866677 2.530818
v 2.934143 0.866677 2.534850
v 2.935336 0.866677 2.538677
v 2.937485 0.866677 2.542110
v 2.940392 0.866677 2.544766
v 2.944059 0.866677 2.546647
v 2.947905 0.866677 2.547373
v 2.961451 0.866677 2.540120
v 2.962946 0.866677 2.536456
v 2.963477 0.866677 2.532418
v 2.962860 0.866677 2.528584
v 2.961285 0.866677 2.524953
v 2.958755 0.866677 2.521716
v 2.955468 0.866677 2.519448
v 3.079771 0.029693 2.567825
v 3.011254 0.557451 2.549370
v 3.065365 0.029693 2.601778
v 3.004524 0.557451 2.565765
v 3.084360 0.029693 2.531100
v 3.013558 0.557451 2.531872
v 3.042460 0.029693 2.630638
v 2.993544 0.557451 2.579518
v 3.084360 0.029693 2.531100
v 3.078974 0.029693 2.494675
v 3.013558 0.557451 2.531872
v 3.010875 0.557451 2.514619
v 3.012567 0.029693 2.652278
v 2.979264 0.557451 2.589851
v 3.063831 0.029693 2.461045
v 3.003789 0.557451 2.498375
v 2.977782 0.029693 2.665138
v 2.962633 0.557451 2.595793
v 3.040300 0.029693 2.432499
v 2.992512 0.557451 2.484865
v 2.940968 0.029693 2.668036
v 2.944995 0.557451 2.597329
v 3.009945 0.029693 2.411708
v 2.978010 0.557451 2.474846
v 2.904814 0.029693 2.660941
v 2.927878 0.557451 2.593868
v 2.974887 0.029693 2.399609
v 2.961254 0.557451 2.469268
v 2.871816 0.029693 2.644211
v 2.912056 0.557451 2.585975
v 2.938019 0.029693 2.397514
v 2.943586 0.557451 2.468116
v 2.844487 0.029693 2.619355
v 2.899069 0.557451 2.574020
v 2.902028 0.029693 2.405396
v 2.926549 0.557451 2.471951
v 2.825149 0.029693 2.588075
v 2.889695 0.557451 2.559144
v 2.869403 0.029693 2.422841
v 2.910903 0.557451 2.480186
v 2.814784 0.029693 2.552664
v 2.884712 0.557451 2.542109
v 2.842623 0.029693 2.448287
v 2.898179 0.557451 2.492422
v 2.814379 0.029693 2.515609
v 2.884522 0.557451 2.524637
v 2.823970 0.029693 2.479981
v 2.889132 0.557451 2.507498
v 2.968617 0.712064 2.493382
v 2.978478 0.712064 2.500187
v 2.971620 0.660527 2.487205
v 2.983029 0.660527 2.495145
v 2.958522 0.660527 2.482739
v 2.957252 0.712064 2.489473
v 2.986064 0.712064 2.509513
v 2.991972 0.660527 2.505800
v 2.944697 0.660527 2.481930
v 2.945347 0.712064 2.488835
v 2.990980 0.712064 2.520405
v 2.997675 0.660527 2.518412
v 2.931297 0.660527 2.484956
v 2.933670 0.712064 2.491459
v 2.992835 0.712064 2.532098
v 2.999742 0.660527 2.532022
v 2.919086 0.660527 2.491426
v 2.922986 0.712064 2.497144
v 2.992835 0.712064 2.532098
v 2.991237 0.712064 2.544020
v 2.999742 0.660527 2.532022
v 2.997974 0.660527 2.545867
v 2.909019 0.660527 2.500944
v 2.914439 0.712064 2.505301
v 2.986560 0.712064 2.555016
v 2.992548 0.660527 2.558599
v 2.901857 0.660527 2.512928
v 2.908218 0.712064 2.515546
v 2.979179 0.712064 2.564506
v 2.983839 0.660527 2.569447
v 2.898356 0.660527 2.526215
v 2.905274 0.712064 2.527100
v 2.969469 0.712064 2.571524
v 2.972606 0.660527 2.577634
v 2.898509 0.660527 2.540231
v 2.905406 0.712064 2.539195
v 2.958192 0.712064 2.575679
v 2.959608 0.660527 2.582385
v 2.902298 0.660527 2.553438
v 2.908601 0.712064 2.550682
v 2.946304 0.712064 2.576577
v 2.945804 0.660527 2.583495
v 2.909720 0.660527 2.565263
v 2.915044 0.712064 2.560788
v 2.934572 0.712064 2.574209
v 2.932341 0.660527 2.580762
v 2.919992 0.660527 2.574560
v 2.923766 0.712064 2.568758
v 2.959476 0.871362 2.552623
v 2.953551 0.871362 2.554800
v 2.963785 0.802757 2.560641
v 2.955566 0.802757 2.563611
v 2.970830 0.802757 2.555572
v 2.964425 0.871362 2.548921
v 2.959476 0.871362 2.552623
v 2.955755 0.876382 2.545751
v 2.953551 0.871362 2.554800
v 2.951932 0.876382 2.547137
v 2.947415 0.871362 2.555251
v 2.946939 0.802757 2.564473
v 2.964425 0.871362 2.548921
v 2.958992 0.876382 2.543411
v 2.947415 0.871362 2.555251
v 2.947905 0.876382 2.547373
v 2.976130 0.802757 2.548793
v 2.968212 0.871362 2.544271
v 2.941452 0.871362 2.553972
v 2.938476 0.802757 2.562645
v 2.968212 0.871362 2.544271
v 2.961451 0.876382 2.540120
v 2.951616 0.876382 2.518146
v 2.955468 0.876382 2.519448
v 2.947584 0.876382 2.517998
v 2.943755 0.876382 2.518807
v 2.940131 0.876382 2.520767
v 2.937282 0.876382 2.523486
v 2.935209 0.876382 2.526965
v 2.934099 0.876382 2.530818
v 2.934143 0.876382 2.534850
v 2.935336 0.876382 2.538677
v 2.937485 0.876382 2.542110
v 2.940392 0.876382 2.544766
v 2.944059 0.876382 2.546647
v 2.962946 0.876382 2.536456
v 2.963477 0.876382 2.532418
v 2.962860 0.876382 2.528584
v 2.961285 0.876382 2.524953
v 2.958755 0.876382 2.521716
v 2.941452 0.871362 2.553972
v 2.979497 0.802757 2.540884
v 2.970644 0.871362 2.538484
v 2.953067 0.871362 2.510449
v 2.959038 0.871362 2.512496
v 2.946923 0.871362 2.510132
v 2.940989 0.871362 2.511541
v 2.935646 0.871362 2.514287
v 2.931087 0.871362 2.518561
v 2.928076 0.871362 2.523971
v 2.926411 0.871362 2.529749
v 2.926481 0.871362 2.536085
v 2.928270 0.871362 2.541826
v 2.931399 0.871362 2.547169
v 2.936050 0.871362 2.551342
v 2.970644 0.871362 2.538484
v 2.971344 0.871362 2.532332
v 2.970512 0.871362 2.526388
v 2.967955 0.871362 2.520656
v 2.964065 0.871362 2.515898
v 2.936050 0.871362 2.551342
v 2.930759 0.802757 2.558889
v 2.953067 0.871362 2.510449
v 2.959038 0.871362 2.512496
v 2.954890 0.802757 2.501596
v 2.963172 0.802757 2.504386
v 2.946923 0.871362 2.510132
v 2.946247 0.802757 2.500922
v 2.940989 0.871362 2.511541
v 2.937825 0.802757 2.502934
v 2.935646 0.871362 2.514287
v 2.930192 0.802757 2.506858
v 2.931087 0.871362 2.518561
v 2.923925 0.802757 2.512879
v 2.928076 0.871362 2.523971
v 2.919593 0.802757 2.520415
v 2.926411 0.871362 2.529749
v 2.917381 0.802757 2.528696
v 2.926481 0.871362 2.536085
v 2.917475 0.802757 2.537335
v 2.928270 0.871362 2.541826
v 2.919868 0.802757 2.545566
v 2.931399 0.871362 2.547169
v 2.924362 0.802757 2.553006
v 2.971344 0.871362 2.532332
v 2.980555 0.802757 2.532231
v 2.971344 0.871362 2.532332
v 2.980555 0.802757 2.532231
v 2.970512 0.871362 2.526388
v 2.979311 0.802757 2.523796
v 2.967955 0.871362 2.520656
v 2.975772 0.802757 2.515962
v 2.964065 0.871362 2.515898
v 2.970325 0.802757 2.509301
v 2.959608 0.660527 2.582385
v 2.962633 0.557451 2.595793
v 2.972606 0.660527 2.577634
v 2.979264 0.557451 2.589851
v 2.944995 0.557451 2.597329
v 2.945804 0.660527 2.583495
v 2.983839 0.660527 2.569447
v 2.993544 0.557451 2.579518
v 2.927878 0.557451 2.593868
v 2.932341 0.660527 2.580762
v 2.992548 0.660527 2.558599
v 3.004524 0.557451 2.565765
v 2.912056 0.557451 2.585975
v 2.919992 0.660527 2.574560
v 2.997974 0.660527 2.545867
v 3.011254 0.557451 2.549370
v 2.899069 0.557451 2.574020
v 2.909720 0.660527 2.565263
v 2.999742 0.660527 2.532022
v 3.013558 0.557451 2.531872
v 2.889695 0.557451 2.559144
v 2.902298 0.660527 2.553438
v 2.999742 0.660527 2.532022
v 3.013558 0.557451 2.531872
v 2.997675 0.660527 2.518412
v 3.010875 0.557451 2.514619
v 2.884712 0.557451 2.542109
v 2.898509 0.660527 2.540231
v 2.991972 0.660527 2.505800
v 3.003789 0.557451 2.498375
v 2.884522 0.557451 2.524637
v 2.898356 0.660527 2.526215
v 2.983029 0.660527 2.495145
v 2.992512 0.557451 2.484865
v 2.889132 0.557451 2.507498
v 2.901857 0.660527 2.512928
v 2.971620 0.660527 2.487205
v 2.978010 0.557451 2.474846
v 2.898179 0.557451 2.492422
v 2.909019 0.660527 2.500944
v 2.958522 0.660527 2.482739
v 2.961254 0.557451 2.469268
v 2.910903 0.557451 2.480186
v 2.919086 0.660527 2.491426
v 2.944697 0.660527 2.481930
v 2.943586 0.557451 2.468116
v 2.926549 0.557451 2.471951
v 2.931297 0.660527 2.484956
v 2.917381 0.802757 2.528696
v 2.905274 0.712064 2.527100
v 2.917475 0.802757 2.537335
v 2.905406 0.712064 2.539195
v 2.908218 0.712064 2.515546
v 2.919593 0.802757 2.520415
v 2.919868 0.802757 2.545566
v 2.908601 0.712064 2.550682
v 2.914439 0.712064 2.505301
v 2.923925 0.802757 2.512879
v 2.924362 0.802757 2.553006
v 2.915044 0.712064 2.560788
v 2.922986 0.712064 2.497144
v 2.930192 0.802757 2.506858
v 2.930759 0.802757 2.558889
v 2.923766 0.712064 2.568758
v 2.933670 0.712064 2.491459
v 2.937825 0.802757 2.502934
v 2.938476 0.802757 2.562645
v 2.934572 0.712064 2.574209
v 2.945347 0.712064 2.488835
v 2.946247 0.802757 2.500922
v 2.946939 0.802757 2.564473
v 2.946304 0.712064 2.576577
v 2.957252 0.712064 2.489473
v 2.954890 0.802757 2.501596
v 2.955566 0.802757 2.563611
v 2.958192 0.712064 2.575679
v 2.968617 0.712064 2.493382
v 2.963172 0.802757 2.504386
v 2.963785 0.802757 2.560641
v 2.969469 0.712064 2.571524
v 2.978478 0.712064 2.500187
v 2.970325 0.802757 2.509301
v 2.970830 0.802757 2.555572
v 2.979179 0.712064 2.564506
v 2.986064 0.712064 2.509513
v 2.975772 0.802757 2.515962
v 2.976130 0.802757 2.548793
v 2.986560 0.712064 2.555016
v 2.990980 0.712064 2.520405
v 2.979311 0.802757 2.523796
v 2.979497 0.802757 2.540884
v 2.991237 0.712064 2.544020
v 2.992835 0.712064 2.532098
v 2.980555 0.802757 2.532231
v 2.980555 0.802757 2.532231
v 2.992835 0.712064 2.532098
v 3.091429 0.039733 2.721889
v 3.105032 0.039733 2.719820
v 2.810329 0.039733 2.724953
v 2.796685 0.039733 2.723182
v 3.117445 0.039733 2.714309
v 2.784154 0.039733 2.717942
v 3.127904 0.039733 2.705554
v 2.773507 0.039733 2.709417
v 3.135650 0.039733 2.694332
v 2.765518 0.039733 2.698367
v 3.140115 0.039733 2.681418
v 2.760773 0.039733 2.685554
v 3.140963 0.039733 2.671232
v 2.759703 0.039733 2.675388
v 3.137897 0.039733 2.389959
v 2.756637 0.039733 2.394115
v 3.136827 0.039733 2.379794
v 2.757485 0.039733 2.383929
v 3.132082 0.039733 2.366980
v 2.761950 0.039733 2.371015
v 3.124093 0.039733 2.355930
v 2.769695 0.039733 2.359793
v 3.113446 0.039733 2.347405
v 2.780154 0.039733 2.351039
v 3.100913 0.039733 2.341974
v 2.792566 0.039733 2.345335
v 3.087271 0.039733 2.340394
v 2.806170 0.039733 2.343458
v 3.143607 0.018315 2.385672
v 3.146766 0.018315 2.675393
v 3.142535 0.018315 2.375315
v 3.137591 0.018315 2.361928
v 3.129407 0.018315 2.350496
v 3.118374 0.018315 2.341783
v 3.105457 0.018315 2.336355
v 3.091429 0.018315 2.334588
v 2.801886 0.018315 2.337744
v 2.787900 0.018315 2.339817
v 2.775105 0.018315 2.345525
v 2.764264 0.018315 2.354476
v 2.756331 0.018315 2.366084
v 2.751681 0.018315 2.379576
v 2.750834 0.018315 2.389954
v 2.753993 0.018315 2.679675
v 2.755065 0.018315 2.690032
v 2.760009 0.018315 2.703420
v 2.768191 0.018315 2.714660
v 2.779226 0.018315 2.723564
v 2.792143 0.018315 2.728992
v 2.806170 0.018315 2.730759
v 3.095714 0.018315 2.727603
v 3.109700 0.018315 2.725530
v 3.122495 0.018315 2.719822
v 3.133333 0.018315 2.710679
v 3.141269 0.018315 2.699264
v 3.145919 0.018315 2.685771
v 3.095714 0.018315 2.727603
v 2.806170 0.018315 2.730759
v 3.109700 0.018315 2.725530
v 2.792143 0.018315 2.728992
v 3.122495 0.018315 2.719822
v 2.779226 0.018315 2.723564
v 3.133333 0.018315 2.710679
v 2.768191 0.018315 2.714660
v 3.141269 0.018315 2.699264
v 2.760009 0.018315 2.703420
v 3.145919 0.018315 2.685771
v 2.755065 0.018315 2.690032
v 3.146766 0.018315 2.675393
v 2.753993 0.018315 2.679675
v 2.750834 0.018315 2.389954
v 3.143607 0.018315 2.385672
v 3.142535 0.018315 2.375315
v 2.751681 0.018315 2.379576
v 3.137591 0.018315 2.361928
v 2.756331 0.018315 2.366084
v 3.129407 0.018315 2.350496
v 2.764264 0.018315 2.354476
v 3.118374 0.018315 2.341783
v 2.775105 0.018315 2.345525
v 3.105457 0.018315 2.336355
v 2.787900 0.018315 2.339817
v 2.759333 0.002586 2.377380
v 2.757679 0.002586 2.384119
v 2.759333 0.017980 2.377380
v 2.757679 0.017980 2.384119
v 2.761952 0.002586 2.371207
v 2.761952 0.017980 2.371207
v 2.791910 0.002586 2.390850
v 2.791910 0.017980 2.390850
v 2.786261 0.017980 2.347900
v 2.800620 0.017980 2.380002
v 2.786261 0.002586 2.347900
v 2.800620 0.002586 2.380002
v 2.780348 0.002586 2.351228
v 2.780348 0.017980 2.351228
v 2.774826 0.002586 2.355129
v 2.774826 0.017980 2.355129
v 2.769697 0.002586 2.359986
v 2.769697 0.017980 2.359986
v 2.765533 0.002586 2.365215
v 2.765533 0.017980 2.365215
v 2.800620 0.017980 2.380002
v 2.800620 0.002586 2.380002
v 2.757679 0.002586 2.384119
v 2.786261 0.002586 2.347900
v 2.780348 0.002586 2.351228
v 2.759333 0.002586 2.377380
v 2.761952 0.002586 2.371207
v 2.774826 0.002586 2.355129
v 2.765533 0.002586 2.365215
v 2.769697 0.002586 2.359986
v 2.786261 0.017980 2.347900
v 2.757679 0.017980 2.384119
v 2.759333 0.017980 2.377380
v 2.780348 0.017980 2.351228
v 2.774826 0.017980 2.355129
v 2.761952 0.017980 2.371207
v 2.769697 0.017980 2.359986
v 2.765533 0.017980 2.365215
v 2.757968 0.002586 2.516224
v 2.757968 0.017980 2.516224
v 2.777635 0.002586 2.524843
v 2.777635 0.017980 2.524843
v 2.758372 0.002586 2.553279
v 2.758372 0.017980 2.553279
v 2.777847 0.002586 2.544234
v 2.777847 0.017980 2.544234
v 2.777847 0.017980 2.544234
v 2.777847 0.002586 2.544234
v 2.758372 0.002586 2.553279
v 2.757968 0.002586 2.516224
v 2.758372 0.017980 2.553279
v 2.757968 0.017980 2.516224
v 2.793602 0.002586 2.722063
v 2.800147 0.002586 2.723912
v 2.793602 0.017980 2.722063
v 2.800147 0.017980 2.723912
v 2.787241 0.002586 2.719444
v 2.787241 0.017980 2.719444
v 2.806872 0.002586 2.689468
v 2.806872 0.017980 2.689468
v 2.764140 0.017980 2.695118
v 2.796030 0.017980 2.680753
v 2.764140 0.002586 2.695118
v 2.796030 0.002586 2.680753
v 2.767277 0.002586 2.701228
v 2.767277 0.017980 2.701228
v 2.771367 0.002586 2.706752
v 2.771367 0.017980 2.706752
v 2.776026 0.002586 2.711694
v 2.776026 0.017980 2.711694
v 2.781445 0.002586 2.715859
v 2.781445 0.017980 2.715859
v 2.796030 0.017980 2.680753
v 2.796030 0.002586 2.680753
v 2.800147 0.002586 2.723912
v 2.764140 0.002586 2.695118
v 2.767277 0.002586 2.701228
v 2.793602 0.002586 2.722063
v 2.787241 0.002586 2.719444
v 2.771367 0.002586 2.706752
v 2.781445 0.002586 2.715859
v 2.776026 0.002586 2.711694
v 2.764140 0.017980 2.695118
v 2.800147 0.017980 2.723912
v 2.793602 0.017980 2.722063
v 2.767277 0.017980 2.701228
v 2.771367 0.017980 2.706752
v 2.787241 0.017980 2.719444
v 2.776026 0.017980 2.711694
v 2.781445 0.017980 2.715859
v 2.932361 0.002586 2.723431
v 2.932361 0.017980 2.723431
v 2.940976 0.002586 2.703943
v 2.940976 0.017980 2.703943
v 2.969393 0.002586 2.723027
v 2.969393 0.017980 2.723027
v 2.960356 0.002586 2.703732
v 2.960356 0.017980 2.703732
v 2.960356 0.017980 2.703732
v 2.960356 0.002586 2.703732
v 2.969393 0.002586 2.723027
v 2.932361 0.002586 2.723431
v 2.969393 0.017980 2.723027
v 2.932361 0.017980 2.723431
v 3.138267 0.002586 2.687967
v 3.139921 0.002586 2.681228
v 3.138267 0.017980 2.687967
v 3.139921 0.017980 2.681228
v 3.135648 0.002586 2.694140
v 3.135648 0.017980 2.694140
v 3.105689 0.002586 2.674497
v 3.105689 0.017980 2.674497
v 3.111339 0.017980 2.717448
v 3.096980 0.017980 2.685345
v 3.111339 0.002586 2.717448
v 3.096980 0.002586 2.685345
v 3.117251 0.002586 2.714119
v 3.117251 0.017980 2.714119
v 3.122774 0.002586 2.710218
v 3.122774 0.017980 2.710218
v 3.127903 0.002586 2.705362
v 3.127903 0.017980 2.705362
v 3.132067 0.002586 2.700132
v 3.132067 0.017980 2.700132
v 3.096980 0.017980 2.685345
v 3.096980 0.002586 2.685345
v 3.139921 0.002586 2.681228
v 3.111339 0.002586 2.717448
v 3.117251 0.002586 2.714119
v 3.138267 0.002586 2.687967
v 3.135648 0.002586 2.694140
v 3.122774 0.002586 2.710218
v 3.132067 0.002586 2.700132
v 3.127903 0.002586 2.705362
v 3.111339 0.017980 2.717448
v 3.139921 0.017980 2.681228
v 3.138267 0.017980 2.687967
v 3.117251 0.017980 2.714119
v 3.122774 0.017980 2.710218
v 3.135648 0.017980 2.694140
v 3.127903 0.017980 2.705362
v 3.132067 0.017980 2.700132
v 3.139632 0.002586 2.549123
v 3.139632 0.017980 2.549123
v 3.119964 0.002586 2.540505
v 3.119964 0.017980 2.540505
v 3.139228 0.002586 2.512068
v 3.139228 0.017980 2.512068
v 3.119753 0.002586 2.521113
v 3.119753 0.017980 2.521113
v 3.119753 0.017980 2.521113
v 3.119753 0.002586 2.521113
v 3.139228 0.002586 2.512068
v 3.139632 0.002586 2.549123
v 3.139228 0.017980 2.512068
v 3.139632 0.017980 2.549123
v 3.103997 0.002586 2.343284
v 3.097453 0.002586 2.341435
v 3.103997 0.017980 2.343284
v 3.097453 0.017980 2.341435
v 3.110359 0.002586 2.345903
v 3.110359 0.017980 2.345903
v 3.090728 0.002586 2.375880
v 3.090728 0.017980 2.375880
v 3.133460 0.017980 2.370229
v 3.101569 0.017980 2.384594
v 3.133460 0.002586 2.370229
v 3.101569 0.002586 2.384594
v 3.130323 0.002586 2.364119
v 3.130323 0.017980 2.364119
v 3.126233 0.002586 2.358595
v 3.126233 0.017980 2.358595
v 3.121573 0.002586 2.353653
v 3.121573 0.017980 2.353653
v 3.116155 0.002586 2.349488
v 3.116155 0.017980 2.349488
v 3.101569 0.017980 2.384594
v 3.101569 0.002586 2.384594
v 3.097453 0.002586 2.341435
v 3.133460 0.002586 2.370229
v 3.130323 0.002586 2.364119
v 3.103997 0.002586 2.343284
v 3.110359 0.002586 2.345903
v 3.126233 0.002586 2.358595
v 3.116155 0.002586 2.349488
v 3.121573 0.002586 2.353653
v 3.133460 0.017980 2.370229
v 3.097453 0.017980 2.341435
v 3.103997 0.017980 2.343284
v 3.130323 0.017980 2.364119
v 3.126233 0.017980 2.358595
v 3.110359 0.017980 2.345903
v 3.121573 0.017980 2.353653
v 3.116155 0.017980 2.349488
v 2.965239 0.002586 2.341916
v 2.965239 0.017980 2.341916
v 2.956624 0.002586 2.361404
v 2.956624 0.017980 2.361404
v 2.928206 0.002586 2.342320
v 2.928206 0.017980 2.342320
v 2.937244 0.002586 2.361615
v 2.937244 0.017980 2.361615
v 2.937244 0.017980 2.361615
v 2.937244 0.002586 2.361615
v 2.928206 0.002586 2.342320
v 2.965239 0.002586 2.341916
v 2.928206 0.017980 2.342320
v 2.965239 0.017980 2.341916
vn 0.0022 1.0000 -0.0000
vn 0.0020 1.0000 -0.0000
vn -0.0022 1.0000 -0.0000
vn 0.9577 0.1308 0.2561
vn 0.9577 0.1309 0.2561
vn 0.8532 0.1303 0.5050
vn 0.8532 0.1303 0.5051
vn 0.9907 0.1350 -0.0144
vn 0.9907 0.1350 -0.0145
vn 0.6858 0.1312 0.7159
vn 0.9907 0.1350 -0.0146
vn 0.9519 0.1308 -0.2769
vn 0.9519 0.1308 -0.2770
vn 0.4661 0.1315 0.8749
vn 0.8420 0.1340 -0.5226
vn 0.2124 0.1318 0.9683
vn 0.2123 0.1318 0.9683
vn 0.6700 0.1349 -0.7300
vn 0.6701 0.1349 -0.7300
vn -0.0569 0.1354 0.9892
vn 0.4470 0.1353 -0.8843
vn 0.4469 0.1353 -0.8843
vn -0.3220 0.1317 0.9375
vn 0.1912 0.1355 -0.9721
vn 0.1912 0.1355 -0.9722
vn -0.5636 0.1354 0.8149
vn -0.5636 0.1353 0.8149
vn -0.0785 0.1354 -0.9877
vn -0.0784 0.1355 -0.9877
vn -0.7614 0.1351 0.6341
vn -0.3424 0.1354 -0.9298
vn -0.9053 0.1302 0.4042
vn -0.9054 0.1301 0.4042
vn -0.5813 0.1354 -0.8024
vn -0.5813 0.1353 -0.8024
vn -0.9800 0.1331 0.1479
vn -0.9800 0.1331 0.1478
vn -0.7750 0.1351 -0.6173
vn -0.9830 0.1358 -0.1238
vn -0.9830 0.1358 -0.1237
vn -0.9139 0.1337 -0.3832
vn 0.6700 0.1348 -0.7300
vn -0.0785 0.1355 -0.9877
vn -0.5812 0.1353 -0.8024
vn 0.9577 0.1308 0.2562
vn -0.7750 0.1351 -0.6174
vn -0.9139 0.1337 -0.3833
vn 0.6858 0.1312 0.7158
vn 0.6857 0.1312 0.7159
vn 0.4662 0.1315 0.8748
vn -0.9800 0.1331 0.1477
vn 0.2123 0.1317 0.9683
vn -0.0569 0.1355 0.9891
vn -0.0570 0.1355 0.9891
vn -0.7613 0.1351 0.6341
vn -0.5637 0.1353 0.8149
vn 0.2124 0.1317 0.9683
vn 0.2625 0.8267 0.4976
vn 0.2625 0.8267 0.4977
vn 0.1215 0.8271 0.5488
vn 0.3896 0.8277 0.4039
vn -0.4701 -0.0000 -0.8826
vn -0.2124 -0.0000 -0.9772
vn -0.0310 0.8267 0.5618
vn -0.6891 -0.0000 -0.7247
vn -0.6891 -0.0000 -0.7246
vn 0.0568 -0.0000 -0.9984
vn 0.4828 0.8280 0.2852
vn -0.1911 -0.0038 0.9816
vn -0.4507 -0.0000 0.8927
vn 0.0785 -0.0000 0.9969
vn 0.3465 -0.0000 0.9380
vn 0.5849 0.0038 0.8111
vn 0.7834 0.0038 0.6216
vn 0.7834 0.0038 0.6215
vn 0.9211 0.0038 0.3893
vn 0.9211 0.0038 0.3892
vn 0.9922 -0.0000 0.1243
vn 0.9923 -0.0000 0.1243
vn 0.9893 -0.0000 -0.1459
vn 0.9124 -0.0000 -0.4093
vn 0.7697 -0.0000 -0.6385
vn 0.7696 -0.0000 -0.6385
vn 0.5671 -0.0000 -0.8236
vn 0.3260 -0.0000 -0.9454
vn 0.3259 -0.0000 -0.9454
vn -0.8601 -0.0000 -0.5101
vn -0.9653 -0.0000 -0.2613
vn -0.9999 -0.0000 0.0108
vn -0.9999 -0.0000 0.0109
vn -0.9594 -0.0000 0.2822
vn -0.8488 -0.0000 0.5287
vn -0.6732 -0.0038 0.7395
vn -0.1832 0.8282 0.5296
vn -0.1831 0.8282 0.5296
vn 0.1095 0.8250 -0.5544
vn 0.2516 0.8286 -0.5001
vn 0.2517 0.8286 -0.5001
vn -0.0433 0.8267 -0.5610
vn -0.0432 0.8267 -0.5610
vn -0.1947 0.8262 -0.5287
vn -0.1947 0.8262 -0.5286
vn -0.3289 0.8262 -0.4574
vn -0.4408 0.8274 -0.3481
vn -0.4408 0.8273 -0.3481
vn -0.5200 0.8258 -0.2182
vn -0.5199 0.8259 -0.2183
vn -0.5589 0.8260 -0.0731
vn -0.5572 0.8260 0.0853
vn -0.5151 0.8259 0.2295
vn -0.4331 0.8273 0.3576
vn -0.4331 0.8274 0.3576
vn -0.3189 0.8280 0.4612
vn 0.5451 0.8256 0.1460
vn 0.5616 0.8274 -0.0080
vn 0.5617 0.8273 -0.0080
vn 0.5419 0.8262 -0.1541
vn 0.5418 0.8263 -0.1542
vn 0.4765 0.8267 -0.2992
vn 0.3807 0.8277 -0.4123
vn -0.0784 0.1354 -0.9877
vn -0.9140 0.1337 -0.3832
vn 0.8420 0.1340 -0.5225
vn 0.4661 0.1316 0.8749
vn 0.4660 0.1315 0.8749
vn -0.0568 0.1355 0.9891
vn -0.0570 0.1354 0.9891
vn 0.6858 0.1311 0.7159
vn -0.3219 0.1317 0.9376
vn 0.8532 0.1304 0.5050
vn -0.9053 0.1301 0.4043
vn 0.9519 0.1309 -0.2770
vn 0.6701 0.1349 -0.7299
vn -0.9054 0.1302 0.4042
vn -0.7614 0.1351 0.6340
vn 0.1911 0.1355 -0.9722
vn 0.4469 0.1352 -0.8843
vn 0.6701 0.1348 -0.7300
vn 0.9577 0.1309 0.2562
vn 0.9646 0.2634 -0.0105
vn 0.9343 0.2925 -0.2036
vn 0.9327 0.2939 -0.2089
vn 0.8358 0.3232 -0.4437
vn 0.8334 0.3236 -0.4481
vn 0.6805 0.3338 -0.6523
vn 0.6805 0.3339 -0.6523
vn 0.4823 0.3242 -0.8138
vn 0.2428 0.3044 -0.9211
vn 0.2512 0.3040 -0.9190
vn 0.0573 0.2758 -0.9595
vn 0.0572 0.2758 -0.9595
vn -0.0084 0.2612 -0.9652
vn -0.0083 0.2612 -0.9652
vn -0.2628 0.3044 -0.9156
vn -0.2713 0.3044 -0.9131
vn -0.4999 0.3241 -0.8031
vn -0.5000 0.3242 -0.8031
vn -0.6945 0.3344 -0.6370
vn -0.6946 0.3343 -0.6370
vn -0.8453 0.3245 -0.4245
vn -0.8430 0.3248 -0.4289
vn -0.9385 0.2938 -0.1813
vn -0.9371 0.2946 -0.1875
vn -0.9646 0.2634 0.0124
vn -0.9344 0.2958 0.1985
vn -0.9327 0.2925 0.2110
vn -0.8358 0.3245 0.4428
vn -0.8334 0.3217 0.4494
vn -0.6805 0.3344 0.6520
vn -0.4823 0.3277 0.8124
vn -0.2428 0.3008 0.9223
vn -0.2513 0.3008 0.9200
vn -0.0572 0.2758 0.9595
vn -0.0573 0.2758 0.9595
vn 0.0127 0.2613 0.9652
vn 0.0127 0.2612 0.9652
vn 0.2628 0.3008 0.9168
vn 0.2713 0.3040 0.9132
vn 0.4999 0.3277 0.8017
vn 0.6945 0.3372 0.6356
vn 0.8453 0.3232 0.4255
vn 0.8429 0.3266 0.4275
vn 0.9385 0.2945 0.1801
vn 0.9371 0.2939 0.1884
vn 0.0022 -1.0000 -0.0000
vn -0.9461 -0.0000 -0.3239
vn -0.9461 -0.0000 -0.3240
vn -0.8937 -0.0000 -0.4487
vn -0.5306 -0.0000 -0.8477
vn -0.5306 -0.0000 -0.8476
vn -0.6402 -0.0000 -0.7682
vn -0.6401 -0.0000 -0.7683
vn -0.7380 -0.0000 -0.6748
vn -0.8225 -0.0000 -0.5688
vn -0.8222 -0.0000 -0.5693
vn 0.7833 0.0038 0.6216
vn 0.3993 -0.0000 -0.9168
vn 0.3992 -0.0000 -0.9169
vn 0.4192 -0.0000 0.9079
vn 0.9999 -0.0000 -0.0109
vn -0.3262 -0.0000 0.9453
vn -0.2592 -0.0038 0.9658
vn -0.3260 -0.0000 0.9454
vn 0.9812 0.0037 0.1932
vn -0.4072 -0.0000 -0.9133
vn -0.4073 -0.0000 -0.9133
vn -0.8488 -0.0000 0.5286
vn -0.8489 -0.0000 0.5286
vn -0.8837 -0.0038 0.4681
vn -0.7696 -0.0000 0.6386
vn -0.5672 -0.0000 0.8236
vn 0.6233 -0.0000 -0.7820
vn -0.0022 -1.0000 -0.0000
vn -0.9177 -0.0000 -0.3973
vn 0.0131 -0.0000 0.9999
vn 0.9088 -0.0000 -0.4173
vn 0.9088 -0.0000 -0.4172
vn -0.0087 -0.0000 -1.0000
vn 0.9461 0.0038 0.3239
vn 0.9653 0.0038 0.2613
vn 0.8936 0.0038 0.4488
vn 0.1912 -0.0000 -0.9816
vn -0.9124 -0.0000 0.4093
vn 0.5306 0.0038 0.8476
vn 0.4700 0.0038 0.8826
vn 0.6401 -0.0000 0.7683
vn 0.7380 0.0038 0.6748
vn 0.8224 -0.0000 0.5690
vn 0.8225 -0.0000 0.5688
vn -0.7834 -0.0000 -0.6215
vn -0.3993 -0.0038 0.9168
vn -0.4192 -0.0000 -0.9079
vn 0.3262 -0.0000 -0.9453
vn 0.2592 -0.0000 -0.9658
vn 0.4507 -0.0000 -0.8927
vn -0.9811 -0.0000 -0.1933
vn 0.4072 -0.0000 0.9133
vn 0.4073 -0.0000 0.9133
vn 0.8489 -0.0000 -0.5286
vn 0.8488 -0.0000 -0.5287
vn 0.8837 -0.0000 -0.4681
vn 0.7696 -0.0000 -0.6386
vn 0.6732 -0.0000 -0.7395
vn 0.6731 -0.0000 -0.7395
vn 0.5672 -0.0000 -0.8236
vn -0.6233 -0.0038 0.7820
vn 0.9177 -0.0000 0.3973
vn 0.9177 -0.0000 0.3974
vn -0.9088 -0.0000 0.4173
vt 0.022390 0.127190
vt 0.021340 0.126840
vt 0.023130 0.123140
vt 0.020390 0.126240
vt 0.022080 0.119060
vt 0.023240 0.118990
vt 0.024400 0.119200
vt 0.025340 0.119690
vt 0.026190 0.120430
vt 0.026820 0.121380
vt 0.027130 0.122440
vt 0.027240 0.123560
vt 0.026920 0.124650
vt 0.026400 0.125640
vt 0.025550 0.126450
vt 0.024610 0.126980
vt 0.023550 0.127260
vt 0.019660 0.125390
vt 0.019240 0.124370
vt 0.019030 0.123250
vt 0.019130 0.122150
vt 0.019550 0.121100
vt 0.020180 0.120220
vt 0.021130 0.119580
vt 0.434710 0.231670
vt 0.482200 0.062330
vt 0.445980 0.231670
vt 0.487880 0.062290
vt 0.423130 0.231670
vt 0.476620 0.062330
vt 0.456820 0.231670
vt 0.493570 0.062330
vt 0.662030 0.231670
vt 0.650450 0.231670
vt 0.608540 0.062330
vt 0.602960 0.062330
vt 0.467560 0.231670
vt 0.499250 0.062330
vt 0.639180 0.231670
vt 0.597280 0.062290
vt 0.477980 0.231670
vt 0.505040 0.062330
vt 0.628230 0.231670
vt 0.591590 0.062330
vt 0.488200 0.231670
vt 0.510730 0.062290
vt 0.617600 0.231670
vt 0.585910 0.062330
vt 0.498310 0.231670
vt 0.516520 0.062330
vt 0.607180 0.231670
vt 0.580120 0.062290
vt 0.508310 0.231670
vt 0.522310 0.062290
vt 0.596960 0.231670
vt 0.574430 0.062330
vt 0.518210 0.231670
vt 0.528100 0.062330
vt 0.586850 0.231670
vt 0.568640 0.062330
vt 0.528000 0.231670
vt 0.533890 0.062330
vt 0.576850 0.231670
vt 0.562850 0.062330
vt 0.537680 0.231670
vt 0.539680 0.062330
vt 0.566950 0.231670
vt 0.557060 0.062290
vt 0.547480 0.231670
vt 0.545480 0.062330
vt 0.557160 0.231670
vt 0.551270 0.062330
vt 0.572640 0.041800
vt 0.576540 0.041800
vt 0.576850 0.058350
vt 0.581480 0.058350
vt 0.572320 0.058350
vt 0.568530 0.041800
vt 0.580540 0.041800
vt 0.586010 0.058350
vt 0.567690 0.058350
vt 0.564530 0.041800
vt 0.584430 0.041800
vt 0.590430 0.058350
vt 0.563060 0.058350
vt 0.560430 0.041800
vt 0.588220 0.041800
vt 0.594860 0.058350
vt 0.558320 0.058350
vt 0.556320 0.041800
vt 0.495570 0.041800
vt 0.499360 0.041800
vt 0.488930 0.058350
vt 0.493360 0.058350
vt 0.553690 0.058350
vt 0.552210 0.041800
vt 0.503250 0.041800
vt 0.497780 0.058350
vt 0.548950 0.058350
vt 0.548110 0.041800
vt 0.507260 0.041800
vt 0.502310 0.058350
vt 0.544210 0.058350
vt 0.544000 0.041800
vt 0.511150 0.041800
vt 0.506940 0.058350
vt 0.539580 0.058350
vt 0.539790 0.041800
vt 0.515260 0.041800
vt 0.511470 0.058350
vt 0.534840 0.058350
vt 0.535680 0.041800
vt 0.519260 0.041800
vt 0.516100 0.058350
vt 0.530100 0.058350
vt 0.531580 0.041800
vt 0.523360 0.041800
vt 0.520730 0.058350
vt 0.525470 0.058350
vt 0.527470 0.041800
vt 0.520100 0.015180
vt 0.522520 0.015180
vt 0.516100 0.037120
vt 0.519050 0.037120
vt 0.513150 0.037120
vt 0.517780 0.015180
vt 0.018920 0.132010
vt 0.020290 0.129200
vt 0.021450 0.132820
vt 0.022080 0.129730
vt 0.524940 0.015180
vt 0.522100 0.037120
vt 0.016710 0.130540
vt 0.018810 0.128180
vt 0.024180 0.132890
vt 0.023870 0.129760
vt 0.510200 0.037120
vt 0.515570 0.015180
vt 0.527470 0.015180
vt 0.525150 0.037120
vt 0.014920 0.128560
vt 0.017550 0.126840
vt 0.021450 0.116700
vt 0.019760 0.117330
vt 0.023240 0.116450
vt 0.025030 0.116770
vt 0.026710 0.117510
vt 0.028080 0.118700
vt 0.029030 0.120220
vt 0.029660 0.121940
vt 0.029770 0.123740
vt 0.029340 0.125500
vt 0.028400 0.127120
vt 0.027130 0.128420
vt 0.025550 0.129340
vt 0.016810 0.125220
vt 0.016500 0.123420
vt 0.016600 0.121630
vt 0.017240 0.119940
vt 0.018290 0.118460
vt 0.026820 0.132230
vt 0.507360 0.037120
vt 0.513360 0.015180
vt 0.020600 0.113630
vt 0.018180 0.114650
vt 0.023340 0.113320
vt 0.025970 0.113740
vt 0.028400 0.114900
vt 0.030400 0.116630
vt 0.031870 0.118840
vt 0.032710 0.121380
vt 0.032820 0.124060
vt 0.032190 0.126630
vt 0.030920 0.128990
vt 0.029130 0.130890
vt 0.013760 0.126170
vt 0.013340 0.123560
vt 0.013550 0.120920
vt 0.014500 0.118460
vt 0.016080 0.116310
vt 0.530000 0.015180
vt 0.528210 0.037120
vt 0.555900 0.015180
vt 0.558320 0.015180
vt 0.559270 0.037120
vt 0.562320 0.037120
vt 0.553480 0.015180
vt 0.556320 0.037120
vt 0.550950 0.015180
vt 0.553270 0.037120
vt 0.548320 0.015180
vt 0.550110 0.037120
vt 0.545790 0.015180
vt 0.547050 0.037120
vt 0.543160 0.015180
vt 0.543900 0.037120
vt 0.540530 0.015180
vt 0.540740 0.037120
vt 0.537890 0.015180
vt 0.537580 0.037120
vt 0.535260 0.015180
vt 0.534530 0.037120
vt 0.532630 0.015180
vt 0.531370 0.037120
vt 0.511360 0.015180
vt 0.504620 0.037120
vt 0.566950 0.015180
vt 0.573800 0.037120
vt 0.564950 0.015180
vt 0.570960 0.037120
vt 0.562850 0.015180
vt 0.568110 0.037120
vt 0.560640 0.015180
vt 0.565270 0.037120
vt 0.519050 0.289940
vt 0.527260 0.251840
vt 0.524310 0.289940
vt 0.533890 0.251840
vt 0.520730 0.251840
vt 0.513680 0.289940
vt 0.529580 0.289940
vt 0.540530 0.251840
vt 0.513990 0.251840
vt 0.508410 0.289940
vt 0.534840 0.289940
vt 0.547050 0.251840
vt 0.507360 0.251840
vt 0.502940 0.289940
vt 0.540000 0.289940
vt 0.553580 0.251840
vt 0.500730 0.251840
vt 0.497570 0.289940
vt 0.545050 0.289940
vt 0.560010 0.251840
vt 0.494090 0.251840
vt 0.492200 0.289940
vt 0.423020 0.289940
vt 0.408070 0.251840
vt 0.428180 0.289940
vt 0.414600 0.251840
vt 0.487360 0.251840
vt 0.486720 0.289940
vt 0.433340 0.289940
vt 0.421020 0.251840
vt 0.480720 0.251840
vt 0.481350 0.289940
vt 0.438500 0.289940
vt 0.427660 0.251840
vt 0.474090 0.251840
vt 0.475980 0.289940
vt 0.443770 0.289940
vt 0.434180 0.251840
vt 0.467350 0.251840
vt 0.470510 0.289940
vt 0.449030 0.289940
vt 0.440820 0.251840
vt 0.460720 0.251840
vt 0.465140 0.289940
vt 0.454400 0.289940
vt 0.447450 0.251840
vt 0.454080 0.251840
vt 0.459770 0.289940
vt 0.623810 0.288990
vt 0.623180 0.255470
vt 0.627390 0.288990
vt 0.627920 0.255470
vt 0.618440 0.255470
vt 0.620130 0.288990
vt 0.630970 0.288960
vt 0.632760 0.255470
vt 0.613700 0.255470
vt 0.616550 0.288990
vt 0.634550 0.288990
vt 0.637500 0.255470
vt 0.608970 0.255470
vt 0.612970 0.288960
vt 0.638130 0.288960
vt 0.642240 0.255470
vt 0.604230 0.255470
vt 0.609390 0.288960
vt 0.641710 0.288960
vt 0.646980 0.255470
vt 0.599490 0.255470
vt 0.605910 0.288990
vt 0.645290 0.288990
vt 0.651610 0.255470
vt 0.594860 0.255470
vt 0.602440 0.288960
vt 0.648770 0.288990
vt 0.656240 0.255470
vt 0.590220 0.255470
vt 0.598960 0.288990
vt 0.652240 0.288990
vt 0.660870 0.255470
vt 0.585700 0.255470
vt 0.595590 0.288960
vt 0.655610 0.288990
vt 0.665510 0.255470
vt 0.581170 0.255470
vt 0.592220 0.288990
vt 0.658870 0.288990
vt 0.670030 0.255470
vt 0.576640 0.255470
vt 0.588960 0.288990
vt 0.662140 0.288990
vt 0.674460 0.255470
vt 0.572220 0.255470
vt 0.585800 0.288990
vt 0.665400 0.288990
vt 0.678880 0.255470
vt 0.761430 0.266460
vt 0.757320 0.265790
vt 0.852920 0.266490
vt 0.857030 0.265790
vt 0.753530 0.264100
vt 0.860920 0.264100
vt 0.750260 0.261490
vt 0.864080 0.261490
vt 0.747840 0.258150
vt 0.866610 0.258150
vt 0.746260 0.254240
vt 0.868080 0.254270
vt 0.745840 0.251240
vt 0.868610 0.251280
vt 0.745840 0.160680
vt 0.868720 0.160710
vt 0.746160 0.157650
vt 0.868400 0.157650
vt 0.747530 0.153740
vt 0.866930 0.153780
vt 0.749840 0.150360
vt 0.864610 0.150360
vt 0.753000 0.147720
vt 0.861560 0.147720
vt 0.756690 0.145990
vt 0.857870 0.145990
vt 0.760790 0.145290
vt 0.853760 0.145290
vt 0.738680 0.158710
vt 0.738790 0.253250
vt 0.739420 0.154690
vt 0.741310 0.149760
vt 0.744370 0.145360
vt 0.748470 0.141840
vt 0.753320 0.139370
vt 0.758480 0.138140
vt 0.855980 0.138140
vt 0.861240 0.139370
vt 0.865980 0.141800
vt 0.870080 0.145320
vt 0.873140 0.149730
vt 0.875140 0.154690
vt 0.875770 0.158780
vt 0.875670 0.253320
vt 0.874930 0.257410
vt 0.872820 0.262370
vt 0.869560 0.266740
vt 0.865240 0.270190
vt 0.860290 0.272510
vt 0.855030 0.273570
vt 0.759420 0.273570
vt 0.754160 0.272510
vt 0.749210 0.270220
vt 0.745000 0.266770
vt 0.741630 0.262370
vt 0.739530 0.257370
vt 0.758480 0.001520
vt 0.857980 0.003000
vt 0.753740 0.002290
vt 0.862820 0.003700
vt 0.749210 0.004300
vt 0.867240 0.005710
vt 0.745420 0.007470
vt 0.870930 0.008810
vt 0.742680 0.011550
vt 0.873660 0.012820
vt 0.741000 0.016240
vt 0.875240 0.017400
vt 0.740680 0.020000
vt 0.875450 0.021060
vt 0.874720 0.120460
vt 0.740050 0.119550
vt 0.740470 0.123280
vt 0.874190 0.124090
vt 0.742260 0.127960
vt 0.872400 0.128630
vt 0.745110 0.132050
vt 0.869450 0.132580
vt 0.749000 0.135250
vt 0.865560 0.135610
vt 0.753630 0.137330
vt 0.860920 0.137510
vt 0.715730 0.188180
vt 0.715730 0.190470
vt 0.710570 0.188180
vt 0.710570 0.190470
vt 0.715730 0.185920
vt 0.710570 0.185920
vt 0.715730 0.202120
vt 0.710570 0.202120
vt 0.710570 0.174550
vt 0.710570 0.162900
vt 0.715730 0.174550
vt 0.715730 0.162900
vt 0.715730 0.176800
vt 0.710570 0.176800
vt 0.715730 0.179090
vt 0.710570 0.179090
vt 0.715730 0.181380
vt 0.710570 0.181380
vt 0.715730 0.183640
vt 0.710570 0.183640
vt 0.710570 0.206740
vt 0.715730 0.206740
vt 0.726050 0.196730
vt 0.726050 0.212090
vt 0.727000 0.210010
vt 0.727000 0.198850
vt 0.727630 0.201030
vt 0.727630 0.207790
vt 0.727940 0.203280
vt 0.727940 0.205540
vt 0.700250 0.212090
vt 0.700250 0.196730
vt 0.699410 0.198850
vt 0.699410 0.210010
vt 0.698780 0.207790
vt 0.698780 0.201030
vt 0.698460 0.205540
vt 0.698460 0.203280
vt 0.685720 0.194970
vt 0.680560 0.194970
vt 0.685720 0.187900
vt 0.680560 0.187900
vt 0.685720 0.207230
vt 0.680560 0.207230
vt 0.685720 0.214340
vt 0.680560 0.214340
vt 0.680560 0.181420
vt 0.685720 0.181420
vt 0.692140 0.178530
vt 0.692140 0.190780
vt 0.674140 0.178530
vt 0.674140 0.190780
vt 0.712990 0.127790
vt 0.712990 0.130080
vt 0.707830 0.127790
vt 0.707830 0.130080
vt 0.712990 0.125500
vt 0.707830 0.125540
vt 0.712990 0.141700
vt 0.707830 0.141700
vt 0.707830 0.114160
vt 0.707830 0.102510
vt 0.712990 0.114160
vt 0.712990 0.102510
vt 0.712990 0.116420
vt 0.707830 0.116420
vt 0.712990 0.118700
vt 0.707830 0.118700
vt 0.712990 0.120960
vt 0.707830 0.120960
vt 0.712990 0.123250
vt 0.707830 0.123250
vt 0.707830 0.146350
vt 0.712990 0.146350
vt 0.723310 0.136350
vt 0.723310 0.151700
vt 0.724260 0.149590
vt 0.724260 0.138420
vt 0.724890 0.140640
vt 0.724890 0.147400
vt 0.725210 0.142890
vt 0.725210 0.145150
vt 0.697510 0.151700
vt 0.697510 0.136350
vt 0.696670 0.138420
vt 0.696670 0.149590
vt 0.696040 0.147400
vt 0.696040 0.140640
vt 0.695720 0.145150
vt 0.695720 0.142890
vt 0.681300 0.039930
vt 0.676140 0.039930
vt 0.681300 0.032820
vt 0.676140 0.032820
vt 0.681300 0.052190
vt 0.676140 0.052190
vt 0.681300 0.059270
vt 0.676140 0.059270
vt 0.676140 0.026380
vt 0.681300 0.026380
vt 0.687720 0.023450
vt 0.687720 0.035740
vt 0.669720 0.023450
vt 0.669720 0.035740
vt 0.716680 0.239690
vt 0.716680 0.241980
vt 0.711520 0.239690
vt 0.711520 0.241980
vt 0.716680 0.237440
vt 0.711520 0.237440
vt 0.716680 0.253600
vt 0.711520 0.253600
vt 0.711520 0.226070
vt 0.711520 0.214410
vt 0.716680 0.226070
vt 0.716680 0.214410
vt 0.716680 0.228320
vt 0.711520 0.228320
vt 0.716680 0.230610
vt 0.711520 0.230610
vt 0.716680 0.232900
vt 0.711520 0.232900
vt 0.716680 0.235150
vt 0.711520 0.235150
vt 0.711520 0.258250
vt 0.716680 0.258250
vt 0.727000 0.248250
vt 0.727000 0.263600
vt 0.727840 0.261530
vt 0.727840 0.250360
vt 0.728470 0.252550
vt 0.728470 0.259310
vt 0.728790 0.254800
vt 0.728790 0.257050
vt 0.701200 0.263600
vt 0.701200 0.248250
vt 0.700250 0.250360
vt 0.700250 0.261530
vt 0.699620 0.259310
vt 0.699620 0.252550
vt 0.699410 0.257050
vt 0.699410 0.254800
vt 0.681830 0.090080
vt 0.676670 0.090080
vt 0.681830 0.082960
vt 0.676670 0.082960
vt 0.681830 0.102330
vt 0.676670 0.102330
vt 0.681830 0.109410
vt 0.676670 0.109410
vt 0.676670 0.076480
vt 0.681830 0.076480
vt 0.688250 0.073600
vt 0.688250 0.085850
vt 0.670240 0.073600
vt 0.670240 0.085850
vt 0.712040 0.071800
vt 0.712040 0.074050
vt 0.706890 0.071800
vt 0.706890 0.074050
vt 0.712040 0.069510
vt 0.706890 0.069510
vt 0.712040 0.085710
vt 0.706890 0.085710
vt 0.706890 0.058140
vt 0.706890 0.046520
vt 0.712040 0.058140
vt 0.712040 0.046520
vt 0.712040 0.060430
vt 0.706890 0.060430
vt 0.712040 0.062680
vt 0.706890 0.062680
vt 0.712040 0.064970
vt 0.706890 0.064970
vt 0.712040 0.067220
vt 0.706890 0.067220
vt 0.706890 0.090320
vt 0.712040 0.090320
vt 0.722360 0.080360
vt 0.722360 0.095670
vt 0.723310 0.093600
vt 0.723310 0.082440
vt 0.723940 0.084620
vt 0.723940 0.091410
vt 0.724260 0.086870
vt 0.724260 0.089160
vt 0.696570 0.095670
vt 0.696570 0.080360
vt 0.695720 0.082440
vt 0.695720 0.093600
vt 0.695090 0.091410
vt 0.695090 0.084620
vt 0.694780 0.089160
vt 0.694780 0.086870
vt 0.680880 0.143350
vt 0.675820 0.143350
vt 0.680880 0.136270
vt 0.675820 0.136270
vt 0.680880 0.155640
vt 0.675820 0.155640
vt 0.680880 0.162720
vt 0.675820 0.162720
vt 0.675820 0.129800
vt 0.680880 0.129800
vt 0.687410 0.126910
vt 0.687410 0.139160
vt 0.669300 0.126910
vt 0.669300 0.139160
v 2.946109 0.869354 3.526905
v 2.945000 0.869354 3.530757
v 2.959795 0.869354 3.532516
v 2.948182 0.869354 3.523426
v 2.951031 0.869354 3.520707
v 2.954656 0.869354 3.518747
v 2.958485 0.869354 3.517937
v 2.962517 0.869354 3.518085
v 2.966369 0.869354 3.519387
v 2.969656 0.869354 3.521656
v 2.972186 0.869354 3.524892
v 2.973761 0.869354 3.528524
v 2.974378 0.869354 3.532357
v 2.973846 0.869354 3.536396
v 2.972351 0.869354 3.540060
v 2.969892 0.869354 3.543351
v 2.966655 0.869354 3.545691
v 2.962833 0.869354 3.547077
v 2.958805 0.869354 3.547312
v 2.954959 0.869354 3.546586
v 2.951293 0.869354 3.544706
v 2.948385 0.869354 3.542050
v 2.946237 0.869354 3.538617
v 2.945044 0.869354 3.534789
v 2.834871 0.029358 3.479921
v 2.825280 0.029358 3.515549
v 2.938977 0.874039 3.523911
v 2.937312 0.874039 3.529689
v 2.853523 0.029358 3.448227
v 2.941988 0.874039 3.518501
v 2.880304 0.029358 3.422780
v 2.946547 0.874039 3.514227
v 2.912929 0.029358 3.405335
v 2.951890 0.874039 3.511480
v 2.948920 0.029358 3.397454
v 2.957824 0.874039 3.510072
v 2.985788 0.029358 3.399548
v 2.963968 0.874039 3.510389
v 3.020845 0.029358 3.411647
v 2.969939 0.874039 3.512436
v 3.051200 0.029358 3.432438
v 2.974966 0.874039 3.515837
v 3.074732 0.029358 3.460985
v 2.978855 0.874039 3.520595
v 3.089875 0.029358 3.494615
v 2.981412 0.874039 3.526328
v 3.095261 0.029358 3.531039
v 2.982245 0.874039 3.532271
v 3.095261 0.029358 3.531039
v 2.982245 0.874039 3.532271
v 3.090672 0.029358 3.567765
v 2.981544 0.874039 3.538424
v 3.076266 0.029358 3.601717
v 2.979113 0.874039 3.544211
v 3.053360 0.029358 3.630578
v 2.975326 0.874039 3.548861
v 3.023468 0.029358 3.652217
v 2.970376 0.874039 3.552563
v 2.988683 0.029358 3.665078
v 2.964452 0.874039 3.554739
v 2.951869 0.029358 3.667975
v 2.958315 0.874039 3.555191
v 2.915714 0.029358 3.660881
v 2.952353 0.874039 3.553911
v 2.882717 0.029358 3.644151
v 2.946951 0.874039 3.551282
v 2.855388 0.029358 3.619295
v 2.942300 0.874039 3.547108
v 2.836049 0.029358 3.588014
v 2.939171 0.874039 3.541766
v 2.825684 0.029358 3.552604
v 2.937381 0.874039 3.536025
v 2.938977 0.874039 3.523911
v 2.937312 0.874039 3.529689
v 2.946109 0.879394 3.526905
v 2.945000 0.879394 3.530757
v 2.941988 0.874039 3.518501
v 2.948182 0.879394 3.523426
v 2.946547 0.874039 3.514227
v 2.951031 0.879394 3.520707
v 2.951890 0.874039 3.511480
v 2.954656 0.879394 3.518747
v 2.957824 0.874039 3.510072
v 2.958485 0.879394 3.517937
v 2.963968 0.874039 3.510389
v 2.962517 0.879394 3.518085
v 2.969939 0.874039 3.512436
v 2.966369 0.879394 3.519387
v 2.974966 0.874039 3.515837
v 2.969656 0.879394 3.521656
v 2.978855 0.874039 3.520595
v 2.972186 0.879394 3.524892
v 2.981412 0.874039 3.526328
v 2.973761 0.879394 3.528524
v 2.982245 0.874039 3.532271
v 2.974378 0.879394 3.532357
v 2.981544 0.874039 3.538424
v 2.973846 0.879394 3.536396
v 2.979113 0.874039 3.544211
v 2.972351 0.879394 3.540060
v 2.975326 0.874039 3.548861
v 2.969892 0.879394 3.543351
v 2.970376 0.874039 3.552563
v 2.966655 0.879394 3.545691
v 2.964452 0.874039 3.554739
v 2.962833 0.879394 3.547077
v 2.958315 0.874039 3.555191
v 2.958805 0.879394 3.547312
v 2.952353 0.874039 3.553911
v 2.954959 0.879394 3.546586
v 2.946951 0.874039 3.551282
v 2.951293 0.879394 3.544706
v 2.942300 0.874039 3.547108
v 2.948385 0.879394 3.542050
v 2.939171 0.874039 3.541766
v 2.946237 0.879394 3.538617
v 2.937381 0.874039 3.536025
v 2.945044 0.879394 3.534789
v 3.102330 0.039733 3.721828
v 3.115932 0.039733 3.719760
v 2.821230 0.039733 3.724893
v 2.807585 0.039733 3.723121
v 3.128346 0.039733 3.714248
v 2.795055 0.039733 3.717882
v 3.138805 0.039733 3.705493
v 2.784407 0.039733 3.709357
v 3.146551 0.039733 3.694272
v 2.776419 0.039733 3.698307
v 3.151015 0.039733 3.681358
v 2.771674 0.039733 3.685493
v 3.151864 0.039733 3.671172
v 2.770604 0.039733 3.675328
v 3.148798 0.039733 3.389899
v 2.767537 0.039733 3.394055
v 3.147727 0.039733 3.379733
v 2.768386 0.039733 3.383868
v 3.142982 0.039733 3.366920
v 2.772851 0.039733 3.370955
v 3.134994 0.039733 3.355870
v 2.780596 0.039733 3.359733
v 3.124346 0.039733 3.347345
v 2.791055 0.039733 3.350978
v 3.111814 0.039733 3.341913
v 2.803467 0.039733 3.345274
v 3.098171 0.039733 3.340334
v 2.817071 0.039733 3.343398
v 3.154508 0.018315 3.385612
v 3.157666 0.018315 3.675333
v 3.153436 0.018315 3.375255
v 3.148492 0.018315 3.361867
v 3.140307 0.018315 3.350435
v 3.129274 0.018315 3.341723
v 3.116358 0.018315 3.336295
v 3.102330 0.018315 3.334528
v 2.812787 0.018315 3.337684
v 2.798801 0.018315 3.339757
v 2.786006 0.018315 3.345465
v 2.775165 0.018315 3.354416
v 2.767232 0.018315 3.366024
v 2.762581 0.018315 3.379516
v 2.761735 0.018315 3.389894
v 2.764893 0.018315 3.679615
v 2.765966 0.018315 3.689972
v 2.770909 0.018315 3.703359
v 2.779091 0.018315 3.714599
v 2.790127 0.018315 3.723504
v 2.803043 0.018315 3.728931
v 2.817071 0.018315 3.730699
v 3.106614 0.018315 3.727542
v 3.120600 0.018315 3.725470
v 3.133395 0.018315 3.719762
v 3.144234 0.018315 3.710619
v 3.152169 0.018315 3.699203
v 3.156820 0.018315 3.685711
v 3.106614 0.018315 3.727542
v 2.817071 0.018315 3.730699
v 3.120600 0.018315 3.725470
v 2.803043 0.018315 3.728931
v 3.133395 0.018315 3.719762
v 2.790127 0.018315 3.723504
v 3.144234 0.018315 3.710619
v 2.779091 0.018315 3.714599
v 3.152169 0.018315 3.699203
v 2.770909 0.018315 3.703359
v 3.156820 0.018315 3.685711
v 2.765966 0.018315 3.689972
v 3.157666 0.018315 3.675333
v 2.764893 0.018315 3.679615
v 2.761735 0.018315 3.389894
v 3.154508 0.018315 3.385612
v 3.153436 0.018315 3.375255
v 2.762581 0.018315 3.379516
v 3.148492 0.018315 3.361867
v 2.767232 0.018315 3.366024
v 3.140307 0.018315 3.350435
v 2.775165 0.018315 3.354416
v 3.129274 0.018315 3.341723
v 2.786006 0.018315 3.345465
v 3.116358 0.018315 3.336295
v 2.798801 0.018315 3.339757
v 2.770233 0.002586 3.377320
v 2.768580 0.002586 3.384058
v 2.770233 0.017980 3.377320
v 2.768580 0.017980 3.384058
v 2.772853 0.002586 3.371147
v 2.772853 0.017980 3.371147
v 2.802811 0.002586 3.390790
v 2.802811 0.017980 3.390790
v 2.797162 0.017980 3.347839
v 2.811520 0.017980 3.379942
v 2.797162 0.002586 3.347839
v 2.811520 0.002586 3.379942
v 2.791249 0.002586 3.351168
v 2.791249 0.017980 3.351168
v 2.785727 0.002586 3.355069
v 2.785727 0.017980 3.355069
v 2.780598 0.002586 3.359925
v 2.780598 0.017980 3.359925
v 2.776433 0.002586 3.365155
v 2.776433 0.017980 3.365155
v 2.811520 0.017980 3.379942
v 2.811520 0.002586 3.379942
v 2.768580 0.002586 3.384058
v 2.797162 0.002586 3.347839
v 2.791249 0.002586 3.351168
v 2.770233 0.002586 3.377320
v 2.772853 0.002586 3.371147
v 2.785727 0.002586 3.355069
v 2.780598 0.002586 3.359925
v 2.776433 0.002586 3.365155
v 2.797162 0.017980 3.347839
v 2.768580 0.017980 3.384058
v 2.770233 0.017980 3.377320
v 2.791249 0.017980 3.351168
v 2.785727 0.017980 3.355069
v 2.772853 0.017980 3.371147
v 2.776433 0.017980 3.365155
v 2.780598 0.017980 3.359925
v 2.768868 0.002586 3.516164
v 2.768868 0.017980 3.516164
v 2.788536 0.002586 3.524782
v 2.788536 0.017980 3.524782
v 2.769272 0.002586 3.553219
v 2.769272 0.017980 3.553219
v 2.788748 0.002586 3.544174
v 2.788747 0.017980 3.544174
v 2.788747 0.017980 3.544174
v 2.788748 0.002586 3.544174
v 2.769272 0.002586 3.553219
v 2.768868 0.002586 3.516164
v 2.769272 0.017980 3.553219
v 2.768868 0.017980 3.516164
v 2.804503 0.002586 3.722003
v 2.811048 0.002586 3.723852
v 2.804503 0.017980 3.722003
v 2.811048 0.017980 3.723852
v 2.798142 0.002586 3.719384
v 2.798142 0.017980 3.719384
v 2.817773 0.002586 3.689407
v 2.817773 0.017980 3.689407
v 2.775040 0.017980 3.695057
v 2.806931 0.017980 3.680693
v 2.775040 0.002586 3.695057
v 2.806931 0.002586 3.680693
v 2.778177 0.002586 3.701168
v 2.778177 0.017980 3.701168
v 2.782267 0.002586 3.706692
v 2.782267 0.017980 3.706692
v 2.786927 0.002586 3.711634
v 2.786927 0.017980 3.711634
v 2.792346 0.002586 3.715799
v 2.792346 0.017980 3.715799
v 2.806931 0.017980 3.680693
v 2.806931 0.002586 3.680693
v 2.811048 0.002586 3.723852
v 2.775040 0.002586 3.695057
v 2.778177 0.002586 3.701168
v 2.804503 0.002586 3.722003
v 2.798142 0.002586 3.719384
v 2.782267 0.002586 3.706692
v 2.786927 0.002586 3.711634
v 2.792346 0.002586 3.715799
v 2.775040 0.017980 3.695057
v 2.811048 0.017980 3.723852
v 2.804503 0.017980 3.722003
v 2.778177 0.017980 3.701168
v 2.782267 0.017980 3.706692
v 2.798142 0.017980 3.719384
v 2.792346 0.017980 3.715799
v 2.786927 0.017980 3.711634
v 2.943262 0.002586 3.723371
v 2.943262 0.017980 3.723371
v 2.951877 0.002586 3.703883
v 2.951877 0.017980 3.703883
v 2.980294 0.002586 3.722967
v 2.980294 0.017980 3.722967
v 2.971256 0.002586 3.703672
v 2.971256 0.017980 3.703672
v 2.971256 0.017980 3.703672
v 2.971256 0.002586 3.703672
v 2.980294 0.002586 3.722967
v 2.943262 0.002586 3.723371
v 2.980294 0.017980 3.722967
v 2.943262 0.017980 3.723371
v 3.149168 0.002586 3.687907
v 3.150822 0.002586 3.681168
v 3.149168 0.017980 3.687907
v 3.150822 0.017980 3.681168
v 3.146549 0.002586 3.694080
v 3.146549 0.017980 3.694080
v 3.116590 0.002586 3.674437
v 3.116590 0.017980 3.674437
v 3.122240 0.017980 3.717387
v 3.107881 0.017980 3.685285
v 3.122240 0.002586 3.717387
v 3.107881 0.002586 3.685285
v 3.128152 0.002586 3.714058
v 3.128152 0.017980 3.714058
v 3.133675 0.002586 3.710158
v 3.133675 0.017980 3.710158
v 3.138803 0.002586 3.705301
v 3.138803 0.017980 3.705301
v 3.142968 0.002586 3.700072
v 3.142968 0.017980 3.700072
v 3.107881 0.017980 3.685285
v 3.107881 0.002586 3.685285
v 3.150822 0.002586 3.681168
v 3.122240 0.002586 3.717387
v 3.128152 0.002586 3.714058
v 3.149168 0.002586 3.687907
v 3.146549 0.002586 3.694080
v 3.133675 0.002586 3.710158
v 3.142968 0.002586 3.700072
v 3.138803 0.002586 3.705301
v 3.122240 0.017980 3.717387
v 3.150822 0.017980 3.681168
v 3.149168 0.017980 3.687907
v 3.128152 0.017980 3.714058
v 3.133675 0.017980 3.710158
v 3.146549 0.017980 3.694080
v 3.142968 0.017980 3.700072
v 3.138803 0.017980 3.705301
v 3.150533 0.002586 3.549063
v 3.150533 0.017980 3.549063
v 3.130865 0.002586 3.540444
v 3.130865 0.017980 3.540444
v 3.150129 0.002586 3.512008
v 3.150129 0.017980 3.512008
v 3.130654 0.002586 3.521053
v 3.130654 0.017980 3.521053
v 3.130654 0.017980 3.521053
v 3.130654 0.002586 3.521053
v 3.150129 0.002586 3.512008
v 3.150533 0.002586 3.549063
v 3.150129 0.017980 3.512008
v 3.150533 0.017980 3.549063
v 3.114898 0.002586 3.343224
v 3.108353 0.002586 3.341375
v 3.114898 0.017980 3.343224
v 3.108353 0.017980 3.341375
v 3.121259 0.002586 3.345842
v 3.121259 0.017980 3.345842
v 3.101629 0.002586 3.375819
v 3.101629 0.017980 3.375819
v 3.144361 0.017980 3.370169
v 3.112470 0.017980 3.384534
v 3.144361 0.002586 3.370169
v 3.112470 0.002586 3.384534
v 3.141224 0.002586 3.364058
v 3.141224 0.017980 3.364058
v 3.137134 0.002586 3.358535
v 3.137134 0.017980 3.358535
v 3.132474 0.002586 3.353593
v 3.132474 0.017980 3.353593
v 3.127056 0.002586 3.349428
v 3.127056 0.017980 3.349428
v 3.112470 0.017980 3.384534
v 3.112470 0.002586 3.384534
v 3.108353 0.002586 3.341375
v 3.144361 0.002586 3.370169
v 3.141224 0.002586 3.364058
v 3.114898 0.002586 3.343224
v 3.121259 0.002586 3.345842
v 3.137134 0.002586 3.358535
v 3.132474 0.002586 3.353593
v 3.127056 0.002586 3.349428
v 3.144361 0.017980 3.370169
v 3.108353 0.017980 3.341375
v 3.114898 0.017980 3.343224
v 3.141224 0.017980 3.364058
v 3.137134 0.017980 3.358535
v 3.121259 0.017980 3.345842
v 3.127056 0.017980 3.349428
v 3.132474 0.017980 3.353593
v 2.976139 0.002586 3.341856
v 2.976139 0.017980 3.341856
v 2.967524 0.002586 3.361344
v 2.967524 0.017980 3.361344
v 2.939107 0.002586 3.342260
v 2.939107 0.017980 3.342260
v 2.948145 0.002586 3.361555
v 2.948145 0.017980 3.361555
v 2.948145 0.017980 3.361555
v 2.948145 0.002586 3.361555
v 2.939107 0.002586 3.342260
v 2.976139 0.002586 3.341856
v 2.939107 0.017980 3.342260
v 2.976139 0.017980 3.341856
vn -0.0022 1.0000 -0.0000
vn -0.0020 1.0000 -0.0000
vn 0.0022 1.0000 -0.0000
vn -0.9140 0.1338 -0.3831
vn -0.9830 0.1358 -0.1238
vn -0.9139 0.1337 -0.3832
vn -0.7750 0.1351 -0.6173
vn -0.7750 0.1351 -0.6174
vn -0.5813 0.1352 -0.8024
vn -0.5812 0.1353 -0.8024
vn -0.3424 0.1354 -0.9298
vn -0.3423 0.1354 -0.9298
vn -0.0784 0.1354 -0.9877
vn -0.0784 0.1355 -0.9877
vn 0.1912 0.1355 -0.9722
vn 0.4469 0.1353 -0.8843
vn 0.4470 0.1353 -0.8843
vn 0.6700 0.1348 -0.7300
vn 0.6700 0.1349 -0.7300
vn 0.8420 0.1340 -0.5226
vn 0.8420 0.1340 -0.5225
vn 0.9519 0.1308 -0.2770
vn 0.9913 0.1307 -0.0147
vn 0.9913 0.1307 -0.0145
vn 0.9913 0.1306 -0.0145
vn 0.9577 0.1309 0.2562
vn 0.9577 0.1308 0.2561
vn 0.8532 0.1304 0.5050
vn 0.8532 0.1303 0.5051
vn 0.6858 0.1311 0.7159
vn 0.6858 0.1312 0.7158
vn 0.4662 0.1315 0.8749
vn 0.4661 0.1315 0.8749
vn 0.2124 0.1318 0.9683
vn 0.2124 0.1317 0.9683
vn -0.0569 0.1355 0.9891
vn -0.3220 0.1317 0.9375
vn -0.5636 0.1353 0.8149
vn -0.5637 0.1353 0.8148
vn -0.7614 0.1350 0.6341
vn -0.7613 0.1351 0.6341
vn -0.9054 0.1302 0.4042
vn -0.9054 0.1301 0.4042
vn -0.9800 0.1331 0.1478
vn -0.5200 0.8258 -0.2182
vn -0.5589 0.8260 -0.0731
vn -0.4408 0.8273 -0.3481
vn -0.4408 0.8273 -0.3482
vn -0.3289 0.8262 -0.4574
vn -0.3290 0.8262 -0.4574
vn -0.1947 0.8262 -0.5287
vn -0.0433 0.8267 -0.5610
vn -0.0432 0.8267 -0.5610
vn 0.1095 0.8250 -0.5544
vn 0.2558 0.8244 -0.5049
vn 0.3807 0.8243 -0.4191
vn 0.4803 0.8257 -0.2958
vn 0.5417 0.8249 -0.1616
vn 0.5653 0.8249 -0.0043
vn 0.5451 0.8256 0.1460
vn 0.4867 0.8245 0.2887
vn 0.4867 0.8245 0.2888
vn 0.3897 0.8243 0.4107
vn 0.3898 0.8242 0.4107
vn 0.2667 0.8244 0.4992
vn 0.1215 0.8271 0.5488
vn -0.0310 0.8267 0.5618
vn -0.1831 0.8242 0.5359
vn -0.3189 0.8280 0.4612
vn -0.3190 0.8280 0.4612
vn -0.4331 0.8273 0.3577
vn -0.4332 0.8273 0.3577
vn -0.5151 0.8258 0.2295
vn -0.5572 0.8260 0.0853
vn 0.9211 0.0038 0.3893
vn 0.9211 0.0038 0.3892
vn 0.9922 -0.0000 0.1243
vn 0.9923 -0.0000 0.1242
vn 0.7834 0.0038 0.6215
vn 0.7833 0.0038 0.6216
vn 0.5850 0.0038 0.8110
vn 0.5849 0.0038 0.8111
vn 0.3465 -0.0000 0.9380
vn 0.0785 -0.0000 0.9969
vn -0.1910 -0.0038 0.9816
vn -0.1911 -0.0038 0.9816
vn -0.4507 -0.0000 0.8927
vn -0.6731 -0.0038 0.7395
vn -0.6732 -0.0038 0.7395
vn -0.8488 -0.0000 0.5287
vn -0.9593 -0.0000 0.2823
vn -0.9593 -0.0000 0.2822
vn -0.9999 -0.0000 0.0109
vn -0.9999 -0.0000 0.0108
vn -0.9653 -0.0000 -0.2613
vn -0.8601 -0.0000 -0.5101
vn -0.6891 -0.0000 -0.7246
vn -0.6891 -0.0000 -0.7247
vn -0.4701 -0.0000 -0.8826
vn -0.2124 -0.0000 -0.9772
vn 0.0568 -0.0000 -0.9984
vn 0.3260 -0.0000 -0.9454
vn 0.5671 -0.0000 -0.8236
vn 0.5672 -0.0000 -0.8236
vn 0.7696 -0.0000 -0.6385
vn 0.9124 -0.0000 -0.4093
vn 0.9893 -0.0000 -0.1459
vn 0.9893 -0.0000 -0.1458
vn 0.9646 0.2634 -0.0105
vn 0.9343 0.2925 -0.2036
vn 0.9327 0.2939 -0.2089
vn 0.8358 0.3232 -0.4438
vn 0.8334 0.3236 -0.4481
vn 0.6805 0.3338 -0.6523
vn 0.6805 0.3339 -0.6523
vn 0.4823 0.3242 -0.8138
vn 0.2428 0.3044 -0.9211
vn 0.2512 0.3040 -0.9190
vn 0.0573 0.2758 -0.9595
vn 0.0572 0.2758 -0.9595
vn -0.0084 0.2613 -0.9652
vn -0.0083 0.2612 -0.9652
vn -0.2628 0.3044 -0.9156
vn -0.2713 0.3044 -0.9131
vn -0.4999 0.3242 -0.8031
vn -0.5000 0.3242 -0.8031
vn -0.6945 0.3344 -0.6371
vn -0.6946 0.3343 -0.6370
vn -0.8453 0.3245 -0.4245
vn -0.8430 0.3248 -0.4289
vn -0.9385 0.2938 -0.1813
vn -0.9371 0.2946 -0.1875
vn -0.9646 0.2634 0.0124
vn -0.9344 0.2958 0.1985
vn -0.9327 0.2925 0.2110
vn -0.8358 0.3245 0.4428
vn -0.8334 0.3217 0.4494
vn -0.6805 0.3344 0.6520
vn -0.4823 0.3277 0.8124
vn -0.2428 0.3008 0.9223
vn -0.2513 0.3008 0.9200
vn -0.0573 0.2758 0.9595
vn 0.0127 0.2613 0.9652
vn 0.0127 0.2612 0.9652
vn 0.2628 0.3008 0.9168
vn 0.2713 0.3040 0.9132
vn 0.4999 0.3277 0.8017
vn 0.6945 0.3372 0.6356
vn 0.8453 0.3232 0.4255
vn 0.8429 0.3266 0.4275
vn 0.9385 0.2945 0.1801
vn 0.9371 0.2939 0.1884
vn 0.0022 -1.0000 -0.0000
vn -0.9461 -0.0000 -0.3239
vn -0.9461 -0.0000 -0.3240
vn -0.8937 -0.0000 -0.4487
vn -0.5306 -0.0000 -0.8477
vn -0.5306 -0.0000 -0.8476
vn -0.4700 -0.0000 -0.8826
vn -0.6402 -0.0000 -0.7682
vn -0.6401 -0.0000 -0.7683
vn -0.7380 -0.0000 -0.6748
vn -0.8222 -0.0000 -0.5692
vn -0.8224 -0.0000 -0.5689
vn -0.0022 -1.0000 -0.0000
vn 0.3993 -0.0000 -0.9168
vn 0.3992 -0.0000 -0.9169
vn 0.4192 -0.0000 0.9079
vn 0.9999 -0.0000 -0.0109
vn -0.3261 -0.0000 0.9453
vn -0.2592 -0.0038 0.9658
vn -0.3260 -0.0000 0.9454
vn 0.9812 0.0037 0.1932
vn -0.4072 -0.0000 -0.9133
vn -0.4073 -0.0000 -0.9133
vn -0.8837 -0.0038 0.4681
vn -0.7696 -0.0000 0.6386
vn -0.5672 -0.0000 0.8236
vn 0.6233 -0.0000 -0.7820
vn -0.9177 -0.0000 -0.3973
vn 0.0131 -0.0000 0.9999
vn 0.9088 -0.0000 -0.4173
vn 0.9088 -0.0000 -0.4172
vn -0.0087 -0.0000 -1.0000
vn 0.9461 0.0038 0.3239
vn 0.9653 0.0038 0.2613
vn 0.8936 0.0038 0.4488
vn 0.8937 0.0038 0.4487
vn 0.1912 -0.0000 -0.9816
vn -0.9124 -0.0000 0.4093
vn -0.9124 -0.0000 0.4094
vn 0.5306 0.0038 0.8476
vn 0.4701 0.0038 0.8826
vn 0.6402 -0.0000 0.7682
vn 0.6401 -0.0000 0.7683
vn 0.7380 0.0038 0.6748
vn 0.8224 -0.0000 0.5690
vn 0.8225 -0.0000 0.5688
vn -0.7834 -0.0000 -0.6215
vn -0.3993 -0.0038 0.9168
vn -0.4192 -0.0000 -0.9079
vn 0.3261 -0.0000 -0.9453
vn 0.2592 -0.0000 -0.9658
vn 0.4507 -0.0000 -0.8927
vn -0.9811 -0.0000 -0.1933
vn 0.4072 -0.0000 0.9133
vn 0.4073 -0.0000 0.9133
vn 0.8489 -0.0000 -0.5286
vn 0.8488 -0.0000 -0.5287
vn 0.8837 -0.0000 -0.4681
vn 0.7696 -0.0000 -0.6386
vn 0.6732 -0.0000 -0.7395
vn 0.6731 -0.0000 -0.7395
vn -0.6233 -0.0038 0.7820
vn 0.9177 -0.0000 0.3973
vn 0.9177 -0.0000 0.3974
vn -0.9088 -0.0000 0.4173
vt 0.019330 0.279650
vt 0.019010 0.278560
vt 0.023040 0.277830
vt 0.019940 0.280620
vt 0.020790 0.281350
vt 0.021790 0.281830
vt 0.022900 0.281950
vt 0.024000 0.281830
vt 0.025070 0.281470
vt 0.025970 0.280740
vt 0.026640 0.279890
vt 0.027040 0.278800
vt 0.027140 0.277710
vt 0.026970 0.276620
vt 0.026500 0.275650
vt 0.025750 0.274800
vt 0.024830 0.274190
vt 0.023760 0.273830
vt 0.022610 0.273830
vt 0.021540 0.274070
vt 0.020580 0.274560
vt 0.019760 0.275410
vt 0.019220 0.276380
vt 0.018940 0.277470
vt 0.116970 0.003830
vt 0.127500 0.003830
vt 0.129500 0.274920
vt 0.131670 0.274920
vt 0.106450 0.003830
vt 0.127350 0.274920
vt 0.095850 0.003830
vt 0.125210 0.274920
vt 0.085190 0.003830
vt 0.123070 0.274920
vt 0.074450 0.003830
vt 0.120930 0.274920
vt 0.063640 0.003830
vt 0.118830 0.274920
vt 0.052690 0.003830
vt 0.116720 0.274920
vt 0.041560 0.003830
vt 0.114650 0.274920
vt 0.030320 0.003830
vt 0.112620 0.274920
vt 0.018870 0.003830
vt 0.110620 0.274920
vt 0.007240 0.003830
vt 0.108660 0.274920
vt 0.258280 0.003830
vt 0.156860 0.274920
vt 0.246620 0.003830
vt 0.154900 0.274920
vt 0.235200 0.003830
vt 0.152860 0.274920
vt 0.223930 0.003830
vt 0.150830 0.274920
vt 0.212830 0.003830
vt 0.148760 0.274920
vt 0.201880 0.003830
vt 0.146690 0.274920
vt 0.191030 0.003830
vt 0.144590 0.274920
vt 0.180300 0.003830
vt 0.142450 0.274920
vt 0.169660 0.003830
vt 0.140300 0.274920
vt 0.159070 0.003830
vt 0.138160 0.274920
vt 0.148510 0.003830
vt 0.135990 0.274920
vt 0.138020 0.003830
vt 0.133850 0.274920
vt 0.014270 0.282200
vt 0.013410 0.279650
vt 0.017080 0.280860
vt 0.016510 0.279040
vt 0.015760 0.284380
vt 0.018080 0.282320
vt 0.017800 0.286200
vt 0.019470 0.283530
vt 0.020220 0.287290
vt 0.021120 0.284260
vt 0.022860 0.287650
vt 0.022930 0.284500
vt 0.025500 0.287410
vt 0.024720 0.284380
vt 0.027960 0.286320
vt 0.026390 0.283650
vt 0.030070 0.284740
vt 0.027820 0.282560
vt 0.031640 0.282560
vt 0.028890 0.281110
vt 0.032600 0.280010
vt 0.029530 0.279410
vt 0.032850 0.277470
vt 0.029710 0.277590
vt 0.032350 0.274800
vt 0.029360 0.275770
vt 0.031180 0.272380
vt 0.028570 0.274190
vt 0.029390 0.270440
vt 0.027360 0.272740
vt 0.027140 0.268980
vt 0.025820 0.271770
vt 0.024610 0.268130
vt 0.024080 0.271280
vt 0.021940 0.268130
vt 0.022260 0.271280
vt 0.019330 0.268860
vt 0.020510 0.271650
vt 0.017010 0.270190
vt 0.018940 0.272620
vt 0.015160 0.272010
vt 0.017690 0.273950
vt 0.013870 0.274440
vt 0.016830 0.275530
vt 0.013300 0.276980
vt 0.016410 0.277350
vt 0.028290 0.989770
vt 0.024180 0.989160
vt 0.119790 0.989770
vt 0.123930 0.989160
vt 0.020400 0.987460
vt 0.127750 0.987460
vt 0.017160 0.984790
vt 0.130990 0.984790
vt 0.014690 0.981520
vt 0.133460 0.981520
vt 0.013160 0.977640
vt 0.134990 0.977640
vt 0.012700 0.974610
vt 0.135420 0.974610
vt 0.012620 0.884040
vt 0.135560 0.884040
vt 0.012980 0.881010
vt 0.135200 0.881010
vt 0.014370 0.877130
vt 0.133810 0.877130
vt 0.016690 0.873740
vt 0.131490 0.873740
vt 0.019830 0.871070
vt 0.128390 0.871070
vt 0.023540 0.869370
vt 0.124680 0.869370
vt 0.027610 0.868640
vt 0.120610 0.868640
vt 0.005560 0.882100
vt 0.005670 0.976550
vt 0.006200 0.877980
vt 0.008170 0.873130
vt 0.011270 0.868640
vt 0.015340 0.865130
vt 0.020150 0.862700
vt 0.025360 0.861490
vt 0.122860 0.861490
vt 0.128030 0.862700
vt 0.132850 0.865130
vt 0.136920 0.868640
vt 0.140020 0.873010
vt 0.141980 0.877980
vt 0.142620 0.882100
vt 0.142480 0.976670
vt 0.141730 0.980670
vt 0.139630 0.985760
vt 0.136340 0.990130
vt 0.132100 0.993520
vt 0.127140 0.995830
vt 0.121830 0.996920
vt 0.026250 0.996920
vt 0.020970 0.995830
vt 0.016050 0.993520
vt 0.011800 0.990130
vt 0.008520 0.985760
vt 0.006420 0.980670
vt 0.025360 0.724850
vt 0.124860 0.726310
vt 0.020540 0.725580
vt 0.129640 0.727030
vt 0.016080 0.727640
vt 0.134060 0.729090
vt 0.012300 0.730790
vt 0.137770 0.732130
vt 0.009490 0.734910
vt 0.140480 0.736130
vt 0.007840 0.739520
vt 0.142050 0.740730
vt 0.007520 0.743280
vt 0.142340 0.744370
vt 0.141520 0.843790
vt 0.006850 0.842820
vt 0.007310 0.846580
vt 0.141020 0.847430
vt 0.009060 0.851310
vt 0.139230 0.852030
vt 0.011980 0.855430
vt 0.136270 0.855910
vt 0.015870 0.858580
vt 0.132380 0.858940
vt 0.020440 0.860640
vt 0.127780 0.860880
vt 0.272480 0.524070
vt 0.270230 0.524070
vt 0.272480 0.518980
vt 0.270230 0.518980
vt 0.274760 0.524070
vt 0.274760 0.518980
vt 0.258570 0.524070
vt 0.258570 0.518980
vt 0.286140 0.518980
vt 0.297770 0.518980
vt 0.286140 0.524070
vt 0.297770 0.524070
vt 0.283860 0.524070
vt 0.283860 0.518980
vt 0.281580 0.524070
vt 0.281580 0.518980
vt 0.279330 0.524070
vt 0.279330 0.518980
vt 0.277050 0.524070
vt 0.277050 0.518980
vt 0.253960 0.518980
vt 0.253960 0.524070
vt 0.263920 0.534500
vt 0.248610 0.534500
vt 0.250680 0.535350
vt 0.261850 0.535350
vt 0.259640 0.535960
vt 0.252860 0.535960
vt 0.255140 0.536320
vt 0.257390 0.536320
vt 0.248610 0.508680
vt 0.263920 0.508680
vt 0.261850 0.507710
vt 0.250680 0.507710
vt 0.252860 0.507100
vt 0.259640 0.507100
vt 0.257390 0.506860
vt 0.255140 0.506860
vt 0.160070 0.508430
vt 0.154930 0.508430
vt 0.160070 0.501280
vt 0.154930 0.501280
vt 0.160070 0.520680
vt 0.154930 0.520680
vt 0.160070 0.527710
vt 0.154930 0.527710
vt 0.154930 0.494860
vt 0.160070 0.494860
vt 0.166560 0.491950
vt 0.166560 0.504190
vt 0.148470 0.491950
vt 0.148470 0.504190
vt 0.103350 0.517890
vt 0.101100 0.517890
vt 0.103350 0.512800
vt 0.101100 0.512800
vt 0.105630 0.517890
vt 0.105630 0.512800
vt 0.089430 0.517890
vt 0.089430 0.512800
vt 0.117010 0.512800
vt 0.128640 0.512800
vt 0.117010 0.517890
vt 0.128640 0.517890
vt 0.114730 0.517890
vt 0.114730 0.512800
vt 0.112440 0.517890
vt 0.112440 0.512800
vt 0.110200 0.517890
vt 0.110200 0.512800
vt 0.107910 0.517890
vt 0.107910 0.512800
vt 0.084830 0.512800
vt 0.084830 0.517890
vt 0.094820 0.528200
vt 0.079480 0.528200
vt 0.081550 0.529170
vt 0.092710 0.529170
vt 0.090540 0.529770
vt 0.083760 0.529770
vt 0.086010 0.530020
vt 0.088260 0.530020
vt 0.079480 0.502370
vt 0.094780 0.502370
vt 0.092710 0.501520
vt 0.081550 0.501520
vt 0.083760 0.500920
vt 0.090540 0.500920
vt 0.088260 0.500550
vt 0.086010 0.500550
vt 0.141020 0.444300
vt 0.135920 0.444300
vt 0.141020 0.437140
vt 0.135920 0.437140
vt 0.141020 0.456540
vt 0.135920 0.456540
vt 0.141020 0.463570
vt 0.135920 0.463570
vt 0.135920 0.430720
vt 0.141020 0.430720
vt 0.147510 0.427810
vt 0.147510 0.440050
vt 0.129420 0.427810
vt 0.129420 0.440050
vt 0.220970 0.525040
vt 0.218680 0.525040
vt 0.220970 0.519950
vt 0.218680 0.519950
vt 0.223250 0.525040
vt 0.223250 0.519950
vt 0.207050 0.525040
vt 0.207050 0.519950
vt 0.234630 0.519950
vt 0.246260 0.519950
vt 0.234630 0.525040
vt 0.246260 0.525040
vt 0.232350 0.525040
vt 0.232350 0.519950
vt 0.230060 0.525040
vt 0.230060 0.519950
vt 0.227780 0.525040
vt 0.227780 0.519950
vt 0.225530 0.525040
vt 0.225530 0.519950
vt 0.202450 0.519950
vt 0.202450 0.525040
vt 0.212400 0.535350
vt 0.197060 0.535350
vt 0.199170 0.536320
vt 0.210330 0.536320
vt 0.208120 0.536930
vt 0.201340 0.536930
vt 0.205870 0.537170
vt 0.203630 0.537170
vt 0.197100 0.509530
vt 0.212400 0.509530
vt 0.210330 0.508680
vt 0.199170 0.508680
vt 0.201340 0.508070
vt 0.208120 0.508070
vt 0.205870 0.507710
vt 0.203630 0.507710
vt 0.162420 0.444300
vt 0.157320 0.444300
vt 0.162420 0.437140
vt 0.157320 0.437140
vt 0.162420 0.456540
vt 0.157320 0.456540
vt 0.162420 0.463570
vt 0.157320 0.463570
vt 0.157320 0.430720
vt 0.162420 0.430720
vt 0.168920 0.427810
vt 0.168920 0.440050
vt 0.150830 0.427810
vt 0.150830 0.440050
vt 0.103810 0.449390
vt 0.101530 0.449390
vt 0.103810 0.444300
vt 0.101530 0.444300
vt 0.106090 0.449390
vt 0.106090 0.444300
vt 0.089900 0.449390
vt 0.089900 0.444300
vt 0.117440 0.444300
vt 0.129100 0.444300
vt 0.117440 0.449390
vt 0.129100 0.449390
vt 0.115190 0.449390
vt 0.115190 0.444300
vt 0.112910 0.449390
vt 0.112910 0.444300
vt 0.110620 0.449390
vt 0.110620 0.444300
vt 0.108340 0.449390
vt 0.108340 0.444300
vt 0.085260 0.444300
vt 0.085260 0.449390
vt 0.095250 0.459700
vt 0.079910 0.459700
vt 0.082010 0.460660
vt 0.093140 0.460660
vt 0.090970 0.461270
vt 0.084190 0.461270
vt 0.086440 0.461630
vt 0.088720 0.461630
vt 0.079910 0.433990
vt 0.095250 0.433990
vt 0.093140 0.433020
vt 0.082010 0.433020
vt 0.084190 0.432420
vt 0.090970 0.432420
vt 0.088720 0.432170
vt 0.086440 0.432170
vt 0.138560 0.507950
vt 0.133460 0.507950
vt 0.138560 0.500920
vt 0.133460 0.500920
vt 0.138560 0.520320
vt 0.133460 0.520320
vt 0.138560 0.527350
vt 0.133460 0.527350
vt 0.133460 0.494490
vt 0.138560 0.494490
vt 0.145050 0.491580
vt 0.145050 0.503830
vt 0.126960 0.491580
vt 0.126960 0.503830
v 2.957010 0.677594 4.526844
v 2.955901 0.677594 4.530696
v 2.970696 0.677594 4.532455
v 2.959083 0.677594 4.523365
v 2.961932 0.677594 4.520646
v 2.965557 0.677594 4.518686
v 2.969386 0.677594 4.517877
v 2.973417 0.677594 4.518024
v 2.977269 0.677594 4.519327
v 2.980556 0.677594 4.521595
v 2.983087 0.677594 4.524832
v 2.984661 0.677594 4.528463
v 2.985279 0.677594 4.532297
v 2.984747 0.677594 4.536335
v 2.983252 0.677594 4.539999
v 2.980793 0.677594 4.543291
v 2.977556 0.677594 4.545630
v 2.973733 0.677594 4.547016
v 2.969706 0.677594 4.547252
v 2.965860 0.677594 4.546525
v 2.962193 0.677594 4.544645
v 2.959286 0.677594 4.541989
v 2.957138 0.677594 4.538556
v 2.955945 0.677594 4.534728
v 3.113231 0.039733 4.721768
v 3.126833 0.039733 4.719699
v 2.832131 0.039733 4.724833
v 2.818486 0.039733 4.723061
v 3.139247 0.039733 4.714188
v 2.805955 0.039733 4.717821
v 3.149706 0.039733 4.705433
v 2.795308 0.039733 4.709296
v 3.157451 0.039733 4.694211
v 2.787320 0.039733 4.698246
v 3.161916 0.039733 4.681297
v 2.782575 0.039733 4.685432
v 3.162765 0.039733 4.671111
v 2.781504 0.039733 4.675267
v 3.159698 0.039733 4.389838
v 2.778438 0.039733 4.393994
v 3.158628 0.039733 4.379673
v 2.779286 0.039733 4.383808
v 3.153883 0.039733 4.366859
v 2.783751 0.039733 4.370894
v 3.145895 0.039733 4.355809
v 2.791497 0.039733 4.359673
v 3.135247 0.039733 4.347284
v 2.801956 0.039733 4.350918
v 3.122714 0.039733 4.341852
v 2.814367 0.039733 4.345214
v 3.109072 0.039733 4.340273
v 2.827972 0.039733 4.343337
v 3.165409 0.018315 4.385551
v 3.168567 0.018315 4.675272
v 3.164336 0.018315 4.375194
v 3.159393 0.018315 4.361807
v 3.151208 0.018315 4.350375
v 3.140175 0.018315 4.341662
v 3.127259 0.018315 4.336234
v 3.113231 0.018315 4.334467
v 2.823688 0.018315 4.337624
v 2.809701 0.018315 4.339696
v 2.796906 0.018315 4.345404
v 2.786066 0.018315 4.354355
v 2.778132 0.018315 4.365963
v 2.773482 0.018315 4.379455
v 2.772635 0.018315 4.389833
v 2.775794 0.018315 4.679554
v 2.776866 0.018315 4.689911
v 2.781810 0.018315 4.703299
v 2.789992 0.018315 4.714539
v 2.801028 0.018315 4.723443
v 2.813944 0.018315 4.728870
v 2.827972 0.018315 4.730639
v 3.117515 0.018315 4.727482
v 3.131501 0.018315 4.725409
v 3.144296 0.018315 4.719701
v 3.155135 0.018315 4.710558
v 3.163070 0.018315 4.699142
v 3.167721 0.018315 4.685651
v 3.117515 0.018315 4.727482
v 2.827972 0.018315 4.730639
v 3.131501 0.018315 4.725409
v 2.813944 0.018315 4.728870
v 3.144296 0.018315 4.719701
v 2.801028 0.018315 4.723443
v 3.155135 0.018315 4.710558
v 2.789992 0.018315 4.714539
v 3.163070 0.018315 4.699142
v 2.781810 0.018315 4.703299
v 3.167721 0.018315 4.685651
v 2.776866 0.018315 4.689911
v 3.168567 0.018315 4.675272
v 2.775794 0.018315 4.679554
v 2.772635 0.018315 4.389833
v 3.165409 0.018315 4.385551
v 3.164336 0.018315 4.375194
v 2.773482 0.018315 4.379455
v 3.159393 0.018315 4.361807
v 2.778132 0.018315 4.365963
v 3.151208 0.018315 4.350375
v 2.786066 0.018315 4.354355
v 3.140175 0.018315 4.341662
v 2.796906 0.018315 4.345404
v 3.127259 0.018315 4.336234
v 2.809701 0.018315 4.339696
v 2.781134 0.002586 4.377259
v 2.779480 0.002586 4.383998
v 2.781134 0.017980 4.377259
v 2.779480 0.017980 4.383998
v 2.783753 0.002586 4.371086
v 2.783753 0.017980 4.371086
v 2.813712 0.002586 4.390729
v 2.813712 0.017980 4.390729
v 2.808062 0.017980 4.347778
v 2.822421 0.017980 4.379881
v 2.808062 0.002586 4.347778
v 2.822421 0.002586 4.379881
v 2.802150 0.002586 4.351108
v 2.802150 0.017980 4.351108
v 2.796627 0.002586 4.355008
v 2.796627 0.017980 4.355008
v 2.791499 0.002586 4.359864
v 2.791499 0.017980 4.359864
v 2.787334 0.002586 4.365094
v 2.787334 0.017980 4.365094
v 2.822421 0.017980 4.379881
v 2.822421 0.002586 4.379881
v 2.779480 0.002586 4.383998
v 2.808062 0.002586 4.347778
v 2.802150 0.002586 4.351108
v 2.781134 0.002586 4.377259
v 2.783753 0.002586 4.371086
v 2.796627 0.002586 4.355008
v 2.791499 0.002586 4.359864
v 2.787334 0.002586 4.365094
v 2.808062 0.017980 4.347778
v 2.779480 0.017980 4.383998
v 2.781134 0.017980 4.377259
v 2.802150 0.017980 4.351108
v 2.796627 0.017980 4.355008
v 2.783753 0.017980 4.371086
v 2.787334 0.017980 4.365094
v 2.791499 0.017980 4.359864
v 2.779769 0.002586 4.516103
v 2.779769 0.017980 4.516103
v 2.799437 0.002586 4.524722
v 2.799437 0.017980 4.524722
v 2.780173 0.002586 4.553158
v 2.780173 0.017980 4.553158
v 2.799648 0.002586 4.544113
v 2.799648 0.017980 4.544113
v 2.799648 0.017980 4.544113
v 2.799648 0.002586 4.544113
v 2.780173 0.002586 4.553158
v 2.779769 0.002586 4.516103
v 2.780173 0.017980 4.553158
v 2.779769 0.017980 4.516103
v 2.815404 0.002586 4.721942
v 2.821948 0.002586 4.723791
v 2.815404 0.017980 4.721942
v 2.821948 0.017980 4.723791
v 2.809042 0.002586 4.719324
v 2.809042 0.017980 4.719324
v 2.828673 0.002586 4.689346
v 2.828673 0.017980 4.689346
v 2.785941 0.017980 4.694997
v 2.817832 0.017980 4.680632
v 2.785941 0.002586 4.694997
v 2.817832 0.002586 4.680632
v 2.789078 0.002586 4.701107
v 2.789078 0.017980 4.701107
v 2.793168 0.002586 4.706631
v 2.793168 0.017980 4.706631
v 2.797827 0.002586 4.711573
v 2.797827 0.017980 4.711573
v 2.803246 0.002586 4.715738
v 2.803246 0.017980 4.715738
v 2.817832 0.017980 4.680632
v 2.817832 0.002586 4.680632
v 2.821948 0.002586 4.723791
v 2.785941 0.002586 4.694997
v 2.789078 0.002586 4.701107
v 2.815404 0.002586 4.721942
v 2.809042 0.002586 4.719324
v 2.793168 0.002586 4.706631
v 2.797827 0.002586 4.711573
v 2.803246 0.002586 4.715738
v 2.785941 0.017980 4.694997
v 2.821948 0.017980 4.723791
v 2.815404 0.017980 4.721942
v 2.789078 0.017980 4.701107
v 2.793168 0.017980 4.706631
v 2.809042 0.017980 4.719324
v 2.803246 0.017980 4.715738
v 2.797827 0.017980 4.711573
v 2.954162 0.002586 4.723310
v 2.954162 0.017980 4.723310
v 2.962777 0.002586 4.703822
v 2.962777 0.017980 4.703822
v 2.991195 0.002586 4.722906
v 2.991195 0.017980 4.722906
v 2.982157 0.002586 4.703611
v 2.982157 0.017980 4.703611
v 2.982157 0.017980 4.703611
v 2.982157 0.002586 4.703611
v 2.991195 0.002586 4.722906
v 2.954162 0.002586 4.723310
v 2.991195 0.017980 4.722906
v 2.954162 0.017980 4.723310
v 3.160069 0.002586 4.687846
v 3.161722 0.002586 4.681108
v 3.160069 0.017980 4.687846
v 3.161722 0.017980 4.681108
v 3.157449 0.002586 4.694019
v 3.157449 0.017980 4.694019
v 3.127491 0.002586 4.674376
v 3.127491 0.017980 4.674376
v 3.133140 0.017980 4.717326
v 3.118781 0.017980 4.685224
v 3.133140 0.002586 4.717326
v 3.118781 0.002586 4.685224
v 3.139053 0.002586 4.713998
v 3.139053 0.017980 4.713998
v 3.144575 0.002586 4.710097
v 3.144575 0.017980 4.710097
v 3.149704 0.002586 4.705241
v 3.149704 0.017980 4.705241
v 3.153868 0.002586 4.700011
v 3.153868 0.017980 4.700011
v 3.118781 0.017980 4.685224
v 3.118781 0.002586 4.685224
v 3.161722 0.002586 4.681108
v 3.133140 0.002586 4.717326
v 3.139053 0.002586 4.713998
v 3.160069 0.002586 4.687846
v 3.157449 0.002586 4.694019
v 3.144575 0.002586 4.710097
v 3.153868 0.002586 4.700011
v 3.149704 0.002586 4.705241
v 3.133140 0.017980 4.717326
v 3.161722 0.017980 4.681108
v 3.160069 0.017980 4.687846
v 3.139053 0.017980 4.713998
v 3.144575 0.017980 4.710097
v 3.157449 0.017980 4.694019
v 3.153868 0.017980 4.700011
v 3.149704 0.017980 4.705241
v 3.161433 0.002586 4.549002
v 3.161433 0.017980 4.549002
v 3.141766 0.002586 4.540383
v 3.141766 0.017980 4.540383
v 3.161030 0.002586 4.511947
v 3.161030 0.017980 4.511947
v 3.141554 0.002586 4.520992
v 3.141554 0.017980 4.520992
v 3.141554 0.017980 4.520992
v 3.141554 0.002586 4.520992
v 3.161030 0.002586 4.511947
v 3.161433 0.002586 4.549002
v 3.161030 0.017980 4.511947
v 3.161433 0.017980 4.549002
v 3.125799 0.002586 4.343163
v 3.119254 0.002586 4.341314
v 3.125799 0.017980 4.343163
v 3.119254 0.017980 4.341314
v 3.132160 0.002586 4.345782
v 3.132160 0.017980 4.345782
v 3.112529 0.002586 4.375759
v 3.112529 0.017980 4.375759
v 3.155261 0.017980 4.370109
v 3.123371 0.017980 4.384473
v 3.155261 0.002586 4.370109
v 3.123371 0.002586 4.384473
v 3.152124 0.002586 4.363997
v 3.152124 0.017980 4.363997
v 3.148034 0.002586 4.358474
v 3.148034 0.017980 4.358474
v 3.143375 0.002586 4.353532
v 3.143375 0.017980 4.353532
v 3.137956 0.002586 4.349367
v 3.137956 0.017980 4.349367
v 3.123371 0.017980 4.384473
v 3.123371 0.002586 4.384473
v 3.119254 0.002586 4.341314
v 3.155261 0.002586 4.370109
v 3.152124 0.002586 4.363997
v 3.125799 0.002586 4.343163
v 3.132160 0.002586 4.345782
v 3.148034 0.002586 4.358474
v 3.143375 0.002586 4.353532
v 3.137956 0.002586 4.349367
v 3.155261 0.017980 4.370109
v 3.119254 0.017980 4.341314
v 3.125799 0.017980 4.343163
v 3.152124 0.017980 4.363997
v 3.148034 0.017980 4.358474
v 3.132160 0.017980 4.345782
v 3.137956 0.017980 4.349367
v 3.143375 0.017980 4.353532
v 2.987040 0.002586 4.341795
v 2.987040 0.017980 4.341795
v 2.978425 0.002586 4.361283
v 2.978425 0.017980 4.361283
v 2.950008 0.002586 4.342199
v 2.950008 0.017980 4.342199
v 2.959046 0.002586 4.361494
v 2.959046 0.017980 4.361494
v 2.959046 0.017980 4.361494
v 2.959046 0.002586 4.361494
v 2.950008 0.002586 4.342199
v 2.987040 0.002586 4.341795
v 2.950008 0.017980 4.342199
v 2.987040 0.017980 4.341795
v 2.845772 0.029358 4.479860
v 2.836181 0.029358 4.515488
v 2.949877 0.682279 4.523849
v 2.948213 0.682279 4.529628
v 2.864424 0.029358 4.448166
v 2.952888 0.682279 4.518440
v 2.891205 0.029358 4.422719
v 2.957448 0.682279 4.514166
v 2.923829 0.029358 4.405274
v 2.962791 0.682279 4.511420
v 2.959821 0.029358 4.397393
v 2.968724 0.682279 4.510011
v 2.996688 0.029358 4.399487
v 2.974869 0.682279 4.510328
v 3.031746 0.029358 4.411587
v 2.980840 0.682279 4.512375
v 3.062101 0.029358 4.432378
v 2.985866 0.682279 4.515777
v 3.085632 0.029358 4.460924
v 2.989756 0.682279 4.520535
v 3.100775 0.029358 4.494554
v 2.992313 0.682279 4.526267
v 3.106162 0.029358 4.530979
v 2.993146 0.682279 4.532211
v 3.106162 0.029358 4.530979
v 2.993146 0.682279 4.532211
v 3.101573 0.029358 4.567704
v 2.992445 0.682279 4.538363
v 3.087166 0.029358 4.601657
v 2.990014 0.682279 4.544150
v 3.064261 0.029358 4.630517
v 2.986226 0.682279 4.548800
v 3.034369 0.029358 4.652157
v 2.981277 0.682279 4.552502
v 2.999583 0.029358 4.665017
v 2.975352 0.682279 4.554679
v 2.962770 0.029358 4.667915
v 2.969216 0.682279 4.555130
v 2.926615 0.029358 4.660820
v 2.963253 0.682279 4.553851
v 2.893618 0.029358 4.644090
v 2.957851 0.682279 4.551221
v 2.866289 0.029358 4.619234
v 2.953200 0.682279 4.547048
v 2.846950 0.029358 4.587954
v 2.950072 0.682279 4.541705
v 2.836585 0.029358 4.552543
v 2.948282 0.682279 4.535964
v 2.949877 0.682279 4.523849
v 2.948213 0.682279 4.529628
v 2.957010 0.687634 4.526844
v 2.955901 0.687634 4.530696
v 2.952888 0.682279 4.518440
v 2.959083 0.687634 4.523365
v 2.957448 0.682279 4.514166
v 2.961932 0.687634 4.520646
v 2.962791 0.682279 4.511420
v 2.965557 0.687634 4.518686
v 2.968724 0.682279 4.510011
v 2.969386 0.687634 4.517877
v 2.974869 0.682279 4.510328
v 2.973417 0.687634 4.518024
v 2.980840 0.682279 4.512375
v 2.977269 0.687634 4.519327
v 2.985866 0.682279 4.515777
v 2.980556 0.687634 4.521595
v 2.989756 0.682279 4.520535
v 2.983087 0.687634 4.524832
v 2.992313 0.682279 4.526267
v 2.984661 0.687634 4.528463
v 2.993146 0.682279 4.532211
v 2.985279 0.687634 4.532297
v 2.992445 0.682279 4.538363
v 2.984747 0.687634 4.536335
v 2.990014 0.682279 4.544150
v 2.983252 0.687634 4.539999
v 2.986226 0.682279 4.548800
v 2.980793 0.687634 4.543291
v 2.981277 0.682279 4.552502
v 2.977556 0.687634 4.545630
v 2.975352 0.682279 4.554679
v 2.973733 0.687634 4.547016
v 2.969216 0.682279 4.555130
v 2.969706 0.687634 4.547252
v 2.963253 0.682279 4.553851
v 2.965860 0.687634 4.546525
v 2.957851 0.682279 4.551221
v 2.962193 0.687634 4.544645
v 2.953200 0.682279 4.547048
v 2.959286 0.687634 4.541989
v 2.950072 0.682279 4.541705
v 2.957138 0.687634 4.538556
v 2.948282 0.682279 4.535964
v 2.955945 0.687634 4.534728
vn 0.0022 1.0000 -0.0000
vn 0.0020 1.0000 -0.0000
vn -0.0022 1.0000 -0.0000
vn 0.9646 0.2634 -0.0105
vn 0.9343 0.2925 -0.2037
vn 0.9327 0.2939 -0.2089
vn 0.8358 0.3232 -0.4438
vn 0.8334 0.3236 -0.4481
vn 0.6805 0.3338 -0.6523
vn 0.6804 0.3339 -0.6523
vn 0.4823 0.3242 -0.8138
vn 0.2428 0.3044 -0.9211
vn 0.2512 0.3040 -0.9190
vn 0.0573 0.2758 -0.9595
vn 0.0572 0.2758 -0.9595
vn -0.0084 0.2612 -0.9652
vn -0.0083 0.2612 -0.9652
vn -0.2628 0.3043 -0.9156
vn -0.2713 0.3044 -0.9131
vn -0.4999 0.3242 -0.8031
vn -0.5000 0.3242 -0.8031
vn -0.6945 0.3344 -0.6371
vn -0.6946 0.3343 -0.6370
vn -0.8453 0.3245 -0.4245
vn -0.8430 0.3248 -0.4289
vn -0.9385 0.2938 -0.1813
vn -0.9371 0.2946 -0.1875
vn -0.9646 0.2634 0.0124
vn -0.9344 0.2958 0.1985
vn -0.9327 0.2925 0.2110
vn -0.8358 0.3245 0.4428
vn -0.8334 0.3217 0.4494
vn -0.6805 0.3343 0.6520
vn -0.6805 0.3344 0.6520
vn -0.4823 0.3277 0.8124
vn -0.2428 0.3008 0.9223
vn -0.2513 0.3008 0.9200
vn -0.0573 0.2758 0.9595
vn 0.0127 0.2613 0.9652
vn 0.0127 0.2612 0.9652
vn 0.2628 0.3008 0.9168
vn 0.2713 0.3040 0.9132
vn 0.4999 0.3277 0.8017
vn 0.6945 0.3372 0.6356
vn 0.8453 0.3232 0.4255
vn 0.8429 0.3266 0.4275
vn 0.9385 0.2945 0.1801
vn 0.9371 0.2939 0.1884
vn 0.0022 -1.0000 -0.0000
vn -0.9461 -0.0000 -0.3239
vn -0.9653 -0.0000 -0.2613
vn -0.9461 -0.0000 -0.3240
vn -0.8937 -0.0000 -0.4487
vn -0.1911 -0.0038 0.9816
vn 0.9124 -0.0000 -0.4093
vn -0.5306 -0.0000 -0.8476
vn -0.4700 -0.0000 -0.8826
vn -0.4701 -0.0000 -0.8826
vn -0.6402 -0.0000 -0.7682
vn -0.6401 -0.0000 -0.7683
vn -0.7380 -0.0000 -0.6748
vn -0.8222 -0.0000 -0.5692
vn -0.8224 -0.0000 -0.5689
vn 0.7833 0.0038 0.6216
vn 0.7834 0.0038 0.6215
vn -0.0022 -1.0000 -0.0000
vn 0.3993 -0.0000 -0.9168
vn 0.3992 -0.0000 -0.9168
vn -0.9999 -0.0000 0.0109
vn 0.4192 -0.0000 0.9079
vn 0.9999 -0.0000 -0.0109
vn -0.3262 -0.0000 0.9453
vn -0.2592 -0.0038 0.9658
vn -0.3260 -0.0000 0.9454
vn -0.4507 -0.0000 0.8927
vn 0.9812 0.0037 0.1932
vn -0.4073 -0.0000 -0.9133
vn -0.8488 -0.0000 0.5286
vn -0.8488 -0.0000 0.5287
vn -0.8837 -0.0038 0.4681
vn -0.7696 -0.0000 0.6386
vn -0.6732 -0.0038 0.7395
vn -0.5671 -0.0000 0.8236
vn -0.5672 -0.0000 0.8236
vn 0.6233 -0.0000 -0.7820
vn -0.9177 -0.0000 -0.3973
vn 0.0131 -0.0000 0.9999
vn 0.9088 -0.0000 -0.4173
vn 0.9088 -0.0000 -0.4172
vn -0.0087 -0.0000 -1.0000
vn 0.9461 0.0038 0.3239
vn 0.9653 0.0038 0.2613
vn 0.8936 0.0038 0.4488
vn 0.8937 0.0038 0.4487
vn 0.1912 -0.0000 -0.9816
vn 0.1911 -0.0000 -0.9816
vn -0.9124 -0.0000 0.4093
vn -0.9124 -0.0000 0.4094
vn 0.5305 0.0038 0.8476
vn 0.5306 0.0038 0.8476
vn 0.4701 0.0038 0.8826
vn 0.6402 -0.0000 0.7682
vn 0.6401 -0.0000 0.7683
vn 0.7380 0.0038 0.6748
vn 0.8222 -0.0000 0.5692
vn -0.7834 -0.0000 -0.6215
vn -0.3993 -0.0038 0.9168
vn -0.4192 -0.0000 -0.9079
vn 0.3261 -0.0000 -0.9453
vn 0.2592 -0.0000 -0.9658
vn 0.3260 -0.0000 -0.9454
vn 0.4507 -0.0000 -0.8927
vn -0.9811 -0.0000 -0.1933
vn 0.4073 -0.0000 0.9133
vn 0.8489 -0.0000 -0.5286
vn 0.8837 -0.0000 -0.4681
vn 0.7696 -0.0000 -0.6385
vn 0.7696 -0.0000 -0.6386
vn 0.6732 -0.0000 -0.7395
vn 0.6731 -0.0000 -0.7395
vn 0.5672 -0.0000 -0.8236
vn -0.6233 -0.0038 0.7820
vn 0.9177 -0.0000 0.3973
vn -0.9088 -0.0000 0.4173
vn -0.9084 0.1691 -0.3824
vn -0.9776 0.1708 -0.1229
vn -0.9776 0.1708 -0.1228
vn -0.7721 0.1716 -0.6119
vn -0.7721 0.1717 -0.6118
vn -0.5776 0.1725 -0.7979
vn -0.5777 0.1725 -0.7978
vn -0.3382 0.1727 -0.9251
vn -0.0784 0.1728 -0.9818
vn 0.1912 0.1728 -0.9662
vn 0.1913 0.1728 -0.9662
vn 0.4430 0.1722 -0.8798
vn 0.4430 0.1723 -0.8798
vn 0.6636 0.1720 -0.7280
vn 0.6637 0.1719 -0.7280
vn 0.8373 0.1702 -0.5196
vn 0.8374 0.1702 -0.5194
vn 0.9452 0.1706 -0.2784
vn 0.9452 0.1706 -0.2783
vn 0.9854 0.1695 -0.0146
vn 0.9854 0.1695 -0.0144
vn 0.9511 0.1706 0.2576
vn 0.9510 0.1706 0.2577
vn 0.8485 0.1666 0.5023
vn 0.8485 0.1666 0.5024
vn 0.6793 0.1683 0.7143
vn 0.6794 0.1683 0.7142
vn 0.4622 0.1686 0.8706
vn 0.2123 0.1691 0.9625
vn 0.2122 0.1690 0.9625
vn -0.0569 0.1728 0.9833
vn -0.0570 0.1728 0.9833
vn -0.3180 0.1727 0.9322
vn -0.5601 0.1725 0.8103
vn -0.7586 0.1681 0.6295
vn -0.8999 0.1726 0.4005
vn -0.9747 0.1708 0.1442
vn -0.9747 0.1708 0.1441
vn -0.5200 0.8258 -0.2182
vn -0.5625 0.8239 -0.0693
vn -0.5200 0.8258 -0.2183
vn -0.4447 0.8232 -0.3530
vn -0.4448 0.8232 -0.3530
vn -0.3330 0.8255 -0.4556
vn -0.1947 0.8262 -0.5287
vn -0.0434 0.8224 -0.5672
vn -0.0433 0.8224 -0.5672
vn 0.1095 0.8250 -0.5544
vn 0.2558 0.8244 -0.5049
vn 0.3807 0.8243 -0.4191
vn 0.4802 0.8232 -0.3029
vn 0.4802 0.8232 -0.3028
vn 0.5418 0.8249 -0.1616
vn 0.5417 0.8249 -0.1615
vn 0.5653 0.8249 -0.0043
vn 0.5451 0.8256 0.1461
vn 0.4867 0.8245 0.2887
vn 0.4867 0.8245 0.2888
vn 0.3897 0.8243 0.4107
vn 0.2668 0.8244 0.4992
vn 0.2667 0.8244 0.4992
vn 0.1215 0.8229 0.5550
vn 0.1215 0.8229 0.5551
vn -0.0309 0.8224 0.5681
vn -0.0310 0.8224 0.5681
vn -0.1831 0.8242 0.5359
vn -0.1831 0.8242 0.5360
vn -0.3231 0.8255 0.4628
vn -0.3230 0.8255 0.4628
vn -0.4370 0.8247 0.3591
vn -0.5151 0.8258 0.2295
vn -0.5608 0.8239 0.0816
vn 0.9211 0.0038 0.3893
vn 0.9922 -0.0000 0.1243
vn 0.9923 -0.0000 0.1242
vn 0.5849 0.0038 0.8111
vn 0.3465 -0.0000 0.9380
vn 0.0785 -0.0000 0.9969
vn -0.1910 -0.0038 0.9816
vn -0.6731 -0.0038 0.7395
vn -0.9594 -0.0000 0.2822
vn -0.9593 -0.0000 0.2822
vn -0.8601 -0.0000 -0.5101
vn -0.6891 -0.0000 -0.7246
vn -0.4700 -0.0000 -0.8827
vn -0.2124 -0.0000 -0.9772
vn 0.0568 -0.0000 -0.9984
vn 0.5671 -0.0000 -0.8236
vn 0.9893 -0.0000 -0.1459
vn 0.9893 -0.0000 -0.1458
vt 0.019330 0.218210
vt 0.018970 0.217170
vt 0.023040 0.216470
vt 0.019940 0.219140
vt 0.020790 0.219840
vt 0.021790 0.220420
vt 0.022900 0.220540
vt 0.024000 0.220420
vt 0.025040 0.220070
vt 0.025930 0.219380
vt 0.026610 0.218450
vt 0.027040 0.217400
vt 0.027140 0.216350
vt 0.026970 0.215190
vt 0.026470 0.214140
vt 0.025750 0.213330
vt 0.024790 0.212750
vt 0.023760 0.212400
vt 0.022610 0.212280
vt 0.021540 0.212630
vt 0.020540 0.213100
vt 0.019760 0.213910
vt 0.019220 0.214960
vt 0.018940 0.216000
vt 0.028290 0.989830
vt 0.024180 0.989130
vt 0.119790 0.989830
vt 0.123930 0.989130
vt 0.020400 0.987390
vt 0.127750 0.987390
vt 0.017160 0.984830
vt 0.130990 0.984830
vt 0.014690 0.981460
vt 0.133460 0.981460
vt 0.013160 0.977620
vt 0.134990 0.977620
vt 0.012700 0.974600
vt 0.135420 0.974600
vt 0.012620 0.884030
vt 0.135560 0.884030
vt 0.012980 0.881010
vt 0.135200 0.881010
vt 0.014370 0.877060
vt 0.133810 0.877060
vt 0.016690 0.873690
vt 0.131490 0.873690
vt 0.019830 0.871010
vt 0.128390 0.871010
vt 0.023540 0.869270
vt 0.124680 0.869390
vt 0.027610 0.868570
vt 0.120610 0.868690
vt 0.005560 0.882060
vt 0.005670 0.976580
vt 0.006200 0.877990
vt 0.008170 0.873110
vt 0.011270 0.868690
vt 0.015340 0.865200
vt 0.020150 0.862760
vt 0.025360 0.861480
vt 0.122860 0.861480
vt 0.128030 0.862760
vt 0.132850 0.865200
vt 0.136920 0.868690
vt 0.140020 0.873110
vt 0.141980 0.877990
vt 0.142620 0.882060
vt 0.142480 0.976690
vt 0.141730 0.980760
vt 0.139630 0.985760
vt 0.136340 0.990060
vt 0.132100 0.993550
vt 0.127140 0.995880
vt 0.121830 0.996920
vt 0.026250 0.996920
vt 0.020970 0.995880
vt 0.016050 0.993550
vt 0.011800 0.990060
vt 0.008520 0.985760
vt 0.006420 0.980760
vt 0.025360 0.724870
vt 0.124860 0.726270
vt 0.020540 0.725570
vt 0.129640 0.727080
vt 0.016080 0.727660
vt 0.134060 0.729060
vt 0.012300 0.730800
vt 0.137770 0.732200
vt 0.009490 0.734870
vt 0.140480 0.736150
vt 0.007840 0.739640
vt 0.142050 0.740800
vt 0.007520 0.743360
vt 0.142340 0.744410
vt 0.141520 0.843810
vt 0.006850 0.842880
vt 0.007310 0.846600
vt 0.141020 0.847410
vt 0.009060 0.851360
vt 0.139230 0.851950
vt 0.011980 0.855430
vt 0.136270 0.855900
vt 0.015870 0.858570
vt 0.132380 0.858920
vt 0.020440 0.860670
vt 0.127780 0.860780
vt 0.272480 0.524090
vt 0.270230 0.524090
vt 0.272480 0.518980
vt 0.270230 0.518980
vt 0.274760 0.524090
vt 0.274760 0.518980
vt 0.258570 0.524090
vt 0.258570 0.518980
vt 0.286140 0.518980
vt 0.297770 0.518980
vt 0.286140 0.524090
vt 0.297770 0.524090
vt 0.283860 0.524090
vt 0.283860 0.518980
vt 0.281580 0.524090
vt 0.281580 0.518980
vt 0.279330 0.524090
vt 0.279330 0.518980
vt 0.277050 0.524090
vt 0.277050 0.518980
vt 0.253960 0.518980
vt 0.253960 0.524090
vt 0.263920 0.534440
vt 0.248610 0.534440
vt 0.250680 0.535370
vt 0.261850 0.535370
vt 0.259640 0.535950
vt 0.252860 0.535950
vt 0.255140 0.536300
vt 0.257390 0.536300
vt 0.248610 0.508630
vt 0.263920 0.508630
vt 0.261850 0.507700
vt 0.250680 0.507700
vt 0.252860 0.507120
vt 0.259640 0.507120
vt 0.257390 0.506770
vt 0.255140 0.506770
vt 0.160070 0.508400
vt 0.154930 0.508400
vt 0.160070 0.501310
vt 0.154930 0.501310
vt 0.160070 0.520720
vt 0.154930 0.520720
vt 0.160070 0.527810
vt 0.154930 0.527810
vt 0.154930 0.494910
vt 0.160070 0.494910
vt 0.166560 0.492010
vt 0.166560 0.504210
vt 0.148470 0.492010
vt 0.148470 0.504210
vt 0.103350 0.517930
vt 0.101100 0.517930
vt 0.103350 0.512700
vt 0.101100 0.512700
vt 0.105630 0.517930
vt 0.105630 0.512700
vt 0.089430 0.517930
vt 0.089430 0.512700
vt 0.117010 0.512700
vt 0.128640 0.512700
vt 0.117010 0.517930
vt 0.128640 0.517930
vt 0.114730 0.517930
vt 0.114730 0.512700
vt 0.112440 0.517930
vt 0.112440 0.512700
vt 0.110200 0.517930
vt 0.110200 0.512700
vt 0.107910 0.517930
vt 0.107910 0.512700
vt 0.084830 0.512700
vt 0.084830 0.517930
vt 0.094820 0.528160
vt 0.079480 0.528160
vt 0.081550 0.529090
vt 0.092710 0.529090
vt 0.090540 0.529790
vt 0.083760 0.529790
vt 0.086010 0.530020
vt 0.088260 0.530020
vt 0.079480 0.502470
vt 0.094780 0.502470
vt 0.092710 0.501540
vt 0.081550 0.501540
vt 0.083760 0.500840
vt 0.090540 0.500840
vt 0.088260 0.500610
vt 0.086010 0.500610
vt 0.141020 0.444220
vt 0.135920 0.444220
vt 0.141020 0.437130
vt 0.135920 0.437130
vt 0.141020 0.456550
vt 0.135920 0.456550
vt 0.141020 0.463640
vt 0.135920 0.463640
vt 0.135920 0.430740
vt 0.141020 0.430740
vt 0.147510 0.427830
vt 0.147510 0.440040
vt 0.129420 0.427830
vt 0.129420 0.440040
vt 0.220970 0.525020
vt 0.218680 0.525020
vt 0.220970 0.519910
vt 0.218680 0.519910
vt 0.223250 0.525020
vt 0.223250 0.519910
vt 0.207050 0.525020
vt 0.207050 0.519910
vt 0.234630 0.519910
vt 0.246260 0.519910
vt 0.234630 0.525020
vt 0.246260 0.525020
vt 0.232350 0.525020
vt 0.232350 0.519910
vt 0.230060 0.525020
vt 0.230060 0.519910
vt 0.227780 0.525020
vt 0.227780 0.519910
vt 0.225530 0.525020
vt 0.225530 0.519910
vt 0.202450 0.519910
vt 0.202450 0.525020
vt 0.212400 0.535370
vt 0.197060 0.535370
vt 0.199170 0.536300
vt 0.210330 0.536300
vt 0.208120 0.536880
vt 0.201340 0.536880
vt 0.205870 0.537230
vt 0.203630 0.537230
vt 0.197100 0.509560
vt 0.212400 0.509560
vt 0.210330 0.508630
vt 0.199170 0.508630
vt 0.201340 0.508050
vt 0.208120 0.508050
vt 0.205870 0.507700
vt 0.203630 0.507700
vt 0.162420 0.444220
vt 0.157320 0.444220
vt 0.162420 0.437130
vt 0.157320 0.437130
vt 0.162420 0.456550
vt 0.157320 0.456550
vt 0.162420 0.463640
vt 0.157320 0.463640
vt 0.157320 0.430740
vt 0.162420 0.430740
vt 0.168920 0.427830
vt 0.168920 0.440040
vt 0.150830 0.427830
vt 0.150830 0.440040
vt 0.103810 0.449450
vt 0.101530 0.449450
vt 0.103810 0.444340
vt 0.101530 0.444340
vt 0.106090 0.449450
vt 0.106090 0.444340
vt 0.089900 0.449450
vt 0.089900 0.444340
vt 0.117440 0.444340
vt 0.129100 0.444340
vt 0.117440 0.449450
vt 0.129100 0.449450
vt 0.115190 0.449450
vt 0.115190 0.444340
vt 0.112910 0.449450
vt 0.112910 0.444340
vt 0.110620 0.449450
vt 0.110620 0.444340
vt 0.108340 0.449450
vt 0.108340 0.444340
vt 0.085260 0.444340
vt 0.085260 0.449450
vt 0.095250 0.459800
vt 0.079910 0.459800
vt 0.082010 0.460610
vt 0.093140 0.460610
vt 0.090970 0.461310
vt 0.084190 0.461310
vt 0.086440 0.461550
vt 0.088720 0.461550
vt 0.079910 0.433990
vt 0.095250 0.433990
vt 0.093140 0.433060
vt 0.082010 0.433060
vt 0.084190 0.432480
vt 0.090970 0.432480
vt 0.088720 0.432130
vt 0.086440 0.432130
vt 0.138560 0.508050
vt 0.133460 0.508050
vt 0.138560 0.500960
vt 0.133460 0.500960
vt 0.138560 0.520260
vt 0.133460 0.520260
vt 0.138560 0.527350
vt 0.133460 0.527350
vt 0.133460 0.494450
vt 0.138560 0.494450
vt 0.145050 0.491540
vt 0.145050 0.503750
vt 0.126960 0.491540
vt 0.126960 0.503750
vt 0.119470 0.044640
vt 0.128320 0.044640
vt 0.129670 0.234020
vt 0.131740 0.234020
vt 0.110550 0.044640
vt 0.127640 0.234020
vt 0.101600 0.044640
vt 0.125610 0.234020
vt 0.092540 0.044640
vt 0.123610 0.234020
vt 0.083370 0.044640
vt 0.121610 0.234020
vt 0.074060 0.044640
vt 0.119650 0.234020
vt 0.064600 0.044640
vt 0.117720 0.234020
vt 0.054930 0.044640
vt 0.115800 0.234020
vt 0.045050 0.044640
vt 0.113940 0.234020
vt 0.034920 0.044640
vt 0.112090 0.234020
vt 0.024540 0.044640
vt 0.110300 0.234020
vt 0.240980 0.044640
vt 0.155180 0.234020
vt 0.230560 0.044640
vt 0.153400 0.234020
vt 0.220430 0.044640
vt 0.151580 0.234020
vt 0.210550 0.044640
vt 0.149690 0.234020
vt 0.200920 0.044640
vt 0.147800 0.234020
vt 0.191430 0.044640
vt 0.145830 0.234020
vt 0.182150 0.044640
vt 0.143870 0.234020
vt 0.172980 0.044640
vt 0.141870 0.234020
vt 0.163920 0.044640
vt 0.139880 0.234020
vt 0.154970 0.044640
vt 0.137840 0.234020
vt 0.146050 0.044640
vt 0.135810 0.234020
vt 0.137170 0.044640
vt 0.133780 0.234020
vt 0.014270 0.220770
vt 0.013410 0.218210
vt 0.017050 0.219380
vt 0.016510 0.217630
vt 0.015730 0.222980
vt 0.018080 0.220890
vt 0.017760 0.224720
vt 0.019470 0.222050
vt 0.020190 0.225890
vt 0.021120 0.222860
vt 0.022860 0.226230
vt 0.022900 0.223100
vt 0.025500 0.226000
vt 0.024720 0.222860
vt 0.028000 0.224960
vt 0.026390 0.222170
vt 0.030070 0.223330
vt 0.027820 0.221120
vt 0.031670 0.221120
vt 0.028890 0.219610
vt 0.032600 0.218680
vt 0.029530 0.217980
vt 0.032850 0.216000
vt 0.029680 0.216120
vt 0.032350 0.213330
vt 0.029360 0.214380
vt 0.031180 0.211000
vt 0.028570 0.212750
vt 0.029390 0.209030
vt 0.027360 0.211350
vt 0.027140 0.207520
vt 0.025820 0.210420
vt 0.024610 0.206700
vt 0.024080 0.209840
vt 0.021940 0.206700
vt 0.022260 0.209840
vt 0.019330 0.207400
vt 0.020510 0.210310
vt 0.017010 0.208680
vt 0.018940 0.211120
vt 0.015160 0.210660
vt 0.017690 0.212520
vt 0.013870 0.212980
vt 0.016800 0.214030
vt 0.013270 0.215540
vt 0.016410 0.215890
v 2.976644 0.681523 5.522729
v 2.976052 0.681523 5.524152
v 2.981530 0.681855 5.525509
v 2.979852 0.681523 5.520063
v 2.978645 0.681523 5.520684
v 2.983004 0.681523 5.530754
v 2.984211 0.681523 5.530133
v 2.986212 0.681523 5.528088
v 2.986806 0.681523 5.526867
v 2.967456 0.679532 5.533756
v 2.972081 0.680859 5.531075
v 2.965591 0.679532 5.529729
v 2.970838 0.680859 5.528458
v 2.965142 0.679532 5.525687
v 2.970402 0.680859 5.525630
v 2.962831 0.677873 5.536437
v 2.960548 0.677873 5.531200
v 2.969921 0.679532 5.537169
v 2.973724 0.680859 5.533283
v 2.976703 0.681523 5.528192
v 2.976083 0.681523 5.526984
v 2.970776 0.680859 5.522793
v 2.965501 0.679532 5.521434
v 2.959679 0.677873 5.525747
v 2.975865 0.681523 5.525570
v 2.958207 0.675550 5.539118
v 2.955506 0.675550 5.532672
v 2.966319 0.677873 5.540851
v 2.973390 0.679532 5.539762
v 2.975967 0.680859 5.534877
v 2.977526 0.681523 5.529397
v 2.971961 0.680859 5.520149
v 2.967277 0.679532 5.517367
v 2.960427 0.677873 5.520073
v 2.954419 0.675550 5.525804
v 2.953784 0.672563 5.541797
v 2.950463 0.672563 5.534143
v 2.962517 0.675550 5.544736
v 2.970808 0.677873 5.544241
v 2.977454 0.679532 5.541336
v 2.978812 0.680859 5.536060
v 2.978749 0.681523 5.530193
v 2.973554 0.680859 5.517704
v 2.969668 0.679532 5.513902
v 2.962595 0.677873 5.514788
v 2.955353 0.675550 5.518712
v 2.949361 0.672563 5.525859
v 2.958915 0.672563 5.548418
v 2.968228 0.675550 5.548923
v 2.976093 0.677873 5.546410
v 2.981707 0.679532 5.541695
v 2.981650 0.680859 5.536434
v 2.979969 0.681523 5.530787
v 2.975762 0.680859 5.516061
v 2.973081 0.679532 5.511436
v 2.965986 0.677873 5.510300
v 2.977440 0.681523 5.521506
v 2.957913 0.675550 5.512209
v 2.950282 0.672563 5.517553
v 2.965647 0.672563 5.553403
v 2.974731 0.675550 5.551483
v 2.981766 0.677873 5.547157
v 2.985749 0.679532 5.541245
v 2.984275 0.680859 5.536001
v 2.981590 0.681523 5.530972
v 2.978581 0.680859 5.514816
v 2.977110 0.679532 5.509773
v 2.970400 0.677873 5.506811
v 2.962100 0.675550 5.506497
v 2.953433 0.672563 5.509627
v 2.973370 0.672563 5.556557
v 2.981824 0.675550 5.552418
v 2.987220 0.677873 5.546288
v 2.989778 0.679532 5.539583
v 2.987095 0.680859 5.534756
v 2.981411 0.680859 5.514583
v 2.981352 0.679532 5.509120
v 2.975636 0.677873 5.504529
v 2.967719 0.675550 5.502187
v 2.958419 0.672563 5.502895
v 2.981879 0.672563 5.557476
v 2.988692 0.675550 5.551331
v 2.992456 0.677873 5.544005
v 2.993189 0.679532 5.536915
v 2.989303 0.680859 5.533113
v 2.984044 0.680859 5.514757
v 2.985405 0.679532 5.509683
v 2.981292 0.677873 5.503657
v 2.981469 0.681523 5.519844
v 2.974164 0.675550 5.499486
v 2.965040 0.672563 5.497765
v 2.990163 0.672563 5.556374
v 2.995137 0.675550 5.548630
v 2.996870 0.677873 5.540518
v 2.995579 0.679532 5.533449
v 2.990897 0.680859 5.530869
v 2.985417 0.681523 5.529311
v 2.986889 0.680859 5.515940
v 2.989469 0.679532 5.511258
v 2.986764 0.677873 5.504407
v 2.982887 0.681523 5.520030
v 2.981235 0.675550 5.498397
v 2.972693 0.672563 5.494443
v 2.997816 0.672563 5.553053
v 3.000756 0.675550 5.544320
v 3.000261 0.677873 5.536029
v 2.997356 0.679532 5.529383
v 2.992082 0.680859 5.528226
v 2.989133 0.680859 5.517534
v 2.992935 0.679532 5.513648
v 2.992049 0.677873 5.506576
v 2.984108 0.681523 5.520624
v 2.988125 0.675550 5.499334
v 2.981180 0.672563 5.493339
v 3.004438 0.672563 5.547922
v 3.004943 0.675550 5.538609
v 3.002429 0.677873 5.530744
v 2.997716 0.679532 5.525332
v 2.992456 0.680859 5.525390
v 2.990777 0.680859 5.519944
v 2.995400 0.679532 5.517061
v 2.996537 0.677873 5.509967
v 2.985331 0.681523 5.521420
v 2.994628 0.675550 5.501893
v 2.989486 0.672563 5.494260
v 3.009423 0.672563 5.541190
v 3.007503 0.675550 5.532105
v 3.003179 0.677873 5.525272
v 2.997265 0.679532 5.521088
v 2.992020 0.680859 5.522561
v 2.986993 0.681523 5.525449
v 3.000025 0.677873 5.514380
v 2.986153 0.681523 5.522625
v 3.000339 0.675550 5.506081
v 2.997210 0.672563 5.497414
v 3.012576 0.672563 5.533466
v 3.008440 0.675550 5.525215
v 3.002308 0.677873 5.519616
v 2.986775 0.681523 5.524035
v 3.004650 0.675550 5.511699
v 3.003942 0.672563 5.502398
v 3.013498 0.672563 5.525160
v 3.007350 0.675550 5.518145
v 3.009072 0.672563 5.509020
v 3.012396 0.672563 5.516876
v 2.973370 0.672563 5.556557
v 2.965647 0.672563 5.553403
v 2.948417 0.052364 5.662049
v 2.915900 0.052364 5.649049
v 2.958915 0.672563 5.548418
v 2.887950 0.052364 5.628107
v 2.981879 0.672563 5.557476
v 2.983063 0.052364 5.666123
v 2.866404 0.052364 5.600620
v 2.953784 0.672563 5.541797
v 3.017410 0.052364 5.661297
v 2.990163 0.672563 5.556374
v 2.852698 0.052364 5.568394
v 2.950463 0.672563 5.534143
v 3.049636 0.052364 5.647592
v 2.997816 0.672563 5.553053
v 2.847869 0.052364 5.533845
v 2.949361 0.672563 5.525859
v 3.077123 0.052364 5.626045
v 3.004438 0.672563 5.547922
v 2.851946 0.052364 5.499402
v 2.950282 0.672563 5.517553
v 3.098065 0.052364 5.598095
v 3.009423 0.672563 5.541190
v 2.864946 0.052364 5.466885
v 2.953433 0.672563 5.509627
v 3.111065 0.052364 5.565578
v 3.012576 0.672563 5.533466
v 2.885888 0.052364 5.438934
v 2.958419 0.672563 5.502895
v 3.115139 0.052364 5.530932
v 3.013498 0.672563 5.525160
v 2.965040 0.672563 5.497765
v 2.913374 0.052364 5.417388
v 3.110313 0.052364 5.496585
v 3.012396 0.672563 5.516876
v 3.115139 0.052364 5.530932
v 3.013498 0.672563 5.525160
v 2.972693 0.672563 5.494443
v 2.945601 0.052364 5.403682
v 3.096607 0.052364 5.464359
v 3.009072 0.672563 5.509020
v 2.981180 0.672563 5.493339
v 2.980150 0.052364 5.398854
v 3.075061 0.052364 5.436872
v 3.003942 0.672563 5.502398
v 3.014593 0.052364 5.402930
v 2.989486 0.672563 5.494260
v 3.047111 0.052364 5.415931
v 2.997210 0.672563 5.497414
v 2.774426 0.002589 5.534646
v 2.774426 0.033450 5.534646
v 2.833528 0.002589 5.387704
v 2.833528 0.033450 5.387704
v 2.786161 0.052364 5.534518
v 2.841914 0.052364 5.395909
v 2.979349 0.002589 5.325410
v 2.979349 0.033450 5.325410
v 2.836720 0.002589 5.680467
v 2.836720 0.033450 5.680467
v 2.844925 0.052364 5.672081
v 2.979477 0.052364 5.337145
v 3.126291 0.002589 5.384513
v 3.126291 0.033450 5.384513
v 2.983864 0.033450 5.739567
v 2.983864 0.002589 5.739567
v 2.983736 0.052364 5.727832
v 3.118086 0.052364 5.392899
v 3.188583 0.002589 5.530131
v 3.188583 0.033450 5.530131
v 3.129483 0.033450 5.677275
v 3.129483 0.002589 5.677275
v 3.121097 0.052364 5.669070
v 3.176848 0.052364 5.530259
v 3.129483 0.002589 5.677275
v 3.129483 0.033450 5.677275
v 3.121097 0.052364 5.669070
v 2.983736 0.052364 5.727832
v 3.121097 0.052364 5.669070
v 2.844925 0.052364 5.672081
v 3.176848 0.052364 5.530259
v 2.786161 0.052364 5.534518
v 3.118086 0.052364 5.392899
v 2.841914 0.052364 5.395909
v 2.979477 0.052364 5.337145
v 3.188583 0.002589 5.530131
v 2.836720 0.002589 5.680467
v 3.126291 0.002589 5.384513
v 2.774426 0.002589 5.534646
v 2.979349 0.002589 5.325410
v 2.833528 0.002589 5.387704
v 2.983864 0.002589 5.739567
v 3.129483 0.002589 5.677275
vn -0.0856 0.9953 -0.0463
vn -0.0940 0.9953 -0.0235
vn 0.0020 1.0000 0.0002
vn -0.0251 0.9956 -0.0902
vn -0.0511 0.9954 -0.0805
vn 0.0250 0.9956 0.0902
vn 0.0511 0.9951 0.0843
vn 0.0856 0.9951 0.0500
vn 0.0941 0.9952 0.0273
vn -0.2386 0.9613 0.1380
vn -0.1620 0.9819 0.0978
vn -0.2689 0.9601 0.0765
vn -0.1841 0.9816 0.0510
vn -0.2781 0.9605 0.0049
vn -0.1889 0.9820 0.0002
vn -0.3137 0.9320 0.1818
vn -0.3476 0.9329 0.0943
vn -0.1954 0.9607 0.1971
vn -0.1314 0.9821 0.1350
vn -0.0845 0.9951 0.0519
vn -0.0935 0.9952 0.0293
vn -0.1851 0.9816 -0.0471
vn -0.2704 0.9604 -0.0669
vn -0.3609 0.9326 0.0039
vn -0.0981 0.9952 0.0011
vn -0.3788 0.8973 0.2266
vn -0.4239 0.8983 0.1157
vn -0.2543 0.9325 0.2566
vn -0.1346 0.9612 0.2408
vn -0.0920 0.9821 0.1644
vn -0.0669 0.9951 0.0724
vn -0.1641 0.9823 -0.0906
vn -0.2416 0.9612 -0.1328
vn -0.3495 0.9329 -0.0867
vn -0.4408 0.8976 0.0067
vn -0.4106 0.8798 0.2396
vn -0.4590 0.8790 0.1293
vn -0.3081 0.8972 0.3163
vn -0.1769 0.9317 0.3174
vn -0.0690 0.9596 0.2728
vn -0.0482 0.9820 0.1826
vn -0.0493 0.9951 0.0854
vn -0.1344 0.9816 -0.1358
vn -0.1997 0.9607 -0.1927
vn -0.3176 0.9312 -0.1786
vn -0.4264 0.8978 -0.1102
vn -0.4758 0.8795 0.0052
vn -0.3326 0.8785 0.3430
vn -0.2147 0.8978 0.3845
vn -0.0900 0.9311 0.3535
vn 0.0052 0.9612 0.2758
vn 0.0042 0.9822 0.1876
vn -0.0230 0.9956 0.0907
vn -0.0956 0.9815 -0.1661
vn -0.1398 0.9612 -0.2378
vn -0.2598 0.9325 -0.2509
vn -0.0685 0.9951 -0.0710
vn -0.3836 0.8982 -0.2147
vn -0.4617 0.8790 -0.1193
vn -0.2314 0.8789 0.4171
vn -0.1109 0.8976 0.4267
vn 0.0061 0.9323 0.3616
vn 0.0750 0.9596 0.2713
vn 0.0522 0.9820 0.1815
vn 0.0033 0.9952 0.0980
vn -0.0522 0.9813 -0.1852
vn -0.0750 0.9596 -0.2713
vn -0.1838 0.9317 -0.3134
vn -0.3149 0.8985 -0.3060
vn -0.4158 0.8798 -0.2306
vn -0.1192 0.8787 0.4622
vn 0.0070 0.8991 0.4377
vn 0.0976 0.9311 0.3514
vn 0.1397 0.9617 0.2357
vn 0.0956 0.9821 0.1624
vn 0.0001 0.9822 -0.1877
vn -0.0008 0.9612 -0.2758
vn -0.0976 0.9324 -0.3479
vn -0.2230 0.8978 -0.3797
vn -0.3400 0.8785 -0.3357
vn 0.0074 0.8783 0.4780
vn 0.1201 0.8976 0.4241
vn 0.1837 0.9324 0.3113
vn 0.1996 0.9607 0.1928
vn 0.1343 0.9821 0.1321
vn 0.0481 0.9813 -0.1863
vn 0.0690 0.9596 -0.2728
vn -0.0017 0.9323 -0.3617
vn 0.0011 0.9952 -0.0980
vn -0.1202 0.8960 -0.4275
vn -0.2404 0.8805 -0.4086
vn 0.1292 0.8787 0.4595
vn 0.2230 0.8978 0.3797
vn 0.2599 0.9311 0.2561
vn 0.2416 0.9613 0.1328
vn 0.1641 0.9819 0.0943
vn 0.0685 0.9951 0.0709
vn 0.0920 0.9815 -0.1681
vn 0.1345 0.9608 -0.2423
vn 0.0900 0.9324 -0.3500
vn 0.0231 0.9956 -0.0907
vn -0.0026 0.8991 -0.4378
vn -0.1292 0.8787 -0.4595
vn 0.2404 0.8789 0.4120
vn 0.3149 0.8972 0.3096
vn 0.3177 0.9309 0.1803
vn 0.2704 0.9603 0.0687
vn 0.1852 0.9816 0.0470
vn 0.1314 0.9816 -0.1387
vn 0.1954 0.9607 -0.1971
vn 0.1769 0.9312 -0.3188
vn 0.0493 0.9954 -0.0816
vn 0.1108 0.8960 -0.4300
vn -0.0030 0.8783 -0.4781
vn 0.3400 0.8785 0.3357
vn 0.3836 0.8978 0.2162
vn 0.3496 0.9329 0.0867
vn 0.2781 0.9606 -0.0030
vn 0.1889 0.9820 -0.0040
vn 0.1621 0.9823 -0.0941
vn 0.2386 0.9612 -0.1380
vn 0.2543 0.9321 -0.2581
vn 0.0669 0.9951 -0.0724
vn 0.2147 0.8978 -0.3845
vn 0.1192 0.8787 -0.4623
vn 0.4158 0.8798 0.2306
vn 0.4264 0.8976 0.1120
vn 0.3608 0.9326 -0.0058
vn 0.2689 0.9603 -0.0745
vn 0.1841 0.9816 -0.0510
vn 0.0981 0.9952 -0.0011
vn 0.3136 0.9309 -0.1871
vn 0.0846 0.9953 -0.0481
vn 0.3081 0.8985 -0.3128
vn 0.2314 0.8805 -0.4138
vn 0.4617 0.8792 0.1173
vn 0.4409 0.8975 -0.0029
vn 0.3476 0.9329 -0.0942
vn 0.0935 0.9953 -0.0255
vn 0.3788 0.8978 -0.2245
vn 0.3326 0.8785 -0.3431
vn 0.4758 0.8795 -0.0052
vn 0.4238 0.8976 -0.1212
vn 0.4107 0.8797 -0.2396
vn 0.4590 0.8787 -0.1310
vn -0.2467 0.1728 0.9536
vn -0.4818 0.1688 0.8599
vn -0.2425 0.1691 0.9553
vn -0.4818 0.1688 0.8598
vn -0.6894 0.1722 0.7037
vn -0.6894 0.1722 0.7036
vn 0.0129 0.1728 0.9849
vn 0.0130 0.1728 0.9849
vn -0.8491 0.1634 0.5024
vn -0.8491 0.1634 0.5023
vn 0.2632 0.1690 0.9498
vn 0.2674 0.1689 0.9487
vn -0.9494 0.1645 0.2675
vn -0.9508 0.1645 0.2626
vn 0.5005 0.1688 0.8491
vn 0.5004 0.1688 0.8491
vn -0.9869 0.1609 0.0089
vn 0.7045 0.1716 0.6886
vn -0.9563 0.1581 -0.2458
vn 0.8598 0.1666 0.4827
vn -0.8621 0.1561 -0.4821
vn -0.8599 0.1562 -0.4861
vn 0.9550 0.1670 0.2451
vn 0.9563 0.1635 0.2425
vn -0.7076 0.1573 -0.6888
vn -0.7046 0.1575 -0.6919
vn 0.9869 0.1609 -0.0088
vn 0.9869 0.1610 -0.0088
vn -0.5042 0.1503 -0.8504
vn -0.5043 0.1503 -0.8504
vn 0.9507 0.1570 -0.2673
vn 0.9869 0.1609 -0.0090
vn 0.9869 0.1610 -0.0090
vn -0.2674 0.1504 -0.9518
vn -0.2675 0.1504 -0.9518
vn 0.8513 0.1558 -0.5010
vn 0.8491 0.1558 -0.5048
vn -0.0086 0.1505 -0.9886
vn 0.6925 0.1570 -0.7041
vn 0.6893 0.1569 -0.7073
vn 0.2467 0.1502 -0.9574
vn 0.2466 0.1503 -0.9574
vn 0.4856 0.1501 -0.8612
vn 0.4855 0.1501 -0.8612
vn -0.9278 -0.0000 -0.3732
vn -0.8043 0.4989 -0.3228
vn -0.8043 0.4988 -0.3229
vn -0.3913 -0.0000 -0.9203
vn -0.9195 -0.0000 0.3932
vn -0.7970 0.4989 0.3403
vn -0.7971 0.4989 0.3403
vn -0.7971 0.4988 0.3403
vn -0.3409 0.5013 -0.7953
vn 0.3711 -0.0000 -0.9286
vn 0.3710 -0.0000 -0.9286
vn -0.3711 -0.0038 0.9286
vn -0.3235 0.4980 0.8046
vn -0.3234 0.4979 0.8047
vn -0.3234 0.4979 0.8046
vn -0.3235 0.4981 0.8045
vn 0.3235 0.5013 -0.8026
vn 0.3235 0.5012 -0.8026
vn 0.9194 -0.0000 -0.3933
vn 0.3912 -0.0000 0.9203
vn 0.3911 -0.0000 0.9203
vn 0.3409 0.4979 0.7974
vn 0.3409 0.4980 0.7973
vn 0.3410 0.4979 0.7974
vn 0.7970 0.4982 -0.3413
vn 0.7971 0.4982 -0.3413
vn 0.7970 0.4983 -0.3413
vn 0.7971 0.4981 -0.3413
vn 0.9278 -0.0000 0.3730
vn 0.9278 -0.0000 0.3732
vn 0.9279 -0.0000 0.3727
vn 0.8042 0.5003 0.3208
vn 0.0022 1.0000 -0.0000
vn 0.0022 -1.0000 -0.0000
vt 0.020480 0.185080
vt 0.020220 0.184740
vt 0.021840 0.184070
vt 0.021640 0.185760
vt 0.021180 0.185670
vt 0.022090 0.182290
vt 0.022500 0.182460
vt 0.023260 0.182960
vt 0.023460 0.183390
vt 0.016940 0.182030
vt 0.018610 0.182710
vt 0.016580 0.183390
vt 0.018350 0.183640
vt 0.016580 0.184740
vt 0.018350 0.184490
vt 0.015220 0.181360
vt 0.014760 0.183130
vt 0.017640 0.180850
vt 0.019060 0.181950
vt 0.020220 0.183390
vt 0.020120 0.183810
vt 0.018610 0.185420
vt 0.016940 0.186100
vt 0.014710 0.185000
vt 0.020120 0.184320
vt 0.013450 0.180590
vt 0.012840 0.182880
vt 0.016180 0.179660
vt 0.018610 0.179830
vt 0.019720 0.181270
vt 0.020480 0.182960
vt 0.019060 0.186180
vt 0.017640 0.187280
vt 0.015220 0.186780
vt 0.012840 0.185250
vt 0.011630 0.179830
vt 0.010870 0.182630
vt 0.014660 0.178560
vt 0.017490 0.178390
vt 0.019820 0.179150
vt 0.020530 0.180850
vt 0.020780 0.182710
vt 0.019720 0.186860
vt 0.018610 0.188300
vt 0.016180 0.188380
vt 0.013450 0.187540
vt 0.010870 0.185510
vt 0.013050 0.177290
vt 0.016330 0.176870
vt 0.019110 0.177460
vt 0.021130 0.178820
vt 0.021390 0.180590
vt 0.021180 0.182460
vt 0.020530 0.187280
vt 0.019820 0.188980
vt 0.017490 0.189740
vt 0.020780 0.185420
vt 0.014660 0.189570
vt 0.011630 0.188300
vt 0.015120 0.175260
vt 0.018350 0.175680
vt 0.020930 0.176950
vt 0.022550 0.178820
vt 0.022300 0.180590
vt 0.021640 0.182290
vt 0.021390 0.187540
vt 0.021180 0.189320
vt 0.019110 0.190670
vt 0.016330 0.191260
vt 0.013050 0.190840
vt 0.017590 0.173820
vt 0.020680 0.175090
vt 0.022800 0.176950
vt 0.023860 0.179150
vt 0.023210 0.180850
vt 0.022300 0.187540
vt 0.022550 0.189320
vt 0.020930 0.191180
vt 0.018400 0.192450
vt 0.015120 0.192870
vt 0.020370 0.173060
vt 0.023000 0.175090
vt 0.024570 0.177460
vt 0.025080 0.179830
vt 0.023960 0.181270
vt 0.023210 0.187280
vt 0.023860 0.188980
vt 0.022800 0.191180
vt 0.022090 0.185760
vt 0.020680 0.193040
vt 0.017640 0.194310
vt 0.023310 0.173060
vt 0.025330 0.175680
vt 0.026190 0.178390
vt 0.026090 0.180850
vt 0.024620 0.181950
vt 0.022900 0.182710
vt 0.024010 0.186860
vt 0.025080 0.188300
vt 0.024570 0.190670
vt 0.022500 0.185670
vt 0.023050 0.193040
vt 0.020420 0.194990
vt 0.026090 0.173820
vt 0.027350 0.176870
vt 0.027550 0.179660
vt 0.026740 0.182030
vt 0.025080 0.182710
vt 0.024620 0.186180
vt 0.026090 0.187280
vt 0.026190 0.189740
vt 0.022900 0.185420
vt 0.025330 0.192450
vt 0.023310 0.194990
vt 0.028560 0.175260
vt 0.029070 0.178560
vt 0.028460 0.181270
vt 0.027100 0.183390
vt 0.025330 0.183560
vt 0.025080 0.185420
vt 0.026740 0.186100
vt 0.027550 0.188380
vt 0.023260 0.185080
vt 0.027350 0.191260
vt 0.026090 0.194310
vt 0.030640 0.177290
vt 0.030230 0.180590
vt 0.028970 0.183130
vt 0.027150 0.184740
vt 0.025330 0.184490
vt 0.023560 0.183810
vt 0.028460 0.186780
vt 0.023460 0.184740
vt 0.029070 0.189570
vt 0.028560 0.192870
vt 0.032100 0.179830
vt 0.030840 0.182880
vt 0.028970 0.185000
vt 0.023560 0.184320
vt 0.030230 0.187540
vt 0.030640 0.190760
vt 0.032860 0.182630
vt 0.030840 0.185250
vt 0.032100 0.188300
vt 0.032860 0.185510
vt 0.148110 0.237250
vt 0.145120 0.237250
vt 0.179090 0.041450
vt 0.169790 0.041450
vt 0.142140 0.237250
vt 0.160590 0.041450
vt 0.151040 0.237250
vt 0.188540 0.041450
vt 0.151440 0.041450
vt 0.139110 0.237250
vt 0.198100 0.041450
vt 0.153970 0.237250
vt 0.142290 0.041450
vt 0.136080 0.237250
vt 0.207800 0.041450
vt 0.156800 0.237250
vt 0.133190 0.041450
vt 0.133040 0.237250
vt 0.217710 0.041450
vt 0.159630 0.237250
vt 0.124100 0.041450
vt 0.130010 0.237250
vt 0.227820 0.041450
vt 0.162410 0.237250
vt 0.114950 0.041450
vt 0.127030 0.237250
vt 0.238230 0.041450
vt 0.165090 0.237250
vt 0.105750 0.041450
vt 0.123990 0.237250
vt 0.248900 0.041450
vt 0.167720 0.237250
vt 0.121010 0.237250
vt 0.096500 0.041450
vt 0.027400 0.041450
vt 0.101000 0.237250
vt 0.016630 0.041450
vt 0.098320 0.237250
vt 0.118030 0.237250
vt 0.087150 0.041450
vt 0.037860 0.041450
vt 0.103730 0.237250
vt 0.115100 0.237250
vt 0.077640 0.041450
vt 0.048120 0.041450
vt 0.106510 0.237250
vt 0.067990 0.041450
vt 0.112170 0.237250
vt 0.058130 0.041450
vt 0.109290 0.237250
vt 0.263250 0.575150
vt 0.263250 0.585650
vt 0.211640 0.575150
vt 0.211640 0.585650
vt 0.263250 0.592770
vt 0.211640 0.592770
vt 0.159930 0.575150
vt 0.159930 0.585650
vt 0.314810 0.575150
vt 0.314810 0.585650
vt 0.314810 0.592770
vt 0.159930 0.592770
vt 0.108330 0.575150
vt 0.108330 0.585650
vt 0.366110 0.585650
vt 0.366160 0.575150
vt 0.366110 0.592770
vt 0.108330 0.592770
vt 0.056770 0.575150
vt 0.056770 0.585650
vt 0.418380 0.585650
vt 0.418430 0.575150
vt 0.416810 0.592770
vt 0.056770 0.592770
vt 0.004400 0.575150
vt 0.004450 0.585650
vt 0.006020 0.592770
vt 0.097810 0.719460
vt 0.048180 0.719460
vt 0.132940 0.684310
vt 0.013050 0.684310
vt 0.132940 0.634600
vt 0.013050 0.634600
vt 0.097810 0.599540
vt 0.048180 0.599540
vt 0.273560 0.645270
vt 0.400740 0.645270
vt 0.273560 0.697860
vt 0.400740 0.697860
vt 0.310820 0.735120
vt 0.363480 0.735120
vt 0.363480 0.608010
vt 0.310820 0.608010
v 3.001339 1.162009 6.536092
v 2.994778 1.162661 6.539831
v 3.002092 1.162009 6.537917
v 3.001419 1.162009 6.543426
v 3.002132 1.162009 6.541584
v 3.000039 1.162009 6.534639
v 2.994778 1.162661 6.539831
v 3.000151 1.162009 6.544907
v 2.998698 1.162009 6.546206
v 2.994698 1.162009 6.532497
v 2.996717 1.162009 6.532658
v 2.996873 1.162009 6.546959
v 2.992683 1.162009 6.532702
v 2.994860 1.162009 6.547348
v 2.992839 1.162009 6.547003
v 2.990998 1.162009 6.546290
v 2.989222 1.162009 6.534757
v 2.988137 1.162009 6.536236
v 2.989333 1.162009 6.545024
v 2.987464 1.162009 6.541744
v 2.988217 1.162009 6.543570
v 2.987077 1.162009 6.539915
v 2.980140 1.201831 6.559611
v 2.980308 1.148952 6.575013
v 2.980172 1.205748 6.562545
v 2.980094 1.198567 6.555394
v 2.979667 1.205748 6.516157
v 2.979545 1.148952 6.504972
v 2.979699 1.201831 6.519091
v 2.979745 1.198567 6.523307
v 2.979996 1.170495 6.546410
v 2.980006 1.179635 6.547327
v 2.979986 1.167884 6.545493
v 2.979952 1.163967 6.542376
v 2.979920 1.163314 6.539443
v 2.979832 1.179635 6.531375
v 2.979842 1.170495 6.532291
v 2.979852 1.167884 6.533208
v 2.979887 1.163967 6.536325
v 2.979852 1.189427 6.533208
v 2.979842 1.186816 6.532291
v 2.979887 1.192039 6.536325
v 2.979920 1.192691 6.539443
v 2.979996 1.186816 6.546410
v 2.979986 1.189427 6.545493
v 2.979952 1.192039 6.542376
v 2.992610 1.314770 6.542789
v 2.992746 1.306283 6.555256
v 2.992632 1.318687 6.544806
v 2.992592 1.313464 6.541138
v 2.992572 1.313464 6.539305
v 2.992510 1.318687 6.533621
v 2.992396 1.306283 6.523170
v 2.992532 1.314770 6.535638
v 2.992550 1.313464 6.537288
v 2.992526 1.327174 6.535088
v 2.992424 1.335008 6.525737
v 2.992508 1.323257 6.533437
v 2.992548 1.328479 6.537105
v 2.992572 1.329132 6.539305
v 2.992634 1.323257 6.544989
v 2.992732 1.335008 6.553973
v 2.992616 1.327174 6.543338
v 2.992594 1.328479 6.541321
v 3.012960 1.201831 6.559254
v 3.012992 1.205748 6.562187
v 3.013128 1.148952 6.574655
v 3.012914 1.198567 6.555036
v 3.012487 1.205748 6.515799
v 3.012519 1.201831 6.518733
v 3.012365 1.148952 6.504615
v 3.012565 1.198567 6.522950
v 3.012816 1.170495 6.546052
v 3.012826 1.179635 6.546969
v 3.012806 1.167884 6.545135
v 3.012772 1.163967 6.542018
v 3.012740 1.163314 6.539085
v 3.012652 1.179635 6.531017
v 3.012662 1.170495 6.531934
v 3.012672 1.167884 6.532851
v 3.012707 1.163967 6.535968
v 3.012672 1.189427 6.532851
v 3.012662 1.186816 6.531934
v 3.012707 1.192039 6.535968
v 3.012740 1.192691 6.539085
v 3.012816 1.186816 6.546052
v 3.012806 1.189427 6.545135
v 3.012772 1.192039 6.542018
v 2.999944 1.314770 6.542708
v 2.999966 1.318687 6.544725
v 3.000080 1.306283 6.555176
v 2.999926 1.313464 6.541058
v 2.999906 1.313464 6.539225
v 2.999844 1.318687 6.533541
v 2.999866 1.314770 6.535558
v 2.999730 1.306283 6.523089
v 2.999884 1.313464 6.537208
v 2.999860 1.327174 6.535007
v 2.999842 1.323257 6.533357
v 2.999758 1.335008 6.525657
v 2.999882 1.328479 6.537024
v 2.999906 1.329132 6.539225
v 2.999968 1.323257 6.544909
v 2.999950 1.327174 6.543258
v 3.000066 1.335008 6.553893
v 2.999928 1.328479 6.541241
v 2.804744 0.002589 6.534384
v 2.804744 0.030661 6.534384
v 2.858304 0.002589 6.401221
v 2.858304 0.030661 6.401221
v 2.815378 0.047634 6.534268
v 2.865903 0.047634 6.408657
v 2.990451 0.002589 6.344769
v 2.990451 0.030661 6.344769
v 2.861196 0.002589 6.666532
v 2.861196 0.030661 6.666532
v 2.868632 0.047634 6.658932
v 2.990567 0.047634 6.355402
v 3.123614 0.002589 6.398329
v 3.123614 0.030661 6.398329
v 2.994543 0.030661 6.720090
v 2.994543 0.002589 6.720090
v 2.994427 0.047634 6.709455
v 3.116179 0.047634 6.405928
v 3.180065 0.002589 6.530293
v 3.180065 0.030661 6.530293
v 3.126507 0.030661 6.663639
v 3.126507 0.002589 6.663639
v 3.118907 0.047634 6.656204
v 3.169430 0.047634 6.530408
v 3.126507 0.002589 6.663639
v 3.126507 0.030661 6.663639
v 3.118907 0.047634 6.656204
v 2.994427 0.047634 6.709455
v 3.118907 0.047634 6.656204
v 2.868632 0.047634 6.658932
v 3.169430 0.047634 6.530408
v 2.815378 0.047634 6.534268
v 3.116179 0.047634 6.405928
v 2.865903 0.047634 6.408657
v 2.990567 0.047634 6.355402
v 3.126507 0.002589 6.663639
v 2.994543 0.002589 6.720090
v 3.180065 0.002589 6.530293
v 2.861196 0.002589 6.666532
v 3.123614 0.002589 6.398329
v 2.804744 0.002589 6.534384
v 2.858304 0.002589 6.401221
v 2.990451 0.002589 6.344769
v 3.019451 0.752687 6.498669
v 3.029984 0.752687 6.506073
v 3.022160 0.746158 6.494789
v 3.033801 0.746158 6.502914
v 3.033801 0.569895 6.502914
v 3.022160 0.569895 6.494789
v 3.037974 0.752687 6.515705
v 3.042718 0.746158 6.513452
v 3.042718 0.569895 6.513452
v 3.033771 0.559450 6.500164
v 3.022124 0.559450 6.491489
v 3.008536 0.569895 6.489803
v 3.008536 0.746158 6.489803
v 3.029984 0.934172 6.506073
v 3.019451 0.934172 6.498669
v 3.007300 0.752687 6.494217
v 3.048538 0.569895 6.525858
v 3.048538 0.746158 6.525858
v 3.042698 0.559450 6.511619
v 3.008496 0.559450 6.486136
v 2.994215 0.569895 6.488126
v 2.994214 0.746158 6.488126
v 3.037974 0.934172 6.515705
v 3.007300 0.934172 6.494217
v 3.015466 0.944618 6.503114
v 3.024341 0.944618 6.509802
v 3.043234 0.752687 6.527200
v 3.050517 0.569895 6.539223
v 3.050517 0.746158 6.539223
v 3.048528 0.559450 6.524941
v 3.033771 0.389062 6.500164
v 3.022124 0.389062 6.491489
v 3.008496 0.389062 6.486136
v 2.994172 0.559450 6.484275
v 2.979749 0.569895 6.490117
v 2.979749 0.746158 6.490117
v 2.994264 0.752687 6.492709
v 3.043234 0.934172 6.527200
v 3.031035 0.944618 6.518348
v 2.994264 0.934172 6.492709
v 3.005152 0.944618 6.499008
v 3.050517 0.569895 6.539223
v 3.050517 0.746158 6.539223
v 3.048830 0.569895 6.552628
v 3.048830 0.746158 6.552628
v 3.050517 0.559450 6.539223
v 3.045017 0.752687 6.539283
v 3.042698 0.389062 6.511619
v 3.048528 0.389062 6.524941
v 3.023754 0.383187 6.489637
v 3.036139 0.383187 6.498671
v 3.009388 0.383187 6.483926
v 2.994173 0.389062 6.484275
v 2.979710 0.559450 6.486450
v 2.966237 0.569895 6.495399
v 2.966237 0.746158 6.495399
v 2.981264 0.752687 6.494501
v 3.045017 0.934172 6.539283
v 3.035364 0.944618 6.528569
v 2.981264 0.934172 6.494501
v 2.994320 0.944618 6.497843
v 3.024341 1.136548 6.509802
v 3.015466 1.136548 6.503114
v 3.043282 0.569895 6.565157
v 3.043282 0.746158 6.565157
v 3.050517 0.559450 6.539223
v 3.048840 0.559450 6.553544
v 3.043500 0.752687 6.551586
v 3.045017 0.752687 6.539283
v 3.050517 0.389062 6.539223
v 3.045619 0.383187 6.510487
v 3.051639 0.383187 6.524357
v 2.994148 0.383187 6.482075
v 2.979710 0.389062 6.486450
v 2.966201 0.559450 6.492098
v 2.954776 0.569895 6.503776
v 2.954776 0.746158 6.503776
v 2.969030 0.752687 6.499219
v 3.045017 0.934172 6.539283
v 3.043500 0.934172 6.551586
v 3.036949 0.944618 6.539371
v 3.031035 1.136548 6.518348
v 2.969030 0.934172 6.499219
v 2.983333 0.944618 6.499246
v 3.005152 1.136548 6.499008
v 3.034598 0.569895 6.576071
v 3.034598 0.746158 6.576071
v 3.043302 0.559450 6.566991
v 3.038490 0.752687 6.563009
v 3.050517 0.389062 6.539223
v 3.048840 0.389062 6.553544
v 3.053817 0.383187 6.539187
v 3.036139 0.213452 6.498671
v 3.045619 0.213452 6.510487
v 3.023754 0.213452 6.489637
v 3.009388 0.213452 6.483926
v 2.994148 0.213452 6.482075
v 2.978769 0.383187 6.484260
v 2.966201 0.389062 6.492098
v 2.954746 0.559450 6.501025
v 2.946091 0.569895 6.514505
v 2.946091 0.746158 6.514505
v 2.958844 0.752687 6.506848
v 3.038490 0.934172 6.563009
v 3.035602 0.944618 6.550388
v 3.036949 0.944618 6.539371
v 3.035364 1.136548 6.528569
v 2.958844 0.934172 6.506848
v 2.973111 0.944618 6.503576
v 2.994320 1.136548 6.497843
v 2.995238 1.136548 6.582002
v 2.984221 1.136548 6.580655
v 2.995238 0.944618 6.582002
v 2.984221 0.944618 6.580655
v 3.006039 1.136548 6.580417
v 3.006039 0.944618 6.580417
v 3.016261 1.136548 6.576088
v 3.016261 0.944618 6.576088
v 3.024988 1.136548 6.569208
v 3.024988 0.944618 6.569208
v 3.031495 0.944618 6.560519
v 3.031495 1.136548 6.560519
v 3.035602 1.136548 6.550388
v 3.036949 1.136548 6.539371
v 3.036949 1.136548 6.539371
v 2.983333 1.136548 6.499246
v 2.973111 1.136548 6.503576
v 2.964568 0.944618 6.510454
v 2.964568 1.136548 6.510454
v 2.957878 0.944618 6.519145
v 2.957878 1.136548 6.519145
v 2.953773 0.944618 6.529459
v 2.953773 1.136548 6.529459
v 2.952424 0.944618 6.540292
v 2.952424 1.136548 6.540292
v 2.954010 0.944618 6.551278
v 2.954010 1.136548 6.551278
v 2.958338 0.944618 6.561316
v 2.958338 1.136548 6.561316
v 2.965216 0.944618 6.569860
v 2.965216 1.136548 6.569860
v 2.973907 1.136548 6.576550
v 2.973907 0.944618 6.576550
v 3.023137 0.746158 6.584448
v 3.023137 0.569895 6.584448
v 3.034626 0.559450 6.578638
v 3.030712 0.752687 6.572813
v 3.043302 0.389062 6.566991
v 3.053817 0.383187 6.539187
v 3.051964 0.383187 6.554244
v 3.051639 0.213452 6.524357
v 3.053817 0.213452 6.539187
v 3.039012 0.205618 6.493138
v 3.049244 0.205618 6.506596
v 3.025699 0.205618 6.483015
v 3.010409 0.205618 6.476580
v 2.994066 0.205618 6.474557
v 2.978769 0.213452 6.484260
v 2.964531 0.383187 6.490283
v 2.954746 0.389062 6.501025
v 2.946071 0.559450 6.512672
v 2.940543 0.569895 6.527036
v 2.940543 0.746158 6.527036
v 2.950882 0.752687 6.516654
v 3.030712 0.934172 6.572813
v 2.950882 0.934172 6.516654
v 2.982258 0.934172 6.585628
v 2.995292 0.934172 6.586952
v 3.008294 0.934172 6.585344
v 3.020343 0.934172 6.580444
v 2.946058 0.934172 6.528260
v 2.944356 0.934172 6.540380
v 2.946324 0.934172 6.552645
v 2.951398 0.934172 6.563959
v 2.959571 0.934172 6.573588
v 2.969921 0.934172 6.580994
v 3.009625 0.746158 6.589730
v 3.009625 0.569895 6.589730
v 3.023171 0.559450 6.587565
v 3.020343 0.752687 6.580444
v 3.034626 0.389062 6.578638
v 3.046247 0.383187 6.568059
v 3.053817 0.213452 6.539187
v 3.051964 0.213452 6.554244
v 3.055650 0.205618 6.522297
v 3.058034 0.205618 6.539141
v 2.977589 0.205618 6.476937
v 2.964531 0.213452 6.490283
v 2.952347 0.383187 6.499584
v 2.946071 0.389062 6.512672
v 2.940533 0.559450 6.526119
v 2.938856 0.569895 6.540440
v 2.938856 0.746158 6.540440
v 2.946058 0.752687 6.528260
v 2.995342 0.746158 6.591536
v 2.995342 0.569895 6.591536
v 3.009665 0.559450 6.593397
v 3.008294 0.752687 6.585344
v 3.023171 0.389062 6.587565
v 3.037028 0.383187 6.580263
v 3.046247 0.213452 6.568059
v 3.058034 0.205618 6.539141
v 3.056018 0.205618 6.556034
v 3.049245 0.048940 6.506596
v 3.055650 0.048940 6.522297
v 3.039012 0.048940 6.493138
v 3.025699 0.048940 6.483015
v 3.010409 0.048940 6.476580
v 2.994066 0.048940 6.474557
v 2.977589 0.048940 6.476937
v 2.962443 0.205618 6.483704
v 2.952347 0.213452 6.499584
v 2.943125 0.383187 6.511604
v 2.940533 0.389062 6.526119
v 2.938856 0.559450 6.540440
v 2.940835 0.569895 6.553805
v 2.940835 0.746158 6.553805
v 2.944356 0.752687 6.540380
v 2.995292 0.752687 6.586952
v 2.982258 0.752687 6.585628
v 2.946324 0.752687 6.552645
v 2.951398 0.752687 6.563959
v 2.959571 0.752687 6.573588
v 2.969921 0.752687 6.580994
v 2.980839 0.746158 6.590044
v 2.980839 0.569895 6.590044
v 2.995384 0.559450 6.595387
v 3.009665 0.389062 6.593397
v 3.024843 0.383187 6.589564
v 3.037028 0.213452 6.580263
v 3.049956 0.205618 6.571869
v 3.058034 0.048940 6.539141
v 3.056018 0.048940 6.556034
v 3.058034 0.048940 6.539141
v 2.962443 0.048940 6.483704
v 2.949353 0.205618 6.494116
v 2.943126 0.213452 6.511604
v 2.937410 0.383187 6.525603
v 2.938856 0.389062 6.540440
v 2.940845 0.559450 6.554721
v 2.946655 0.569895 6.566211
v 2.946655 0.746158 6.566211
v 2.955574 0.746158 6.576933
v 2.967215 0.746158 6.585058
v 2.967215 0.569895 6.585058
v 2.980879 0.559450 6.593711
v 2.995384 0.389062 6.595387
v 3.010604 0.383187 6.595404
v 3.024843 0.213452 6.589564
v 3.040020 0.205618 6.585548
v 3.049956 0.048940 6.571869
v 2.949353 0.048940 6.494116
v 3.040020 0.048940 6.585548
v 3.026930 0.205618 6.595959
v 3.026930 0.048940 6.595959
v 3.011784 0.205618 6.602726
v 3.011784 0.048940 6.602726
v 2.995490 0.205618 6.605104
v 2.995490 0.048940 6.605104
v 2.978964 0.205618 6.603084
v 2.978964 0.048940 6.603084
v 2.963674 0.205618 6.596649
v 2.963674 0.048940 6.596649
v 2.950360 0.205618 6.586525
v 2.950360 0.048940 6.586525
v 2.940312 0.048940 6.573065
v 2.940312 0.205618 6.573065
v 2.933722 0.048940 6.557367
v 2.933722 0.205618 6.557367
v 2.931338 0.048940 6.540522
v 2.931338 0.205618 6.540522
v 2.933355 0.048940 6.523630
v 2.933354 0.205618 6.523630
v 2.939600 0.048940 6.507792
v 2.939600 0.205618 6.507792
v 2.937410 0.213452 6.525603
v 2.935555 0.383187 6.540476
v 2.940845 0.389062 6.554721
v 2.946675 0.559450 6.568045
v 2.955574 0.569895 6.576933
v 2.967249 0.559450 6.588175
v 2.980879 0.389062 6.593711
v 2.995408 0.383187 6.597587
v 3.010604 0.213452 6.595404
v 2.995408 0.213452 6.597587
v 2.979984 0.213452 6.595737
v 2.965621 0.213452 6.590210
v 2.953236 0.213452 6.581176
v 2.943753 0.213452 6.569177
v 2.937736 0.213452 6.555489
v 2.935555 0.213452 6.540476
v 2.937736 0.383187 6.555489
v 2.946675 0.389062 6.568045
v 2.955602 0.559450 6.579500
v 2.967249 0.389062 6.588175
v 2.979984 0.383187 6.595737
v 2.943753 0.383187 6.569177
v 2.955602 0.389062 6.579500
v 2.965621 0.383187 6.590210
v 2.953236 0.383187 6.581176
v 3.002295 1.162009 6.539749
v 3.009629 1.160050 6.539669
v 3.009037 1.160050 6.535825
v 3.016780 1.156133 6.539591
v 3.015985 1.156133 6.533915
v 3.007533 1.160050 6.532357
v 3.009121 1.160050 6.543525
v 3.023931 1.150911 6.539513
v 3.022749 1.150911 6.532007
v 3.013726 1.156133 6.528622
v 3.016109 1.156133 6.545283
v 3.005115 1.160050 6.529266
v 3.007693 1.160050 6.547025
v 3.030531 1.144382 6.539441
v 3.029332 1.144382 6.530285
v 3.019739 1.150911 6.525072
v 3.022913 1.150911 6.547042
v 3.010195 1.156133 6.524259
v 3.013966 1.156133 6.550624
v 2.998558 1.162009 6.533371
v 3.002157 1.160050 6.527098
v 3.005343 1.160050 6.550168
v 3.025570 1.144382 6.521708
v 3.029532 1.144382 6.548620
v 3.036949 1.136548 6.539371
v 3.035364 1.136548 6.528569
v 3.015090 1.150911 6.519072
v 3.020055 1.150911 6.554041
v 3.005571 1.156133 6.520642
v 3.010533 1.156133 6.555245
v 2.998472 1.160050 6.525487
v 3.002435 1.160050 6.552584
v 3.019807 1.144382 6.514435
v 3.031035 1.136548 6.518348
v 3.025958 1.144382 6.557278
v 3.035602 1.136548 6.550388
v 3.008989 1.150911 6.514554
v 3.015537 1.150911 6.560143
v 3.000230 1.156133 6.518500
v 3.005987 1.156133 6.558779
v 2.994618 1.160050 6.525163
v 2.998784 1.160050 6.554090
v 3.024341 1.136548 6.509802
v 3.012411 1.144382 6.508832
v 3.020356 1.144382 6.564857
v 3.031495 1.136548 6.560519
v 3.001990 1.150911 6.511696
v 3.009537 1.150911 6.564792
v 2.994538 1.156133 6.517828
v 3.000694 1.156133 6.561038
v 2.990588 1.160050 6.525573
v 2.994940 1.160050 6.554682
v 3.015466 1.136548 6.503114
v 3.003570 1.144382 6.505261
v 3.024988 1.136548 6.569208
v 3.013084 1.144382 6.570621
v 2.994462 1.150911 6.510861
v 3.002601 1.150911 6.567802
v 2.988679 1.156133 6.518626
v 2.995018 1.156133 6.561833
v 2.990858 1.162009 6.533455
v 2.987123 1.160050 6.527262
v 2.990900 1.160050 6.554176
v 3.005152 1.136548 6.499008
v 2.994388 1.144382 6.504077
v 3.016261 1.136548 6.576088
v 3.004322 1.144382 6.574201
v 2.986771 1.150911 6.511862
v 2.995094 1.150911 6.568800
v 2.983386 1.156133 6.520884
v 2.989143 1.156133 6.561164
v 2.984030 1.160050 6.529496
v 2.987400 1.160050 6.552748
v 2.994320 1.136548 6.497843
v 2.985051 1.144382 6.505463
v 3.006039 1.136548 6.580417
v 2.995168 1.144382 6.575584
v 2.979836 1.150911 6.514871
v 2.987383 1.150911 6.567968
v 2.978842 1.156133 6.524601
v 2.983801 1.156133 6.559021
v 2.981680 1.160050 6.532639
v 2.984257 1.160050 6.550398
v 2.983333 1.136548 6.499246
v 2.976474 1.144382 6.509223
v 2.995238 1.136548 6.582002
v 2.985803 1.144382 6.574403
v 2.973835 1.150911 6.519521
v 2.980384 1.150911 6.565110
v 2.975406 1.156133 6.529040
v 2.979180 1.156133 6.555587
v 2.987424 1.162009 6.538077
v 2.980251 1.160050 6.536139
v 2.981840 1.160050 6.547307
v 2.973111 1.136548 6.503576
v 2.969018 1.144382 6.514989
v 2.984221 1.136548 6.580655
v 2.977147 1.144382 6.571012
v 2.969317 1.150911 6.525622
v 2.974283 1.150911 6.560592
v 2.973264 1.156133 6.534380
v 2.975646 1.156133 6.551042
v 2.979743 1.160050 6.539994
v 2.980335 1.160050 6.543839
v 2.964568 1.136548 6.510454
v 2.963414 1.144382 6.522385
v 2.973907 1.136548 6.576550
v 2.969568 1.144382 6.565411
v 2.966460 1.150911 6.532621
v 2.969633 1.150911 6.554591
v 2.972592 1.156133 6.540072
v 2.973388 1.156133 6.545749
v 2.957878 1.136548 6.519145
v 2.960025 1.144382 6.531041
v 2.965216 1.136548 6.569860
v 2.963802 1.144382 6.557956
v 2.965625 1.150911 6.540148
v 2.966624 1.150911 6.547656
v 2.953773 1.136548 6.529459
v 2.958841 1.144382 6.540222
v 2.958338 1.136548 6.561316
v 2.960225 1.144382 6.549376
v 2.952424 1.136548 6.540292
v 2.954010 1.136548 6.551278
v 2.992318 1.294532 6.516019
v 2.992196 1.294532 6.504835
v 2.986084 1.279517 6.516087
v 2.985962 1.279517 6.504903
v 2.979667 1.219457 6.516157
v 2.979545 1.219457 6.504972
v 2.992196 1.148952 6.504835
v 2.992174 1.145688 6.502818
v 2.979545 1.148952 6.504972
v 2.979523 1.145688 6.502955
v 2.992350 1.201831 6.518953
v 2.992318 1.205748 6.516019
v 2.979699 1.201831 6.519091
v 2.979667 1.205748 6.516157
v 2.992396 1.198567 6.523170
v 2.979745 1.198567 6.523307
v 2.992746 1.198567 6.555256
v 2.980094 1.198567 6.555394
v 2.992792 1.201831 6.559474
v 2.992746 1.198567 6.555256
v 2.980140 1.201831 6.559611
v 2.980094 1.198567 6.555394
v 2.992824 1.205748 6.562407
v 2.980172 1.205748 6.562545
v 2.986726 1.279517 6.574943
v 2.986590 1.279517 6.562475
v 2.980308 1.219457 6.575013
v 2.980172 1.219457 6.562545
v 2.992982 1.145688 6.576892
v 2.992960 1.148952 6.574875
v 2.980330 1.145688 6.577030
v 2.980308 1.148952 6.575013
v 2.992992 1.136548 6.577809
v 2.980340 1.136548 6.577947
v 2.979515 1.136548 6.502222
v 2.992166 1.136548 6.502084
v 2.980340 1.136548 6.577947
v 2.992992 1.136548 6.577809
v 2.992166 1.136548 6.502084
v 2.979515 1.136548 6.502222
v 2.992960 1.294532 6.574875
v 2.992824 1.294532 6.562407
v 2.992818 1.299755 6.561857
v 2.992960 1.330438 6.574875
v 2.992196 1.294532 6.504835
v 2.992196 1.219457 6.504835
v 2.985962 1.279517 6.504903
v 2.979545 1.219457 6.504972
v 2.992318 1.219457 6.516019
v 2.992318 1.294532 6.516019
v 2.979667 1.219457 6.516157
v 2.986084 1.279517 6.516087
v 2.992824 1.294532 6.562407
v 2.992824 1.219457 6.562407
v 2.986590 1.279517 6.562475
v 2.980172 1.219457 6.562545
v 2.992960 1.219457 6.574875
v 2.992960 1.294532 6.574875
v 2.980308 1.219457 6.575013
v 2.986726 1.279517 6.574943
v 2.980330 1.145688 6.577030
v 2.979523 1.145688 6.502955
v 2.979920 1.192691 6.539443
v 3.012740 1.192691 6.539085
v 2.979952 1.192039 6.542376
v 3.012772 1.192039 6.542018
v 2.979986 1.189427 6.545493
v 3.012806 1.189427 6.545135
v 3.012816 1.186816 6.546052
v 2.979996 1.186816 6.546410
v 2.980006 1.179635 6.547327
v 3.012826 1.179635 6.546969
v 2.979996 1.170495 6.546410
v 3.012816 1.170495 6.546052
v 2.979986 1.167884 6.545493
v 3.012806 1.167884 6.545135
v 2.979952 1.163967 6.542376
v 3.012772 1.163967 6.542018
v 2.979920 1.163314 6.539443
v 3.012740 1.163314 6.539085
v 2.992196 1.330438 6.504835
v 2.992324 1.299755 6.516569
v 2.992216 1.334355 6.506668
v 2.992350 1.303019 6.518953
v 2.992260 1.338925 6.510702
v 2.992940 1.334355 6.573041
v 2.992792 1.303019 6.559474
v 2.992898 1.338925 6.569191
v 2.992772 1.338925 6.557640
v 2.992384 1.338925 6.522069
v 2.999906 1.313464 6.539225
v 2.992572 1.313464 6.539305
v 2.999926 1.313464 6.541058
v 2.992592 1.313464 6.541138
v 2.999944 1.314770 6.542708
v 2.992610 1.314770 6.542789
v 2.999966 1.318687 6.544725
v 2.992632 1.318687 6.544806
v 2.992550 1.313464 6.537288
v 2.999884 1.313464 6.537208
v 2.992532 1.314770 6.535638
v 2.999866 1.314770 6.535558
v 2.999844 1.318687 6.533541
v 2.992510 1.318687 6.533621
v 2.992508 1.323257 6.533437
v 2.999842 1.323257 6.533357
v 2.992526 1.327174 6.535088
v 2.999860 1.327174 6.535007
v 2.992548 1.328479 6.537105
v 2.999882 1.328479 6.537024
v 2.992572 1.329132 6.539305
v 2.999906 1.329132 6.539225
v 2.992572 1.329132 6.539305
v 2.999906 1.329132 6.539225
v 2.992594 1.328479 6.541321
v 2.999928 1.328479 6.541241
v 2.992616 1.327174 6.543338
v 2.999950 1.327174 6.543258
v 2.992634 1.323257 6.544989
v 2.999968 1.323257 6.544909
v 2.999730 1.198567 6.523089
v 2.999684 1.201831 6.518873
v 2.999652 1.205748 6.515939
v 2.999652 1.219457 6.515939
v 2.999652 1.294532 6.515939
v 2.992324 1.299755 6.516569
v 2.999658 1.299755 6.516489
v 2.992350 1.303019 6.518953
v 2.999684 1.303019 6.518873
v 2.992396 1.306283 6.523170
v 2.999730 1.306283 6.523089
v 2.992746 1.306283 6.555256
v 3.000080 1.306283 6.555176
v 2.992792 1.303019 6.559474
v 3.000126 1.303019 6.559393
v 2.992818 1.299755 6.561857
v 3.000152 1.299755 6.561777
v 3.000158 1.294532 6.562327
v 3.000158 1.219457 6.562327
v 3.000158 1.205748 6.562327
v 3.000126 1.201831 6.559393
v 3.000080 1.198567 6.555176
v 3.000080 1.198567 6.555176
v 2.999718 1.338925 6.521989
v 2.999594 1.338925 6.510622
v 2.992384 1.338925 6.522069
v 2.992260 1.338925 6.510702
v 2.999758 1.335008 6.525657
v 2.992424 1.335008 6.525737
v 2.999550 1.334355 6.506588
v 2.992216 1.334355 6.506668
v 2.999530 1.330438 6.504755
v 2.992196 1.330438 6.504835
v 2.999530 1.219457 6.504755
v 2.999530 1.148952 6.504755
v 2.999508 1.145688 6.502738
v 2.999500 1.136548 6.502004
v 2.999500 1.136548 6.502004
v 3.000326 1.136548 6.577729
v 3.000326 1.136548 6.577729
v 3.000316 1.145688 6.576812
v 3.000294 1.148952 6.574795
v 3.000294 1.219457 6.574795
v 3.000294 1.330438 6.574795
v 3.000274 1.334355 6.572961
v 2.992960 1.330438 6.574875
v 2.992940 1.334355 6.573041
v 3.000232 1.338925 6.569111
v 2.992898 1.338925 6.569191
v 3.000106 1.338925 6.557560
v 2.992772 1.338925 6.557640
v 3.000066 1.335008 6.553893
v 2.992732 1.335008 6.553973
v 2.999530 1.294532 6.504755
v 3.000294 1.294532 6.574795
v 3.005947 1.279517 6.504685
v 2.999530 1.294532 6.504755
v 3.006069 1.279517 6.515869
v 2.999652 1.294532 6.515939
v 3.012365 1.219457 6.504615
v 3.012487 1.219457 6.515799
v 3.012343 1.145688 6.502598
v 3.012365 1.148952 6.504615
v 3.012487 1.205748 6.515799
v 3.012519 1.201831 6.518733
v 3.012565 1.198567 6.522950
v 3.012914 1.198567 6.555036
v 3.012914 1.198567 6.555036
v 3.012960 1.201831 6.559254
v 3.012992 1.205748 6.562187
v 3.012992 1.219457 6.562187
v 3.006575 1.279517 6.562257
v 3.013128 1.219457 6.574655
v 3.006711 1.279517 6.574725
v 3.013128 1.148952 6.574655
v 3.013150 1.145688 6.576672
v 3.013160 1.136548 6.577589
v 3.013160 1.136548 6.577589
v 3.012335 1.136548 6.501864
v 3.012335 1.136548 6.501864
v 3.000158 1.294532 6.562327
v 3.000294 1.294532 6.574795
v 3.012365 1.219457 6.504615
v 3.005947 1.279517 6.504685
v 3.006069 1.279517 6.515869
v 3.012487 1.219457 6.515799
v 3.012992 1.219457 6.562187
v 3.006575 1.279517 6.562257
v 3.006711 1.279517 6.574725
v 3.013128 1.219457 6.574655
v 3.012343 1.145688 6.502598
v 3.013150 1.145688 6.576672
v 2.979920 1.192691 6.539443
v 2.979887 1.192039 6.536325
v 3.012740 1.192691 6.539085
v 3.012707 1.192039 6.535968
v 2.979852 1.189427 6.533208
v 3.012672 1.189427 6.532851
v 3.012662 1.186816 6.531934
v 2.979842 1.186816 6.532291
v 2.979832 1.179635 6.531375
v 3.012652 1.179635 6.531017
v 2.979842 1.170495 6.532291
v 3.012662 1.170495 6.531934
v 2.979852 1.167884 6.533208
v 3.012672 1.167884 6.532851
v 2.979887 1.163967 6.536325
v 3.012707 1.163967 6.535968
v 3.000152 1.299755 6.561777
v 3.000294 1.330438 6.574795
v 2.999658 1.299755 6.516489
v 2.999530 1.330438 6.504755
v 2.999684 1.303019 6.518873
v 2.999550 1.334355 6.506588
v 2.999594 1.338925 6.510622
v 3.000126 1.303019 6.559393
v 3.000274 1.334355 6.572961
v 3.000232 1.338925 6.569111
v 3.000106 1.338925 6.557560
v 2.999718 1.338925 6.521989
vn 0.2175 0.9673 -0.1304
vn 0.0020 0.9999 -0.0151
vn 0.2267 0.9721 -0.0609
vn 0.2202 0.9673 0.1256
vn 0.2280 0.9723 0.0522
vn 0.1613 0.9723 -0.1690
vn 0.1779 0.9688 0.1727
vn 0.1266 0.9674 0.2194
vn -0.0006 0.9672 -0.2540
vn 0.0608 0.9711 -0.2306
vn 0.0659 0.9685 0.2402
vn -0.0658 0.9711 -0.2292
vn 0.0006 0.9672 0.2539
vn -0.0607 0.9685 0.2416
vn -0.1218 0.9674 0.2221
vn -0.1649 0.9723 -0.1654
vn -0.2073 0.9715 -0.1145
vn -0.1741 0.9688 0.1765
vn -0.2393 0.9684 0.0705
vn -0.2175 0.9673 0.1304
vn -0.2359 0.9718 0.0007
vn -0.9999 -0.0000 0.0109
vn -0.9999 -0.0000 0.0108
vn 0.9999 -0.0000 -0.0109
vn 0.9999 -0.0000 -0.0108
vn 0.9999 -0.0000 -0.0110
vn -0.9278 -0.0000 -0.3732
vn -0.8043 0.4989 -0.3229
vn -0.8043 0.4988 -0.3229
vn -0.3913 -0.0000 -0.9203
vn -0.3912 -0.0000 -0.9203
vn -0.9196 -0.0000 0.3929
vn -0.9195 -0.0000 0.3932
vn -0.9194 -0.0000 0.3933
vn -0.9196 -0.0000 0.3928
vn -0.7971 0.4989 0.3403
vn -0.3408 0.5012 -0.7954
vn -0.3409 0.5012 -0.7954
vn -0.3408 0.5013 -0.7953
vn -0.3409 0.5012 -0.7953
vn -0.3409 0.5013 -0.7953
vn 0.3710 -0.0000 -0.9286
vn 0.3711 -0.0000 -0.9286
vn -0.3710 -0.0038 0.9286
vn -0.3711 -0.0038 0.9286
vn -0.3235 0.4980 0.8046
vn -0.3234 0.4980 0.8046
vn 0.3233 0.5011 -0.8027
vn 0.3235 0.5013 -0.8025
vn 0.3234 0.5013 -0.8026
vn 0.3234 0.5012 -0.8027
vn 0.9194 -0.0000 -0.3933
vn 0.3912 -0.0000 0.9203
vn 0.3409 0.4981 0.7973
vn 0.3409 0.4980 0.7973
vn 0.7971 0.4982 -0.3413
vn 0.7970 0.4982 -0.3413
vn 0.9279 -0.0000 0.3727
vn 0.9278 -0.0000 0.3732
vn 0.9278 -0.0000 0.3730
vn 0.8042 0.5003 0.3208
vn 0.8043 0.5003 0.3207
vn 0.0022 1.0000 -0.0000
vn 0.0022 -1.0000 -0.0000
vn 0.3693 0.5915 -0.7168
vn 0.5297 0.6081 -0.5913
vn 0.3775 0.5913 -0.7127
vn 0.5372 0.6126 -0.5798
vn 0.6731 0.0076 -0.7395
vn 0.4624 0.0152 -0.8866
vn 0.6732 -0.0000 -0.7395
vn 0.4624 -0.0000 -0.8867
vn 0.6539 0.6301 -0.4188
vn 0.6605 0.6285 -0.4107
vn 0.8441 0.0075 -0.5361
vn 0.8417 -0.0000 -0.5400
vn 0.6954 0.0076 -0.7185
vn 0.4854 0.0151 -0.8741
vn 0.2295 0.0227 -0.9730
vn 0.2296 -0.0000 -0.9733
vn 0.6763 -0.0000 -0.7366
vn 0.4662 -0.0000 -0.8847
vn 0.6764 -0.0000 -0.7366
vn 0.4662 0.0302 -0.8841
vn 0.1889 0.5786 -0.7934
vn 0.1931 0.5787 -0.7923
vn 0.9581 -0.0000 -0.2865
vn 0.8579 0.0075 -0.5137
vn 0.2465 0.0151 -0.9690
vn -0.0131 0.0227 -0.9997
vn -0.0089 -0.0000 -1.0000
vn 0.8465 -0.0000 -0.5323
vn 0.8466 -0.0000 -0.5323
vn 0.2338 -0.0000 -0.9723
vn 0.2338 0.0227 -0.9720
vn 0.4893 0.0303 -0.8716
vn 0.5764 0.5266 -0.6248
vn 0.5872 0.5318 -0.6103
vn 0.7342 0.6414 -0.2227
vn 0.7343 0.6437 -0.2156
vn 0.9630 -0.0000 -0.2697
vn 0.6954 0.0151 -0.7184
vn 0.4893 0.0151 -0.8720
vn -0.2507 0.0227 -0.9678
vn -0.2507 -0.0000 -0.9681
vn -0.0068 0.5743 -0.8186
vn -0.0069 0.5743 -0.8186
vn 0.6985 0.5671 -0.4364
vn 0.7048 0.5700 -0.4223
vn -0.0087 -0.0000 -1.0000
vn -0.0087 0.0227 -0.9997
vn 0.2465 0.0302 -0.9687
vn 0.9999 -0.0001 -0.0109
vn 0.9641 0.0038 0.2655
vn 0.9641 0.0037 0.2655
vn 0.7626 0.6469 -0.0065
vn 0.7626 0.6469 -0.0064
vn 0.8579 0.0151 -0.5136
vn 0.9630 0.0225 -0.2687
vn 0.4816 0.0152 -0.8762
vn 0.6891 0.0152 -0.7245
vn 0.2422 0.0152 -0.9701
vn -0.0087 0.0151 -0.9998
vn -0.2676 0.0152 -0.9634
vn -0.4816 0.0152 -0.8763
vn -0.4815 -0.0000 -0.8764
vn -0.2061 0.5786 -0.7891
vn -0.2103 0.5787 -0.7880
vn 0.9581 -0.0000 -0.2864
vn 0.7686 0.5978 -0.2280
vn 0.7715 0.5986 -0.2156
vn -0.2549 -0.0000 -0.9670
vn -0.2549 0.0227 -0.9667
vn -0.0088 0.0302 -0.9995
vn 0.6986 -0.0000 -0.7155
vn 0.6986 -0.0000 -0.7156
vn 0.4893 -0.0000 -0.8721
vn 0.8556 0.0075 0.5175
vn 0.8534 0.0038 0.5213
vn 0.9686 0.0038 0.2486
vn 0.7389 0.6414 0.2066
vn 0.7388 0.6437 0.1995
vn 0.7388 0.6437 0.1994
vn 0.9997 0.0219 -0.0109
vn 0.8557 0.0151 -0.5173
vn 0.9618 0.0151 -0.2734
vn -0.2676 0.0151 -0.9634
vn -0.5044 0.0152 -0.8633
vn -0.6891 0.0076 -0.7246
vn -0.6895 -0.0000 -0.7243
vn -0.3849 0.5915 -0.7085
vn -0.3929 0.5912 -0.7043
vn 0.7954 0.6060 -0.0106
vn 0.7686 0.5978 -0.2279
vn 0.8602 -0.0000 -0.5100
vn -0.4854 -0.0000 -0.8743
vn -0.4854 0.0302 -0.8738
vn -0.2676 0.0302 -0.9631
vn 0.2465 -0.0000 -0.9691
vn 0.6891 0.0076 0.7246
vn 0.6891 -0.0000 0.7246
vn 0.8689 0.0038 0.4949
vn 0.6629 0.6280 0.4076
vn 0.6694 0.6285 0.3962
vn 0.9997 0.0218 -0.0109
vn 0.9686 0.0188 0.2480
vn 0.9998 0.0176 -0.0109
vn 0.6891 -0.0000 -0.7246
vn 0.8557 0.0301 -0.5167
vn 0.4817 -0.0000 -0.8763
vn 0.2423 -0.0000 -0.9702
vn -0.0088 -0.0000 -1.0000
vn -0.2634 0.0151 -0.9646
vn -0.5082 0.0151 -0.8611
vn -0.7110 0.0076 -0.7032
vn -0.8556 0.0076 -0.5175
vn -0.8532 -0.0000 -0.5215
vn -0.5424 0.6088 -0.5789
vn -0.5497 0.6133 -0.5672
vn 0.8579 -0.0000 0.5138
vn 0.8579 -0.0000 0.5139
vn 0.7733 0.5991 0.2077
vn 0.7760 0.5986 0.1988
vn 0.7954 0.6060 -0.0104
vn 0.7760 0.5986 0.1987
vn 0.7954 0.6060 -0.0105
vn 0.9629 -0.0000 -0.2698
vn 0.9629 -0.0000 -0.2697
vn -0.6923 -0.0000 -0.7216
vn -0.6922 -0.0000 -0.7217
vn -0.5081 0.0302 -0.8607
vn 0.0131 -0.0000 0.9999
vn -0.2465 -0.0000 0.9691
vn 0.0131 0.0303 0.9995
vn -0.2465 0.0302 0.9687
vn 0.2676 0.0038 0.9635
vn 0.2676 0.0264 0.9632
vn 0.5082 -0.0000 0.8612
vn 0.5082 0.0302 0.8607
vn 0.7140 -0.0000 0.7002
vn 0.7140 -0.0000 0.7001
vn 0.8710 -0.0000 0.4913
vn 0.9686 0.0037 0.2486
vn -0.2676 -0.0000 -0.9635
vn -0.5082 -0.0000 -0.8612
vn -0.7140 -0.0000 -0.7001
vn -0.8711 -0.0000 -0.4911
vn -0.9686 -0.0000 -0.2487
vn -0.9629 0.0038 0.2697
vn -0.8602 -0.0000 0.5100
vn -0.6986 0.0038 0.7155
vn -0.4892 0.0038 0.8721
vn -0.4893 0.0341 0.8715
vn 0.4815 -0.0000 0.8764
vn 0.4816 0.0151 0.8763
vn 0.7110 0.0076 0.7032
vn 0.5424 0.6107 0.5769
vn 0.5498 0.6100 0.5707
vn 0.8689 0.0189 0.4946
vn 0.9998 0.0175 -0.0109
vn 0.9675 0.0151 0.2524
vn 0.9606 0.0300 -0.2765
vn 0.9996 0.0262 -0.0092
vn 0.5554 0.5950 -0.5810
vn 0.5735 0.5874 -0.5711
vn 0.8668 0.0301 -0.4978
vn 0.3658 0.6419 -0.6739
vn 0.3860 0.6407 -0.6637
vn 0.1768 0.6719 -0.7192
vn 0.1897 0.6715 -0.7163
vn -0.0101 0.6854 -0.7281
vn -0.2634 -0.0000 -0.9647
vn -0.5006 0.0151 -0.8655
vn -0.7109 0.0152 -0.7031
vn -0.8689 0.0076 -0.4949
vn -0.9641 -0.0000 -0.2655
vn -0.6629 0.6266 -0.4098
vn -0.6694 0.6291 -0.3952
vn 0.6923 -0.0000 0.7216
vn 0.6922 -0.0000 0.7217
vn 0.7078 0.5671 0.4211
vn 0.7138 0.5722 0.4038
vn -0.8579 -0.0000 -0.5139
vn -0.8579 -0.0000 -0.5138
vn -0.5899 0.5273 -0.6115
vn -0.6003 0.5325 -0.5967
vn -0.2338 0.0264 0.9719
vn 0.0131 0.0227 0.9997
vn 0.2549 0.0264 0.9666
vn 0.4854 0.0302 0.8738
vn 0.6004 0.5318 0.5973
vn 0.5899 0.5295 0.6096
vn -0.7139 0.5706 -0.4059
vn -0.7079 0.5677 -0.4202
vn -0.7760 0.5966 -0.2045
vn -0.7733 0.5988 -0.2084
vn -0.7954 0.6060 0.0087
vn -0.7715 0.5978 0.2178
vn -0.7686 0.5975 0.2287
vn -0.7049 0.5706 0.4214
vn -0.6985 0.5700 0.4326
vn -0.5872 0.5296 0.6122
vn -0.5764 0.5273 0.6243
vn -0.4663 0.0303 0.8841
vn 0.2507 -0.0000 0.9681
vn 0.2507 0.0227 0.9678
vn 0.5044 0.0151 0.8634
vn 0.3848 0.5944 0.7061
vn 0.3929 0.5913 0.7043
vn 0.7109 0.0152 0.7031
vn 0.8667 0.0151 0.4986
vn 0.9996 0.0262 -0.0091
vn 0.9664 0.0300 0.2554
vn 0.9641 0.0226 -0.2645
vn -0.2053 0.6715 -0.7120
vn -0.1925 0.6719 -0.7152
vn -0.5006 -0.0000 -0.8657
vn -0.7048 0.0152 -0.7093
vn -0.8689 0.0152 -0.4947
vn -0.7388 0.6423 -0.2039
vn -0.7389 0.6423 -0.2038
vn 0.4854 -0.0000 0.8743
vn 0.0130 -0.0000 0.9999
vn 0.2676 0.0189 0.9634
vn 0.2061 0.5786 0.7891
vn 0.2103 0.5757 0.7901
vn 0.5082 0.0151 0.8611
vn 0.7048 0.0151 0.7093
vn 0.8667 0.0301 0.4979
vn 0.9697 0.0264 0.2431
vn 0.8668 -0.0000 -0.4987
vn 0.9654 -0.0000 -0.2610
vn 0.7110 -0.0000 -0.7032
vn 0.5006 -0.0000 -0.8657
vn 0.2550 -0.0000 -0.9669
vn -0.2760 -0.0000 -0.9612
vn -0.4004 0.6414 -0.6544
vn -0.3803 0.6426 -0.6652
vn -0.7047 -0.0000 -0.7095
vn -0.8667 0.0152 -0.4986
vn -0.9686 0.0228 -0.2477
vn -0.9581 0.0038 0.2864
vn -0.7626 0.6469 0.0045
vn 0.2549 0.0038 0.9669
vn -0.2338 0.0038 0.9723
vn -0.9581 0.0038 0.2865
vn -0.8465 0.0038 0.5324
vn -0.6764 -0.0000 0.7365
vn -0.4663 -0.0000 0.8846
vn -0.2296 -0.0000 0.9733
vn -0.2295 0.0227 0.9730
vn 0.0110 0.5743 0.8186
vn 0.0111 0.5743 0.8186
vn 0.2676 0.0113 0.9635
vn 0.5006 0.0114 0.8656
vn 0.7048 -0.0000 0.7094
vn 0.8774 0.0301 0.4788
vn 0.9707 -0.0000 0.2402
vn -0.5193 -0.0000 -0.8546
vn -0.5679 0.5956 -0.5680
vn -0.5857 0.5881 -0.5577
vn -0.8667 0.0302 -0.4979
vn -0.9675 0.0151 -0.2524
vn -0.9997 0.0215 0.0071
vn -0.8442 0.0076 0.5360
vn -0.8418 0.0038 0.5397
vn -0.7342 0.6423 0.2198
vn -0.7342 0.6423 0.2199
vn -0.1931 0.5757 0.7945
vn -0.1889 0.5786 0.7934
vn -0.6605 0.6271 0.4129
vn -0.6539 0.6266 0.4241
vn -0.5372 0.6133 0.5791
vn -0.5297 0.6088 0.5906
vn -0.3775 0.5913 0.7127
vn -0.3694 0.5944 0.7143
vn -0.4624 0.0038 0.8867
vn -0.4624 0.0189 0.8865
vn -0.2465 0.0151 0.9690
vn 0.0087 0.0151 0.9998
vn 0.2634 0.0114 0.9646
vn 0.5006 0.0038 0.8657
vn 0.5680 0.5923 0.5715
vn 0.5857 0.5900 0.5557
vn 0.8774 -0.0000 0.4797
vn -0.7261 -0.0000 -0.6876
vn 0.7261 -0.0000 0.6876
vn 0.7261 -0.0001 0.6876
vn 0.5193 -0.0000 0.8546
vn 0.2760 0.0038 0.9612
vn -0.2549 -0.0000 0.9670
vn -0.5006 0.0038 0.8657
vn -0.5007 0.0038 0.8656
vn -0.7110 -0.0000 0.7032
vn -0.8667 0.0038 0.4988
vn -0.8668 0.0264 0.4980
vn -0.9653 -0.0000 0.2613
vn -0.9641 0.0227 0.2644
vn -0.9997 0.0215 0.0147
vn -0.9707 -0.0000 -0.2402
vn -0.9697 0.0227 -0.2434
vn -0.8775 -0.0000 -0.4796
vn -0.8774 0.0303 -0.4788
vn -0.9664 0.0303 -0.2554
vn -0.9998 0.0171 0.0070
vn -0.9630 0.0190 0.2690
vn -0.8579 0.0038 0.5138
vn -0.6731 0.0114 0.7394
vn -0.6732 0.0038 0.7395
vn -0.4854 0.0189 0.8741
vn -0.2465 0.0152 0.9690
vn 0.0088 0.0152 0.9998
vn 0.2634 0.0038 0.9647
vn 0.3803 0.6446 0.6632
vn 0.4004 0.6407 0.6551
vn 0.2053 0.6715 0.7120
vn 0.1924 0.6719 0.7152
vn 0.0057 0.6854 0.7281
vn -0.1897 0.6715 0.7163
vn -0.1768 0.6719 0.7192
vn -0.3860 0.6387 0.6656
vn -0.3658 0.6426 0.6733
vn -0.5734 0.5881 0.5704
vn -0.5554 0.5956 0.5803
vn -0.8557 0.0302 0.5167
vn -0.9606 0.0303 0.2764
vn -0.9996 0.0262 0.0110
vn -0.9618 0.0189 0.2732
vn -0.8579 0.0189 0.5134
vn -0.6954 0.0113 0.7185
vn -0.4892 0.0114 0.8721
vn -0.2423 0.0114 0.9701
vn -0.8557 0.0152 0.5173
vn -0.6954 0.0189 0.7183
vn -0.4816 0.0114 0.8763
vn -0.2423 0.0038 0.9702
vn -0.4816 0.0038 0.8764
vn -0.6891 0.0151 0.7245
vn -0.6892 -0.0000 0.7246
vn 0.2231 0.9748 -0.0024
vn 0.4052 0.9142 -0.0063
vn 0.3920 0.9129 -0.1134
vn 0.5471 0.8371 -0.0079
vn 0.5234 0.8387 -0.1502
vn 0.3505 0.9141 -0.2041
vn 0.3944 0.9129 0.1048
vn 0.6585 0.7526 -0.0053
vn 0.6332 0.7531 -0.1788
vn 0.4690 0.8389 -0.2761
vn 0.5264 0.8394 0.1350
vn 0.2833 0.9144 -0.2891
vn 0.3549 0.9132 0.2001
vn 0.7454 0.6666 -0.0081
vn 0.7194 0.6642 -0.2030
vn 0.5652 0.7526 -0.3378
vn 0.6370 0.7530 0.1650
vn 0.3810 0.8374 -0.3919
vn 0.4749 0.8389 0.2658
vn 0.1091 0.9748 -0.1944
vn 0.1979 0.9138 -0.3546
vn 0.2896 0.9144 0.2828
vn 0.6410 0.6648 -0.3835
vn 0.7236 0.6653 0.1837
vn 0.7765 0.6301 -0.0104
vn 0.7489 0.6278 -0.2121
vn 0.4591 0.7515 -0.4737
vn 0.5724 0.7541 0.3220
vn 0.2646 0.8389 -0.4756
vn 0.3894 0.8374 0.3835
vn 0.0983 0.9154 -0.3905
vn 0.2055 0.9152 0.3467
vn 0.5192 0.6688 -0.5321
vn 0.6672 0.6308 -0.3961
vn 0.6493 0.6666 0.3662
vn 0.7533 0.6278 0.1958
vn 0.3218 0.7505 -0.5772
vn 0.4694 0.7515 0.4636
vn 0.1357 0.8365 -0.5309
vn 0.2750 0.8389 0.4698
vn -0.0066 0.9150 -0.4035
vn 0.1067 0.9154 0.3882
vn 0.5411 0.6324 -0.5543
vn 0.3660 0.6633 -0.6527
vn 0.5307 0.6664 0.5236
vn 0.6757 0.6288 0.3847
vn 0.1648 0.7503 -0.6402
vn 0.3342 0.7528 0.5671
vn -0.0037 0.8398 -0.5429
vn 0.1473 0.8365 0.5278
vn -0.1067 0.9154 -0.3882
vn 0.0022 0.9150 0.4035
vn 0.3778 0.6308 -0.6777
vn 0.1853 0.6659 -0.7226
vn 0.5531 0.6299 0.5453
vn 0.3801 0.6660 0.6419
vn -0.0050 0.7535 -0.6574
vn 0.1787 0.7503 0.6365
vn -0.1472 0.8365 -0.5278
vn 0.0038 0.8397 0.5430
vn -0.1133 0.9748 -0.1919
vn -0.2056 0.9138 -0.3502
vn -0.0982 0.9154 0.3904
vn 0.1936 0.6321 -0.7503
vn -0.0103 0.6687 -0.7434
vn 0.3926 0.6308 0.6694
vn 0.2011 0.6687 0.7158
vn -0.1786 0.7504 -0.6364
vn 0.0094 0.7535 0.6574
vn -0.2748 0.8396 -0.4686
vn -0.1357 0.8365 0.5309
vn -0.2896 0.9149 -0.2814
vn -0.1980 0.9152 0.3511
vn -0.0107 0.6285 -0.7777
vn -0.2010 0.6666 -0.7178
vn 0.2100 0.6292 0.7483
vn 0.0103 0.6687 0.7434
vn -0.3343 0.7512 -0.5692
vn -0.1648 0.7503 0.6402
vn -0.3894 0.8375 -0.3834
vn -0.2645 0.8377 0.4778
vn -0.3549 0.9127 -0.2022
vn -0.2833 0.9137 0.2913
vn -0.2099 0.6321 -0.7459
vn -0.3801 0.6640 -0.6439
vn 0.0106 0.6285 0.7777
vn -0.1853 0.6666 0.7220
vn -0.4693 0.7521 -0.4626
vn -0.3218 0.7512 0.5763
vn -0.4750 0.8371 -0.2716
vn -0.3810 0.8374 0.3919
vn -0.2152 0.9752 -0.0524
vn -0.3944 0.9131 -0.1031
vn -0.3505 0.9127 0.2099
vn -0.3925 0.6308 -0.6693
vn -0.5308 0.6647 -0.5257
vn -0.1935 0.6292 0.7527
vn -0.3660 0.6640 0.6520
vn -0.5725 0.7531 -0.3241
vn -0.4592 0.7541 0.4695
vn -0.5265 0.8390 -0.1370
vn -0.4690 0.8382 0.2782
vn -0.4053 0.9142 0.0025
vn -0.3921 0.9136 0.1079
vn -0.5531 0.6281 -0.5473
vn -0.6493 0.6660 -0.3673
vn -0.3778 0.6308 0.6777
vn -0.5192 0.6647 0.5372
vn -0.6369 0.7538 -0.1618
vn -0.5653 0.7531 0.3366
vn -0.5471 0.8371 0.0060
vn -0.5234 0.8390 0.1485
vn -0.6757 0.6314 -0.3805
vn -0.7237 0.6646 -0.1858
vn -0.5411 0.6281 0.5592
vn -0.6411 0.6679 0.3780
vn -0.6584 0.7526 0.0110
vn -0.6332 0.7538 0.1756
vn -0.7533 0.6283 -0.1943
vn -0.7453 0.6666 0.0119
vn -0.6672 0.6314 0.3952
vn -0.7195 0.6646 0.2016
vn -0.7764 0.6301 0.0085
vn -0.7490 0.6294 0.2071
vn -0.9203 0.3912 0.0081
vn -0.9203 0.3912 0.0100
vn -0.9944 0.1046 0.0127
vn -0.0072 0.5109 -0.8596
vn -0.0072 0.5108 -0.8597
vn -0.0094 0.5108 -0.8597
vn 0.0101 0.6048 0.7963
vn 0.0113 0.3476 0.9376
vn 0.0087 0.6048 0.7963
vn 0.0102 0.3477 0.9376
vn 0.0084 0.8230 0.5680
vn 0.0084 0.8230 0.5681
vn -0.0047 0.8229 -0.5681
vn -0.0040 0.8230 -0.5681
vn -0.0062 0.8230 -0.5681
vn -0.0091 0.3477 -0.9376
vn -0.0080 0.3476 -0.9376
vn -0.9944 0.1047 0.0127
vn -0.9944 0.1047 0.0108
vn 0.0094 0.5108 0.8597
vn 0.0116 0.5108 0.8596
vn 0.0116 0.5109 0.8596
vn 0.0131 0.0905 0.9958
vn -0.0087 0.0905 -0.9959
vn 0.0131 -0.0076 0.9999
vn -0.0087 -0.0076 -0.9999
vn -0.0002 -0.9744 -0.2246
vn -0.0003 -0.9744 -0.2248
vn -0.0024 -0.9744 -0.2246
vn -0.0050 -0.7485 -0.6631
vn -0.0072 -0.7485 -0.6631
vn -0.0101 -0.3687 -0.9295
vn -0.0079 -0.3686 -0.9295
vn -0.0086 -0.1205 -0.9927
vn -0.0108 -0.1205 -0.9927
vn -0.0087 0.0981 -0.9951
vn -0.0108 0.0980 -0.9951
vn -0.0082 0.3119 -0.9501
vn -0.0104 0.3120 -0.9500
vn -0.0058 0.6744 -0.7384
vn -0.0059 0.6743 -0.7384
vn -0.0007 0.9633 -0.2685
vn 0.0030 0.9972 0.0754
vn -0.0055 0.8635 -0.5042
vn -0.0033 0.8635 -0.5043
vn -0.0033 0.8635 -0.5044
vn -0.0055 0.8635 -0.5044
vn -0.0109 0.0529 -0.9985
vn -0.0087 0.0529 -0.9986
vn 0.0014 0.9972 -0.0754
vn -0.0008 0.9972 -0.0754
vn 0.0077 0.8635 0.5043
vn 0.0055 0.8635 0.5044
vn 0.0095 0.4913 0.8710
vn 0.0117 0.4912 0.8709
vn 0.0131 0.0527 0.9985
vn 0.0109 0.0528 0.9985
vn 0.0122 -0.3896 0.9209
vn 0.0100 -0.3896 0.9209
vn 0.0089 -0.7872 0.6166
vn 0.0067 -0.7872 0.6166
vn 0.0008 -0.9971 0.0755
vn 0.0030 -0.9971 0.0755
vn 0.0014 -0.9971 -0.0756
vn -0.0008 -0.9971 -0.0755
vn 0.0014 -0.9971 -0.0755
vn -0.0045 -0.7872 -0.6167
vn -0.0067 -0.7872 -0.6167
vn -0.0078 -0.3895 -0.9210
vn -0.0100 -0.3896 -0.9209
vn 0.0076 0.8229 0.5681
vn 0.0109 0.3476 0.9376
vn 0.0102 -0.3474 0.9376
vn 0.0124 -0.3475 0.9376
vn 0.0109 -0.6048 0.7963
vn 0.0087 -0.6048 0.7963
vn 0.0084 -0.8230 0.5680
vn -0.0040 -0.8230 -0.5681
vn -0.0040 -0.8229 -0.5681
vn -0.0062 -0.8229 -0.5681
vn -0.0065 -0.6048 -0.7964
vn -0.0080 -0.3475 -0.9377
vn -0.0102 -0.3474 -0.9376
vn -0.0095 0.3476 -0.9376
vn -0.0072 0.6048 -0.7963
vn 0.0100 0.6964 0.7176
vn 0.0100 0.6963 0.7177
vn 0.0100 0.6963 0.7176
vn -0.0061 0.6460 -0.7633
vn -0.0061 0.6459 -0.7634
vn -0.0076 0.4444 -0.8958
vn -0.0098 0.4445 -0.8957
vn 0.0130 0.0906 0.9958
vn 0.0098 0.4445 0.8957
vn 0.0120 0.4445 0.8957
vn 0.0120 0.4444 0.8957
vn 0.0120 0.4446 0.8957
vn 0.0105 0.6460 0.7633
vn 0.0120 0.4446 0.8956
vn -0.0056 0.6963 -0.7177
vn -0.0056 0.6964 -0.7177
vn 0.9203 0.3912 -0.0100
vn 0.9203 0.3912 -0.0081
vn 0.9944 0.1047 -0.0108
vn 0.9945 0.1046 -0.0108
vn 0.0124 0.3476 0.9376
vn 0.0109 0.6048 0.7963
vn -0.0102 0.3476 -0.9376
vn 0.0094 0.5108 0.8596
vn 0.9203 0.3911 -0.0081
vn -0.0024 -0.9745 -0.2246
vn 0.0024 -0.9744 0.2246
vn -0.0003 -0.9745 -0.2246
vn 0.0047 -0.9744 0.2246
vn 0.0072 -0.7485 0.6631
vn 0.0094 -0.7485 0.6631
vn 0.0123 -0.3686 0.9295
vn 0.0101 -0.3686 0.9295
vn 0.0130 -0.1205 0.9926
vn 0.0130 0.0982 0.9951
vn 0.0131 0.0981 0.9951
vn 0.0104 0.3119 0.9500
vn 0.0126 0.3119 0.9500
vn 0.0102 0.6744 0.7383
vn 0.0103 0.6744 0.7383
vn 0.0102 0.6743 0.7384
vn 0.0051 0.9633 0.2684
vt 0.969030 0.809920
vt 0.970970 0.810700
vt 0.968910 0.810420
vt 0.969280 0.811910
vt 0.969030 0.811480
vt 0.969280 0.809420
vt 0.970970 0.810630
vt 0.969640 0.812260
vt 0.970120 0.812550
vt 0.970720 0.808640
vt 0.970120 0.808790
vt 0.970600 0.812690
vt 0.971210 0.808640
vt 0.971210 0.812690
vt 0.971810 0.812550
vt 0.972170 0.812260
vt 0.972290 0.809070
vt 0.972660 0.809420
vt 0.972660 0.811910
vt 0.973020 0.810910
vt 0.972900 0.811410
vt 0.973020 0.810420
vt 0.977600 0.941580
vt 0.982670 0.924200
vt 0.978570 0.942990
vt 0.976160 0.940580
vt 0.963120 0.942990
vt 0.959500 0.924200
vt 0.964080 0.941580
vt 0.965530 0.940580
vt 0.973260 0.931220
vt 0.973500 0.934270
vt 0.972900 0.930300
vt 0.971930 0.929160
vt 0.970840 0.928880
vt 0.968190 0.934270
vt 0.968550 0.931220
vt 0.968790 0.930300
vt 0.969880 0.929160
vt 0.968790 0.937530
vt 0.968550 0.936750
vt 0.969880 0.938450
vt 0.970840 0.938670
vt 0.973260 0.936750
vt 0.972900 0.937530
vt 0.971930 0.938450
vt 0.972050 0.979880
vt 0.976160 0.976830
vt 0.972780 0.981090
vt 0.971450 0.979380
vt 0.970840 0.979240
vt 0.969030 0.981090
vt 0.965530 0.976830
vt 0.969640 0.979880
vt 0.970240 0.979380
vt 0.969520 0.983780
vt 0.966380 0.986550
vt 0.968910 0.982510
vt 0.970120 0.984420
vt 0.970840 0.984630
vt 0.972780 0.982510
vt 0.975790 0.986550
vt 0.972290 0.983780
vt 0.971570 0.984420
vt 0.977600 0.887450
vt 0.978570 0.885960
vt 0.982670 0.904830
vt 0.976160 0.888450
vt 0.963120 0.885960
vt 0.964080 0.887450
vt 0.959500 0.904830
vt 0.965530 0.888450
vt 0.973260 0.897740
vt 0.973500 0.894760
vt 0.972900 0.898730
vt 0.971930 0.899870
vt 0.970840 0.900150
vt 0.968190 0.894760
vt 0.968550 0.897740
vt 0.968790 0.898730
vt 0.969880 0.899870
vt 0.968790 0.891500
vt 0.968550 0.892280
vt 0.969880 0.890570
vt 0.970840 0.890360
vt 0.973260 0.892280
vt 0.972900 0.891500
vt 0.971930 0.890570
vt 0.972050 0.849150
vt 0.972780 0.847940
vt 0.976160 0.852200
vt 0.971450 0.849570
vt 0.970840 0.849790
vt 0.969030 0.847940
vt 0.969640 0.849150
vt 0.965530 0.852200
vt 0.970240 0.849570
vt 0.969520 0.845250
vt 0.968910 0.846520
vt 0.966380 0.842480
vt 0.970120 0.844610
vt 0.970840 0.844400
vt 0.972780 0.846520
vt 0.972290 0.845250
vt 0.975790 0.842480
vt 0.971570 0.844610
vt 0.243520 0.547460
vt 0.243520 0.556970
vt 0.196690 0.547460
vt 0.196690 0.556970
vt 0.243650 0.563420
vt 0.196690 0.563420
vt 0.149490 0.547460
vt 0.149490 0.556970
vt 0.290480 0.547460
vt 0.290480 0.556970
vt 0.290480 0.563420
vt 0.149490 0.563420
vt 0.101680 0.547460
vt 0.101680 0.556970
vt 0.337440 0.556970
vt 0.337440 0.547460
vt 0.337440 0.563420
vt 0.101680 0.563420
vt 0.056290 0.547460
vt 0.056290 0.556970
vt 0.384760 0.556970
vt 0.384880 0.547460
vt 0.383440 0.563420
vt 0.056290 0.563420
vt 0.009700 0.547460
vt 0.009700 0.556970
vt 0.011140 0.563420
vt 0.332010 0.422900
vt 0.377040 0.422900
vt 0.300140 0.454750
vt 0.408910 0.454750
vt 0.300140 0.499720
vt 0.408910 0.499720
vt 0.332010 0.531570
vt 0.377040 0.531570
vt 0.445000 0.481490
vt 0.492680 0.481490
vt 0.411200 0.515190
vt 0.526490 0.515190
vt 0.411200 0.562930
vt 0.526490 0.562930
vt 0.492680 0.596690
vt 0.445000 0.596690
vt 0.904810 0.632090
vt 0.900220 0.632160
vt 0.904690 0.629320
vt 0.899980 0.629320
vt 0.899620 0.571160
vt 0.904330 0.571160
vt 0.895640 0.632160
vt 0.895520 0.629320
vt 0.895030 0.571230
vt 0.900100 0.567890
vt 0.904810 0.567820
vt 0.909040 0.571160
vt 0.909400 0.629320
vt 0.900590 0.696990
vt 0.905170 0.697060
vt 0.909520 0.632090
vt 0.890570 0.571230
vt 0.891050 0.629390
vt 0.895520 0.567960
vt 0.909400 0.567750
vt 0.913990 0.571080
vt 0.914230 0.629320
vt 0.896120 0.696990
vt 0.909880 0.697060
vt 0.905660 0.701600
vt 0.901190 0.701680
vt 0.891170 0.632230
vt 0.886100 0.571300
vt 0.886580 0.629460
vt 0.890810 0.568030
vt 0.899740 0.513200
vt 0.904450 0.513200
vt 0.909160 0.513130
vt 0.913870 0.567680
vt 0.918820 0.571080
vt 0.918940 0.629250
vt 0.914230 0.632020
vt 0.891770 0.696990
vt 0.896720 0.701750
vt 0.914590 0.697060
vt 0.910120 0.701530
vt 0.997160 0.571370
vt 0.996680 0.629530
vt 0.992810 0.571300
vt 0.992210 0.629460
vt 0.886100 0.568030
vt 0.886830 0.632370
vt 0.895150 0.513200
vt 0.890450 0.513270
vt 0.904330 0.511220
vt 0.899620 0.511220
vt 0.909040 0.511220
vt 0.913750 0.513130
vt 0.918450 0.567680
vt 0.923520 0.571080
vt 0.923640 0.629250
vt 0.918940 0.632020
vt 0.887310 0.697140
vt 0.892380 0.701820
vt 0.919300 0.697060
vt 0.914590 0.701530
vt 0.901430 0.779420
vt 0.905900 0.779420
vt 0.988350 0.571300
vt 0.987870 0.629390
vt 0.997160 0.568110
vt 0.992570 0.568110
vt 0.992090 0.632300
vt 0.996440 0.632440
vt 0.885860 0.513270
vt 0.895030 0.511220
vt 0.890330 0.511220
vt 0.913750 0.511220
vt 0.918450 0.513130
vt 0.923040 0.567750
vt 0.928230 0.571080
vt 0.928350 0.629180
vt 0.923520 0.632020
vt 0.995830 0.697210
vt 0.991370 0.697060
vt 0.888030 0.702030
vt 0.896970 0.779420
vt 0.924010 0.696920
vt 0.919180 0.701530
vt 0.910370 0.779420
vt 0.983760 0.571230
vt 0.983280 0.629390
vt 0.987870 0.568030
vt 0.987620 0.632230
vt 0.997520 0.513410
vt 0.992940 0.513340
vt 0.885740 0.511220
vt 0.899500 0.459220
vt 0.894910 0.459220
vt 0.904210 0.459220
vt 0.908920 0.459220
vt 0.913750 0.459220
vt 0.918570 0.511220
vt 0.923040 0.513130
vt 0.927750 0.567820
vt 0.932820 0.571080
vt 0.932820 0.629110
vt 0.928110 0.632020
vt 0.987020 0.696990
vt 0.990880 0.701890
vt 0.995230 0.702100
vt 0.892500 0.779420
vt 0.928590 0.696850
vt 0.923640 0.701530
vt 0.914830 0.779420
vt 0.968310 0.779490
vt 0.963840 0.779490
vt 0.968550 0.701530
vt 0.964080 0.701530
vt 0.972780 0.779490
vt 0.973020 0.701600
vt 0.977240 0.779490
vt 0.977480 0.701680
vt 0.981710 0.779490
vt 0.981950 0.701750
vt 0.986420 0.701820
vt 0.986180 0.779490
vt 0.990520 0.779490
vt 0.994990 0.779490
vt 0.888150 0.779420
vt 0.919300 0.779420
vt 0.923760 0.779490
vt 0.928110 0.701530
vt 0.928230 0.779490
vt 0.932580 0.701530
vt 0.932700 0.779490
vt 0.937040 0.701530
vt 0.937040 0.779490
vt 0.941630 0.701530
vt 0.941510 0.779490
vt 0.946100 0.701530
vt 0.945980 0.779490
vt 0.950560 0.701530
vt 0.950440 0.779490
vt 0.955150 0.701530
vt 0.954910 0.779490
vt 0.959380 0.779490
vt 0.959620 0.701530
vt 0.978570 0.629390
vt 0.979050 0.571230
vt 0.983160 0.567960
vt 0.983040 0.632230
vt 0.988350 0.513270
vt 0.997760 0.511290
vt 0.993060 0.511290
vt 0.890330 0.459220
vt 0.885740 0.459290
vt 0.899980 0.456310
vt 0.895280 0.456450
vt 0.904570 0.456240
vt 0.909160 0.456100
vt 0.913750 0.456100
vt 0.918450 0.459220
vt 0.923280 0.511140
vt 0.927750 0.513130
vt 0.932340 0.567890
vt 0.937290 0.571160
vt 0.937290 0.629110
vt 0.932700 0.631950
vt 0.982550 0.697060
vt 0.933060 0.696710
vt 0.963840 0.697060
vt 0.968550 0.697140
vt 0.973260 0.697140
vt 0.977970 0.697140
vt 0.937290 0.696640
vt 0.941630 0.696640
vt 0.945860 0.696640
vt 0.950200 0.696710
vt 0.954670 0.696850
vt 0.959130 0.696990
vt 0.973860 0.629390
vt 0.974220 0.571160
vt 0.978570 0.567890
vt 0.978450 0.632160
vt 0.983640 0.513270
vt 0.988470 0.511290
vt 0.997760 0.459360
vt 0.993300 0.459360
vt 0.890450 0.456600
vt 0.885620 0.456670
vt 0.918210 0.456100
vt 0.923160 0.459150
vt 0.927870 0.511140
vt 0.932460 0.513130
vt 0.937040 0.567890
vt 0.941630 0.571160
vt 0.941630 0.629110
vt 0.937160 0.631950
vt 0.969030 0.629320
vt 0.969400 0.571160
vt 0.973980 0.567820
vt 0.973740 0.632090
vt 0.978930 0.513270
vt 0.983880 0.511290
vt 0.988710 0.459290
vt 0.998010 0.456740
vt 0.993060 0.456670
vt 0.894790 0.412470
vt 0.889960 0.412550
vt 0.899500 0.412470
vt 0.904210 0.412400
vt 0.908800 0.412400
vt 0.913500 0.412330
vt 0.918090 0.412330
vt 0.922800 0.456170
vt 0.927870 0.459150
vt 0.932580 0.511070
vt 0.937040 0.513130
vt 0.941630 0.567890
vt 0.946100 0.571160
vt 0.945980 0.629110
vt 0.941630 0.631950
vt 0.969030 0.632090
vt 0.964450 0.632020
vt 0.946100 0.631950
vt 0.950560 0.632020
vt 0.955150 0.632020
vt 0.959740 0.632020
vt 0.964330 0.629320
vt 0.964570 0.571160
vt 0.969400 0.567750
vt 0.974350 0.513200
vt 0.979170 0.511290
vt 0.984000 0.459290
vt 0.988350 0.456530
vt 0.998490 0.412690
vt 0.993660 0.412690
vt 0.885140 0.412620
vt 0.922800 0.412330
vt 0.927390 0.456240
vt 0.932580 0.459080
vt 0.937160 0.511070
vt 0.941750 0.513130
vt 0.946340 0.567890
vt 0.950560 0.571160
vt 0.950440 0.629110
vt 0.954910 0.629180
vt 0.959620 0.629250
vt 0.959860 0.571160
vt 0.964810 0.567750
vt 0.969640 0.513200
vt 0.974470 0.511290
vt 0.979290 0.459290
vt 0.983640 0.456380
vt 0.988950 0.412620
vt 0.927510 0.412260
vt 0.984240 0.412550
vt 0.978930 0.456310
vt 0.979540 0.412470
vt 0.974350 0.456170
vt 0.974830 0.412470
vt 0.969880 0.456100
vt 0.970120 0.412400
vt 0.965290 0.456100
vt 0.965530 0.412400
vt 0.960820 0.456170
vt 0.960820 0.412330
vt 0.956120 0.456240
vt 0.956120 0.412330
vt 0.951410 0.412330
vt 0.951410 0.456380
vt 0.946580 0.412260
vt 0.946580 0.456380
vt 0.941870 0.412260
vt 0.941750 0.456450
vt 0.937040 0.412260
vt 0.936920 0.456380
vt 0.932210 0.412260
vt 0.932210 0.456310
vt 0.937160 0.459080
vt 0.941750 0.511070
vt 0.946340 0.513130
vt 0.951050 0.567890
vt 0.955150 0.571080
vt 0.960220 0.567750
vt 0.965050 0.513200
vt 0.969640 0.511290
vt 0.974590 0.459290
vt 0.969880 0.459290
vt 0.965170 0.459220
vt 0.960340 0.459220
vt 0.955630 0.459150
vt 0.951050 0.459080
vt 0.946340 0.459080
vt 0.941750 0.459080
vt 0.946340 0.511070
vt 0.951050 0.513130
vt 0.955630 0.567820
vt 0.960340 0.513130
vt 0.964930 0.511220
vt 0.950930 0.511140
vt 0.955750 0.513130
vt 0.960220 0.511220
vt 0.955510 0.511140
vt 0.968910 0.810910
vt 0.966740 0.811200
vt 0.966740 0.810130
vt 0.964330 0.811480
vt 0.964330 0.809780
vt 0.966980 0.809070
vt 0.966980 0.812260
vt 0.961670 0.811840
vt 0.961670 0.809420
vt 0.964810 0.808150
vt 0.964810 0.813180
vt 0.967590 0.808150
vt 0.967590 0.813180
vt 0.958410 0.812260
vt 0.958530 0.809000
vt 0.962270 0.807080
vt 0.962270 0.814180
vt 0.965650 0.806660
vt 0.965650 0.814670
vt 0.969640 0.809070
vt 0.968310 0.807370
vt 0.968310 0.813960
vt 0.959380 0.805810
vt 0.959380 0.815450
vt 0.954670 0.812760
vt 0.954790 0.808430
vt 0.963600 0.804960
vt 0.963480 0.816310
vt 0.966980 0.805450
vt 0.966860 0.815880
vt 0.969400 0.806800
vt 0.969280 0.814530
vt 0.961070 0.803040
vt 0.956000 0.804320
vt 0.960950 0.818220
vt 0.955880 0.816870
vt 0.965290 0.803250
vt 0.965170 0.818010
vt 0.968430 0.804600
vt 0.968310 0.816730
vt 0.970480 0.806520
vt 0.970360 0.814820
vt 0.958170 0.800700
vt 0.963480 0.800770
vt 0.963360 0.820560
vt 0.958050 0.820560
vt 0.967460 0.802120
vt 0.967340 0.819210
vt 0.970120 0.804180
vt 0.970000 0.817160
vt 0.971570 0.806520
vt 0.971450 0.814820
vt 0.961190 0.797790
vt 0.966260 0.799210
vt 0.961070 0.823470
vt 0.966140 0.822120
vt 0.969760 0.801480
vt 0.969640 0.819850
vt 0.971810 0.804180
vt 0.971810 0.817160
vt 0.971810 0.808790
vt 0.972660 0.806800
vt 0.972530 0.814530
vt 0.964930 0.795810
vt 0.969400 0.798360
vt 0.964690 0.825530
vt 0.969280 0.822970
vt 0.972170 0.801480
vt 0.972050 0.819850
vt 0.973500 0.804600
vt 0.973500 0.816730
vt 0.973620 0.807370
vt 0.973500 0.814040
vt 0.968910 0.794740
vt 0.972660 0.798360
vt 0.968790 0.826590
vt 0.972530 0.822970
vt 0.974590 0.802120
vt 0.974470 0.819280
vt 0.975070 0.805450
vt 0.974950 0.815880
vt 0.974350 0.808150
vt 0.974350 0.813260
vt 0.973140 0.794740
vt 0.975790 0.799210
vt 0.973020 0.826590
vt 0.975670 0.822190
vt 0.976640 0.803320
vt 0.976640 0.818080
vt 0.976280 0.806660
vt 0.976160 0.814670
vt 0.972900 0.809920
vt 0.974950 0.809070
vt 0.974950 0.812260
vt 0.977240 0.795810
vt 0.978570 0.800840
vt 0.977000 0.825600
vt 0.978450 0.820560
vt 0.978450 0.805030
vt 0.978330 0.816380
vt 0.977120 0.808150
vt 0.977120 0.813260
vt 0.975190 0.810130
vt 0.975190 0.811270
vt 0.980860 0.797860
vt 0.980980 0.803110
vt 0.980620 0.823540
vt 0.980860 0.818290
vt 0.979660 0.807150
vt 0.979540 0.814320
vt 0.977600 0.809850
vt 0.977600 0.811550
vt 0.983880 0.800840
vt 0.982550 0.805950
vt 0.983760 0.820630
vt 0.982550 0.815530
vt 0.980260 0.809500
vt 0.980260 0.811980
vt 0.986050 0.804460
vt 0.983400 0.809070
vt 0.985930 0.817010
vt 0.983400 0.812400
vt 0.987260 0.808640
vt 0.987140 0.812970
vt 0.963120 0.973070
vt 0.959500 0.973070
vt 0.963120 0.967680
vt 0.959500 0.967680
vt 0.963120 0.947460
vt 0.959500 0.947460
vt 0.951650 0.988820
vt 0.951770 0.990170
vt 0.947550 0.988890
vt 0.947550 0.990240
vt 0.988710 0.876600
vt 0.988710 0.878370
vt 0.984490 0.876600
vt 0.984490 0.878370
vt 0.988710 0.874900
vt 0.984490 0.874900
vt 0.988710 0.864260
vt 0.984490 0.864260
vt 0.988710 0.959310
vt 0.988710 0.961010
vt 0.984360 0.959310
vt 0.984360 0.961010
vt 0.988590 0.957540
vt 0.984360 0.957540
vt 0.982670 0.967680
vt 0.978570 0.967680
vt 0.982670 0.947390
vt 0.978570 0.947390
vt 0.950440 0.840070
vt 0.950440 0.841420
vt 0.946220 0.840070
vt 0.946220 0.841420
vt 0.950440 0.836950
vt 0.946220 0.836950
vt 0.958530 0.919940
vt 0.958530 0.915760
vt 0.983640 0.919940
vt 0.983640 0.915680
vt 0.951770 0.993220
vt 0.947550 0.993290
vt 0.982670 0.973070
vt 0.978570 0.973070
vt 0.978450 0.974840
vt 0.982670 0.985060
vt 0.950930 0.940800
vt 0.951410 0.965690
vt 0.948990 0.945760
vt 0.947180 0.965760
vt 0.988710 0.882770
vt 0.988590 0.907810
vt 0.984490 0.882770
vt 0.986540 0.902850
vt 0.988590 0.928030
vt 0.988590 0.953140
vt 0.986540 0.932990
vt 0.984360 0.953140
vt 0.950440 0.864610
vt 0.950560 0.889720
vt 0.946220 0.864680
vt 0.948390 0.884760
vt 0.983400 0.923060
vt 0.958770 0.923060
vt 0.965890 0.857870
vt 0.976760 0.857870
vt 0.965890 0.858940
vt 0.976760 0.858940
vt 0.965890 0.860360
vt 0.976760 0.860360
vt 0.976760 0.861140
vt 0.965890 0.861140
vt 0.965890 0.863620
vt 0.976760 0.863620
vt 0.965890 0.866670
vt 0.976760 0.866670
vt 0.965890 0.867660
vt 0.976760 0.867660
vt 0.965890 0.869220
vt 0.976760 0.869220
vt 0.965890 0.870290
vt 0.976760 0.870290
vt 0.959500 0.985060
vt 0.963360 0.974840
vt 0.960100 0.986260
vt 0.964080 0.975840
vt 0.961310 0.987830
vt 0.982190 0.986260
vt 0.977600 0.975840
vt 0.980860 0.987830
vt 0.977000 0.987830
vt 0.965170 0.987830
vt 0.969400 0.960370
vt 0.971810 0.960370
vt 0.969400 0.961010
vt 0.971810 0.961010
vt 0.969400 0.961720
vt 0.971810 0.961720
vt 0.969400 0.963070
vt 0.971810 0.963070
vt 0.971810 0.959740
vt 0.969400 0.959740
vt 0.971810 0.958950
vt 0.969400 0.958950
vt 0.969400 0.957610
vt 0.971810 0.957610
vt 0.971810 0.956190
vt 0.969400 0.956190
vt 0.971810 0.954770
vt 0.969400 0.954770
vt 0.971810 0.953850
vt 0.969400 0.953850
vt 0.971810 0.953070
vt 0.969400 0.953070
vt 0.971810 0.967610
vt 0.969400 0.967610
vt 0.971810 0.966900
vt 0.969400 0.966900
vt 0.971810 0.965980
vt 0.969400 0.965980
vt 0.971810 0.964560
vt 0.969400 0.964560
vt 0.991120 0.874900
vt 0.991120 0.876600
vt 0.991120 0.878370
vt 0.991120 0.882770
vt 0.991120 0.907810
vt 0.988590 0.909580
vt 0.991120 0.909580
vt 0.988590 0.910860
vt 0.991120 0.910860
vt 0.988590 0.912630
vt 0.991120 0.912630
vt 0.988590 0.923270
vt 0.991120 0.923270
vt 0.988590 0.924980
vt 0.991120 0.924980
vt 0.988590 0.926250
vt 0.991120 0.926250
vt 0.991120 0.928030
vt 0.991120 0.953140
vt 0.991120 0.957540
vt 0.991120 0.959310
vt 0.991120 0.961010
vt 0.991120 0.864260
vt 0.953100 0.921710
vt 0.953220 0.925470
vt 0.950680 0.921710
vt 0.950810 0.925540
vt 0.953100 0.919940
vt 0.950680 0.919940
vt 0.953220 0.927530
vt 0.950810 0.927530
vt 0.953220 0.928810
vt 0.950810 0.928880
vt 0.953820 0.965690
vt 0.954190 0.988820
vt 0.954190 0.990100
vt 0.954190 0.993220
vt 0.958530 0.913270
vt 0.983640 0.913270
vt 0.952860 0.836950
vt 0.952860 0.840070
vt 0.952860 0.841420
vt 0.952980 0.864610
vt 0.952980 0.901710
vt 0.952980 0.903060
vt 0.950560 0.901710
vt 0.950560 0.903060
vt 0.952980 0.905040
vt 0.950560 0.905040
vt 0.952980 0.908880
vt 0.950560 0.908880
vt 0.952980 0.910580
vt 0.950560 0.910650
vt 0.953340 0.940720
vt 0.952980 0.889720
vt 0.959500 0.861350
vt 0.959500 0.855960
vt 0.963120 0.861350
vt 0.963120 0.855960
vt 0.959500 0.881570
vt 0.963120 0.881570
vt 0.958290 0.990020
vt 0.958290 0.988750
vt 0.995350 0.878370
vt 0.995350 0.876600
vt 0.995350 0.874900
vt 0.995350 0.864260
vt 0.995350 0.961010
vt 0.995350 0.959310
vt 0.995350 0.957540
vt 0.978570 0.881570
vt 0.978570 0.861350
vt 0.982670 0.881570
vt 0.982670 0.861350
vt 0.957080 0.841420
vt 0.957080 0.840070
vt 0.957080 0.836950
vt 0.983640 0.909020
vt 0.958530 0.909090
vt 0.958410 0.993150
vt 0.978570 0.855960
vt 0.982670 0.855960
vt 0.957930 0.965620
vt 0.955510 0.945620
vt 0.993180 0.902850
vt 0.995350 0.882770
vt 0.995350 0.953140
vt 0.993180 0.932990
vt 0.955030 0.884760
vt 0.957200 0.864610
vt 0.958770 0.905970
vt 0.983400 0.905970
vt 0.965890 0.882630
vt 0.965890 0.881570
vt 0.976760 0.882630
vt 0.976760 0.881570
vt 0.965890 0.880220
vt 0.976760 0.880220
vt 0.976760 0.879370
vt 0.965890 0.879370
vt 0.965890 0.876880
vt 0.976760 0.876880
vt 0.965890 0.873830
vt 0.976760 0.873830
vt 0.965890 0.872840
vt 0.976760 0.872840
vt 0.965890 0.871280
vt 0.976760 0.871280
vt 0.978450 0.854180
vt 0.982670 0.843970
vt 0.963360 0.854180
vt 0.959500 0.843970
vt 0.964080 0.853120
vt 0.959980 0.842760
vt 0.961310 0.841200
vt 0.977600 0.853120
vt 0.982070 0.842760
vt 0.980860 0.841200
vt 0.977000 0.841200
vt 0.965170 0.841200
v 3.051427 0.002589 7.704666
v 3.005169 0.002589 7.711289
v 3.003220 0.002589 7.532458
v 3.094411 0.002589 7.686364
v 2.958952 0.002589 7.705674
v 2.915580 0.002589 7.688313
v 2.878210 0.002589 7.660224
v 2.849311 0.002589 7.623475
v 2.831010 0.002589 7.580491
v 2.824387 0.002589 7.534233
v 2.830002 0.002589 7.488016
v 2.847362 0.002589 7.444643
v 2.875452 0.002589 7.407273
v 2.912201 0.002589 7.378375
v 2.955185 0.002589 7.360074
v 3.001268 0.002589 7.353452
v 3.047660 0.002589 7.359066
v 3.091032 0.002589 7.376426
v 3.128403 0.002589 7.404516
v 3.157301 0.002589 7.441265
v 3.175602 0.002589 7.484249
v 3.182224 0.002589 7.530332
v 3.176610 0.002589 7.576724
v 3.159250 0.002589 7.620096
v 3.131160 0.002589 7.657466
v 2.884261 0.054014 7.654039
v 2.919868 0.054014 7.680749
v 3.003220 0.054014 7.532458
v 2.856781 0.054014 7.619022
v 2.960959 0.054014 7.697260
v 3.005074 0.054014 7.702549
v 3.049238 0.054014 7.696298
v 3.089959 0.054014 7.678895
v 3.124975 0.054014 7.651415
v 3.151686 0.054014 7.615808
v 3.168196 0.054014 7.574717
v 3.173483 0.054014 7.530427
v 3.167234 0.054014 7.486437
v 3.149832 0.054014 7.445717
v 3.122351 0.054014 7.410701
v 3.086744 0.054014 7.383990
v 3.045654 0.054014 7.367479
v 3.001364 0.054014 7.362193
v 2.957374 0.054014 7.368442
v 2.916653 0.054014 7.385844
v 2.881637 0.054014 7.413325
v 2.854926 0.054014 7.448932
v 2.838416 0.054014 7.490022
v 2.833127 0.054014 7.534138
v 2.839378 0.054014 7.578301
v 3.004294 1.159360 7.518809
v 2.996614 1.159360 7.519942
v 3.002519 1.159360 7.532291
v 2.990901 1.159360 7.525074
v 3.011321 1.159360 7.521880
v 2.988883 1.159360 7.532440
v 2.991063 1.159360 7.539934
v 2.996887 1.159360 7.544940
v 3.004590 1.159360 7.545905
v 3.011548 1.159360 7.542682
v 3.015673 1.159360 7.536168
v 3.015587 1.159360 7.528302
v 3.003218 1.155404 7.532283
v 3.009764 1.153709 7.555464
v 3.015507 1.153709 7.552954
v 3.024152 1.153709 7.544118
v 3.026536 1.153709 7.538323
v 2.991557 1.153709 7.553216
v 2.997353 1.153709 7.555600
v 3.023891 1.153709 7.520170
v 3.026401 1.153709 7.525911
v 2.980076 1.153709 7.526416
v 2.979444 1.153709 7.532543
v 3.009259 1.153709 7.509139
v 3.015055 1.153709 7.511524
v 2.974237 0.864940 7.584174
v 2.988634 0.864940 7.589787
v 2.974237 0.871721 7.584174
v 2.988634 0.871721 7.589787
v 2.975436 0.858724 7.581889
v 2.989134 0.858724 7.587509
v 2.975436 0.877937 7.581889
v 2.989134 0.877937 7.587509
v 2.961722 0.864940 7.574870
v 2.961722 0.871721 7.574870
v 2.963624 0.858724 7.572926
v 2.966737 0.854203 7.569745
v 2.977666 0.854203 7.578018
v 2.963624 0.877937 7.572926
v 3.003866 0.864940 7.591719
v 3.003866 0.871721 7.591719
v 3.003839 0.877937 7.589271
v 2.952148 0.864940 7.562561
v 2.952148 0.871721 7.562561
v 2.990310 0.854203 7.583125
v 3.003839 0.858724 7.589271
v 3.019226 0.864940 7.589453
v 3.019226 0.871721 7.589453
v 3.018677 0.858724 7.587186
v 3.018677 0.877937 7.587186
v 2.990310 0.882458 7.583125
v 2.977666 0.882458 7.578018
v 2.946222 0.864940 7.548290
v 2.946222 0.871721 7.548290
v 2.954407 0.858724 7.561313
v 2.954407 0.877937 7.561313
v 2.966737 0.882458 7.569745
v 2.991649 0.853073 7.577691
v 2.980410 0.853073 7.573093
v 3.003790 0.854203 7.584726
v 3.033498 0.864940 7.583529
v 3.033498 0.871721 7.583529
v 3.032249 0.858724 7.581269
v 3.032249 0.877937 7.581269
v 3.029935 0.882458 7.577448
v 3.017406 0.882458 7.582829
v 3.003790 0.882458 7.584726
v 2.991649 0.883588 7.577691
v 2.980410 0.883588 7.573093
v 2.943957 0.864940 7.532929
v 2.943957 0.871721 7.532929
v 2.948489 0.858724 7.547740
v 2.948489 0.877937 7.547740
v 2.958228 0.854203 7.558998
v 2.958228 0.882458 7.558998
v 2.970541 0.853073 7.565857
v 2.970541 0.883588 7.565857
v 3.003729 0.853073 7.579133
v 3.017406 0.854203 7.582829
v 3.045806 0.864940 7.573953
v 3.045806 0.871721 7.573953
v 3.003729 0.883588 7.579133
v 2.948167 0.877937 7.518197
v 2.945889 0.871721 7.517698
v 2.946404 0.877937 7.532903
v 2.945889 0.864940 7.517698
v 2.952551 0.882458 7.519373
v 2.950949 0.882458 7.532853
v 2.948167 0.858724 7.518197
v 2.946404 0.858724 7.532903
v 2.952551 0.854203 7.519373
v 2.950949 0.854203 7.532853
v 2.952846 0.854203 7.546469
v 2.952846 0.882458 7.546469
v 2.963092 0.853073 7.556148
v 2.963092 0.883588 7.556148
v 3.015948 0.853073 7.577425
v 3.029935 0.854203 7.577448
v 3.043863 0.858724 7.572052
v 3.043863 0.877937 7.572052
v 3.052825 0.877937 7.560240
v 3.055111 0.871721 7.561439
v 3.055111 0.864940 7.561439
v 3.048954 0.882458 7.558009
v 3.040682 0.882458 7.568939
v 3.052825 0.858724 7.560240
v 3.015948 0.883588 7.577425
v 2.951502 0.864940 7.503300
v 2.951502 0.871721 7.503300
v 2.958250 0.853073 7.545012
v 2.958250 0.883588 7.545012
v 3.027084 0.853073 7.572584
v 3.040682 0.854203 7.568939
v 3.058445 0.877937 7.546542
v 3.060723 0.871721 7.547041
v 3.060723 0.864940 7.547041
v 3.054061 0.882458 7.545366
v 3.058445 0.858724 7.546542
v 3.027084 0.883588 7.572584
v 2.960806 0.864940 7.490786
v 2.960806 0.871721 7.490786
v 2.953787 0.858724 7.504499
v 2.953787 0.877937 7.504499
v 2.957658 0.882458 7.506730
v 2.956543 0.853073 7.532792
v 2.956543 0.883588 7.532792
v 3.036793 0.853073 7.565135
v 3.048954 0.854203 7.558009
v 3.062653 0.864940 7.531635
v 3.062653 0.871721 7.531635
v 3.036793 0.883588 7.565135
v 2.973114 0.864940 7.481211
v 2.973114 0.871721 7.481211
v 2.962750 0.858724 7.492688
v 2.974363 0.858724 7.483470
v 2.976677 0.854203 7.487291
v 2.965930 0.854203 7.495800
v 2.962750 0.877937 7.492688
v 2.974363 0.877937 7.483470
v 2.976677 0.882458 7.487291
v 2.965930 0.882458 7.495800
v 2.957658 0.854203 7.506730
v 2.957985 0.853073 7.520713
v 2.957985 0.883588 7.520713
v 3.044029 0.853073 7.555266
v 3.054061 0.854203 7.545366
v 3.060206 0.858724 7.531662
v 3.060390 0.864940 7.516449
v 3.060390 0.871721 7.516449
v 3.062653 0.864940 7.531635
v 3.062653 0.871721 7.531635
v 3.060206 0.877937 7.531662
v 3.044029 0.883588 7.555266
v 2.987386 0.871721 7.475286
v 2.987386 0.864940 7.475286
v 2.962583 0.853073 7.509473
v 2.962583 0.883588 7.509473
v 3.048627 0.853073 7.544026
v 3.055661 0.854203 7.531712
v 3.058123 0.858724 7.516998
v 3.060206 0.858724 7.531662
v 3.053766 0.854203 7.518270
v 3.055661 0.854203 7.531712
v 3.054465 0.864940 7.502178
v 3.054465 0.871721 7.502178
v 3.058123 0.877937 7.516998
v 3.060206 0.877937 7.531662
v 3.055661 0.882458 7.531712
v 3.048627 0.883588 7.544026
v 2.987935 0.858724 7.477553
v 3.002599 0.858724 7.475470
v 3.002572 0.864940 7.473022
v 3.002572 0.871721 7.473022
v 2.987935 0.877937 7.477553
v 3.002599 0.877937 7.475470
v 2.989207 0.854203 7.481910
v 2.989207 0.882458 7.481910
v 2.969818 0.853073 7.499604
v 2.969818 0.883588 7.499604
v 3.050067 0.853073 7.531773
v 3.052206 0.858724 7.503427
v 3.048384 0.854203 7.505741
v 3.044889 0.864940 7.489870
v 3.044889 0.871721 7.489870
v 3.052206 0.877937 7.503427
v 3.055661 0.882458 7.531712
v 3.053766 0.882458 7.518270
v 3.048362 0.883588 7.519728
v 3.050067 0.883588 7.531773
v 3.050067 0.883588 7.531773
v 3.017978 0.864940 7.474952
v 3.017978 0.871721 7.474952
v 3.017478 0.858724 7.477231
v 3.002648 0.854203 7.480015
v 3.016302 0.854203 7.481614
v 3.017478 0.877937 7.477231
v 3.002648 0.882458 7.480015
v 3.016302 0.882458 7.481614
v 2.979528 0.853073 7.492156
v 2.979528 0.883588 7.492156
v 3.050067 0.853073 7.531773
v 3.048362 0.853073 7.519728
v 3.042988 0.858724 7.491814
v 3.032375 0.864940 7.480565
v 3.032375 0.871721 7.480565
v 3.031177 0.858724 7.482851
v 3.031177 0.877937 7.482851
v 3.042988 0.877937 7.491814
v 3.028946 0.882458 7.486722
v 3.039876 0.882458 7.494994
v 3.048384 0.882458 7.505741
v 2.990664 0.853073 7.487314
v 2.990664 0.883588 7.487314
v 3.043520 0.853073 7.508591
v 3.039876 0.854203 7.494994
v 3.043520 0.883588 7.508591
v 3.002709 0.853073 7.485609
v 3.002709 0.883588 7.485609
v 3.036071 0.853073 7.498882
v 3.028946 0.854203 7.486722
v 3.036071 0.883588 7.498882
v 3.014963 0.853073 7.487049
v 3.014963 0.883588 7.487049
v 3.026202 0.853073 7.491647
v 3.026202 0.883588 7.491647
v 2.919868 0.054014 7.680749
v 2.884261 0.054014 7.654039
v 2.918153 0.048363 7.683740
v 2.881840 0.048363 7.656513
v 2.853828 0.048363 7.620803
v 2.856781 0.054014 7.619022
v 2.918153 0.016717 7.683740
v 2.881840 0.016717 7.656513
v 2.960959 0.054014 7.697260
v 2.960121 0.048363 7.700591
v 3.005074 0.054014 7.702549
v 3.005112 0.048363 7.706045
v 3.050148 0.048363 7.699610
v 3.049238 0.054014 7.696298
v 3.091739 0.048363 7.681848
v 3.089959 0.054014 7.678895
v 3.127449 0.048363 7.653835
v 3.124975 0.054014 7.651415
v 3.154676 0.048363 7.617523
v 3.151686 0.054014 7.615808
v 3.171527 0.048363 7.575555
v 3.168196 0.054014 7.574717
v 3.154676 0.048363 7.617523
v 3.151686 0.054014 7.615808
v 3.176979 0.048363 7.530389
v 3.173483 0.054014 7.530427
v 3.170546 0.048363 7.485527
v 3.167234 0.054014 7.486437
v 3.152784 0.048363 7.443936
v 3.149832 0.054014 7.445717
v 3.124772 0.048363 7.408227
v 3.122351 0.054014 7.410701
v 3.088460 0.048363 7.380999
v 3.086744 0.054014 7.383990
v 3.046492 0.048363 7.364148
v 3.045654 0.054014 7.367479
v 3.001326 0.048363 7.358696
v 3.001364 0.054014 7.362193
v 2.956464 0.048363 7.365129
v 2.957374 0.054014 7.368442
v 2.916653 0.054014 7.385844
v 2.914873 0.048363 7.382891
v 2.881637 0.054014 7.413325
v 2.879163 0.048363 7.410904
v 2.851936 0.048363 7.447216
v 2.854926 0.054014 7.448932
v 2.835085 0.048363 7.489184
v 2.838416 0.054014 7.490022
v 2.829631 0.048363 7.534176
v 2.833127 0.054014 7.534138
v 2.836066 0.048363 7.579212
v 2.839378 0.054014 7.578301
v 2.853828 0.016717 7.620803
v 2.960121 0.016717 7.700591
v 3.005112 0.016717 7.706045
v 3.050148 0.016717 7.699610
v 3.091739 0.016717 7.681848
v 3.127449 0.016717 7.653835
v 3.154677 0.016717 7.617523
v 3.171527 0.016717 7.575555
v 3.154677 0.016717 7.617523
v 3.176979 0.016717 7.530389
v 3.170546 0.016717 7.485527
v 3.152784 0.016717 7.443936
v 3.124772 0.016717 7.408227
v 3.088460 0.016717 7.380999
v 3.046492 0.016717 7.364148
v 3.001326 0.016717 7.358696
v 2.956464 0.016717 7.365129
v 2.914873 0.016717 7.382891
v 2.879163 0.016717 7.410904
v 2.851936 0.016717 7.447216
v 2.835085 0.016717 7.489184
v 2.829631 0.016717 7.534176
v 2.836066 0.016717 7.579212
v 3.051427 0.016717 7.704666
v 3.005169 0.016717 7.711289
v 3.051427 0.002589 7.704666
v 3.005169 0.002589 7.711289
v 3.094411 0.016717 7.686364
v 3.094411 0.002589 7.686364
v 3.131160 0.016717 7.657466
v 3.159250 0.016717 7.620096
v 3.159250 0.016717 7.620096
v 3.176610 0.016717 7.576724
v 3.182224 0.016717 7.530332
v 3.175602 0.016717 7.484249
v 3.157301 0.016717 7.441265
v 3.128403 0.016717 7.404516
v 3.091032 0.016717 7.376426
v 3.047660 0.016717 7.359066
v 3.001268 0.016717 7.353452
v 2.958952 0.016717 7.705674
v 2.915580 0.016717 7.688313
v 2.878210 0.016717 7.660224
v 2.849311 0.016717 7.623475
v 2.831010 0.016717 7.580491
v 2.824387 0.016717 7.534233
v 2.830002 0.016717 7.488016
v 2.847362 0.016717 7.444643
v 2.875452 0.016717 7.407273
v 2.912201 0.016717 7.378375
v 2.955185 0.016717 7.360074
v 2.958952 0.002589 7.705674
v 2.915580 0.002589 7.688313
v 2.878210 0.002589 7.660224
v 2.849311 0.002589 7.623475
v 2.831010 0.002589 7.580491
v 2.824387 0.002589 7.534233
v 2.830002 0.002589 7.488016
v 2.847362 0.002589 7.444643
v 2.875452 0.002589 7.407273
v 2.912201 0.002589 7.378375
v 2.955185 0.002589 7.360074
v 3.001268 0.002589 7.353452
v 3.047660 0.002589 7.359066
v 3.091032 0.002589 7.376426
v 3.128403 0.002589 7.404516
v 3.157301 0.002589 7.441265
v 3.175602 0.002589 7.484249
v 3.182224 0.002589 7.530332
v 3.176610 0.002589 7.576724
v 3.159250 0.002589 7.620096
v 3.159250 0.002589 7.620096
v 3.131160 0.002589 7.657466
v 3.004294 1.152013 7.518809
v 2.996614 1.152013 7.519942
v 2.990901 1.152013 7.525074
v 3.011321 1.152013 7.521880
v 2.988883 1.152013 7.532440
v 2.991063 1.152013 7.539934
v 2.996887 1.152013 7.544940
v 3.004590 1.152013 7.545905
v 3.011548 1.152013 7.542682
v 3.015673 1.152013 7.536168
v 3.015587 1.152013 7.528302
v 3.015948 1.149188 7.577425
v 3.027084 1.149188 7.572584
v 3.036793 1.149188 7.565135
v 3.020359 1.153709 7.549055
v 3.003729 1.149188 7.579133
v 3.003479 1.153709 7.556232
v 3.017406 1.148058 7.582829
v 3.029935 1.148058 7.577448
v 3.044029 1.149188 7.555266
v 3.040682 1.148058 7.568939
v 2.991649 1.149188 7.577691
v 3.003790 1.148058 7.584726
v 3.018677 1.143537 7.587186
v 3.032249 1.143537 7.581269
v 3.048627 1.149188 7.544026
v 3.048954 1.148058 7.558009
v 3.043863 1.143537 7.572052
v 2.980410 1.149188 7.573093
v 2.990310 1.148058 7.583125
v 3.003839 1.143537 7.589271
v 3.033498 1.137321 7.583529
v 3.019226 1.137321 7.589453
v 3.050067 1.149188 7.531773
v 3.027167 1.153709 7.532022
v 3.054061 1.148058 7.545366
v 3.052825 1.143537 7.560240
v 3.045806 1.137321 7.573953
v 2.970541 1.149188 7.565857
v 2.986621 1.153709 7.549423
v 2.977666 1.148058 7.578018
v 2.989134 1.143537 7.587509
v 3.003866 1.137321 7.591719
v 3.033498 1.130540 7.583529
v 3.019226 1.130540 7.589453
v 3.048362 1.149188 7.519728
v 3.055661 1.148058 7.531712
v 3.058445 1.143537 7.546542
v 3.055111 1.137321 7.561439
v 3.045806 1.130540 7.573953
v 2.982722 1.153709 7.544570
v 2.963092 1.149188 7.556148
v 2.966737 1.148058 7.569745
v 2.975436 1.143537 7.581889
v 2.988634 1.137321 7.589787
v 3.003866 1.130540 7.591719
v 3.032249 1.124323 7.581269
v 3.018677 1.124323 7.587186
v 3.043520 1.149188 7.508591
v 3.053766 1.148058 7.518270
v 3.060206 1.143537 7.531662
v 3.060723 1.137321 7.547041
v 3.055111 1.130540 7.561439
v 3.043863 1.124323 7.572052
v 2.958250 1.149188 7.545012
v 2.980211 1.153709 7.538828
v 2.958228 1.148058 7.558998
v 2.963624 1.143537 7.572926
v 2.974237 1.137321 7.584174
v 2.988634 1.130540 7.589787
v 3.003839 1.124323 7.589271
v 3.017406 1.119802 7.582829
v 3.029935 1.119802 7.577448
v 3.019991 1.153709 7.515316
v 3.036071 1.149188 7.498882
v 3.048384 1.148058 7.505741
v 3.058123 1.143537 7.516998
v 3.062653 1.137321 7.531635
v 3.060723 1.130540 7.547041
v 3.052825 1.124323 7.560240
v 3.040682 1.119802 7.568939
v 2.956543 1.149188 7.532792
v 2.952846 1.148058 7.546469
v 2.954407 1.143537 7.561313
v 2.961722 1.137321 7.574870
v 2.974237 1.130540 7.584174
v 2.989134 1.124323 7.587509
v 3.003790 1.119802 7.584726
v 3.015948 1.118672 7.577425
v 3.027084 1.118672 7.572584
v 3.026202 1.149188 7.491647
v 3.039876 1.148058 7.494994
v 3.052206 1.143537 7.503427
v 3.060390 1.137321 7.516449
v 3.062653 1.130540 7.531635
v 3.058445 1.124323 7.546542
v 3.048954 1.119802 7.558009
v 3.036793 1.118672 7.565135
v 2.957985 1.149188 7.520713
v 2.950949 1.148058 7.532853
v 2.948489 1.143537 7.547740
v 2.952147 1.137321 7.562561
v 2.961722 1.130540 7.574870
v 2.975436 1.124323 7.581889
v 2.990310 1.119802 7.583125
v 3.003729 1.118672 7.579133
v 3.014963 1.149188 7.487049
v 3.028945 1.148058 7.486722
v 3.042988 1.143537 7.491814
v 3.054465 1.137321 7.502178
v 3.060390 1.130540 7.516449
v 3.060206 1.124323 7.531662
v 3.054061 1.119802 7.545366
v 3.044029 1.118672 7.555266
v 2.982460 1.153709 7.520621
v 2.962583 1.149188 7.509473
v 2.952551 1.148058 7.519373
v 2.946404 1.143537 7.532903
v 2.946222 1.137321 7.548290
v 2.952147 1.130540 7.562561
v 2.963624 1.124323 7.572926
v 2.977666 1.119802 7.578018
v 2.991649 1.118672 7.577691
v 3.002959 1.153709 7.508509
v 3.002709 1.149188 7.485609
v 3.016302 1.148058 7.481614
v 3.031177 1.143537 7.482851
v 3.044889 1.137321 7.489870
v 3.054465 1.130540 7.502178
v 3.058123 1.124323 7.516998
v 3.055661 1.119802 7.531712
v 3.048627 1.118672 7.544026
v 2.986253 1.153709 7.515685
v 2.969818 1.149188 7.499604
v 2.957658 1.148058 7.506730
v 2.948167 1.143537 7.518197
v 2.943957 1.137321 7.532929
v 2.946222 1.130540 7.548290
v 2.954407 1.124323 7.561313
v 2.966737 1.119802 7.569745
v 2.980410 1.118672 7.573093
v 2.996848 1.153709 7.509274
v 2.990664 1.149188 7.487314
v 3.002648 1.148058 7.480015
v 3.017478 1.143537 7.477231
v 3.032375 1.137321 7.480565
v 3.044889 1.130540 7.489870
v 3.052206 1.124323 7.503427
v 3.053766 1.119802 7.518270
v 3.050067 1.118672 7.531773
v 2.991106 1.153709 7.511785
v 2.979528 1.149188 7.492156
v 2.965930 1.148058 7.495800
v 2.953787 1.143537 7.504499
v 2.945889 1.137321 7.517698
v 2.943957 1.130540 7.532929
v 2.948489 1.124323 7.547740
v 2.958228 1.119802 7.558998
v 2.970541 1.118672 7.565857
v 2.989207 1.148058 7.481910
v 3.002599 1.143537 7.475470
v 3.017978 1.137321 7.474952
v 3.032375 1.130540 7.480565
v 3.042988 1.124323 7.491814
v 3.048384 1.119802 7.505741
v 3.048362 1.118672 7.519728
v 2.976677 1.148058 7.487291
v 2.962750 1.143537 7.492688
v 2.951502 1.137321 7.503300
v 2.945889 1.130540 7.517698
v 2.946404 1.124323 7.532903
v 2.952846 1.119802 7.546469
v 2.963092 1.118672 7.556148
v 2.987935 1.143537 7.477553
v 3.002572 1.137321 7.473022
v 3.017978 1.130540 7.474952
v 3.031177 1.124323 7.482851
v 3.039876 1.119802 7.494994
v 3.043520 1.118672 7.508591
v 2.974363 1.143537 7.483470
v 2.960806 1.137321 7.490786
v 2.951502 1.130540 7.503300
v 2.948167 1.124323 7.518197
v 2.950949 1.119802 7.532853
v 2.958250 1.118672 7.545012
v 2.987386 1.137321 7.475286
v 3.002572 1.130540 7.473022
v 3.017478 1.124323 7.477231
v 3.028945 1.119802 7.486722
v 3.036071 1.118672 7.498882
v 2.973114 1.137321 7.481211
v 2.960806 1.130540 7.490786
v 2.953787 1.124323 7.504499
v 2.952551 1.119802 7.519373
v 2.956543 1.118672 7.532792
v 2.987386 1.130540 7.475286
v 3.002599 1.124323 7.475470
v 3.016302 1.119802 7.481614
v 3.026202 1.118672 7.491647
v 2.973114 1.130540 7.481211
v 2.962750 1.124323 7.492688
v 2.957658 1.119802 7.506730
v 2.957985 1.118672 7.520713
v 2.987935 1.124323 7.477553
v 3.002648 1.119802 7.480015
v 3.014963 1.118672 7.487049
v 2.974363 1.124323 7.483470
v 2.965930 1.119802 7.495800
v 2.962583 1.118672 7.509473
v 2.989207 1.119802 7.481910
v 3.002709 1.118672 7.485609
v 2.976677 1.119802 7.487291
v 2.969818 1.118672 7.499604
v 2.990664 1.118672 7.487314
v 2.979528 1.118672 7.492156
v 2.976501 0.054014 7.487118
v 2.976501 1.145797 7.487118
v 2.989205 0.054014 7.481735
v 2.989205 1.145797 7.481735
v 3.002646 0.054014 7.479840
v 3.002646 1.145797 7.479840
v 2.965754 0.054014 7.495627
v 2.965754 1.145797 7.495627
v 3.016300 0.054014 7.481440
v 3.016300 1.145797 7.481440
v 2.957481 0.054014 7.506557
v 2.957481 1.145797 7.506557
v 3.029119 0.054014 7.486545
v 3.029119 1.145797 7.486545
v 2.952376 0.054014 7.519375
v 2.952376 1.145797 7.519375
v 3.040048 0.054014 7.494817
v 3.040048 1.145797 7.494817
v 2.950775 0.054014 7.532855
v 2.950775 1.145797 7.532855
v 3.048557 0.054014 7.505564
v 3.048557 1.145797 7.505564
v 2.952671 0.054014 7.546471
v 2.952671 1.145797 7.546471
v 3.053941 0.054014 7.518268
v 3.053941 1.145797 7.518268
v 2.958055 0.054014 7.559175
v 2.958055 1.145797 7.559175
v 2.952671 0.054014 7.546471
v 2.952671 1.145797 7.546471
v 3.055836 0.054014 7.531710
v 3.055836 1.145797 7.531710
v 2.966564 0.054014 7.569921
v 2.966564 1.145797 7.569921
v 3.054236 0.054014 7.545364
v 3.054236 1.145797 7.545364
v 2.977494 0.054014 7.578195
v 2.977494 1.145797 7.578195
v 3.049131 0.054014 7.558182
v 3.049131 1.145797 7.558182
v 2.990312 0.054014 7.583300
v 2.990312 1.145797 7.583300
v 3.040858 0.054014 7.569112
v 3.040858 1.145797 7.569112
v 3.003792 0.054014 7.584901
v 3.003792 1.145797 7.584901
v 3.030112 0.054014 7.577621
v 3.030112 1.145797 7.577621
v 3.017407 0.054014 7.583004
v 3.017407 1.145797 7.583004
v 2.988634 0.993219 7.589787
v 2.974237 0.993219 7.584174
v 2.988634 0.985873 7.589787
v 2.974237 0.985873 7.584174
v 2.961722 0.993219 7.574870
v 2.961722 0.985873 7.574870
v 2.989134 0.980221 7.587509
v 2.975436 0.980221 7.581889
v 2.977666 0.975701 7.578018
v 2.990310 0.975701 7.583125
v 3.003866 0.993219 7.591719
v 3.003866 0.985873 7.591719
v 2.989134 0.999435 7.587509
v 3.003839 0.999435 7.589271
v 3.003839 0.980221 7.589271
v 3.003790 0.975701 7.584726
v 2.975436 0.999435 7.581889
v 2.952147 0.985873 7.562561
v 2.952147 0.993219 7.562561
v 2.963624 0.980221 7.572926
v 2.963624 0.999435 7.572926
v 2.966737 1.003391 7.569745
v 2.977666 1.003391 7.578018
v 3.019226 0.985873 7.589453
v 3.019226 0.993219 7.589453
v 2.990310 1.003391 7.583125
v 2.946222 0.985873 7.548290
v 2.946222 0.993219 7.548290
v 2.954407 0.980221 7.561313
v 2.954407 0.999435 7.561313
v 2.966737 0.975701 7.569745
v 2.991649 0.974005 7.577691
v 2.980410 0.974005 7.573093
v 3.018677 0.980221 7.587186
v 3.017406 0.975701 7.582829
v 3.033498 0.985873 7.583529
v 3.033498 0.993219 7.583529
v 3.018677 0.999435 7.587186
v 3.032249 0.999435 7.581269
v 3.032249 0.980221 7.581269
v 3.029935 0.975701 7.577448
v 3.017406 1.003391 7.582829
v 3.003790 1.003391 7.584726
v 2.991649 1.005086 7.577691
v 2.980410 1.005086 7.573093
v 2.946404 0.999435 7.532903
v 2.943957 0.993219 7.532929
v 2.948489 0.999435 7.547740
v 2.943957 0.985873 7.532929
v 2.946404 0.980221 7.532903
v 2.948489 0.980221 7.547740
v 2.952846 0.975701 7.546469
v 2.958228 0.975701 7.558998
v 2.958228 1.003391 7.558998
v 2.970541 0.974005 7.565857
v 2.970541 1.005086 7.565857
v 3.003729 0.974005 7.579133
v 3.045806 0.985873 7.573953
v 3.045806 0.993219 7.573953
v 3.043863 0.980221 7.572052
v 3.043863 0.999435 7.572052
v 3.040682 1.003391 7.568939
v 3.029935 1.003391 7.577448
v 3.003729 1.005086 7.579133
v 2.945889 0.985873 7.517698
v 2.945889 0.993219 7.517698
v 2.952846 1.003391 7.546469
v 2.963092 0.974005 7.556148
v 2.963092 1.005086 7.556148
v 3.015948 0.974005 7.577425
v 3.055111 0.985873 7.561439
v 3.055111 0.993219 7.561439
v 3.015948 1.005086 7.577425
v 2.951502 0.985873 7.503300
v 2.951502 0.993219 7.503300
v 2.948167 0.980221 7.518197
v 2.948167 0.999435 7.518197
v 2.950949 0.975701 7.532853
v 2.950949 1.003391 7.532853
v 2.958250 0.974005 7.545012
v 2.958250 1.005086 7.545012
v 3.027084 0.974005 7.572584
v 3.040682 0.975701 7.568939
v 3.052825 0.980221 7.560240
v 3.052825 0.999435 7.560240
v 3.058445 0.999435 7.546542
v 3.060723 0.993219 7.547041
v 3.060723 0.985873 7.547041
v 3.058445 0.980221 7.546542
v 3.048954 1.003391 7.558009
v 3.027084 1.005086 7.572584
v 2.962750 0.999435 7.492688
v 2.960806 0.993219 7.490786
v 2.953787 0.999435 7.504499
v 2.960806 0.985873 7.490786
v 2.962750 0.980221 7.492688
v 2.953787 0.980221 7.504499
v 2.957658 1.003391 7.506730
v 2.952551 1.003391 7.519373
v 2.952551 0.975701 7.519373
v 2.956543 0.974005 7.532792
v 2.956543 1.005086 7.532792
v 3.036793 0.974005 7.565135
v 3.048954 0.975701 7.558009
v 3.062653 0.985873 7.531635
v 3.062653 0.993219 7.531635
v 3.036793 1.005086 7.565135
v 2.973114 0.985873 7.481211
v 2.973114 0.993219 7.481211
v 2.974363 0.980221 7.483470
v 2.976677 0.975701 7.487291
v 2.965930 0.975701 7.495800
v 2.974363 0.999435 7.483470
v 2.957658 0.975701 7.506730
v 2.957985 0.974005 7.520713
v 2.957985 1.005086 7.520713
v 3.044029 0.974005 7.555266
v 3.054061 0.975701 7.545366
v 3.060206 0.980221 7.531662
v 3.060390 0.985873 7.516449
v 3.060390 0.993219 7.516449
v 3.062653 0.985873 7.531635
v 3.062653 0.993219 7.531635
v 3.060206 0.999435 7.531662
v 3.055661 1.003391 7.531712
v 3.054061 1.003391 7.545366
v 3.044029 1.005086 7.555266
v 2.987386 0.993219 7.475286
v 2.987386 0.985873 7.475286
v 2.987935 0.980221 7.477553
v 2.965930 1.003391 7.495800
v 2.962583 0.974005 7.509473
v 2.962583 1.005086 7.509473
v 3.048627 0.974005 7.544026
v 3.055661 0.975701 7.531712
v 3.058123 0.980221 7.516998
v 3.060206 0.980221 7.531662
v 3.053766 0.975701 7.518270
v 3.055661 0.975701 7.531712
v 3.054465 0.985873 7.502178
v 3.054465 0.993219 7.502178
v 3.058123 0.999435 7.516998
v 3.060206 0.999435 7.531662
v 3.048627 1.005086 7.544026
v 3.002572 0.993219 7.473022
v 3.002572 0.985873 7.473022
v 2.987935 0.999435 7.477553
v 2.976677 1.003391 7.487291
v 2.969818 0.974005 7.499604
v 2.969818 1.005086 7.499604
v 3.050067 0.974005 7.531773
v 3.052206 0.980221 7.503427
v 3.048384 0.975701 7.505741
v 3.044889 0.985873 7.489870
v 3.044889 0.993219 7.489870
v 3.052206 0.999435 7.503427
v 3.055661 1.003391 7.531712
v 3.053766 1.003391 7.518270
v 3.050067 1.005086 7.531773
v 3.017978 0.985873 7.474952
v 3.017978 0.993219 7.474952
v 3.002599 0.980221 7.475470
v 3.017478 0.980221 7.477231
v 3.002648 0.975701 7.480015
v 3.016302 0.975701 7.481614
v 3.002599 0.999435 7.475470
v 3.017478 0.999435 7.477231
v 3.002648 1.003391 7.480015
v 3.016302 1.003391 7.481614
v 2.989207 0.975701 7.481910
v 2.989207 1.003391 7.481910
v 2.979528 0.974005 7.492156
v 2.979528 1.005086 7.492156
v 3.050067 0.974005 7.531773
v 3.048362 0.974005 7.519728
v 3.042988 0.980221 7.491814
v 3.032375 0.985873 7.480565
v 3.032375 0.993219 7.480565
v 3.042988 0.999435 7.491814
v 3.048384 1.003391 7.505741
v 3.050067 1.005086 7.531773
v 3.048362 1.005086 7.519728
v 2.990664 0.974005 7.487314
v 2.990664 1.005086 7.487314
v 3.043520 0.974005 7.508591
v 3.039876 0.975701 7.494994
v 3.031177 0.980221 7.482851
v 3.028946 0.975701 7.486722
v 3.031177 0.999435 7.482851
v 3.028946 1.003391 7.486722
v 3.039876 1.003391 7.494994
v 3.043520 1.005086 7.508591
v 3.002709 0.974005 7.485609
v 3.002709 1.005086 7.485609
v 3.036071 0.974005 7.498882
v 3.036071 1.005086 7.498882
v 3.014963 0.974005 7.487049
v 3.014963 1.005086 7.487049
v 3.026202 0.974005 7.491647
v 3.026202 1.005086 7.491647
vn 0.0022 -1.0000 -0.0000
vn -0.0020 -1.0000 -0.0000
vn -0.0022 -1.0000 -0.0000
vn 0.0022 1.0000 -0.0000
vn -0.0022 1.0000 -0.0000
vn 0.0020 1.0000 -0.0000
vn -0.0021 1.0000 -0.0000
vn 0.0342 0.9912 0.1276
vn 0.0646 0.9914 0.1141
vn 0.1119 0.9918 0.0611
vn 0.1246 0.9917 0.0326
vn -0.0621 0.9914 0.1155
vn -0.0314 0.9912 0.1283
vn 0.1105 0.9916 -0.0671
vn 0.1238 0.9917 -0.0353
vn -0.1246 0.9917 -0.0326
vn -0.1285 0.9917 -0.0005
vn 0.0314 0.9912 -0.1283
vn 0.0621 0.9918 -0.1118
vn -0.4819 -0.1909 0.8552
vn -0.2425 -0.1912 0.9511
vn -0.4818 0.1910 0.8552
vn -0.2425 0.1913 0.9511
vn -0.4093 -0.5548 0.7244
vn -0.2059 -0.5568 0.8047
vn -0.4093 0.5547 0.7244
vn -0.2058 0.5569 0.8047
vn -0.6862 -0.1904 0.7020
vn -0.6863 0.1904 0.7020
vn -0.5803 -0.5550 0.5960
vn -0.3528 -0.8625 0.3627
vn -0.2481 -0.8642 0.4378
vn -0.5803 0.5550 0.5961
vn 0.0129 -0.1876 0.9822
vn 0.0129 0.1876 0.9822
vn 0.0113 0.5555 0.8314
vn -0.8445 -0.1920 0.4999
vn -0.8446 0.1920 0.4999
vn -0.1276 -0.8621 0.4904
vn 0.0112 -0.5556 0.8314
vn 0.2632 -0.1913 0.9456
vn 0.2632 0.1913 0.9456
vn 0.2233 -0.5569 0.8000
vn 0.2233 0.5569 0.8000
vn -0.1276 0.8621 0.4905
vn -0.2481 0.8642 0.4378
vn -0.9454 -0.1904 0.2647
vn -0.9454 0.1904 0.2647
vn -0.7171 -0.5538 0.4232
vn -0.7171 0.5538 0.4233
vn -0.3529 0.8625 0.3627
vn -0.0650 -0.9658 0.2510
vn -0.1304 -0.9641 0.2314
vn 0.0077 -0.8635 0.5043
vn 0.5004 -0.1910 0.8445
vn 0.5004 0.1909 0.8445
vn 0.4250 -0.5571 0.7134
vn 0.4250 0.5571 0.7134
vn 0.2576 0.8642 0.4323
vn 0.1382 0.8621 0.4875
vn 0.0077 0.8635 0.5043
vn -0.0650 0.9658 0.2510
vn -0.1303 0.9641 0.2314
vn -0.9823 -0.1868 0.0126
vn -0.9823 0.1868 0.0126
vn -0.8009 -0.5549 0.2248
vn -0.8009 0.5549 0.2248
vn -0.4342 -0.8631 0.2582
vn -0.4342 0.8630 0.2582
vn -0.1826 -0.9655 0.1859
vn -0.1826 0.9655 0.1859
vn 0.0050 -0.9653 0.2611
vn 0.1382 -0.8621 0.4875
vn 0.7014 -0.1864 0.6880
vn 0.7014 0.1864 0.6880
vn 0.0050 0.9653 0.2612
vn -0.8056 0.5563 -0.2038
vn -0.9509 0.1904 -0.2440
vn -0.8309 0.5563 0.0128
vn -0.9509 -0.1904 -0.2440
vn -0.4887 0.8632 -0.1264
vn -0.5063 0.8624 0.0036
vn -0.8056 -0.5563 -0.2038
vn -0.8310 -0.5562 0.0053
vn -0.4888 -0.8632 -0.1264
vn -0.5063 -0.8623 0.0036
vn -0.4859 -0.8632 0.1370
vn -0.4859 0.8632 0.1370
vn -0.2259 -0.9648 0.1343
vn -0.2259 0.9648 0.1343
vn 0.0704 -0.9658 0.2495
vn 0.2576 -0.8642 0.4323
vn 0.5931 -0.5570 0.5813
vn 0.5931 0.5571 0.5813
vn 0.7261 0.5554 0.4054
vn 0.8553 0.1911 0.4816
vn 0.8553 -0.1912 0.4817
vn 0.4397 0.8637 0.2465
vn 0.3607 0.8634 0.3527
vn 0.7261 -0.5553 0.4054
vn 0.0704 0.9658 0.2495
vn -0.8553 -0.1920 -0.4813
vn -0.8553 0.1919 -0.4813
vn -0.2520 -0.9653 0.0687
vn -0.2520 0.9653 0.0687
vn 0.1354 -0.9641 0.2285
vn 0.3607 -0.8634 0.3527
vn 0.8057 0.5539 0.2100
vn 0.9509 0.1891 0.2449
vn 0.9509 -0.1892 0.2449
vn 0.4887 0.8635 0.1244
vn 0.8057 -0.5539 0.2100
vn 0.1354 0.9641 0.2285
vn -0.7014 -0.1867 -0.6879
vn -0.7014 0.1867 -0.6879
vn -0.7261 -0.5538 -0.4075
vn -0.7261 0.5538 -0.4075
vn -0.4397 0.8631 -0.2486
vn -0.2612 -0.9653 0.0048
vn -0.2612 0.9653 0.0047
vn 0.1866 -0.9655 0.1818
vn 0.4397 -0.8637 0.2465
vn 0.9823 -0.1868 -0.0125
vn 0.9823 0.1867 -0.0125
vn 0.1866 0.9655 0.1819
vn -0.5004 -0.1873 -0.8453
vn -0.5004 0.1872 -0.8453
vn -0.5931 -0.5550 -0.5833
vn -0.4250 -0.5547 -0.7153
vn -0.2576 -0.8625 -0.4356
vn -0.3607 -0.8640 -0.3514
vn -0.5931 0.5550 -0.5833
vn -0.4250 0.5547 -0.7153
vn -0.2576 0.8625 -0.4356
vn -0.3607 0.8640 -0.3514
vn -0.4397 -0.8630 -0.2486
vn -0.2535 -0.9650 -0.0670
vn -0.2535 0.9650 -0.0670
vn 0.2288 -0.9651 0.1272
vn 0.4887 -0.8635 0.1244
vn 0.8310 -0.5563 -0.0090
vn 0.9453 -0.1892 -0.2656
vn 0.9454 0.1892 -0.2656
vn 0.9823 -0.1867 -0.0126
vn 0.9823 0.1868 -0.0126
vn 0.8310 0.5562 -0.0090
vn 0.2288 0.9651 0.1272
vn -0.2632 0.1876 -0.9463
vn -0.2632 -0.1876 -0.9463
vn -0.2288 -0.9648 -0.1293
vn -0.2288 0.9648 -0.1293
vn 0.2535 -0.9653 0.0632
vn 0.5062 -0.8624 -0.0093
vn 0.8009 -0.5553 -0.2240
vn 0.8310 -0.5562 -0.0091
vn 0.4858 -0.8630 -0.1387
vn 0.8446 -0.1911 -0.5002
vn 0.8445 0.1912 -0.5002
vn 0.8010 0.5553 -0.2240
vn 0.8310 0.5563 -0.0091
vn 0.5063 0.8623 -0.0017
vn 0.2535 0.9653 0.0632
vn -0.2234 -0.5537 -0.8022
vn -0.0113 -0.5555 -0.8314
vn -0.0129 -0.1876 -0.9822
vn -0.0085 0.1876 -0.9822
vn -0.2234 0.5537 -0.8022
vn -0.0069 0.5556 -0.8315
vn -0.1381 -0.8639 -0.4843
vn -0.1382 0.8640 -0.4842
vn -0.1866 -0.9655 -0.1819
vn -0.1866 0.9655 -0.1819
vn 0.2613 -0.9653 -0.0028
vn 0.7170 -0.5531 -0.4242
vn 0.4341 -0.8626 -0.2596
vn 0.6862 -0.1864 -0.7031
vn 0.6862 0.1864 -0.7031
vn 0.7171 0.5531 -0.4242
vn 0.5063 0.8624 -0.0018
vn 0.4858 0.8630 -0.1387
vn 0.2520 0.9650 -0.0725
vn 0.2612 0.9653 -0.0029
vn 0.2613 0.9653 -0.0028
vn 0.2425 -0.1876 -0.9518
vn 0.2425 0.1876 -0.9519
vn 0.2058 -0.5537 -0.8068
vn -0.0033 -0.8635 -0.5044
vn 0.1276 -0.8639 -0.4872
vn 0.2058 0.5537 -0.8068
vn -0.0077 0.8635 -0.5043
vn 0.1276 0.8639 -0.4872
vn -0.1353 -0.9650 -0.2248
vn -0.1354 0.9649 -0.2248
vn 0.2612 -0.9653 -0.0029
vn 0.2520 -0.9650 -0.0726
vn 0.5803 -0.5543 -0.5967
vn 0.4819 -0.1872 -0.8560
vn 0.4818 0.1873 -0.8560
vn 0.4093 -0.5541 -0.7248
vn 0.4093 0.5541 -0.7249
vn 0.5803 0.5543 -0.5967
vn 0.2480 0.8625 -0.4411
vn 0.3529 0.8634 -0.3605
vn 0.4342 0.8626 -0.2597
vn -0.0704 -0.9658 -0.2495
vn -0.0704 0.9658 -0.2495
vn 0.2259 -0.9646 -0.1360
vn 0.3529 -0.8634 -0.3605
vn 0.2259 0.9646 -0.1360
vn -0.0006 -0.9653 -0.2612
vn -0.0050 0.9653 -0.2611
vn 0.1826 -0.9655 -0.1859
vn 0.2480 -0.8625 -0.4411
vn 0.1826 0.9655 -0.1859
vn 0.0649 -0.9658 -0.2510
vn 0.0649 0.9658 -0.2510
vn 0.1304 -0.9649 -0.2277
vn 0.1304 0.9649 -0.2277
vn -0.4171 0.5332 0.7360
vn -0.5908 0.5349 0.6041
vn -0.4172 0.5332 0.7360
vn -0.5907 0.5349 0.6041
vn -0.7289 0.5303 0.4329
vn -0.7290 0.5303 0.4329
vn -0.4893 -0.0038 0.8721
vn -0.6986 -0.0038 0.7155
vn -0.2100 0.5287 0.8224
vn 0.0114 0.5302 0.8478
vn 0.2278 0.5287 0.8177
vn 0.4331 0.5296 0.7293
vn 0.6038 0.5314 0.5942
vn 0.7381 0.5320 0.4149
vn 0.8211 0.5296 0.2130
vn 0.7382 0.5320 0.4147
vn 0.7382 0.5320 0.4148
vn 0.8211 0.5296 0.2131
vn 0.8476 0.5306 -0.0073
vn 0.8162 0.5311 -0.2274
vn 0.8163 0.5311 -0.2273
vn 0.7289 0.5320 -0.4308
vn 0.7290 0.5320 -0.4308
vn 0.5907 0.5314 -0.6072
vn 0.4171 0.5296 -0.7386
vn 0.2100 0.5287 -0.8225
vn 0.2099 0.5287 -0.8224
vn -0.0070 0.5302 -0.8479
vn -0.0071 0.5302 -0.8479
vn -0.2278 0.5287 -0.8177
vn -0.4331 0.5302 -0.7289
vn -0.6038 0.5321 -0.5936
vn -0.6038 0.5321 -0.5935
vn -0.7382 0.5326 -0.4140
vn -0.8210 0.5322 -0.2069
vn -0.8476 0.5306 0.0073
vn -0.8163 0.5307 0.2283
vn -0.8163 0.5307 0.2282
vn -0.8601 -0.0000 0.5101
vn -0.2465 -0.0000 0.9691
vn -0.2466 -0.0000 0.9691
vn 0.0131 -0.0000 0.9999
vn 0.2676 0.0038 0.9635
vn 0.5082 -0.0000 0.8612
vn 0.7140 -0.0000 0.7002
vn 0.8710 -0.0000 0.4913
vn 0.7140 -0.0000 0.7001
vn 0.9686 0.0037 0.2486
vn 0.9686 0.0038 0.2486
vn 0.8711 -0.0000 0.4911
vn 0.9686 0.0038 0.2487
vn 0.9999 -0.0000 -0.0108
vn 0.9630 -0.0000 -0.2696
vn 0.8601 -0.0000 -0.5101
vn 0.6987 -0.0000 -0.7154
vn 0.6986 -0.0000 -0.7155
vn 0.4893 -0.0000 -0.8721
vn 0.2465 -0.0000 -0.9691
vn -0.0087 -0.0000 -1.0000
vn -0.2676 -0.0000 -0.9635
vn -0.5082 -0.0000 -0.8612
vn -0.7140 -0.0000 -0.7001
vn -0.7140 -0.0001 -0.7002
vn -0.8711 -0.0000 -0.4912
vn -0.8710 -0.0000 -0.4912
vn -0.9686 -0.0000 -0.2486
vn -0.9999 -0.0000 0.0110
vn -0.9629 -0.0038 0.2697
vn -0.9630 -0.0038 0.2697
vn 0.0130 -0.0000 0.9999
vn 0.5081 -0.0000 0.8613
vn -0.4892 -0.0038 0.8721
vn -0.8602 -0.0000 0.5100
vn -0.9630 -0.0038 0.2696
vn -0.9999 -0.0000 0.0107
vn -0.9687 -0.0000 -0.2482
vn -0.9686 -0.0000 -0.2485
vn -0.8711 -0.0000 -0.4911
vn -0.7141 -0.0000 -0.7001
vn -0.7141 -0.0000 -0.7000
vn -0.5081 -0.0000 -0.8613
vn -0.5082 -0.0000 -0.8613
vn -0.0088 -0.0000 -1.0000
vn 0.4892 -0.0000 -0.8722
vn 0.4892 -0.0000 -0.8721
vn 0.6987 -0.0000 -0.7155
vn 0.8602 -0.0000 -0.5100
vn 0.9629 -0.0000 -0.2697
vn 0.9999 -0.0000 -0.0111
vn 0.9999 -0.0000 -0.0112
vn 0.7141 -0.0000 0.7000
vn -0.1523 -0.0000 -0.9883
vn -0.6633 -0.0000 -0.7483
vn -0.6634 -0.0000 -0.7483
vn 0.4072 -0.0000 -0.9133
vn -0.9629 -0.0000 -0.2697
vn -0.9568 -0.0038 0.2907
vn -0.9568 -0.0038 0.2906
vn -0.6469 -0.0000 0.7626
vn -0.1307 -0.0000 0.9914
vn 0.4271 0.0038 0.9042
vn 0.8465 -0.0000 0.5324
vn 0.8465 -0.0000 0.5325
vn 0.9999 -0.0000 -0.0109
vn 0.8347 -0.0000 -0.5507
vn 0.0522 0.9820 0.1816
vn 0.0956 0.9821 0.1624
vn 0.1344 0.9821 0.1322
vn 0.0948 0.9916 0.0875
vn 0.0042 0.9822 0.1877
vn 0.0036 0.9918 0.1280
vn 0.2576 0.8642 0.4322
vn 0.1641 0.9819 0.0943
vn -0.0482 0.9820 0.1826
vn 0.1808 0.9825 0.0452
vn -0.0920 0.9821 0.1644
vn -0.1276 0.8621 0.4904
vn 0.5003 0.1910 0.8445
vn 0.1889 0.9820 -0.0040
vn 0.1285 0.9917 -0.0033
vn -0.1314 0.9821 0.1350
vn -0.0928 0.9917 0.0895
vn -0.2059 0.5568 0.8047
vn 0.5004 -0.1909 0.8445
vn 0.1798 0.9823 -0.0529
vn 0.8057 0.5539 0.2099
vn 0.8552 0.1912 0.4817
vn -0.1105 0.9918 0.0635
vn -0.1620 0.9819 0.0979
vn -0.4094 0.5547 0.7244
vn 0.1621 0.9823 -0.0941
vn 0.8552 -0.1911 0.4817
vn -0.1798 0.9824 0.0511
vn -0.1238 0.9917 0.0354
vn -0.5803 0.5550 0.5960
vn -0.4818 0.1909 0.8552
vn -0.2425 -0.1913 0.9511
vn 0.0928 0.9913 -0.0934
vn 0.1315 0.9826 -0.1313
vn 0.4342 0.8626 -0.2596
vn 0.8010 0.5552 -0.2240
vn 0.9823 0.1867 -0.0126
vn 0.7261 -0.5554 0.4054
vn -0.1889 0.9820 0.0002
vn -0.4859 0.8632 0.1371
vn -0.6862 0.1904 0.7020
vn -0.4818 -0.1909 0.8552
vn 0.0704 -0.9658 0.2496
vn 0.0921 0.9827 -0.1607
vn 0.7170 0.5531 -0.4241
vn 0.4396 -0.8637 0.2465
vn -0.1809 0.9824 -0.0471
vn -0.8445 0.1919 0.4999
vn -0.1275 -0.8621 0.4904
vn 0.0051 -0.9653 0.2612
vn 0.0483 0.9827 -0.1790
vn -0.1119 0.9916 -0.0648
vn -0.1641 0.9823 -0.0906
vn -0.4888 0.8632 -0.1264
vn -0.8309 0.5562 0.0129
vn -0.9453 0.1904 0.2647
vn -0.5803 -0.5550 0.5961
vn -0.2481 -0.8642 0.4377
vn 0.0008 0.9918 -0.1280
vn 0.0001 0.9822 -0.1878
vn -0.0948 0.9913 -0.0913
vn -0.1343 0.9826 -0.1284
vn -0.4397 0.8630 -0.2486
vn -0.9823 0.1867 0.0126
vn -0.7171 -0.5538 0.4233
vn -0.3529 -0.8625 0.3627
vn -0.0342 0.9912 -0.1276
vn -0.0521 0.9827 -0.1778
vn 0.7170 -0.5531 -0.4241
vn 0.4859 -0.8629 -0.1387
vn -0.0645 0.9918 -0.1104
vn -0.0955 0.9827 -0.1587
vn -0.4342 -0.8630 0.2581
vn -0.1826 -0.9655 0.1858
vn -0.0069 0.5555 -0.8315
vn 0.4818 -0.1873 -0.8560
vn 0.5802 -0.5543 -0.5967
vn 0.4342 -0.8626 -0.2597
vn -0.8310 -0.5563 0.0053
vn -0.2259 -0.9649 0.1342
vn -0.0085 0.1877 -0.9822
vn -0.5063 -0.8624 0.0036
vn 0.1826 -0.9655 -0.1858
vn -0.5004 0.1873 -0.8453
vn -0.4887 -0.8632 -0.1264
vn -0.2613 -0.9653 0.0048
vn -0.2632 -0.1875 -0.9463
vn -0.1381 -0.8640 -0.4842
vn -0.1866 -0.9655 -0.1818
vn -0.2672 -0.0000 -0.9637
vn -0.2671 -0.0000 -0.9637
vn 0.2464 -0.0000 -0.9692
vn -0.9999 -0.0000 0.0109
vn 0.9999 -0.0000 -0.0110
vn -0.6986 -0.0037 0.7155
vn 0.8711 -0.0000 0.4912
vn 0.8710 -0.0000 0.4912
vn -0.2464 -0.0000 0.9692
vn 0.2675 0.0038 0.9635
vn -0.4818 -0.1910 0.8552
vn -0.6862 -0.1903 0.7020
vn -0.2058 -0.5568 0.8047
vn -0.4093 -0.5548 0.7243
vn 0.0129 0.1877 0.9821
vn 0.0129 -0.1877 0.9821
vn 0.0112 0.5556 0.8314
vn 0.0113 -0.5556 0.8314
vn -0.4093 0.5548 0.7243
vn -0.8446 -0.1920 0.4999
vn -0.5802 -0.5550 0.5960
vn -0.5802 0.5550 0.5961
vn -0.3528 0.8626 0.3626
vn 0.2631 -0.1912 0.9456
vn -0.1275 0.8621 0.4904
vn -0.9454 -0.1904 0.2646
vn -0.0650 -0.9658 0.2511
vn -0.1304 -0.9641 0.2315
vn 0.2234 -0.5568 0.8000
vn 0.2233 0.5568 0.8000
vn 0.4250 -0.5571 0.7135
vn 0.1382 0.8621 0.4876
vn -0.1304 0.9641 0.2314
vn -0.8009 -0.5550 0.2248
vn -0.4859 -0.8632 0.1371
vn -0.4342 -0.8630 0.2582
vn -0.4341 0.8631 0.2581
vn 0.0050 -0.9653 0.2613
vn 0.5931 -0.5571 0.5813
vn 0.3606 0.8635 0.3527
vn -0.9509 -0.1905 -0.2440
vn -0.2260 -0.9648 0.1343
vn 0.0704 0.9658 0.2496
vn -0.8553 -0.1919 -0.4813
vn -0.8552 0.1920 -0.4814
vn -0.2521 -0.9652 0.0688
vn -0.2521 0.9653 0.0688
vn 0.1354 -0.9641 0.2286
vn 0.9509 -0.1891 0.2449
vn -0.5932 0.5550 -0.5832
vn -0.2613 -0.9653 0.0047
vn 0.1866 -0.9655 0.1819
vn -0.5004 -0.1872 -0.8453
vn -0.4250 -0.5548 -0.7152
vn -0.3607 -0.8639 -0.3514
vn -0.4250 0.5548 -0.7152
vn -0.2536 -0.9650 -0.0670
vn -0.2536 0.9650 -0.0670
vn 0.8310 -0.5563 -0.0091
vn 0.9823 -0.1867 -0.0127
vn 0.8310 0.5563 -0.0090
vn 0.5063 0.8624 -0.0017
vn 0.2288 0.9651 0.1273
vn -0.2234 -0.5538 -0.8022
vn -0.3606 0.8640 -0.3514
vn -0.2289 -0.9648 -0.1293
vn -0.2289 0.9648 -0.1293
vn 0.2536 -0.9652 0.0633
vn 0.8010 -0.5552 -0.2240
vn 0.5062 -0.8623 -0.0093
vn 0.8445 -0.1912 -0.5002
vn 0.8445 0.1911 -0.5002
vn 0.8009 0.5553 -0.2240
vn 0.8309 0.5563 -0.0091
vn -0.0129 -0.1877 -0.9821
vn -0.2234 0.5538 -0.8022
vn 0.7170 -0.5532 -0.4242
vn 0.6860 -0.1864 -0.7034
vn 0.7170 0.5531 -0.4242
vn 0.4859 0.8630 -0.1387
vn 0.2613 0.9653 -0.0029
vn -0.0110 -0.5554 -0.8315
vn 0.2058 -0.5538 -0.8068
vn -0.0069 0.5556 -0.8314
vn 0.2058 0.5538 -0.8068
vn -0.1381 -0.8640 -0.4843
vn -0.1354 -0.9649 -0.2249
vn -0.1354 0.9649 -0.2249
vn 0.2613 -0.9653 -0.0029
vn 0.4819 -0.1873 -0.8560
vn 0.5803 0.5544 -0.5967
vn 0.2521 0.9650 -0.0726
vn -0.0704 -0.9658 -0.2496
vn 0.4093 0.5541 -0.7248
vn -0.0006 -0.9653 -0.2613
vn -0.0050 0.9653 -0.2612
vn 0.0650 -0.9658 -0.2510
vn 0.0650 0.9658 -0.2510
vn 0.1304 -0.9649 -0.2278
vt 0.492000 0.621680
vt 0.505500 0.629500
vt 0.469240 0.676630
vt 0.477030 0.617670
vt 0.516410 0.640400
vt 0.524200 0.653910
vt 0.528260 0.668900
vt 0.528260 0.684370
vt 0.524200 0.699360
vt 0.516410 0.712780
vt 0.505500 0.723770
vt 0.492000 0.731500
vt 0.477030 0.735600
vt 0.461550 0.735600
vt 0.446490 0.731500
vt 0.433090 0.723770
vt 0.422070 0.712780
vt 0.414390 0.699360
vt 0.410330 0.684370
vt 0.410330 0.668900
vt 0.414390 0.653910
vt 0.422070 0.640400
vt 0.433090 0.629500
vt 0.446490 0.621680
vt 0.461550 0.617670
vt 0.196620 0.622050
vt 0.211370 0.622050
vt 0.204000 0.678130
vt 0.182280 0.625870
vt 0.225610 0.625870
vt 0.238390 0.633230
vt 0.248880 0.643660
vt 0.256260 0.656420
vt 0.260000 0.670770
vt 0.260000 0.685480
vt 0.256260 0.699740
vt 0.248880 0.712500
vt 0.238390 0.722930
vt 0.225610 0.730380
vt 0.211370 0.734200
vt 0.196620 0.734200
vt 0.182280 0.730380
vt 0.169500 0.722930
vt 0.159110 0.712500
vt 0.151740 0.699740
vt 0.147890 0.685480
vt 0.147890 0.670770
vt 0.151740 0.656420
vt 0.159110 0.643660
vt 0.169500 0.633230
vt 0.873610 0.361230
vt 0.871220 0.360950
vt 0.872980 0.356940
vt 0.869240 0.359370
vt 0.875790 0.360110
vt 0.868620 0.356940
vt 0.869350 0.354710
vt 0.871110 0.353030
vt 0.873500 0.352660
vt 0.875790 0.353590
vt 0.877140 0.355730
vt 0.877140 0.358160
vt 0.756310 0.549490
vt 0.760670 0.543620
vt 0.762020 0.544920
vt 0.763580 0.548460
vt 0.763580 0.550320
vt 0.755270 0.542310
vt 0.757140 0.542220
vt 0.760880 0.555260
vt 0.762130 0.553860
vt 0.749030 0.548740
vt 0.749550 0.546880
vt 0.755480 0.556750
vt 0.757350 0.556750
vt 0.960150 0.011270
vt 0.964930 0.011270
vt 0.960150 0.013320
vt 0.964930 0.013320
vt 0.960150 0.009220
vt 0.964930 0.009220
vt 0.960150 0.015460
vt 0.964930 0.015460
vt 0.955480 0.011270
vt 0.955480 0.013320
vt 0.955480 0.009220
vt 0.955480 0.007070
vt 0.960150 0.007070
vt 0.955480 0.015460
vt 0.969710 0.011270
vt 0.969710 0.013320
vt 0.969710 0.015460
vt 0.950700 0.011270
vt 0.950700 0.013320
vt 0.964930 0.007070
vt 0.969710 0.009220
vt 0.974380 0.011270
vt 0.974380 0.013320
vt 0.974380 0.009220
vt 0.974380 0.015460
vt 0.964930 0.017510
vt 0.960150 0.017510
vt 0.945920 0.011270
vt 0.945920 0.013320
vt 0.950700 0.009220
vt 0.950700 0.015460
vt 0.955480 0.017510
vt 0.964930 0.004930
vt 0.960150 0.004930
vt 0.969710 0.007070
vt 0.979160 0.011270
vt 0.979160 0.013320
vt 0.979160 0.009220
vt 0.979160 0.015460
vt 0.979160 0.017510
vt 0.974380 0.017510
vt 0.969710 0.017510
vt 0.964930 0.019650
vt 0.960150 0.019650
vt 0.941240 0.011270
vt 0.941240 0.013320
vt 0.945920 0.009220
vt 0.945920 0.015460
vt 0.950700 0.007070
vt 0.950700 0.017510
vt 0.955480 0.004930
vt 0.955480 0.019650
vt 0.969710 0.004930
vt 0.974380 0.007070
vt 0.983940 0.011270
vt 0.983940 0.013320
vt 0.969710 0.019650
vt 0.936460 0.015460
vt 0.936460 0.013320
vt 0.941240 0.015460
vt 0.936460 0.011270
vt 0.936460 0.017510
vt 0.941240 0.017510
vt 0.936460 0.009220
vt 0.941240 0.009220
vt 0.936460 0.007070
vt 0.941240 0.007070
vt 0.945920 0.007070
vt 0.945920 0.017510
vt 0.950700 0.004930
vt 0.950700 0.019650
vt 0.974380 0.004930
vt 0.979160 0.007070
vt 0.983940 0.009220
vt 0.983940 0.015460
vt 0.988620 0.015460
vt 0.988620 0.013320
vt 0.988620 0.011270
vt 0.988620 0.017510
vt 0.983940 0.017510
vt 0.988620 0.009220
vt 0.974380 0.019650
vt 0.931680 0.011270
vt 0.931680 0.013320
vt 0.945920 0.004930
vt 0.945920 0.019650
vt 0.979160 0.004930
vt 0.983940 0.007070
vt 0.993400 0.015460
vt 0.993400 0.013320
vt 0.993400 0.011270
vt 0.993400 0.017510
vt 0.993400 0.009220
vt 0.979160 0.019650
vt 0.927010 0.011270
vt 0.927010 0.013320
vt 0.931680 0.009220
vt 0.931680 0.015460
vt 0.931680 0.017510
vt 0.941240 0.004930
vt 0.941240 0.019650
vt 0.983940 0.004930
vt 0.988620 0.007070
vt 0.998280 0.011270
vt 0.998280 0.013320
vt 0.983940 0.019650
vt 0.922230 0.011270
vt 0.922230 0.013320
vt 0.927010 0.009220
vt 0.922230 0.009220
vt 0.922230 0.007070
vt 0.927010 0.007070
vt 0.927010 0.015460
vt 0.922230 0.015460
vt 0.922230 0.017510
vt 0.927010 0.017510
vt 0.931680 0.007070
vt 0.936460 0.004930
vt 0.936460 0.019650
vt 0.988620 0.004930
vt 0.993400 0.007070
vt 0.998280 0.009220
vt 0.888980 0.011270
vt 0.888980 0.013320
vt 0.884100 0.011270
vt 0.884200 0.013320
vt 0.998280 0.015460
vt 0.988620 0.019650
vt 0.917450 0.013320
vt 0.917450 0.011270
vt 0.931680 0.004930
vt 0.931680 0.019650
vt 0.993400 0.004930
vt 0.998070 0.007070
vt 0.888980 0.009220
vt 0.884200 0.009220
vt 0.889090 0.007070
vt 0.884310 0.007070
vt 0.893760 0.011270
vt 0.893760 0.013320
vt 0.888980 0.015460
vt 0.884200 0.015460
vt 0.998070 0.017510
vt 0.993400 0.019650
vt 0.917450 0.009220
vt 0.912770 0.009220
vt 0.912770 0.011270
vt 0.912770 0.013320
vt 0.917450 0.015460
vt 0.912770 0.015460
vt 0.917450 0.007070
vt 0.917450 0.017510
vt 0.927010 0.004930
vt 0.927010 0.019650
vt 0.997870 0.004930
vt 0.893760 0.009220
vt 0.893760 0.007070
vt 0.898540 0.011270
vt 0.898540 0.013320
vt 0.893760 0.015460
vt 0.884310 0.017510
vt 0.889090 0.017510
vt 0.889090 0.019650
vt 0.884620 0.019650
vt 0.997870 0.019650
vt 0.908000 0.011270
vt 0.908000 0.013320
vt 0.908000 0.009220
vt 0.912770 0.007070
vt 0.908000 0.007070
vt 0.908000 0.015460
vt 0.912770 0.017510
vt 0.908000 0.017510
vt 0.922230 0.004930
vt 0.922230 0.019650
vt 0.884620 0.004930
vt 0.889090 0.004930
vt 0.898540 0.009220
vt 0.903320 0.011270
vt 0.903320 0.013320
vt 0.903320 0.009220
vt 0.903320 0.015460
vt 0.898540 0.015460
vt 0.903320 0.017510
vt 0.898540 0.017510
vt 0.893760 0.017510
vt 0.917450 0.004930
vt 0.917450 0.019650
vt 0.893760 0.004930
vt 0.898540 0.007070
vt 0.893760 0.019650
vt 0.912770 0.004930
vt 0.912770 0.019650
vt 0.898540 0.004930
vt 0.903320 0.007070
vt 0.898540 0.019650
vt 0.908000 0.004930
vt 0.908000 0.019650
vt 0.903220 0.004930
vt 0.903220 0.019650
vt 0.432770 0.767920
vt 0.417610 0.767920
vt 0.432770 0.765780
vt 0.417610 0.765780
vt 0.402440 0.765780
vt 0.402440 0.767920
vt 0.432770 0.755070
vt 0.417610 0.755070
vt 0.447940 0.767920
vt 0.447940 0.765780
vt 0.463110 0.767920
vt 0.463110 0.765780
vt 0.478280 0.765780
vt 0.478280 0.767920
vt 0.493450 0.765780
vt 0.493450 0.767920
vt 0.508520 0.765780
vt 0.508520 0.767920
vt 0.523680 0.765780
vt 0.523480 0.767920
vt 0.175220 0.765780
vt 0.175220 0.767920
vt 0.160050 0.765780
vt 0.160260 0.767920
vt 0.190280 0.765780
vt 0.190280 0.767920
vt 0.205350 0.765780
vt 0.205350 0.767920
vt 0.220410 0.765780
vt 0.220410 0.767920
vt 0.235680 0.765780
vt 0.235680 0.767920
vt 0.250850 0.765780
vt 0.250850 0.767920
vt 0.266020 0.765780
vt 0.266020 0.767920
vt 0.281190 0.765780
vt 0.281190 0.767920
vt 0.296360 0.765780
vt 0.296360 0.767920
vt 0.311530 0.767920
vt 0.311530 0.765780
vt 0.326590 0.767920
vt 0.326590 0.765780
vt 0.341760 0.765780
vt 0.341760 0.767920
vt 0.356930 0.765780
vt 0.356930 0.767920
vt 0.372100 0.765780
vt 0.372100 0.767920
vt 0.387270 0.765780
vt 0.387270 0.767920
vt 0.402440 0.755070
vt 0.447940 0.755070
vt 0.463110 0.755070
vt 0.478280 0.755070
vt 0.493450 0.755070
vt 0.508520 0.755070
vt 0.523680 0.755070
vt 0.175110 0.755070
vt 0.160050 0.755070
vt 0.190280 0.755070
vt 0.205350 0.755070
vt 0.220410 0.755070
vt 0.235680 0.755070
vt 0.250850 0.755070
vt 0.266020 0.755070
vt 0.281190 0.755070
vt 0.296360 0.755070
vt 0.311530 0.755070
vt 0.326700 0.755070
vt 0.341760 0.755070
vt 0.356930 0.755070
vt 0.372100 0.755070
vt 0.387270 0.755070
vt 0.478280 0.753390
vt 0.463110 0.753390
vt 0.478280 0.748730
vt 0.463110 0.748730
vt 0.493450 0.753390
vt 0.493450 0.748730
vt 0.508520 0.753390
vt 0.523890 0.753390
vt 0.159840 0.753390
vt 0.175110 0.753390
vt 0.190280 0.753390
vt 0.205350 0.753390
vt 0.220410 0.753390
vt 0.235680 0.753390
vt 0.250850 0.753390
vt 0.266020 0.753390
vt 0.281190 0.753390
vt 0.447940 0.753390
vt 0.432770 0.753390
vt 0.417610 0.753390
vt 0.402440 0.753390
vt 0.387270 0.753390
vt 0.372100 0.753390
vt 0.356930 0.753390
vt 0.341760 0.753390
vt 0.326700 0.753390
vt 0.311530 0.753390
vt 0.296360 0.753390
vt 0.447940 0.748730
vt 0.432770 0.748730
vt 0.417610 0.748730
vt 0.402440 0.748730
vt 0.387270 0.748730
vt 0.372100 0.748730
vt 0.356930 0.748730
vt 0.341760 0.748730
vt 0.326700 0.748730
vt 0.311530 0.748730
vt 0.296360 0.748730
vt 0.281190 0.748730
vt 0.266020 0.748730
vt 0.250850 0.748730
vt 0.235580 0.748730
vt 0.220410 0.748730
vt 0.205350 0.748730
vt 0.190280 0.748730
vt 0.175110 0.748730
vt 0.159840 0.748730
vt 0.523890 0.748730
vt 0.508620 0.748730
vt 0.873920 0.363470
vt 0.870280 0.362910
vt 0.867480 0.360480
vt 0.877350 0.361970
vt 0.866330 0.356940
vt 0.867270 0.353310
vt 0.870180 0.350890
vt 0.873810 0.350420
vt 0.877140 0.352010
vt 0.879220 0.354990
vt 0.879320 0.358710
vt 0.764930 0.537930
vt 0.767630 0.540540
vt 0.769500 0.543800
vt 0.763060 0.546600
vt 0.761610 0.536070
vt 0.759010 0.542690
vt 0.765970 0.536540
vt 0.768980 0.539430
vt 0.770540 0.547340
vt 0.771160 0.543060
vt 0.757970 0.535140
vt 0.762230 0.534400
vt 0.767110 0.534950
vt 0.770440 0.538210
vt 0.770640 0.551160
vt 0.772310 0.547160
vt 0.772930 0.542310
vt 0.754230 0.535230
vt 0.758180 0.533370
vt 0.762960 0.532630
vt 0.772100 0.537000
vt 0.768250 0.533370
vt 0.769710 0.554790
vt 0.763060 0.552190
vt 0.772410 0.551350
vt 0.774180 0.546880
vt 0.774800 0.541470
vt 0.750590 0.536350
vt 0.753400 0.542780
vt 0.753920 0.533460
vt 0.758380 0.531510
vt 0.763680 0.530760
vt 0.773660 0.535700
vt 0.769500 0.531690
vt 0.767840 0.558060
vt 0.771370 0.555450
vt 0.774280 0.551530
vt 0.776260 0.546600
vt 0.776670 0.540640
vt 0.751740 0.543800
vt 0.747370 0.538210
vt 0.749870 0.534670
vt 0.753610 0.531600
vt 0.758590 0.529460
vt 0.764410 0.528810
vt 0.775320 0.534400
vt 0.770750 0.530020
vt 0.765240 0.560760
vt 0.769290 0.559170
vt 0.773140 0.556190
vt 0.776260 0.551810
vt 0.778230 0.546230
vt 0.778540 0.539890
vt 0.744770 0.540920
vt 0.750380 0.545200
vt 0.746230 0.536820
vt 0.749140 0.533000
vt 0.753290 0.529640
vt 0.758800 0.527500
vt 0.765240 0.526850
vt 0.771890 0.528530
vt 0.776770 0.533280
vt 0.759220 0.556190
vt 0.762020 0.562710
vt 0.766380 0.562150
vt 0.770850 0.560290
vt 0.775010 0.556940
vt 0.778330 0.552000
vt 0.780310 0.545950
vt 0.780310 0.539150
vt 0.742900 0.544270
vt 0.743320 0.539890
vt 0.745090 0.535330
vt 0.748310 0.531040
vt 0.752980 0.527500
vt 0.759010 0.525450
vt 0.765870 0.525170
vt 0.772930 0.527040
vt 0.778230 0.532070
vt 0.758380 0.563740
vt 0.762750 0.564390
vt 0.767530 0.563640
vt 0.772510 0.561500
vt 0.776980 0.557680
vt 0.780410 0.552280
vt 0.782180 0.545670
vt 0.781970 0.538400
vt 0.741970 0.547900
vt 0.741240 0.543620
vt 0.741760 0.538770
vt 0.743840 0.533740
vt 0.747480 0.529090
vt 0.752670 0.525550
vt 0.759220 0.523500
vt 0.766490 0.523500
vt 0.754640 0.563830
vt 0.758700 0.565510
vt 0.763480 0.566070
vt 0.768770 0.565320
vt 0.774180 0.562710
vt 0.778850 0.558330
vt 0.782280 0.552470
vt 0.784050 0.545390
vt 0.749030 0.550600
vt 0.742070 0.551630
vt 0.740200 0.547720
vt 0.739480 0.542870
vt 0.740100 0.537560
vt 0.742490 0.532160
vt 0.746640 0.527220
vt 0.752460 0.523680
vt 0.759420 0.521730
vt 0.753610 0.556380
vt 0.751010 0.562990
vt 0.754440 0.565600
vt 0.759010 0.567460
vt 0.764310 0.567930
vt 0.770130 0.566900
vt 0.775840 0.563920
vt 0.780620 0.559080
vt 0.784150 0.552650
vt 0.749550 0.552470
vt 0.743110 0.555260
vt 0.740310 0.551910
vt 0.738330 0.547440
vt 0.737610 0.542130
vt 0.738440 0.536350
vt 0.741240 0.530580
vt 0.745810 0.525550
vt 0.752150 0.521820
vt 0.751940 0.555450
vt 0.747680 0.561130
vt 0.750380 0.564670
vt 0.754230 0.567560
vt 0.759320 0.569420
vt 0.765140 0.569890
vt 0.771370 0.568490
vt 0.777400 0.565040
vt 0.782490 0.559820
vt 0.750590 0.554050
vt 0.744980 0.558520
vt 0.741450 0.556010
vt 0.738440 0.552190
vt 0.736360 0.547250
vt 0.735630 0.541380
vt 0.736770 0.535140
vt 0.740000 0.529090
vt 0.745090 0.523780
vt 0.746640 0.562530
vt 0.749660 0.566440
vt 0.754020 0.569510
vt 0.759630 0.571470
vt 0.765970 0.571750
vt 0.772620 0.569980
vt 0.778850 0.566160
vt 0.743630 0.559640
vt 0.739680 0.556750
vt 0.736360 0.552470
vt 0.734280 0.546970
vt 0.733760 0.540640
vt 0.735320 0.533930
vt 0.738850 0.527600
vt 0.745500 0.564110
vt 0.748930 0.568300
vt 0.753810 0.571650
vt 0.759940 0.573520
vt 0.766800 0.573520
vt 0.773760 0.571470
vt 0.742180 0.560760
vt 0.737810 0.557590
vt 0.734380 0.552840
vt 0.732310 0.546780
vt 0.732000 0.539890
vt 0.733760 0.532810
vt 0.744360 0.565690
vt 0.748100 0.570160
vt 0.753610 0.573610
vt 0.760150 0.575380
vt 0.767530 0.575190
vt 0.740510 0.562060
vt 0.735940 0.558430
vt 0.732310 0.553120
vt 0.730330 0.546500
vt 0.730230 0.539240
vt 0.743110 0.567370
vt 0.747370 0.572120
vt 0.753400 0.575470
vt 0.760460 0.577240
vt 0.738960 0.563360
vt 0.734070 0.559170
vt 0.730440 0.553400
vt 0.728360 0.546320
vt 0.741870 0.569050
vt 0.746750 0.573800
vt 0.753190 0.577340
vt 0.737290 0.564580
vt 0.732310 0.559920
vt 0.728570 0.553680
vt 0.740720 0.570540
vt 0.746130 0.575470
vt 0.735840 0.565790
vt 0.730640 0.560660
vt 0.739580 0.572030
vt 0.734380 0.566900
vt 0.976150 0.046760
vt 0.976150 0.409480
vt 0.971580 0.046760
vt 0.971580 0.409480
vt 0.967010 0.046760
vt 0.967010 0.409480
vt 0.980720 0.046760
vt 0.980720 0.409480
vt 0.962440 0.046760
vt 0.962440 0.409480
vt 0.985190 0.046760
vt 0.985190 0.409480
vt 0.957870 0.046760
vt 0.957870 0.409480
vt 0.989760 0.046760
vt 0.989760 0.409480
vt 0.953400 0.046760
vt 0.953290 0.409480
vt 0.994330 0.046760
vt 0.994330 0.409480
vt 0.948830 0.046760
vt 0.948830 0.409480
vt 0.998900 0.046760
vt 0.998900 0.409480
vt 0.944250 0.046760
vt 0.944250 0.409480
vt 0.894180 0.046760
vt 0.894070 0.409480
vt 0.889610 0.046760
vt 0.889610 0.409480
vt 0.939680 0.046760
vt 0.939680 0.409480
vt 0.898640 0.046760
vt 0.898640 0.409480
vt 0.935110 0.046760
vt 0.935110 0.409480
vt 0.903220 0.046760
vt 0.903220 0.409480
vt 0.930540 0.046760
vt 0.930540 0.409480
vt 0.907790 0.046760
vt 0.907790 0.409480
vt 0.925970 0.046760
vt 0.925970 0.409480
vt 0.912360 0.046760
vt 0.912360 0.409480
vt 0.921500 0.046760
vt 0.921500 0.409480
vt 0.916930 0.046760
vt 0.916930 0.409480
vt 0.964410 0.033710
vt 0.959630 0.033710
vt 0.964410 0.031760
vt 0.959630 0.031760
vt 0.954960 0.033710
vt 0.954960 0.031760
vt 0.964410 0.029620
vt 0.959630 0.029620
vt 0.959630 0.027470
vt 0.964410 0.027470
vt 0.969190 0.033710
vt 0.969190 0.031760
vt 0.964410 0.035860
vt 0.969190 0.035860
vt 0.969190 0.029620
vt 0.969190 0.027470
vt 0.959630 0.035860
vt 0.950180 0.031760
vt 0.950180 0.033710
vt 0.954960 0.029620
vt 0.954960 0.035860
vt 0.954960 0.037910
vt 0.959630 0.037910
vt 0.973870 0.031760
vt 0.973870 0.033710
vt 0.964410 0.037910
vt 0.945400 0.031760
vt 0.945400 0.033710
vt 0.950180 0.029620
vt 0.950180 0.035860
vt 0.954960 0.027470
vt 0.964410 0.025330
vt 0.959630 0.025330
vt 0.973870 0.029620
vt 0.973870 0.027470
vt 0.978640 0.031760
vt 0.978640 0.033710
vt 0.973870 0.035860
vt 0.978640 0.035860
vt 0.978640 0.029620
vt 0.978640 0.027470
vt 0.973870 0.037910
vt 0.969190 0.037910
vt 0.964410 0.040050
vt 0.959630 0.040050
vt 0.940720 0.035860
vt 0.940720 0.033710
vt 0.945400 0.035860
vt 0.940720 0.031760
vt 0.940720 0.029620
vt 0.945400 0.029620
vt 0.945400 0.027470
vt 0.950180 0.027470
vt 0.950180 0.037910
vt 0.954960 0.025330
vt 0.954960 0.040050
vt 0.969190 0.025330
vt 0.983420 0.031760
vt 0.983420 0.033710
vt 0.983420 0.029620
vt 0.983420 0.035860
vt 0.983420 0.037910
vt 0.978640 0.037910
vt 0.969190 0.040050
vt 0.935940 0.031760
vt 0.935940 0.033710
vt 0.945400 0.037910
vt 0.950180 0.025330
vt 0.950180 0.040050
vt 0.973870 0.025330
vt 0.988200 0.031760
vt 0.988200 0.033710
vt 0.973870 0.040050
vt 0.931160 0.031760
vt 0.931160 0.033710
vt 0.935940 0.029620
vt 0.935940 0.035860
vt 0.940720 0.027470
vt 0.940720 0.037910
vt 0.945400 0.025330
vt 0.945400 0.040050
vt 0.978640 0.025330
vt 0.983420 0.027470
vt 0.988100 0.029620
vt 0.988100 0.035860
vt 0.992880 0.035860
vt 0.992880 0.033710
vt 0.992880 0.031760
vt 0.992880 0.029620
vt 0.988100 0.037910
vt 0.978640 0.040050
vt 0.926490 0.035860
vt 0.926490 0.033710
vt 0.931160 0.035860
vt 0.926490 0.031760
vt 0.926490 0.029620
vt 0.931160 0.029620
vt 0.931160 0.037910
vt 0.935940 0.037910
vt 0.935940 0.027470
vt 0.940720 0.025330
vt 0.940720 0.040050
vt 0.983420 0.025330
vt 0.988100 0.027470
vt 0.997760 0.031760
vt 0.997760 0.033710
vt 0.983420 0.040050
vt 0.921710 0.031760
vt 0.921710 0.033710
vt 0.921710 0.029620
vt 0.921710 0.027470
vt 0.926490 0.027470
vt 0.921710 0.035860
vt 0.931160 0.027470
vt 0.935940 0.025330
vt 0.935940 0.040050
vt 0.988100 0.025330
vt 0.992880 0.027470
vt 0.997760 0.029620
vt 0.888460 0.031760
vt 0.888460 0.033710
vt 0.883680 0.031760
vt 0.883680 0.033710
vt 0.997760 0.035860
vt 0.997550 0.037910
vt 0.992880 0.037910
vt 0.988100 0.040050
vt 0.917030 0.033710
vt 0.917030 0.031760
vt 0.917030 0.029620
vt 0.926490 0.037910
vt 0.931160 0.025330
vt 0.931160 0.040050
vt 0.992880 0.025330
vt 0.997550 0.027470
vt 0.888570 0.029620
vt 0.883680 0.029620
vt 0.888570 0.027470
vt 0.883890 0.027470
vt 0.893240 0.031760
vt 0.893240 0.033710
vt 0.888570 0.035860
vt 0.883680 0.035860
vt 0.992880 0.040050
vt 0.912250 0.033710
vt 0.912250 0.031760
vt 0.917030 0.035860
vt 0.921710 0.037910
vt 0.926490 0.025330
vt 0.926490 0.040050
vt 0.997350 0.025330
vt 0.893240 0.029620
vt 0.893240 0.027470
vt 0.898020 0.031760
vt 0.898020 0.033710
vt 0.893240 0.035860
vt 0.883890 0.037910
vt 0.888570 0.037910
vt 0.997350 0.040050
vt 0.907480 0.031760
vt 0.907480 0.033710
vt 0.912250 0.029620
vt 0.907480 0.029620
vt 0.912250 0.027470
vt 0.907480 0.027470
vt 0.912250 0.035860
vt 0.907480 0.035860
vt 0.912250 0.037910
vt 0.907480 0.037910
vt 0.917030 0.027470
vt 0.917030 0.037910
vt 0.921710 0.025330
vt 0.921710 0.040050
vt 0.884100 0.025330
vt 0.888570 0.025330
vt 0.898020 0.029620
vt 0.902800 0.031760
vt 0.902800 0.033710
vt 0.898020 0.035860
vt 0.893240 0.037910
vt 0.884100 0.040050
vt 0.888570 0.040050
vt 0.917030 0.025330
vt 0.917030 0.040050
vt 0.893240 0.025330
vt 0.898020 0.027470
vt 0.902800 0.029620
vt 0.902800 0.027470
vt 0.902800 0.035860
vt 0.902800 0.037910
vt 0.898020 0.037910
vt 0.893240 0.040050
vt 0.912250 0.025330
vt 0.912250 0.040050
vt 0.898020 0.025330
vt 0.898020 0.040050
vt 0.907480 0.025330
vt 0.907480 0.040050
vt 0.902800 0.025330
vt 0.902800 0.040050
v 3.038359 0.980308 8.480492
v 3.039086 0.966668 8.503719
v 3.038512 0.960468 8.429369
v 3.038104 0.982168 8.478751
v 3.039703 0.966668 8.560351
v 3.039484 0.980308 8.583591
v 3.040750 0.960468 8.634697
v 3.039266 0.982168 8.585335
v 3.037847 1.012547 8.585351
v 3.037831 1.015027 8.583899
v 3.035790 1.070826 8.635332
v 3.037572 1.016267 8.581869
v 3.034489 1.088805 8.602815
v 3.036701 1.015027 8.480219
v 3.036685 1.012547 8.478767
v 3.033539 1.070826 8.428843
v 3.036486 1.016267 8.482254
v 3.032947 1.088805 8.461380
v 3.035886 1.046646 8.535704
v 3.035700 1.050366 8.540354
v 3.035807 1.046646 8.528444
v 3.035520 1.050366 8.523800
v 3.035473 1.056566 8.541227
v 3.035199 1.061526 8.537745
v 3.034899 1.063386 8.531940
v 3.035076 1.061526 8.526419
v 3.035274 1.056566 8.522931
v 2.988633 0.980308 8.584145
v 2.987907 0.966668 8.560916
v 2.988244 0.960468 8.635269
v 2.988889 0.982168 8.585884
v 2.987289 0.966668 8.504284
v 2.987509 0.980308 8.481046
v 2.986006 0.960468 8.429941
v 2.987727 0.982168 8.479300
v 2.989146 1.012547 8.479285
v 2.989162 1.015027 8.480738
v 2.991203 1.070826 8.429304
v 2.989184 1.016267 8.482770
v 2.992504 1.088805 8.461822
v 2.990292 1.015027 8.584417
v 2.990308 1.012547 8.585869
v 2.993454 1.070826 8.635794
v 2.990270 1.016267 8.582384
v 2.994045 1.088805 8.603256
v 2.991472 1.050366 8.540836
v 2.991185 1.046646 8.536192
v 2.991106 1.046646 8.528931
v 2.991292 1.050366 8.524282
v 2.991917 1.061526 8.538218
v 2.991719 1.056566 8.541704
v 2.992090 1.063386 8.532406
v 2.991519 1.056566 8.523408
v 2.991794 1.061526 8.526891
v 3.210047 0.034208 8.585217
v 3.206332 0.034208 8.591646
v 3.236926 0.034208 8.772558
v 3.200467 0.034208 8.596067
v 3.193154 0.034208 8.597891
v 3.179607 0.034208 8.591938
v 3.175753 0.034208 8.585590
v 2.796776 0.034208 8.777355
v 3.185803 0.034208 8.596228
v 3.204936 0.034208 8.463572
v 3.208790 0.034208 8.469919
v 3.231636 0.034208 8.287265
v 3.198976 0.034208 8.459280
v 3.191628 0.034208 8.457908
v 3.174496 0.034208 8.470293
v 3.178210 0.034208 8.463863
v 2.791486 0.034208 8.292063
v 3.184312 0.034208 8.459439
v 3.208790 0.002589 8.469919
v 3.204936 0.002589 8.463572
v 3.253419 0.002589 8.267567
v 3.198976 0.002589 8.459280
v 3.191628 0.002589 8.457908
v 3.178210 0.002589 8.463863
v 3.174496 0.002589 8.470293
v 2.769278 0.002589 8.272844
v 3.184312 0.002589 8.459439
v 3.206332 0.002589 8.591646
v 3.210047 0.002589 8.585217
v 3.259134 0.002589 8.791776
v 3.200467 0.002589 8.596067
v 3.193154 0.002589 8.597891
v 3.175753 0.002589 8.585590
v 3.179607 0.002589 8.591938
v 2.774992 0.002589 8.797053
v 3.185803 0.002589 8.596228
v 2.776273 0.002589 8.806044
v 3.258050 0.002589 8.800792
v 2.978849 1.208463 8.532841
v 2.979454 1.210943 8.523249
v 2.979451 1.208463 8.522959
v 2.979660 1.205983 8.542127
v 2.979647 1.204123 8.540965
v 3.044022 1.210943 8.522545
v 3.044596 1.208463 8.531834
v 3.044019 1.208463 8.522255
v 3.044123 1.218382 8.531839
v 3.044098 1.217762 8.529515
v 3.044228 1.205983 8.541423
v 3.044215 1.204123 8.540261
v 3.044177 1.217142 8.536776
v 3.044199 1.215282 8.538809
v 3.024777 1.192343 8.471345
v 3.024755 1.208463 8.469312
v 3.025442 1.208463 8.532333
v 3.024847 1.177463 8.477734
v 3.024777 1.225202 8.471345
v 3.024954 1.164443 8.487608
v 3.024847 1.240082 8.477734
v 3.025097 1.153904 8.500677
v 3.024954 1.253102 8.487608
v 3.025261 1.147704 8.515779
v 3.025097 1.263021 8.500677
v 3.025442 1.145844 8.532333
v 3.025261 1.269841 8.515779
v 3.025619 1.147704 8.548596
v 3.025442 1.271701 8.532333
v 3.025784 1.153904 8.563698
v 3.025619 1.269841 8.548596
v 3.025926 1.164443 8.576767
v 3.025784 1.263021 8.563698
v 3.026034 1.177463 8.586641
v 3.025926 1.253102 8.576767
v 3.026103 1.192343 8.593031
v 3.026034 1.240082 8.586641
v 3.026126 1.208463 8.595064
v 3.026103 1.225202 8.593031
v 2.997083 1.208463 8.469614
v 2.997105 1.192343 8.471647
v 2.997770 1.208463 8.532635
v 2.997175 1.177463 8.478036
v 2.997105 1.225202 8.471647
v 2.997282 1.164443 8.487909
v 2.997175 1.240082 8.478036
v 2.997425 1.153904 8.500978
v 2.997282 1.253102 8.487909
v 2.997589 1.147704 8.516081
v 2.997425 1.263021 8.500978
v 2.997770 1.145844 8.532635
v 2.997589 1.269841 8.516081
v 2.997947 1.147704 8.548899
v 2.997770 1.271701 8.532635
v 2.998112 1.153904 8.564000
v 2.997947 1.269841 8.548899
v 2.998254 1.164443 8.577068
v 2.998112 1.263021 8.564000
v 2.998362 1.177463 8.586943
v 2.998254 1.253102 8.577068
v 2.998431 1.192343 8.593332
v 2.998362 1.240082 8.586943
v 2.998454 1.208463 8.595366
v 2.998431 1.225202 8.593332
v 3.081458 0.031728 8.398113
v 3.084368 0.031728 8.665009
v 2.942625 0.031728 8.399627
v 2.945535 0.031728 8.666523
v 2.952385 0.031728 8.383545
v 3.071114 0.031728 8.382252
v 2.986006 0.960468 8.429941
v 2.984114 0.960468 8.429962
v 2.988244 0.960468 8.635269
v 2.986352 0.960468 8.635290
v 2.986006 0.960468 8.429941
v 2.944617 0.066448 8.430393
v 2.942488 0.066448 8.430416
v 2.944617 0.066448 8.430393
v 2.946855 0.066448 8.635720
v 2.944726 0.066448 8.635744
v 3.082503 0.066448 8.428890
v 3.084742 0.066448 8.634217
v 3.080138 0.066448 8.428915
v 3.082376 0.066448 8.634243
v 3.080138 0.066448 8.428915
v 3.040877 0.960468 8.429344
v 3.038512 0.960468 8.429369
v 3.038512 0.960468 8.429369
v 3.040750 0.960468 8.634697
v 3.043115 0.960468 8.634671
v 2.991794 1.061526 8.526891
v 3.035076 1.061526 8.526419
v 2.992090 1.063386 8.532406
v 3.034899 1.063386 8.531940
v 3.035274 1.056566 8.522931
v 2.991519 1.056566 8.523408
v 3.035520 1.050366 8.523800
v 2.991292 1.050366 8.524282
v 3.035807 1.046646 8.528444
v 2.991106 1.046646 8.528931
v 3.039086 0.966668 8.503719
v 3.038359 0.980308 8.480492
v 2.987289 0.966668 8.504284
v 2.987509 0.980308 8.481046
v 3.038104 0.982168 8.478751
v 2.987727 0.982168 8.479300
v 3.036685 1.012547 8.478767
v 2.989146 1.012547 8.479285
v 3.036701 1.015027 8.480219
v 2.989162 1.015027 8.480738
v 2.989184 1.016267 8.482770
v 3.036486 1.016267 8.482254
v 2.989184 1.016267 8.482770
v 3.036486 1.016267 8.482254
v 2.990270 1.016267 8.582384
v 3.037572 1.016267 8.581869
v 3.033539 1.070826 8.428843
v 2.991203 1.070826 8.429304
v 3.032947 1.088805 8.461380
v 2.992504 1.088805 8.461822
v 3.029928 1.067726 8.423073
v 2.994687 1.067726 8.423457
v 2.952385 0.031728 8.383545
v 2.994687 1.067726 8.423457
v 3.071114 0.031728 8.382252
v 3.029928 1.067726 8.423073
v 3.034489 1.088805 8.602815
v 2.994045 1.088805 8.603256
v 2.955642 0.031728 8.682387
v 3.074372 0.031728 8.681093
v 2.955642 0.031728 8.682387
v 3.074372 0.031728 8.681093
v 2.997065 1.067726 8.641563
v 3.032305 1.067726 8.641179
v 2.988244 0.960468 8.635269
v 2.946855 0.066448 8.635720
v 3.082376 0.066448 8.634243
v 3.040750 0.960468 8.634697
v 2.991917 1.061526 8.538218
v 2.992090 1.063386 8.532406
v 3.035199 1.061526 8.537745
v 3.034899 1.063386 8.531940
v 3.035473 1.056566 8.541227
v 2.991719 1.056566 8.541704
v 3.035700 1.050366 8.540354
v 2.991472 1.050366 8.540836
v 3.035886 1.046646 8.535704
v 2.991185 1.046646 8.536192
v 2.987907 0.966668 8.560916
v 3.039703 0.966668 8.560351
v 2.988633 0.980308 8.584145
v 3.039484 0.980308 8.583591
v 3.039266 0.982168 8.585335
v 2.988889 0.982168 8.585884
v 3.037847 1.012547 8.585351
v 2.990308 1.012547 8.585869
v 3.037831 1.015027 8.583899
v 2.990292 1.015027 8.584417
v 3.032305 1.067726 8.641179
v 3.035790 1.070826 8.635332
v 2.997065 1.067726 8.641563
v 2.993454 1.070826 8.635794
v 2.945535 0.031728 8.666523
v 2.946855 0.066448 8.635720
v 2.942625 0.031728 8.399627
v 2.944617 0.066448 8.430393
v 3.080138 0.066448 8.428915
v 3.082376 0.066448 8.634243
v 2.952385 0.031728 8.383545
v 2.994687 1.067726 8.423457
v 3.198642 0.030488 8.255094
v 2.823770 0.030488 8.259180
v 3.198642 0.034208 8.255094
v 2.823770 0.034208 8.259180
v 3.207170 0.030488 8.256163
v 3.207170 0.034208 8.256163
v 3.218033 0.018709 8.232807
v 2.803899 0.018709 8.237322
v 2.815268 0.030488 8.260435
v 2.815268 0.034208 8.260435
v 3.215009 0.030488 8.259272
v 3.215009 0.034208 8.259272
v 3.227033 0.018709 8.233871
v 3.218033 0.002589 8.232807
v 2.803899 0.002589 8.237322
v 2.794924 0.018709 8.238582
v 2.807498 0.030488 8.263714
v 2.807498 0.034208 8.263714
v 3.231636 0.030488 8.287265
v 3.236926 0.030488 8.772558
v 3.230361 0.030488 8.278855
v 3.230361 0.034208 8.278855
v 3.226965 0.030488 8.271050
v 3.226965 0.034208 8.271050
v 3.221925 0.030488 8.264425
v 3.221925 0.034208 8.264425
v 2.800696 0.030488 8.269016
v 2.800696 0.034208 8.269016
v 2.795802 0.030488 8.275751
v 2.795802 0.034208 8.275751
v 2.792576 0.030488 8.283628
v 2.792576 0.034208 8.283628
v 2.791486 0.030488 8.292063
v 2.796776 0.030488 8.777355
v 2.798050 0.030488 8.785765
v 2.798050 0.034208 8.785765
v 2.801447 0.030488 8.793571
v 2.801447 0.034208 8.793571
v 2.806486 0.030488 8.800196
v 2.806486 0.034208 8.800196
v 2.813403 0.034208 8.805348
v 2.813403 0.030488 8.805348
v 2.821242 0.034208 8.808458
v 2.821242 0.030488 8.808458
v 2.829769 0.034208 8.809526
v 2.829769 0.030488 8.809526
v 3.204642 0.034208 8.805441
v 3.204642 0.030488 8.805441
v 3.213144 0.034208 8.804186
v 3.213144 0.030488 8.804186
v 3.220914 0.034208 8.800906
v 3.220914 0.030488 8.800906
v 3.227715 0.034208 8.795604
v 3.227715 0.030488 8.795604
v 3.232610 0.030488 8.788870
v 3.232610 0.034208 8.788870
v 3.235836 0.030488 8.780993
v 3.235836 0.034208 8.780993
v 3.235585 0.018709 8.237263
v 3.227033 0.002589 8.233871
v 2.794924 0.002589 8.238582
v 2.786448 0.018709 8.242159
v 3.253419 0.018709 8.267567
v 3.259134 0.018709 8.791776
v 3.252139 0.018709 8.258577
v 3.248496 0.018709 8.249903
v 3.242977 0.018709 8.242702
v 2.779176 0.018709 8.247758
v 2.773815 0.018709 8.255077
v 2.770362 0.018709 8.263828
v 2.769278 0.018709 8.272844
v 2.774992 0.018709 8.797053
v 2.776273 0.018709 8.806044
v 2.779916 0.018709 8.814718
v 2.785435 0.018709 8.821918
v 2.792827 0.018709 8.827356
v 2.801379 0.018709 8.830750
v 2.810379 0.018709 8.831813
v 3.224513 0.018709 8.827298
v 3.233488 0.018709 8.826038
v 3.241964 0.018709 8.822460
v 3.249236 0.018709 8.816862
v 3.254597 0.018709 8.809544
v 3.258050 0.018709 8.800792
v 3.235585 0.002589 8.237263
v 3.242977 0.002589 8.242702
v 3.248496 0.002589 8.249903
v 3.252139 0.002589 8.258577
v 3.253419 0.002589 8.267567
v 3.259134 0.002589 8.791776
v 3.258050 0.002589 8.800792
v 3.254597 0.002589 8.809544
v 3.249236 0.002589 8.816862
v 3.241964 0.002589 8.822460
v 3.233488 0.002589 8.826038
v 3.224513 0.002589 8.827298
v 2.810379 0.002589 8.831813
v 2.801379 0.002589 8.830750
v 2.792827 0.002589 8.827356
v 2.785435 0.002589 8.821918
v 2.779916 0.002589 8.814718
v 2.776273 0.002589 8.806044
v 2.774992 0.002589 8.797053
v 2.769278 0.002589 8.272844
v 2.770362 0.002589 8.263828
v 2.773815 0.002589 8.255077
v 2.779176 0.002589 8.247758
v 2.786448 0.002589 8.242159
v 3.210047 0.002589 8.585217
v 3.210047 0.034208 8.585217
v 3.208790 0.002589 8.469919
v 3.208790 0.034208 8.469919
v 3.210047 0.034208 8.585217
v 3.210047 0.002589 8.585217
v 3.206332 0.034208 8.591646
v 3.206332 0.002589 8.591646
v 3.204936 0.002589 8.463572
v 3.204936 0.034208 8.463572
v 3.198976 0.002589 8.459280
v 3.198976 0.034208 8.459280
v 3.191628 0.002589 8.457908
v 3.191628 0.034208 8.457908
v 3.184312 0.002589 8.459439
v 3.184312 0.034208 8.459439
v 3.178210 0.002589 8.463863
v 3.178210 0.034208 8.463863
v 3.174496 0.002589 8.470293
v 3.174496 0.034208 8.470293
v 3.200467 0.034208 8.596067
v 3.200467 0.002589 8.596067
v 3.193154 0.034208 8.597891
v 3.193154 0.002589 8.597891
v 3.185803 0.034208 8.596228
v 3.185803 0.002589 8.596228
v 3.179607 0.034208 8.591938
v 3.179607 0.002589 8.591938
v 3.175753 0.034208 8.585590
v 3.175753 0.002589 8.585590
v 2.770362 0.002589 8.263828
v 3.252139 0.002589 8.258577
v 2.773815 0.002589 8.255077
v 3.248496 0.002589 8.249903
v 2.779176 0.002589 8.247758
v 3.242977 0.002589 8.242702
v 2.794924 0.002589 8.238582
v 3.227033 0.002589 8.233871
v 2.786448 0.002589 8.242159
v 3.235585 0.002589 8.237263
v 2.803899 0.002589 8.237322
v 3.218033 0.002589 8.232807
v 2.779916 0.002589 8.814718
v 3.254597 0.002589 8.809544
v 2.785435 0.002589 8.821918
v 3.249236 0.002589 8.816862
v 3.233488 0.002589 8.826038
v 2.801379 0.002589 8.830750
v 3.241964 0.002589 8.822460
v 2.792827 0.002589 8.827356
v 3.224513 0.002589 8.827298
v 2.810379 0.002589 8.831813
v 3.038742 1.138404 8.580694
v 2.985763 1.138404 8.581271
v 3.038758 1.133444 8.582146
v 2.985779 1.133444 8.582724
v 2.985747 1.140264 8.579819
v 2.985735 1.141504 8.578657
v 2.984719 1.140264 8.485433
v 2.984731 1.141504 8.486594
v 2.985763 1.138404 8.581271
v 2.984703 1.138404 8.483980
v 2.985779 1.133444 8.582724
v 2.984687 1.133444 8.482529
v 2.985823 1.127244 8.586789
v 2.984643 1.127244 8.478462
v 2.985849 1.121664 8.589113
v 2.984617 1.121664 8.476139
v 2.985861 1.115465 8.590275
v 2.984605 1.115465 8.474977
v 3.038802 1.127244 8.586212
v 2.985823 1.127244 8.586789
v 3.037698 1.140264 8.484856
v 3.037710 1.141504 8.486017
v 3.038726 1.140264 8.579242
v 3.038714 1.141504 8.578080
v 3.037682 1.138404 8.483403
v 3.038742 1.138404 8.580694
v 3.037666 1.133444 8.481951
v 3.038758 1.133444 8.582146
v 3.038802 1.127244 8.586212
v 3.037621 1.127244 8.477885
v 3.038828 1.121664 8.588535
v 3.037596 1.121664 8.475561
v 3.038840 1.115465 8.589697
v 3.037584 1.115465 8.474400
v 3.038726 1.140264 8.579242
v 2.985747 1.140264 8.579819
v 3.038714 1.141504 8.578080
v 2.985735 1.141504 8.578657
v 3.037710 1.141504 8.486017
v 3.037698 1.140264 8.484856
v 2.984731 1.141504 8.486594
v 2.984719 1.140264 8.485433
v 3.037682 1.138404 8.483403
v 2.984703 1.138404 8.483980
v 3.037666 1.133444 8.481951
v 2.984687 1.133444 8.482529
v 3.037621 1.127244 8.477885
v 2.984643 1.127244 8.478462
v 3.037596 1.121664 8.475561
v 2.984617 1.121664 8.476139
v 3.037584 1.115465 8.474400
v 2.984605 1.115465 8.474977
v 2.982106 1.115465 8.592930
v 2.980789 1.115465 8.472115
v 3.038828 1.121664 8.588535
v 2.985849 1.121664 8.589113
v 3.038840 1.115465 8.589697
v 2.985861 1.115465 8.590275
v 3.044309 1.115465 8.592251
v 3.042992 1.115465 8.471437
v 3.042992 1.115465 8.471437
v 2.980789 1.115465 8.472115
v 2.982121 1.044786 8.594381
v 2.980770 1.045406 8.470372
v 3.044309 1.115465 8.592251
v 2.982106 1.115465 8.592930
v 3.042973 1.045406 8.469694
v 3.044324 1.044786 8.593704
v 3.042973 1.045406 8.469694
v 2.980770 1.045406 8.470372
v 2.984586 1.044786 8.473234
v 3.037565 1.044786 8.472657
v 2.985880 1.044786 8.592017
v 2.984586 1.044786 8.473234
v 3.044324 1.044786 8.593704
v 2.982121 1.044786 8.594381
v 3.038859 1.044786 8.591440
v 2.985880 1.044786 8.592017
v 3.037599 1.036106 8.475852
v 2.984620 1.036106 8.476429
v 2.985846 1.036106 8.588822
v 2.984620 1.036106 8.476429
v 3.038825 1.036106 8.588245
v 3.037599 1.036106 8.475852
v 3.038859 1.044786 8.591440
v 3.037565 1.044786 8.472657
v 3.038825 1.036106 8.588245
v 2.985846 1.036106 8.588822
v 3.037609 1.016267 8.476723
v 2.984630 1.016267 8.477301
v 2.985836 1.016267 8.587952
v 3.038815 1.016267 8.587374
v 3.034466 1.145844 8.492151
v 3.035336 1.145844 8.572018
v 3.034466 1.145844 8.492151
v 2.988109 1.145844 8.492657
v 2.988979 1.145844 8.572523
v 2.988109 1.145844 8.492657
v 3.035336 1.145844 8.572018
v 2.988979 1.145844 8.572523
v 2.988109 1.145844 8.492657
v 2.988979 1.145844 8.572523
v 2.998043 1.168783 8.492549
v 2.992199 1.174983 8.499002
v 2.997944 1.180563 8.483545
v 2.992117 1.184903 8.491451
v 2.997884 1.194203 8.478028
v 2.992066 1.196683 8.486805
v 2.998169 1.160104 8.504166
v 2.992307 1.167544 8.508877
v 2.987305 1.181803 8.505735
v 2.987239 1.189863 8.499638
v 2.997862 1.208463 8.475995
v 2.992047 1.208463 8.485063
v 2.987198 1.198543 8.495862
v 2.998318 1.154524 8.517816
v 2.992430 1.163204 8.520203
v 2.987391 1.175603 8.513577
v 2.983594 1.188623 8.512457
v 2.983543 1.194203 8.507811
v 2.992066 1.220862 8.486805
v 2.997884 1.223342 8.478028
v 2.987182 1.208463 8.494410
v 2.983511 1.201023 8.504906
v 2.998479 1.152044 8.532627
v 2.992566 1.161344 8.532692
v 2.987492 1.171883 8.522871
v 2.983657 1.183663 8.518266
v 2.981065 1.194823 8.519165
v 2.981030 1.199163 8.515970
v 2.992117 1.232642 8.491451
v 2.997944 1.236982 8.483545
v 2.987198 1.218382 8.495862
v 2.983502 1.208463 8.504036
v 2.981011 1.203503 8.514228
v 2.998638 1.154524 8.547148
v 2.992699 1.163204 8.544889
v 2.987600 1.170643 8.532745
v 2.983733 1.181183 8.525236
v 2.981106 1.192343 8.522941
v 2.979482 1.201643 8.525864
v 2.979466 1.204123 8.524410
v 2.992199 1.241942 8.499002
v 2.998043 1.248762 8.492549
v 2.987239 1.227682 8.499638
v 2.983511 1.215902 8.504906
v 2.981002 1.208463 8.513357
v 2.979454 1.205983 8.523249
v 2.998786 1.160104 8.560798
v 2.992823 1.167544 8.556215
v 2.987704 1.171883 8.542330
v 2.983815 1.179943 8.532787
v 2.981157 1.189863 8.527588
v 2.979504 1.200403 8.527896
v 2.992307 1.250002 8.508877
v 2.998169 1.257441 8.504166
v 2.987305 1.235742 8.505735
v 2.983543 1.223342 8.507811
v 2.981011 1.213422 8.514228
v 2.998913 1.168783 8.572414
v 2.992930 1.174983 8.566090
v 2.987805 1.175603 8.551622
v 2.983895 1.181183 8.540047
v 2.981214 1.189243 8.532815
v 2.979530 1.199163 8.530219
v 2.992430 1.254342 8.520203
v 2.998318 1.263021 8.517816
v 2.987391 1.241942 8.513577
v 2.983594 1.228922 8.512457
v 2.981030 1.218382 8.515970
v 2.999011 1.180563 8.581417
v 2.993013 1.184903 8.573641
v 2.987891 1.181803 8.559464
v 2.983971 1.183663 8.547018
v 2.981268 1.189863 8.537752
v 2.979558 1.199163 8.532833
v 2.992566 1.256202 8.532692
v 2.998479 1.264881 8.532627
v 2.987492 1.245662 8.522871
v 2.983657 1.233882 8.518266
v 2.981065 1.222102 8.519165
v 2.979466 1.213422 8.524410
v 2.999071 1.194203 8.586935
v 2.993063 1.196683 8.578287
v 2.987957 1.189863 8.565563
v 2.984034 1.188623 8.552826
v 2.981318 1.192343 8.542398
v 2.979584 1.199163 8.535156
v 2.992699 1.254342 8.544889
v 2.998638 1.263021 8.547148
v 2.987600 1.246902 8.532745
v 2.983733 1.236362 8.525236
v 2.981106 1.225202 8.522941
v 2.979482 1.215282 8.525864
v 2.999094 1.208463 8.588968
v 2.993083 1.208463 8.580030
v 2.987998 1.198543 8.569338
v 2.984085 1.194203 8.557472
v 2.981359 1.194823 8.546174
v 2.979609 1.200403 8.537479
v 2.992823 1.250002 8.556215
v 2.998786 1.257441 8.560798
v 2.987704 1.245662 8.542330
v 2.983815 1.237602 8.532787
v 2.981157 1.227062 8.527588
v 2.979504 1.217142 8.527896
v 2.999071 1.223342 8.586935
v 2.993063 1.220862 8.578287
v 2.988014 1.208463 8.570790
v 2.984116 1.201023 8.560377
v 2.981394 1.199163 8.549369
v 2.979631 1.201643 8.539513
v 2.992930 1.241942 8.566090
v 2.998913 1.248762 8.572414
v 2.987805 1.241942 8.551622
v 2.983895 1.236362 8.540047
v 2.981214 1.227682 8.532815
v 2.979530 1.217762 8.530219
v 2.993013 1.232642 8.573641
v 2.999011 1.236982 8.581417
v 2.987998 1.218382 8.569338
v 2.984126 1.208463 8.561248
v 2.981413 1.203503 8.551111
v 2.987891 1.235742 8.559464
v 2.983971 1.233882 8.547018
v 2.981268 1.227062 8.537752
v 2.979558 1.218382 8.532833
v 2.987957 1.227682 8.565563
v 2.984116 1.215902 8.560377
v 2.981423 1.208463 8.551983
v 2.984034 1.228922 8.552826
v 2.981318 1.225202 8.542398
v 2.979584 1.217762 8.535156
v 2.984085 1.223342 8.557472
v 2.981413 1.213422 8.551111
v 2.979663 1.208463 8.542418
v 2.981359 1.222102 8.546174
v 2.979609 1.217142 8.537479
v 2.981394 1.218382 8.549369
v 2.979660 1.210943 8.542127
v 2.979631 1.215282 8.539513
v 2.979647 1.213422 8.540965
v 3.030432 1.184903 8.491034
v 3.030514 1.174983 8.498585
v 3.024670 1.180563 8.483254
v 3.024768 1.168783 8.492258
v 3.030381 1.196683 8.486387
v 3.024610 1.194203 8.477737
v 3.030622 1.167544 8.508459
v 3.024895 1.160104 8.503874
v 3.035487 1.189863 8.499111
v 3.035554 1.181803 8.505210
v 3.030362 1.208463 8.484645
v 3.024588 1.208463 8.475704
v 3.035446 1.198543 8.495337
v 3.030746 1.163204 8.519785
v 3.025044 1.154524 8.517525
v 3.035639 1.175603 8.513052
v 3.039360 1.194203 8.507202
v 3.039411 1.188623 8.511848
v 3.024610 1.223342 8.477737
v 3.030381 1.220862 8.486387
v 3.035430 1.208463 8.493884
v 3.039328 1.201023 8.504297
v 3.030879 1.161344 8.531983
v 3.025202 1.152044 8.532045
v 3.035741 1.171883 8.522345
v 3.039474 1.183663 8.517657
v 3.042287 1.199163 8.515303
v 3.042322 1.194823 8.518497
v 3.024670 1.236982 8.483254
v 3.030432 1.232642 8.491034
v 3.035446 1.218382 8.495337
v 3.039319 1.208463 8.503428
v 3.042268 1.203503 8.513560
v 3.031015 1.163204 8.544472
v 3.025363 1.154524 8.546857
v 3.035845 1.170643 8.531929
v 3.039550 1.181183 8.524628
v 3.042363 1.192343 8.522273
v 3.044034 1.204123 8.523706
v 3.044050 1.201643 8.525160
v 3.024768 1.248762 8.492258
v 3.030514 1.241942 8.498585
v 3.035487 1.227682 8.499111
v 3.039328 1.215902 8.504297
v 3.042259 1.208463 8.512690
v 3.044022 1.205983 8.522545
v 3.031138 1.167544 8.555798
v 3.025512 1.160104 8.560507
v 3.035953 1.171883 8.541803
v 3.039629 1.179943 8.531888
v 3.042414 1.189863 8.526920
v 3.044072 1.200403 8.527192
v 3.024895 1.257441 8.503874
v 3.030622 1.250002 8.508459
v 3.035554 1.235742 8.505210
v 3.039360 1.223342 8.507202
v 3.042268 1.213422 8.513560
v 3.031246 1.174983 8.565672
v 3.025639 1.168783 8.572124
v 3.036054 1.175603 8.551097
v 3.039711 1.181183 8.539438
v 3.042468 1.189243 8.531857
v 3.044098 1.199163 8.529515
v 3.025044 1.263021 8.517525
v 3.030746 1.254342 8.519785
v 3.035639 1.241942 8.513052
v 3.039411 1.228922 8.511848
v 3.042287 1.218382 8.515303
v 3.031328 1.184903 8.573223
v 3.025737 1.180563 8.581126
v 3.036139 1.181803 8.558939
v 3.039788 1.183663 8.546410
v 3.042525 1.189863 8.537085
v 3.044123 1.199163 8.531839
v 3.025202 1.264881 8.532045
v 3.030879 1.256202 8.531983
v 3.035741 1.245662 8.522345
v 3.039474 1.233882 8.517657
v 3.042322 1.222102 8.518497
v 3.044034 1.213422 8.523706
v 3.031379 1.196683 8.577869
v 3.025797 1.194203 8.586644
v 3.036206 1.189863 8.565037
v 3.039851 1.188623 8.552217
v 3.042575 1.192343 8.541731
v 3.044152 1.199163 8.534452
v 3.025363 1.263021 8.546857
v 3.031015 1.254342 8.544472
v 3.035845 1.246902 8.531929
v 3.039550 1.236362 8.524628
v 3.042363 1.225202 8.522273
v 3.044050 1.215282 8.525160
v 3.031398 1.208463 8.579613
v 3.025819 1.208463 8.588677
v 3.036247 1.198543 8.568812
v 3.039901 1.194203 8.556864
v 3.042616 1.194823 8.545506
v 3.044177 1.200403 8.536776
v 3.025512 1.257441 8.560507
v 3.031138 1.250002 8.555798
v 3.035953 1.245662 8.541803
v 3.039629 1.237602 8.531888
v 3.042414 1.227062 8.526920
v 3.044072 1.217142 8.527192
v 3.031379 1.220862 8.577869
v 3.025797 1.223342 8.586644
v 3.036263 1.208463 8.570265
v 3.039933 1.201023 8.559769
v 3.042651 1.199163 8.548701
v 3.044199 1.201643 8.538809
v 3.025639 1.248762 8.572124
v 3.031246 1.241942 8.565672
v 3.036054 1.241942 8.551097
v 3.039711 1.236362 8.539438
v 3.042468 1.227682 8.531857
v 3.025737 1.236982 8.581126
v 3.031328 1.232642 8.573223
v 3.036247 1.218382 8.568812
v 3.039943 1.208463 8.560639
v 3.042670 1.203503 8.550444
v 3.036139 1.235742 8.558939
v 3.039788 1.233882 8.546410
v 3.042525 1.227062 8.537085
v 3.036206 1.227682 8.565037
v 3.039933 1.215902 8.559769
v 3.042680 1.208463 8.551315
v 3.039851 1.228922 8.552217
v 3.042575 1.225202 8.541731
v 3.044152 1.217762 8.534452
v 3.039901 1.223342 8.556864
v 3.042670 1.213422 8.550444
v 3.044231 1.208463 8.541714
v 3.042616 1.222102 8.545506
v 3.042651 1.218382 8.548701
v 3.044228 1.210943 8.541423
v 3.044215 1.213422 8.540261
v 3.024777 1.192343 8.471345
v 2.997105 1.192343 8.471647
v 3.024755 1.208463 8.469312
v 2.997083 1.208463 8.469614
v 3.024847 1.177463 8.477734
v 2.997175 1.177463 8.478036
v 3.024777 1.225202 8.471345
v 2.997105 1.225202 8.471647
v 3.024954 1.164443 8.487608
v 2.997282 1.164443 8.487909
v 3.024847 1.240082 8.477734
v 2.997175 1.240082 8.478036
v 2.997425 1.153904 8.500978
v 3.025097 1.153904 8.500677
v 3.024954 1.253102 8.487608
v 2.997282 1.253102 8.487909
v 2.997589 1.147704 8.516081
v 3.025261 1.147704 8.515779
v 3.025097 1.263021 8.500677
v 2.997425 1.263021 8.500978
v 2.997770 1.145844 8.532635
v 3.025442 1.145844 8.532333
v 3.025261 1.269841 8.515779
v 2.997589 1.269841 8.516081
v 2.997947 1.147704 8.548899
v 2.997770 1.145844 8.532635
v 3.025619 1.147704 8.548596
v 3.025442 1.145844 8.532333
v 3.025442 1.271701 8.532333
v 2.997770 1.271701 8.532635
v 2.998112 1.153904 8.564000
v 3.025784 1.153904 8.563698
v 3.025619 1.269841 8.548596
v 2.997947 1.269841 8.548899
v 2.998254 1.164443 8.577068
v 3.025926 1.164443 8.576767
v 3.025784 1.263021 8.563698
v 2.998112 1.263021 8.564000
v 3.026034 1.177463 8.586641
v 2.998362 1.177463 8.586943
v 3.025926 1.253102 8.576767
v 2.998254 1.253102 8.577068
v 3.026103 1.192343 8.593031
v 2.998431 1.192343 8.593332
v 3.026034 1.240082 8.586641
v 2.998362 1.240082 8.586943
v 3.026126 1.208463 8.595064
v 2.998454 1.208463 8.595366
v 3.026103 1.225202 8.593031
v 2.998431 1.225202 8.593332
vn 0.9988 0.0480 -0.0127
vn 0.9988 0.0480 -0.0128
vn 0.9988 0.0479 -0.0127
vn -0.9988 0.0481 0.0109
vn -0.9988 0.0480 0.0109
vn -0.9988 0.0471 0.0109
vn -0.9988 0.0481 0.0110
vn -0.9988 0.0480 0.0108
vn 0.0022 1.0000 -0.0000
vn -0.0022 1.0000 -0.0000
vn 0.0022 -1.0000 -0.0000
vn -0.0022 -1.0000 -0.0000
vn -0.9999 -0.0000 0.0109
vn -0.9922 0.0374 -0.1190
vn -0.9923 -0.0000 -0.1242
vn -0.9893 -0.0300 0.1425
vn -0.9895 -0.0718 0.1251
vn 0.9894 0.0367 -0.1407
vn 0.9999 -0.0000 -0.0109
vn 0.9893 -0.0000 -0.1459
vn 0.9908 0.1350 -0.0071
vn 0.9903 0.1289 -0.0511
vn 0.9922 -0.0295 0.1209
vn 0.9920 -0.0707 0.1042
vn 0.9915 0.1170 0.0567
vn 0.9918 0.0941 0.0860
vn 0.1112 0.9938 0.0007
vn -0.0087 -0.0000 -1.0000
vn -0.1111 -0.9938 0.0031
vn 0.1112 -0.9938 0.0007
vn -0.1111 0.9938 0.0031
vn 0.0055 -0.9524 0.3047
vn 0.0114 -0.5302 0.8478
vn 0.0130 0.1355 0.9907
vn 0.0095 0.7384 0.6743
vn 0.0073 0.8855 0.4647
vn 0.0078 0.8596 0.5108
vn 0.0073 0.8855 0.4646
vn 0.0078 0.8596 0.5109
vn 0.0077 0.8596 0.5108
vn 0.0109 0.6048 0.7963
vn 0.0131 -0.0000 0.9999
vn 0.0109 -0.0000 0.9999
vn 0.0131 -0.0001 0.9999
vn 0.0121 -0.4242 0.9055
vn 0.0121 -0.4241 0.9055
vn 0.0080 -0.8479 0.5301
vn -0.0075 0.8747 -0.4846
vn -0.0087 0.0377 -0.9993
vn -0.0088 0.0378 -0.9992
vn -0.0000 1.0000 -0.0000
vn 0.0131 0.0377 0.9992
vn 0.0130 0.0378 0.9992
vn -0.0011 -0.9524 -0.3047
vn -0.0070 -0.5302 -0.8478
vn -0.0072 -0.5302 -0.8479
vn -0.0086 0.1355 -0.9907
vn -0.0048 0.7384 -0.6743
vn -0.0052 0.7385 -0.6743
vn -0.0052 0.7384 -0.6743
vn 0.0026 0.9993 0.0378
vn 0.0018 0.9993 -0.0378
vn -0.0029 0.8855 -0.4647
vn -0.0034 0.8596 -0.5109
vn -0.0034 0.8596 -0.5110
vn -0.0065 0.6048 -0.7964
vn -0.0065 0.6048 -0.7963
vn -0.0087 -0.0001 -1.0000
vn -0.0109 -0.0000 -0.9999
vn -0.0077 -0.4242 -0.9055
vn -0.0077 -0.4241 -0.9056
vn -0.0036 -0.8479 -0.5302
vn 0.0031 0.8747 0.4847
vn -0.9988 0.0476 0.0109
vn -0.9988 0.0477 0.0109
vn -0.9988 0.0478 0.0110
vn 0.8464 0.0526 0.5299
vn 0.8347 0.0526 -0.5482
vn -0.8346 0.0529 0.5482
vn -0.8347 0.0529 0.5482
vn -0.8347 0.0528 0.5482
vn -0.8347 0.0529 0.5481
vn -0.8464 0.0529 -0.5299
vn -0.8465 0.0528 -0.5298
vn -0.8464 0.0528 -0.5299
vn 0.2465 -0.0000 -0.9691
vn -0.0029 0.8819 -0.4714
vn -0.0030 0.8819 -0.4714
vn -0.2676 -0.0000 -0.9635
vn 0.4893 -0.0000 -0.8721
vn 0.4892 -0.0000 -0.8722
vn 0.0894 0.9096 -0.4058
vn 0.1113 0.9146 -0.3887
vn -0.0088 -0.0000 -1.0000
vn -0.0982 0.9096 -0.4038
vn -0.1197 0.9146 -0.3862
vn -0.5081 -0.0000 -0.8613
vn -0.5082 -0.0000 -0.8613
vn 0.9630 -0.0000 -0.2697
vn 0.9629 -0.0000 -0.2697
vn 0.8601 -0.0000 -0.5101
vn 0.8602 -0.0000 -0.5100
vn 0.6986 -0.0000 -0.7155
vn -0.7140 -0.0000 -0.7001
vn -0.7141 -0.0000 -0.7001
vn -0.8711 -0.0000 -0.4912
vn -0.9686 -0.0000 -0.2486
vn -0.9928 -0.0000 -0.1199
vn -0.9629 -0.0038 0.2697
vn -0.9630 -0.0038 0.2697
vn -0.8601 -0.0000 0.5101
vn -0.8602 -0.0000 0.5100
vn -0.6986 -0.0038 0.7155
vn -0.4893 -0.0038 0.8721
vn -0.2465 -0.0000 0.9691
vn -0.1177 -0.0038 0.9930
vn 0.2676 0.0038 0.9635
vn 0.5082 -0.0000 0.8613
vn 0.5081 -0.0000 0.8613
vn 0.7140 -0.0000 0.7001
vn 0.8711 -0.0000 0.4912
vn 0.8710 -0.0000 0.4912
vn 0.9686 0.0038 0.2486
vn 0.1810 0.9260 -0.3314
vn 0.1897 0.9274 -0.3225
vn 0.2465 -0.0000 -0.9692
vn -0.2675 -0.0000 -0.9635
vn -0.1882 0.9260 -0.3274
vn -0.1966 0.9279 -0.3168
vn 0.4719 0.8816 -0.0090
vn 0.4719 0.8816 -0.0089
vn 0.4002 0.9109 -0.1004
vn 0.3839 0.9159 -0.1172
vn 0.3260 0.9263 -0.1890
vn 0.3177 0.9284 -0.1927
vn 0.2543 0.9321 -0.2581
vn 0.2542 0.9321 -0.2581
vn -0.2599 0.9305 -0.2582
vn -0.2599 0.9305 -0.2581
vn -0.3301 0.9266 -0.1802
vn -0.3219 0.9272 -0.1915
vn -0.4023 0.9111 -0.0898
vn -0.3864 0.9159 -0.1088
vn -0.4336 0.8996 -0.0518
vn -0.4336 0.8996 -0.0519
vn -0.4720 0.8816 0.0033
vn -0.4720 0.8816 0.0032
vn -0.3839 0.9159 0.1172
vn -0.4003 0.9111 0.0986
vn -0.3177 0.9272 0.1985
vn -0.3261 0.9266 0.1874
vn -0.2542 0.9305 0.2638
vn -0.1897 0.9279 0.3211
vn -0.1810 0.9260 0.3314
vn -0.1113 0.9161 0.3853
vn -0.0894 0.9111 0.4024
vn -0.0542 0.8998 0.4330
vn 0.0073 0.8819 0.4714
vn 0.1196 0.9161 0.3827
vn 0.0982 0.9111 0.4004
vn 0.1967 0.9261 0.3218
vn 0.1882 0.9260 0.3274
vn 0.2598 0.9311 0.2560
vn 0.2599 0.9311 0.2560
vn 0.3219 0.9276 0.1894
vn 0.3301 0.9270 0.1781
vn 0.3864 0.9159 0.1088
vn 0.4023 0.9113 0.0879
vn 0.4892 -0.0000 -0.8721
vn 0.9900 -0.0000 -0.1411
vn 0.9899 -0.0000 -0.1415
vn 0.9686 0.0037 0.2486
vn 0.7141 -0.0000 0.7001
vn 0.2675 0.0038 0.9635
vn 0.1393 0.0038 0.9902
vn 0.0130 -0.0000 0.9999
vn -0.2465 -0.0000 0.9692
vn -0.8601 -0.0000 0.5100
vn -0.9630 -0.0038 0.2696
vn -0.9899 -0.0000 0.1414
vn -0.9899 -0.0000 0.1415
vn -0.9686 -0.0000 -0.2487
vn -0.9177 -0.0000 -0.3973
vn -0.7497 -0.0000 -0.6618
vn -0.9088 -0.0000 0.4172
vn -0.7351 -0.0036 0.6779
vn -0.7351 -0.0038 0.6779
vn -0.3953 -0.0038 0.9185
vn 0.4152 0.0038 0.9097
vn 0.7497 -0.0000 0.6617
vn 0.9177 -0.0000 0.3973
vn -0.4152 -0.0000 -0.9097
vn 0.3953 -0.0000 -0.9186
vn 0.3953 -0.0000 -0.9185
vn 0.7351 -0.0000 -0.6779
vn 0.9088 -0.0000 -0.4172
vn 0.0122 0.3897 0.9209
vn 0.0105 0.4513 0.8923
vn 0.0119 0.4513 0.8923
vn 0.0118 0.4714 0.8818
vn 0.0101 0.6854 0.7281
vn 0.0088 0.7964 0.6048
vn 0.0088 0.7964 0.6047
vn -0.0044 0.7964 -0.6048
vn -0.0057 0.6854 -0.7281
vn -0.0078 0.3897 -0.9209
vn -0.0075 0.4513 -0.8924
vn -0.0090 0.4513 -0.8923
vn -0.0074 0.4714 -0.8819
vn -0.0083 0.2758 -0.9612
vn -0.0085 0.1951 -0.9807
vn 0.0238 0.9996 -0.0153
vn 0.0242 0.9996 0.0148
vn 0.0283 0.9996 -0.0078
vn 0.0285 0.9996 0.0072
vn 0.0127 0.2758 0.9611
vn 0.0129 0.1951 0.9807
vn -0.0197 0.9998 0.0002
vn -0.0195 0.9998 0.0077
vn -0.0197 0.9998 -0.0073
vn -0.0151 0.9998 0.0153
vn -0.0151 0.9998 0.0152
vn 0.0241 0.9996 0.0148
vn -0.0198 0.9998 -0.0074
vn -0.0131 0.0226 -0.9997
vn -0.0131 0.0227 -0.9997
vn -0.0241 -0.9996 -0.0150
vn -0.0285 -0.9996 -0.0073
vn 0.0151 -0.9998 -0.0153
vn 0.0196 -0.9998 -0.0078
vn -0.0283 -0.9996 0.0079
vn -0.0285 -0.9996 -0.0072
vn -0.0238 -0.9996 0.0154
vn -0.0243 -0.9996 -0.0148
vn 0.0197 -0.9998 -0.0002
vn -0.0283 -0.9996 0.0078
vn 0.0197 -0.9998 0.0073
vn -0.0238 -0.9996 0.0153
vn 0.0131 0.0226 0.9997
vn 0.0130 0.0226 0.9997
vn -0.0086 -0.1355 -0.9907
vn -0.0108 -0.1355 -0.9907
vn -0.0081 -0.3405 -0.9402
vn 0.0124 -0.3405 0.9402
vn 0.0108 -0.1355 0.9907
vn 0.0130 -0.1355 0.9907
vn -0.0087 -0.0453 -0.9989
vn 0.0130 -0.0453 0.9989
vn 0.8007 0.5991 -0.0068
vn 0.8007 0.5990 -0.0068
vn 0.8006 0.5991 -0.0068
vn -0.0045 0.7918 -0.6108
vn -0.0045 0.7918 -0.6107
vn -0.8007 0.5990 0.0049
vn 0.0089 0.7918 0.6107
vn 0.0152 -0.9998 -0.0153
vn 0.0196 -0.9998 -0.0077
vn 0.0198 -0.9998 0.0073
vn -0.8423 -0.3876 -0.3744
vn -0.8607 -0.3666 -0.3533
vn -0.8433 -0.2743 -0.4621
vn -0.8616 -0.2595 -0.4363
vn -0.8439 -0.1421 -0.5174
vn -0.8622 -0.1344 -0.4885
vn -0.8412 -0.4704 -0.2667
vn -0.8596 -0.4447 -0.2518
vn -0.9056 -0.3061 -0.2937
vn -0.9063 -0.2166 -0.3628
vn -0.8441 -0.0000 -0.5361
vn -0.8624 -0.0000 -0.5063
vn -0.9068 -0.1122 -0.4064
vn -0.8397 -0.5260 -0.1347
vn -0.8582 -0.4974 -0.1269
vn -0.9046 -0.3746 -0.2035
vn -0.9436 -0.2386 -0.2296
vn -0.9442 -0.1665 -0.2843
vn -0.8622 0.1344 -0.4885
vn -0.8439 0.1421 -0.5174
vn -0.9070 -0.0000 -0.4212
vn -0.9445 -0.0897 -0.3160
vn -0.8382 -0.5453 0.0072
vn -0.8567 -0.5157 0.0074
vn -0.9034 -0.4172 -0.0987
vn -0.9428 -0.2937 -0.1578
vn -0.9730 -0.1696 -0.1564
vn -0.9734 -0.1223 -0.1936
vn -0.8616 0.2595 -0.4363
vn -0.8433 0.2743 -0.4622
vn -0.9068 0.1122 -0.4063
vn -0.9447 -0.0000 -0.3281
vn -0.9737 -0.0598 -0.2198
vn -0.8366 -0.5270 0.1494
vn -0.8553 -0.4984 0.1419
vn -0.9023 -0.4311 0.0060
vn -0.9419 -0.3277 -0.0739
vn -0.9725 -0.2061 -0.1084
vn -0.9923 -0.0951 -0.0789
vn -0.9931 -0.0648 -0.0977
vn -0.8607 0.3666 -0.3532
vn -0.8423 0.3876 -0.3744
vn -0.9063 0.2166 -0.3628
vn -0.9445 0.0897 -0.3160
vn -0.9738 -0.0000 -0.2274
vn -0.9927 -0.0301 -0.1164
vn -0.8352 -0.4723 0.2818
vn -0.8539 -0.4466 0.2672
vn -0.9011 -0.4172 0.1183
vn -0.9410 -0.3384 0.0084
vn -0.9719 -0.2294 -0.0528
vn -0.9926 -0.1113 -0.0491
vn -0.8596 0.4447 -0.2517
vn -0.8412 0.4704 -0.2667
vn -0.9056 0.3062 -0.2936
vn -0.9442 0.1664 -0.2843
vn -0.9737 0.0598 -0.2197
vn -0.8340 -0.3849 0.3954
vn -0.8528 -0.3640 0.3746
vn -0.8999 -0.3746 0.2231
vn -0.9400 -0.3267 0.0981
vn -0.9712 -0.2380 0.0144
vn -0.9918 -0.1252 -0.0267
vn -0.8582 0.4974 -0.1268
vn -0.8397 0.5260 -0.1348
vn -0.9046 0.3746 -0.2035
vn -0.9436 0.2386 -0.2296
vn -0.9734 0.1223 -0.1936
vn -0.8330 -0.2711 0.4823
vn -0.8519 -0.2562 0.4568
vn -0.8990 -0.3061 0.3133
vn -0.9391 -0.2918 0.1817
vn -0.9705 -0.2294 0.0740
vn -0.9919 -0.1264 0.0089
vn -0.8567 0.5157 0.0074
vn -0.8382 0.5453 0.0072
vn -0.9034 0.4172 -0.0987
vn -0.9428 0.2937 -0.1578
vn -0.9730 0.1696 -0.1564
vn -0.9926 0.0654 -0.1024
vn -0.8324 -0.1384 0.5366
vn -0.8513 -0.1307 0.5081
vn -0.8982 -0.2166 0.3825
vn -0.9384 -0.2413 0.2475
vn -0.9699 -0.2061 0.1296
vn -0.9910 -0.1271 0.0410
vn -0.8553 0.4984 0.1419
vn -0.8366 0.5270 0.1493
vn -0.9023 0.4311 0.0060
vn -0.9419 0.3277 -0.0739
vn -0.9725 0.2061 -0.1084
vn -0.9929 0.0887 -0.0792
vn -0.8322 0.0037 0.5544
vn -0.8511 0.0038 0.5250
vn -0.8977 -0.1122 0.4260
vn -0.9378 -0.1697 0.3030
vn -0.9694 -0.1696 0.1775
vn -0.9912 -0.1094 0.0740
vn -0.8539 0.4466 0.2672
vn -0.8352 0.4723 0.2818
vn -0.9011 0.4172 0.1183
vn -0.9410 0.3384 0.0084
vn -0.9719 0.2294 -0.0528
vn -0.9921 0.1132 -0.0545
vn -0.8324 0.1384 0.5366
vn -0.8513 0.1307 0.5081
vn -0.8976 -0.0000 0.4409
vn -0.9374 -0.0860 0.3375
vn -0.9689 -0.1157 0.2186
vn -0.9903 -0.0897 0.1059
vn -0.8527 0.3640 0.3746
vn -0.8339 0.3849 0.3954
vn -0.8999 0.3746 0.2232
vn -0.9400 0.3267 0.0981
vn -0.9712 0.2380 0.0068
vn -0.9923 0.1223 -0.0210
vn -0.8519 0.2562 0.4568
vn -0.8330 0.2710 0.4823
vn -0.8977 0.1122 0.4260
vn -0.9373 0.0038 0.3486
vn -0.9687 -0.0598 0.2409
vn -0.8990 0.3061 0.3133
vn -0.9391 0.2918 0.1816
vn -0.9705 0.2294 0.0740
vn -0.9914 0.1307 0.0108
vn -0.8982 0.2166 0.3825
vn -0.9374 0.0861 0.3374
vn -0.9686 -0.0000 0.2485
vn -0.9384 0.2413 0.2475
vn -0.9699 0.2061 0.1296
vn -0.9915 0.1213 0.0462
vn -0.9378 0.1697 0.3029
vn -0.9687 0.0598 0.2409
vn -0.9694 0.1696 0.1776
vn -0.9906 0.1132 0.0762
vn -0.9689 0.1157 0.2186
vn -0.9906 0.0336 0.1326
vn -0.9910 0.0913 0.0981
vn -0.9901 0.0654 0.1240
vn 0.8519 -0.2589 -0.4553
vn 0.8528 -0.3660 -0.3726
vn 0.8330 -0.2732 -0.4811
vn 0.8340 -0.3863 -0.3940
vn 0.8513 -0.1341 -0.5072
vn 0.8325 -0.1415 -0.5357
vn 0.8540 -0.4478 -0.2650
vn 0.8352 -0.4729 -0.2807
vn 0.8982 -0.2155 -0.3831
vn 0.8989 -0.3048 -0.3146
vn 0.8511 -0.0000 -0.5250
vn 0.8322 -0.0000 -0.5544
vn 0.8977 -0.1116 -0.4262
vn 0.8553 -0.4989 -0.1398
vn 0.8367 -0.5271 -0.1488
vn 0.8999 -0.3733 -0.2253
vn 0.9378 -0.1719 -0.3018
vn 0.9383 -0.2373 -0.2515
vn 0.8324 0.1415 -0.5358
vn 0.8513 0.1341 -0.5072
vn 0.8976 -0.0000 -0.4409
vn 0.9374 -0.0891 -0.3366
vn 0.8568 -0.5157 -0.0056
vn 0.8382 -0.5453 -0.0073
vn 0.9010 -0.4164 -0.1214
vn 0.9391 -0.2924 -0.1805
vn 0.9690 -0.1217 -0.2151
vn 0.9694 -0.1690 -0.1782
vn 0.8330 0.2732 -0.4811
vn 0.8519 0.2589 -0.4553
vn 0.8977 0.1116 -0.4262
vn 0.9373 -0.0000 -0.3486
vn 0.9687 -0.0595 -0.2410
vn 0.8582 -0.4989 0.1211
vn 0.8397 -0.5262 0.1342
vn 0.9023 -0.4311 -0.0099
vn 0.9400 -0.3269 -0.0975
vn 0.9699 -0.2055 -0.1307
vn 0.9907 -0.0637 -0.1199
vn 0.9904 -0.0937 -0.1019
vn 0.8340 0.3863 -0.3940
vn 0.8528 0.3660 -0.3726
vn 0.8982 0.2155 -0.3831
vn 0.9374 0.0891 -0.3367
vn 0.9686 -0.0000 -0.2486
vn 0.9900 -0.0368 -0.1362
vn 0.8595 -0.4478 0.2463
vn 0.8412 -0.4710 0.2657
vn 0.9035 -0.4164 0.1017
vn 0.9410 -0.3384 -0.0084
vn 0.9705 -0.2289 -0.0755
vn 0.9913 -0.1100 -0.0729
vn 0.8352 0.4729 -0.2807
vn 0.8539 0.4478 -0.2650
vn 0.8989 0.3048 -0.3146
vn 0.9378 0.1719 -0.3017
vn 0.9687 0.0595 -0.2410
vn 0.8607 -0.3660 0.3539
vn 0.8424 -0.3836 0.3784
vn 0.9046 -0.3733 0.2057
vn 0.9420 -0.3259 0.0806
vn 0.9712 -0.2380 -0.0087
vn 0.9910 -0.1264 -0.0440
vn 0.8367 0.5271 -0.1487
vn 0.8553 0.4989 -0.1398
vn 0.8999 0.3733 -0.2254
vn 0.9383 0.2373 -0.2515
vn 0.9690 0.1217 -0.2151
vn 0.8616 -0.2589 0.4366
vn 0.8434 -0.2699 0.4646
vn 0.9056 -0.3048 0.2950
vn 0.9428 -0.2943 0.1567
vn 0.9719 -0.2300 0.0507
vn 0.9919 -0.1264 -0.0089
vn 0.8382 0.5453 -0.0072
vn 0.8567 0.5157 -0.0131
vn 0.9010 0.4164 -0.1214
vn 0.9391 0.2924 -0.1805
vn 0.9694 0.1689 -0.1782
vn 0.9901 0.0643 -0.1246
vn 0.8622 -0.1341 0.4886
vn 0.8439 -0.1378 0.5185
vn 0.9063 -0.2155 0.3634
vn 0.9436 -0.2399 0.2283
vn 0.9725 -0.2073 0.1062
vn 0.9917 -0.1264 0.0224
vn 0.8397 0.5262 0.1341
vn 0.8582 0.4989 0.1211
vn 0.9023 0.4310 -0.0101
vn 0.9400 0.3269 -0.0975
vn 0.9699 0.2055 -0.1307
vn 0.9909 0.0874 -0.1021
vn 0.8624 -0.0000 0.5063
vn 0.8441 0.0038 0.5361
vn 0.9068 -0.1116 0.4065
vn 0.9442 -0.1686 0.2831
vn 0.9731 -0.1663 0.1597
vn 0.9926 -0.1082 0.0545
vn 0.8412 0.4710 0.2656
vn 0.8595 0.4478 0.2463
vn 0.9035 0.4164 0.1017
vn 0.9410 0.3384 -0.0084
vn 0.9705 0.2290 -0.0755
vn 0.9906 0.1119 -0.0783
vn 0.8622 0.1341 0.4886
vn 0.8439 0.1378 0.5185
vn 0.9070 -0.0000 0.4212
vn 0.9445 -0.0855 0.3171
vn 0.9735 -0.1185 0.1958
vn 0.9924 -0.0937 0.0803
vn 0.8424 0.3836 0.3784
vn 0.8607 0.3660 0.3539
vn 0.9046 0.3733 0.2057
vn 0.9420 0.3259 0.0806
vn 0.9712 0.2380 -0.0087
vn 0.8433 0.2699 0.4647
vn 0.8616 0.2589 0.4366
vn 0.9068 0.1116 0.4066
vn 0.9446 0.0038 0.3281
vn 0.9737 -0.0631 0.2189
vn 0.9056 0.3048 0.2950
vn 0.9428 0.2943 0.1567
vn 0.9719 0.2300 0.0507
vn 0.9064 0.2155 0.3634
vn 0.9445 0.0854 0.3171
vn 0.9738 0.0038 0.2274
vn 0.9436 0.2399 0.2283
vn 0.9725 0.2073 0.1062
vn 0.9917 0.1264 0.0224
vn 0.9442 0.1686 0.2831
vn 0.9737 0.0631 0.2189
vn 0.9928 -0.0000 0.1199
vn 0.9731 0.1663 0.1597
vn 0.9735 0.1185 0.1958
vn 0.9933 0.0330 0.1112
vn 0.9926 0.0643 0.1030
vn -0.0084 -0.2613 -0.9652
vn -0.0083 -0.2612 -0.9652
vn -0.0073 -0.4978 -0.8672
vn -0.0083 0.2612 -0.9652
vn -0.0083 0.2613 -0.9652
vn -0.0055 -0.7071 -0.7071
vn -0.0073 0.4978 -0.8672
vn -0.0032 -0.8673 -0.4978
vn -0.0032 -0.8673 -0.4979
vn -0.0055 0.7071 -0.7071
vn -0.0006 -0.9653 -0.2612
vn -0.0007 -0.9653 -0.2612
vn -0.0032 0.8673 -0.4978
vn -0.0006 0.9653 -0.2612
vn -0.0007 0.9653 -0.2613
vn 0.0050 -0.9653 0.2612
vn 0.0076 -0.8673 0.4978
vn 0.0050 0.9653 0.2612
vn 0.0099 -0.7071 0.7071
vn 0.0076 0.8673 0.4977
vn 0.0076 0.8673 0.4978
vn 0.0116 -0.4978 0.8672
vn 0.0099 0.7071 0.7070
vn 0.0127 -0.2612 0.9652
vn 0.0127 -0.2613 0.9652
vn 0.0116 0.4978 0.8672
vn 0.0127 0.2612 0.9652
vt 0.768060 0.658840
vt 0.760600 0.653850
vt 0.785430 0.653080
vt 0.768530 0.659520
vt 0.741820 0.652900
vt 0.733890 0.657030
vt 0.717280 0.649470
vt 0.733330 0.657630
vt 0.732760 0.667600
vt 0.733140 0.668460
vt 0.715210 0.686170
vt 0.733800 0.668890
vt 0.725590 0.692700
vt 0.767590 0.670270
vt 0.768060 0.669490
vt 0.783630 0.689780
vt 0.766930 0.670700
vt 0.772500 0.695110
vt 0.748620 0.679810
vt 0.747010 0.681100
vt 0.751070 0.679900
vt 0.752490 0.681360
vt 0.746640 0.683080
vt 0.747580 0.684880
vt 0.749470 0.685570
vt 0.751450 0.685050
vt 0.752680 0.683420
vt 0.678780 0.658580
vt 0.670660 0.654880
vt 0.694920 0.650150
vt 0.679340 0.659180
vt 0.651880 0.656940
vt 0.644700 0.662270
vt 0.627150 0.657550
vt 0.644230 0.663050
vt 0.645370 0.672930
vt 0.645840 0.673710
vt 0.631020 0.694080
vt 0.646590 0.674050
vt 0.642350 0.698810
vt 0.680190 0.669920
vt 0.680480 0.669070
vt 0.699070 0.686600
vt 0.679530 0.670440
vt 0.689060 0.693740
vt 0.666980 0.683330
vt 0.665370 0.682130
vt 0.662920 0.682390
vt 0.661600 0.683940
vt 0.666600 0.687120
vt 0.667550 0.685310
vt 0.664810 0.687980
vt 0.661500 0.686000
vt 0.662830 0.687550
vt 0.323910 0.868930
vt 0.322680 0.866780
vt 0.332310 0.806520
vt 0.320600 0.865320
vt 0.318240 0.864800
vt 0.313810 0.866780
vt 0.312580 0.868930
vt 0.186390 0.805920
vt 0.315790 0.865320
vt 0.322490 0.909420
vt 0.323720 0.907270
vt 0.331740 0.968130
vt 0.320510 0.910880
vt 0.318050 0.911390
vt 0.312390 0.907270
vt 0.313620 0.909420
vt 0.185830 0.967530
vt 0.315600 0.910880
vt 0.370440 0.908810
vt 0.371760 0.910960
vt 0.354960 0.975950
vt 0.373740 0.912420
vt 0.376190 0.912940
vt 0.380630 0.910960
vt 0.381860 0.908810
vt 0.515780 0.975950
vt 0.378550 0.912420
vt 0.371760 0.868410
vt 0.370440 0.870560
vt 0.354960 0.801710
vt 0.373740 0.866950
vt 0.376190 0.866430
vt 0.381860 0.870560
vt 0.380630 0.868410
vt 0.515780 0.801710
vt 0.378550 0.866950
vt 0.515400 0.798700
vt 0.355330 0.798700
vt 0.880280 0.855350
vt 0.873390 0.854490
vt 0.873860 0.852680
vt 0.887260 0.856290
vt 0.887260 0.854490
vt 0.886790 0.852680
vt 0.882920 0.861880
vt 0.884530 0.860930
vt 0.873390 0.856290
vt 0.879330 0.862310
vt 0.877640 0.861880
vt 0.661500 0.634770
vt 0.656310 0.636140
vt 0.653580 0.615420
vt 0.666320 0.632020
vt 0.650840 0.636140
vt 0.670190 0.628150
vt 0.645550 0.634770
vt 0.672830 0.623420
vt 0.640840 0.632020
vt 0.674250 0.618180
vt 0.636970 0.628150
vt 0.674250 0.612670
vt 0.634230 0.623420
vt 0.672830 0.607430
vt 0.632810 0.618180
vt 0.670190 0.602700
vt 0.632810 0.612670
vt 0.666320 0.598830
vt 0.634230 0.607430
vt 0.661500 0.596080
vt 0.636970 0.602700
vt 0.656310 0.594710
vt 0.640840 0.598830
vt 0.650840 0.594710
vt 0.645550 0.596080
vt 0.760420 0.636400
vt 0.754940 0.636400
vt 0.757680 0.615680
vt 0.749660 0.635020
vt 0.765700 0.635020
vt 0.744940 0.632270
vt 0.770420 0.632270
vt 0.741070 0.628400
vt 0.774290 0.628400
vt 0.738330 0.623680
vt 0.777030 0.623680
vt 0.736910 0.618430
vt 0.778440 0.618430
vt 0.736910 0.612930
vt 0.778440 0.612930
vt 0.738330 0.607690
vt 0.777030 0.607690
vt 0.741070 0.602960
vt 0.774290 0.602960
vt 0.744940 0.599090
vt 0.770420 0.599090
vt 0.749660 0.596340
vt 0.765700 0.596340
vt 0.754940 0.594970
vt 0.760420 0.594970
vt 0.811850 0.345160
vt 0.723320 0.340430
vt 0.814400 0.299080
vt 0.725780 0.294360
vt 0.819500 0.302780
vt 0.817330 0.342150
vt 0.532960 0.929530
vt 0.533710 0.929530
vt 0.532960 0.997700
vt 0.533710 0.997700
vt 0.533710 0.928840
vt 0.831200 0.928840
vt 0.831110 0.929530
vt 0.831860 0.929530
vt 0.831860 0.997700
vt 0.831110 0.997700
vt 0.831200 0.998470
vt 0.533710 0.998470
vt 0.639330 0.543560
vt 0.625070 0.543560
vt 0.639330 0.541580
vt 0.625070 0.541580
vt 0.624980 0.545620
vt 0.639420 0.545620
vt 0.624890 0.547600
vt 0.639510 0.547600
vt 0.624790 0.549660
vt 0.639610 0.549660
vt 0.664710 0.559890
vt 0.664520 0.568830
vt 0.647440 0.559890
vt 0.647630 0.568830
vt 0.664430 0.569690
vt 0.647730 0.569690
vt 0.663960 0.579660
vt 0.648200 0.579660
vt 0.663960 0.580520
vt 0.648200 0.580520
vt 0.648200 0.581380
vt 0.663960 0.581380
vt 0.648200 0.486400
vt 0.663960 0.486400
vt 0.648200 0.519580
vt 0.663960 0.519580
vt 0.719450 0.681620
vt 0.720300 0.667600
vt 0.731720 0.682050
vt 0.732570 0.668550
vt 0.717280 0.680240
vt 0.718040 0.668640
vt 0.857160 0.350920
vt 0.797510 0.690470
vt 0.818080 0.345670
vt 0.785900 0.688840
vt 0.778630 0.684880
vt 0.779480 0.671390
vt 0.720400 0.297450
vt 0.718230 0.336820
vt 0.677640 0.341460
vt 0.717090 0.340340
vt 0.701240 0.685310
vt 0.712940 0.685050
vt 0.533710 0.998390
vt 0.831200 0.998390
vt 0.831200 0.928760
vt 0.533710 0.928760
vt 0.639330 0.558170
vt 0.639330 0.560240
vt 0.625070 0.558170
vt 0.625070 0.560240
vt 0.624980 0.556200
vt 0.639420 0.556200
vt 0.624890 0.554130
vt 0.639510 0.554130
vt 0.624790 0.552070
vt 0.639610 0.552070
vt 0.647440 0.541070
vt 0.664710 0.541070
vt 0.647630 0.532130
vt 0.664520 0.532130
vt 0.664430 0.531180
vt 0.647730 0.531180
vt 0.663960 0.521300
vt 0.648200 0.521300
vt 0.663960 0.520350
vt 0.648200 0.520350
vt 0.793170 0.684880
vt 0.790900 0.685910
vt 0.793920 0.673190
vt 0.791750 0.671900
vt 0.671410 0.341980
vt 0.662450 0.354440
vt 0.583260 0.351610
vt 0.594680 0.361920
vt 0.801090 0.356080
vt 0.732950 0.352470
vt 0.577030 0.352470
vt 0.628570 0.693310
vt 0.321360 0.979990
vt 0.196020 0.979480
vt 0.321260 0.978620
vt 0.196110 0.978100
vt 0.324380 0.979560
vt 0.324090 0.978270
vt 0.328340 0.988160
vt 0.189040 0.987640
vt 0.193000 0.979050
vt 0.193380 0.977760
vt 0.327210 0.978360
vt 0.326640 0.977240
vt 0.331360 0.987210
vt 0.328530 0.993400
vt 0.188850 0.992890
vt 0.186020 0.986700
vt 0.190260 0.977840
vt 0.190830 0.976720
vt 0.333150 0.968210
vt 0.333720 0.806430
vt 0.332680 0.971140
vt 0.331460 0.970880
vt 0.331550 0.973970
vt 0.330420 0.973370
vt 0.329660 0.976470
vt 0.328810 0.975520
vt 0.187810 0.975860
vt 0.188660 0.975010
vt 0.185920 0.973460
vt 0.187050 0.972860
vt 0.184790 0.970620
vt 0.186110 0.970280
vt 0.184410 0.967610
vt 0.184980 0.805830
vt 0.185450 0.802910
vt 0.186680 0.803250
vt 0.186580 0.800070
vt 0.187710 0.800670
vt 0.188470 0.797580
vt 0.189320 0.798520
vt 0.191490 0.796810
vt 0.190920 0.795690
vt 0.194040 0.795770
vt 0.193750 0.794480
vt 0.196870 0.795430
vt 0.196780 0.794050
vt 0.322020 0.795950
vt 0.322110 0.794570
vt 0.324760 0.796290
vt 0.325130 0.795000
vt 0.327300 0.797320
vt 0.327870 0.796200
vt 0.329470 0.799040
vt 0.330320 0.798180
vt 0.332120 0.800590
vt 0.331080 0.801190
vt 0.333340 0.803420
vt 0.332020 0.803770
vt 0.334290 0.985660
vt 0.332870 0.992030
vt 0.184410 0.991420
vt 0.183090 0.985150
vt 0.341270 0.975010
vt 0.341930 0.799640
vt 0.340420 0.978100
vt 0.338910 0.981020
vt 0.336840 0.983520
vt 0.180540 0.983000
vt 0.178470 0.980420
vt 0.176960 0.977500
vt 0.176200 0.974400
vt 0.176860 0.799040
vt 0.177710 0.795950
vt 0.179220 0.793020
vt 0.181300 0.790530
vt 0.183840 0.788380
vt 0.186770 0.786830
vt 0.189790 0.785890
vt 0.329100 0.786400
vt 0.332120 0.787350
vt 0.335040 0.788900
vt 0.337590 0.791050
vt 0.339670 0.793620
vt 0.341180 0.796550
vt 0.336930 0.989880
vt 0.340420 0.987130
vt 0.343160 0.983600
vt 0.345240 0.979650
vt 0.346560 0.975260
vt 0.347220 0.799470
vt 0.345900 0.795090
vt 0.343820 0.791130
vt 0.340990 0.787690
vt 0.337590 0.784770
vt 0.333720 0.782620
vt 0.329290 0.781160
vt 0.189600 0.780730
vt 0.185170 0.782110
vt 0.181200 0.784170
vt 0.177710 0.786920
vt 0.174970 0.790440
vt 0.172900 0.794400
vt 0.171580 0.798780
vt 0.170910 0.974580
vt 0.172240 0.978960
vt 0.174310 0.982910
vt 0.177140 0.986350
vt 0.180450 0.989190
vt 0.163180 0.982830
vt 0.152600 0.982830
vt 0.163180 0.944570
vt 0.152600 0.944570
vt 0.152600 0.876580
vt 0.163180 0.876580
vt 0.152600 0.879070
vt 0.163180 0.879070
vt 0.163180 0.942080
vt 0.152600 0.942080
vt 0.163180 0.939590
vt 0.152600 0.939590
vt 0.163180 0.937100
vt 0.152600 0.937100
vt 0.163180 0.934600
vt 0.152600 0.934600
vt 0.163180 0.932200
vt 0.152600 0.932200
vt 0.163180 0.929700
vt 0.152600 0.929700
vt 0.152600 0.881480
vt 0.163180 0.881480
vt 0.152600 0.883970
vt 0.163180 0.883970
vt 0.152600 0.886460
vt 0.163180 0.886460
vt 0.152600 0.888960
vt 0.163180 0.888960
vt 0.152600 0.891450
vt 0.163180 0.891450
vt 0.515400 0.978960
vt 0.355330 0.978960
vt 0.514180 0.981710
vt 0.356470 0.981710
vt 0.512380 0.984200
vt 0.358350 0.984200
vt 0.507100 0.987210
vt 0.363550 0.987210
vt 0.509930 0.986010
vt 0.360710 0.986010
vt 0.504080 0.987560
vt 0.366570 0.987560
vt 0.514180 0.795860
vt 0.356470 0.795860
vt 0.512380 0.793450
vt 0.358350 0.793450
vt 0.363550 0.790440
vt 0.507100 0.790440
vt 0.360710 0.791650
vt 0.509930 0.791650
vt 0.366570 0.790100
vt 0.504080 0.790100
vt 0.744470 0.763110
vt 0.744470 0.745490
vt 0.746160 0.763110
vt 0.746160 0.745490
vt 0.790240 0.701730
vt 0.790710 0.701470
vt 0.821670 0.701730
vt 0.821200 0.701470
vt 0.789770 0.702420
vt 0.822140 0.702420
vt 0.789200 0.704050
vt 0.822610 0.704050
vt 0.787880 0.706110
vt 0.823930 0.706110
vt 0.787220 0.707920
vt 0.824690 0.707920
vt 0.786750 0.710160
vt 0.825070 0.710160
vt 0.748620 0.763110
vt 0.748620 0.745490
vt 0.821670 0.807980
vt 0.821200 0.808320
vt 0.790240 0.807980
vt 0.790710 0.808320
vt 0.822140 0.807380
vt 0.789770 0.807380
vt 0.822610 0.805750
vt 0.789200 0.805750
vt 0.787880 0.803680
vt 0.823930 0.803680
vt 0.787220 0.801880
vt 0.824690 0.801880
vt 0.786750 0.799640
vt 0.825070 0.799640
vt 0.743620 0.763110
vt 0.743620 0.745490
vt 0.743050 0.763110
vt 0.743050 0.745490
vt 0.869050 0.763110
vt 0.868480 0.763110
vt 0.869050 0.745490
vt 0.868480 0.745490
vt 0.867730 0.763110
vt 0.867730 0.745490
vt 0.865930 0.763110
vt 0.865930 0.745490
vt 0.863570 0.763110
vt 0.863570 0.745490
vt 0.861590 0.763110
vt 0.861590 0.745490
vt 0.859330 0.763110
vt 0.859330 0.745490
vt 0.785900 0.711360
vt 0.826100 0.711360
vt 0.750600 0.763110
vt 0.750600 0.745490
vt 0.752860 0.763110
vt 0.752860 0.745490
vt 0.785900 0.797840
vt 0.826100 0.797840
vt 0.858380 0.764910
vt 0.858380 0.744280
vt 0.785430 0.734650
vt 0.826580 0.734650
vt 0.753620 0.764910
vt 0.753620 0.744280
vt 0.826580 0.774540
vt 0.785430 0.774540
vt 0.834980 0.764910
vt 0.834980 0.744280
vt 0.834030 0.745490
vt 0.834030 0.763110
vt 0.786280 0.735940
vt 0.825630 0.735940
vt 0.777030 0.764910
vt 0.777030 0.744280
vt 0.777780 0.763110
vt 0.777780 0.745490
vt 0.831010 0.763110
vt 0.831010 0.745490
vt 0.787310 0.738780
vt 0.824590 0.738780
vt 0.787310 0.769900
vt 0.824590 0.769900
vt 0.786280 0.772740
vt 0.825630 0.772740
vt 0.780900 0.763110
vt 0.780900 0.745490
vt 0.824310 0.763110
vt 0.824310 0.745490
vt 0.787600 0.745490
vt 0.787600 0.763110
vt 0.819210 0.810300
vt 0.792690 0.810300
vt 0.871600 0.761990
vt 0.871600 0.746600
vt 0.792690 0.699500
vt 0.819210 0.699500
vt 0.740600 0.761990
vt 0.740600 0.746600
vt 0.819210 0.825600
vt 0.792690 0.825600
vt 0.862720 0.813140
vt 0.866030 0.821050
vt 0.852340 0.819160
vt 0.857630 0.825950
vt 0.843940 0.827580
vt 0.850830 0.832820
vt 0.874240 0.809960
vt 0.875370 0.818550
vt 0.869140 0.828530
vt 0.862540 0.832310
vt 0.838000 0.837900
vt 0.845920 0.841160
vt 0.857250 0.837720
vt 0.886220 0.809960
vt 0.885090 0.818550
vt 0.876500 0.826550
vt 0.872070 0.835570
vt 0.867250 0.838410
vt 0.843470 0.850530
vt 0.834880 0.849410
vt 0.853380 0.844260
vt 0.863290 0.842370
vt 0.897830 0.813050
vt 0.894530 0.821050
vt 0.884050 0.826550
vt 0.877450 0.834110
vt 0.874900 0.842370
vt 0.871690 0.844170
vt 0.843470 0.860250
vt 0.834880 0.861360
vt 0.851490 0.851650
vt 0.860460 0.847180
vt 0.869140 0.846840
vt 0.908220 0.819070
vt 0.902930 0.825860
vt 0.891420 0.828530
vt 0.883110 0.834110
vt 0.878490 0.841420
vt 0.877640 0.848900
vt 0.876030 0.849840
vt 0.845920 0.869620
vt 0.838000 0.872880
vt 0.851490 0.859210
vt 0.859040 0.852590
vt 0.867250 0.850020
vt 0.874710 0.851130
vt 0.916620 0.827490
vt 0.909820 0.832740
vt 0.898020 0.832310
vt 0.888490 0.835570
vt 0.882170 0.841420
vt 0.879430 0.848470
vt 0.850830 0.878040
vt 0.843940 0.883280
vt 0.853470 0.866520
vt 0.859040 0.858180
vt 0.866310 0.853540
vt 0.922560 0.837900
vt 0.914630 0.841160
vt 0.903400 0.837640
vt 0.893300 0.838410
vt 0.885660 0.842370
vt 0.881220 0.848470
vt 0.857720 0.884920
vt 0.852440 0.891710
vt 0.857250 0.873140
vt 0.860550 0.863600
vt 0.866310 0.857240
vt 0.925680 0.849410
vt 0.917180 0.850530
vt 0.907180 0.844260
vt 0.897270 0.842370
vt 0.888870 0.844170
vt 0.883020 0.848900
vt 0.866120 0.889730
vt 0.862820 0.897730
vt 0.862630 0.878470
vt 0.863290 0.868410
vt 0.867250 0.860760
vt 0.925680 0.861360
vt 0.917180 0.860250
vt 0.909160 0.851560
vt 0.900100 0.847180
vt 0.891510 0.846750
vt 0.884530 0.849840
vt 0.875470 0.892220
vt 0.874430 0.900820
vt 0.869240 0.882250
vt 0.867250 0.872370
vt 0.869140 0.863940
vt 0.873860 0.858100
vt 0.922560 0.872880
vt 0.914630 0.869620
vt 0.909160 0.859130
vt 0.901510 0.852590
vt 0.893300 0.850020
vt 0.885850 0.851130
vt 0.885190 0.892220
vt 0.886320 0.900820
vt 0.876500 0.884230
vt 0.872160 0.875200
vt 0.871690 0.866610
vt 0.874800 0.859640
vt 0.916620 0.883200
vt 0.909820 0.877950
vt 0.907180 0.866520
vt 0.901510 0.858180
vt 0.894250 0.853540
vt 0.894530 0.889730
vt 0.897930 0.897640
vt 0.884150 0.884230
vt 0.877540 0.876660
vt 0.874900 0.868410
vt 0.876030 0.860930
vt 0.902930 0.884830
vt 0.908220 0.891620
vt 0.903400 0.873050
vt 0.900100 0.863600
vt 0.894250 0.857240
vt 0.891420 0.882250
vt 0.883110 0.876660
vt 0.878490 0.869360
vt 0.898020 0.878470
vt 0.897360 0.868410
vt 0.893300 0.860760
vt 0.888490 0.875200
vt 0.882170 0.869360
vt 0.879430 0.862310
vt 0.893400 0.872370
vt 0.891510 0.863940
vt 0.886790 0.858100
vt 0.885750 0.868410
vt 0.881220 0.862310
vt 0.888870 0.866610
vt 0.885850 0.859640
vt 0.883020 0.861880
vt 0.902930 0.825950
vt 0.908220 0.819160
vt 0.897930 0.813140
vt 0.909820 0.832820
vt 0.916620 0.827580
vt 0.885190 0.818550
vt 0.886410 0.809960
vt 0.903400 0.837720
vt 0.875470 0.818550
vt 0.874430 0.809960
vt 0.884150 0.826550
vt 0.893400 0.838410
vt 0.866120 0.821050
vt 0.862820 0.813050
vt 0.909160 0.851650
vt 0.891510 0.846840
vt 0.857720 0.825860
vt 0.852440 0.819070
vt 0.869240 0.828530
vt 0.877540 0.834110
vt 0.909160 0.859210
vt 0.850830 0.832740
vt 0.843940 0.827490
vt 0.862630 0.832310
vt 0.872160 0.835570
vt 0.916620 0.883280
vt 0.909820 0.878040
vt 0.857250 0.837640
vt 0.908220 0.891710
vt 0.902930 0.884920
vt 0.903310 0.873140
vt 0.853470 0.844260
vt 0.863290 0.842280
vt 0.897830 0.897730
vt 0.897270 0.868410
vt 0.851490 0.851560
vt 0.869140 0.846750
vt 0.886220 0.900820
vt 0.885090 0.892220
vt 0.893300 0.872370
vt 0.851490 0.859130
vt 0.867250 0.849930
vt 0.874240 0.900820
vt 0.875370 0.892220
vt 0.884050 0.884230
vt 0.850740 0.877950
vt 0.843940 0.883200
vt 0.853380 0.866520
vt 0.862720 0.897640
vt 0.866030 0.889730
vt 0.885660 0.868410
vt 0.852340 0.891620
vt 0.857630 0.884830
vt 0.857160 0.873050
vt 0.860460 0.863600
vt 0.869140 0.882250
vt 0.877450 0.876660
vt 0.862540 0.878470
vt 0.872070 0.875200
vt 0.869050 0.863940
vt 0.873860 0.858010
vt 0.874710 0.859640
vt 0.673300 0.737320
vt 0.673300 0.728040
vt 0.678780 0.737320
vt 0.678780 0.728040
vt 0.667830 0.737320
vt 0.667830 0.728040
vt 0.684250 0.737320
vt 0.684250 0.728040
vt 0.662450 0.737320
vt 0.662450 0.728040
vt 0.689720 0.737320
vt 0.689720 0.728040
vt 0.656970 0.728040
vt 0.656970 0.737320
vt 0.695200 0.737320
vt 0.695200 0.728040
vt 0.651500 0.728040
vt 0.651500 0.737320
vt 0.700670 0.737320
vt 0.700670 0.728040
vt 0.646030 0.728040
vt 0.646030 0.737320
vt 0.706150 0.737320
vt 0.706150 0.728040
vt 0.771740 0.728040
vt 0.777120 0.728040
vt 0.771740 0.737320
vt 0.777120 0.737320
vt 0.711620 0.737320
vt 0.711620 0.728040
vt 0.766270 0.728040
vt 0.766270 0.737320
vt 0.717000 0.737320
vt 0.717000 0.728040
vt 0.760790 0.728040
vt 0.760790 0.737320
vt 0.722470 0.737320
vt 0.722470 0.728040
vt 0.755320 0.737320
vt 0.755320 0.728040
vt 0.727950 0.737320
vt 0.727950 0.728040
vt 0.749840 0.737320
vt 0.749840 0.728040
vt 0.733420 0.737320
vt 0.733420 0.728040
vt 0.744370 0.737320
vt 0.744370 0.728040
vt 0.738900 0.737320
vt 0.738900 0.728040
v 3.048409 1.079121 9.474993
v 3.048387 1.094299 9.472979
v 3.049029 1.094299 9.531904
v 3.048473 1.065067 9.480869
v 3.048409 1.109477 9.474993
v 3.048575 1.052699 9.490271
v 3.048473 1.124093 9.480869
v 3.048707 1.043142 9.502357
v 3.048575 1.135898 9.490271
v 3.048863 1.037521 9.516626
v 3.048707 1.145455 9.502357
v 3.049029 1.035272 9.531904
v 3.048863 1.151077 9.516626
v 3.049196 1.037521 9.547180
v 3.049029 1.153325 9.531904
v 3.049350 1.043142 9.561283
v 3.049196 1.151077 9.547180
v 3.049483 1.052699 9.573538
v 3.049350 1.145455 9.561283
v 3.049586 1.065067 9.582939
v 3.049483 1.135898 9.573538
v 3.049649 1.079121 9.588814
v 3.049586 1.124093 9.582939
v 3.049672 1.094299 9.590829
v 3.049649 1.109477 9.588814
v 3.022198 1.094299 9.473265
v 3.022220 1.079121 9.475279
v 3.022840 1.094299 9.532189
v 3.022284 1.065067 9.481155
v 3.022220 1.109477 9.475279
v 3.022386 1.052699 9.490557
v 3.022284 1.124093 9.481155
v 3.022518 1.043142 9.502644
v 3.022386 1.135898 9.490557
v 3.022674 1.037521 9.516912
v 3.022518 1.145455 9.502644
v 3.022840 1.035272 9.532189
v 3.022674 1.151077 9.516912
v 3.023007 1.037521 9.547466
v 3.022840 1.153325 9.532189
v 3.023160 1.043142 9.561568
v 3.023007 1.151077 9.547466
v 3.023294 1.052699 9.573824
v 3.023160 1.145455 9.561568
v 3.023396 1.065067 9.583224
v 3.023294 1.135898 9.573824
v 3.023460 1.079121 9.589100
v 3.023396 1.124093 9.583224
v 3.023483 1.094299 9.591114
v 3.023460 1.109477 9.589100
v 3.005213 1.094299 9.532381
v 3.005622 1.096547 9.523646
v 3.005618 1.094299 9.523311
v 3.005812 1.092050 9.541105
v 3.005801 1.089802 9.540098
v 3.066393 1.096547 9.522984
v 3.066992 1.094299 9.531708
v 3.066390 1.094299 9.522648
v 3.066488 1.103293 9.531713
v 3.066463 1.103293 9.529364
v 3.066583 1.092050 9.540443
v 3.066572 1.089802 9.539436
v 3.066538 1.102169 9.536247
v 3.066558 1.100483 9.538094
v 3.042289 0.012146 9.360218
v 3.004180 0.012146 9.360634
v 3.023461 0.028448 9.373520
v 3.026922 0.028448 9.690977
v 3.007926 0.012146 9.704280
v 3.046035 0.012146 9.703864
v 3.196723 0.012146 9.511322
v 3.183835 0.028448 9.530434
v 3.197138 0.012146 9.549430
v 2.853077 0.012146 9.515068
v 2.853492 0.012146 9.553176
v 2.866378 0.028448 9.533895
v 3.005600 0.691232 9.537079
v 3.004879 0.691232 9.532553
v 3.005499 0.691232 9.527845
v 3.004879 0.703599 9.532553
v 3.005600 0.703599 9.537079
v 3.005499 0.703599 9.527845
v 3.007662 0.703599 9.541422
v 3.007467 0.703599 9.523458
v 3.005600 0.272425 9.537079
v 3.004879 0.272425 9.532553
v 3.005499 0.272425 9.527845
v 3.004879 0.284792 9.532553
v 3.005600 0.284792 9.537079
v 3.005499 0.284792 9.527845
v 3.048409 1.079121 9.474993
v 3.022220 1.079121 9.475279
v 3.048387 1.094299 9.472979
v 3.022198 1.094299 9.473265
v 3.048473 1.065067 9.480869
v 3.022284 1.065067 9.481155
v 3.048409 1.109477 9.474993
v 3.022220 1.109477 9.475279
v 3.048575 1.052699 9.490271
v 3.022386 1.052699 9.490557
v 3.048707 1.043142 9.502357
v 3.022518 1.043142 9.502644
v 3.048473 1.124093 9.480869
v 3.022284 1.124093 9.481155
v 3.048575 1.135898 9.490271
v 3.022386 1.135898 9.490557
v 3.022674 1.037521 9.516912
v 3.048863 1.037521 9.516626
v 3.048707 1.145455 9.502357
v 3.022518 1.145455 9.502644
v 3.022840 1.035272 9.532189
v 3.049029 1.035272 9.531904
v 3.048863 1.151077 9.516626
v 3.022674 1.151077 9.516912
v 3.023007 1.037521 9.547466
v 3.022840 1.035272 9.532189
v 3.049196 1.037521 9.547180
v 3.049029 1.035272 9.531904
v 3.049029 1.153325 9.531904
v 3.022840 1.153325 9.532189
v 3.023160 1.043142 9.561568
v 3.049350 1.043142 9.561283
v 3.049196 1.151077 9.547180
v 3.023007 1.151077 9.547466
v 3.023294 1.052699 9.573824
v 3.049483 1.052699 9.573538
v 3.049350 1.145455 9.561283
v 3.023160 1.145455 9.561568
v 3.049586 1.065067 9.582939
v 3.023396 1.065067 9.583224
v 3.049483 1.135898 9.573538
v 3.023294 1.135898 9.573824
v 3.049649 1.079121 9.588814
v 3.023460 1.079121 9.589100
v 3.049586 1.124093 9.582939
v 3.023396 1.124093 9.583224
v 3.049672 1.094299 9.590829
v 3.023483 1.094299 9.591114
v 3.049649 1.109477 9.588814
v 3.023460 1.109477 9.589100
v 3.023105 1.057196 9.494913
v 3.017630 1.062818 9.500849
v 3.023014 1.067877 9.486520
v 3.017553 1.072375 9.493798
v 3.022955 1.080807 9.481148
v 3.017505 1.083056 9.489433
v 3.023224 1.048764 9.505826
v 3.017730 1.056072 9.510082
v 3.013165 1.069002 9.507111
v 3.013103 1.076310 9.501402
v 3.022937 1.094299 9.479469
v 3.017489 1.094299 9.487923
v 3.013064 1.085304 9.497877
v 3.023364 1.043705 9.518584
v 3.017847 1.051575 9.520826
v 3.013245 1.063380 9.514498
v 3.009539 1.075185 9.513362
v 3.009491 1.080807 9.508997
v 3.017505 1.106104 9.489433
v 3.022955 1.107791 9.481148
v 3.013049 1.094299 9.496534
v 3.009462 1.087553 9.506311
v 3.023512 1.041456 9.532183
v 3.017972 1.049888 9.532242
v 3.013339 1.060007 9.523058
v 3.009599 1.071250 9.518902
v 3.007088 1.081931 9.519602
v 3.007057 1.085304 9.516747
v 3.017553 1.116785 9.493798
v 3.023014 1.120720 9.486520
v 3.013064 1.103855 9.497877
v 3.009453 1.094299 9.505472
v 3.007037 1.089802 9.514900
v 3.023660 1.043705 9.545780
v 3.018096 1.051575 9.543658
v 3.013439 1.058883 9.532291
v 3.009669 1.068440 9.525282
v 3.007129 1.078558 9.523294
v 3.005647 1.088115 9.525997
v 3.005631 1.089802 9.524486
v 3.017630 1.125780 9.500849
v 3.023105 1.131401 9.494913
v 3.013103 1.112288 9.501402
v 3.009462 1.101607 9.506311
v 3.007032 1.094299 9.514397
v 3.005622 1.092050 9.523646
v 3.023799 1.048764 9.558539
v 3.018214 1.056072 9.554403
v 3.013540 1.060007 9.541525
v 3.009746 1.067315 9.532331
v 3.007176 1.076872 9.527659
v 3.005667 1.086429 9.527843
v 3.017730 1.132525 9.510082
v 3.023224 1.139834 9.505826
v 3.013165 1.119596 9.507111
v 3.009491 1.107791 9.508997
v 3.007037 1.098796 9.514900
v 3.023918 1.057196 9.569451
v 3.018312 1.062818 9.563467
v 3.013633 1.063380 9.550087
v 3.009821 1.068440 9.539215
v 3.007227 1.076310 9.532360
v 3.005691 1.085866 9.530025
v 3.017847 1.137023 9.520826
v 3.023364 1.145455 9.518584
v 3.013245 1.125217 9.514498
v 3.009539 1.113412 9.513362
v 3.007057 1.103293 9.516747
v 3.024009 1.067877 9.577846
v 3.018389 1.072375 9.570518
v 3.013714 1.069002 9.557474
v 3.009892 1.071250 9.545763
v 3.007279 1.076872 9.537061
v 3.005717 1.085304 9.532375
v 3.017972 1.138709 9.532242
v 3.023512 1.147142 9.532183
v 3.013339 1.128590 9.523058
v 3.009599 1.117909 9.518902
v 3.007088 1.107228 9.519602
v 3.005631 1.098796 9.524486
v 3.024066 1.080807 9.583050
v 3.018439 1.083056 9.575051
v 3.013776 1.076310 9.563181
v 3.009953 1.075185 9.551302
v 3.007324 1.078558 9.541258
v 3.005743 1.085866 9.534726
v 3.018096 1.137023 9.543658
v 3.023660 1.145455 9.545780
v 3.013439 1.130277 9.532291
v 3.009669 1.120158 9.525282
v 3.007129 1.110039 9.523294
v 3.005647 1.100483 9.525997
v 3.024086 1.094299 9.584896
v 3.018455 1.094299 9.576563
v 3.013814 1.085304 9.566708
v 3.010000 1.080807 9.555667
v 3.007367 1.081931 9.545118
v 3.005766 1.086429 9.536909
v 3.018214 1.132525 9.554403
v 3.023799 1.139834 9.558539
v 3.013540 1.128590 9.541525
v 3.009746 1.121282 9.532331
v 3.007176 1.111726 9.527659
v 3.005667 1.102169 9.527843
v 3.024066 1.107791 9.583050
v 3.018439 1.106104 9.575051
v 3.013827 1.094299 9.567883
v 3.010030 1.087553 9.558353
v 3.007398 1.085304 9.547972
v 3.005786 1.088115 9.538755
v 3.018312 1.125780 9.563467
v 3.023918 1.131401 9.569451
v 3.013633 1.125217 9.550087
v 3.009821 1.120158 9.539215
v 3.007227 1.112288 9.532360
v 3.005691 1.103293 9.530025
v 3.018389 1.116785 9.570518
v 3.024009 1.120720 9.577846
v 3.013814 1.103855 9.566708
v 3.010039 1.094299 9.559193
v 3.007416 1.089802 9.549651
v 3.013714 1.119596 9.557474
v 3.009892 1.117909 9.545763
v 3.007279 1.111726 9.537061
v 3.005717 1.103293 9.532375
v 3.013776 1.112288 9.563181
v 3.010030 1.101607 9.558353
v 3.007423 1.094299 9.550323
v 3.009953 1.113412 9.551302
v 3.007324 1.110039 9.541258
v 3.005743 1.103293 9.534726
v 3.010000 1.107791 9.555667
v 3.007416 1.098796 9.549651
v 3.005816 1.094299 9.541441
v 3.007367 1.107228 9.545118
v 3.005766 1.102169 9.536909
v 3.007398 1.103293 9.547972
v 3.005812 1.096547 9.541105
v 3.005786 1.100483 9.538755
v 3.005801 1.098796 9.540098
v 3.053814 1.072375 9.493402
v 3.053891 1.062818 9.500454
v 3.048196 1.067877 9.486245
v 3.048287 1.057196 9.494638
v 3.053766 1.083056 9.489038
v 3.048137 1.080807 9.480873
v 3.053992 1.056072 9.509687
v 3.048406 1.048764 9.505551
v 3.058429 1.076310 9.500908
v 3.058491 1.069002 9.506617
v 3.053750 1.094299 9.487528
v 3.048119 1.094299 9.479195
v 3.058391 1.085304 9.497383
v 3.054109 1.051575 9.520432
v 3.048545 1.043705 9.518310
v 3.058572 1.063380 9.514004
v 3.062205 1.080807 9.508423
v 3.062253 1.075185 9.512787
v 3.048137 1.107791 9.480873
v 3.053766 1.106104 9.489038
v 3.058376 1.094299 9.496040
v 3.062176 1.087553 9.505737
v 3.054233 1.049888 9.531847
v 3.048693 1.041456 9.531908
v 3.058665 1.060007 9.522564
v 3.062313 1.071250 9.518328
v 3.064807 1.085304 9.516117
v 3.064839 1.081931 9.518972
v 3.048196 1.120720 9.486245
v 3.053814 1.116785 9.493402
v 3.058391 1.103855 9.497383
v 3.062166 1.094299 9.504897
v 3.064787 1.089802 9.514271
v 3.054358 1.051575 9.543262
v 3.048842 1.043705 9.545506
v 3.058766 1.058883 9.531797
v 3.062382 1.068440 9.524707
v 3.064879 1.078558 9.522665
v 3.066402 1.089802 9.523823
v 3.066419 1.088115 9.525334
v 3.048287 1.131401 9.494638
v 3.053891 1.125780 9.500454
v 3.058429 1.112288 9.500908
v 3.062176 1.101607 9.505737
v 3.064782 1.094299 9.513767
v 3.066393 1.092050 9.522984
v 3.054475 1.056072 9.554008
v 3.048981 1.048764 9.558265
v 3.058867 1.060007 9.541031
v 3.062459 1.067315 9.531757
v 3.064926 1.076872 9.527030
v 3.066439 1.086429 9.527182
v 3.048406 1.139834 9.505551
v 3.053992 1.132525 9.509687
v 3.058491 1.119596 9.506617
v 3.062205 1.107791 9.508423
v 3.064787 1.098796 9.514271
v 3.054574 1.062818 9.563072
v 3.049100 1.057196 9.569177
v 3.058960 1.063380 9.549593
v 3.062534 1.068440 9.538641
v 3.064978 1.076310 9.531731
v 3.066463 1.085866 9.529364
v 3.048545 1.145455 9.518310
v 3.054109 1.137023 9.520432
v 3.058572 1.125217 9.514004
v 3.062253 1.113412 9.512787
v 3.064807 1.103293 9.516117
v 3.054650 1.072375 9.570124
v 3.049191 1.067877 9.577571
v 3.059041 1.069002 9.556980
v 3.062606 1.071250 9.545188
v 3.065029 1.076872 9.536431
v 3.066488 1.085304 9.531713
v 3.048693 1.147142 9.531908
v 3.054233 1.138709 9.531847
v 3.058665 1.128590 9.522564
v 3.062313 1.117909 9.518328
v 3.064839 1.107228 9.518972
v 3.066402 1.098796 9.523823
v 3.054700 1.083056 9.574656
v 3.049248 1.080807 9.582775
v 3.059103 1.076310 9.562687
v 3.062666 1.075185 9.550728
v 3.065075 1.078558 9.540628
v 3.066514 1.085866 9.534063
v 3.048842 1.145455 9.545506
v 3.054358 1.137023 9.543262
v 3.058766 1.130277 9.531797
v 3.062382 1.120158 9.524707
v 3.064879 1.110039 9.522665
v 3.066419 1.100483 9.525334
v 3.054716 1.094299 9.576167
v 3.049268 1.094299 9.584621
v 3.059141 1.085304 9.566214
v 3.062714 1.080807 9.555092
v 3.065117 1.081931 9.544489
v 3.066538 1.086429 9.536247
v 3.048981 1.139834 9.558265
v 3.054475 1.132525 9.554008
v 3.058867 1.128590 9.541031
v 3.062459 1.121282 9.531757
v 3.064926 1.111726 9.527030
v 3.066439 1.102169 9.527182
v 3.054700 1.106104 9.574656
v 3.049248 1.107791 9.582775
v 3.059154 1.094299 9.567389
v 3.062743 1.087553 9.557779
v 3.065148 1.085304 9.547342
v 3.066558 1.088115 9.538094
v 3.049100 1.131401 9.569177
v 3.054574 1.125780 9.563072
v 3.058960 1.125217 9.549593
v 3.062534 1.120158 9.538641
v 3.064978 1.112288 9.531731
v 3.049191 1.120720 9.577571
v 3.054650 1.116785 9.570124
v 3.059141 1.103855 9.566214
v 3.062752 1.094299 9.558619
v 3.065166 1.089802 9.549022
v 3.059041 1.119596 9.556980
v 3.062606 1.117909 9.545188
v 3.065029 1.111726 9.536431
v 3.059103 1.112288 9.562687
v 3.062743 1.101607 9.557779
v 3.065174 1.094299 9.549693
v 3.062666 1.113412 9.550728
v 3.065075 1.110039 9.540628
v 3.066514 1.103293 9.534063
v 3.062714 1.107791 9.555092
v 3.065166 1.098796 9.549022
v 3.066587 1.094299 9.540779
v 3.065117 1.107228 9.544489
v 3.065148 1.103293 9.547342
v 3.066583 1.096547 9.540443
v 3.066572 1.098796 9.539436
v 3.049560 1.028526 9.580588
v 3.020349 1.028526 9.580907
v 3.049573 1.024029 9.581764
v 3.020362 1.024029 9.582083
v 3.049602 1.018970 9.584450
v 3.020391 1.018970 9.584768
v 3.049618 1.013910 9.585960
v 3.020408 1.013910 9.586279
v 3.020340 1.030775 9.580068
v 3.020329 1.031337 9.579060
v 3.019291 1.030775 9.483873
v 3.019300 1.031337 9.484713
v 3.020349 1.028526 9.580907
v 3.019280 1.028526 9.482866
v 3.020362 1.024029 9.582083
v 3.019269 1.024029 9.481859
v 3.020391 1.018970 9.584768
v 3.019240 1.018970 9.479174
v 3.020408 1.013910 9.586279
v 3.019224 1.013910 9.477662
v 3.020417 1.007727 9.587118
v 3.019214 1.007727 9.476823
v 3.048502 1.030775 9.483555
v 3.048511 1.031337 9.484394
v 3.049551 1.030775 9.579749
v 3.049540 1.031337 9.578741
v 3.048491 1.028526 9.482548
v 3.049560 1.028526 9.580588
v 3.048480 1.024029 9.481541
v 3.049573 1.024029 9.581764
v 3.049602 1.018970 9.584450
v 3.048451 1.018970 9.478855
v 3.049618 1.013910 9.585960
v 3.048434 1.013910 9.477344
v 3.049628 1.007727 9.586800
v 3.048425 1.007727 9.476504
v 3.049551 1.030775 9.579749
v 3.020340 1.030775 9.580068
v 3.049540 1.031337 9.578741
v 3.020329 1.031337 9.579060
v 3.048511 1.031337 9.484394
v 3.048502 1.030775 9.483555
v 3.019300 1.031337 9.484713
v 3.019291 1.030775 9.483873
v 3.048491 1.028526 9.482548
v 3.019280 1.028526 9.482866
v 3.048480 1.024029 9.481541
v 3.019269 1.024029 9.481859
v 3.048451 1.018970 9.478855
v 3.019240 1.018970 9.479174
v 3.048434 1.013910 9.477344
v 3.019224 1.013910 9.477662
v 3.048425 1.007727 9.476504
v 3.019214 1.007727 9.476823
v 3.018421 1.007727 9.588820
v 3.017178 1.007727 9.474831
v 3.049628 1.007727 9.586800
v 3.020417 1.007727 9.587118
v 3.052668 1.007727 9.588446
v 3.051425 1.007727 9.474457
v 3.051425 1.007727 9.474457
v 3.017178 1.007727 9.474831
v 3.018434 0.943641 9.589994
v 3.017165 0.943641 9.473656
v 3.052668 1.007727 9.588446
v 3.018421 1.007727 9.588820
v 3.051412 0.943641 9.473282
v 3.052680 0.943641 9.589621
v 3.051412 0.943641 9.473282
v 3.017165 0.943641 9.473656
v 3.019202 0.943641 9.475647
v 3.048413 0.943641 9.475328
v 3.020428 0.943641 9.588125
v 3.019202 0.943641 9.475647
v 3.052680 0.943641 9.589621
v 3.018434 0.943641 9.589994
v 3.049639 0.943641 9.587807
v 3.020428 0.943641 9.588125
v 3.048436 0.935770 9.477511
v 3.019225 0.935770 9.477830
v 3.020406 0.935770 9.586111
v 3.019225 0.935770 9.477830
v 3.049617 0.935770 9.585793
v 3.048436 0.935770 9.477511
v 3.049639 0.943641 9.587807
v 3.048413 0.943641 9.475328
v 3.049617 0.935770 9.585793
v 3.020406 0.935770 9.586111
v 3.048444 0.917781 9.478184
v 3.019233 0.917781 9.478502
v 3.020399 0.917781 9.585440
v 3.049609 0.917781 9.585121
v 3.046710 1.035834 9.488611
v 3.047649 1.035834 9.574733
v 3.046710 1.035834 9.488611
v 3.021193 1.035834 9.488890
v 3.022132 1.035834 9.575011
v 3.021193 1.035834 9.488890
v 3.047649 1.035834 9.574733
v 3.022132 1.035834 9.575011
v 3.021193 1.035834 9.488890
v 3.022132 1.035834 9.575011
v 3.033595 0.257246 9.625423
v 3.032084 0.257246 9.625441
v 3.033595 0.925089 9.625423
v 3.032084 0.925089 9.625441
v 3.032084 0.925089 9.625441
v 3.030085 0.925089 9.442118
v 3.033595 0.925089 9.625423
v 3.031596 0.925089 9.442101
v 3.033595 0.257246 9.625423
v 3.031596 0.257246 9.442101
v 3.032084 0.257246 9.625441
v 3.030085 0.257246 9.442118
v 3.031596 0.925089 9.442101
v 3.030085 0.925089 9.442118
v 3.031596 0.257246 9.442101
v 3.030085 0.257246 9.442118
v 3.044842 0.257246 9.625301
v 3.043164 0.257246 9.625319
v 3.044842 0.925089 9.625301
v 3.043164 0.925089 9.625319
v 3.044842 0.257246 9.625301
v 3.042844 0.257246 9.441978
v 3.043164 0.257246 9.625319
v 3.041165 0.257246 9.441998
v 3.043164 0.925089 9.625319
v 3.041165 0.925089 9.441998
v 3.044842 0.925089 9.625301
v 3.042844 0.925089 9.441978
v 3.042844 0.925089 9.441978
v 3.041165 0.925089 9.441998
v 3.042844 0.257246 9.441978
v 3.041165 0.257246 9.441998
v 3.032139 0.247690 9.630476
v 3.029996 0.247690 9.433891
v 3.032139 0.247690 9.630476
v 3.032139 0.938581 9.630476
v 3.032139 0.938581 9.630476
v 3.029996 0.938581 9.433891
v 3.029996 0.247690 9.433891
v 3.029996 0.938581 9.433891
v 3.044898 0.247690 9.630337
v 3.044898 0.938581 9.630337
v 3.044898 0.938581 9.630337
v 3.042754 0.938581 9.433752
v 3.042754 0.938581 9.433752
v 3.042754 0.247690 9.433752
v 3.042754 0.247690 9.433752
v 3.044898 0.247690 9.630337
v 3.043164 0.257246 9.625319
v 3.041165 0.257246 9.441998
v 3.043164 0.925089 9.625319
v 3.041165 0.925089 9.441998
v 3.031596 0.257246 9.442101
v 3.033595 0.257246 9.625423
v 3.031596 0.925089 9.442101
v 3.033595 0.925089 9.625423
v 3.026922 0.028448 9.690977
v 3.023461 0.028448 9.373520
v 3.007926 0.012146 9.704280
v 3.004180 0.012146 9.360634
v 3.183835 0.028448 9.530434
v 3.196723 0.012146 9.511322
v 2.866378 0.028448 9.533895
v 2.853077 0.012146 9.515068
v 3.005846 0.002589 9.513403
v 2.853077 0.002589 9.515068
v 3.005846 0.012146 9.513403
v 2.853077 0.012146 9.515068
v 3.005846 0.012146 9.513403
v 3.004180 0.002589 9.360634
v 3.004180 0.012146 9.360634
v 2.853492 0.002589 9.553176
v 2.853492 0.012146 9.553176
v 2.853077 0.012146 9.515068
v 3.196723 0.002589 9.511322
v 3.043954 0.002589 9.512987
v 3.196723 0.012146 9.511322
v 3.043954 0.012146 9.512987
v 3.042289 0.002589 9.360218
v 3.042289 0.012146 9.360218
v 3.043954 0.012146 9.512987
v 3.042289 0.012146 9.360218
v 3.004180 0.012146 9.360634
v 3.006261 0.012146 9.551511
v 2.853492 0.012146 9.553176
v 3.006261 0.002589 9.551511
v 3.007926 0.002589 9.704280
v 3.007926 0.012146 9.704280
v 3.006261 0.012146 9.551511
v 3.046035 0.012146 9.703864
v 3.007926 0.012146 9.704280
v 3.046035 0.002589 9.703864
v 3.044369 0.002589 9.551095
v 3.044369 0.012146 9.551095
v 3.046035 0.012146 9.703864
v 3.197138 0.012146 9.549430
v 3.044369 0.012146 9.551095
v 3.197138 0.002589 9.549430
v 3.196723 0.012146 9.511322
v 3.197138 0.012146 9.549430
v 2.853077 0.012146 9.515068
v 2.853492 0.012146 9.553176
v 3.005846 0.012146 9.513403
v 3.006261 0.012146 9.551511
v 3.007926 0.012146 9.704280
v 3.046035 0.012146 9.703864
v 3.044369 0.012146 9.551095
v 3.043954 0.012146 9.512987
v 3.196723 0.012146 9.511322
v 3.197138 0.012146 9.549430
v 3.049592 0.018892 9.506545
v 3.039794 0.063864 9.516390
v 3.050158 0.018892 9.558420
v 3.040147 0.063864 9.548790
v 2.997550 0.018892 9.507113
v 3.007561 0.063864 9.516741
v 2.998116 0.018892 9.558987
v 3.007914 0.063864 9.549142
v 2.997550 0.018892 9.507113
v 3.007561 0.063864 9.516741
v 3.049592 0.018892 9.506545
v 3.050158 0.018892 9.558420
v 3.039794 0.063864 9.516390
v 3.040147 0.063864 9.548790
v 3.027839 0.027324 9.544056
v 3.027838 0.703037 9.544056
v 3.027892 0.027324 9.548924
v 3.027892 0.703037 9.548924
v 3.034760 0.027324 9.532059
v 3.034759 0.703037 9.532059
v 3.022687 0.027324 9.548981
v 3.022687 0.703037 9.548981
v 3.027580 0.027324 9.520386
v 3.027580 0.703037 9.520386
v 3.027528 0.027324 9.515516
v 3.027528 0.703037 9.515516
v 3.022687 0.027324 9.548981
v 3.022687 0.703037 9.548981
v 3.022635 0.027324 9.544113
v 3.022634 0.703037 9.544113
v 3.022323 0.703037 9.515574
v 3.022323 0.027324 9.515574
v 3.015454 0.027324 9.532270
v 3.015454 0.703037 9.532270
v 3.022376 0.027324 9.520442
v 3.022376 0.703037 9.520442
v 3.022376 0.703037 9.520442
v 3.027580 0.703037 9.520386
v 3.022323 0.703037 9.515574
v 3.027528 0.703037 9.515516
v 3.034759 0.703037 9.532059
v 3.015454 0.703037 9.532270
v 3.022634 0.703037 9.544113
v 3.027838 0.703037 9.544056
v 3.022323 0.027324 9.515574
v 3.027528 0.027324 9.515516
v 3.022376 0.027324 9.520442
v 3.027580 0.027324 9.520386
v 3.034760 0.027324 9.532059
v 3.015454 0.027324 9.532270
v 3.022635 0.027324 9.544113
v 3.027839 0.027324 9.544056
v 3.014937 0.691232 9.515654
v 3.010612 0.691232 9.519395
v 3.014937 0.703599 9.515654
v 3.010612 0.703599 9.519395
v 3.020278 0.703599 9.512741
v 3.020278 0.691232 9.512741
v 3.007467 0.691232 9.523458
v 3.007467 0.703599 9.523458
v 3.026296 0.703599 9.510324
v 3.026296 0.691232 9.510324
v 3.005499 0.691232 9.527845
v 3.005499 0.703599 9.527845
v 3.004879 0.691232 9.532553
v 3.004879 0.703599 9.532553
v 3.005600 0.691232 9.537079
v 3.005600 0.703599 9.537079
v 3.007662 0.691232 9.541422
v 3.007662 0.703599 9.541422
v 3.010896 0.691232 9.545416
v 3.010896 0.703599 9.545416
v 3.015301 0.691232 9.549061
v 3.015301 0.703599 9.549061
v 3.020704 0.703599 9.551857
v 3.020704 0.691232 9.551857
v 3.026773 0.703599 9.554141
v 3.026773 0.691232 9.554141
v 3.020704 0.691232 9.551857
v 3.020278 0.691232 9.512741
v 3.026773 0.691232 9.554141
v 3.026296 0.691232 9.510324
v 3.014937 0.691232 9.515654
v 3.015301 0.691232 9.549061
v 3.010896 0.691232 9.545416
v 3.010612 0.691232 9.519395
v 3.007467 0.691232 9.523458
v 3.007662 0.691232 9.541422
v 3.020278 0.703599 9.512741
v 3.020704 0.703599 9.551857
v 3.026296 0.703599 9.510324
v 3.026773 0.703599 9.554141
v 3.015301 0.703599 9.549061
v 3.014937 0.703599 9.515654
v 3.010612 0.703599 9.519395
v 3.010896 0.703599 9.545416
v 3.026969 0.691232 9.572104
v 3.026969 0.703599 9.572104
v 3.026100 0.703599 9.492362
v 3.026100 0.691232 9.492362
v 3.033011 0.691232 9.510252
v 3.033489 0.691232 9.554068
v 3.033489 0.703599 9.554068
v 3.033011 0.703599 9.510252
v 3.026969 0.691232 9.572104
v 3.033684 0.691232 9.572031
v 3.026969 0.703599 9.572104
v 3.033684 0.703599 9.572031
v 3.033684 0.691232 9.572031
v 3.033684 0.703599 9.572031
v 3.026100 0.703599 9.492362
v 3.032815 0.703599 9.492289
v 3.026100 0.691232 9.492362
v 3.032815 0.691232 9.492289
v 3.014937 0.272425 9.515654
v 3.010612 0.272425 9.519395
v 3.014937 0.284792 9.515654
v 3.010612 0.284792 9.519395
v 3.020278 0.284792 9.512741
v 3.020278 0.272425 9.512741
v 3.007467 0.272425 9.523458
v 3.007467 0.284792 9.523458
v 3.026296 0.284792 9.510324
v 3.026296 0.272425 9.510324
v 3.005499 0.272425 9.527845
v 3.005499 0.284792 9.527845
v 3.004879 0.272425 9.532553
v 3.004879 0.284792 9.532553
v 3.005600 0.272425 9.537079
v 3.005600 0.284792 9.537079
v 3.007662 0.272425 9.541422
v 3.007662 0.284792 9.541422
v 3.010896 0.272425 9.545416
v 3.010896 0.284792 9.545416
v 3.015301 0.272425 9.549061
v 3.015301 0.284792 9.549061
v 3.020704 0.284792 9.551857
v 3.020704 0.272425 9.551857
v 3.026773 0.284792 9.554141
v 3.026773 0.272425 9.554141
v 3.020704 0.272425 9.551857
v 3.020278 0.272425 9.512741
v 3.026773 0.272425 9.554141
v 3.026296 0.272425 9.510324
v 3.014937 0.272425 9.515654
v 3.015301 0.272425 9.549061
v 3.010896 0.272425 9.545416
v 3.010612 0.272425 9.519395
v 3.007467 0.272425 9.523458
v 3.007662 0.272425 9.541422
v 3.020278 0.284792 9.512741
v 3.020704 0.284792 9.551857
v 3.026296 0.284792 9.510324
v 3.026773 0.284792 9.554141
v 3.015301 0.284792 9.549061
v 3.014937 0.284792 9.515654
v 3.010612 0.284792 9.519395
v 3.010896 0.284792 9.545416
v 3.007662 0.284792 9.541422
v 3.007467 0.284792 9.523458
v 3.026969 0.272425 9.572104
v 3.026969 0.284792 9.572104
v 3.026100 0.284792 9.492362
v 3.026100 0.272425 9.492362
v 3.033011 0.272425 9.510252
v 3.033489 0.272425 9.554068
v 3.033489 0.284792 9.554068
v 3.033011 0.284792 9.510252
v 3.026969 0.272425 9.572104
v 3.033684 0.272425 9.572031
v 3.026969 0.284792 9.572104
v 3.033684 0.284792 9.572031
v 3.033684 0.272425 9.572031
v 3.033684 0.284792 9.572031
v 3.026100 0.284792 9.492362
v 3.032815 0.284792 9.492289
v 3.026100 0.272425 9.492362
v 3.032815 0.272425 9.492289
vn 0.9999 -0.0000 -0.0109
vn -0.9999 -0.0000 0.0109
vn -0.9922 0.0374 -0.1190
vn -0.9923 -0.0000 -0.1242
vn -0.9893 -0.0300 0.1424
vn -0.9895 -0.0718 0.1251
vn 0.9894 0.0367 -0.1407
vn 0.9893 -0.0000 -0.1458
vn 0.9908 0.1350 -0.0071
vn 0.9903 0.1289 -0.0511
vn 0.9922 -0.0295 0.1210
vn 0.9920 -0.0707 0.1042
vn 0.9915 0.1169 0.0567
vn 0.9918 0.0942 0.0860
vn -0.0063 0.6285 -0.7778
vn 0.0107 0.6286 0.7777
vn 0.7792 0.6266 -0.0123
vn -0.7792 0.6267 0.0066
vn -0.0022 -1.0000 -0.0000
vn 0.0022 -1.0000 -0.0000
vn -0.0022 1.0000 -0.0000
vn 0.0022 1.0000 -0.0000
vn -0.0084 -0.2613 -0.9652
vn -0.0083 -0.2612 -0.9652
vn -0.0087 -0.0000 -1.0000
vn -0.0073 -0.4978 -0.8672
vn -0.0083 0.2612 -0.9652
vn -0.0055 -0.7071 -0.7071
vn -0.0032 -0.8673 -0.4978
vn -0.0073 0.4978 -0.8672
vn -0.0055 0.7071 -0.7071
vn -0.0007 -0.9653 -0.2612
vn -0.0033 0.8673 -0.4978
vn 0.0022 -1.0000 -0.0001
vn -0.0007 0.9653 -0.2612
vn 0.0050 -0.9653 0.2612
vn 0.0051 -0.9653 0.2612
vn 0.0076 -0.8673 0.4978
vn 0.0050 0.9653 0.2612
vn 0.0051 0.9653 0.2612
vn 0.0099 -0.7071 0.7070
vn 0.0099 -0.7071 0.7071
vn 0.0076 0.8673 0.4977
vn 0.0076 0.8673 0.4978
vn 0.0116 -0.4978 0.8672
vn 0.0099 0.7071 0.7070
vn 0.0099 0.7071 0.7071
vn 0.0127 -0.2612 0.9652
vn 0.0127 -0.2613 0.9652
vn 0.0117 0.4978 0.8672
vn 0.0116 0.4978 0.8672
vn 0.0131 -0.0000 0.9999
vn 0.0127 0.2612 0.9652
vn -0.8400 -0.3882 -0.3791
vn -0.8607 -0.3666 -0.3533
vn -0.8410 -0.2745 -0.4663
vn -0.8616 -0.2595 -0.4363
vn -0.8415 -0.1421 -0.5212
vn -0.8622 -0.1343 -0.4885
vn -0.8388 -0.4754 -0.2654
vn -0.8596 -0.4447 -0.2517
vn -0.9037 -0.3063 -0.2991
vn -0.9045 -0.2164 -0.3675
vn -0.8418 0.0001 -0.5398
vn -0.8623 -0.0000 -0.5063
vn -0.9050 -0.1120 -0.4105
vn -0.8373 -0.5303 -0.1330
vn -0.8582 -0.4974 -0.1268
vn -0.9028 -0.3755 -0.2098
vn -0.9421 -0.2442 -0.2299
vn -0.9427 -0.1729 -0.2854
vn -0.8621 0.1344 -0.4885
vn -0.8415 0.1421 -0.5212
vn -0.9051 -0.0000 -0.4252
vn -0.9431 -0.0895 -0.3203
vn -0.8357 -0.5491 0.0091
vn -0.8567 -0.5157 0.0075
vn -0.9016 -0.4194 -0.1058
vn -0.9414 -0.2947 -0.1642
vn -0.9720 -0.1706 -0.1614
vn -0.9724 -0.1228 -0.1982
vn -0.8616 0.2595 -0.4362
vn -0.8410 0.2745 -0.4663
vn -0.9050 0.1120 -0.4105
vn -0.9432 -0.0000 -0.3322
vn -0.9727 -0.0600 -0.2241
vn -0.8342 -0.5303 0.1512
vn -0.8553 -0.4984 0.1419
vn -0.9004 -0.4350 0.0060
vn -0.9405 -0.3300 -0.0812
vn -0.9715 -0.2079 -0.1138
vn -0.9923 -0.0951 -0.0789
vn -0.9926 -0.0654 -0.1024
vn -0.8607 0.3666 -0.3533
vn -0.8400 0.3882 -0.3791
vn -0.9045 0.2164 -0.3675
vn -0.9431 0.0896 -0.3203
vn -0.9728 -0.0000 -0.2316
vn -0.9927 -0.0301 -0.1164
vn -0.8328 -0.4754 0.2836
vn -0.8540 -0.4466 0.2671
vn -0.8991 -0.4194 0.1254
vn -0.9395 -0.3425 0.0083
vn -0.9708 -0.2342 -0.0512
vn -0.9921 -0.1132 -0.0545
vn -0.8596 0.4447 -0.2517
vn -0.8388 0.4754 -0.2654
vn -0.9037 0.3063 -0.2991
vn -0.9427 0.1729 -0.2853
vn -0.9727 0.0600 -0.2241
vn -0.8315 -0.3882 0.3973
vn -0.8528 -0.3640 0.3746
vn -0.8980 -0.3755 0.2295
vn -0.9385 -0.3310 0.0980
vn -0.9702 -0.2423 0.0087
vn -0.9918 -0.1252 -0.0267
vn -0.8582 0.4974 -0.1269
vn -0.8373 0.5303 -0.1329
vn -0.9027 0.3755 -0.2099
vn -0.9421 0.2442 -0.2299
vn -0.9724 0.1228 -0.1982
vn -0.8306 -0.2745 0.4845
vn -0.8519 -0.2562 0.4568
vn -0.8970 -0.3063 0.3187
vn -0.9376 -0.2966 0.1814
vn -0.9695 -0.2332 0.0760
vn -0.9914 -0.1307 0.0108
vn -0.8567 0.5157 0.0074
vn -0.8360 0.5487 0.0091
vn -0.9016 0.4194 -0.1058
vn -0.9414 0.2947 -0.1643
vn -0.9720 0.1706 -0.1614
vn -0.9926 0.0654 -0.1024
vn -0.8299 -0.1422 0.5394
vn -0.8513 -0.1307 0.5081
vn -0.8963 -0.2164 0.3872
vn -0.9368 -0.2415 0.2530
vn -0.9688 -0.2098 0.1317
vn -0.9910 -0.1252 0.0483
vn -0.8553 0.4983 0.1419
vn -0.8343 0.5303 0.1511
vn -0.9003 0.4350 0.0136
vn -0.9405 0.3301 -0.0812
vn -0.9715 0.2079 -0.1138
vn -0.9923 0.0951 -0.0789
vn -0.8298 -0.0000 0.5581
vn -0.8511 0.0038 0.5250
vn -0.8958 -0.1120 0.4301
vn -0.9362 -0.1696 0.3077
vn -0.9683 -0.1733 0.1799
vn -0.9907 -0.1132 0.0762
vn -0.8539 0.4466 0.2671
vn -0.8328 0.4754 0.2836
vn -0.8991 0.4194 0.1254
vn -0.9395 0.3425 0.0083
vn -0.9708 0.2342 -0.0512
vn -0.9921 0.1132 -0.0545
vn -0.8300 0.1421 0.5394
vn -0.8513 0.1307 0.5081
vn -0.8956 -0.0000 0.4448
vn -0.9359 -0.0859 0.3417
vn -0.9679 -0.1195 0.2213
vn -0.9903 -0.0897 0.1059
vn -0.8527 0.3640 0.3746
vn -0.8315 0.3882 0.3973
vn -0.8980 0.3755 0.2295
vn -0.9385 0.3310 0.0979
vn -0.9702 0.2422 0.0087
vn -0.9918 0.1252 -0.0267
vn -0.8519 0.2562 0.4568
vn -0.8306 0.2745 0.4845
vn -0.8958 0.1120 0.4301
vn -0.9357 -0.0038 0.3527
vn -0.9676 -0.0636 0.2444
vn -0.8970 0.3063 0.3187
vn -0.9376 0.2966 0.1814
vn -0.9694 0.2332 0.0760
vn -0.9914 0.1307 0.0108
vn -0.8963 0.2164 0.3871
vn -0.9359 0.0859 0.3417
vn -0.9675 -0.0038 0.2527
vn -0.9368 0.2415 0.2531
vn -0.9688 0.2098 0.1317
vn -0.9910 0.1272 0.0409
vn -0.9362 0.1696 0.3077
vn -0.9676 0.0636 0.2443
vn -0.9899 -0.0000 0.1415
vn -0.9683 0.1733 0.1799
vn -0.9907 0.1132 0.0761
vn -0.9679 0.1195 0.2212
vn -0.9900 0.0375 0.1360
vn -0.9903 0.0897 0.1059
vn -0.9901 0.0653 0.1240
vn 0.8519 -0.2589 -0.4553
vn 0.8528 -0.3660 -0.3726
vn 0.8306 -0.2735 -0.4851
vn 0.8315 -0.3869 -0.3986
vn 0.8513 -0.1341 -0.5072
vn 0.8300 -0.1415 -0.5395
vn 0.8540 -0.4478 -0.2649
vn 0.8327 -0.4742 -0.2857
vn 0.8962 -0.2159 -0.3875
vn 0.8970 -0.3056 -0.3194
vn 0.8511 -0.0000 -0.5250
vn 0.8298 -0.0000 -0.5581
vn 0.8958 -0.1117 -0.4302
vn 0.8553 -0.4989 -0.1398
vn 0.8342 -0.5295 -0.1542
vn 0.8980 -0.3786 -0.2240
vn 0.9362 -0.1723 -0.3062
vn 0.9368 -0.2435 -0.2511
vn 0.8300 0.1415 -0.5395
vn 0.8513 0.1341 -0.5073
vn 0.8956 -0.0000 -0.4448
vn 0.9359 -0.0892 -0.3409
vn 0.8567 -0.5156 -0.0131
vn 0.8357 -0.5490 -0.0128
vn 0.8992 -0.4209 -0.1197
vn 0.9376 -0.2978 -0.1793
vn 0.9679 -0.1217 -0.2201
vn 0.9683 -0.1693 -0.1839
vn 0.8306 0.2734 -0.4851
vn 0.8519 0.2589 -0.4552
vn 0.8958 0.1117 -0.4302
vn 0.9357 -0.0000 -0.3527
vn 0.9676 -0.0594 -0.2454
vn 0.8582 -0.4989 0.1211
vn 0.8374 -0.5294 0.1360
vn 0.9004 -0.4350 -0.0079
vn 0.9385 -0.3316 -0.0958
vn 0.9689 -0.2104 -0.1306
vn 0.9901 -0.0643 -0.1246
vn 0.9904 -0.0937 -0.1019
vn 0.8315 0.3869 -0.3986
vn 0.8528 0.3660 -0.3726
vn 0.8962 0.2159 -0.3875
vn 0.9359 0.0892 -0.3409
vn 0.9675 -0.0000 -0.2528
vn 0.9900 -0.0368 -0.1362
vn 0.8595 -0.4478 0.2463
vn 0.8388 -0.4742 0.2675
vn 0.9016 -0.4199 0.1037
vn 0.9395 -0.3425 -0.0065
vn 0.9695 -0.2334 -0.0754
vn 0.9906 -0.1119 -0.0783
vn 0.8327 0.4742 -0.2858
vn 0.8540 0.4478 -0.2649
vn 0.8970 0.3056 -0.3194
vn 0.9362 0.1723 -0.3062
vn 0.9676 0.0594 -0.2454
vn 0.8607 -0.3660 0.3539
vn 0.8400 -0.3869 0.3804
vn 0.9028 -0.3767 0.2077
vn 0.9404 -0.3316 0.0754
vn 0.9702 -0.2423 -0.0087
vn 0.9910 -0.1264 -0.0440
vn 0.8342 0.5295 -0.1542
vn 0.8553 0.4989 -0.1398
vn 0.8980 0.3786 -0.2240
vn 0.9368 0.2435 -0.2510
vn 0.9679 0.1217 -0.2200
vn 0.8616 -0.2589 0.4366
vn 0.8410 -0.2734 0.4669
vn 0.9037 -0.3083 0.2971
vn 0.9413 -0.2978 0.1588
vn 0.9708 -0.2344 0.0506
vn 0.9913 -0.1307 -0.0145
vn 0.8357 0.5490 -0.0129
vn 0.8567 0.5157 -0.0131
vn 0.8992 0.4209 -0.1197
vn 0.9376 0.2978 -0.1793
vn 0.9683 0.1693 -0.1838
vn 0.9901 0.0643 -0.1246
vn 0.8622 -0.1341 0.4886
vn 0.8416 -0.1416 0.5213
vn 0.9045 -0.2191 0.3659
vn 0.9421 -0.2435 0.2306
vn 0.9715 -0.2085 0.1127
vn 0.9917 -0.1264 0.0225
vn 0.8374 0.5294 0.1360
vn 0.8582 0.4989 0.1211
vn 0.9004 0.4350 -0.0079
vn 0.9385 0.3316 -0.0958
vn 0.9689 0.2104 -0.1306
vn 0.9904 0.0937 -0.1019
vn 0.8624 -0.0000 0.5063
vn 0.8418 -0.0000 0.5399
vn 0.9049 -0.1153 0.4096
vn 0.9427 -0.1723 0.2857
vn 0.9720 -0.1720 0.1600
vn 0.9921 -0.1119 0.0567
vn 0.8388 0.4742 0.2676
vn 0.8595 0.4478 0.2463
vn 0.9016 0.4199 0.1037
vn 0.9394 0.3425 -0.0140
vn 0.9695 0.2334 -0.0754
vn 0.9906 0.1119 -0.0783
vn 0.8622 0.1341 0.4885
vn 0.8416 0.1415 0.5213
vn 0.9051 0.0037 0.4252
vn 0.9431 -0.0892 0.3204
vn 0.9725 -0.1184 0.2007
vn 0.9924 -0.0937 0.0803
vn 0.8400 0.3869 0.3804
vn 0.8607 0.3660 0.3539
vn 0.9027 0.3767 0.2077
vn 0.9404 0.3316 0.0753
vn 0.9702 0.2423 -0.0087
vn 0.8410 0.2734 0.4669
vn 0.8616 0.2589 0.4366
vn 0.9050 0.1153 0.4096
vn 0.9432 -0.0000 0.3322
vn 0.9727 -0.0630 0.2233
vn 0.9037 0.3083 0.2970
vn 0.9413 0.2978 0.1589
vn 0.9708 0.2344 0.0506
vn 0.9045 0.2191 0.3659
vn 0.9431 0.0892 0.3204
vn 0.9728 -0.0037 0.2316
vn 0.9421 0.2435 0.2306
vn 0.9715 0.2085 0.1127
vn 0.9917 0.1264 0.0224
vn 0.9427 0.1723 0.2857
vn 0.9727 0.0630 0.2233
vn 0.9928 -0.0000 0.1199
vn 0.9720 0.1719 0.1600
vn 0.9725 0.1184 0.2007
vn 0.9927 0.0368 0.1146
vn 0.9926 0.0643 0.1030
vn 0.0126 0.2975 0.9546
vn 0.0124 0.3546 0.9349
vn 0.0123 0.3687 0.9295
vn 0.0128 0.2099 0.9776
vn -0.9635 0.2675 0.0067
vn 0.9635 0.2675 -0.0105
vn 0.9635 0.2676 -0.0105
vn 0.0111 0.5804 0.8142
vn 0.0111 0.5805 0.8142
vn 0.0100 0.7018 0.7123
vn 0.0078 0.7018 0.7124
vn -0.0063 0.7018 -0.7124
vn -0.0067 0.5805 -0.8143
vn -0.0056 0.7018 -0.7124
vn -0.0067 0.5804 -0.8143
vn -0.0082 0.2975 -0.9547
vn -0.0080 0.3546 -0.9350
vn -0.0079 0.3687 -0.9295
vn -0.0085 0.2099 -0.9777
vn -0.0086 0.1430 -0.9897
vn 0.0457 0.9989 -0.0137
vn 0.0416 0.9990 0.0146
vn 0.0460 0.9989 0.0089
vn 0.0130 0.1430 0.9896
vn -0.0372 0.9993 -0.0071
vn -0.0326 0.9994 0.0079
vn -0.0328 0.9994 -0.0071
vn 0.0459 0.9989 0.0089
vn 0.0456 0.9989 -0.0137
vn -0.0087 0.0151 -0.9998
vn -0.0459 -0.9989 -0.0127
vn 0.0326 -0.9994 -0.0079
vn -0.0458 -0.9989 0.0099
vn -0.0460 -0.9989 -0.0127
vn 0.0372 -0.9993 0.0071
vn -0.0457 -0.9989 0.0099
vn 0.0328 -0.9994 0.0071
vn 0.0131 0.0151 0.9998
vn -0.0086 -0.1055 -0.9944
vn -0.0101 -0.1056 -0.9944
vn -0.0083 -0.2613 -0.9652
vn 0.0130 -0.1055 0.9943
vn 0.0130 -0.1056 0.9943
vn -0.0087 -0.0378 -0.9992
vn 0.0131 -0.0378 0.9992
vn 0.9115 0.4113 -0.0080
vn 0.9634 0.2677 -0.0105
vn -0.0056 0.6964 -0.7177
vn -0.0056 0.6963 -0.7177
vn -0.9115 0.4112 0.0061
vn 0.0100 0.6963 0.7177
vn -0.9999 -0.0000 0.0110
vn 0.9999 -0.0000 -0.0110
vn 0.9999 -0.0000 -0.0108
vn 0.6484 0.7612 -0.0109
vn -0.6485 0.7612 0.0051
vn -0.0048 0.7633 -0.6460
vn 0.0092 0.7633 0.6460
vn 0.9771 0.2124 -0.0145
vn 0.9771 0.2124 -0.0144
vn 0.0129 0.2099 0.9776
vn -0.9771 0.2125 0.0107
vn -0.9771 0.2124 0.0107
vn 0.8645 0.0037 0.5025
vn 0.8646 0.0038 0.5025
vn 0.8534 -0.0000 -0.5212
vn -0.8534 -0.0000 0.5213
vn -0.8646 -0.0000 -0.5025
vn -0.5706 -0.0000 -0.8212
vn -0.7170 -0.0000 -0.6970
vn -0.5707 -0.0000 -0.8212
vn -0.4231 -0.0000 -0.9061
vn -0.8576 -0.0000 -0.5143
vn -0.8578 -0.0000 -0.5140
vn -0.3507 -0.0000 -0.9365
vn -0.3506 -0.0000 -0.9365
vn -0.9618 -0.0000 -0.2738
vn -0.9618 -0.0000 -0.2739
vn -0.9555 -0.0000 0.2949
vn -0.8465 0.0038 0.5324
vn -0.7017 -0.0000 0.7125
vn -0.5526 -0.0000 0.8334
vn -0.5526 -0.0000 0.8335
vn -0.4033 -0.0000 0.9151
vn -0.3302 -0.0000 0.9439
vn -0.3301 -0.0000 0.9439
vn -0.4232 -0.0000 -0.9060
vn -0.4232 -0.0000 -0.9061
vn -0.8577 -0.0000 -0.5142
vn -0.9555 -0.0000 0.2948
vn -0.8465 0.0037 0.5324
vn -0.4033 -0.0000 0.9150
vt 0.458010 0.436520
vt 0.461640 0.440130
vt 0.446110 0.452050
vt 0.453590 0.433920
vt 0.464240 0.444580
vt 0.448610 0.432660
vt 0.465490 0.449450
vt 0.443510 0.432660
vt 0.465490 0.454560
vt 0.438640 0.433920
vt 0.464240 0.459520
vt 0.434220 0.436520
vt 0.461640 0.463960
vt 0.430590 0.440130
vt 0.458010 0.467570
vt 0.427990 0.444580
vt 0.453590 0.470090
vt 0.426630 0.449450
vt 0.448610 0.471430
vt 0.426630 0.454560
vt 0.443510 0.471430
vt 0.427990 0.459520
vt 0.438640 0.470090
vt 0.430590 0.463960
vt 0.434220 0.467570
vt 0.473530 0.463290
vt 0.470930 0.458840
vt 0.489050 0.451380
vt 0.469680 0.453890
vt 0.477160 0.466900
vt 0.469680 0.448770
vt 0.481580 0.469420
vt 0.470930 0.443820
vt 0.486560 0.470760
vt 0.473530 0.439460
vt 0.491660 0.470760
vt 0.477160 0.435850
vt 0.496530 0.469420
vt 0.481580 0.433250
vt 0.500950 0.466900
vt 0.486560 0.431910
vt 0.504580 0.463290
vt 0.491660 0.431910
vt 0.507180 0.458840
vt 0.496530 0.433250
vt 0.508430 0.453890
vt 0.500950 0.435850
vt 0.508430 0.448770
vt 0.504580 0.439460
vt 0.507180 0.443820
vt 0.888440 0.950150
vt 0.881980 0.949310
vt 0.882430 0.947640
vt 0.894890 0.950990
vt 0.894890 0.949310
vt 0.894440 0.947640
vt 0.890930 0.956190
vt 0.892400 0.955350
vt 0.881980 0.950990
vt 0.887530 0.956610
vt 0.885940 0.956190
vt 0.395240 0.325260
vt 0.395240 0.337760
vt 0.388440 0.331550
vt 0.515230 0.331550
vt 0.508430 0.337760
vt 0.508430 0.325260
vt 0.387420 0.307890
vt 0.394340 0.314180
vt 0.387420 0.320560
vt 0.273330 0.307890
vt 0.273330 0.320560
vt 0.266420 0.314180
vt 0.134310 0.330790
vt 0.132390 0.331050
vt 0.130460 0.330790
vt 0.094320 0.331130
vt 0.092390 0.330790
vt 0.096130 0.330790
vt 0.090580 0.329950
vt 0.097940 0.329950
vt 0.134310 0.318960
vt 0.132390 0.319300
vt 0.130460 0.318960
vt 0.094320 0.319300
vt 0.092390 0.318960
vt 0.096130 0.318960
vt 0.464470 0.410010
vt 0.464470 0.418730
vt 0.459370 0.410010
vt 0.459370 0.418730
vt 0.469570 0.410010
vt 0.469570 0.418730
vt 0.454270 0.410010
vt 0.454270 0.418730
vt 0.474660 0.410010
vt 0.474660 0.418730
vt 0.479760 0.410010
vt 0.479760 0.418730
vt 0.449060 0.410010
vt 0.449060 0.418730
vt 0.443960 0.410010
vt 0.443960 0.418730
vt 0.484860 0.418730
vt 0.484860 0.410010
vt 0.438860 0.410010
vt 0.438860 0.418730
vt 0.489960 0.418730
vt 0.489960 0.410010
vt 0.433760 0.410010
vt 0.433760 0.418730
vt 0.372470 0.418730
vt 0.367370 0.418730
vt 0.372470 0.410010
vt 0.367370 0.410010
vt 0.428660 0.410010
vt 0.428660 0.418730
vt 0.377570 0.418730
vt 0.377570 0.410010
vt 0.423570 0.410010
vt 0.423570 0.418730
vt 0.382670 0.418730
vt 0.382670 0.410010
vt 0.418470 0.410010
vt 0.418470 0.418730
vt 0.387760 0.410010
vt 0.387760 0.418730
vt 0.413370 0.410010
vt 0.413370 0.418730
vt 0.392860 0.410010
vt 0.392860 0.418730
vt 0.408270 0.410010
vt 0.408270 0.418730
vt 0.397960 0.410010
vt 0.397960 0.418730
vt 0.403060 0.410010
vt 0.403060 0.418730
vt 0.872010 0.910630
vt 0.875070 0.918010
vt 0.862260 0.916170
vt 0.867250 0.922630
vt 0.854450 0.924140
vt 0.860790 0.929010
vt 0.882770 0.907690
vt 0.883900 0.915660
vt 0.878010 0.925060
vt 0.871890 0.928590
vt 0.848780 0.933790
vt 0.856260 0.936890
vt 0.866800 0.933620
vt 0.893990 0.907610
vt 0.892970 0.915660
vt 0.884920 0.923220
vt 0.880730 0.931690
vt 0.876200 0.934290
vt 0.853990 0.945620
vt 0.845950 0.944610
vt 0.863280 0.939750
vt 0.872570 0.937990
vt 0.904860 0.910550
vt 0.901690 0.918010
vt 0.891950 0.923220
vt 0.885830 0.930270
vt 0.883340 0.937990
vt 0.880390 0.939750
vt 0.853990 0.954680
vt 0.845950 0.955770
vt 0.861470 0.946630
vt 0.869970 0.942520
vt 0.878010 0.942180
vt 0.914610 0.916170
vt 0.909620 0.922550
vt 0.898860 0.925060
vt 0.891040 0.930270
vt 0.886740 0.937060
vt 0.885940 0.944110
vt 0.884470 0.944950
vt 0.856370 0.963490
vt 0.848890 0.966520
vt 0.861470 0.953760
vt 0.868610 0.947550
vt 0.876310 0.945120
vt 0.883220 0.946210
vt 0.922430 0.924060
vt 0.916080 0.929010
vt 0.904980 0.928590
vt 0.896140 0.931690
vt 0.890140 0.937060
vt 0.887640 0.943690
vt 0.860900 0.971300
vt 0.854450 0.976250
vt 0.863280 0.960560
vt 0.868610 0.952750
vt 0.875410 0.948470
vt 0.928090 0.933790
vt 0.920610 0.936810
vt 0.909960 0.933620
vt 0.900670 0.934290
vt 0.893420 0.937990
vt 0.889340 0.943690
vt 0.867250 0.977760
vt 0.862380 0.984220
vt 0.866910 0.966770
vt 0.869970 0.957870
vt 0.875410 0.951910
vt 0.930920 0.944610
vt 0.922880 0.945620
vt 0.913590 0.939750
vt 0.904300 0.937990
vt 0.896480 0.939660
vt 0.890930 0.944110
vt 0.875180 0.982290
vt 0.872010 0.989840
vt 0.871890 0.971720
vt 0.872570 0.962400
vt 0.876310 0.955190
vt 0.930920 0.955770
vt 0.922880 0.954680
vt 0.915400 0.946630
vt 0.906900 0.942520
vt 0.898860 0.942100
vt 0.892400 0.944950
vt 0.883900 0.984640
vt 0.882880 0.992700
vt 0.878010 0.975330
vt 0.876310 0.966100
vt 0.878010 0.958210
vt 0.882430 0.952670
vt 0.928090 0.966520
vt 0.920610 0.963410
vt 0.915400 0.953680
vt 0.908260 0.947550
vt 0.900670 0.945120
vt 0.893650 0.946210
vt 0.893080 0.984640
vt 0.894100 0.992700
vt 0.884920 0.977170
vt 0.880850 0.968700
vt 0.880390 0.960640
vt 0.883220 0.954180
vt 0.922430 0.976250
vt 0.916080 0.971300
vt 0.913590 0.960560
vt 0.908260 0.952750
vt 0.901470 0.948390
vt 0.901810 0.982290
vt 0.904980 0.989760
vt 0.892060 0.977090
vt 0.885830 0.970040
vt 0.883450 0.962320
vt 0.884470 0.955350
vt 0.909620 0.977760
vt 0.914610 0.984140
vt 0.910080 0.966680
vt 0.907020 0.957790
vt 0.901470 0.951830
vt 0.898860 0.975330
vt 0.891040 0.970040
vt 0.886740 0.963240
vt 0.904980 0.971720
vt 0.904410 0.962320
vt 0.900670 0.955190
vt 0.896140 0.968700
vt 0.890140 0.963240
vt 0.887640 0.956610
vt 0.900670 0.966010
vt 0.898860 0.958210
vt 0.894440 0.952670
vt 0.893530 0.962320
vt 0.889340 0.956610
vt 0.896480 0.960640
vt 0.893650 0.954100
vt 0.909620 0.922630
vt 0.901810 0.918010
vt 0.914610 0.916250
vt 0.904980 0.910630
vt 0.922430 0.924140
vt 0.893080 0.915660
vt 0.894100 0.907690
vt 0.920610 0.936890
vt 0.910080 0.933620
vt 0.882880 0.907610
vt 0.892060 0.923220
vt 0.875180 0.918010
vt 0.872010 0.910550
vt 0.896480 0.939750
vt 0.893530 0.937990
vt 0.907020 0.942520
vt 0.898860 0.942180
vt 0.867250 0.922550
vt 0.862380 0.916170
vt 0.928090 0.966600
vt 0.920610 0.963490
vt 0.915400 0.953760
vt 0.860900 0.929010
vt 0.854450 0.924060
vt 0.880850 0.931610
vt 0.915970 0.971380
vt 0.908260 0.952840
vt 0.901470 0.948470
vt 0.856370 0.936810
vt 0.848890 0.933790
vt 0.866910 0.933620
vt 0.876310 0.934290
vt 0.883450 0.937990
vt 0.914500 0.984220
vt 0.909960 0.966770
vt 0.906900 0.957870
vt 0.901470 0.951910
vt 0.845950 0.944530
vt 0.880390 0.939660
vt 0.904860 0.989840
vt 0.901690 0.982290
vt 0.904300 0.962400
vt 0.900560 0.955190
vt 0.869970 0.942430
vt 0.878010 0.942100
vt 0.893990 0.992700
vt 0.892970 0.984640
vt 0.900560 0.966100
vt 0.856260 0.963410
vt 0.848780 0.966520
vt 0.861470 0.953680
vt 0.882770 0.992700
vt 0.883790 0.984640
vt 0.891950 0.977170
vt 0.896030 0.968700
vt 0.893650 0.954180
vt 0.860790 0.971300
vt 0.875410 0.948390
vt 0.871890 0.989760
vt 0.875070 0.982290
vt 0.884810 0.977170
vt 0.893420 0.962320
vt 0.862260 0.984140
vt 0.866800 0.966680
vt 0.869860 0.957790
vt 0.875410 0.951830
vt 0.878010 0.975240
vt 0.872460 0.962320
vt 0.876200 0.955190
vt 0.880730 0.968700
vt 0.889230 0.956610
vt 0.876200 0.966010
vt 0.883340 0.962320
vt 0.883220 0.954100
vt 0.245800 0.385000
vt 0.255430 0.385000
vt 0.245800 0.386600
vt 0.255430 0.386600
vt 0.245800 0.388610
vt 0.255430 0.388610
vt 0.245800 0.390370
vt 0.255430 0.390370
vt 0.294290 0.425360
vt 0.294630 0.425610
vt 0.294290 0.457330
vt 0.294630 0.457000
vt 0.293720 0.425030
vt 0.293720 0.457590
vt 0.292250 0.424690
vt 0.292250 0.457920
vt 0.290440 0.423770
vt 0.290440 0.458840
vt 0.288740 0.423270
vt 0.288740 0.459350
vt 0.286700 0.423010
vt 0.286700 0.459680
vt 0.206260 0.457330
vt 0.206030 0.457000
vt 0.206260 0.425360
vt 0.206030 0.425610
vt 0.206940 0.457590
vt 0.206940 0.425030
vt 0.208410 0.457920
vt 0.208410 0.424690
vt 0.210220 0.423770
vt 0.210220 0.458840
vt 0.211920 0.423270
vt 0.211920 0.459350
vt 0.213850 0.423010
vt 0.213850 0.459680
vt 0.245800 0.384330
vt 0.255430 0.384330
vt 0.245800 0.383910
vt 0.255430 0.383910
vt 0.245800 0.498870
vt 0.245800 0.498450
vt 0.255430 0.498870
vt 0.255430 0.498450
vt 0.245800 0.497780
vt 0.255430 0.497780
vt 0.245800 0.496190
vt 0.255430 0.496190
vt 0.245800 0.494170
vt 0.255430 0.494170
vt 0.245800 0.492410
vt 0.255430 0.492410
vt 0.245800 0.490400
vt 0.255430 0.490400
vt 0.286020 0.422430
vt 0.286020 0.460270
vt 0.245800 0.392390
vt 0.255430 0.392390
vt 0.214870 0.422430
vt 0.214870 0.460270
vt 0.244780 0.489720
vt 0.256110 0.489720
vt 0.264830 0.422090
vt 0.264830 0.460690
vt 0.244780 0.392970
vt 0.256110 0.392970
vt 0.236050 0.460690
vt 0.236050 0.422090
vt 0.244780 0.468580
vt 0.256110 0.468580
vt 0.255430 0.467910
vt 0.245800 0.467910
vt 0.264150 0.422590
vt 0.264150 0.460020
vt 0.244780 0.414200
vt 0.256110 0.414200
vt 0.245800 0.414710
vt 0.255430 0.414710
vt 0.245800 0.465220
vt 0.255430 0.465220
vt 0.261550 0.423350
vt 0.261550 0.459260
vt 0.239680 0.423350
vt 0.239680 0.459260
vt 0.237070 0.422590
vt 0.237070 0.460020
vt 0.245800 0.417390
vt 0.255430 0.417390
vt 0.245800 0.459100
vt 0.255430 0.459100
vt 0.255430 0.423520
vt 0.245800 0.423520
vt 0.204440 0.455660
vt 0.204440 0.426960
vt 0.246370 0.500800
vt 0.254860 0.500800
vt 0.296100 0.426960
vt 0.296100 0.455660
vt 0.246370 0.381980
vt 0.254860 0.381980
vt 0.196060 0.455660
vt 0.196060 0.426960
vt 0.546380 0.852060
vt 0.546380 0.851560
vt 0.768340 0.852060
vt 0.768340 0.851560
vt 0.701380 0.800200
vt 0.640540 0.800200
vt 0.701380 0.799700
vt 0.640540 0.799700
vt 0.633170 0.813040
vt 0.572220 0.813040
vt 0.633170 0.812540
vt 0.572220 0.812540
vt 0.766190 0.825460
vt 0.766190 0.825960
vt 0.544230 0.825460
vt 0.544230 0.825960
vt 0.546380 0.844000
vt 0.546380 0.843500
vt 0.768340 0.844000
vt 0.768340 0.843500
vt 0.633170 0.802050
vt 0.572220 0.802050
vt 0.633170 0.801540
vt 0.572220 0.801540
vt 0.701380 0.813880
vt 0.640540 0.813960
vt 0.701380 0.813370
vt 0.640540 0.813370
vt 0.766190 0.835530
vt 0.766190 0.836120
vt 0.544230 0.835530
vt 0.544230 0.836030
vt 0.634760 0.809350
vt 0.569500 0.809350
vt 0.543210 0.849880
vt 0.772760 0.849880
vt 0.703080 0.804730
vt 0.637820 0.804730
vt 0.541060 0.828650
vt 0.770600 0.828650
vt 0.543210 0.845680
vt 0.772760 0.845680
vt 0.703080 0.808930
vt 0.637820 0.808930
vt 0.770600 0.832840
vt 0.541060 0.832840
vt 0.569500 0.805240
vt 0.634760 0.805240
vt 0.757350 0.861790
vt 0.757350 0.922630
vt 0.535510 0.861790
vt 0.535510 0.922630
vt 0.504120 0.317030
vt 0.399550 0.317030
vt 0.508430 0.308720
vt 0.395240 0.308720
vt 0.383120 0.328860
vt 0.387420 0.337170
vt 0.277640 0.328860
vt 0.273330 0.337170
vt 0.069500 0.470510
vt 0.069500 0.419740
vt 0.072680 0.470510
vt 0.072680 0.419740
vt 0.069500 0.467400
vt 0.120260 0.470510
vt 0.120260 0.467400
vt 0.056810 0.419740
vt 0.056810 0.416640
vt 0.069500 0.416640
vt 0.069500 0.533950
vt 0.069500 0.483180
vt 0.072680 0.533950
vt 0.072680 0.483180
vt 0.120260 0.483180
vt 0.120260 0.486370
vt 0.069500 0.486370
vt 0.123320 0.483180
vt 0.123320 0.470510
vt 0.053640 0.470510
vt 0.053640 0.419740
vt 0.056810 0.470510
vt 0.006060 0.470510
vt 0.006060 0.467400
vt 0.056810 0.467400
vt 0.002880 0.483180
vt 0.002880 0.470510
vt 0.006060 0.483180
vt 0.056810 0.483180
vt 0.056810 0.486370
vt 0.006060 0.486370
vt 0.053640 0.533950
vt 0.053640 0.483180
vt 0.056810 0.533950
vt 0.069500 0.537130
vt 0.056810 0.537130
vt 0.174080 0.419820
vt 0.186770 0.419820
vt 0.174080 0.470510
vt 0.186770 0.470510
vt 0.237530 0.470510
vt 0.237530 0.483180
vt 0.186770 0.483180
vt 0.174080 0.483180
vt 0.174080 0.533950
vt 0.186770 0.533950
vt 0.222690 0.332050
vt 0.223590 0.316360
vt 0.236280 0.332050
vt 0.236280 0.316360
vt 0.207050 0.332050
vt 0.211920 0.316360
vt 0.249540 0.332050
vt 0.249080 0.316360
vt 0.266190 0.332140
vt 0.260750 0.316360
vt 0.266420 0.349840
vt 0.249080 0.349760
vt 0.260530 0.305450
vt 0.249310 0.305370
vt 0.020560 0.360670
vt 0.245120 0.360670
vt 0.020560 0.362260
vt 0.245120 0.362260
vt 0.020560 0.356140
vt 0.245120 0.356140
vt 0.020560 0.364020
vt 0.245120 0.364020
vt 0.020560 0.351520
vt 0.245120 0.351520
vt 0.020560 0.349930
vt 0.245120 0.349930
vt 0.020560 0.335830
vt 0.245120 0.335830
vt 0.020560 0.337420
vt 0.245120 0.337420
vt 0.245120 0.348160
vt 0.020560 0.348160
vt 0.020560 0.342040
vt 0.245120 0.342040
vt 0.020560 0.346650
vt 0.245120 0.346650
vt 0.254520 0.364020
vt 0.254520 0.362260
vt 0.256110 0.364020
vt 0.256110 0.362260
vt 0.250560 0.359910
vt 0.250560 0.366370
vt 0.246590 0.364020
vt 0.246590 0.362260
vt 0.009570 0.364020
vt 0.009570 0.362260
vt 0.011150 0.364020
vt 0.011150 0.362260
vt 0.015120 0.359910
vt 0.015120 0.366370
vt 0.019090 0.364020
vt 0.019090 0.362260
vt 0.166490 0.326260
vt 0.168870 0.326260
vt 0.166490 0.331380
vt 0.168870 0.331380
vt 0.164000 0.331380
vt 0.164000 0.326260
vt 0.171020 0.326260
vt 0.171020 0.331380
vt 0.161390 0.331380
vt 0.161390 0.326260
vt 0.172950 0.326260
vt 0.172950 0.331380
vt 0.174870 0.326260
vt 0.174870 0.331380
vt 0.176800 0.326260
vt 0.176800 0.331380
vt 0.178840 0.326260
vt 0.178840 0.331380
vt 0.180990 0.326260
vt 0.180990 0.331380
vt 0.183260 0.326260
vt 0.183260 0.331380
vt 0.185750 0.331380
vt 0.185750 0.326260
vt 0.188470 0.331380
vt 0.188470 0.326260
vt 0.140430 0.324670
vt 0.124340 0.324670
vt 0.141340 0.322150
vt 0.123320 0.322150
vt 0.125470 0.326850
vt 0.139300 0.326850
vt 0.137820 0.328610
vt 0.126950 0.328610
vt 0.128650 0.329950
vt 0.136120 0.329950
vt 0.102360 0.324670
vt 0.086160 0.324670
vt 0.103270 0.322150
vt 0.085250 0.322150
vt 0.087410 0.326850
vt 0.101110 0.326850
vt 0.099640 0.328700
vt 0.088880 0.328700
vt 0.195950 0.326260
vt 0.195950 0.331380
vt 0.153910 0.331380
vt 0.153910 0.326260
vt 0.123320 0.319380
vt 0.141340 0.319380
vt 0.085250 0.319380
vt 0.103270 0.319380
vt 0.148810 0.322150
vt 0.148810 0.319380
vt 0.077770 0.322150
vt 0.077770 0.319380
vt 0.198670 0.326260
vt 0.198670 0.331380
vt 0.110750 0.322150
vt 0.110750 0.319380
vt 0.115960 0.322150
vt 0.115960 0.319380
vt 0.166490 0.321060
vt 0.168870 0.321060
vt 0.166490 0.326180
vt 0.168870 0.326180
vt 0.164000 0.326180
vt 0.164000 0.321060
vt 0.171020 0.321060
vt 0.171020 0.326180
vt 0.161390 0.326180
vt 0.161390 0.321060
vt 0.172950 0.321060
vt 0.172950 0.326180
vt 0.174870 0.321060
vt 0.174870 0.326180
vt 0.176800 0.321060
vt 0.176800 0.326180
vt 0.178840 0.321060
vt 0.178840 0.326180
vt 0.180990 0.321060
vt 0.180990 0.326180
vt 0.183260 0.321060
vt 0.183260 0.326180
vt 0.185750 0.326180
vt 0.185750 0.321060
vt 0.188470 0.326180
vt 0.188470 0.321060
vt 0.140430 0.312840
vt 0.124230 0.312840
vt 0.141340 0.310320
vt 0.123320 0.310320
vt 0.125470 0.315020
vt 0.139300 0.315020
vt 0.137710 0.316860
vt 0.126950 0.316860
vt 0.128650 0.318210
vt 0.136120 0.318210
vt 0.102360 0.312840
vt 0.086160 0.312840
vt 0.103270 0.310320
vt 0.085250 0.310320
vt 0.087410 0.315020
vt 0.101110 0.315020
vt 0.099640 0.316860
vt 0.088880 0.316860
vt 0.090580 0.318210
vt 0.097940 0.318210
vt 0.195950 0.321060
vt 0.195950 0.326180
vt 0.153910 0.326180
vt 0.153910 0.321060
vt 0.123320 0.307550
vt 0.141340 0.307550
vt 0.085250 0.307550
vt 0.103270 0.307550
vt 0.148810 0.310320
vt 0.148810 0.307550
vt 0.077770 0.310320
vt 0.077770 0.307550
vt 0.198670 0.321060
vt 0.198670 0.326180
vt 0.110750 0.310320
vt 0.110750 0.307550
vt 0.115840 0.310320
vt 0.115840 0.307550
f 4771/4751/2960 4772/4752/2960 4773/4753/2961
f 4772/4752/2960 4774/4754/2960 4773/4753/2960
f 4772/4752/2962 4775/4755/2962 4774/4754/2963
f 4775/4755/2962 4776/4756/2964 4774/4754/2962
f 4777/4757/2965 4778/4758/2966 4779/4759/2966
f 4778/4758/2967 4780/4760/2966 4779/4759/2966
f 4781/4761/2968 4782/4762/2968 4777/4757/2968
f 4782/4762/2968 4778/4758/2969 4777/4757/2968
f 4783/4763/2970 4771/4751/2971 4784/4764/2971
f 4771/4751/2972 4773/4753/2971 4784/4764/2972
f 4778/4758/2973 4785/4765/2973 4780/4760/2974
f 4785/4765/2973 4786/4766/2973 4780/4760/2973
f 4779/4759/2975 4787/4767/2976 4777/4757/2975
f 4787/4767/2976 4788/4768/2975 4777/4757/2975
f 4789/4769/2974 4790/4770/2973 4778/4758/2973
f 4790/4770/2973 4785/4765/2973 4778/4758/2973
f 4781/4761/2977 4776/4756/2977 4782/4762/2977
f 4776/4756/2977 4775/4755/2960 4782/4762/2977
f 4777/4757/2978 4788/4768/2975 4791/4771/2975
f 4788/4768/2975 4792/4772/2975 4791/4771/2975
f 4793/4773/2977 4794/4774/2960 4795/4775/2960
f 4794/4774/2960 4796/4776/2960 4795/4775/2960
f 4797/4777/2969 4798/4778/2979 4793/4773/2968
f 4798/4778/2979 4794/4774/2968 4793/4773/2968
f 4799/4779/2966 4800/4780/2967 4801/4781/2967
f 4800/4780/2967 4802/4782/2967 4801/4781/2967
f 4800/4780/2971 4803/4783/2971 4802/4782/2971
f 4803/4783/2971 4804/4784/2970 4802/4782/2971
f 4795/4775/2979 4796/4776/2968 4801/4781/2968
f 4796/4776/2968 4799/4779/2968 4801/4781/2968
f 4805/4785/2974 4806/4786/2974 4807/4787/2973
f 4806/4786/2974 4800/4780/2974 4807/4787/2973
f 4808/4788/2976 4809/4789/2976 4802/4782/2976
f 4809/4789/2976 4810/4790/2978 4802/4782/2976
f 4806/4786/2974 4811/4791/2980 4800/4780/2974
f 4811/4791/2980 4803/4783/2973 4800/4780/2974
f 4798/4778/2977 4797/4777/2977 4812/4792/2977
f 4797/4777/2977 4813/4793/2977 4812/4792/2977
f 4814/4794/2975 4808/4788/2976 4804/4784/2976
f 4808/4788/2976 4802/4782/2976 4804/4784/2976
f 4815/4795/2981 4816/4796/2981 4817/4797/2974
f 4816/4796/2973 4818/4798/2973 4817/4797/2980
f 4819/4799/2982 4820/4800/2963 4821/4801/2970
f 4820/4800/2963 4822/4802/2983 4821/4801/2970
f 4823/4803/2976 4824/4804/2976 4825/4805/2976
f 4824/4804/2976 4826/4806/2976 4825/4805/2976
f 4824/4804/2968 4827/4807/2969 4826/4806/2968
f 4827/4807/2984 4828/4808/2968 4826/4806/2984
f 4817/4797/2985 4818/4798/2986 4825/4805/2985
f 4818/4798/2986 4823/4803/2986 4825/4805/2985
f 4818/4798/2967 4816/4796/2966 4829/4809/2966
f 4816/4796/2966 4830/4810/2967 4829/4809/2966
f 4815/4795/2977 4817/4797/2977 4831/4811/2977
f 4817/4797/2977 4832/4812/2960 4831/4811/2977
f 4816/4796/2966 4833/4813/2967 4830/4810/2967
f 4833/4813/2967 4834/4814/2966 4830/4810/2967
f 4820/4800/2976 4819/4799/2976 4827/4807/2976
f 4819/4799/2976 4828/4808/2975 4827/4807/2976
f 4835/4815/2977 4815/4795/2977 4836/4816/2977
f 4815/4795/2977 4831/4811/2977 4836/4816/2977
f 4837/4817/2976 4838/4818/2976 4839/4819/2976
f 4838/4818/2976 4840/4820/2976 4839/4819/2976
f 4841/4821/2963 4842/4822/2983 4843/4823/2983
f 4842/4822/2983 4844/4824/2982 4843/4823/2983
f 4845/4825/2973 4846/4826/2980 4847/4827/2973
f 4846/4826/2980 4848/4828/2973 4847/4827/2973
f 4849/4829/2987 4850/4830/2984 4845/4825/2984
f 4850/4830/2984 4846/4826/2968 4845/4825/2984
f 4848/4828/2985 4837/4817/2985 4847/4827/2988
f 4837/4817/2979 4839/4819/2984 4847/4827/2986
f 4851/4831/2966 4838/4818/2967 4852/4832/2967
f 4838/4818/2967 4837/4817/2989 4852/4832/2967
f 4853/4833/2977 4839/4819/2977 4854/4834/2977
f 4839/4819/2977 4840/4820/2977 4854/4834/2977
f 4855/4835/2966 4856/4836/2966 4851/4831/2966
f 4856/4836/2966 4838/4818/2966 4851/4831/2966
f 4849/4829/2973 4844/4824/2974 4850/4830/2973
f 4844/4824/2973 4842/4822/2980 4850/4830/2973
f 4854/4834/2977 4840/4820/2977 4857/4837/2977
f 4840/4820/2977 4858/4838/2977 4857/4837/2977
f 4859/4839/2990 4860/4840/2990 4861/4841/2990
f 4860/4840/2990 4862/4842/2990 4861/4841/2990
f 4860/4840/2991 4863/4843/2992 4862/4842/2993
f 4863/4843/2994 4864/4844/2993 4862/4842/2993
f 4865/4845/2995 4866/4846/2995 4867/4847/2996
f 4866/4846/2995 4868/4848/2995 4867/4847/2996
f 4869/4849/2997 4870/4850/2998 4865/4845/2999
f 4870/4850/2999 4866/4846/2997 4865/4845/2999
f 4868/4848/2993 4859/4839/2993 4867/4847/2993
f 4859/4839/2993 4861/4841/3000 4867/4847/2993
f 4866/4846/3001 4871/4851/3002 4872/4852/3001
f 4871/4851/3002 4873/4853/3001 4872/4852/3001
f 4874/4854/3003 4875/4855/3004 4865/4845/3004
f 4875/4855/3004 4876/4856/3004 4865/4845/3004
f 4870/4850/3001 4877/4857/3005 4866/4846/3001
f 4877/4857/3005 4871/4851/3001 4866/4846/3001
f 4878/4858/3006 4864/4844/3006 4879/4859/3006
f 4864/4844/3006 4863/4843/3006 4879/4859/3006
f 4865/4845/3004 4876/4856/3004 4869/4849/3004
f 4876/4856/3007 4880/4860/3004 4869/4849/3004
f 4881/4861/2996 4882/4862/2996 4883/4863/3008
f 4882/4862/2995 4884/4864/2995 4883/4863/3008
f 4882/4862/3009 4885/4865/2993 4884/4864/3009
f 4885/4865/2993 4886/4866/2991 4884/4864/2993
f 4887/4867/2990 4888/4868/2990 4889/4869/2990
f 4888/4868/2990 4890/4870/2990 4889/4869/2990
f 4891/4871/3010 4892/4872/2997 4893/4873/2997
f 4892/4872/3010 4894/4874/2997 4893/4873/3011
f 4890/4870/3000 4881/4861/2993 4889/4869/2993
f 4881/4861/2993 4883/4863/2993 4889/4869/2993
f 4894/4874/3004 4895/4875/3004 4896/4876/3007
f 4895/4875/3004 4897/4877/3004 4896/4876/3007
f 4898/4878/3001 4899/4879/3001 4893/4873/3001
f 4899/4879/3001 4900/4880/3005 4893/4873/3001
f 4892/4872/3004 4901/4881/3004 4894/4874/3004
f 4901/4881/3004 4895/4875/3003 4894/4874/3004
f 4891/4871/2995 4886/4866/2996 4892/4872/2995
f 4886/4866/2995 4885/4865/2995 4892/4872/2995
f 4893/4873/3001 4900/4880/3005 4891/4871/3001
f 4900/4880/3012 4902/4882/3001 4891/4871/3013
f 4903/4883/3007 4904/4884/3004 4905/4885/3004
f 4904/4884/3004 4906/4886/3004 4905/4885/3003
f 4904/4884/3014 4907/4887/3014 4906/4886/3010
f 4907/4887/3014 4908/4888/3010 4906/4886/3010
f 4909/4889/3001 4910/4890/3005 4911/4891/3001
f 4910/4890/3005 4912/4892/3005 4911/4891/3001
f 4913/4893/2993 4914/4894/3000 4909/4889/2993
f 4914/4894/3000 4910/4890/3009 4909/4889/2993
f 4912/4892/2993 4903/4883/3015 4911/4891/2993
f 4903/4883/3016 4905/4885/2993 4911/4891/2993
f 4915/4895/2990 4904/4884/3017 4916/4896/2990
f 4904/4884/3017 4917/4897/2990 4916/4896/2990
f 4918/4898/2996 4919/4899/2996 4920/4900/2996
f 4919/4899/2996 4906/4886/2996 4920/4900/2996
f 4921/4901/3017 4907/4887/3006 4915/4895/3006
f 4907/4887/2990 4904/4884/3017 4915/4895/2990
f 4913/4893/3001 4922/4902/3001 4914/4894/3001
f 4922/4902/3001 4923/4903/3018 4914/4894/3001
f 4920/4900/2996 4906/4886/2995 4924/4904/2995
f 4906/4886/2995 4908/4888/2995 4924/4904/2995
f 4925/4905/3001 4926/4906/3002 4927/4907/3001
f 4926/4906/3002 4928/4908/3001 4927/4907/3001
f 4929/4909/3019 4930/4910/2999 4925/4905/2997
f 4930/4910/2998 4926/4906/3010 4925/4905/2997
f 4931/4911/3007 4932/4912/3004 4933/4913/3020
f 4932/4912/3004 4934/4914/3004 4933/4913/3004
f 4932/4912/2992 4935/4915/2993 4934/4914/3009
f 4935/4915/2993 4936/4916/2993 4934/4914/2993
f 4927/4907/3009 4928/4908/3016 4933/4913/3016
f 4928/4908/3016 4931/4911/2993 4933/4913/3016
f 4937/4917/3006 4926/4906/3006 4938/4918/3006
f 4926/4906/2990 4939/4919/2990 4938/4918/2990
f 4925/4905/2995 4940/4920/2995 4941/4921/2995
f 4940/4920/2995 4942/4922/2995 4941/4921/2995
f 4926/4906/2990 4930/4910/2990 4939/4919/2990
f 4930/4910/2990 4943/4923/2990 4939/4919/2990
f 4944/4924/3003 4945/4925/3004 4935/4915/3021
f 4945/4925/3004 4936/4916/3003 4935/4915/3021
f 4929/4909/2995 4925/4905/2995 4946/4926/2995
f 4925/4905/2995 4941/4921/2995 4946/4926/2995
f 4947/4927/2995 4948/4928/2995 4949/4929/2995
f 4948/4928/2995 4950/4930/2995 4949/4929/2995
f 4951/4931/3022 4952/4932/3022 4948/4928/3022
f 4952/4932/3023 4953/4933/3022 4948/4928/3022
f 4954/4934/3007 4955/4935/3004 4956/4936/3020
f 4955/4935/3004 4947/4927/3007 4956/4936/3004
f 4957/4937/3024 4958/4938/3025 4959/4939/3025
f 4958/4938/3026 4955/4935/3024 4959/4939/3026
f 4960/4940/3027 4961/4941/3028 4951/4931/3029
f 4961/4941/3027 4962/4942/3028 4951/4931/3028
f 4958/4938/3030 4963/4943/3031 4960/4940/3032
f 4963/4943/3031 4964/4944/3030 4960/4940/3032
f 4955/4935/2997 4958/4938/2997 4951/4931/2999
f 4958/4938/2997 4960/4940/3019 4951/4931/2999
f 4948/4928/2999 4947/4927/3019 4951/4931/2999
f 4947/4927/3019 4955/4935/2997 4951/4931/2999
f 4965/4945/2990 4966/4946/2990 4967/4947/3006
f 4966/4946/2990 4968/4948/2990 4967/4947/3006
f 4969/4949/3004 4970/4950/3004 4971/4951/3004
f 4970/4950/3004 4972/4952/3004 4971/4951/3004
f 4973/4953/3005 4974/4954/3002 4975/4955/3005
f 4974/4954/3002 4976/4956/3001 4975/4955/3005
f 4977/4957/3033 4978/4958/3033 4979/4959/3034
f 4978/4958/3033 4980/4960/3033 4979/4959/3034
f 4981/4961/3035 4982/4962/3036 4983/4963/3037
f 4982/4962/3036 4984/4964/3035 4983/4963/3037
f 4985/4965/3038 4986/4966/3039 4987/4967/3040
f 4986/4966/3039 4988/4968/3041 4987/4967/3040
f 4989/4969/2993 4990/4970/2992 4991/4971/3016
f 4990/4970/2992 4992/4972/3009 4991/4971/3016
f 4992/4972/3009 4968/4948/2993 4991/4971/3016
f 4968/4948/2991 4966/4946/2991 4991/4971/3016
f 4949/4929/2993 4950/4930/2992 4967/4947/2993
f 4950/4930/2992 4965/4945/2992 4967/4947/2993
f 4953/4933/2992 4952/4932/2993 4969/4949/2993
f 4952/4932/2993 4970/4950/2991 4969/4949/2993
f 4954/4934/3000 4956/4936/2993 4976/4956/2993
f 4956/4936/2993 4975/4955/2992 4976/4956/2993
f 4957/4937/3016 4959/4939/3016 4980/4960/2993
f 4959/4939/3016 4979/4959/2993 4980/4960/2993
f 4962/4942/3000 4961/4941/3016 4981/4961/3016
f 4961/4941/3016 4982/4962/3000 4981/4961/3016
f 4964/4944/2991 4963/4943/2992 4985/4965/3009
f 4963/4943/2992 4986/4966/3016 4985/4965/3009
f 4993/4973/3042 4994/4974/3043 4995/4975/3042
f 4994/4974/3043 4996/4976/3044 4995/4975/3042
f 4994/4974/3043 4997/4977/3045 4996/4976/3044
f 4997/4977/3045 4998/4978/3044 4996/4976/3044
